timestamp_ns,timestamp_iso,controller,hs,tp,avg_power,power_in,power_out,battery_pct,sea_state_energy,efficiency,peaks,nextwave,nextwave_error,nextwave_error_2
1794182400000000000,2026-11-09T00:00:00Z,free response,0.819,4.429,65.88,107.37,88.29,1.08,1.43,100.0,2,Starting,1125.34,651.34
1794182460000000000,2026-11-09T00:01:00Z,free response,0.831,4.818,158.7,48.67,130.07,1.05,1.62,100.0,3,Starting,1132.89,672.57
1794182520000000000,2026-11-09T00:02:00Z,controller 2,0.865,4.312,98.25,145.89,225.59,1.03,1.45,100.0,1,Starting,1118.77,651.29
1794182580000000000,2026-11-09T00:03:00Z,controller 2,0.831,4.85,29.14,270.8,285.16,1.01,1.56,100.0,1,Starting,1117.76,663.52
1794182640000000000,2026-11-09T00:04:00Z,controller 2,0.891,4.309,100.7,234.72,558.79,1.0,1.76,100.0,3,Starting,1163.17,638.41
1794182700000000000,2026-11-09T00:05:00Z,controller 1,0.838,4.788,160.07,183.32,68.39,0.97,1.64,100.0,1,Starting,1168.49,639.73
1794182760000000000,2026-11-09T00:06:00Z,free response,0.938,4.465,42.19,88.19,57.58,0.95,2.14,100.0,2,Starting,1150.59,637.99
1794182820000000000,2026-11-09T00:07:00Z,free response,0.966,4.883,89.07,47.42,566.31,0.92,2.05,100.0,2,Starting,1137.02,645.27
1794182880000000000,2026-11-09T00:08:00Z,controller 2,0.853,4.44,43.06,166.6,268.77,0.91,1.48,100.0,2,Starting,1184.48,622.71
1794182940000000000,2026-11-09T00:09:00Z,free response,0.884,4.434,33.9,240.35,304.18,0.87,1.79,100.0,1,Starting,1208.46,622.48
1794183000000000000,2026-11-09T00:10:00Z,controller 2,0.932,4.845,100.11,313.55,127.98,0.86,2.13,100.0,1,Starting,1197.01,624.72
1794183060000000000,2026-11-09T00:11:00Z,free response,0.933,4.142,-5.24,69.21,107.86,0.85,1.69,100.0,2,Starting,1232.0,603.88
1794183120000000000,2026-11-09T00:12:00Z,free response,0.809,4.598,82.18,369.78,65.44,0.84,1.54,100.0,3,Starting,1269.58,578.66
1794183180000000000,2026-11-09T00:13:00Z,controller 2,0.934,4.737,103.12,147.45,197.75,0.82,2.27,100.0,1,Starting,1316.14,589.86
1794183240000000000,2026-11-09T00:14:00Z,controller 2,0.91,4.158,29.11,335.67,509.48,0.81,1.77,100.0,3,Starting,746.53,351.58
1794183300000000000,2026-11-09T00:15:00Z,free response,0.853,4.807,0.17,334.19,33.34,0.8,1.86,100.0,3,Starting,780.09,338.24
1794183360000000000,2026-11-09T00:16:00Z,controller 2,0.971,4.362,114.08,56.89,98.1,0.78,2.23,100.0,3,Starting,743.25,317.68
1794183420000000000,2026-11-09T00:17:00Z,controller 1,0.978,4.652,177.22,182.48,79.88,0.75,2.12,100.0,3,Starting,767.36,313.98
1794183480000000000,2026-11-09T00:18:00Z,controller 1,0.805,4.237,100.73,242.09,384.18,0.74,1.33,100.0,3,Starting,731.08,307.85
1794183540000000000,2026-11-09T00:19:00Z,controller 1,0.894,4.707,128.99,131.03,512.39,0.73,1.7,100.0,3,Starting,773.3,279.82
1794183600000000000,2026-11-09T00:20:00Z,free response,0.835,4.797,196.42,194.08,141.16,0.71,1.84,100.0,2,Starting,817.1,258.79
1794183660000000000,2026-11-09T00:21:00Z,controller 2,0.983,4.802,-11.75,190.05,524.09,0.68,2.37,100.0,3,Starting,836.17,231.28
1794183720000000000,2026-11-09T00:22:00Z,controller 1,0.953,4.514,194.11,243.1,43.65,0.67,1.91,100.0,2,Starting,851.26,250.39
1794183780000000000,2026-11-09T00:23:00Z,controller 2,0.886,4.794,102.0,102.73,64.82,0.66,1.99,100.0,2,Starting,519.76,481.36
1794183840000000000,2026-11-09T00:24:00Z,free response,0.842,4.408,43.99,348.7,85.56,0.63,1.71,100.0,3,Starting,540.1,474.42
1794183900000000000,2026-11-09T00:25:00Z,free response,0.832,4.638,169.81,146.88,518.83,0.6,1.72,100.0,1,Starting,564.18,499.41
1794183960000000000,2026-11-09T00:26:00Z,controller 2,0.885,4.481,159.26,61.54,513.43,0.58,1.61,100.0,1,Starting,528.52,495.91
1794184020000000000,2026-11-09T00:27:00Z,controller 1,0.86,4.121,55.44,300.53,275.24,0.56,1.67,100.0,2,Starting,503.88,487.31
1794184080000000000,2026-11-09T00:28:00Z,controller 2,0.984,4.802,112.17,294.42,178.11,0.53,2.21,100.0,1,Starting,457.99,496.69
1794184140000000000,2026-11-09T00:29:00Z,controller 1,0.829,4.536,73.87,247.47,332.86,0.52,1.46,100.0,1,Starting,475.89,490.21
1794184200000000000,2026-11-09T00:30:00Z,free response,0.531,2.768,195.51,178.02,428.83,0.5,0.36,100.0,2,Starting,437.77,508.76
1794184260000000000,2026-11-09T00:31:00Z,controller 2,0.585,2.719,2.08,202.36,402.08,0.48,0.42,100.0,1,Starting,475.51,496.74
1794184320000000000,2026-11-09T00:32:00Z,controller 2,0.532,2.639,128.41,401.14,345.17,0.47,0.38,100.0,3,Starting,506.21,483.06
1794184380000000000,2026-11-09T00:33:00Z,controller 1,0.542,2.847,100.08,61.26,326.08,0.45,0.4,100.0,1,Starting,540.08,453.49
1794184440000000000,2026-11-09T00:34:00Z,controller 1,0.597,2.988,-18.34,318.79,563.52,0.43,0.58,100.0,3,Starting,506.69,470.49
1794184500000000000,2026-11-09T00:35:00Z,controller 1,0.598,3.318,55.34,27.32,439.53,0.39,0.56,100.0,2,Starting,524.8,482.45
1794184560000000000,2026-11-09T00:36:00Z,controller 2,0.568,3.164,-16.16,71.24,486.2,0.36,0.49,100.0,2,Starting,489.63,497.11
1794184620000000000,2026-11-09T00:37:00Z,controller 1,0.515,2.98,127.06,201.09,359.12,0.32,0.38,100.0,1,Starting,518.02,488.98
1794184680000000000,2026-11-09T00:38:00Z,controller 1,0.561,3.177,80.72,306.32,129.76,0.31,0.49,100.0,3,Starting,473.0,486.05
1794184740000000000,2026-11-09T00:39:00Z,controller 2,0.545,2.786,192.64,340.36,141.24,0.29,0.45,100.0,2,Starting,456.08,463.23
1794184800000000000,2026-11-09T00:40:00Z,controller 2,0.567,2.639,41.37,429.42,506.22,0.27,0.44,100.0,1,On,484.57,493.1
1794184860000000000,2026-11-09T00:41:00Z,free response,0.495,3.302,177.73,375.43,356.38,0.27,0.43,100.0,3,On,465.18,498.2
1794184920000000000,2026-11-09T00:42:00Z,controller 2,0.628,2.696,122.28,372.45,358.65,0.25,0.55,100.0,3,On,479.81,490.6
1794184980000000000,2026-11-09T00:43:00Z,free response,0.48,2.85,149.52,264.24,7.33,0.25,0.34,100.0,1,On,492.3,463.22
1794185040000000000,2026-11-09T00:44:00Z,controller 2,0.57,3.153,27.94,247.86,183.76,0.24,0.49,100.0,1,On,537.31,484.23
1794185100000000000,2026-11-09T00:45:00Z,free response,0.591,2.601,164.67,371.19,550.75,0.22,0.42,100.0,1,On,538.26,463.07
1794185160000000000,2026-11-09T00:46:00Z,controller 1,0.591,2.983,185.85,101.96,1.84,0.19,0.48,100.0,3,On,581.15,474.77
1794185220000000000,2026-11-09T00:47:00Z,free response,0.505,3.119,-10.3,29.96,196.62,0.16,0.37,100.0,2,On,1212.67,515.22
1794185280000000000,2026-11-09T00:48:00Z,controller 1,0.58,2.587,29.31,355.16,179.94,0.13,0.46,100.0,3,On,1235.57,526.25
1794185340000000000,2026-11-09T00:49:00Z,free response,0.529,3.218,199.78,62.29,72.79,0.1,0.46,100.0,3,On,1223.81,547.9
1794185400000000000,2026-11-09T00:50:00Z,controller 1,0.56,3.127,10.29,115.74,224.34,0.08,0.53,100.0,2,On,1208.71,557.99
1794185460000000000,2026-11-09T00:51:00Z,controller 1,0.489,2.988,-18.87,193.44,469.12,0.05,0.35,100.0,1,On,1163.82,584.52
1794185520000000000,2026-11-09T00:52:00Z,controller 2,0.51,3.163,106.16,323.94,316.05,0.04,0.39,100.0,2,On,1210.12,613.02
1794185580000000000,2026-11-09T00:53:00Z,controller 2,0.546,2.952,141.33,93.09,363.4,0.02,0.45,100.0,1,On,1251.41,589.08
1794185640000000000,2026-11-09T00:54:00Z,controller 2,0.562,2.867,-8.66,41.85,47.07,0.0,0.48,100.0,1,On,1287.43,591.56
1794185700000000000,2026-11-09T00:55:00Z,controller 1,0.545,2.825,187.74,241.02,340.52,0.0,0.44,100.0,2,On,1249.94,584.31
1794185760000000000,2026-11-09T00:56:00Z,free response,0.599,2.661,198.43,294.31,494.02,0.0,0.48,100.0,2,On,1220.79,592.56
1794185820000000000,2026-11-09T00:57:00Z,controller 2,0.526,3.253,-14.14,343.08,311.8,0.0,0.47,100.0,1,On,1223.22,575.98
1794185880000000000,2026-11-09T00:58:00Z,free response,0.519,2.713,195.37,307.52,142.94,0.0,0.36,100.0,2,On,1176.6,562.14
1794185940000000000,2026-11-09T00:59:00Z,controller 1,0.641,3.171,146.79,141.93,223.7,0.0,0.71,100.0,1,On,1222.67,572.75
1794186000000000000,2026-11-09T01:00:00Z,controller 1,2.774,5.123,35.74,326.7,124.94,0.0,21.67,100.0,1,On,1226.01,599.65
1794186060000000000,2026-11-09T01:01:00Z,controller 1,2.82,5.422,196.05,243.92,293.2,0.0,20.16,100.0,2,On,1239.69,599.74
1794186120000000000,2026-11-09T01:02:00Z,controller 1,2.763,5.09,4.87,395.7,434.67,0.0,17.52,100.0,3,On,1287.71,599.62
1794186180000000000,2026-11-09T01:03:00Z,controller 1,2.821,5.632,-19.94,358.77,28.39,0.0,21.39,100.0,1,On,1306.56,611.85
1794186240000000000,2026-11-09T01:04:00Z,controller 2,2.814,5.367,164.36,301.68,75.56,0.0,23.24,100.0,3,On,1273.2,639.39
1794186300000000000,2026-11-09T01:05:00Z,free response,2.87,5.107,176.78,87.53,82.26,0.0,19.22,100.0,2,On,1245.8,627.66
1794186360000000000,2026-11-09T01:06:00Z,free response,2.801,5.027,155.06,124.85,475.36,0.0,18.12,100.0,1,On,1221.98,616.82
1794186420000000000,2026-11-09T01:07:00Z,free response,2.737,5.589,110.27,431.99,387.74,0.0,21.27,100.0,3,On,1109.8,512.49
1794186480000000000,2026-11-09T01:08:00Z,controller 1,2.813,5.312,89.08,0.18,216.49,0.0,20.46,100.0,2,On,1146.05,485.01
1794186540000000000,2026-11-09T01:09:00Z,controller 1,2.732,5.275,32.12,81.99,74.3,0.0,20.1,100.0,1,On,1117.31,462.38
1794186600000000000,2026-11-09T01:10:00Z,free response,2.84,5.107,140.53,19.05,484.89,0.0,19.52,100.0,2,On,1155.01,487.33
1794186660000000000,2026-11-09T01:11:00Z,controller 2,2.768,5.492,108.28,13.45,213.64,0.0,21.31,100.0,1,On,1204.58,505.15
1794186720000000000,2026-11-09T01:12:00Z,controller 1,2.713,5.3,29.34,82.48,208.33,0.0,19.47,100.0,3,On,1224.25,477.15
1794186780000000000,2026-11-09T01:13:00Z,controller 1,2.717,5.28,-3.08,422.26,440.4,0.0,17.6,100.0,3,On,1225.37,456.04
1794186840000000000,2026-11-09T01:14:00Z,free response,2.788,5.289,53.34,225.08,581.13,0.0,21.07,100.0,2,On,1231.56,479.28
1794186900000000000,2026-11-09T01:15:00Z,controller 1,2.803,5.544,87.03,10.0,445.18,0.0,19.81,100.0,1,On,1259.6,470.21
1794186960000000000,2026-11-09T01:16:00Z,free response,2.854,5.62,97.96,117.55,529.41,0.0,23.49,100.0,2,On,1255.65,452.86
1794187020000000000,2026-11-09T01:17:00Z,controller 2,2.799,5.632,143.69,262.3,341.2,0.0,21.71,100.0,3,On,623.55,636.63
1794187080000000000,2026-11-09T01:18:00Z,free response,2.727,5.523,140.52,311.68,487.94,0.0,21.37,100.0,2,On,638.36,665.91
1794187140000000000,2026-11-09T01:19:00Z,free response,2.754,5.436,68.84,239.76,584.44,0.0,20.21,100.0,3,On,635.03,671.39
1794187200000000000,2026-11-09T01:20:00Z,controller 1,2.746,5.575,93.87,338.17,14.6,0.0,23.03,63.4,3,On,668.65,674.75
1794187260000000000,2026-11-09T01:21:00Z,free response,2.839,5.492,25.42,132.58,119.42,0.0,23.52,100.0,2,On,667.52,668.65
1794187320000000000,2026-11-09T01:22:00Z,controller 2,2.866,5.117,91.67,354.49,182.47,0.0,20.21,100.0,3,On,653.52,678.24
1794187380000000000,2026-11-09T01:23:00Z,controller 2,2.723,5.61,142.17,59.98,575.13,0.0,21.91,100.0,3,On,1232.19,744.02
1794187440000000000,2026-11-09T01:24:00Z,free response,2.797,5.507,14.86,347.1,166.5,0.0,23.38,100.0,1,On,1205.49,740.4
1794187500000000000,2026-11-09T01:25:00Z,controller 1,2.863,5.052,127.8,334.62,312.89,0.0,21.09,100.0,3,On,1414.23,589.32
1794187560000000000,2026-11-09T01:26:00Z,controller 2,2.791,5.155,127.95,111.06,585.77,0.0,21.63,100.0,1,On,1446.79,592.93
1794187620000000000,2026-11-09T01:27:00Z,controller 1,2.781,5.615,164.84,395.87,568.69,0.0,22.51,100.0,3,On,1402.74,621.61
1794187680000000000,2026-11-09T01:28:00Z,controller 1,2.847,5.524,55.79,321.97,196.95,0.0,23.59,100.0,1,On,1378.92,618.49
1794187740000000000,2026-11-09T01:29:00Z,controller 2,2.8,4.986,120.81,183.77,565.28,0.0,18.84,100.0,3,On,1382.01,595.21
1794187800000000000,2026-11-09T01:30:00Z,controller 2,2.248,11.026,31.32,69.98,169.65,0.0,28.35,100.0,1,On,1405.31,569.69
1794187860000000000,2026-11-09T01:31:00Z,controller 1,2.244,10.471,29.47,323.76,164.68,0.0,26.34,100.0,1,On,1393.5,564.33
1794187920000000000,2026-11-09T01:32:00Z,controller 1,2.158,10.766,198.7,310.87,427.05,0.0,24.64,100.0,2,On,1380.36,583.56
1794187980000000000,2026-11-09T01:33:00Z,controller 2,2.19,10.93,-10.87,352.56,130.82,0.0,26.14,100.0,1,On,1411.49,564.67
1794188040000000000,2026-11-09T01:34:00Z,controller 2,2.16,10.819,-12.02,363.82,359.36,0.0,25.25,100.0,3,On,1376.81,554.66
1794188100000000000,2026-11-09T01:35:00Z,controller 1,2.107,10.919,14.81,100.58,472.19,0.0,25.63,100.0,2,On,1342.82,574.46
1794188160000000000,2026-11-09T01:36:00Z,controller 2,2.163,11.003,138.32,17.79,51.63,0.0,27.8,100.0,2,On,1372.32,544.89
1794188220000000000,2026-11-09T01:37:00Z,controller 2,2.14,10.453,107.89,11.51,238.82,0.0,22.77,100.0,1,On,1386.22,554.16
1794188280000000000,2026-11-09T01:38:00Z,controller 1,2.163,10.885,173.94,89.67,150.9,0.0,25.68,100.0,3,On,1402.08,556.24
1794188340000000000,2026-11-09T01:39:00Z,controller 2,2.087,10.583,45.57,431.85,52.63,0.0,21.03,100.0,1,On,1392.2,560.3
1794188400000000000,2026-11-09T01:40:00Z,free response,2.088,11.045,72.16,320.1,154.87,0.0,24.0,100.0,3,On,1397.54,560.44
1794188460000000000,2026-11-09T01:41:00Z,controller 2,2.244,10.719,146.45,201.81,320.88,0.0,26.0,100.0,3,On,1446.35,584.2
1794188520000000000,2026-11-09T01:42:00Z,free response,2.18,11.144,27.31,102.3,596.98,0.0,27.45,100.0,1,On,1451.73,566.27
1794188580000000000,2026-11-09T01:43:00Z,controller 1,2.239,10.64,84.72,192.12,401.48,0.0,28.59,100.0,1,On,1459.99,584.86
1794188640000000000,2026-11-09T01:44:00Z,controller 2,2.094,10.841,26.14,68.22,130.2,0.0,25.22,100.0,2,On,1461.88,589.86
1794188700000000000,2026-11-09T01:45:00Z,controller 2,2.148,10.886,152.76,359.57,119.41,0.0,22.96,100.0,3,On,1478.74,563.61
1794188760000000000,2026-11-09T01:46:00Z,controller 2,2.198,10.638,189.6,18.53,578.95,0.0,27.75,100.0,1,On,1458.61,589.85
1794188820000000000,2026-11-09T01:47:00Z,free response,2.117,10.923,182.16,219.48,45.53,0.0,22.91,100.0,1,On,1488.84,587.03
1794188880000000000,2026-11-09T01:48:00Z,free response,2.243,10.826,163.66,40.89,313.77,0.0,29.24,100.0,2,On,1500.0,579.18
1794188940000000000,2026-11-09T01:49:00Z,controller 2,2.154,10.49,-22.08,320.33,349.08,0.0,22.85,100.0,1,On,1493.35,566.39
1794189000000000000,2026-11-09T01:50:00Z,free response,2.253,11.137,5.93,227.82,362.51,0.0,29.42,100.0,3,On,1496.72,592.48
1794189060000000000,2026-11-09T01:51:00Z,controller 2,2.24,10.636,183.24,256.81,531.29,0.0,28.53,100.0,3,On,1500.0,582.11
1794189120000000000,2026-11-09T01:52:00Z,free response,2.2,11.105,118.42,318.23,315.08,0.0,25.32,100.0,2,On,1473.25,590.11
1794189180000000000,2026-11-09T01:53:00Z,free response,2.212,10.701,151.89,233.21,504.85,0.0,27.28,100.0,2,On,1479.94,595.16
1794189240000000000,2026-11-09T01:54:00Z,free response,2.206,11.012,-19.76,401.93,250.64,0.0,26.68,100.0,2,On,1460.18,569.21
1794189300000000000,2026-11-09T01:55:00Z,free response,2.213,10.873,96.86,167.63,88.65,0.0,28.14,100.0,2,On,1426.69,575.43
1794189360000000000,2026-11-09T01:56:00Z,controller 2,2.149,10.455,53.57,171.28,575.88,0.0,24.19,100.0,2,On,1410.84,592.66
1794189420000000000,2026-11-09T01:57:00Z,controller 1,2.21,10.952,-10.23,104.16,189.09,0.0,24.34,100.0,1,On,1448.48,589.58
1794189480000000000,2026-11-09T01:58:00Z,controller 1,2.194,10.483,95.86,434.67,599.28,0.0,23.78,100.0,2,On,1421.79,584.56
1794189540000000000,2026-11-09T01:59:00Z,free response,2.219,11.067,103.63,5.51,340.48,0.0,25.46,100.0,3,On,578.75,822.62
1794189600000000000,2026-11-09T02:00:00Z,free response,1.807,10.968,161.74,171.76,91.74,0.0,17.25,100.0,2,On,598.17,822.98
1794189660000000000,2026-11-09T02:01:00Z,controller 1,1.775,11.257,117.04,44.09,393.78,0.0,18.68,100.0,2,On,631.66,794.02
1794189720000000000,2026-11-09T02:02:00Z,controller 1,1.82,10.999,146.6,346.02,396.46,0.0,16.56,100.0,2,On,602.72,817.27
1794189780000000000,2026-11-09T02:03:00Z,controller 2,1.803,10.825,-16.05,242.51,365.54,0.0,17.57,100.0,3,On,626.47,800.09
1794189840000000000,2026-11-09T02:04:00Z,controller 1,1.684,10.84,-13.88,264.36,390.11,0.0,16.32,100.0,1,On,620.67,778.95
1794189900000000000,2026-11-09T02:05:00Z,free response,1.699,11.001,170.2,300.75,497.25,0.0,14.37,100.0,3,On,613.07,784.29
1794189960000000000,2026-11-09T02:06:00Z,free response,1.679,11.018,-26.88,94.79,15.98,0.0,15.84,100.0,3,On,567.77,779.91
1794190020000000000,2026-11-09T02:07:00Z,controller 2,1.731,11.108,66.25,68.48,268.92,0.0,15.47,100.0,2,On,586.98,797.43
1794190080000000000,2026-11-09T02:08:00Z,free response,1.851,10.58,101.95,99.65,354.63,0.0,17.74,100.0,3,On,634.68,769.65
1794190140000000000,2026-11-09T02:09:00Z,controller 1,1.84,10.818,110.31,159.29,80.47,0.0,18.14,100.0,1,On,603.48,774.03
1794190200000000000,2026-11-09T02:10:00Z,free response,1.721,10.678,176.47,398.33,236.15,0.0,15.73,100.0,1,On,562.23,789.4
1794190260000000000,2026-11-09T02:11:00Z,free response,1.69,10.606,168.3,312.31,452.78,0.0,15.58,100.0,2,On,597.35,763.22
1794190320000000000,2026-11-09T02:12:00Z,free response,1.704,11.107,134.68,288.48,568.06,0.0,16.58,100.0,2,Starting,624.79,758.76
1794190380000000000,2026-11-09T02:13:00Z,controller 2,1.742,11.057,87.84,352.05,404.81,0.0,17.83,100.0,3,Starting,650.78,783.53
1794190440000000000,2026-11-09T02:14:00Z,free response,1.748,10.839,4.16,290.34,351.2,0.0,15.87,100.0,1,Starting,604.88,792.2
1794190500000000000,2026-11-09T02:15:00Z,controller 2,1.725,10.596,186.03,95.23,576.53,0.0,16.34,100.0,1,Starting,610.73,762.22
1794190560000000000,2026-11-09T02:16:00Z,free response,1.736,11.2,110.31,402.65,115.36,0.0,15.97,100.0,2,Starting,597.15,783.24
1794190620000000000,2026-11-09T02:17:00Z,controller 2,1.808,11.022,9.23,288.17,27.59,0.0,18.4,100.0,3,Starting,614.89,792.63
1794190680000000000,2026-11-09T02:18:00Z,controller 2,1.744,10.887,199.47,127.77,55.48,0.0,16.55,100.0,1,Starting,619.89,794.41
1794190740000000000,2026-11-09T02:19:00Z,controller 1,1.751,10.982,180.21,366.09,49.85,0.0,15.39,100.0,3,Starting,663.44,766.14
1794190800000000000,2026-11-09T02:20:00Z,controller 1,1.723,10.746,-18.61,170.96,597.22,0.0,16.62,100.0,3,Starting,649.28,739.05
1794190860000000000,2026-11-09T02:21:00Z,controller 2,1.799,11.068,165.33,443.18,575.39,0.0,16.29,100.0,3,Starting,675.66,713.19
1794190920000000000,2026-11-09T02:22:00Z,controller 2,1.723,10.829,144.01,441.08,225.16,0.0,14.92,100.0,1,Starting,693.33,732.18
1794190980000000000,2026-11-09T02:23:00Z,controller 1,1.682,10.977,28.28,351.28,30.37,0.0,14.04,100.0,2,Starting,716.44,752.13
1794191040000000000,2026-11-09T02:24:00Z,free response,1.734,10.839,-11.41,248.41,20.01,0.0,17.47,100.0,2,Starting,730.63,732.46
1794191100000000000,2026-11-09T02:25:00Z,free response,1.817,10.781,-12.32,125.71,266.25,0.0,16.3,100.0,3,Starting,716.7,721.2
1794191160000000000,2026-11-09T02:26:00Z,controller 1,1.824,10.814,72.8,108.1,76.29,0.0,17.73,100.0,1,Starting,747.23,722.36
1794191220000000000,2026-11-09T02:27:00Z,controller 2,1.726,11.124,47.46,61.47,193.9,0.0,16.31,100.0,2,Starting,731.65,716.07
1794191280000000000,2026-11-09T02:28:00Z,controller 1,1.784,10.99,-29.11,200.52,305.65,0.0,17.71,100.0,2,Starting,697.94,688.6
1794191340000000000,2026-11-09T02:29:00Z,controller 2,1.722,10.869,32.05,325.26,429.98,0.0,16.32,100.0,2,Starting,688.61,712.01
1794191400000000000,2026-11-09T02:30:00Z,free response,1.925,12.48,66.23,427.51,392.43,0.0,22.7,100.0,2,Starting,707.37,707.55
1794191460000000000,2026-11-09T02:31:00Z,controller 1,1.982,12.76,169.93,54.71,440.35,0.0,24.61,100.0,2,Starting,1114.94,941.87
1794191520000000000,2026-11-09T02:32:00Z,free response,1.984,12.687,33.4,393.37,508.12,0.0,24.94,100.0,2,Starting,1099.8,955.16
1794191580000000000,2026-11-09T02:33:00Z,free response,1.921,12.731,191.77,262.0,346.49,0.0,25.76,100.0,1,Starting,1148.76,963.76
1794191640000000000,2026-11-09T02:34:00Z,free response,1.946,12.386,149.9,7.26,93.88,0.0,24.47,100.0,2,Starting,1148.62,959.69
1794191700000000000,2026-11-09T02:35:00Z,controller 1,1.955,13.08,16.67,181.61,69.71,0.0,22.75,100.0,2,Starting,1360.1,529.4
1794191760000000000,2026-11-09T02:36:00Z,free response,2.013,12.719,165.07,59.38,141.91,0.0,27.2,100.0,2,Starting,1359.62,537.05
1794191820000000000,2026-11-09T02:37:00Z,free response,1.896,12.431,134.32,69.25,433.55,0.0,20.4,100.0,2,Starting,1383.4,541.87
1794191880000000000,2026-11-09T02:38:00Z,free response,2.026,13.0,39.54,60.83,336.67,0.0,29.35,100.0,1,Starting,1353.93,536.73
1794191940000000000,2026-11-09T02:39:00Z,free response,1.936,12.847,34.21,92.33,256.35,0.0,24.82,100.0,3,Starting,1394.81,530.79
1794192000000000000,2026-11-09T02:40:00Z,free response,1.925,12.933,7.66,270.77,236.33,0.0,23.97,100.0,2,Starting,1390.29,559.52
1794192060000000000,2026-11-09T02:41:00Z,free response,2.023,12.458,-19.66,383.15,265.16,0.0,23.94,100.0,3,Starting,1406.64,562.02
1794192120000000000,2026-11-09T02:42:00Z,controller 2,2.012,12.773,-27.32,407.91,481.16,0.0,23.87,100.0,1,Starting,1385.39,579.19
1794192180000000000,2026-11-09T02:43:00Z,free response,2.007,12.932,135.61,250.23,19.49,0.0,24.68,78.97,1,Starting,1357.73,551.8
1794192240000000000,2026-11-09T02:44:00Z,free response,1.86,13.159,56.28,42.99,547.8,0.0,24.0,100.0,1,Starting,1312.91,549.52
1794192300000000000,2026-11-09T02:45:00Z,controller 2,1.935,12.947,49.81,98.33,394.95,0.0,22.1,100.0,2,Starting,1298.81,521.6
1794192360000000000,2026-11-09T02:46:00Z,free response,1.879,12.919,64.11,380.12,125.76,0.0,25.03,100.0,1,Starting,1251.48,509.91
1794192420000000000,2026-11-09T02:47:00Z,free response,1.942,12.598,154.32,424.76,140.76,0.0,22.05,100.0,2,Starting,1219.43,533.86
1794192480000000000,2026-11-09T02:48:00Z,controller 2,1.863,12.958,-0.45,182.1,596.82,0.0,20.86,100.0,1,Starting,1267.53,550.43
1794192540000000000,2026-11-09T02:49:00Z,controller 1,2.002,12.42,73.91,434.75,142.53,0.0,27.25,100.0,1,Starting,1310.97,574.91
1794192600000000000,2026-11-09T02:50:00Z,controller 2,1.951,12.79,-0.15,200.67,181.38,0.0,23.85,100.0,1,Starting,1326.71,594.67
1794192660000000000,2026-11-09T02:51:00Z,free response,1.877,13.015,107.45,61.83,523.68,0.0,25.06,100.0,2,Starting,1319.69,615.37
1794192720000000000,2026-11-09T02:52:00Z,free response,1.943,12.828,183.14,255.31,532.1,0.0,23.34,100.0,3,Starting,1291.45,619.01
1794192780000000000,2026-11-09T02:53:00Z,controller 2,1.982,12.766,156.31,346.84,590.28,0.0,23.03,100.0,1,Starting,1288.51,620.38
1794192840000000000,2026-11-09T02:54:00Z,controller 2,1.911,12.887,171.52,307.1,2.35,0.0,22.91,10.26,2,Starting,1302.04,640.77
1794192900000000000,2026-11-09T02:55:00Z,controller 2,1.919,12.809,185.75,279.72,492.17,0.0,23.7,100.0,1,Starting,1279.19,645.15
1794192960000000000,2026-11-09T02:56:00Z,controller 2,1.935,12.473,131.6,5.83,512.83,0.0,25.04,100.0,1,Starting,1316.65,625.36
1794193020000000000,2026-11-09T02:57:00Z,free response,1.945,12.95,-14.34,333.31,131.51,0.0,22.93,100.0,3,Starting,1362.44,643.0
1794193080000000000,2026-11-09T02:58:00Z,controller 1,1.998,12.936,143.85,394.18,142.45,0.0,24.19,100.0,2,Starting,1330.88,670.45
1794193140000000000,2026-11-09T02:59:00Z,controller 1,1.921,13.083,139.75,234.76,238.27,0.0,22.86,100.0,3,Starting,1285.97,661.25
1794193200000000000,2026-11-09T03:00:00Z,controller 1,2.793,3.06,171.58,292.28,329.69,0.0,10.84,100.0,1,Starting,1249.42,657.74
1794193260000000000,2026-11-09T03:01:00Z,controller 1,2.787,2.62,80.27,340.97,471.83,0.0,9.48,100.0,1,Starting,1270.05,637.19
1794193320000000000,2026-11-09T03:02:00Z,free response,2.878,3.079,179.69,173.02,133.3,0.0,13.46,100.0,3,Starting,1291.47,649.28
1794193380000000000,2026-11-09T03:03:00Z,controller 2,2.832,3.025,18.99,255.03,269.81,0.0,12.74,100.0,3,Starting,1320.21,621.34
1794193440000000000,2026-11-09T03:04:00Z,free response,2.898,2.999,17.47,294.26,70.54,0.0,13.0,100.0,2,Starting,1292.82,625.74
1794193500000000000,2026-11-09T03:05:00Z,free response,2.795,2.711,42.43,35.04,578.98,0.0,10.36,100.0,1,Starting,1342.65,634.86
1794193560000000000,2026-11-09T03:06:00Z,free response,2.809,3.257,3.0,169.3,254.54,0.0,12.34,100.0,3,Starting,1389.31,643.09
1794193620000000000,2026-11-09T03:07:00Z,free response,2.754,2.674,174.02,227.03,363.09,0.0,9.93,100.0,3,Starting,1436.63,654.86
1794193680000000000,2026-11-09T03:08:00Z,controller 2,2.793,2.869,-28.92,127.48,589.4,0.0,11.45,100.0,3,Starting,1412.77,678.12
1794193740000000000,2026-11-09T03:09:00Z,free response,2.897,2.772,179.23,15.4,166.52,0.0,11.49,100.0,3,Starting,1389.75,697.51
1794193800000000000,2026-11-09T03:10:00Z,controller 1,2.791,3.277,-16.27,258.33,223.56,0.0,11.68,100.0,1,Starting,1368.85,692.0
1794193860000000000,2026-11-09T03:11:00Z,free response,2.871,2.884,140.58,187.5,459.46,0.0,11.21,100.0,2,On,1361.71,692.79
1794193920000000000,2026-11-09T03:12:00Z,controller 2,2.756,2.821,92.15,444.55,565.13,0.0,9.93,100.0,1,On,1409.19,691.87
1794193980000000000,2026-11-09T03:13:00Z,controller 1,2.889,2.765,128.9,211.88,23.58,0.0,12.52,100.0,3,On,1385.22,666.85
1794194040000000000,2026-11-09T03:14:00Z,controller 2,2.829,2.855,144.73,432.32,412.49,0.0,12.36,100.0,1,On,1381.03,645.95
1794194100000000000,2026-11-09T03:15:00Z,controller 2,2.877,2.97,146.6,6.18,505.13,0.0,12.66,100.0,1,On,520.67,482.05
1794194160000000000,2026-11-09T03:16:00Z,free response,2.802,2.694,74.54,45.9,554.83,0.0,11.33,100.0,3,On,514.65,511.06
1794194220000000000,2026-11-09T03:17:00Z,controller 2,2.845,3.29,161.23,53.05,563.53,0.0,14.63,100.0,1,On,1060.98,592.09
1794194280000000000,2026-11-09T03:18:00Z,free response,2.87,2.589,76.98,120.54,204.73,0.0,11.49,100.0,3,On,1097.87,621.21
1794194340000000000,2026-11-09T03:19:00Z,controller 1,2.858,2.928,101.68,362.8,568.13,0.0,12.24,100.0,3,On,1114.24,608.61
1794194400000000000,2026-11-09T03:20:00Z,free response,2.758,2.697,44.25,330.22,323.72,0.0,9.56,100.0,3,On,1160.83,612.29
1794194460000000000,2026-11-09T03:21:00Z,controller 1,2.816,3.241,82.2,106.26,481.5,0.0,12.22,100.0,1,On,1208.14,594.33
1794194520000000000,2026-11-09T03:22:00Z,free response,2.787,3.065,155.23,136.2,124.53,0.0,12.86,100.0,3,On,1168.13,605.5
1794194580000000000,2026-11-09T03:23:00Z,controller 2,2.737,3.31,149.74,78.93,292.24,0.0,11.81,100.0,2,On,1208.78,619.06
1794194640000000000,2026-11-09T03:24:00Z,free response,2.727,2.63,146.82,110.1,417.2,0.0,9.84,100.0,1,On,1255.35,648.15
1794194700000000000,2026-11-09T03:25:00Z,free response,2.802,3.303,132.38,241.34,503.18,0.0,12.8,100.0,1,On,1274.78,630.75
1794194760000000000,2026-11-09T03:26:00Z,free response,2.896,2.959,80.91,328.71,460.5,0.0,12.2,100.0,1,On,1299.74,631.98
1794194820000000000,2026-11-09T03:27:00Z,controller 1,2.892,3.259,88.88,434.26,466.04,0.0,13.97,100.0,2,On,1333.55,643.84
1794194880000000000,2026-11-09T03:28:00Z,free response,2.807,2.765,54.32,177.57,287.75,0.0,10.52,100.0,3,On,1289.78,643.73
1794194940000000000,2026-11-09T03:29:00Z,free response,2.805,3.08,-9.0,377.47,175.02,0.0,13.05,100.0,2,On,1284.61,631.24
1794195000000000000,2026-11-09T03:30:00Z,controller 1,1.678,11.807,12.43,206.54,122.58,0.0,16.94,100.0,3,On,1324.22,622.82
1794195060000000000,2026-11-09T03:31:00Z,controller 2,1.572,12.309,193.9,376.69,580.47,0.0,14.11,100.0,3,On,1360.52,605.24
1794195120000000000,2026-11-09T03:32:00Z,controller 1,1.651,12.131,19.12,341.83,40.9,0.0,16.43,100.0,2,On,1366.49,613.06
1794195180000000000,2026-11-09T03:33:00Z,controller 2,1.541,11.943,87.55,38.15,588.49,0.0,14.95,100.0,2,On,1390.25,585.7
1794195240000000000,2026-11-09T03:34:00Z,free response,1.692,11.961,158.14,98.49,149.5,0.0,15.79,100.0,3,On,1434.76,599.25
1794195300000000000,2026-11-09T03:35:00Z,controller 1,1.693,12.08,96.13,170.92,572.64,0.0,17.31,100.0,2,On,1482.68,581.08
1794195360000000000,2026-11-09T03:36:00Z,controller 2,1.69,12.088,194.24,110.75,495.68,0.0,16.17,100.0,2,On,1476.59,559.26
1794195420000000000,2026-11-09T03:37:00Z,free response,1.638,12.259,88.68,262.46,314.77,0.0,15.15,100.0,2,On,1457.81,576.85
1794195480000000000,2026-11-09T03:38:00Z,controller 2,1.567,11.847,188.36,209.5,223.99,0.0,13.42,100.0,1,On,1432.89,553.93
1794195540000000000,2026-11-09T03:39:00Z,controller 1,1.657,12.015,189.98,5.19,109.65,0.0,16.28,100.0,2,On,1447.26,527.98
1794195600000000000,2026-11-09T03:40:00Z,free response,1.595,11.987,7.3,13.67,514.92,0.0,15.24,100.0,3,On,1430.29,536.45
1794195660000000000,2026-11-09T03:41:00Z,controller 1,1.688,12.061,188.47,116.43,525.46,0.0,17.27,100.0,1,On,1435.43,525.82
1794195720000000000,2026-11-09T03:42:00Z,controller 2,1.698,12.262,64.03,134.25,477.07,0.0,17.76,100.0,2,On,1460.28,517.43
1794195780000000000,2026-11-09T03:43:00Z,free response,1.696,12.082,38.46,261.47,114.96,0.0,18.56,100.0,3,On,1434.19,492.98
1794195840000000000,2026-11-09T03:44:00Z,free response,1.655,12.151,125.92,67.66,440.24,0.0,15.47,100.0,3,On,1432.27,516.99
1794195900000000000,2026-11-09T03:45:00Z,controller 1,1.631,12.202,12.31,351.65,365.34,0.0,17.05,100.0,2,On,1453.28,504.01
1794195960000000000,2026-11-09T03:46:00Z,controller 2,1.68,11.653,56.26,297.01,445.88,0.0,15.96,100.0,3,On,1469.83,531.81
1794196020000000000,2026-11-09T03:47:00Z,controller 1,1.57,11.775,27.96,135.38,451.88,0.0,14.08,100.0,2,On,1456.44,523.45
1794196080000000000,2026-11-09T03:48:00Z,controller 2,1.557,12.303,162.73,313.26,508.29,0.0,15.08,100.0,1,On,1411.58,516.05
1794196140000000000,2026-11-09T03:49:00Z,controller 1,1.69,12.031,-4.51,372.44,397.35,0.0,18.01,100.0,2,On,1454.52,518.88
1794196200000000000,2026-11-09T03:50:00Z,controller 2,1.617,11.692,-10.54,133.42,490.43,0.0,14.82,100.0,2,On,1422.05,497.04
1794196260000000000,2026-11-09T03:51:00Z,controller 1,1.539,11.755,42.31,182.43,211.36,0.0,14.7,100.0,1,On,1419.01,496.91
1794196320000000000,2026-11-09T03:52:00Z,controller 1,1.67,12.087,104.18,380.56,207.83,0.0,16.53,100.0,2,On,1415.48,486.92
1794196380000000000,2026-11-09T03:53:00Z,free response,1.623,12.287,-6.15,167.44,465.18,0.0,16.83,100.0,2,On,1367.01,480.92
1794196440000000000,2026-11-09T03:54:00Z,controller 2,1.55,11.95,117.76,368.8,242.73,0.0,14.85,100.0,2,On,1333.87,505.91
1794196500000000000,2026-11-09T03:55:00Z,free response,1.69,12.251,69.18,286.89,87.22,0.0,19.2,100.0,3,On,1364.26,497.12
1794196560000000000,2026-11-09T03:56:00Z,controller 1,1.589,11.892,58.82,232.55,572.54,0.0,15.77,100.0,1,On,1347.57,489.27
1794196620000000000,2026-11-09T03:57:00Z,free response,1.539,11.804,64.19,251.27,547.6,0.0,14.0,100.0,3,On,1355.1,511.32
1794196680000000000,2026-11-09T03:58:00Z,controller 1,1.607,12.265,3.79,73.6,103.59,0.0,16.74,100.0,3,On,651.67,816.33
1794196740000000000,2026-11-09T03:59:00Z,free response,1.528,11.763,141.19,284.35,337.13,0.0,12.83,100.0,2,On,665.27,825.14
1794196800000000000,2026-11-09T04:00:00Z,free response,0.759,8.073,143.8,443.64,258.96,0.0,2.26,100.0,3,On,712.48,831.71
1794196860000000000,2026-11-09T04:01:00Z,free response,0.81,8.164,59.59,89.81,474.05,0.0,2.78,100.0,2,On,737.72,855.63
1794196920000000000,2026-11-09T04:02:00Z,controller 2,0.713,8.121,154.29,329.95,251.14,0.0,2.03,100.0,2,On,718.89,844.8
1794196980000000000,2026-11-09T04:03:00Z,free response,0.749,7.664,125.31,311.45,307.86,0.0,2.04,100.0,1,On,768.31,867.11
1794197040000000000,2026-11-09T04:04:00Z,free response,0.845,7.85,56.36,111.03,471.69,0.0,2.93,100.0,3,On,808.19,844.61
1794197100000000000,2026-11-09T04:05:00Z,controller 2,0.794,7.998,89.29,176.81,93.63,0.0,2.68,100.0,2,On,792.3,818.47
1794197160000000000,2026-11-09T04:06:00Z,free response,0.725,7.893,109.33,390.64,178.49,0.0,2.16,100.0,3,On,749.77,842.39
1794197220000000000,2026-11-09T04:07:00Z,free response,0.785,7.865,153.92,299.89,189.28,0.0,2.6,100.0,1,On,728.05,846.93
1794197280000000000,2026-11-09T04:08:00Z,controller 1,0.81,7.907,-22.15,75.9,485.66,0.0,2.45,100.0,2,On,697.49,857.76
1794197340000000000,2026-11-09T04:09:00Z,free response,0.775,7.899,77.85,142.29,569.38,0.0,2.26,100.0,2,On,664.85,881.61
1794197400000000000,2026-11-09T04:10:00Z,controller 2,0.77,7.984,137.06,387.52,164.56,0.0,2.34,100.0,1,On,638.87,900.16
1794197460000000000,2026-11-09T04:11:00Z,controller 1,0.86,7.983,-9.56,63.16,542.21,0.0,2.66,100.0,1,On,606.44,923.86
1794197520000000000,2026-11-09T04:12:00Z,controller 2,0.742,7.963,48.17,263.78,461.94,0.0,2.2,100.0,2,On,630.15,935.07
1794197580000000000,2026-11-09T04:13:00Z,controller 1,0.689,8.122,82.33,440.64,319.51,0.0,1.8,100.0,3,On,659.62,928.86
1794197640000000000,2026-11-09T04:14:00Z,controller 1,0.797,7.407,90.92,361.19,28.55,0.0,2.19,100.0,3,On,647.48,943.2
1794197700000000000,2026-11-09T04:15:00Z,controller 2,0.815,7.611,59.93,418.95,45.04,0.0,2.66,100.0,2,On,632.19,940.89
1794197760000000000,2026-11-09T04:16:00Z,controller 1,0.721,7.924,40.22,297.88,94.42,0.0,1.93,100.0,2,On,641.51,968.58
1794197820000000000,2026-11-09T04:17:00Z,free response,0.786,7.891,80.55,406.45,409.45,0.0,2.21,100.0,1,On,672.25,965.44
1794197880000000000,2026-11-09T04:18:00Z,controller 1,0.863,8.001,77.96,340.13,363.47,0.0,3.22,100.0,2,On,711.39,951.71
1794197940000000000,2026-11-09T04:19:00Z,free response,0.739,7.586,47.64,239.5,84.33,0.0,2.03,100.0,1,On,673.64,932.79
1794198000000000000,2026-11-09T04:20:00Z,controller 1,0.825,7.779,127.87,236.22,481.09,0.0,2.78,100.0,2,On,629.9,950.51
1794198060000000000,2026-11-09T04:21:00Z,controller 1,0.818,7.792,101.07,362.64,427.64,0.0,2.53,100.0,1,On,633.3,954.16
1794198120000000000,2026-11-09T04:22:00Z,controller 1,0.749,7.406,138.73,321.48,550.59,0.0,2.01,100.0,2,On,590.35,942.77
1794198180000000000,2026-11-09T04:23:00Z,controller 1,0.864,7.461,170.31,267.86,18.28,0.0,2.91,100.0,1,On,582.56,916.95
1794198240000000000,2026-11-09T04:24:00Z,controller 2,0.799,8.128,-19.18,198.35,318.38,0.0,2.62,100.0,3,On,535.27,919.44
1794198300000000000,2026-11-09T04:25:00Z,controller 1,0.714,7.981,29.75,67.67,69.63,0.0,2.12,100.0,2,On,503.35,935.47
1794198360000000000,2026-11-09T04:26:00Z,controller 2,0.802,7.402,105.88,448.2,334.5,0.0,2.45,100.0,1,On,455.93,961.62
1794198420000000000,2026-11-09T04:27:00Z,free response,0.844,7.927,170.62,228.85,179.62,0.0,2.94,100.0,1,On,456.01,941.0
1794198480000000000,2026-11-09T04:28:00Z,controller 1,0.779,7.523,-28.72,296.84,516.02,0.0,2.36,100.0,2,On,433.69,914.23
1794198540000000000,2026-11-09T04:29:00Z,controller 2,0.765,7.875,61.63,177.75,402.1,0.0,2.14,100.0,2,On,426.62,899.75
1794198600000000000,2026-11-09T04:30:00Z,controller 1,0.483,1.593,121.28,429.69,178.58,0.0,0.17,100.0,2,On,433.88,906.6
1794198660000000000,2026-11-09T04:31:00Z,controller 1,0.331,1.186,96.11,57.28,588.03,0.0,0.06,100.0,3,On,555.48,482.55
1794198720000000000,2026-11-09T04:32:00Z,controller 2,0.452,1.743,63.73,109.31,375.22,0.0,0.18,100.0,3,On,577.64,501.52
1794198780000000000,2026-11-09T04:33:00Z,free response,0.346,1.451,106.92,259.17,482.0,0.0,0.09,100.0,1,On,610.73,522.8
1794198840000000000,2026-11-09T04:34:00Z,free response,0.416,1.166,-25.14,67.5,285.74,0.0,0.1,100.0,3,On,660.59,547.93
1794198900000000000,2026-11-09T04:35:00Z,controller 2,0.406,1.136,-7.65,9.3,27.16,0.0,0.09,100.0,1,On,647.75,522.96
1794198960000000000,2026-11-09T04:36:00Z,free response,0.389,1.221,196.7,344.68,160.72,0.0,0.1,100.0,1,On,641.75,509.66
1794199020000000000,2026-11-09T04:37:00Z,controller 1,0.43,1.87,133.57,370.54,196.7,0.0,0.16,100.0,1,Off,679.81,516.41
1794199080000000000,2026-11-09T04:38:00Z,controller 2,0.405,1.641,90.42,87.1,256.29,0.0,0.13,100.0,3,Off,632.21,523.62
1794199140000000000,2026-11-09T04:39:00Z,controller 1,0.337,1.521,17.32,190.64,251.2,0.0,0.08,100.0,2,Off,597.73,539.78
1794199200000000000,2026-11-09T04:40:00Z,free response,0.423,1.515,124.84,78.02,588.69,0.0,0.12,100.0,1,Off,557.61,551.38
1794199260000000000,2026-11-09T04:41:00Z,controller 2,0.371,1.419,195.86,352.62,144.72,0.0,0.1,100.0,2,Off,586.99,560.41
1794199320000000000,2026-11-09T04:42:00Z,free response,0.379,1.655,83.97,194.46,374.15,0.0,0.11,100.0,3,Off,577.47,574.98
1794199380000000000,2026-11-09T04:43:00Z,free response,0.399,1.404,19.05,386.88,70.15,0.0,0.12,100.0,3,Off,615.52,574.62
1794199440000000000,2026-11-09T04:44:00Z,controller 2,0.456,1.43,-5.43,345.79,111.15,0.0,0.15,100.0,2,Off,628.37,550.85
1794199500000000000,2026-11-09T04:45:00Z,controller 2,0.342,1.347,33.55,89.29,295.22,0.0,0.08,100.0,3,Off,581.26,567.97
1794199560000000000,2026-11-09T04:46:00Z,free response,0.434,1.238,60.55,289.05,459.42,0.0,0.11,100.0,2,Off,549.11,563.74
1794199620000000000,2026-11-09T04:47:00Z,controller 2,0.338,1.143,106.98,181.28,495.13,0.0,0.06,100.0,2,Off,512.68,563.91
1794199680000000000,2026-11-09T04:48:00Z,controller 1,0.337,1.432,163.55,64.16,404.82,0.0,0.09,100.0,2,Off,684.98,800.43
1794199740000000000,2026-11-09T04:49:00Z,free response,0.408,1.754,77.28,356.46,10.4,0.0,0.15,100.0,1,Off,681.47,827.92
1794199800000000000,2026-11-09T04:50:00Z,controller 2,0.484,1.808,94.5,430.88,176.14,0.0,0.19,100.0,3,Off,658.02,837.59
1794199860000000000,2026-11-09T04:51:00Z,controller 2,0.441,1.775,101.48,11.8,76.36,0.0,0.18,100.0,3,Off,640.12,846.67
1794199920000000000,2026-11-09T04:52:00Z,controller 2,0.45,1.694,4.22,285.36,216.47,0.0,0.18,100.0,3,Off,842.93,586.33
1794199980000000000,2026-11-09T04:53:00Z,free response,0.389,1.685,51.77,55.12,384.86,0.0,0.11,100.0,1,Off,854.52,582.86
1794200040000000000,2026-11-09T04:54:00Z,controller 2,0.436,1.826,103.78,276.55,302.69,0.0,0.18,100.0,3,Off,823.87,594.84
1794200100000000000,2026-11-09T04:55:00Z,controller 1,0.416,1.47,186.66,179.82,540.1,0.0,0.14,100.0,1,Off,795.08,615.87
1794200160000000000,2026-11-09T04:56:00Z,controller 1,0.463,1.824,55.39,441.65,169.76,0.0,0.21,100.0,1,Off,793.26,610.92
1794200220000000000,2026-11-09T04:57:00Z,controller 1,0.419,1.506,94.56,215.93,590.17,0.0,0.12,100.0,1,Off,809.49,585.91
1794200280000000000,2026-11-09T04:58:00Z,free response,0.479,1.373,64.72,429.36,172.83,0.0,0.16,100.0,1,Off,815.56,611.54
1794200340000000000,2026-11-09T04:59:00Z,controller 1,0.409,1.834,-19.25,406.43,501.09,0.0,0.16,100.0,1,Off,860.2,633.52
1794200400000000000,2026-11-09T05:00:00Z,controller 2,0.988,8.13,120.81,124.32,579.44,0.0,3.61,100.0,2,Off,811.4,605.51
1794200460000000000,2026-11-09T05:01:00Z,controller 1,0.962,7.933,58.53,53.49,269.64,0.0,3.95,100.0,1,Off,822.29,592.84
1794200520000000000,2026-11-09T05:02:00Z,controller 2,0.823,8.055,132.12,131.85,156.66,0.0,2.54,100.0,1,Off,1385.66,782.94
1794200580000000000,2026-11-09T05:03:00Z,free response,0.888,7.813,187.94,182.46,311.54,0.0,3.28,100.0,3,Off,1335.98,781.47
1794200640000000000,2026-11-09T05:04:00Z,controller 2,0.867,7.772,186.83,359.61,550.29,0.0,3.13,100.0,3,Off,1345.13,752.3
1794200700000000000,2026-11-09T05:05:00Z,free response,0.886,8.454,-8.64,297.37,553.03,0.0,3.59,100.0,1,Off,1357.72,757.72
1794200760000000000,2026-11-09T05:06:00Z,controller 1,0.884,8.191,-12.46,390.08,150.08,0.0,2.92,100.0,2,Off,1401.12,736.38
1794200820000000000,2026-11-09T05:07:00Z,free response,0.974,8.156,143.6,127.05,317.84,0.0,3.48,100.0,2,Off,1366.73,717.78
1794200880000000000,2026-11-09T05:08:00Z,free response,0.934,8.161,28.29,271.14,258.72,0.0,3.56,100.0,3,Off,1388.09,693.15
1794200940000000000,2026-11-09T05:09:00Z,controller 1,0.962,8.14,64.92,286.53,149.52,0.0,3.85,100.0,1,Off,1343.37,692.06
1794201000000000000,2026-11-09T05:10:00Z,free response,0.982,8.396,146.35,383.09,86.84,0.0,3.98,100.0,2,Off,1384.01,681.94
1794201060000000000,2026-11-09T05:11:00Z,free response,0.831,8.342,102.86,270.76,571.56,0.0,3.09,100.0,1,Off,1359.4,692.28
1794201120000000000,2026-11-09T05:12:00Z,free response,0.868,7.905,25.65,171.07,173.3,0.0,3.19,100.0,2,Off,1331.72,685.46
1794201180000000000,2026-11-09T05:13:00Z,free response,0.871,7.755,127.13,400.53,111.79,0.0,3.18,100.0,1,Off,1380.34,662.74
1794201240000000000,2026-11-09T05:14:00Z,controller 1,0.952,8.377,89.45,93.43,18.31,0.0,3.46,100.0,1,Off,1402.08,639.05
1794201300000000000,2026-11-09T05:15:00Z,controller 2,0.974,8.326,154.78,258.4,169.3,0.0,3.65,100.0,1,Off,1386.36,659.68
1794201360000000000,2026-11-09T05:16:00Z,controller 1,0.905,7.911,-21.65,391.39,271.32,0.0,3.38,100.0,2,Off,1366.14,664.55
1794201420000000000,2026-11-09T05:17:00Z,free response,0.952,8.35,172.93,133.81,494.85,0.0,3.79,100.0,2,Off,1330.3,650.57
1794201480000000000,2026-11-09T05:18:00Z,free response,0.939,7.785,56.22,406.24,579.84,0.0,3.22,100.0,1,Off,1375.64,646.35
1794201540000000000,2026-11-09T05:19:00Z,free response,0.837,8.194,146.25,234.67,517.23,0.0,2.8,100.0,2,Off,1371.34,630.77
1794201600000000000,2026-11-09T05:20:00Z,controller 2,0.901,8.403,134.32,284.26,206.55,0.0,3.18,100.0,1,Off,1401.51,611.71
1794201660000000000,2026-11-09T05:21:00Z,controller 2,0.983,8.301,105.73,378.21,468.57,0.0,4.09,100.0,1,Off,1412.54,602.72
1794201720000000000,2026-11-09T05:22:00Z,controller 1,0.957,8.364,106.44,25.15,245.83,0.0,3.86,100.0,2,Off,1391.83,593.84
1794201780000000000,2026-11-09T05:23:00Z,free response,0.853,7.81,75.83,186.79,176.66,0.0,3.03,100.0,1,Off,1419.97,615.0
1794201840000000000,2026-11-09T05:24:00Z,controller 2,0.839,7.981,129.83,162.75,279.85,0.0,2.66,100.0,3,Off,1450.39,639.14
1794201900000000000,2026-11-09T05:25:00Z,controller 2,0.95,8.027,4.39,335.76,513.7,0.0,3.29,100.0,1,Off,1485.66,631.43
1794201960000000000,2026-11-09T05:26:00Z,free response,0.863,7.778,30.34,398.97,578.43,0.0,2.83,100.0,2,Off,1500.0,624.48
1794202020000000000,2026-11-09T05:27:00Z,controller 1,0.866,7.863,119.98,382.7,424.64,0.0,3.09,100.0,1,Off,1500.0,594.95
1794202080000000000,2026-11-09T05:28:00Z,free response,0.871,8.252,-19.94,337.17,172.11,0.0,3.1,100.0,2,Off,1478.92,591.76
1794202140000000000,2026-11-09T05:29:00Z,controller 1,0.958,7.889,13.1,213.45,492.17,0.0,3.64,100.0,1,Off,1500.0,593.53
1794202200000000000,2026-11-09T05:30:00Z,free response,2.482,5.586,-26.52,222.01,386.76,0.0,17.39,100.0,1,Off,1495.76,570.3
1794202260000000000,2026-11-09T05:31:00Z,free response,2.601,6.222,35.44,411.27,233.88,0.0,20.74,100.0,3,Off,1448.72,596.18
1794202320000000000,2026-11-09T05:32:00Z,controller 2,2.585,5.631,98.36,294.73,563.95,0.0,19.65,100.0,2,Off,1440.47,594.13
1794202380000000000,2026-11-09T05:33:00Z,controller 2,2.61,5.841,56.6,115.48,128.93,0.0,19.33,100.0,2,Off,1393.39,594.75
1794202440000000000,2026-11-09T05:34:00Z,controller 1,2.526,5.573,155.61,70.44,351.36,0.0,17.93,100.0,2,Off,1382.2,622.08
1794202500000000000,2026-11-09T05:35:00Z,free response,2.635,5.61,147.1,352.29,231.02,0.0,18.66,100.0,1,Off,1420.34,640.37
1794202560000000000,2026-11-09T05:36:00Z,free response,2.601,5.752,25.11,333.83,355.57,0.0,20.51,100.0,3,Off,1453.86,632.54
1794202620000000000,2026-11-09T05:37:00Z,controller 2,2.554,5.762,190.38,449.78,173.4,0.0,17.96,100.0,1,Off,1405.22,650.56
1794202680000000000,2026-11-09T05:38:00Z,free response,2.566,5.625,110.61,231.31,508.45,0.0,19.84,100.0,1,Off,1380.48,631.68
1794202740000000000,2026-11-09T05:39:00Z,controller 2,2.561,6.283,11.41,318.84,75.04,0.0,21.79,100.0,3,Off,879.95,608.75
1794202800000000000,2026-11-09T05:40:00Z,controller 1,2.582,5.936,107.62,32.07,117.83,0.0,21.04,100.0,2,Off,917.53,632.12
1794202860000000000,2026-11-09T05:41:00Z,controller 1,2.581,5.834,6.26,148.16,125.57,0.0,20.23,100.0,1,Off,964.22,661.77
1794202920000000000,2026-11-09T05:42:00Z,controller 2,2.623,6.055,44.97,178.32,90.65,0.0,20.05,100.0,1,Off,1000.78,360.48
1794202980000000000,2026-11-09T05:43:00Z,controller 2,2.563,6.114,91.29,10.09,181.24,0.0,19.65,100.0,3,Off,1022.31,380.87
1794203040000000000,2026-11-09T05:44:00Z,free response,2.611,5.813,19.97,299.28,441.48,0.0,18.02,100.0,2,Off,1040.73,409.92
1794203100000000000,2026-11-09T05:45:00Z,controller 2,2.535,5.901,17.09,96.13,383.03,0.0,18.19,100.0,2,Off,1050.86,409.9
1794203160000000000,2026-11-09T05:46:00Z,free response,2.638,5.563,189.21,7.13,184.25,0.0,18.83,100.0,3,Off,1079.03,405.62
1794203220000000000,2026-11-09T05:47:00Z,controller 2,2.487,6.04,39.8,105.34,574.47,0.0,20.28,100.0,3,Off,1073.75,424.65
1794203280000000000,2026-11-09T05:48:00Z,controller 1,2.568,5.95,72.63,184.38,365.67,0.0,18.13,100.0,2,Off,1103.33,415.05
1794203340000000000,2026-11-09T05:49:00Z,free response,2.491,6.274,61.71,270.16,67.27,0.0,18.74,100.0,2,Off,1126.54,417.27
1794203400000000000,2026-11-09T05:50:00Z,free response,2.525,6.055,190.46,138.85,4.09,0.0,21.22,19.27,3,Off,1121.13,428.02
1794203460000000000,2026-11-09T05:51:00Z,free response,2.631,6.057,43.67,101.45,408.93,0.0,22.58,100.0,1,Off,1106.66,417.01
1794203520000000000,2026-11-09T05:52:00Z,free response,2.618,5.99,69.11,162.87,182.13,0.0,19.05,100.0,3,Off,1118.26,429.27
1794203580000000000,2026-11-09T05:53:00Z,controller 1,2.537,6.223,110.22,210.69,374.96,0.0,18.52,100.0,3,Off,1068.77,448.09
1794203640000000000,2026-11-09T05:54:00Z,controller 2,2.569,5.739,160.91,124.26,555.55,0.0,19.3,100.0,3,Off,1109.06,419.09
1794203700000000000,2026-11-09T05:55:00Z,free response,2.625,6.29,-12.21,337.25,364.74,0.0,23.12,100.0,2,Off,1102.48,437.82
1794203760000000000,2026-11-09T05:56:00Z,free response,2.643,6.074,-7.46,435.35,497.98,0.0,20.25,100.0,2,Off,1055.96,459.56
1794203820000000000,2026-11-09T05:57:00Z,controller 1,2.476,5.574,138.87,153.84,277.63,0.0,15.71,100.0,1,Off,1042.07,475.73
1794203880000000000,2026-11-09T05:58:00Z,free response,2.638,6.286,15.82,368.71,440.66,0.0,22.09,100.0,3,Off,1074.8,499.94
1794203940000000000,2026-11-09T05:59:00Z,free response,2.541,6.194,48.84,150.67,565.64,0.0,19.78,100.0,3,On,1060.92,508.32
1794204000000000000,2026-11-09T06:00:00Z,controller 2,2.821,9.289,53.25,359.95,558.28,0.0,34.09,100.0,3,On,1065.9,502.46
1794204060000000000,2026-11-09T06:01:00Z,free response,2.903,9.492,170.77,309.48,538.37,0.0,43.84,100.0,3,On,1108.12,510.41
1794204120000000000,2026-11-09T06:02:00Z,controller 2,2.916,9.518,-22.11,337.74,588.51,0.0,37.67,100.0,1,On,1100.26,489.89
1794204180000000000,2026-11-09T06:03:00Z,free response,2.882,9.392,50.32,40.96,508.87,0.0,41.18,100.0,2,On,1086.37,463.95
1794204240000000000,2026-11-09T06:04:00Z,controller 1,2.948,9.622,57.76,176.78,186.46,0.0,40.39,100.0,3,On,1081.06,473.61
1794204300000000000,2026-11-09T06:05:00Z,controller 2,2.935,9.199,13.77,114.44,342.08,0.0,41.31,100.0,1,On,1351.03,375.1
1794204360000000000,2026-11-09T06:06:00Z,controller 2,2.803,9.093,163.44,168.53,12.81,0.0,32.35,39.6,2,On,1304.93,401.89
1794204420000000000,2026-11-09T06:07:00Z,controller 2,2.796,9.148,56.25,174.46,594.84,0.0,38.11,100.0,1,On,1289.41,389.63
1794204480000000000,2026-11-09T06:08:00Z,free response,2.816,9.776,33.01,241.37,486.97,0.0,41.75,100.0,1,On,1333.7,383.4
1794204540000000000,2026-11-09T06:09:00Z,controller 2,2.893,9.31,111.71,171.46,189.13,0.0,35.51,100.0,2,On,1368.6,411.46
1794204600000000000,2026-11-09T06:10:00Z,controller 1,2.921,9.394,185.6,407.59,88.48,0.0,41.58,100.0,3,On,1349.76,410.94
1794204660000000000,2026-11-09T06:11:00Z,free response,2.928,9.666,-29.82,102.1,433.39,0.0,39.82,100.0,2,On,1394.71,412.48
1794204720000000000,2026-11-09T06:12:00Z,controller 1,2.785,9.162,77.22,161.14,400.74,0.0,36.84,100.0,1,On,1355.3,423.66
1794204780000000000,2026-11-09T06:13:00Z,controller 1,2.95,9.761,108.23,91.19,42.0,0.0,39.97,100.0,3,On,1401.72,440.41
1794204840000000000,2026-11-09T06:14:00Z,controller 2,2.951,9.529,-23.88,303.06,276.05,0.0,42.69,100.0,1,On,1435.07,451.61
1794204900000000000,2026-11-09T06:15:00Z,controller 2,2.829,9.606,42.02,268.82,221.67,0.0,37.63,100.0,2,On,1478.64,437.84
1794204960000000000,2026-11-09T06:16:00Z,controller 2,2.784,9.088,15.98,403.81,30.42,0.0,36.8,82.66,2,On,1500.0,448.61
1794205020000000000,2026-11-09T06:17:00Z,controller 2,2.9,9.209,-21.36,322.05,528.33,0.0,40.47,100.0,1,On,1500.0,449.94
1794205080000000000,2026-11-09T06:18:00Z,free response,2.856,9.148,-20.45,121.82,88.74,0.0,34.74,100.0,3,On,1500.0,453.63
1794205140000000000,2026-11-09T06:19:00Z,free response,2.872,9.724,100.95,428.79,214.11,0.0,41.21,100.0,3,On,1500.0,425.99
1794205200000000000,2026-11-09T06:20:00Z,controller 1,2.806,9.79,43.78,146.86,54.78,0.0,37.84,100.0,1,On,1500.0,404.17
1794205260000000000,2026-11-09T06:21:00Z,free response,2.815,9.247,197.73,108.98,95.19,0.0,37.69,100.0,1,On,1500.0,417.03
1794205320000000000,2026-11-09T06:22:00Z,free response,2.812,9.375,125.4,241.8,485.74,0.0,38.4,100.0,1,On,1493.7,389.49
1794205380000000000,2026-11-09T06:23:00Z,controller 1,2.925,9.424,84.65,225.2,2.75,0.0,38.91,7.07,3,On,1500.0,361.24
1794205440000000000,2026-11-09T06:24:00Z,free response,2.789,9.476,24.09,281.4,309.61,0.0,38.7,100.0,3,On,567.78,617.58
1794205500000000000,2026-11-09T06:25:00Z,controller 2,2.798,9.359,63.6,439.38,389.03,0.0,36.69,100.0,1,On,539.07,627.53
1794205560000000000,2026-11-09T06:26:00Z,controller 2,2.904,9.652,198.46,262.45,374.15,0.0,39.94,100.0,3,On,551.5,651.44
1794205620000000000,2026-11-09T06:27:00Z,free response,2.929,9.827,-21.0,172.31,457.53,0.0,41.91,100.0,2,On,539.04,638.86
1794205680000000000,2026-11-09T06:28:00Z,controller 1,2.89,9.502,104.9,38.44,2.31,0.0,39.4,5.86,1,On,506.95,620.98
1794205740000000000,2026-11-09T06:29:00Z,controller 2,2.807,9.723,91.6,389.13,578.74,0.0,40.86,100.0,1,On,521.98,608.43
1794205800000000000,2026-11-09T06:30:00Z,free response,1.576,5.418,114.09,163.21,542.04,0.0,6.45,100.0,2,On,567.81,592.19
1794205860000000000,2026-11-09T06:31:00Z,free response,1.481,5.565,85.88,40.61,404.05,0.0,6.67,100.0,2,On,523.94,591.06
1794205920000000000,2026-11-09T06:32:00Z,controller 1,1.487,5.462,61.15,319.41,326.37,0.0,5.93,100.0,1,On,573.73,562.1
1794205980000000000,2026-11-09T06:33:00Z,controller 1,1.561,5.649,44.78,237.74,527.48,0.0,7.31,100.0,3,On,578.15,583.02
1794206040000000000,2026-11-09T06:34:00Z,controller 1,1.523,5.467,121.24,293.85,297.19,0.0,6.77,100.0,3,On,608.21,598.25
1794206100000000000,2026-11-09T06:35:00Z,controller 2,1.552,5.669,61.94,237.6,457.17,0.0,7.01,100.0,1,On,604.53,610.35
1794206160000000000,2026-11-09T06:36:00Z,controller 2,1.623,5.891,69.65,369.29,393.03,0.0,7.32,100.0,1,On,567.98,600.09
1794206220000000000,2026-11-09T06:37:00Z,controller 2,1.492,5.468,70.2,186.26,541.14,0.0,5.8,100.0,3,On,552.49,627.67
1794206280000000000,2026-11-09T06:38:00Z,controller 1,1.644,5.788,164.47,205.14,338.75,0.0,7.66,100.0,3,On,560.95,651.07
1794206340000000000,2026-11-09T06:39:00Z,free response,1.552,5.27,95.88,397.39,364.81,0.0,5.83,100.0,3,On,607.66,673.34
1794206400000000000,2026-11-09T06:40:00Z,free response,1.593,5.303,186.64,432.45,232.26,0.08,6.29,100.0,1,On,621.37,693.74
1794206460000000000,2026-11-09T06:41:00Z,free response,1.509,5.835,148.07,241.72,374.04,0.11,6.78,100.0,3,On,595.97,688.42
1794206520000000000,2026-11-09T06:42:00Z,controller 1,1.642,5.713,142.28,168.61,467.99,0.2,8.4,100.0,3,On,552.06,697.71
1794206580000000000,2026-11-09T06:43:00Z,controller 1,1.587,5.431,-9.52,18.52,472.75,0.25,6.34,100.0,2,On,519.99,701.38
1794206640000000000,2026-11-09T06:44:00Z,controller 1,1.55,5.35,68.53,350.76,332.61,0.3,6.94,100.0,2,On,544.0,712.97
1794206700000000000,2026-11-09T06:45:00Z,free response,1.516,5.765,20.31,199.19,356.13,0.36,6.29,100.0,3,On,558.68,710.5
1794206760000000000,2026-11-09T06:46:00Z,free response,1.566,5.606,92.2,208.54,327.69,0.41,6.74,100.0,1,On,527.65,711.99
1794206820000000000,2026-11-09T06:47:00Z,controller 2,1.5,5.504,81.82,243.33,483.96,0.46,6.1,100.0,2,On,528.82,683.61
1794206880000000000,2026-11-09T06:48:00Z,free response,1.61,5.92,24.08,219.54,90.59,0.54,7.87,100.0,1,On,573.17,677.15
1794206940000000000,2026-11-09T06:49:00Z,free response,1.579,5.822,24.33,60.86,312.41,0.57,7.09,100.0,1,On,616.86,660.71
1794207000000000000,2026-11-09T06:50:00Z,controller 1,1.566,5.599,-7.41,404.17,363.41,0.65,6.86,100.0,1,On,653.12,689.65
1794207060000000000,2026-11-09T06:51:00Z,controller 2,1.644,5.185,61.39,61.02,147.86,0.73,7.38,100.0,2,On,654.35,672.89
1794207120000000000,2026-11-09T06:52:00Z,free response,1.626,5.41,125.34,54.24,267.85,0.81,6.81,100.0,2,On,694.18,687.77
1794207180000000000,2026-11-09T06:53:00Z,controller 2,1.62,5.282,73.44,350.74,357.96,0.86,7.49,100.0,2,On,648.03,693.77
1794207240000000000,2026-11-09T06:54:00Z,free response,1.511,5.368,-22.91,332.67,565.35,0.91,6.34,100.0,3,On,673.81,667.88
1794207300000000000,2026-11-09T06:55:00Z,free response,1.632,5.579,98.83,420.66,582.49,0.96,7.45,100.0,3,On,650.95,685.11
1794207360000000000,2026-11-09T06:56:00Z,free response,1.552,5.89,17.36,341.59,454.92,1.0,7.73,100.0,1,On,619.35,663.13
1794207420000000000,2026-11-09T06:57:00Z,controller 2,1.619,5.641,133.0,99.41,528.49,1.08,7.05,100.0,2,On,614.44,689.08
1794207480000000000,2026-11-09T06:58:00Z,controller 2,1.623,5.898,14.14,379.27,403.84,1.13,7.42,100.0,2,On,566.87,708.83
1794207540000000000,2026-11-09T06:59:00Z,controller 2,1.569,5.744,1.03,387.88,552.08,1.17,7.0,100.0,1,On,597.91,699.71
1794207600000000000,2026-11-09T07:00:00Z,free response,1.152,3.649,87.12,285.03,162.93,1.2,2.42,100.0,1,On,558.23,687.08
1794207660000000000,2026-11-09T07:01:00Z,controller 1,1.284,4.194,193.5,68.94,456.02,1.28,3.67,100.0,1,On,520.25,661.13
1794207720000000000,2026-11-09T07:02:00Z,controller 2,1.129,3.753,168.41,153.83,581.18,1.35,2.55,100.0,2,On,514.11,649.06
1794207780000000000,2026-11-09T07:03:00Z,controller 2,1.216,3.617,194.71,234.84,574.21,1.43,2.62,100.0,2,On,519.02,661.06
1794207840000000000,2026-11-09T07:04:00Z,controller 1,1.247,4.102,143.42,292.5,97.77,1.46,3.45,100.0,3,On,505.41,639.4
1794207900000000000,2026-11-09T07:05:00Z,free response,1.247,3.685,149.5,42.73,92.31,1.5,2.96,100.0,1,On,510.58,610.15
1794207960000000000,2026-11-09T07:06:00Z,controller 1,1.279,3.819,60.03,216.69,68.1,1.56,3.43,100.0,2,On,465.71,596.47
1794208020000000000,2026-11-09T07:07:00Z,controller 1,1.285,4.205,-8.59,11.64,421.7,1.61,3.18,100.0,1,On,513.52,609.78
1794208080000000000,2026-11-09T07:08:00Z,controller 1,1.196,3.542,42.83,210.04,545.19,1.68,2.76,100.0,2,On,523.75,609.39
1794208140000000000,2026-11-09T07:09:00Z,free response,1.19,3.962,38.22,30.9,479.28,1.74,2.82,100.0,3,On,537.51,602.41
1794208200000000000,2026-11-09T07:10:00Z,controller 1,1.289,4.112,155.07,22.44,317.53,1.77,3.21,100.0,1,On,566.18,575.6
1794208260000000000,2026-11-09T07:11:00Z,controller 2,1.169,3.531,-6.51,448.61,484.93,1.85,2.2,100.0,1,On,601.42,599.9
1794208320000000000,2026-11-09T07:12:00Z,controller 2,1.224,4.126,120.97,445.64,86.41,1.93,2.85,100.0,2,On,643.75,614.21
1794208380000000000,2026-11-09T07:13:00Z,controller 1,1.209,3.827,157.52,197.03,54.62,2.02,2.61,100.0,3,On,1466.49,714.08
1794208440000000000,2026-11-09T07:14:00Z,controller 1,1.262,3.522,91.3,446.21,131.52,2.09,3.07,100.0,3,On,1445.2,712.78
1794208500000000000,2026-11-09T07:15:00Z,controller 1,1.204,3.501,-4.76,306.73,367.67,2.14,2.74,100.0,1,On,1427.09,697.5
1794208560000000000,2026-11-09T07:16:00Z,controller 1,1.153,4.24,13.95,140.1,294.04,2.2,2.68,100.0,2,On,1433.56,710.04
1794208620000000000,2026-11-09T07:17:00Z,controller 2,1.258,4.12,73.32,370.61,318.32,2.24,3.15,100.0,1,On,1393.09,738.41
1794208680000000000,2026-11-09T07:18:00Z,free response,1.272,3.839,107.35,165.13,315.89,2.28,3.36,100.0,2,On,1434.79,710.13
1794208740000000000,2026-11-09T07:19:00Z,controller 1,1.252,3.589,52.34,397.2,149.54,2.3,2.54,100.0,1,On,1399.92,716.92
1794208800000000000,2026-11-09T07:20:00Z,free response,1.266,3.948,186.02,342.76,474.79,2.39,3.41,100.0,3,On,1427.14,709.32
1794208860000000000,2026-11-09T07:21:00Z,free response,1.231,3.842,-19.55,431.97,590.9,2.47,2.91,100.0,3,On,1392.04,706.73
1794208920000000000,2026-11-09T07:22:00Z,free response,1.264,4.225,62.6,281.62,243.93,2.53,3.07,100.0,1,On,1420.27,722.86
1794208980000000000,2026-11-09T07:23:00Z,controller 2,1.296,3.759,60.57,21.51,576.33,2.6,3.27,100.0,1,On,1413.92,708.92
1794209040000000000,2026-11-09T07:24:00Z,controller 2,1.166,3.954,182.8,115.65,308.48,2.64,2.59,100.0,1,On,1396.23,723.3
1794209100000000000,2026-11-09T07:25:00Z,controller 1,1.283,4.238,35.49,291.31,571.91,2.68,3.45,100.0,3,On,1422.65,745.63
1794209160000000000,2026-11-09T07:26:00Z,free response,1.158,3.579,40.1,53.57,343.37,2.72,2.49,100.0,1,On,1411.49,774.7
1794209220000000000,2026-11-09T07:27:00Z,free response,1.256,3.671,19.16,64.47,376.02,2.79,2.86,100.0,1,On,1380.63,770.29
1794209280000000000,2026-11-09T07:28:00Z,free response,1.191,3.975,134.99,81.5,590.78,2.82,2.92,100.0,2,On,1380.33,644.73
1794209340000000000,2026-11-09T07:29:00Z,controller 2,1.162,4.204,-22.93,430.74,191.5,2.87,2.99,100.0,1,On,1331.26,631.99
1794209400000000000,2026-11-09T07:30:00Z,controller 2,2.125,5.735,120.61,71.75,20.8,2.94,11.97,100.0,2,On,1290.06,631.1
1794209460000000000,2026-11-09T07:31:00Z,controller 2,1.98,6.182,-12.37,353.25,533.76,3.0,12.5,100.0,2,On,1261.2,638.54
1794209520000000000,2026-11-09T07:32:00Z,controller 1,2.116,6.009,20.94,230.01,404.75,3.05,13.31,100.0,2,On,1219.59,637.26
1794209580000000000,2026-11-09T07:33:00Z,free response,1.996,6.06,-29.19,222.7,59.1,3.1,11.73,100.0,1,On,1213.42,628.12
1794209640000000000,2026-11-09T07:34:00Z,controller 1,1.969,6.229,-4.63,39.63,321.5,3.15,11.77,100.0,1,On,1221.21,611.72
1794209700000000000,2026-11-09T07:35:00Z,controller 1,1.996,5.907,44.89,49.29,216.14,3.19,11.3,100.0,3,On,1235.22,602.5
1794209760000000000,2026-11-09T07:36:00Z,controller 2,2.104,6.03,18.4,303.16,220.73,3.24,14.66,100.0,1,On,1232.99,596.01
1794209820000000000,2026-11-09T07:37:00Z,free response,2.108,5.972,107.35,308.91,206.43,3.32,12.82,100.0,3,On,1260.84,576.77
1794209880000000000,2026-11-09T07:38:00Z,controller 2,2.004,6.012,103.18,353.45,27.93,3.35,11.79,100.0,2,On,1231.65,579.33
1794209940000000000,2026-11-09T07:39:00Z,controller 1,2.091,6.24,159.53,187.39,451.21,3.39,14.12,100.0,1,On,1214.83,586.94
1794210000000000000,2026-11-09T07:40:00Z,controller 2,2.04,5.783,81.63,382.24,506.02,3.44,12.46,100.0,3,On,1256.52,595.91
1794210060000000000,2026-11-09T07:41:00Z,free response,2.032,6.255,100.64,406.16,13.57,3.49,12.2,100.0,2,On,1251.57,610.91
1794210120000000000,2026-11-09T07:42:00Z,controller 2,2.138,6.123,93.8,13.83,219.78,3.57,14.63,100.0,1,On,1295.58,636.85
1794210180000000000,2026-11-09T07:43:00Z,controller 1,1.996,6.168,170.85,247.26,0.11,3.65,12.31,0.89,2,On,1309.99,656.15
1794210240000000000,2026-11-09T07:44:00Z,controller 2,2.066,6.277,107.21,361.79,176.86,3.67,13.85,100.0,2,On,1274.17,659.5
1794210300000000000,2026-11-09T07:45:00Z,controller 1,2.022,6.413,177.95,145.16,562.09,3.72,12.85,100.0,3,On,1234.79,639.26
1794210360000000000,2026-11-09T07:46:00Z,controller 1,2.044,5.838,182.54,203.09,476.92,3.79,11.79,100.0,2,On,1261.72,626.46
1794210420000000000,2026-11-09T07:47:00Z,free response,2.089,6.172,-12.98,313.62,336.04,3.84,14.23,100.0,2,On,1231.33,608.13
1794210480000000000,2026-11-09T07:48:00Z,free response,2.094,6.342,26.38,266.22,208.78,3.9,13.96,100.0,2,On,1205.96,618.72
1794210540000000000,2026-11-09T07:49:00Z,controller 1,2.124,6.252,77.82,328.02,345.15,3.95,12.72,100.0,2,On,1171.65,633.6
1794210600000000000,2026-11-09T07:50:00Z,controller 2,2.105,6.105,68.68,404.03,79.77,4.04,14.34,100.0,2,On,1187.15,630.92
1794210660000000000,2026-11-09T07:51:00Z,controller 1,2.036,5.809,108.98,152.85,595.25,4.11,12.32,100.0,2,On,1160.39,624.04
1794210720000000000,2026-11-09T07:52:00Z,controller 1,2.055,6.047,53.76,144.13,58.11,4.16,11.78,100.0,1,On,1144.94,650.24
1794210780000000000,2026-11-09T07:53:00Z,free response,2.071,6.275,41.8,319.26,496.94,4.22,14.15,100.0,3,On,1170.0,626.36
1794210840000000000,2026-11-09T07:54:00Z,controller 1,2.004,6.396,166.94,225.51,336.73,4.28,12.1,100.0,3,On,1127.39,650.8
1794210900000000000,2026-11-09T07:55:00Z,free response,2.128,6.327,183.22,338.87,381.6,4.34,14.23,100.0,2,On,1126.66,637.58
1794210960000000000,2026-11-09T07:56:00Z,free response,2.085,6.028,191.71,259.77,444.05,4.38,13.41,100.0,3,On,1160.94,633.32
1794211020000000000,2026-11-09T07:57:00Z,controller 2,1.977,5.823,183.27,137.37,465.28,4.46,11.73,100.0,1,On,1132.52,649.2
1794211080000000000,2026-11-09T07:58:00Z,controller 1,2.089,6.054,41.97,177.98,570.3,4.49,13.95,100.0,2,On,1099.06,669.27
1794211140000000000,2026-11-09T07:59:00Z,free response,1.979,6.204,69.36,29.01,239.63,4.54,12.71,100.0,1,On,1105.87,651.01
1794211200000000000,2026-11-09T08:00:00Z,controller 2,0.914,5.343,19.7,194.54,54.51,4.61,2.15,100.0,1,On,1123.57,621.87
1794211260000000000,2026-11-09T08:01:00Z,controller 2,0.809,5.447,175.29,289.22,128.81,4.66,1.85,100.0,3,On,1160.21,638.71
1794211320000000000,2026-11-09T08:02:00Z,controller 1,0.783,4.942,166.68,174.52,390.16,4.69,1.41,100.0,1,On,1157.25,621.66
1794211380000000000,2026-11-09T08:03:00Z,controller 2,0.833,4.946,110.61,212.64,123.9,4.74,1.88,100.0,3,On,1195.83,619.67
1794211440000000000,2026-11-09T08:04:00Z,free response,0.807,4.794,109.94,267.54,113.36,4.79,1.69,100.0,3,On,1210.73,647.06
1794211500000000000,2026-11-09T08:05:00Z,free response,0.897,5.445,58.3,48.13,532.85,4.85,2.39,100.0,1,On,1196.58,653.13
1794211560000000000,2026-11-09T08:06:00Z,free response,0.886,5.324,-17.3,226.13,504.16,4.91,2.19,100.0,3,On,1210.52,643.24
1794211620000000000,2026-11-09T08:07:00Z,controller 1,0.832,5.448,60.37,270.79,331.28,4.97,2.02,100.0,2,On,902.29,731.81
1794211680000000000,2026-11-09T08:08:00Z,controller 1,0.83,4.998,77.32,231.26,126.27,5.03,1.59,100.0,3,On,887.65,712.12
1794211740000000000,2026-11-09T08:09:00Z,free response,0.799,5.369,9.86,134.0,330.47,5.05,1.64,100.0,3,On,894.36,706.34
1794211800000000000,2026-11-09T08:10:00Z,controller 2,0.826,4.97,33.42,87.75,147.22,5.13,1.58,100.0,1,On,898.01,696.36
1794211860000000000,2026-11-09T08:11:00Z,controller 2,0.937,5.282,80.57,203.1,114.31,5.22,2.13,100.0,1,On,861.03,666.93
1794211920000000000,2026-11-09T08:12:00Z,controller 2,0.78,4.848,174.99,103.87,268.62,5.3,1.51,100.0,1,On,886.3,657.15
1794211980000000000,2026-11-09T08:13:00Z,free response,0.779,4.896,-22.61,65.0,369.17,5.34,1.48,100.0,2,On,889.82,658.06
1794212040000000000,2026-11-09T08:14:00Z,controller 2,0.918,4.985,37.96,342.02,26.39,5.38,2.12,100.0,3,On,849.13,673.96
1794212100000000000,2026-11-09T08:15:00Z,controller 2,0.821,4.881,21.89,282.14,205.48,5.4,1.56,100.0,2,On,821.48,652.06
1794212160000000000,2026-11-09T08:16:00Z,free response,0.853,5.533,140.71,122.25,65.19,5.49,2.2,100.0,2,On,832.24,635.09
1794212220000000000,2026-11-09T08:17:00Z,free response,0.928,5.351,161.5,235.72,156.84,5.57,2.53,100.0,3,On,862.28,613.98
1794212280000000000,2026-11-09T08:18:00Z,controller 1,0.893,4.932,178.97,328.4,180.99,5.65,2.13,100.0,3,On,860.7,636.24
1794212340000000000,2026-11-09T08:19:00Z,free response,0.842,5.213,-15.5,121.13,487.1,5.7,1.95,100.0,1,On,858.0,626.21
1794212400000000000,2026-11-09T08:20:00Z,free response,0.777,5.434,-26.18,126.24,502.12,5.77,1.53,100.0,2,On,725.07,342.75
1794212460000000000,2026-11-09T08:21:00Z,controller 2,0.896,5.349,51.29,167.86,496.14,5.83,2.21,100.0,3,On,766.0,366.21
1794212520000000000,2026-11-09T08:22:00Z,controller 2,0.761,4.897,173.0,252.49,91.84,5.89,1.48,100.0,1,On,737.25,359.68
1794212580000000000,2026-11-09T08:23:00Z,free response,0.864,5.519,107.95,241.33,214.13,5.93,2.1,100.0,3,On,766.49,351.8
1794212640000000000,2026-11-09T08:24:00Z,controller 2,0.935,5.367,120.36,25.87,155.4,5.99,2.13,100.0,2,On,719.15,355.7
1794212700000000000,2026-11-09T08:25:00Z,controller 1,0.769,5.428,65.27,46.71,464.69,6.03,1.73,100.0,3,On,745.65,336.75
1794212760000000000,2026-11-09T08:26:00Z,controller 2,0.8,5.426,-13.3,282.04,87.12,6.07,1.76,100.0,3,On,714.07,312.97
1794212820000000000,2026-11-09T08:27:00Z,controller 2,0.877,4.929,114.2,20.19,472.17,6.16,1.76,100.0,1,On,678.76,309.29
1794212880000000000,2026-11-09T08:28:00Z,controller 2,0.839,5.452,99.69,90.52,21.28,6.19,2.03,100.0,2,Starting,680.03,338.65
1794212940000000000,2026-11-09T08:29:00Z,controller 1,0.881,4.843,121.38,308.46,125.25,6.24,1.71,100.0,3,Starting,687.22,362.21
1794213000000000000,2026-11-09T08:30:00Z,controller 1,1.468,13.356,8.78,124.47,164.91,6.33,15.11,100.0,1,Starting,701.63,344.52
1794213060000000000,2026-11-09T08:31:00Z,controller 2,1.526,13.435,83.59,13.51,428.03,6.4,15.9,100.0,3,Starting,693.62,357.45
1794213120000000000,2026-11-09T08:32:00Z,controller 2,1.432,13.162,41.19,285.84,444.88,6.43,13.69,100.0,2,Starting,721.84,350.19
1794213180000000000,2026-11-09T08:33:00Z,controller 2,1.556,13.428,50.8,2.85,443.34,6.5,15.79,100.0,1,Starting,740.9,378.7
1794213240000000000,2026-11-09T08:34:00Z,free response,1.523,13.766,11.75,346.98,396.09,6.57,14.83,100.0,2,Starting,733.49,368.77
1794213300000000000,2026-11-09T08:35:00Z,controller 2,1.502,13.681,89.57,188.51,126.66,6.62,14.55,100.0,2,Starting,752.55,341.31
1794213360000000000,2026-11-09T08:36:00Z,controller 2,1.534,13.615,-24.02,79.37,564.47,6.7,16.6,100.0,1,Starting,762.85,368.87
1794213420000000000,2026-11-09T08:37:00Z,free response,1.478,13.605,36.98,156.54,196.26,6.73,14.0,100.0,2,Starting,717.68,354.4
1794213480000000000,2026-11-09T08:38:00Z,controller 2,1.431,13.371,77.74,82.05,105.2,6.82,13.42,100.0,3,Starting,691.38,364.75
1794213540000000000,2026-11-09T08:39:00Z,free response,1.51,13.431,197.16,183.16,433.84,6.86,13.86,100.0,1,Starting,697.24,336.4
1794213600000000000,2026-11-09T08:40:00Z,controller 1,1.457,13.346,32.93,232.73,291.4,6.9,15.32,100.0,3,Starting,678.87,364.7
1794213660000000000,2026-11-09T08:41:00Z,free response,1.569,13.66,56.18,324.37,572.99,6.99,16.62,100.0,1,Starting,716.91,368.77
1794213720000000000,2026-11-09T08:42:00Z,controller 2,1.543,13.575,164.4,160.85,587.78,7.08,17.07,100.0,2,Starting,726.1,388.76
1794213780000000000,2026-11-09T08:43:00Z,controller 1,1.487,13.4,177.48,124.45,143.97,7.15,15.95,100.0,2,Starting,692.3,417.07
1794213840000000000,2026-11-09T08:44:00Z,free response,1.425,13.331,150.78,127.4,352.71,7.2,13.08,100.0,3,Starting,717.91,443.16
1794213900000000000,2026-11-09T08:45:00Z,free response,1.499,13.378,199.55,301.92,44.56,7.27,16.26,100.0,2,Starting,684.73,472.57
1794213960000000000,2026-11-09T08:46:00Z,controller 1,1.509,13.765,51.44,308.0,575.47,7.35,16.21,100.0,1,Starting,650.25,484.94
1794214020000000000,2026-11-09T08:47:00Z,controller 2,1.493,13.728,93.85,148.26,239.58,7.4,16.77,100.0,2,Starting,1038.63,941.02
1794214080000000000,2026-11-09T08:48:00Z,free response,1.494,13.256,79.06,327.86,494.14,7.48,13.92,100.0,3,Starting,1014.38,952.91
1794214140000000000,2026-11-09T08:49:00Z,free response,1.522,13.194,98.96,4.14,154.98,7.52,16.21,100.0,3,Starting,1050.56,944.32
1794214200000000000,2026-11-09T08:50:00Z,free response,1.547,13.061,139.65,84.36,199.54,7.56,14.96,100.0,2,Starting,1074.27,943.27
1794214260000000000,2026-11-09T08:51:00Z,controller 2,1.562,13.714,-28.95,197.08,103.88,7.54,16.71,100.0,1,Starting,1079.31,958.66
1794214320000000000,2026-11-09T08:52:00Z,free response,1.56,13.495,105.85,234.0,507.9,7.52,17.69,100.0,2,Starting,1123.34,935.42
1794214380000000000,2026-11-09T08:53:00Z,controller 1,1.545,13.144,35.09,249.71,283.81,7.5,16.51,100.0,1,Starting,1082.25,960.56
1794214440000000000,2026-11-09T08:54:00Z,controller 1,1.476,13.53,20.88,122.21,192.9,7.47,15.0,100.0,1,Starting,1042.06,980.53
1794214500000000000,2026-11-09T08:55:00Z,free response,1.513,13.422,114.14,0.56,214.31,7.46,14.16,100.0,1,Starting,1116.57,425.55
1794214560000000000,2026-11-09T08:56:00Z,controller 1,1.49,13.699,148.52,285.85,137.22,7.45,16.72,100.0,3,Starting,1130.99,441.68
1794214620000000000,2026-11-09T08:57:00Z,controller 2,1.499,13.611,44.06,307.37,66.51,7.43,14.86,100.0,1,Starting,1130.43,412.15
1794214680000000000,2026-11-09T08:58:00Z,controller 2,1.575,13.689,34.24,177.12,152.28,7.39,18.06,100.0,3,Starting,1082.18,406.87
1794214740000000000,2026-11-09T08:59:00Z,controller 1,1.468,13.474,111.54,63.09,53.45,7.38,13.17,100.0,3,Starting,1060.82,412.81
1794214800000000000,2026-11-09T09:00:00Z,controller 1,1.215,12.018,114.6,132.9,305.15,7.37,9.61,100.0,2,Starting,1056.61,388.82
1794214860000000000,2026-11-09T09:01:00Z,free response,1.235,12.392,67.61,294.33,461.69,7.34,9.09,100.0,1,Starting,1046.55,385.87
1794214920000000000,2026-11-09T09:02:00Z,free response,1.201,12.651,-19.2,425.69,443.23,7.33,8.9,100.0,3,Starting,1086.32,365.53
1794214980000000000,2026-11-09T09:03:00Z,controller 1,1.219,12.108,22.64,370.13,478.57,7.31,8.71,100.0,1,Starting,1126.74,372.02
1794215040000000000,2026-11-09T09:04:00Z,free response,1.199,12.376,147.58,268.68,53.93,7.29,8.33,100.0,2,Starting,1155.53,353.81
1794215100000000000,2026-11-09T09:05:00Z,controller 2,1.248,12.183,182.19,364.18,485.0,7.26,9.03,100.0,1,Starting,1180.2,374.08
1794215160000000000,2026-11-09T09:06:00Z,free response,1.081,12.58,132.45,4.15,152.67,7.23,7.99,100.0,2,Starting,1160.74,950.06
1794215220000000000,2026-11-09T09:07:00Z,free response,1.136,12.68,3.8,429.19,457.48,7.22,8.8,100.0,1,Starting,1197.61,954.41
1794215280000000000,2026-11-09T09:08:00Z,controller 1,1.171,12.468,154.72,296.54,225.77,7.21,9.26,100.0,1,Starting,1192.95,940.19
1794215340000000000,2026-11-09T09:09:00Z,free response,1.081,12.065,129.43,220.15,520.38,7.18,6.84,100.0,3,Starting,1195.08,940.08
1794215400000000000,2026-11-09T09:10:00Z,controller 1,1.136,12.192,82.43,372.25,37.9,7.17,7.29,100.0,3,Starting,1145.33,939.13
1794215460000000000,2026-11-09T09:11:00Z,controller 2,1.092,12.46,32.54,110.42,315.08,7.14,6.79,100.0,2,Starting,1159.23,935.13
1794215520000000000,2026-11-09T09:12:00Z,free response,1.239,12.256,198.97,154.18,58.26,7.11,9.93,100.0,2,Starting,1178.22,921.11
1794215580000000000,2026-11-09T09:13:00Z,free response,1.133,12.008,-18.43,378.02,354.63,7.08,7.34,100.0,1,Starting,1219.34,898.84
1794215640000000000,2026-11-09T09:14:00Z,free response,1.187,12.737,182.89,290.05,312.82,7.06,8.78,100.0,1,Starting,1235.46,891.83
1794215700000000000,2026-11-09T09:15:00Z,controller 1,1.106,12.573,13.77,408.26,7.65,7.03,8.31,92.06,1,Starting,1190.36,890.39
1794215760000000000,2026-11-09T09:16:00Z,controller 2,1.233,12.311,88.63,167.07,575.68,7.02,9.95,100.0,1,Starting,1170.31,900.18
1794215820000000000,2026-11-09T09:17:00Z,controller 2,1.173,11.993,44.91,347.28,8.98,7.0,7.85,100.0,1,Starting,1127.09,892.85
1794215880000000000,2026-11-09T09:18:00Z,controller 1,1.105,12.09,107.82,50.87,242.04,6.99,7.35,100.0,2,Starting,1162.83,909.7
1794215940000000000,2026-11-09T09:19:00Z,free response,1.137,11.987,185.84,279.8,376.21,6.96,8.07,100.0,3,Starting,1134.42,898.89
1794216000000000000,2026-11-09T09:20:00Z,controller 2,1.232,12.082,96.48,348.92,477.79,6.94,8.81,100.0,2,Starting,1122.11,925.89
1794216060000000000,2026-11-09T09:21:00Z,controller 1,1.124,12.662,157.45,124.35,595.65,6.92,7.33,100.0,3,Starting,547.58,750.7
1794216120000000000,2026-11-09T09:22:00Z,controller 1,1.184,12.116,-20.62,272.71,577.57,6.9,7.83,100.0,1,Starting,513.08,768.71
1794216180000000000,2026-11-09T09:23:00Z,free response,1.177,12.74,5.31,256.45,96.53,6.87,8.81,100.0,1,Starting,517.39,767.52
1794216240000000000,2026-11-09T09:24:00Z,free response,1.157,11.973,107.18,142.03,164.81,6.85,8.63,100.0,3,Starting,506.39,754.23
1794216300000000000,2026-11-09T09:25:00Z,free response,1.14,11.98,-20.71,21.45,196.81,6.81,8.45,100.0,2,Starting,496.44,749.32
1794216360000000000,2026-11-09T09:26:00Z,controller 2,1.165,12.3,1.3,10.85,181.09,6.8,8.26,100.0,2,Starting,483.81,779.12
1794216420000000000,2026-11-09T09:27:00Z,controller 1,1.176,12.273,188.02,410.88,8.35,6.79,8.87,94.14,2,Starting,456.17,788.17
1794216480000000000,2026-11-09T09:28:00Z,free response,1.194,12.185,17.27,119.24,567.88,6.77,9.06,100.0,2,Starting,478.49,772.53
1794216540000000000,2026-11-09T09:29:00Z,controller 2,1.152,12.209,48.91,361.89,205.76,6.75,8.54,100.0,3,Starting,453.76,762.57
1794216600000000000,2026-11-09T09:30:00Z,free response,1.199,8.764,102.11,272.91,260.86,6.74,6.71,100.0,3,Starting,473.92,789.39
1794216660000000000,2026-11-09T09:31:00Z,controller 2,1.222,8.2,139.63,106.73,527.08,6.71,6.35,100.0,2,Starting,516.94,811.72
1794216720000000000,2026-11-09T09:32:00Z,controller 2,1.139,8.491,63.08,203.12,515.61,6.7,5.69,100.0,1,Starting,525.61,822.6
1794216780000000000,2026-11-09T09:33:00Z,controller 2,1.181,8.469,191.32,182.51,124.3,6.68,5.76,100.0,2,Starting,489.09,808.79
1794216840000000000,2026-11-09T09:34:00Z,free response,1.147,8.242,-15.59,192.34,583.61,6.65,5.92,100.0,1,Starting,536.6,781.16
1794216900000000000,2026-11-09T09:35:00Z,free response,1.077,8.074,120.75,330.62,470.63,6.62,5.08,100.0,1,Starting,530.58,760.67
1794216960000000000,2026-11-09T09:36:00Z,controller 1,1.074,8.379,137.31,446.35,135.86,6.6,4.62,100.0,1,Starting,544.21,768.79
1794217020000000000,2026-11-09T09:37:00Z,controller 2,1.197,8.533,141.09,287.16,190.3,6.59,6.12,100.0,3,Starting,494.74,759.93
1794217080000000000,2026-11-09T09:38:00Z,free response,1.083,8.104,60.42,200.76,230.8,6.57,4.49,100.0,2,Starting,507.38,748.14
1794217140000000000,2026-11-09T09:39:00Z,controller 2,1.148,8.749,66.44,234.96,95.45,6.56,6.23,100.0,1,Starting,510.88,754.4
1794217200000000000,2026-11-09T09:40:00Z,free response,1.102,8.63,80.31,20.61,458.32,6.54,5.24,100.0,2,Starting,522.33,733.02
1794217260000000000,2026-11-09T09:41:00Z,controller 2,1.204,8.099,195.64,424.09,41.2,6.51,6.32,100.0,3,Starting,507.95,711.13
1794217320000000000,2026-11-09T09:42:00Z,free response,1.152,8.353,131.44,110.14,290.34,6.5,5.6,100.0,3,Starting,708.9,752.63
1794217380000000000,2026-11-09T09:43:00Z,free response,1.158,8.825,1.23,306.1,184.81,6.5,5.97,100.0,3,Starting,680.14,730.26
1794217440000000000,2026-11-09T09:44:00Z,controller 2,1.07,8.22,112.98,84.07,387.53,6.49,4.57,100.0,1,Starting,699.28,731.8
1794217500000000000,2026-11-09T09:45:00Z,controller 2,1.053,8.268,124.39,14.26,462.24,6.46,4.4,100.0,1,Starting,676.7,711.23
1794217560000000000,2026-11-09T09:46:00Z,controller 1,1.052,8.387,178.44,273.0,202.72,6.44,4.6,100.0,1,Starting,657.83,715.69
1794217620000000000,2026-11-09T09:47:00Z,controller 1,1.219,8.411,175.04,121.52,226.09,6.41,6.11,100.0,3,Starting,695.84,698.54
1794217680000000000,2026-11-09T09:48:00Z,controller 1,1.163,8.129,163.78,339.64,417.13,6.39,5.65,100.0,1,Starting,660.12,701.62
1794217740000000000,2026-11-09T09:49:00Z,controller 2,1.2,8.452,61.0,120.48,210.29,6.36,6.62,100.0,2,Starting,622.28,729.29
1794217800000000000,2026-11-09T09:50:00Z,controller 2,1.187,8.542,14.39,102.66,238.56,6.36,6.04,100.0,3,Starting,671.7,719.39
1794217860000000000,2026-11-09T09:51:00Z,controller 2,1.15,8.78,-5.35,71.55,314.06,6.35,5.72,100.0,1,Starting,676.51,709.22
1794217920000000000,2026-11-09T09:52:00Z,controller 2,1.102,8.292,138.13,256.27,190.43,6.32,4.9,100.0,1,Starting,711.46,731.44
1794217980000000000,2026-11-09T09:53:00Z,free response,1.173,8.727,91.17,26.4,287.7,6.3,5.52,100.0,1,Starting,675.72,743.71
1794218040000000000,2026-11-09T09:54:00Z,free response,1.206,8.452,140.59,129.56,41.98,6.28,6.02,100.0,3,Starting,698.42,730.33
1794218100000000000,2026-11-09T09:55:00Z,controller 2,1.157,8.663,44.74,123.76,35.09,6.27,5.86,100.0,3,Starting,693.23,731.19
1794218160000000000,2026-11-09T09:56:00Z,controller 1,1.178,8.202,76.67,28.33,55.2,6.25,6.15,100.0,2,Starting,574.69,352.25
1794218220000000000,2026-11-09T09:57:00Z,controller 2,1.188,8.12,65.59,126.04,204.74,6.23,6.23,100.0,2,Starting,611.03,342.87
1794218280000000000,2026-11-09T09:58:00Z,controller 2,1.174,8.147,51.41,110.2,539.83,6.2,5.76,100.0,3,Starting,577.51,371.55
1794218340000000000,2026-11-09T09:59:00Z,free response,1.191,8.447,105.92,7.33,166.3,6.18,6.07,100.0,1,Starting,563.45,343.74
1794218400000000000,2026-11-09T10:00:00Z,free response,1.785,6.934,92.06,163.87,382.4,6.15,11.48,100.0,2,Starting,541.21,366.82
1794218460000000000,2026-11-09T10:01:00Z,controller 2,1.685,7.439,-11.79,442.85,127.43,6.14,10.5,100.0,1,Starting,557.45,382.72
1794218520000000000,2026-11-09T10:02:00Z,controller 2,1.831,7.521,172.24,28.04,36.75,6.12,12.77,100.0,1,Starting,573.54,395.3
1794218580000000000,2026-11-09T10:03:00Z,controller 2,1.827,7.38,134.83,348.11,129.86,6.11,12.75,100.0,3,Starting,600.36,366.19
1794218640000000000,2026-11-09T10:04:00Z,free response,1.794,7.071,197.95,20.12,439.65,6.08,12.07,100.0,2,Starting,577.51,363.32
1794218700000000000,2026-11-09T10:05:00Z,controller 1,1.733,7.491,183.44,128.7,256.45,6.04,11.33,100.0,3,Starting,591.25,391.74
1794218760000000000,2026-11-09T10:06:00Z,free response,1.656,7.418,135.3,68.27,553.63,6.04,11.16,100.0,2,Starting,543.94,371.45
1794218820000000000,2026-11-09T10:07:00Z,controller 1,1.829,7.52,180.9,343.3,287.9,6.03,12.73,100.0,1,Starting,494.5,393.05
1794218880000000000,2026-11-09T10:08:00Z,free response,1.712,6.977,56.56,34.9,37.16,6.02,10.33,100.0,3,Starting,524.86,368.85
1794218940000000000,2026-11-09T10:09:00Z,free response,1.699,7.126,159.32,405.18,501.17,6.01,10.77,100.0,2,Starting,481.97,377.95
1794219000000000000,2026-11-09T10:10:00Z,controller 2,1.679,7.002,93.08,374.86,512.57,5.99,9.11,100.0,1,Starting,474.3,363.0
1794219060000000000,2026-11-09T10:11:00Z,controller 2,1.697,7.024,127.11,106.83,236.39,5.98,11.02,100.0,1,Starting,437.36,362.88
1794219120000000000,2026-11-09T10:12:00Z,controller 2,1.724,7.107,-5.23,154.2,483.15,5.96,10.12,100.0,1,Starting,406.08,334.09
1794219180000000000,2026-11-09T10:13:00Z,controller 1,1.757,7.545,38.4,346.67,265.86,5.94,12.44,100.0,1,Starting,371.14,311.0
1794219240000000000,2026-11-09T10:14:00Z,controller 2,1.724,7.5,60.76,390.38,313.64,5.91,11.63,100.0,3,Starting,334.43,335.49
1794219300000000000,2026-11-09T10:15:00Z,free response,1.679,7.413,123.37,432.72,556.08,5.9,9.91,100.0,1,Starting,325.88,308.58
1794219360000000000,2026-11-09T10:16:00Z,controller 1,1.705,7.342,163.2,366.78,152.17,5.87,10.1,100.0,2,Starting,282.91,327.39
1794219420000000000,2026-11-09T10:17:00Z,controller 1,1.655,7.563,-6.13,341.98,324.21,5.85,11.11,100.0,3,Starting,305.54,311.32
1794219480000000000,2026-11-09T10:18:00Z,free response,1.805,7.526,97.63,427.23,378.2,5.83,12.39,100.0,2,Starting,262.5,326.97
1794219540000000000,2026-11-09T10:19:00Z,free response,1.818,7.369,198.45,244.83,165.46,5.81,13.37,100.0,2,Starting,226.59,329.07
1794219600000000000,2026-11-09T10:20:00Z,controller 1,1.781,6.891,102.57,266.95,63.0,5.78,10.68,100.0,2,Starting,237.81,337.75
1794219660000000000,2026-11-09T10:21:00Z,controller 1,1.701,7.601,78.35,102.35,47.63,5.76,10.93,100.0,3,Starting,211.7,347.32
1794219720000000000,2026-11-09T10:22:00Z,free response,1.68,7.533,-17.9,145.62,46.88,5.75,11.65,100.0,3,Starting,259.65,355.23
1794219780000000000,2026-11-09T10:23:00Z,controller 2,1.656,7.367,124.43,379.85,482.34,5.72,9.68,100.0,2,Starting,214.41,379.33
1794219840000000000,2026-11-09T10:24:00Z,controller 1,1.723,7.005,18.9,129.22,91.35,5.69,9.68,100.0,1,Starting,249.65,352.32
1794219900000000000,2026-11-09T10:25:00Z,free response,1.75,7.106,29.2,174.24,315.99,5.68,10.46,100.0,1,Starting,234.56,368.49
1794219960000000000,2026-11-09T10:26:00Z,controller 2,1.793,7.539,89.25,214.99,156.68,5.67,11.52,100.0,3,Starting,218.81,364.32
1794220020000000000,2026-11-09T10:27:00Z,controller 1,1.741,7.474,14.33,336.84,494.39,5.64,12.02,100.0,1,Starting,1012.89,893.34
1794220080000000000,2026-11-09T10:28:00Z,controller 2,1.678,7.509,17.04,251.62,62.63,5.63,9.61,100.0,2,Starting,980.03,913.3
1794220140000000000,2026-11-09T10:29:00Z,controller 2,1.748,6.996,168.56,387.8,158.95,5.61,11.58,100.0,3,Starting,998.26,888.5
1794220200000000000,2026-11-09T10:30:00Z,controller 2,1.821,12.918,38.79,94.01,539.4,5.59,21.19,100.0,2,Starting,1027.58,886.29
1794220260000000000,2026-11-09T10:31:00Z,controller 1,1.879,13.036,143.98,189.57,94.25,5.55,20.87,100.0,3,Starting,1034.18,906.39
1794220320000000000,2026-11-09T10:32:00Z,free response,1.961,13.386,113.54,370.39,197.16,5.53,23.43,100.0,2,Starting,1067.22,892.81
1794220380000000000,2026-11-09T10:33:00Z,free response,1.829,13.337,40.37,178.06,361.02,5.5,20.93,100.0,1,Starting,1100.83,886.73
1794220440000000000,2026-11-09T10:34:00Z,controller 2,1.86,13.136,190.87,168.79,327.43,5.49,21.0,100.0,3,Starting,1097.07,860.33
1794220500000000000,2026-11-09T10:35:00Z,controller 1,1.939,13.003,169.7,92.05,550.07,5.48,22.35,100.0,1,Starting,1130.71,854.07
1794220560000000000,2026-11-09T10:36:00Z,free response,1.865,13.574,180.72,201.69,266.96,5.45,25.06,100.0,1,Starting,713.6,687.78
1794220620000000000,2026-11-09T10:37:00Z,controller 2,1.85,13.127,11.65,102.67,239.94,5.44,23.68,100.0,2,Starting,717.2,670.04
1794220680000000000,2026-11-09T10:38:00Z,free response,1.839,13.622,-9.94,379.65,521.55,5.42,24.21,100.0,1,Starting,751.2,669.19
1794220740000000000,2026-11-09T10:39:00Z,controller 1,1.898,13.613,179.97,345.59,125.03,5.41,23.21,100.0,3,Starting,753.95,674.73
1794220800000000000,2026-11-09T10:40:00Z,free response,1.885,13.281,193.43,351.74,527.46,5.38,24.22,100.0,1,Starting,715.67,682.17
1794220860000000000,2026-11-09T10:41:00Z,controller 1,1.925,13.42,16.75,264.63,23.95,5.35,22.4,100.0,3,Starting,728.66,678.51
1794220920000000000,2026-11-09T10:42:00Z,free response,1.926,13.498,191.99,190.21,550.03,5.32,23.04,100.0,2,Starting,736.06,690.74
1794220980000000000,2026-11-09T10:43:00Z,controller 2,1.94,13.113,-17.63,176.35,295.34,5.3,23.65,100.0,2,On,778.25,692.77
1794221040000000000,2026-11-09T10:44:00Z,free response,1.81,13.511,84.09,30.27,157.38,5.28,21.25,100.0,1,On,769.85,690.82
1794221100000000000,2026-11-09T10:45:00Z,controller 1,1.83,12.905,44.15,73.06,423.24,5.25,21.01,100.0,3,On,813.88,702.71
1794221160000000000,2026-11-09T10:46:00Z,controller 2,1.926,13.127,98.53,374.97,319.13,5.22,24.86,100.0,1,On,809.31,726.34
1794221220000000000,2026-11-09T10:47:00Z,controller 2,1.876,13.323,147.86,53.46,98.68,5.19,25.37,100.0,2,On,827.73,743.09
1794221280000000000,2026-11-09T10:48:00Z,free response,1.953,13.211,-6.39,51.29,91.51,5.18,25.11,100.0,1,On,793.86,738.88
1794221340000000000,2026-11-09T10:49:00Z,free response,1.965,13.301,97.71,332.07,166.94,5.17,24.25,100.0,2,On,747.98,761.85
1794221400000000000,2026-11-09T10:50:00Z,free response,1.847,13.251,73.92,425.33,125.01,5.16,23.53,100.0,3,On,763.65,748.16
1794221460000000000,2026-11-09T10:51:00Z,free response,1.827,13.069,70.56,348.03,292.39,5.15,20.01,100.0,1,On,766.2,762.82
1794221520000000000,2026-11-09T10:52:00Z,free response,1.805,13.168,186.57,173.61,366.78,5.12,20.28,100.0,2,On,777.31,751.53
1794221580000000000,2026-11-09T10:53:00Z,free response,1.895,13.506,-23.88,74.25,48.01,5.1,22.04,100.0,2,On,789.45,762.22
1794221640000000000,2026-11-09T10:54:00Z,controller 1,1.943,12.986,193.12,140.5,30.48,5.06,23.8,100.0,1,On,739.87,781.77
1794221700000000000,2026-11-09T10:55:00Z,controller 1,1.957,13.477,19.44,234.09,484.97,5.05,23.62,100.0,1,On,696.6,753.75
1794221760000000000,2026-11-09T10:56:00Z,controller 2,1.848,13.623,121.21,247.11,502.69,5.02,21.05,100.0,1,On,660.84,762.74
1794221820000000000,2026-11-09T10:57:00Z,controller 2,1.913,13.208,33.88,253.8,253.85,4.99,25.3,100.0,1,On,693.6,743.4
1794221880000000000,2026-11-09T10:58:00Z,free response,1.88,13.34,46.01,267.59,353.76,4.98,24.12,100.0,2,On,795.7,707.98
1794221940000000000,2026-11-09T10:59:00Z,free response,1.919,13.255,65.57,433.32,240.94,4.97,26.12,100.0,3,On,749.29,706.4
1794222000000000000,2026-11-09T11:00:00Z,controller 2,2.258,10.187,194.29,104.08,135.13,4.95,27.76,100.0,1,On,729.9,723.47
1794222060000000000,2026-11-09T11:01:00Z,free response,2.131,10.248,80.68,410.47,328.87,4.93,21.84,100.0,3,On,685.25,698.57
1794222120000000000,2026-11-09T11:02:00Z,free response,2.123,10.298,-6.82,378.04,458.1,4.91,22.12,100.0,1,On,735.13,715.86
1794222180000000000,2026-11-09T11:03:00Z,controller 2,2.272,9.865,137.61,53.37,582.0,4.89,27.66,100.0,3,On,758.5,701.49
1794222240000000000,2026-11-09T11:04:00Z,free response,2.271,9.899,-26.7,298.2,206.51,4.86,26.05,100.0,1,On,767.21,705.63
1794222300000000000,2026-11-09T11:05:00Z,controller 2,2.237,9.951,49.7,185.83,399.01,4.84,25.33,100.0,1,On,805.92,695.02
1794222360000000000,2026-11-09T11:06:00Z,controller 1,2.114,10.402,124.67,377.49,548.93,4.84,21.55,100.0,1,On,503.96,575.93
1794222420000000000,2026-11-09T11:07:00Z,controller 1,2.126,9.661,128.59,248.57,21.42,4.82,23.76,90.15,1,On,512.11,587.17
1794222480000000000,2026-11-09T11:08:00Z,free response,2.174,10.16,72.38,177.85,234.2,4.78,25.43,100.0,2,On,468.4,601.5
1794222540000000000,2026-11-09T11:09:00Z,controller 1,2.2,10.085,-26.83,197.4,309.6,4.78,24.53,100.0,2,On,473.4,609.38
1794222600000000000,2026-11-09T11:10:00Z,free response,2.133,10.016,123.81,46.84,252.01,4.77,23.37,100.0,2,On,452.18,587.8
1794222660000000000,2026-11-09T11:11:00Z,controller 2,2.217,10.412,1.01,145.53,460.65,4.74,25.64,100.0,3,On,429.02,571.48
1794222720000000000,2026-11-09T11:12:00Z,controller 2,2.171,10.269,57.45,106.16,268.6,4.73,23.83,100.0,3,On,447.38,571.32
1794222780000000000,2026-11-09T11:13:00Z,controller 2,2.149,9.773,63.52,43.88,282.33,4.7,20.6,100.0,1,On,399.51,582.45
1794222840000000000,2026-11-09T11:14:00Z,controller 2,2.176,9.711,-20.39,382.38,593.53,4.68,20.86,100.0,2,On,433.91,573.63
1794222900000000000,2026-11-09T11:15:00Z,free response,2.282,10.332,155.72,55.65,211.84,4.67,24.99,100.0,1,On,472.92,586.14
1794222960000000000,2026-11-09T11:16:00Z,free response,2.215,9.726,59.04,283.15,8.9,4.64,24.89,35.76,2,On,469.12,566.67
1794223020000000000,2026-11-09T11:17:00Z,controller 1,2.251,9.903,27.88,142.78,186.18,4.62,27.41,100.0,1,On,446.59,579.56
1794223080000000000,2026-11-09T11:18:00Z,controller 1,2.112,10.12,12.06,83.02,385.46,4.6,20.59,100.0,1,On,436.66,602.53
1794223140000000000,2026-11-09T11:19:00Z,free response,2.209,9.943,145.31,424.95,376.26,4.57,25.93,100.0,1,On,407.69,600.9
1794223200000000000,2026-11-09T11:20:00Z,controller 2,2.137,10.059,13.23,19.86,83.31,4.55,23.3,100.0,2,On,374.4,585.38
1794223260000000000,2026-11-09T11:21:00Z,controller 2,2.265,9.942,51.57,420.76,420.87,4.52,25.35,100.0,2,On,724.64,940.0
1794223320000000000,2026-11-09T11:22:00Z,controller 1,2.157,10.303,69.96,54.76,523.96,4.49,23.72,100.0,1,On,736.68,948.05
1794223380000000000,2026-11-09T11:23:00Z,free response,2.255,9.897,96.51,241.18,128.23,4.47,25.11,100.0,1,On,700.62,928.86
1794223440000000000,2026-11-09T11:24:00Z,free response,2.26,9.773,147.55,407.41,523.46,4.45,27.13,100.0,1,On,694.09,936.82
1794223500000000000,2026-11-09T11:25:00Z,controller 2,2.133,9.727,49.77,284.36,44.27,4.42,22.38,100.0,1,On,702.33,927.48
1794223560000000000,2026-11-09T11:26:00Z,controller 1,2.123,10.348,94.66,412.35,352.11,4.39,25.34,100.0,3,On,692.55,921.07
1794223620000000000,2026-11-09T11:27:00Z,controller 2,2.195,10.12,140.32,106.68,591.42,4.38,24.05,100.0,3,On,677.91,929.17
1794223680000000000,2026-11-09T11:28:00Z,controller 1,2.156,9.793,85.51,147.83,311.51,4.35,21.94,100.0,2,On,696.7,905.5
1794223740000000000,2026-11-09T11:29:00Z,free response,2.243,9.901,37.86,161.91,35.31,4.33,26.66,100.0,1,On,723.69,908.5
1794223800000000000,2026-11-09T11:30:00Z,controller 2,1.468,8.296,173.26,78.27,121.66,4.29,8.25,100.0,3,On,676.63,909.48
1794223860000000000,2026-11-09T11:31:00Z,controller 2,1.555,8.825,-16.96,74.88,314.11,4.28,10.15,100.0,1,On,633.18,879.97
1794223920000000000,2026-11-09T11:32:00Z,controller 1,1.429,8.773,81.74,0.26,201.27,4.27,9.71,100.0,1,On,625.42,892.36
1794223980000000000,2026-11-09T11:33:00Z,controller 1,1.526,8.222,-17.57,436.74,584.67,4.25,9.03,100.0,2,On,671.32,885.13
1794224040000000000,2026-11-09T11:34:00Z,free response,1.524,8.316,63.2,345.97,146.77,4.24,10.36,100.0,1,On,660.9,860.96
1794224100000000000,2026-11-09T11:35:00Z,controller 2,1.582,8.659,53.14,213.54,308.39,4.22,9.97,100.0,1,On,704.7,832.19
1794224160000000000,2026-11-09T11:36:00Z,controller 1,1.434,8.356,16.79,63.6,244.6,4.19,9.11,100.0,2,On,675.62,831.56
1794224220000000000,2026-11-09T11:37:00Z,free response,1.444,8.463,157.12,189.85,331.39,4.16,9.02,100.0,1,On,698.48,848.9
1794224280000000000,2026-11-09T11:38:00Z,free response,1.529,8.466,123.07,140.69,90.94,4.12,10.61,100.0,3,On,664.79,864.81
1794224340000000000,2026-11-09T11:39:00Z,free response,1.59,8.172,-3.93,354.38,342.32,4.1,9.71,100.0,1,On,696.85,882.53
1794224400000000000,2026-11-09T11:40:00Z,controller 1,1.468,8.747,105.36,76.38,491.63,4.07,9.62,100.0,3,On,730.4,856.0
1794224460000000000,2026-11-09T11:41:00Z,controller 2,1.523,8.111,35.47,273.14,555.17,4.04,8.48,100.0,2,On,682.85,835.67
1794224520000000000,2026-11-09T11:42:00Z,controller 2,1.501,8.171,8.65,332.34,508.19,4.01,9.58,100.0,3,On,731.53,821.11
1794224580000000000,2026-11-09T11:43:00Z,controller 1,1.46,8.684,129.21,176.83,248.86,4.0,10.0,100.0,1,On,744.36,823.47
1794224640000000000,2026-11-09T11:44:00Z,controller 1,1.579,8.775,180.83,437.93,180.93,3.97,11.76,100.0,2,On,734.74,794.45
1794224700000000000,2026-11-09T11:45:00Z,controller 2,1.519,8.55,103.09,71.19,304.76,3.94,9.12,100.0,1,On,772.34,808.75
1794224760000000000,2026-11-09T11:46:00Z,free response,1.466,8.342,103.11,218.13,274.84,3.92,9.72,100.0,1,On,749.43,795.42
1794224820000000000,2026-11-09T11:47:00Z,free response,1.426,8.689,185.93,198.19,403.47,3.89,8.65,100.0,1,On,709.41,812.29
1794224880000000000,2026-11-09T11:48:00Z,free response,1.517,8.736,66.04,379.66,423.74,3.87,9.1,100.0,1,On,670.32,824.12
1794224940000000000,2026-11-09T11:49:00Z,free response,1.426,8.11,161.71,263.02,122.26,3.86,9.07,100.0,2,On,640.7,845.61
1794225000000000000,2026-11-09T11:50:00Z,free response,1.568,8.718,73.29,330.11,597.56,3.82,11.41,100.0,2,On,682.41,854.44
1794225060000000000,2026-11-09T11:51:00Z,controller 1,1.551,8.27,181.75,94.83,377.0,3.81,10.38,100.0,3,On,699.95,878.96
1794225120000000000,2026-11-09T11:52:00Z,controller 2,1.574,8.382,3.11,367.1,560.02,3.8,10.29,100.0,1,On,705.95,870.8
1794225180000000000,2026-11-09T11:53:00Z,free response,1.517,8.302,151.9,8.55,451.75,3.79,10.21,100.0,2,On,685.3,847.63
1794225240000000000,2026-11-09T11:54:00Z,controller 1,1.487,8.457,152.04,73.22,340.32,3.77,9.49,100.0,1,On,670.61,874.23
1794225300000000000,2026-11-09T11:55:00Z,controller 1,1.555,8.346,73.05,142.14,36.79,3.74,10.27,100.0,2,On,1255.21,320.66
1794225360000000000,2026-11-09T11:56:00Z,controller 1,1.44,8.133,172.58,47.21,170.17,3.73,9.21,100.0,3,On,1231.09,307.54
1794225420000000000,2026-11-09T11:57:00Z,free response,1.55,8.1,138.15,19.06,521.86,3.72,9.58,100.0,2,On,1235.04,331.89
1794225480000000000,2026-11-09T11:58:00Z,controller 1,1.575,8.822,49.8,249.57,429.04,3.71,10.28,100.0,1,On,1264.79,341.47
1794225540000000000,2026-11-09T11:59:00Z,controller 1,1.463,8.777,117.2,83.8,560.03,3.68,9.01,100.0,2,On,1269.49,355.1
1794225600000000000,2026-11-09T12:00:00Z,controller 2,2.584,3.421,102.35,284.89,83.96,3.67,11.71,100.0,1,On,1305.73,340.34
1794225660000000000,2026-11-09T12:01:00Z,controller 2,2.644,2.975,60.33,421.8,440.02,3.65,10.78,100.0,1,On,1268.77,314.22
1794225720000000000,2026-11-09T12:02:00Z,controller 2,2.607,3.324,111.98,194.09,459.96,3.62,11.15,100.0,1,On,1270.47,326.79
1794225780000000000,2026-11-09T12:03:00Z,controller 1,2.618,2.876,162.12,168.56,22.36,3.59,9.79,100.0,1,On,1260.27,335.7
1794225840000000000,2026-11-09T12:04:00Z,controller 1,2.644,2.914,140.81,117.17,46.55,3.56,9.82,100.0,1,On,1264.96,319.2
1794225900000000000,2026-11-09T12:05:00Z,free response,2.682,2.967,131.13,183.68,455.88,3.54,11.56,100.0,1,On,1243.49,328.49
1794225960000000000,2026-11-09T12:06:00Z,controller 2,2.69,2.765,-13.39,77.1,123.31,3.51,10.19,100.0,3,On,1197.47,304.38
1794226020000000000,2026-11-09T12:07:00Z,controller 2,2.676,3.241,177.56,444.38,109.44,3.49,11.07,100.0,1,On,1149.44,297.18
1794226080000000000,2026-11-09T12:08:00Z,free response,2.551,3.128,125.54,361.51,61.91,3.47,9.5,100.0,1,On,1128.55,320.61
1794226140000000000,2026-11-09T12:09:00Z,controller 1,2.627,3.271,93.64,328.09,16.04,3.47,11.66,100.0,2,On,1174.81,303.48
1794226200000000000,2026-11-09T12:10:00Z,controller 1,2.583,2.951,179.87,351.52,307.65,3.46,9.03,100.0,3,On,1163.08,288.22
1794226260000000000,2026-11-09T12:11:00Z,controller 1,2.644,3.1,198.06,179.01,198.45,3.44,11.19,100.0,2,Starting,1199.49,294.47
1794226320000000000,2026-11-09T12:12:00Z,controller 2,2.638,2.737,14.94,344.29,62.24,3.42,8.82,100.0,3,Starting,1220.47,276.84
1794226380000000000,2026-11-09T12:13:00Z,controller 2,2.638,3.171,86.55,293.3,232.58,3.41,10.94,100.0,3,Starting,1247.56,281.0
1794226440000000000,2026-11-09T12:14:00Z,free response,2.558,2.753,-5.43,83.7,450.58,3.4,9.01,100.0,1,Starting,1206.92,256.44
1794226500000000000,2026-11-09T12:15:00Z,controller 2,2.558,3.125,92.68,336.41,125.54,3.38,9.63,100.0,3,Starting,1211.34,246.46
1794226560000000000,2026-11-09T12:16:00Z,controller 2,2.655,3.264,100.76,75.56,65.46,3.36,10.66,100.0,1,Starting,1185.38,261.69
1794226620000000000,2026-11-09T12:17:00Z,controller 2,2.631,3.103,121.72,270.64,236.6,3.35,9.71,100.0,2,Starting,1150.95,257.26
1794226680000000000,2026-11-09T12:18:00Z,free response,2.574,3.065,107.38,363.04,558.94,3.32,9.55,100.0,3,Starting,1175.84,234.08
1794226740000000000,2026-11-09T12:19:00Z,controller 1,2.699,3.098,171.82,39.75,65.97,3.31,10.44,100.0,1,Starting,1180.22,251.54
1794226800000000000,2026-11-09T12:20:00Z,controller 1,2.707,2.811,29.31,4.0,124.48,3.29,10.77,100.0,3,Starting,1136.33,271.04
1794226860000000000,2026-11-09T12:21:00Z,controller 1,2.69,3.198,10.77,286.29,436.74,3.26,12.26,100.0,1,Starting,1128.86,293.87
1794226920000000000,2026-11-09T12:22:00Z,controller 2,2.674,2.946,46.19,351.5,313.24,3.24,11.25,100.0,2,Starting,1116.71,279.47
1794226980000000000,2026-11-09T12:23:00Z,controller 2,2.531,3.258,24.47,448.48,209.78,3.21,11.31,100.0,1,Starting,1102.97,303.55
1794227040000000000,2026-11-09T12:24:00Z,controller 1,2.66,2.901,4.22,367.12,331.4,3.2,9.92,100.0,2,Starting,1138.98,278.25
1794227100000000000,2026-11-09T12:25:00Z,controller 1,2.617,2.748,-28.78,387.23,267.83,3.19,8.93,100.0,2,Starting,1107.03,263.97
1794227160000000000,2026-11-09T12:26:00Z,controller 2,2.671,2.83,56.21,182.54,336.98,3.18,10.63,100.0,1,Starting,1108.08,244.94
1794227220000000000,2026-11-09T12:27:00Z,controller 2,2.611,2.859,54.75,58.59,457.78,3.18,10.69,100.0,2,Starting,1133.98,262.03
1794227280000000000,2026-11-09T12:28:00Z,free response,2.609,3.303,15.96,118.4,178.24,3.16,10.13,100.0,3,Starting,1125.51,250.96
1794227340000000000,2026-11-09T12:29:00Z,controller 1,2.707,2.857,49.27,142.71,109.73,3.14,11.46,100.0,1,Starting,1148.52,233.66
1794227400000000000,2026-11-09T12:30:00Z,controller 1,2.663,3.153,117.08,331.05,522.17,3.11,10.8,100.0,2,Starting,1187.8,231.77
1794227460000000000,2026-11-09T12:31:00Z,controller 1,2.761,3.281,7.63,266.63,70.73,3.07,12.84,100.0,1,Starting,1208.81,258.98
1794227520000000000,2026-11-09T12:32:00Z,controller 2,2.726,2.74,121.96,105.22,308.39,3.04,10.5,100.0,1,Starting,1229.87,285.42
1794227580000000000,2026-11-09T12:33:00Z,controller 1,2.75,3.329,85.49,327.59,352.71,3.02,12.96,100.0,1,Starting,1226.76,262.84
1794227640000000000,2026-11-09T12:34:00Z,controller 2,2.588,3.5,89.53,12.46,259.93,3.01,10.94,100.0,1,Starting,1246.92,278.27
1794227700000000000,2026-11-09T12:35:00Z,controller 1,2.712,3.28,131.95,3.95,303.32,2.99,12.97,100.0,2,Starting,1223.03,276.4
1794227760000000000,2026-11-09T12:36:00Z,controller 2,2.687,3.217,-27.72,69.42,438.14,2.97,12.44,100.0,2,Starting,1252.85,251.24
1794227820000000000,2026-11-09T12:37:00Z,controller 1,2.728,3.499,136.36,168.25,562.67,2.96,14.03,100.0,1,Starting,1207.18,221.91
1794227880000000000,2026-11-09T12:38:00Z,controller 2,2.649,2.945,2.28,381.07,239.54,2.92,10.07,100.0,2,Starting,1246.22,220.46
1794227940000000000,2026-11-09T12:39:00Z,controller 1,2.683,3.088,86.53,341.63,543.32,2.89,11.0,100.0,2,Starting,1210.52,248.43
1794228000000000000,2026-11-09T12:40:00Z,controller 1,2.592,3.273,25.54,66.23,366.46,2.88,10.24,100.0,2,Starting,1239.61,265.72
1794228060000000000,2026-11-09T12:41:00Z,controller 2,2.706,3.514,125.04,246.15,147.18,2.85,13.75,100.0,3,Starting,1221.7,276.57
1794228120000000000,2026-11-09T12:42:00Z,controller 2,2.684,3.213,71.66,200.43,346.75,2.9,11.81,100.0,2,Starting,1211.97,289.46
1794228180000000000,2026-11-09T12:43:00Z,controller 1,2.711,2.962,131.58,193.42,294.96,2.98,9.99,100.0,2,Starting,1162.74,297.0
1794228240000000000,2026-11-09T12:44:00Z,free response,2.66,2.907,-11.66,295.14,72.11,3.01,9.69,100.0,2,Starting,1196.21,321.05
1794228300000000000,2026-11-09T12:45:00Z,controller 2,2.733,3.077,-28.07,189.52,384.02,3.04,12.15,100.0,2,Starting,1167.31,325.97
1794228360000000000,2026-11-09T12:46:00Z,controller 1,2.641,3.251,167.21,406.01,209.73,3.13,11.84,100.0,3,Starting,1179.73,338.57
1794228420000000000,2026-11-09T12:47:00Z,controller 1,2.632,2.864,111.86,146.19,326.8,3.21,9.52,100.0,2,Starting,1217.63,355.52
1794228480000000000,2026-11-09T12:48:00Z,free response,2.596,3.001,155.61,317.69,35.76,3.29,10.32,100.0,2,Starting,1185.33,360.57
1794228540000000000,2026-11-09T12:49:00Z,controller 1,2.627,2.977,190.62,102.54,589.99,3.35,9.34,100.0,1,Starting,767.66,685.63
1794228600000000000,2026-11-09T12:50:00Z,controller 1,2.605,3.123,124.78,242.92,350.18,3.44,9.57,100.0,3,Starting,812.5,672.83
1794228660000000000,2026-11-09T12:51:00Z,controller 1,2.683,3.496,182.85,92.01,204.84,3.5,13.4,100.0,2,Starting,787.72,701.69
1794228720000000000,2026-11-09T12:52:00Z,free response,2.612,3.422,87.31,159.78,265.14,3.54,12.25,100.0,2,Starting,820.59,726.81
1794228780000000000,2026-11-09T12:53:00Z,controller 2,2.689,2.782,96.37,21.4,441.29,3.6,9.47,100.0,1,Starting,822.13,705.03
1794228840000000000,2026-11-09T12:54:00Z,controller 2,2.689,3.208,41.4,190.03,189.62,3.69,12.69,100.0,2,Starting,815.27,696.49
1794228900000000000,2026-11-09T12:55:00Z,free response,2.664,3.31,127.71,413.8,306.3,3.78,11.18,100.0,2,Starting,861.01,678.2
1794228960000000000,2026-11-09T12:56:00Z,free response,2.732,3.368,126.17,89.45,87.15,3.85,12.62,100.0,2,Starting,875.67,679.65
1794229020000000000,2026-11-09T12:57:00Z,controller 2,2.618,3.31,-4.16,341.59,355.03,3.91,11.25,100.0,2,Starting,913.2,709.26
1794229080000000000,2026-11-09T12:58:00Z,controller 2,2.651,2.806,-2.32,46.34,30.37,3.98,9.32,100.0,2,Starting,904.47,736.03
1794229140000000000,2026-11-09T12:59:00Z,free response,2.657,3.175,39.09,359.9,405.53,4.05,12.21,100.0,2,Starting,927.6,755.7
1794229200000000000,2026-11-09T13:00:00Z,free response,1.618,1,84.47,407.81,518.34,4.11,1.4,100.0,1,Starting,923.6,783.56
1794229260000000000,2026-11-09T13:01:00Z,controller 1,1.631,1.437,21.79,367.93,325.89,4.2,1.86,100.0,2,Starting,906.7,765.96
1794229320000000000,2026-11-09T13:02:00Z,controller 2,1.481,1,41.96,270.55,169.69,4.24,1.02,100.0,2,Starting,859.11,771.29
1794229380000000000,2026-11-09T13:03:00Z,free response,1.625,1,94.82,198.63,352.19,4.28,1.3,100.0,3,Starting,833.45,793.4
1794229440000000000,2026-11-09T13:04:00Z,controller 1,1.632,1,181.53,152.66,202.58,4.35,1.26,100.0,1,Starting,827.75,791.97
1794229500000000000,2026-11-09T13:05:00Z,free response,1.519,1,100.15,317.36,592.41,4.39,1.09,100.0,2,Starting,821.92,804.07
1794229560000000000,2026-11-09T13:06:00Z,controller 2,1.533,1,40.6,226.35,140.11,4.42,1.18,100.0,3,Starting,887.0,791.83
1794229620000000000,2026-11-09T13:07:00Z,controller 2,1.619,1.262,-7.27,429.6,448.59,4.47,1.56,100.0,3,Starting,882.84,814.64
1794229680000000000,2026-11-09T13:08:00Z,controller 2,1.48,1.09,122.63,214.57,444.95,4.56,1.08,100.0,1,Starting,836.77,812.97
1794229740000000000,2026-11-09T13:09:00Z,controller 1,1.589,1,-18.37,34.46,57.65,4.64,1.16,100.0,2,Starting,846.18,824.29
1794229800000000000,2026-11-09T13:10:00Z,controller 2,1.525,1,27.92,217.29,149.85,4.67,1.08,100.0,3,Starting,891.23,821.15
1794229860000000000,2026-11-09T13:11:00Z,free response,1.613,1,27.53,215.33,233.17,4.71,1.41,100.0,1,Starting,914.29,819.93
1794229920000000000,2026-11-09T13:12:00Z,free response,1.604,1.321,16.76,10.42,175.77,4.75,1.81,100.0,2,Starting,866.67,808.89
1794229980000000000,2026-11-09T13:13:00Z,free response,1.637,1,163.72,239.12,284.82,4.84,1.39,100.0,3,Starting,818.89,809.66
1794230040000000000,2026-11-09T13:14:00Z,controller 2,1.525,1,-17.3,331.02,114.58,4.92,1.07,100.0,2,Starting,804.76,829.46
1794230100000000000,2026-11-09T13:15:00Z,free response,1.496,1,70.36,277.48,467.62,4.95,1.07,100.0,1,Starting,853.97,843.62
1794230160000000000,2026-11-09T13:16:00Z,free response,1.51,1.05,166.77,409.49,302.13,5.01,1.27,100.0,3,Starting,862.86,854.56
1794230220000000000,2026-11-09T13:17:00Z,controller 1,1.623,1.069,10.32,402.51,569.48,5.07,1.52,100.0,1,Starting,894.5,863.95
1794230280000000000,2026-11-09T13:18:00Z,controller 2,1.499,1,-15.17,380.56,436.79,5.11,1.09,100.0,2,Starting,936.32,869.48
1794230340000000000,2026-11-09T13:19:00Z,controller 2,1.493,1.15,169.87,359.41,524.12,5.2,1.27,100.0,2,Starting,971.81,882.68
1794230400000000000,2026-11-09T13:20:00Z,free response,1.531,1.123,44.64,406.28,152.0,5.27,1.39,100.0,2,Starting,985.17,911.28
1794230460000000000,2026-11-09T13:21:00Z,free response,1.538,1.386,48.83,295.66,505.45,5.36,1.65,100.0,2,Starting,1021.41,938.08
1794230520000000000,2026-11-09T13:22:00Z,free response,1.618,1.097,169.31,222.62,232.04,5.44,1.32,100.0,2,Starting,1016.74,910.23
1794230580000000000,2026-11-09T13:23:00Z,free response,1.581,1.415,129.25,80.56,520.57,5.49,1.84,100.0,1,Starting,1491.6,398.53
1794230640000000000,2026-11-09T13:24:00Z,free response,1.515,1,68.51,28.61,158.09,5.57,1.04,100.0,3,Starting,1500.0,392.0
1794230700000000000,2026-11-09T13:25:00Z,controller 2,1.529,1.165,-3.11,109.88,3.83,5.62,1.44,100.0,3,Starting,1463.41,404.88
1794230760000000000,2026-11-09T13:26:00Z,free response,1.596,1.328,113.88,11.3,502.21,5.69,1.66,100.0,3,Starting,1445.88,391.8
1794230820000000000,2026-11-09T13:27:00Z,controller 1,1.497,1,134.78,167.87,383.59,5.72,1.04,100.0,1,Starting,1417.65,364.1
1794230880000000000,2026-11-09T13:28:00Z,free response,1.633,1,-26.91,215.77,297.25,5.8,1.34,100.0,1,Starting,1416.22,353.95
1794230940000000000,2026-11-09T13:29:00Z,free response,1.606,1.366,122.51,72.58,228.31,5.83,1.59,100.0,1,Starting,1437.83,378.96
1794231000000000000,2026-11-09T13:30:00Z,free response,0.378,7.995,89.19,82.08,197.18,5.87,0.53,100.0,1,Starting,1440.98,349.81
1794231060000000000,2026-11-09T13:31:00Z,controller 1,0.411,7.818,-24.95,227.45,455.15,5.92,0.62,100.0,2,Starting,1437.03,345.66
1794231120000000000,2026-11-09T13:32:00Z,controller 1,0.317,8.328,118.44,299.38,568.03,5.99,0.4,100.0,2,Starting,1442.54,334.17
1794231180000000000,2026-11-09T13:33:00Z,controller 1,0.473,8.135,89.69,342.86,200.98,6.07,0.82,100.0,3,Starting,1300.39,568.71
1794231240000000000,2026-11-09T13:34:00Z,controller 1,0.424,8.173,158.31,161.66,552.16,6.11,0.71,100.0,3,Starting,1321.7,574.29
1794231300000000000,2026-11-09T13:35:00Z,controller 1,0.347,8.059,182.29,218.0,443.81,6.17,0.51,100.0,3,Starting,1322.89,556.66
1794231360000000000,2026-11-09T13:36:00Z,controller 2,0.382,7.901,70.87,161.29,223.27,6.26,0.57,100.0,2,Starting,1297.3,584.31
1794231420000000000,2026-11-09T13:37:00Z,free response,0.317,7.753,74.95,260.26,401.71,6.29,0.38,100.0,1,Starting,1309.77,596.35
1794231480000000000,2026-11-09T13:38:00Z,controller 1,0.453,7.768,189.04,274.47,139.46,6.38,0.72,100.0,2,Starting,1312.18,745.58
1794231540000000000,2026-11-09T13:39:00Z,controller 2,0.374,8.214,119.02,321.7,0.15,6.44,0.53,28.3,1,Starting,1289.96,745.34
1794231600000000000,2026-11-09T13:40:00Z,controller 1,0.354,7.676,160.88,332.67,381.62,6.47,0.53,100.0,3,Starting,1254.92,758.77
1794231660000000000,2026-11-09T13:41:00Z,free response,0.37,8.219,44.68,161.32,279.58,6.55,0.58,100.0,1,Starting,1265.86,764.1
1794231720000000000,2026-11-09T13:42:00Z,controller 2,0.443,7.899,121.01,145.14,241.34,6.58,0.82,100.0,1,Starting,1285.5,772.38
1794231780000000000,2026-11-09T13:43:00Z,controller 1,0.327,7.915,105.92,11.55,111.7,6.66,0.42,100.0,2,Starting,1308.43,779.13
1794231840000000000,2026-11-09T13:44:00Z,controller 2,0.452,8.317,185.76,6.93,274.7,6.73,0.8,100.0,3,Starting,1319.86,782.21
1794231900000000000,2026-11-09T13:45:00Z,controller 1,0.391,7.92,-27.95,74.79,549.07,6.79,0.55,100.0,2,Starting,1364.86,776.5
1794231960000000000,2026-11-09T13:46:00Z,free response,0.407,8.1,-27.25,4.49,115.91,6.83,0.72,100.0,3,Starting,1340.41,805.43
1794232020000000000,2026-11-09T13:47:00Z,controller 2,0.321,7.801,84.98,6.07,425.58,6.89,0.36,100.0,3,Starting,1307.22,820.97
1794232080000000000,2026-11-09T13:48:00Z,controller 1,0.445,7.953,-17.22,298.55,290.3,6.95,0.81,100.0,1,On,1321.42,848.29
1794232140000000000,2026-11-09T13:49:00Z,controller 1,0.369,8.154,160.62,104.14,85.14,7.0,0.57,100.0,2,On,1367.59,833.24
1794232200000000000,2026-11-09T13:50:00Z,free response,0.48,8.076,104.32,287.23,308.99,7.04,0.92,100.0,3,On,1400.86,804.87
1794232260000000000,2026-11-09T13:51:00Z,controller 1,0.392,7.675,144.89,420.36,242.54,7.08,0.6,100.0,2,On,1397.56,829.69
1794232320000000000,2026-11-09T13:52:00Z,controller 1,0.339,8.224,34.9,124.34,424.62,7.11,0.52,100.0,2,On,1414.91,819.18
1794232380000000000,2026-11-09T13:53:00Z,free response,0.441,7.842,183.1,389.83,216.21,7.19,0.83,100.0,2,On,1464.54,845.05
1794232440000000000,2026-11-09T13:54:00Z,free response,0.458,8.068,145.24,33.01,149.88,7.26,0.92,100.0,1,On,1445.08,833.08
1794232500000000000,2026-11-09T13:55:00Z,controller 1,0.314,8.399,78.59,163.07,538.69,7.29,0.42,100.0,2,On,1411.82,814.01
1794232560000000000,2026-11-09T13:56:00Z,free response,0.38,7.856,107.57,286.82,344.89,7.37,0.56,100.0,1,On,1375.49,806.47
1794232620000000000,2026-11-09T13:57:00Z,controller 1,0.412,8.205,60.01,272.86,154.42,7.43,0.69,100.0,2,On,1392.64,819.61
1794232680000000000,2026-11-09T13:58:00Z,controller 1,0.315,8.351,153.72,436.64,62.63,7.46,0.43,100.0,1,On,1395.55,972.02
1794232740000000000,2026-11-09T13:59:00Z,controller 1,0.472,7.962,91.14,53.89,373.61,7.52,0.85,100.0,1,On,1427.6,961.26
1794232800000000000,2026-11-09T14:00:00Z,controller 2,1.634,5.389,-18.15,418.2,40.86,7.55,6.69,100.0,2,On,1421.32,986.69
1794232860000000000,2026-11-09T14:01:00Z,free response,1.722,5.215,145.93,3.94,401.97,7.61,6.98,100.0,1,On,1407.5,996.2
1794232920000000000,2026-11-09T14:02:00Z,controller 2,1.689,5.034,119.68,295.94,334.69,7.65,7.59,100.0,2,On,1423.4,1000.0
1794232980000000000,2026-11-09T14:03:00Z,free response,1.725,5.588,126.01,443.43,175.67,7.7,8.68,100.0,1,On,1383.08,979.23
1794233040000000000,2026-11-09T14:04:00Z,free response,1.641,5.618,121.92,420.62,100.95,7.73,8.23,100.0,1,On,1385.84,980.39
1794233100000000000,2026-11-09T14:05:00Z,controller 1,1.658,5.358,29.96,326.32,396.48,7.78,7.26,100.0,1,On,1375.7,1000.0
1794233160000000000,2026-11-09T14:06:00Z,free response,1.79,5.255,133.54,78.88,171.07,7.84,7.59,100.0,3,On,1336.35,1000.0
1794233220000000000,2026-11-09T14:07:00Z,controller 1,1.705,5.019,86.29,19.36,129.36,7.89,6.85,100.0,3,On,1343.83,1000.0
1794233280000000000,2026-11-09T14:08:00Z,controller 1,1.669,4.995,0.54,305.66,362.84,7.98,7.56,100.0,1,On,1380.04,1000.0
1794233340000000000,2026-11-09T14:09:00Z,controller 1,1.771,5.297,8.08,311.64,541.65,8.07,7.53,100.0,2,On,1390.09,1000.0
1794233400000000000,2026-11-09T14:10:00Z,free response,1.758,5.657,135.35,181.33,149.15,8.1,8.5,100.0,3,On,1421.78,997.64
1794233460000000000,2026-11-09T14:11:00Z,controller 2,1.709,4.995,56.64,121.72,503.72,8.18,7.04,100.0,2,On,1387.71,995.95
1794233520000000000,2026-11-09T14:12:00Z,controller 2,1.723,5.126,197.51,333.3,118.27,8.22,7.24,100.0,1,On,1429.94,989.64
1794233580000000000,2026-11-09T14:13:00Z,controller 1,1.735,5.719,8.09,287.35,358.91,8.3,9.35,100.0,2,On,1380.76,976.42
1794233640000000000,2026-11-09T14:14:00Z,free response,1.755,5.691,-6.1,225.9,494.07,8.38,9.36,100.0,3,On,1422.15,986.41
1794233700000000000,2026-11-09T14:15:00Z,controller 1,1.698,5.19,99.83,376.22,293.7,8.46,6.83,100.0,2,On,1416.63,1000.0
1794233760000000000,2026-11-09T14:16:00Z,controller 2,1.77,5.562,191.42,252.65,160.83,8.51,7.93,100.0,1,On,1447.99,1000.0
1794233820000000000,2026-11-09T14:17:00Z,controller 1,1.792,5.234,73.98,7.37,183.37,8.58,7.64,100.0,1,On,1411.99,999.41
1794233880000000000,2026-11-09T14:18:00Z,controller 1,1.624,5.113,121.75,89.76,145.04,8.65,7.12,100.0,1,On,1364.06,986.05
1794233940000000000,2026-11-09T14:19:00Z,free response,1.76,5.535,137.2,34.76,582.98,8.67,8.27,100.0,1,On,1388.2,989.9
1794234000000000000,2026-11-09T14:20:00Z,free response,1.684,5.166,-13.17,189.74,242.6,8.72,7.96,100.0,2,On,1351.35,997.37
1794234060000000000,2026-11-09T14:21:00Z,free response,1.75,5.444,34.21,27.69,21.88,8.76,7.84,100.0,3,On,1302.87,1000.0
1794234120000000000,2026-11-09T14:22:00Z,free response,1.78,5.588,-11.17,389.2,87.54,8.84,8.79,100.0,3,On,1328.12,1000.0
1794234180000000000,2026-11-09T14:23:00Z,controller 1,1.73,5.736,108.97,55.65,123.83,8.9,7.96,100.0,1,On,1308.1,1000.0
1794234240000000000,2026-11-09T14:24:00Z,controller 1,1.701,5.431,87.33,247.5,314.42,8.98,7.34,100.0,2,On,1275.04,1000.0
1794234300000000000,2026-11-09T14:25:00Z,controller 1,1.698,5.018,188.6,94.79,596.18,9.04,7.35,100.0,3,On,1252.56,989.43
1794234360000000000,2026-11-09T14:26:00Z,free response,1.626,5.401,183.1,350.65,314.09,9.07,6.8,100.0,1,On,1257.63,971.13
1794234420000000000,2026-11-09T14:27:00Z,free response,1.711,5.249,147.82,195.38,356.91,9.11,7.89,100.0,3,On,1212.23,967.04
1794234480000000000,2026-11-09T14:28:00Z,free response,1.763,5.111,73.26,205.85,390.66,9.18,7.92,100.0,1,On,1238.5,966.89
1794234540000000000,2026-11-09T14:29:00Z,controller 2,1.711,5.292,155.66,114.45,307.54,9.26,7.23,100.0,2,On,1244.81,942.14
1794234600000000000,2026-11-09T14:30:00Z,controller 1,1.778,3.343,-15.0,376.55,452.06,9.34,4.98,100.0,1,On,1211.04,948.42
1794234660000000000,2026-11-09T14:31:00Z,controller 2,1.676,3.293,-3.18,432.43,34.63,9.39,4.3,100.0,1,On,1247.94,958.55
1794234720000000000,2026-11-09T14:32:00Z,free response,1.695,3.387,77.38,98.19,229.49,9.44,5.29,100.0,3,On,1264.48,947.78
1794234780000000000,2026-11-09T14:33:00Z,free response,1.755,3.271,172.89,256.25,188.59,9.48,5.28,100.0,2,On,1280.09,922.42
1794234840000000000,2026-11-09T14:34:00Z,controller 2,1.763,2.928,83.83,152.08,97.73,9.56,4.54,100.0,3,On,1263.57,950.43
1794234900000000000,2026-11-09T14:35:00Z,controller 1,1.824,3.467,25.05,441.45,212.94,9.6,5.45,100.0,3,On,1223.88,935.72
1794234960000000000,2026-11-09T14:36:00Z,free response,1.786,2.986,5.66,267.18,556.67,9.65,4.66,100.0,1,On,1209.72,958.63
1794235020000000000,2026-11-09T14:37:00Z,controller 2,1.741,3.366,138.38,331.98,105.82,9.73,5.36,100.0,3,On,1192.65,935.19
1794235080000000000,2026-11-09T14:38:00Z,controller 2,1.726,3.017,80.45,370.48,356.3,9.76,4.18,100.0,2,On,1234.52,938.04
1794235140000000000,2026-11-09T14:39:00Z,free response,1.837,3.32,148.56,207.74,112.73,9.8,5.87,100.0,3,On,1237.04,960.56
1794235200000000000,2026-11-09T14:40:00Z,controller 1,1.825,3.431,47.65,176.47,96.65,9.86,5.69,100.0,3,On,1261.71,975.3
1794235260000000000,2026-11-09T14:41:00Z,controller 2,1.812,2.793,155.04,80.17,50.47,9.9,4.38,100.0,3,On,1275.68,949.95
1794235320000000000,2026-11-09T14:42:00Z,free response,1.815,3.14,142.22,192.23,388.79,9.96,5.54,100.0,2,On,1259.96,953.36
1794235380000000000,2026-11-09T14:43:00Z,controller 1,1.805,3.298,103.07,97.67,377.35,10.04,5.87,100.0,3,On,1221.08,953.83
1794235440000000000,2026-11-09T14:44:00Z,controller 2,1.829,3.014,38.22,49.06,449.07,10.13,4.93,100.0,3,On,1208.25,958.91
1794235500000000000,2026-11-09T14:45:00Z,controller 2,1.729,2.943,25.14,353.85,539.61,10.16,4.26,100.0,2,On,1188.7,936.38
1794235560000000000,2026-11-09T14:46:00Z,free response,1.818,3.376,177.2,406.79,473.43,10.2,6.1,100.0,1,On,1174.98,943.67
1794235620000000000,2026-11-09T14:47:00Z,free response,1.758,2.782,136.76,267.66,4.65,10.24,4.2,100.0,2,On,1219.31,947.06
1794235680000000000,2026-11-09T14:48:00Z,controller 1,1.74,3.254,140.49,397.07,133.15,10.31,5.23,100.0,1,On,1211.04,969.59
1794235740000000000,2026-11-09T14:49:00Z,controller 1,1.831,2.797,106.72,325.93,541.4,10.37,4.79,100.0,2,On,1187.31,957.81
1794235800000000000,2026-11-09T14:50:00Z,controller 1,1.712,2.973,-9.3,423.6,167.24,10.43,4.4,100.0,3,On,1180.3,957.52
1794235860000000000,2026-11-09T14:51:00Z,controller 2,1.718,3.222,130.22,354.55,270.61,10.49,5.01,100.0,2,On,1157.81,965.09
1794235920000000000,2026-11-09T14:52:00Z,controller 2,1.833,2.905,-16.44,251.83,588.0,10.56,4.78,100.0,1,On,1128.07,968.93
1794235980000000000,2026-11-09T14:53:00Z,free response,1.738,2.949,119.56,378.76,265.8,10.65,4.38,100.0,3,On,1163.93,998.7
1794236040000000000,2026-11-09T14:54:00Z,controller 2,1.774,3.524,96.43,66.45,528.7,10.69,5.54,100.0,1,On,1141.24,970.54
1794236100000000000,2026-11-09T14:55:00Z,controller 1,1.826,2.868,141.48,381.4,585.7,10.76,4.83,100.0,2,On,1142.29,995.63
1794236160000000000,2026-11-09T14:56:00Z,free response,1.672,3.01,100.69,68.81,320.21,10.81,4.54,100.0,1,On,1138.29,1000.0
1794236220000000000,2026-11-09T14:57:00Z,free response,1.788,3.364,79.49,198.45,287.47,10.87,5.05,100.0,1,On,1157.9,1000.0
1794236280000000000,2026-11-09T14:58:00Z,free response,1.758,3.058,76.53,189.76,504.84,10.94,4.67,100.0,1,On,1136.64,976.78
1794236340000000000,2026-11-09T14:59:00Z,controller 1,1.712,3.229,177.57,283.63,495.04,11.0,4.49,100.0,3,Starting,1133.69,971.91
1794236400000000000,2026-11-09T15:00:00Z,free response,2.643,7.482,151.16,125.37,523.75,11.07,27.45,100.0,3,Starting,1143.87,978.34
1794236460000000000,2026-11-09T15:01:00Z,controller 2,2.658,7.175,45.44,315.45,544.12,11.12,23.51,100.0,2,Starting,1170.38,950.52
1794236520000000000,2026-11-09T15:02:00Z,controller 2,2.627,7.19,10.75,100.93,77.96,11.15,26.01,100.0,1,Starting,1132.83,964.42
1794236580000000000,2026-11-09T15:03:00Z,free response,2.628,7.482,152.44,239.15,156.43,11.21,24.94,100.0,2,Starting,1135.01,992.68
1794236640000000000,2026-11-09T15:04:00Z,controller 2,2.659,6.952,189.74,227.54,91.56,11.29,26.39,100.0,3,Starting,1098.94,981.45
1794236700000000000,2026-11-09T15:05:00Z,controller 2,2.75,6.906,163.76,394.92,509.68,11.37,26.82,100.0,3,Starting,1101.55,951.85
1794236760000000000,2026-11-09T15:06:00Z,free response,2.692,7.059,74.74,355.51,83.26,11.41,25.28,100.0,2,Starting,1086.65,962.22
1794236820000000000,2026-11-09T15:07:00Z,controller 2,2.675,6.889,-12.98,413.44,431.42,11.48,23.55,100.0,1,Starting,1103.99,938.45
1794236880000000000,2026-11-09T15:08:00Z,controller 1,2.757,7.292,77.07,77.74,378.58,11.56,26.59,100.0,3,Starting,1066.93,967.82
1794236940000000000,2026-11-09T15:09:00Z,free response,2.695,7.359,144.18,308.09,202.03,11.6,25.72,100.0,2,Starting,1022.52,975.55
1794237000000000000,2026-11-09T15:10:00Z,controller 1,2.704,6.998,2.84,432.51,352.66,11.68,27.89,100.0,1,Starting,1049.54,963.56
1794237060000000000,2026-11-09T15:11:00Z,free response,2.71,7.381,-8.42,443.33,341.33,11.75,29.06,100.0,1,Starting,1091.68,946.02
1794237120000000000,2026-11-09T15:12:00Z,controller 1,2.629,7.424,57.42,225.23,255.24,11.82,23.46,100.0,3,Starting,1075.99,937.0
1794237180000000000,2026-11-09T15:13:00Z,free response,2.581,7.199,191.91,256.12,466.9,11.89,25.96,100.0,1,Starting,1039.44,929.98
1794237240000000000,2026-11-09T15:14:00Z,controller 2,2.625,7.024,72.28,104.18,81.43,11.93,26.31,100.0,3,Starting,1052.38,906.36
1794237300000000000,2026-11-09T15:15:00Z,controller 1,2.697,7.345,91.2,404.64,42.45,11.96,27.64,100.0,2,Starting,1090.98,903.97
1794237360000000000,2026-11-09T15:16:00Z,controller 1,2.728,7.044,99.66,447.75,568.4,11.99,26.74,100.0,2,Starting,1057.43,896.25
1794237420000000000,2026-11-09T15:17:00Z,free response,2.738,7.083,25.3,89.4,466.24,12.07,26.67,100.0,3,Starting,1032.08,881.81
1794237480000000000,2026-11-09T15:18:00Z,controller 2,2.757,7.099,47.84,347.29,141.29,12.12,27.04,100.0,3,Starting,1050.59,886.22
1794237540000000000,2026-11-09T15:19:00Z,free response,2.603,7.15,109.45,58.51,161.73,12.18,25.55,100.0,3,Starting,1086.86,887.8
1794237600000000000,2026-11-09T15:20:00Z,free response,2.721,6.944,79.39,291.41,517.3,12.21,25.35,100.0,1,Starting,1080.35,884.29
1794237660000000000,2026-11-09T15:21:00Z,free response,2.717,6.902,52.45,151.65,471.75,12.26,27.91,100.0,3,Starting,1037.53,900.21
1794237720000000000,2026-11-09T15:22:00Z,free response,2.706,6.943,191.87,239.38,421.79,12.31,23.33,100.0,3,Starting,993.81,918.9
1794237780000000000,2026-11-09T15:23:00Z,controller 2,2.706,7.396,-8.83,309.64,581.27,12.36,28.48,100.0,1,Starting,991.63,922.54
1794237840000000000,2026-11-09T15:24:00Z,free response,2.657,7.062,166.51,13.91,499.54,12.39,22.7,100.0,2,Starting,965.04,910.47
1794237900000000000,2026-11-09T15:25:00Z,controller 1,2.736,6.899,143.64,146.37,593.58,12.44,25.84,100.0,3,Starting,918.71,896.0
1794237960000000000,2026-11-09T15:26:00Z,controller 1,2.726,6.841,44.42,319.79,286.04,12.5,25.75,100.0,2,Starting,881.98,892.82
1794238020000000000,2026-11-09T15:27:00Z,controller 1,2.591,7.163,90.94,405.47,189.34,12.55,25.2,100.0,1,Starting,832.94,908.83
1794238080000000000,2026-11-09T15:28:00Z,controller 1,2.686,7.436,109.48,17.57,358.7,12.63,25.73,100.0,2,Starting,796.27,906.55
1794238140000000000,2026-11-09T15:29:00Z,controller 1,2.708,7.074,162.51,145.83,371.32,12.7,27.37,100.0,1,Starting,755.84,911.35
1794238200000000000,2026-11-09T15:30:00Z,free response,0.541,2.676,-5.58,225.31,565.88,12.73,0.37,100.0,1,Starting,737.24,892.41
1794238260000000000,2026-11-09T15:31:00Z,controller 2,0.429,3.007,53.12,257.29,474.19,12.81,0.3,100.0,2,Starting,749.58,865.69
1794238320000000000,2026-11-09T15:32:00Z,free response,0.431,2.397,46.15,401.46,8.69,12.84,0.22,100.0,3,Starting,1383.61,566.08
1794238380000000000,2026-11-09T15:33:00Z,free response,0.388,2.801,100.02,291.65,185.55,12.91,0.21,100.0,3,Starting,1363.16,593.78
1794238440000000000,2026-11-09T15:34:00Z,free response,0.397,2.701,-8.24,370.0,515.14,12.97,0.2,100.0,1,Starting,1374.66,596.82
1794238500000000000,2026-11-09T15:35:00Z,controller 2,0.511,2.658,49.41,393.09,287.13,13.01,0.32,100.0,3,Starting,1346.75,573.53
1794238560000000000,2026-11-09T15:36:00Z,controller 1,0.496,2.603,21.13,304.59,224.36,13.07,0.33,100.0,2,Starting,1368.81,571.58
1794238620000000000,2026-11-09T15:37:00Z,controller 1,0.48,2.374,176.47,247.63,205.3,13.12,0.25,100.0,1,Starting,1417.21,572.62
1794238680000000000,2026-11-09T15:38:00Z,controller 1,0.459,2.338,-12.89,430.32,65.3,13.2,0.24,100.0,3,Starting,1384.7,587.09
1794238740000000000,2026-11-09T15:39:00Z,free response,0.378,3.002,57.56,150.6,74.16,13.24,0.21,100.0,2,Starting,1335.24,573.42
1794238800000000000,2026-11-09T15:40:00Z,free response,0.517,2.57,97.92,317.62,10.68,13.31,0.34,100.0,3,Starting,1362.63,550.38
1794238860000000000,2026-11-09T15:41:00Z,controller 1,0.458,2.596,185.11,30.26,509.23,13.4,0.3,100.0,3,Starting,1379.62,538.44
1794238920000000000,2026-11-09T15:42:00Z,controller 2,0.548,2.307,152.89,225.28,597.77,13.47,0.31,100.0,3,Starting,1332.8,513.83
1794238980000000000,2026-11-09T15:43:00Z,controller 2,0.502,2.393,77.05,94.81,223.47,13.5,0.31,100.0,2,Starting,1305.19,494.62
1794239040000000000,2026-11-09T15:44:00Z,controller 2,0.404,2.302,40.99,371.99,382.62,13.59,0.2,100.0,1,Starting,1336.9,523.32
1794239100000000000,2026-11-09T15:45:00Z,controller 2,0.428,2.476,101.5,207.31,491.14,13.63,0.22,100.0,3,Starting,1318.75,526.41
1794239160000000000,2026-11-09T15:46:00Z,controller 2,0.391,2.75,186.67,234.25,347.5,13.72,0.2,100.0,3,Starting,1272.87,505.46
1794239220000000000,2026-11-09T15:47:00Z,free response,0.526,2.591,183.06,44.99,350.58,13.81,0.39,100.0,3,Starting,1254.71,517.87
1794239280000000000,2026-11-09T15:48:00Z,controller 1,0.478,2.808,154.55,245.1,350.4,13.86,0.34,100.0,1,Starting,1290.22,537.2
1794239340000000000,2026-11-09T15:49:00Z,controller 2,0.497,2.848,-5.45,187.29,143.98,13.83,0.32,100.0,1,Starting,1278.84,547.78
1794239400000000000,2026-11-09T15:50:00Z,controller 1,0.412,2.323,70.47,282.06,492.61,13.81,0.21,100.0,3,Starting,1292.93,530.04
1794239460000000000,2026-11-09T15:51:00Z,controller 2,0.46,2.273,16.72,184.37,187.2,13.8,0.24,100.0,2,Starting,1311.4,517.19
1794239520000000000,2026-11-09T15:52:00Z,free response,0.479,2.282,84.2,239.78,578.04,13.77,0.29,100.0,1,Starting,1269.72,510.85
1794239580000000000,2026-11-09T15:53:00Z,controller 2,0.437,2.518,67.09,128.31,531.27,13.76,0.25,100.0,1,Starting,779.58,341.3
1794239640000000000,2026-11-09T15:54:00Z,controller 2,0.509,2.438,123.64,128.99,135.92,13.74,0.31,100.0,2,Starting,766.77,339.92
1794239700000000000,2026-11-09T15:55:00Z,free response,0.498,2.815,-19.48,81.77,587.98,13.71,0.38,100.0,2,Starting,652.78,791.55
1794239760000000000,2026-11-09T15:56:00Z,controller 2,0.542,2.35,183.07,90.0,8.87,13.7,0.35,100.0,3,Starting,615.76,818.51
1794239820000000000,2026-11-09T15:57:00Z,controller 1,0.515,2.346,89.26,201.79,149.26,13.69,0.31,100.0,3,Starting,640.77,808.87
1794239880000000000,2026-11-09T15:58:00Z,controller 2,0.461,2.96,101.86,399.73,261.51,13.66,0.33,100.0,2,Starting,668.45,822.47
1794239940000000000,2026-11-09T15:59:00Z,free response,0.472,2.535,79.16,148.65,391.84,13.63,0.29,100.0,3,Starting,664.67,815.03
1794240000000000000,2026-11-09T16:00:00Z,controller 1,2.14,13.916,194.38,217.42,190.6,13.62,34.57,100.0,2,Starting,684.37,843.03
1794240060000000000,2026-11-09T16:01:00Z,controller 1,2.211,13.86,138.21,257.56,384.38,13.59,31.04,100.0,2,Starting,716.68,837.34
1794240120000000000,2026-11-09T16:02:00Z,controller 1,2.096,13.876,130.85,60.79,289.8,13.58,29.97,100.0,3,Starting,730.77,843.04
1794240180000000000,2026-11-09T16:03:00Z,controller 2,2.071,13.775,166.17,151.44,237.38,13.54,27.29,100.0,2,Starting,743.15,823.25
1794240240000000000,2026-11-09T16:04:00Z,controller 2,2.2,14,87.3,303.09,365.0,13.51,36.82,100.0,2,Starting,718.29,841.1
1794240300000000000,2026-11-09T16:05:00Z,controller 1,2.212,14,160.07,119.69,442.21,13.5,35.07,100.0,2,Starting,737.82,816.45
1794240360000000000,2026-11-09T16:06:00Z,controller 1,2.189,13.726,67.85,18.94,214.48,13.49,32.62,100.0,3,Starting,750.58,826.43
1794240420000000000,2026-11-09T16:07:00Z,free response,2.16,14,115.64,97.98,131.46,13.48,34.27,100.0,3,Starting,737.18,811.82
1794240480000000000,2026-11-09T16:08:00Z,controller 2,2.209,13.57,169.27,160.74,67.3,13.46,34.29,100.0,3,Starting,694.76,802.59
1794240540000000000,2026-11-09T16:09:00Z,controller 1,2.144,14,28.49,300.72,17.69,13.44,32.63,54.21,1,Starting,670.3,804.91
1794240600000000000,2026-11-09T16:10:00Z,controller 2,2.142,14,80.5,433.06,248.61,13.42,34.02,100.0,3,Starting,717.92,799.35
1794240660000000000,2026-11-09T16:11:00Z,free response,2.085,13.651,89.33,49.54,553.22,13.41,26.99,100.0,1,Starting,758.51,791.25
1794240720000000000,2026-11-09T16:12:00Z,controller 2,2.202,14,79.7,241.91,481.63,13.38,34.29,100.0,1,Starting,719.4,778.87
1794240780000000000,2026-11-09T16:13:00Z,controller 2,2.122,14,141.93,216.84,285.1,13.37,33.99,100.0,2,Starting,712.21,799.1
1794240840000000000,2026-11-09T16:14:00Z,controller 1,2.203,13.989,91.92,227.41,125.98,13.45,30.83,100.0,3,Starting,697.09,807.33
1794240900000000000,2026-11-09T16:15:00Z,controller 1,2.168,14,148.47,232.63,222.97,13.53,31.01,100.0,3,Starting,683.69,806.0
1794240960000000000,2026-11-09T16:16:00Z,free response,2.092,14,61.59,392.4,370.34,13.58,33.47,100.0,1,Starting,693.64,786.66
1794241020000000000,2026-11-09T16:17:00Z,controller 2,2.084,13.52,122.57,443.61,109.9,13.63,30.59,100.0,3,Starting,702.23,815.76
1794241080000000000,2026-11-09T16:18:00Z,free response,2.083,13.694,120.71,153.68,69.36,13.72,28.61,100.0,1,Starting,705.36,840.46
1794241140000000000,2026-11-09T16:19:00Z,controller 1,2.049,13.509,196.47,12.8,48.62,13.78,29.93,100.0,1,Starting,715.41,820.66
1794241200000000000,2026-11-09T16:20:00Z,free response,2.181,13.783,108.91,254.23,61.32,13.84,33.53,100.0,3,Starting,715.7,817.29
1794241260000000000,2026-11-09T16:21:00Z,free response,2.189,14,-26.45,105.8,481.56,13.9,31.72,100.0,3,Starting,738.79,838.34
1794241320000000000,2026-11-09T16:22:00Z,free response,2.208,13.795,-3.27,30.83,523.38,13.98,36.47,100.0,3,Starting,779.56,840.71
1794241380000000000,2026-11-09T16:23:00Z,free response,2.122,14,-20.29,337.94,206.71,14.03,33.48,100.0,3,Starting,799.59,833.05
1794241440000000000,2026-11-09T16:24:00Z,controller 2,2.065,13.645,178.14,432.28,136.14,14.09,29.82,100.0,3,Starting,847.96,809.08
1794241500000000000,2026-11-09T16:25:00Z,controller 2,2.175,14,7.42,205.87,215.63,14.17,36.14,100.0,2,Starting,840.77,822.16
1794241560000000000,2026-11-09T16:26:00Z,controller 1,2.116,13.932,85.91,444.34,597.37,14.22,30.65,100.0,1,Starting,883.66,837.74
1794241620000000000,2026-11-09T16:27:00Z,controller 2,2.075,13.51,99.65,25.38,368.66,14.29,29.89,100.0,2,Starting,906.11,856.1
1794241680000000000,2026-11-09T16:28:00Z,controller 1,2.047,13.803,146.99,408.37,13.6,14.33,29.65,45.87,1,Starting,899.03,880.01
1794241740000000000,2026-11-09T16:29:00Z,controller 1,2.207,14,184.44,363.1,321.69,14.35,33.13,100.0,3,Starting,850.27,883.71
1794241800000000000,2026-11-09T16:30:00Z,controller 1,1.022,6.324,59.16,46.56,37.46,14.42,3.4,100.0,3,Starting,840.26,868.96
1794241860000000000,2026-11-09T16:31:00Z,controller 1,1.1,6.087,159.1,132.95,51.36,14.5,3.64,100.0,3,Starting,846.72,852.71
1794241920000000000,2026-11-09T16:32:00Z,free response,1.053,6.566,110.22,277.37,303.13,14.57,3.68,100.0,2,Starting,869.4,859.47
1794241980000000000,2026-11-09T16:33:00Z,controller 1,1.105,6.031,-27.06,177.45,481.49,14.6,3.74,100.0,3,Starting,869.57,889.39
1794242040000000000,2026-11-09T16:34:00Z,free response,1.116,6.467,18.48,90.21,59.55,14.67,3.69,100.0,1,Starting,896.04,918.37
1794242100000000000,2026-11-09T16:35:00Z,controller 2,1.167,6.373,5.29,150.85,449.15,14.76,4.23,100.0,1,Starting,945.86,934.41
1794242160000000000,2026-11-09T16:36:00Z,free response,1.063,6.481,27.48,216.35,319.28,14.83,3.72,100.0,1,Starting,896.67,962.95
1794242220000000000,2026-11-09T16:37:00Z,free response,1.125,6.088,90.6,160.98,482.63,14.91,3.54,100.0,1,Starting,873.89,956.63
1794242280000000000,2026-11-09T16:38:00Z,free response,1.06,5.954,58.24,78.14,336.25,14.95,3.04,100.0,2,Starting,900.95,941.19
1794242340000000000,2026-11-09T16:39:00Z,controller 1,1.129,6.278,-5.28,349.84,472.59,14.98,4.07,100.0,3,Starting,898.03,921.91
1794242400000000000,2026-11-09T16:40:00Z,free response,1.022,6.532,198.73,22.09,39.64,15.02,3.65,100.0,2,Starting,874.58,907.85
1794242460000000000,2026-11-09T16:41:00Z,controller 2,1.113,6.383,119.3,370.19,304.51,15.1,4.28,100.0,3,Starting,673.92,830.11
1794242520000000000,2026-11-09T16:42:00Z,free response,1.039,6.399,-8.56,187.91,304.89,15.18,3.58,100.0,1,Starting,723.75,825.06
1794242580000000000,2026-11-09T16:43:00Z,controller 2,1.003,6.391,140.22,359.72,363.5,15.26,3.07,100.0,3,Starting,725.76,837.71
1794242640000000000,2026-11-09T16:44:00Z,free response,1.129,6.072,-28.68,23.42,342.59,15.33,4.05,100.0,2,Starting,676.24,856.27
1794242700000000000,2026-11-09T16:45:00Z,controller 2,1.131,5.929,22.12,159.69,34.68,15.42,3.93,100.0,2,Starting,658.46,861.37
1794242760000000000,2026-11-09T16:46:00Z,free response,1.009,6.261,47.07,343.08,146.0,15.45,3.41,100.0,1,Starting,637.09,858.52
1794242820000000000,2026-11-09T16:47:00Z,controller 2,1.122,6.579,139.99,18.16,461.14,15.51,3.86,100.0,2,Starting,669.04,885.18
1794242880000000000,2026-11-09T16:48:00Z,free response,1.149,6.516,121.54,258.16,433.54,15.57,4.53,100.0,3,Starting,628.84,867.06
1794242940000000000,2026-11-09T16:49:00Z,free response,1.078,6.433,10.12,289.58,375.14,15.66,3.98,100.0,3,Starting,606.46,867.09
1794243000000000000,2026-11-09T16:50:00Z,controller 2,1.062,6.117,44.86,384.31,354.09,15.7,3.61,100.0,2,Starting,598.47,894.74
1794243060000000000,2026-11-09T16:51:00Z,controller 1,1.008,6.295,41.28,304.56,50.81,15.78,3.5,100.0,3,Starting,625.11,887.93
1794243120000000000,2026-11-09T16:52:00Z,controller 2,1.093,6.005,80.0,120.14,314.12,15.8,3.54,100.0,2,Starting,618.75,881.92
1794243180000000000,2026-11-09T16:53:00Z,controller 2,1.158,6.327,-14.75,307.68,402.96,15.87,4.37,100.0,2,Starting,654.39,905.7
1794243240000000000,2026-11-09T16:54:00Z,free response,1.046,6.046,102.0,269.15,506.51,15.92,3.09,100.0,3,Starting,634.79,891.74
1794243300000000000,2026-11-09T16:55:00Z,free response,1.054,6.267,146.08,380.24,188.16,15.95,3.26,100.0,2,Starting,601.83,896.91
1794243360000000000,2026-11-09T16:56:00Z,free response,1.089,6.126,74.44,232.51,514.05,15.99,3.97,100.0,3,Starting,643.9,909.44
1794243420000000000,2026-11-09T16:57:00Z,controller 2,1.079,6.572,54.52,448.25,317.83,16.08,3.77,100.0,2,Starting,693.16,909.74
1794243480000000000,2026-11-09T16:58:00Z,controller 1,1.036,6.309,65.46,184.82,585.22,16.15,3.53,100.0,3,Starting,664.97,919.16
1794243540000000000,2026-11-09T16:59:00Z,free response,1.146,6.485,133.43,389.97,182.13,16.23,4.28,100.0,1,Starting,702.53,914.54
1794243600000000000,2026-11-09T17:00:00Z,controller 2,1.872,11.977,158.12,168.71,218.64,16.32,21.17,100.0,1,Starting,741.41,926.7
1794243660000000000,2026-11-09T17:01:00Z,controller 2,1.844,12.372,164.41,423.98,334.76,16.35,19.87,100.0,3,Starting,621.53,728.15
1794243720000000000,2026-11-09T17:02:00Z,free response,1.856,12.346,37.75,366.03,318.7,16.42,20.63,100.0,1,Starting,583.91,720.63
1794243780000000000,2026-11-09T17:03:00Z,controller 2,1.879,11.929,-10.62,137.53,400.59,16.46,19.6,100.0,3,Starting,597.36,736.39
1794243840000000000,2026-11-09T17:04:00Z,controller 2,1.892,11.992,112.81,34.66,217.08,16.54,21.19,100.0,3,Starting,606.46,765.15
1794243900000000000,2026-11-09T17:05:00Z,controller 2,1.819,12.538,50.31,114.9,138.19,16.6,19.28,100.0,2,Starting,585.21,782.09
1794243960000000000,2026-11-09T17:06:00Z,controller 2,1.866,12.171,35.17,428.93,190.37,16.63,23.15,100.0,3,Starting,592.37,768.15
1794244020000000000,2026-11-09T17:07:00Z,controller 1,1.799,12.447,62.34,179.02,30.77,16.67,18.28,100.0,3,Starting,571.46,765.6
1794244080000000000,2026-11-09T17:08:00Z,free response,1.875,11.989,83.34,73.32,35.31,16.74,19.84,100.0,1,Starting,539.63,785.57
1794244140000000000,2026-11-09T17:09:00Z,controller 2,1.789,12.6,120.99,295.13,200.88,16.82,19.08,100.0,2,Starting,505.38,759.64
1794244200000000000,2026-11-09T17:10:00Z,controller 2,1.937,11.952,20.46,281.61,164.09,16.89,24.13,100.0,1,Starting,495.01,762.62
1794244260000000000,2026-11-09T17:11:00Z,controller 1,1.816,12.417,-14.57,290.44,530.44,16.97,22.18,100.0,3,Starting,511.59,743.92
1794244320000000000,2026-11-09T17:12:00Z,free response,1.849,12.511,-28.58,10.27,82.26,17.01,21.13,100.0,1,Starting,497.09,747.9
1794244380000000000,2026-11-09T17:13:00Z,controller 1,1.859,12.45,110.63,195.29,432.24,17.09,20.27,100.0,2,Starting,451.28,747.42
1794244440000000000,2026-11-09T17:14:00Z,controller 1,1.852,12.039,28.92,374.05,223.49,17.16,21.36,100.0,3,Starting,435.92,766.82
1794244500000000000,2026-11-09T17:15:00Z,controller 2,1.854,12.438,20.67,254.3,286.16,17.24,23.5,100.0,2,Starting,415.05,788.43
1794244560000000000,2026-11-09T17:16:00Z,controller 2,1.803,12.397,153.4,116.31,355.56,17.28,21.04,100.0,1,Starting,404.44,812.17
1794244620000000000,2026-11-09T17:17:00Z,controller 1,1.934,12.193,139.01,30.91,292.3,17.37,21.81,100.0,3,Starting,452.71,804.59
1794244680000000000,2026-11-09T17:18:00Z,free response,1.899,12.487,104.85,380.89,223.13,17.44,24.09,100.0,3,Starting,661.89,543.3
1794244740000000000,2026-11-09T17:19:00Z,controller 1,1.949,12.56,59.78,323.07,466.45,17.51,25.71,100.0,2,Starting,1405.54,415.29
1794244800000000000,2026-11-09T17:20:00Z,free response,1.802,12.236,33.96,75.34,167.81,17.56,20.39,100.0,1,Starting,547.15,714.35
1794244860000000000,2026-11-09T17:21:00Z,controller 2,1.941,12.575,183.93,202.59,303.57,17.61,25.7,100.0,3,Starting,592.63,719.18
1794244920000000000,2026-11-09T17:22:00Z,free response,1.903,12.587,45.34,314.76,240.36,17.65,23.25,100.0,2,Starting,641.37,749.01
1794244980000000000,2026-11-09T17:23:00Z,free response,1.904,12.476,188.94,11.26,249.5,17.7,23.73,100.0,3,Starting,598.62,736.18
1794245040000000000,2026-11-09T17:24:00Z,controller 2,1.782,12.105,90.76,338.21,583.65,17.76,19.42,100.0,3,Starting,637.79,739.65
1794245100000000000,2026-11-09T17:25:00Z,controller 2,1.79,12.492,188.75,376.65,181.54,17.79,18.33,100.0,1,Starting,610.31,747.6
1794245160000000000,2026-11-09T17:26:00Z,controller 2,1.887,12.197,-11.48,125.02,534.41,17.86,20.87,100.0,3,Starting,572.63,726.26
1794245220000000000,2026-11-09T17:27:00Z,controller 2,1.806,12.216,176.64,276.25,430.25,17.94,18.81,100.0,2,Starting,568.6,747.21
1794245280000000000,2026-11-09T17:28:00Z,controller 1,1.934,12.221,-5.58,263.04,184.0,17.98,23.43,100.0,2,Starting,592.58,739.77
1794245340000000000,2026-11-09T17:29:00Z,controller 2,1.775,12.507,60.46,49.17,145.52,18.03,20.03,100.0,1,Starting,552.29,731.5
1794245400000000000,2026-11-09T17:30:00Z,free response,2.596,1.505,73.76,35.06,75.4,18.06,4.75,100.0,2,Starting,580.14,717.65
1794245460000000000,2026-11-09T17:31:00Z,free response,2.578,1,47.87,238.15,142.68,18.08,3.5,100.0,3,Starting,548.11,688.24
1794245520000000000,2026-11-09T17:32:00Z,controller 2,2.719,1.213,181.72,387.15,426.5,18.17,4.68,100.0,3,Starting,538.89,704.24
1794245580000000000,2026-11-09T17:33:00Z,free response,2.712,1.623,147.65,121.8,262.09,18.24,6.35,100.0,3,Starting,576.57,687.0
1794245640000000000,2026-11-09T17:34:00Z,controller 2,2.712,1.259,184.53,434.63,251.98,18.28,4.19,100.0,1,Starting,573.69,711.52
1794245700000000000,2026-11-09T17:35:00Z,free response,2.633,1.388,-19.3,97.24,289.15,18.35,5.26,100.0,3,Starting,1464.92,763.09
1794245760000000000,2026-11-09T17:36:00Z,controller 1,2.692,1.114,91.72,78.79,500.6,18.39,3.93,100.0,1,Starting,1449.23,769.19
1794245820000000000,2026-11-09T17:37:00Z,free response,2.668,1.354,120.74,242.17,138.19,18.44,4.42,100.0,1,Starting,1471.18,782.45
1794245880000000000,2026-11-09T17:38:00Z,free response,2.638,1.5,83.89,380.68,269.78,18.52,4.91,100.0,3,Starting,1500.0,791.35
1794245940000000000,2026-11-09T17:39:00Z,controller 2,2.735,1,8.88,238.81,6.06,18.54,4.07,100.0,1,Starting,1077.94,705.34
1794246000000000000,2026-11-09T17:40:00Z,controller 1,2.73,1,48.36,435.15,290.27,18.62,3.56,100.0,2,Starting,1036.23,731.7
1794246060000000000,2026-11-09T17:41:00Z,free response,2.672,1.308,56.11,163.79,299.78,18.68,4.81,100.0,1,Starting,1030.98,737.86
1794246120000000000,2026-11-09T17:42:00Z,controller 2,2.591,1.624,-27.32,143.26,227.1,18.74,5.07,100.0,2,Starting,1012.02,726.83
1794246180000000000,2026-11-09T17:43:00Z,free response,2.659,1,143.98,373.43,490.67,18.81,3.56,100.0,3,Starting,1023.32,705.42
1794246240000000000,2026-11-09T17:44:00Z,controller 2,2.691,1,164.86,370.89,294.91,18.89,3.48,100.0,1,Starting,995.76,715.13
1794246300000000000,2026-11-09T17:45:00Z,controller 2,2.685,1.198,197.88,223.19,276.47,18.95,4.26,100.0,1,Starting,1001.7,734.51
1794246360000000000,2026-11-09T17:46:00Z,controller 2,2.592,1.13,29.48,133.87,377.6,19.01,3.8,100.0,3,Starting,1009.34,735.01
1794246420000000000,2026-11-09T17:47:00Z,controller 1,2.65,1.059,123.85,337.41,498.04,19.06,3.36,100.0,3,Starting,1049.94,722.7
1794246480000000000,2026-11-09T17:48:00Z,controller 1,2.736,1.26,167.23,223.42,232.47,19.14,4.34,100.0,3,Starting,1076.2,713.51
1794246540000000000,2026-11-09T17:49:00Z,controller 2,2.638,1.583,131.23,323.54,182.74,19.19,5.4,100.0,3,Starting,1071.14,741.1
1794246600000000000,2026-11-09T17:50:00Z,controller 2,2.684,1.402,186.28,86.08,32.08,19.26,4.94,100.0,3,Starting,1036.95,751.47
1794246660000000000,2026-11-09T17:51:00Z,controller 2,2.688,1.21,174.89,106.85,351.16,19.31,4.45,100.0,1,Starting,1059.42,769.36
1794246720000000000,2026-11-09T17:52:00Z,controller 2,2.664,1.304,81.01,402.83,477.96,19.38,4.36,100.0,2,Starting,1098.71,790.94
1794246780000000000,2026-11-09T17:53:00Z,free response,2.582,1.018,127.0,270.12,483.92,19.41,3.26,100.0,1,Starting,1142.03,782.69
1794246840000000000,2026-11-09T17:54:00Z,controller 2,2.58,1.053,142.27,312.83,346.6,19.5,3.61,100.0,3,Starting,1169.63,781.24
1794246900000000000,2026-11-09T17:55:00Z,controller 1,2.691,1.056,40.93,216.97,2.2,19.54,3.93,55.98,1,Starting,1155.63,807.25
1794246960000000000,2026-11-09T17:56:00Z,controller 2,2.647,1.309,76.59,127.68,270.67,19.6,4.52,100.0,2,Starting,1106.85,785.02
1794247020000000000,2026-11-09T17:57:00Z,free response,2.581,1.221,124.66,122.7,148.08,19.65,4.47,100.0,1,Starting,1090.12,789.41
1794247080000000000,2026-11-09T17:58:00Z,controller 2,2.696,1.561,195.79,392.17,110.79,19.71,5.18,100.0,2,Starting,541.81,953.51
1794247140000000000,2026-11-09T17:59:00Z,controller 2,2.637,1.342,95.67,111.91,196.84,19.74,4.44,100.0,1,Starting,586.96,968.63
1794247200000000000,2026-11-09T18:00:00Z,controller 1,0.91,3.021,-21.97,188.89,240.62,19.77,1.22,100.0,2,Starting,623.47,942.11
1794247260000000000,2026-11-09T18:01:00Z,free response,0.926,2.628,-2.66,283.96,488.28,19.84,1.21,100.0,1,Starting,575.56,934.26
1794247320000000000,2026-11-09T18:02:00Z,controller 2,0.922,2.547,21.38,327.62,356.81,19.87,1.08,100.0,2,Starting,579.84,926.38
1794247380000000000,2026-11-09T18:03:00Z,controller 2,0.993,2.921,12.61,300.18,464.48,19.94,1.39,100.0,1,Starting,531.35,948.44
1794247440000000000,2026-11-09T18:04:00Z,free response,0.89,2.633,18.37,34.29,399.99,20.03,1.04,100.0,3,Starting,506.52,920.86
1794247500000000000,2026-11-09T18:05:00Z,free response,0.864,2.858,175.51,282.59,365.71,20.09,1.06,100.0,2,Starting,462.14,922.53
1794247560000000000,2026-11-09T18:06:00Z,controller 2,0.839,2.829,95.94,288.63,0.05,20.16,0.94,5.32,2,Starting,470.6,946.86
1794247620000000000,2026-11-09T18:07:00Z,controller 2,0.921,2.987,49.42,337.59,283.9,20.25,1.38,100.0,2,Starting,486.3,961.5
1794247680000000000,2026-11-09T18:08:00Z,free response,0.866,2.953,78.55,315.92,3.01,20.28,1.02,100.0,1,Starting,499.81,982.72
1794247740000000000,2026-11-09T18:09:00Z,controller 1,0.836,2.644,148.58,424.07,506.07,20.32,0.96,100.0,1,Starting,540.9,967.51
1794247800000000000,2026-11-09T18:10:00Z,controller 2,0.827,2.399,66.88,181.54,78.49,20.36,0.84,100.0,2,Starting,523.63,992.93
1794247860000000000,2026-11-09T18:11:00Z,controller 2,0.892,3.169,40.69,224.44,288.09,20.43,1.32,100.0,2,Starting,563.09,968.63
1794247920000000000,2026-11-09T18:12:00Z,controller 2,0.988,2.505,55.55,93.57,416.65,20.51,1.28,100.0,3,Starting,593.45,953.93
1794247980000000000,2026-11-09T18:13:00Z,controller 1,0.96,3.066,78.3,70.11,351.94,20.57,1.31,100.0,3,Starting,556.56,935.65
1794248040000000000,2026-11-09T18:14:00Z,free response,0.866,3.055,143.34,232.87,43.74,20.64,1.08,100.0,1,Starting,556.5,909.27
1794248100000000000,2026-11-09T18:15:00Z,controller 1,0.902,3.031,60.6,402.88,56.92,20.71,1.2,100.0,1,Starting,587.19,897.68
1794248160000000000,2026-11-09T18:16:00Z,free response,0.957,2.683,114.18,3.37,511.58,20.78,1.32,100.0,2,Starting,566.66,888.69
1794248220000000000,2026-11-09T18:17:00Z,free response,0.993,2.927,99.76,145.5,64.55,20.82,1.52,100.0,1,Starting,525.2,859.36
1794248280000000000,2026-11-09T18:18:00Z,controller 1,0.9,2.484,4.2,127.06,414.61,20.89,1.01,100.0,1,On,539.78,858.43
1794248340000000000,2026-11-09T18:19:00Z,free response,0.985,3.14,88.25,226.07,224.99,20.98,1.48,100.0,2,On,585.8,859.35
1794248400000000000,2026-11-09T18:20:00Z,controller 2,0.971,2.665,72.29,106.62,17.76,21.01,1.26,100.0,2,On,609.99,841.24
1794248460000000000,2026-11-09T18:21:00Z,controller 1,0.944,2.692,194.76,203.29,443.19,21.1,1.2,100.0,3,On,593.76,824.8
1794248520000000000,2026-11-09T18:22:00Z,controller 2,0.982,2.498,14.2,10.71,165.59,21.14,1.19,100.0,2,On,552.13,812.66
1794248580000000000,2026-11-09T18:23:00Z,controller 1,0.9,2.436,91.38,260.07,412.33,21.21,0.94,100.0,3,On,601.76,793.86
1794248640000000000,2026-11-09T18:24:00Z,free response,0.977,2.622,133.27,435.11,317.41,21.28,1.36,100.0,1,On,583.1,804.48
1794248700000000000,2026-11-09T18:25:00Z,controller 2,0.88,2.463,110.64,202.14,342.18,21.35,1.01,100.0,3,On,602.74,829.8
1794248760000000000,2026-11-09T18:26:00Z,controller 1,0.885,3.163,-21.74,290.12,524.67,21.4,1.35,100.0,2,On,623.51,831.69
1794248820000000000,2026-11-09T18:27:00Z,controller 1,0.923,2.542,107.29,9.22,512.38,21.47,1.08,100.0,2,On,590.8,857.07
1794248880000000000,2026-11-09T18:28:00Z,controller 1,0.877,2.565,43.91,51.83,207.29,21.56,1.04,100.0,1,On,637.95,838.91
1794248940000000000,2026-11-09T18:29:00Z,controller 2,0.873,3.159,113.14,103.92,470.43,21.64,1.27,100.0,2,On,669.44,821.51
1794249000000000000,2026-11-09T18:30:00Z,free response,2.987,10.748,77.88,215.3,484.03,21.7,52.49,100.0,2,On,645.87,825.78
1794249060000000000,2026-11-09T18:31:00Z,controller 1,2.87,10.164,117.64,26.9,160.58,21.79,38.72,100.0,3,On,652.18,801.93
1794249120000000000,2026-11-09T18:32:00Z,free response,2.886,10.286,139.14,21.01,78.44,21.84,41.31,100.0,3,On,614.78,809.45
1794249180000000000,2026-11-09T18:33:00Z,controller 2,2.941,10.468,16.8,400.41,469.64,21.9,49.3,100.0,1,On,648.75,820.05
1794249240000000000,2026-11-09T18:34:00Z,controller 1,2.947,10.294,53.74,11.78,191.58,21.94,44.75,100.0,1,On,688.75,830.18
1794249300000000000,2026-11-09T18:35:00Z,controller 1,2.965,10.67,24.73,372.66,589.22,22.0,49.89,100.0,3,On,680.31,829.18
1794249360000000000,2026-11-09T18:36:00Z,controller 2,2.854,10.609,88.03,348.15,185.55,22.03,41.61,100.0,3,On,715.5,822.0
1794249420000000000,2026-11-09T18:37:00Z,controller 2,2.918,10.543,22.98,70.91,77.03,22.07,40.4,100.0,3,On,727.3,834.03
1794249480000000000,2026-11-09T18:38:00Z,controller 2,2.861,10.17,96.83,349.5,234.33,22.14,40.87,100.0,3,On,769.72,840.48
1794249540000000000,2026-11-09T18:39:00Z,free response,2.978,10.596,8.56,274.65,238.78,22.18,44.95,100.0,1,On,772.08,869.12
1794249600000000000,2026-11-09T18:40:00Z,controller 2,2.971,10.462,103.72,388.35,267.57,22.23,42.93,100.0,1,On,766.19,870.91
1794249660000000000,2026-11-09T18:41:00Z,controller 2,2.912,10.71,-28.23,270.21,199.02,22.29,46.52,100.0,2,On,747.16,866.35
1794249720000000000,2026-11-09T18:42:00Z,controller 1,2.983,10.757,154.28,256.62,250.23,22.38,44.4,100.0,2,On,788.35,891.92
1794249780000000000,2026-11-09T18:43:00Z,controller 1,2.879,10.473,151.04,328.22,202.61,22.4,45.64,100.0,2,On,798.74,912.35
1794249840000000000,2026-11-09T18:44:00Z,controller 1,2.869,10.685,32.13,225.68,341.59,22.46,45.96,100.0,1,On,806.14,882.52
1794249900000000000,2026-11-09T18:45:00Z,free response,2.935,10.15,164.05,308.02,230.18,22.53,39.53,100.0,2,On,796.56,863.71
1794249960000000000,2026-11-09T18:46:00Z,free response,2.882,10.134,123.54,66.0,578.83,22.55,43.67,100.0,3,On,746.92,892.5
1794250020000000000,2026-11-09T18:47:00Z,controller 2,2.847,10.535,169.97,180.49,496.66,22.58,46.28,100.0,2,On,769.7,889.88
1794250080000000000,2026-11-09T18:48:00Z,free response,2.866,10.624,192.73,212.82,483.22,22.66,40.68,100.0,3,On,763.4,899.96
1794250140000000000,2026-11-09T18:49:00Z,controller 1,2.882,10.692,175.14,194.36,76.46,22.73,44.1,100.0,1,On,743.12,876.89
1794250200000000000,2026-11-09T18:50:00Z,controller 1,2.945,10.382,-28.87,53.6,192.4,22.82,46.39,100.0,1,On,697.86,855.96
1794250260000000000,2026-11-09T18:51:00Z,controller 2,2.991,10.859,56.37,197.97,514.99,22.86,48.18,100.0,1,On,712.67,868.91
1794250320000000000,2026-11-09T18:52:00Z,free response,2.91,10.743,111.59,236.29,427.38,22.93,42.42,100.0,2,On,756.77,885.53
1794250380000000000,2026-11-09T18:53:00Z,free response,2.943,10.742,7.17,400.35,159.08,22.97,50.5,100.0,2,On,731.21,873.94
1794250440000000000,2026-11-09T18:54:00Z,free response,2.833,10.44,182.52,175.72,263.14,23.02,42.22,100.0,2,On,735.62,860.83
1794250500000000000,2026-11-09T18:55:00Z,free response,2.965,10.281,87.23,68.68,317.86,23.06,48.65,100.0,3,On,779.42,839.53
1794250560000000000,2026-11-09T18:56:00Z,controller 1,2.888,10.588,147.34,184.74,448.72,23.11,46.52,100.0,3,On,802.19,830.56
1794250620000000000,2026-11-09T18:57:00Z,controller 1,2.949,10.785,141.34,43.4,248.95,23.18,44.43,100.0,1,On,800.47,844.55
1794250680000000000,2026-11-09T18:58:00Z,controller 1,2.87,10.236,145.01,48.86,87.26,23.22,38.26,100.0,3,On,791.49,829.29
1794250740000000000,2026-11-09T18:59:00Z,free response,2.833,10.183,3.06,346.29,325.26,23.25,39.42,100.0,3,On,820.3,833.2
1794250800000000000,2026-11-09T19:00:00Z,controller 1,2.778,3.616,197.87,189.16,62.36,23.29,14.09,100.0,3,On,1448.14,579.38
1794250860000000000,2026-11-09T19:01:00Z,controller 1,2.755,3.263,90.67,62.55,115.06,23.38,11.84,100.0,3,On,1495.96,564.19
1794250920000000000,2026-11-09T19:02:00Z,controller 1,2.769,3.332,90.48,169.67,574.73,23.45,12.79,100.0,3,On,1479.26,559.03
1794250980000000000,2026-11-09T19:03:00Z,controller 1,2.761,3.023,54.13,304.67,268.16,23.5,10.88,100.0,3,On,1500.0,554.57
1794251040000000000,2026-11-09T19:04:00Z,controller 2,2.762,3.365,196.92,66.74,564.39,23.58,13.61,100.0,3,On,1500.0,547.01
1794251100000000000,2026-11-09T19:05:00Z,free response,2.755,3.187,144.67,230.5,7.84,23.64,11.02,71.14,3,On,1455.37,523.75
1794251160000000000,2026-11-09T19:06:00Z,free response,2.732,3.297,84.73,163.44,71.85,23.71,12.01,100.0,2,On,1419.57,527.87
1794251220000000000,2026-11-09T19:07:00Z,free response,2.756,3.381,47.22,285.5,308.0,23.75,12.73,100.0,2,On,1457.93,523.64
1794251280000000000,2026-11-09T19:08:00Z,controller 2,2.706,3.642,45.63,67.09,579.75,23.83,14.27,100.0,1,On,1411.0,517.79
1794251340000000000,2026-11-09T19:09:00Z,controller 2,2.747,3.007,-2.48,353.05,40.01,23.87,11.64,100.0,3,On,1383.43,529.93
1794251400000000000,2026-11-09T19:10:00Z,controller 2,2.799,3.285,87.59,214.87,108.14,23.91,12.22,100.0,2,On,1424.62,538.78
1794251460000000000,2026-11-09T19:11:00Z,free response,2.698,3.119,14.67,91.61,488.48,23.94,12.17,100.0,2,On,1429.29,529.16
1794251520000000000,2026-11-09T19:12:00Z,free response,2.663,3.378,122.42,400.93,307.59,23.99,11.96,100.0,1,On,1459.02,504.62
1794251580000000000,2026-11-09T19:13:00Z,controller 1,2.777,3.765,21.68,94.49,154.89,24.04,13.6,100.0,2,On,1436.0,515.65
1794251640000000000,2026-11-09T19:14:00Z,controller 2,2.762,3.195,56.0,292.3,160.43,24.13,13.19,100.0,1,On,1396.07,518.42
1794251700000000000,2026-11-09T19:15:00Z,free response,2.758,3.28,38.53,260.79,574.66,24.17,11.29,100.0,2,On,1400.89,512.31
1794251760000000000,2026-11-09T19:16:00Z,controller 1,2.728,3.704,101.62,155.81,91.36,24.21,13.93,100.0,1,On,1368.12,489.42
1794251820000000000,2026-11-09T19:17:00Z,free response,2.814,3.683,173.82,47.92,276.07,24.29,15.8,100.0,3,On,1346.18,509.03
1794251880000000000,2026-11-09T19:18:00Z,free response,2.832,3.57,1.43,271.55,268.74,24.34,14.49,100.0,1,On,1297.63,510.29
1794251940000000000,2026-11-09T19:19:00Z,controller 2,2.694,3.006,117.3,207.2,578.51,24.41,10.04,100.0,3,On,1255.77,485.99
1794252000000000000,2026-11-09T19:20:00Z,controller 1,2.705,3.651,-27.13,246.62,447.59,24.45,13.17,100.0,3,On,1232.05,464.44
1794252060000000000,2026-11-09T19:21:00Z,free response,2.727,3.288,90.45,128.64,172.98,24.51,13.16,100.0,3,On,706.25,491.69
1794252120000000000,2026-11-09T19:22:00Z,controller 2,2.761,3.655,40.66,325.22,121.2,24.55,14.66,100.0,1,On,691.04,521.56
1794252180000000000,2026-11-09T19:23:00Z,controller 2,2.665,3.551,68.98,158.54,481.89,24.59,11.82,100.0,2,On,672.03,546.87
1794252240000000000,2026-11-09T19:24:00Z,free response,2.831,3.68,-21.8,428.09,233.36,24.62,14.95,100.0,3,On,640.49,574.51
1794252300000000000,2026-11-09T19:25:00Z,controller 1,2.719,3.46,129.71,33.11,23.32,24.68,12.89,100.0,1,Starting,1354.34,807.24
1794252360000000000,2026-11-09T19:26:00Z,controller 1,2.811,3.377,-29.74,405.3,244.77,24.7,13.72,100.0,2,Starting,1344.77,808.95
1794252420000000000,2026-11-09T19:27:00Z,controller 1,2.696,3.572,179.12,138.5,141.52,24.78,14.09,100.0,2,Starting,1317.14,817.88
1794252480000000000,2026-11-09T19:28:00Z,controller 2,2.744,3.554,127.52,238.82,156.46,24.82,14.21,100.0,1,Starting,1314.82,808.9
1794252540000000000,2026-11-09T19:29:00Z,controller 1,2.799,3.682,148.83,326.07,176.08,24.9,13.38,100.0,1,Starting,1339.7,797.97
1794252600000000000,2026-11-09T19:30:00Z,free response,0.654,1.576,92.35,264.93,169.83,24.98,0.32,100.0,2,Starting,1325.47,771.16
1794252660000000000,2026-11-09T19:31:00Z,free response,0.663,1.333,157.33,136.81,63.08,25.05,0.31,100.0,2,Starting,1305.72,775.77
1794252720000000000,2026-11-09T19:32:00Z,controller 1,0.692,2.089,63.68,188.73,594.55,25.13,0.47,100.0,3,Starting,1294.25,778.25
1794252780000000000,2026-11-09T19:33:00Z,controller 1,0.755,1.476,107.49,212.65,193.61,25.16,0.38,100.0,3,Starting,1266.51,749.27
1794252840000000000,2026-11-09T19:34:00Z,free response,0.747,2.066,122.86,195.84,292.37,25.22,0.58,100.0,3,Starting,1247.5,770.97
1794252900000000000,2026-11-09T19:35:00Z,controller 1,0.612,1.373,128.7,440.55,162.63,25.28,0.24,100.0,1,Starting,1218.53,760.33
1794252960000000000,2026-11-09T19:36:00Z,free response,0.753,1.864,109.27,203.28,213.04,25.35,0.5,100.0,1,Starting,1218.11,748.31
1794253020000000000,2026-11-09T19:37:00Z,free response,0.739,1.827,178.24,191.5,33.43,25.38,0.51,100.0,1,Starting,1255.53,723.68
1794253080000000000,2026-11-09T19:38:00Z,controller 2,0.703,1.454,176.01,51.9,301.65,25.43,0.33,100.0,2,Starting,1266.81,736.86
1794253140000000000,2026-11-09T19:39:00Z,free response,0.63,2.086,23.79,397.16,91.09,25.49,0.45,100.0,1,Starting,1245.71,719.07
1794253200000000000,2026-11-09T19:40:00Z,controller 1,0.718,1.491,-21.7,374.04,130.19,25.54,0.42,100.0,1,Starting,1200.01,708.36
1794253260000000000,2026-11-09T19:41:00Z,controller 1,0.761,1.487,26.74,386.23,4.46,25.57,0.45,100.0,3,Starting,1165.35,685.47
1794253320000000000,2026-11-09T19:42:00Z,free response,0.683,1.458,196.05,162.03,176.02,25.6,0.37,100.0,2,Starting,1204.0,694.78
1794253380000000000,2026-11-09T19:43:00Z,controller 2,0.741,1.533,54.2,24.9,397.83,25.65,0.43,100.0,3,Starting,1180.38,685.68
1794253440000000000,2026-11-09T19:44:00Z,controller 2,0.581,1.962,-6.07,445.86,232.44,25.69,0.34,100.0,1,Starting,1162.61,702.99
1794253500000000000,2026-11-09T19:45:00Z,controller 2,0.632,1.771,131.53,439.35,381.24,25.73,0.36,100.0,2,Starting,1207.65,708.63
1794253560000000000,2026-11-09T19:46:00Z,controller 1,0.694,1.411,164.25,61.86,323.83,25.77,0.33,100.0,2,Starting,1199.78,699.46
1794253620000000000,2026-11-09T19:47:00Z,controller 1,0.63,1.539,199.61,280.05,228.67,25.83,0.3,100.0,2,Starting,1151.66,729.22
1794253680000000000,2026-11-09T19:48:00Z,controller 2,0.728,1.403,10.26,53.46,7.19,25.89,0.35,100.0,2,Starting,1169.42,703.34
1794253740000000000,2026-11-09T19:49:00Z,free response,0.749,1.892,136.74,415.21,308.78,25.94,0.51,100.0,3,Starting,1127.52,706.92
1794253800000000000,2026-11-09T19:50:00Z,free response,0.665,1.763,-21.65,298.57,118.83,25.97,0.4,100.0,1,Starting,1101.49,711.57
1794253860000000000,2026-11-09T19:51:00Z,controller 2,0.651,1.33,60.4,26.19,83.13,26.01,0.27,100.0,1,Starting,1136.27,691.42
1794253920000000000,2026-11-09T19:52:00Z,controller 2,0.623,1.636,46.22,78.86,321.03,26.05,0.31,100.0,2,Starting,1103.47,692.42
1794253980000000000,2026-11-09T19:53:00Z,free response,0.585,2.004,171.43,134.98,268.92,26.13,0.32,100.0,2,Starting,1133.61,692.08
1794254040000000000,2026-11-09T19:54:00Z,controller 1,0.617,1.954,9.78,365.9,489.68,26.19,0.35,100.0,1,Starting,1108.21,709.92
1794254100000000000,2026-11-09T19:55:00Z,controller 2,0.745,1.374,179.5,31.68,70.45,26.25,0.41,100.0,1,Starting,1103.4,729.47
1794254160000000000,2026-11-09T19:56:00Z,controller 1,0.671,1.683,130.39,394.38,565.94,26.31,0.41,100.0,1,Starting,1116.92,424.63
1794254220000000000,2026-11-09T19:57:00Z,controller 2,0.603,1.922,-9.66,434.93,262.07,26.35,0.38,100.0,3,Starting,1071.9,438.91
1794254280000000000,2026-11-09T19:58:00Z,controller 2,0.585,1.913,22.62,240.45,241.18,26.42,0.3,100.0,2,Starting,1053.16,426.0
1794254340000000000,2026-11-09T19:59:00Z,free response,0.603,1.516,4.46,232.06,27.36,26.51,0.27,100.0,3,Starting,1033.64,453.58
1794254400000000000,2026-11-09T20:00:00Z,controller 1,0.183,1.494,159.21,319.49,44.01,26.6,0.03,100.0,2,Starting,996.38,470.79
1794254460000000000,2026-11-09T20:01:00Z,controller 1,0.189,1.304,37.47,9.02,24.71,26.68,0.02,100.0,3,Starting,1004.97,485.51
1794254520000000000,2026-11-09T20:02:00Z,free response,0.135,1.559,169.8,419.58,121.49,26.71,0.01,100.0,3,Starting,974.15,507.91
1794254580000000000,2026-11-09T20:03:00Z,controller 1,0.234,1.164,108.79,139.4,218.08,26.77,0.03,100.0,1,Starting,1007.58,484.4
1794254640000000000,2026-11-09T20:04:00Z,free response,0.292,1.19,89.97,429.84,129.12,26.85,0.05,100.0,1,Starting,1006.63,508.39
1794254700000000000,2026-11-09T20:05:00Z,controller 2,0.267,1.613,62.54,89.87,518.05,26.88,0.06,100.0,1,Starting,967.36,520.28
1794254760000000000,2026-11-09T20:06:00Z,controller 1,0.207,1.369,-23.07,419.38,321.27,26.95,0.03,100.0,1,Starting,935.97,531.3
1794254820000000000,2026-11-09T20:07:00Z,controller 1,0.173,1.365,7.84,263.02,347.99,26.99,0.02,100.0,2,Starting,959.46,519.73
1794254880000000000,2026-11-09T20:08:00Z,controller 1,0.194,1.296,-29.03,387.85,566.82,27.03,0.02,100.0,3,Starting,963.79,547.3
1794254940000000000,2026-11-09T20:09:00Z,free response,0.271,1.36,166.19,152.59,341.31,27.06,0.05,100.0,1,Starting,1002.1,519.38
1794255000000000000,2026-11-09T20:10:00Z,controller 2,0.205,1.62,158.35,152.69,466.71,27.15,0.04,100.0,2,Starting,962.63,540.29
1794255060000000000,2026-11-09T20:11:00Z,free response,0.27,1.009,60.61,89.19,398.8,27.17,0.04,100.0,1,Starting,974.38,518.58
1794255120000000000,2026-11-09T20:12:00Z,free response,0.166,1.529,181.04,307.72,287.56,27.22,0.02,100.0,2,Starting,940.78,540.16
1794255180000000000,2026-11-09T20:13:00Z,controller 1,0.194,1.133,-23.79,144.97,67.89,27.28,0.02,100.0,3,Starting,961.87,538.02
1794255240000000000,2026-11-09T20:14:00Z,controller 2,0.184,1.106,88.67,371.66,9.89,27.25,0.02,100.0,1,Starting,1000.9,559.02
1794255300000000000,2026-11-09T20:15:00Z,free response,0.21,1.528,111.2,342.96,421.59,27.23,0.04,100.0,2,Starting,953.75,585.2
1794255360000000000,2026-11-09T20:16:00Z,controller 1,0.154,1.309,101.42,242.95,22.26,27.21,0.02,100.0,1,Starting,748.12,640.42
1794255420000000000,2026-11-09T20:17:00Z,controller 2,0.233,1.582,95.16,141.99,467.57,27.2,0.04,100.0,1,Starting,703.62,643.85
1794255480000000000,2026-11-09T20:18:00Z,controller 1,0.237,1.557,38.18,248.89,496.37,27.19,0.04,100.0,3,Starting,734.21,644.02
1794255540000000000,2026-11-09T20:19:00Z,free response,0.137,1.312,190.78,341.83,293.48,27.17,0.01,100.0,3,Starting,721.72,658.98
1794255600000000000,2026-11-09T20:20:00Z,controller 2,0.143,1.076,19.5,169.97,89.43,27.15,0.01,100.0,1,Starting,725.67,662.42
1794255660000000000,2026-11-09T20:21:00Z,controller 2,0.218,1.212,-29.45,413.19,493.27,27.14,0.03,100.0,3,Starting,675.84,669.29
1794255720000000000,2026-11-09T20:22:00Z,free response,0.204,1.479,1.6,356.56,487.29,27.11,0.03,100.0,2,Starting,657.15,663.23
1794255780000000000,2026-11-09T20:23:00Z,controller 2,0.148,1.43,-1.54,384.81,215.33,27.09,0.02,100.0,2,Starting,665.76,672.98
1794255840000000000,2026-11-09T20:24:00Z,free response,0.21,1.165,-10.24,204.89,368.71,27.05,0.02,100.0,3,Starting,653.73,652.88
1794255900000000000,2026-11-09T20:25:00Z,free response,0.232,1.728,132.39,330.08,594.64,27.04,0.05,100.0,3,Starting,651.47,662.07
1794255960000000000,2026-11-09T20:26:00Z,controller 1,0.221,1.631,38.97,319.06,179.13,27.01,0.04,100.0,3,Starting,698.76,644.58
1794256020000000000,2026-11-09T20:27:00Z,controller 1,0.253,1.168,9.4,258.51,218.67,26.98,0.04,100.0,2,Starting,656.26,667.03
1794256080000000000,2026-11-09T20:28:00Z,controller 1,0.232,1.228,79.08,437.42,70.79,26.95,0.04,100.0,2,Starting,669.84,654.59
1794256140000000000,2026-11-09T20:29:00Z,controller 2,0.21,1.711,-5.66,166.6,410.35,26.94,0.04,100.0,2,Starting,624.69,681.44
1794256200000000000,2026-11-09T20:30:00Z,controller 1,2.802,11.499,16.24,342.9,79.87,26.91,42.74,100.0,3,Starting,670.24,686.29
1794256260000000000,2026-11-09T20:31:00Z,controller 2,2.755,11.901,-12.89,407.2,357.01,26.89,43.5,100.0,3,Starting,708.04,668.92
1794256320000000000,2026-11-09T20:32:00Z,controller 2,2.814,11.386,152.42,199.66,531.6,26.87,42.28,100.0,2,Starting,722.58,645.99
1794256380000000000,2026-11-09T20:33:00Z,free response,2.84,11.54,26.0,5.56,118.58,26.84,44.63,100.0,1,Starting,724.33,666.28
1794256440000000000,2026-11-09T20:34:00Z,free response,2.832,11.677,76.52,11.82,250.48,26.82,49.87,100.0,1,Starting,742.35,684.26
1794256500000000000,2026-11-09T20:35:00Z,controller 1,2.794,11.415,50.34,292.58,196.01,26.8,47.51,100.0,1,Starting,771.35,692.78
1794256560000000000,2026-11-09T20:36:00Z,free response,2.708,11.851,21.96,91.65,587.96,26.79,41.0,100.0,1,Starting,747.01,675.85
1794256620000000000,2026-11-09T20:37:00Z,controller 1,2.753,11.6,159.01,421.25,460.24,26.78,41.94,100.0,1,Starting,755.32,673.36
1794256680000000000,2026-11-09T20:38:00Z,free response,2.772,11.901,30.24,255.04,539.06,26.76,42.21,100.0,3,Starting,776.11,678.76
1794256740000000000,2026-11-09T20:39:00Z,controller 2,2.705,11.578,150.56,218.07,118.97,26.74,42.62,100.0,2,Starting,816.22,678.98
1794256800000000000,2026-11-09T20:40:00Z,free response,2.747,11.931,185.78,171.23,588.62,26.78,42.38,100.0,1,Starting,821.93,674.13
1794256860000000000,2026-11-09T20:41:00Z,free response,2.796,12.096,177.46,4.51,371.52,26.83,50.03,100.0,3,Starting,861.83,650.88
1794256920000000000,2026-11-09T20:42:00Z,controller 2,2.833,12.075,151.13,168.26,302.42,26.88,49.72,100.0,2,On,816.38,637.9
1794256980000000000,2026-11-09T20:43:00Z,controller 1,2.763,11.679,118.77,35.06,375.84,26.95,47.48,100.0,2,On,827.72,635.22
1794257040000000000,2026-11-09T20:44:00Z,controller 1,2.824,11.388,123.18,129.81,65.65,27.03,43.54,100.0,2,On,876.48,617.99
1794257100000000000,2026-11-09T20:45:00Z,controller 2,2.741,11.956,113.51,326.93,347.88,27.05,41.2,100.0,3,On,827.3,595.87
1794257160000000000,2026-11-09T20:46:00Z,free response,2.741,11.904,51.88,297.95,183.92,27.14,43.24,100.0,3,On,856.76,574.39
1794257220000000000,2026-11-09T20:47:00Z,controller 2,2.734,11.42,5.49,284.79,357.51,27.19,42.68,100.0,1,On,898.42,555.08
1794257280000000000,2026-11-09T20:48:00Z,controller 2,2.809,11.616,123.88,134.23,258.55,27.27,42.02,100.0,2,On,898.12,526.08
1794257340000000000,2026-11-09T20:49:00Z,controller 2,2.85,11.636,181.67,365.26,497.28,27.34,49.31,100.0,1,On,903.71,532.34
1794257400000000000,2026-11-09T20:50:00Z,free response,2.78,11.868,146.26,23.02,444.3,27.37,41.8,100.0,1,On,931.06,539.75
1794257460000000000,2026-11-09T20:51:00Z,controller 2,2.827,11.417,96.63,228.44,389.5,27.45,41.73,100.0,3,On,954.87,532.64
1794257520000000000,2026-11-09T20:52:00Z,controller 2,2.813,11.659,27.52,353.19,543.07,27.54,43.02,100.0,2,On,933.08,529.07
1794257580000000000,2026-11-09T20:53:00Z,controller 1,2.706,11.804,130.42,67.01,411.48,27.58,41.69,100.0,3,On,914.1,551.69
1794257640000000000,2026-11-09T20:54:00Z,free response,2.76,11.577,102.92,139.4,116.7,27.66,44.02,100.0,2,On,892.42,559.07
1794257700000000000,2026-11-09T20:55:00Z,controller 1,2.853,11.951,155.69,69.72,382.29,27.69,46.88,100.0,3,On,843.39,568.68
1794257760000000000,2026-11-09T20:56:00Z,controller 1,2.754,11.527,47.81,271.13,584.85,27.72,44.26,100.0,2,On,801.29,540.99
1794257820000000000,2026-11-09T20:57:00Z,controller 1,2.739,11.417,104.08,343.24,491.84,27.79,41.24,100.0,3,On,755.88,552.46
1794257880000000000,2026-11-09T20:58:00Z,controller 2,2.879,11.473,-28.27,345.53,51.81,27.85,45.1,100.0,1,On,717.62,543.14
1794257940000000000,2026-11-09T20:59:00Z,controller 2,2.751,11.861,164.7,80.92,342.2,27.87,48.14,100.0,3,On,707.43,535.11
1794258000000000000,2026-11-09T21:00:00Z,controller 2,1.703,10.615,89.73,5.36,589.72,27.91,15.27,100.0,3,On,754.33,549.86
1794258060000000000,2026-11-09T21:01:00Z,free response,1.844,11.09,159.1,337.75,350.73,27.98,19.92,100.0,2,On,763.75,572.19
1794258120000000000,2026-11-09T21:02:00Z,controller 1,1.822,11.008,93.3,210.94,313.27,28.04,19.71,100.0,3,On,731.9,566.29
1794258180000000000,2026-11-09T21:03:00Z,free response,1.769,10.357,-11.8,1.22,96.61,28.09,15.59,100.0,2,On,695.13,569.23
1794258240000000000,2026-11-09T21:04:00Z,free response,1.678,10.346,199.27,181.54,236.0,28.18,14.95,100.0,3,On,654.92,597.98
1794258300000000000,2026-11-09T21:05:00Z,free response,1.711,10.611,20.48,197.39,97.68,28.21,16.89,100.0,1,On,667.89,590.42
1794258360000000000,2026-11-09T21:06:00Z,free response,1.705,10.9,132.59,362.66,146.14,28.25,15.27,100.0,2,On,688.25,572.83
1794258420000000000,2026-11-09T21:07:00Z,free response,1.766,10.454,126.05,373.21,589.4,28.28,16.74,100.0,3,On,716.95,551.9
1794258480000000000,2026-11-09T21:08:00Z,free response,1.735,10.623,42.96,37.83,566.85,28.3,14.65,100.0,1,On,727.77,564.25
1794258540000000000,2026-11-09T21:09:00Z,controller 1,1.679,10.365,7.36,255.62,317.96,28.37,14.27,100.0,2,On,739.68,571.16
1794258600000000000,2026-11-09T21:10:00Z,free response,1.707,11.023,114.83,426.05,131.2,28.44,15.43,100.0,1,On,745.91,550.42
1794258660000000000,2026-11-09T21:11:00Z,free response,1.727,10.858,47.8,95.39,503.5,28.53,15.72,100.0,2,On,784.05,529.94
1794258720000000000,2026-11-09T21:12:00Z,controller 2,1.745,11.078,19.82,431.31,342.88,28.58,17.03,100.0,1,On,801.51,553.3
1794258780000000000,2026-11-09T21:13:00Z,controller 1,1.811,10.625,-2.34,138.62,203.51,28.66,16.94,100.0,2,On,845.41,568.37
1794258840000000000,2026-11-09T21:14:00Z,controller 1,1.791,10.769,15.27,202.63,487.25,28.73,15.59,100.0,3,On,854.85,539.81
1794258900000000000,2026-11-09T21:15:00Z,controller 1,1.683,10.814,190.15,39.53,552.08,28.81,15.05,100.0,2,On,852.99,567.56
1794258960000000000,2026-11-09T21:16:00Z,controller 1,1.821,10.74,162.74,63.58,309.28,28.88,18.33,100.0,3,On,838.58,591.46
1794259020000000000,2026-11-09T21:17:00Z,controller 2,1.832,10.362,84.52,40.56,290.18,28.94,16.52,100.0,3,On,845.29,600.29
1794259080000000000,2026-11-09T21:18:00Z,free response,1.713,10.758,66.47,111.17,411.28,28.97,16.93,100.0,1,On,877.08,581.83
1794259140000000000,2026-11-09T21:19:00Z,free response,1.721,10.987,105.01,371.52,186.98,29.01,15.53,100.0,2,On,875.34,586.88
1794259200000000000,2026-11-09T21:20:00Z,controller 2,1.775,10.369,47.89,104.05,572.53,29.05,15.61,100.0,1,On,874.83,577.23
1794259260000000000,2026-11-09T21:21:00Z,controller 2,1.744,10.693,85.65,362.27,200.59,29.1,16.45,100.0,1,On,567.67,582.5
1794259320000000000,2026-11-09T21:22:00Z,controller 1,1.787,11.005,-3.16,63.34,119.92,29.18,17.51,100.0,2,On,528.87,577.35
1794259380000000000,2026-11-09T21:23:00Z,controller 1,1.806,10.891,180.0,95.35,367.84,29.23,16.28,100.0,2,On,509.19,568.89
1794259440000000000,2026-11-09T21:24:00Z,controller 2,1.707,10.66,25.1,107.18,454.14,29.26,14.31,100.0,2,On,474.9,595.87
1794259500000000000,2026-11-09T21:25:00Z,free response,1.727,10.437,163.81,278.5,519.17,29.34,16.57,100.0,1,On,482.51,585.7
1794259560000000000,2026-11-09T21:26:00Z,controller 1,1.722,10.422,168.59,97.07,229.63,29.41,15.95,100.0,2,On,460.2,557.29
1794259620000000000,2026-11-09T21:27:00Z,free response,1.762,11.004,116.27,193.66,349.02,29.45,17.44,100.0,2,On,1295.66,436.98
1794259680000000000,2026-11-09T21:28:00Z,free response,1.719,11.051,74.35,351.96,149.05,29.5,16.23,100.0,3,On,1318.31,417.83
1794259740000000000,2026-11-09T21:29:00Z,free response,1.785,10.461,106.75,60.67,125.57,29.55,16.23,100.0,3,On,1320.33,407.58
1794259800000000000,2026-11-09T21:30:00Z,controller 1,1.654,3.299,53.54,421.96,106.89,29.61,4.31,100.0,3,On,1337.91,421.45
1794259860000000000,2026-11-09T21:31:00Z,free response,1.65,2.713,121.19,17.87,394.69,29.69,3.94,100.0,1,On,1288.0,407.34
1794259920000000000,2026-11-09T21:32:00Z,controller 2,1.627,2.786,33.93,308.69,484.86,29.75,3.93,100.0,3,On,1252.35,394.19
1794259980000000000,2026-11-09T21:33:00Z,controller 2,1.6,2.706,198.5,166.02,567.62,29.79,3.3,100.0,3,On,1245.1,407.99
1794260040000000000,2026-11-09T21:34:00Z,controller 2,1.596,2.621,31.37,200.36,49.91,29.86,3.54,100.0,2,On,1238.02,308.43
1794260100000000000,2026-11-09T21:35:00Z,controller 2,1.748,3.194,88.12,345.48,357.49,29.91,4.41,100.0,2,On,1223.89,292.16
1794260160000000000,2026-11-09T21:36:00Z,controller 2,1.645,3.151,174.31,297.27,439.44,29.95,4.36,100.0,1,On,1228.44,274.19
1794260220000000000,2026-11-09T21:37:00Z,free response,1.593,2.945,163.7,121.24,534.54,30.01,3.83,100.0,3,On,1212.47,263.68
1794260280000000000,2026-11-09T21:38:00Z,free response,1.696,3.116,162.6,343.6,71.79,30.08,4.76,100.0,1,On,589.98,304.68
1794260340000000000,2026-11-09T21:39:00Z,controller 2,1.615,2.782,132.08,82.25,277.54,30.15,3.58,100.0,1,On,551.47,277.7
1794260400000000000,2026-11-09T21:40:00Z,free response,1.769,2.718,82.65,224.51,436.9,30.24,3.83,100.0,2,On,589.63,277.25
1794260460000000000,2026-11-09T21:41:00Z,controller 1,1.714,2.905,72.79,311.09,172.72,30.29,4.63,100.0,3,On,542.18,282.0
1794260520000000000,2026-11-09T21:42:00Z,free response,1.757,3.041,-22.5,358.33,75.9,30.34,4.24,100.0,1,On,562.57,263.42
1794260580000000000,2026-11-09T21:43:00Z,free response,1.6,2.684,131.12,248.92,320.0,30.39,3.41,100.0,2,On,563.63,250.25
1794260640000000000,2026-11-09T21:44:00Z,controller 1,1.617,2.991,183.72,276.82,137.55,30.47,3.82,100.0,3,On,521.75,261.23
1794260700000000000,2026-11-09T21:45:00Z,free response,1.755,3.112,191.71,194.94,140.43,30.55,4.47,100.0,3,On,541.23,251.48
1794260760000000000,2026-11-09T21:46:00Z,free response,1.661,2.903,-26.2,387.97,33.82,30.61,4.35,100.0,1,On,566.38,222.23
1794260820000000000,2026-11-09T21:47:00Z,free response,1.616,3.291,141.95,86.78,81.56,30.65,4.16,100.0,1,On,593.63,194.69
1794260880000000000,2026-11-09T21:48:00Z,free response,1.771,3.237,-27.2,148.5,6.56,30.72,5.21,100.0,2,On,609.07,194.53
1794260940000000000,2026-11-09T21:49:00Z,free response,1.745,3.058,78.14,341.86,504.26,30.79,5.12,100.0,3,On,650.06,204.71
1794261000000000000,2026-11-09T21:50:00Z,controller 1,1.655,3.39,-27.77,118.06,271.71,30.82,4.66,100.0,3,On,693.71,211.55
1794261060000000000,2026-11-09T21:51:00Z,free response,1.643,3.171,-17.06,272.34,535.84,30.89,4.45,100.0,3,On,688.63,207.12
1794261120000000000,2026-11-09T21:52:00Z,controller 2,1.664,2.702,171.17,184.81,141.37,30.94,3.51,100.0,1,On,642.87,226.31
1794261180000000000,2026-11-09T21:53:00Z,free response,1.743,3.065,159.46,390.28,0.71,31.0,4.43,16.03,3,On,602.97,211.83
1794261240000000000,2026-11-09T21:54:00Z,controller 2,1.663,3.282,186.38,165.73,25.19,31.04,4.27,100.0,2,On,594.94,208.72
1794261300000000000,2026-11-09T21:55:00Z,controller 2,1.599,3.391,22.51,369.67,142.02,31.1,4.27,100.0,2,On,565.4,237.37
1794261360000000000,2026-11-09T21:56:00Z,free response,1.61,2.863,21.13,338.86,197.13,31.19,3.7,100.0,2,On,601.92,228.2
1794261420000000000,2026-11-09T21:57:00Z,free response,1.633,3.306,162.69,199.91,505.56,31.23,4.84,100.0,1,On,569.0,253.48
1794261480000000000,2026-11-09T21:58:00Z,controller 1,1.743,3.133,-16.77,166.56,595.01,31.28,4.44,100.0,3,On,616.21,264.99
1794261540000000000,2026-11-09T21:59:00Z,free response,1.652,3.158,-23.99,279.34,171.54,31.35,4.18,100.0,1,On,580.97,289.19
1794261600000000000,2026-11-09T22:00:00Z,controller 2,0.066,7.356,142.02,102.84,194.8,31.38,0.02,100.0,1,On,570.18,316.83
1794261660000000000,2026-11-09T22:01:00Z,controller 1,0,7.937,37.59,311.95,394.71,31.45,0.0,0.0,2,On,568.17,287.86
1794261720000000000,2026-11-09T22:02:00Z,free response,0,7.541,162.31,413.03,517.73,31.49,0.0,0.0,2,On,610.82,273.73
1794261780000000000,2026-11-09T22:03:00Z,controller 1,0.067,7.231,-26.23,298.55,322.95,31.56,0.02,100.0,2,On,659.37,254.58
1794261840000000000,2026-11-09T22:04:00Z,free response,0.051,7.673,14.57,260.02,42.84,31.65,0.01,100.0,1,On,636.33,273.29
1794261900000000000,2026-11-09T22:05:00Z,controller 2,0.02,7.461,125.48,329.57,15.32,31.69,0.0,0.0,3,On,637.69,265.72
1794261960000000000,2026-11-09T22:06:00Z,controller 2,0,7.672,102.1,71.91,510.95,31.73,0.0,0.0,3,On,649.7,270.17
1794262020000000000,2026-11-09T22:07:00Z,controller 2,0.062,7.692,107.27,197.14,344.01,31.81,0.02,100.0,2,On,636.95,275.58
1794262080000000000,2026-11-09T22:08:00Z,controller 1,0,7.499,123.49,159.17,352.79,31.84,0.0,0.0,2,On,635.28,247.58
1794262140000000000,2026-11-09T22:09:00Z,free response,0.045,7.814,169.77,229.41,216.14,31.88,0.01,100.0,2,On,642.72,253.7
1794262200000000000,2026-11-09T22:10:00Z,controller 1,0,7.362,183.85,428.02,528.47,31.92,0.0,0.0,1,On,676.04,264.84
1794262260000000000,2026-11-09T22:11:00Z,controller 1,0.028,7.803,135.36,402.14,597.99,31.99,0.0,0.0,3,On,682.0,244.67
1794262320000000000,2026-11-09T22:12:00Z,controller 2,0.0,7.253,74.8,110.86,183.74,32.07,0.0,0.0,2,On,675.19,252.6
1794262380000000000,2026-11-09T22:13:00Z,free response,0,7.962,182.54,430.65,214.72,32.13,0.0,0.0,2,On,647.53,258.2
1794262440000000000,2026-11-09T22:14:00Z,controller 2,0.014,7.369,125.55,168.26,488.3,32.17,0.0,0.0,1,On,670.56,228.84
1794262500000000000,2026-11-09T22:15:00Z,free response,0.057,7.384,159.26,313.97,526.42,32.24,0.01,100.0,3,On,631.65,216.17
1794262560000000000,2026-11-09T22:16:00Z,controller 2,0,7.293,159.21,161.11,5.24,32.33,0.0,0.0,3,On,630.16,190.86
1794262620000000000,2026-11-09T22:17:00Z,controller 1,0,7.995,26.83,52.76,158.53,32.42,0.0,0.0,1,On,597.22,174.04
1794262680000000000,2026-11-09T22:18:00Z,controller 2,0,7.79,90.99,114.31,144.44,32.51,0.0,0.0,3,On,563.94,154.37
1794262740000000000,2026-11-09T22:19:00Z,controller 2,0,7.781,193.0,39.6,150.97,32.56,0.0,0.0,2,On,542.64,159.61
1794262800000000000,2026-11-09T22:20:00Z,controller 2,0.034,7.257,181.86,23.75,284.97,32.64,0.0,0.0,2,On,535.27,172.77
1794262860000000000,2026-11-09T22:21:00Z,controller 2,0.089,7.417,84.8,361.02,12.2,32.67,0.03,100.0,2,On,528.36,163.37
1794262920000000000,2026-11-09T22:22:00Z,controller 2,0,7.319,89.8,130.88,498.02,32.73,0.0,0.0,2,On,569.37,156.7
1794262980000000000,2026-11-09T22:23:00Z,controller 2,0,7.391,-24.01,280.93,576.07,32.79,0.0,0.0,3,On,544.11,145.61
1794263040000000000,2026-11-09T22:24:00Z,controller 2,0.073,7.896,92.84,190.67,401.76,32.82,0.02,100.0,2,On,589.98,130.11
1794263100000000000,2026-11-09T22:25:00Z,controller 2,0.031,7.372,-4.65,34.44,316.89,32.85,0.0,0.0,2,On,592.6,145.36
1794263160000000000,2026-11-09T22:26:00Z,controller 1,0,7.73,126.7,160.15,80.19,32.89,0.0,0.0,1,On,585.46,157.55
1794263220000000000,2026-11-09T22:27:00Z,controller 2,0,7.354,7.07,428.25,221.99,32.92,0.0,0.0,1,On,572.67,130.71
1794263280000000000,2026-11-09T22:28:00Z,free response,0.02,7.244,54.61,70.82,481.89,32.96,0.0,0.0,2,On,617.12,138.76
1794263340000000000,2026-11-09T22:29:00Z,controller 1,0,7.703,96.45,65.81,221.23,33.04,0.0,0.0,2,On,602.37,140.75
1794263400000000000,2026-11-09T22:30:00Z,controller 2,0.749,5.602,120.36,284.73,512.85,33.08,1.54,100.0,2,On,649.6,154.02
1794263460000000000,2026-11-09T22:31:00Z,controller 1,0.782,5.253,51.33,148.76,224.3,33.14,1.73,100.0,1,On,614.94,146.75
1794263520000000000,2026-11-09T22:32:00Z,controller 2,0.739,5.66,68.79,251.04,243.22,33.21,1.56,100.0,1,On,599.17,129.27
1794263580000000000,2026-11-09T22:33:00Z,controller 1,0.676,5.119,36.35,360.99,246.43,33.24,1.28,100.0,2,On,594.07,100.81
1794263640000000000,2026-11-09T22:34:00Z,free response,0.696,5.207,144.66,194.7,334.2,33.3,1.39,100.0,3,On,596.6,87.36
1794263700000000000,2026-11-09T22:35:00Z,controller 2,0.671,4.975,61.06,126.49,65.64,33.37,1.07,100.0,2,On,1152.49,421.78
1794263760000000000,2026-11-09T22:36:00Z,controller 1,0.786,4.927,-27.34,0.18,286.04,33.4,1.6,100.0,2,On,1137.69,436.86
1794263820000000000,2026-11-09T22:37:00Z,controller 1,0.681,4.928,168.54,148.45,234.65,33.43,1.2,100.0,3,On,1131.54,428.9
1794263880000000000,2026-11-09T22:38:00Z,controller 2,0.803,5.065,-29.18,344.23,368.45,33.49,1.54,100.0,2,On,1101.06,418.78
1794263940000000000,2026-11-09T22:39:00Z,free response,0.713,5.523,51.47,102.63,494.39,33.57,1.28,100.0,3,On,1085.71,389.59
1794264000000000000,2026-11-09T22:40:00Z,controller 1,0.704,5.501,157.73,101.83,585.78,33.66,1.34,100.0,1,On,1093.63,388.29
1794264060000000000,2026-11-09T22:41:00Z,controller 2,0.688,5.436,83.56,38.83,516.84,33.73,1.18,100.0,2,On,1096.77,413.8
1794264120000000000,2026-11-09T22:42:00Z,controller 1,0.748,5.378,84.27,298.0,559.15,33.82,1.47,100.0,3,On,1121.56,416.32
1794264180000000000,2026-11-09T22:43:00Z,controller 2,0.666,5.59,75.9,54.64,398.66,33.87,1.28,100.0,2,On,1133.91,401.03
1794264240000000000,2026-11-09T22:44:00Z,controller 1,0.797,5.411,21.61,333.68,504.84,33.9,1.68,100.0,1,On,1133.28,428.26
1794264300000000000,2026-11-09T22:45:00Z,controller 2,0.658,5.654,161.69,109.05,147.35,33.97,1.21,100.0,2,On,1010.39,651.85
1794264360000000000,2026-11-09T22:46:00Z,free response,0.788,5.351,-23.28,55.6,367.85,34.02,1.82,100.0,1,On,964.96,653.1
1794264420000000000,2026-11-09T22:47:00Z,controller 1,0.688,5.143,187.36,226.57,383.73,34.04,1.2,100.0,1,On,970.11,676.62
1794264480000000000,2026-11-09T22:48:00Z,free response,0.802,4.953,108.65,64.43,324.49,34.1,1.52,100.0,3,On,631.72,732.97
1794264540000000000,2026-11-09T22:49:00Z,free response,0.758,5.151,132.9,129.96,385.71,34.19,1.52,100.0,2,On,598.68,736.86
1794264600000000000,2026-11-09T22:50:00Z,controller 2,0.799,4.986,32.45,12.55,599.31,34.24,1.63,100.0,1,On,616.38,753.66
1794264660000000000,2026-11-09T22:51:00Z,controller 1,0.759,5.287,-22.44,243.89,473.13,34.29,1.67,100.0,2,On,638.9,754.49
1794264720000000000,2026-11-09T22:52:00Z,controller 2,0.659,5.533,121.37,322.37,240.69,34.35,1.13,100.0,1,On,653.34,771.74
1794264780000000000,2026-11-09T22:53:00Z,controller 2,0.714,5.368,55.22,234.86,50.97,34.43,1.33,100.0,3,On,678.97,746.87
1794264840000000000,2026-11-09T22:54:00Z,controller 1,0.682,5.576,180.03,53.37,529.14,34.51,1.24,100.0,1,On,629.89,763.97
1794264900000000000,2026-11-09T22:55:00Z,free response,0.674,5.415,143.96,432.55,191.23,34.59,1.13,100.0,1,On,672.92,748.72
1794264960000000000,2026-11-09T22:56:00Z,controller 1,0.718,5.604,36.61,247.78,233.64,34.63,1.3,100.0,2,On,709.81,723.65
1794265020000000000,2026-11-09T22:57:00Z,controller 1,0.713,5.455,108.03,308.07,502.25,34.71,1.34,100.0,3,On,723.5,723.15
1794265080000000000,2026-11-09T22:58:00Z,controller 1,0.793,5.22,83.93,404.09,533.88,34.76,1.62,100.0,2,On,741.86,730.28
1794265140000000000,2026-11-09T22:59:00Z,free response,0.717,4.938,99.92,439.91,312.67,34.85,1.31,100.0,3,On,713.75,722.33
1794265200000000000,2026-11-09T23:00:00Z,controller 1,1.399,8.856,147.73,377.53,64.36,34.88,8.07,100.0,2,On,671.05,724.32
1794265260000000000,2026-11-09T23:01:00Z,controller 2,1.298,8.587,53.31,218.29,283.54,34.94,7.15,100.0,3,On,675.54,719.09
1794265320000000000,2026-11-09T23:02:00Z,controller 1,1.338,8.589,182.1,266.95,12.28,35.03,7.18,100.0,3,On,690.03,705.04
1794265380000000000,2026-11-09T23:03:00Z,controller 1,1.354,8.809,188.06,146.3,552.24,35.08,7.55,100.0,1,On,673.0,699.17
1794265440000000000,2026-11-09T23:04:00Z,controller 2,1.354,9.219,-19.58,328.75,426.31,35.17,9.1,100.0,3,On,700.2,698.37
1794265500000000000,2026-11-09T23:05:00Z,free response,1.295,9.073,158.6,20.81,28.19,35.21,7.61,100.0,2,On,663.32,718.71
1794265560000000000,2026-11-09T23:06:00Z,free response,1.349,9.199,184.03,68.96,181.19,35.26,8.96,100.0,1,On,668.61,727.26
1794265620000000000,2026-11-09T23:07:00Z,free response,1.315,9.143,86.39,272.76,223.34,35.31,8.49,100.0,2,On,619.87,701.8
1794265680000000000,2026-11-09T23:08:00Z,controller 1,1.334,8.917,7.41,158.9,237.01,35.36,7.66,100.0,3,On,654.3,679.94
1794265740000000000,2026-11-09T23:09:00Z,controller 2,1.299,8.481,78.6,385.26,122.74,35.44,6.53,100.0,2,On,699.85,666.98
1794265800000000000,2026-11-09T23:10:00Z,free response,1.434,9.197,34.65,211.06,81.87,35.47,10.0,100.0,3,On,667.25,672.07
1794265860000000000,2026-11-09T23:11:00Z,free response,1.302,8.671,40.71,395.77,34.01,35.51,7.49,100.0,1,On,632.41,660.42
1794265920000000000,2026-11-09T23:12:00Z,controller 2,1.387,8.551,5.73,329.36,524.66,35.56,7.53,100.0,1,On,610.95,635.11
1794265980000000000,2026-11-09T23:13:00Z,controller 1,1.365,8.623,65.99,98.43,195.88,35.64,7.76,100.0,2,On,593.02,644.03
1794266040000000000,2026-11-09T23:14:00Z,controller 2,1.404,8.927,144.26,154.97,582.24,35.72,9.57,100.0,2,On,569.45,673.86
1794266100000000000,2026-11-09T23:15:00Z,controller 1,1.371,9.106,81.61,108.01,272.96,35.8,7.78,100.0,1,On,567.07,644.69
1794266160000000000,2026-11-09T23:16:00Z,controller 1,1.31,8.826,16.44,98.14,557.63,35.89,7.58,100.0,1,On,530.92,646.16
1794266220000000000,2026-11-09T23:17:00Z,controller 1,1.441,9.197,154.9,170.53,431.11,35.97,9.49,100.0,2,On,545.42,623.2
1794266280000000000,2026-11-09T23:18:00Z,controller 1,1.351,8.507,-20.54,184.66,33.09,36.0,7.4,100.0,1,On,502.26,593.65
1794266340000000000,2026-11-09T23:19:00Z,controller 2,1.422,8.759,-9.46,66.33,212.88,36.05,9.6,100.0,1,On,535.07,617.32
1794266400000000000,2026-11-09T23:20:00Z,free response,1.302,9.044,0.11,93.52,29.27,36.12,8.19,100.0,3,On,512.99,601.87
1794266460000000000,2026-11-09T23:21:00Z,controller 1,1.354,9.206,67.62,109.26,194.97,36.18,8.29,100.0,1,On,519.45,595.64
1794266520000000000,2026-11-09T23:22:00Z,controller 1,1.307,8.691,180.35,368.76,262.97,36.22,7.93,100.0,1,On,564.32,589.82
1794266580000000000,2026-11-09T23:23:00Z,controller 2,1.452,8.901,156.08,399.23,173.39,36.28,9.64,100.0,2,On,599.65,573.25
1794266640000000000,2026-11-09T23:24:00Z,controller 2,1.274,9.221,131.86,428.67,3.33,36.33,6.92,48.12,1,On,618.45,547.54
1794266700000000000,2026-11-09T23:25:00Z,controller 1,1.39,8.701,124.76,308.48,43.42,36.37,7.87,100.0,3,On,589.07,539.13
1794266760000000000,2026-11-09T23:26:00Z,controller 2,1.367,9.051,174.46,256.11,356.39,36.44,7.74,100.0,2,On,539.27,547.66
1794266820000000000,2026-11-09T23:27:00Z,controller 1,1.35,8.634,-2.87,59.95,175.93,36.52,8.1,100.0,3,On,555.37,575.6
1794266880000000000,2026-11-09T23:28:00Z,controller 1,1.378,8.859,5.73,211.2,171.13,36.56,8.85,100.0,2,On,570.93,599.9
1794266940000000000,2026-11-09T23:29:00Z,controller 2,1.279,8.884,117.3,147.56,86.09,36.63,7.41,100.0,3,On,563.59,601.36
1794267000000000000,2026-11-09T23:30:00Z,free response,0.013,10.909,134.45,61.81,238.8,36.71,0.0,0.0,3,On,550.39,599.4
1794267060000000000,2026-11-09T23:31:00Z,controller 2,0.159,10.681,32.3,383.63,501.19,36.76,0.15,100.0,2,On,1468.58,611.74
1794267120000000000,2026-11-09T23:32:00Z,free response,0.183,10.687,18.33,259.55,101.74,36.8,0.17,100.0,1,On,1500.0,618.05
1794267180000000000,2026-11-09T23:33:00Z,free response,0.116,11.092,13.73,314.07,77.9,36.86,0.08,100.0,2,On,1500.0,631.07
1794267240000000000,2026-11-09T23:34:00Z,controller 2,0.045,10.422,74.02,369.6,450.89,36.9,0.01,100.0,2,On,1500.0,637.35
1794267300000000000,2026-11-09T23:35:00Z,free response,0.034,10.662,92.89,50.78,167.63,36.92,0.01,100.0,2,On,1500.0,619.4
1794267360000000000,2026-11-09T23:36:00Z,controller 1,0.08,11.041,127.58,204.45,98.14,36.96,0.03,100.0,3,On,1451.65,645.54
1794267420000000000,2026-11-09T23:37:00Z,free response,0.058,10.926,45.16,117.57,303.2,36.99,0.02,100.0,2,On,1479.01,630.73
1794267480000000000,2026-11-09T23:38:00Z,controller 1,0.151,10.583,135.48,74.51,458.97,37.02,0.11,100.0,3,On,1477.44,635.59
1794267540000000000,2026-11-09T23:39:00Z,free response,0.166,10.902,19.76,385.24,512.09,37.1,0.15,100.0,1,On,1462.23,632.11
1794267600000000000,2026-11-09T23:40:00Z,free response,0.078,10.448,129.61,207.72,183.45,37.18,0.03,100.0,1,On,1465.32,658.01
1794267660000000000,2026-11-09T23:41:00Z,controller 1,0.147,11.089,162.0,323.97,98.04,37.22,0.13,100.0,3,On,1453.07,641.02
1794267720000000000,2026-11-09T23:42:00Z,controller 1,0.158,11.021,148.74,341.35,106.64,37.29,0.15,100.0,2,On,1409.9,638.16
1794267780000000000,2026-11-09T23:43:00Z,controller 2,0.175,10.951,84.63,319.17,310.24,37.36,0.18,100.0,1,On,1446.77,626.15
1794267840000000000,2026-11-09T23:44:00Z,controller 1,0.178,10.615,112.45,392.38,204.23,37.42,0.18,100.0,2,On,1472.44,628.2
1794267900000000000,2026-11-09T23:45:00Z,free response,0.036,10.722,108.18,400.44,389.28,37.5,0.01,100.0,2,Starting,1443.85,646.54
1794267960000000000,2026-11-09T23:46:00Z,controller 1,0.075,10.844,-5.75,237.04,470.26,37.56,0.03,100.0,2,Starting,1408.37,646.76
1794268020000000000,2026-11-09T23:47:00Z,controller 1,0.101,11.017,179.69,85.1,159.1,37.64,0.05,100.0,3,Starting,1403.85,617.96
1794268080000000000,2026-11-09T23:48:00Z,controller 2,0.177,10.382,199.56,100.57,521.29,37.7,0.15,100.0,3,Starting,1436.06,605.19
1794268140000000000,2026-11-09T23:49:00Z,free response,0.085,10.619,82.85,106.03,94.01,37.79,0.04,100.0,1,Starting,1461.24,619.46
1794268200000000000,2026-11-09T23:50:00Z,controller 2,0.097,10.396,143.29,97.72,414.36,37.87,0.04,100.0,3,Starting,1441.73,633.61
1794268260000000000,2026-11-09T23:51:00Z,controller 1,0.121,10.491,28.42,361.78,218.22,37.92,0.08,100.0,3,Starting,1466.51,605.7
1794268320000000000,2026-11-09T23:52:00Z,free response,0.105,10.957,171.0,360.84,466.66,37.98,0.06,100.0,1,Starting,1491.03,618.42
1794268380000000000,2026-11-09T23:53:00Z,free response,0.154,10.698,125.53,382.1,281.52,38.06,0.13,100.0,3,Starting,1500.0,613.17
1794268440000000000,2026-11-09T23:54:00Z,controller 1,0.151,10.418,160.35,41.23,7.37,38.09,0.12,100.0,1,Starting,1491.18,622.77
1794268500000000000,2026-11-09T23:55:00Z,controller 1,0.154,10.69,-7.95,322.5,328.14,38.15,0.12,100.0,2,Starting,1500.0,609.47
1794268560000000000,2026-11-09T23:56:00Z,controller 2,0.155,10.763,21.83,443.62,156.77,38.19,0.12,100.0,3,Starting,1460.61,632.08
1794268620000000000,2026-11-09T23:57:00Z,controller 1,0.087,11.033,123.51,136.43,237.65,38.26,0.04,100.0,2,Starting,1449.72,661.29
1794268680000000000,2026-11-09T23:58:00Z,controller 1,0.174,10.416,136.16,402.11,557.17,38.33,0.16,100.0,3,Starting,1155.66,542.65
1794268740000000000,2026-11-09T23:59:00Z,controller 1,0.041,10.562,140.68,356.69,394.27,38.36,0.01,100.0,1,Starting,1115.81,539.23
