timestamp_ns,timestamp_iso,controller,hs,tp,avg_power,power_in,power_out,battery_pct,sea_state_energy,efficiency,peaks,nextwave,nextwave_error,nextwave_error_2
1792454400000000000,2026-10-20T00:00:00Z,controller 1,0.061,11.396,104.85,57.07,398.57,0.0,0.02,100.0,1,Starting,1437.53,432.71
1792454460000000000,2026-10-20T00:01:00Z,controller 1,0,11.809,145.64,118.47,203.1,0.0,0.0,0.0,3,Starting,1483.57,437.29
1792454520000000000,2026-10-20T00:02:00Z,free response,0.066,11.447,121.53,217.7,135.97,0.0,0.03,100.0,1,Starting,1460.4,458.82
1792454580000000000,2026-10-20T00:03:00Z,controller 2,0,11.213,135.22,434.28,220.02,0.0,0.0,0.0,2,Starting,1424.58,437.95
1792454640000000000,2026-10-20T00:04:00Z,controller 2,0.087,11.522,27.66,428.69,439.99,0.0,0.05,100.0,3,Starting,1453.0,409.38
1792454700000000000,2026-10-20T00:05:00Z,free response,0.018,11.693,43.8,125.4,323.42,0.0,0.0,0.0,2,Starting,1414.49,388.44
1792454760000000000,2026-10-20T00:06:00Z,controller 1,0,11.165,19.88,317.85,308.06,0.0,0.0,0.0,3,Starting,1377.15,378.43
1792454820000000000,2026-10-20T00:07:00Z,controller 2,0,11.62,67.63,272.63,521.91,0.0,0.0,0.0,1,Starting,1426.39,357.92
1792454880000000000,2026-10-20T00:08:00Z,controller 2,0,11.382,192.19,106.65,331.59,0.0,0.0,0.0,3,Starting,1386.65,370.25
1792454940000000000,2026-10-20T00:09:00Z,controller 2,0.034,11.086,14.17,78.95,155.09,0.0,0.01,100.0,2,Starting,1347.01,400.12
1792455000000000000,2026-10-20T00:10:00Z,controller 1,0,11.069,163.11,247.71,31.26,0.0,0.0,0.0,2,Starting,1391.21,401.41
1792455060000000000,2026-10-20T00:11:00Z,controller 1,0.043,11.478,149.6,366.01,116.24,0.0,0.01,100.0,2,Starting,1430.77,411.67
1792455120000000000,2026-10-20T00:12:00Z,controller 2,0,11.243,8.7,400.94,547.76,0.0,0.0,0.0,2,Starting,1434.89,394.48
1792455180000000000,2026-10-20T00:13:00Z,free response,0,11.655,76.77,86.2,48.27,0.0,0.0,0.0,1,Starting,1404.31,396.79
1792455240000000000,2026-10-20T00:14:00Z,free response,0.03,11.254,125.82,418.3,36.23,0.0,0.01,100.0,2,Starting,1414.51,394.15
1792455300000000000,2026-10-20T00:15:00Z,controller 2,0,11.831,55.64,430.9,533.93,0.0,0.0,0.0,2,Starting,1417.85,378.31
1792455360000000000,2026-10-20T00:16:00Z,free response,0.065,11.138,32.8,7.0,221.36,0.0,0.02,100.0,1,Starting,1427.69,393.52
1792455420000000000,2026-10-20T00:17:00Z,controller 1,0,11.511,67.08,231.46,83.86,0.0,0.0,0.0,1,Starting,1399.41,366.16
1792455480000000000,2026-10-20T00:18:00Z,free response,0,11.754,174.81,46.58,115.9,0.09,0.0,0.0,2,Starting,1393.87,392.15
1792455540000000000,2026-10-20T00:19:00Z,free response,0.007,11.609,113.95,339.16,426.44,0.12,0.0,0.0,1,Starting,1393.72,416.08
1792455600000000000,2026-10-20T00:20:00Z,controller 1,0.107,11.482,-8.84,54.78,166.4,0.16,0.06,100.0,2,Starting,1397.73,398.92
1792455660000000000,2026-10-20T00:21:00Z,controller 1,0.022,11.272,91.56,290.44,77.02,0.19,0.0,0.0,2,Starting,1353.39,413.13
1792455720000000000,2026-10-20T00:22:00Z,controller 2,0.036,11.326,141.18,434.68,448.13,0.26,0.01,100.0,2,Starting,1351.36,440.48
1792455780000000000,2026-10-20T00:23:00Z,free response,0.017,11.733,37.83,313.51,377.97,0.3,0.0,0.0,1,Starting,1351.61,459.86
1792455840000000000,2026-10-20T00:24:00Z,controller 2,0,11.359,-15.29,179.05,56.88,0.35,0.0,0.0,1,Starting,1396.29,434.21
1792455900000000000,2026-10-20T00:25:00Z,controller 2,0,11.232,110.05,260.57,486.87,0.39,0.0,0.0,3,Starting,520.85,686.62
1792455960000000000,2026-10-20T00:26:00Z,controller 1,0,11.439,5.0,30.59,545.3,0.46,0.0,0.0,2,Starting,866.01,640.11
1792456020000000000,2026-10-20T00:27:00Z,controller 1,0.112,11.482,116.97,186.85,61.45,0.55,0.07,100.0,3,Starting,1468.63,301.66
1792456080000000000,2026-10-20T00:28:00Z,free response,0.099,11.12,143.42,156.82,516.81,0.59,0.06,100.0,2,Starting,1422.81,663.13
1792456140000000000,2026-10-20T00:29:00Z,free response,0.056,11.294,84.59,357.22,449.86,0.63,0.02,100.0,1,Starting,1390.71,638.35
1792456200000000000,2026-10-20T00:30:00Z,controller 2,1.112,8.285,172.78,34.16,383.06,0.69,5.53,100.0,1,Starting,1429.23,641.64
1792456260000000000,2026-10-20T00:31:00Z,free response,1.16,8.139,58.16,155.17,523.72,0.76,5.03,100.0,2,Starting,1403.7,616.49
1792456320000000000,2026-10-20T00:32:00Z,controller 1,1.095,8.346,104.47,331.31,15.25,0.83,4.68,100.0,1,Starting,1399.1,624.62
1792456380000000000,2026-10-20T00:33:00Z,free response,1.12,8.629,151.8,175.02,338.69,0.9,5.54,100.0,2,Starting,1415.73,599.04
1792456440000000000,2026-10-20T00:34:00Z,controller 1,1.114,8.447,172.73,336.29,532.66,0.92,5.06,100.0,1,Starting,1399.15,613.77
1792456500000000000,2026-10-20T00:35:00Z,controller 1,1.169,7.93,139.24,227.91,552.11,0.99,5.52,100.0,2,Starting,1395.07,638.14
1792456560000000000,2026-10-20T00:36:00Z,free response,1.01,8.436,116.52,318.06,548.83,1.04,4.32,100.0,3,Starting,1411.49,652.45
1792456620000000000,2026-10-20T00:37:00Z,controller 1,1.075,8.638,165.16,14.42,528.75,1.07,4.65,100.0,3,Starting,1418.77,639.45
1792456680000000000,2026-10-20T00:38:00Z,controller 1,1.115,8.381,1.36,347.23,305.3,1.15,5.61,100.0,2,Starting,1451.02,615.62
1792456740000000000,2026-10-20T00:39:00Z,free response,1.012,8.16,114.04,195.67,16.4,1.18,4.13,100.0,1,Starting,1495.04,620.08
1792456800000000000,2026-10-20T00:40:00Z,controller 1,1.145,7.957,122.66,271.51,98.1,1.26,4.83,100.0,2,Starting,1500.0,596.03
1792456860000000000,2026-10-20T00:41:00Z,controller 2,1.073,8.003,20.91,178.1,433.99,1.31,4.93,100.0,2,Starting,1500.0,575.45
1792456920000000000,2026-10-20T00:42:00Z,controller 1,1.04,8.186,44.14,334.13,569.93,1.38,4.38,100.0,1,Starting,1500.0,595.86
1792456980000000000,2026-10-20T00:43:00Z,controller 1,1.035,7.926,8.97,159.84,449.18,1.44,3.97,100.0,1,Starting,1500.0,570.62
1792457040000000000,2026-10-20T00:44:00Z,controller 2,1.043,8.378,100.08,382.36,321.48,1.47,4.32,100.0,1,Starting,1495.57,589.03
1792457100000000000,2026-10-20T00:45:00Z,free response,1.053,8.641,110.19,94.41,83.86,1.51,4.83,100.0,3,Starting,1495.45,602.18
1792457160000000000,2026-10-20T00:46:00Z,controller 2,1.108,7.972,162.64,159.61,517.13,1.54,5.17,100.0,2,Starting,1465.07,590.9
1792457220000000000,2026-10-20T00:47:00Z,free response,1.011,7.965,109.03,16.18,441.44,1.62,3.86,100.0,3,Starting,1478.6,586.47
1792457280000000000,2026-10-20T00:48:00Z,controller 2,1.149,8.618,132.97,367.82,501.62,1.65,5.68,100.0,2,On,1447.44,570.77
1792457340000000000,2026-10-20T00:49:00Z,controller 1,1.121,8.043,133.39,89.54,240.07,1.68,4.98,100.0,1,On,1416.2,576.09
1792457400000000000,2026-10-20T00:50:00Z,controller 2,1.08,8.587,172.11,340.18,384.96,1.74,5.19,100.0,2,On,1411.46,568.33
1792457460000000000,2026-10-20T00:51:00Z,free response,1.001,8.386,124.4,127.03,203.11,1.81,4.48,100.0,3,On,1365.41,549.21
1792457520000000000,2026-10-20T00:52:00Z,free response,1.153,8.309,90.62,215.02,548.29,1.88,5.37,100.0,1,On,1392.44,531.59
1792457580000000000,2026-10-20T00:53:00Z,free response,1.133,8.398,115.57,196.04,7.79,1.97,5.68,100.0,1,On,839.96,974.73
1792457640000000000,2026-10-20T00:54:00Z,controller 1,1.085,8.308,13.35,109.18,71.66,2.03,4.65,100.0,2,On,877.91,1000.0
1792457700000000000,2026-10-20T00:55:00Z,free response,1.011,7.938,6.55,215.42,501.36,2.09,4.4,100.0,3,On,850.0,1000.0
1792457760000000000,2026-10-20T00:56:00Z,controller 1,1.011,8.479,105.57,428.19,467.08,2.14,4.05,100.0,2,On,840.69,1000.0
1792457820000000000,2026-10-20T00:57:00Z,free response,1.047,8.472,47.11,21.88,22.33,2.17,4.2,100.0,1,On,830.65,976.96
1792457880000000000,2026-10-20T00:58:00Z,free response,1.175,8.117,153.86,103.83,394.0,2.22,5.16,100.0,1,On,803.89,953.76
1792457940000000000,2026-10-20T00:59:00Z,free response,1.056,8.342,113.49,434.89,144.92,2.28,5.04,100.0,3,On,820.03,928.21
1792458000000000000,2026-10-20T01:00:00Z,free response,1.218,1.06,183.24,175.33,29.97,2.36,0.73,100.0,2,On,785.58,921.7
1792458060000000000,2026-10-20T01:01:00Z,controller 1,1.139,1,2.15,252.61,316.25,2.45,0.63,100.0,1,On,746.57,931.89
1792458120000000000,2026-10-20T01:02:00Z,controller 1,1.285,1.316,83.31,382.49,49.24,2.5,1.19,100.0,2,On,804.43,345.54
1792458180000000000,2026-10-20T01:03:00Z,controller 2,1.269,1,168.63,297.82,300.95,2.55,0.73,100.0,3,On,764.63,340.62
1792458240000000000,2026-10-20T01:04:00Z,free response,1.207,1,4.36,163.78,421.3,2.59,0.78,100.0,3,On,809.94,329.69
1792458300000000000,2026-10-20T01:05:00Z,free response,1.221,1.08,189.48,317.58,535.25,2.66,0.79,100.0,3,On,771.92,333.32
1792458360000000000,2026-10-20T01:06:00Z,free response,1.155,1.354,134.21,58.27,80.76,2.72,0.84,100.0,2,On,787.22,347.67
1792458420000000000,2026-10-20T01:07:00Z,controller 1,1.193,1.268,-11.9,309.5,55.52,2.76,0.86,100.0,2,On,832.83,364.26
1792458480000000000,2026-10-20T01:08:00Z,free response,1.188,1.107,41.86,140.97,465.83,2.79,0.72,100.0,3,On,835.27,340.1
1792458540000000000,2026-10-20T01:09:00Z,controller 1,1.27,1.116,-8.64,210.92,472.57,2.85,0.91,100.0,3,On,823.45,335.06
1792458600000000000,2026-10-20T01:10:00Z,free response,1.141,1.066,15.96,353.03,34.51,2.92,0.69,100.0,2,On,826.04,354.39
1792458660000000000,2026-10-20T01:11:00Z,free response,1.121,1.304,106.24,335.71,479.73,2.97,0.78,100.0,2,On,786.9,355.92
1792458720000000000,2026-10-20T01:12:00Z,controller 1,1.188,1,45.62,419.55,409.06,3.06,0.77,100.0,2,On,826.89,326.91
1792458780000000000,2026-10-20T01:13:00Z,free response,1.159,1.021,116.02,268.7,272.89,3.1,0.69,100.0,1,On,1470.74,708.66
1792458840000000000,2026-10-20T01:14:00Z,controller 1,1.201,1,48.73,206.11,308.05,3.16,0.7,100.0,1,On,1478.11,710.17
1792458900000000000,2026-10-20T01:15:00Z,controller 2,1.145,1.064,182.42,54.75,123.76,3.18,0.72,100.0,3,On,1433.32,729.28
1792458960000000000,2026-10-20T01:16:00Z,controller 1,1.116,1.324,8.85,208.19,23.75,3.25,0.87,100.0,1,On,1437.26,701.34
1792459020000000000,2026-10-20T01:17:00Z,controller 1,1.251,1.323,120.99,60.77,119.01,3.33,0.94,100.0,3,On,1419.79,709.98
1792459080000000000,2026-10-20T01:18:00Z,controller 1,1.117,1.394,82.61,181.46,116.53,3.39,0.89,100.0,1,On,1385.53,715.68
1792459140000000000,2026-10-20T01:19:00Z,controller 2,1.175,1,103.37,362.19,174.84,3.42,0.75,100.0,1,On,1375.25,696.81
1792459200000000000,2026-10-20T01:20:00Z,controller 1,1.27,1,88.75,112.46,113.91,3.5,0.85,100.0,1,On,1419.55,724.38
1792459260000000000,2026-10-20T01:21:00Z,free response,1.221,1,86.55,263.1,406.34,3.57,0.7,100.0,3,On,1391.29,739.86
1792459320000000000,2026-10-20T01:22:00Z,controller 2,1.222,1,27.66,161.48,347.4,3.64,0.73,100.0,1,On,1390.28,742.27
1792459380000000000,2026-10-20T01:23:00Z,controller 1,1.215,1.089,112.99,108.23,435.86,3.69,0.75,100.0,3,On,1400.04,769.44
1792459440000000000,2026-10-20T01:24:00Z,controller 1,1.26,1.098,10.77,271.84,144.08,3.77,0.92,100.0,1,On,1415.62,780.72
1792459500000000000,2026-10-20T01:25:00Z,free response,1.166,1,33.69,15.85,431.55,3.85,0.61,100.0,2,On,1439.64,767.87
1792459560000000000,2026-10-20T01:26:00Z,controller 2,1.15,1,-13.54,202.63,444.03,3.93,0.65,100.0,1,On,1404.53,764.82
1792459620000000000,2026-10-20T01:27:00Z,free response,1.234,1.175,9.51,383.98,438.75,3.99,0.82,100.0,1,On,1397.62,765.78
1792459680000000000,2026-10-20T01:28:00Z,free response,1.25,1,187.87,240.95,82.99,4.04,0.74,100.0,1,On,1384.2,744.53
1792459740000000000,2026-10-20T01:29:00Z,controller 1,1.273,1,-4.26,285.04,352.6,4.11,0.74,100.0,3,On,1336.02,754.3
1792459800000000000,2026-10-20T01:30:00Z,free response,2.775,9.735,105.18,312.84,71.68,4.19,37.41,100.0,3,On,1319.14,767.9
1792459860000000000,2026-10-20T01:31:00Z,free response,2.81,9.669,180.23,211.95,531.63,4.22,38.98,100.0,3,On,1350.98,755.6
1792459920000000000,2026-10-20T01:32:00Z,controller 1,2.827,9.278,166.65,354.15,421.46,4.26,39.89,100.0,3,On,1345.05,755.5
1792459980000000000,2026-10-20T01:33:00Z,controller 1,2.866,9.208,185.11,193.09,452.32,4.34,39.17,100.0,3,On,1329.5,771.65
1792460040000000000,2026-10-20T01:34:00Z,controller 2,2.831,9.238,-28.03,178.27,184.2,4.39,37.02,100.0,2,On,1301.84,774.94
1792460100000000000,2026-10-20T01:35:00Z,controller 1,2.926,9.835,52.12,277.51,341.32,4.47,43.66,100.0,2,On,702.36,308.23
1792460160000000000,2026-10-20T01:36:00Z,controller 1,2.772,9.609,126.9,439.74,132.59,4.53,34.04,100.0,2,On,694.63,327.77
1792460220000000000,2026-10-20T01:37:00Z,controller 1,2.804,9.176,145.78,338.34,519.27,4.56,34.5,100.0,3,On,731.07,334.19
1792460280000000000,2026-10-20T01:38:00Z,controller 2,2.916,9.331,152.99,182.45,341.6,4.59,39.35,100.0,2,On,691.32,330.35
1792460340000000000,2026-10-20T01:39:00Z,controller 2,2.77,9.847,25.89,433.12,208.92,4.61,34.75,100.0,1,On,698.7,326.89
1792460400000000000,2026-10-20T01:40:00Z,controller 2,2.786,9.585,79.49,124.06,301.83,4.69,37.86,100.0,1,On,744.55,321.06
1792460460000000000,2026-10-20T01:41:00Z,controller 2,2.79,9.107,107.19,181.58,480.38,4.72,32.32,100.0,3,On,712.03,345.88
1792460520000000000,2026-10-20T01:42:00Z,controller 2,2.874,9.57,107.6,316.82,439.23,4.8,40.02,100.0,1,On,715.27,364.81
1792460580000000000,2026-10-20T01:43:00Z,controller 1,2.903,9.514,169.66,194.98,168.7,4.85,42.91,100.0,2,On,682.72,363.15
1792460640000000000,2026-10-20T01:44:00Z,free response,2.916,9.307,168.53,155.94,594.37,4.94,38.77,100.0,2,On,639.92,368.88
1792460700000000000,2026-10-20T01:45:00Z,free response,2.872,9.856,171.17,302.02,290.23,5.02,40.57,100.0,3,On,629.96,377.69
1792460760000000000,2026-10-20T01:46:00Z,controller 1,2.926,9.835,174.15,360.59,484.52,5.08,43.57,100.0,3,On,587.49,393.27
1792460820000000000,2026-10-20T01:47:00Z,controller 1,2.771,9.111,181.67,230.89,55.44,5.17,33.12,100.0,3,On,618.74,421.22
1792460880000000000,2026-10-20T01:48:00Z,controller 1,2.797,9.465,142.25,148.27,203.05,5.21,34.39,100.0,2,On,626.4,428.65
1792460940000000000,2026-10-20T01:49:00Z,controller 2,2.917,9.131,24.28,64.13,263.32,5.27,40.62,100.0,3,On,609.02,432.55
1792461000000000000,2026-10-20T01:50:00Z,controller 2,2.898,9.796,174.67,41.05,449.09,5.3,43.49,100.0,3,On,637.91,405.73
1792461060000000000,2026-10-20T01:51:00Z,controller 1,2.766,9.13,156.98,381.6,343.74,5.35,33.74,100.0,2,On,639.91,426.99
1792461120000000000,2026-10-20T01:52:00Z,free response,2.768,9.456,73.81,385.33,301.25,5.41,35.35,100.0,1,On,637.84,433.43
1792461180000000000,2026-10-20T01:53:00Z,controller 1,2.938,9.862,-28.68,28.73,222.98,5.47,45.82,100.0,2,On,681.61,404.16
1792461240000000000,2026-10-20T01:54:00Z,controller 2,2.927,9.795,139.17,442.57,401.66,5.55,45.89,100.0,1,On,643.26,388.12
1792461300000000000,2026-10-20T01:55:00Z,controller 1,2.869,9.24,63.18,313.97,598.5,5.61,35.93,100.0,2,On,614.4,407.67
1792461360000000000,2026-10-20T01:56:00Z,controller 2,2.914,9.499,32.17,230.48,306.64,5.66,39.47,100.0,3,On,645.32,416.34
1792461420000000000,2026-10-20T01:57:00Z,controller 1,2.915,9.857,19.4,355.71,553.77,5.75,38.61,100.0,2,On,651.23,411.09
1792461480000000000,2026-10-20T01:58:00Z,free response,2.863,9.651,71.45,28.42,529.12,5.78,39.82,100.0,1,On,662.26,416.14
1792461540000000000,2026-10-20T01:59:00Z,controller 2,2.823,9.579,100.16,391.37,87.4,5.85,41.12,100.0,1,On,662.22,398.31
1792461600000000000,2026-10-20T02:00:00Z,free response,2.799,2.256,-15.1,283.53,299.68,5.92,9.01,100.0,2,On,670.29,420.83
1792461660000000000,2026-10-20T02:01:00Z,controller 2,2.716,2.105,55.98,240.64,378.02,6.0,7.47,100.0,1,On,714.67,397.22
1792461720000000000,2026-10-20T02:02:00Z,free response,2.852,1.847,-23.89,352.88,372.1,6.06,6.91,100.0,2,On,722.67,389.21
1792461780000000000,2026-10-20T02:03:00Z,controller 2,2.724,2.377,139.89,182.84,584.86,6.11,8.89,100.0,1,On,706.46,417.22
1792461840000000000,2026-10-20T02:04:00Z,controller 1,2.767,2.087,144.46,4.5,256.33,6.19,7.48,100.0,2,On,679.03,393.95
1792461900000000000,2026-10-20T02:05:00Z,controller 1,2.798,2.248,53.59,423.93,28.18,6.23,9.56,100.0,2,On,640.51,393.44
1792461960000000000,2026-10-20T02:06:00Z,free response,2.834,2.052,75.35,237.99,508.13,6.3,7.9,100.0,1,On,627.2,420.22
1792462020000000000,2026-10-20T02:07:00Z,controller 1,2.78,1.774,145.76,71.01,208.45,6.33,6.67,100.0,1,On,599.22,433.63
1792462080000000000,2026-10-20T02:08:00Z,controller 1,2.83,1.894,36.17,101.92,292.23,6.36,7.0,100.0,3,On,579.5,435.58
1792462140000000000,2026-10-20T02:09:00Z,controller 1,2.847,1.988,27.45,23.98,465.18,6.41,8.55,100.0,3,On,587.88,451.28
1792462200000000000,2026-10-20T02:10:00Z,controller 1,2.739,2.123,-10.62,260.32,504.98,6.47,8.46,100.0,3,On,571.86,479.01
1792462260000000000,2026-10-20T02:11:00Z,free response,2.791,1.911,5.92,199.09,370.58,6.53,6.95,100.0,1,On,559.96,469.69
1792462320000000000,2026-10-20T02:12:00Z,controller 1,2.729,2.085,75.06,386.39,247.69,6.56,7.98,100.0,1,On,550.85,490.25
1792462380000000000,2026-10-20T02:13:00Z,controller 1,2.742,2.324,99.25,84.64,440.23,6.6,8.04,100.0,3,On,555.63,496.67
1792462440000000000,2026-10-20T02:14:00Z,free response,2.784,2.188,-18.55,352.59,73.55,6.63,7.96,100.0,1,On,561.46,477.39
1792462500000000000,2026-10-20T02:15:00Z,free response,2.738,2.395,166.57,349.3,445.66,6.72,9.62,100.0,2,On,531.79,480.48
1792462560000000000,2026-10-20T02:16:00Z,free response,2.727,2.276,166.96,118.19,427.98,6.75,8.01,100.0,3,On,506.44,501.06
1792462620000000000,2026-10-20T02:17:00Z,controller 1,2.737,2.277,73.49,403.27,496.58,6.84,8.21,100.0,3,On,535.74,524.35
1792462680000000000,2026-10-20T02:18:00Z,controller 2,2.771,1.909,162.11,439.34,315.45,6.93,6.71,100.0,1,On,573.52,500.5
1792462740000000000,2026-10-20T02:19:00Z,controller 2,2.835,2.047,-16.7,57.99,509.26,6.98,7.92,100.0,3,On,526.17,524.92
1792462800000000000,2026-10-20T02:20:00Z,controller 2,2.772,2.214,120.67,214.75,186.18,7.03,7.87,100.0,2,On,519.77,509.06
1792462860000000000,2026-10-20T02:21:00Z,controller 1,2.732,2.309,75.94,75.77,586.71,7.1,8.16,100.0,2,On,489.95,493.3
1792462920000000000,2026-10-20T02:22:00Z,free response,2.821,2.025,-13.4,435.57,526.4,7.13,7.61,100.0,3,On,488.92,476.08
1792462980000000000,2026-10-20T02:23:00Z,controller 1,2.7,1.908,97.96,211.25,324.74,7.2,7.56,100.0,2,On,538.02,455.81
1792463040000000000,2026-10-20T02:24:00Z,free response,2.708,2.146,100.93,97.29,400.59,7.28,7.77,100.0,2,On,545.98,472.63
1792463100000000000,2026-10-20T02:25:00Z,free response,2.773,1.829,183.23,178.39,560.63,7.32,7.67,100.0,1,On,594.8,492.37
1792463160000000000,2026-10-20T02:26:00Z,controller 2,2.851,1.995,98.51,219.94,516.22,7.37,8.82,100.0,3,On,582.81,465.9
1792463220000000000,2026-10-20T02:27:00Z,controller 2,2.751,2.322,53.32,332.04,523.9,7.44,9.19,100.0,3,On,550.11,445.36
1792463280000000000,2026-10-20T02:28:00Z,controller 2,2.702,2.398,165.22,176.61,234.72,7.47,9.12,100.0,1,On,574.54,442.08
1792463340000000000,2026-10-20T02:29:00Z,free response,2.835,2.413,53.14,242.06,284.14,7.54,10.6,100.0,2,On,527.51,445.71
1792463400000000000,2026-10-20T02:30:00Z,controller 2,1.335,6.119,32.96,414.15,294.93,7.6,5.83,100.0,3,On,534.29,433.48
1792463460000000000,2026-10-20T02:31:00Z,free response,1.365,6.376,117.99,445.69,501.46,7.67,6.45,100.0,3,On,503.89,436.85
1792463520000000000,2026-10-20T02:32:00Z,free response,1.317,6.058,52.35,170.86,363.28,7.75,4.9,100.0,1,On,507.22,413.05
1792463580000000000,2026-10-20T02:33:00Z,controller 1,1.276,5.815,168.89,229.25,507.97,7.78,4.87,100.0,3,On,462.03,441.51
1792463640000000000,2026-10-20T02:34:00Z,free response,1.293,6.42,155.08,44.07,566.09,7.85,5.31,100.0,1,On,452.3,427.63
1792463700000000000,2026-10-20T02:35:00Z,free response,1.295,5.789,-9.57,26.53,380.79,7.92,5.2,100.0,2,On,449.06,453.64
1792463760000000000,2026-10-20T02:36:00Z,controller 2,1.338,6.284,-4.23,18.75,536.54,7.99,5.88,100.0,2,On,445.65,470.73
1792463820000000000,2026-10-20T02:37:00Z,controller 2,1.229,6.531,130.8,90.63,330.03,8.03,5.41,100.0,2,On,428.02,447.85
1792463880000000000,2026-10-20T02:38:00Z,controller 2,1.282,6.526,67.86,119.8,431.99,8.12,5.02,100.0,3,On,436.37,464.65
1792463940000000000,2026-10-20T02:39:00Z,controller 2,1.219,5.971,45.09,269.12,237.45,8.15,4.54,100.0,1,On,403.16,462.91
1792464000000000000,2026-10-20T02:40:00Z,controller 2,1.326,6.113,116.62,403.08,586.0,8.19,5.29,100.0,3,On,416.8,457.57
1792464060000000000,2026-10-20T02:41:00Z,controller 2,1.28,6.518,177.79,245.33,138.87,8.27,5.4,100.0,1,On,385.9,457.42
1792464120000000000,2026-10-20T02:42:00Z,controller 2,1.265,5.865,28.38,379.4,549.45,8.31,4.41,100.0,3,On,431.2,483.09
1792464180000000000,2026-10-20T02:43:00Z,free response,1.208,6.148,113.97,19.76,546.16,8.35,4.19,100.0,1,Off,407.51,453.48
1792464240000000000,2026-10-20T02:44:00Z,controller 1,1.306,6.518,172.01,151.08,148.41,8.38,5.61,100.0,2,Off,369.46,432.42
1792464300000000000,2026-10-20T02:45:00Z,controller 2,1.343,5.828,163.23,371.3,382.96,8.46,4.97,100.0,1,Off,412.42,415.52
1792464360000000000,2026-10-20T02:46:00Z,free response,1.272,6.194,-25.75,302.6,277.49,8.52,4.98,100.0,3,Off,406.09,396.95
1792464420000000000,2026-10-20T02:47:00Z,controller 1,1.225,5.849,144.46,383.97,375.58,8.58,4.09,100.0,2,Off,382.2,370.96
1792464480000000000,2026-10-20T02:48:00Z,controller 2,1.303,6.466,132.96,123.7,31.3,8.61,5.71,100.0,2,Off,365.06,344.74
1792464540000000000,2026-10-20T02:49:00Z,controller 2,1.375,5.899,53.92,115.67,321.95,8.66,6.12,100.0,1,Off,354.06,321.57
1792464600000000000,2026-10-20T02:50:00Z,controller 1,1.339,6.245,100.84,440.93,167.07,8.71,5.28,100.0,3,Off,375.78,310.22
1792464660000000000,2026-10-20T02:51:00Z,controller 2,1.349,5.886,19.67,255.31,520.77,8.78,5.0,100.0,3,Off,420.03,325.06
1792464720000000000,2026-10-20T02:52:00Z,controller 1,1.24,6.246,114.1,287.6,387.53,8.83,4.98,100.0,1,Off,467.92,330.98
1792464780000000000,2026-10-20T02:53:00Z,free response,1.338,6.557,50.33,44.33,9.97,8.91,5.47,100.0,1,Off,507.37,326.64
1792464840000000000,2026-10-20T02:54:00Z,free response,1.205,6.047,181.18,124.31,25.31,8.94,4.39,100.0,1,Off,463.52,299.82
1792464900000000000,2026-10-20T02:55:00Z,controller 1,1.368,5.973,129.48,398.84,110.62,9.03,5.24,100.0,3,Off,510.2,279.47
1792464960000000000,2026-10-20T02:56:00Z,free response,1.279,6.391,14.19,101.66,306.08,9.12,5.44,100.0,2,Off,500.62,293.02
1792465020000000000,2026-10-20T02:57:00Z,controller 1,1.376,6.409,111.86,442.51,74.28,9.15,5.5,100.0,3,Off,511.36,281.9
1792465080000000000,2026-10-20T02:58:00Z,controller 2,1.241,6.066,107.1,284.68,1.8,9.22,4.59,39.22,1,Off,560.24,276.27
1792465140000000000,2026-10-20T02:59:00Z,controller 1,1.239,6.152,117.6,140.35,91.56,9.26,4.27,100.0,2,Off,600.43,303.95
1792465200000000000,2026-10-20T03:00:00Z,free response,0.728,8.539,62.0,375.27,415.69,9.34,2.44,100.0,1,Off,588.42,324.8
1792465260000000000,2026-10-20T03:01:00Z,controller 2,0.853,8.688,3.99,100.72,156.88,9.4,3.28,100.0,3,Off,571.08,314.75
1792465320000000000,2026-10-20T03:02:00Z,controller 2,0.73,8.341,137.56,251.97,374.99,9.49,2.22,100.0,3,Off,578.64,321.93
1792465380000000000,2026-10-20T03:03:00Z,controller 1,0.791,8.318,51.19,217.41,19.37,9.55,2.51,100.0,3,Off,602.11,341.59
1792465440000000000,2026-10-20T03:04:00Z,controller 2,0.84,8.446,2.85,104.21,455.81,9.62,2.85,100.0,3,Off,643.56,323.02
1792465500000000000,2026-10-20T03:05:00Z,controller 2,0.791,7.973,136.86,175.63,397.44,9.66,2.5,100.0,3,Off,685.56,330.02
1792465560000000000,2026-10-20T03:06:00Z,controller 1,0.739,8.601,117.99,295.52,314.77,9.72,2.3,100.0,3,Off,698.68,340.89
1792465620000000000,2026-10-20T03:07:00Z,free response,0.789,8.248,47.61,66.09,390.59,9.77,2.71,100.0,1,Off,671.35,333.46
1792465680000000000,2026-10-20T03:08:00Z,controller 1,0.733,8.051,173.21,437.29,269.75,9.81,2.27,100.0,3,Off,693.51,360.77
1792465740000000000,2026-10-20T03:09:00Z,controller 2,0.747,8.494,153.03,51.65,511.16,9.88,2.38,100.0,2,Off,743.03,350.57
1792465800000000000,2026-10-20T03:10:00Z,controller 1,0.859,8.463,98.04,264.04,254.27,9.97,3.38,100.0,1,Off,693.33,375.1
1792465860000000000,2026-10-20T03:11:00Z,controller 1,0.868,8.319,117.67,445.03,62.9,10.0,3.34,100.0,2,Off,701.83,374.94
1792465920000000000,2026-10-20T03:12:00Z,free response,0.743,8.478,132.63,167.08,355.34,10.08,2.13,100.0,1,Off,654.57,401.15
1792465980000000000,2026-10-20T03:13:00Z,controller 1,0.87,8.042,134.38,20.55,295.38,10.16,3.31,100.0,1,Off,696.72,421.83
1792466040000000000,2026-10-20T03:14:00Z,free response,0.836,8.231,86.07,23.07,587.55,10.25,2.96,100.0,1,Off,649.64,393.14
1792466100000000000,2026-10-20T03:15:00Z,controller 2,0.758,8.239,95.89,148.1,452.18,10.33,2.43,100.0,1,Off,644.74,368.22
1792466160000000000,2026-10-20T03:16:00Z,controller 1,0.741,8.406,42.48,137.71,334.5,10.4,2.22,100.0,1,Off,678.39,353.3
1792466220000000000,2026-10-20T03:17:00Z,free response,0.723,8.601,-8.49,259.51,260.87,10.45,2.2,100.0,2,Off,667.54,360.46
1792466280000000000,2026-10-20T03:18:00Z,controller 2,0.821,8.461,39.47,275.31,354.69,10.47,2.68,100.0,3,Off,649.38,343.48
1792466340000000000,2026-10-20T03:19:00Z,free response,0.86,8.17,57.36,119.18,146.18,10.52,3.29,100.0,1,Off,646.96,343.8
1792466400000000000,2026-10-20T03:20:00Z,free response,0.805,8.038,34.16,102.15,125.44,10.58,2.72,100.0,2,Off,670.79,315.99
1792466460000000000,2026-10-20T03:21:00Z,free response,0.735,8.118,8.78,330.22,428.67,10.63,2.36,100.0,3,Off,629.06,314.61
1792466520000000000,2026-10-20T03:22:00Z,free response,0.858,8.684,177.36,217.86,503.82,10.71,3.38,100.0,2,Off,635.97,333.77
1792466580000000000,2026-10-20T03:23:00Z,controller 2,0.789,8.625,69.47,119.52,188.28,10.77,2.73,100.0,2,Off,643.29,320.82
1792466640000000000,2026-10-20T03:24:00Z,controller 1,0.848,8.625,180.8,177.07,299.13,10.83,2.86,100.0,3,Off,666.15,328.43
1792466700000000000,2026-10-20T03:25:00Z,controller 1,0.834,8.422,-4.77,215.15,534.54,10.91,2.87,100.0,3,Off,680.23,312.87
1792466760000000000,2026-10-20T03:26:00Z,controller 2,0.817,8.374,87.87,390.63,141.44,10.98,3.02,100.0,2,Off,645.61,293.97
1792466820000000000,2026-10-20T03:27:00Z,controller 2,0.857,8.182,112.85,190.4,375.55,11.02,3.1,100.0,2,Off,650.39,300.79
1792466880000000000,2026-10-20T03:28:00Z,controller 1,0.755,8.045,137.09,58.79,370.17,11.07,2.49,100.0,3,Off,576.41,343.94
1792466940000000000,2026-10-20T03:29:00Z,controller 1,0.881,8.556,53.82,46.16,376.82,11.15,2.99,100.0,3,Off,616.93,366.25
1792467000000000000,2026-10-20T03:30:00Z,controller 2,1.383,5.505,185.08,158.52,403.78,11.22,5.63,100.0,1,Off,619.47,382.15
1792467060000000000,2026-10-20T03:31:00Z,controller 1,1.472,5.737,135.74,104.65,354.88,11.25,6.13,100.0,2,Off,635.87,374.84
1792467120000000000,2026-10-20T03:32:00Z,controller 2,1.443,5.827,120.68,424.19,566.92,11.29,5.78,100.0,2,Off,601.32,361.87
1792467180000000000,2026-10-20T03:33:00Z,controller 1,1.418,5.627,138.57,75.86,111.78,11.32,5.96,100.0,2,Off,605.73,345.47
1792467240000000000,2026-10-20T03:34:00Z,controller 2,1.41,5.683,189.81,29.86,185.29,11.38,5.12,100.0,2,Off,599.84,360.41
1792467300000000000,2026-10-20T03:35:00Z,free response,1.523,6.055,52.03,162.91,107.33,11.43,7.39,100.0,2,Off,649.33,365.64
1792467360000000000,2026-10-20T03:36:00Z,free response,1.367,6.234,-18.28,253.72,245.59,11.47,5.38,100.0,1,Off,633.66,370.02
1792467420000000000,2026-10-20T03:37:00Z,controller 2,1.524,5.511,165.2,258.19,148.03,11.53,6.59,100.0,2,Off,613.37,369.56
1792467480000000000,2026-10-20T03:38:00Z,controller 1,1.374,6.091,127.37,415.53,234.56,11.57,5.79,100.0,3,Off,593.63,363.99
1792467540000000000,2026-10-20T03:39:00Z,controller 2,1.371,5.574,166.19,441.77,115.55,11.63,5.0,100.0,3,Off,603.62,334.53
1792467600000000000,2026-10-20T03:40:00Z,free response,1.514,6.003,45.63,413.76,499.44,11.67,7.0,100.0,1,Off,569.44,347.28
1792467660000000000,2026-10-20T03:41:00Z,controller 1,1.383,6.05,53.98,290.19,12.03,11.73,5.23,100.0,1,Off,611.13,368.32
1792467720000000000,2026-10-20T03:42:00Z,controller 1,1.348,5.9,-23.76,73.05,512.13,11.79,5.31,100.0,1,Off,637.08,343.96
1792467780000000000,2026-10-20T03:43:00Z,controller 2,1.414,5.984,15.16,172.05,398.48,11.86,5.96,100.0,1,Off,1198.71,997.01
1792467840000000000,2026-10-20T03:44:00Z,controller 2,1.448,5.963,149.3,401.83,543.16,11.89,6.12,100.0,2,Off,1150.45,1000.0
1792467900000000000,2026-10-20T03:45:00Z,controller 2,1.433,6.091,58.12,349.48,186.47,11.95,5.82,100.0,3,Off,1109.86,976.78
1792467960000000000,2026-10-20T03:46:00Z,controller 1,1.474,5.495,108.84,25.27,112.15,11.99,6.12,100.0,1,Off,1138.4,999.23
1792468020000000000,2026-10-20T03:47:00Z,controller 2,1.43,5.78,4.15,150.91,566.71,12.06,5.54,100.0,2,Off,1116.73,1000.0
1792468080000000000,2026-10-20T03:48:00Z,free response,1.423,5.874,59.77,440.8,153.6,12.13,5.83,100.0,1,Off,1126.44,984.27
1792468140000000000,2026-10-20T03:49:00Z,controller 2,1.389,6.27,178.86,428.85,66.49,12.22,5.73,100.0,2,Off,1118.03,960.38
1792468200000000000,2026-10-20T03:50:00Z,controller 1,1.497,5.837,110.63,343.49,243.32,12.3,7.13,100.0,2,Off,1069.32,964.88
1792468260000000000,2026-10-20T03:51:00Z,controller 1,1.414,6.005,42.06,270.48,132.81,12.38,5.58,100.0,2,Off,1058.96,938.65
1792468320000000000,2026-10-20T03:52:00Z,controller 2,1.406,5.544,118.86,201.91,160.56,12.45,5.61,100.0,3,Starting,1052.01,946.95
1792468380000000000,2026-10-20T03:53:00Z,free response,1.497,5.575,51.06,202.15,156.04,12.51,6.01,100.0,2,Starting,1027.78,976.9
1792468440000000000,2026-10-20T03:54:00Z,controller 1,1.502,5.943,42.77,139.93,462.74,12.55,6.54,100.0,3,Starting,1019.72,947.3
1792468500000000000,2026-10-20T03:55:00Z,controller 1,1.426,5.903,10.04,189.84,177.03,12.6,6.39,100.0,2,Starting,999.96,948.64
1792468560000000000,2026-10-20T03:56:00Z,controller 1,1.414,6.014,74.17,66.03,294.38,12.64,6.25,100.0,2,Starting,998.31,957.24
1792468620000000000,2026-10-20T03:57:00Z,free response,1.399,5.703,188.94,242.28,61.26,12.73,6.08,100.0,1,Starting,1013.56,955.8
1792468680000000000,2026-10-20T03:58:00Z,free response,1.52,6.142,24.79,80.07,382.47,12.81,7.71,100.0,1,Starting,1049.69,955.09
1792468740000000000,2026-10-20T03:59:00Z,free response,1.524,5.527,-9.94,426.08,141.21,12.88,5.96,100.0,2,Starting,1093.22,940.39
1792468800000000000,2026-10-20T04:00:00Z,controller 1,0.813,4.777,-23.57,119.83,118.42,12.94,1.7,100.0,2,Starting,1112.12,928.35
1792468860000000000,2026-10-20T04:01:00Z,controller 1,0.952,4.75,-5.54,61.71,205.25,12.96,2.27,100.0,3,Starting,1157.88,902.6
1792468920000000000,2026-10-20T04:02:00Z,controller 1,0.869,4.654,123.56,435.4,192.61,13.02,1.85,100.0,2,Starting,1185.32,912.37
1792468980000000000,2026-10-20T04:03:00Z,controller 2,0.914,4.383,-11.64,176.41,271.76,13.1,2.01,100.0,1,Starting,1142.72,896.94
1792469040000000000,2026-10-20T04:04:00Z,controller 1,0.968,4.393,72.35,219.39,498.66,13.15,1.91,100.0,2,Starting,1154.39,905.9
1792469100000000000,2026-10-20T04:05:00Z,free response,0.8,4.197,173.3,242.75,2.41,13.2,1.21,100.0,3,Starting,1176.79,917.4
1792469160000000000,2026-10-20T04:06:00Z,free response,0.835,4.332,75.76,266.7,157.83,13.24,1.65,100.0,1,Starting,1142.96,903.4
1792469220000000000,2026-10-20T04:07:00Z,controller 2,0.893,4.299,177.02,152.42,186.48,13.33,1.87,100.0,2,Starting,1148.36,909.34
1792469280000000000,2026-10-20T04:08:00Z,controller 1,0.93,4.423,142.99,24.5,215.04,13.37,1.77,100.0,1,Starting,1159.01,882.38
1792469340000000000,2026-10-20T04:09:00Z,controller 1,0.853,4.26,153.47,159.74,337.1,13.44,1.41,100.0,3,Starting,1208.35,899.47
1792469400000000000,2026-10-20T04:10:00Z,controller 2,0.866,4.551,178.7,138.01,474.91,13.49,1.8,100.0,3,Starting,1213.16,883.95
1792469460000000000,2026-10-20T04:11:00Z,controller 1,0.936,4.235,155.35,103.19,512.91,13.53,1.89,100.0,1,Starting,1295.89,415.49
1792469520000000000,2026-10-20T04:12:00Z,controller 1,0.844,4.258,149.0,64.5,345.62,13.57,1.66,100.0,2,Starting,1292.78,396.63
1792469580000000000,2026-10-20T04:13:00Z,free response,0.804,4.249,104.15,412.21,380.34,13.63,1.33,100.0,2,Starting,1244.96,391.34
1792469640000000000,2026-10-20T04:14:00Z,controller 2,0.949,4.209,19.41,401.3,579.47,13.7,2.02,100.0,1,Starting,1206.04,413.15
1792469700000000000,2026-10-20T04:15:00Z,controller 1,0.875,4.897,45.28,327.06,378.17,13.75,1.98,100.0,3,Starting,1196.28,410.5
1792469760000000000,2026-10-20T04:16:00Z,free response,0.883,4.711,21.48,334.74,333.63,13.79,1.98,100.0,1,Starting,1219.28,386.48
1792469820000000000,2026-10-20T04:17:00Z,controller 2,0.802,4.858,170.69,221.84,289.15,13.83,1.67,100.0,3,Starting,1253.72,398.17
1792469880000000000,2026-10-20T04:18:00Z,controller 2,0.953,4.535,107.14,219.06,482.58,13.87,2.08,100.0,2,Starting,807.79,653.96
1792469940000000000,2026-10-20T04:19:00Z,controller 1,0.944,4.442,173.66,191.89,127.44,13.92,2.1,100.0,1,Starting,836.63,682.72
1792470000000000000,2026-10-20T04:20:00Z,free response,0.885,4.555,90.52,179.4,339.78,13.95,1.82,100.0,1,Starting,817.69,664.81
1792470060000000000,2026-10-20T04:21:00Z,controller 2,0.907,4.389,149.34,367.32,542.26,13.98,1.86,100.0,3,Starting,768.68,645.59
1792470120000000000,2026-10-20T04:22:00Z,controller 2,0.911,4.14,174.14,169.45,423.56,14.05,1.6,100.0,1,Starting,766.01,672.21
1792470180000000000,2026-10-20T04:23:00Z,controller 1,0.899,4.583,84.57,270.71,346.84,14.11,1.75,100.0,3,Starting,805.74,688.1
1792470240000000000,2026-10-20T04:24:00Z,free response,0.845,4.552,16.04,337.78,445.55,14.17,1.67,100.0,2,Starting,828.07,671.55
1792470300000000000,2026-10-20T04:25:00Z,controller 2,0.817,4.693,-12.31,352.13,398.22,14.25,1.63,100.0,3,Starting,816.97,641.65
1792470360000000000,2026-10-20T04:26:00Z,controller 2,0.924,4.386,29.39,231.99,49.13,14.29,1.75,100.0,2,Starting,862.29,618.84
1792470420000000000,2026-10-20T04:27:00Z,controller 1,0.968,4.574,74.92,337.21,69.63,14.37,2.09,100.0,1,Starting,885.19,637.54
1792470480000000000,2026-10-20T04:28:00Z,controller 1,0.973,4.901,-19.75,273.72,536.1,14.45,2.51,100.0,2,Starting,864.06,626.92
1792470540000000000,2026-10-20T04:29:00Z,controller 1,0.901,4.207,66.85,266.7,7.1,14.52,1.63,100.0,2,Starting,987.83,786.3
1792470600000000000,2026-10-20T04:30:00Z,controller 2,2.023,9.515,94.82,144.33,361.81,14.49,19.13,100.0,2,Starting,1027.41,780.14
1792470660000000000,2026-10-20T04:31:00Z,controller 1,2.046,9.048,167.05,440.21,247.17,14.46,20.24,100.0,1,Starting,1042.72,775.7
1792470720000000000,2026-10-20T04:32:00Z,controller 1,2.092,9.019,49.66,348.61,427.17,14.43,17.86,100.0,3,Starting,1041.22,748.24
1792470780000000000,2026-10-20T04:33:00Z,controller 1,2.074,9.666,25.41,317.92,95.99,14.42,18.85,100.0,1,Starting,991.39,731.92
1792470840000000000,2026-10-20T04:34:00Z,controller 1,2.049,9.108,135.53,328.99,482.74,14.4,17.54,100.0,1,Starting,946.3,708.15
1792470900000000000,2026-10-20T04:35:00Z,controller 2,1.929,9.279,95.89,384.95,561.87,14.38,18.88,100.0,3,Starting,933.47,708.03
1792470960000000000,2026-10-20T04:36:00Z,controller 1,1.988,9.165,97.06,424.98,473.9,14.35,16.55,100.0,3,Starting,953.45,735.77
1792471020000000000,2026-10-20T04:37:00Z,controller 2,1.971,9.383,122.13,346.46,18.73,14.33,19.09,98.11,2,Starting,943.52,710.43
1792471080000000000,2026-10-20T04:38:00Z,free response,2.013,9.168,1.91,46.94,307.8,14.37,17.61,100.0,3,Starting,903.39,714.86
1792471140000000000,2026-10-20T04:39:00Z,controller 2,2.072,9.001,195.16,225.85,420.79,14.44,20.21,100.0,1,Starting,877.04,685.05
1792471200000000000,2026-10-20T04:40:00Z,free response,2.044,9.352,163.1,104.18,129.4,14.47,20.11,100.0,2,Starting,850.66,711.5
1792471260000000000,2026-10-20T04:41:00Z,free response,2.028,9.496,197.42,140.35,66.54,14.55,19.01,100.0,3,Starting,839.4,718.68
1792471320000000000,2026-10-20T04:42:00Z,controller 1,2.054,9.548,50.25,76.15,381.03,14.61,21.69,100.0,3,Starting,887.07,692.38
1792471380000000000,2026-10-20T04:43:00Z,controller 1,1.992,9.343,131.58,244.51,282.09,14.64,19.94,100.0,1,Starting,852.66,671.95
1792471440000000000,2026-10-20T04:44:00Z,controller 2,2.052,9.044,-5.14,222.04,436.28,14.69,19.07,100.0,3,Starting,814.47,682.67
1792471500000000000,2026-10-20T04:45:00Z,free response,1.935,9.504,52.08,228.89,255.29,14.72,18.08,100.0,1,Starting,788.71,675.43
1792471560000000000,2026-10-20T04:46:00Z,controller 2,2.074,9.496,193.77,0.73,434.26,14.76,19.51,100.0,3,Starting,976.45,805.95
1792471620000000000,2026-10-20T04:47:00Z,free response,1.938,9.391,102.24,144.58,509.22,14.81,16.17,100.0,1,Starting,1026.41,794.34
1792471680000000000,2026-10-20T04:48:00Z,free response,2.002,9.253,93.3,54.22,394.57,14.87,18.19,100.0,1,Starting,1060.45,784.28
1792471740000000000,2026-10-20T04:49:00Z,free response,1.966,9.55,-4.7,100.4,335.22,14.95,18.95,100.0,2,Starting,1040.25,802.21
1792471800000000000,2026-10-20T04:50:00Z,controller 1,2.079,9.427,168.78,207.25,580.3,15.0,21.72,100.0,2,Starting,1079.25,819.04
1792471860000000000,2026-10-20T04:51:00Z,free response,2.091,9.466,8.08,228.44,463.54,15.06,19.15,100.0,1,Starting,1062.1,804.53
1792471920000000000,2026-10-20T04:52:00Z,controller 2,2.073,9.631,111.12,29.24,259.64,15.09,20.52,100.0,1,Starting,1040.16,794.23
1792471980000000000,2026-10-20T04:53:00Z,free response,1.94,9.303,61.44,289.1,79.81,15.16,17.37,100.0,2,Starting,1014.5,771.17
1792472040000000000,2026-10-20T04:54:00Z,free response,1.949,9.501,100.93,423.65,471.52,15.22,16.83,100.0,3,Starting,1011.46,775.38
1792472100000000000,2026-10-20T04:55:00Z,controller 2,2.003,9.376,55.26,16.42,318.07,15.25,19.66,100.0,3,Starting,1017.21,794.7
1792472160000000000,2026-10-20T04:56:00Z,free response,1.95,9.241,7.37,143.25,208.08,15.31,18.68,100.0,3,Starting,1004.75,811.82
1792472220000000000,2026-10-20T04:57:00Z,free response,2.011,9.441,54.8,105.07,294.93,15.38,18.13,100.0,3,Starting,998.88,814.29
1792472280000000000,2026-10-20T04:58:00Z,free response,2.062,9.103,39.92,17.32,560.99,15.41,20.91,100.0,3,Starting,950.11,823.23
1792472340000000000,2026-10-20T04:59:00Z,controller 1,1.938,9.42,24.9,9.89,269.64,15.45,17.93,100.0,1,Starting,933.95,806.84
1792472400000000000,2026-10-20T05:00:00Z,controller 2,0.487,7.013,181.36,4.69,508.52,15.53,0.84,100.0,2,Starting,977.69,808.24
1792472460000000000,2026-10-20T05:01:00Z,controller 2,0.48,7.013,47.1,277.6,424.09,15.58,0.73,100.0,2,Starting,941.23,781.03
1792472520000000000,2026-10-20T05:02:00Z,controller 2,0.598,6.436,106.1,52.46,124.09,15.65,1.2,100.0,1,Starting,898.8,809.43
1792472580000000000,2026-10-20T05:03:00Z,controller 1,0.544,7.064,65.68,388.47,323.94,15.68,1.11,100.0,2,Starting,858.26,786.12
1792472640000000000,2026-10-20T05:04:00Z,controller 2,0.557,6.553,192.99,159.21,42.34,15.71,1.08,100.0,3,Starting,878.94,762.97
1792472700000000000,2026-10-20T05:05:00Z,free response,0.621,7.095,18.7,306.05,212.12,15.78,1.48,100.0,3,Starting,836.7,768.87
1792472760000000000,2026-10-20T05:06:00Z,controller 2,0.481,7.092,171.38,87.78,94.12,15.82,0.88,100.0,2,Starting,836.58,751.59
1792472820000000000,2026-10-20T05:07:00Z,free response,0.604,6.661,-2.79,232.71,424.51,15.86,1.19,100.0,2,Starting,813.54,738.35
1792472880000000000,2026-10-20T05:08:00Z,controller 2,0.626,7.159,-0.93,319.41,359.37,15.92,1.49,100.0,2,Starting,769.26,744.41
1792472940000000000,2026-10-20T05:09:00Z,controller 2,0.516,7.158,53.97,258.46,532.36,15.99,0.98,100.0,2,Starting,757.57,742.78
1792473000000000000,2026-10-20T05:10:00Z,free response,0.483,7.045,10.48,414.42,576.1,16.03,0.87,100.0,1,Starting,725.47,724.37
1792473060000000000,2026-10-20T05:11:00Z,controller 2,0.5,6.74,87.33,304.43,227.05,16.08,0.88,100.0,1,Starting,1342.39,426.04
1792473120000000000,2026-10-20T05:12:00Z,controller 1,0.586,7.019,17.41,198.47,511.48,16.15,1.27,100.0,3,Starting,1295.56,430.36
1792473180000000000,2026-10-20T05:13:00Z,controller 1,0.524,6.803,66.38,378.94,482.94,16.23,0.94,100.0,1,Starting,1269.55,417.65
1792473240000000000,2026-10-20T05:14:00Z,controller 1,0.573,7.038,148.02,14.46,13.34,16.31,1.23,100.0,2,Starting,1304.93,425.16
1792473300000000000,2026-10-20T05:15:00Z,controller 2,0.471,6.622,199.63,389.86,527.48,16.34,0.78,100.0,2,Starting,1300.73,445.4
1792473360000000000,2026-10-20T05:16:00Z,free response,0.615,6.506,6.91,285.19,257.82,16.41,1.24,100.0,2,Starting,1327.18,435.02
1792473420000000000,2026-10-20T05:17:00Z,controller 2,0.498,6.521,33.45,194.15,121.15,16.49,0.83,100.0,2,Starting,1374.55,442.38
1792473480000000000,2026-10-20T05:18:00Z,controller 2,0.616,6.803,-28.54,225.26,207.93,16.55,1.26,100.0,2,Starting,1354.12,424.75
1792473540000000000,2026-10-20T05:19:00Z,controller 1,0.594,6.756,123.48,112.28,420.29,16.58,1.28,100.0,3,Starting,1323.38,440.94
1792473600000000000,2026-10-20T05:20:00Z,controller 2,0.557,6.912,80.14,181.02,525.22,16.66,1.12,100.0,1,Starting,1290.46,451.32
1792473660000000000,2026-10-20T05:21:00Z,free response,0.509,6.689,147.75,316.1,274.55,16.7,0.82,100.0,1,Starting,1287.79,438.57
1792473720000000000,2026-10-20T05:22:00Z,controller 1,0.508,6.899,50.52,66.23,480.5,16.75,0.88,100.0,2,Starting,1263.52,434.06
1792473780000000000,2026-10-20T05:23:00Z,free response,0.507,7.002,-22.4,412.29,471.16,16.83,0.88,100.0,1,Starting,1222.37,448.17
1792473840000000000,2026-10-20T05:24:00Z,controller 1,0.6,7.13,128.96,195.87,222.8,16.87,1.31,100.0,1,Starting,1197.92,465.62
1792473900000000000,2026-10-20T05:25:00Z,free response,0.497,6.775,38.45,62.87,375.06,16.95,0.85,100.0,3,Starting,1228.29,492.54
1792473960000000000,2026-10-20T05:26:00Z,free response,0.476,6.925,9.92,255.41,67.88,17.03,0.81,100.0,2,Starting,1239.03,485.85
1792474020000000000,2026-10-20T05:27:00Z,controller 2,0.59,6.692,124.76,326.12,558.71,17.08,1.07,100.0,3,Starting,1238.39,464.65
1792474080000000000,2026-10-20T05:28:00Z,controller 1,0.522,6.665,36.24,337.17,512.81,17.14,0.9,100.0,1,Starting,1210.92,485.68
1792474140000000000,2026-10-20T05:29:00Z,free response,0.558,6.753,2.34,434.65,407.49,17.19,1.04,100.0,2,Starting,1175.54,460.16
1792474200000000000,2026-10-20T05:30:00Z,controller 2,2.324,12.111,154.6,216.21,261.91,17.22,30.99,100.0,1,Starting,681.94,543.24
1792474260000000000,2026-10-20T05:31:00Z,controller 1,2.191,11.959,126.95,163.46,224.96,17.26,26.19,100.0,1,Starting,683.0,570.98
1792474320000000000,2026-10-20T05:32:00Z,controller 1,2.22,11.503,55.4,173.65,561.88,17.32,26.13,100.0,2,Starting,644.11,597.96
1792474380000000000,2026-10-20T05:33:00Z,free response,2.229,12.075,46.54,293.39,542.16,17.35,27.54,100.0,1,Starting,606.66,594.73
1792474440000000000,2026-10-20T05:34:00Z,free response,2.298,11.866,162.59,135.96,537.98,17.4,32.85,100.0,3,Starting,598.65,567.84
1792474500000000000,2026-10-20T05:35:00Z,controller 1,2.185,11.814,142.06,296.8,374.22,17.48,25.92,100.0,3,Starting,604.02,548.84
1792474560000000000,2026-10-20T05:36:00Z,controller 1,2.325,11.766,168.2,189.57,486.98,17.51,32.42,100.0,1,Starting,619.6,550.53
1792474620000000000,2026-10-20T05:37:00Z,free response,2.323,11.722,54.55,16.67,332.63,17.58,31.64,100.0,1,Starting,664.08,579.68
1792474680000000000,2026-10-20T05:38:00Z,controller 2,2.229,12.191,189.07,269.57,17.36,17.62,28.13,61.71,2,Starting,649.81,573.55
1792474740000000000,2026-10-20T05:39:00Z,controller 1,2.283,11.424,131.51,63.38,370.3,17.68,28.5,100.0,1,Starting,671.96,564.91
1792474800000000000,2026-10-20T05:40:00Z,controller 1,2.205,11.648,53.58,329.67,210.4,17.71,25.79,100.0,3,Starting,658.37,547.44
1792474860000000000,2026-10-20T05:41:00Z,free response,2.222,12.01,77.91,368.79,128.94,17.75,32.54,100.0,2,Starting,637.41,549.51
1792474920000000000,2026-10-20T05:42:00Z,controller 2,2.274,11.517,54.19,56.35,279.53,17.83,28.63,100.0,2,Starting,648.35,534.1
1792474980000000000,2026-10-20T05:43:00Z,controller 2,2.206,11.994,22.26,279.6,593.96,17.86,27.88,100.0,1,Starting,624.04,559.74
1792475040000000000,2026-10-20T05:44:00Z,free response,2.275,11.696,4.41,169.76,545.67,17.89,30.31,100.0,2,Starting,630.47,572.34
1792475100000000000,2026-10-20T05:45:00Z,free response,2.33,11.805,28.38,3.96,168.66,17.92,32.97,100.0,2,Starting,610.63,585.61
1792475160000000000,2026-10-20T05:46:00Z,controller 1,2.286,11.759,-7.31,19.16,151.35,18.0,33.16,100.0,1,Starting,594.3,566.34
1792475220000000000,2026-10-20T05:47:00Z,controller 1,2.239,12.044,52.2,162.48,325.08,18.07,33.13,100.0,1,Starting,563.98,540.78
1792475280000000000,2026-10-20T05:48:00Z,free response,2.214,11.462,98.13,328.32,125.77,18.15,28.91,100.0,2,Starting,535.42,514.55
1792475340000000000,2026-10-20T05:49:00Z,free response,2.195,11.767,-4.03,419.14,91.87,18.22,25.73,100.0,3,Starting,546.9,537.77
1792475400000000000,2026-10-20T05:50:00Z,controller 1,2.216,11.589,65.81,289.79,262.43,18.28,29.68,100.0,1,Starting,506.59,513.71
1792475460000000000,2026-10-20T05:51:00Z,free response,2.274,11.539,51.66,117.39,569.58,18.34,28.18,100.0,3,Starting,480.31,537.03
1792475520000000000,2026-10-20T05:52:00Z,free response,2.194,11.478,-22.33,193.46,582.97,18.43,30.19,100.0,1,Starting,475.3,535.44
1792475580000000000,2026-10-20T05:53:00Z,controller 2,2.203,11.631,9.69,38.71,596.56,18.46,29.6,100.0,2,Starting,448.69,556.99
1792475640000000000,2026-10-20T05:54:00Z,controller 2,2.311,11.824,110.91,358.39,81.12,18.49,29.18,100.0,3,Starting,489.59,557.73
1792475700000000000,2026-10-20T05:55:00Z,controller 2,2.332,11.486,69.84,16.57,469.55,18.58,31.92,100.0,1,Starting,502.95,551.58
1792475760000000000,2026-10-20T05:56:00Z,controller 1,2.323,12.14,13.04,133.44,478.98,18.61,34.94,100.0,2,Starting,485.04,544.79
1792475820000000000,2026-10-20T05:57:00Z,controller 1,2.337,12.046,-17.64,97.62,142.95,18.65,33.32,100.0,3,Starting,457.82,529.14
1792475880000000000,2026-10-20T05:58:00Z,free response,2.242,11.668,39.2,172.49,548.96,18.68,30.49,100.0,1,Starting,458.2,500.37
1792475940000000000,2026-10-20T05:59:00Z,controller 1,2.315,11.635,64.11,261.96,306.6,18.75,32.6,100.0,2,Starting,441.39,498.16
1792476000000000000,2026-10-20T06:00:00Z,controller 2,0.493,7.693,192.27,268.48,387.14,18.83,0.96,100.0,2,Starting,424.46,468.35
1792476060000000000,2026-10-20T06:01:00Z,controller 1,0.36,7.501,84.2,223.38,74.09,18.91,0.45,100.0,1,Starting,409.66,452.42
1792476120000000000,2026-10-20T06:02:00Z,controller 2,0.491,7.052,-4.53,115.42,435.59,18.97,0.79,100.0,2,Starting,369.4,430.0
1792476180000000000,2026-10-20T06:03:00Z,controller 1,0.461,7.165,43.84,252.23,294.46,19.05,0.75,100.0,2,Starting,366.87,419.23
1792476240000000000,2026-10-20T06:04:00Z,controller 1,0.503,7.302,106.28,229.9,82.19,19.07,0.98,100.0,1,Starting,407.12,405.11
1792476300000000000,2026-10-20T06:05:00Z,controller 1,0.428,7.714,31.35,370.19,16.78,19.15,0.73,100.0,3,Starting,367.32,406.2
1792476360000000000,2026-10-20T06:06:00Z,controller 1,0.372,7.64,114.47,272.41,282.5,19.19,0.54,100.0,3,Starting,335.45,424.85
1792476420000000000,2026-10-20T06:07:00Z,free response,0.471,7.014,198.32,40.5,345.86,19.27,0.75,100.0,2,Starting,299.2,452.42
1792476480000000000,2026-10-20T06:08:00Z,controller 2,0.402,7.116,44.9,421.05,57.38,19.3,0.53,100.0,1,Starting,337.44,425.54
1792476540000000000,2026-10-20T06:09:00Z,free response,0.433,7.695,96.99,118.1,323.51,19.33,0.74,100.0,3,Starting,326.54,430.9
1792476600000000000,2026-10-20T06:10:00Z,controller 2,0.354,7.722,142.17,271.21,391.38,19.37,0.48,100.0,3,Starting,281.02,408.82
1792476660000000000,2026-10-20T06:11:00Z,controller 2,0.359,7.157,38.36,6.42,362.51,19.46,0.5,100.0,2,Starting,237.02,422.03
1792476720000000000,2026-10-20T06:12:00Z,controller 2,0.484,7.403,110.7,401.84,533.66,19.5,0.89,100.0,1,Starting,228.21,395.43
1792476780000000000,2026-10-20T06:13:00Z,controller 1,0.503,7.568,48.67,36.16,263.43,19.56,0.9,100.0,3,Starting,216.07,382.67
1792476840000000000,2026-10-20T06:14:00Z,controller 1,0.393,7.646,196.89,227.19,69.27,19.65,0.65,100.0,2,Starting,217.53,387.51
1792476900000000000,2026-10-20T06:15:00Z,free response,0.394,7.359,172.03,115.55,375.66,19.69,0.58,100.0,3,Starting,180.77,411.55
1792476960000000000,2026-10-20T06:16:00Z,free response,0.361,7.573,76.36,94.24,278.1,19.77,0.48,100.0,1,Starting,189.08,413.04
1792477020000000000,2026-10-20T06:17:00Z,controller 2,0.382,7.431,122.94,222.92,255.85,19.82,0.56,100.0,2,Starting,865.02,987.76
1792477080000000000,2026-10-20T06:18:00Z,controller 1,0.452,7.056,140.06,344.18,292.61,19.89,0.72,100.0,1,Starting,902.13,968.67
1792477140000000000,2026-10-20T06:19:00Z,free response,0.366,7.411,19.64,399.46,573.76,19.92,0.47,100.0,2,Starting,859.67,977.76
1792477200000000000,2026-10-20T06:20:00Z,controller 2,0.48,7.121,196.58,165.73,72.51,19.98,0.82,100.0,2,Starting,830.79,948.05
1792477260000000000,2026-10-20T06:21:00Z,free response,0.472,7.03,152.41,284.22,57.14,20.04,0.8,100.0,1,Starting,872.94,952.0
1792477320000000000,2026-10-20T06:22:00Z,controller 2,0.4,7.279,107.16,109.02,353.76,20.13,0.53,100.0,3,Starting,890.5,958.61
1792477380000000000,2026-10-20T06:23:00Z,controller 2,0.437,7.297,15.96,118.53,299.72,20.18,0.67,100.0,3,Starting,916.03,645.15
1792477440000000000,2026-10-20T06:24:00Z,controller 1,0.402,7.307,26.89,148.76,260.82,20.24,0.64,100.0,3,Starting,934.87,616.38
1792477500000000000,2026-10-20T06:25:00Z,free response,0.365,7.606,-7.97,296.45,136.57,20.31,0.5,100.0,2,Starting,897.21,596.68
1792477560000000000,2026-10-20T06:26:00Z,controller 2,0.369,7.756,187.01,45.36,297.85,20.39,0.54,100.0,1,Starting,868.45,591.54
1792477620000000000,2026-10-20T06:27:00Z,controller 1,0.399,7.64,-28.59,42.9,113.25,20.45,0.66,100.0,3,Starting,1398.95,730.65
1792477680000000000,2026-10-20T06:28:00Z,controller 1,0.505,7.368,132.11,158.41,350.63,20.51,0.95,100.0,3,Starting,1397.27,710.59
1792477740000000000,2026-10-20T06:29:00Z,controller 2,0.442,7.009,6.41,71.16,499.72,20.57,0.67,100.0,1,Starting,1422.89,731.98
1792477800000000000,2026-10-20T06:30:00Z,controller 2,1.323,9.362,10.87,230.4,505.17,20.6,7.7,100.0,2,Starting,1429.18,747.38
1792477860000000000,2026-10-20T06:31:00Z,controller 2,1.349,9.389,187.31,411.81,496.79,20.66,8.43,100.0,1,Starting,1429.18,771.15
1792477920000000000,2026-10-20T06:32:00Z,controller 2,1.399,8.95,-19.02,21.61,341.87,20.74,8.76,100.0,1,Starting,1427.09,776.26
1792477980000000000,2026-10-20T06:33:00Z,controller 1,1.377,9.051,7.56,187.78,537.83,20.8,9.34,100.0,1,Starting,1433.76,751.76
1792478040000000000,2026-10-20T06:34:00Z,free response,1.393,8.855,143.44,127.04,288.89,20.83,7.74,100.0,1,Starting,1404.64,722.22
1792478100000000000,2026-10-20T06:35:00Z,free response,1.401,9.243,20.73,43.99,233.73,20.9,9.23,100.0,3,Starting,1453.87,700.48
1792478160000000000,2026-10-20T06:36:00Z,free response,1.416,9.113,117.83,270.37,114.51,20.98,9.56,100.0,1,Starting,1432.45,684.61
1792478220000000000,2026-10-20T06:37:00Z,controller 1,1.36,9.404,118.55,305.62,573.44,21.06,8.6,100.0,2,Starting,1475.47,680.32
1792478280000000000,2026-10-20T06:38:00Z,free response,1.366,9.188,48.99,78.8,512.27,21.1,9.11,100.0,1,Starting,1477.96,691.29
1792478340000000000,2026-10-20T06:39:00Z,controller 1,1.343,9.043,195.88,160.18,509.73,21.16,7.79,100.0,1,Starting,1500.0,712.3
1792478400000000000,2026-10-20T06:40:00Z,controller 2,1.36,9.378,108.77,315.4,215.38,21.24,8.69,100.0,1,Starting,1497.93,683.66
1792478460000000000,2026-10-20T06:41:00Z,controller 2,1.332,8.89,-11.62,376.13,459.85,21.3,7.39,100.0,2,Starting,1474.1,706.17
1792478520000000000,2026-10-20T06:42:00Z,controller 2,1.366,9.329,47.52,74.79,95.15,21.34,8.02,100.0,2,Starting,1495.87,711.91
1792478580000000000,2026-10-20T06:43:00Z,controller 1,1.377,8.941,112.17,65.27,490.96,21.42,8.35,100.0,1,Starting,1500.0,720.39
1792478640000000000,2026-10-20T06:44:00Z,controller 1,1.307,9.099,132.9,233.16,13.81,21.45,8.51,100.0,1,Starting,1500.0,743.93
1792478700000000000,2026-10-20T06:45:00Z,controller 1,1.463,8.924,61.19,261.65,213.38,21.49,10.23,100.0,3,Starting,1465.96,768.39
1792478760000000000,2026-10-20T06:46:00Z,controller 1,1.444,8.829,7.98,271.6,175.31,21.52,9.48,100.0,3,Starting,1488.96,750.61
1792478820000000000,2026-10-20T06:47:00Z,controller 1,1.296,9.281,76.21,262.27,300.8,21.57,7.87,100.0,3,Starting,1478.48,722.47
1792478880000000000,2026-10-20T06:48:00Z,free response,1.385,9.334,-26.12,64.17,469.01,21.64,8.95,100.0,3,Starting,1497.42,715.6
1792478940000000000,2026-10-20T06:49:00Z,free response,1.425,9.272,-13.87,256.74,224.55,21.69,9.35,100.0,3,Starting,1451.79,691.95
1792479000000000000,2026-10-20T06:50:00Z,controller 2,1.343,9.084,-27.51,10.0,450.96,21.74,8.23,100.0,2,On,1487.66,677.26
1792479060000000000,2026-10-20T06:51:00Z,controller 2,1.355,9.457,35.54,197.71,474.31,21.79,8.59,100.0,2,On,1464.13,654.08
1792479120000000000,2026-10-20T06:52:00Z,free response,1.297,9.052,128.74,297.39,479.18,21.82,7.38,100.0,3,On,1494.44,656.89
1792479180000000000,2026-10-20T06:53:00Z,free response,1.399,9.539,169.78,151.19,585.23,21.88,8.54,100.0,2,On,1500.0,659.3
1792479240000000000,2026-10-20T06:54:00Z,free response,1.323,9.007,-21.0,113.37,313.79,21.92,7.46,100.0,3,On,1459.49,678.12
1792479300000000000,2026-10-20T06:55:00Z,controller 1,1.407,9.491,176.23,265.09,61.67,21.98,9.93,100.0,1,On,1486.71,669.95
1792479360000000000,2026-10-20T06:56:00Z,controller 2,1.435,8.964,21.39,68.11,501.58,22.04,9.18,100.0,1,On,1464.49,685.98
1792479420000000000,2026-10-20T06:57:00Z,controller 1,1.365,9.004,-28.19,257.81,148.91,22.1,8.3,100.0,1,On,1484.61,711.86
1792479480000000000,2026-10-20T06:58:00Z,controller 2,1.462,9.072,-17.75,140.34,41.0,22.13,10.46,100.0,3,On,1449.96,740.13
1792479540000000000,2026-10-20T06:59:00Z,controller 2,1.385,9.349,28.98,366.9,304.71,22.18,8.67,100.0,1,On,1425.71,768.5
1792479600000000000,2026-10-20T07:00:00Z,controller 1,1.435,8.289,39.33,430.5,557.23,22.21,8.73,100.0,3,On,1387.12,786.86
1792479660000000000,2026-10-20T07:01:00Z,controller 1,1.495,8.407,160.02,167.03,356.28,22.26,9.84,100.0,3,On,1346.29,799.65
1792479720000000000,2026-10-20T07:02:00Z,free response,1.43,8.527,-3.28,193.59,289.93,22.3,8.87,100.0,1,On,1367.01,808.32
1792479780000000000,2026-10-20T07:03:00Z,free response,1.553,7.978,116.63,262.77,217.97,22.33,10.47,100.0,2,On,1411.79,810.7
1792479840000000000,2026-10-20T07:04:00Z,controller 2,1.546,8.259,123.65,40.89,97.83,22.37,10.0,100.0,1,On,1363.94,811.6
1792479900000000000,2026-10-20T07:05:00Z,controller 2,1.393,8.384,42.9,93.14,466.76,22.44,7.57,100.0,3,On,1330.28,813.32
1792479960000000000,2026-10-20T07:06:00Z,controller 1,1.55,8.141,162.12,403.38,317.84,22.51,9.71,100.0,2,On,1284.74,818.37
1792480020000000000,2026-10-20T07:07:00Z,free response,1.466,8.358,11.1,162.57,66.92,22.57,9.8,100.0,3,On,1247.22,798.89
1792480080000000000,2026-10-20T07:08:00Z,free response,1.465,8.161,114.42,26.53,404.76,22.6,8.16,100.0,1,On,1226.84,828.17
1792480140000000000,2026-10-20T07:09:00Z,controller 2,1.422,8.685,14.76,334.93,404.67,22.69,9.65,100.0,1,On,1203.69,831.78
1792480200000000000,2026-10-20T07:10:00Z,free response,1.526,8.68,165.32,439.32,346.21,22.76,9.43,100.0,3,On,1240.91,847.37
1792480260000000000,2026-10-20T07:11:00Z,controller 2,1.416,8.388,69.15,253.44,127.49,22.82,8.38,100.0,3,On,1244.86,832.8
1792480320000000000,2026-10-20T07:12:00Z,controller 1,1.554,8.578,70.47,342.92,559.28,22.91,9.78,100.0,3,On,1195.0,852.42
1792480380000000000,2026-10-20T07:13:00Z,controller 1,1.509,8.447,120.02,27.64,83.37,22.96,8.79,100.0,1,On,1244.21,844.09
1792480440000000000,2026-10-20T07:14:00Z,free response,1.479,8.088,114.48,326.48,202.02,23.04,9.17,100.0,1,On,516.3,965.57
1792480500000000000,2026-10-20T07:15:00Z,controller 1,1.382,8.474,155.7,386.22,210.47,23.11,8.21,100.0,1,On,537.84,993.45
1792480560000000000,2026-10-20T07:16:00Z,free response,1.392,8.071,-29.04,163.31,555.29,23.18,7.51,100.0,2,On,574.46,1000.0
1792480620000000000,2026-10-20T07:17:00Z,free response,1.416,8.022,191.06,390.94,71.55,23.22,8.4,100.0,3,On,622.24,1000.0
1792480680000000000,2026-10-20T07:18:00Z,controller 2,1.464,8.287,154.35,150.47,373.7,23.29,8.79,100.0,3,On,588.31,1000.0
1792480740000000000,2026-10-20T07:19:00Z,controller 2,1.54,8.548,-25.4,263.59,192.02,23.35,10.1,100.0,3,On,627.07,1000.0
1792480800000000000,2026-10-20T07:20:00Z,controller 2,1.496,8.145,118.32,97.92,583.13,23.39,8.85,100.0,3,On,580.62,1000.0
1792480860000000000,2026-10-20T07:21:00Z,free response,1.487,8.53,190.62,164.2,88.96,23.46,8.57,100.0,3,On,768.91,840.29
1792480920000000000,2026-10-20T07:22:00Z,free response,1.447,8.224,111.83,299.89,572.97,23.54,8.51,100.0,3,On,786.35,857.72
1792480980000000000,2026-10-20T07:23:00Z,controller 2,1.444,8.536,-12.97,431.42,78.17,23.59,8.7,100.0,2,On,745.29,834.34
1792481040000000000,2026-10-20T07:24:00Z,controller 1,1.385,8.177,164.99,274.98,566.17,23.65,7.57,100.0,1,On,768.84,851.7
1792481100000000000,2026-10-20T07:25:00Z,free response,1.385,8.539,46.46,151.46,235.8,23.68,8.04,100.0,2,On,807.01,862.72
1792481160000000000,2026-10-20T07:26:00Z,controller 2,1.39,8.608,100.84,101.4,130.65,23.71,8.82,100.0,3,On,830.44,839.3
1792481220000000000,2026-10-20T07:27:00Z,controller 1,1.433,7.937,69.99,68.69,500.75,23.73,8.68,100.0,2,On,860.47,818.72
1792481280000000000,2026-10-20T07:28:00Z,free response,1.487,8.066,105.84,318.72,461.05,23.82,8.08,100.0,3,On,859.11,828.67
1792481340000000000,2026-10-20T07:29:00Z,controller 1,1.5,8.035,128.89,372.82,499.8,23.88,9.7,100.0,1,On,837.82,854.38
1792481400000000000,2026-10-20T07:30:00Z,controller 2,1.44,8.374,6.4,183.74,303.88,23.97,9.47,100.0,1,On,938.86,680.16
1792481460000000000,2026-10-20T07:31:00Z,controller 2,1.521,8.12,174.38,304.02,416.98,24.02,8.68,100.0,3,On,928.48,673.93
1792481520000000000,2026-10-20T07:32:00Z,controller 2,1.476,8.326,150.59,404.04,118.82,24.09,8.97,100.0,1,On,894.11,664.52
1792481580000000000,2026-10-20T07:33:00Z,controller 2,1.415,8.283,54.14,303.02,203.39,24.13,8.08,100.0,3,On,881.11,640.61
1792481640000000000,2026-10-20T07:34:00Z,free response,1.506,8.625,170.34,361.44,471.25,24.18,9.27,100.0,2,On,914.37,624.54
1792481700000000000,2026-10-20T07:35:00Z,controller 2,1.538,8.244,-12.89,288.44,474.58,24.25,9.28,100.0,3,On,963.15,613.78
1792481760000000000,2026-10-20T07:36:00Z,controller 2,1.418,8.176,-24.97,413.0,215.55,24.34,8.74,100.0,2,On,982.05,629.36
1792481820000000000,2026-10-20T07:37:00Z,free response,1.514,8.205,101.14,34.0,462.87,24.4,8.92,100.0,1,On,950.48,619.69
1792481880000000000,2026-10-20T07:38:00Z,free response,1.515,8.422,161.6,15.05,55.47,24.46,10.5,100.0,3,On,925.8,628.92
1792481940000000000,2026-10-20T07:39:00Z,free response,1.434,8.158,-27.89,221.11,497.97,24.53,8.17,100.0,2,On,907.14,649.91
1792482000000000000,2026-10-20T07:40:00Z,free response,1.513,8.263,151.76,57.9,82.9,24.57,9.47,100.0,2,On,932.37,647.22
1792482060000000000,2026-10-20T07:41:00Z,controller 1,1.514,8.316,153.72,223.67,369.88,24.62,10.47,100.0,2,On,944.55,637.91
1792482120000000000,2026-10-20T07:42:00Z,controller 2,1.488,8.258,148.32,395.95,165.29,24.65,9.75,100.0,3,On,983.78,623.84
1792482180000000000,2026-10-20T07:43:00Z,free response,1.569,8.729,-17.17,354.57,314.27,24.7,11.08,100.0,3,On,938.97,616.17
1792482240000000000,2026-10-20T07:44:00Z,controller 1,1.538,8.288,187.8,146.16,140.91,24.74,10.73,100.0,1,On,972.2,607.98
1792482300000000000,2026-10-20T07:45:00Z,controller 2,1.557,8.804,165.07,402.64,229.17,24.79,11.51,100.0,2,On,545.13,491.39
1792482360000000000,2026-10-20T07:46:00Z,free response,1.418,8.561,59.59,249.03,420.41,24.87,8.22,100.0,3,On,495.97,469.81
1792482420000000000,2026-10-20T07:47:00Z,controller 2,1.558,8.695,-24.63,228.07,149.9,24.92,10.16,100.0,2,On,482.86,459.17
1792482480000000000,2026-10-20T07:48:00Z,free response,1.436,8.385,-23.36,344.25,261.91,24.99,8.53,100.0,1,On,434.77,473.17
1792482540000000000,2026-10-20T07:49:00Z,controller 2,1.436,8.449,68.27,339.93,420.36,25.03,8.99,100.0,3,On,463.96,445.35
1792482600000000000,2026-10-20T07:50:00Z,free response,1.489,8.081,16.48,372.54,523.15,25.06,9.34,100.0,2,On,465.23,450.29
1792482660000000000,2026-10-20T07:51:00Z,free response,1.573,8.329,3.55,286.46,226.63,25.13,9.61,100.0,1,On,490.4,465.8
1792482720000000000,2026-10-20T07:52:00Z,controller 2,1.519,8.13,-25.5,170.69,432.78,25.18,10.32,100.0,3,On,453.29,480.16
1792482780000000000,2026-10-20T07:53:00Z,free response,1.574,8.478,142.45,433.27,178.49,25.27,9.69,100.0,3,On,489.04,452.33
1792482840000000000,2026-10-20T07:54:00Z,controller 1,1.446,8.575,161.43,89.45,351.48,25.3,8.56,100.0,1,On,512.23,475.9
1792482900000000000,2026-10-20T07:55:00Z,controller 2,1.567,8.682,153.15,94.92,142.97,25.39,10.46,100.0,3,On,511.91,479.58
1792482960000000000,2026-10-20T07:56:00Z,free response,1.567,8.545,-15.54,6.58,505.38,25.46,10.47,100.0,1,On,486.55,458.7
1792483020000000000,2026-10-20T07:57:00Z,controller 2,1.426,8.286,23.34,391.26,101.6,25.48,8.3,100.0,2,On,496.52,435.79
1792483080000000000,2026-10-20T07:58:00Z,controller 1,1.413,8.647,154.41,220.8,544.87,25.54,8.37,100.0,2,On,504.35,442.84
1792483140000000000,2026-10-20T07:59:00Z,free response,1.569,8.361,156.55,218.88,87.27,25.57,9.94,100.0,2,On,455.72,424.91
1792483200000000000,2026-10-20T08:00:00Z,controller 1,0.155,6.814,115.57,436.43,353.03,25.63,0.08,100.0,2,On,456.78,401.56
1792483260000000000,2026-10-20T08:01:00Z,controller 2,0.179,6.303,100.63,197.34,580.43,25.66,0.11,100.0,3,On,468.72,372.75
1792483320000000000,2026-10-20T08:02:00Z,free response,0.281,6.804,57.69,260.37,175.48,25.73,0.26,100.0,2,On,509.56,371.26
1792483380000000000,2026-10-20T08:03:00Z,controller 2,0.25,6.824,-11.64,352.25,339.5,25.79,0.22,100.0,2,On,545.42,350.35
1792483440000000000,2026-10-20T08:04:00Z,controller 1,0.257,6.642,108.47,100.9,7.82,25.83,0.2,100.0,1,On,593.35,363.88
1792483500000000000,2026-10-20T08:05:00Z,controller 2,0.292,6.829,193.76,54.82,377.3,25.86,0.31,100.0,1,On,549.75,368.52
1792483560000000000,2026-10-20T08:06:00Z,controller 2,0.142,6.426,100.69,243.46,250.83,25.89,0.07,100.0,2,On,572.75,382.73
1792483620000000000,2026-10-20T08:07:00Z,free response,0.147,6.8,183.05,353.55,359.1,25.95,0.07,100.0,1,On,586.88,360.92
1792483680000000000,2026-10-20T08:08:00Z,controller 1,0.128,6.519,-23.12,440.76,391.75,26.02,0.05,100.0,2,On,592.1,336.41
1792483740000000000,2026-10-20T08:09:00Z,controller 2,0.115,6.713,171.97,130.42,469.52,26.06,0.05,100.0,3,On,637.94,357.83
1792483800000000000,2026-10-20T08:10:00Z,controller 1,0.172,6.69,172.18,208.15,352.7,26.11,0.11,100.0,3,On,600.15,338.75
1792483860000000000,2026-10-20T08:11:00Z,controller 2,0.281,6.426,148.25,104.96,324.99,26.16,0.26,100.0,3,On,589.55,310.32
1792483920000000000,2026-10-20T08:12:00Z,controller 1,0.191,6.837,20.03,107.97,496.66,26.2,0.13,100.0,1,On,580.59,332.43
1792483980000000000,2026-10-20T08:13:00Z,free response,0.179,6.374,152.02,281.7,421.91,26.23,0.1,100.0,3,On,606.17,338.9
1792484040000000000,2026-10-20T08:14:00Z,controller 1,0.151,6.588,31.47,397.78,59.45,26.31,0.08,100.0,3,On,585.22,351.86
1792484100000000000,2026-10-20T08:15:00Z,free response,0.188,6.689,172.63,341.82,33.26,26.36,0.13,100.0,1,On,549.3,353.22
1792484160000000000,2026-10-20T08:16:00Z,controller 1,0.13,6.645,24.8,302.52,549.91,26.43,0.06,100.0,1,On,573.8,348.56
1792484220000000000,2026-10-20T08:17:00Z,free response,0.171,6.422,179.52,287.32,351.77,26.5,0.09,100.0,1,On,622.17,377.57
1792484280000000000,2026-10-20T08:18:00Z,controller 2,0.138,6.459,91.19,218.01,158.93,26.54,0.06,100.0,1,On,650.98,369.87
1792484340000000000,2026-10-20T08:19:00Z,controller 1,0.164,6.655,178.27,139.89,89.79,26.61,0.09,100.0,2,On,635.0,361.14
1792484400000000000,2026-10-20T08:20:00Z,controller 1,0.167,6.359,15.64,447.51,285.37,26.69,0.09,100.0,2,On,589.36,376.14
1792484460000000000,2026-10-20T08:21:00Z,free response,0.195,6.88,3.84,308.26,274.4,26.67,0.13,100.0,3,On,542.39,358.18
1792484520000000000,2026-10-20T08:22:00Z,controller 1,0.198,6.509,140.61,225.33,188.47,26.66,0.12,100.0,1,On,514.57,367.62
1792484580000000000,2026-10-20T08:23:00Z,free response,0.142,6.748,96.63,26.08,256.0,26.63,0.06,100.0,3,On,524.12,358.42
1792484640000000000,2026-10-20T08:24:00Z,controller 1,0.164,6.248,199.79,266.47,177.69,26.6,0.08,100.0,3,On,476.82,362.84
1792484700000000000,2026-10-20T08:25:00Z,free response,0.187,6.582,-26.11,55.66,410.75,26.58,0.12,100.0,3,On,446.75,336.95
1792484760000000000,2026-10-20T08:26:00Z,controller 2,0.28,6.901,63.82,48.15,268.28,26.55,0.26,100.0,2,On,468.99,338.23
1792484820000000000,2026-10-20T08:27:00Z,controller 2,0.261,6.573,70.71,432.92,427.69,26.53,0.23,100.0,2,On,496.34,318.78
1792484880000000000,2026-10-20T08:28:00Z,free response,0.202,6.75,79.62,248.86,526.09,26.5,0.13,100.0,2,On,487.96,305.7
1792484940000000000,2026-10-20T08:29:00Z,free response,0.135,6.233,103.99,195.97,466.24,26.49,0.05,100.0,2,On,506.92,278.96
1792485000000000000,2026-10-20T08:30:00Z,controller 1,0.812,2.346,-28.58,93.23,591.04,26.48,0.73,100.0,3,On,462.74,269.46
1792485060000000000,2026-10-20T08:31:00Z,controller 1,0.81,2.33,69.52,195.54,175.24,26.45,0.69,100.0,3,On,453.08,249.57
1792485120000000000,2026-10-20T08:32:00Z,controller 2,0.719,2.52,-3.02,439.51,168.78,26.44,0.63,100.0,1,On,415.53,263.65
1792485180000000000,2026-10-20T08:33:00Z,free response,0.796,2.212,129.95,97.26,249.01,26.42,0.72,100.0,2,On,791.63,589.5
1792485240000000000,2026-10-20T08:34:00Z,controller 1,0.822,2.148,31.67,29.37,531.76,26.41,0.68,100.0,1,On,797.23,927.08
1792485300000000000,2026-10-20T08:35:00Z,controller 2,0.862,2.527,114.16,368.02,361.3,26.38,0.9,100.0,2,On,813.92,946.92
1792485360000000000,2026-10-20T08:36:00Z,controller 2,0.86,2.446,137.02,268.71,247.71,26.36,0.93,100.0,1,On,830.07,925.53
1792485420000000000,2026-10-20T08:37:00Z,free response,0.808,2.052,55.11,48.14,39.97,26.35,0.71,100.0,1,On,874.51,945.39
1792485480000000000,2026-10-20T08:38:00Z,controller 1,0.732,2.68,146.94,337.42,154.85,26.33,0.66,100.0,1,On,916.82,925.0
1792485540000000000,2026-10-20T08:39:00Z,controller 2,0.779,2.33,168.64,166.39,512.91,26.32,0.71,100.0,2,Starting,937.28,903.91
1792485600000000000,2026-10-20T08:40:00Z,controller 2,0.785,2.644,9.12,215.3,474.24,26.3,0.88,100.0,1,Starting,977.79,916.89
1792485660000000000,2026-10-20T08:41:00Z,controller 1,0.858,2.214,167.74,286.73,216.63,26.28,0.87,100.0,2,Starting,1017.23,938.6
1792485720000000000,2026-10-20T08:42:00Z,controller 2,0.752,1.956,168.05,218.6,228.79,26.28,0.54,100.0,2,Starting,1054.75,941.9
1792485780000000000,2026-10-20T08:43:00Z,free response,0.852,1.996,56.59,411.6,486.02,26.25,0.67,100.0,1,Starting,1023.28,962.18
1792485840000000000,2026-10-20T08:44:00Z,controller 2,0.735,1.968,-27.89,308.48,33.92,26.24,0.52,100.0,3,Starting,1013.76,946.55
1792485900000000000,2026-10-20T08:45:00Z,free response,0.723,2.443,4.37,326.98,373.32,26.21,0.67,100.0,1,Starting,1023.18,939.72
1792485960000000000,2026-10-20T08:46:00Z,free response,0.867,2.297,-6.31,293.72,248.65,26.19,0.85,100.0,3,Starting,1062.25,961.98
1792486020000000000,2026-10-20T08:47:00Z,free response,0.847,2.642,176.61,21.06,444.8,26.18,0.93,100.0,2,Starting,1044.71,942.48
1792486080000000000,2026-10-20T08:48:00Z,free response,0.858,2.503,4.81,203.57,332.05,26.22,0.88,100.0,1,Starting,1032.43,957.14
1792486140000000000,2026-10-20T08:49:00Z,free response,0.864,1.953,199.86,352.61,269.03,26.28,0.73,100.0,1,Starting,1069.43,954.45
1792486200000000000,2026-10-20T08:50:00Z,controller 2,0.712,2.058,97.18,295.71,543.91,26.36,0.54,100.0,1,Starting,1054.46,951.28
1792486260000000000,2026-10-20T08:51:00Z,controller 2,0.796,2.326,166.33,356.15,331.72,26.41,0.78,100.0,2,Starting,1010.29,931.65
1792486320000000000,2026-10-20T08:52:00Z,controller 1,0.825,1.946,-5.17,165.78,81.39,26.5,0.63,100.0,2,Starting,964.2,906.87
1792486380000000000,2026-10-20T08:53:00Z,controller 2,0.844,2.562,15.48,93.0,411.84,26.54,0.89,100.0,2,Starting,999.76,936.84
1792486440000000000,2026-10-20T08:54:00Z,controller 2,0.728,2.077,72.28,111.37,433.61,26.59,0.54,100.0,1,Starting,967.38,909.22
1792486500000000000,2026-10-20T08:55:00Z,free response,0.739,2.024,97.45,133.53,535.88,26.66,0.53,100.0,2,Starting,983.05,937.79
1792486560000000000,2026-10-20T08:56:00Z,controller 2,0.887,2.208,141.49,305.56,292.94,26.72,0.94,100.0,1,Starting,1000.05,926.09
1792486620000000000,2026-10-20T08:57:00Z,controller 2,0.801,1.93,133.29,274.7,111.16,26.76,0.67,100.0,1,Starting,997.1,943.95
1792486680000000000,2026-10-20T08:58:00Z,controller 1,0.752,1.928,51.72,302.55,229.85,26.81,0.51,100.0,1,Starting,991.92,931.53
1792486740000000000,2026-10-20T08:59:00Z,free response,0.724,2.475,113.75,422.09,279.18,26.86,0.69,100.0,1,Starting,947.6,959.92
1792486800000000000,2026-10-20T09:00:00Z,controller 1,1.816,11.483,-10.44,370.74,136.04,26.94,18.82,100.0,2,Starting,926.58,948.01
1792486860000000000,2026-10-20T09:01:00Z,controller 1,1.927,12.043,112.82,231.17,309.26,27.02,23.54,100.0,2,Starting,899.25,977.71
1792486920000000000,2026-10-20T09:02:00Z,free response,1.837,11.595,92.2,267.66,420.23,27.05,17.9,100.0,3,Starting,865.64,965.52
1792486980000000000,2026-10-20T09:03:00Z,controller 1,1.801,11.601,54.78,188.49,271.83,27.13,20.13,100.0,1,Starting,877.89,944.78
1792487040000000000,2026-10-20T09:04:00Z,free response,1.871,12.199,-12.81,251.39,429.99,27.22,19.84,100.0,2,Starting,881.35,948.91
1792487100000000000,2026-10-20T09:05:00Z,free response,1.865,11.658,-5.22,134.64,477.79,27.29,20.62,100.0,1,Starting,835.08,925.33
1792487160000000000,2026-10-20T09:06:00Z,controller 1,1.838,11.619,-21.1,192.94,162.46,27.34,19.46,100.0,2,Starting,844.4,955.23
1792487220000000000,2026-10-20T09:07:00Z,controller 2,1.851,11.956,85.84,165.32,332.39,27.4,20.46,100.0,3,Starting,847.23,966.35
1792487280000000000,2026-10-20T09:08:00Z,controller 1,1.928,12.017,136.86,169.25,62.37,27.45,21.45,100.0,2,Starting,856.72,968.46
1792487340000000000,2026-10-20T09:09:00Z,controller 2,1.909,11.789,178.21,364.1,3.6,27.51,23.54,15.29,2,Starting,831.54,964.49
1792487400000000000,2026-10-20T09:10:00Z,controller 1,1.902,12.216,131.39,263.04,2.43,27.57,19.92,12.2,3,Starting,781.98,965.66
1792487460000000000,2026-10-20T09:11:00Z,free response,1.916,11.687,-11.02,336.38,213.81,27.62,19.56,100.0,1,Starting,746.95,945.97
1792487520000000000,2026-10-20T09:12:00Z,controller 1,1.821,11.604,156.08,213.44,82.61,27.67,19.14,100.0,3,Starting,1445.5,996.16
1792487580000000000,2026-10-20T09:13:00Z,controller 1,1.822,12.005,127.27,351.68,38.58,27.7,18.01,100.0,2,Starting,1423.33,1000.0
1792487640000000000,2026-10-20T09:14:00Z,controller 2,1.939,11.913,122.27,71.31,308.23,27.74,21.45,100.0,3,Starting,1426.05,1000.0
1792487700000000000,2026-10-20T09:15:00Z,free response,1.824,12.062,24.81,203.76,443.74,27.79,18.8,100.0,3,Starting,1442.58,975.51
1792487760000000000,2026-10-20T09:16:00Z,free response,1.866,12.201,171.78,365.53,331.47,27.83,21.16,100.0,2,Starting,1445.67,999.65
1792487820000000000,2026-10-20T09:17:00Z,free response,1.908,12.137,94.58,351.0,343.93,27.86,23.07,100.0,3,Starting,1487.53,1000.0
1792487880000000000,2026-10-20T09:18:00Z,free response,1.816,11.564,130.54,352.11,447.72,27.91,20.82,100.0,1,Starting,1470.36,984.24
1792487940000000000,2026-10-20T09:19:00Z,controller 2,1.95,11.586,152.46,265.0,453.93,27.98,21.74,100.0,3,Starting,1498.13,1000.0
1792488000000000000,2026-10-20T09:20:00Z,controller 2,1.836,11.965,47.74,59.72,209.82,28.02,20.73,100.0,3,Starting,1500.0,1000.0
1792488060000000000,2026-10-20T09:21:00Z,free response,1.827,11.929,184.69,303.77,515.95,28.06,19.22,100.0,2,Starting,1500.0,1000.0
1792488120000000000,2026-10-20T09:22:00Z,free response,1.899,11.962,-13.27,26.66,228.1,28.12,20.24,100.0,1,Starting,1500.0,1000.0
1792488180000000000,2026-10-20T09:23:00Z,free response,1.84,11.71,44.39,195.03,451.42,28.16,20.37,100.0,3,Starting,1450.34,1000.0
1792488240000000000,2026-10-20T09:24:00Z,controller 1,1.952,11.896,160.74,137.76,136.17,28.22,20.92,100.0,2,Starting,1476.3,1000.0
1792488300000000000,2026-10-20T09:25:00Z,free response,1.814,11.797,109.63,218.41,328.41,28.25,18.67,100.0,1,Starting,1458.94,1000.0
1792488360000000000,2026-10-20T09:26:00Z,controller 1,1.874,11.73,112.19,191.05,536.88,28.33,22.5,100.0,3,Starting,1465.09,1000.0
1792488420000000000,2026-10-20T09:27:00Z,controller 2,1.923,12.061,-3.4,116.99,86.22,28.39,23.32,100.0,2,Starting,1460.5,993.28
1792488480000000000,2026-10-20T09:28:00Z,controller 1,1.935,12.092,178.39,359.7,370.08,28.42,20.66,100.0,3,Starting,1493.92,977.67
1792488540000000000,2026-10-20T09:29:00Z,controller 1,1.92,11.945,2.73,114.77,540.44,28.46,22.11,100.0,3,Starting,1500.0,951.33
1792488600000000000,2026-10-20T09:30:00Z,controller 1,0,2.783,104.58,291.91,136.21,28.5,0.0,0.0,1,Starting,1500.0,947.0
1792488660000000000,2026-10-20T09:31:00Z,controller 1,0,2.92,48.23,310.57,121.81,28.56,0.0,0.0,3,Starting,1500.0,975.21
1792488720000000000,2026-10-20T09:32:00Z,free response,0.067,2.713,17.38,19.83,93.06,28.62,0.01,100.0,1,Starting,1480.48,956.4
1792488780000000000,2026-10-20T09:33:00Z,controller 1,0,2.78,133.94,304.72,327.08,28.69,0.0,0.0,2,Starting,1454.34,961.03
1792488840000000000,2026-10-20T09:34:00Z,free response,0.045,3.297,177.49,382.34,402.83,28.72,0.0,0.0,3,Starting,1468.62,935.22
1792488900000000000,2026-10-20T09:35:00Z,controller 1,0.071,2.746,183.02,132.51,447.27,28.77,0.01,100.0,3,Starting,1490.7,905.43
1792488960000000000,2026-10-20T09:36:00Z,controller 2,0,3.324,170.36,236.74,367.3,28.83,0.0,0.0,2,Starting,1500.0,888.1
1792489020000000000,2026-10-20T09:37:00Z,free response,0.069,3.339,186.99,89.79,340.46,28.87,0.01,100.0,3,Starting,711.28,425.45
1792489080000000000,2026-10-20T09:38:00Z,controller 2,0.036,3.027,49.43,291.88,551.78,28.94,0.0,0.0,2,Starting,679.88,453.71
1792489140000000000,2026-10-20T09:39:00Z,controller 1,0.094,3.187,83.35,361.04,241.66,28.99,0.01,100.0,2,Starting,653.05,426.82
1792489200000000000,2026-10-20T09:40:00Z,free response,0.082,3.016,87.39,288.02,99.88,29.04,0.01,100.0,3,Starting,639.4,446.65
1792489260000000000,2026-10-20T09:41:00Z,free response,0.072,3.281,5.29,429.04,340.93,29.12,0.01,100.0,2,Starting,668.88,462.0
1792489320000000000,2026-10-20T09:42:00Z,controller 2,0,2.595,7.62,325.59,568.72,29.18,0.0,0.0,3,Starting,659.4,440.67
1792489380000000000,2026-10-20T09:43:00Z,free response,0.049,3.335,150.97,398.76,209.78,29.25,0.0,0.0,2,Starting,672.76,438.29
1792489440000000000,2026-10-20T09:44:00Z,free response,0.012,3.259,-8.66,161.22,23.94,29.28,0.0,0.0,3,Starting,702.69,412.27
1792489500000000000,2026-10-20T09:45:00Z,controller 2,0,3.094,-22.91,202.62,328.32,29.35,0.0,0.0,3,Starting,700.45,416.66
1792489560000000000,2026-10-20T09:46:00Z,free response,0,3.291,171.51,281.13,594.59,29.42,0.0,0.0,3,Starting,681.73,387.62
1792489620000000000,2026-10-20T09:47:00Z,controller 1,0,2.854,181.93,272.65,236.0,29.46,0.0,0.0,1,Starting,680.82,375.13
1792489680000000000,2026-10-20T09:48:00Z,free response,0,2.783,192.23,138.68,199.94,29.54,0.0,0.0,1,Starting,723.81,389.19
1792489740000000000,2026-10-20T09:49:00Z,free response,0,3.302,138.66,15.0,378.79,29.59,0.0,0.0,1,Starting,681.02,365.5
1792489800000000000,2026-10-20T09:50:00Z,controller 1,0,3.304,133.39,206.05,30.2,29.67,0.0,0.0,1,Starting,675.19,354.88
1792489860000000000,2026-10-20T09:51:00Z,controller 1,0.067,3.163,92.12,282.57,408.38,29.75,0.01,100.0,1,Starting,658.48,346.15
1792489920000000000,2026-10-20T09:52:00Z,free response,0,2.728,155.86,326.68,103.5,29.8,0.0,0.0,3,Starting,696.2,341.59
1792489980000000000,2026-10-20T09:53:00Z,controller 1,0.022,2.821,69.18,376.89,294.11,29.87,0.0,0.0,2,Starting,743.29,323.06
1792490040000000000,2026-10-20T09:54:00Z,free response,0,3.289,-15.99,205.41,59.48,29.91,0.0,0.0,3,Starting,714.83,352.49
1792490100000000000,2026-10-20T09:55:00Z,controller 2,0.018,2.921,98.56,139.95,195.74,30.0,0.0,0.0,2,Starting,747.53,371.38
1792490160000000000,2026-10-20T09:56:00Z,controller 1,0,2.933,-27.59,192.56,580.01,30.08,0.0,0.0,3,Starting,740.35,390.82
1792490220000000000,2026-10-20T09:57:00Z,controller 1,0.004,2.73,93.7,81.83,503.09,30.15,0.0,0.0,3,Starting,757.45,392.94
1792490280000000000,2026-10-20T09:58:00Z,free response,0,2.953,124.36,157.56,2.05,30.21,0.0,0.0,3,Starting,711.41,391.5
1792490340000000000,2026-10-20T09:59:00Z,free response,0,2.868,178.96,180.27,135.78,30.28,0.0,0.0,2,Starting,688.49,408.08
1792490400000000000,2026-10-20T10:00:00Z,free response,0.17,3.781,172.94,7.83,482.95,30.33,0.06,100.0,3,Starting,678.19,394.41
1792490460000000000,2026-10-20T10:01:00Z,controller 1,0.252,3.881,113.9,241.62,169.09,30.37,0.12,100.0,2,Starting,637.74,376.43
1792490520000000000,2026-10-20T10:02:00Z,free response,0.168,4.281,110.47,441.2,249.45,30.43,0.07,100.0,2,Starting,672.45,399.85
1792490580000000000,2026-10-20T10:03:00Z,controller 2,0.208,3.715,151.5,164.02,487.95,30.48,0.08,100.0,1,Starting,641.83,409.8
1792490640000000000,2026-10-20T10:04:00Z,controller 2,0.275,3.865,-22.68,110.15,283.28,30.52,0.15,100.0,1,Starting,610.19,380.6
1792490700000000000,2026-10-20T10:05:00Z,controller 2,0.255,3.958,191.11,12.08,54.66,30.55,0.13,100.0,1,Starting,590.47,362.98
1792490760000000000,2026-10-20T10:06:00Z,controller 1,0.241,4.247,85.66,380.13,99.57,30.58,0.12,100.0,2,Starting,577.19,375.54
1792490820000000000,2026-10-20T10:07:00Z,free response,0.224,4.017,20.17,409.39,524.04,30.63,0.09,100.0,3,Starting,618.69,369.51
1792490880000000000,2026-10-20T10:08:00Z,controller 2,0.106,4.206,168.65,79.07,283.76,30.7,0.02,100.0,2,Starting,605.17,376.6
1792490940000000000,2026-10-20T10:09:00Z,controller 1,0.254,3.889,83.54,151.31,44.4,30.73,0.12,100.0,2,Starting,637.12,367.25
1792491000000000000,2026-10-20T10:10:00Z,free response,0.124,3.775,147.77,323.48,481.15,30.81,0.03,100.0,3,Starting,636.86,387.48
1792491060000000000,2026-10-20T10:11:00Z,controller 1,0.264,4.128,130.31,176.82,140.29,30.84,0.14,100.0,1,Starting,1169.32,616.55
1792491120000000000,2026-10-20T10:12:00Z,controller 1,0.202,3.808,-13.0,80.36,388.02,30.87,0.08,100.0,1,Starting,1131.25,629.87
1792491180000000000,2026-10-20T10:13:00Z,controller 2,0.14,3.971,-3.86,414.92,120.42,30.96,0.04,100.0,3,Starting,1147.18,620.02
1792491240000000000,2026-10-20T10:14:00Z,free response,0.136,4.05,125.58,148.99,568.94,31.02,0.04,100.0,1,Starting,1166.13,607.76
1792491300000000000,2026-10-20T10:15:00Z,controller 2,0.275,4.139,117.06,24.66,219.46,31.1,0.16,100.0,3,Starting,1184.84,592.15
1792491360000000000,2026-10-20T10:16:00Z,controller 1,0.274,3.973,34.92,184.18,564.86,31.17,0.14,100.0,1,Starting,1172.52,620.86
1792491420000000000,2026-10-20T10:17:00Z,free response,0.273,3.82,174.83,98.61,294.46,31.23,0.15,100.0,3,Starting,1202.81,617.24
1792491480000000000,2026-10-20T10:18:00Z,free response,0.161,4.291,91.04,106.61,406.03,31.28,0.05,100.0,2,Starting,1170.19,594.76
1792491540000000000,2026-10-20T10:19:00Z,controller 2,0.235,3.591,74.18,99.27,572.59,31.33,0.09,100.0,2,Starting,1141.53,616.94
1792491600000000000,2026-10-20T10:20:00Z,free response,0.193,3.966,7.32,31.45,317.56,31.4,0.08,100.0,3,Starting,1147.93,635.89
1792491660000000000,2026-10-20T10:21:00Z,controller 1,0.168,4.287,199.42,156.16,439.02,31.47,0.07,100.0,1,Starting,1182.28,612.65
1792491720000000000,2026-10-20T10:22:00Z,controller 1,0.201,3.534,-17.34,321.75,61.91,31.55,0.07,100.0,2,Starting,1186.32,584.71
1792491780000000000,2026-10-20T10:23:00Z,controller 2,0.25,3.547,31.95,31.11,477.05,31.63,0.11,100.0,1,Starting,1163.07,592.93
1792491840000000000,2026-10-20T10:24:00Z,free response,0.204,3.562,101.56,200.84,372.38,31.68,0.07,100.0,3,Starting,1127.88,598.04
1792491900000000000,2026-10-20T10:25:00Z,controller 1,0.234,4.024,125.76,269.16,292.66,31.72,0.12,100.0,2,Starting,1133.46,604.06
1792491960000000000,2026-10-20T10:26:00Z,controller 2,0.112,3.897,168.68,6.41,265.03,31.77,0.02,100.0,1,Starting,1153.55,592.28
1792492020000000000,2026-10-20T10:27:00Z,controller 1,0.136,4.157,135.61,419.13,368.16,31.85,0.04,100.0,3,Starting,1105.29,605.17
1792492080000000000,2026-10-20T10:28:00Z,controller 2,0.268,4.004,156.51,416.48,394.34,31.88,0.13,100.0,2,Starting,1099.41,602.31
1792492140000000000,2026-10-20T10:29:00Z,controller 1,0.111,4.083,133.18,47.92,88.75,31.93,0.03,100.0,2,Starting,1120.97,582.45
1792492200000000000,2026-10-20T10:30:00Z,controller 2,2.293,1,-18.43,72.29,500.33,31.99,2.74,100.0,3,Starting,1127.66,593.46
1792492260000000000,2026-10-20T10:31:00Z,controller 2,2.285,1,156.13,167.28,486.95,32.06,2.43,100.0,2,Starting,1148.99,577.74
1792492320000000000,2026-10-20T10:32:00Z,free response,2.307,1.07,163.18,274.65,174.37,32.1,2.75,100.0,2,Starting,1107.01,581.92
1792492380000000000,2026-10-20T10:33:00Z,controller 2,2.238,1.342,87.28,326.57,145.49,32.13,3.42,100.0,1,Starting,1118.41,584.45
1792492440000000000,2026-10-20T10:34:00Z,controller 1,2.189,1.4,46.42,213.98,541.71,32.17,3.42,100.0,3,Starting,1126.73,586.91
1792492500000000000,2026-10-20T10:35:00Z,controller 1,2.285,1,36.56,183.35,86.28,32.26,2.37,100.0,2,Starting,1090.08,589.14
1792492560000000000,2026-10-20T10:36:00Z,controller 1,2.246,1.259,86.84,49.24,5.25,32.3,3.25,100.0,1,Starting,1081.64,608.12
1792492620000000000,2026-10-20T10:37:00Z,controller 2,2.334,1,21.35,369.08,198.26,32.34,2.74,100.0,1,Starting,1055.99,612.14
1792492680000000000,2026-10-20T10:38:00Z,free response,2.268,1,149.37,302.28,469.29,32.39,2.39,100.0,2,Starting,1087.63,625.98
1792492740000000000,2026-10-20T10:39:00Z,controller 1,2.338,1.447,-17.28,329.67,158.18,32.44,4.2,100.0,2,Starting,1076.14,617.87
1792492800000000000,2026-10-20T10:40:00Z,controller 2,2.23,1,29.96,331.94,523.19,32.51,2.72,100.0,3,Starting,1099.39,638.59
1792492860000000000,2026-10-20T10:41:00Z,controller 2,2.236,1.343,45.72,25.7,312.82,32.54,3.29,100.0,3,Starting,1131.86,649.34
1792492920000000000,2026-10-20T10:42:00Z,free response,2.283,1,164.32,383.46,15.21,32.63,2.55,100.0,1,Starting,1162.63,662.51
1792492980000000000,2026-10-20T10:43:00Z,controller 2,2.335,1.368,168.01,201.1,286.69,32.71,3.98,100.0,3,Starting,1153.86,669.27
1792493040000000000,2026-10-20T10:44:00Z,controller 1,2.219,1,51.84,130.03,502.55,32.77,2.28,100.0,1,Starting,1106.63,672.16
1792493100000000000,2026-10-20T10:45:00Z,controller 2,2.324,1,140.6,173.13,544.73,32.83,2.47,100.0,2,Starting,1137.61,646.44
1792493160000000000,2026-10-20T10:46:00Z,free response,2.278,1,128.18,193.32,481.98,32.88,2.77,100.0,3,Starting,1094.68,633.69
1792493220000000000,2026-10-20T10:47:00Z,controller 2,2.327,1.334,188.49,123.01,102.91,32.97,3.57,100.0,2,Starting,1097.04,624.81
1792493280000000000,2026-10-20T10:48:00Z,free response,2.192,1.061,170.99,174.14,461.37,33.0,2.55,100.0,3,Starting,1068.26,634.57
1792493340000000000,2026-10-20T10:49:00Z,free response,2.174,1.031,10.69,268.25,99.73,33.04,2.58,100.0,1,Starting,1062.25,616.87
1792493400000000000,2026-10-20T10:50:00Z,free response,2.31,1,133.67,80.41,216.17,33.09,2.48,100.0,3,Starting,1049.8,604.7
1792493460000000000,2026-10-20T10:51:00Z,controller 2,2.327,1.285,115.71,311.03,430.69,33.13,3.81,100.0,2,Starting,1084.82,607.05
1792493520000000000,2026-10-20T10:52:00Z,controller 1,2.205,1.144,162.95,357.52,461.1,33.21,2.54,100.0,2,Starting,1086.05,591.6
1792493580000000000,2026-10-20T10:53:00Z,controller 2,2.215,1,39.83,359.18,384.57,33.25,2.47,100.0,1,Starting,1055.04,594.55
1792493640000000000,2026-10-20T10:54:00Z,free response,2.25,1.012,87.31,100.45,587.48,33.33,2.37,100.0,1,Starting,1093.55,612.52
1792493700000000000,2026-10-20T10:55:00Z,controller 1,2.233,1,50.79,43.0,408.74,33.36,2.39,100.0,1,Starting,1077.69,627.62
1792493760000000000,2026-10-20T10:56:00Z,controller 2,2.215,1.413,164.91,369.08,342.72,33.39,3.14,100.0,2,Starting,1120.76,614.47
1792493820000000000,2026-10-20T10:57:00Z,controller 2,2.337,1,38.1,278.82,375.35,33.47,3.0,100.0,3,Starting,1097.95,606.33
1792493880000000000,2026-10-20T10:58:00Z,free response,2.305,1.316,-12.71,258.28,326.12,33.53,3.75,100.0,2,Starting,1121.9,593.94
1792493940000000000,2026-10-20T10:59:00Z,controller 2,2.254,1.324,118.84,251.17,266.54,33.59,3.53,100.0,3,Starting,1162.46,585.65
1792494000000000000,2026-10-20T11:00:00Z,controller 2,2.202,9.354,60.41,298.09,495.22,33.68,21.04,100.0,3,Starting,1204.62,603.14
1792494060000000000,2026-10-20T11:01:00Z,controller 2,2.171,9.582,100.43,263.74,34.05,33.74,24.81,100.0,1,Starting,1204.37,614.83
1792494120000000000,2026-10-20T11:02:00Z,free response,2.068,9.495,87.2,405.55,181.95,33.82,19.41,100.0,1,Starting,1213.96,635.87
1792494180000000000,2026-10-20T11:03:00Z,controller 2,2.146,9.29,-1.59,121.6,148.69,33.8,21.11,100.0,3,Starting,1263.43,650.78
1792494240000000000,2026-10-20T11:04:00Z,free response,2.213,9.107,-23.65,315.28,240.12,33.78,21.46,100.0,2,Starting,1262.75,641.51
1792494300000000000,2026-10-20T11:05:00Z,controller 1,2.19,9.139,33.5,98.79,572.37,33.78,20.36,100.0,1,Starting,1248.43,658.95
1792494360000000000,2026-10-20T11:06:00Z,free response,2.117,9.786,91.25,250.23,269.36,33.76,22.87,100.0,1,Starting,1284.27,681.69
1792494420000000000,2026-10-20T11:07:00Z,free response,2.037,9.768,99.2,443.75,564.94,33.74,20.8,100.0,3,Starting,1259.46,685.18
1792494480000000000,2026-10-20T11:08:00Z,controller 2,2.159,9.779,122.61,288.7,372.47,33.72,24.49,100.0,3,Starting,1305.34,705.84
1792494540000000000,2026-10-20T11:09:00Z,free response,2.075,9.421,-25.24,322.74,301.45,33.71,18.72,100.0,1,Starting,1312.08,684.98
1792494600000000000,2026-10-20T11:10:00Z,free response,2.193,9.621,67.82,323.77,295.68,33.7,24.28,100.0,2,Starting,1332.56,665.39
1792494660000000000,2026-10-20T11:11:00Z,controller 1,2.148,9.628,11.71,195.18,317.45,33.68,24.14,100.0,3,Starting,1366.78,637.89
1792494720000000000,2026-10-20T11:12:00Z,controller 2,2.215,9.301,43.33,319.49,436.97,33.65,22.07,100.0,1,Starting,1349.55,665.4
1792494780000000000,2026-10-20T11:13:00Z,free response,2.08,9.614,84.7,109.84,300.05,33.64,22.44,100.0,3,Starting,1317.93,640.57
1792494840000000000,2026-10-20T11:14:00Z,free response,2.046,9.778,95.54,14.96,422.37,33.63,19.89,100.0,3,Starting,1268.54,619.51
1792494900000000000,2026-10-20T11:15:00Z,free response,2.167,9.316,-24.1,95.05,538.82,33.6,22.45,100.0,2,Starting,1257.38,645.09
1792494960000000000,2026-10-20T11:16:00Z,controller 1,2.139,9.501,10.59,383.89,581.31,33.57,21.49,100.0,3,Starting,1276.53,667.63
1792495020000000000,2026-10-20T11:17:00Z,controller 2,2.168,9.517,-11.91,275.65,514.23,33.56,22.02,100.0,3,Starting,1259.51,688.17
1792495080000000000,2026-10-20T11:18:00Z,free response,2.186,9.619,128.89,37.27,493.34,33.55,20.83,100.0,1,Starting,1304.49,683.32
1792495140000000000,2026-10-20T11:19:00Z,free response,2.129,9.542,10.27,322.86,510.88,33.53,23.17,100.0,3,Starting,1279.18,698.12
1792495200000000000,2026-10-20T11:20:00Z,controller 2,2.135,9.643,151.68,414.85,476.71,33.49,21.86,100.0,1,Starting,1239.03,780.37
1792495260000000000,2026-10-20T11:21:00Z,controller 1,2.146,9.376,-9.68,377.18,89.79,33.49,20.48,100.0,3,Starting,1254.55,795.79
1792495320000000000,2026-10-20T11:22:00Z,controller 2,2.144,9.407,145.97,368.21,412.34,33.46,19.85,100.0,1,Starting,1221.72,797.39
1792495380000000000,2026-10-20T11:23:00Z,controller 2,2.044,9.413,142.15,252.81,312.49,33.44,19.01,100.0,3,Starting,1465.82,804.15
1792495440000000000,2026-10-20T11:24:00Z,controller 1,2.192,9.508,149.95,413.48,55.94,33.43,21.14,100.0,3,Starting,1481.48,778.65
1792495500000000000,2026-10-20T11:25:00Z,controller 2,2.12,9.814,81.66,32.26,179.27,33.4,24.17,100.0,3,Starting,1440.08,808.57
1792495560000000000,2026-10-20T11:26:00Z,controller 2,2.099,9.699,-13.91,385.98,379.21,33.38,22.27,100.0,1,Starting,1485.03,783.24
1792495620000000000,2026-10-20T11:27:00Z,controller 2,2.08,9.664,86.46,82.53,307.8,33.37,22.95,100.0,2,Starting,1500.0,776.14
1792495680000000000,2026-10-20T11:28:00Z,free response,2.123,9.242,46.57,149.72,236.69,33.34,22.48,100.0,3,Starting,1500.0,797.4
1792495740000000000,2026-10-20T11:29:00Z,controller 1,2.096,9.251,16.51,247.28,479.88,33.31,20.17,100.0,2,Starting,1500.0,814.65
1792495800000000000,2026-10-20T11:30:00Z,free response,0.113,4.286,-26.44,269.46,414.56,33.3,0.03,100.0,2,Starting,1483.58,841.64
1792495860000000000,2026-10-20T11:31:00Z,controller 2,0.092,4.252,157.87,394.73,287.81,33.28,0.02,100.0,2,Starting,1454.05,820.47
1792495920000000000,2026-10-20T11:32:00Z,controller 2,0.138,3.841,-11.93,114.36,198.14,33.24,0.04,100.0,1,Starting,1492.95,835.71
1792495980000000000,2026-10-20T11:33:00Z,controller 1,0.25,4.552,178.86,16.83,452.64,33.22,0.14,100.0,2,Starting,1013.22,770.44
1792496040000000000,2026-10-20T11:34:00Z,controller 2,0.101,4.068,28.37,348.99,524.21,33.19,0.02,100.0,1,Starting,1058.47,743.11
1792496100000000000,2026-10-20T11:35:00Z,free response,0.239,4.023,118.83,105.5,202.55,33.18,0.11,100.0,3,Starting,1045.12,729.56
1792496160000000000,2026-10-20T11:36:00Z,controller 1,0.104,3.937,94.54,176.84,560.79,33.17,0.02,100.0,1,Starting,1031.45,720.01
1792496220000000000,2026-10-20T11:37:00Z,controller 2,0.181,3.919,184.57,386.48,583.99,33.15,0.06,100.0,3,Starting,1032.12,735.79
1792496280000000000,2026-10-20T11:38:00Z,controller 1,0.097,4.043,87.12,238.29,446.92,33.13,0.02,100.0,2,Starting,1049.25,725.14
1792496340000000000,2026-10-20T11:39:00Z,controller 2,0.242,4.392,77.56,98.68,303.67,33.11,0.12,100.0,1,Starting,1011.32,725.01
1792496400000000000,2026-10-20T11:40:00Z,free response,0.075,3.845,55.07,156.2,344.01,33.09,0.01,100.0,3,Starting,1050.23,724.54
1792496460000000000,2026-10-20T11:41:00Z,controller 2,0.181,4.53,117.09,282.96,89.07,33.08,0.07,100.0,2,Starting,1131.38,602.82
1792496520000000000,2026-10-20T11:42:00Z,controller 2,0.187,4.558,-0.69,348.08,310.03,33.06,0.07,100.0,1,Starting,1120.55,617.12
1792496580000000000,2026-10-20T11:43:00Z,controller 2,0.128,4.333,84.25,61.72,14.01,33.04,0.04,100.0,2,Starting,1163.64,622.05
1792496640000000000,2026-10-20T11:44:00Z,free response,0.189,3.832,15.32,240.21,321.55,33.03,0.08,100.0,2,Starting,1169.9,634.29
1792496700000000000,2026-10-20T11:45:00Z,controller 2,0.209,4.052,25.32,337.05,497.14,33.02,0.09,100.0,2,Starting,1308.91,482.64
1792496760000000000,2026-10-20T11:46:00Z,controller 1,0.194,4.586,195.14,160.89,169.45,33.0,0.09,100.0,1,Starting,1306.26,510.17
1792496820000000000,2026-10-20T11:47:00Z,controller 2,0.213,4.091,146.79,376.47,13.15,32.96,0.1,100.0,2,Starting,1258.38,504.36
1792496880000000000,2026-10-20T11:48:00Z,free response,0.161,4.418,84.01,395.95,427.19,32.94,0.06,100.0,2,Starting,1213.79,493.39
1792496940000000000,2026-10-20T11:49:00Z,controller 2,0.189,4.143,112.62,155.68,117.52,32.93,0.07,100.0,3,Starting,1194.81,485.16
1792497000000000000,2026-10-20T11:50:00Z,free response,0.182,4.02,118.03,217.61,482.97,32.92,0.06,100.0,1,Starting,1221.23,503.0
1792497060000000000,2026-10-20T11:51:00Z,controller 1,0.092,4.338,63.09,342.73,450.79,32.9,0.02,100.0,1,Starting,1171.56,532.26
1792497120000000000,2026-10-20T11:52:00Z,controller 2,0.225,4.109,68.38,16.92,86.92,32.89,0.1,100.0,1,Starting,1196.84,538.1
1792497180000000000,2026-10-20T11:53:00Z,free response,0.091,4.334,11.5,260.37,94.1,32.85,0.02,100.0,2,Starting,1180.45,548.4
1792497240000000000,2026-10-20T11:54:00Z,free response,0.13,4.14,197.87,271.02,271.22,32.82,0.04,100.0,1,Starting,964.22,303.44
1792497300000000000,2026-10-20T11:55:00Z,free response,0.185,4.481,87.41,371.22,570.06,32.81,0.08,100.0,1,Starting,977.82,293.55
1792497360000000000,2026-10-20T11:56:00Z,controller 2,0.074,4.263,36.64,418.51,441.22,32.8,0.01,100.0,3,Starting,952.92,320.06
1792497420000000000,2026-10-20T11:57:00Z,controller 2,0.242,4.059,195.61,228.1,64.02,32.79,0.12,100.0,1,Starting,978.84,337.95
1792497480000000000,2026-10-20T11:58:00Z,controller 2,0.22,4.604,-26.66,328.85,10.1,32.78,0.12,100.0,1,Starting,1012.49,310.22
1792497540000000000,2026-10-20T11:59:00Z,controller 1,0.174,3.951,11.37,239.71,359.86,32.77,0.06,100.0,2,Starting,975.01,295.92
1792497600000000000,2026-10-20T12:00:00Z,controller 2,0,10.929,-14.77,349.65,523.28,32.74,0.0,0.0,2,Starting,950.72,317.96
1792497660000000000,2026-10-20T12:01:00Z,controller 1,0.019,11.421,155.36,441.91,574.86,32.73,0.0,0.0,3,Starting,936.25,310.52
1792497720000000000,2026-10-20T12:02:00Z,controller 1,0,10.741,175.28,117.98,569.8,32.71,0.0,0.0,2,Starting,981.58,297.87
1792497780000000000,2026-10-20T12:03:00Z,controller 2,0,11.339,85.29,208.69,403.45,32.7,0.0,0.0,3,Starting,985.29,323.15
1792497840000000000,2026-10-20T12:04:00Z,controller 2,0,10.686,15.32,126.34,304.21,32.68,0.0,0.0,1,Starting,943.21,349.15
1792497900000000000,2026-10-20T12:05:00Z,free response,0.063,10.712,34.03,182.18,486.6,32.65,0.02,100.0,1,Starting,898.71,365.02
1792497960000000000,2026-10-20T12:06:00Z,controller 2,0,10.859,-13.04,251.77,0.39,32.63,0.0,0.0,1,Starting,865.54,380.3
1792498020000000000,2026-10-20T12:07:00Z,free response,0.043,10.726,84.17,97.95,110.27,32.61,0.01,100.0,1,Starting,901.85,383.49
1792498080000000000,2026-10-20T12:08:00Z,controller 2,0.079,10.832,52.12,299.23,335.16,32.6,0.04,100.0,2,Starting,893.62,363.31
1792498140000000000,2026-10-20T12:09:00Z,controller 1,0.008,11.199,112.8,423.38,198.82,32.6,0.0,0.0,2,Starting,914.25,374.64
1792498200000000000,2026-10-20T12:10:00Z,controller 2,0,10.905,169.73,207.02,536.57,32.56,0.0,0.0,3,Starting,873.17,376.82
1792498260000000000,2026-10-20T12:11:00Z,controller 2,0.027,11.279,166.11,22.09,83.06,32.56,0.0,0.0,3,Starting,886.46,348.71
1792498320000000000,2026-10-20T12:12:00Z,free response,0.121,11.014,159.4,217.64,506.02,32.55,0.09,100.0,1,Starting,873.15,329.49
1792498380000000000,2026-10-20T12:13:00Z,controller 1,0.134,10.712,33.34,366.83,217.98,32.52,0.1,100.0,1,Starting,861.85,353.45
1792498440000000000,2026-10-20T12:14:00Z,controller 1,0.083,10.941,36.31,30.73,503.29,32.49,0.04,100.0,1,Starting,879.61,344.38
1792498500000000000,2026-10-20T12:15:00Z,controller 2,0.094,11.409,196.73,399.42,91.05,32.46,0.05,100.0,2,Starting,853.07,327.52
1792498560000000000,2026-10-20T12:16:00Z,free response,0.13,10.706,-4.62,301.39,459.54,32.45,0.09,100.0,1,Starting,876.45,302.73
1792498620000000000,2026-10-20T12:17:00Z,controller 2,0,11.283,64.92,181.36,376.16,32.44,0.0,0.0,3,Starting,905.46,294.69
1792498680000000000,2026-10-20T12:18:00Z,controller 2,0.083,11.229,69.14,280.18,56.05,32.42,0.03,100.0,2,On,950.84,265.89
1792498740000000000,2026-10-20T12:19:00Z,controller 2,0.029,11.172,-26.02,278.61,128.91,32.4,0.0,0.0,1,On,987.46,267.27
1792498800000000000,2026-10-20T12:20:00Z,free response,0.117,10.911,126.79,31.88,71.19,32.38,0.07,100.0,2,On,980.52,259.95
1792498860000000000,2026-10-20T12:21:00Z,controller 2,0.109,10.919,186.13,314.53,76.09,32.36,0.07,100.0,1,On,977.09,274.99
1792498920000000000,2026-10-20T12:22:00Z,controller 2,0,10.986,-26.09,370.47,475.51,32.35,0.0,0.0,3,On,978.77,258.84
1792498980000000000,2026-10-20T12:23:00Z,free response,0.098,10.677,68.78,266.6,163.04,32.33,0.05,100.0,1,On,931.93,259.39
1792499040000000000,2026-10-20T12:24:00Z,free response,0.009,11.308,169.96,184.88,46.55,32.3,0.0,0.0,2,On,965.68,266.33
1792499100000000000,2026-10-20T12:25:00Z,free response,0.035,11.344,111.3,82.53,340.03,32.29,0.01,100.0,1,On,940.05,247.45
1792499160000000000,2026-10-20T12:26:00Z,free response,0.004,10.862,172.61,247.72,546.81,32.28,0.0,0.0,2,On,982.99,247.06
1792499220000000000,2026-10-20T12:27:00Z,free response,0.023,10.944,137.08,109.27,266.32,32.25,0.0,0.0,3,On,933.24,219.87
1792499280000000000,2026-10-20T12:28:00Z,controller 2,0.108,11.263,175.35,277.38,386.95,32.22,0.06,100.0,1,On,974.26,217.68
1792499340000000000,2026-10-20T12:29:00Z,controller 2,0.145,10.97,88.89,112.26,450.79,32.19,0.11,100.0,3,On,982.1,237.73
1792499400000000000,2026-10-20T12:30:00Z,controller 2,0.285,12.694,23.16,53.87,347.25,32.18,0.52,100.0,3,On,971.2,255.58
1792499460000000000,2026-10-20T12:31:00Z,controller 2,0.314,12.601,81.92,313.26,72.3,32.15,0.66,100.0,3,On,976.24,282.28
1792499520000000000,2026-10-20T12:32:00Z,free response,0.302,12.869,82.29,344.0,152.96,32.12,0.62,100.0,2,On,963.68,310.74
1792499580000000000,2026-10-20T12:33:00Z,controller 1,0.262,12.787,-15.22,232.66,292.8,32.11,0.4,100.0,2,On,922.98,289.34
1792499640000000000,2026-10-20T12:34:00Z,controller 1,0.185,12.913,30.78,386.67,379.52,32.11,0.21,100.0,2,On,940.12,307.72
1792499700000000000,2026-10-20T12:35:00Z,controller 2,0.257,12.442,42.88,105.89,36.86,32.08,0.38,100.0,1,On,975.42,321.7
1792499760000000000,2026-10-20T12:36:00Z,free response,0.192,12.456,41.93,309.57,435.78,32.04,0.25,100.0,3,On,767.14,693.94
1792499820000000000,2026-10-20T12:37:00Z,controller 1,0.215,12.556,-21.7,221.52,218.06,32.01,0.29,100.0,1,On,774.49,709.24
1792499880000000000,2026-10-20T12:38:00Z,free response,0.188,12.92,23.36,340.2,104.3,32.0,0.21,100.0,3,On,750.76,706.71
1792499940000000000,2026-10-20T12:39:00Z,free response,0.317,12.83,183.16,296.9,541.77,31.98,0.67,100.0,3,On,750.82,706.26
1792500000000000000,2026-10-20T12:40:00Z,controller 2,0.314,12.382,139.16,404.25,281.75,31.95,0.62,100.0,1,On,707.15,708.53
1792500060000000000,2026-10-20T12:41:00Z,controller 2,0.33,12.202,72.36,42.25,314.11,31.94,0.63,100.0,3,On,684.55,684.52
1792500120000000000,2026-10-20T12:42:00Z,controller 2,0.281,12.909,-18.45,358.83,85.75,31.93,0.55,100.0,3,On,685.01,710.46
1792500180000000000,2026-10-20T12:43:00Z,controller 2,0.179,12.303,154.5,108.37,441.25,31.91,0.22,100.0,2,On,687.57,718.4
1792500240000000000,2026-10-20T12:44:00Z,controller 2,0.341,12.334,78.87,56.72,352.46,31.88,0.72,100.0,3,On,694.43,706.39
1792500300000000000,2026-10-20T12:45:00Z,free response,0.324,12.509,50.94,390.08,295.07,31.87,0.67,100.0,1,On,648.17,705.89
1792500360000000000,2026-10-20T12:46:00Z,free response,0.18,12.465,174.86,283.56,468.19,31.86,0.18,100.0,2,On,648.7,695.86
1792500420000000000,2026-10-20T12:47:00Z,free response,0.296,12.157,12.28,231.22,525.9,31.85,0.55,100.0,2,On,653.55,684.41
1792500480000000000,2026-10-20T12:48:00Z,controller 1,0.246,12.691,198.75,276.86,144.96,31.84,0.42,100.0,1,On,631.92,707.64
1792500540000000000,2026-10-20T12:49:00Z,controller 1,0.339,12.362,111.05,213.95,29.02,31.83,0.77,100.0,2,On,599.5,685.07
1792500600000000000,2026-10-20T12:50:00Z,controller 1,0.187,12.857,64.01,240.37,383.7,31.8,0.22,100.0,3,On,600.54,675.97
1792500660000000000,2026-10-20T12:51:00Z,free response,0.317,12.571,77.13,192.31,437.84,31.78,0.61,100.0,2,On,612.44,666.28
1792500720000000000,2026-10-20T12:52:00Z,controller 2,0.315,12.638,150.42,172.6,21.75,31.76,0.6,100.0,2,On,643.78,639.98
1792500780000000000,2026-10-20T12:53:00Z,controller 1,0.252,12.284,-15.13,81.34,144.37,31.76,0.36,100.0,2,On,624.63,622.19
1792500840000000000,2026-10-20T12:54:00Z,controller 2,0.171,12.795,173.08,418.06,261.79,31.74,0.2,100.0,2,On,623.63,594.47
1792500900000000000,2026-10-20T12:55:00Z,free response,0.263,12.613,90.38,187.26,481.81,31.73,0.4,100.0,3,On,573.76,597.0
1792500960000000000,2026-10-20T12:56:00Z,controller 1,0.199,12.704,81.93,120.14,244.8,31.72,0.24,100.0,3,On,556.72,617.68
1792501020000000000,2026-10-20T12:57:00Z,controller 2,0.325,12.293,169.71,121.27,183.26,31.7,0.67,100.0,3,On,604.76,591.44
1792501080000000000,2026-10-20T12:58:00Z,controller 2,0.245,12.34,64.37,69.68,300.27,31.69,0.38,100.0,3,On,571.14,597.9
1792501140000000000,2026-10-20T12:59:00Z,controller 2,0.22,12.501,154.77,122.04,317.68,31.67,0.27,100.0,3,On,551.62,579.39
1792501200000000000,2026-10-20T13:00:00Z,controller 2,1.216,8.988,70.91,2.12,248.04,31.65,6.9,100.0,2,On,517.74,600.34
1792501260000000000,2026-10-20T13:01:00Z,controller 2,1.183,9.335,196.07,49.95,198.34,31.62,6.88,100.0,1,On,563.24,588.31
1792501320000000000,2026-10-20T13:02:00Z,free response,1.147,9.062,81.17,324.53,368.22,31.59,5.38,100.0,3,On,516.87,596.64
1792501380000000000,2026-10-20T13:03:00Z,controller 1,1.124,9.062,79.4,190.82,12.01,31.56,5.51,100.0,2,On,560.2,596.64
1792501440000000000,2026-10-20T13:04:00Z,controller 1,1.155,9.344,53.06,165.08,501.52,31.54,6.25,100.0,1,On,598.34,620.18
1792501500000000000,2026-10-20T13:05:00Z,free response,1.233,9.035,89.17,265.69,366.86,31.54,6.42,100.0,2,On,651.22,629.15
1792501560000000000,2026-10-20T13:06:00Z,free response,1.112,8.957,27.17,204.65,161.16,31.53,6.07,100.0,3,On,616.37,633.28
1792501620000000000,2026-10-20T13:07:00Z,free response,1.138,9.109,-18.5,337.93,541.17,31.52,6.34,100.0,2,On,575.47,609.83
1792501680000000000,2026-10-20T13:08:00Z,controller 2,1.171,9.418,-13.75,81.31,317.61,31.5,6.84,100.0,2,On,551.47,590.69
1792501740000000000,2026-10-20T13:09:00Z,free response,1.211,8.935,158.2,274.64,100.0,31.49,6.97,100.0,1,On,525.29,563.8
1792501800000000000,2026-10-20T13:10:00Z,controller 1,1.078,8.866,9.52,362.7,497.92,31.48,4.83,100.0,2,On,550.5,563.66
1792501860000000000,2026-10-20T13:11:00Z,controller 1,1.208,9.103,107.18,437.71,59.16,31.45,6.81,100.0,3,On,1268.62,802.48
1792501920000000000,2026-10-20T13:12:00Z,free response,1.135,8.898,-27.74,391.69,439.8,31.44,5.85,100.0,3,On,1255.53,779.82
1792501980000000000,2026-10-20T13:13:00Z,controller 1,1.217,9.13,24.24,156.85,218.41,31.43,7.13,100.0,1,On,1246.88,767.89
1792502040000000000,2026-10-20T13:14:00Z,controller 1,1.241,9.521,62.92,441.27,78.38,31.42,7.18,100.0,1,On,1199.87,781.76
1792502100000000000,2026-10-20T13:15:00Z,free response,1.228,9.287,39.2,375.62,481.04,31.4,6.39,100.0,3,On,1168.66,779.44
1792502160000000000,2026-10-20T13:16:00Z,free response,1.076,8.923,125.01,259.41,196.09,31.39,5.3,100.0,3,On,1187.08,758.65
1792502220000000000,2026-10-20T13:17:00Z,controller 1,1.129,9.051,93.94,201.79,203.6,31.37,6.09,100.0,1,On,1153.87,733.49
1792502280000000000,2026-10-20T13:18:00Z,controller 2,1.24,9.347,148.57,292.42,4.39,31.35,6.66,65.92,3,On,1164.57,742.64
1792502340000000000,2026-10-20T13:19:00Z,free response,1.247,9.283,126.14,26.07,78.85,31.32,7.01,100.0,1,On,656.77,804.71
1792502400000000000,2026-10-20T13:20:00Z,controller 2,1.176,8.929,82.95,327.49,88.49,31.3,6.08,100.0,1,On,691.86,824.8
1792502460000000000,2026-10-20T13:21:00Z,controller 2,1.105,8.831,170.07,352.92,11.06,31.28,5.7,100.0,3,On,646.18,839.38
1792502520000000000,2026-10-20T13:22:00Z,free response,1.09,9.179,151.62,161.81,254.44,31.27,5.73,100.0,2,On,661.82,811.47
1792502580000000000,2026-10-20T13:23:00Z,controller 2,1.115,9.148,64.13,305.1,240.31,31.26,5.57,100.0,2,On,652.91,802.71
1792502640000000000,2026-10-20T13:24:00Z,free response,1.152,9.431,-19.97,121.28,594.38,31.24,6.45,100.0,1,On,609.33,826.89
1792502700000000000,2026-10-20T13:25:00Z,controller 2,1.154,8.826,87.68,335.84,581.45,31.21,6.3,100.0,2,On,644.66,799.23
1792502760000000000,2026-10-20T13:26:00Z,free response,1.126,9.475,105.64,188.43,145.38,31.2,5.87,100.0,2,On,616.5,788.0
1792502820000000000,2026-10-20T13:27:00Z,free response,1.183,9.193,126.53,244.77,340.01,31.17,6.5,100.0,2,On,637.05,795.95
1792502880000000000,2026-10-20T13:28:00Z,free response,1.119,9.457,-29.31,45.73,310.68,31.15,5.79,100.0,1,On,605.44,797.51
1792502940000000000,2026-10-20T13:29:00Z,controller 1,1.074,9.553,22.85,105.31,485.38,31.13,5.8,100.0,2,On,614.92,811.58
1792503000000000000,2026-10-20T13:30:00Z,free response,0.552,8.404,5.41,17.64,275.69,31.1,1.17,100.0,3,On,989.51,563.52
1792503060000000000,2026-10-20T13:31:00Z,free response,0.461,8.919,62.66,443.06,211.45,31.09,0.86,100.0,1,On,961.68,545.93
1792503120000000000,2026-10-20T13:32:00Z,controller 2,0.549,9.062,184.89,425.55,467.19,31.07,1.25,100.0,3,On,984.08,541.51
1792503180000000000,2026-10-20T13:33:00Z,free response,0.565,8.547,155.47,87.63,329.76,31.04,1.24,100.0,3,Starting,987.65,529.8
1792503240000000000,2026-10-20T13:34:00Z,controller 1,0.553,8.551,21.89,46.25,389.38,31.03,1.31,100.0,3,Starting,970.62,547.53
1792503300000000000,2026-10-20T13:35:00Z,controller 1,0.474,8.757,17.24,239.44,503.78,31.0,1.02,100.0,1,Starting,1017.54,526.16
1792503360000000000,2026-10-20T13:36:00Z,controller 1,0.456,8.925,97.29,122.07,458.8,30.99,0.86,100.0,2,Starting,1026.63,524.85
1792503420000000000,2026-10-20T13:37:00Z,free response,0.606,8.384,130.64,257.73,270.56,30.96,1.6,100.0,1,Starting,1060.06,508.29
1792503480000000000,2026-10-20T13:38:00Z,controller 2,0.526,8.75,75.2,412.04,10.99,30.95,1.2,100.0,1,Starting,1060.76,519.37
1792503540000000000,2026-10-20T13:39:00Z,free response,0.537,8.392,162.3,194.97,540.6,30.93,1.28,100.0,2,Starting,1041.89,512.69
1792503600000000000,2026-10-20T13:40:00Z,free response,0.499,8.346,131.17,55.74,448.18,30.9,1.09,100.0,3,Starting,718.16,457.87
1792503660000000000,2026-10-20T13:41:00Z,controller 1,0.527,8.553,122.06,302.55,43.53,30.87,1.28,100.0,2,Starting,694.37,480.62
1792503720000000000,2026-10-20T13:42:00Z,controller 2,0.489,8.362,-5.14,31.02,189.95,30.84,1.03,100.0,3,Starting,715.44,505.67
1792503780000000000,2026-10-20T13:43:00Z,controller 2,0.508,9.104,16.53,341.02,128.68,30.82,1.17,100.0,2,Starting,729.67,490.21
1792503840000000000,2026-10-20T13:44:00Z,controller 1,0.626,9.083,191.7,290.62,557.1,30.8,1.77,100.0,3,Starting,705.92,514.39
1792503900000000000,2026-10-20T13:45:00Z,free response,0.613,9.071,170.1,279.46,91.67,30.77,1.73,100.0,2,Starting,679.79,529.26
1792503960000000000,2026-10-20T13:46:00Z,controller 2,0.478,8.905,52.16,97.76,9.63,30.76,1.07,100.0,3,Starting,643.96,530.94
1792504020000000000,2026-10-20T13:47:00Z,controller 1,0.521,8.975,49.19,412.41,567.79,30.73,1.31,100.0,1,Starting,646.23,559.59
1792504080000000000,2026-10-20T13:48:00Z,controller 2,0.55,8.717,3.51,44.2,388.48,30.7,1.2,100.0,1,Starting,628.79,560.94
1792504140000000000,2026-10-20T13:49:00Z,controller 2,0.586,9.098,99.15,151.27,27.69,30.68,1.69,100.0,2,Starting,666.87,572.38
1792504200000000000,2026-10-20T13:50:00Z,controller 1,0.541,9.122,32.49,361.26,195.96,30.65,1.23,100.0,3,Starting,673.91,584.29
1792504260000000000,2026-10-20T13:51:00Z,free response,0.6,8.569,39.18,353.52,244.7,30.64,1.46,100.0,3,Starting,721.78,590.9
1792504320000000000,2026-10-20T13:52:00Z,controller 2,0.521,8.546,56.05,119.4,245.65,30.63,1.18,100.0,1,Starting,747.89,578.0
1792504380000000000,2026-10-20T13:53:00Z,controller 1,0.469,8.792,145.24,54.09,147.03,30.63,0.88,100.0,1,Starting,776.98,587.05
1792504440000000000,2026-10-20T13:54:00Z,controller 1,0.588,8.966,76.39,25.54,81.47,30.6,1.46,100.0,3,Starting,800.58,605.73
1792504500000000000,2026-10-20T13:55:00Z,controller 1,0.528,8.987,82.39,38.87,143.71,30.59,1.34,100.0,3,Starting,786.68,590.26
1792504560000000000,2026-10-20T13:56:00Z,free response,0.54,8.526,144.0,139.71,249.42,30.55,1.3,100.0,2,Starting,773.74,584.13
1792504620000000000,2026-10-20T13:57:00Z,controller 2,0.578,9.101,61.92,411.52,142.93,30.53,1.63,100.0,3,Starting,778.28,591.26
1792504680000000000,2026-10-20T13:58:00Z,free response,0.488,9.007,52.9,399.39,579.72,30.52,1.02,100.0,2,Starting,739.89,581.13
1792504740000000000,2026-10-20T13:59:00Z,controller 2,0.596,8.549,106.4,263.77,468.99,30.51,1.64,100.0,3,Starting,778.36,598.29
1792504800000000000,2026-10-20T14:00:00Z,free response,1.848,13.237,67.24,15.2,434.78,30.48,22.14,100.0,1,Starting,745.6,612.76
1792504860000000000,2026-10-20T14:01:00Z,free response,1.825,13.659,7.48,406.87,290.21,30.45,23.09,100.0,3,Starting,728.72,618.61
1792504920000000000,2026-10-20T14:02:00Z,controller 2,1.92,13.106,50.48,203.56,332.54,30.42,24.25,100.0,2,Starting,748.31,621.69
1792504980000000000,2026-10-20T14:03:00Z,controller 1,1.835,13.701,11.64,278.79,25.5,30.39,21.88,100.0,3,Starting,782.38,592.1
1792505040000000000,2026-10-20T14:04:00Z,free response,1.84,13.084,-27.93,301.64,402.18,30.37,21.22,100.0,1,Starting,794.52,600.96
1792505100000000000,2026-10-20T14:05:00Z,controller 2,1.806,13.502,33.77,59.0,387.14,30.34,19.9,100.0,1,Starting,830.9,628.08
1792505160000000000,2026-10-20T14:06:00Z,free response,1.917,13.535,193.45,382.84,577.8,30.3,26.04,100.0,1,Starting,798.65,601.51
1792505220000000000,2026-10-20T14:07:00Z,controller 2,1.946,13.66,182.63,403.9,344.54,30.28,26.23,100.0,2,Starting,955.59,887.0
1792505280000000000,2026-10-20T14:08:00Z,free response,1.935,13.074,115.63,271.14,226.72,30.27,24.58,100.0,2,Starting,954.43,869.54
1792505340000000000,2026-10-20T14:09:00Z,controller 1,1.782,13.182,83.92,415.08,562.65,30.23,22.38,100.0,2,Starting,967.44,895.31
1792505400000000000,2026-10-20T14:10:00Z,free response,1.916,13.015,187.15,131.14,456.49,30.22,26.1,100.0,3,Starting,950.18,903.12
1792505460000000000,2026-10-20T14:11:00Z,controller 1,1.824,13.686,-13.8,112.33,314.48,30.19,24.13,100.0,2,Starting,984.37,895.34
1792505520000000000,2026-10-20T14:12:00Z,free response,1.938,12.99,-10.84,250.11,59.35,30.16,22.98,100.0,2,Starting,949.07,921.01
1792505580000000000,2026-10-20T14:13:00Z,controller 2,1.816,13.206,114.85,267.32,176.97,30.13,20.94,100.0,1,Starting,953.06,893.05
1792505640000000000,2026-10-20T14:14:00Z,controller 1,1.893,13.043,128.92,222.39,192.93,30.11,21.89,100.0,1,Starting,906.0,880.01
1792505700000000000,2026-10-20T14:15:00Z,controller 1,1.785,13.087,22.7,236.43,387.27,30.09,19.0,100.0,1,Starting,939.39,901.36
1792505760000000000,2026-10-20T14:16:00Z,free response,1.912,13.166,87.61,195.14,304.5,30.06,22.9,100.0,1,Starting,908.68,914.52
1792505820000000000,2026-10-20T14:17:00Z,controller 1,1.865,13.239,40.36,153.52,263.75,30.03,23.86,100.0,3,Starting,893.2,934.27
1792505880000000000,2026-10-20T14:18:00Z,free response,1.816,13.148,-1.61,105.28,132.05,30.01,20.77,100.0,2,Starting,902.87,932.92
1792505940000000000,2026-10-20T14:19:00Z,controller 1,1.803,13.499,4.38,123.18,139.13,30.01,21.32,100.0,3,Starting,891.01,919.18
1792506000000000000,2026-10-20T14:20:00Z,free response,1.889,13.66,80.98,86.75,201.01,29.99,26.34,100.0,3,Starting,932.55,937.37
1792506060000000000,2026-10-20T14:21:00Z,controller 2,1.799,13.388,107.56,185.95,228.47,29.97,20.14,100.0,3,Starting,893.19,931.05
1792506120000000000,2026-10-20T14:22:00Z,free response,1.777,13.4,11.83,3.34,591.22,29.95,21.6,100.0,1,Starting,932.03,932.66
1792506180000000000,2026-10-20T14:23:00Z,controller 2,1.919,13.332,90.86,418.7,234.01,29.94,22.72,100.0,2,Starting,882.85,947.87
1792506240000000000,2026-10-20T14:24:00Z,controller 1,1.833,13.079,109.64,87.39,290.94,29.91,23.54,100.0,3,Starting,881.03,941.03
1792506300000000000,2026-10-20T14:25:00Z,controller 2,1.829,13.679,77.76,211.5,15.27,29.88,24.11,63.33,3,Starting,876.1,957.01
1792506360000000000,2026-10-20T14:26:00Z,controller 1,1.831,13.558,133.08,192.36,403.73,29.86,20.67,100.0,1,Starting,924.03,982.24
1792506420000000000,2026-10-20T14:27:00Z,controller 2,1.888,13.094,-5.24,237.72,189.1,29.86,24.75,100.0,3,Starting,905.13,958.17
1792506480000000000,2026-10-20T14:28:00Z,controller 1,1.874,13.388,198.64,62.5,196.78,29.82,25.56,100.0,2,Starting,866.16,963.05
1792506540000000000,2026-10-20T14:29:00Z,controller 2,1.9,13.187,181.15,311.12,251.71,29.82,21.48,100.0,1,Starting,875.09,975.6
1792506600000000000,2026-10-20T14:30:00Z,controller 1,2.747,2.432,64.58,148.54,226.05,29.79,8.73,100.0,2,Starting,903.71,970.15
1792506660000000000,2026-10-20T14:31:00Z,controller 2,2.821,2.501,65.7,79.43,405.33,29.76,10.39,100.0,3,Starting,888.01,975.16
1792506720000000000,2026-10-20T14:32:00Z,free response,2.769,2.401,188.01,104.27,112.37,29.75,8.97,100.0,3,Starting,915.71,1000.0
1792506780000000000,2026-10-20T14:33:00Z,free response,2.709,2.371,135.54,154.76,30.67,29.72,8.91,100.0,2,Starting,938.41,1000.0
1792506840000000000,2026-10-20T14:34:00Z,controller 2,2.875,2.87,157.76,147.08,483.61,29.69,12.45,100.0,2,Starting,986.6,1000.0
1792506900000000000,2026-10-20T14:35:00Z,free response,2.82,2.228,96.12,87.74,313.73,29.67,8.53,100.0,2,Starting,954.71,1000.0
1792506960000000000,2026-10-20T14:36:00Z,controller 2,2.879,2.292,-16.77,271.73,43.51,29.64,9.72,100.0,3,Starting,974.18,1000.0
1792507020000000000,2026-10-20T14:37:00Z,free response,2.856,2.621,-3.24,258.49,552.99,29.64,10.77,100.0,3,Starting,930.71,976.5
1792507080000000000,2026-10-20T14:38:00Z,free response,2.798,2.644,-13.46,101.1,293.79,29.63,10.15,100.0,2,Starting,952.05,965.71
1792507140000000000,2026-10-20T14:39:00Z,controller 2,2.743,2.867,12.3,227.0,244.01,29.6,11.38,100.0,3,Starting,930.15,979.13
1792507200000000000,2026-10-20T14:40:00Z,controller 1,2.825,2.871,26.75,232.6,251.37,29.59,10.54,100.0,2,Starting,904.19,993.05
1792507260000000000,2026-10-20T14:41:00Z,free response,2.736,2.665,-7.37,61.64,437.44,29.55,10.55,100.0,3,Starting,1013.26,910.54
1792507320000000000,2026-10-20T14:42:00Z,controller 1,2.883,2.397,42.18,370.25,146.86,29.54,10.54,100.0,3,Starting,966.36,932.25
1792507380000000000,2026-10-20T14:43:00Z,controller 1,2.884,2.317,15.52,415.23,94.73,29.51,8.93,100.0,1,Starting,977.77,953.29
1792507440000000000,2026-10-20T14:44:00Z,controller 2,2.762,2.657,24.41,237.2,497.53,29.48,10.57,100.0,3,Starting,979.65,934.4
1792507500000000000,2026-10-20T14:45:00Z,free response,2.823,2.597,87.33,219.24,362.87,29.46,11.25,100.0,3,Starting,1015.47,954.07
1792507560000000000,2026-10-20T14:46:00Z,controller 2,2.871,2.775,-11.48,176.69,13.85,29.45,11.46,100.0,2,Starting,1064.83,971.32
1792507620000000000,2026-10-20T14:47:00Z,free response,2.872,2.538,-24.37,90.68,259.2,29.43,11.47,100.0,2,Starting,1084.0,953.4
1792507680000000000,2026-10-20T14:48:00Z,controller 1,2.741,2.525,134.0,10.64,130.98,29.4,9.51,100.0,2,Starting,1078.45,967.13
1792507740000000000,2026-10-20T14:49:00Z,free response,2.796,2.795,167.93,58.21,377.09,29.37,11.19,100.0,1,Starting,1109.64,991.85
1792507800000000000,2026-10-20T14:50:00Z,free response,2.774,2.732,42.53,68.5,166.13,29.36,10.67,100.0,1,Starting,1123.16,986.68
1792507860000000000,2026-10-20T14:51:00Z,controller 2,2.824,2.675,-2.12,318.35,595.77,29.34,11.64,100.0,3,Starting,1165.41,956.78
1792507920000000000,2026-10-20T14:52:00Z,free response,2.78,2.264,89.77,419.54,71.93,29.32,8.78,100.0,3,Starting,1167.98,959.49
1792507980000000000,2026-10-20T14:53:00Z,controller 1,2.812,2.883,199.72,204.59,26.41,29.29,11.4,100.0,2,Starting,1160.84,933.34
1792508040000000000,2026-10-20T14:54:00Z,controller 1,2.75,2.258,92.54,43.35,460.01,29.27,9.39,100.0,3,Starting,1112.37,920.99
1792508100000000000,2026-10-20T14:55:00Z,controller 1,2.853,2.623,123.94,67.55,74.13,29.25,11.64,100.0,3,Starting,645.85,862.13
1792508160000000000,2026-10-20T14:56:00Z,free response,2.793,2.404,182.06,164.49,293.71,29.23,9.32,100.0,2,Starting,626.32,887.15
1792508220000000000,2026-10-20T14:57:00Z,controller 1,2.759,2.824,84.25,190.74,299.87,29.2,10.56,100.0,1,Starting,1110.01,321.58
1792508280000000000,2026-10-20T14:58:00Z,controller 2,2.767,2.847,96.83,82.14,35.0,29.19,10.02,100.0,1,Starting,1121.94,315.21
1792508340000000000,2026-10-20T14:59:00Z,controller 1,2.734,2.629,75.12,3.35,478.85,29.18,9.21,100.0,2,Starting,1114.92,340.94
1792508400000000000,2026-10-20T15:00:00Z,controller 2,2.551,1.758,149.41,228.64,498.07,29.15,5.69,100.0,1,Starting,1087.43,323.96
1792508460000000000,2026-10-20T15:01:00Z,controller 1,2.489,2.017,145.3,95.27,499.41,29.13,5.93,100.0,3,Starting,1123.37,316.92
1792508520000000000,2026-10-20T15:02:00Z,controller 2,2.506,1.761,141.82,366.69,91.04,29.1,5.48,100.0,3,Starting,1124.33,312.5
1792508580000000000,2026-10-20T15:03:00Z,free response,2.492,2.148,21.57,63.38,599.46,29.08,7.33,100.0,3,Starting,1092.87,336.82
1792508640000000000,2026-10-20T15:04:00Z,free response,2.55,2.134,32.83,139.56,53.94,29.05,6.36,100.0,2,Starting,1081.99,327.67
1792508700000000000,2026-10-20T15:05:00Z,controller 2,2.61,1.632,63.71,440.88,122.92,29.02,5.69,100.0,3,Starting,1047.99,311.14
1792508760000000000,2026-10-20T15:06:00Z,controller 2,2.461,2.282,116.51,15.51,430.86,29.0,7.24,100.0,2,Starting,1090.72,322.64
1792508820000000000,2026-10-20T15:07:00Z,controller 1,2.498,1.89,21.22,145.64,498.5,28.98,5.69,100.0,1,Starting,1054.2,301.88
1792508880000000000,2026-10-20T15:08:00Z,free response,2.522,1.896,174.5,126.03,595.26,28.95,5.99,100.0,2,Starting,1070.68,288.51
1792508940000000000,2026-10-20T15:09:00Z,controller 1,2.548,2.064,140.77,350.32,49.15,28.94,6.07,100.0,3,Starting,1039.34,303.07
1792509000000000000,2026-10-20T15:10:00Z,controller 1,2.571,1.665,145.2,282.5,299.71,28.92,5.91,100.0,2,Starting,1027.71,307.8
1792509060000000000,2026-10-20T15:11:00Z,controller 2,2.47,1.755,189.04,409.59,447.73,28.9,4.83,100.0,2,Starting,982.06,283.58
1792509120000000000,2026-10-20T15:12:00Z,controller 2,2.482,2.054,11.29,284.31,229.29,28.87,6.29,100.0,2,Starting,1030.46,258.41
1792509180000000000,2026-10-20T15:13:00Z,controller 2,2.502,2.146,67.58,339.85,156.67,28.85,6.28,100.0,2,Starting,1000.2,250.53
1792509240000000000,2026-10-20T15:14:00Z,controller 1,2.466,1.739,135.01,24.44,414.26,28.83,5.01,100.0,3,Starting,956.35,239.21
1792509300000000000,2026-10-20T15:15:00Z,controller 2,2.534,1.951,78.92,205.61,340.76,28.8,6.7,100.0,2,Starting,997.83,222.26
1792509360000000000,2026-10-20T15:16:00Z,controller 2,2.58,1.855,117.1,307.51,572.28,28.77,6.28,100.0,1,Starting,1024.98,248.74
1792509420000000000,2026-10-20T15:17:00Z,controller 1,2.6,2.217,89.1,297.42,72.91,28.75,7.16,100.0,1,Starting,1068.62,260.75
1792509480000000000,2026-10-20T15:18:00Z,free response,2.456,2.378,-3.43,301.72,11.76,28.72,6.59,100.0,3,Starting,1030.49,237.06
1792509540000000000,2026-10-20T15:19:00Z,controller 2,2.468,1.729,187.98,435.54,157.02,28.7,5.78,100.0,3,Starting,996.44,258.78
1792509600000000000,2026-10-20T15:20:00Z,free response,2.486,1.949,153.88,259.9,230.44,28.68,6.22,100.0,2,On,954.69,266.36
1792509660000000000,2026-10-20T15:21:00Z,controller 1,2.578,1.88,168.24,90.25,360.41,28.67,6.4,100.0,1,On,947.54,263.54
1792509720000000000,2026-10-20T15:22:00Z,controller 1,2.566,2.159,155.0,251.74,413.75,28.66,6.72,100.0,2,On,946.87,245.67
1792509780000000000,2026-10-20T15:23:00Z,free response,2.468,2.218,-29.38,218.47,237.01,28.65,6.33,100.0,3,On,988.51,232.98
1792509840000000000,2026-10-20T15:24:00Z,free response,2.546,1.845,196.0,299.27,459.02,28.62,5.55,100.0,1,On,963.54,236.02
1792509900000000000,2026-10-20T15:25:00Z,controller 1,2.534,1.974,-28.09,379.34,43.24,28.61,6.68,100.0,2,On,931.11,248.74
1792509960000000000,2026-10-20T15:26:00Z,controller 1,2.457,2.287,-14.6,35.24,590.46,28.59,6.25,100.0,1,On,935.54,256.5
1792510020000000000,2026-10-20T15:27:00Z,controller 1,2.512,1.781,36.31,437.98,452.29,28.57,6.06,100.0,3,On,951.89,263.22
1792510080000000000,2026-10-20T15:28:00Z,controller 2,2.441,1.966,169.16,302.66,534.41,28.57,5.57,100.0,1,On,945.11,274.63
1792510140000000000,2026-10-20T15:29:00Z,free response,2.513,2.226,151.07,383.18,177.94,28.54,7.35,100.0,3,On,907.56,262.9
1792510200000000000,2026-10-20T15:30:00Z,free response,0.346,3.85,13.91,119.05,70.0,28.52,0.22,100.0,1,On,886.36,245.07
1792510260000000000,2026-10-20T15:31:00Z,controller 2,0.346,3.378,11.18,285.65,31.24,28.49,0.18,100.0,2,On,901.98,272.5
1792510320000000000,2026-10-20T15:32:00Z,free response,0.342,3.691,107.9,107.29,390.33,28.46,0.24,100.0,2,On,862.1,295.01
1792510380000000000,2026-10-20T15:33:00Z,controller 2,0.37,3.819,129.21,205.43,20.29,28.44,0.25,100.0,1,On,876.45,320.35
1792510440000000000,2026-10-20T15:34:00Z,controller 1,0.215,3.323,107.89,283.62,72.33,28.42,0.08,100.0,3,On,851.79,320.87
1792510500000000000,2026-10-20T15:35:00Z,controller 1,0.376,3.298,139.62,61.43,496.12,28.41,0.23,100.0,1,On,825.36,339.54
1792510560000000000,2026-10-20T15:36:00Z,controller 2,0.293,3.331,160.94,298.8,407.73,28.4,0.14,100.0,3,On,821.4,365.4
1792510620000000000,2026-10-20T15:37:00Z,controller 1,0.323,3.114,-16.28,1.27,318.69,28.37,0.15,100.0,1,On,838.83,358.09
1792510680000000000,2026-10-20T15:38:00Z,controller 2,0.368,3.355,-16.11,449.19,77.85,28.34,0.24,100.0,1,On,845.11,382.43
1792510740000000000,2026-10-20T15:39:00Z,free response,0.342,3.094,180.08,115.35,467.82,28.32,0.19,100.0,1,On,582.43,854.08
1792510800000000000,2026-10-20T15:40:00Z,free response,0.217,3.115,17.57,167.15,236.64,28.29,0.07,100.0,1,On,540.65,856.67
1792510860000000000,2026-10-20T15:41:00Z,controller 2,0.238,3.39,182.62,442.75,256.38,28.27,0.09,100.0,1,On,505.38,878.59
1792510920000000000,2026-10-20T15:42:00Z,controller 2,0.235,3.249,95.02,230.74,562.36,28.26,0.1,100.0,3,On,1424.01,538.53
1792510980000000000,2026-10-20T15:43:00Z,free response,0.374,3.444,11.79,339.32,159.58,28.23,0.25,100.0,1,On,1424.68,552.4
1792511040000000000,2026-10-20T15:44:00Z,controller 2,0.345,3.754,187.38,129.53,58.02,28.21,0.22,100.0,2,On,1375.16,546.46
1792511100000000000,2026-10-20T15:45:00Z,controller 1,0.363,3.52,163.16,365.06,311.34,28.18,0.25,100.0,1,On,1373.2,565.14
1792511160000000000,2026-10-20T15:46:00Z,controller 1,0.27,3.219,157.51,294.17,573.24,28.16,0.11,100.0,2,On,1342.23,553.02
1792511220000000000,2026-10-20T15:47:00Z,controller 1,0.237,3.087,-22.61,329.71,235.68,28.14,0.08,100.0,3,On,1383.43,528.21
1792511280000000000,2026-10-20T15:48:00Z,controller 2,0.345,3.094,3.74,73.88,343.66,28.13,0.2,100.0,1,On,1341.65,551.99
1792511340000000000,2026-10-20T15:49:00Z,controller 2,0.356,3.852,145.68,16.33,245.66,28.1,0.27,100.0,2,On,1311.74,554.91
1792511400000000000,2026-10-20T15:50:00Z,controller 1,0.322,3.142,44.05,318.09,387.78,28.08,0.17,100.0,2,On,1301.94,575.87
1792511460000000000,2026-10-20T15:51:00Z,free response,0.247,3.14,172.3,28.21,490.54,28.07,0.1,100.0,3,On,1288.38,556.22
1792511520000000000,2026-10-20T15:52:00Z,controller 2,0.204,3.166,171.62,184.5,429.04,28.04,0.06,100.0,2,On,1285.82,539.94
1792511580000000000,2026-10-20T15:53:00Z,controller 1,0.233,3.859,173.87,446.68,267.87,28.02,0.1,100.0,1,On,1286.01,545.56
1792511640000000000,2026-10-20T15:54:00Z,free response,0.335,3.434,-25.09,352.85,471.97,28.0,0.18,100.0,3,On,1257.74,521.1
1792511700000000000,2026-10-20T15:55:00Z,controller 2,0.374,3.241,52.25,290.4,205.24,27.98,0.25,100.0,3,On,1288.4,504.78
1792511760000000000,2026-10-20T15:56:00Z,free response,0.206,3.464,171.06,262.15,229.41,27.95,0.07,100.0,3,On,1252.63,526.96
1792511820000000000,2026-10-20T15:57:00Z,controller 1,0.218,3.32,11.93,130.01,21.5,27.93,0.08,100.0,1,On,1282.23,511.88
1792511880000000000,2026-10-20T15:58:00Z,free response,0.287,3.733,110.4,354.01,532.36,27.91,0.14,100.0,3,On,1235.22,525.45
1792511940000000000,2026-10-20T15:59:00Z,controller 2,0.3,3.819,82.23,109.73,437.21,27.89,0.17,100.0,1,On,1241.2,553.49
1792512000000000000,2026-10-20T16:00:00Z,controller 2,0.265,6.158,36.26,101.14,586.66,27.87,0.21,100.0,3,On,1224.45,563.08
1792512060000000000,2026-10-20T16:01:00Z,controller 2,0.31,5.895,123.99,22.19,278.51,27.85,0.27,100.0,2,On,1250.1,592.0
1792512120000000000,2026-10-20T16:02:00Z,free response,0.351,5.682,65.55,196.31,137.68,27.84,0.33,100.0,1,On,1274.94,613.13
1792512180000000000,2026-10-20T16:03:00Z,free response,0.211,5.956,67.28,219.37,256.0,27.81,0.12,100.0,3,On,1293.26,630.98
1792512240000000000,2026-10-20T16:04:00Z,controller 2,0.274,6.048,22.02,253.11,579.56,27.78,0.23,100.0,1,On,1262.93,614.22
1792512300000000000,2026-10-20T16:05:00Z,controller 1,0.274,6.31,192.42,243.38,106.66,27.78,0.24,100.0,3,On,1294.82,625.91
1792512360000000000,2026-10-20T16:06:00Z,controller 2,0.314,5.988,46.8,188.18,276.32,27.77,0.32,100.0,2,On,1308.53,642.27
1792512420000000000,2026-10-20T16:07:00Z,controller 2,0.208,5.831,92.15,128.01,449.22,27.76,0.12,100.0,3,On,1347.1,640.19
1792512480000000000,2026-10-20T16:08:00Z,controller 2,0.325,6.136,165.29,55.84,258.92,27.75,0.36,100.0,1,On,1377.62,669.71
1792512540000000000,2026-10-20T16:09:00Z,free response,0.194,5.82,52.69,76.97,124.47,27.73,0.12,100.0,3,On,1327.77,659.85
1792512600000000000,2026-10-20T16:10:00Z,controller 2,0.25,6.24,108.6,257.44,105.69,27.7,0.18,100.0,2,On,1363.38,633.12
1792512660000000000,2026-10-20T16:11:00Z,controller 1,0.279,5.66,173.78,264.34,112.53,27.69,0.22,100.0,1,On,1349.04,646.62
1792512720000000000,2026-10-20T16:12:00Z,controller 2,0.189,6.244,120.07,293.84,331.06,27.68,0.11,100.0,3,On,1330.75,661.65
1792512780000000000,2026-10-20T16:13:00Z,controller 1,0.279,6.027,32.35,21.38,34.76,27.66,0.22,100.0,1,On,1337.05,666.52
1792512840000000000,2026-10-20T16:14:00Z,controller 1,0.21,5.972,30.51,112.97,378.31,27.66,0.14,100.0,3,On,1343.59,685.12
1792512900000000000,2026-10-20T16:15:00Z,controller 1,0.308,5.968,193.61,56.32,43.99,27.62,0.27,100.0,3,On,1375.87,700.09
1792512960000000000,2026-10-20T16:16:00Z,free response,0.248,5.818,162.61,2.03,267.19,27.59,0.16,100.0,1,On,1388.61,724.89
1792513020000000000,2026-10-20T16:17:00Z,controller 2,0.306,5.678,16.74,322.9,213.27,27.58,0.28,100.0,2,On,1376.46,736.74
1792513080000000000,2026-10-20T16:18:00Z,free response,0.343,6.162,184.57,88.6,368.82,27.57,0.4,100.0,3,On,1357.56,743.23
1792513140000000000,2026-10-20T16:19:00Z,controller 1,0.348,6.184,78.9,201.85,532.08,27.57,0.37,100.0,3,On,1395.7,723.51
1792513200000000000,2026-10-20T16:20:00Z,controller 2,0.319,5.623,93.95,340.87,178.81,27.55,0.3,100.0,3,On,1399.89,746.1
1792513260000000000,2026-10-20T16:21:00Z,controller 1,0.206,5.93,-24.29,44.49,58.11,27.53,0.12,100.0,1,On,1387.83,754.76
1792513320000000000,2026-10-20T16:22:00Z,controller 1,0.189,5.604,128.54,235.89,186.78,27.5,0.11,100.0,1,On,1419.9,770.59
1792513380000000000,2026-10-20T16:23:00Z,controller 1,0.239,5.644,49.81,347.53,266.32,27.48,0.15,100.0,1,On,1456.03,799.08
1792513440000000000,2026-10-20T16:24:00Z,free response,0.329,5.844,134.61,315.71,388.57,27.47,0.31,100.0,1,On,1419.75,792.25
1792513500000000000,2026-10-20T16:25:00Z,free response,0.219,6.028,78.15,293.48,456.78,27.45,0.16,100.0,2,On,1238.11,376.47
1792513560000000000,2026-10-20T16:26:00Z,controller 1,0.233,6.334,60.0,319.95,416.77,27.42,0.17,100.0,2,On,1278.96,405.67
1792513620000000000,2026-10-20T16:27:00Z,controller 1,0.356,5.643,192.81,152.44,463.54,27.41,0.37,100.0,3,On,1288.47,400.75
1792513680000000000,2026-10-20T16:28:00Z,controller 1,0.305,6.251,9.37,295.32,133.55,27.39,0.3,100.0,2,On,1243.83,411.92
1792513740000000000,2026-10-20T16:29:00Z,controller 1,0.294,6.054,127.41,94.64,565.75,27.38,0.28,100.0,1,On,1282.75,403.12
1792513800000000000,2026-10-20T16:30:00Z,free response,2.925,8.85,3.55,431.56,77.09,27.35,34.74,100.0,1,On,1263.34,396.15
1792513860000000000,2026-10-20T16:31:00Z,controller 1,2.943,9.463,175.0,422.58,353.25,27.32,39.95,100.0,1,On,900.12,816.3
1792513920000000000,2026-10-20T16:32:00Z,controller 2,2.961,9.361,-14.56,396.26,149.1,27.3,40.77,100.0,2,On,872.39,822.15
1792513980000000000,2026-10-20T16:33:00Z,controller 1,2.93,9.392,-28.83,302.89,268.69,27.29,38.95,100.0,1,On,888.14,834.61
1792514040000000000,2026-10-20T16:34:00Z,free response,2.92,8.945,-4.04,203.69,143.72,27.28,41.42,100.0,3,On,865.05,819.89
1792514100000000000,2026-10-20T16:35:00Z,controller 1,2.959,9.104,-11.76,406.23,13.56,27.27,36.59,37.06,1,On,903.29,844.53
1792514160000000000,2026-10-20T16:36:00Z,free response,2.843,9.062,71.58,344.86,88.65,27.24,40.24,100.0,1,On,885.0,818.47
1792514220000000000,2026-10-20T16:37:00Z,free response,2.955,9.158,96.14,342.28,313.04,27.22,36.8,100.0,2,On,911.74,793.07
1792514280000000000,2026-10-20T16:38:00Z,controller 2,2.864,9.39,187.54,445.64,89.47,27.2,35.56,100.0,3,On,908.21,803.8
1792514340000000000,2026-10-20T16:39:00Z,free response,2.834,9.526,-15.35,428.1,292.09,27.18,36.41,100.0,1,On,946.96,789.04
1792514400000000000,2026-10-20T16:40:00Z,free response,2.885,9.02,168.38,140.43,136.9,27.15,37.26,100.0,2,On,988.38,760.64
1792514460000000000,2026-10-20T16:41:00Z,controller 2,2.902,8.857,152.35,42.06,594.2,27.13,39.64,100.0,2,On,1021.14,750.76
1792514520000000000,2026-10-20T16:42:00Z,controller 2,2.87,9.449,21.08,203.97,369.26,27.1,41.34,100.0,1,On,1034.32,738.24
1792514580000000000,2026-10-20T16:43:00Z,controller 2,2.845,9.501,21.52,308.47,146.71,27.09,40.52,100.0,1,On,1057.94,714.52
1792514640000000000,2026-10-20T16:44:00Z,free response,2.835,9.245,189.91,329.85,456.48,27.08,37.46,100.0,1,On,587.51,895.37
1792514700000000000,2026-10-20T16:45:00Z,controller 1,2.939,8.838,-28.22,116.78,161.22,27.06,35.0,100.0,1,On,551.65,869.7
1792514760000000000,2026-10-20T16:46:00Z,controller 1,2.889,9.145,52.4,257.64,223.05,27.04,35.72,100.0,3,On,1259.01,725.19
1792514820000000000,2026-10-20T16:47:00Z,controller 1,2.943,9.05,118.67,161.51,505.41,27.02,40.45,100.0,1,On,1219.06,735.52
1792514880000000000,2026-10-20T16:48:00Z,free response,2.831,8.76,145.6,222.27,369.77,26.99,33.56,100.0,2,On,1189.13,762.72
1792514940000000000,2026-10-20T16:49:00Z,free response,2.804,9.044,143.93,445.87,478.13,26.96,34.54,100.0,1,On,1199.04,746.46
1792515000000000000,2026-10-20T16:50:00Z,free response,2.798,8.925,54.32,215.28,364.18,26.95,33.98,100.0,1,On,1165.38,762.99
1792515060000000000,2026-10-20T16:51:00Z,controller 1,2.941,9.457,3.02,92.81,554.28,26.93,44.29,100.0,2,On,1172.81,764.7
1792515120000000000,2026-10-20T16:52:00Z,controller 1,2.955,9.066,-5.2,431.42,500.34,26.9,41.65,100.0,3,On,1132.83,758.6
1792515180000000000,2026-10-20T16:53:00Z,free response,2.91,9.203,13.82,273.31,244.0,26.89,37.85,100.0,3,On,1125.16,749.37
1792515240000000000,2026-10-20T16:54:00Z,free response,2.951,8.982,111.26,348.28,525.91,26.87,35.72,100.0,3,On,1093.13,738.78
1792515300000000000,2026-10-20T16:55:00Z,controller 1,2.948,9.274,1.5,79.1,591.8,26.85,40.53,100.0,2,On,1046.47,725.77
1792515360000000000,2026-10-20T16:56:00Z,controller 1,2.829,9.334,147.85,47.85,564.15,26.83,40.72,100.0,2,On,1025.73,700.93
1792515420000000000,2026-10-20T16:57:00Z,controller 2,2.943,8.767,-12.79,384.8,505.37,26.81,38.84,100.0,3,On,1002.43,725.73
1792515480000000000,2026-10-20T16:58:00Z,controller 1,2.847,8.836,171.45,347.99,9.29,26.79,34.55,26.89,3,On,1009.84,703.88
1792515540000000000,2026-10-20T16:59:00Z,controller 2,2.798,9.3,161.1,341.87,283.82,26.78,36.6,100.0,3,On,970.81,678.0
1792515600000000000,2026-10-20T17:00:00Z,controller 1,3,8.857,59.72,304.72,265.99,26.75,41.18,100.0,2,On,946.56,670.68
1792515660000000000,2026-10-20T17:01:00Z,controller 2,2.891,8.71,123.17,210.05,301.28,26.72,33.47,100.0,1,On,978.79,654.16
1792515720000000000,2026-10-20T17:02:00Z,controller 1,3,8.879,170.97,129.2,76.46,26.71,38.17,100.0,3,On,985.22,652.86
1792515780000000000,2026-10-20T17:03:00Z,controller 2,2.938,8.908,118.67,409.25,268.38,26.7,35.32,100.0,3,On,943.67,635.15
1792515840000000000,2026-10-20T17:04:00Z,controller 1,2.905,8.799,83.35,86.52,180.14,26.68,40.66,100.0,1,On,918.35,628.45
1792515900000000000,2026-10-20T17:05:00Z,controller 2,2.926,9.055,37.14,370.75,524.62,26.68,40.36,100.0,3,On,959.77,609.53
1792515960000000000,2026-10-20T17:06:00Z,free response,2.982,8.907,3.48,133.94,297.19,26.66,43.49,100.0,3,On,920.15,639.06
1792516020000000000,2026-10-20T17:07:00Z,free response,2.92,9.021,78.71,214.03,202.56,26.64,41.48,100.0,3,On,948.63,656.97
1792516080000000000,2026-10-20T17:08:00Z,controller 1,3,9.325,33.65,371.13,60.04,26.61,41.03,100.0,1,On,899.07,641.51
1792516140000000000,2026-10-20T17:09:00Z,controller 2,2.995,8.889,106.17,435.69,164.78,26.6,37.27,100.0,3,On,872.88,621.9
1792516200000000000,2026-10-20T17:10:00Z,controller 1,2.962,8.67,26.51,61.53,404.17,26.57,40.88,100.0,2,On,864.82,622.38
1792516260000000000,2026-10-20T17:11:00Z,controller 1,2.861,9.027,193.58,180.38,592.86,26.56,36.58,100.0,3,On,855.26,603.12
1792516320000000000,2026-10-20T17:12:00Z,free response,3,8.659,152.69,413.95,193.12,26.55,39.03,100.0,1,On,828.16,632.99
1792516380000000000,2026-10-20T17:13:00Z,controller 1,3,9.015,104.33,179.53,206.57,26.52,37.11,100.0,2,On,1466.45,398.6
1792516440000000000,2026-10-20T17:14:00Z,controller 2,3,9.207,120.79,430.86,595.28,26.51,42.55,100.0,3,On,1428.04,408.02
1792516500000000000,2026-10-20T17:15:00Z,controller 1,3,9.14,102.03,99.12,439.77,26.49,37.16,100.0,2,On,1456.34,434.92
1792516560000000000,2026-10-20T17:16:00Z,controller 1,2.989,8.974,108.52,381.1,175.53,26.46,37.68,100.0,3,On,1407.83,442.76
1792516620000000000,2026-10-20T17:17:00Z,controller 2,2.915,8.651,105.62,248.98,137.78,26.44,34.57,100.0,2,On,1426.35,418.85
1792516680000000000,2026-10-20T17:18:00Z,controller 1,2.871,8.976,-1.86,268.0,316.34,26.42,39.7,100.0,3,On,1428.66,400.35
1792516740000000000,2026-10-20T17:19:00Z,controller 2,2.985,8.795,157.28,239.42,338.84,26.4,36.78,100.0,3,On,1413.57,406.6
1792516800000000000,2026-10-20T17:20:00Z,free response,2.869,9.308,21.49,125.28,472.79,26.38,37.2,100.0,1,On,1407.01,405.6
1792516860000000000,2026-10-20T17:21:00Z,free response,3,9.007,-8.76,149.0,307.6,26.36,39.86,100.0,2,On,1185.34,885.89
1792516920000000000,2026-10-20T17:22:00Z,controller 2,2.957,8.948,85.97,314.83,224.09,26.35,41.29,100.0,2,On,1141.99,909.8
1792516980000000000,2026-10-20T17:23:00Z,free response,2.896,8.841,86.93,22.19,231.5,26.32,39.67,100.0,2,On,1094.97,895.64
1792517040000000000,2026-10-20T17:24:00Z,controller 1,2.928,9.168,176.21,184.34,302.48,26.31,42.58,100.0,1,On,1070.25,919.42
1792517100000000000,2026-10-20T17:25:00Z,controller 1,2.875,9.032,37.11,17.44,413.2,26.28,35.88,100.0,3,On,1107.32,934.54
1792517160000000000,2026-10-20T17:26:00Z,free response,3,9.338,32.57,77.09,83.24,26.25,42.81,100.0,1,Off,1130.23,948.52
1792517220000000000,2026-10-20T17:27:00Z,controller 1,2.986,9.056,95.42,442.99,470.39,26.22,41.03,100.0,2,Off,1150.98,965.99
1792517280000000000,2026-10-20T17:28:00Z,free response,2.997,9.036,52.68,38.33,501.36,26.19,38.14,100.0,3,Off,1107.74,985.37
1792517340000000000,2026-10-20T17:29:00Z,controller 1,2.97,8.721,-1.55,271.76,212.92,26.16,35.16,100.0,3,Off,815.9,479.51
1792517400000000000,2026-10-20T17:30:00Z,free response,0.428,11.366,188.97,214.94,369.91,26.15,1.03,100.0,1,Off,803.5,483.03
1792517460000000000,2026-10-20T17:31:00Z,controller 2,0.375,11.383,-24.4,117.98,63.24,26.12,0.86,100.0,2,Off,826.77,498.87
1792517520000000000,2026-10-20T17:32:00Z,free response,0.427,11.631,177.46,288.85,550.65,26.1,1.03,100.0,2,Off,849.16,506.04
1792517580000000000,2026-10-20T17:33:00Z,free response,0.394,11.727,69.65,188.3,470.51,26.09,0.94,100.0,1,Off,877.12,504.17
1792517640000000000,2026-10-20T17:34:00Z,free response,0.399,11.742,71.22,151.42,51.61,26.07,0.93,100.0,3,Off,852.26,496.16
1792517700000000000,2026-10-20T17:35:00Z,free response,0.453,11.629,34.32,301.09,168.41,26.06,1.26,100.0,2,Off,813.98,520.73
1792517760000000000,2026-10-20T17:36:00Z,controller 1,0.459,11.77,53.44,128.15,362.22,26.05,1.26,100.0,1,Off,832.51,535.55
1792517820000000000,2026-10-20T17:37:00Z,controller 2,0.307,11.679,15.15,53.78,341.36,26.02,0.56,100.0,1,Off,866.22,556.11
1792517880000000000,2026-10-20T17:38:00Z,free response,0.302,11.221,195.98,273.54,428.56,26.0,0.48,100.0,2,Off,823.09,544.3
1792517940000000000,2026-10-20T17:39:00Z,controller 1,0.317,11.796,162.5,31.45,482.58,25.98,0.62,100.0,1,Off,863.79,532.36
1792518000000000000,2026-10-20T17:40:00Z,free response,0.415,11.708,54.29,90.18,2.12,25.97,0.95,100.0,3,Off,891.07,547.18
1792518060000000000,2026-10-20T17:41:00Z,controller 2,0.421,11.655,185.83,53.41,369.0,25.96,1.01,100.0,2,Off,869.46,557.35
1792518120000000000,2026-10-20T17:42:00Z,controller 1,0.439,11.741,114.48,412.74,473.72,25.94,1.21,100.0,2,Off,874.37,536.56
1792518180000000000,2026-10-20T17:43:00Z,controller 1,0.405,11.514,185.2,23.77,265.97,25.91,1.03,100.0,1,Off,895.01,534.55
1792518240000000000,2026-10-20T17:44:00Z,free response,0.333,11.64,119.49,208.64,168.37,25.88,0.6,100.0,2,Off,923.2,539.77
1792518300000000000,2026-10-20T17:45:00Z,free response,0.444,11.12,47.87,404.34,208.36,25.86,1.14,100.0,2,Off,963.85,534.44
1792518360000000000,2026-10-20T17:46:00Z,controller 1,0.44,11.195,154.53,98.2,102.03,25.83,1.07,100.0,1,Off,925.08,536.39
1792518420000000000,2026-10-20T17:47:00Z,controller 1,0.342,11.102,66.39,434.12,416.48,25.82,0.66,100.0,3,Off,877.99,524.92
1792518480000000000,2026-10-20T17:48:00Z,controller 1,0.331,11.441,10.27,83.08,381.61,25.8,0.58,100.0,3,Off,896.26,553.43
1792518540000000000,2026-10-20T17:49:00Z,controller 2,0.292,11.811,-18.93,362.18,551.71,25.78,0.51,100.0,1,Off,846.67,557.08
1792518600000000000,2026-10-20T17:50:00Z,controller 2,0.32,11.738,187.82,322.29,284.11,25.75,0.6,100.0,1,Off,859.64,537.65
1792518660000000000,2026-10-20T17:51:00Z,controller 2,0.405,11.306,124.53,278.25,184.83,25.73,0.85,100.0,1,Off,854.69,538.34
1792518720000000000,2026-10-20T17:52:00Z,controller 2,0.43,11.467,142.27,221.72,506.88,25.71,0.96,100.0,3,Off,819.1,565.17
1792518780000000000,2026-10-20T17:53:00Z,controller 1,0.334,11.623,196.97,288.93,417.79,25.68,0.71,100.0,2,Off,845.54,549.01
1792518840000000000,2026-10-20T17:54:00Z,controller 2,0.325,11.543,159.8,327.81,278.21,25.65,0.62,100.0,3,Off,868.02,575.19
1792518900000000000,2026-10-20T17:55:00Z,controller 2,0.442,11.062,22.68,258.44,431.47,25.62,1.06,100.0,2,Off,900.3,559.89
1792518960000000000,2026-10-20T17:56:00Z,controller 1,0.435,11.115,104.18,110.41,359.48,25.59,1.15,100.0,1,Off,944.8,539.99
1792519020000000000,2026-10-20T17:57:00Z,free response,0.402,11.815,106.7,318.88,536.97,25.58,0.93,100.0,3,Off,956.23,520.38
1792519080000000000,2026-10-20T17:58:00Z,controller 2,0.448,11.311,56.39,350.56,399.17,25.57,1.18,100.0,3,Off,946.32,497.48
1792519140000000000,2026-10-20T17:59:00Z,controller 1,0.421,11.557,93.6,351.76,377.39,25.56,0.96,100.0,1,Off,928.86,490.12
1792519200000000000,2026-10-20T18:00:00Z,controller 1,0.879,12.33,32.81,402.6,29.26,25.54,4.42,100.0,2,Off,919.34,518.44
1792519260000000000,2026-10-20T18:01:00Z,free response,0.9,12.377,124.54,8.31,327.22,25.52,4.73,100.0,1,Off,886.81,525.38
1792519320000000000,2026-10-20T18:02:00Z,free response,0.818,12.523,41.09,75.06,275.13,25.49,4.32,100.0,2,Off,928.55,550.26
1792519380000000000,2026-10-20T18:03:00Z,controller 1,0.827,12.641,166.23,206.92,337.13,25.47,4.55,100.0,3,Off,883.85,549.8
1792519440000000000,2026-10-20T18:04:00Z,controller 1,0.842,12.659,101.7,391.3,576.91,25.46,4.24,100.0,1,Off,911.43,564.72
1792519500000000000,2026-10-20T18:05:00Z,controller 2,0.794,12.402,106.24,184.16,586.92,25.46,3.81,100.0,2,Off,873.54,537.07
1792519560000000000,2026-10-20T18:06:00Z,free response,0.889,12.829,142.91,23.5,460.69,25.44,5.19,100.0,2,Off,834.78,510.19
1792519620000000000,2026-10-20T18:07:00Z,free response,0.908,12.909,67.71,54.91,479.48,25.4,5.48,100.0,3,Off,838.27,484.23
1792519680000000000,2026-10-20T18:08:00Z,free response,0.823,12.306,199.53,96.87,304.36,25.37,4.2,100.0,1,Off,865.37,498.09
1792519740000000000,2026-10-20T18:09:00Z,controller 2,0.768,12.795,105.76,443.34,370.17,25.34,3.83,100.0,2,Off,835.83,526.85
1792519800000000000,2026-10-20T18:10:00Z,free response,0.753,12.88,50.67,402.24,202.51,25.31,3.7,100.0,2,Off,829.83,547.45
1792519860000000000,2026-10-20T18:11:00Z,controller 1,0.913,12.742,188.03,205.98,117.31,25.28,5.2,100.0,1,Off,872.81,527.05
1792519920000000000,2026-10-20T18:12:00Z,controller 2,0.857,12.792,8.16,242.01,406.44,25.25,5.0,100.0,2,Off,888.54,504.96
1792519980000000000,2026-10-20T18:13:00Z,free response,0.781,12.562,62.03,71.09,41.82,25.21,3.63,100.0,3,Off,936.33,482.37
1792520040000000000,2026-10-20T18:14:00Z,free response,0.765,12.372,1.51,409.45,467.24,25.2,3.81,100.0,2,Off,928.18,463.98
1792520100000000000,2026-10-20T18:15:00Z,free response,0.838,12.954,180.09,133.51,540.72,25.17,4.78,100.0,3,Off,1051.11,379.35
1792520160000000000,2026-10-20T18:16:00Z,free response,0.794,12.403,5.92,358.09,46.24,25.16,4.11,100.0,3,Off,1019.87,375.36
1792520220000000000,2026-10-20T18:17:00Z,controller 1,0.814,12.401,31.57,411.67,559.45,25.14,4.08,100.0,1,Off,1027.61,348.62
1792520280000000000,2026-10-20T18:18:00Z,controller 1,0.844,12.57,93.2,199.06,348.67,25.12,4.54,100.0,1,Off,995.04,326.04
1792520340000000000,2026-10-20T18:19:00Z,controller 2,0.753,12.616,23.17,250.32,550.58,25.08,3.9,100.0,3,Off,1003.25,321.92
1792520400000000000,2026-10-20T18:20:00Z,free response,0.742,12.471,182.79,76.68,276.67,25.06,3.57,100.0,1,Off,967.0,310.07
1792520460000000000,2026-10-20T18:21:00Z,controller 2,0.899,12.443,75.48,236.39,445.33,25.04,5.48,100.0,3,Off,953.06,313.91
1792520520000000000,2026-10-20T18:22:00Z,controller 1,0.88,12.702,189.01,435.87,95.85,25.01,4.82,100.0,1,Off,914.88,316.16
1792520580000000000,2026-10-20T18:23:00Z,free response,0.866,12.598,74.14,293.98,332.3,24.99,4.53,100.0,1,Off,943.63,314.24
1792520640000000000,2026-10-20T18:24:00Z,controller 2,0.883,12.343,8.34,305.14,89.9,24.97,4.69,100.0,1,Off,975.27,327.46
1792520700000000000,2026-10-20T18:25:00Z,free response,0.842,12.813,105.9,45.05,180.83,24.96,4.19,100.0,1,Off,1015.33,316.07
1792520760000000000,2026-10-20T18:26:00Z,controller 2,0.891,12.695,141.58,221.03,274.91,24.93,5.27,100.0,2,Off,993.76,299.89
1792520820000000000,2026-10-20T18:27:00Z,controller 2,0.823,12.85,171.84,82.94,166.82,24.92,4.3,100.0,3,Off,975.08,316.42
1792520880000000000,2026-10-20T18:28:00Z,controller 2,0.855,12.579,-16.34,386.75,572.32,24.91,4.89,100.0,2,Off,957.21,294.14
1792520940000000000,2026-10-20T18:29:00Z,controller 1,0.871,12.3,190.29,154.96,285.51,24.89,4.64,100.0,3,Off,973.51,283.02
1792521000000000000,2026-10-20T18:30:00Z,controller 2,0.884,4.884,157.64,285.87,533.48,24.86,1.78,100.0,1,Off,925.82,258.44
1792521060000000000,2026-10-20T18:31:00Z,free response,0.943,4.822,168.95,186.19,490.82,24.84,2.19,100.0,1,Off,924.63,256.03
1792521120000000000,2026-10-20T18:32:00Z,controller 2,0.974,5.007,86.84,238.88,588.73,24.82,2.32,100.0,3,Off,883.43,276.39
1792521180000000000,2026-10-20T18:33:00Z,controller 2,0.895,5.103,34.73,411.06,465.62,24.8,2.08,100.0,1,Off,913.98,274.07
1792521240000000000,2026-10-20T18:34:00Z,free response,0.893,5.08,149.52,186.74,111.45,24.78,2.21,100.0,3,Off,888.78,251.85
1792521300000000000,2026-10-20T18:35:00Z,free response,0.938,5.36,-22.78,13.24,400.55,24.76,2.38,100.0,2,Off,899.12,243.15
1792521360000000000,2026-10-20T18:36:00Z,controller 1,0.907,5.21,66.77,415.71,423.36,24.73,2.05,100.0,3,Off,909.36,264.1
1792521420000000000,2026-10-20T18:37:00Z,free response,0.889,4.756,124.3,192.02,556.92,24.73,1.95,100.0,1,Off,909.32,243.25
1792521480000000000,2026-10-20T18:38:00Z,controller 2,0.938,5.085,81.13,438.5,363.93,24.7,2.39,100.0,1,Off,884.08,231.02
1792521540000000000,2026-10-20T18:39:00Z,controller 2,0.907,5.258,192.09,281.55,535.44,24.69,1.99,100.0,1,Off,918.17,213.74
1792521600000000000,2026-10-20T18:40:00Z,controller 2,0.995,4.819,44.53,212.84,527.04,24.68,2.31,100.0,2,Off,892.09,186.02
1792521660000000000,2026-10-20T18:41:00Z,controller 1,1.018,4.794,30.57,87.09,157.74,24.65,2.31,100.0,1,Off,901.4,173.91
1792521720000000000,2026-10-20T18:42:00Z,controller 1,1.008,4.893,93.88,357.26,65.81,24.62,2.56,100.0,2,Off,871.24,179.45
1792521780000000000,2026-10-20T18:43:00Z,free response,0.889,4.858,181.15,414.38,575.61,24.59,1.74,100.0,3,Off,899.99,156.41
1792521840000000000,2026-10-20T18:44:00Z,free response,0.931,4.717,97.84,11.55,46.12,24.58,1.9,100.0,1,Off,918.92,176.51
1792521900000000000,2026-10-20T18:45:00Z,controller 2,0.872,5.337,58.35,29.69,420.24,24.56,2.15,100.0,2,Off,878.01,164.48
1792521960000000000,2026-10-20T18:46:00Z,free response,0.897,5.203,105.75,404.47,157.79,24.53,2.29,100.0,1,Off,843.55,136.74
1792522020000000000,2026-10-20T18:47:00Z,free response,0.984,4.859,118.87,309.55,415.35,24.52,2.19,100.0,1,Off,817.89,164.38
1792522080000000000,2026-10-20T18:48:00Z,controller 2,1.025,4.859,28.12,256.86,117.15,24.51,2.34,100.0,3,Off,783.24,162.86
1792522140000000000,2026-10-20T18:49:00Z,controller 2,0.982,4.815,70.11,73.38,460.7,24.49,2.15,100.0,2,Off,820.33,174.6
1792522200000000000,2026-10-20T18:50:00Z,controller 1,0.877,4.791,198.77,233.12,369.88,24.46,1.99,100.0,3,Off,842.39,172.21
1792522260000000000,2026-10-20T18:51:00Z,controller 2,1.031,5.08,53.57,126.23,38.82,24.45,2.62,100.0,1,Off,814.14,168.85
1792522320000000000,2026-10-20T18:52:00Z,controller 1,0.889,4.755,20.76,370.09,226.89,24.42,1.71,100.0,1,Off,801.55,166.55
1792522380000000000,2026-10-20T18:53:00Z,controller 2,1.021,4.979,18.32,376.9,195.31,24.4,2.82,100.0,3,Off,792.13,150.16
1792522440000000000,2026-10-20T18:54:00Z,controller 2,0.905,5.321,101.72,105.73,239.3,24.37,2.23,100.0,3,Off,802.47,143.71
1792522500000000000,2026-10-20T18:55:00Z,controller 1,1.0,5.307,109.59,110.2,167.66,24.34,2.76,100.0,1,Off,783.0,130.37
1792522560000000000,2026-10-20T18:56:00Z,controller 1,0.915,4.866,-15.55,381.7,277.04,24.32,2.14,100.0,1,Off,746.84,141.39
1792522620000000000,2026-10-20T18:57:00Z,controller 2,0.955,5.046,75.01,45.82,33.66,24.3,2.42,100.0,1,Off,707.51,124.86
1792522680000000000,2026-10-20T18:58:00Z,controller 2,1.042,5.353,120.81,85.43,113.03,24.28,2.68,100.0,1,Off,672.64,142.53
1792522740000000000,2026-10-20T18:59:00Z,controller 2,0.972,5.373,176.79,122.38,437.54,24.27,2.78,100.0,3,Off,714.37,139.86
1792522800000000000,2026-10-20T19:00:00Z,controller 2,2.539,12.982,63.15,132.21,433.0,24.26,38.22,100.0,1,Off,726.89,143.59
1792522860000000000,2026-10-20T19:01:00Z,controller 1,2.502,12.778,113.28,50.99,51.91,24.24,37.18,100.0,3,Off,704.95,126.61
1792522920000000000,2026-10-20T19:02:00Z,controller 2,2.537,12.658,183.47,181.02,263.9,24.24,37.77,100.0,3,Off,728.86,120.15
1792522980000000000,2026-10-20T19:03:00Z,free response,2.659,12.782,16.5,273.48,528.26,24.23,41.71,100.0,2,Off,707.11,123.2
1792523040000000000,2026-10-20T19:04:00Z,free response,2.635,12.927,145.89,234.92,195.65,24.2,48.05,100.0,2,Off,704.8,101.94
1792523100000000000,2026-10-20T19:05:00Z,controller 1,2.641,12.797,-20.49,285.76,292.36,24.17,44.92,100.0,3,Off,721.06,98.81
1792523160000000000,2026-10-20T19:06:00Z,controller 1,2.645,12.795,106.03,410.72,555.41,24.15,48.2,100.0,3,Off,724.82,97.86
1792523220000000000,2026-10-20T19:07:00Z,controller 2,2.566,12.765,141.34,263.1,430.13,24.13,42.8,100.0,2,Off,707.51,86.79
1792523280000000000,2026-10-20T19:08:00Z,controller 2,2.53,12.645,98.35,181.48,571.71,24.12,40.61,100.0,3,Off,747.81,104.14
1792523340000000000,2026-10-20T19:09:00Z,controller 1,2.515,12.682,75.38,37.84,147.14,24.09,38.51,100.0,1,Off,788.62,116.06
1792523400000000000,2026-10-20T19:10:00Z,controller 2,2.577,12.908,115.47,90.79,186.63,24.08,40.7,100.0,1,Off,742.69,108.98
1792523460000000000,2026-10-20T19:11:00Z,free response,2.62,12.83,131.5,39.08,413.78,24.05,42.51,100.0,1,Off,717.12,88.06
1792523520000000000,2026-10-20T19:12:00Z,controller 1,2.565,12.624,44.78,131.7,596.48,24.04,41.57,100.0,2,Off,734.6,111.78
1792523580000000000,2026-10-20T19:13:00Z,controller 2,2.649,12.374,26.85,37.85,275.22,24.02,40.93,100.0,1,Off,708.85,118.43
1792523640000000000,2026-10-20T19:14:00Z,controller 2,2.626,12.806,40.44,241.37,467.72,24.0,47.06,100.0,3,Off,689.83,106.26
1792523700000000000,2026-10-20T19:15:00Z,controller 2,2.569,12.455,14.52,80.22,320.32,23.97,41.74,100.0,2,Off,641.97,79.84
1792523760000000000,2026-10-20T19:16:00Z,free response,2.619,12.848,97.32,175.76,93.64,23.93,47.85,100.0,1,Off,686.08,57.7
1792523820000000000,2026-10-20T19:17:00Z,controller 2,2.604,12.965,145.45,379.83,57.42,23.9,39.58,100.0,1,Off,637.96,36.8
1792523880000000000,2026-10-20T19:18:00Z,controller 1,2.518,12.563,27.74,413.36,91.64,23.89,42.28,100.0,3,Off,1422.13,727.66
1792523940000000000,2026-10-20T19:19:00Z,controller 2,2.551,12.375,-2.55,64.93,516.53,23.88,44.17,100.0,1,Off,1410.66,740.2
1792524000000000000,2026-10-20T19:20:00Z,controller 2,2.651,12.39,35.76,313.13,228.21,23.87,43.69,100.0,2,Off,1428.84,719.19
1792524060000000000,2026-10-20T19:21:00Z,controller 1,2.509,12.537,53.86,353.54,338.98,23.86,41.55,100.0,2,Off,1420.94,709.43
1792524120000000000,2026-10-20T19:22:00Z,free response,2.554,12.633,75.3,160.14,178.34,23.83,39.92,100.0,2,Off,1431.28,713.64
1792524180000000000,2026-10-20T19:23:00Z,controller 1,2.637,12.561,64.07,92.25,394.9,23.82,43.67,100.0,1,Off,1459.15,726.13
1792524240000000000,2026-10-20T19:24:00Z,free response,2.578,12.654,87.38,6.12,319.2,23.79,42.59,100.0,2,Off,1500.0,698.26
1792524300000000000,2026-10-20T19:25:00Z,controller 1,2.604,12.508,88.81,29.16,541.06,23.76,40.45,100.0,1,Off,1500.0,723.2
1792524360000000000,2026-10-20T19:26:00Z,controller 2,2.501,12.444,75.24,247.52,415.88,23.75,39.54,100.0,2,Off,1458.22,695.72
1792524420000000000,2026-10-20T19:27:00Z,free response,2.503,12.498,153.16,272.38,456.54,23.73,35.4,100.0,2,Off,1476.86,707.06
1792524480000000000,2026-10-20T19:28:00Z,controller 2,2.581,12.396,31.82,153.1,123.5,23.72,43.4,100.0,3,Off,1471.59,695.76
1792524540000000000,2026-10-20T19:29:00Z,controller 2,2.53,12.548,-25.88,413.87,566.59,23.7,38.09,100.0,1,Off,1453.89,696.48
1792524600000000000,2026-10-20T19:30:00Z,free response,0.208,3.652,124.95,293.63,451.83,23.67,0.07,100.0,1,Off,1462.5,705.35
1792524660000000000,2026-10-20T19:31:00Z,free response,0.255,3.558,110.07,97.27,361.29,23.66,0.12,100.0,3,Off,1496.97,727.51
1792524720000000000,2026-10-20T19:32:00Z,free response,0.193,4.023,92.04,448.66,456.39,23.63,0.07,100.0,3,Off,1500.0,713.7
1792524780000000000,2026-10-20T19:33:00Z,controller 2,0.159,3.375,156.7,416.68,106.66,23.6,0.04,100.0,3,Off,1500.0,705.21
1792524840000000000,2026-10-20T19:34:00Z,free response,0.104,3.54,185.5,395.44,12.08,23.59,0.02,100.0,2,Off,591.89,819.04
1792524900000000000,2026-10-20T19:35:00Z,free response,0.174,3.81,155.18,308.42,122.58,23.58,0.06,100.0,2,Off,1079.4,343.88
1792524960000000000,2026-10-20T19:36:00Z,controller 2,0.216,3.475,193.89,264.37,502.07,23.57,0.08,100.0,3,Off,1121.75,353.54
1792525020000000000,2026-10-20T19:37:00Z,free response,0.236,4.005,139.1,145.71,437.47,23.54,0.12,100.0,3,Off,1092.4,323.87
1792525080000000000,2026-10-20T19:38:00Z,controller 2,0.119,3.788,191.87,44.15,47.36,23.61,0.03,100.0,1,Off,1124.6,305.03
1792525140000000000,2026-10-20T19:39:00Z,free response,0.17,3.427,-17.98,310.84,189.46,23.65,0.05,100.0,2,Off,1171.51,301.94
1792525200000000000,2026-10-20T19:40:00Z,controller 1,0.196,3.951,3.62,137.1,391.3,23.73,0.07,100.0,3,Off,1175.37,318.16
1792525260000000000,2026-10-20T19:41:00Z,free response,0.226,3.897,72.48,193.71,255.95,23.81,0.09,100.0,1,Off,1210.55,295.24
1792525320000000000,2026-10-20T19:42:00Z,controller 2,0.233,3.594,18.9,95.05,164.51,23.89,0.1,100.0,2,Off,1330.27,652.84
1792525380000000000,2026-10-20T19:43:00Z,controller 2,0.142,3.721,78.17,9.4,342.63,23.94,0.03,100.0,1,Off,1376.71,630.77
1792525440000000000,2026-10-20T19:44:00Z,controller 2,0.264,3.444,50.67,78.96,55.53,24.01,0.11,100.0,3,Off,1399.11,636.18
1792525500000000000,2026-10-20T19:45:00Z,free response,0.249,3.43,-3.0,91.87,39.53,24.07,0.11,100.0,2,Off,1398.96,623.15
1792525560000000000,2026-10-20T19:46:00Z,controller 1,0.246,3.697,-28.46,273.06,28.29,24.14,0.11,100.0,3,Off,1400.68,652.79
1792525620000000000,2026-10-20T19:47:00Z,controller 1,0.266,4.011,162.24,229.32,525.44,24.18,0.13,100.0,1,Off,1211.14,585.08
1792525680000000000,2026-10-20T19:48:00Z,controller 1,0.15,3.296,121.23,298.05,375.62,24.22,0.03,100.0,2,Off,1205.77,584.97
1792525740000000000,2026-10-20T19:49:00Z,free response,0.128,3.444,146.18,174.36,378.33,24.3,0.03,100.0,3,Off,1182.35,603.3
1792525800000000000,2026-10-20T19:50:00Z,free response,0.163,3.785,26.57,168.47,45.27,24.38,0.05,100.0,3,Off,1228.17,574.01
1792525860000000000,2026-10-20T19:51:00Z,controller 1,0.145,3.619,153.38,59.61,531.11,24.43,0.04,100.0,3,Off,1208.23,546.06
1792525920000000000,2026-10-20T19:52:00Z,controller 2,0.18,3.31,18.45,25.31,351.62,24.49,0.06,100.0,3,Off,1176.63,541.94
1792525980000000000,2026-10-20T19:53:00Z,controller 1,0.254,3.627,2.33,294.03,137.69,24.57,0.11,100.0,1,Off,1181.67,557.22
1792526040000000000,2026-10-20T19:54:00Z,free response,0.156,3.39,89.4,6.93,455.51,24.64,0.05,100.0,2,Off,1150.93,527.93
1792526100000000000,2026-10-20T19:55:00Z,controller 2,0.176,3.298,168.88,99.09,145.95,24.71,0.05,100.0,3,Off,1190.54,527.24
1792526160000000000,2026-10-20T19:56:00Z,free response,0.244,3.527,111.13,57.61,225.39,24.79,0.1,100.0,2,Off,1239.62,497.27
1792526220000000000,2026-10-20T19:57:00Z,free response,0.204,3.44,151.55,39.79,140.79,24.88,0.07,100.0,1,Off,1254.0,502.42
1792526280000000000,2026-10-20T19:58:00Z,free response,0.131,3.975,158.12,121.91,123.83,24.92,0.03,100.0,3,Off,1277.46,522.53
1792526340000000000,2026-10-20T19:59:00Z,free response,0.237,3.7,51.3,122.82,416.75,24.95,0.11,100.0,2,Off,1316.23,538.13
1792526400000000000,2026-10-20T20:00:00Z,free response,2.165,6.595,67.49,396.82,73.7,25.02,15.29,100.0,1,Off,1280.01,519.04
1792526460000000000,2026-10-20T20:01:00Z,controller 2,2.051,6.845,170.12,274.5,92.73,25.1,15.21,100.0,3,Off,1280.87,527.68
1792526520000000000,2026-10-20T20:02:00Z,controller 1,2.129,6.697,147.44,317.29,455.62,25.17,15.99,100.0,3,Off,1290.65,547.99
1792526580000000000,2026-10-20T20:03:00Z,controller 1,2.039,6.728,94.04,361.74,18.14,25.24,15.35,100.0,1,Off,764.04,329.65
1792526640000000000,2026-10-20T20:04:00Z,controller 2,2.137,6.983,199.87,193.19,364.57,25.32,14.99,100.0,3,Off,715.4,325.62
1792526700000000000,2026-10-20T20:05:00Z,free response,2.112,6.351,157.71,233.72,302.5,25.38,13.72,100.0,1,Off,681.04,335.7
1792526760000000000,2026-10-20T20:06:00Z,free response,2.048,6.454,57.12,438.38,344.45,25.45,14.86,100.0,2,Off,652.54,311.93
1792526820000000000,2026-10-20T20:07:00Z,controller 2,2.072,6.738,14.74,94.24,581.08,25.51,14.17,100.0,3,Off,621.91,286.06
1792526880000000000,2026-10-20T20:08:00Z,controller 1,2.121,6.372,9.81,296.8,346.63,25.55,14.7,100.0,1,Off,593.35,260.24
1792526940000000000,2026-10-20T20:09:00Z,controller 2,2.144,6.599,13.12,249.7,119.48,25.59,16.51,100.0,2,Off,633.87,233.46
1792527000000000000,2026-10-20T20:10:00Z,controller 2,2.15,6.326,135.6,413.84,91.72,25.67,15.5,100.0,2,Off,595.49,217.08
1792527060000000000,2026-10-20T20:11:00Z,free response,2.178,6.263,155.77,93.44,390.56,25.74,14.21,100.0,2,Off,576.96,231.63
1792527120000000000,2026-10-20T20:12:00Z,free response,2.114,6.467,23.48,148.36,210.56,25.81,13.47,100.0,2,Off,558.07,216.6
1792527180000000000,2026-10-20T20:13:00Z,free response,2.191,6.547,25.15,233.85,8.59,25.85,14.22,60.41,2,Off,605.9,220.65
1792527240000000000,2026-10-20T20:14:00Z,controller 2,2.126,6.543,-28.47,24.42,498.82,25.92,14.17,100.0,1,Off,637.89,199.08
1792527300000000000,2026-10-20T20:15:00Z,controller 1,2.187,6.953,24.18,416.31,157.76,26.0,16.31,100.0,3,Off,608.05,204.4
1792527360000000000,2026-10-20T20:16:00Z,controller 2,2.15,6.893,69.87,376.63,260.12,26.04,16.68,100.0,1,Off,633.98,201.52
1792527420000000000,2026-10-20T20:17:00Z,controller 2,2.142,6.808,199.57,116.14,559.88,26.08,15.48,100.0,3,Off,622.12,221.44
1792527480000000000,2026-10-20T20:18:00Z,controller 1,2.07,6.845,71.41,447.05,214.08,26.12,13.79,100.0,1,Off,654.99,245.84
1792527540000000000,2026-10-20T20:19:00Z,controller 1,2.167,6.563,18.49,295.76,430.41,26.19,16.89,100.0,3,Off,632.46,232.23
1792527600000000000,2026-10-20T20:20:00Z,controller 2,2.148,6.376,114.14,35.33,290.59,26.26,14.38,100.0,3,Off,603.77,210.81
1792527660000000000,2026-10-20T20:21:00Z,controller 1,2.079,6.983,6.25,290.25,6.3,26.32,16.03,39.3,1,Off,641.11,198.85
1792527720000000000,2026-10-20T20:22:00Z,controller 2,2.121,6.555,116.72,351.52,505.5,26.36,14.27,100.0,2,Off,671.94,195.99
1792527780000000000,2026-10-20T20:23:00Z,controller 2,2.062,6.967,66.63,200.19,102.14,26.41,14.53,100.0,3,Off,697.2,179.26
1792527840000000000,2026-10-20T20:24:00Z,free response,2.079,6.916,90.17,360.57,201.23,26.48,13.77,100.0,1,Off,734.57,152.1
1792527900000000000,2026-10-20T20:25:00Z,free response,2.047,6.641,14.93,289.86,220.55,26.54,13.84,100.0,2,Off,710.87,139.35
1792527960000000000,2026-10-20T20:26:00Z,controller 1,2.081,6.812,119.12,446.27,455.45,26.57,14.39,100.0,1,Off,750.45,142.89
1792528020000000000,2026-10-20T20:27:00Z,free response,2.037,6.912,88.63,384.04,570.61,26.6,14.18,100.0,1,Off,780.66,119.52
1792528080000000000,2026-10-20T20:28:00Z,controller 1,2.096,6.272,-23.64,39.21,440.77,26.66,14.71,100.0,2,Off,750.0,105.37
1792528140000000000,2026-10-20T20:29:00Z,controller 1,2.129,6.436,17.39,244.59,496.77,26.74,15.83,100.0,2,Off,798.42,85.17
1792528200000000000,2026-10-20T20:30:00Z,controller 2,2.273,12.321,-20.67,442.25,118.95,26.78,33.57,100.0,2,Off,775.97,105.23
1792528260000000000,2026-10-20T20:31:00Z,controller 1,2.27,11.979,24.06,41.61,489.91,26.87,31.34,100.0,3,Off,726.32,99.82
1792528320000000000,2026-10-20T20:32:00Z,controller 1,2.188,12.547,126.2,0.28,474.52,26.93,27.37,100.0,3,Off,694.11,104.19
1792528380000000000,2026-10-20T20:33:00Z,controller 2,2.224,12.195,159.08,164.05,595.74,27.0,27.83,100.0,2,Off,702.22,130.42
1792528440000000000,2026-10-20T20:34:00Z,free response,2.191,12.256,-9.87,109.7,343.71,27.02,29.94,100.0,1,Off,745.45,127.95
1792528500000000000,2026-10-20T20:35:00Z,controller 1,2.238,12.064,94.36,428.72,185.15,27.07,28.6,100.0,1,Off,751.88,127.78
1792528560000000000,2026-10-20T20:36:00Z,controller 2,2.231,12.108,-12.33,158.76,527.49,27.1,32.73,100.0,2,Off,787.88,129.82
1792528620000000000,2026-10-20T20:37:00Z,controller 1,2.233,11.981,42.4,123.61,387.89,27.14,31.47,100.0,1,Off,819.93,152.54
1792528680000000000,2026-10-20T20:38:00Z,free response,2.161,11.975,55.18,135.52,387.02,27.2,28.06,100.0,3,Off,825.09,181.45
1792528740000000000,2026-10-20T20:39:00Z,controller 1,2.289,11.962,99.89,243.79,467.33,27.22,32.7,100.0,2,Off,826.42,211.15
1792528800000000000,2026-10-20T20:40:00Z,controller 2,2.224,12.221,3.51,405.4,135.4,27.27,32.44,100.0,2,Off,786.88,234.81
1792528860000000000,2026-10-20T20:41:00Z,controller 1,2.278,12.043,-13.5,14.27,307.77,27.33,33.5,100.0,3,Off,816.04,225.95
1792528920000000000,2026-10-20T20:42:00Z,controller 1,2.143,12.594,158.45,391.61,237.64,27.41,29.47,100.0,1,Off,766.88,234.13
1792528980000000000,2026-10-20T20:43:00Z,free response,2.135,12.449,182.46,141.97,445.47,27.44,26.52,100.0,3,Off,729.76,255.88
1792529040000000000,2026-10-20T20:44:00Z,controller 2,2.273,12.265,116.49,201.28,262.02,27.5,28.64,100.0,3,Off,772.9,231.03
1792529100000000000,2026-10-20T20:45:00Z,free response,2.201,12.11,146.2,37.61,478.92,27.56,28.51,100.0,3,Off,791.19,209.92
1792529160000000000,2026-10-20T20:46:00Z,controller 1,2.198,12.557,151.25,324.51,405.84,27.63,28.52,100.0,2,Off,826.66,200.06
1792529220000000000,2026-10-20T20:47:00Z,free response,2.259,12.156,95.92,151.34,116.65,27.67,29.4,100.0,3,Off,790.94,195.87
1792529280000000000,2026-10-20T20:48:00Z,controller 2,2.278,12.126,62.68,160.54,251.02,27.75,30.16,100.0,2,Off,792.0,171.81
1792529340000000000,2026-10-20T20:49:00Z,controller 1,2.237,12.378,78.74,447.75,380.47,27.83,33.88,100.0,1,Off,782.8,155.67
1792529400000000000,2026-10-20T20:50:00Z,controller 2,2.167,12.593,85.09,304.73,56.62,27.86,31.28,100.0,2,Off,831.72,152.69
1792529460000000000,2026-10-20T20:51:00Z,free response,2.266,11.967,66.79,363.26,405.11,27.95,31.75,100.0,1,Off,822.46,181.7
1792529520000000000,2026-10-20T20:52:00Z,free response,2.138,12.414,0.03,364.55,125.04,28.04,25.57,100.0,1,Off,783.12,193.03
1792529580000000000,2026-10-20T20:53:00Z,controller 2,2.224,12.132,198.24,160.6,107.34,28.07,27.02,100.0,1,Off,832.61,170.68
1792529640000000000,2026-10-20T20:54:00Z,controller 2,2.222,11.974,40.04,250.35,64.06,28.11,27.44,100.0,2,Off,859.88,181.75
1792529700000000000,2026-10-20T20:55:00Z,free response,2.256,12.446,19.6,45.63,155.72,28.16,29.58,100.0,1,Off,868.76,188.23
1792529760000000000,2026-10-20T20:56:00Z,controller 2,2.226,12.445,151.79,434.61,498.28,28.21,28.86,100.0,1,Off,848.92,176.59
1792529820000000000,2026-10-20T20:57:00Z,controller 2,2.214,12.185,36.5,68.72,191.86,28.3,27.46,100.0,1,Off,889.97,188.86
1792529880000000000,2026-10-20T20:58:00Z,controller 1,2.308,12.455,104.01,241.22,553.35,28.33,35.37,100.0,2,Off,909.27,162.95
1792529940000000000,2026-10-20T20:59:00Z,free response,2.196,12.232,79.55,149.84,369.15,28.39,30.07,100.0,2,Off,886.97,160.75
1792530000000000000,2026-10-20T21:00:00Z,controller 2,2.819,10.054,-2.63,57.98,256.15,28.42,42.97,100.0,1,Off,876.73,184.13
1792530060000000000,2026-10-20T21:01:00Z,controller 1,2.863,9.917,165.75,32.02,314.15,28.46,39.48,100.0,2,Off,844.81,184.61
1792530120000000000,2026-10-20T21:02:00Z,controller 2,2.861,10.026,68.72,241.15,0.64,28.51,42.71,1.5,1,Off,882.27,168.04
1792530180000000000,2026-10-20T21:03:00Z,free response,2.811,9.686,121.71,155.97,592.84,28.53,38.99,100.0,2,Off,837.0,192.21
1792530240000000000,2026-10-20T21:04:00Z,free response,2.805,9.628,79.61,15.55,39.46,28.61,38.95,100.0,1,Off,818.86,164.09
1792530300000000000,2026-10-20T21:05:00Z,controller 2,2.879,10.11,99.34,188.3,255.09,28.68,38.53,100.0,3,Off,789.47,188.31
1792530360000000000,2026-10-20T21:06:00Z,controller 1,2.854,10.032,-20.72,199.69,554.04,28.74,39.1,100.0,1,Off,837.03,203.91
1792530420000000000,2026-10-20T21:07:00Z,controller 1,2.856,9.918,170.51,405.49,245.99,28.82,40.99,100.0,3,Off,835.16,192.12
1792530480000000000,2026-10-20T21:08:00Z,controller 2,2.831,9.814,133.07,232.75,416.33,28.87,40.99,100.0,3,Off,812.87,204.41
1792530540000000000,2026-10-20T21:09:00Z,free response,2.742,9.813,124.76,319.36,230.94,28.95,39.03,100.0,3,Off,848.69,218.78
1792530600000000000,2026-10-20T21:10:00Z,controller 1,2.713,9.997,68.47,65.3,136.43,29.01,34.88,100.0,2,Off,826.01,228.12
1792530660000000000,2026-10-20T21:11:00Z,controller 1,2.799,9.471,168.22,434.45,318.93,29.1,36.49,100.0,2,Off,831.7,248.25
1792530720000000000,2026-10-20T21:12:00Z,free response,2.831,9.683,49.65,107.02,469.48,29.18,41.28,100.0,2,Off,862.99,267.58
1792530780000000000,2026-10-20T21:13:00Z,controller 2,2.839,10.05,-21.99,92.91,247.43,29.26,42.52,100.0,3,Off,832.73,255.4
1792530840000000000,2026-10-20T21:14:00Z,free response,2.843,9.534,170.23,237.66,289.61,29.29,41.91,100.0,2,Off,816.4,237.34
1792530900000000000,2026-10-20T21:15:00Z,controller 1,2.794,9.974,95.83,2.18,68.8,29.32,36.42,100.0,2,Off,784.2,246.05
1792530960000000000,2026-10-20T21:16:00Z,free response,2.8,9.613,59.46,13.51,417.57,29.37,39.03,100.0,2,Off,795.33,264.45
1792531020000000000,2026-10-20T21:17:00Z,controller 2,2.762,9.676,165.7,48.83,545.47,29.4,35.42,100.0,1,Off,747.85,268.22
1792531080000000000,2026-10-20T21:18:00Z,free response,2.877,9.937,104.99,212.14,70.89,29.45,41.24,100.0,2,Off,739.16,249.68
1792531140000000000,2026-10-20T21:19:00Z,free response,2.765,10.111,73.56,446.08,93.57,29.48,35.66,100.0,2,Off,726.75,279.18
1792531200000000000,2026-10-20T21:20:00Z,free response,2.776,10.098,121.87,280.3,560.89,29.51,36.96,100.0,3,Off,693.28,251.34
1792531260000000000,2026-10-20T21:21:00Z,controller 2,2.804,9.783,78.97,136.26,370.64,29.57,38.68,100.0,2,Off,656.36,260.33
1792531320000000000,2026-10-20T21:22:00Z,controller 2,2.791,10.001,9.39,182.23,133.91,29.65,37.39,100.0,2,Off,672.77,277.39
1792531380000000000,2026-10-20T21:23:00Z,controller 2,2.846,9.551,-15.55,128.29,60.07,29.71,36.43,100.0,1,Off,722.21,282.85
1792531440000000000,2026-10-20T21:24:00Z,controller 2,2.853,9.847,190.91,395.39,36.49,29.78,43.43,84.02,1,Off,738.21,312.72
1792531500000000000,2026-10-20T21:25:00Z,free response,2.867,9.894,184.42,238.19,13.95,29.86,42.87,32.54,1,Off,766.45,312.87
1792531560000000000,2026-10-20T21:26:00Z,controller 2,2.765,9.874,65.58,225.56,441.43,29.89,41.08,100.0,1,Off,721.8,299.13
1792531620000000000,2026-10-20T21:27:00Z,controller 1,2.752,9.434,96.81,357.37,487.36,29.94,35.18,100.0,2,Off,676.93,299.1
1792531680000000000,2026-10-20T21:28:00Z,free response,2.74,9.745,-19.29,442.43,483.82,30.01,35.72,100.0,1,Off,628.74,300.41
1792531740000000000,2026-10-20T21:29:00Z,controller 2,2.86,9.967,135.75,402.4,27.31,30.04,40.38,67.63,3,Off,661.67,321.77
1792531800000000000,2026-10-20T21:30:00Z,controller 2,0.946,3.231,167.51,150.97,20.63,30.08,1.42,100.0,3,Off,710.49,306.38
1792531860000000000,2026-10-20T21:31:00Z,controller 1,0.849,3.12,0.99,124.52,103.12,30.13,1.19,100.0,3,Off,683.74,308.0
1792531920000000000,2026-10-20T21:32:00Z,free response,0.939,3.024,165.66,203.88,285.61,30.18,1.24,100.0,3,Off,657.39,296.74
1792531980000000000,2026-10-20T21:33:00Z,controller 1,0.96,3.15,-2.11,322.79,372.44,30.26,1.56,100.0,1,Off,679.99,297.08
1792532040000000000,2026-10-20T21:34:00Z,free response,0.988,3.418,27.29,348.7,58.52,30.35,1.73,100.0,1,Off,678.2,317.07
1792532100000000000,2026-10-20T21:35:00Z,controller 2,0.871,3.378,88.91,59.15,98.12,30.42,1.38,100.0,2,Off,658.19,293.37
1792532160000000000,2026-10-20T21:36:00Z,free response,0.912,2.936,175.8,285.26,325.34,30.48,1.14,100.0,3,Off,621.09,264.18
1792532220000000000,2026-10-20T21:37:00Z,controller 1,0.929,3.153,96.5,436.69,51.13,30.51,1.43,100.0,3,Off,590.41,264.76
1792532280000000000,2026-10-20T21:38:00Z,controller 1,0.962,3.166,121.44,198.97,340.77,30.59,1.37,100.0,2,Off,555.91,285.45
1792532340000000000,2026-10-20T21:39:00Z,controller 1,0.933,3.292,160.38,406.45,483.5,30.63,1.48,100.0,1,Off,595.77,258.0
1792532400000000000,2026-10-20T21:40:00Z,controller 1,0.848,3.08,-18.02,181.26,415.75,30.68,1.12,100.0,3,Off,586.79,267.73
1792532460000000000,2026-10-20T21:41:00Z,free response,0.927,3.015,78.43,80.05,279.56,30.76,1.23,100.0,2,Off,538.64,253.53
1792532520000000000,2026-10-20T21:42:00Z,controller 1,0.855,3.133,22.03,304.11,429.3,30.84,1.06,100.0,1,Off,538.42,260.34
1792532580000000000,2026-10-20T21:43:00Z,free response,0.899,3.209,171.3,310.65,454.36,30.92,1.36,100.0,1,Off,551.21,266.95
1792532640000000000,2026-10-20T21:44:00Z,controller 2,0.933,3.297,70.32,216.18,148.38,30.96,1.49,100.0,3,Off,563.15,261.91
1792532700000000000,2026-10-20T21:45:00Z,controller 1,0.892,3.016,126.93,427.46,483.43,31.01,1.22,100.0,1,Off,600.42,285.75
1792532760000000000,2026-10-20T21:46:00Z,controller 1,0.823,3.181,-5.02,60.78,118.47,31.05,1.08,100.0,3,Off,627.76,290.1
1792532820000000000,2026-10-20T21:47:00Z,controller 2,0.912,3.158,94.03,426.03,440.76,31.12,1.25,100.0,2,Off,629.3,290.15
1792532880000000000,2026-10-20T21:48:00Z,free response,0.912,2.84,99.57,246.09,412.88,31.14,1.14,100.0,1,Off,616.35,292.11
1792532940000000000,2026-10-20T21:49:00Z,controller 2,0.873,3.238,43.06,327.47,145.56,31.23,1.28,100.0,1,Off,628.13,297.17
1792533000000000000,2026-10-20T21:50:00Z,controller 1,0.927,3.03,199.57,405.78,497.85,31.26,1.35,100.0,2,Off,642.77,269.31
1792533060000000000,2026-10-20T21:51:00Z,controller 2,0.997,3.077,180.41,261.72,479.55,31.32,1.61,100.0,2,Off,663.07,295.98
1792533120000000000,2026-10-20T21:52:00Z,controller 1,0.969,3.075,102.03,156.89,573.02,31.4,1.59,100.0,3,Off,703.3,313.91
1792533180000000000,2026-10-20T21:53:00Z,controller 1,0.948,3.069,147.82,239.82,468.77,31.44,1.33,100.0,1,Off,702.03,316.84
1792533240000000000,2026-10-20T21:54:00Z,controller 1,0.992,2.816,143.33,174.6,564.68,31.52,1.5,100.0,1,Off,656.69,306.36
1792533300000000000,2026-10-20T21:55:00Z,controller 1,0.947,2.888,49.25,13.85,290.27,31.61,1.28,100.0,3,Off,650.39,296.68
1792533360000000000,2026-10-20T21:56:00Z,free response,0.971,3.505,91.18,122.74,551.67,31.64,1.77,100.0,3,Off,679.26,273.65
1792533420000000000,2026-10-20T21:57:00Z,free response,0.956,3.273,120.95,3.3,420.8,31.66,1.58,100.0,3,Off,657.79,287.43
1792533480000000000,2026-10-20T21:58:00Z,free response,0.873,2.771,192.99,181.67,300.06,31.74,1.08,100.0,2,Off,689.59,286.54
1792533540000000000,2026-10-20T21:59:00Z,free response,0.94,2.927,-14.84,430.04,76.82,31.79,1.36,100.0,1,Off,737.84,307.8
1792533600000000000,2026-10-20T22:00:00Z,free response,0.818,2.174,-10.37,44.97,267.92,31.81,0.79,100.0,3,Off,759.55,337.61
1792533660000000000,2026-10-20T22:01:00Z,controller 2,0.683,2.569,162.15,290.82,580.68,31.89,0.62,100.0,2,Off,775.91,308.15
1792533720000000000,2026-10-20T22:02:00Z,free response,0.817,2.666,160.07,419.61,349.3,31.98,0.95,100.0,1,Off,792.18,314.25
1792533780000000000,2026-10-20T22:03:00Z,free response,0.842,2.673,19.24,27.91,267.78,32.05,1.04,100.0,2,Off,807.72,318.78
1792533840000000000,2026-10-20T22:04:00Z,controller 2,0.752,2.618,57.32,351.14,594.28,32.07,0.7,100.0,2,Off,763.15,340.07
1792533900000000000,2026-10-20T22:05:00Z,controller 2,0.736,2.394,70.56,393.39,359.95,32.12,0.65,100.0,2,Off,812.47,357.91
1792533960000000000,2026-10-20T22:06:00Z,controller 1,0.815,2.324,46.66,326.82,581.12,32.15,0.77,100.0,1,Off,775.42,342.19
1792534020000000000,2026-10-20T22:07:00Z,controller 2,0.809,2.187,49.83,355.32,595.35,32.18,0.69,100.0,2,Off,783.73,351.36
1792534080000000000,2026-10-20T22:08:00Z,free response,0.747,2.182,22.22,176.72,405.04,32.27,0.62,100.0,2,Off,812.24,377.24
1792534140000000000,2026-10-20T22:09:00Z,controller 2,0.758,2.529,-8.02,268.16,369.67,32.34,0.71,100.0,2,Off,770.83,360.48
1792534200000000000,2026-10-20T22:10:00Z,controller 1,0.734,2.586,49.41,36.39,68.99,32.37,0.67,100.0,3,Off,736.56,330.77
1792534260000000000,2026-10-20T22:11:00Z,controller 2,0.696,2.886,83.85,4.57,367.04,32.43,0.69,100.0,1,Off,750.21,344.33
1792534320000000000,2026-10-20T22:12:00Z,controller 1,0.718,2.757,-4.12,73.98,59.73,32.48,0.67,100.0,3,Off,790.66,356.54
1792534380000000000,2026-10-20T22:13:00Z,controller 1,0.779,2.67,175.53,141.57,42.82,32.57,0.78,100.0,1,Off,773.35,355.5
1792534440000000000,2026-10-20T22:14:00Z,controller 2,0.779,2.868,172.3,326.54,245.65,32.65,0.9,100.0,1,Off,740.85,384.3
1792534500000000000,2026-10-20T22:15:00Z,controller 1,0.726,2.502,110.79,352.45,535.32,32.71,0.66,100.0,2,Off,705.04,359.97
1792534560000000000,2026-10-20T22:16:00Z,controller 1,0.809,2.445,82.37,240.14,190.55,32.74,0.8,100.0,2,Off,702.04,345.69
1792534620000000000,2026-10-20T22:17:00Z,controller 1,0.806,2.354,97.87,355.97,201.84,32.82,0.77,100.0,3,Off,689.91,355.62
1792534680000000000,2026-10-20T22:18:00Z,controller 1,0.779,2.718,165.24,224.77,464.98,32.85,0.81,100.0,3,Off,688.4,379.45
1792534740000000000,2026-10-20T22:19:00Z,controller 1,0.672,2.909,12.37,118.87,493.33,32.88,0.6,100.0,2,Off,726.8,360.85
1792534800000000000,2026-10-20T22:20:00Z,controller 1,0.822,2.369,-8.42,352.75,321.1,32.92,0.74,100.0,3,Off,721.93,339.41
1792534860000000000,2026-10-20T22:21:00Z,controller 2,0.768,2.494,-14.15,295.18,311.84,32.96,0.67,100.0,2,Off,771.41,316.76
1792534920000000000,2026-10-20T22:22:00Z,controller 1,0.685,2.52,195.65,388.62,21.38,33.04,0.58,100.0,3,Off,739.63,323.32
1792534980000000000,2026-10-20T22:23:00Z,free response,0.835,2.648,134.85,105.65,16.42,33.13,0.87,100.0,3,Off,701.39,343.82
1792535040000000000,2026-10-20T22:24:00Z,controller 2,0.7,2.37,37.01,100.6,3.59,33.2,0.58,100.0,1,Off,711.59,331.85
1792535100000000000,2026-10-20T22:25:00Z,controller 2,0.729,2.702,139.17,91.17,405.06,33.27,0.71,100.0,3,Off,682.69,327.47
1792535160000000000,2026-10-20T22:26:00Z,controller 2,0.785,2.747,-15.41,82.99,127.75,33.3,0.83,100.0,3,Off,663.67,312.97
1792535220000000000,2026-10-20T22:27:00Z,controller 2,0.739,2.504,111.39,381.07,271.82,33.38,0.65,100.0,3,Off,662.9,290.79
1792535280000000000,2026-10-20T22:28:00Z,free response,0.724,2.456,46.22,254.03,387.37,33.43,0.6,100.0,3,Off,686.92,315.99
1792535340000000000,2026-10-20T22:29:00Z,controller 1,0.785,2.458,24.18,125.47,149.46,33.47,0.81,100.0,3,Off,684.15,324.6
1792535400000000000,2026-10-20T22:30:00Z,free response,2.909,1,12.05,212.85,339.45,33.56,4.08,100.0,3,Off,720.51,321.96
1792535460000000000,2026-10-20T22:31:00Z,controller 2,2.92,1,-8.26,375.34,169.74,33.61,4.63,100.0,1,Off,686.06,294.95
1792535520000000000,2026-10-20T22:32:00Z,free response,2.918,1,118.72,138.66,389.58,33.64,4.51,100.0,2,Off,678.36,289.92
1792535580000000000,2026-10-20T22:33:00Z,controller 2,2.885,1,75.01,188.39,425.78,33.71,4.58,100.0,2,Off,694.12,301.51
1792535640000000000,2026-10-20T22:34:00Z,controller 2,2.918,1.122,11.49,292.04,447.25,33.78,4.72,100.0,3,Off,699.88,303.13
1792535700000000000,2026-10-20T22:35:00Z,controller 2,2.908,1.001,28.55,171.64,408.14,33.83,3.88,100.0,1,Off,689.87,301.21
1792535760000000000,2026-10-20T22:36:00Z,controller 1,2.856,1.24,198.9,435.17,499.78,33.89,5.31,100.0,3,Off,675.13,327.01
1792535820000000000,2026-10-20T22:37:00Z,free response,2.854,1.117,142.01,350.06,424.86,33.94,4.28,100.0,3,Off,690.46,338.52
1792535880000000000,2026-10-20T22:38:00Z,free response,2.956,1.11,105.47,193.33,541.0,33.96,4.99,100.0,2,Off,729.02,321.36
1792535940000000000,2026-10-20T22:39:00Z,controller 2,2.896,1,114.44,123.81,31.0,34.0,4.35,100.0,3,Off,710.62,335.47
1792536000000000000,2026-10-20T22:40:00Z,free response,2.963,1.046,26.82,433.55,63.46,34.08,5.01,100.0,3,Off,676.83,326.63
1792536060000000000,2026-10-20T22:41:00Z,free response,2.85,1.086,71.58,425.85,499.04,34.11,4.16,100.0,1,Off,725.85,328.18
1792536120000000000,2026-10-20T22:42:00Z,controller 2,2.942,1.448,-2.58,264.58,530.64,34.15,6.47,100.0,1,Off,761.02,338.24
1792536180000000000,2026-10-20T22:43:00Z,controller 1,2.968,1.382,100.68,94.71,192.4,34.18,6.25,100.0,3,Off,724.95,354.97
1792536240000000000,2026-10-20T22:44:00Z,free response,2.817,1.267,-5.37,403.9,438.92,34.21,5.48,100.0,1,Off,724.45,334.3
1792536300000000000,2026-10-20T22:45:00Z,controller 2,2.843,1,132.62,295.17,87.86,34.27,4.15,100.0,1,Off,926.95,310.46
1792536360000000000,2026-10-20T22:46:00Z,controller 1,2.936,1,198.83,20.59,217.66,34.32,4.22,100.0,1,Off,885.87,291.57
1792536420000000000,2026-10-20T22:47:00Z,controller 1,2.946,1,-27.76,141.3,333.23,34.37,4.26,100.0,2,Off,915.37,268.42
1792536480000000000,2026-10-20T22:48:00Z,controller 1,2.989,1.213,6.03,420.25,481.75,34.43,5.76,100.0,1,Off,902.48,250.91
1792536540000000000,2026-10-20T22:49:00Z,free response,2.91,1.133,28.88,24.29,245.82,34.47,5.05,100.0,1,Off,944.63,247.35
1792536600000000000,2026-10-20T22:50:00Z,controller 2,2.888,1.274,134.94,109.1,179.41,34.54,5.37,100.0,3,Off,980.43,265.44
1792536660000000000,2026-10-20T22:51:00Z,controller 2,2.906,1.46,38.83,42.73,218.99,34.59,5.67,100.0,2,Off,955.84,269.17
1792536720000000000,2026-10-20T22:52:00Z,free response,2.916,1.378,51.6,264.38,404.65,34.63,5.54,100.0,3,Off,994.92,286.06
1792536780000000000,2026-10-20T22:53:00Z,controller 1,2.986,1.289,22.18,320.34,182.02,34.7,6.3,100.0,1,Off,1043.11,259.97
1792536840000000000,2026-10-20T22:54:00Z,controller 2,2.932,1,173.51,404.26,93.03,34.75,3.87,100.0,1,Off,1032.91,272.84
1792536900000000000,2026-10-20T22:55:00Z,controller 1,2.965,1.199,147.0,76.52,396.09,34.81,5.78,100.0,1,Off,1029.46,287.32
1792536960000000000,2026-10-20T22:56:00Z,free response,2.819,1.402,-13.79,199.35,164.74,34.87,5.5,100.0,1,Off,992.51,271.7
1792537020000000000,2026-10-20T22:57:00Z,controller 2,2.939,1.342,148.88,178.0,11.46,34.93,5.66,100.0,3,Off,1036.04,251.84
1792537080000000000,2026-10-20T22:58:00Z,controller 1,2.987,1.006,18.5,390.92,264.56,34.97,4.77,100.0,2,Off,1014.67,259.97
1792537140000000000,2026-10-20T22:59:00Z,controller 1,2.937,1.138,145.67,395.03,584.35,35.04,4.9,100.0,2,Off,975.88,243.47
1792537200000000000,2026-10-20T23:00:00Z,free response,1.544,1.52,14.28,309.51,313.96,35.13,1.73,100.0,1,Off,976.79,252.28
1792537260000000000,2026-10-20T23:01:00Z,controller 2,1.464,1.468,-25.8,215.53,404.22,35.19,1.42,100.0,3,Off,989.2,282.22
1792537320000000000,2026-10-20T23:02:00Z,controller 2,1.422,1.319,14.05,96.4,448.62,35.26,1.46,100.0,3,Off,969.34,284.81
1792537380000000000,2026-10-20T23:03:00Z,controller 2,1.525,1.03,1.76,126.84,403.84,35.34,1.22,100.0,1,Off,995.9,275.53
1792537440000000000,2026-10-20T23:04:00Z,controller 2,1.494,1.244,-12.75,289.54,586.93,35.4,1.37,100.0,2,Off,955.5,296.6
1792537500000000000,2026-10-20T23:05:00Z,free response,1.586,1,162.82,406.08,49.0,35.48,1.24,100.0,2,Off,959.75,315.46
1792537560000000000,2026-10-20T23:06:00Z,controller 1,1.464,1,-5.14,25.21,114.37,35.56,1.02,100.0,3,Off,979.7,304.85
1792537620000000000,2026-10-20T23:07:00Z,controller 2,1.412,1.045,126.05,196.88,596.05,35.6,1.12,100.0,2,Off,946.05,278.2
1792537680000000000,2026-10-20T23:08:00Z,controller 1,1.52,1.015,68.52,188.13,483.8,35.69,1.22,100.0,1,Off,909.71,292.59
1792537740000000000,2026-10-20T23:09:00Z,free response,1.553,1,25.96,429.88,574.48,35.73,1.32,100.0,2,Off,870.69,270.89
1792537800000000000,2026-10-20T23:10:00Z,free response,1.43,1.365,24.21,256.56,248.4,35.82,1.32,100.0,1,Off,904.4,265.6
1792537860000000000,2026-10-20T23:11:00Z,free response,1.447,1.214,156.51,124.73,93.63,35.85,1.38,100.0,2,Off,916.28,266.04
1792537920000000000,2026-10-20T23:12:00Z,controller 1,1.552,1,65.03,211.71,89.42,35.91,1.32,100.0,2,Off,932.43,249.97
1792537980000000000,2026-10-20T23:13:00Z,controller 1,1.575,1.325,127.61,318.83,109.4,35.95,1.81,100.0,2,Off,901.23,231.47
1792538040000000000,2026-10-20T23:14:00Z,free response,1.442,1.204,75.35,70.0,404.01,35.99,1.32,100.0,3,Off,921.44,217.0
1792538100000000000,2026-10-20T23:15:00Z,free response,1.566,1.198,17.36,193.32,147.49,36.03,1.37,100.0,2,Off,892.37,232.51
1792538160000000000,2026-10-20T23:16:00Z,controller 2,1.515,1.17,164.61,396.93,477.09,36.08,1.28,100.0,1,Off,899.68,208.72
1792538220000000000,2026-10-20T23:17:00Z,free response,1.578,1.469,124.88,374.81,498.66,36.1,1.67,100.0,2,Off,901.3,197.56
1792538280000000000,2026-10-20T23:18:00Z,controller 2,1.516,1.389,137.54,114.62,347.25,36.19,1.65,100.0,3,Off,896.04,221.2
1792538340000000000,2026-10-20T23:19:00Z,controller 2,1.571,1.427,129.46,143.2,370.11,36.23,1.92,100.0,3,Off,1289.32,328.75
1792538400000000000,2026-10-20T23:20:00Z,controller 1,1.474,1.163,-4.69,434.84,150.4,36.26,1.26,100.0,3,Off,1250.54,303.17
1792538460000000000,2026-10-20T23:21:00Z,controller 1,1.441,1.345,141.7,319.34,358.17,36.34,1.34,100.0,1,Off,1212.64,281.14
1792538520000000000,2026-10-20T23:22:00Z,free response,1.502,1,18.14,191.36,77.99,36.41,1.11,100.0,2,Off,1237.1,310.84
1792538580000000000,2026-10-20T23:23:00Z,controller 2,1.456,1.413,-2.35,413.77,226.71,36.47,1.36,100.0,1,Off,1187.87,325.59
1792538640000000000,2026-10-20T23:24:00Z,controller 1,1.431,1.339,87.98,205.98,520.02,36.51,1.35,100.0,2,Off,1158.96,353.59
1792538700000000000,2026-10-20T23:25:00Z,free response,1.46,1.038,122.06,16.25,595.43,36.56,1.16,100.0,2,Off,1203.93,325.75
1792538760000000000,2026-10-20T23:26:00Z,controller 2,1.475,1.405,185.09,208.92,432.32,36.63,1.53,100.0,3,Off,1177.25,331.51
1792538820000000000,2026-10-20T23:27:00Z,free response,1.526,1.267,161.22,224.0,156.68,36.66,1.62,100.0,2,Off,1186.62,321.96
1792538880000000000,2026-10-20T23:28:00Z,controller 2,1.454,1.414,66.36,367.07,190.84,36.71,1.36,100.0,3,Off,1158.49,338.2
1792538940000000000,2026-10-20T23:29:00Z,controller 1,1.504,1,123.06,237.95,12.35,36.71,1.05,100.0,2,Off,1168.95,346.51
1792539000000000000,2026-10-20T23:30:00Z,controller 1,1.655,1,51.8,217.46,248.9,36.69,1.35,100.0,2,Off,1148.25,354.84
1792539060000000000,2026-10-20T23:31:00Z,controller 2,1.572,1.018,-10.47,210.63,515.42,36.67,1.15,100.0,1,Off,1153.03,369.77
1792539120000000000,2026-10-20T23:32:00Z,controller 1,1.594,1.045,104.88,97.73,97.14,36.66,1.26,100.0,2,Off,1113.39,395.41
1792539180000000000,2026-10-20T23:33:00Z,free response,1.727,1.47,129.26,391.5,472.8,36.63,2.3,100.0,1,Off,1110.28,384.86
1792539240000000000,2026-10-20T23:34:00Z,free response,1.569,1.106,174.77,320.87,579.92,36.62,1.25,100.0,2,Off,1083.07,356.45
1792539300000000000,2026-10-20T23:35:00Z,controller 2,1.637,1.435,126.15,346.21,356.8,36.6,1.93,100.0,3,Off,1098.25,349.98
1792539360000000000,2026-10-20T23:36:00Z,controller 2,1.708,1.343,38.77,269.23,347.11,36.59,2.01,100.0,2,Off,1085.16,326.7
1792539420000000000,2026-10-20T23:37:00Z,controller 2,1.73,1,47.94,42.55,426.91,36.67,1.47,100.0,3,Off,1063.51,333.82
1792539480000000000,2026-10-20T23:38:00Z,controller 2,1.722,1.233,109.94,11.88,344.57,36.73,1.69,100.0,3,Off,1072.56,347.03
1792539540000000000,2026-10-20T23:39:00Z,controller 2,1.617,1,123.92,131.8,572.73,36.81,1.24,100.0,2,Off,1113.86,375.55
1792539600000000000,2026-10-20T23:40:00Z,controller 1,1.711,1.286,12.3,44.08,7.9,36.84,2.04,100.0,2,Off,1099.95,348.4
1792539660000000000,2026-10-20T23:41:00Z,controller 1,1.605,1,163.65,32.89,374.23,36.91,1.22,100.0,1,Off,1065.89,367.92
1792539720000000000,2026-10-20T23:42:00Z,free response,1.588,1,191.06,339.43,170.29,36.99,1.23,100.0,2,Off,1111.36,355.04
1792539780000000000,2026-10-20T23:43:00Z,controller 2,1.628,1.222,28.57,143.12,186.56,37.04,1.59,100.0,3,Off,918.65,867.05
1792539840000000000,2026-10-20T23:44:00Z,controller 1,1.592,1.542,188.46,251.43,473.5,37.11,1.87,100.0,3,Off,947.5,882.98
1792539900000000000,2026-10-20T23:45:00Z,controller 2,1.634,1,26.42,47.14,259.65,37.14,1.24,100.0,3,Off,923.56,910.7
1792539960000000000,2026-10-20T23:46:00Z,controller 2,1.643,1.335,141.25,207.21,23.77,37.22,1.92,100.0,2,Off,950.87,899.83
1792540020000000000,2026-10-20T23:47:00Z,free response,1.626,1.532,187.19,283.21,443.32,37.25,1.84,100.0,3,Off,938.84,879.91
1792540080000000000,2026-10-20T23:48:00Z,controller 1,1.612,1.545,-29.96,291.74,266.16,37.29,2.02,100.0,3,Off,939.38,853.26
1792540140000000000,2026-10-20T23:49:00Z,controller 2,1.658,1.056,156.62,353.85,459.57,37.37,1.38,100.0,1,Off,958.33,881.97
1792540200000000000,2026-10-20T23:50:00Z,controller 1,1.676,1,27.4,195.06,288.86,37.43,1.52,100.0,2,Off,911.57,898.45
1792540260000000000,2026-10-20T23:51:00Z,free response,1.683,1,41.67,387.3,466.74,37.51,1.33,100.0,2,Off,952.15,885.32
1792540320000000000,2026-10-20T23:52:00Z,free response,1.59,1.532,119.17,214.56,416.61,37.6,1.91,100.0,3,Off,909.32,877.26
1792540380000000000,2026-10-20T23:53:00Z,controller 2,1.615,1.374,166.78,449.79,195.85,37.68,1.61,100.0,2,Off,926.32,863.29
1792540440000000000,2026-10-20T23:54:00Z,free response,1.654,1.597,56.73,244.43,211.02,37.76,2.19,100.0,3,Off,941.75,846.62
1792540500000000000,2026-10-20T23:55:00Z,controller 2,1.628,1.579,122.04,282.62,12.59,37.84,2.01,100.0,2,Off,915.47,875.94
1792540560000000000,2026-10-20T23:56:00Z,free response,1.608,1,63.85,18.1,456.11,37.88,1.38,100.0,1,Off,913.37,870.7
1792540620000000000,2026-10-20T23:57:00Z,free response,1.612,1.505,121.19,136.48,358.35,37.94,2.13,100.0,2,Off,865.1,888.82
1792540680000000000,2026-10-20T23:58:00Z,controller 1,1.705,1.57,193.42,4.73,84.71,37.98,2.42,100.0,2,Off,895.73,913.26
1792540740000000000,2026-10-20T23:59:00Z,free response,1.658,1.588,86.48,177.75,488.52,38.01,2.01,100.0,2,Off,860.75,932.98
