timestamp_ns,timestamp_iso,controller,hs,tp,avg_power,power_in,power_out,battery_pct,sea_state_energy,efficiency,peaks,nextwave,nextwave_error,nextwave_error_2
1796169600000000000,2026-12-02T00:00:00Z,controller 2,0.357,4.331,31.77,125.78,584.2,47.95,0.29,100.0,1,On,872.5,494.05
1796169660000000000,2026-12-02T00:01:00Z,controller 1,0.227,4.426,167.68,61.72,260.43,47.93,0.1,100.0,3,On,892.55,481.88
1796169720000000000,2026-12-02T00:02:00Z,controller 1,0.371,4.776,185.22,275.05,10.94,47.92,0.33,100.0,2,On,900.45,508.47
1796169780000000000,2026-12-02T00:03:00Z,controller 1,0.247,4.371,-0.27,202.42,381.27,47.89,0.13,100.0,1,On,901.89,500.0
1796169840000000000,2026-12-02T00:04:00Z,controller 2,0.261,4.351,194.0,408.31,62.98,47.86,0.15,100.0,1,On,854.09,522.63
1796169900000000000,2026-12-02T00:05:00Z,free response,0.358,4.211,82.54,387.08,521.2,47.83,0.28,100.0,2,On,842.63,538.89
1796169960000000000,2026-12-02T00:06:00Z,controller 2,0.203,4.369,74.27,13.99,295.44,47.8,0.09,100.0,3,On,810.41,527.69
1796170020000000000,2026-12-02T00:07:00Z,controller 1,0.268,4.167,165.89,277.8,442.68,47.77,0.16,100.0,3,On,800.83,542.28
1796170080000000000,2026-12-02T00:08:00Z,controller 2,0.232,4.496,113.23,120.79,10.66,47.76,0.13,100.0,2,On,765.31,571.43
1796170140000000000,2026-12-02T00:09:00Z,controller 2,0.268,4.887,148.46,229.05,381.58,47.75,0.17,100.0,2,On,760.12,579.99
1796170200000000000,2026-12-02T00:10:00Z,free response,0.378,4.489,22.86,288.89,307.27,47.73,0.31,100.0,3,On,736.05,554.94
1796170260000000000,2026-12-02T00:11:00Z,controller 2,0.35,4.832,-26.57,152.82,295.6,47.7,0.29,100.0,1,On,724.52,570.03
1796170320000000000,2026-12-02T00:12:00Z,free response,0.341,4.67,183.57,183.37,253.29,47.67,0.26,100.0,1,On,771.57,546.69
1796170380000000000,2026-12-02T00:13:00Z,controller 2,0.339,4.433,-12.41,48.34,14.42,47.65,0.25,100.0,1,On,806.36,530.62
1796170440000000000,2026-12-02T00:14:00Z,controller 1,0.28,4.64,55.94,150.04,131.94,47.62,0.18,100.0,2,On,779.08,554.44
1796170500000000000,2026-12-02T00:15:00Z,controller 2,0.293,4.292,89.54,270.47,46.7,47.59,0.2,100.0,3,On,784.77,565.08
1796170560000000000,2026-12-02T00:16:00Z,free response,0.27,4.726,79.6,209.49,8.65,47.57,0.18,100.0,2,On,764.29,592.24
1796170620000000000,2026-12-02T00:17:00Z,controller 1,0.246,4.758,133.47,403.1,543.8,47.57,0.14,100.0,3,On,759.34,594.73
1796170680000000000,2026-12-02T00:18:00Z,controller 2,0.265,4.808,141.28,321.43,129.58,47.55,0.17,100.0,3,On,771.28,592.23
1796170740000000000,2026-12-02T00:19:00Z,free response,0.207,4.585,153.35,14.19,313.89,47.53,0.1,100.0,1,On,804.96,609.2
1796170800000000000,2026-12-02T00:20:00Z,controller 2,0.357,4.752,198.34,379.05,364.92,47.52,0.28,100.0,2,On,836.88,611.23
1796170860000000000,2026-12-02T00:21:00Z,free response,0.299,4.329,49.02,65.37,451.59,47.49,0.2,100.0,2,On,802.6,630.47
1796170920000000000,2026-12-02T00:22:00Z,controller 1,0.231,4.389,141.24,299.83,85.0,47.49,0.11,100.0,2,On,756.55,647.64
1796170980000000000,2026-12-02T00:23:00Z,controller 1,0.286,4.391,63.04,211.37,180.86,47.46,0.19,100.0,3,On,712.83,632.61
1796171040000000000,2026-12-02T00:24:00Z,controller 1,0.305,4.885,162.38,292.59,467.41,47.43,0.25,100.0,3,On,712.16,628.48
1796171100000000000,2026-12-02T00:25:00Z,free response,0.311,4.532,96.1,110.09,345.26,47.41,0.23,100.0,1,On,703.65,644.4
1796171160000000000,2026-12-02T00:26:00Z,free response,0.259,4.173,-23.81,219.17,514.44,47.39,0.15,100.0,1,On,658.77,668.26
1796171220000000000,2026-12-02T00:27:00Z,controller 2,0.329,4.637,20.56,54.31,528.38,47.38,0.25,100.0,1,On,646.3,684.34
1796171280000000000,2026-12-02T00:28:00Z,controller 1,0.307,4.165,126.38,105.75,288.61,47.37,0.21,100.0,3,On,682.13,678.96
1796171340000000000,2026-12-02T00:29:00Z,free response,0.37,4.424,7.01,222.43,147.98,47.34,0.31,100.0,1,On,728.0,657.37
1796171400000000000,2026-12-02T00:30:00Z,free response,2.602,10.805,-25.44,49.17,114.37,47.34,40.19,100.0,3,On,751.63,667.97
1796171460000000000,2026-12-02T00:31:00Z,controller 2,2.612,10.889,16.38,207.36,210.42,47.31,40.23,100.0,1,On,706.86,665.62
1796171520000000000,2026-12-02T00:32:00Z,controller 1,2.654,10.763,132.44,147.67,489.32,47.3,34.25,100.0,1,On,711.78,668.82
1796171580000000000,2026-12-02T00:33:00Z,free response,2.559,10.323,96.33,213.7,94.98,47.29,35.14,100.0,1,On,759.82,643.34
1796171640000000000,2026-12-02T00:34:00Z,free response,2.667,10.829,127.69,447.65,247.51,47.28,35.23,100.0,1,On,713.31,619.85
1796171700000000000,2026-12-02T00:35:00Z,controller 1,2.597,10.353,51.76,248.13,115.5,47.27,34.88,100.0,1,On,734.73,598.68
1796171760000000000,2026-12-02T00:36:00Z,controller 2,2.695,11.004,177.54,436.71,222.62,47.26,37.31,100.0,2,On,723.64,611.54
1796171820000000000,2026-12-02T00:37:00Z,controller 2,2.677,10.817,161.33,175.36,325.05,47.24,39.37,100.0,3,On,771.23,640.04
1796171880000000000,2026-12-02T00:38:00Z,controller 2,2.62,10.437,79.38,384.17,566.58,47.22,38.5,100.0,3,On,764.67,613.52
1796171940000000000,2026-12-02T00:39:00Z,controller 1,2.675,10.734,177.79,308.33,276.52,47.2,37.68,100.0,3,On,814.5,584.45
1796172000000000000,2026-12-02T00:40:00Z,free response,2.69,10.737,-19.27,27.88,53.96,47.17,41.67,100.0,3,On,801.95,589.7
1796172060000000000,2026-12-02T00:41:00Z,free response,2.696,10.756,177.5,249.59,503.69,47.16,37.4,100.0,1,On,836.12,587.18
1796172120000000000,2026-12-02T00:42:00Z,free response,2.602,10.977,8.57,174.16,25.29,47.14,33.66,75.13,3,Off,880.24,587.2
1796172180000000000,2026-12-02T00:43:00Z,controller 1,2.541,10.503,166.78,321.23,365.8,47.12,30.83,100.0,2,Off,868.3,595.83
1796172240000000000,2026-12-02T00:44:00Z,free response,2.633,10.838,-17.73,292.17,230.94,47.1,35.66,100.0,2,Off,876.88,607.83
1796172300000000000,2026-12-02T00:45:00Z,controller 2,2.542,10.67,53.92,128.85,396.9,47.07,34.43,100.0,1,Off,856.75,602.72
1796172360000000000,2026-12-02T00:46:00Z,free response,2.649,10.964,149.01,98.48,133.56,47.05,39.84,100.0,1,Off,885.49,612.73
1796172420000000000,2026-12-02T00:47:00Z,free response,2.545,10.658,78.96,58.83,263.29,47.03,34.7,100.0,3,Off,848.02,629.48
1796172480000000000,2026-12-02T00:48:00Z,free response,2.603,10.975,-5.1,180.38,268.08,47.02,33.73,100.0,2,Off,818.83,607.07
1796172540000000000,2026-12-02T00:49:00Z,controller 2,2.534,10.859,71.43,89.51,521.68,47.0,37.51,100.0,3,Off,777.34,613.7
1796172600000000000,2026-12-02T00:50:00Z,controller 2,2.681,10.932,185.11,88.26,302.4,46.98,43.14,100.0,2,Off,798.43,619.81
1796172660000000000,2026-12-02T00:51:00Z,controller 2,2.656,10.837,30.71,426.74,550.51,46.95,35.95,100.0,2,Off,802.26,647.6
1796172720000000000,2026-12-02T00:52:00Z,controller 2,2.673,10.638,2.34,446.27,183.23,46.92,38.99,100.0,2,Off,823.22,644.11
1796172780000000000,2026-12-02T00:53:00Z,controller 2,2.531,10.387,126.5,230.66,174.8,46.89,30.31,100.0,2,Off,823.29,672.42
1796172840000000000,2026-12-02T00:54:00Z,controller 2,2.67,10.624,37.78,77.89,265.47,46.87,39.85,100.0,1,Off,828.27,689.57
1796172900000000000,2026-12-02T00:55:00Z,controller 2,2.55,10.697,137.37,136.08,288.75,46.84,32.87,100.0,1,Off,794.39,711.7
1796172960000000000,2026-12-02T00:56:00Z,controller 2,2.646,10.361,29.16,371.61,232.95,46.83,35.19,100.0,3,Off,811.6,732.35
1796173020000000000,2026-12-02T00:57:00Z,controller 2,2.544,10.71,57.27,54.89,62.83,46.8,33.53,100.0,2,Off,795.38,729.09
1796173080000000000,2026-12-02T00:58:00Z,controller 1,2.697,10.63,51.9,29.58,306.55,46.76,35.56,100.0,1,Off,766.42,721.9
1796173140000000000,2026-12-02T00:59:00Z,controller 1,2.611,10.473,57.7,172.14,199.08,46.73,35.61,100.0,2,Off,750.28,712.78
1796173200000000000,2026-12-02T01:00:00Z,controller 2,1.815,11.763,72.86,296.76,401.57,46.73,18.75,100.0,2,Off,737.39,709.61
1796173260000000000,2026-12-02T01:01:00Z,free response,1.812,12.042,19.73,418.29,76.96,46.71,19.23,100.0,2,Off,772.05,711.37
1796173320000000000,2026-12-02T01:02:00Z,controller 1,1.867,11.89,46.15,234.84,511.55,46.7,20.64,100.0,1,Off,817.38,716.4
1796173380000000000,2026-12-02T01:03:00Z,controller 1,1.814,11.872,9.16,357.92,14.83,46.69,21.45,69.14,1,Off,815.41,695.88
1796173440000000000,2026-12-02T01:04:00Z,free response,1.758,11.426,167.97,213.75,586.39,46.67,19.04,100.0,2,Off,784.16,694.51
1796173500000000000,2026-12-02T01:05:00Z,free response,1.853,11.899,109.86,24.07,541.51,46.65,21.28,100.0,2,Off,819.39,684.33
1796173560000000000,2026-12-02T01:06:00Z,controller 2,1.736,11.524,193.23,9.45,146.69,46.63,18.13,100.0,2,Off,813.51,711.15
1796173620000000000,2026-12-02T01:07:00Z,controller 2,1.703,11.927,144.21,440.34,62.55,46.6,16.89,100.0,3,Off,776.88,720.02
1796173680000000000,2026-12-02T01:08:00Z,controller 1,1.846,11.905,114.7,20.03,192.73,46.58,20.41,100.0,3,Off,734.79,706.26
1796173740000000000,2026-12-02T01:09:00Z,controller 2,1.742,11.656,78.77,411.67,573.37,46.55,17.84,100.0,3,Off,721.99,695.67
1796173800000000000,2026-12-02T01:10:00Z,free response,1.809,11.882,13.01,268.23,63.33,46.52,19.65,100.0,3,Off,680.61,668.49
1796173860000000000,2026-12-02T01:11:00Z,free response,1.79,11.425,141.7,25.55,596.82,46.5,19.08,100.0,3,Off,668.07,648.52
1796173920000000000,2026-12-02T01:12:00Z,controller 2,1.812,12.013,70.48,242.69,77.48,46.5,21.1,100.0,2,Off,678.84,661.03
1796173980000000000,2026-12-02T01:13:00Z,controller 2,1.87,11.944,-23.44,188.93,34.25,46.49,20.3,100.0,3,Off,646.62,638.6
1796174040000000000,2026-12-02T01:14:00Z,controller 1,1.842,11.563,163.13,41.1,546.35,46.46,20.12,100.0,3,Off,686.33,628.14
1796174100000000000,2026-12-02T01:15:00Z,free response,1.719,11.634,199.14,253.56,576.81,46.45,16.31,100.0,3,Off,670.38,614.2
1796174160000000000,2026-12-02T01:16:00Z,controller 1,1.817,12.141,21.85,270.83,126.25,46.42,18.16,100.0,1,Off,669.47,589.6
1796174220000000000,2026-12-02T01:17:00Z,free response,1.699,11.772,105.74,17.99,327.9,46.39,17.69,100.0,2,Off,678.18,603.27
1796174280000000000,2026-12-02T01:18:00Z,controller 2,1.728,11.511,20.67,289.62,385.33,46.37,18.37,100.0,1,Off,705.98,632.27
1796174340000000000,2026-12-02T01:19:00Z,free response,1.786,11.901,104.72,252.47,387.87,46.35,17.49,100.0,1,Off,700.54,604.7
1796174400000000000,2026-12-02T01:20:00Z,controller 2,1.738,11.557,164.93,142.53,453.13,46.33,16.39,100.0,2,Off,743.49,628.22
1796174460000000000,2026-12-02T01:21:00Z,controller 1,1.768,11.614,30.28,440.09,199.44,46.31,19.74,100.0,3,Off,783.62,627.57
1796174520000000000,2026-12-02T01:22:00Z,free response,1.843,12.048,-9.57,188.99,312.59,46.3,19.35,100.0,2,Off,818.27,613.33
1796174580000000000,2026-12-02T01:23:00Z,free response,1.837,11.642,187.86,416.25,221.66,46.28,20.42,100.0,1,Off,805.72,602.92
1796174640000000000,2026-12-02T01:24:00Z,controller 1,1.764,12.115,91.76,394.13,254.11,46.26,19.96,100.0,1,Off,830.03,599.33
1796174700000000000,2026-12-02T01:25:00Z,controller 2,1.852,11.548,80.15,216.64,66.73,46.24,20.19,100.0,1,Off,874.21,608.98
1796174760000000000,2026-12-02T01:26:00Z,free response,1.778,11.825,103.4,259.82,331.78,46.21,18.32,100.0,2,Off,870.5,630.38
1796174820000000000,2026-12-02T01:27:00Z,free response,1.761,11.976,185.6,263.25,592.42,46.2,19.39,100.0,1,Off,785.38,577.97
1796174880000000000,2026-12-02T01:28:00Z,free response,1.715,12.078,16.28,335.65,577.98,46.19,17.71,100.0,1,Off,741.5,589.97
1796174940000000000,2026-12-02T01:29:00Z,free response,1.821,11.41,36.79,414.05,419.07,46.17,18.83,100.0,3,Off,780.18,562.16
1796175000000000000,2026-12-02T01:30:00Z,controller 1,2.827,6.1,160.91,238.38,172.72,46.15,25.48,100.0,3,Off,771.27,553.84
1796175060000000000,2026-12-02T01:31:00Z,controller 1,2.919,5.931,10.47,161.76,454.6,46.14,25.63,100.0,2,Off,798.46,563.35
1796175120000000000,2026-12-02T01:32:00Z,controller 2,2.774,6.261,151.96,324.6,40.03,46.13,22.47,100.0,2,Off,766.58,579.77
1796175180000000000,2026-12-02T01:33:00Z,free response,2.935,6.286,119.18,237.71,153.03,46.11,29.76,100.0,1,Off,726.69,571.36
1796175240000000000,2026-12-02T01:34:00Z,controller 2,2.788,6.65,177.2,418.75,585.99,46.07,25.77,100.0,2,Off,773.18,570.55
1796175300000000000,2026-12-02T01:35:00Z,controller 2,2.89,6.294,108.81,151.08,492.35,46.05,27.82,100.0,1,Off,772.35,542.37
1796175360000000000,2026-12-02T01:36:00Z,controller 1,2.793,6.04,-16.02,266.67,208.6,46.04,24.23,100.0,1,Off,737.28,558.67
1796175420000000000,2026-12-02T01:37:00Z,free response,2.918,6.052,98.73,228.4,183.33,46.02,25.94,100.0,3,Off,720.73,545.36
1796175480000000000,2026-12-02T01:38:00Z,free response,2.878,6.407,116.5,270.96,209.95,45.99,27.68,100.0,1,Off,739.43,573.31
1796175540000000000,2026-12-02T01:39:00Z,controller 2,2.933,6.223,74.01,167.19,33.69,45.97,27.41,100.0,1,Off,783.02,587.63
1796175600000000000,2026-12-02T01:40:00Z,controller 1,2.821,6.438,74.65,173.2,222.93,45.95,25.01,100.0,3,Off,757.0,567.66
1796175660000000000,2026-12-02T01:41:00Z,free response,2.861,6.053,93.11,229.39,468.89,45.92,23.73,100.0,1,Off,763.95,580.16
1796175720000000000,2026-12-02T01:42:00Z,controller 1,2.885,6.157,191.46,425.37,586.27,45.89,25.7,100.0,2,Off,752.97,593.08
1796175780000000000,2026-12-02T01:43:00Z,controller 1,2.773,6.12,-8.2,40.26,530.19,45.86,24.52,100.0,3,Off,785.23,570.89
1796175840000000000,2026-12-02T01:44:00Z,free response,2.861,6.416,156.91,408.99,188.79,45.84,24.91,100.0,3,Off,803.24,568.05
1796175900000000000,2026-12-02T01:45:00Z,controller 1,2.92,6.169,109.93,221.89,175.1,45.83,26.42,100.0,2,Off,769.46,545.71
1796175960000000000,2026-12-02T01:46:00Z,free response,2.89,6.045,151.91,238.12,44.76,45.79,24.42,100.0,2,Off,724.86,567.09
1796176020000000000,2026-12-02T01:47:00Z,free response,2.929,6.303,36.85,246.04,554.42,45.77,26.58,100.0,2,Off,756.28,581.52
1796176080000000000,2026-12-02T01:48:00Z,controller 2,2.806,6.24,21.85,438.38,91.13,45.76,24.68,100.0,2,Off,718.01,596.3
1796176140000000000,2026-12-02T01:49:00Z,controller 1,2.873,5.957,-24.79,426.25,344.63,45.72,25.74,100.0,1,Off,723.01,603.22
1796176200000000000,2026-12-02T01:50:00Z,controller 1,2.785,6.457,-26.1,416.34,71.17,45.7,24.73,100.0,3,Off,758.02,602.45
1796176260000000000,2026-12-02T01:51:00Z,free response,2.904,6.635,71.67,55.47,409.4,45.7,29.92,100.0,1,Off,787.77,578.53
1796176320000000000,2026-12-02T01:52:00Z,controller 2,2.935,6.432,133.3,124.46,382.62,45.68,27.83,100.0,2,Off,799.14,561.43
1796176380000000000,2026-12-02T01:53:00Z,free response,2.906,6.669,-2.5,436.95,229.57,45.67,26.46,100.0,3,Off,667.33,877.0
1796176440000000000,2026-12-02T01:54:00Z,free response,2.898,6.613,170.34,429.93,443.06,45.66,25.44,100.0,3,Off,654.01,895.31
1796176500000000000,2026-12-02T01:55:00Z,controller 1,2.844,5.949,181.09,34.9,220.19,45.63,26.38,100.0,1,Off,675.53,879.31
1796176560000000000,2026-12-02T01:56:00Z,free response,2.798,6.296,31.96,172.63,453.97,45.62,24.86,100.0,3,Off,629.89,878.47
1796176620000000000,2026-12-02T01:57:00Z,controller 1,2.886,6.094,196.74,307.7,238.37,45.58,26.32,100.0,3,Off,658.46,897.51
1796176680000000000,2026-12-02T01:58:00Z,controller 1,2.769,6.499,88.42,210.67,469.02,45.58,24.99,100.0,3,Off,652.62,926.06
1796176740000000000,2026-12-02T01:59:00Z,free response,2.933,6.204,115.87,324.77,457.88,45.54,27.23,100.0,3,Off,699.2,955.24
1796176800000000000,2026-12-02T02:00:00Z,controller 2,0.487,1.783,56.62,53.06,541.15,45.53,0.23,100.0,1,Off,682.47,935.05
1796176860000000000,2026-12-02T02:01:00Z,controller 1,0.557,1.073,155.09,56.18,151.51,45.5,0.17,100.0,3,Off,695.79,941.38
1796176920000000000,2026-12-02T02:02:00Z,free response,0.563,1.169,69.21,79.84,322.29,45.48,0.19,100.0,2,Off,729.64,914.45
1796176980000000000,2026-12-02T02:03:00Z,controller 2,0.555,1.378,22.95,178.16,71.5,45.45,0.19,100.0,3,Off,711.94,933.3
1796177040000000000,2026-12-02T02:04:00Z,controller 2,0.581,1.132,149.5,49.95,294.33,45.44,0.2,100.0,2,Off,685.29,945.14
1796177100000000000,2026-12-02T02:05:00Z,controller 1,0.608,1.54,70.03,162.3,79.09,45.43,0.31,100.0,3,Off,637.4,927.25
1796177160000000000,2026-12-02T02:06:00Z,controller 1,0.454,1.03,35.09,302.48,291.12,45.4,0.11,100.0,3,Off,566.98,599.06
1796177220000000000,2026-12-02T02:07:00Z,controller 2,0.616,1.757,129.73,301.02,549.83,45.36,0.3,100.0,3,Off,582.07,597.22
1796177280000000000,2026-12-02T02:08:00Z,controller 1,0.484,1.315,-1.66,138.87,143.54,45.33,0.16,100.0,1,Off,612.57,596.48
1796177340000000000,2026-12-02T02:09:00Z,free response,0.587,1.441,-17.36,440.03,578.55,45.32,0.23,100.0,3,Off,790.7,522.42
1796177400000000000,2026-12-02T02:10:00Z,free response,0.59,1.801,170.85,393.49,65.72,45.29,0.34,100.0,2,Off,827.8,536.65
1796177460000000000,2026-12-02T02:11:00Z,free response,0.575,1.156,62.64,44.52,94.47,45.27,0.19,100.0,2,Off,778.27,542.03
1796177520000000000,2026-12-02T02:12:00Z,free response,0.484,1.585,189.97,352.41,478.38,45.26,0.18,100.0,3,Off,746.35,551.75
1796177580000000000,2026-12-02T02:13:00Z,controller 1,0.607,1.35,16.77,151.92,372.77,45.25,0.23,100.0,3,Off,1264.61,670.2
1796177640000000000,2026-12-02T02:14:00Z,controller 2,0.476,1.381,152.35,109.59,45.32,45.24,0.16,100.0,3,Off,1255.89,689.62
1796177700000000000,2026-12-02T02:15:00Z,controller 1,0.592,1.706,68.76,287.07,306.2,45.22,0.28,100.0,3,Off,1208.05,717.01
1796177760000000000,2026-12-02T02:16:00Z,controller 1,0.504,1.118,196.18,345.08,441.84,45.19,0.15,100.0,1,Off,1211.47,693.76
1796177820000000000,2026-12-02T02:17:00Z,controller 1,0.57,1.506,70.37,139.51,327.98,45.18,0.25,100.0,1,Off,1209.2,690.91
1796177880000000000,2026-12-02T02:18:00Z,controller 2,0.558,1.04,192.52,308.14,256.17,45.17,0.17,100.0,1,Off,1201.07,715.49
1796177940000000000,2026-12-02T02:19:00Z,controller 2,0.575,1.383,63.05,196.51,293.71,45.16,0.23,100.0,2,Off,1241.48,731.95
1796178000000000000,2026-12-02T02:20:00Z,free response,0.588,1.034,109.99,245.89,50.76,45.13,0.17,100.0,3,Off,1273.63,748.45
1796178060000000000,2026-12-02T02:21:00Z,controller 2,0.521,1.324,1.24,372.62,81.53,45.11,0.17,100.0,1,Off,1256.36,728.91
1796178120000000000,2026-12-02T02:22:00Z,controller 1,0.547,1.692,147.73,299.9,224.64,45.1,0.26,100.0,2,Off,1226.47,753.79
1796178180000000000,2026-12-02T02:23:00Z,free response,0.466,1.267,-26.7,177.88,294.63,45.09,0.14,100.0,1,Off,912.62,372.65
1796178240000000000,2026-12-02T02:24:00Z,free response,0.577,1.567,110.14,439.77,596.63,45.08,0.28,100.0,1,Off,924.77,387.59
1796178300000000000,2026-12-02T02:25:00Z,controller 2,0.55,1.08,116.23,327.97,553.19,45.06,0.15,100.0,3,Off,932.5,394.51
1796178360000000000,2026-12-02T02:26:00Z,controller 2,0.524,1.073,-14.19,406.7,180.87,45.05,0.15,100.0,3,Off,1258.95,750.12
1796178420000000000,2026-12-02T02:27:00Z,controller 2,0.506,1.685,159.53,302.06,81.47,45.05,0.21,100.0,1,Off,1265.92,766.7
1796178480000000000,2026-12-02T02:28:00Z,controller 2,0.457,1.514,51.84,426.78,200.31,45.04,0.16,100.0,3,Off,1281.94,774.74
1796178540000000000,2026-12-02T02:29:00Z,free response,0.517,1.286,91.17,36.62,325.92,45.01,0.18,100.0,2,Off,1310.62,773.11
1796178600000000000,2026-12-02T02:30:00Z,controller 1,1.945,8.214,115.94,5.26,224.27,44.98,15.7,100.0,2,Off,1303.04,766.18
1796178660000000000,2026-12-02T02:31:00Z,controller 1,2.086,8.486,70.18,198.27,73.56,44.97,18.49,100.0,3,Off,1314.15,770.77
1796178720000000000,2026-12-02T02:32:00Z,free response,2.11,7.871,29.33,132.47,464.63,44.95,18.96,100.0,2,Off,1304.92,798.99
1796178780000000000,2026-12-02T02:33:00Z,controller 2,2.057,8.073,128.22,39.47,572.9,44.91,18.75,100.0,2,Off,1277.81,804.51
1796178840000000000,2026-12-02T02:34:00Z,free response,2.037,8.107,-28.52,201.27,186.63,44.88,16.4,100.0,3,Off,1235.64,817.51
1796178900000000000,2026-12-02T02:35:00Z,controller 2,2.017,8.601,8.31,34.08,137.31,44.87,18.19,100.0,3,Off,1225.05,830.85
1796178960000000000,2026-12-02T02:36:00Z,free response,2.091,8.445,155.45,196.46,386.57,44.85,19.51,100.0,1,Off,1232.44,823.04
1796179020000000000,2026-12-02T02:37:00Z,controller 1,2.112,8.412,180.69,244.09,586.56,44.83,19.13,100.0,3,Off,1182.65,804.88
1796179080000000000,2026-12-02T02:38:00Z,controller 2,2.045,7.992,25.49,134.97,314.17,44.82,15.11,100.0,2,Off,1216.46,827.94
1796179140000000000,2026-12-02T02:39:00Z,controller 1,2.099,8.499,178.88,201.83,223.24,44.81,17.7,100.0,2,Off,1186.61,828.19
1796179200000000000,2026-12-02T02:40:00Z,free response,2.095,7.927,91.46,412.05,331.85,44.8,18.97,100.0,2,Off,1157.62,835.62
1796179260000000000,2026-12-02T02:41:00Z,free response,1.978,8.635,131.21,380.95,316.39,44.78,15.22,100.0,1,Off,1152.72,812.12
1796179320000000000,2026-12-02T02:42:00Z,free response,2.041,8.07,47.2,262.06,3.23,44.75,15.19,21.26,1,Off,1181.29,814.22
1796179380000000000,2026-12-02T02:43:00Z,controller 2,1.942,8.557,78.12,163.34,513.48,44.73,15.69,100.0,3,Off,1222.21,784.85
1796179440000000000,2026-12-02T02:44:00Z,free response,2.053,8.639,149.77,164.43,0.04,44.71,18.04,0.22,3,Off,1194.04,789.56
1796179500000000000,2026-12-02T02:45:00Z,free response,2.049,8.378,34.42,225.71,122.59,44.68,17.64,100.0,2,Off,1167.3,787.62
1796179560000000000,2026-12-02T02:46:00Z,controller 1,2.03,8.106,188.56,134.44,186.86,44.66,17.03,100.0,1,Off,1117.65,781.31
1796179620000000000,2026-12-02T02:47:00Z,controller 1,2.013,8.07,159.42,127.23,419.53,44.63,14.8,100.0,3,Off,1082.17,771.88
1796179680000000000,2026-12-02T02:48:00Z,free response,2.052,8.283,62.86,259.04,459.24,44.6,18.85,100.0,3,Off,1120.47,765.19
1796179740000000000,2026-12-02T02:49:00Z,controller 1,2.028,8.388,118.22,305.59,363.43,44.59,17.9,100.0,3,Off,1079.8,778.01
1796179800000000000,2026-12-02T02:50:00Z,controller 1,2.049,8.58,198.36,441.87,200.36,44.56,19.25,100.0,2,Off,1039.93,757.5
1796179860000000000,2026-12-02T02:51:00Z,free response,2.043,7.979,-24.03,44.8,511.86,44.54,15.57,100.0,1,Off,1029.68,782.21
1796179920000000000,2026-12-02T02:52:00Z,controller 2,1.96,8.163,118.15,49.98,164.46,44.5,16.18,100.0,3,Off,894.48,839.57
1796179980000000000,2026-12-02T02:53:00Z,controller 2,2.088,8.162,83.14,430.68,291.39,44.47,16.55,100.0,2,Off,835.69,727.17
1796180040000000000,2026-12-02T02:54:00Z,free response,2.027,7.917,174.15,96.43,563.53,44.44,15.87,100.0,3,Off,808.92,746.48
1796180100000000000,2026-12-02T02:55:00Z,free response,2.081,7.883,155.32,236.75,126.2,44.43,17.77,100.0,2,Off,828.69,734.68
1796180160000000000,2026-12-02T02:56:00Z,controller 1,2.049,8.156,109.47,301.04,475.53,44.42,18.61,100.0,1,Off,806.43,711.14
1796180220000000000,2026-12-02T02:57:00Z,controller 2,2.008,8.018,150.92,243.22,82.83,44.41,14.96,100.0,2,Off,775.23,723.55
1796180280000000000,2026-12-02T02:58:00Z,controller 2,2.073,7.989,126.14,279.99,168.54,44.4,18.71,100.0,1,Off,798.41,738.54
1796180340000000000,2026-12-02T02:59:00Z,controller 2,2.02,8.269,112.96,258.6,67.79,44.39,18.31,100.0,2,Off,765.92,736.0
1796180400000000000,2026-12-02T03:00:00Z,controller 2,0.408,2.057,125.45,397.28,17.91,44.37,0.16,100.0,3,Off,813.42,707.78
1796180460000000000,2026-12-02T03:01:00Z,free response,0.48,2.149,44.26,93.82,218.64,44.36,0.27,100.0,3,Off,828.44,712.68
1796180520000000000,2026-12-02T03:02:00Z,controller 1,0.497,2.496,54.98,443.0,159.64,44.34,0.33,100.0,3,Off,819.12,704.82
1796180580000000000,2026-12-02T03:03:00Z,free response,0.512,2.055,-10.89,425.73,49.43,44.32,0.24,100.0,3,Off,853.33,694.38
1796180640000000000,2026-12-02T03:04:00Z,controller 1,0.389,1.932,68.6,147.98,20.74,44.31,0.13,100.0,1,Off,894.38,692.71
1796180700000000000,2026-12-02T03:05:00Z,free response,0.525,2.463,98.01,164.32,286.11,44.29,0.31,100.0,2,Off,856.64,693.72
1796180760000000000,2026-12-02T03:06:00Z,controller 1,0.44,2.06,112.69,363.6,488.04,44.28,0.21,100.0,2,Off,877.44,673.13
1796180820000000000,2026-12-02T03:07:00Z,free response,0.394,2.471,-26.0,309.22,342.64,44.28,0.2,100.0,3,Off,842.0,675.27
1796180880000000000,2026-12-02T03:08:00Z,controller 2,0.41,2.146,117.61,241.05,544.87,44.26,0.18,100.0,3,Off,813.69,702.53
1796180940000000000,2026-12-02T03:09:00Z,free response,0.419,2.262,76.54,439.58,488.69,44.23,0.22,100.0,1,Off,821.54,679.16
1796181000000000000,2026-12-02T03:10:00Z,free response,0.512,2.572,88.93,108.99,177.34,44.2,0.36,100.0,3,Off,855.42,668.78
1796181060000000000,2026-12-02T03:11:00Z,controller 2,0.492,2.148,134.49,229.0,220.44,44.18,0.25,100.0,3,Off,877.03,690.18
1796181120000000000,2026-12-02T03:12:00Z,free response,0.49,2.45,105.05,48.76,68.82,44.15,0.32,100.0,1,Off,911.89,693.96
1796181180000000000,2026-12-02T03:13:00Z,controller 2,0.372,2.572,44.08,104.57,4.77,44.14,0.18,100.0,3,Off,932.0,695.32
1796181240000000000,2026-12-02T03:14:00Z,controller 1,0.545,2.054,139.48,366.47,541.53,44.11,0.32,100.0,2,Off,947.24,713.89
1796181300000000000,2026-12-02T03:15:00Z,controller 2,0.454,1.897,49.95,205.22,121.67,44.08,0.2,100.0,2,Off,922.1,717.07
1796181360000000000,2026-12-02T03:16:00Z,controller 1,0.512,2.02,16.75,27.51,177.17,44.06,0.24,100.0,1,Off,875.11,691.0
1796181420000000000,2026-12-02T03:17:00Z,controller 2,0.411,2.253,109.24,347.04,430.69,44.03,0.19,100.0,2,Off,827.21,674.45
1796181480000000000,2026-12-02T03:18:00Z,free response,0.399,2.236,116.06,258.02,364.05,44.02,0.2,100.0,2,Off,815.72,673.49
1796181540000000000,2026-12-02T03:19:00Z,controller 2,0.509,1.889,133.09,447.11,284.86,44.0,0.26,100.0,1,Off,771.7,691.39
1796181600000000000,2026-12-02T03:20:00Z,controller 2,0.452,1.982,143.64,125.03,478.14,43.99,0.2,100.0,2,Off,800.72,711.73
1796181660000000000,2026-12-02T03:21:00Z,controller 2,0.415,2.075,190.79,421.61,264.29,43.97,0.18,100.0,1,Off,848.43,688.48
1796181720000000000,2026-12-02T03:22:00Z,free response,0.406,2.523,62.27,142.35,283.17,43.96,0.19,100.0,2,Off,885.96,661.53
1796181780000000000,2026-12-02T03:23:00Z,free response,0.47,2.419,97.58,248.84,337.81,43.95,0.29,100.0,1,Off,916.34,660.71
1796181840000000000,2026-12-02T03:24:00Z,controller 2,0.544,1.932,-8.74,94.41,300.66,43.94,0.28,100.0,3,Off,900.07,672.17
1796181900000000000,2026-12-02T03:25:00Z,controller 1,0.397,2.37,107.82,5.85,198.13,43.92,0.19,100.0,2,Off,909.35,684.53
1796181960000000000,2026-12-02T03:26:00Z,controller 1,0.483,2.265,-22.04,80.92,432.85,43.91,0.26,100.0,3,Off,906.8,700.57
1796182020000000000,2026-12-02T03:27:00Z,free response,0.544,2.595,170.83,432.09,194.7,43.89,0.41,100.0,3,Off,926.94,689.93
1796182080000000000,2026-12-02T03:28:00Z,free response,0.472,2.396,18.15,264.02,464.03,43.86,0.28,100.0,2,Off,941.19,676.64
1796182140000000000,2026-12-02T03:29:00Z,controller 2,0.477,2.004,17.51,313.49,453.36,43.84,0.23,100.0,2,Off,973.23,702.55
1796182200000000000,2026-12-02T03:30:00Z,controller 1,1.279,9.868,144.6,129.44,139.66,43.83,7.78,100.0,1,Off,984.1,726.67
1796182260000000000,2026-12-02T03:31:00Z,controller 2,1.222,10.087,42.53,61.49,98.54,43.82,8.1,100.0,2,Off,956.21,754.34
1796182320000000000,2026-12-02T03:32:00Z,controller 2,1.145,9.915,199.15,377.33,149.17,43.79,6.56,100.0,2,Off,967.22,753.86
1796182380000000000,2026-12-02T03:33:00Z,free response,1.113,9.467,86.08,231.41,367.57,43.79,5.95,100.0,2,Off,1015.56,751.47
1796182440000000000,2026-12-02T03:34:00Z,controller 1,1.215,10.079,73.24,301.11,349.16,43.77,7.48,100.0,3,Off,1007.31,763.88
1796182500000000000,2026-12-02T03:35:00Z,controller 1,1.27,9.626,15.01,238.86,240.01,43.75,8.53,100.0,1,Off,1234.5,403.82
1796182560000000000,2026-12-02T03:36:00Z,controller 2,1.159,9.956,46.8,32.96,539.63,43.74,6.5,100.0,3,Off,1201.65,422.1
1796182620000000000,2026-12-02T03:37:00Z,controller 1,1.236,9.705,-15.8,79.43,404.97,43.72,6.78,100.0,1,Off,1154.99,409.16
1796182680000000000,2026-12-02T03:38:00Z,free response,1.207,10.019,3.62,134.92,441.2,43.69,6.73,100.0,3,Off,1105.4,383.81
1796182740000000000,2026-12-02T03:39:00Z,free response,1.176,9.421,129.12,151.75,288.01,43.67,6.77,100.0,3,Off,1119.0,373.01
1796182800000000000,2026-12-02T03:40:00Z,controller 1,1.121,9.886,182.39,50.48,293.15,43.65,5.77,100.0,2,Off,1117.82,382.07
1796182860000000000,2026-12-02T03:41:00Z,controller 2,1.114,9.595,-18.14,227.09,11.27,43.63,6.08,100.0,3,Off,1085.3,368.1
1796182920000000000,2026-12-02T03:42:00Z,controller 1,1.247,9.353,128.44,349.9,509.18,43.6,6.95,100.0,1,Off,1104.1,376.3
1796182980000000000,2026-12-02T03:43:00Z,controller 2,1.172,9.999,5.03,89.81,170.97,43.57,7.35,100.0,3,Off,1112.69,364.17
1796183040000000000,2026-12-02T03:44:00Z,controller 1,1.222,9.471,42.87,227.16,31.21,43.55,6.68,100.0,1,Off,1153.1,369.54
1796183100000000000,2026-12-02T03:45:00Z,controller 1,1.164,10.014,-16.56,384.59,347.51,43.52,6.63,100.0,3,Off,1145.34,365.0
1796183160000000000,2026-12-02T03:46:00Z,controller 1,1.276,9.614,84.33,274.5,333.87,43.49,7.88,100.0,1,Off,1112.75,377.51
1796183220000000000,2026-12-02T03:47:00Z,free response,1.216,9.763,28.05,187.9,53.43,43.46,7.92,100.0,1,Off,1153.05,387.95
1796183280000000000,2026-12-02T03:48:00Z,controller 2,1.189,9.724,76.66,202.69,501.47,43.45,6.51,100.0,1,Off,1168.97,385.61
1796183340000000000,2026-12-02T03:49:00Z,free response,1.161,9.784,15.56,372.58,497.74,43.42,6.54,100.0,1,Off,1152.59,363.3
1796183400000000000,2026-12-02T03:50:00Z,controller 1,1.286,9.342,38.79,42.65,492.18,43.39,7.47,100.0,1,Off,1169.52,348.6
1796183460000000000,2026-12-02T03:51:00Z,controller 1,1.282,9.56,7.03,402.8,22.87,43.39,7.38,100.0,3,Off,1192.78,350.37
1796183520000000000,2026-12-02T03:52:00Z,controller 1,1.178,9.419,49.34,320.25,143.7,43.36,7.1,100.0,1,Off,1144.3,367.73
1796183580000000000,2026-12-02T03:53:00Z,controller 2,1.146,9.615,-20.99,43.9,498.52,43.33,6.76,100.0,2,Off,1111.31,389.44
1796183640000000000,2026-12-02T03:54:00Z,controller 1,1.151,9.623,125.95,313.36,504.06,43.32,6.64,100.0,1,Starting,1129.63,388.2
1796183700000000000,2026-12-02T03:55:00Z,controller 1,1.153,9.815,137.56,264.8,123.4,43.3,6.85,100.0,2,Starting,1133.98,378.6
1796183760000000000,2026-12-02T03:56:00Z,controller 1,1.112,10.052,45.94,443.69,371.44,43.26,6.26,100.0,3,Starting,1175.51,367.19
1796183820000000000,2026-12-02T03:57:00Z,controller 1,1.228,9.709,39.94,107.21,129.16,43.23,6.87,100.0,1,Starting,1184.1,374.18
1796183880000000000,2026-12-02T03:58:00Z,controller 1,1.252,9.756,187.96,206.72,373.17,43.22,7.07,100.0,1,Starting,1227.32,383.77
1796183940000000000,2026-12-02T03:59:00Z,controller 2,1.152,9.635,40.71,299.28,350.63,43.19,7.01,100.0,2,Starting,1249.93,382.7
1796184000000000000,2026-12-02T04:00:00Z,controller 2,0.182,7.07,71.31,342.61,16.25,43.19,0.11,100.0,1,Starting,1279.55,405.93
1796184060000000000,2026-12-02T04:01:00Z,controller 1,0.099,6.756,196.81,414.73,72.29,43.15,0.04,100.0,3,Starting,1235.11,314.41
1796184120000000000,2026-12-02T04:02:00Z,free response,0.057,7.301,32.19,343.29,19.02,43.14,0.01,100.0,2,Starting,1273.19,291.72
1796184180000000000,2026-12-02T04:03:00Z,controller 1,0.114,7.256,-17.88,310.63,428.85,43.1,0.04,100.0,2,Starting,1287.07,314.06
1796184240000000000,2026-12-02T04:04:00Z,free response,0.074,7.118,173.61,324.96,482.4,43.09,0.02,100.0,1,Starting,1259.2,328.98
1796184300000000000,2026-12-02T04:05:00Z,controller 1,0.046,7.145,185.62,156.6,117.63,43.07,0.01,100.0,3,Starting,1298.52,327.16
1796184360000000000,2026-12-02T04:06:00Z,controller 1,0.174,6.666,20.75,322.6,77.75,43.05,0.11,100.0,1,Starting,1313.05,341.65
1796184420000000000,2026-12-02T04:07:00Z,controller 2,0.191,6.778,1.85,256.17,434.11,43.03,0.12,100.0,3,Starting,1299.78,342.67
1796184480000000000,2026-12-02T04:08:00Z,controller 1,0.099,7.134,155.89,264.13,287.38,43.03,0.04,100.0,1,Starting,1291.75,327.5
1796184540000000000,2026-12-02T04:09:00Z,controller 1,0.052,7.304,196.48,333.98,530.17,43.0,0.01,100.0,1,Starting,1271.44,332.31
1796184600000000000,2026-12-02T04:10:00Z,controller 2,0.13,7.155,123.59,387.81,271.5,42.99,0.06,100.0,2,Starting,1235.05,332.28
1796184660000000000,2026-12-02T04:11:00Z,controller 1,0.097,7.321,-26.04,376.35,378.99,42.98,0.04,100.0,1,Starting,1260.35,357.71
1796184720000000000,2026-12-02T04:12:00Z,controller 1,0.109,6.95,45.09,172.29,89.9,42.96,0.04,100.0,3,Starting,1243.83,366.45
1796184780000000000,2026-12-02T04:13:00Z,controller 1,0.115,6.758,109.35,404.08,494.23,42.94,0.05,100.0,1,Starting,1283.13,354.61
1796184840000000000,2026-12-02T04:14:00Z,free response,0.155,6.816,155.17,164.23,263.19,42.93,0.08,100.0,1,Starting,1258.17,376.97
1796184900000000000,2026-12-02T04:15:00Z,free response,0.09,6.751,114.64,258.87,360.23,42.92,0.03,100.0,3,Starting,1251.71,393.1
1796184960000000000,2026-12-02T04:16:00Z,controller 1,0.086,6.774,-18.87,56.27,204.78,42.9,0.03,100.0,3,Starting,1242.96,393.25
1796185020000000000,2026-12-02T04:17:00Z,controller 2,0.166,6.87,198.97,124.45,366.47,42.88,0.09,100.0,2,Starting,1269.28,366.44
1796185080000000000,2026-12-02T04:18:00Z,free response,0.087,7.069,157.3,233.1,381.6,42.86,0.03,100.0,2,Starting,1270.12,390.21
1796185140000000000,2026-12-02T04:19:00Z,controller 1,0.131,7.146,4.99,221.88,10.39,42.85,0.06,100.0,1,Starting,1308.01,409.44
1796185200000000000,2026-12-02T04:20:00Z,free response,0.026,6.667,-28.28,428.99,158.9,42.85,0.0,0.0,1,Starting,1344.85,413.95
1796185260000000000,2026-12-02T04:21:00Z,controller 2,0.041,6.74,152.14,108.88,359.11,42.81,0.01,100.0,2,Starting,1342.11,394.37
1796185320000000000,2026-12-02T04:22:00Z,free response,0.141,6.672,8.11,8.7,91.11,42.79,0.07,100.0,3,Starting,1322.42,415.05
1796185380000000000,2026-12-02T04:23:00Z,controller 1,0.03,6.747,103.26,340.33,445.66,42.77,0.0,0.0,1,Starting,1345.72,440.25
1796185440000000000,2026-12-02T04:24:00Z,free response,0.055,6.803,132.36,431.86,297.76,42.74,0.01,100.0,2,Starting,1385.31,425.78
1796185500000000000,2026-12-02T04:25:00Z,free response,0.038,7.027,105.13,240.83,385.96,42.72,0.01,100.0,2,Starting,1431.11,441.16
1796185560000000000,2026-12-02T04:26:00Z,free response,0.189,6.938,-5.09,348.51,539.6,42.71,0.12,100.0,1,Starting,1326.99,980.84
1796185620000000000,2026-12-02T04:27:00Z,controller 2,0.197,6.973,1.0,69.94,227.0,42.7,0.13,100.0,3,Starting,1318.62,995.77
1796185680000000000,2026-12-02T04:28:00Z,free response,0.072,7.302,17.37,276.15,261.49,42.67,0.02,100.0,1,Starting,1366.83,1000.0
1796185740000000000,2026-12-02T04:29:00Z,free response,0.109,7.257,94.96,373.14,394.64,42.66,0.05,100.0,1,Starting,1415.89,982.1
1796185800000000000,2026-12-02T04:30:00Z,controller 2,0.412,10.133,69.34,21.54,183.58,42.63,0.87,100.0,2,Starting,1409.48,961.5
1796185860000000000,2026-12-02T04:31:00Z,controller 2,0.5,10.197,110.03,203.06,308.48,42.61,1.2,100.0,2,Starting,1442.56,987.5
1796185920000000000,2026-12-02T04:32:00Z,controller 1,0.386,10.113,79.6,98.03,262.01,42.6,0.78,100.0,3,Starting,1470.92,993.97
1796185980000000000,2026-12-02T04:33:00Z,controller 1,0.431,9.857,-19.79,132.89,433.06,42.57,0.91,100.0,3,Starting,1490.45,997.01
1796186040000000000,2026-12-02T04:34:00Z,controller 2,0.34,9.818,-0.73,168.09,348.44,42.54,0.53,100.0,3,Starting,1493.29,1000.0
1796186100000000000,2026-12-02T04:35:00Z,controller 1,0.463,10.363,13.97,27.85,182.12,42.53,1.17,100.0,1,Starting,1488.07,997.39
1796186160000000000,2026-12-02T04:36:00Z,free response,0.382,10.337,35.81,401.04,582.83,42.51,0.69,100.0,3,Starting,1470.51,977.33
1796186220000000000,2026-12-02T04:37:00Z,controller 1,0.37,10.034,8.57,245.46,510.08,42.48,0.67,100.0,1,Starting,1500.0,954.06
1796186280000000000,2026-12-02T04:38:00Z,free response,0.477,10.222,39.64,395.87,266.4,42.45,1.08,100.0,1,Starting,1474.35,950.86
1796186340000000000,2026-12-02T04:39:00Z,free response,0.438,10.222,-24.62,299.9,437.59,42.44,1.05,100.0,1,Starting,1498.81,971.73
1796186400000000000,2026-12-02T04:40:00Z,free response,0.37,10.469,86.75,210.93,507.98,42.41,0.67,100.0,2,Starting,1461.09,958.26
1796186460000000000,2026-12-02T04:41:00Z,free response,0.399,10.124,4.23,214.83,314.63,42.39,0.81,100.0,3,Starting,1411.35,940.01
1796186520000000000,2026-12-02T04:42:00Z,controller 2,0.438,10.468,99.03,291.01,233.92,42.37,0.98,100.0,3,Starting,1403.21,940.35
1796186580000000000,2026-12-02T04:43:00Z,controller 1,0.392,9.858,152.19,284.26,550.45,42.33,0.73,100.0,3,Starting,1381.3,935.66
1796186640000000000,2026-12-02T04:44:00Z,free response,0.468,10.527,99.83,317.64,211.94,42.3,1.2,100.0,1,Starting,1353.35,918.87
1796186700000000000,2026-12-02T04:45:00Z,controller 1,0.397,10.125,162.26,338.72,449.42,42.28,0.83,100.0,2,Starting,1324.62,894.22
1796186760000000000,2026-12-02T04:46:00Z,free response,0.387,10.322,131.24,57.41,568.88,42.26,0.76,100.0,2,Starting,817.48,520.28
1796186820000000000,2026-12-02T04:47:00Z,controller 1,0.464,10.546,131.37,98.5,57.07,42.25,1.15,100.0,2,Starting,860.93,514.44
1796186880000000000,2026-12-02T04:48:00Z,free response,0.45,10.063,168.29,283.86,343.14,42.24,0.92,100.0,3,Starting,814.65,505.75
1796186940000000000,2026-12-02T04:49:00Z,controller 2,0.467,9.955,142.53,266.54,299.6,42.23,1.11,100.0,2,Starting,850.0,511.65
1796187000000000000,2026-12-02T04:50:00Z,controller 2,0.487,10.441,76.28,26.79,400.07,42.2,1.29,100.0,1,Starting,881.51,528.84
1796187060000000000,2026-12-02T04:51:00Z,controller 2,0.448,10.261,97.12,129.84,495.97,42.19,1.09,100.0,1,Starting,889.38,515.23
1796187120000000000,2026-12-02T04:52:00Z,controller 1,0.448,10.468,107.28,314.43,427.45,42.16,1.11,100.0,2,Starting,920.63,537.83
1796187180000000000,2026-12-02T04:53:00Z,controller 1,0.488,9.935,41.32,164.92,227.14,42.15,1.29,100.0,1,Starting,956.66,510.98
1796187240000000000,2026-12-02T04:54:00Z,controller 1,0.352,10.377,58.8,298.02,520.85,42.12,0.7,100.0,2,Starting,911.76,495.36
1796187300000000000,2026-12-02T04:55:00Z,free response,0.408,10.107,197.32,113.38,76.14,42.11,0.91,100.0,3,Starting,862.52,494.36
1796187360000000000,2026-12-02T04:56:00Z,controller 1,0.377,10.179,145.23,222.77,481.93,42.11,0.75,100.0,1,Starting,866.88,508.18
1796187420000000000,2026-12-02T04:57:00Z,free response,0.494,10.5,188.29,19.15,225.0,42.09,1.32,100.0,3,Starting,828.01,504.13
1796187480000000000,2026-12-02T04:58:00Z,controller 2,0.384,10.503,148.95,218.7,138.4,42.08,0.78,100.0,1,Starting,823.77,496.51
1796187540000000000,2026-12-02T04:59:00Z,free response,0.401,10.325,156.65,241.98,587.5,42.06,0.85,100.0,2,Starting,814.53,509.01
1796187600000000000,2026-12-02T05:00:00Z,controller 2,1.096,8.729,27.27,350.59,538.85,42.06,5.04,100.0,3,Starting,783.19,506.69
1796187660000000000,2026-12-02T05:01:00Z,controller 1,0.99,8.414,102.94,392.25,581.19,42.04,3.88,100.0,3,Starting,806.34,489.11
1796187720000000000,2026-12-02T05:02:00Z,controller 1,1.1,8.18,-5.8,393.53,152.92,42.03,4.49,100.0,2,Starting,853.91,480.11
1796187780000000000,2026-12-02T05:03:00Z,free response,1.01,8.282,26.06,93.61,59.31,42.0,4.0,100.0,1,Starting,891.37,479.67
1796187840000000000,2026-12-02T05:04:00Z,controller 1,1.089,8.294,70.03,177.69,267.74,41.98,5.32,100.0,3,Starting,894.58,451.57
1796187900000000000,2026-12-02T05:05:00Z,controller 1,1.0,8.463,64.91,405.89,479.0,41.96,4.15,100.0,1,Starting,921.76,466.78
1796187960000000000,2026-12-02T05:06:00Z,free response,1.135,8.903,5.73,343.27,140.23,41.95,6.07,100.0,1,Starting,1055.83,673.47
1796188020000000000,2026-12-02T05:07:00Z,free response,1.116,8.174,35.47,349.24,353.0,41.91,5.1,100.0,3,On,1090.43,685.81
1796188080000000000,2026-12-02T05:08:00Z,free response,1.003,8.851,146.56,371.11,179.44,41.9,4.79,100.0,3,On,1088.13,656.34
1796188140000000000,2026-12-02T05:09:00Z,controller 1,1.017,8.787,125.37,49.09,472.36,41.89,4.76,100.0,2,On,1107.61,642.98
1796188200000000000,2026-12-02T05:10:00Z,controller 2,0.978,8.913,196.52,390.74,320.76,41.85,4.08,100.0,2,On,1086.76,654.1
1796188260000000000,2026-12-02T05:11:00Z,controller 2,1.024,8.366,195.69,252.21,142.51,41.82,4.75,100.0,2,On,1125.89,683.4
1796188320000000000,2026-12-02T05:12:00Z,controller 2,1.005,8.926,96.0,340.54,9.28,41.8,4.16,100.0,3,On,1094.32,697.5
1796188380000000000,2026-12-02T05:13:00Z,controller 1,1.05,8.266,108.71,395.77,561.53,41.77,4.27,100.0,1,On,1067.59,708.86
1796188440000000000,2026-12-02T05:14:00Z,controller 1,1.071,8.839,116.92,443.78,181.2,41.74,5.29,100.0,2,On,1101.22,680.31
1796188500000000000,2026-12-02T05:15:00Z,controller 2,0.991,8.508,21.88,361.72,506.22,41.72,4.28,100.0,2,On,1092.9,692.67
1796188560000000000,2026-12-02T05:16:00Z,controller 1,1.054,8.696,36.91,35.24,389.26,41.69,4.38,100.0,2,On,1067.34,715.2
1796188620000000000,2026-12-02T05:17:00Z,controller 1,1.022,8.569,78.08,60.56,252.69,41.67,4.8,100.0,2,On,1103.37,724.64
1796188680000000000,2026-12-02T05:18:00Z,free response,0.987,8.932,85.22,324.6,222.56,41.65,4.71,100.0,1,On,1142.93,699.81
1796188740000000000,2026-12-02T05:19:00Z,controller 1,1.14,8.405,17.11,337.31,432.4,41.62,4.95,100.0,3,On,1108.78,707.12
1796188800000000000,2026-12-02T05:20:00Z,controller 2,1.014,8.406,54.68,267.58,27.06,41.61,3.92,100.0,2,On,1090.78,712.13
1796188860000000000,2026-12-02T05:21:00Z,controller 2,1.022,8.178,7.22,128.49,350.75,41.58,4.37,100.0,2,On,1107.77,693.64
1796188920000000000,2026-12-02T05:22:00Z,controller 2,1.016,8.314,55.72,307.75,31.55,41.55,4.59,100.0,3,On,1062.12,689.93
1796188980000000000,2026-12-02T05:23:00Z,controller 1,1.148,8.538,-1.73,297.91,63.11,41.53,5.18,100.0,3,On,1030.12,669.25
1796189040000000000,2026-12-02T05:24:00Z,controller 2,1.103,8.246,-28.67,118.44,1.11,41.52,5.4,20.56,1,On,1048.15,688.06
1796189100000000000,2026-12-02T05:25:00Z,free response,0.997,8.805,108.6,433.09,150.44,41.48,4.34,100.0,1,On,983.77,543.37
1796189160000000000,2026-12-02T05:26:00Z,controller 2,0.99,8.874,-17.41,103.08,444.15,41.46,4.18,100.0,3,On,950.23,531.49
1796189220000000000,2026-12-02T05:27:00Z,controller 1,1.126,8.627,195.52,344.24,561.9,41.43,4.97,100.0,2,On,948.33,549.64
1796189280000000000,2026-12-02T05:28:00Z,controller 2,1.052,8.656,143.12,430.5,298.93,41.43,4.99,100.0,1,On,966.33,537.75
1796189340000000000,2026-12-02T05:29:00Z,free response,1.011,8.319,187.02,304.87,49.85,41.41,4.45,100.0,3,On,1016.0,552.98
1796189400000000000,2026-12-02T05:30:00Z,free response,0.265,7.381,3.64,364.83,339.19,41.39,0.27,100.0,3,On,1005.95,579.52
1796189460000000000,2026-12-02T05:31:00Z,controller 1,0.15,7.573,185.0,261.89,472.53,41.37,0.08,100.0,1,On,1051.0,563.77
1796189520000000000,2026-12-02T05:32:00Z,free response,0.17,7.909,21.24,397.73,132.57,41.36,0.12,100.0,2,On,1051.06,560.63
1796189580000000000,2026-12-02T05:33:00Z,controller 2,0.187,7.579,47.35,424.35,506.73,41.34,0.13,100.0,1,On,1063.82,551.39
1796189640000000000,2026-12-02T05:34:00Z,free response,0.132,7.471,25.95,209.94,252.32,41.31,0.06,100.0,1,On,1045.23,561.75
1796189700000000000,2026-12-02T05:35:00Z,free response,0.229,7.342,4.13,105.24,126.31,41.28,0.17,100.0,1,On,1068.87,576.43
1796189760000000000,2026-12-02T05:36:00Z,free response,0.299,7.95,-1.42,4.43,246.21,41.27,0.33,100.0,3,On,1061.99,585.5
1796189820000000000,2026-12-02T05:37:00Z,free response,0.222,7.643,199.87,24.07,13.8,41.25,0.17,100.0,3,On,1121.15,921.81
1796189880000000000,2026-12-02T05:38:00Z,controller 1,0.131,7.393,158.11,161.58,401.81,41.24,0.07,100.0,1,On,1140.95,941.03
1796189940000000000,2026-12-02T05:39:00Z,controller 1,0.259,7.916,145.28,76.6,222.41,41.21,0.28,100.0,3,On,1140.29,954.87
1796190000000000000,2026-12-02T05:40:00Z,controller 1,0.202,7.889,132.04,73.37,397.37,41.18,0.16,100.0,2,On,1124.39,971.2
1796190060000000000,2026-12-02T05:41:00Z,free response,0.15,7.892,169.79,320.85,117.0,41.16,0.09,100.0,2,On,1102.54,992.14
1796190120000000000,2026-12-02T05:42:00Z,free response,0.153,7.668,168.04,137.1,246.42,41.15,0.08,100.0,3,On,1131.62,970.2
1796190180000000000,2026-12-02T05:43:00Z,controller 1,0.172,7.413,110.94,0.67,343.14,41.14,0.11,100.0,1,On,1179.13,952.33
1796190240000000000,2026-12-02T05:44:00Z,controller 1,0.216,7.801,86.09,131.3,358.5,41.13,0.19,100.0,1,On,1171.9,924.33
1796190300000000000,2026-12-02T05:45:00Z,controller 1,0.131,7.668,35.97,188.28,44.22,41.11,0.07,100.0,1,On,1216.09,924.02
1796190360000000000,2026-12-02T05:46:00Z,free response,0.289,7.907,16.92,30.45,568.22,41.1,0.31,100.0,3,On,1181.23,921.81
1796190420000000000,2026-12-02T05:47:00Z,free response,0.197,7.465,86.06,288.83,553.8,41.08,0.13,100.0,1,On,1223.62,921.43
1796190480000000000,2026-12-02T05:48:00Z,free response,0.175,7.787,126.22,84.77,577.12,41.04,0.13,100.0,1,On,1199.42,926.61
1796190540000000000,2026-12-02T05:49:00Z,controller 1,0.177,7.476,36.79,170.48,360.47,41.02,0.12,100.0,3,On,1189.47,942.75
1796190600000000000,2026-12-02T05:50:00Z,free response,0.23,7.435,74.73,19.59,503.98,40.99,0.21,100.0,2,On,1213.38,962.18
1796190660000000000,2026-12-02T05:51:00Z,controller 1,0.204,7.337,65.14,224.23,588.15,40.98,0.14,100.0,3,On,1233.06,959.76
1796190720000000000,2026-12-02T05:52:00Z,free response,0.159,7.45,-17.15,213.64,102.91,40.97,0.1,100.0,2,On,1194.11,929.8
1796190780000000000,2026-12-02T05:53:00Z,controller 1,0.153,7.699,54.22,120.98,530.44,40.94,0.09,100.0,3,On,1152.73,927.52
1796190840000000000,2026-12-02T05:54:00Z,controller 2,0.195,7.647,28.28,91.12,507.72,40.92,0.15,100.0,3,On,1112.72,939.21
1796190900000000000,2026-12-02T05:55:00Z,free response,0.297,7.646,16.74,94.44,296.92,40.91,0.34,100.0,2,On,1078.14,915.03
1796190960000000000,2026-12-02T05:56:00Z,controller 1,0.218,7.834,28.36,370.36,153.17,40.88,0.2,100.0,3,On,1126.94,910.85
1796191020000000000,2026-12-02T05:57:00Z,free response,0.25,7.362,40.22,416.78,52.56,40.85,0.22,100.0,3,On,1117.25,936.45
1796191080000000000,2026-12-02T05:58:00Z,controller 2,0.129,7.342,0.93,145.55,16.91,40.82,0.06,100.0,1,On,1158.39,914.22
1796191140000000000,2026-12-02T05:59:00Z,controller 2,0.242,7.942,110.93,275.43,333.11,40.81,0.22,100.0,1,On,1154.57,910.75
1796191200000000000,2026-12-02T06:00:00Z,free response,2.134,6.447,-19.86,340.53,373.82,40.8,15.01,100.0,2,On,1411.56,369.62
1796191260000000000,2026-12-02T06:01:00Z,controller 2,2.132,6.509,32.68,187.33,38.21,40.77,16.03,100.0,3,On,1449.31,384.56
1796191320000000000,2026-12-02T06:02:00Z,controller 1,2.124,6.022,157.16,345.98,527.5,40.76,13.33,100.0,3,On,1477.68,386.68
1796191380000000000,2026-12-02T06:03:00Z,controller 2,2.152,5.923,-20.45,273.07,305.56,40.73,12.41,100.0,3,On,1464.36,373.82
1796191440000000000,2026-12-02T06:04:00Z,controller 1,2.192,6.399,55.46,71.47,562.13,40.71,14.2,100.0,2,On,1466.26,391.17
1796191500000000000,2026-12-02T06:05:00Z,free response,2.145,6.397,197.61,95.25,382.63,40.7,14.63,100.0,2,On,1443.17,405.89
1796191560000000000,2026-12-02T06:06:00Z,controller 2,2.13,5.869,137.12,138.26,387.11,40.69,14.19,100.0,2,On,1419.92,380.48
1796191620000000000,2026-12-02T06:07:00Z,controller 2,2.168,5.868,62.98,193.12,145.23,40.67,13.42,100.0,1,On,1377.58,369.62
1796191680000000000,2026-12-02T06:08:00Z,free response,2.107,5.992,26.56,53.13,473.01,40.67,12.52,100.0,3,On,743.68,767.94
1796191740000000000,2026-12-02T06:09:00Z,free response,2.227,6.009,9.07,164.15,409.76,40.63,13.49,100.0,2,On,764.32,766.05
1796191800000000000,2026-12-02T06:10:00Z,controller 2,2.08,5.822,-20.53,337.3,349.49,40.61,12.26,100.0,3,On,720.26,781.75
1796191860000000000,2026-12-02T06:11:00Z,free response,2.138,6.056,56.48,111.29,268.09,40.6,14.99,100.0,1,On,693.89,752.12
1796191920000000000,2026-12-02T06:12:00Z,controller 1,2.086,6.352,28.2,99.11,476.09,40.57,12.55,100.0,1,On,556.24,490.08
1796191980000000000,2026-12-02T06:13:00Z,controller 2,2.123,5.9,174.95,60.85,124.59,40.54,14.23,100.0,1,On,592.62,460.31
1796192040000000000,2026-12-02T06:14:00Z,controller 2,2.244,5.942,17.48,95.35,109.03,40.51,13.59,100.0,3,On,564.41,466.13
1796192100000000000,2026-12-02T06:15:00Z,free response,2.18,5.907,-26.13,294.17,133.09,40.48,14.28,100.0,3,On,1065.6,779.12
1796192160000000000,2026-12-02T06:16:00Z,controller 1,2.132,6.335,137.73,428.19,477.24,40.45,15.12,100.0,2,On,1085.42,776.0
1796192220000000000,2026-12-02T06:17:00Z,free response,2.19,5.943,53.66,81.12,285.83,40.42,15.44,100.0,2,On,1083.88,781.63
1796192280000000000,2026-12-02T06:18:00Z,controller 2,2.091,6.096,120.75,262.38,430.45,40.38,14.42,100.0,2,On,1065.14,805.23
1796192340000000000,2026-12-02T06:19:00Z,controller 1,2.139,6.105,197.51,64.08,402.85,40.37,12.93,100.0,2,On,1072.04,828.44
1796192400000000000,2026-12-02T06:20:00Z,controller 2,2.167,6.326,3.79,34.71,329.2,40.35,13.77,100.0,2,Starting,1092.64,856.53
1796192460000000000,2026-12-02T06:21:00Z,controller 1,2.08,6.268,22.36,80.5,215.32,40.33,12.43,100.0,2,Starting,1137.3,845.01
1796192520000000000,2026-12-02T06:22:00Z,free response,2.149,5.755,146.52,338.58,283.86,40.32,11.98,100.0,3,Starting,1173.16,852.68
1796192580000000000,2026-12-02T06:23:00Z,free response,2.076,6.126,53.4,392.45,537.91,40.3,14.08,100.0,2,Starting,1214.84,835.93
1796192640000000000,2026-12-02T06:24:00Z,controller 1,2.115,6.313,87.99,272.45,94.64,40.27,15.51,100.0,3,Starting,1247.02,853.23
1796192700000000000,2026-12-02T06:25:00Z,free response,2.118,6.224,185.48,136.84,434.94,40.26,12.62,100.0,2,Starting,1246.14,830.68
1796192760000000000,2026-12-02T06:26:00Z,controller 1,2.109,6.422,-28.29,159.16,402.69,40.25,15.34,100.0,1,Starting,1275.36,830.22
1796192820000000000,2026-12-02T06:27:00Z,free response,2.22,6.279,-25.54,116.2,80.9,40.22,16.71,100.0,2,Starting,1280.45,848.34
1796192880000000000,2026-12-02T06:28:00Z,free response,2.194,6.011,35.14,303.5,99.07,40.2,14.17,100.0,1,Starting,1311.68,828.27
1796192940000000000,2026-12-02T06:29:00Z,controller 1,2.124,6.289,102.43,416.46,66.21,40.17,13.37,100.0,3,Starting,1272.34,816.32
1796193000000000000,2026-12-02T06:30:00Z,controller 1,2.079,8.62,63.21,140.66,234.4,40.14,19.12,100.0,3,Starting,1281.01,822.74
1796193060000000000,2026-12-02T06:31:00Z,free response,2.024,8.703,-29.31,129.88,570.4,40.13,16.31,100.0,3,Starting,1279.46,826.48
1796193120000000000,2026-12-02T06:32:00Z,controller 1,1.965,8.804,59.57,307.34,113.13,40.1,15.51,100.0,2,Starting,1276.02,856.39
1796193180000000000,2026-12-02T06:33:00Z,controller 2,2.064,8.773,129.67,281.76,254.2,40.08,20.47,100.0,2,Starting,1287.38,834.5
1796193240000000000,2026-12-02T06:34:00Z,controller 2,1.97,8.745,40.3,262.23,90.46,40.06,17.73,100.0,1,Starting,1291.89,851.79
1796193300000000000,2026-12-02T06:35:00Z,controller 1,2.018,8.622,88.94,247.29,347.9,40.04,16.56,100.0,2,Starting,1252.07,869.84
1796193360000000000,2026-12-02T06:36:00Z,controller 1,1.932,9.027,113.71,29.19,128.75,40.0,17.2,100.0,3,Starting,1244.52,841.78
1796193420000000000,2026-12-02T06:37:00Z,controller 1,2.065,8.79,-21.36,311.99,177.08,40.0,19.12,100.0,3,Starting,1280.68,860.8
1796193480000000000,2026-12-02T06:38:00Z,controller 2,1.964,8.869,133.26,150.02,229.47,39.99,18.6,100.0,2,Starting,1278.74,872.33
1796193540000000000,2026-12-02T06:39:00Z,free response,2.045,9.276,179.96,425.2,400.93,39.96,19.34,100.0,3,Starting,1255.65,889.16
1796193600000000000,2026-12-02T06:40:00Z,controller 2,1.982,9.199,60.25,242.17,85.74,39.96,17.3,100.0,1,Starting,1267.79,887.21
1796193660000000000,2026-12-02T06:41:00Z,controller 2,2.04,9.239,30.34,8.31,503.67,39.95,17.58,100.0,3,Starting,1254.41,869.93
1796193720000000000,2026-12-02T06:42:00Z,free response,2.04,9.122,132.35,193.9,593.36,39.92,20.22,100.0,2,Starting,1248.55,859.89
1796193780000000000,2026-12-02T06:43:00Z,free response,2.046,9.065,-20.01,440.97,99.8,39.91,19.39,100.0,3,Starting,1222.08,848.2
1796193840000000000,2026-12-02T06:44:00Z,controller 2,2.097,9.072,101.17,355.34,249.45,39.88,19.61,100.0,3,Starting,1206.91,822.74
1796193900000000000,2026-12-02T06:45:00Z,controller 1,2.054,9.084,8.35,263.87,497.06,39.87,19.83,100.0,1,Starting,1164.91,825.71
1796193960000000000,2026-12-02T06:46:00Z,controller 2,1.985,8.659,170.35,67.02,573.73,39.86,18.42,100.0,2,Starting,1181.33,799.2
1796194020000000000,2026-12-02T06:47:00Z,free response,2.063,8.688,-10.39,255.62,48.62,39.85,17.52,100.0,3,Starting,1172.42,816.98
1796194080000000000,2026-12-02T06:48:00Z,controller 1,1.975,8.894,67.25,387.23,184.82,39.83,16.76,100.0,2,Starting,1222.02,818.46
1796194140000000000,2026-12-02T06:49:00Z,controller 2,2.027,9.245,-1.39,8.48,84.05,39.81,19.43,100.0,1,Starting,1209.82,832.55
1796194200000000000,2026-12-02T06:50:00Z,controller 2,2.086,8.577,121.91,184.67,221.31,39.79,17.97,100.0,2,Starting,1258.61,817.18
1796194260000000000,2026-12-02T06:51:00Z,controller 2,1.963,8.916,145.06,167.69,443.06,39.78,16.1,100.0,1,Starting,1267.89,828.58
1796194320000000000,2026-12-02T06:52:00Z,controller 2,2.001,8.604,101.1,157.32,171.62,39.75,18.05,100.0,3,Starting,1309.7,802.95
1796194380000000000,2026-12-02T06:53:00Z,free response,1.964,8.813,81.29,79.3,592.8,39.72,17.81,100.0,3,Starting,1307.08,830.09
1796194440000000000,2026-12-02T06:54:00Z,free response,2.105,8.77,89.75,219.82,490.83,39.71,18.31,100.0,2,Starting,1395.05,618.45
1796194500000000000,2026-12-02T06:55:00Z,controller 1,1.957,8.637,130.81,267.83,170.97,39.69,17.06,100.0,1,Starting,1417.24,647.03
1796194560000000000,2026-12-02T06:56:00Z,controller 2,2.099,8.624,122.33,311.87,102.5,39.68,20.76,100.0,3,Starting,1368.12,644.55
1796194620000000000,2026-12-02T06:57:00Z,controller 1,2.072,9.004,6.37,360.28,223.95,39.67,18.04,100.0,1,Starting,1339.01,641.1
1796194680000000000,2026-12-02T06:58:00Z,controller 2,2.081,8.638,186.33,271.25,403.4,39.66,19.99,100.0,1,Starting,1331.72,625.61
1796194740000000000,2026-12-02T06:59:00Z,controller 1,2.099,8.875,73.2,21.67,521.91,39.64,20.79,100.0,1,Starting,1330.85,798.33
1796194800000000000,2026-12-02T07:00:00Z,controller 1,0.847,4.504,141.8,184.38,568.97,39.62,1.55,100.0,3,Starting,1305.65,818.9
1796194860000000000,2026-12-02T07:01:00Z,free response,0.909,4.164,136.66,25.11,548.9,39.6,1.59,100.0,1,Starting,1269.48,805.16
1796194920000000000,2026-12-02T07:02:00Z,controller 2,0.774,4.203,54.4,205.68,457.52,39.58,1.3,100.0,2,Starting,1240.07,782.14
1796194980000000000,2026-12-02T07:03:00Z,controller 2,0.915,4.354,187.26,69.06,221.67,39.55,1.75,100.0,3,Starting,1250.11,808.26
1796195040000000000,2026-12-02T07:04:00Z,free response,0.819,4.018,104.37,88.93,568.37,39.52,1.37,100.0,3,Starting,1257.71,797.63
1796195100000000000,2026-12-02T07:05:00Z,controller 2,0.773,4.368,75.01,380.33,343.88,39.5,1.3,100.0,1,Starting,1289.84,815.54
1796195160000000000,2026-12-02T07:06:00Z,free response,0.901,3.852,38.42,217.09,117.47,39.48,1.49,100.0,1,Starting,1339.63,806.1
1796195220000000000,2026-12-02T07:07:00Z,controller 2,0.863,4.285,9.75,128.47,575.81,39.46,1.69,100.0,3,Starting,1296.03,784.4
1796195280000000000,2026-12-02T07:08:00Z,controller 2,0.831,4.06,34.19,88.01,597.61,39.44,1.3,100.0,2,Starting,1379.24,691.65
1796195340000000000,2026-12-02T07:09:00Z,free response,0.806,4.096,-19.76,179.49,253.69,39.41,1.39,100.0,1,Starting,1424.47,701.67
1796195400000000000,2026-12-02T07:10:00Z,controller 2,0.796,4.36,199.34,180.13,464.71,39.4,1.37,100.0,1,Starting,1443.47,723.86
1796195460000000000,2026-12-02T07:11:00Z,controller 1,0.823,3.771,-2.78,439.76,357.6,39.39,1.22,100.0,2,Starting,1451.14,721.41
1796195520000000000,2026-12-02T07:12:00Z,free response,0.791,4.12,11.9,167.15,422.5,39.38,1.18,100.0,2,Starting,1327.43,772.22
1796195580000000000,2026-12-02T07:13:00Z,controller 1,0.823,4.248,135.56,145.54,480.37,39.36,1.48,100.0,1,Starting,1364.63,794.48
1796195640000000000,2026-12-02T07:14:00Z,controller 1,0.808,3.984,194.48,344.33,251.93,39.36,1.37,100.0,2,Starting,657.36,600.65
1796195700000000000,2026-12-02T07:15:00Z,controller 1,0.878,3.788,23.9,248.65,463.45,39.34,1.53,100.0,1,Starting,671.07,623.64
1796195760000000000,2026-12-02T07:16:00Z,controller 1,0.872,4.426,67.96,33.23,345.51,39.32,1.69,100.0,2,Starting,587.43,912.02
1796195820000000000,2026-12-02T07:17:00Z,free response,0.877,4.309,40.84,321.15,427.97,39.31,1.73,100.0,1,Starting,558.7,914.32
1796195880000000000,2026-12-02T07:18:00Z,controller 1,0.846,4.472,148.56,86.64,247.93,39.29,1.46,100.0,2,Starting,735.6,737.5
1796195940000000000,2026-12-02T07:19:00Z,controller 1,0.849,4.437,34.06,239.95,297.77,39.27,1.5,100.0,3,Starting,709.02,766.65
1796196000000000000,2026-12-02T07:20:00Z,controller 1,0.884,4.483,43.71,173.5,195.9,39.24,1.86,100.0,2,Starting,1207.64,489.4
1796196060000000000,2026-12-02T07:21:00Z,controller 2,0.893,4.382,123.42,371.98,527.51,39.22,1.87,100.0,1,Starting,1161.61,468.51
1796196120000000000,2026-12-02T07:22:00Z,free response,0.849,3.817,194.84,104.32,70.15,39.21,1.38,100.0,1,Starting,1180.93,474.66
1796196180000000000,2026-12-02T07:23:00Z,free response,0.812,3.812,-10.5,336.92,367.42,39.18,1.14,100.0,2,Starting,1150.98,448.8
1796196240000000000,2026-12-02T07:24:00Z,free response,0.776,4.116,112.07,227.93,125.4,39.15,1.18,100.0,3,Starting,1190.12,442.22
1796196300000000000,2026-12-02T07:25:00Z,free response,0.925,4.539,172.08,380.31,229.25,39.13,2.01,100.0,2,Starting,1180.82,426.29
1796196360000000000,2026-12-02T07:26:00Z,controller 1,0.834,4.103,-23.12,440.53,476.19,39.12,1.52,100.0,2,Starting,1156.4,420.86
1796196420000000000,2026-12-02T07:27:00Z,controller 1,0.795,3.956,124.14,132.84,554.95,39.11,1.31,100.0,1,Starting,1143.07,398.9
1796196480000000000,2026-12-02T07:28:00Z,controller 1,0.879,4.072,85.52,264.35,462.67,39.1,1.62,100.0,3,Starting,1125.7,390.28
1796196540000000000,2026-12-02T07:29:00Z,free response,0.886,4.167,139.09,321.22,598.36,39.06,1.69,100.0,1,Starting,1173.2,387.61
1796196600000000000,2026-12-02T07:30:00Z,free response,2.624,6.539,56.43,133.77,41.05,39.06,20.84,100.0,1,Starting,1152.16,392.97
1796196660000000000,2026-12-02T07:31:00Z,controller 1,2.57,6.103,1.64,108.98,397.69,39.03,20.96,100.0,1,Starting,1155.0,393.54
1796196720000000000,2026-12-02T07:32:00Z,controller 2,2.475,6.587,42.34,298.08,240.48,39.02,21.93,100.0,1,Starting,1147.94,393.02
1796196780000000000,2026-12-02T07:33:00Z,controller 2,2.602,6.533,190.24,253.86,555.92,39.0,22.12,100.0,1,Starting,1195.05,379.23
1796196840000000000,2026-12-02T07:34:00Z,controller 2,2.588,6.328,176.91,356.83,424.63,38.99,20.15,100.0,1,Starting,1213.42,380.69
1796196900000000000,2026-12-02T07:35:00Z,free response,2.605,6.217,17.54,308.66,328.47,38.97,21.34,100.0,2,Starting,1211.91,395.93
1796196960000000000,2026-12-02T07:36:00Z,controller 1,2.47,6.126,135.17,432.22,207.17,38.94,19.7,100.0,3,Starting,1199.82,403.27
1796197020000000000,2026-12-02T07:37:00Z,free response,2.487,6.502,61.92,38.39,428.49,38.92,20.77,100.0,3,Starting,1223.14,400.05
1796197080000000000,2026-12-02T07:38:00Z,free response,2.59,6.03,162.63,418.49,300.53,38.9,22.18,100.0,3,Starting,1237.32,423.67
1796197140000000000,2026-12-02T07:39:00Z,free response,2.564,6.491,88.61,256.71,195.77,38.88,23.34,100.0,1,Starting,1283.52,436.21
1796197200000000000,2026-12-02T07:40:00Z,controller 2,2.595,6.675,147.88,400.24,389.3,38.86,20.63,100.0,2,Starting,1272.58,422.97
1796197260000000000,2026-12-02T07:41:00Z,controller 2,2.528,6.496,178.84,375.37,145.33,38.84,21.15,100.0,1,Starting,1293.85,418.27
1796197320000000000,2026-12-02T07:42:00Z,controller 2,2.488,6.048,153.12,385.15,229.46,38.82,19.89,100.0,2,Starting,1275.21,431.33
1796197380000000000,2026-12-02T07:43:00Z,controller 1,2.59,6.334,98.1,146.25,378.64,38.8,20.87,100.0,3,Starting,1255.16,448.9
1796197440000000000,2026-12-02T07:44:00Z,free response,2.635,6.064,31.55,281.79,133.2,38.79,18.99,100.0,2,Starting,1238.36,452.68
1796197500000000000,2026-12-02T07:45:00Z,controller 1,2.637,6.359,194.54,86.23,107.97,38.76,22.94,100.0,2,Starting,1264.44,457.17
1796197560000000000,2026-12-02T07:46:00Z,controller 2,2.613,6.695,141.27,49.13,382.89,38.73,23.04,100.0,1,Starting,959.12,671.61
1796197620000000000,2026-12-02T07:47:00Z,controller 1,2.559,6.132,-7.97,386.89,491.78,38.71,20.39,100.0,2,Starting,982.52,677.24
1796197680000000000,2026-12-02T07:48:00Z,controller 1,2.625,6.008,108.41,111.62,506.57,38.7,20.57,100.0,2,Starting,952.53,682.93
1796197740000000000,2026-12-02T07:49:00Z,free response,2.626,6.528,2.4,256.1,232.03,38.69,22.29,100.0,1,Starting,923.76,685.08
1796197800000000000,2026-12-02T07:50:00Z,controller 1,2.477,6.177,-13.64,209.08,400.36,38.68,20.33,100.0,2,Starting,940.41,684.27
1796197860000000000,2026-12-02T07:51:00Z,free response,2.638,6.438,67.5,51.25,173.66,38.67,24.05,100.0,3,Starting,930.74,713.44
1796197920000000000,2026-12-02T07:52:00Z,free response,2.613,6.739,62.04,328.7,424.54,38.66,21.93,100.0,1,Starting,895.58,707.75
1796197980000000000,2026-12-02T07:53:00Z,free response,2.516,6.18,119.56,279.21,207.92,38.65,20.18,100.0,3,Starting,902.9,702.85
1796198040000000000,2026-12-02T07:54:00Z,controller 1,2.493,6.398,72.81,142.17,211.06,38.63,20.27,100.0,2,Starting,949.27,691.08
1796198100000000000,2026-12-02T07:55:00Z,controller 2,2.637,6.699,196.06,29.94,278.84,38.6,25.07,100.0,1,Starting,958.41,718.73
1796198160000000000,2026-12-02T07:56:00Z,free response,2.476,6.165,82.51,30.67,221.87,38.59,17.63,100.0,2,Starting,913.56,736.94
1796198220000000000,2026-12-02T07:57:00Z,controller 1,2.618,6.309,58.58,251.44,248.01,38.58,22.05,100.0,3,Starting,958.12,742.59
1796198280000000000,2026-12-02T07:58:00Z,controller 2,2.497,6.652,-27.39,154.18,416.74,38.56,21.13,100.0,2,Starting,935.22,742.41
1796198340000000000,2026-12-02T07:59:00Z,controller 1,2.595,6.335,176.35,189.26,327.91,38.55,22.84,100.0,3,Starting,908.74,716.99
1796198400000000000,2026-12-02T08:00:00Z,controller 2,1.171,2.622,53.78,169.89,179.9,38.54,1.93,100.0,3,Starting,944.59,729.84
1796198460000000000,2026-12-02T08:01:00Z,free response,1.094,2.532,-26.34,300.42,357.22,38.52,1.51,100.0,2,Starting,969.7,718.79
1796198520000000000,2026-12-02T08:02:00Z,controller 2,1.144,2.656,111.16,320.85,4.6,38.51,1.86,100.0,1,Starting,951.91,720.57
1796198580000000000,2026-12-02T08:03:00Z,free response,1.166,2.695,178.48,267.22,179.36,38.49,1.81,100.0,1,Starting,930.62,729.45
1796198640000000000,2026-12-02T08:04:00Z,controller 1,1.093,3.245,45.93,435.34,55.04,38.46,1.77,100.0,1,Starting,935.85,753.15
1796198700000000000,2026-12-02T08:05:00Z,free response,1.166,3.045,190.91,291.45,482.14,38.44,2.19,100.0,2,Starting,967.35,782.05
1796198760000000000,2026-12-02T08:06:00Z,controller 2,1.035,3.03,14.01,349.78,422.76,38.43,1.48,100.0,1,Starting,928.08,811.41
1796198820000000000,2026-12-02T08:07:00Z,controller 2,1.152,2.994,34.47,126.12,592.36,38.41,1.93,100.0,1,Starting,920.72,828.59
1796198880000000000,2026-12-02T08:08:00Z,controller 1,1.075,2.719,24.33,110.55,328.31,38.39,1.63,100.0,3,Starting,955.25,842.78
1796198940000000000,2026-12-02T08:09:00Z,free response,1.16,2.506,38.68,415.93,12.0,38.38,1.66,100.0,1,Starting,957.95,863.96
1796199000000000000,2026-12-02T08:10:00Z,free response,1.187,2.544,76.64,159.88,22.06,38.35,1.78,100.0,1,Starting,1463.55,474.67
1796199060000000000,2026-12-02T08:11:00Z,free response,1.028,2.746,111.65,221.75,363.65,38.34,1.5,100.0,3,Starting,1479.84,453.38
1796199120000000000,2026-12-02T08:12:00Z,controller 2,1.144,3.05,84.98,326.53,391.72,38.31,2.16,100.0,3,Starting,1494.26,445.67
1796199180000000000,2026-12-02T08:13:00Z,controller 2,1.18,3.191,-14.07,264.19,209.87,38.28,2.26,100.0,1,Starting,1500.0,459.29
1796199240000000000,2026-12-02T08:14:00Z,controller 2,1.191,2.821,185.92,170.28,478.23,38.25,1.9,100.0,2,Starting,1466.6,474.83
1796199300000000000,2026-12-02T08:15:00Z,free response,1.141,2.528,-19.81,261.81,95.39,38.23,1.79,100.0,1,Starting,1487.77,492.38
1796199360000000000,2026-12-02T08:16:00Z,controller 2,1.138,2.709,40.4,120.9,307.83,38.23,1.9,100.0,1,Starting,1472.06,465.6
1796199420000000000,2026-12-02T08:17:00Z,free response,1.115,3.18,126.83,119.22,261.44,38.21,2.17,100.0,3,Starting,1473.34,465.41
1796199480000000000,2026-12-02T08:18:00Z,controller 2,1.143,3.089,184.1,368.35,455.98,38.21,2.02,100.0,1,Starting,1369.15,694.25
1796199540000000000,2026-12-02T08:19:00Z,controller 1,1.082,3.009,95.62,112.47,599.58,38.18,1.77,100.0,2,Starting,1378.89,666.91
1796199600000000000,2026-12-02T08:20:00Z,controller 2,1.065,2.901,49.43,303.24,518.93,38.16,1.64,100.0,3,Starting,1426.95,677.76
1796199660000000000,2026-12-02T08:21:00Z,controller 2,1.128,2.724,127.27,148.74,225.32,38.14,1.65,100.0,1,Starting,1465.76,653.08
1796199720000000000,2026-12-02T08:22:00Z,free response,1.192,2.767,59.79,393.39,428.19,38.13,2.07,100.0,1,Starting,1439.57,650.24
1796199780000000000,2026-12-02T08:23:00Z,controller 1,1.167,2.911,128.85,285.68,514.97,38.12,2.17,100.0,3,Starting,1418.25,622.09
1796199840000000000,2026-12-02T08:24:00Z,free response,1.196,2.836,167.87,303.39,100.27,38.09,2.09,100.0,2,Starting,790.48,404.95
1796199900000000000,2026-12-02T08:25:00Z,controller 1,1.162,2.538,4.64,31.21,133.32,38.07,1.6,100.0,1,Starting,811.68,381.47
1796199960000000000,2026-12-02T08:26:00Z,free response,1.039,3.086,98.53,72.03,554.1,38.05,1.79,100.0,1,Starting,827.46,377.05
1796200020000000000,2026-12-02T08:27:00Z,controller 2,1.171,2.574,81.07,383.18,365.12,38.02,1.69,100.0,1,Starting,829.34,952.99
1796200080000000000,2026-12-02T08:28:00Z,controller 2,1.135,3.124,-12.42,449.21,562.78,37.99,2.14,100.0,1,Starting,804.33,935.1
1796200140000000000,2026-12-02T08:29:00Z,controller 1,1.194,3.251,194.61,196.81,146.98,37.98,2.19,100.0,3,On,788.08,935.03
1796200200000000000,2026-12-02T08:30:00Z,controller 1,0.748,12.787,43.84,18.81,503.16,37.97,3.74,100.0,3,On,804.98,955.69
1796200260000000000,2026-12-02T08:31:00Z,free response,0.742,13.097,187.9,448.34,164.81,37.96,3.96,100.0,3,On,776.18,939.22
1796200320000000000,2026-12-02T08:32:00Z,controller 1,0.786,12.472,-22.7,271.7,155.03,37.95,4.13,100.0,1,On,767.6,949.58
1796200380000000000,2026-12-02T08:33:00Z,controller 1,0.676,12.819,194.44,425.6,426.02,37.92,2.98,100.0,1,On,813.2,462.77
1796200440000000000,2026-12-02T08:34:00Z,controller 1,0.662,12.959,77.52,408.44,8.13,37.91,2.88,100.0,3,On,785.04,478.37
1796200500000000000,2026-12-02T08:35:00Z,controller 2,0.636,13.043,146.09,284.53,314.93,37.87,2.78,100.0,3,On,735.58,453.23
1796200560000000000,2026-12-02T08:36:00Z,controller 2,0.785,13.021,58.02,293.68,79.32,37.85,4.12,100.0,2,On,718.47,462.44
1796200620000000000,2026-12-02T08:37:00Z,controller 1,0.65,12.546,9.63,355.15,102.31,37.83,2.43,100.0,3,On,765.51,479.68
1796200680000000000,2026-12-02T08:38:00Z,free response,0.79,12.562,92.54,154.96,17.61,37.83,3.53,100.0,3,On,796.72,473.33
1796200740000000000,2026-12-02T08:39:00Z,controller 2,0.742,13.152,164.8,44.36,201.6,37.8,3.87,100.0,2,On,769.12,466.76
1796200800000000000,2026-12-02T08:40:00Z,controller 2,0.78,12.993,22.27,76.02,556.41,37.78,4.15,100.0,1,On,784.47,479.86
1796200860000000000,2026-12-02T08:41:00Z,controller 1,0.731,13.002,172.87,168.99,109.45,37.77,3.79,100.0,3,On,772.91,509.7
1796200920000000000,2026-12-02T08:42:00Z,controller 2,0.689,13.14,85.04,365.56,147.13,37.76,3.38,100.0,3,On,748.27,528.62
1796200980000000000,2026-12-02T08:43:00Z,free response,0.781,12.654,158.25,188.28,98.74,37.73,3.48,100.0,3,On,740.61,556.45
1796201040000000000,2026-12-02T08:44:00Z,controller 1,0.656,12.701,7.69,157.74,204.61,37.7,2.87,100.0,3,On,713.1,546.04
1796201100000000000,2026-12-02T08:45:00Z,free response,0.755,12.986,-9.88,319.5,218.12,37.69,3.83,100.0,2,On,746.41,603.33
1796201160000000000,2026-12-02T08:46:00Z,controller 1,0.643,13.114,-4.01,108.33,162.07,37.66,2.96,100.0,2,On,726.84,574.18
1796201220000000000,2026-12-02T08:47:00Z,controller 2,0.739,12.726,148.2,387.69,448.76,37.66,3.57,100.0,3,On,748.59,550.76
1796201280000000000,2026-12-02T08:48:00Z,controller 2,0.673,12.803,47.27,444.34,343.29,37.64,2.71,100.0,1,On,700.26,539.2
1796201340000000000,2026-12-02T08:49:00Z,free response,0.691,12.598,19.82,255.97,234.14,37.61,3.2,100.0,2,On,650.85,566.82
1796201400000000000,2026-12-02T08:50:00Z,free response,0.744,12.863,165.47,91.78,322.98,37.58,3.32,100.0,1,On,612.35,538.44
1796201460000000000,2026-12-02T08:51:00Z,free response,0.678,12.582,23.26,417.47,231.97,37.57,2.94,100.0,1,On,1298.66,373.36
1796201520000000000,2026-12-02T08:52:00Z,controller 1,0.692,12.642,-21.14,65.49,23.02,37.55,2.87,100.0,2,On,1320.76,365.47
1796201580000000000,2026-12-02T08:53:00Z,controller 2,0.667,12.666,192.91,227.88,150.2,37.55,2.56,100.0,3,On,1328.65,346.94
1796201640000000000,2026-12-02T08:54:00Z,controller 1,0.802,12.677,124.63,120.23,303.15,37.53,3.89,100.0,1,On,1296.32,356.05
1796201700000000000,2026-12-02T08:55:00Z,controller 1,0.653,13.106,-28.61,120.06,81.34,37.52,2.97,100.0,2,On,1285.69,327.03
1796201760000000000,2026-12-02T08:56:00Z,controller 2,0.739,12.572,161.43,356.24,231.57,37.51,3.25,100.0,3,On,1236.28,315.64
1796201820000000000,2026-12-02T08:57:00Z,free response,0.791,12.814,174.27,305.63,342.23,37.48,4.36,100.0,2,On,1235.89,340.39
1796201880000000000,2026-12-02T08:58:00Z,free response,0.625,12.846,38.76,215.02,239.57,37.46,2.69,100.0,3,On,1246.24,316.41
1796201940000000000,2026-12-02T08:59:00Z,controller 1,0.715,12.798,-18.86,220.01,447.76,37.45,3.36,100.0,1,On,1207.41,328.8
1796202000000000000,2026-12-02T09:00:00Z,free response,0.422,3.284,99.89,87.17,182.43,37.42,0.32,100.0,1,On,1238.22,323.17
1796202060000000000,2026-12-02T09:01:00Z,controller 1,0.444,3.829,115.79,434.93,445.43,37.39,0.35,100.0,3,On,1248.05,350.12
1796202120000000000,2026-12-02T09:02:00Z,free response,0.353,3.754,197.63,179.62,255.75,37.38,0.23,100.0,1,On,1250.74,354.79
1796202180000000000,2026-12-02T09:03:00Z,free response,0.441,3.582,163.5,23.97,519.55,37.35,0.37,100.0,1,On,1235.84,363.78
1796202240000000000,2026-12-02T09:04:00Z,free response,0.479,3.905,-4.21,15.27,229.66,37.32,0.43,100.0,3,On,1228.06,362.94
1796202300000000000,2026-12-02T09:05:00Z,controller 2,0.456,3.489,181.16,270.94,153.09,37.31,0.4,100.0,1,On,1252.72,367.44
1796202360000000000,2026-12-02T09:06:00Z,free response,0.447,3.833,110.84,251.9,175.21,37.3,0.39,100.0,1,On,1209.43,394.04
1796202420000000000,2026-12-02T09:07:00Z,controller 1,0.369,3.713,176.49,335.93,268.68,37.28,0.27,100.0,1,On,1186.58,372.51
1796202480000000000,2026-12-02T09:08:00Z,controller 2,0.481,3.884,10.68,211.44,580.98,37.26,0.42,100.0,1,On,738.38,454.05
1796202540000000000,2026-12-02T09:09:00Z,free response,0.472,3.778,50.25,380.7,19.9,37.23,0.44,100.0,1,On,745.13,452.88
1796202600000000000,2026-12-02T09:10:00Z,controller 2,0.412,3.918,71.7,252.91,525.2,37.21,0.31,100.0,2,On,1087.37,539.71
1796202660000000000,2026-12-02T09:11:00Z,controller 1,0.368,3.338,91.32,327.38,392.06,37.19,0.22,100.0,3,On,1087.87,511.19
1796202720000000000,2026-12-02T09:12:00Z,controller 2,0.33,3.415,62.12,314.73,30.35,37.18,0.19,100.0,2,On,1096.95,490.36
1796202780000000000,2026-12-02T09:13:00Z,free response,0.412,3.567,41.47,4.8,505.5,37.15,0.3,100.0,3,On,1089.4,481.3
1796202840000000000,2026-12-02T09:14:00Z,controller 1,0.457,3.167,187.75,141.62,568.62,37.14,0.34,100.0,3,On,1040.27,498.66
1796202900000000000,2026-12-02T09:15:00Z,controller 1,0.472,3.178,39.51,132.7,20.15,37.13,0.33,100.0,1,On,1063.9,506.06
1796202960000000000,2026-12-02T09:16:00Z,controller 1,0.352,3.71,185.13,428.49,422.0,37.11,0.25,100.0,3,On,1097.02,535.35
1796203020000000000,2026-12-02T09:17:00Z,controller 1,0.423,3.278,83.67,1.01,438.85,37.08,0.29,100.0,2,On,1106.41,544.35
1796203080000000000,2026-12-02T09:18:00Z,free response,0.333,3.657,-19.4,410.17,256.34,37.06,0.21,100.0,3,On,1148.09,538.71
1796203140000000000,2026-12-02T09:19:00Z,controller 1,0.321,3.58,161.08,343.28,177.64,37.05,0.19,100.0,3,On,1154.33,528.13
1796203200000000000,2026-12-02T09:20:00Z,controller 2,0.346,3.223,-20.94,77.63,358.65,37.01,0.18,100.0,2,On,1122.19,555.6
1796203260000000000,2026-12-02T09:21:00Z,controller 1,0.343,3.165,199.33,329.66,404.98,36.98,0.2,100.0,2,On,1166.98,536.03
1796203320000000000,2026-12-02T09:22:00Z,controller 1,0.385,3.673,9.8,208.52,157.12,36.95,0.29,100.0,3,On,1119.17,557.97
1796203380000000000,2026-12-02T09:23:00Z,controller 2,0.463,3.74,112.26,172.86,16.71,36.93,0.39,100.0,2,On,1088.73,546.5
1796203440000000000,2026-12-02T09:24:00Z,controller 1,0.406,3.579,14.88,57.37,294.66,36.92,0.28,100.0,3,On,1050.58,571.48
1796203500000000000,2026-12-02T09:25:00Z,controller 1,0.473,3.159,78.38,402.44,115.41,36.91,0.37,100.0,3,On,1011.34,574.75
1796203560000000000,2026-12-02T09:26:00Z,controller 2,0.435,3.451,94.69,157.29,5.26,36.88,0.29,100.0,1,On,1043.19,603.46
1796203620000000000,2026-12-02T09:27:00Z,controller 1,0.478,3.828,5.71,155.22,570.36,36.86,0.41,100.0,2,On,1015.15,586.78
1796203680000000000,2026-12-02T09:28:00Z,controller 2,0.411,3.538,18.76,68.69,60.66,36.84,0.28,100.0,2,On,1038.98,579.2
1796203740000000000,2026-12-02T09:29:00Z,controller 2,0.402,3.367,135.03,45.61,458.84,36.82,0.3,100.0,2,On,1074.16,576.34
1796203800000000000,2026-12-02T09:30:00Z,free response,1.17,8.324,169.52,226.61,294.18,36.8,5.23,100.0,3,On,1118.98,597.35
1796203860000000000,2026-12-02T09:31:00Z,controller 1,1.092,8.356,159.34,57.62,82.23,36.78,4.69,100.0,3,On,1079.82,572.19
1796203920000000000,2026-12-02T09:32:00Z,controller 2,1.189,8.839,129.29,108.07,9.67,36.78,6.12,100.0,1,On,1120.21,555.07
1796203980000000000,2026-12-02T09:33:00Z,controller 1,1.164,8.73,50.37,14.29,565.39,36.75,6.16,100.0,1,On,1167.67,556.59
1796204040000000000,2026-12-02T09:34:00Z,free response,1.117,8.802,-4.47,358.38,67.5,36.73,5.51,100.0,2,On,1121.61,544.2
1796204100000000000,2026-12-02T09:35:00Z,controller 1,1.19,8.197,155.36,254.75,427.05,36.7,6.1,100.0,1,On,1142.12,537.17
1796204160000000000,2026-12-02T09:36:00Z,controller 1,1.122,8.689,78.14,64.59,289.23,36.68,5.73,100.0,3,On,1099.53,566.47
1796204220000000000,2026-12-02T09:37:00Z,free response,1.179,8.357,41.45,296.91,476.42,36.67,5.61,100.0,2,On,1083.77,585.81
1796204280000000000,2026-12-02T09:38:00Z,free response,1.203,8.379,74.59,352.35,301.35,36.65,6.36,100.0,2,On,1110.39,589.63
1796204340000000000,2026-12-02T09:39:00Z,controller 1,1.208,8.816,-6.27,119.2,469.06,36.63,6.29,100.0,1,On,1111.1,584.82
1796204400000000000,2026-12-02T09:40:00Z,controller 1,1.177,8.829,147.73,285.08,492.41,36.6,5.89,100.0,2,On,1107.9,589.03
1796204460000000000,2026-12-02T09:41:00Z,controller 2,1.094,8.823,195.81,247.8,225.67,36.58,5.3,100.0,1,On,1085.56,594.14
1796204520000000000,2026-12-02T09:42:00Z,controller 1,1.242,8.899,-14.05,285.93,356.84,36.55,7.41,100.0,1,On,1128.71,603.44
1796204580000000000,2026-12-02T09:43:00Z,controller 2,1.199,8.666,152.79,230.02,292.5,36.54,6.5,100.0,1,On,1113.41,612.7
1796204640000000000,2026-12-02T09:44:00Z,controller 2,1.124,8.177,48.95,73.28,403.72,36.52,5.42,100.0,2,On,1133.69,619.22
1796204700000000000,2026-12-02T09:45:00Z,controller 2,1.233,8.328,89.46,260.36,128.0,36.5,6.6,100.0,2,On,1166.61,647.75
1796204760000000000,2026-12-02T09:46:00Z,controller 2,1.17,8.159,-18.38,54.93,448.64,36.47,5.04,100.0,3,On,1207.61,663.55
1796204820000000000,2026-12-02T09:47:00Z,controller 1,1.114,8.251,149.6,260.61,294.46,36.45,5.5,100.0,2,On,1158.17,673.69
1796204880000000000,2026-12-02T09:48:00Z,controller 2,1.175,8.49,120.2,36.98,127.3,36.42,5.87,100.0,1,On,1193.29,697.96
1796204940000000000,2026-12-02T09:49:00Z,controller 1,1.156,8.66,53.1,5.07,594.13,36.39,5.98,100.0,2,On,1164.42,688.13
1796205000000000000,2026-12-02T09:50:00Z,controller 2,1.234,8.675,-22.16,222.76,562.39,36.37,6.28,100.0,3,On,1156.76,694.93
1796205060000000000,2026-12-02T09:51:00Z,controller 2,1.183,8.535,-4.42,258.37,509.6,36.36,5.71,100.0,2,On,1156.05,719.7
1796205120000000000,2026-12-02T09:52:00Z,free response,1.131,8.215,8.1,87.44,60.03,36.35,5.06,100.0,1,On,1120.29,704.97
1796205180000000000,2026-12-02T09:53:00Z,controller 1,1.18,8.618,15.25,155.09,265.78,36.32,6.32,100.0,2,On,1112.34,687.57
1796205240000000000,2026-12-02T09:54:00Z,controller 2,1.109,8.322,115.65,276.85,187.64,36.3,5.09,100.0,3,On,1087.39,677.09
1796205300000000000,2026-12-02T09:55:00Z,controller 1,1.115,8.641,70.36,246.24,81.48,36.27,5.39,100.0,2,On,1109.17,696.16
1796205360000000000,2026-12-02T09:56:00Z,free response,1.243,8.771,103.57,37.62,200.03,36.23,6.99,100.0,1,On,1073.68,680.82
1796205420000000000,2026-12-02T09:57:00Z,controller 2,1.152,8.739,108.0,148.19,516.09,36.22,6.3,100.0,1,On,1044.31,676.47
1796205480000000000,2026-12-02T09:58:00Z,free response,1.216,8.275,133.58,299.37,38.76,36.2,5.68,100.0,3,On,1088.91,672.43
1796205540000000000,2026-12-02T09:59:00Z,controller 2,1.096,8.264,115.95,9.73,339.12,36.17,4.83,100.0,1,On,1096.8,674.14
1796205600000000000,2026-12-02T10:00:00Z,controller 1,0.097,4.298,97.28,197.92,512.04,36.13,0.02,100.0,2,Starting,1067.0,689.56
1796205660000000000,2026-12-02T10:01:00Z,controller 2,0.074,4.643,102.47,256.48,571.93,36.1,0.01,100.0,2,Starting,1109.04,673.11
1796205720000000000,2026-12-02T10:02:00Z,free response,0.095,4.619,113.16,426.05,382.69,36.07,0.02,100.0,1,Starting,1076.24,697.75
1796205780000000000,2026-12-02T10:03:00Z,controller 1,0.209,4.133,65.3,445.1,38.58,36.04,0.09,100.0,2,Starting,1038.26,723.9
1796205840000000000,2026-12-02T10:04:00Z,free response,0.173,4.417,-29.27,161.93,233.87,36.01,0.06,100.0,2,Starting,992.05,696.82
1796205900000000000,2026-12-02T10:05:00Z,controller 2,0.133,4.08,145.95,58.97,216.04,36.0,0.04,100.0,2,Starting,946.23,679.86
1796205960000000000,2026-12-02T10:06:00Z,free response,0.101,4.43,95.99,240.65,404.62,35.98,0.02,100.0,2,Starting,956.7,663.45
1796206020000000000,2026-12-02T10:07:00Z,free response,0.131,4.45,124.53,407.64,281.18,35.97,0.04,100.0,2,Starting,939.79,692.47
1796206080000000000,2026-12-02T10:08:00Z,free response,0.24,4.194,-21.81,3.44,259.27,35.96,0.11,100.0,3,Starting,890.74,711.79
1796206140000000000,2026-12-02T10:09:00Z,free response,0.183,4.603,-18.46,21.68,244.66,35.95,0.08,100.0,3,Starting,855.88,736.49
1796206200000000000,2026-12-02T10:10:00Z,controller 1,0.187,4.461,53.89,336.35,299.79,35.93,0.09,100.0,2,Starting,814.46,750.6
1796206260000000000,2026-12-02T10:11:00Z,free response,0.23,4.743,0.42,259.09,5.5,35.92,0.12,100.0,3,Starting,836.81,747.89
1796206320000000000,2026-12-02T10:12:00Z,controller 1,0.143,4.015,25.5,184.95,368.72,35.89,0.04,100.0,2,Starting,867.77,776.42
1796206380000000000,2026-12-02T10:13:00Z,free response,0.196,4.098,70.51,171.73,441.67,35.87,0.08,100.0,2,Starting,896.35,779.14
1796206440000000000,2026-12-02T10:14:00Z,controller 1,0.103,4.499,129.12,171.2,498.19,35.86,0.03,100.0,2,Starting,878.73,752.43
1796206500000000000,2026-12-02T10:15:00Z,controller 1,0.213,4.566,-18.39,74.09,153.84,35.85,0.1,100.0,3,Starting,877.11,729.99
1796206560000000000,2026-12-02T10:16:00Z,controller 2,0.177,4.648,-29.46,213.38,243.27,35.84,0.07,100.0,3,Starting,506.26,641.62
1796206620000000000,2026-12-02T10:17:00Z,controller 1,0.225,3.992,148.28,319.89,492.91,35.82,0.11,100.0,3,Starting,467.1,634.61
1796206680000000000,2026-12-02T10:18:00Z,free response,0.125,4.312,144.53,120.27,537.82,35.8,0.04,100.0,1,Starting,418.82,660.85
1796206740000000000,2026-12-02T10:19:00Z,free response,0.122,4.493,192.9,440.99,372.96,35.79,0.04,100.0,2,Starting,390.8,663.68
1796206800000000000,2026-12-02T10:20:00Z,controller 1,0.084,4.599,100.53,177.1,451.89,35.76,0.02,100.0,1,Starting,348.83,690.74
1796206860000000000,2026-12-02T10:21:00Z,controller 2,0.187,4.536,10.42,285.98,49.29,35.73,0.07,100.0,3,Starting,349.33,700.45
1796206920000000000,2026-12-02T10:22:00Z,controller 1,0.226,4.655,163.46,358.93,389.57,35.7,0.11,100.0,1,Starting,358.6,683.1
1796206980000000000,2026-12-02T10:23:00Z,free response,0.205,4.072,95.06,273.9,159.57,35.68,0.08,100.0,3,Starting,368.7,672.21
1796207040000000000,2026-12-02T10:24:00Z,free response,0.162,4.727,175.19,397.93,30.78,35.66,0.06,100.0,1,Starting,354.52,645.26
1796207100000000000,2026-12-02T10:25:00Z,controller 1,0.163,4.574,58.65,86.03,353.31,35.63,0.07,100.0,3,Starting,356.5,630.15
1796207160000000000,2026-12-02T10:26:00Z,controller 1,0.192,4.326,165.57,295.11,108.58,35.62,0.08,100.0,3,Starting,385.85,641.37
1796207220000000000,2026-12-02T10:27:00Z,controller 2,0.109,3.981,133.39,87.62,240.07,35.59,0.02,100.0,2,Starting,393.22,658.08
1796207280000000000,2026-12-02T10:28:00Z,controller 2,0.179,4.032,-13.52,240.78,25.58,35.57,0.06,100.0,2,Starting,419.33,675.31
1796207340000000000,2026-12-02T10:29:00Z,controller 2,0.097,4.62,104.28,438.72,258.25,35.55,0.02,100.0,3,Starting,425.21,664.86
1796207400000000000,2026-12-02T10:30:00Z,free response,2.232,4.901,118.63,270.51,557.19,35.54,13.09,100.0,2,Starting,391.03,667.87
1796207460000000000,2026-12-02T10:31:00Z,controller 1,2.172,5.105,23.22,443.89,575.99,35.51,13.14,100.0,3,Starting,418.07,647.65
1796207520000000000,2026-12-02T10:32:00Z,controller 2,2.223,5.237,158.24,415.59,586.82,35.49,14.18,100.0,2,Starting,440.51,666.48
1796207580000000000,2026-12-02T10:33:00Z,controller 2,2.079,4.685,126.73,126.09,513.63,35.46,9.84,100.0,1,Starting,486.27,656.23
1796207640000000000,2026-12-02T10:34:00Z,controller 2,2.182,4.797,98.39,155.43,79.91,35.45,11.24,100.0,2,Starting,463.42,658.91
1796207700000000000,2026-12-02T10:35:00Z,controller 2,2.136,5.184,-4.86,217.91,249.76,35.43,10.85,100.0,2,Starting,491.65,638.1
1796207760000000000,2026-12-02T10:36:00Z,controller 1,2.075,5.204,-25.2,124.73,77.02,35.39,11.17,100.0,1,Starting,448.61,646.7
1796207820000000000,2026-12-02T10:37:00Z,controller 1,2.121,5.008,-25.35,366.39,126.71,35.38,10.65,100.0,2,Starting,447.42,633.86
1796207880000000000,2026-12-02T10:38:00Z,controller 2,2.211,4.755,-3.48,78.32,530.84,35.35,11.89,100.0,1,Starting,405.98,609.56
1796207940000000000,2026-12-02T10:39:00Z,controller 1,2.235,5.244,55.31,298.94,208.5,35.34,12.38,100.0,3,Starting,356.17,597.51
1796208000000000000,2026-12-02T10:40:00Z,free response,2.234,5.385,117.83,234.8,383.14,35.33,13.83,100.0,2,Starting,378.87,616.93
1796208060000000000,2026-12-02T10:41:00Z,controller 2,2.129,4.732,101.11,123.92,383.11,35.31,11.49,100.0,2,Starting,389.39,609.13
1796208120000000000,2026-12-02T10:42:00Z,free response,2.204,4.971,69.3,309.56,229.5,35.3,12.59,100.0,1,Starting,351.99,608.25
1796208180000000000,2026-12-02T10:43:00Z,free response,2.23,5.421,42.07,97.71,65.86,35.29,13.34,100.0,2,Starting,345.56,634.45
1796208240000000000,2026-12-02T10:44:00Z,controller 2,2.241,5.053,29.77,246.04,3.37,35.27,12.7,26.54,1,Starting,306.93,653.03
1796208300000000000,2026-12-02T10:45:00Z,controller 1,2.242,5.117,114.53,260.23,378.11,35.24,13.06,100.0,1,Starting,294.1,659.0
1796208360000000000,2026-12-02T10:46:00Z,controller 2,2.088,5.121,148.87,364.93,304.71,35.22,11.07,100.0,2,Starting,253.25,680.1
1796208420000000000,2026-12-02T10:47:00Z,controller 1,2.248,5.242,6.52,285.19,518.72,35.21,12.17,100.0,2,Starting,264.0,663.59
1796208480000000000,2026-12-02T10:48:00Z,controller 2,2.204,4.805,107.26,52.07,445.73,35.2,12.63,100.0,2,Starting,219.25,645.87
1796208540000000000,2026-12-02T10:49:00Z,controller 1,2.175,5.164,-1.4,297.14,47.2,35.17,11.92,100.0,3,Starting,199.39,630.1
1796208600000000000,2026-12-02T10:50:00Z,controller 1,2.159,4.662,66.04,187.93,179.61,35.16,11.78,100.0,3,Starting,235.05,616.51
1796208660000000000,2026-12-02T10:51:00Z,controller 2,2.217,5.411,193.88,153.43,93.74,35.13,13.0,100.0,1,Starting,226.41,588.48
1796208720000000000,2026-12-02T10:52:00Z,controller 2,2.165,4.676,50.59,388.01,89.59,35.12,11.81,100.0,1,Starting,272.3,564.87
1796208780000000000,2026-12-02T10:53:00Z,controller 2,2.176,4.701,-19.08,387.66,148.52,35.12,11.25,100.0,1,Starting,818.98,558.29
1796208840000000000,2026-12-02T10:54:00Z,controller 2,2.099,4.723,51.82,23.57,572.92,35.09,9.43,100.0,3,Starting,775.2,562.07
1796208900000000000,2026-12-02T10:55:00Z,controller 1,2.213,5.139,6.07,395.98,581.22,35.07,13.25,100.0,1,Starting,821.55,568.42
1796208960000000000,2026-12-02T10:56:00Z,controller 1,2.194,5.35,88.79,392.88,325.87,35.05,11.62,100.0,3,Starting,792.92,591.67
1796209020000000000,2026-12-02T10:57:00Z,free response,2.074,4.935,130.51,322.82,304.16,35.04,11.57,100.0,3,Starting,787.4,589.53
1796209080000000000,2026-12-02T10:58:00Z,controller 1,2.241,5.047,-12.66,324.01,44.57,35.01,12.37,100.0,1,Starting,826.04,607.18
1796209140000000000,2026-12-02T10:59:00Z,controller 2,2.109,4.677,195.08,101.54,412.63,34.99,10.33,100.0,3,Starting,843.93,597.13
1796209200000000000,2026-12-02T11:00:00Z,controller 2,0.391,7.674,96.78,117.7,572.05,34.98,0.62,100.0,2,Starting,829.48,577.21
1796209260000000000,2026-12-02T11:01:00Z,controller 2,0.481,7.609,52.93,134.44,98.55,34.96,0.95,100.0,3,Starting,1265.83,665.12
1796209320000000000,2026-12-02T11:02:00Z,free response,0.35,7.649,144.92,14.65,423.17,34.95,0.43,100.0,3,Starting,1291.37,657.28
1796209380000000000,2026-12-02T11:03:00Z,free response,0.495,7.011,158.8,318.79,165.93,34.93,0.93,100.0,2,Starting,1256.83,633.92
1796209440000000000,2026-12-02T11:04:00Z,controller 2,0.479,7.532,113.17,218.74,85.08,34.9,0.91,100.0,2,Starting,1286.16,654.42
1796209500000000000,2026-12-02T11:05:00Z,free response,0.494,7.51,189.49,229.23,218.7,34.87,0.95,100.0,3,Starting,1320.16,629.87
1796209560000000000,2026-12-02T11:06:00Z,controller 2,0.495,7.513,34.17,102.18,8.03,34.84,0.86,100.0,2,Starting,1270.62,630.95
1796209620000000000,2026-12-02T11:07:00Z,free response,0.476,7.043,62.9,54.73,422.96,34.83,0.87,100.0,1,Starting,1289.5,616.68
1796209680000000000,2026-12-02T11:08:00Z,controller 1,0.502,7.528,20.63,373.08,159.21,34.8,0.91,100.0,3,Starting,1308.88,591.55
1796209740000000000,2026-12-02T11:09:00Z,controller 1,0.437,7.738,155.76,429.85,18.1,34.78,0.69,100.0,2,Starting,1265.28,586.31
1796209800000000000,2026-12-02T11:10:00Z,controller 2,0.377,6.99,162.35,255.11,69.01,34.76,0.48,100.0,2,Off,1283.54,589.25
1796209860000000000,2026-12-02T11:11:00Z,controller 1,0.391,7.482,9.16,411.13,443.68,34.75,0.56,100.0,2,Off,1255.73,611.61
1796209920000000000,2026-12-02T11:12:00Z,controller 1,0.376,7.307,86.8,418.73,19.64,34.73,0.56,100.0,1,Off,1275.55,608.6
1796209980000000000,2026-12-02T11:13:00Z,controller 2,0.437,7.242,-6.68,102.02,106.08,34.71,0.7,100.0,2,Off,1227.07,595.35
1796210040000000000,2026-12-02T11:14:00Z,free response,0.484,7.351,147.65,446.85,512.71,34.69,0.9,100.0,2,Off,1231.46,622.65
1796210100000000000,2026-12-02T11:15:00Z,controller 2,0.485,7.608,10.86,448.59,465.26,34.66,0.86,100.0,1,Off,1257.07,604.58
1796210160000000000,2026-12-02T11:16:00Z,free response,0.518,7.467,0.1,93.01,99.65,34.63,0.92,100.0,2,Off,1233.32,626.45
1796210220000000000,2026-12-02T11:17:00Z,controller 1,0.438,7.748,50.03,132.25,274.37,34.62,0.77,100.0,3,Off,1205.06,598.61
1796210280000000000,2026-12-02T11:18:00Z,controller 1,0.521,7.608,12.49,356.74,392.94,34.6,1.13,100.0,3,Off,1173.69,614.8
1796210340000000000,2026-12-02T11:19:00Z,free response,0.446,7.521,81.85,367.91,506.66,34.58,0.76,100.0,2,Off,1137.46,599.27
1796210400000000000,2026-12-02T11:20:00Z,controller 2,0.52,7.009,85.78,63.16,73.67,34.56,0.94,100.0,1,Off,1143.46,592.38
1796210460000000000,2026-12-02T11:21:00Z,free response,0.341,7.166,155.8,101.72,553.54,34.53,0.41,100.0,3,Off,1096.64,617.69
1796210520000000000,2026-12-02T11:22:00Z,controller 2,0.502,7.381,-11.56,407.81,110.51,34.49,0.96,100.0,2,Off,1063.72,626.55
1796210580000000000,2026-12-02T11:23:00Z,free response,0.352,7.408,162.62,174.91,196.06,34.48,0.5,100.0,2,Off,1036.38,633.28
1796210640000000000,2026-12-02T11:24:00Z,free response,0.458,7.717,124.2,328.44,548.17,34.45,0.76,100.0,2,Off,995.02,610.97
1796210700000000000,2026-12-02T11:25:00Z,controller 1,0.441,7.445,186.63,34.19,322.4,34.43,0.79,100.0,2,Off,1009.65,632.41
1796210760000000000,2026-12-02T11:26:00Z,free response,0.405,7.65,112.49,71.77,573.89,34.4,0.67,100.0,1,Off,983.52,614.36
1796210820000000000,2026-12-02T11:27:00Z,controller 1,0.363,7.401,-7.12,438.49,596.04,34.39,0.48,100.0,3,Off,1018.38,621.19
1796210880000000000,2026-12-02T11:28:00Z,controller 1,0.504,7.241,12.65,129.3,363.74,34.38,0.87,100.0,2,Off,1064.92,639.07
1796210940000000000,2026-12-02T11:29:00Z,free response,0.383,7.348,69.55,359.07,355.51,34.35,0.5,100.0,2,Off,1025.71,650.7
1796211000000000000,2026-12-02T11:30:00Z,controller 2,0.251,7.958,-21.63,372.71,458.52,34.34,0.24,100.0,3,Off,1037.29,657.7
1796211060000000000,2026-12-02T11:31:00Z,controller 2,0.224,8.13,176.8,108.23,168.02,34.31,0.22,100.0,2,Off,1080.96,682.98
1796211120000000000,2026-12-02T11:32:00Z,controller 2,0.164,8.193,198.2,413.43,496.62,34.29,0.12,100.0,2,Off,1038.02,703.26
1796211180000000000,2026-12-02T11:33:00Z,controller 2,0.33,8.412,40.2,288.56,76.71,34.28,0.46,100.0,1,Off,1084.94,680.97
1796211240000000000,2026-12-02T11:34:00Z,free response,0.157,7.987,68.35,79.18,589.72,34.27,0.1,100.0,1,Off,1088.0,686.32
1796211300000000000,2026-12-02T11:35:00Z,controller 2,0.226,8.015,100.47,66.5,558.63,34.26,0.22,100.0,1,Off,1103.66,702.7
1796211360000000000,2026-12-02T11:36:00Z,free response,0.324,8.276,76.51,206.23,347.58,34.24,0.39,100.0,2,Off,1071.44,683.64
1796211420000000000,2026-12-02T11:37:00Z,free response,0.29,8.064,24.79,381.64,332.75,34.22,0.33,100.0,2,Off,1064.29,672.14
1796211480000000000,2026-12-02T11:38:00Z,controller 1,0.283,7.802,57.76,74.62,452.02,34.19,0.34,100.0,2,Off,1014.68,670.13
1796211540000000000,2026-12-02T11:39:00Z,free response,0.158,8.232,44.18,230.31,577.47,34.17,0.09,100.0,1,Off,1052.45,673.02
1796211600000000000,2026-12-02T11:40:00Z,controller 2,0.286,7.828,187.26,274.07,386.77,34.16,0.31,100.0,1,Off,1014.33,694.6
1796211660000000000,2026-12-02T11:41:00Z,controller 1,0.286,7.848,184.53,138.05,513.34,34.13,0.34,100.0,3,Off,986.86,695.52
1796211720000000000,2026-12-02T11:42:00Z,controller 2,0.237,8.525,47.1,13.73,209.77,34.13,0.24,100.0,1,Off,991.8,717.55
1796211780000000000,2026-12-02T11:43:00Z,controller 2,0.243,8.479,17.14,297.47,417.45,34.12,0.24,100.0,1,Off,942.44,703.55
1796211840000000000,2026-12-02T11:44:00Z,controller 1,0.311,7.919,120.87,58.82,99.66,34.09,0.41,100.0,2,Off,970.18,731.47
1796211900000000000,2026-12-02T11:45:00Z,controller 2,0.223,7.917,169.55,238.84,46.07,34.06,0.19,100.0,2,Off,1018.73,710.41
1796211960000000000,2026-12-02T11:46:00Z,controller 2,0.167,7.874,98.72,105.71,384.27,34.05,0.12,100.0,3,Off,1053.09,703.67
1796212020000000000,2026-12-02T11:47:00Z,free response,0.279,8.017,105.94,181.58,120.5,34.04,0.3,100.0,2,Off,1074.65,677.59
1796212080000000000,2026-12-02T11:48:00Z,controller 1,0.325,8.148,70.64,222.1,247.29,34.03,0.39,100.0,3,Off,1118.27,668.04
1796212140000000000,2026-12-02T11:49:00Z,controller 2,0.215,8.484,84.52,188.19,63.71,34.01,0.19,100.0,2,Off,1127.32,643.42
1796212200000000000,2026-12-02T11:50:00Z,free response,0.181,8.417,53.63,196.17,447.84,33.98,0.15,100.0,1,Off,1118.69,628.53
1796212260000000000,2026-12-02T11:51:00Z,controller 1,0.169,8.435,-2.36,383.17,177.84,33.95,0.13,100.0,1,Off,1102.78,653.07
1796212320000000000,2026-12-02T11:52:00Z,controller 2,0.174,8.462,-12.79,231.58,535.05,33.93,0.14,100.0,3,Off,1119.22,673.53
1796212380000000000,2026-12-02T11:53:00Z,free response,0.198,8.368,-24.63,159.51,65.26,33.9,0.15,100.0,1,Off,1133.43,653.02
1796212440000000000,2026-12-02T11:54:00Z,controller 2,0.206,7.861,-1.73,258.65,334.17,33.89,0.16,100.0,2,Off,1143.32,669.99
1796212500000000000,2026-12-02T11:55:00Z,free response,0.271,8.12,57.0,306.29,26.15,33.87,0.31,100.0,1,Off,1169.32,685.87
1796212560000000000,2026-12-02T11:56:00Z,free response,0.197,8.123,138.15,435.38,1.43,33.84,0.14,100.0,3,Off,1122.31,701.57
1796212620000000000,2026-12-02T11:57:00Z,controller 1,0.227,8.521,-22.51,294.7,578.55,33.83,0.2,100.0,2,Off,1115.36,702.56
1796212680000000000,2026-12-02T11:58:00Z,controller 2,0.311,8.108,-20.79,400.86,250.3,33.82,0.37,100.0,2,Off,1133.58,724.46
1796212740000000000,2026-12-02T11:59:00Z,controller 2,0.303,7.98,62.04,357.49,404.35,33.8,0.36,100.0,2,Off,1110.03,727.78
1796212800000000000,2026-12-02T12:00:00Z,controller 2,1.902,5.901,135.07,1.6,303.63,33.79,11.25,100.0,2,Off,1070.82,714.27
1796212860000000000,2026-12-02T12:01:00Z,controller 1,1.952,6.008,36.53,122.95,270.12,33.78,12.4,100.0,2,Off,1082.22,731.33
1796212920000000000,2026-12-02T12:02:00Z,free response,1.958,5.94,181.3,114.18,57.58,33.77,12.21,100.0,3,Off,1122.86,737.97
1796212980000000000,2026-12-02T12:03:00Z,free response,1.941,6.073,47.06,319.2,88.32,33.74,10.77,100.0,1,Off,1168.6,748.29
1796213040000000000,2026-12-02T12:04:00Z,controller 2,1.865,6.426,62.21,365.22,133.87,33.72,10.96,100.0,1,Off,1170.84,766.46
1796213100000000000,2026-12-02T12:05:00Z,controller 1,1.991,5.819,43.06,368.2,505.2,33.68,11.62,100.0,3,Off,1213.74,753.0
1796213160000000000,2026-12-02T12:06:00Z,free response,1.978,6.055,-4.21,135.6,556.75,33.65,12.75,100.0,2,Off,1192.84,731.21
1796213220000000000,2026-12-02T12:07:00Z,free response,1.893,5.83,125.03,175.07,564.47,33.62,10.22,100.0,1,Off,1153.94,707.45
1796213280000000000,2026-12-02T12:08:00Z,free response,1.927,6.319,-17.99,115.47,494.09,33.62,12.06,100.0,3,Off,1123.06,684.32
1796213340000000000,2026-12-02T12:09:00Z,free response,2.02,5.836,172.12,439.02,5.61,33.59,10.99,51.05,2,Off,1093.48,712.45
1796213400000000000,2026-12-02T12:10:00Z,controller 1,1.93,6.103,170.5,14.57,166.57,33.56,10.5,100.0,1,Off,1080.51,724.04
1796213460000000000,2026-12-02T12:11:00Z,controller 2,2.026,5.984,3.13,339.28,470.2,33.53,11.09,100.0,2,Off,1079.68,726.39
1796213520000000000,2026-12-02T12:12:00Z,controller 1,1.928,5.797,2.33,4.27,323.19,33.5,10.77,100.0,2,Off,1096.62,717.13
1796213580000000000,2026-12-02T12:13:00Z,free response,1.975,6.066,186.39,244.41,195.31,33.48,11.47,100.0,2,Off,1075.86,711.18
1796213640000000000,2026-12-02T12:14:00Z,free response,1.953,6.401,159.49,415.67,69.56,33.45,12.94,100.0,1,Off,1044.54,686.44
1796213700000000000,2026-12-02T12:15:00Z,controller 1,1.964,6.448,-19.29,231.26,256.4,33.43,11.95,100.0,3,Off,1010.2,671.59
1796213760000000000,2026-12-02T12:16:00Z,controller 1,1.995,6.496,109.0,179.53,216.77,33.41,13.06,100.0,2,Off,995.67,674.61
1796213820000000000,2026-12-02T12:17:00Z,free response,1.978,6.523,199.08,200.49,117.81,33.38,11.86,100.0,2,Off,963.7,679.84
1796213880000000000,2026-12-02T12:18:00Z,controller 2,1.994,6.457,16.48,263.31,524.19,33.37,13.24,100.0,1,Off,991.0,662.83
1796213940000000000,2026-12-02T12:19:00Z,free response,1.942,6.062,64.06,46.1,34.25,33.36,12.54,100.0,2,Off,1002.78,670.11
1796214000000000000,2026-12-02T12:20:00Z,controller 1,1.938,6.212,85.92,294.06,3.18,33.34,11.36,27.99,3,Off,1042.04,659.53
1796214060000000000,2026-12-02T12:21:00Z,controller 2,1.99,5.97,73.31,216.38,73.75,33.32,12.18,100.0,3,Off,1080.12,646.82
1796214120000000000,2026-12-02T12:22:00Z,controller 2,2.034,6.048,104.26,26.51,218.65,33.31,11.83,100.0,3,Off,1087.98,622.14
1796214180000000000,2026-12-02T12:23:00Z,controller 2,1.878,6.01,-0.03,195.65,383.77,33.29,10.62,100.0,3,Off,1059.78,615.91
1796214240000000000,2026-12-02T12:24:00Z,free response,2.007,6.446,71.09,336.71,474.2,33.26,12.97,100.0,3,Off,1084.06,618.23
1796214300000000000,2026-12-02T12:25:00Z,free response,1.953,6.384,142.11,128.18,419.48,33.23,11.39,100.0,1,Off,1039.71,608.7
1796214360000000000,2026-12-02T12:26:00Z,free response,1.867,5.921,186.5,240.94,232.3,33.2,10.79,100.0,1,Off,1071.37,606.73
1796214420000000000,2026-12-02T12:27:00Z,free response,1.935,5.805,45.28,94.8,96.44,33.18,11.42,100.0,2,Off,1070.38,581.1
1796214480000000000,2026-12-02T12:28:00Z,controller 2,1.873,6.145,143.55,422.83,51.14,33.17,10.46,100.0,3,Off,1059.12,591.32
1796214540000000000,2026-12-02T12:29:00Z,controller 2,1.931,6.392,189.61,182.2,503.05,33.15,12.37,100.0,2,Off,1012.74,617.42
1796214600000000000,2026-12-02T12:30:00Z,free response,1.129,10.974,110.27,375.87,272.54,33.14,6.7,100.0,1,Off,1061.19,621.31
1796214660000000000,2026-12-02T12:31:00Z,controller 1,1.078,11.033,73.34,123.1,243.43,33.12,6.08,100.0,2,Off,1110.64,630.96
1796214720000000000,2026-12-02T12:32:00Z,controller 2,1.18,10.947,139.78,411.92,337.58,33.11,7.37,100.0,2,Off,1083.43,615.64
1796214780000000000,2026-12-02T12:33:00Z,free response,1.224,11.523,42.61,295.09,305.9,33.1,9.1,100.0,3,Off,1063.53,600.47
1796214840000000000,2026-12-02T12:34:00Z,controller 1,1.214,11.175,58.84,327.42,567.54,33.06,7.73,100.0,2,Off,1108.75,570.71
1796214900000000000,2026-12-02T12:35:00Z,controller 1,1.154,11.349,11.7,365.1,384.37,33.04,7.83,100.0,1,Off,822.89,899.3
1796214960000000000,2026-12-02T12:36:00Z,free response,1.234,11.475,147.71,190.84,395.38,33.01,8.46,100.0,3,Off,831.41,885.74
1796215020000000000,2026-12-02T12:37:00Z,free response,1.175,11.061,141.6,230.66,119.02,32.99,8.36,100.0,1,Off,876.17,899.6
1796215080000000000,2026-12-02T12:38:00Z,controller 2,1.235,11.652,153.34,276.09,363.09,32.97,8.54,100.0,2,Off,919.37,916.37
1796215140000000000,2026-12-02T12:39:00Z,controller 2,1.237,11.354,-22.86,405.58,77.17,32.97,8.54,100.0,1,Off,889.07,927.66
1796215200000000000,2026-12-02T12:40:00Z,controller 2,1.144,11.68,69.14,90.51,272.57,32.96,7.07,100.0,3,Off,853.21,935.45
1796215260000000000,2026-12-02T12:41:00Z,free response,1.242,11.374,32.17,332.99,554.91,32.93,8.34,100.0,3,Off,876.05,965.41
1796215320000000000,2026-12-02T12:42:00Z,free response,1.147,11.289,131.43,310.97,52.41,32.92,7.11,100.0,1,Off,845.16,974.06
1796215380000000000,2026-12-02T12:43:00Z,controller 1,1.222,11.329,196.46,59.15,320.94,32.9,8.28,100.0,1,Off,838.43,962.03
1796215440000000000,2026-12-02T12:44:00Z,controller 1,1.194,11.172,163.75,361.71,382.56,32.87,8.05,100.0,1,Off,841.4,945.76
1796215500000000000,2026-12-02T12:45:00Z,controller 1,1.101,11.588,-15.59,131.83,30.93,32.84,7.57,100.0,3,Off,856.0,938.77
1796215560000000000,2026-12-02T12:46:00Z,controller 2,1.22,11.064,108.86,436.41,98.48,32.82,8.45,100.0,1,Off,862.53,964.31
1796215620000000000,2026-12-02T12:47:00Z,free response,1.219,11.153,176.81,120.86,448.37,32.8,8.11,100.0,1,Off,898.6,956.84
1796215680000000000,2026-12-02T12:48:00Z,controller 1,1.162,11.172,129.63,396.28,422.62,32.76,7.0,100.0,3,Off,868.83,963.69
1796215740000000000,2026-12-02T12:49:00Z,free response,1.234,11.616,52.69,127.24,36.93,32.74,9.17,100.0,2,Off,818.91,948.73
1796215800000000000,2026-12-02T12:50:00Z,controller 1,1.196,11.191,191.49,248.41,397.23,32.73,7.64,100.0,1,Off,1457.18,453.73
1796215860000000000,2026-12-02T12:51:00Z,controller 1,1.166,10.98,143.64,86.66,524.42,32.71,7.8,100.0,2,Off,1428.78,460.25
1796215920000000000,2026-12-02T12:52:00Z,controller 1,1.135,11.659,159.03,135.56,546.39,32.68,7.43,100.0,3,Off,1473.78,484.98
1796215980000000000,2026-12-02T12:53:00Z,controller 1,1.104,11.57,197.01,111.98,60.42,32.65,7.08,100.0,3,Off,1469.62,505.41
1796216040000000000,2026-12-02T12:54:00Z,controller 2,1.225,11.699,66.49,331.74,262.61,32.63,8.88,100.0,3,On,1443.17,481.15
1796216100000000000,2026-12-02T12:55:00Z,controller 1,1.13,11.456,55.6,104.46,489.89,32.6,7.34,100.0,2,On,1429.0,472.3
1796216160000000000,2026-12-02T12:56:00Z,free response,1.119,11.573,184.72,173.99,63.2,32.57,6.75,100.0,2,On,1425.15,487.51
1796216220000000000,2026-12-02T12:57:00Z,free response,1.114,11.693,94.63,21.07,535.71,32.56,7.88,100.0,1,On,1452.09,492.62
1796216280000000000,2026-12-02T12:58:00Z,controller 2,1.214,11.319,196.17,258.25,77.63,32.53,7.69,100.0,3,On,1404.64,470.86
1796216340000000000,2026-12-02T12:59:00Z,controller 2,1.211,11.171,113.16,355.8,339.32,32.52,7.95,100.0,1,On,1355.51,471.23
1796216400000000000,2026-12-02T13:00:00Z,controller 2,1.035,10.665,103.99,83.94,290.24,32.49,5.32,100.0,3,On,1361.32,450.79
1796216460000000000,2026-12-02T13:01:00Z,controller 2,1.034,10.451,67.31,299.52,188.42,32.49,5.97,100.0,1,On,1398.83,436.79
1796216520000000000,2026-12-02T13:02:00Z,free response,1.025,10.433,-20.18,243.3,567.44,32.47,5.67,100.0,2,On,1354.64,434.41
1796216580000000000,2026-12-02T13:03:00Z,controller 2,0.952,10.111,123.06,37.84,11.93,32.44,4.43,100.0,3,On,1390.82,457.32
1796216640000000000,2026-12-02T13:04:00Z,free response,1.078,10.165,132.22,252.85,408.58,32.42,6.37,100.0,1,On,1416.18,486.13
1796216700000000000,2026-12-02T13:05:00Z,controller 2,0.999,10.333,9.32,40.1,36.97,32.4,4.73,100.0,2,On,1437.96,503.91
1796216760000000000,2026-12-02T13:06:00Z,controller 2,1.063,10.206,153.29,207.76,100.18,32.39,5.2,100.0,1,On,1423.11,522.99
1796216820000000000,2026-12-02T13:07:00Z,free response,0.929,10.081,-21.26,256.68,472.23,32.37,3.96,100.0,3,On,1471.77,495.41
1796216880000000000,2026-12-02T13:08:00Z,free response,1.004,10.225,105.43,319.76,386.45,32.36,5.04,100.0,2,On,1452.09,478.78
1796216940000000000,2026-12-02T13:09:00Z,controller 2,1.001,10.664,113.14,127.05,534.46,32.33,5.87,100.0,1,On,1432.38,503.8
1796217000000000000,2026-12-02T13:10:00Z,controller 2,1.06,10.635,104.74,108.36,431.38,32.32,6.46,100.0,3,On,1474.83,513.99
1796217060000000000,2026-12-02T13:11:00Z,controller 1,1.035,10.659,14.91,312.53,332.45,32.3,5.66,100.0,1,On,1500.0,509.9
1796217120000000000,2026-12-02T13:12:00Z,controller 1,1.035,10.128,99.63,49.48,223.89,32.28,5.01,100.0,2,On,1483.76,492.07
1796217180000000000,2026-12-02T13:13:00Z,free response,1.003,10.409,153.04,206.37,370.6,32.27,5.63,100.0,1,On,1442.13,484.81
1796217240000000000,2026-12-02T13:14:00Z,controller 2,0.945,10.707,57.71,284.75,384.99,32.27,4.98,100.0,3,On,1398.87,476.56
1796217300000000000,2026-12-02T13:15:00Z,free response,1.069,10.383,176.27,75.58,96.11,32.24,6.39,100.0,1,On,1442.03,471.2
1796217360000000000,2026-12-02T13:16:00Z,free response,0.992,10.377,-20.23,383.76,63.24,32.2,5.06,100.0,3,On,1414.77,454.29
1796217420000000000,2026-12-02T13:17:00Z,controller 1,1.087,10.374,194.49,332.32,594.19,32.18,5.72,100.0,2,On,1432.25,481.42
1796217480000000000,2026-12-02T13:18:00Z,controller 2,0.956,10.656,21.64,280.74,259.34,32.16,4.96,100.0,1,On,1402.79,503.78
1796217540000000000,2026-12-02T13:19:00Z,controller 1,0.922,10.155,133.95,344.9,248.96,32.15,4.01,100.0,3,On,1404.15,527.96
1796217600000000000,2026-12-02T13:20:00Z,controller 2,1.059,10.002,101.63,58.3,559.84,32.12,5.23,100.0,2,On,1390.18,523.07
1796217660000000000,2026-12-02T13:21:00Z,controller 2,1.051,10.724,101.41,279.06,476.82,32.11,5.69,100.0,1,On,1432.68,500.96
1796217720000000000,2026-12-02T13:22:00Z,controller 2,1.07,10.31,45.7,157.53,223.02,32.07,6.45,100.0,2,On,1423.58,511.53
1796217780000000000,2026-12-02T13:23:00Z,controller 1,1.001,10.136,129.38,243.14,61.39,32.04,4.9,100.0,2,On,1425.47,492.55
1796217840000000000,2026-12-02T13:24:00Z,controller 1,1.064,10.645,100.5,83.96,18.42,32.03,5.83,100.0,3,On,1429.46,468.14
1796217900000000000,2026-12-02T13:25:00Z,free response,1.028,10.696,90.61,271.83,171.91,32.02,5.76,100.0,1,On,1392.25,448.27
1796217960000000000,2026-12-02T13:26:00Z,free response,1.069,10.446,54.64,186.04,137.69,32.01,5.74,100.0,3,On,1396.53,445.54
1796218020000000000,2026-12-02T13:27:00Z,free response,0.935,10.268,-6.63,230.48,9.82,31.99,4.89,100.0,2,On,1393.83,473.03
1796218080000000000,2026-12-02T13:28:00Z,controller 1,1.08,10.435,43.54,82.1,264.84,31.97,5.72,100.0,3,On,1394.63,477.78
1796218140000000000,2026-12-02T13:29:00Z,controller 1,1.005,10.629,83.07,185.29,345.94,31.96,5.25,100.0,3,On,1423.67,483.24
1796218200000000000,2026-12-02T13:30:00Z,controller 2,2.198,2.997,26.49,392.12,40.65,31.94,6.79,100.0,3,On,1409.8,478.14
1796218260000000000,2026-12-02T13:31:00Z,controller 1,2.148,2.943,124.05,340.95,318.63,31.93,6.53,100.0,1,On,1397.56,501.78
1796218320000000000,2026-12-02T13:32:00Z,controller 2,2.125,2.846,93.42,65.0,75.78,31.9,6.34,100.0,2,On,1347.86,473.22
1796218380000000000,2026-12-02T13:33:00Z,free response,2.222,2.847,-17.47,424.24,217.77,31.86,7.61,100.0,2,On,1352.11,503.0
1796218440000000000,2026-12-02T13:34:00Z,free response,2.182,2.692,19.13,314.83,68.06,31.83,7.01,100.0,3,On,1368.91,500.97
1796218500000000000,2026-12-02T13:35:00Z,controller 1,2.133,2.585,1.43,101.16,38.41,31.82,6.09,100.0,2,On,1374.05,510.66
1796218560000000000,2026-12-02T13:36:00Z,free response,2.136,2.735,-0.38,295.31,13.62,31.79,6.14,100.0,2,On,1386.91,528.18
1796218620000000000,2026-12-02T13:37:00Z,free response,2.16,2.774,143.87,198.27,228.93,31.77,6.79,100.0,1,On,1428.63,516.85
1796218680000000000,2026-12-02T13:38:00Z,controller 2,2.174,2.726,40.64,25.29,127.44,31.75,6.14,100.0,1,On,1405.11,542.22
1796218740000000000,2026-12-02T13:39:00Z,controller 1,2.238,2.775,60.91,274.34,375.18,31.73,7.35,100.0,2,On,1428.85,530.46
1796218800000000000,2026-12-02T13:40:00Z,free response,2.114,3.334,93.72,176.98,510.67,31.7,6.73,100.0,3,On,1434.58,537.89
1796218860000000000,2026-12-02T13:41:00Z,free response,2.243,3.354,156.83,236.78,541.41,31.7,7.78,100.0,3,On,1483.01,544.94
1796218920000000000,2026-12-02T13:42:00Z,free response,2.181,2.732,98.1,146.02,524.11,31.67,6.81,100.0,2,On,1468.96,539.33
1796218980000000000,2026-12-02T13:43:00Z,free response,2.196,2.704,60.47,74.06,528.49,31.64,6.09,100.0,1,On,1463.27,516.31
1796219040000000000,2026-12-02T13:44:00Z,controller 2,2.071,3.203,9.85,12.95,166.29,31.63,6.83,100.0,1,On,1425.23,506.14
1796219100000000000,2026-12-02T13:45:00Z,controller 2,2.124,2.771,113.69,64.37,483.32,31.6,5.77,100.0,3,On,1471.95,515.86
1796219160000000000,2026-12-02T13:46:00Z,controller 2,2.195,3.023,163.62,176.46,476.12,31.58,7.1,100.0,2,On,1487.01,518.38
1796219220000000000,2026-12-02T13:47:00Z,controller 2,2.171,2.879,96.48,206.27,591.72,31.56,7.0,100.0,2,On,1488.7,503.62
1796219280000000000,2026-12-02T13:48:00Z,controller 1,2.227,2.991,54.11,147.0,130.81,31.53,6.91,100.0,1,On,1468.18,480.95
1796219340000000000,2026-12-02T13:49:00Z,controller 2,2.138,2.623,36.42,83.57,257.16,31.5,5.66,100.0,2,On,1420.22,455.33
1796219400000000000,2026-12-02T13:50:00Z,controller 2,2.103,2.681,97.41,130.04,4.13,31.5,5.65,73.1,2,On,1375.74,475.66
1796219460000000000,2026-12-02T13:51:00Z,free response,2.201,2.73,161.36,388.44,16.21,31.48,6.69,100.0,2,On,1365.95,494.59
1796219520000000000,2026-12-02T13:52:00Z,controller 2,2.075,2.971,-5.12,266.25,430.54,31.45,6.72,100.0,3,On,1397.26,485.69
1796219580000000000,2026-12-02T13:53:00Z,controller 2,2.154,3.233,179.39,230.35,407.37,31.43,7.51,100.0,2,On,1137.52,764.71
1796219640000000000,2026-12-02T13:54:00Z,free response,2.115,2.634,72.24,376.03,58.51,31.41,6.18,100.0,2,On,1114.85,787.44
1796219700000000000,2026-12-02T13:55:00Z,controller 2,2.172,3.185,190.61,166.04,318.79,31.38,7.51,100.0,1,On,1148.46,766.02
1796219760000000000,2026-12-02T13:56:00Z,free response,2.182,3.002,66.29,258.53,110.25,31.35,7.08,100.0,1,On,1185.76,764.46
1796219820000000000,2026-12-02T13:57:00Z,free response,2.204,3.305,33.62,231.31,404.79,31.34,7.77,100.0,1,On,1221.46,751.37
1796219880000000000,2026-12-02T13:58:00Z,controller 2,2.103,2.676,184.05,341.36,525.38,31.31,6.25,100.0,3,On,1198.8,743.09
1796219940000000000,2026-12-02T13:59:00Z,controller 2,2.141,3.017,116.49,283.46,232.5,31.29,7.6,100.0,2,On,1166.06,759.39
1796220000000000000,2026-12-02T14:00:00Z,controller 1,0.25,3.604,114.32,13.41,261.65,31.28,0.1,100.0,3,On,1147.66,769.74
1796220060000000000,2026-12-02T14:01:00Z,free response,0.096,3.02,22.48,334.01,470.09,31.26,0.01,100.0,3,On,1128.77,762.9
1796220120000000000,2026-12-02T14:02:00Z,controller 2,0.146,3.098,69.32,11.38,535.9,31.24,0.03,100.0,1,On,1144.83,749.47
1796220180000000000,2026-12-02T14:03:00Z,controller 2,0.266,3.62,38.23,365.62,113.97,31.22,0.14,100.0,3,On,1158.73,778.83
1796220240000000000,2026-12-02T14:04:00Z,free response,0.234,3.197,-9.14,331.55,540.16,31.19,0.09,100.0,3,On,1132.61,806.01
1796220300000000000,2026-12-02T14:05:00Z,controller 2,0.252,3.536,134.97,142.31,460.42,31.17,0.12,100.0,3,On,1139.38,795.84
1796220360000000000,2026-12-02T14:06:00Z,free response,0.215,3.283,83.83,86.38,479.65,31.14,0.07,100.0,2,On,1142.31,795.55
1796220420000000000,2026-12-02T14:07:00Z,controller 1,0.14,3.561,10.88,160.89,545.87,31.13,0.03,100.0,3,On,1168.24,773.86
1796220480000000000,2026-12-02T14:08:00Z,controller 1,0.121,3.466,26.2,352.35,571.05,31.1,0.02,100.0,3,On,1191.81,790.12
1796220540000000000,2026-12-02T14:09:00Z,controller 1,0.242,3.298,164.11,331.69,596.71,31.1,0.1,100.0,3,On,1234.6,801.77
1796220600000000000,2026-12-02T14:10:00Z,controller 1,0.232,3.092,70.45,221.8,70.05,31.06,0.08,100.0,2,On,822.84,668.03
1796220660000000000,2026-12-02T14:11:00Z,controller 2,0.227,2.971,39.96,41.63,548.32,31.05,0.08,100.0,3,On,856.09,653.03
1796220720000000000,2026-12-02T14:12:00Z,controller 1,0.111,3.15,6.05,99.3,291.07,31.04,0.02,100.0,3,On,730.18,786.13
1796220780000000000,2026-12-02T14:13:00Z,free response,0.239,3.556,59.18,64.65,67.51,31.02,0.1,100.0,2,On,1117.93,928.86
1796220840000000000,2026-12-02T14:14:00Z,free response,0.11,3.012,119.04,270.33,579.66,31.01,0.02,100.0,3,On,1151.53,938.42
1796220900000000000,2026-12-02T14:15:00Z,controller 1,0.241,3.275,45.08,106.87,145.77,31.0,0.1,100.0,2,On,1133.48,926.06
1796220960000000000,2026-12-02T14:16:00Z,free response,0.203,3.583,180.63,229.62,57.24,30.99,0.08,100.0,3,On,632.63,458.77
1796221020000000000,2026-12-02T14:17:00Z,controller 2,0.214,3.227,145.55,47.83,501.82,30.97,0.07,100.0,3,On,663.73,470.24
1796221080000000000,2026-12-02T14:18:00Z,free response,0.218,3.391,-22.82,109.45,332.03,30.94,0.09,100.0,3,On,710.16,449.6
1796221140000000000,2026-12-02T14:19:00Z,free response,0.145,2.859,128.01,328.22,84.07,30.93,0.03,100.0,1,On,742.73,457.3
1796221200000000000,2026-12-02T14:20:00Z,controller 1,0.23,3.377,-27.49,74.44,244.74,30.9,0.1,100.0,2,On,742.07,483.21
1796221260000000000,2026-12-02T14:21:00Z,controller 2,0.159,3.544,101.11,39.56,568.55,30.88,0.05,100.0,1,Off,765.93,487.62
1796221320000000000,2026-12-02T14:22:00Z,controller 1,0.149,3.239,62.47,387.51,44.84,30.87,0.04,100.0,2,Off,748.62,503.65
1796221380000000000,2026-12-02T14:23:00Z,free response,0.146,3.626,12.57,58.83,105.49,30.85,0.04,100.0,2,Off,768.61,476.22
1796221440000000000,2026-12-02T14:24:00Z,controller 1,0.184,3.565,30.56,27.53,23.37,30.83,0.07,100.0,1,Off,817.59,478.84
1796221500000000000,2026-12-02T14:25:00Z,controller 2,0.234,3.299,6.92,210.14,494.58,30.83,0.09,100.0,1,Off,855.52,461.11
1796221560000000000,2026-12-02T14:26:00Z,controller 2,0.167,3.023,198.85,30.66,254.83,30.8,0.04,100.0,3,Off,812.24,465.22
1796221620000000000,2026-12-02T14:27:00Z,free response,0.104,3.18,42.43,364.94,581.9,30.79,0.02,100.0,2,Off,764.85,474.18
1796221680000000000,2026-12-02T14:28:00Z,free response,0.145,3.623,-13.33,167.63,321.06,30.77,0.04,100.0,2,Off,762.53,491.96
1796221740000000000,2026-12-02T14:29:00Z,controller 2,0.15,3.474,177.46,427.21,222.89,30.76,0.04,100.0,1,Off,710.79,998.21
1796221800000000000,2026-12-02T14:30:00Z,controller 2,0.694,4.164,16.06,180.87,521.98,30.75,1.04,100.0,2,Off,713.9,1000.0
1796221860000000000,2026-12-02T14:31:00Z,controller 1,0.724,4.499,-25.69,312.94,169.76,30.74,1.1,100.0,1,Off,757.69,1000.0
1796221920000000000,2026-12-02T14:32:00Z,controller 1,0.586,4.882,81.51,442.33,429.12,30.72,0.77,100.0,3,Off,749.63,971.17
1796221980000000000,2026-12-02T14:33:00Z,controller 2,0.607,4.737,-21.64,56.08,532.18,30.71,0.81,100.0,1,Off,785.5,975.82
1796222040000000000,2026-12-02T14:34:00Z,free response,0.691,4.796,32.86,417.01,182.02,30.68,1.16,100.0,2,Off,745.46,971.94
1796222100000000000,2026-12-02T14:35:00Z,free response,0.591,4.689,26.37,335.18,525.82,30.67,0.88,100.0,3,Off,723.49,990.26
1796222160000000000,2026-12-02T14:36:00Z,controller 1,0.61,4.542,131.44,254.38,421.19,30.66,0.9,100.0,2,Off,674.12,967.39
1796222220000000000,2026-12-02T14:37:00Z,free response,0.723,4.719,166.46,91.99,156.94,30.65,1.35,100.0,3,Off,721.09,969.28
1796222280000000000,2026-12-02T14:38:00Z,controller 1,0.589,4.427,-7.11,399.92,356.19,30.65,0.82,100.0,1,Off,699.44,998.77
1796222340000000000,2026-12-02T14:39:00Z,controller 1,0.604,4.447,83.35,246.68,226.52,30.64,0.85,100.0,2,Off,698.67,998.91
1796222400000000000,2026-12-02T14:40:00Z,controller 2,0.745,4.431,55.06,253.12,472.6,30.61,1.11,100.0,2,Off,1487.36,341.3
1796222460000000000,2026-12-02T14:41:00Z,free response,0.592,4.49,-19.81,300.2,319.19,30.6,0.76,100.0,2,Off,1500.0,314.3
1796222520000000000,2026-12-02T14:42:00Z,free response,0.733,4.836,13.1,411.01,500.89,30.58,1.21,100.0,1,Off,1500.0,329.89
1796222580000000000,2026-12-02T14:43:00Z,free response,0.578,4.428,186.45,351.57,225.34,30.55,0.78,100.0,2,Off,1500.0,324.04
1796222640000000000,2026-12-02T14:44:00Z,controller 1,0.727,4.812,-16.92,158.67,539.3,30.54,1.37,100.0,3,Off,1470.59,347.02
1796222700000000000,2026-12-02T14:45:00Z,controller 1,0.672,4.437,30.89,358.17,94.4,30.51,0.97,100.0,2,Off,1472.78,344.13
1796222760000000000,2026-12-02T14:46:00Z,free response,0.647,4.791,43.72,106.41,245.97,30.48,1.0,100.0,3,Off,1435.92,339.83
1796222820000000000,2026-12-02T14:47:00Z,free response,0.728,4.245,146.13,429.19,487.25,30.44,1.14,100.0,3,Off,1439.92,336.95
1796222880000000000,2026-12-02T14:48:00Z,controller 1,0.629,4.711,121.94,91.1,148.05,30.42,0.95,100.0,2,Off,1436.53,324.3
1796222940000000000,2026-12-02T14:49:00Z,free response,0.633,4.194,-8.2,386.3,77.51,30.41,0.81,100.0,3,Off,1484.93,337.65
1796223000000000000,2026-12-02T14:50:00Z,free response,0.726,4.695,95.5,50.42,571.14,30.4,1.3,100.0,3,Off,1460.55,357.47
1796223060000000000,2026-12-02T14:51:00Z,controller 1,0.713,4.336,-12.26,170.43,539.72,30.37,1.01,100.0,1,Off,1492.92,364.45
1796223120000000000,2026-12-02T14:52:00Z,free response,0.703,4.602,86.82,211.81,344.17,30.35,1.09,100.0,1,Off,1494.27,338.09
1796223180000000000,2026-12-02T14:53:00Z,free response,0.601,4.505,28.22,1.82,90.24,30.33,0.81,100.0,2,Off,1496.46,367.94
1796223240000000000,2026-12-02T14:54:00Z,controller 2,0.684,4.848,40.65,172.39,88.53,30.31,1.2,100.0,1,Off,1473.99,377.55
1796223300000000000,2026-12-02T14:55:00Z,controller 1,0.678,4.858,98.37,32.84,532.09,30.3,1.07,100.0,3,Off,1500.0,354.69
1796223360000000000,2026-12-02T14:56:00Z,controller 2,0.575,4.342,44.65,407.01,488.03,30.29,0.73,100.0,3,Off,1500.0,330.86
1796223420000000000,2026-12-02T14:57:00Z,free response,0.569,4.662,97.59,139.92,504.04,30.29,0.73,100.0,1,Off,1500.0,340.88
1796223480000000000,2026-12-02T14:58:00Z,free response,0.687,4.265,33.24,297.77,516.97,30.27,1.0,100.0,1,Off,1500.0,340.44
1796223540000000000,2026-12-02T14:59:00Z,controller 1,0.682,4.638,55.94,274.07,319.75,30.26,1.06,100.0,1,Off,1465.71,315.25
1796223600000000000,2026-12-02T15:00:00Z,controller 2,2.131,10.99,161.27,264.17,478.07,30.25,23.45,100.0,1,Off,1439.91,306.06
1796223660000000000,2026-12-02T15:01:00Z,free response,2.129,10.655,13.58,262.31,467.44,30.24,24.31,100.0,2,Off,1432.81,289.14
1796223720000000000,2026-12-02T15:02:00Z,free response,1.986,10.706,77.4,287.0,511.33,30.23,19.57,100.0,2,Off,1475.96,268.32
1796223780000000000,2026-12-02T15:03:00Z,controller 1,1.974,10.765,145.25,196.45,21.08,30.22,22.39,94.15,1,Off,1437.19,276.48
1796223840000000000,2026-12-02T15:04:00Z,controller 1,2.109,10.753,191.82,410.15,355.33,30.2,24.38,100.0,1,Off,584.17,589.47
1796223900000000000,2026-12-02T15:05:00Z,controller 1,2.084,10.71,33.86,44.92,21.3,30.19,23.69,89.91,1,Off,609.38,618.66
1796223960000000000,2026-12-02T15:06:00Z,controller 1,2.061,11.044,111.71,331.31,62.59,30.16,25.42,100.0,2,Off,589.35,591.92
1796224020000000000,2026-12-02T15:07:00Z,controller 1,1.992,10.829,164.89,230.15,360.21,30.13,21.19,100.0,2,Off,596.35,593.74
1796224080000000000,2026-12-02T15:08:00Z,controller 2,1.974,11.136,113.38,195.79,448.71,30.1,22.81,100.0,2,Off,570.19,611.54
1796224140000000000,2026-12-02T15:09:00Z,controller 1,2.032,10.839,0.8,93.83,449.51,30.09,21.33,100.0,3,Off,539.96,611.99
1796224200000000000,2026-12-02T15:10:00Z,controller 2,1.99,11.308,107.43,298.61,327.96,30.06,21.17,100.0,2,Off,522.75,615.47
1796224260000000000,2026-12-02T15:11:00Z,free response,1.987,10.663,191.46,354.3,224.72,30.13,21.71,100.0,2,Off,477.04,604.94
1796224320000000000,2026-12-02T15:12:00Z,controller 1,2.004,10.973,161.09,136.18,299.27,30.21,20.34,100.0,3,Off,454.16,581.67
1796224380000000000,2026-12-02T15:13:00Z,controller 1,2.035,10.615,53.87,283.65,386.0,30.26,20.97,100.0,1,Off,462.57,584.92
1796224440000000000,2026-12-02T15:14:00Z,controller 2,1.982,10.909,140.09,25.85,264.52,30.32,22.23,100.0,1,Off,469.02,607.88
1796224500000000000,2026-12-02T15:15:00Z,free response,1.967,11.313,-6.24,1.32,163.33,30.35,23.86,100.0,1,Off,435.41,610.97
1796224560000000000,2026-12-02T15:16:00Z,free response,1.979,10.806,192.68,318.04,552.69,30.42,19.69,100.0,1,Off,418.64,586.29
1796224620000000000,2026-12-02T15:17:00Z,controller 2,2.086,10.571,-22.28,135.81,453.68,30.45,22.87,100.0,1,Off,451.25,565.65
1796224680000000000,2026-12-02T15:18:00Z,controller 2,1.998,10.96,165.65,230.78,380.42,30.49,19.76,100.0,3,Off,461.61,579.11
1796224740000000000,2026-12-02T15:19:00Z,controller 2,1.976,10.851,108.47,432.67,69.2,30.52,22.32,100.0,3,Off,449.45,587.14
1796224800000000000,2026-12-02T15:20:00Z,free response,2.005,11.235,119.71,163.02,12.51,30.55,21.54,58.08,2,Off,471.63,563.38
1796224860000000000,2026-12-02T15:21:00Z,free response,1.963,10.893,66.77,342.61,433.24,30.61,20.43,100.0,3,Off,450.07,581.15
1796224920000000000,2026-12-02T15:22:00Z,free response,2.012,10.669,113.18,292.69,306.43,30.65,20.14,100.0,3,Off,1455.18,806.75
1796224980000000000,2026-12-02T15:23:00Z,free response,2.066,10.748,151.55,385.55,358.78,30.72,24.73,100.0,2,Off,1432.87,791.53
1796225040000000000,2026-12-02T15:24:00Z,free response,1.989,10.9,-18.39,407.31,24.21,30.79,21.44,100.0,3,Off,560.72,745.02
1796225100000000000,2026-12-02T15:25:00Z,controller 1,2.041,10.606,32.64,246.87,182.84,30.82,22.24,100.0,3,Off,606.5,760.88
1796225160000000000,2026-12-02T15:26:00Z,free response,2.032,11.03,21.27,282.55,310.49,30.91,21.76,100.0,1,Off,596.21,784.04
1796225220000000000,2026-12-02T15:27:00Z,controller 2,2.08,11.276,55.45,442.62,448.73,31.0,25.99,100.0,2,Off,574.6,813.74
1796225280000000000,2026-12-02T15:28:00Z,controller 1,2.077,11.3,-19.3,18.04,197.23,31.05,25.07,100.0,2,Off,582.39,824.53
1796225340000000000,2026-12-02T15:29:00Z,controller 1,2.073,10.98,118.31,338.8,443.98,31.1,24.46,100.0,3,Off,631.39,833.43
1796225400000000000,2026-12-02T15:30:00Z,controller 2,2.388,6.565,-23.97,448.43,228.68,31.18,18.42,100.0,2,Off,602.09,840.09
1796225460000000000,2026-12-02T15:31:00Z,controller 2,2.292,6.224,156.16,341.36,162.67,31.25,15.48,100.0,2,Off,620.47,821.07
1796225520000000000,2026-12-02T15:32:00Z,controller 1,2.349,6.022,189.36,397.0,123.56,31.31,16.35,100.0,1,Off,1262.47,351.39
1796225580000000000,2026-12-02T15:33:00Z,free response,2.403,6.194,16.99,304.82,63.16,31.38,16.57,100.0,1,Off,1280.31,347.58
1796225640000000000,2026-12-02T15:34:00Z,controller 2,2.381,6.172,126.63,37.57,74.95,31.4,16.57,100.0,1,Off,1231.54,373.01
1796225700000000000,2026-12-02T15:35:00Z,controller 2,2.399,6.395,44.88,209.5,200.21,31.47,18.7,100.0,3,Off,1258.01,350.7
1796225760000000000,2026-12-02T15:36:00Z,free response,2.304,6.359,190.2,23.73,147.71,31.53,17.45,100.0,2,Off,1284.34,345.05
1796225820000000000,2026-12-02T15:37:00Z,controller 2,2.314,6.398,123.81,177.64,171.08,31.61,15.51,100.0,2,Off,1259.69,360.2
1796225880000000000,2026-12-02T15:38:00Z,free response,2.326,6.538,101.62,258.68,388.47,31.65,17.76,100.0,2,Off,1282.94,375.2
1796225940000000000,2026-12-02T15:39:00Z,controller 2,2.354,6.402,179.83,363.83,555.11,31.7,17.59,100.0,3,Off,1240.34,386.47
1796226000000000000,2026-12-02T15:40:00Z,free response,2.281,6.42,-20.64,210.38,245.1,31.76,17.83,100.0,3,Off,1238.83,410.82
1796226060000000000,2026-12-02T15:41:00Z,free response,2.4,6.221,-17.1,253.65,444.9,31.8,18.62,100.0,3,Off,1265.15,431.86
1796226120000000000,2026-12-02T15:42:00Z,controller 1,2.258,6.19,36.7,252.4,5.4,31.83,15.63,34.55,3,Off,1232.58,460.17
1796226180000000000,2026-12-02T15:43:00Z,free response,2.318,6.422,160.04,254.47,55.55,31.92,17.8,100.0,1,Off,1218.7,456.65
1796226240000000000,2026-12-02T15:44:00Z,controller 1,2.33,5.976,15.83,447.76,531.86,32.01,15.98,100.0,1,Off,1193.21,437.66
1796226300000000000,2026-12-02T15:45:00Z,free response,2.362,6.37,-15.86,428.07,576.86,32.05,18.47,100.0,1,Off,1148.35,438.63
1796226360000000000,2026-12-02T15:46:00Z,controller 2,2.299,6.176,171.99,215.12,17.2,32.09,15.08,100.0,2,Off,1136.65,414.39
1796226420000000000,2026-12-02T15:47:00Z,controller 1,2.338,6.622,16.43,142.51,63.07,32.13,17.67,100.0,1,Off,1161.82,414.76
1796226480000000000,2026-12-02T15:48:00Z,controller 1,2.301,5.931,44.89,265.5,466.34,32.16,16.99,100.0,3,Off,1199.26,419.84
1796226540000000000,2026-12-02T15:49:00Z,controller 1,2.337,6.367,82.23,393.37,165.42,32.19,17.82,100.0,1,Off,1185.09,788.8
1796226600000000000,2026-12-02T15:50:00Z,free response,2.264,6.097,187.83,317.8,263.4,32.24,17.12,100.0,3,Off,1206.77,810.13
1796226660000000000,2026-12-02T15:51:00Z,free response,2.275,5.912,-13.73,174.77,21.18,32.29,15.09,100.0,2,Off,1165.66,839.51
1796226720000000000,2026-12-02T15:52:00Z,controller 2,2.408,5.956,128.87,353.01,159.0,32.34,17.85,100.0,1,Off,1160.78,824.04
1796226780000000000,2026-12-02T15:53:00Z,controller 1,2.35,6.438,88.71,20.97,244.03,32.38,19.52,100.0,2,Off,1120.02,795.31
1796226840000000000,2026-12-02T15:54:00Z,free response,2.4,6.023,159.98,396.56,339.09,32.42,15.63,100.0,1,Off,1111.61,790.29
1796226900000000000,2026-12-02T15:55:00Z,free response,2.295,6.422,-11.61,0.22,431.21,32.45,16.14,100.0,1,Off,1153.01,820.02
1796226960000000000,2026-12-02T15:56:00Z,controller 1,2.362,6.107,63.75,43.48,47.47,32.48,17.03,100.0,2,Off,1202.08,833.48
1796227020000000000,2026-12-02T15:57:00Z,controller 2,2.376,6.027,18.9,445.35,26.85,32.53,16.25,100.0,2,Off,1206.08,832.83
1796227080000000000,2026-12-02T15:58:00Z,controller 2,2.43,6.314,75.63,90.13,537.86,32.62,19.58,100.0,2,Off,1236.48,804.15
1796227140000000000,2026-12-02T15:59:00Z,controller 1,2.271,6.441,-1.03,381.57,233.46,32.69,17.82,100.0,2,Off,1255.42,818.05
1796227200000000000,2026-12-02T16:00:00Z,controller 2,1.916,9.343,64.36,109.23,143.95,32.75,15.45,100.0,3,Off,1263.06,844.89
1796227260000000000,2026-12-02T16:01:00Z,controller 1,1.955,9.214,174.42,404.01,292.04,32.82,19.24,100.0,1,Starting,1290.76,871.77
1796227320000000000,2026-12-02T16:02:00Z,free response,1.965,9.134,124.39,202.93,354.43,32.91,17.31,100.0,2,Starting,1281.29,881.26
1796227380000000000,2026-12-02T16:03:00Z,controller 1,1.934,8.963,-2.67,112.35,552.58,32.98,17.42,100.0,1,Starting,1240.75,904.43
1796227440000000000,2026-12-02T16:04:00Z,controller 1,2.025,9.653,105.81,266.12,269.05,33.03,19.44,100.0,1,Starting,1276.07,907.97
1796227500000000000,2026-12-02T16:05:00Z,free response,2.045,8.996,118.27,295.65,287.11,33.11,18.66,100.0,2,Starting,649.4,891.89
1796227560000000000,2026-12-02T16:06:00Z,controller 1,1.907,9.624,-20.06,41.68,243.45,33.17,16.59,100.0,2,Starting,605.99,895.11
1796227620000000000,2026-12-02T16:07:00Z,controller 2,2.002,9.5,162.78,58.24,256.12,33.23,18.81,100.0,3,Starting,556.73,870.12
1796227680000000000,2026-12-02T16:08:00Z,controller 2,2.012,9.078,54.59,62.71,489.73,33.31,18.32,100.0,2,Starting,561.03,865.72
1796227740000000000,2026-12-02T16:09:00Z,controller 2,2.029,9.532,172.39,297.29,97.11,33.38,18.99,100.0,2,Starting,599.11,860.69
1796227800000000000,2026-12-02T16:10:00Z,controller 1,1.939,9.443,76.21,106.42,343.19,33.47,19.21,100.0,2,Starting,563.84,889.42
1796227860000000000,2026-12-02T16:11:00Z,controller 2,2.031,9.425,88.89,430.42,229.72,33.49,18.46,100.0,2,Starting,569.79,885.89
1796227920000000000,2026-12-02T16:12:00Z,controller 2,2.063,9.466,79.07,247.54,360.27,33.58,19.92,100.0,3,Starting,546.76,870.42
1796227980000000000,2026-12-02T16:13:00Z,free response,2.004,9.275,-18.62,235.07,61.36,33.61,18.8,100.0,2,Starting,526.6,891.32
1796228040000000000,2026-12-02T16:14:00Z,free response,2.02,9.495,187.72,398.58,582.93,33.68,17.98,100.0,2,Starting,498.1,891.26
1796228100000000000,2026-12-02T16:15:00Z,controller 2,2.004,9.227,-9.35,8.33,335.4,33.75,18.66,100.0,3,Starting,516.33,868.49
1796228160000000000,2026-12-02T16:16:00Z,free response,2.041,9.015,64.6,37.31,258.93,33.82,19.81,100.0,1,Starting,496.19,872.15
1796228220000000000,2026-12-02T16:17:00Z,free response,2.028,8.887,143.43,111.8,325.9,33.89,17.42,100.0,2,Starting,768.74,800.96
1796228280000000000,2026-12-02T16:18:00Z,controller 2,2.043,8.892,159.93,395.58,215.78,33.97,18.05,100.0,2,Starting,725.32,825.33
1796228340000000000,2026-12-02T16:19:00Z,controller 1,2.02,9.243,98.03,416.81,319.36,34.02,19.32,100.0,1,Starting,704.69,826.15
1796228400000000000,2026-12-02T16:20:00Z,free response,1.969,9.181,62.95,296.62,217.61,34.06,17.5,100.0,2,Starting,773.81,630.01
1796228460000000000,2026-12-02T16:21:00Z,free response,1.965,9.302,47.38,92.7,256.72,34.1,16.62,100.0,1,Starting,778.49,622.8
1796228520000000000,2026-12-02T16:22:00Z,free response,2.066,9.468,23.21,336.54,71.98,34.19,19.49,100.0,3,Starting,806.83,642.01
1796228580000000000,2026-12-02T16:23:00Z,controller 2,1.929,9.339,189.68,430.74,159.07,34.22,16.31,100.0,1,Starting,775.62,638.67
1796228640000000000,2026-12-02T16:24:00Z,controller 2,2.026,8.883,121.75,165.92,233.87,34.29,18.0,100.0,2,Starting,795.32,641.06
1796228700000000000,2026-12-02T16:25:00Z,controller 1,1.893,8.959,-5.19,342.71,491.12,34.34,14.9,100.0,1,Starting,784.93,635.28
1796228760000000000,2026-12-02T16:26:00Z,controller 1,1.944,8.954,151.22,7.93,227.57,34.39,15.7,100.0,1,Starting,741.18,648.27
1796228820000000000,2026-12-02T16:27:00Z,free response,1.966,8.962,-8.08,213.23,485.53,34.45,18.15,100.0,1,Starting,721.38,648.94
1796228880000000000,2026-12-02T16:28:00Z,free response,2.047,8.885,65.49,406.79,128.83,34.53,18.24,100.0,2,Starting,754.69,640.35
1796228940000000000,2026-12-02T16:29:00Z,free response,2.068,9.463,79.33,151.88,263.66,34.61,18.23,100.0,1,Starting,741.14,638.66
1796229000000000000,2026-12-02T16:30:00Z,controller 1,0.849,9.595,-29.76,161.84,538.21,34.64,3.59,100.0,2,Starting,709.25,624.23
1796229060000000000,2026-12-02T16:31:00Z,controller 1,0.87,9.381,25.63,374.68,579.08,34.72,3.76,100.0,1,Starting,736.48,639.64
1796229120000000000,2026-12-02T16:32:00Z,free response,0.904,9.736,108.7,59.29,333.97,34.8,3.67,100.0,2,Starting,748.38,610.63
1796229180000000000,2026-12-02T16:33:00Z,free response,0.982,9.746,-22.84,393.43,340.32,34.87,5.1,100.0,1,Starting,752.55,595.59
1796229240000000000,2026-12-02T16:34:00Z,free response,0.844,10.056,49.48,151.46,433.86,34.94,3.6,100.0,1,Starting,736.26,601.85
1796229300000000000,2026-12-02T16:35:00Z,free response,0.854,9.658,36.08,357.0,432.32,34.97,3.82,100.0,2,Starting,689.3,581.33
1796229360000000000,2026-12-02T16:36:00Z,controller 2,0.942,9.564,66.5,383.92,419.77,35.02,3.97,100.0,1,Starting,1353.98,404.88
1796229420000000000,2026-12-02T16:37:00Z,controller 2,0.914,9.903,113.45,88.46,12.98,35.05,4.2,100.0,3,Starting,1316.47,415.38
1796229480000000000,2026-12-02T16:38:00Z,controller 2,0.892,9.552,91.26,84.16,129.01,35.11,3.77,100.0,2,Starting,1207.19,789.27
1796229540000000000,2026-12-02T16:39:00Z,controller 1,0.978,10.061,166.47,223.89,352.16,35.16,4.65,100.0,3,Starting,1242.5,808.5
1796229600000000000,2026-12-02T16:40:00Z,controller 1,0.879,9.624,105.11,391.17,135.49,35.19,3.39,100.0,3,Starting,1201.95,817.85
1796229660000000000,2026-12-02T16:41:00Z,free response,0.899,9.902,60.38,144.38,149.23,35.28,4.05,100.0,2,Starting,1239.67,828.89
1796229720000000000,2026-12-02T16:42:00Z,controller 1,0.806,9.998,70.02,427.08,221.62,35.34,3.51,100.0,2,Starting,1211.96,854.44
1796229780000000000,2026-12-02T16:43:00Z,controller 1,0.92,10.094,-2.28,231.62,333.04,35.42,4.38,100.0,1,Starting,1163.59,852.28
1796229840000000000,2026-12-02T16:44:00Z,controller 1,0.984,9.812,119.47,286.29,115.38,35.47,5.12,100.0,1,Starting,1117.34,876.17
1796229900000000000,2026-12-02T16:45:00Z,controller 1,0.833,9.534,116.95,154.46,14.15,35.51,3.51,100.0,2,Starting,1089.93,862.11
1796229960000000000,2026-12-02T16:46:00Z,free response,0.956,9.551,-10.81,329.15,75.9,35.54,4.54,100.0,3,Starting,1092.74,864.79
1796230020000000000,2026-12-02T16:47:00Z,controller 1,0.824,10.052,165.83,152.13,209.6,35.62,3.19,100.0,1,Starting,1126.33,876.81
1796230080000000000,2026-12-02T16:48:00Z,controller 2,0.875,9.933,120.25,333.26,401.06,35.71,3.83,100.0,2,Starting,1171.53,860.19
1796230140000000000,2026-12-02T16:49:00Z,controller 2,0.921,9.53,73.68,85.9,598.51,35.78,3.67,100.0,1,Starting,1218.38,878.1
1796230200000000000,2026-12-02T16:50:00Z,controller 1,0.892,9.823,76.76,381.29,258.17,35.81,4.13,100.0,2,Starting,1215.45,859.4
1796230260000000000,2026-12-02T16:51:00Z,controller 1,0.86,9.779,20.18,278.74,269.17,35.89,3.75,100.0,3,Starting,1260.76,863.78
1796230320000000000,2026-12-02T16:52:00Z,controller 1,0.845,9.742,12.15,221.37,204.02,35.94,3.32,100.0,1,Starting,1267.49,893.77
1796230380000000000,2026-12-02T16:53:00Z,controller 2,0.91,10.039,52.91,313.13,331.25,35.99,4.31,100.0,1,Starting,1289.07,905.81
1796230440000000000,2026-12-02T16:54:00Z,free response,0.963,10.057,190.02,213.43,244.06,36.03,5.07,100.0,1,Starting,1318.22,890.54
1796230500000000000,2026-12-02T16:55:00Z,free response,0.942,10.032,167.74,251.23,522.34,36.11,4.27,100.0,2,Starting,1363.98,911.06
1796230560000000000,2026-12-02T16:56:00Z,controller 1,0.946,9.517,55.96,207.66,260.04,36.2,4.32,100.0,1,Starting,1388.38,883.96
1796230620000000000,2026-12-02T16:57:00Z,free response,0.882,9.55,69.26,73.34,448.64,36.23,3.91,100.0,1,Starting,1343.75,869.37
1796230680000000000,2026-12-02T16:58:00Z,free response,0.841,9.336,136.09,208.3,580.88,36.32,3.23,100.0,2,Starting,1389.92,850.8
1796230740000000000,2026-12-02T16:59:00Z,controller 2,0.884,9.491,142.06,161.56,523.66,36.4,3.42,100.0,3,Starting,1341.47,862.4
1796230800000000000,2026-12-02T17:00:00Z,free response,2.24,10.056,13.27,144.01,318.74,36.43,25.62,100.0,3,Starting,1360.98,888.73
1796230860000000000,2026-12-02T17:01:00Z,controller 2,2.28,9.556,-24.17,60.97,52.89,36.49,22.6,100.0,2,Starting,943.89,300.19
1796230920000000000,2026-12-02T17:02:00Z,controller 2,2.198,9.563,44.96,258.74,13.03,36.54,24.93,52.27,3,Starting,974.89,295.55
1796230980000000000,2026-12-02T17:03:00Z,controller 2,2.302,9.758,22.59,55.81,316.96,36.58,28.39,100.0,2,Starting,945.38,314.02
1796231040000000000,2026-12-02T17:04:00Z,controller 2,2.223,9.666,-8.94,169.29,466.1,36.66,24.04,100.0,1,Starting,923.97,302.54
1796231100000000000,2026-12-02T17:05:00Z,free response,2.195,10.081,8.4,335.24,291.84,36.74,25.93,100.0,2,Starting,926.11,295.47
1796231160000000000,2026-12-02T17:06:00Z,controller 1,2.203,9.562,106.89,23.55,24.16,36.8,24.05,100.0,3,Starting,899.15,313.02
1796231220000000000,2026-12-02T17:07:00Z,controller 2,2.307,9.838,-28.92,179.72,120.91,36.83,24.05,100.0,1,Starting,912.66,286.31
1796231280000000000,2026-12-02T17:08:00Z,controller 1,2.277,9.87,29.91,44.15,180.57,36.86,23.61,100.0,1,Starting,910.5,300.62
1796231340000000000,2026-12-02T17:09:00Z,controller 1,2.354,9.954,178.55,76.68,140.77,36.94,26.37,100.0,3,Starting,940.96,278.0
1796231400000000000,2026-12-02T17:10:00Z,free response,2.268,9.664,59.87,256.71,591.44,36.98,25.21,100.0,2,Starting,957.36,273.19
1796231460000000000,2026-12-02T17:11:00Z,controller 1,2.346,9.895,80.94,381.45,459.61,37.05,25.1,100.0,2,Starting,989.45,251.33
1796231520000000000,2026-12-02T17:12:00Z,controller 1,2.258,10.321,-23.49,140.19,126.75,37.12,27.52,100.0,2,Starting,968.86,236.06
1796231580000000000,2026-12-02T17:13:00Z,controller 1,2.309,9.804,110.61,151.29,301.98,37.19,28.68,100.0,3,Starting,988.32,209.05
1796231640000000000,2026-12-02T17:14:00Z,controller 2,2.32,9.553,84.48,217.85,413.88,37.26,27.66,100.0,2,Starting,974.46,205.78
1796231700000000000,2026-12-02T17:15:00Z,free response,2.24,10.011,2.42,369.8,194.28,37.29,25.46,100.0,2,Starting,938.71,232.97
1796231760000000000,2026-12-02T17:16:00Z,free response,2.344,9.719,188.81,383.85,442.82,37.33,28.24,100.0,3,Starting,954.19,245.63
1796231820000000000,2026-12-02T17:17:00Z,controller 2,2.343,9.752,183.12,131.13,195.02,37.39,24.81,100.0,1,Starting,939.41,219.28
1796231880000000000,2026-12-02T17:18:00Z,controller 2,2.352,9.864,100.1,78.07,512.01,37.48,25.43,100.0,2,Starting,983.64,231.03
1796231940000000000,2026-12-02T17:19:00Z,free response,2.275,10.071,67.64,110.92,532.31,37.53,26.78,100.0,1,Starting,975.76,252.41
1796232000000000000,2026-12-02T17:20:00Z,controller 2,2.188,9.711,44.29,394.36,118.26,37.55,21.58,100.0,2,Starting,1006.63,228.16
1796232060000000000,2026-12-02T17:21:00Z,controller 1,2.253,9.696,175.41,185.14,339.79,37.6,25.62,100.0,3,Starting,1015.04,247.33
1796232120000000000,2026-12-02T17:22:00Z,controller 1,2.261,10.232,122.6,96.27,258.34,37.68,28.05,100.0,2,Starting,1013.14,225.72
1796232180000000000,2026-12-02T17:23:00Z,free response,2.196,9.656,71.67,433.88,296.64,37.77,23.5,100.0,3,Starting,1018.54,198.67
1796232240000000000,2026-12-02T17:24:00Z,controller 2,2.305,9.742,120.62,182.85,224.84,37.85,23.32,100.0,3,Starting,1037.75,185.82
1796232300000000000,2026-12-02T17:25:00Z,controller 2,2.238,9.994,72.61,412.61,20.34,37.92,24.96,81.49,3,Starting,998.82,168.13
1796232360000000000,2026-12-02T17:26:00Z,free response,2.226,9.993,108.23,93.11,387.17,37.97,25.16,100.0,3,Starting,1003.2,193.29
1796232420000000000,2026-12-02T17:27:00Z,free response,2.222,9.676,142.31,50.0,576.39,38.06,21.63,100.0,1,Starting,960.92,190.38
1796232480000000000,2026-12-02T17:28:00Z,controller 2,2.196,10.22,-7.0,269.94,542.61,38.1,25.6,100.0,3,Starting,922.85,192.08
1796232540000000000,2026-12-02T17:29:00Z,controller 2,2.28,9.93,-20.63,436.92,521.57,38.18,27.32,100.0,2,Starting,911.96,167.51
1796232600000000000,2026-12-02T17:30:00Z,free response,0.197,13.691,105.66,146.68,65.8,38.25,0.26,100.0,1,Starting,882.05,187.77
1796232660000000000,2026-12-02T17:31:00Z,controller 1,0.344,14,139.27,425.9,316.91,38.31,0.79,100.0,3,Starting,910.01,183.83
1796232720000000000,2026-12-02T17:32:00Z,free response,0.22,14,25.17,199.15,395.55,38.38,0.33,100.0,1,Starting,874.85,212.22
1796232780000000000,2026-12-02T17:33:00Z,controller 2,0.208,14,-21.61,240.14,418.71,38.41,0.29,100.0,3,Starting,858.7,240.34
1796232840000000000,2026-12-02T17:34:00Z,controller 2,0.249,14,156.14,128.13,556.07,38.39,0.39,100.0,1,Starting,825.99,212.02
1796232900000000000,2026-12-02T17:35:00Z,controller 1,0.245,14,132.18,182.79,231.4,38.36,0.38,100.0,3,Starting,822.2,212.36
1796232960000000000,2026-12-02T17:36:00Z,controller 1,0.335,13.787,97.15,179.84,121.67,38.33,0.75,100.0,1,Starting,827.44,188.23
1796233020000000000,2026-12-02T17:37:00Z,free response,0.194,13.878,-8.88,287.81,361.08,38.3,0.25,100.0,3,Starting,818.75,188.88
1796233080000000000,2026-12-02T17:38:00Z,free response,0.217,14,195.53,66.75,16.22,38.26,0.34,100.0,1,Starting,866.64,214.87
1796233140000000000,2026-12-02T17:39:00Z,controller 1,0.282,14,169.53,161.87,337.77,38.25,0.56,100.0,2,Starting,826.4,208.43
1796233200000000000,2026-12-02T17:40:00Z,controller 1,0.264,13.988,176.41,140.92,309.04,38.23,0.5,100.0,3,Starting,870.22,188.43
1796233260000000000,2026-12-02T17:41:00Z,free response,0.221,13.883,131.83,43.09,373.44,38.21,0.33,100.0,3,Starting,896.28,190.27
1796233320000000000,2026-12-02T17:42:00Z,controller 2,0.303,14,82.56,387.57,295.7,38.18,0.59,100.0,3,Starting,853.61,183.81
1796233380000000000,2026-12-02T17:43:00Z,controller 2,0.261,13.69,103.22,270.1,146.67,38.15,0.46,100.0,3,Starting,810.28,168.51
1796233440000000000,2026-12-02T17:44:00Z,free response,0.167,14,198.34,389.74,5.99,38.13,0.21,100.0,3,Starting,804.59,192.65
1796233500000000000,2026-12-02T17:45:00Z,controller 2,0.271,14,126.51,353.93,286.38,38.13,0.49,100.0,1,Starting,854.22,214.97
1796233560000000000,2026-12-02T17:46:00Z,controller 1,0.306,14,176.08,46.99,499.99,38.12,0.59,100.0,3,Starting,876.42,238.68
1796233620000000000,2026-12-02T17:47:00Z,free response,0.34,14,66.6,355.25,222.45,38.1,0.8,100.0,1,Starting,833.27,262.52
1796233680000000000,2026-12-02T17:48:00Z,free response,0.285,13.678,75.98,439.36,436.8,38.08,0.56,100.0,2,Starting,798.33,259.62
1796233740000000000,2026-12-02T17:49:00Z,free response,0.247,13.673,16.89,230.32,445.8,38.07,0.43,100.0,3,Starting,794.61,234.18
1796233800000000000,2026-12-02T17:50:00Z,controller 1,0.258,13.57,166.69,428.65,372.0,38.04,0.45,100.0,2,Starting,784.61,220.38
1796233860000000000,2026-12-02T17:51:00Z,free response,0.277,13.831,-22.72,108.38,235.27,38.02,0.52,100.0,2,Starting,815.68,227.98
1796233920000000000,2026-12-02T17:52:00Z,free response,0.315,14.0,139.04,241.78,68.03,38.01,0.68,100.0,2,Starting,857.65,233.37
1796233980000000000,2026-12-02T17:53:00Z,free response,0.24,13.887,0.53,447.28,482.12,37.99,0.41,100.0,2,Starting,697.52,524.88
1796234040000000000,2026-12-02T17:54:00Z,controller 1,0.313,14,75.53,132.73,194.52,37.96,0.69,100.0,2,Off,681.69,544.2
1796234100000000000,2026-12-02T17:55:00Z,controller 1,0.222,13.647,146.07,315.46,141.56,37.95,0.34,100.0,2,Off,637.48,561.44
1796234160000000000,2026-12-02T17:56:00Z,controller 1,0.34,13.64,8.34,248.47,420.5,37.94,0.83,100.0,1,Off,683.73,552.67
1796234220000000000,2026-12-02T17:57:00Z,free response,0.245,14,-3.66,395.24,103.69,37.92,0.4,100.0,2,Off,726.54,544.96
1796234280000000000,2026-12-02T17:58:00Z,controller 1,0.329,14,1.14,418.68,83.32,37.91,0.72,100.0,1,Off,724.81,542.8
1796234340000000000,2026-12-02T17:59:00Z,controller 2,0.224,14,53.83,263.59,216.35,37.89,0.36,100.0,1,Off,715.51,523.84
1796234400000000000,2026-12-02T18:00:00Z,controller 1,1.025,2.519,-21.15,374.0,495.65,37.86,1.41,100.0,2,Off,747.03,510.53
1796234460000000000,2026-12-02T18:01:00Z,controller 2,1.108,2.889,76.67,94.99,398.95,37.84,1.72,100.0,3,Off,775.57,516.36
1796234520000000000,2026-12-02T18:02:00Z,controller 2,1.004,2.587,144.11,218.23,257.11,37.82,1.26,100.0,2,Off,746.68,519.91
1796234580000000000,2026-12-02T18:03:00Z,controller 1,1.084,2.664,24.37,409.11,32.43,37.81,1.61,100.0,2,Off,745.94,525.42
1796234640000000000,2026-12-02T18:04:00Z,controller 1,1.044,2.44,-4.35,8.24,569.11,37.78,1.22,100.0,3,Off,762.49,540.14
1796234700000000000,2026-12-02T18:05:00Z,free response,1.039,2.608,42.73,377.08,23.34,37.75,1.32,100.0,1,Off,796.44,522.52
1796234760000000000,2026-12-02T18:06:00Z,controller 2,1.046,2.7,169.31,62.81,442.65,37.72,1.53,100.0,1,Off,759.73,508.32
1796234820000000000,2026-12-02T18:07:00Z,controller 1,0.992,3.038,151.58,403.44,559.1,37.7,1.5,100.0,1,Off,728.6,510.8
1796234880000000000,2026-12-02T18:08:00Z,controller 1,1.101,2.425,142.93,107.4,349.52,37.68,1.43,100.0,3,Off,768.88,513.28
1796234940000000000,2026-12-02T18:09:00Z,free response,1.148,2.822,160.42,350.85,561.67,37.66,1.87,100.0,3,Off,797.59,502.18
1796235000000000000,2026-12-02T18:10:00Z,free response,0.99,2.56,196.1,86.63,416.24,37.65,1.18,100.0,2,Off,782.77,480.57
1796235060000000000,2026-12-02T18:11:00Z,free response,1.123,2.371,169.64,311.06,206.45,37.63,1.54,100.0,2,Off,770.01,491.43
1796235120000000000,2026-12-02T18:12:00Z,free response,1.075,2.781,117.34,202.85,47.76,37.61,1.68,100.0,3,Off,788.14,502.47
1796235180000000000,2026-12-02T18:13:00Z,free response,1.001,2.614,101.68,252.06,582.42,37.58,1.37,100.0,2,Off,782.72,517.25
1796235240000000000,2026-12-02T18:14:00Z,controller 2,1.103,2.319,129.91,341.85,172.49,37.57,1.53,100.0,1,Off,779.07,501.4
1796235300000000000,2026-12-02T18:15:00Z,free response,1.057,2.55,-0.97,409.27,33.87,37.55,1.46,100.0,2,Off,732.76,478.89
1796235360000000000,2026-12-02T18:16:00Z,controller 2,1.126,3.036,37.3,309.33,60.08,37.54,2.0,100.0,3,Off,711.46,462.73
1796235420000000000,2026-12-02T18:17:00Z,controller 2,1.08,2.995,-10.55,272.7,199.08,37.53,1.91,100.0,3,Off,701.84,438.36
1796235480000000000,2026-12-02T18:18:00Z,free response,1.085,2.826,167.29,181.19,258.5,37.5,1.66,100.0,1,Off,742.41,419.81
1796235540000000000,2026-12-02T18:19:00Z,free response,1.021,2.697,150.06,42.44,486.77,37.49,1.47,100.0,2,Off,753.63,391.84
1796235600000000000,2026-12-02T18:20:00Z,free response,1.165,3.032,55.21,431.32,160.28,37.46,1.96,100.0,2,Off,798.78,406.72
1796235660000000000,2026-12-02T18:21:00Z,controller 1,1.047,2.588,88.6,127.19,223.94,37.44,1.4,100.0,2,Off,764.23,385.94
1796235720000000000,2026-12-02T18:22:00Z,free response,1.047,2.631,68.05,277.74,455.31,37.42,1.58,100.0,1,Off,754.77,396.67
1796235780000000000,2026-12-02T18:23:00Z,controller 1,1.1,3.062,20.2,386.56,457.68,37.41,1.77,100.0,1,Off,746.81,395.34
1796235840000000000,2026-12-02T18:24:00Z,free response,1.156,2.982,115.93,295.25,274.01,37.37,1.91,100.0,2,Off,711.6,406.15
1796235900000000000,2026-12-02T18:25:00Z,free response,1.073,2.516,33.15,92.77,335.0,37.36,1.47,100.0,1,Off,723.67,406.75
1796235960000000000,2026-12-02T18:26:00Z,controller 2,0.989,2.704,111.89,428.12,264.94,37.34,1.37,100.0,3,Off,689.86,423.8
1796236020000000000,2026-12-02T18:27:00Z,free response,1.021,3.055,-24.25,394.12,115.72,37.32,1.75,100.0,1,Off,674.02,418.85
1796236080000000000,2026-12-02T18:28:00Z,controller 1,1.106,2.496,126.47,138.55,135.42,37.3,1.6,100.0,1,Off,633.98,410.6
1796236140000000000,2026-12-02T18:29:00Z,controller 1,1.048,2.994,-20.56,216.46,241.11,37.27,1.53,100.0,3,Off,614.89,399.54
1796236200000000000,2026-12-02T18:30:00Z,free response,1.559,9.687,163.27,368.98,35.22,37.26,11.24,100.0,3,Off,651.95,409.89
1796236260000000000,2026-12-02T18:31:00Z,free response,1.6,9.323,-19.17,311.75,529.96,37.24,13.06,100.0,2,On,619.74,701.45
1796236320000000000,2026-12-02T18:32:00Z,controller 1,1.632,9.324,173.16,42.59,454.41,37.21,12.08,100.0,2,On,580.79,703.21
1796236380000000000,2026-12-02T18:33:00Z,controller 1,1.693,9.812,125.64,12.56,392.92,37.2,14.69,100.0,2,On,562.28,680.52
1796236440000000000,2026-12-02T18:34:00Z,controller 1,1.641,9.501,182.4,270.09,310.3,37.18,12.3,100.0,2,On,551.8,673.47
1796236500000000000,2026-12-02T18:35:00Z,free response,1.614,9.822,92.76,306.67,585.78,37.16,13.17,100.0,3,On,555.01,697.05
1796236560000000000,2026-12-02T18:36:00Z,controller 1,1.577,9.357,134.39,303.78,389.01,37.14,11.89,100.0,2,On,602.6,715.18
1796236620000000000,2026-12-02T18:37:00Z,controller 1,1.582,9.561,-13.25,82.56,539.9,37.12,11.46,100.0,1,On,589.95,726.07
1796236680000000000,2026-12-02T18:38:00Z,controller 1,1.702,9.702,24.44,40.22,281.2,37.1,15.13,100.0,2,On,619.04,705.34
1796236740000000000,2026-12-02T18:39:00Z,controller 1,1.698,9.948,41.29,244.29,10.5,37.1,13.92,75.43,2,On,665.13,682.08
1796236800000000000,2026-12-02T18:40:00Z,controller 2,1.539,9.522,187.9,216.1,203.93,37.07,10.32,100.0,1,On,657.13,687.74
1796236860000000000,2026-12-02T18:41:00Z,free response,1.535,9.963,0.14,366.92,87.5,37.06,11.9,100.0,1,On,620.09,687.92
1796236920000000000,2026-12-02T18:42:00Z,free response,1.687,9.786,-12.21,409.45,264.76,37.06,14.46,100.0,2,On,592.1,684.16
1796236980000000000,2026-12-02T18:43:00Z,controller 2,1.582,10.019,59.14,429.19,234.18,37.04,13.31,100.0,3,On,598.72,710.42
1796237040000000000,2026-12-02T18:44:00Z,controller 2,1.597,9.64,21.94,201.84,42.08,37.01,11.07,100.0,3,On,589.48,683.59
1796237100000000000,2026-12-02T18:45:00Z,controller 2,1.613,9.579,187.99,347.63,41.91,36.99,11.43,100.0,1,On,631.06,706.33
1796237160000000000,2026-12-02T18:46:00Z,controller 2,1.563,9.558,86.79,181.53,361.23,36.96,12.64,100.0,2,On,1115.25,993.87
1796237220000000000,2026-12-02T18:47:00Z,free response,1.654,9.505,43.55,376.9,197.29,36.95,12.3,100.0,2,On,1104.65,1000.0
1796237280000000000,2026-12-02T18:48:00Z,free response,1.646,9.27,179.82,80.05,431.04,36.92,13.18,100.0,1,On,1125.84,1000.0
1796237340000000000,2026-12-02T18:49:00Z,controller 2,1.708,9.291,191.17,348.17,268.15,36.9,14.13,100.0,3,On,1076.46,1000.0
1796237400000000000,2026-12-02T18:50:00Z,free response,1.611,9.99,104.07,441.15,106.46,36.89,12.58,100.0,3,On,1094.87,1000.0
1796237460000000000,2026-12-02T18:51:00Z,controller 2,1.661,9.825,146.3,421.27,144.69,36.85,14.47,100.0,3,On,1123.95,1000.0
1796237520000000000,2026-12-02T18:52:00Z,controller 1,1.58,9.723,31.95,38.13,236.82,36.83,11.85,100.0,3,On,1077.11,977.62
1796237580000000000,2026-12-02T18:53:00Z,controller 2,1.662,9.997,117.11,136.36,532.9,36.8,12.93,100.0,3,On,1068.62,954.03
1796237640000000000,2026-12-02T18:54:00Z,controller 1,1.639,9.843,145.46,14.47,464.62,36.78,12.52,100.0,1,On,1097.44,957.14
1796237700000000000,2026-12-02T18:55:00Z,controller 2,1.595,9.46,-27.3,330.61,108.78,36.74,11.88,100.0,3,On,1137.96,927.41
1796237760000000000,2026-12-02T18:56:00Z,controller 1,1.602,9.778,56.56,296.58,449.42,36.74,13.36,100.0,2,On,1126.97,918.92
1796237820000000000,2026-12-02T18:57:00Z,controller 2,1.702,9.291,28.29,210.52,295.82,36.7,14.79,100.0,1,On,1081.1,891.63
1796237880000000000,2026-12-02T18:58:00Z,controller 1,1.586,9.884,50.67,427.26,518.64,36.67,11.86,100.0,2,On,1120.97,889.13
1796237940000000000,2026-12-02T18:59:00Z,free response,1.592,9.317,152.09,27.96,106.77,36.65,10.78,100.0,2,On,1142.42,912.96
1796238000000000000,2026-12-02T19:00:00Z,controller 1,0.029,4.901,125.61,357.43,152.43,36.64,0.0,0.0,2,On,1144.92,920.56
1796238060000000000,2026-12-02T19:01:00Z,free response,0.185,4.896,40.9,243.5,263.61,36.62,0.08,100.0,2,On,1167.81,910.61
1796238120000000000,2026-12-02T19:02:00Z,free response,0.068,4.62,159.46,276.17,420.21,36.61,0.01,100.0,2,On,1212.72,897.96
1796238180000000000,2026-12-02T19:03:00Z,free response,0.152,5.188,-14.66,262.43,375.02,36.57,0.06,100.0,2,On,1214.75,917.45
1796238240000000000,2026-12-02T19:04:00Z,controller 2,0.109,5.157,172.77,415.4,329.72,36.56,0.03,100.0,2,On,1179.74,901.04
1796238300000000000,2026-12-02T19:05:00Z,controller 1,0.024,4.883,123.57,366.24,50.69,36.54,0.0,0.0,2,On,1194.74,911.98
1796238360000000000,2026-12-02T19:06:00Z,controller 1,0.065,5.095,19.09,193.88,128.59,36.53,0.01,100.0,1,On,1184.7,884.66
1796238420000000000,2026-12-02T19:07:00Z,controller 2,0.047,4.717,118.42,411.61,180.57,36.5,0.01,100.0,2,On,1201.9,863.42
1796238480000000000,2026-12-02T19:08:00Z,controller 2,0.175,4.645,85.34,439.22,391.83,36.48,0.07,100.0,3,On,1232.38,834.72
1796238540000000000,2026-12-02T19:09:00Z,controller 2,0.072,4.758,195.64,195.73,319.73,36.45,0.01,100.0,3,On,1203.03,846.39
1796238600000000000,2026-12-02T19:10:00Z,controller 1,0.135,4.958,125.31,17.31,252.53,36.41,0.04,100.0,1,On,1197.32,866.45
1796238660000000000,2026-12-02T19:11:00Z,controller 1,0.115,4.708,46.59,310.7,315.33,36.38,0.03,100.0,3,On,1163.66,882.01
1796238720000000000,2026-12-02T19:12:00Z,controller 2,0.139,4.846,46.39,270.43,310.05,36.37,0.04,100.0,3,On,1174.16,876.44
1796238780000000000,2026-12-02T19:13:00Z,free response,0.12,5.22,26.21,182.98,328.34,36.35,0.04,100.0,1,On,1201.13,869.52
1796238840000000000,2026-12-02T19:14:00Z,free response,0.193,4.467,198.26,184.77,531.68,36.32,0.08,100.0,3,On,1179.75,857.62
1796238900000000000,2026-12-02T19:15:00Z,controller 2,0.08,5.085,138.2,182.09,184.89,36.31,0.02,100.0,3,On,1162.83,835.48
1796238960000000000,2026-12-02T19:16:00Z,controller 2,0.084,5.218,173.15,75.66,245.81,36.28,0.02,100.0,3,On,1147.27,825.09
1796239020000000000,2026-12-02T19:17:00Z,controller 2,0.176,4.48,49.59,27.22,163.79,36.27,0.06,100.0,2,On,1167.19,824.08
1796239080000000000,2026-12-02T19:18:00Z,controller 1,0.159,4.895,115.54,125.03,515.4,36.26,0.07,100.0,2,On,1171.76,851.69
1796239140000000000,2026-12-02T19:19:00Z,controller 2,0.176,4.712,112.99,251.76,305.37,36.24,0.07,100.0,1,On,1157.36,872.6
1796239200000000000,2026-12-02T19:20:00Z,controller 2,0.172,5.119,193.4,120.24,445.05,36.23,0.07,100.0,3,On,1145.63,848.33
1796239260000000000,2026-12-02T19:21:00Z,controller 2,0.033,4.812,193.44,18.57,175.3,36.21,0.0,0.0,1,On,1149.34,851.08
1796239320000000000,2026-12-02T19:22:00Z,controller 1,0.106,5.184,-27.3,237.36,89.4,36.19,0.03,100.0,2,On,1195.17,834.31
1796239380000000000,2026-12-02T19:23:00Z,controller 2,0.051,4.623,26.04,181.58,418.45,36.18,0.01,100.0,1,On,1190.77,854.38
1796239440000000000,2026-12-02T19:24:00Z,controller 2,0.044,5.092,135.24,444.32,392.64,36.16,0.01,100.0,1,On,1210.09,859.07
1796239500000000000,2026-12-02T19:25:00Z,free response,0.125,5.034,148.04,352.59,569.73,36.15,0.04,100.0,3,On,1173.94,865.38
1796239560000000000,2026-12-02T19:26:00Z,free response,0.124,5.23,124.74,0.58,226.53,36.13,0.04,100.0,1,On,1200.63,869.04
1796239620000000000,2026-12-02T19:27:00Z,controller 1,0.07,5.07,27.82,209.59,577.53,36.11,0.01,100.0,3,On,1210.09,849.83
1796239680000000000,2026-12-02T19:28:00Z,free response,0.164,5.155,108.32,150.51,394.56,36.1,0.06,100.0,2,On,1239.11,870.67
1796239740000000000,2026-12-02T19:29:00Z,free response,0.105,4.703,137.14,316.82,503.47,36.09,0.03,100.0,1,On,1234.92,874.1
1796239800000000000,2026-12-02T19:30:00Z,controller 2,0.902,12.718,3.06,159.53,262.42,36.08,5.68,100.0,3,On,1231.45,863.26
1796239860000000000,2026-12-02T19:31:00Z,controller 1,0.913,12.945,196.74,281.47,157.1,36.05,5.54,100.0,2,On,1226.93,851.66
1796239920000000000,2026-12-02T19:32:00Z,free response,0.984,12.977,34.3,124.77,397.4,36.02,5.73,100.0,3,On,1190.84,863.85
1796239980000000000,2026-12-02T19:33:00Z,free response,0.973,13.418,198.67,449.57,88.92,36.0,6.07,100.0,1,On,1214.37,887.0
1796240040000000000,2026-12-02T19:34:00Z,free response,0.93,12.655,56.82,262.43,220.02,35.99,5.05,100.0,3,On,1178.98,869.43
1796240100000000000,2026-12-02T19:35:00Z,free response,0.946,12.688,67.08,111.86,536.39,35.97,5.66,100.0,3,On,1143.25,882.57
1796240160000000000,2026-12-02T19:36:00Z,free response,0.893,12.701,128.68,356.72,160.83,35.96,4.68,100.0,3,On,1185.99,899.91
1796240220000000000,2026-12-02T19:37:00Z,controller 2,0.968,13.388,20.34,447.04,293.86,35.94,6.66,100.0,3,On,1228.21,872.19
1796240280000000000,2026-12-02T19:38:00Z,free response,0.869,12.941,67.99,286.79,204.27,35.9,5.22,100.0,3,On,1223.78,872.17
1796240340000000000,2026-12-02T19:39:00Z,controller 2,0.836,13.286,1.5,189.13,82.41,35.88,4.8,100.0,1,On,1265.47,888.56
1796240400000000000,2026-12-02T19:40:00Z,free response,0.911,12.811,55.98,378.02,8.37,35.87,5.18,100.0,3,On,1254.72,863.04
1796240460000000000,2026-12-02T19:41:00Z,controller 2,0.941,12.871,-9.97,360.81,123.93,35.85,5.84,100.0,1,On,1231.3,839.65
1796240520000000000,2026-12-02T19:42:00Z,controller 2,0.865,12.999,82.01,162.43,514.91,35.82,4.99,100.0,3,On,1187.83,810.78
1796240580000000000,2026-12-02T19:43:00Z,controller 1,0.994,13.055,94.42,257.31,59.19,35.8,6.31,100.0,1,On,1217.13,794.05
1796240640000000000,2026-12-02T19:44:00Z,free response,0.868,13.345,62.61,151.86,523.83,35.78,4.54,100.0,1,On,1182.5,789.38
1796240700000000000,2026-12-02T19:45:00Z,controller 2,0.822,12.882,31.0,103.53,481.02,35.76,4.58,100.0,3,On,1164.41,780.56
1796240760000000000,2026-12-02T19:46:00Z,free response,0.953,13.373,-0.78,248.17,292.06,35.75,5.63,100.0,2,On,1192.34,775.9
1796240820000000000,2026-12-02T19:47:00Z,free response,0.958,13.26,45.03,156.48,351.52,35.72,5.72,100.0,1,On,1196.55,747.55
1796240880000000000,2026-12-02T19:48:00Z,controller 1,0.873,13.406,58.35,174.32,455.44,35.69,5.15,100.0,3,On,774.11,900.39
1796240940000000000,2026-12-02T19:49:00Z,controller 2,0.883,13.105,58.98,38.38,210.74,35.66,4.69,100.0,3,On,734.48,929.45
1796241000000000000,2026-12-02T19:50:00Z,controller 1,0.968,13.06,92.2,259.7,325.07,35.65,6.2,100.0,1,On,694.75,921.73
1796241060000000000,2026-12-02T19:51:00Z,free response,0.928,13.359,43.3,264.21,516.54,35.62,5.55,100.0,1,On,704.39,947.44
1796241120000000000,2026-12-02T19:52:00Z,controller 1,0.985,12.722,70.18,276.9,62.43,35.6,5.57,100.0,3,On,720.4,967.12
1796241180000000000,2026-12-02T19:53:00Z,free response,0.927,13.371,86.13,1.85,41.57,35.57,6.11,100.0,1,On,740.43,978.67
1796241240000000000,2026-12-02T19:54:00Z,controller 2,0.936,13.185,88.01,27.61,359.28,35.56,6.13,100.0,1,On,718.05,970.28
1796241300000000000,2026-12-02T19:55:00Z,controller 2,0.972,12.686,44.47,330.27,100.43,35.53,5.65,100.0,3,On,722.94,973.31
1796241360000000000,2026-12-02T19:56:00Z,controller 2,0.966,13.164,186.97,231.74,111.27,35.53,6.73,100.0,3,On,680.94,996.49
1796241420000000000,2026-12-02T19:57:00Z,controller 1,0.831,13.234,135.89,213.88,571.36,35.51,4.61,100.0,1,On,677.51,1000.0
1796241480000000000,2026-12-02T19:58:00Z,free response,0.989,13.008,126.23,369.35,448.61,35.48,6.96,100.0,3,On,682.78,1000.0
1796241540000000000,2026-12-02T19:59:00Z,controller 2,0.859,13.182,136.02,138.56,541.69,35.47,4.72,100.0,2,On,642.46,988.53
1796241600000000000,2026-12-02T20:00:00Z,controller 1,1.479,1,-14.12,263.48,97.77,35.45,1.08,100.0,2,On,665.52,980.67
1796241660000000000,2026-12-02T20:01:00Z,controller 2,1.452,1,80.06,31.67,363.97,35.44,1.05,100.0,3,On,640.18,975.92
1796241720000000000,2026-12-02T20:02:00Z,free response,1.45,1.352,102.13,218.42,563.46,35.41,1.56,100.0,1,On,614.35,996.53
1796241780000000000,2026-12-02T20:03:00Z,free response,1.589,1,81.95,377.43,285.46,35.38,1.35,100.0,1,On,597.43,1000.0
1796241840000000000,2026-12-02T20:04:00Z,free response,1.593,1.303,197.65,175.67,423.22,35.37,1.65,100.0,3,On,567.01,995.85
1796241900000000000,2026-12-02T20:05:00Z,controller 1,1.533,1,-14.98,299.51,210.92,35.35,1.19,100.0,1,On,543.63,1000.0
1796241960000000000,2026-12-02T20:06:00Z,free response,1.466,1.125,62.66,147.17,59.47,35.32,1.13,100.0,2,On,511.48,1000.0
1796242020000000000,2026-12-02T20:07:00Z,free response,1.525,1,143.46,304.09,2.7,35.31,1.17,100.0,2,On,516.71,994.13
1796242080000000000,2026-12-02T20:08:00Z,controller 1,1.499,1,110.42,180.66,340.59,35.29,1.23,100.0,1,On,537.04,1000.0
1796242140000000000,2026-12-02T20:09:00Z,free response,1.581,1,36.51,30.26,582.38,35.26,1.16,100.0,3,On,584.35,1000.0
1796242200000000000,2026-12-02T20:10:00Z,controller 2,1.487,1.207,136.66,230.07,197.6,35.25,1.33,100.0,3,On,574.15,992.81
1796242260000000000,2026-12-02T20:11:00Z,controller 1,1.512,1,36.31,335.67,428.07,35.24,1.11,100.0,3,On,540.74,989.63
1796242320000000000,2026-12-02T20:12:00Z,free response,1.534,1.39,104.01,378.03,181.53,35.21,1.66,100.0,3,On,507.81,1000.0
1796242380000000000,2026-12-02T20:13:00Z,free response,1.608,1.168,-4.13,16.01,5.42,35.2,1.46,100.0,1,On,494.19,995.88
1796242440000000000,2026-12-02T20:14:00Z,controller 1,1.545,1,144.43,369.68,167.93,35.18,1.28,100.0,3,On,526.48,977.25
1796242500000000000,2026-12-02T20:15:00Z,free response,1.453,1,94.63,84.94,389.56,35.17,1.05,100.0,3,On,500.78,967.54
1796242560000000000,2026-12-02T20:16:00Z,controller 2,1.513,1,172.18,403.09,527.52,35.17,1.14,100.0,3,On,536.23,956.34
1796242620000000000,2026-12-02T20:17:00Z,controller 1,1.452,1.306,-1.19,185.61,351.19,35.16,1.3,100.0,2,On,579.22,975.49
1796242680000000000,2026-12-02T20:18:00Z,controller 2,1.451,1.369,35.47,29.14,36.43,35.14,1.53,100.0,3,On,548.89,965.23
1796242740000000000,2026-12-02T20:19:00Z,controller 1,1.554,1.203,149.82,333.2,109.13,35.11,1.33,100.0,2,Starting,577.91,937.67
1796242800000000000,2026-12-02T20:20:00Z,controller 2,1.466,1,47.88,355.4,301.01,35.08,1.02,100.0,2,Starting,619.56,957.9
1796242860000000000,2026-12-02T20:21:00Z,controller 1,1.605,1.085,-29.01,92.69,303.29,35.07,1.37,100.0,1,Starting,610.14,939.3
1796242920000000000,2026-12-02T20:22:00Z,controller 2,1.573,1,150.51,52.2,321.77,35.05,1.2,100.0,1,Starting,583.12,923.75
1796242980000000000,2026-12-02T20:23:00Z,controller 1,1.477,1,187.93,320.28,203.95,35.02,1.05,100.0,1,Starting,586.76,911.73
1796243040000000000,2026-12-02T20:24:00Z,controller 1,1.441,1.215,34.23,321.23,103.17,34.99,1.24,100.0,2,Starting,538.9,920.99
1796243100000000000,2026-12-02T20:25:00Z,controller 2,1.474,1.025,111.99,19.89,103.01,34.98,1.2,100.0,1,Starting,557.27,931.17
1796243160000000000,2026-12-02T20:26:00Z,controller 1,1.451,1.406,115.74,332.71,40.34,34.96,1.36,100.0,2,Starting,565.44,950.91
1796243220000000000,2026-12-02T20:27:00Z,free response,1.543,1.15,45.69,273.23,3.53,34.95,1.3,100.0,3,Starting,558.02,933.82
1796243280000000000,2026-12-02T20:28:00Z,controller 1,1.479,1.118,11.24,377.37,350.76,34.92,1.28,100.0,1,Starting,601.59,925.54
1796243340000000000,2026-12-02T20:29:00Z,controller 2,1.611,1,158.81,245.38,118.03,34.89,1.28,100.0,2,Starting,1441.58,340.54
1796243400000000000,2026-12-02T20:30:00Z,controller 1,1.362,7.249,96.78,368.03,458.16,34.87,6.85,100.0,2,Starting,1486.78,349.43
1796243460000000000,2026-12-02T20:31:00Z,controller 2,1.419,6.842,99.24,441.34,199.76,34.84,6.74,100.0,1,Starting,1500.0,361.31
1796243520000000000,2026-12-02T20:32:00Z,controller 2,1.417,7.17,0.26,317.52,330.85,34.82,7.53,100.0,2,Starting,1500.0,366.39
1796243580000000000,2026-12-02T20:33:00Z,free response,1.491,6.691,116.21,191.44,595.26,34.81,7.68,100.0,2,Starting,1500.0,369.27
1796243640000000000,2026-12-02T20:34:00Z,free response,1.462,6.728,129.54,193.99,228.39,34.79,7.13,100.0,1,Starting,1500.0,359.08
1796243700000000000,2026-12-02T20:35:00Z,controller 1,1.418,7.189,128.62,39.29,506.39,34.77,7.24,100.0,2,Starting,1500.0,358.65
1796243760000000000,2026-12-02T20:36:00Z,free response,1.387,7.123,188.1,80.26,520.05,34.76,7.03,100.0,2,Starting,1500.0,356.13
1796243820000000000,2026-12-02T20:37:00Z,controller 1,1.483,7.168,66.7,186.91,401.4,34.73,8.6,100.0,2,Starting,1481.37,382.78
1796243880000000000,2026-12-02T20:38:00Z,controller 1,1.456,6.635,193.17,3.44,67.01,34.7,7.65,100.0,2,Starting,1500.0,364.37
1796243940000000000,2026-12-02T20:39:00Z,controller 2,1.387,7.09,155.13,370.87,327.15,34.69,6.99,100.0,3,Starting,1500.0,344.72
1796244000000000000,2026-12-02T20:40:00Z,controller 1,1.475,6.813,146.11,98.46,539.07,34.73,6.87,100.0,1,Starting,1498.67,331.67
1796244060000000000,2026-12-02T20:41:00Z,controller 1,1.497,6.791,186.59,129.56,541.03,34.78,6.91,100.0,1,Starting,1500.0,340.92
1796244120000000000,2026-12-02T20:42:00Z,controller 1,1.352,6.942,-23.85,258.98,136.64,34.83,5.9,100.0,3,Starting,1477.91,339.95
1796244180000000000,2026-12-02T20:43:00Z,controller 2,1.413,7.113,166.28,375.88,594.79,34.88,6.56,100.0,2,Starting,1500.0,353.82
1796244240000000000,2026-12-02T20:44:00Z,controller 2,1.495,7.099,-13.68,62.91,68.4,34.91,8.54,100.0,3,Starting,1500.0,346.93
1796244300000000000,2026-12-02T20:45:00Z,controller 2,1.359,7.106,54.9,387.6,83.54,34.97,6.49,100.0,1,Starting,1500.0,341.43
1796244360000000000,2026-12-02T20:46:00Z,free response,1.376,6.838,105.5,313.65,79.74,35.0,6.46,100.0,2,Starting,1465.87,348.44
1796244420000000000,2026-12-02T20:47:00Z,controller 1,1.37,7.122,174.13,98.85,130.05,35.03,6.52,100.0,3,Starting,1494.02,336.21
1796244480000000000,2026-12-02T20:48:00Z,controller 2,1.49,6.815,113.52,177.83,531.96,35.06,7.96,100.0,2,Starting,1500.0,324.39
1796244540000000000,2026-12-02T20:49:00Z,controller 1,1.39,7.211,96.07,125.8,20.31,35.1,7.5,100.0,3,Starting,1469.2,300.54
1796244600000000000,2026-12-02T20:50:00Z,controller 2,1.448,6.56,45.86,158.36,112.55,35.13,6.5,100.0,3,Starting,1482.21,321.33
1796244660000000000,2026-12-02T20:51:00Z,free response,1.515,6.869,133.45,412.89,436.65,35.17,8.21,100.0,2,Starting,1475.7,339.77
1796244720000000000,2026-12-02T20:52:00Z,controller 2,1.434,6.922,47.52,118.29,168.42,35.23,7.21,100.0,1,Starting,1436.73,315.93
1796244780000000000,2026-12-02T20:53:00Z,free response,1.363,6.523,-4.75,243.64,441.33,35.3,5.82,100.0,2,Starting,1432.05,322.83
1796244840000000000,2026-12-02T20:54:00Z,free response,1.369,7.027,90.24,288.44,521.36,35.39,6.53,100.0,3,Starting,1427.81,337.88
1796244900000000000,2026-12-02T20:55:00Z,free response,1.375,6.697,77.88,64.97,243.5,35.44,6.22,100.0,1,Starting,1475.93,353.46
1796244960000000000,2026-12-02T20:56:00Z,controller 2,1.488,7.29,96.02,320.04,247.49,35.47,8.45,100.0,2,Starting,1428.97,352.47
1796245020000000000,2026-12-02T20:57:00Z,controller 2,1.464,7.289,24.66,209.09,149.34,35.54,7.05,100.0,1,Starting,1405.01,380.46
1796245080000000000,2026-12-02T20:58:00Z,controller 2,1.441,6.643,5.52,193.84,218.09,35.61,7.59,100.0,1,Starting,1396.47,393.87
1796245140000000000,2026-12-02T20:59:00Z,controller 1,1.401,6.585,-13.09,155.52,44.55,35.64,6.86,100.0,3,Starting,1390.53,396.32
1796245200000000000,2026-12-02T21:00:00Z,controller 2,0.194,3.864,105.74,80.89,338.45,35.72,0.07,100.0,1,Starting,1351.89,421.19
1796245260000000000,2026-12-02T21:01:00Z,controller 2,0.171,3.879,118.8,165.26,103.65,35.79,0.06,100.0,3,Starting,1040.02,479.4
1796245320000000000,2026-12-02T21:02:00Z,free response,0.065,4.128,199.28,285.15,338.7,35.85,0.01,100.0,2,Starting,1027.33,502.44
1796245380000000000,2026-12-02T21:03:00Z,controller 1,0.133,3.972,90.41,50.53,239.59,35.88,0.03,100.0,2,Starting,1047.49,526.93
1796245440000000000,2026-12-02T21:04:00Z,controller 2,0.19,4.388,87.97,354.5,566.51,35.95,0.09,100.0,2,Starting,1027.33,502.48
1796245500000000000,2026-12-02T21:05:00Z,free response,0.101,4.147,83.12,228.08,172.5,36.03,0.02,100.0,2,Starting,1000.33,511.6
1796245560000000000,2026-12-02T21:06:00Z,controller 1,0.118,4.519,128.91,369.89,405.76,36.07,0.03,100.0,1,Starting,979.2,490.16
1796245620000000000,2026-12-02T21:07:00Z,controller 2,0.165,4.031,80.05,261.59,469.2,36.16,0.06,100.0,1,Starting,934.36,466.6
1796245680000000000,2026-12-02T21:08:00Z,controller 1,0.068,4.17,65.33,160.95,434.03,36.22,0.01,100.0,2,Starting,886.99,467.39
1796245740000000000,2026-12-02T21:09:00Z,controller 1,0.143,3.926,11.21,207.17,400.66,36.25,0.04,100.0,1,Starting,871.52,495.55
1796245800000000000,2026-12-02T21:10:00Z,controller 1,0.156,3.899,114.4,359.66,570.75,36.33,0.04,100.0,3,Starting,903.99,521.31
1796245860000000000,2026-12-02T21:11:00Z,free response,0.11,4.572,-20.41,326.21,455.6,36.42,0.03,100.0,3,Starting,884.55,536.2
1796245920000000000,2026-12-02T21:12:00Z,controller 1,0.126,4.593,-27.4,105.46,245.51,36.49,0.03,100.0,2,Starting,848.37,509.52
1796245980000000000,2026-12-02T21:13:00Z,controller 2,0.154,4.217,2.55,157.77,304.76,36.55,0.05,100.0,2,Starting,844.77,486.24
1796246040000000000,2026-12-02T21:14:00Z,free response,0.136,4.129,109.98,312.91,247.07,36.57,0.04,100.0,1,Starting,886.17,489.36
1796246100000000000,2026-12-02T21:15:00Z,controller 2,0.178,3.937,78.85,315.83,41.78,36.6,0.07,100.0,1,Starting,896.93,507.63
1796246160000000000,2026-12-02T21:16:00Z,controller 1,0.131,4.179,191.15,254.68,5.48,36.69,0.03,100.0,1,Starting,943.74,503.12
1796246220000000000,2026-12-02T21:17:00Z,controller 1,0.117,4.159,40.68,7.79,10.3,36.78,0.03,100.0,2,Starting,1272.14,987.8
1796246280000000000,2026-12-02T21:18:00Z,free response,0.061,4.626,194.61,435.56,290.87,36.84,0.01,100.0,2,Starting,1319.64,999.49
1796246340000000000,2026-12-02T21:19:00Z,free response,0.184,4.245,17.31,135.12,156.94,36.91,0.08,100.0,3,Starting,1275.4,1000.0
1796246400000000000,2026-12-02T21:20:00Z,free response,0.053,3.962,145.36,24.9,278.24,36.98,0.01,100.0,1,Starting,1288.18,1000.0
1796246460000000000,2026-12-02T21:21:00Z,free response,0.097,4.114,52.47,95.15,261.34,37.02,0.02,100.0,3,Starting,1294.42,1000.0
1796246520000000000,2026-12-02T21:22:00Z,controller 2,0.079,4.625,71.6,206.54,276.56,37.11,0.01,100.0,3,Starting,1262.6,987.72
1796246580000000000,2026-12-02T21:23:00Z,controller 2,0.189,4.165,144.81,319.78,154.14,37.18,0.08,100.0,1,Starting,1261.2,982.29
1796246640000000000,2026-12-02T21:24:00Z,controller 2,0.145,4.092,35.18,260.09,139.21,37.21,0.04,100.0,2,Starting,1279.56,969.96
1796246700000000000,2026-12-02T21:25:00Z,controller 1,0.163,3.936,119.51,414.86,461.6,37.24,0.05,100.0,1,Starting,1256.05,970.69
1796246760000000000,2026-12-02T21:26:00Z,controller 2,0.103,4.512,21.96,9.13,561.32,37.32,0.02,100.0,1,Starting,1229.78,944.42
1796246820000000000,2026-12-02T21:27:00Z,free response,0.206,4.608,175.94,19.64,372.57,37.36,0.09,100.0,2,Starting,1182.81,403.77
1796246880000000000,2026-12-02T21:28:00Z,controller 1,0.181,4.525,36.62,377.36,453.43,37.41,0.07,100.0,2,Starting,1224.59,410.29
1796246940000000000,2026-12-02T21:29:00Z,controller 2,0.222,3.947,60.8,214.06,50.24,37.45,0.09,100.0,1,Starting,1181.83,422.54
1796247000000000000,2026-12-02T21:30:00Z,controller 1,0.37,6.35,164.26,141.45,297.69,37.51,0.44,100.0,2,Starting,1180.8,418.45
1796247060000000000,2026-12-02T21:31:00Z,controller 2,0.375,6.512,60.41,367.55,474.36,37.55,0.44,100.0,1,Starting,1156.5,422.05
1796247120000000000,2026-12-02T21:32:00Z,free response,0.483,6.95,14.74,210.86,436.35,37.63,0.78,100.0,3,Starting,1196.01,400.55
1796247180000000000,2026-12-02T21:33:00Z,controller 1,0.438,6.61,46.94,61.17,417.8,37.67,0.65,100.0,1,Starting,1222.02,382.32
1796247240000000000,2026-12-02T21:34:00Z,controller 2,0.493,6.301,-24.34,9.49,181.95,37.71,0.7,100.0,1,Starting,1198.57,385.14
1796247300000000000,2026-12-02T21:35:00Z,controller 2,0.415,6.829,113.73,424.6,544.03,37.79,0.59,100.0,2,Starting,1243.67,386.6
1796247360000000000,2026-12-02T21:36:00Z,controller 2,0.437,6.877,-14.34,397.43,450.8,37.88,0.64,100.0,2,Starting,1223.21,357.77
1796247420000000000,2026-12-02T21:37:00Z,free response,0.372,6.505,61.05,441.34,512.02,37.93,0.48,100.0,1,Starting,1263.95,363.22
1796247480000000000,2026-12-02T21:38:00Z,controller 2,0.371,6.684,25.82,70.42,152.04,37.97,0.45,100.0,3,Starting,1239.0,370.17
1796247540000000000,2026-12-02T21:39:00Z,controller 2,0.376,6.405,70.71,238.41,296.66,38.0,0.44,100.0,2,Starting,1248.6,351.09
1796247600000000000,2026-12-02T21:40:00Z,controller 1,0.408,6.81,108.94,124.09,257.77,38.08,0.56,100.0,2,Starting,1258.1,377.19
1796247660000000000,2026-12-02T21:41:00Z,controller 1,0.4,6.384,3.1,320.02,150.57,38.11,0.53,100.0,2,Starting,1306.36,376.56
1796247720000000000,2026-12-02T21:42:00Z,free response,0.547,6.573,38.56,76.95,478.52,38.14,0.95,100.0,2,Starting,1285.64,354.5
1796247780000000000,2026-12-02T21:43:00Z,controller 2,0.521,6.733,-24.36,410.05,349.33,38.21,0.92,100.0,1,Starting,1248.38,347.56
1796247840000000000,2026-12-02T21:44:00Z,controller 2,0.524,6.868,65.75,411.88,523.18,38.27,0.98,100.0,2,Starting,1212.1,353.82
1796247900000000000,2026-12-02T21:45:00Z,free response,0.382,6.388,185.42,41.23,204.92,38.33,0.51,100.0,1,Starting,1240.28,346.11
1796247960000000000,2026-12-02T21:46:00Z,free response,0.387,6.552,112.39,323.62,388.15,38.38,0.45,100.0,3,Starting,1225.32,349.73
1796248020000000000,2026-12-02T21:47:00Z,free response,0.467,6.718,141.54,217.16,452.26,38.42,0.66,100.0,3,Starting,1207.34,347.18
1796248080000000000,2026-12-02T21:48:00Z,controller 1,0.464,6.652,43.64,407.51,337.91,38.47,0.73,100.0,3,Starting,832.1,912.14
1796248140000000000,2026-12-02T21:49:00Z,free response,0.488,6.603,102.25,405.88,521.06,38.53,0.78,100.0,3,Starting,813.31,921.38
1796248200000000000,2026-12-02T21:50:00Z,free response,0.437,6.402,74.86,58.49,370.47,38.59,0.67,100.0,1,Starting,775.3,916.96
1796248260000000000,2026-12-02T21:51:00Z,free response,0.449,6.65,9.31,316.48,599.75,38.67,0.73,100.0,3,Starting,791.14,902.78
1796248320000000000,2026-12-02T21:52:00Z,free response,0.438,6.644,113.53,170.84,455.98,38.72,0.64,100.0,2,Starting,788.98,885.11
1796248380000000000,2026-12-02T21:53:00Z,free response,0.47,6.372,126.2,220.67,5.45,38.79,0.69,100.0,3,Starting,791.2,886.31
1796248440000000000,2026-12-02T21:54:00Z,controller 1,0.434,6.325,25.27,351.98,555.34,38.88,0.61,100.0,2,Starting,772.59,867.12
1796248500000000000,2026-12-02T21:55:00Z,free response,0.417,6.55,139.3,295.45,94.4,38.91,0.61,100.0,3,Starting,756.33,855.22
1796248560000000000,2026-12-02T21:56:00Z,free response,0.385,6.926,38.06,64.52,580.38,38.94,0.55,100.0,1,Starting,788.31,845.48
1796248620000000000,2026-12-02T21:57:00Z,controller 2,0.54,6.714,175.61,120.06,78.89,38.97,1.0,100.0,2,Starting,833.06,834.49
1796248680000000000,2026-12-02T21:58:00Z,controller 1,0.376,6.476,178.15,107.21,298.32,39.01,0.45,100.0,2,On,882.49,851.48
1796248740000000000,2026-12-02T21:59:00Z,free response,0.473,6.892,25.74,172.8,581.58,39.05,0.79,100.0,2,On,923.25,833.53
1796248800000000000,2026-12-02T22:00:00Z,controller 1,2.51,11.917,55.48,186.52,321.73,39.1,34.85,100.0,2,On,1216.33,606.67
1796248860000000000,2026-12-02T22:01:00Z,controller 1,2.437,12.101,-27.55,136.15,199.88,39.17,36.96,100.0,3,On,1176.28,633.7
1796248920000000000,2026-12-02T22:02:00Z,controller 1,2.478,12.625,153.99,53.45,188.62,39.26,41.87,100.0,3,On,1160.78,636.66
1796248980000000000,2026-12-02T22:03:00Z,free response,2.445,11.946,182.79,423.35,111.17,39.32,38.91,100.0,3,On,1155.94,633.2
1796249040000000000,2026-12-02T22:04:00Z,free response,2.4,11.908,118.06,210.83,21.73,39.41,37.54,57.88,2,On,1183.8,645.61
1796249100000000000,2026-12-02T22:05:00Z,controller 1,2.385,12.161,54.55,17.7,262.27,39.46,34.16,100.0,1,On,1219.49,621.65
1796249160000000000,2026-12-02T22:06:00Z,controller 2,2.437,12.462,130.07,252.45,315.85,39.51,37.29,100.0,3,On,1198.11,627.34
1796249220000000000,2026-12-02T22:07:00Z,controller 2,2.466,12.617,106.09,178.09,87.5,39.6,36.51,100.0,2,On,1221.37,604.47
1796249280000000000,2026-12-02T22:08:00Z,controller 1,2.387,11.9,26.57,262.36,566.33,39.64,35.62,100.0,3,On,1252.94,623.52
1796249340000000000,2026-12-02T22:09:00Z,controller 2,2.399,11.984,162.11,148.35,356.71,39.72,31.92,100.0,1,On,1288.72,610.41
1796249400000000000,2026-12-02T22:10:00Z,controller 1,2.364,12.016,196.75,365.76,528.58,39.77,30.6,100.0,3,On,1337.24,602.05
1796249460000000000,2026-12-02T22:11:00Z,controller 1,2.432,12.389,-29.28,210.2,573.71,39.82,34.53,100.0,3,On,1347.31,619.36
1796249520000000000,2026-12-02T22:12:00Z,controller 1,2.477,12.359,50.41,85.02,106.5,39.9,35.8,100.0,2,On,1311.11,621.61
1796249580000000000,2026-12-02T22:13:00Z,free response,2.409,12.548,173.96,115.36,158.18,39.94,32.85,100.0,2,On,1301.53,636.65
1796249640000000000,2026-12-02T22:14:00Z,controller 1,2.458,12.351,-26.44,126.52,123.19,39.98,40.33,100.0,1,On,1350.67,623.89
1796249700000000000,2026-12-02T22:15:00Z,free response,2.426,11.953,141.6,13.8,74.81,40.04,36.75,100.0,1,On,1358.45,337.69
1796249760000000000,2026-12-02T22:16:00Z,free response,2.415,12.297,73.36,214.53,538.87,40.13,39.0,100.0,2,On,1328.14,351.11
1796249820000000000,2026-12-02T22:17:00Z,free response,2.442,12.278,53.78,416.97,313.66,40.16,37.42,100.0,2,On,1364.81,348.55
1796249880000000000,2026-12-02T22:18:00Z,free response,2.45,12.293,110.26,247.43,494.17,40.21,39.41,100.0,2,On,1376.83,327.95
1796249940000000000,2026-12-02T22:19:00Z,free response,2.401,12.522,179.95,215.79,568.26,40.29,34.96,100.0,2,On,1355.96,338.67
1796250000000000000,2026-12-02T22:20:00Z,controller 1,2.476,12.54,135.95,330.78,297.52,40.38,36.93,100.0,3,On,1320.79,328.02
1796250060000000000,2026-12-02T22:21:00Z,controller 1,2.341,12.078,57.59,405.58,536.88,40.41,33.06,100.0,3,On,1355.33,320.77
1796250120000000000,2026-12-02T22:22:00Z,controller 2,2.459,12.466,4.45,143.48,336.76,40.47,35.96,100.0,2,On,1318.67,291.07
1796250180000000000,2026-12-02T22:23:00Z,controller 2,2.49,12.128,143.23,213.03,35.82,40.56,35.91,99.75,3,On,1336.65,290.67
1796250240000000000,2026-12-02T22:24:00Z,controller 1,2.475,11.89,-6.97,435.65,334.47,40.6,38.01,100.0,2,On,506.87,748.22
1796250300000000000,2026-12-02T22:25:00Z,free response,2.388,12.208,171.33,77.34,509.17,40.63,35.16,100.0,3,On,526.05,735.67
1796250360000000000,2026-12-02T22:26:00Z,controller 1,2.482,11.918,124.26,344.24,121.33,40.71,39.36,100.0,3,On,509.02,709.0
1796250420000000000,2026-12-02T22:27:00Z,controller 1,2.4,12.571,136.87,15.01,461.84,40.77,38.57,100.0,3,On,506.91,694.66
1796250480000000000,2026-12-02T22:28:00Z,free response,2.375,12.406,39.67,144.5,570.59,40.81,31.79,100.0,3,On,478.2,702.42
1796250540000000000,2026-12-02T22:29:00Z,free response,2.495,12.594,101.95,203.03,557.33,40.85,37.56,100.0,3,On,506.11,713.05
1796250600000000000,2026-12-02T22:30:00Z,controller 2,2.321,1.9,88.39,103.05,548.05,40.92,5.3,100.0,1,On,473.04,699.24
1796250660000000000,2026-12-02T22:31:00Z,free response,2.34,1.704,2.77,345.39,206.5,40.98,5.1,100.0,1,On,1121.62,522.95
1796250720000000000,2026-12-02T22:32:00Z,controller 2,2.383,1.939,-10.68,236.95,339.94,41.07,5.25,100.0,1,On,1109.44,547.77
1796250780000000000,2026-12-02T22:33:00Z,controller 1,2.396,1.527,124.18,88.48,85.98,41.12,4.13,100.0,1,On,1098.53,540.16
1796250840000000000,2026-12-02T22:34:00Z,free response,2.315,1.929,34.29,184.15,418.43,41.17,5.05,100.0,1,On,1134.59,547.95
1796250900000000000,2026-12-02T22:35:00Z,controller 2,2.346,1.484,-20.89,141.45,400.4,41.23,4.17,100.0,3,On,1145.0,547.25
1796250960000000000,2026-12-02T22:36:00Z,controller 1,2.376,2.081,123.09,165.68,430.73,41.28,5.79,100.0,3,On,1182.06,569.1
1796251020000000000,2026-12-02T22:37:00Z,controller 2,2.267,1.443,157.46,333.78,486.13,41.34,3.68,100.0,1,On,1157.91,587.95
1796251080000000000,2026-12-02T22:38:00Z,controller 1,2.276,1.794,106.47,152.3,365.64,41.38,4.23,100.0,3,On,1143.64,583.05
1796251140000000000,2026-12-02T22:39:00Z,controller 1,2.227,1.648,93.71,399.2,391.18,41.47,4.2,100.0,2,On,1174.74,598.71
1796251200000000000,2026-12-02T22:40:00Z,controller 2,2.392,1.653,53.18,69.69,212.91,41.54,5.14,100.0,2,On,1188.73,580.13
1796251260000000000,2026-12-02T22:41:00Z,free response,2.358,1.581,67.59,297.47,211.05,41.57,4.79,100.0,3,On,1235.71,565.79
1796251320000000000,2026-12-02T22:42:00Z,controller 1,2.31,1.611,23.19,426.31,41.41,41.63,4.37,100.0,3,On,1235.25,590.71
1796251380000000000,2026-12-02T22:43:00Z,free response,2.353,1.732,189.36,124.33,210.32,41.66,4.87,100.0,2,On,1228.53,568.84
1796251440000000000,2026-12-02T22:44:00Z,controller 2,2.369,1.641,179.96,239.94,421.04,41.74,4.46,100.0,1,On,1253.95,586.84
1796251500000000000,2026-12-02T22:45:00Z,free response,2.317,1.529,188.3,424.75,339.51,41.8,3.94,100.0,3,On,1236.09,603.72
1796251560000000000,2026-12-02T22:46:00Z,controller 1,2.374,1.95,66.1,11.95,148.55,41.82,5.95,100.0,1,On,1284.52,627.8
1796251620000000000,2026-12-02T22:47:00Z,controller 1,2.376,1.453,172.68,78.66,125.18,41.89,3.94,100.0,2,On,1260.55,617.82
1796251680000000000,2026-12-02T22:48:00Z,controller 2,2.315,1.763,24.66,167.45,338.64,41.93,4.6,100.0,2,On,1304.25,629.09
1796251740000000000,2026-12-02T22:49:00Z,controller 2,2.24,1.921,83.53,233.68,92.8,41.96,4.65,100.0,2,On,1312.48,639.57
1796251800000000000,2026-12-02T22:50:00Z,controller 2,2.225,1.81,138.81,27.24,395.07,42.03,4.08,100.0,1,Off,1283.95,635.04
1796251860000000000,2026-12-02T22:51:00Z,free response,2.363,1.757,16.65,73.07,246.1,42.1,4.81,100.0,1,Off,1257.39,607.34
1796251920000000000,2026-12-02T22:52:00Z,controller 1,2.266,1.715,83.41,6.73,248.54,42.19,4.28,100.0,1,Off,1213.34,609.2
1796251980000000000,2026-12-02T22:53:00Z,controller 2,2.232,1.465,61.7,348.49,142.99,42.27,3.81,100.0,2,Off,1218.84,619.95
1796252040000000000,2026-12-02T22:54:00Z,controller 2,2.308,2.173,15.58,15.87,590.46,42.31,6.26,100.0,3,Off,770.83,718.31
1796252100000000000,2026-12-02T22:55:00Z,free response,2.29,1.796,73.36,253.53,355.09,42.4,5.1,100.0,3,Off,753.84,694.33
1796252160000000000,2026-12-02T22:56:00Z,controller 1,2.391,1.923,66.71,141.22,248.52,42.46,5.79,100.0,2,Off,722.27,717.88
1796252220000000000,2026-12-02T22:57:00Z,controller 2,2.255,1.959,-18.56,70.25,158.75,42.52,4.93,100.0,1,Off,760.76,702.33
1796252280000000000,2026-12-02T22:58:00Z,controller 2,2.224,1.835,193.49,335.19,93.19,42.56,4.12,100.0,1,Off,964.81,472.63
1796252340000000000,2026-12-02T22:59:00Z,controller 2,2.363,2.133,193.97,329.73,413.55,42.62,6.14,100.0,2,Off,959.48,488.58
1796252400000000000,2026-12-02T23:00:00Z,free response,1.424,11.274,96.24,226.47,234.04,42.67,11.29,100.0,3,Off,924.39,466.32
1796252460000000000,2026-12-02T23:01:00Z,free response,1.477,10.975,45.81,223.64,392.35,42.74,11.85,100.0,1,Off,972.74,453.69
1796252520000000000,2026-12-02T23:02:00Z,controller 1,1.424,10.777,182.19,94.31,14.49,42.81,11.71,100.0,1,Off,958.3,435.18
1796252580000000000,2026-12-02T23:03:00Z,controller 1,1.454,10.614,177.86,184.68,88.27,42.86,11.27,100.0,2,Off,893.17,469.98
1796252640000000000,2026-12-02T23:04:00Z,controller 1,1.403,10.85,93.3,410.25,202.09,42.89,10.75,100.0,1,Off,896.27,467.11
1796252700000000000,2026-12-02T23:05:00Z,controller 1,1.402,11.27,185.45,188.72,95.48,42.94,11.7,100.0,2,Off,904.55,437.55
1796252760000000000,2026-12-02T23:06:00Z,controller 2,1.472,10.829,14.88,94.65,114.03,42.98,12.03,100.0,1,Off,942.97,440.08
1796252820000000000,2026-12-02T23:07:00Z,controller 2,1.518,10.795,-4.77,30.93,312.83,43.05,11.56,100.0,2,Off,967.86,468.32
1796252880000000000,2026-12-02T23:08:00Z,free response,1.416,10.992,17.78,233.26,516.33,43.12,10.11,100.0,1,Off,994.92,461.15
1796252940000000000,2026-12-02T23:09:00Z,controller 1,1.399,10.659,-29.52,44.6,114.3,43.21,11.39,100.0,2,Off,1023.01,443.37
1796253000000000000,2026-12-02T23:10:00Z,free response,1.413,11.12,7.72,211.51,296.41,43.25,10.76,100.0,1,Off,1034.68,457.39
1796253060000000000,2026-12-02T23:11:00Z,controller 2,1.405,10.84,79.99,149.01,560.57,43.32,10.35,100.0,3,Off,509.26,543.18
1796253120000000000,2026-12-02T23:12:00Z,controller 1,1.503,10.616,139.18,237.32,446.86,43.36,11.3,100.0,1,Off,464.02,549.48
1796253180000000000,2026-12-02T23:13:00Z,controller 2,1.402,10.78,15.28,203.1,418.52,43.4,9.67,100.0,1,Off,433.12,547.18
1796253240000000000,2026-12-02T23:14:00Z,free response,1.451,11.237,125.63,304.28,375.67,43.44,12.26,100.0,1,Off,396.13,521.95
1796253300000000000,2026-12-02T23:15:00Z,controller 1,1.39,10.582,132.21,225.97,329.37,43.47,11.06,100.0,3,Off,400.71,543.95
1796253360000000000,2026-12-02T23:16:00Z,controller 1,1.488,10.845,-17.24,198.67,187.4,43.56,11.23,100.0,1,Off,390.52,551.9
1796253420000000000,2026-12-02T23:17:00Z,controller 1,1.424,11.227,-18.36,0.35,72.45,43.63,11.27,100.0,1,Off,719.96,399.27
1796253480000000000,2026-12-02T23:18:00Z,free response,1.437,10.943,19.32,254.14,506.83,43.69,10.22,100.0,3,Off,748.67,392.64
1796253540000000000,2026-12-02T23:19:00Z,controller 2,1.425,11.052,-1.95,188.03,8.41,43.74,12.3,68.37,3,Off,789.34,395.68
1796253600000000000,2026-12-02T23:20:00Z,controller 1,1.537,11.229,131.44,54.93,371.99,43.77,13.57,100.0,2,Off,775.27,388.27
1796253660000000000,2026-12-02T23:21:00Z,controller 1,1.47,10.673,-15.15,239.32,149.19,43.81,11.54,100.0,3,Off,814.45,376.45
1796253720000000000,2026-12-02T23:22:00Z,free response,1.471,10.933,86.07,18.01,532.95,43.86,11.27,100.0,1,Off,817.68,369.37
1796253780000000000,2026-12-02T23:23:00Z,controller 2,1.444,11.037,68.09,197.69,523.53,43.95,11.37,100.0,2,Off,832.57,375.37
1796253840000000000,2026-12-02T23:24:00Z,controller 2,1.432,10.99,183.82,238.86,204.4,44.02,11.13,100.0,1,Off,811.93,350.4
1796253900000000000,2026-12-02T23:25:00Z,controller 2,1.511,11.216,6.66,188.42,403.94,44.05,12.53,100.0,3,Off,775.33,380.15
1796253960000000000,2026-12-02T23:26:00Z,controller 2,1.477,11.096,67.04,88.82,300.41,44.09,11.67,100.0,1,Off,748.87,384.78
1796254020000000000,2026-12-02T23:27:00Z,free response,1.518,10.752,26.57,448.9,259.92,44.14,12.63,100.0,1,On,1351.76,446.2
1796254080000000000,2026-12-02T23:28:00Z,free response,1.541,11.243,70.63,132.26,89.41,44.21,12.65,100.0,1,On,1312.27,468.8
1796254140000000000,2026-12-02T23:29:00Z,controller 1,1.505,11.162,187.06,289.73,134.36,44.26,13.76,100.0,2,On,1341.79,465.39
1796254200000000000,2026-12-02T23:30:00Z,free response,0.165,13.201,199.11,0.17,532.73,44.33,0.19,100.0,1,On,1349.61,475.06
1796254260000000000,2026-12-02T23:31:00Z,controller 2,0.145,13.455,88.68,353.33,30.61,44.38,0.15,100.0,2,On,1382.61,445.3
1796254320000000000,2026-12-02T23:32:00Z,free response,0.149,12.807,150.57,3.71,541.68,44.46,0.14,100.0,1,On,1402.19,450.25
1796254380000000000,2026-12-02T23:33:00Z,controller 2,0.182,13.37,11.78,408.09,231.46,44.5,0.23,100.0,1,On,1422.33,461.38
1796254440000000000,2026-12-02T23:34:00Z,controller 2,0.248,13.057,3.82,263.28,391.46,44.58,0.4,100.0,3,On,1459.63,432.2
1796254500000000000,2026-12-02T23:35:00Z,controller 2,0.15,13.006,152.96,273.5,330.01,44.64,0.16,100.0,3,On,1412.84,413.91
1796254560000000000,2026-12-02T23:36:00Z,controller 1,0.165,13.267,-9.48,97.53,308.41,44.71,0.16,100.0,2,On,1370.11,392.11
1796254620000000000,2026-12-02T23:37:00Z,controller 2,0.224,13.106,197.91,169.82,426.3,44.75,0.3,100.0,1,On,1340.93,379.95
1796254680000000000,2026-12-02T23:38:00Z,controller 2,0.192,13.126,81.66,109.54,215.03,44.84,0.24,100.0,1,On,1323.87,385.9
1796254740000000000,2026-12-02T23:39:00Z,free response,0.152,13.365,196.5,59.24,55.09,44.91,0.16,100.0,1,On,1372.13,386.69
1796254800000000000,2026-12-02T23:40:00Z,free response,0.191,12.813,2.08,167.26,376.16,44.97,0.23,100.0,3,On,1387.13,414.17
1796254860000000000,2026-12-02T23:41:00Z,free response,0.107,12.777,-29.53,355.95,12.6,44.99,0.08,100.0,3,On,1407.55,435.53
1796254920000000000,2026-12-02T23:42:00Z,controller 2,0.145,12.972,162.37,263.15,340.09,45.02,0.13,100.0,3,On,1430.58,420.1
1796254980000000000,2026-12-02T23:43:00Z,controller 1,0.22,13.332,87.03,341.12,514.01,45.07,0.33,100.0,2,On,1401.9,440.19
1796255040000000000,2026-12-02T23:44:00Z,free response,0.135,13.497,44.09,350.81,273.91,45.11,0.13,100.0,2,On,1381.82,419.31
1796255100000000000,2026-12-02T23:45:00Z,free response,0.273,12.767,165.57,320.8,570.36,45.14,0.51,100.0,1,On,1351.05,437.49
1796255160000000000,2026-12-02T23:46:00Z,controller 1,0.16,12.901,21.17,420.25,298.99,45.21,0.16,100.0,1,On,1338.15,453.65
1796255220000000000,2026-12-02T23:47:00Z,controller 1,0.249,13.302,131.01,267.27,160.26,45.29,0.42,100.0,2,On,1301.36,478.74
1796255280000000000,2026-12-02T23:48:00Z,controller 1,0.142,13.231,112.74,354.61,530.93,45.34,0.14,100.0,1,On,1290.89,485.64
1796255340000000000,2026-12-02T23:49:00Z,controller 2,0.116,13.352,80.06,274.27,247.82,45.37,0.09,100.0,2,On,1305.05,485.59
1796255400000000000,2026-12-02T23:50:00Z,free response,0.129,13.038,122.57,240.48,586.3,45.4,0.11,100.0,2,On,1301.36,474.37
1796255460000000000,2026-12-02T23:51:00Z,free response,0.266,12.724,87.87,34.55,405.79,45.46,0.48,100.0,3,On,1329.23,500.02
1796255520000000000,2026-12-02T23:52:00Z,controller 2,0.143,12.767,23.23,6.92,551.02,45.52,0.14,100.0,1,On,1287.29,506.72
1796255580000000000,2026-12-02T23:53:00Z,controller 2,0.148,13.442,52.24,137.99,109.24,45.58,0.16,100.0,3,On,1284.76,513.21
1796255640000000000,2026-12-02T23:54:00Z,controller 1,0.105,12.851,159.42,406.62,480.97,45.62,0.06,100.0,3,On,1453.74,835.61
1796255700000000000,2026-12-02T23:55:00Z,controller 2,0.116,13.116,-29.34,444.78,119.43,45.69,0.1,100.0,2,On,1411.79,834.63
1796255760000000000,2026-12-02T23:56:00Z,controller 1,0.164,12.879,196.71,202.01,29.33,45.76,0.16,100.0,2,On,1435.63,833.81
1796255820000000000,2026-12-02T23:57:00Z,controller 2,0.199,13.154,66.0,272.01,180.22,45.81,0.24,100.0,3,On,1458.94,829.41
1796255880000000000,2026-12-02T23:58:00Z,free response,0.124,12.73,185.45,388.22,375.11,45.89,0.1,100.0,1,On,1438.87,807.09
1796255940000000000,2026-12-02T23:59:00Z,controller 1,0.173,12.806,22.82,137.58,358.76,45.94,0.18,100.0,2,On,1441.02,803.35
