timestamp_ns,timestamp_iso,controller,hs,tp,avg_power,power_in,power_out,battery_pct,sea_state_energy,efficiency,peaks,nextwave,nextwave_error,nextwave_error_2
1791849600000000000,2026-10-13T00:00:00Z,controller 2,2.311,4.417,145.98,95.27,452.63,6.91,11.88,100.0,3,On,1454.78,541.42
1791849660000000000,2026-10-13T00:01:00Z,free response,2.245,4.004,31.8,273.73,443.97,6.89,10.69,100.0,3,On,1476.66,515.76
1791849720000000000,2026-10-13T00:02:00Z,free response,2.309,4.108,-11.57,305.95,323.59,6.86,10.95,100.0,2,On,1490.35,530.52
1791849780000000000,2026-10-13T00:03:00Z,controller 1,2.305,4.624,133.86,192.99,518.78,6.84,12.53,100.0,3,On,1479.78,513.79
1791849840000000000,2026-10-13T00:04:00Z,free response,2.329,4.647,164.05,322.43,419.81,6.83,11.66,100.0,3,On,1465.05,514.53
1791849900000000000,2026-10-13T00:05:00Z,controller 2,2.277,4.25,87.23,351.77,171.82,6.82,11.97,100.0,1,On,1461.77,510.37
1791849960000000000,2026-10-13T00:06:00Z,controller 1,2.289,4.227,67.86,225.48,305.16,6.8,10.47,100.0,1,On,1465.55,518.24
1791850020000000000,2026-10-13T00:07:00Z,controller 2,2.273,4.05,162.42,389.09,285.21,6.78,9.47,100.0,2,On,1442.76,539.26
1791850080000000000,2026-10-13T00:08:00Z,free response,2.158,4.59,197.03,339.19,134.61,6.75,9.63,100.0,1,On,1456.84,546.62
1791850140000000000,2026-10-13T00:09:00Z,controller 1,2.165,4.109,167.91,9.69,311.08,6.74,9.01,100.0,2,On,1445.91,522.26
1791850200000000000,2026-10-13T00:10:00Z,controller 1,2.297,4.047,168.1,197.7,179.1,6.72,10.16,100.0,1,On,1429.65,492.9
1791850260000000000,2026-10-13T00:11:00Z,controller 1,2.26,4.417,193.69,156.13,485.87,6.72,11.86,100.0,1,On,1471.03,489.01
1791850320000000000,2026-10-13T00:12:00Z,controller 2,2.191,4.358,172.46,152.77,497.52,6.7,10.74,100.0,3,On,1500.0,474.25
1791850380000000000,2026-10-13T00:13:00Z,free response,2.286,4.207,52.5,298.56,421.98,6.67,10.43,100.0,1,On,1500.0,500.68
1791850440000000000,2026-10-13T00:14:00Z,free response,2.266,4.579,19.66,53.23,60.29,6.66,10.67,100.0,2,Starting,1478.46,475.77
1791850500000000000,2026-10-13T00:15:00Z,controller 2,2.323,4.541,-29.08,149.92,195.53,6.63,13.02,100.0,3,Starting,1487.97,454.12
1791850560000000000,2026-10-13T00:16:00Z,controller 2,2.157,4.549,104.13,101.06,304.78,6.62,9.99,100.0,2,Starting,1367.88,918.5
1791850620000000000,2026-10-13T00:17:00Z,free response,2.282,4.3,-10.74,230.51,388.72,6.61,11.14,100.0,3,Starting,1339.09,935.24
1791850680000000000,2026-10-13T00:18:00Z,controller 2,2.323,4.218,-28.21,42.3,168.72,6.6,11.48,100.0,3,Starting,1348.65,908.89
1791850740000000000,2026-10-13T00:19:00Z,controller 1,2.307,4.577,140.33,323.99,359.24,6.58,12.82,100.0,1,Starting,1348.63,892.75
1791850800000000000,2026-10-13T00:20:00Z,controller 1,2.26,4.516,-9.43,274.08,216.91,6.55,12.48,100.0,2,Starting,1377.28,875.68
1791850860000000000,2026-10-13T00:21:00Z,free response,2.265,4.622,-6.5,217.9,269.7,6.52,11.71,100.0,2,Starting,1349.19,373.33
1791850920000000000,2026-10-13T00:22:00Z,free response,2.303,4.594,59.62,391.61,539.64,6.49,11.43,100.0,2,Starting,1387.54,400.51
1791850980000000000,2026-10-13T00:23:00Z,controller 1,2.244,4.02,93.29,232.83,526.93,6.46,10.34,100.0,1,Starting,1409.92,377.81
1791851040000000000,2026-10-13T00:24:00Z,controller 2,2.19,4.635,166.77,123.56,260.4,6.43,10.21,100.0,3,Starting,1376.59,366.41
1791851100000000000,2026-10-13T00:25:00Z,controller 2,2.17,4.552,134.02,55.77,237.41,6.42,10.06,100.0,3,Starting,1384.64,379.06
1791851160000000000,2026-10-13T00:26:00Z,controller 2,2.234,4.049,124.13,303.31,584.89,6.41,10.25,100.0,3,Starting,1344.4,354.53
1791851220000000000,2026-10-13T00:27:00Z,controller 2,2.163,4.054,-3.24,148.72,462.31,6.41,9.55,100.0,2,Starting,1383.35,328.18
1791851280000000000,2026-10-13T00:28:00Z,controller 1,2.225,4.04,-16.59,85.15,11.19,6.39,9.06,100.0,2,Starting,1376.54,355.48
1791851340000000000,2026-10-13T00:29:00Z,free response,2.226,4.529,111.16,380.91,396.67,6.37,11.07,100.0,2,Starting,1379.22,359.53
1791851400000000000,2026-10-13T00:30:00Z,free response,1.101,7.339,21.26,197.77,154.93,6.36,4.11,100.0,2,Starting,1347.93,353.02
1791851460000000000,2026-10-13T00:31:00Z,controller 2,0.968,6.861,86.69,2.29,183.65,6.33,3.45,100.0,2,Starting,1323.42,333.1
1791851520000000000,2026-10-13T00:32:00Z,controller 2,1.122,7.246,47.72,281.44,368.46,6.3,4.96,100.0,2,Starting,1279.03,314.69
1791851580000000000,2026-10-13T00:33:00Z,controller 1,1.095,7.106,83.76,398.68,39.13,6.29,3.86,100.0,2,Starting,1316.74,321.23
1791851640000000000,2026-10-13T00:34:00Z,controller 2,1.048,6.881,65.45,251.88,300.01,6.25,3.78,100.0,2,Starting,1332.67,343.81
1791851700000000000,2026-10-13T00:35:00Z,controller 1,1.065,7.417,109.75,412.48,454.19,6.24,4.15,100.0,2,Starting,1329.81,334.3
1791851760000000000,2026-10-13T00:36:00Z,free response,1.028,6.954,198.09,56.45,4.01,6.22,3.81,100.0,3,Starting,1371.56,340.6
1791851820000000000,2026-10-13T00:37:00Z,controller 2,1.039,7.319,159.03,272.2,76.55,6.19,3.56,100.0,1,Starting,1361.47,355.68
1791851880000000000,2026-10-13T00:38:00Z,free response,0.992,6.867,50.66,259.1,17.36,6.16,3.04,100.0,2,Starting,1380.7,345.77
1791851940000000000,2026-10-13T00:39:00Z,free response,1.001,7.265,130.11,112.35,147.57,6.14,3.48,100.0,2,Starting,1429.2,349.44
1791852000000000000,2026-10-13T00:40:00Z,controller 2,1.065,6.76,49.02,65.69,368.27,6.11,4.06,100.0,1,Starting,1386.04,369.95
1791852060000000000,2026-10-13T00:41:00Z,controller 1,1.065,6.793,17.67,349.3,7.8,6.08,3.8,100.0,3,Starting,1365.35,358.68
1791852120000000000,2026-10-13T00:42:00Z,free response,1.063,7.188,183.56,123.12,118.71,6.07,4.07,100.0,1,Starting,1407.19,329.03
1791852180000000000,2026-10-13T00:43:00Z,controller 2,1.093,6.709,146.81,223.58,178.75,6.04,3.74,100.0,2,Starting,1386.08,322.73
1791852240000000000,2026-10-13T00:44:00Z,controller 1,1.0,7.41,104.85,313.01,182.03,6.03,3.43,100.0,2,Starting,1419.28,316.25
1791852300000000000,2026-10-13T00:45:00Z,controller 2,1.137,6.729,35.57,336.05,189.3,6.02,4.56,100.0,2,Starting,1370.51,331.44
1791852360000000000,2026-10-13T00:46:00Z,free response,1.049,7.016,85.75,203.74,254.83,6.0,3.59,100.0,3,Starting,1358.82,352.33
1791852420000000000,2026-10-13T00:47:00Z,controller 1,0.972,7.21,57.49,392.78,536.13,5.97,3.58,100.0,3,Starting,1313.06,353.23
1791852480000000000,2026-10-13T00:48:00Z,controller 2,0.997,6.704,109.27,88.19,205.58,5.94,3.57,100.0,2,Starting,1344.09,367.55
1791852540000000000,2026-10-13T00:49:00Z,controller 1,1.025,6.821,114.53,374.02,18.07,5.93,3.67,100.0,1,Starting,1358.31,389.53
1791852600000000000,2026-10-13T00:50:00Z,controller 2,1.057,6.715,118.25,328.79,343.63,5.92,4.02,100.0,2,Starting,1315.28,393.94
1791852660000000000,2026-10-13T00:51:00Z,controller 2,1.01,7.388,-23.84,181.2,532.17,5.92,3.78,100.0,2,Starting,1270.08,396.14
1791852720000000000,2026-10-13T00:52:00Z,free response,1.08,7.243,75.83,331.28,308.13,5.9,4.42,100.0,3,Starting,1258.55,417.76
1791852780000000000,2026-10-13T00:53:00Z,free response,1.012,7.318,180.36,173.12,541.33,5.89,3.89,100.0,2,Starting,1230.97,401.58
1791852840000000000,2026-10-13T00:54:00Z,controller 2,1.088,6.908,73.48,440.03,290.06,5.87,4.15,100.0,3,On,1216.49,382.45
1791852900000000000,2026-10-13T00:55:00Z,free response,1.077,7.096,-22.76,61.02,479.03,5.85,4.31,100.0,2,On,1256.58,393.7
1791852960000000000,2026-10-13T00:56:00Z,controller 2,0.972,7.197,14.6,12.78,306.13,5.84,3.69,100.0,3,On,1266.85,384.12
1791853020000000000,2026-10-13T00:57:00Z,controller 2,0.968,7.366,156.26,402.68,203.0,5.82,3.64,100.0,2,On,1227.19,368.52
1791853080000000000,2026-10-13T00:58:00Z,free response,0.968,6.929,91.54,55.61,286.92,5.79,3.24,100.0,3,On,1272.58,395.1
1791853140000000000,2026-10-13T00:59:00Z,free response,1.071,6.965,18.8,90.17,581.61,5.77,4.39,100.0,3,On,1293.29,365.86
1791853200000000000,2026-10-13T01:00:00Z,controller 2,0.528,6.062,50.05,384.62,179.65,5.75,0.8,100.0,2,On,674.8,863.79
1791853260000000000,2026-10-13T01:01:00Z,controller 1,0.604,6.024,39.77,90.65,494.76,5.72,1.14,100.0,1,On,685.04,879.26
1791853320000000000,2026-10-13T01:02:00Z,free response,0.619,5.947,141.62,76.93,181.96,5.7,1.11,100.0,1,On,674.96,868.21
1791853380000000000,2026-10-13T01:03:00Z,controller 1,0.635,5.753,43.4,25.08,77.66,5.68,1.17,100.0,2,On,662.73,873.13
1791853440000000000,2026-10-13T01:04:00Z,controller 2,0.551,6.073,117.43,66.9,231.4,5.66,1.01,100.0,3,On,643.68,864.42
1791853500000000000,2026-10-13T01:05:00Z,free response,0.509,6.499,5.21,378.08,63.04,5.63,0.78,100.0,1,On,680.7,842.36
1791853560000000000,2026-10-13T01:06:00Z,controller 2,0.55,5.835,9.11,176.48,207.16,5.62,0.95,100.0,2,On,724.17,850.35
1791853620000000000,2026-10-13T01:07:00Z,controller 1,0.655,6.123,44.92,108.2,577.5,5.61,1.37,100.0,1,On,745.95,824.25
1791853680000000000,2026-10-13T01:08:00Z,controller 1,0.517,6.399,142.61,172.61,405.86,5.59,0.86,100.0,2,On,711.88,840.57
1791853740000000000,2026-10-13T01:09:00Z,controller 2,0.579,6.262,78.43,372.87,360.12,5.57,1.06,100.0,1,On,711.93,862.75
1791853800000000000,2026-10-13T01:10:00Z,free response,0.542,6.261,51.25,76.62,247.88,5.55,0.85,100.0,2,On,684.73,867.57
1791853860000000000,2026-10-13T01:11:00Z,controller 1,0.525,6.03,152.06,388.6,247.87,5.52,0.82,100.0,1,On,706.43,410.74
1791853920000000000,2026-10-13T01:12:00Z,free response,0.544,5.964,173.66,82.37,315.17,5.5,0.96,100.0,3,On,677.51,380.76
1791853980000000000,2026-10-13T01:13:00Z,controller 2,0.517,6.395,177.51,184.35,51.55,5.48,0.9,100.0,1,On,690.82,393.98
1791854040000000000,2026-10-13T01:14:00Z,controller 1,0.54,6.384,103.84,244.79,252.29,5.45,0.91,100.0,2,On,735.94,397.91
1791854100000000000,2026-10-13T01:15:00Z,controller 2,0.61,5.826,118.44,126.85,102.98,5.43,1.0,100.0,2,On,771.44,380.76
1791854160000000000,2026-10-13T01:16:00Z,controller 2,0.494,6.471,194.62,277.72,49.87,5.4,0.78,100.0,3,On,724.19,409.72
1791854220000000000,2026-10-13T01:17:00Z,free response,0.53,5.937,80.95,71.56,581.42,5.39,0.89,100.0,3,On,733.43,432.51
1791854280000000000,2026-10-13T01:18:00Z,free response,0.569,5.909,153.34,264.37,396.85,5.36,0.93,100.0,2,On,741.95,414.83
1791854340000000000,2026-10-13T01:19:00Z,free response,0.583,6.396,114.46,399.71,495.32,5.33,1.11,100.0,2,On,732.58,433.62
1791854400000000000,2026-10-13T01:20:00Z,controller 2,0.503,5.943,98.24,134.58,332.22,5.32,0.78,100.0,3,On,717.81,451.48
1791854460000000000,2026-10-13T01:21:00Z,free response,0.553,6.244,187.69,170.97,104.0,5.32,0.89,100.0,3,On,717.91,474.92
1791854520000000000,2026-10-13T01:22:00Z,controller 2,0.499,5.797,177.68,311.58,13.58,5.29,0.73,100.0,2,On,725.43,476.82
1791854580000000000,2026-10-13T01:23:00Z,controller 1,0.581,5.737,-18.6,73.91,377.21,5.28,1.03,100.0,1,On,758.72,486.25
1791854640000000000,2026-10-13T01:24:00Z,controller 1,0.619,5.974,40.29,336.73,338.23,5.24,1.22,100.0,3,On,732.06,470.9
1791854700000000000,2026-10-13T01:25:00Z,free response,0.522,6.003,40.51,322.69,223.94,5.23,0.9,100.0,1,On,749.74,482.07
1791854760000000000,2026-10-13T01:26:00Z,free response,0.634,5.938,85.04,78.68,524.62,5.21,1.09,100.0,1,On,735.29,491.58
1791854820000000000,2026-10-13T01:27:00Z,controller 1,0.54,6.445,2.12,19.79,212.19,5.19,1.02,100.0,3,On,766.05,507.9
1791854880000000000,2026-10-13T01:28:00Z,controller 1,0.616,5.847,161.88,412.25,494.01,5.18,1.18,100.0,1,On,718.2,502.94
1791854940000000000,2026-10-13T01:29:00Z,controller 2,0.539,6.206,34.0,250.6,350.26,5.17,0.97,100.0,3,On,718.3,524.74
1791855000000000000,2026-10-13T01:30:00Z,controller 1,1.739,13.819,53.28,319.82,388.16,5.16,22.87,100.0,3,On,748.99,502.77
1791855060000000000,2026-10-13T01:31:00Z,free response,1.764,14,11.18,335.37,454.17,5.15,22.78,100.0,1,On,763.82,518.82
1791855120000000000,2026-10-13T01:32:00Z,controller 1,1.696,13.581,-29.29,409.5,410.72,5.14,19.08,100.0,2,On,742.86,518.92
1791855180000000000,2026-10-13T01:33:00Z,free response,1.674,13.671,141.76,395.58,234.45,5.13,19.58,100.0,2,On,695.97,490.48
1791855240000000000,2026-10-13T01:34:00Z,controller 1,1.672,13.874,159.17,242.12,522.95,5.1,18.77,100.0,2,On,576.18,795.01
1791855300000000000,2026-10-13T01:35:00Z,controller 1,1.785,14,153.22,101.71,563.39,5.1,23.08,100.0,3,On,537.74,784.08
1791855360000000000,2026-10-13T01:36:00Z,controller 1,1.756,13.941,83.59,303.75,264.71,5.09,23.07,100.0,2,On,557.49,789.82
1791855420000000000,2026-10-13T01:37:00Z,controller 2,1.617,13.526,94.29,443.28,429.32,5.07,18.16,100.0,3,On,536.54,815.58
1791855480000000000,2026-10-13T01:38:00Z,free response,1.665,13.498,108.84,231.3,479.79,5.06,18.96,100.0,3,On,573.26,818.72
1791855540000000000,2026-10-13T01:39:00Z,controller 1,1.616,13.608,62.1,391.09,283.86,5.05,17.35,100.0,3,On,621.91,841.61
1791855600000000000,2026-10-13T01:40:00Z,free response,1.646,13.605,196.18,379.69,449.36,5.04,18.18,100.0,3,On,639.58,821.52
1791855660000000000,2026-10-13T01:41:00Z,controller 2,1.687,13.748,51.93,293.7,180.54,5.0,19.32,100.0,3,On,665.65,796.48
1791855720000000000,2026-10-13T01:42:00Z,free response,1.621,13.812,160.8,300.8,460.65,4.98,16.88,100.0,2,On,665.19,820.78
1791855780000000000,2026-10-13T01:43:00Z,controller 1,1.763,14,113.31,52.13,460.36,4.95,21.36,100.0,3,On,617.96,833.25
1791855840000000000,2026-10-13T01:44:00Z,controller 1,1.677,13.537,11.14,386.3,222.89,4.93,20.72,100.0,2,On,610.67,827.07
1791855900000000000,2026-10-13T01:45:00Z,free response,1.713,14,-11.56,228.86,402.28,4.91,18.85,100.0,3,On,594.66,807.65
1791855960000000000,2026-10-13T01:46:00Z,controller 2,1.669,13.682,44.02,414.67,493.8,4.89,17.27,100.0,3,On,581.65,825.97
1791856020000000000,2026-10-13T01:47:00Z,controller 2,1.613,13.424,31.5,353.67,418.27,4.87,18.48,100.0,2,On,548.62,798.86
1791856080000000000,2026-10-13T01:48:00Z,controller 2,1.67,13.482,124.13,170.42,306.67,4.86,18.42,100.0,2,On,529.72,803.79
1791856140000000000,2026-10-13T01:49:00Z,free response,1.771,14,124.72,73.71,417.86,4.82,22.06,100.0,1,On,553.5,803.23
1791856200000000000,2026-10-13T01:50:00Z,free response,1.787,13.688,113.76,370.74,479.03,4.81,20.91,100.0,1,On,505.74,781.41
1791856260000000000,2026-10-13T01:51:00Z,controller 1,1.621,13.479,21.44,176.78,204.24,4.78,17.92,100.0,1,On,525.15,776.34
1791856320000000000,2026-10-13T01:52:00Z,controller 1,1.679,13.545,196.08,111.27,269.88,4.77,19.2,100.0,2,On,541.92,770.48
1791856380000000000,2026-10-13T01:53:00Z,free response,1.732,13.675,156.7,340.73,221.37,4.75,18.47,100.0,1,On,538.24,792.86
1791856440000000000,2026-10-13T01:54:00Z,controller 1,1.651,14,-14.68,65.18,485.75,4.72,17.32,100.0,1,On,541.33,812.97
1791856500000000000,2026-10-13T01:55:00Z,free response,1.783,13.982,93.49,98.46,137.99,4.71,23.73,100.0,1,On,543.8,841.4
1791856560000000000,2026-10-13T01:56:00Z,controller 1,1.738,13.682,134.08,352.15,395.48,4.68,18.87,100.0,1,On,572.27,811.62
1791856620000000000,2026-10-13T01:57:00Z,controller 1,1.661,13.394,51.45,352.12,393.18,4.66,19.6,100.0,1,On,612.18,840.29
1791856680000000000,2026-10-13T01:58:00Z,controller 1,1.653,13.757,73.61,231.49,334.66,4.65,19.11,100.0,2,On,652.63,858.59
1791856740000000000,2026-10-13T01:59:00Z,controller 1,1.644,13.902,38.61,214.42,391.32,4.65,19.8,100.0,2,On,607.71,861.51
1791856800000000000,2026-10-13T02:00:00Z,free response,2.835,13.012,2.83,7.39,103.98,4.62,56.1,100.0,3,On,643.84,881.64
1791856860000000000,2026-10-13T02:01:00Z,free response,2.689,12.648,48.7,245.85,577.01,4.6,42.47,100.0,2,On,607.41,855.79
1791856920000000000,2026-10-13T02:02:00Z,controller 2,2.748,12.607,1.33,375.7,13.25,4.57,51.67,25.64,1,On,624.08,867.23
1791856980000000000,2026-10-13T02:03:00Z,controller 1,2.705,12.684,-2.68,234.7,161.03,4.56,41.89,100.0,1,On,619.73,847.93
1791857040000000000,2026-10-13T02:04:00Z,free response,2.845,12.523,10.47,202.54,231.51,4.53,53.59,100.0,1,On,638.54,846.38
1791857100000000000,2026-10-13T02:05:00Z,controller 2,2.779,13.132,42.03,63.38,223.85,4.5,46.67,100.0,2,On,616.1,834.07
1791857160000000000,2026-10-13T02:06:00Z,controller 1,2.771,12.606,108.56,201.0,544.44,4.48,48.19,100.0,2,On,605.36,817.03
1791857220000000000,2026-10-13T02:07:00Z,free response,2.748,13.037,58.5,83.55,144.74,4.46,46.94,100.0,2,On,566.95,807.2
1791857280000000000,2026-10-13T02:08:00Z,controller 2,2.726,12.891,82.03,40.08,190.29,4.45,45.04,100.0,2,On,544.66,802.44
1791857340000000000,2026-10-13T02:09:00Z,controller 1,2.689,12.653,89.58,292.55,5.86,4.42,46.87,12.5,1,On,541.63,780.3
1791857400000000000,2026-10-13T02:10:00Z,controller 1,2.784,12.472,197.63,156.31,354.42,4.39,52.69,100.0,1,On,539.06,771.44
1791857460000000000,2026-10-13T02:11:00Z,controller 2,2.773,12.989,-26.71,388.01,21.17,4.38,52.94,39.99,3,On,520.86,748.89
1791857520000000000,2026-10-13T02:12:00Z,controller 1,2.795,12.934,94.97,210.98,329.43,4.37,46.35,100.0,3,On,506.48,778.65
1791857580000000000,2026-10-13T02:13:00Z,controller 1,2.793,12.748,-0.91,202.64,561.82,4.36,50.79,100.0,3,On,550.81,780.05
1791857640000000000,2026-10-13T02:14:00Z,controller 2,2.724,13.214,114.28,409.62,337.33,4.34,52.73,100.0,1,On,502.92,801.15
1791857700000000000,2026-10-13T02:15:00Z,controller 2,2.77,12.588,197.97,43.85,210.73,4.31,52.48,100.0,1,On,497.73,771.85
1791857760000000000,2026-10-13T02:16:00Z,controller 2,2.727,13.164,64.6,361.16,55.92,4.3,51.26,100.0,1,On,459.26,784.14
1791857820000000000,2026-10-13T02:17:00Z,free response,2.694,13.218,-0.48,419.36,522.03,4.27,47.38,100.0,3,On,410.63,809.68
1791857880000000000,2026-10-13T02:18:00Z,free response,2.69,12.471,84.07,109.45,467.34,4.26,46.88,100.0,3,On,403.94,814.45
1791857940000000000,2026-10-13T02:19:00Z,controller 1,2.832,12.875,26.23,433.51,537.45,4.23,48.81,100.0,1,On,400.82,840.55
1791858000000000000,2026-10-13T02:20:00Z,controller 1,2.848,12.701,57.03,332.6,100.45,4.21,47.27,100.0,3,On,446.0,846.91
1791858060000000000,2026-10-13T02:21:00Z,controller 1,2.783,13.048,52.46,13.22,238.73,4.2,53.84,100.0,2,On,480.71,829.57
1791858120000000000,2026-10-13T02:22:00Z,controller 2,2.808,12.556,116.17,141.9,55.98,4.18,53.77,100.0,2,On,468.34,841.85
1791858180000000000,2026-10-13T02:23:00Z,controller 2,2.797,13.212,186.28,427.06,290.34,4.15,50.07,100.0,2,On,506.94,819.18
1791858240000000000,2026-10-13T02:24:00Z,controller 1,2.722,12.882,155.68,51.02,479.29,4.13,46.89,100.0,3,On,544.66,814.76
1791858300000000000,2026-10-13T02:25:00Z,free response,2.735,12.497,144.14,98.67,597.12,4.1,50.49,100.0,3,On,584.87,819.59
1791858360000000000,2026-10-13T02:26:00Z,free response,2.802,12.562,91.8,132.29,516.83,4.07,45.38,100.0,1,On,599.02,837.47
1791858420000000000,2026-10-13T02:27:00Z,controller 2,2.753,13.232,36.28,92.29,14.73,4.04,49.59,29.7,3,On,648.48,847.23
1791858480000000000,2026-10-13T02:28:00Z,controller 2,2.818,12.49,54.97,434.73,260.09,4.02,53.56,100.0,3,On,635.47,858.94
1791858540000000000,2026-10-13T02:29:00Z,controller 1,2.848,12.761,104.88,294.57,559.67,4.01,53.33,100.0,3,On,611.92,831.6
1791858600000000000,2026-10-13T02:30:00Z,free response,0.63,12.225,61.42,413.76,522.89,4.0,2.52,100.0,2,On,617.4,855.48
1791858660000000000,2026-10-13T02:31:00Z,controller 1,0.739,12.467,189.72,66.82,86.57,3.98,3.09,100.0,1,On,573.49,849.57
1791858720000000000,2026-10-13T02:32:00Z,free response,0.71,12.561,98.07,102.98,579.25,3.95,3.24,100.0,2,On,567.42,879.38
1791858780000000000,2026-10-13T02:33:00Z,controller 1,0.752,12.131,155.03,301.04,181.97,3.92,3.75,100.0,3,On,524.46,877.09
1791858840000000000,2026-10-13T02:34:00Z,controller 1,0.67,12.3,-24.28,56.49,6.93,3.9,2.66,100.0,3,On,549.63,853.82
1791858900000000000,2026-10-13T02:35:00Z,controller 2,0.76,12.365,191.92,409.89,410.7,3.88,3.83,100.0,3,On,596.58,848.91
1791858960000000000,2026-10-13T02:36:00Z,controller 2,0.763,12.233,163.39,342.1,596.08,3.85,3.4,100.0,3,On,576.91,876.85
1791859020000000000,2026-10-13T02:37:00Z,controller 2,0.743,12.318,167.85,374.79,258.17,3.83,3.63,100.0,2,On,531.04,857.81
1791859080000000000,2026-10-13T02:38:00Z,controller 1,0.653,12.269,141.7,12.87,326.5,3.8,2.45,100.0,1,On,577.14,884.42
1791859140000000000,2026-10-13T02:39:00Z,controller 1,0.714,12.249,67.21,366.31,247.12,3.77,3.34,100.0,1,On,527.44,856.34
1791859200000000000,2026-10-13T02:40:00Z,free response,0.665,12.152,184.74,161.06,539.23,3.76,2.71,100.0,1,On,513.56,878.17
1791859260000000000,2026-10-13T02:41:00Z,controller 2,0.61,12.129,106.16,138.11,69.03,3.76,2.19,100.0,3,On,526.51,851.71
1791859320000000000,2026-10-13T02:42:00Z,controller 1,0.719,12.292,47.82,40.97,285.69,3.73,2.88,100.0,1,On,477.09,876.99
1791859380000000000,2026-10-13T02:43:00Z,controller 1,0.616,12.36,66.33,296.92,523.64,3.72,2.52,100.0,2,On,477.95,848.76
1791859440000000000,2026-10-13T02:44:00Z,controller 1,0.675,12.149,-8.64,218.83,402.33,3.7,2.96,100.0,1,On,477.58,828.33
1791859500000000000,2026-10-13T02:45:00Z,controller 1,0.652,12.587,129.61,438.42,113.25,3.68,2.66,100.0,1,On,483.83,827.93
1791859560000000000,2026-10-13T02:46:00Z,controller 2,0.641,12.342,106.43,82.41,562.01,3.66,2.35,100.0,1,On,523.18,820.88
1791859620000000000,2026-10-13T02:47:00Z,controller 1,0.714,12.569,148.17,210.34,404.78,3.64,3.2,100.0,1,On,487.8,798.23
1791859680000000000,2026-10-13T02:48:00Z,free response,0.617,12.304,14.43,344.85,229.14,3.62,2.31,100.0,1,On,488.01,780.62
1791859740000000000,2026-10-13T02:49:00Z,free response,0.739,12.543,169.33,185.12,114.17,3.6,3.54,100.0,1,On,1081.81,877.07
1791859800000000000,2026-10-13T02:50:00Z,controller 2,0.781,12.249,114.14,54.45,285.61,3.57,3.42,100.0,2,On,1060.58,863.63
1791859860000000000,2026-10-13T02:51:00Z,controller 1,0.65,12.281,162.09,175.96,148.74,3.54,2.53,100.0,2,On,1053.72,892.11
1791859920000000000,2026-10-13T02:52:00Z,controller 1,0.783,12.176,98.83,205.7,15.74,3.51,3.41,100.0,3,On,1010.33,884.43
1791859980000000000,2026-10-13T02:53:00Z,controller 2,0.73,12.68,-13.85,147.74,174.95,3.5,3.24,100.0,3,On,1021.37,854.8
1791860040000000000,2026-10-13T02:54:00Z,controller 1,0.665,12.355,150.15,208.69,87.97,3.49,2.55,100.0,2,On,982.5,839.59
1791860100000000000,2026-10-13T02:55:00Z,free response,0.784,12.018,4.52,44.84,213.57,3.47,3.44,100.0,3,On,977.7,840.46
1791860160000000000,2026-10-13T02:56:00Z,controller 1,0.773,12.192,93.58,287.69,588.86,3.44,3.6,100.0,1,On,963.04,860.34
1791860220000000000,2026-10-13T02:57:00Z,controller 2,0.634,12.13,83.94,227.47,410.91,3.43,2.59,100.0,1,On,929.67,846.68
1791860280000000000,2026-10-13T02:58:00Z,controller 2,0.623,11.949,150.66,157.37,544.17,3.41,2.11,100.0,2,On,881.6,849.24
1791860340000000000,2026-10-13T02:59:00Z,free response,0.64,12.027,13.59,103.17,461.2,3.4,2.63,100.0,2,On,908.2,849.45
1791860400000000000,2026-10-13T03:00:00Z,controller 1,2.562,6.448,68.94,93.8,76.21,3.4,19.21,100.0,2,On,908.54,836.2
1791860460000000000,2026-10-13T03:01:00Z,controller 2,2.579,6.202,145.58,145.18,363.6,3.37,20.31,100.0,2,On,1349.02,334.91
1791860520000000000,2026-10-13T03:02:00Z,controller 1,2.61,6.84,51.5,405.23,65.73,3.37,23.27,100.0,3,On,1322.96,344.01
1791860580000000000,2026-10-13T03:03:00Z,controller 2,2.683,6.482,193.75,341.33,275.67,3.36,21.13,100.0,2,On,1344.36,347.85
1791860640000000000,2026-10-13T03:04:00Z,controller 2,2.552,6.724,125.73,90.21,516.84,3.34,23.9,100.0,1,On,1325.41,363.98
1791860700000000000,2026-10-13T03:05:00Z,controller 1,2.696,6.685,186.85,369.56,448.18,3.33,24.9,100.0,3,On,1277.62,391.56
1791860760000000000,2026-10-13T03:06:00Z,controller 1,2.701,6.285,169.91,361.49,314.87,3.31,23.82,100.0,3,On,1313.83,385.08
1791860820000000000,2026-10-13T03:07:00Z,free response,2.581,6.851,145.6,122.12,314.68,3.29,25.06,100.0,3,On,1345.65,395.53
1791860880000000000,2026-10-13T03:08:00Z,controller 2,2.556,6.918,140.78,51.88,508.66,3.27,20.51,100.0,2,On,1371.87,417.31
1791860940000000000,2026-10-13T03:09:00Z,controller 2,2.628,6.432,104.68,291.67,485.87,3.26,22.22,100.0,1,On,1375.87,445.46
1791861000000000000,2026-10-13T03:10:00Z,controller 2,2.623,6.575,181.81,405.53,267.51,3.25,24.14,100.0,1,On,1332.56,452.66
1791861060000000000,2026-10-13T03:11:00Z,controller 1,2.681,6.179,42.06,155.18,270.32,3.22,20.1,100.0,1,On,1285.62,452.91
1791861120000000000,2026-10-13T03:12:00Z,controller 1,2.663,6.528,5.36,68.14,158.72,3.21,22.25,100.0,2,On,1322.83,443.96
1791861180000000000,2026-10-13T03:13:00Z,free response,2.685,6.3,72.22,360.42,89.6,3.18,23.27,100.0,2,On,1357.19,455.79
1791861240000000000,2026-10-13T03:14:00Z,controller 1,2.701,6.488,34.68,188.3,495.53,3.16,22.68,100.0,2,On,1377.09,472.31
1791861300000000000,2026-10-13T03:15:00Z,controller 2,2.636,6.659,151.3,236.81,337.33,3.13,24.43,100.0,2,On,1340.5,495.51
1791861360000000000,2026-10-13T03:16:00Z,controller 1,2.641,6.893,98.09,311.17,408.56,3.12,25.42,100.0,1,On,1347.92,505.02
1791861420000000000,2026-10-13T03:17:00Z,free response,2.662,6.736,159.96,85.55,200.16,3.1,23.36,100.0,3,On,1353.1,476.15
1791861480000000000,2026-10-13T03:18:00Z,controller 2,2.712,6.674,187.74,75.17,176.58,3.1,26.4,100.0,1,On,1372.81,505.47
1791861540000000000,2026-10-13T03:19:00Z,free response,2.589,6.597,181.83,251.06,576.07,3.08,22.04,100.0,2,On,1372.13,491.96
1791861600000000000,2026-10-13T03:20:00Z,free response,2.625,6.803,-8.53,231.46,277.73,3.06,21.7,100.0,1,On,1400.53,477.62
1791861660000000000,2026-10-13T03:21:00Z,controller 1,2.619,6.389,12.99,233.11,22.93,3.03,23.44,97.82,3,On,1449.57,500.87
1791861720000000000,2026-10-13T03:22:00Z,controller 2,2.708,6.158,31.55,112.2,406.26,3.02,23.39,100.0,1,On,1461.63,520.51
1791861780000000000,2026-10-13T03:23:00Z,controller 1,2.606,6.787,131.66,362.98,337.14,2.99,22.0,100.0,2,On,1500.0,491.89
1791861840000000000,2026-10-13T03:24:00Z,controller 1,2.72,6.343,184.15,447.71,399.3,2.98,23.16,100.0,2,On,1500.0,497.65
1791861900000000000,2026-10-13T03:25:00Z,controller 2,2.612,6.858,160.77,74.96,52.07,2.94,24.08,100.0,3,On,1466.6,474.52
1791861960000000000,2026-10-13T03:26:00Z,controller 2,2.554,6.197,-18.29,111.18,37.83,2.93,22.12,100.0,3,On,1436.89,491.67
1791862020000000000,2026-10-13T03:27:00Z,controller 2,2.711,6.557,18.49,164.43,170.63,2.91,26.19,100.0,2,On,1397.9,511.59
1791862080000000000,2026-10-13T03:28:00Z,controller 1,2.579,6.67,147.6,126.14,85.86,2.9,22.94,100.0,3,On,1429.8,499.09
1791862140000000000,2026-10-13T03:29:00Z,free response,2.679,6.435,106.66,336.25,94.4,2.9,21.81,100.0,2,On,1416.11,470.03
1791862200000000000,2026-10-13T03:30:00Z,free response,2.171,14,62.39,236.19,410.32,2.87,33.55,100.0,3,On,1449.68,483.22
1791862260000000000,2026-10-13T03:31:00Z,free response,2.231,14,57.54,234.52,382.14,2.85,33.28,100.0,2,On,1469.4,487.65
1791862320000000000,2026-10-13T03:32:00Z,free response,2.096,14,105.14,158.1,118.92,2.82,33.11,100.0,3,On,1499.82,478.57
1791862380000000000,2026-10-13T03:33:00Z,free response,2.146,13.858,95.86,250.61,443.06,2.81,33.63,100.0,3,On,1500.0,459.95
1791862440000000000,2026-10-13T03:34:00Z,free response,2.166,14,122.5,449.86,589.96,2.8,34.73,100.0,1,On,1484.14,451.28
1791862500000000000,2026-10-13T03:35:00Z,controller 1,2.236,13.84,3.53,379.63,418.73,2.79,31.41,100.0,1,On,1485.6,458.2
1791862560000000000,2026-10-13T03:36:00Z,controller 1,2.092,13.736,87.4,444.56,172.87,2.77,32.52,100.0,1,On,1458.14,435.32
1791862620000000000,2026-10-13T03:37:00Z,controller 1,2.156,14,130.6,297.52,509.58,2.76,34.1,100.0,3,On,1448.77,431.54
1791862680000000000,2026-10-13T03:38:00Z,controller 1,2.169,13.707,112.26,87.94,194.58,2.73,31.15,100.0,3,On,1468.75,445.81
1791862740000000000,2026-10-13T03:39:00Z,controller 1,2.103,14,55.14,294.53,31.14,2.7,31.52,98.79,1,On,1471.86,423.08
1791862800000000000,2026-10-13T03:40:00Z,controller 2,2.08,13.823,184.39,58.52,488.27,2.68,28.17,100.0,1,On,1465.68,396.38
1791862860000000000,2026-10-13T03:41:00Z,free response,2.124,13.69,-7.6,346.21,482.52,2.65,30.15,100.0,1,On,1500.0,381.27
1791862920000000000,2026-10-13T03:42:00Z,controller 2,2.069,14,125.85,59.38,524.11,2.64,30.7,100.0,1,On,1465.78,401.0
1791862980000000000,2026-10-13T03:43:00Z,controller 1,2.153,13.735,82.42,375.09,579.99,2.63,33.09,100.0,2,On,1443.93,387.74
1791863040000000000,2026-10-13T03:44:00Z,free response,2.083,13.851,-20.57,287.86,226.82,2.61,30.6,100.0,2,On,1446.52,366.15
1791863100000000000,2026-10-13T03:45:00Z,controller 2,2.127,14,63.09,81.69,509.88,2.59,34.38,100.0,3,On,1414.55,368.16
1791863160000000000,2026-10-13T03:46:00Z,controller 1,2.23,13.598,13.49,283.51,315.42,2.57,34.17,100.0,1,On,1386.36,345.0
1791863220000000000,2026-10-13T03:47:00Z,controller 1,2.225,14,41.88,188.39,463.82,2.55,32.17,100.0,2,On,1350.0,359.51
1791863280000000000,2026-10-13T03:48:00Z,controller 1,2.114,14,51.0,268.92,512.7,2.53,30.39,100.0,1,On,1360.95,380.68
1791863340000000000,2026-10-13T03:49:00Z,controller 2,2.098,14,155.28,23.73,137.02,2.5,27.91,100.0,3,On,1362.88,393.01
1791863400000000000,2026-10-13T03:50:00Z,controller 1,2.205,13.815,127.42,208.76,236.8,2.49,34.67,100.0,3,On,1387.13,368.8
1791863460000000000,2026-10-13T03:51:00Z,controller 2,2.111,13.937,77.45,245.84,41.8,2.46,33.76,100.0,3,On,1392.41,354.95
1791863520000000000,2026-10-13T03:52:00Z,controller 1,2.061,13.848,27.26,22.2,395.56,2.45,27.15,100.0,1,On,1407.59,367.77
1791863580000000000,2026-10-13T03:53:00Z,controller 2,2.064,13.693,169.59,238.72,515.31,2.42,26.38,100.0,2,On,1421.13,366.22
1791863640000000000,2026-10-13T03:54:00Z,controller 2,2.185,13.916,149.94,7.83,160.6,2.4,36.13,100.0,2,On,1403.79,386.25
1791863700000000000,2026-10-13T03:55:00Z,controller 2,2.19,13.967,35.69,317.55,273.41,2.38,30.72,100.0,2,On,1437.36,361.63
1791863760000000000,2026-10-13T03:56:00Z,controller 1,2.193,13.785,21.33,161.95,408.47,2.37,31.16,100.0,2,On,1441.49,357.97
1791863820000000000,2026-10-13T03:57:00Z,controller 1,2.146,13.899,-29.03,395.74,168.35,2.35,30.45,100.0,3,On,1408.96,358.57
1791863880000000000,2026-10-13T03:58:00Z,free response,2.15,14,151.74,160.61,241.82,2.33,31.29,100.0,3,On,1456.51,377.53
1791863940000000000,2026-10-13T03:59:00Z,controller 2,2.06,13.7,140.02,172.46,42.19,2.3,26.16,100.0,1,On,1439.5,352.17
1791864000000000000,2026-10-13T04:00:00Z,controller 1,1.04,1.447,49.68,27.88,471.74,2.29,0.78,100.0,3,On,1437.12,369.94
1791864060000000000,2026-10-13T04:01:00Z,controller 2,1.008,1.68,140.49,85.6,207.3,2.27,0.84,100.0,2,On,1425.64,399.32
1791864120000000000,2026-10-13T04:02:00Z,controller 2,1.113,1.432,152.66,335.84,275.8,2.24,0.91,100.0,1,On,1377.76,390.63
1791864180000000000,2026-10-13T04:03:00Z,free response,0.975,1.397,84.28,171.91,93.41,2.21,0.72,100.0,3,On,1410.45,374.96
1791864240000000000,2026-10-13T04:04:00Z,controller 2,1.028,1.231,12.5,238.47,194.73,2.2,0.67,100.0,2,On,1387.32,400.68
1791864300000000000,2026-10-13T04:05:00Z,controller 2,1.097,1.749,2.18,380.2,572.75,2.18,1.0,100.0,2,On,1348.63,411.42
1791864360000000000,2026-10-13T04:06:00Z,free response,1.004,1.485,138.96,291.79,325.52,2.16,0.72,100.0,1,On,1387.39,393.4
1791864420000000000,2026-10-13T04:07:00Z,controller 2,0.991,1.744,151.85,215.03,235.68,2.15,0.84,100.0,2,On,1337.76,401.48
1791864480000000000,2026-10-13T04:08:00Z,controller 2,1.014,1.696,-26.66,418.53,151.7,2.13,0.8,100.0,3,On,1334.64,390.88
1791864540000000000,2026-10-13T04:09:00Z,controller 2,1.018,1.168,46.77,23.09,97.76,2.1,0.58,100.0,1,On,1327.41,401.88
1791864600000000000,2026-10-13T04:10:00Z,free response,1.06,1.065,117.72,205.54,80.86,2.09,0.56,100.0,2,On,1296.87,400.49
1791864660000000000,2026-10-13T04:11:00Z,controller 2,0.988,1.557,49.56,448.67,180.81,2.07,0.73,100.0,1,On,1333.34,397.23
1791864720000000000,2026-10-13T04:12:00Z,free response,1.06,1.766,73.58,162.93,374.15,2.04,1.0,100.0,1,On,1348.47,371.85
1791864780000000000,2026-10-13T04:13:00Z,controller 2,0.987,1.444,173.36,116.75,325.92,2.02,0.67,100.0,1,On,1371.22,347.61
1791864840000000000,2026-10-13T04:14:00Z,controller 2,1.093,1.795,92.15,442.19,238.62,2.0,1.01,100.0,3,On,1389.25,324.12
1791864900000000000,2026-10-13T04:15:00Z,controller 1,1.001,1.645,55.57,325.96,439.06,1.99,0.78,100.0,1,On,1427.69,313.63
1791864960000000000,2026-10-13T04:16:00Z,free response,1.06,1.429,-19.62,212.99,582.36,1.98,0.81,100.0,3,On,1408.1,298.77
1791865020000000000,2026-10-13T04:17:00Z,controller 2,1.093,1.159,-26.71,44.73,581.47,1.98,0.71,100.0,1,On,1443.47,282.73
1791865080000000000,2026-10-13T04:18:00Z,free response,1.042,1.688,170.42,377.25,13.29,1.95,0.88,100.0,3,On,1479.46,299.03
1791865140000000000,2026-10-13T04:19:00Z,controller 2,1.072,1.652,141.59,254.94,360.17,1.93,1.01,100.0,3,On,1460.72,293.41
1791865200000000000,2026-10-13T04:20:00Z,free response,1.057,1.194,183.45,318.66,73.05,1.91,0.67,100.0,2,On,1500.0,271.66
1791865260000000000,2026-10-13T04:21:00Z,controller 2,1.03,1.695,141.95,162.24,213.13,1.91,0.99,100.0,3,On,1487.01,278.8
1791865320000000000,2026-10-13T04:22:00Z,free response,0.987,1.675,61.51,356.79,68.75,1.9,0.8,100.0,1,On,1500.0,295.56
1791865380000000000,2026-10-13T04:23:00Z,controller 2,0.997,1.685,122.26,84.35,31.91,1.86,0.77,100.0,2,On,1493.63,300.69
1791865440000000000,2026-10-13T04:24:00Z,controller 1,1.003,1.78,-17.56,353.94,507.04,1.85,0.85,100.0,3,On,1500.0,311.36
1791865500000000000,2026-10-13T04:25:00Z,free response,1.087,1.128,82.86,75.31,68.67,1.83,0.62,100.0,1,On,1500.0,334.33
1791865560000000000,2026-10-13T04:26:00Z,free response,1.102,1.595,160.91,145.0,510.02,1.8,1.01,100.0,2,On,1500.0,358.98
1791865620000000000,2026-10-13T04:27:00Z,controller 1,0.951,1.047,177.28,6.69,331.53,1.77,0.48,100.0,1,On,938.03,810.62
1791865680000000000,2026-10-13T04:28:00Z,free response,1.001,1.101,-21.82,201.58,32.05,1.75,0.52,100.0,2,On,901.34,782.04
1791865740000000000,2026-10-13T04:29:00Z,controller 1,1.017,1.59,179.15,233.91,101.32,1.74,0.84,100.0,1,On,886.73,799.96
1791865800000000000,2026-10-13T04:30:00Z,controller 1,1.323,4.848,64.12,391.21,521.81,1.71,4.01,100.0,2,On,870.51,824.3
1791865860000000000,2026-10-13T04:31:00Z,free response,1.278,5.171,48.42,46.13,282.12,1.7,4.56,100.0,2,On,1319.31,612.82
1791865920000000000,2026-10-13T04:32:00Z,controller 1,1.189,5.003,183.2,60.23,412.51,1.67,3.43,100.0,1,On,1336.4,621.02
1791865980000000000,2026-10-13T04:33:00Z,free response,1.346,5.113,121.4,304.12,115.23,1.63,4.49,100.0,1,On,1330.45,640.08
1791866040000000000,2026-10-13T04:34:00Z,controller 1,1.209,4.808,189.35,445.74,107.67,1.61,3.68,100.0,2,On,1311.98,655.31
1791866100000000000,2026-10-13T04:35:00Z,free response,1.32,4.637,44.58,358.04,220.66,1.59,4.18,100.0,1,On,1314.37,631.54
1791866160000000000,2026-10-13T04:36:00Z,free response,1.187,4.611,29.8,2.96,365.06,1.56,3.12,100.0,1,On,1283.88,647.38
1791866220000000000,2026-10-13T04:37:00Z,free response,1.322,5.056,172.01,205.88,206.92,1.52,4.8,100.0,1,On,1256.21,655.61
1791866280000000000,2026-10-13T04:38:00Z,controller 1,1.183,5.142,54.77,45.25,13.52,1.49,3.72,100.0,1,On,1287.14,676.3
1791866340000000000,2026-10-13T04:39:00Z,controller 1,1.176,4.983,141.71,246.75,141.59,1.48,3.2,100.0,2,On,1243.15,685.29
1791866400000000000,2026-10-13T04:40:00Z,controller 2,1.254,4.992,97.75,274.39,523.33,1.46,3.57,100.0,3,On,1232.0,695.09
1791866460000000000,2026-10-13T04:41:00Z,controller 1,1.22,4.74,132.04,103.76,377.95,1.43,3.87,100.0,1,On,1271.3,715.56
1791866520000000000,2026-10-13T04:42:00Z,controller 2,1.301,4.742,33.66,186.05,400.62,1.42,3.96,100.0,2,On,1224.98,693.07
1791866580000000000,2026-10-13T04:43:00Z,free response,1.35,4.678,19.48,293.26,136.27,1.4,3.87,100.0,2,On,1261.86,703.76
1791866640000000000,2026-10-13T04:44:00Z,controller 2,1.22,5.292,170.15,246.01,244.74,1.38,4.23,100.0,2,On,1299.17,688.45
1791866700000000000,2026-10-13T04:45:00Z,free response,1.348,4.728,-25.1,410.41,590.0,1.36,4.48,100.0,1,On,1306.42,702.5
1791866760000000000,2026-10-13T04:46:00Z,controller 1,1.336,5.263,146.27,358.9,177.74,1.35,4.89,100.0,2,On,1323.92,710.34
1791866820000000000,2026-10-13T04:47:00Z,free response,1.341,4.881,148.22,231.8,80.76,1.32,4.44,100.0,1,On,1338.94,701.81
1791866880000000000,2026-10-13T04:48:00Z,free response,1.175,4.664,197.72,364.42,264.51,1.31,3.36,100.0,3,On,1357.99,723.55
1791866940000000000,2026-10-13T04:49:00Z,controller 1,1.292,5.061,117.28,138.59,297.99,1.28,4.15,100.0,1,On,1326.36,704.94
1791867000000000000,2026-10-13T04:50:00Z,controller 2,1.323,4.712,13.61,93.12,236.27,1.27,4.2,100.0,3,On,1363.92,680.29
1791867060000000000,2026-10-13T04:51:00Z,free response,1.26,5.017,69.07,214.78,189.79,1.25,3.93,100.0,1,On,1389.29,678.3
1791867120000000000,2026-10-13T04:52:00Z,controller 2,1.28,5.283,156.54,128.93,349.14,1.22,4.26,100.0,1,On,1405.29,691.88
1791867180000000000,2026-10-13T04:53:00Z,free response,1.336,5.343,116.26,258.98,50.15,1.2,4.97,100.0,2,On,1431.85,718.07
1791867240000000000,2026-10-13T04:54:00Z,controller 2,1.267,5.135,-6.88,216.7,559.57,1.18,4.27,100.0,2,On,1397.94,717.6
1791867300000000000,2026-10-13T04:55:00Z,controller 1,1.312,4.896,136.03,93.72,209.58,1.15,3.99,100.0,2,On,1364.03,745.42
1791867360000000000,2026-10-13T04:56:00Z,free response,1.227,5.005,91.31,217.21,49.92,1.14,3.59,100.0,1,On,1380.26,770.82
1791867420000000000,2026-10-13T04:57:00Z,free response,1.316,5.249,43.59,45.18,311.74,1.11,4.33,100.0,2,On,1344.28,787.82
1791867480000000000,2026-10-13T04:58:00Z,free response,1.249,5.352,3.68,90.13,554.38,1.08,4.32,100.0,1,On,1347.41,813.18
1791867540000000000,2026-10-13T04:59:00Z,free response,1.197,5.269,116.49,63.11,532.17,1.06,3.64,100.0,3,On,1382.36,811.9
1791867600000000000,2026-10-13T05:00:00Z,controller 1,1.952,4.669,80.08,131.77,535.18,1.03,9.71,100.0,3,On,1376.29,788.69
1791867660000000000,2026-10-13T05:01:00Z,free response,2.061,4.47,163.67,426.97,147.66,1.02,8.77,100.0,1,On,1391.7,790.7
1791867720000000000,2026-10-13T05:02:00Z,controller 1,2.049,4.036,-14.68,14.73,139.37,1.01,7.73,100.0,3,On,1371.26,787.9
1791867780000000000,2026-10-13T05:03:00Z,free response,2.066,4.525,195.66,33.33,253.19,1.0,10.33,100.0,1,On,1360.36,763.31
1791867840000000000,2026-10-13T05:04:00Z,controller 2,1.977,4.357,30.25,18.78,2.0,0.99,8.11,24.66,2,On,1316.96,733.54
1791867900000000000,2026-10-13T05:05:00Z,controller 1,1.939,4.33,93.18,227.12,374.92,0.96,7.51,100.0,2,On,1352.82,726.02
1791867960000000000,2026-10-13T05:06:00Z,controller 1,1.952,4.283,152.4,90.15,111.67,0.94,7.37,100.0,1,On,1361.73,747.57
1791868020000000000,2026-10-13T05:07:00Z,free response,1.953,4.258,111.7,261.0,195.41,0.91,7.5,100.0,3,On,1325.0,743.61
1791868080000000000,2026-10-13T05:08:00Z,controller 1,2.101,4.64,-13.1,389.61,347.58,0.89,10.36,100.0,3,On,1277.24,747.35
1791868140000000000,2026-10-13T05:09:00Z,free response,2.015,4.441,39.68,2.12,415.69,0.87,8.35,100.0,2,On,1318.3,717.81
1791868200000000000,2026-10-13T05:10:00Z,controller 1,2.059,4.756,132.88,319.4,336.77,0.85,9.47,100.0,1,On,1347.03,702.07
1791868260000000000,2026-10-13T05:11:00Z,free response,2.114,4.112,98.5,166.05,558.56,0.83,9.68,100.0,2,On,1326.32,704.02
1791868320000000000,2026-10-13T05:12:00Z,controller 1,2.053,4.195,-9.5,222.27,272.34,0.82,9.24,100.0,2,On,1376.14,683.68
1791868380000000000,2026-10-13T05:13:00Z,controller 2,2.109,4.776,-13.08,77.04,423.65,0.8,10.05,100.0,2,On,1417.41,683.69
1791868440000000000,2026-10-13T05:14:00Z,controller 2,2.094,4.043,-10.27,88.86,288.72,0.77,8.14,100.0,1,On,1455.03,662.36
1791868500000000000,2026-10-13T05:15:00Z,controller 1,2.057,4.067,51.26,310.5,544.29,0.77,9.19,100.0,2,On,629.11,938.84
1791868560000000000,2026-10-13T05:16:00Z,controller 2,2.027,4.366,75.21,109.85,199.43,0.74,8.89,100.0,1,On,672.32,909.69
1791868620000000000,2026-10-13T05:17:00Z,controller 2,2.109,4.754,3.68,200.29,582.92,0.71,11.58,100.0,1,On,623.78,926.5
1791868680000000000,2026-10-13T05:18:00Z,free response,1.976,4.557,15.94,357.84,472.48,0.69,9.0,100.0,1,On,667.05,945.48
1791868740000000000,2026-10-13T05:19:00Z,controller 1,1.969,4.25,-19.37,296.41,113.83,0.68,7.7,100.0,1,On,638.14,918.13
1791868800000000000,2026-10-13T05:20:00Z,controller 2,2.09,4.101,130.79,284.24,453.19,0.65,8.74,100.0,2,On,638.52,948.1
1791868860000000000,2026-10-13T05:21:00Z,free response,1.988,4.347,197.86,345.74,84.3,0.63,8.83,100.0,2,On,646.9,951.27
1791868920000000000,2026-10-13T05:22:00Z,controller 1,2.115,4.267,146.49,312.56,419.38,0.61,9.14,100.0,2,On,664.95,972.01
1791868980000000000,2026-10-13T05:23:00Z,controller 1,2.039,4.751,58.62,303.05,473.25,0.57,10.07,100.0,3,On,687.18,993.31
1791869040000000000,2026-10-13T05:24:00Z,controller 2,1.987,4.113,18.57,423.37,585.68,0.55,8.77,100.0,1,On,670.58,980.03
1791869100000000000,2026-10-13T05:25:00Z,free response,1.967,4.447,135.51,202.23,218.48,0.52,8.04,100.0,3,On,633.71,975.54
1791869160000000000,2026-10-13T05:26:00Z,free response,1.977,4.318,88.8,159.14,20.86,0.52,8.73,100.0,3,On,637.02,961.77
1791869220000000000,2026-10-13T05:27:00Z,controller 2,2.085,4.755,123.05,381.88,212.42,0.5,11.21,100.0,3,On,608.88,974.26
1791869280000000000,2026-10-13T05:28:00Z,free response,2.076,4.747,162.73,32.08,579.57,0.48,11.02,100.0,1,On,622.92,993.94
1791869340000000000,2026-10-13T05:29:00Z,controller 2,2.103,4.049,60.27,250.27,473.32,0.45,9.47,100.0,2,On,591.24,994.99
1791869400000000000,2026-10-13T05:30:00Z,free response,1.721,10.059,170.9,298.64,318.92,0.42,13.99,100.0,3,On,621.2,1000.0
1791869460000000000,2026-10-13T05:31:00Z,free response,1.708,9.98,171.78,354.69,207.23,0.41,13.11,100.0,1,On,605.8,972.6
1791869520000000000,2026-10-13T05:32:00Z,free response,1.683,9.449,31.46,288.36,238.73,0.38,13.43,100.0,2,On,612.29,988.72
1791869580000000000,2026-10-13T05:33:00Z,free response,1.695,10.062,2.62,203.4,355.59,0.34,13.21,100.0,1,On,632.48,973.01
1791869640000000000,2026-10-13T05:34:00Z,controller 2,1.739,9.979,80.35,427.36,583.51,0.31,14.28,100.0,2,On,679.95,987.47
1791869700000000000,2026-10-13T05:35:00Z,controller 1,1.661,10.171,66.38,360.17,346.37,0.29,14.08,100.0,3,On,712.98,963.08
1791869760000000000,2026-10-13T05:36:00Z,controller 2,1.688,9.588,3.75,39.94,293.15,0.29,12.43,100.0,2,On,757.38,973.35
1791869820000000000,2026-10-13T05:37:00Z,controller 1,1.753,9.845,54.14,217.63,541.07,0.28,14.32,100.0,2,On,738.47,977.19
1791869880000000000,2026-10-13T05:38:00Z,controller 2,1.76,9.862,197.48,304.23,568.77,0.27,13.83,100.0,3,On,742.68,997.81
1791869940000000000,2026-10-13T05:39:00Z,controller 2,1.637,9.512,184.12,218.94,157.84,0.24,12.51,100.0,1,On,735.64,1000.0
1791870000000000000,2026-10-13T05:40:00Z,free response,1.639,10.042,-5.45,197.56,102.11,0.23,12.24,100.0,3,On,762.59,1000.0
1791870060000000000,2026-10-13T05:41:00Z,controller 1,1.72,9.759,141.4,391.19,117.08,0.21,14.52,100.0,1,On,729.18,993.83
1791870120000000000,2026-10-13T05:42:00Z,free response,1.685,9.488,72.2,236.79,164.12,0.17,12.47,100.0,1,On,724.15,981.51
1791870180000000000,2026-10-13T05:43:00Z,controller 2,1.801,9.55,99.56,310.55,374.68,0.16,16.47,100.0,1,On,741.12,977.32
1791870240000000000,2026-10-13T05:44:00Z,controller 2,1.655,9.778,86.51,314.36,411.42,0.14,12.17,100.0,3,On,744.23,1000.0
1791870300000000000,2026-10-13T05:45:00Z,free response,1.647,9.988,151.33,211.82,308.1,0.13,12.77,100.0,1,On,716.25,991.27
1791870360000000000,2026-10-13T05:46:00Z,free response,1.778,9.415,49.24,362.33,595.85,0.1,15.51,100.0,3,On,713.66,1000.0
1791870420000000000,2026-10-13T05:47:00Z,controller 2,1.656,9.74,153.81,77.87,33.44,0.07,14.51,100.0,1,On,695.7,986.12
1791870480000000000,2026-10-13T05:48:00Z,controller 2,1.707,9.614,38.99,87.01,571.52,0.05,12.81,100.0,3,On,744.57,967.83
1791870540000000000,2026-10-13T05:49:00Z,controller 1,1.727,10.101,121.38,308.99,140.86,0.04,16.26,100.0,2,On,786.68,974.48
1791870600000000000,2026-10-13T05:50:00Z,controller 1,1.69,9.74,108.64,189.48,370.36,0.03,14.82,100.0,2,On,782.73,974.26
1791870660000000000,2026-10-13T05:51:00Z,free response,1.643,9.414,185.7,363.69,440.5,0.02,11.45,100.0,3,On,735.85,954.11
1791870720000000000,2026-10-13T05:52:00Z,controller 1,1.747,10.024,180.6,446.49,229.49,0.01,14.59,100.0,1,On,704.94,927.07
1791870780000000000,2026-10-13T05:53:00Z,controller 1,1.773,10.168,54.13,40.99,13.71,0.0,16.59,82.64,2,On,703.92,903.42
1791870840000000000,2026-10-13T05:54:00Z,free response,1.702,10.137,193.13,277.09,105.76,0.0,15.18,100.0,1,On,661.23,923.92
1791870900000000000,2026-10-13T05:55:00Z,controller 2,1.66,10.109,155.73,357.42,504.04,0.0,14.51,100.0,2,On,678.34,949.7
1791870960000000000,2026-10-13T05:56:00Z,free response,1.803,9.99,186.74,133.44,390.32,0.0,15.94,100.0,2,On,708.65,926.69
1791871020000000000,2026-10-13T05:57:00Z,controller 2,1.643,9.672,134.93,412.08,279.99,0.0,14.06,100.0,1,On,738.09,909.83
1791871080000000000,2026-10-13T05:58:00Z,controller 2,1.789,9.836,64.45,401.04,442.3,0.0,14.49,100.0,2,On,696.35,906.48
1791871140000000000,2026-10-13T05:59:00Z,controller 1,1.712,9.602,177.78,234.66,74.29,0.0,14.42,100.0,1,On,715.23,925.85
1791871200000000000,2026-10-13T06:00:00Z,controller 1,0.422,10.418,109.57,64.25,464.67,0.0,0.96,100.0,2,On,707.76,917.62
1791871260000000000,2026-10-13T06:01:00Z,free response,0.391,10.599,0.15,102.72,205.75,0.0,0.87,100.0,1,On,681.07,942.32
1791871320000000000,2026-10-13T06:02:00Z,controller 2,0.456,10.672,113.53,393.22,438.0,0.0,1.08,100.0,2,On,654.55,940.24
1791871380000000000,2026-10-13T06:03:00Z,controller 1,0.415,10.632,93.61,126.8,479.91,0.0,0.85,100.0,1,On,622.19,938.68
1791871440000000000,2026-10-13T06:04:00Z,free response,0.321,10.355,128.38,236.77,531.99,0.0,0.56,100.0,2,On,661.37,953.33
1791871500000000000,2026-10-13T06:05:00Z,controller 2,0.32,10.407,193.11,362.3,382.13,0.0,0.57,100.0,1,On,652.88,975.45
1791871560000000000,2026-10-13T06:06:00Z,controller 2,0.455,10.473,146.12,425.49,74.13,0.0,1.01,100.0,2,On,605.1,986.16
1791871620000000000,2026-10-13T06:07:00Z,controller 2,0.337,10.377,166.77,22.67,4.07,0.0,0.54,100.0,3,On,602.41,980.6
1791871680000000000,2026-10-13T06:08:00Z,controller 1,0.319,10.93,36.73,148.03,416.53,0.0,0.59,100.0,3,On,590.96,993.49
1791871740000000000,2026-10-13T06:09:00Z,controller 1,0.386,10.462,101.12,14.09,407.91,0.0,0.74,100.0,2,On,609.62,970.38
1791871800000000000,2026-10-13T06:10:00Z,free response,0.382,10.392,31.99,190.99,164.72,0.0,0.68,100.0,1,On,626.81,990.52
1791871860000000000,2026-10-13T06:11:00Z,free response,0.341,10.961,25.34,188.74,10.16,0.0,0.59,100.0,2,On,623.98,1000.0
1791871920000000000,2026-10-13T06:12:00Z,controller 2,0.381,10.729,147.42,198.22,29.88,0.0,0.76,100.0,1,On,600.7,971.33
1791871980000000000,2026-10-13T06:13:00Z,free response,0.408,10.428,188.44,165.67,496.3,0.0,0.88,100.0,1,On,557.29,982.91
1791872040000000000,2026-10-13T06:14:00Z,controller 2,0.417,10.659,-18.31,372.59,376.33,0.0,0.98,100.0,3,On,557.73,1000.0
1791872100000000000,2026-10-13T06:15:00Z,controller 1,0.43,10.874,171.51,417.91,414.94,0.0,0.94,100.0,3,On,548.91,970.85
1791872160000000000,2026-10-13T06:16:00Z,controller 1,0.425,10.57,42.55,392.92,387.12,0.0,0.98,100.0,1,On,578.62,971.02
1791872220000000000,2026-10-13T06:17:00Z,controller 2,0.403,10.573,115.5,385.92,576.06,0.0,0.88,100.0,2,On,536.9,973.45
1791872280000000000,2026-10-13T06:18:00Z,controller 1,0.329,10.366,44.16,53.87,47.38,0.0,0.61,100.0,3,On,529.89,1000.0
1791872340000000000,2026-10-13T06:19:00Z,controller 2,0.335,10.399,-17.94,272.23,235.91,0.0,0.56,100.0,3,On,548.14,1000.0
1791872400000000000,2026-10-13T06:20:00Z,free response,0.362,10.844,66.8,429.58,213.9,0.0,0.66,100.0,2,On,556.04,1000.0
1791872460000000000,2026-10-13T06:21:00Z,controller 2,0.495,10.708,102.98,252.27,21.52,0.0,1.27,100.0,1,On,571.42,1000.0
1791872520000000000,2026-10-13T06:22:00Z,controller 1,0.334,10.616,128.81,402.82,404.15,0.0,0.63,100.0,2,On,522.02,1000.0
1791872580000000000,2026-10-13T06:23:00Z,controller 2,0.475,10.746,98.44,303.98,201.67,0.0,1.29,100.0,1,On,553.98,1000.0
1791872640000000000,2026-10-13T06:24:00Z,free response,0.478,10.41,90.41,350.34,204.0,0.0,1.12,100.0,2,On,581.65,1000.0
1791872700000000000,2026-10-13T06:25:00Z,free response,0.321,10.708,191.77,55.16,40.9,0.0,0.54,100.0,1,On,566.14,977.56
1791872760000000000,2026-10-13T06:26:00Z,free response,0.348,10.875,115.71,256.98,405.93,0.0,0.62,100.0,3,On,577.78,988.58
1791872820000000000,2026-10-13T06:27:00Z,controller 1,0.418,10.833,3.17,4.51,294.95,0.0,0.92,100.0,1,On,556.01,982.28
1791872880000000000,2026-10-13T06:28:00Z,controller 1,0.361,10.308,40.8,264.19,565.95,0.0,0.73,100.0,3,On,513.0,956.87
1791872940000000000,2026-10-13T06:29:00Z,controller 1,0.4,10.715,143.71,134.1,541.59,0.0,0.87,100.0,2,On,463.85,935.39
1791873000000000000,2026-10-13T06:30:00Z,controller 1,2.051,4.712,31.52,163.91,570.99,0.0,9.47,100.0,3,On,475.46,933.47
1791873060000000000,2026-10-13T06:31:00Z,free response,2.039,4.673,26.47,228.17,54.61,0.0,9.7,100.0,1,On,448.25,961.57
1791873120000000000,2026-10-13T06:32:00Z,controller 1,2.078,4.93,73.65,248.54,205.48,0.0,11.31,100.0,1,On,450.58,965.61
1791873180000000000,2026-10-13T06:33:00Z,controller 2,2.067,4.283,190.05,164.34,98.18,0.0,10.0,100.0,3,On,436.16,966.47
1791873240000000000,2026-10-13T06:34:00Z,free response,2.071,4.908,175.25,352.25,233.54,0.0,10.13,100.0,2,On,406.18,954.47
1791873300000000000,2026-10-13T06:35:00Z,free response,1.905,4.975,139.87,175.34,374.12,0.0,8.56,100.0,2,On,416.58,948.66
1791873360000000000,2026-10-13T06:36:00Z,controller 2,2.023,4.713,87.29,42.28,328.59,0.0,8.88,100.0,2,On,459.25,937.99
1791873420000000000,2026-10-13T06:37:00Z,controller 2,1.958,4.343,139.96,219.82,353.96,0.0,7.76,100.0,1,On,474.38,961.24
1791873480000000000,2026-10-13T06:38:00Z,controller 1,2.039,4.563,154.41,203.68,217.05,0.0,9.26,100.0,2,On,607.62,879.48
1791873540000000000,2026-10-13T06:39:00Z,controller 2,2.058,4.958,-15.1,323.95,508.15,0.0,9.91,100.0,2,On,560.7,897.65
1791873600000000000,2026-10-13T06:40:00Z,controller 2,2.035,4.726,178.47,230.08,410.7,0.0,10.25,100.0,3,On,540.8,916.77
1791873660000000000,2026-10-13T06:41:00Z,controller 2,2.065,4.717,77.54,318.3,58.77,0.0,10.03,100.0,1,On,492.44,904.82
1791873720000000000,2026-10-13T06:42:00Z,controller 2,1.965,4.212,42.08,70.28,253.68,0.0,7.96,100.0,2,On,482.35,887.25
1791873780000000000,2026-10-13T06:43:00Z,controller 2,1.951,4.777,14.02,151.12,261.84,0.0,8.65,100.0,2,On,507.69,875.61
1791873840000000000,2026-10-13T06:44:00Z,controller 2,2.074,4.531,182.25,439.19,197.22,0.0,10.44,100.0,3,On,552.1,861.29
1791873900000000000,2026-10-13T06:45:00Z,controller 1,1.91,4.69,189.41,119.38,543.03,0.0,8.02,100.0,3,On,563.02,839.23
1791873960000000000,2026-10-13T06:46:00Z,controller 1,1.93,4.49,184.41,230.89,207.02,0.0,8.45,100.0,2,On,579.94,838.56
1791874020000000000,2026-10-13T06:47:00Z,free response,2.017,4.929,-3.92,412.41,186.54,0.0,10.19,100.0,1,On,559.17,818.35
1791874080000000000,2026-10-13T06:48:00Z,controller 1,1.908,4.72,136.22,245.13,346.34,0.0,9.14,100.0,3,On,544.03,804.67
1791874140000000000,2026-10-13T06:49:00Z,controller 2,2.072,4.336,104.32,94.72,64.46,0.0,9.87,100.0,2,On,550.09,832.73
1791874200000000000,2026-10-13T06:50:00Z,controller 2,1.939,4.368,72.94,40.92,298.74,0.0,7.85,100.0,3,On,529.38,821.23
1791874260000000000,2026-10-13T06:51:00Z,controller 2,1.908,4.748,-22.36,193.04,280.08,0.0,8.37,100.0,2,On,496.62,792.86
1791874320000000000,2026-10-13T06:52:00Z,controller 2,1.988,4.842,154.2,170.7,465.69,0.0,8.74,100.0,2,On,492.11,774.23
1791874380000000000,2026-10-13T06:53:00Z,controller 2,2.046,4.496,160.45,403.82,490.41,0.0,10.19,100.0,3,On,498.8,746.42
1791874440000000000,2026-10-13T06:54:00Z,controller 1,2.053,4.243,22.02,417.52,359.89,0.0,8.46,100.0,2,On,534.84,769.43
1791874500000000000,2026-10-13T06:55:00Z,controller 2,2.063,4.972,180.98,171.6,235.11,0.0,10.47,100.0,2,On,517.38,766.74
1791874560000000000,2026-10-13T06:56:00Z,controller 2,1.939,4.799,161.58,180.46,4.92,0.0,9.49,51.84,1,On,481.18,761.42
1791874620000000000,2026-10-13T06:57:00Z,free response,2.019,4.803,165.28,198.61,527.82,0.0,9.47,100.0,2,On,517.52,743.2
1791874680000000000,2026-10-13T06:58:00Z,controller 2,1.956,4.307,109.47,431.79,55.96,0.0,8.8,100.0,3,On,511.26,751.34
1791874740000000000,2026-10-13T06:59:00Z,free response,2.074,4.235,55.54,314.32,152.87,0.0,8.41,100.0,2,On,623.03,390.12
1791874800000000000,2026-10-13T07:00:00Z,controller 2,2.874,5.246,187.76,104.49,300.71,0.0,23.1,100.0,3,On,603.99,412.54
1791874860000000000,2026-10-13T07:01:00Z,controller 2,2.856,5.223,77.99,187.82,323.91,0.0,20.75,100.0,2,On,602.65,385.14
1791874920000000000,2026-10-13T07:02:00Z,controller 1,2.901,5.358,105.84,220.86,339.57,0.0,23.39,100.0,3,On,633.05,383.96
1791874980000000000,2026-10-13T07:03:00Z,controller 1,2.803,5.114,147.51,45.76,374.31,0.0,20.23,100.0,3,On,589.03,387.66
1791875040000000000,2026-10-13T07:04:00Z,controller 2,2.83,5.0,121.26,249.78,159.4,0.0,18.61,100.0,2,On,545.67,369.19
1791875100000000000,2026-10-13T07:05:00Z,controller 1,2.753,4.7,192.09,66.71,543.16,0.0,18.3,100.0,1,On,533.6,355.29
1791875160000000000,2026-10-13T07:06:00Z,controller 1,2.782,4.942,11.78,233.77,338.15,0.0,18.01,100.0,2,On,514.84,349.48
1791875220000000000,2026-10-13T07:07:00Z,controller 1,2.847,5.047,83.63,177.82,529.87,0.0,21.35,100.0,2,On,523.86,353.1
1791875280000000000,2026-10-13T07:08:00Z,controller 1,2.769,5.35,92.24,376.2,110.9,0.0,21.38,100.0,3,On,532.81,327.09
1791875340000000000,2026-10-13T07:09:00Z,free response,2.757,4.921,179.32,69.2,31.73,0.0,18.59,100.0,2,On,563.59,347.83
1791875400000000000,2026-10-13T07:10:00Z,controller 1,2.875,4.815,-2.11,438.87,565.75,0.0,19.51,100.0,1,On,577.86,346.09
1791875460000000000,2026-10-13T07:11:00Z,controller 2,2.788,5.367,145.51,38.95,282.75,0.0,20.25,100.0,1,On,603.06,328.34
1791875520000000000,2026-10-13T07:12:00Z,free response,2.807,4.666,13.01,7.36,305.03,0.0,19.17,100.0,3,On,632.75,345.39
1791875580000000000,2026-10-13T07:13:00Z,controller 1,2.806,5.082,112.81,427.53,174.66,0.0,19.07,100.0,3,On,617.88,344.61
1791875640000000000,2026-10-13T07:14:00Z,controller 2,2.761,5.302,92.94,320.26,420.09,0.0,18.6,100.0,2,On,590.37,363.05
1791875700000000000,2026-10-13T07:15:00Z,controller 1,2.844,5.096,168.12,238.03,441.35,0.0,22.12,100.0,2,On,633.73,375.95
1791875760000000000,2026-10-13T07:16:00Z,free response,2.796,5.28,30.01,408.1,394.7,0.0,21.74,100.0,3,On,589.35,361.96
1791875820000000000,2026-10-13T07:17:00Z,controller 1,2.843,5.12,145.94,171.55,396.96,0.0,19.16,100.0,3,On,593.42,355.09
1791875880000000000,2026-10-13T07:18:00Z,free response,2.797,5.237,58.27,133.18,425.33,0.0,19.06,100.0,3,On,634.45,332.68
1791875940000000000,2026-10-13T07:19:00Z,controller 1,2.866,5.281,174.85,424.47,265.1,0.0,23.03,100.0,1,On,622.92,314.84
1791876000000000000,2026-10-13T07:20:00Z,free response,2.837,5.197,159.05,199.71,52.48,0.0,20.83,100.0,3,On,587.26,286.17
1791876060000000000,2026-10-13T07:21:00Z,controller 1,2.8,4.866,11.87,186.04,201.71,0.0,19.36,100.0,1,On,628.09,261.72
1791876120000000000,2026-10-13T07:22:00Z,controller 2,2.819,5.301,130.08,214.21,333.03,0.0,21.31,100.0,1,On,663.43,268.29
1791876180000000000,2026-10-13T07:23:00Z,controller 2,2.908,5.158,49.0,12.42,190.61,0.0,20.57,100.0,2,On,663.88,272.18
1791876240000000000,2026-10-13T07:24:00Z,controller 1,2.837,5.037,194.12,350.14,111.96,0.0,18.82,100.0,3,On,711.09,243.55
1791876300000000000,2026-10-13T07:25:00Z,controller 2,2.864,5.317,-22.2,130.32,56.53,0.0,19.93,100.0,2,On,690.09,246.06
1791876360000000000,2026-10-13T07:26:00Z,free response,2.909,4.726,-17.11,114.04,142.84,0.0,18.11,100.0,3,On,640.69,244.63
1791876420000000000,2026-10-13T07:27:00Z,controller 2,2.834,4.963,113.6,79.87,290.62,0.0,20.24,100.0,3,On,618.63,264.47
1791876480000000000,2026-10-13T07:28:00Z,controller 1,2.867,4.806,195.12,43.55,456.8,0.0,19.14,100.0,1,On,574.16,238.67
1791876540000000000,2026-10-13T07:29:00Z,controller 1,2.809,5.246,-4.55,363.0,527.07,0.0,21.6,100.0,2,On,622.09,218.7
1791876600000000000,2026-10-13T07:30:00Z,controller 1,1.605,12.303,3.06,176.2,430.75,0.0,15.38,100.0,3,On,654.15,246.47
1791876660000000000,2026-10-13T07:31:00Z,controller 2,1.677,12.232,174.99,191.53,442.61,0.0,16.45,100.0,1,On,620.82,256.53
1791876720000000000,2026-10-13T07:32:00Z,free response,1.608,12.093,6.54,5.14,153.04,0.0,15.25,100.0,3,On,604.46,277.16
1791876780000000000,2026-10-13T07:33:00Z,controller 1,1.615,12.521,197.92,83.11,319.8,0.0,16.11,100.0,3,On,605.93,256.76
1791876840000000000,2026-10-13T07:34:00Z,free response,1.583,11.86,29.32,150.36,559.42,0.0,15.18,100.0,1,On,601.03,280.85
1791876900000000000,2026-10-13T07:35:00Z,controller 2,1.657,12.277,37.76,279.1,115.3,0.0,15.79,100.0,2,On,630.17,274.96
1791876960000000000,2026-10-13T07:36:00Z,free response,1.734,11.914,33.29,154.13,62.6,0.0,17.07,100.0,2,On,644.91,278.28
1791877020000000000,2026-10-13T07:37:00Z,controller 2,1.584,12.506,147.18,427.19,597.44,0.0,14.17,100.0,1,On,666.45,253.76
1791877080000000000,2026-10-13T07:38:00Z,controller 1,1.61,11.971,111.05,8.89,199.45,0.0,15.5,100.0,2,On,634.62,229.23
1791877140000000000,2026-10-13T07:39:00Z,free response,1.67,12.561,26.06,257.71,399.12,0.0,16.68,100.0,3,On,635.04,209.36
1791877200000000000,2026-10-13T07:40:00Z,free response,1.583,12.138,47.08,163.44,112.75,0.0,16.25,100.0,1,On,619.48,198.06
1791877260000000000,2026-10-13T07:41:00Z,controller 2,1.661,12.011,156.32,38.12,109.86,0.0,17.48,100.0,1,On,652.89,172.65
1791877320000000000,2026-10-13T07:42:00Z,controller 1,1.597,11.86,10.43,272.14,533.54,0.0,14.54,100.0,3,On,632.54,148.25
1791877380000000000,2026-10-13T07:43:00Z,controller 2,1.606,12.102,59.79,107.28,189.57,0.0,14.5,100.0,3,On,617.37,118.26
1791877440000000000,2026-10-13T07:44:00Z,controller 1,1.715,11.985,149.93,184.59,505.06,0.0,17.68,100.0,1,On,595.9,98.48
1791877500000000000,2026-10-13T07:45:00Z,controller 2,1.705,11.955,63.82,379.27,70.23,0.0,17.02,100.0,2,On,609.86,71.14
1791877560000000000,2026-10-13T07:46:00Z,controller 1,1.703,11.837,117.77,283.14,598.3,0.0,17.28,100.0,2,On,560.32,55.38
1791877620000000000,2026-10-13T07:47:00Z,controller 1,1.589,12.097,194.32,332.27,332.63,0.0,14.26,100.0,3,On,563.21,42.23
1791877680000000000,2026-10-13T07:48:00Z,controller 1,1.709,12.12,-29.7,179.59,218.22,0.0,16.43,100.0,2,On,588.77,58.34
1791877740000000000,2026-10-13T07:49:00Z,controller 2,1.678,12.452,157.64,19.42,119.37,0.0,17.14,100.0,3,On,628.52,29.95
1791877800000000000,2026-10-13T07:50:00Z,controller 2,1.702,11.917,175.56,347.17,348.03,0.05,15.71,100.0,3,On,629.82,36.45
1791877860000000000,2026-10-13T07:51:00Z,controller 2,1.669,12.221,143.43,280.24,257.24,0.13,16.54,100.0,3,On,669.49,53.51
1791877920000000000,2026-10-13T07:52:00Z,controller 2,1.6,12.301,80.28,379.67,326.19,0.19,15.82,100.0,3,On,696.6,53.51
1791877980000000000,2026-10-13T07:53:00Z,controller 1,1.69,12.315,101.35,90.78,517.54,0.26,16.99,100.0,3,On,670.0,44.28
1791878040000000000,2026-10-13T07:54:00Z,free response,1.644,12.114,79.49,393.31,225.31,0.35,17.2,100.0,1,On,642.63,54.93
1791878100000000000,2026-10-13T07:55:00Z,controller 2,1.706,12.103,159.09,418.18,87.65,0.42,18.09,100.0,3,On,681.3,44.66
1791878160000000000,2026-10-13T07:56:00Z,free response,1.591,12.244,28.56,2.3,273.02,0.45,16.89,100.0,3,On,680.31,15.19
1791878220000000000,2026-10-13T07:57:00Z,controller 2,1.675,12.435,34.56,438.88,365.45,0.52,16.63,100.0,1,On,716.09,0.0
1791878280000000000,2026-10-13T07:58:00Z,controller 1,1.726,12.288,165.47,193.51,138.34,0.57,19.13,100.0,1,On,670.1,0.0
1791878340000000000,2026-10-13T07:59:00Z,controller 2,1.699,12.007,192.93,209.34,338.89,0.62,16.36,100.0,1,On,701.34,0.0
1791878400000000000,2026-10-13T08:00:00Z,controller 2,1.965,3.294,-18.22,68.67,484.42,0.7,6.67,100.0,1,Starting,697.1,0.0
1791878460000000000,2026-10-13T08:01:00Z,free response,1.979,3.816,48.55,435.12,101.04,0.77,7.79,100.0,3,Starting,725.69,10.55
1791878520000000000,2026-10-13T08:02:00Z,free response,1.924,3.618,-12.41,226.38,69.88,0.81,6.04,100.0,1,Starting,747.5,34.75
1791878580000000000,2026-10-13T08:03:00Z,controller 2,1.961,3.567,137.8,218.91,268.96,0.87,7.12,100.0,3,Starting,726.52,9.01
1791878640000000000,2026-10-13T08:04:00Z,controller 2,1.89,3.264,106.32,241.37,348.54,0.94,6.04,100.0,3,Starting,703.84,0.0
1791878700000000000,2026-10-13T08:05:00Z,free response,1.904,3.489,5.45,380.38,217.17,0.98,6.66,100.0,2,Starting,666.59,0.0
1791878760000000000,2026-10-13T08:06:00Z,free response,1.9,3.803,32.04,447.73,202.48,1.01,6.89,100.0,1,Starting,684.02,18.75
1791878820000000000,2026-10-13T08:07:00Z,controller 1,1.944,3.574,99.61,421.01,284.02,1.07,6.28,100.0,1,Starting,645.9,28.15
1791878880000000000,2026-10-13T08:08:00Z,controller 1,1.964,3.418,158.42,214.29,388.52,1.12,6.67,100.0,1,Starting,611.2,34.37
1791878940000000000,2026-10-13T08:09:00Z,free response,2.013,3.33,-27.28,185.01,307.16,1.21,6.29,100.0,2,Starting,649.94,55.6
1791879000000000000,2026-10-13T08:10:00Z,free response,1.916,3.334,161.8,224.22,509.53,1.25,6.24,100.0,1,Starting,622.55,68.07
1791879060000000000,2026-10-13T08:11:00Z,free response,1.945,3.295,41.57,334.07,116.91,1.34,6.58,100.0,3,Starting,579.74,66.36
1791879120000000000,2026-10-13T08:12:00Z,controller 2,1.948,3.729,103.88,230.59,294.18,1.4,7.78,100.0,3,Starting,570.21,56.6
1791879180000000000,2026-10-13T08:13:00Z,controller 2,1.837,3.957,163.62,94.97,219.31,1.44,6.06,100.0,1,Starting,531.94,67.94
1791879240000000000,2026-10-13T08:14:00Z,free response,1.965,3.882,-17.02,347.39,26.5,1.5,6.98,100.0,2,Starting,562.17,63.72
1791879300000000000,2026-10-13T08:15:00Z,controller 2,1.889,3.488,193.25,212.45,398.04,1.54,5.68,100.0,2,Starting,540.36,51.2
1791879360000000000,2026-10-13T08:16:00Z,controller 1,1.906,3.708,-1.43,407.84,381.71,1.6,7.14,100.0,1,Starting,493.36,30.43
1791879420000000000,2026-10-13T08:17:00Z,controller 2,1.891,3.599,-29.62,193.44,9.03,1.65,6.86,100.0,2,Starting,501.65,15.71
1791879480000000000,2026-10-13T08:18:00Z,free response,1.853,3.344,63.43,417.86,150.45,1.71,5.37,100.0,1,Starting,528.4,0.0
1791879540000000000,2026-10-13T08:19:00Z,controller 2,2.01,3.34,12.8,263.23,332.41,1.76,7.42,100.0,1,Starting,546.52,0.0
1791879600000000000,2026-10-13T08:20:00Z,controller 1,1.855,3.629,195.84,185.19,28.33,1.8,6.83,100.0,3,Starting,524.66,0.0
1791879660000000000,2026-10-13T08:21:00Z,controller 2,1.937,3.581,180.82,206.08,268.34,1.87,6.6,100.0,3,Starting,501.68,0.0
1791879720000000000,2026-10-13T08:22:00Z,controller 1,1.975,3.362,54.14,392.43,7.36,1.96,6.53,100.0,3,Starting,1417.75,374.59
1791879780000000000,2026-10-13T08:23:00Z,controller 1,1.904,3.939,10.22,118.37,206.43,2.04,7.02,100.0,3,Starting,1451.81,349.16
1791879840000000000,2026-10-13T08:24:00Z,free response,1.914,3.661,47.71,407.28,54.49,2.06,7.1,100.0,1,Starting,1482.64,359.83
1791879900000000000,2026-10-13T08:25:00Z,controller 2,1.978,3.292,34.58,104.22,594.95,2.15,6.94,100.0,1,Starting,1439.3,331.95
1791879960000000000,2026-10-13T08:26:00Z,free response,1.91,3.993,94.32,148.63,201.32,2.18,6.69,100.0,1,Starting,1443.1,336.34
1791880020000000000,2026-10-13T08:27:00Z,free response,1.925,3.947,6.14,351.5,427.44,2.24,7.43,100.0,3,Starting,1427.18,362.61
1791880080000000000,2026-10-13T08:28:00Z,free response,1.922,3.463,164.91,106.15,202.37,2.3,6.87,100.0,2,Starting,1381.58,356.0
1791880140000000000,2026-10-13T08:29:00Z,controller 1,1.939,3.999,161.39,237.25,324.55,2.34,7.54,100.0,1,Starting,815.97,398.81
1791880200000000000,2026-10-13T08:30:00Z,controller 1,2.941,2.02,-24.42,90.68,229.44,2.42,8.41,100.0,2,Starting,858.64,386.03
1791880260000000000,2026-10-13T08:31:00Z,controller 2,2.886,2.103,128.53,391.82,554.52,2.45,9.53,100.0,1,Starting,832.32,405.88
1791880320000000000,2026-10-13T08:32:00Z,controller 2,2.866,1.575,14.98,86.64,136.17,2.52,5.89,100.0,1,Starting,547.83,699.41
1791880380000000000,2026-10-13T08:33:00Z,free response,2.963,1.98,8.43,22.12,340.98,2.59,8.54,100.0,1,Starting,570.38,725.6
1791880440000000000,2026-10-13T08:34:00Z,controller 2,2.988,1.62,87.17,27.21,152.13,2.65,7.91,100.0,2,Starting,540.92,735.22
1791880500000000000,2026-10-13T08:35:00Z,controller 2,2.961,1.685,137.14,62.79,512.21,2.69,7.71,100.0,1,Starting,546.48,735.51
1791880560000000000,2026-10-13T08:36:00Z,controller 1,2.958,1.636,17.35,426.79,239.1,2.73,6.97,100.0,1,Starting,500.85,718.13
1791880620000000000,2026-10-13T08:37:00Z,controller 1,2.919,1.43,-6.72,410.97,171.19,2.82,5.94,100.0,1,Starting,454.86,702.53
1791880680000000000,2026-10-13T08:38:00Z,controller 2,3,1.417,32.04,434.57,92.17,2.86,6.18,100.0,3,Starting,449.18,688.25
1791880740000000000,2026-10-13T08:39:00Z,free response,2.871,1.48,102.88,348.51,427.47,2.93,5.57,100.0,2,Starting,433.55,702.24
1791880800000000000,2026-10-13T08:40:00Z,controller 2,2.912,1.976,157.84,59.48,226.35,2.96,8.25,100.0,2,Starting,452.28,703.22
1791880860000000000,2026-10-13T08:41:00Z,controller 2,2.92,1.647,112.13,290.59,418.69,3.05,7.72,100.0,2,Starting,453.34,714.64
1791880920000000000,2026-10-13T08:42:00Z,free response,3,1.878,132.81,145.15,353.66,3.11,9.03,100.0,1,Starting,408.98,696.66
1791880980000000000,2026-10-13T08:43:00Z,controller 2,2.99,1.512,186.82,402.36,31.16,3.15,7.41,100.0,2,Starting,414.06,706.05
1791881040000000000,2026-10-13T08:44:00Z,free response,2.884,1.527,72.3,113.74,6.77,3.23,6.78,99.85,3,Starting,388.03,677.4
1791881100000000000,2026-10-13T08:45:00Z,free response,2.895,1.441,96.79,117.08,574.04,3.29,5.83,100.0,3,Starting,409.5,664.34
1791881160000000000,2026-10-13T08:46:00Z,free response,2.917,1.438,66.65,173.35,279.61,3.34,6.3,100.0,3,Starting,416.02,685.16
1791881220000000000,2026-10-13T08:47:00Z,controller 1,2.93,1.87,116.52,200.41,115.07,3.41,8.01,100.0,1,Starting,517.32,586.57
1791881280000000000,2026-10-13T08:48:00Z,controller 2,2.931,2.052,96.82,345.63,224.59,3.46,8.92,100.0,3,Starting,496.01,607.4
1791881340000000000,2026-10-13T08:49:00Z,free response,3,1.384,48.84,374.75,63.89,3.54,6.25,100.0,1,Starting,493.34,596.64
1791881400000000000,2026-10-13T08:50:00Z,free response,3,1.552,174.7,226.69,262.49,3.63,6.92,100.0,1,Starting,471.82,607.57
1791881460000000000,2026-10-13T08:51:00Z,free response,3,1.807,6.14,290.69,103.76,3.67,8.7,100.0,1,Starting,442.14,604.96
1791881520000000000,2026-10-13T08:52:00Z,controller 1,3,1.39,148.81,16.52,570.48,3.72,5.9,100.0,2,Starting,413.78,579.05
1791881580000000000,2026-10-13T08:53:00Z,controller 1,2.988,1.816,129.4,366.08,57.8,3.8,7.43,100.0,1,Starting,423.64,553.17
1791881640000000000,2026-10-13T08:54:00Z,controller 1,2.973,1.917,147.49,245.09,359.86,3.87,9.09,100.0,1,Starting,414.29,560.03
1791881700000000000,2026-10-13T08:55:00Z,controller 1,2.907,1.928,128.52,285.08,69.33,3.93,7.52,100.0,2,Starting,425.21,574.65
1791881760000000000,2026-10-13T08:56:00Z,controller 1,2.973,1.389,143.8,226.64,137.25,3.99,6.05,100.0,1,Starting,407.0,590.9
1791881820000000000,2026-10-13T08:57:00Z,free response,2.953,1.616,-17.27,61.1,269.54,4.06,6.37,100.0,1,Starting,366.32,567.38
1791881880000000000,2026-10-13T08:58:00Z,free response,2.969,1.413,176.55,443.5,322.24,4.1,6.63,100.0,2,Starting,355.72,565.26
1791881940000000000,2026-10-13T08:59:00Z,free response,2.91,1.94,53.18,288.52,425.29,4.13,7.5,100.0,1,Starting,398.91,584.15
1791882000000000000,2026-10-13T09:00:00Z,controller 1,2.704,10.873,-29.32,376.31,464.97,4.2,43.24,100.0,3,Starting,363.31,571.13
1791882060000000000,2026-10-13T09:01:00Z,controller 1,2.758,10.845,165.51,290.35,3.46,4.26,41.65,8.31,3,Starting,409.11,591.61
1791882120000000000,2026-10-13T09:02:00Z,controller 1,2.775,10.778,42.04,46.94,377.34,4.33,43.12,100.0,2,Starting,382.82,571.38
1791882180000000000,2026-10-13T09:03:00Z,controller 1,2.648,10.593,39.55,156.93,174.62,4.4,37.24,100.0,2,Starting,332.87,581.19
1791882240000000000,2026-10-13T09:04:00Z,controller 2,2.677,11.067,55.1,330.34,66.12,4.44,40.18,100.0,3,Starting,306.61,584.2
1791882300000000000,2026-10-13T09:05:00Z,controller 2,2.676,11.147,102.63,393.48,314.27,4.51,43.67,100.0,3,Starting,345.63,584.15
1791882360000000000,2026-10-13T09:06:00Z,controller 2,2.663,10.57,37.9,345.4,19.6,4.58,36.71,53.39,3,Starting,324.28,583.26
1791882420000000000,2026-10-13T09:07:00Z,controller 1,2.773,10.482,107.72,433.25,222.81,4.67,41.97,100.0,1,Starting,355.04,595.34
1791882480000000000,2026-10-13T09:08:00Z,controller 1,2.612,10.597,34.03,390.21,515.17,4.73,35.6,100.0,1,Starting,316.14,603.46
1791882540000000000,2026-10-13T09:09:00Z,free response,2.69,10.585,127.48,395.82,135.02,4.81,37.5,100.0,1,Starting,355.39,601.63
1791882600000000000,2026-10-13T09:10:00Z,controller 1,2.673,11.031,69.51,13.46,370.46,4.87,38.45,100.0,2,Starting,340.66,573.62
1791882660000000000,2026-10-13T09:11:00Z,controller 1,2.672,10.872,132.4,446.37,341.84,4.9,40.45,100.0,2,Starting,317.66,558.13
1791882720000000000,2026-10-13T09:12:00Z,controller 2,2.642,10.806,68.87,184.21,442.92,4.96,38.86,100.0,3,Starting,311.07,566.68
1791882780000000000,2026-10-13T09:13:00Z,controller 2,2.706,10.803,177.46,449.51,343.18,5.05,38.15,100.0,1,Starting,319.14,579.41
1791882840000000000,2026-10-13T09:14:00Z,free response,2.715,11.108,-24.62,49.67,530.46,5.13,44.99,100.0,1,Starting,309.55,554.79
1791882900000000000,2026-10-13T09:15:00Z,controller 1,2.721,10.805,103.39,47.99,475.57,5.17,37.93,100.0,3,Starting,314.12,554.65
1791882960000000000,2026-10-13T09:16:00Z,controller 1,2.646,10.405,146.6,27.05,360.16,5.25,33.23,100.0,1,Starting,311.63,571.27
1791883020000000000,2026-10-13T09:17:00Z,free response,2.705,10.571,183.95,388.2,108.11,5.29,42.03,100.0,3,Starting,336.73,558.05
1791883080000000000,2026-10-13T09:18:00Z,controller 1,2.602,10.854,59.04,203.36,192.88,5.34,35.11,100.0,2,Starting,294.36,561.86
1791883140000000000,2026-10-13T09:19:00Z,free response,2.724,10.918,153.62,262.33,142.78,5.4,41.15,100.0,1,Starting,288.86,551.89
1791883200000000000,2026-10-13T09:20:00Z,controller 2,2.704,10.88,29.25,428.4,304.22,5.45,36.88,100.0,3,Starting,284.36,540.24
1791883260000000000,2026-10-13T09:21:00Z,controller 1,2.752,11.178,74.64,133.24,409.33,5.48,39.43,100.0,3,Starting,320.69,535.26
1791883320000000000,2026-10-13T09:22:00Z,controller 2,2.736,10.627,130.2,86.2,441.05,5.57,36.47,100.0,1,Starting,369.62,509.31
1791883380000000000,2026-10-13T09:23:00Z,free response,2.721,10.956,85.93,284.41,83.74,5.65,37.57,100.0,2,Starting,390.67,536.51
1791883440000000000,2026-10-13T09:24:00Z,controller 2,2.77,10.713,8.77,388.31,491.16,5.73,41.66,100.0,3,Starting,362.33,527.81
1791883500000000000,2026-10-13T09:25:00Z,controller 2,2.708,10.957,161.81,386.37,363.27,5.81,41.07,100.0,3,Starting,372.78,521.2
1791883560000000000,2026-10-13T09:26:00Z,free response,2.625,10.482,90.5,240.83,416.57,5.86,35.58,100.0,2,On,388.57,549.44
1791883620000000000,2026-10-13T09:27:00Z,controller 2,2.637,11.149,138.4,118.27,201.43,5.89,37.07,100.0,3,On,339.87,560.79
1791883680000000000,2026-10-13T09:28:00Z,controller 1,2.646,11.074,120.46,431.95,340.55,5.94,37.68,100.0,1,On,320.59,581.82
1791883740000000000,2026-10-13T09:29:00Z,free response,2.694,10.63,167.04,164.08,36.83,6.02,39.37,93.55,2,On,295.95,601.83
1791883800000000000,2026-10-13T09:30:00Z,free response,1.485,1.191,28.59,82.78,111.18,6.06,1.24,100.0,1,On,308.54,609.15
1791883860000000000,2026-10-13T09:31:00Z,controller 2,1.599,1.464,-2.03,10.0,27.89,6.1,1.8,100.0,2,On,357.36,583.73
1791883920000000000,2026-10-13T09:32:00Z,free response,1.585,1,44.86,22.92,536.53,6.14,1.21,100.0,2,On,377.35,573.89
1791883980000000000,2026-10-13T09:33:00Z,controller 2,1.654,1,5.83,176.37,552.91,6.21,1.39,100.0,1,On,342.65,582.6
1791884040000000000,2026-10-13T09:34:00Z,controller 1,1.544,1,94.21,172.61,60.33,6.25,1.11,100.0,1,On,314.82,553.13
1791884100000000000,2026-10-13T09:35:00Z,controller 1,1.59,1,12.57,174.58,213.06,6.33,1.29,100.0,2,On,345.54,560.57
1791884160000000000,2026-10-13T09:36:00Z,free response,1.507,1.225,83.09,107.52,206.22,6.38,1.34,100.0,3,On,308.41,585.63
1791884220000000000,2026-10-13T09:37:00Z,controller 2,1.487,1,106.96,251.14,490.45,6.41,1.01,100.0,2,On,306.87,558.09
1791884280000000000,2026-10-13T09:38:00Z,controller 1,1.492,1.389,-1.38,169.54,416.27,6.43,1.54,100.0,3,On,332.12,584.38
1791884340000000000,2026-10-13T09:39:00Z,free response,1.494,1.418,14.59,113.0,564.25,6.47,1.59,100.0,1,On,334.51,591.12
1791884400000000000,2026-10-13T09:40:00Z,free response,1.574,1.192,-3.46,337.48,155.93,6.55,1.58,100.0,3,On,359.19,619.28
1791884460000000000,2026-10-13T09:41:00Z,controller 2,1.607,1,84.29,339.31,92.37,6.59,1.3,100.0,2,On,389.66,592.54
1791884520000000000,2026-10-13T09:42:00Z,controller 2,1.514,1,176.91,75.29,31.31,6.64,1.08,100.0,1,On,386.33,563.78
1791884580000000000,2026-10-13T09:43:00Z,controller 1,1.548,1,91.47,49.47,510.37,6.71,1.3,100.0,1,On,354.86,581.51
1791884640000000000,2026-10-13T09:44:00Z,free response,1.574,1,2.22,300.28,494.91,6.79,1.26,100.0,1,On,311.5,609.62
1791884700000000000,2026-10-13T09:45:00Z,controller 2,1.652,1,167.72,205.88,363.03,6.82,1.43,100.0,2,On,302.18,636.31
1791884760000000000,2026-10-13T09:46:00Z,free response,1.532,1.228,21.19,25.13,11.45,6.9,1.4,100.0,3,On,324.8,659.98
1791884820000000000,2026-10-13T09:47:00Z,free response,1.606,1.405,21.7,123.43,298.52,6.96,1.77,100.0,1,On,314.86,650.24
1791884880000000000,2026-10-13T09:48:00Z,controller 2,1.57,1,150.23,15.49,135.85,7.03,1.18,100.0,2,On,325.38,645.81
1791884940000000000,2026-10-13T09:49:00Z,free response,1.495,1.32,81.46,96.82,22.12,7.12,1.57,100.0,3,On,296.13,654.13
1791885000000000000,2026-10-13T09:50:00Z,free response,1.556,1.019,108.88,8.57,474.52,7.19,1.32,100.0,1,On,329.67,680.67
1791885060000000000,2026-10-13T09:51:00Z,free response,1.505,1.103,189.24,331.41,376.36,7.27,1.13,100.0,1,On,369.53,685.21
1791885120000000000,2026-10-13T09:52:00Z,controller 2,1.638,1,69.44,21.94,563.23,7.32,1.35,100.0,1,On,408.2,701.27
1791885180000000000,2026-10-13T09:53:00Z,controller 1,1.606,1.257,145.92,393.73,105.58,7.36,1.72,100.0,2,On,397.37,695.63
1791885240000000000,2026-10-13T09:54:00Z,controller 2,1.598,1,41.03,50.56,402.44,7.45,1.29,100.0,3,On,420.48,723.11
1791885300000000000,2026-10-13T09:55:00Z,free response,1.549,1.252,28.68,226.37,557.06,7.49,1.42,100.0,3,On,398.28,728.41
1791885360000000000,2026-10-13T09:56:00Z,controller 2,1.642,1.288,189.64,280.3,440.99,7.57,1.7,100.0,1,On,409.2,746.85
1791885420000000000,2026-10-13T09:57:00Z,controller 1,1.596,1,-11.64,114.61,350.2,7.65,1.27,100.0,3,On,375.79,730.53
1791885480000000000,2026-10-13T09:58:00Z,controller 1,1.613,1.002,131.85,204.78,86.11,7.69,1.24,100.0,1,On,378.18,735.93
1791885540000000000,2026-10-13T09:59:00Z,controller 1,1.595,1,26.13,85.17,543.47,7.75,1.32,100.0,1,On,406.79,753.42
1791885600000000000,2026-10-13T10:00:00Z,free response,2.535,13.302,141.52,285.52,217.51,7.83,38.74,100.0,2,On,375.92,762.7
1791885660000000000,2026-10-13T10:01:00Z,controller 1,2.602,13.026,59.94,445.96,184.14,7.9,46.24,100.0,2,On,386.99,783.05
1791885720000000000,2026-10-13T10:02:00Z,free response,2.701,13.462,58.48,11.34,33.63,7.93,53.58,62.77,2,On,373.24,781.9
1791885780000000000,2026-10-13T10:03:00Z,controller 1,2.687,13.541,-28.25,270.61,455.07,7.98,52.02,100.0,1,On,327.78,801.26
1791885840000000000,2026-10-13T10:04:00Z,free response,2.556,12.785,-12.43,72.14,477.26,8.06,45.65,100.0,3,On,375.74,794.46
1791885900000000000,2026-10-13T10:05:00Z,free response,2.589,13.239,171.22,387.83,578.28,8.14,45.47,100.0,2,On,380.65,782.33
1791885960000000000,2026-10-13T10:06:00Z,controller 2,2.604,12.887,186.65,41.25,515.57,8.19,43.99,100.0,1,On,396.87,795.2
1791886020000000000,2026-10-13T10:07:00Z,controller 2,2.574,13.192,119.21,41.28,183.13,8.21,45.35,100.0,1,On,373.05,774.5
1791886080000000000,2026-10-13T10:08:00Z,controller 1,2.627,13.459,106.07,228.71,166.6,8.29,48.4,100.0,3,On,362.73,779.59
1791886140000000000,2026-10-13T10:09:00Z,controller 1,2.676,12.847,59.68,71.68,165.16,8.36,49.23,100.0,3,On,346.33,785.96
1791886200000000000,2026-10-13T10:10:00Z,controller 2,2.665,13.355,20.41,282.23,578.7,8.39,47.7,100.0,2,On,396.0,803.0
1791886260000000000,2026-10-13T10:11:00Z,controller 2,2.616,13.048,87.79,351.8,45.57,8.43,49.0,93.0,3,On,356.99,791.52
1791886320000000000,2026-10-13T10:12:00Z,controller 1,2.652,13.42,194.74,231.64,292.38,8.5,48.53,100.0,1,On,321.77,768.84
1791886380000000000,2026-10-13T10:13:00Z,free response,2.62,13.448,192.35,183.98,293.57,8.54,44.16,100.0,1,On,351.48,794.66
1791886440000000000,2026-10-13T10:14:00Z,controller 2,2.575,13.427,95.61,286.96,116.97,8.6,48.39,100.0,3,On,401.35,803.84
1791886500000000000,2026-10-13T10:15:00Z,controller 1,2.701,13.312,1.55,308.73,526.4,8.69,48.32,100.0,1,On,448.33,790.47
1791886560000000000,2026-10-13T10:16:00Z,free response,2.544,13.145,-16.91,117.28,236.85,8.75,45.97,100.0,2,On,476.38,783.81
1791886620000000000,2026-10-13T10:17:00Z,controller 1,2.536,12.993,123.59,221.66,159.85,8.8,37.76,100.0,3,On,504.56,765.33
1791886680000000000,2026-10-13T10:18:00Z,controller 2,2.695,13.139,185.21,423.4,457.23,8.86,44.76,100.0,3,On,532.26,755.27
1791886740000000000,2026-10-13T10:19:00Z,free response,2.624,12.993,-2.8,270.56,142.8,8.89,45.4,100.0,1,On,535.01,744.76
1791886800000000000,2026-10-13T10:20:00Z,controller 2,2.587,13.076,165.75,335.22,212.35,8.95,41.94,100.0,3,On,578.89,727.35
1791886860000000000,2026-10-13T10:21:00Z,controller 2,2.619,12.815,146.27,169.27,563.95,9.0,40.41,100.0,3,On,987.8,696.24
1791886920000000000,2026-10-13T10:22:00Z,controller 1,2.593,13.472,185.12,116.74,288.17,9.06,42.23,100.0,2,On,949.14,680.72
1791886980000000000,2026-10-13T10:23:00Z,controller 1,2.682,13.391,144.69,96.03,516.64,9.09,52.88,100.0,3,On,905.01,693.59
1791887040000000000,2026-10-13T10:24:00Z,free response,2.544,13.04,140.7,125.73,277.78,9.18,44.58,100.0,1,On,899.32,677.63
1791887100000000000,2026-10-13T10:25:00Z,controller 1,2.623,13.233,133.68,333.47,460.72,9.21,47.43,100.0,3,On,893.71,686.13
1791887160000000000,2026-10-13T10:26:00Z,free response,2.56,12.802,-23.74,401.12,478.13,9.26,42.82,100.0,2,On,861.23,714.65
1791887220000000000,2026-10-13T10:27:00Z,free response,2.652,13.391,90.92,214.63,250.54,9.35,51.71,100.0,3,On,864.14,696.71
1791887280000000000,2026-10-13T10:28:00Z,free response,2.654,13.464,199.72,174.0,568.8,9.4,51.53,100.0,2,On,877.59,698.83
1791887340000000000,2026-10-13T10:29:00Z,controller 2,2.586,13.306,60.59,372.79,578.74,9.48,42.09,100.0,1,On,838.97,696.59
1791887400000000000,2026-10-13T10:30:00Z,controller 2,2.613,6.553,161.76,4.95,161.46,9.51,22.9,100.0,3,On,817.85,713.33
1791887460000000000,2026-10-13T10:31:00Z,free response,2.591,6.427,99.76,99.8,341.45,9.55,19.75,100.0,3,On,775.0,702.05
1791887520000000000,2026-10-13T10:32:00Z,controller 1,2.508,6.467,96.86,389.54,318.76,9.62,19.3,100.0,3,On,739.33,698.91
1791887580000000000,2026-10-13T10:33:00Z,controller 1,2.503,6.468,48.56,247.19,445.22,9.67,19.2,100.0,2,On,705.33,710.72
1791887640000000000,2026-10-13T10:34:00Z,controller 1,2.598,6.736,116.41,90.86,115.58,9.73,21.2,100.0,2,On,695.72,711.27
1791887700000000000,2026-10-13T10:35:00Z,controller 2,2.495,6.801,12.23,44.13,358.21,9.78,19.81,100.0,2,On,655.39,739.04
1791887760000000000,2026-10-13T10:36:00Z,controller 2,2.544,6.249,155.28,322.52,286.62,9.85,18.3,100.0,2,On,607.79,740.28
1791887820000000000,2026-10-13T10:37:00Z,controller 2,2.44,6.512,34.17,298.36,291.73,9.91,20.76,100.0,2,On,796.85,899.77
1791887880000000000,2026-10-13T10:38:00Z,controller 1,2.552,6.812,77.61,11.98,152.71,9.97,20.3,100.0,2,On,841.86,886.68
1791887940000000000,2026-10-13T10:39:00Z,controller 1,2.468,6.569,172.56,391.8,490.54,10.04,21.85,100.0,3,On,866.88,866.55
1791888000000000000,2026-10-13T10:40:00Z,free response,2.509,6.327,35.83,31.1,260.08,10.09,18.57,100.0,1,On,825.86,873.32
1791888060000000000,2026-10-13T10:41:00Z,controller 2,2.58,6.789,41.12,94.76,157.76,10.14,23.22,100.0,2,On,788.78,866.92
1791888120000000000,2026-10-13T10:42:00Z,free response,2.551,6.819,112.21,102.97,184.67,10.21,21.63,100.0,3,On,830.54,887.95
1791888180000000000,2026-10-13T10:43:00Z,free response,2.526,6.906,138.58,89.59,304.12,10.29,20.73,100.0,1,On,863.88,867.35
1791888240000000000,2026-10-13T10:44:00Z,controller 1,2.497,6.37,-1.99,19.29,81.51,10.33,20.23,100.0,1,On,817.16,864.31
1791888300000000000,2026-10-13T10:45:00Z,free response,2.483,6.316,117.28,240.16,477.59,10.38,18.14,100.0,1,On,866.33,853.55
1791888360000000000,2026-10-13T10:46:00Z,free response,2.443,6.638,71.76,305.64,98.95,10.44,19.08,100.0,1,On,887.2,857.93
1791888420000000000,2026-10-13T10:47:00Z,controller 1,2.562,6.593,-5.31,83.6,537.42,10.52,23.18,100.0,2,On,880.13,846.92
1791888480000000000,2026-10-13T10:48:00Z,controller 1,2.45,6.498,42.06,232.97,86.11,10.55,17.99,100.0,3,On,906.45,840.08
1791888540000000000,2026-10-13T10:49:00Z,controller 2,2.507,6.277,178.31,230.43,280.76,10.61,19.46,100.0,1,On,872.61,818.59
1791888600000000000,2026-10-13T10:50:00Z,controller 2,2.447,6.454,133.65,350.93,112.13,10.68,18.4,100.0,1,On,909.83,799.42
1791888660000000000,2026-10-13T10:51:00Z,controller 2,2.558,6.92,111.28,37.56,18.53,10.72,21.41,86.55,3,On,876.34,770.98
1791888720000000000,2026-10-13T10:52:00Z,controller 1,2.495,6.575,116.52,176.99,225.41,10.79,18.49,100.0,3,On,918.57,749.6
1791888780000000000,2026-10-13T10:53:00Z,free response,2.509,6.995,170.02,147.85,64.56,10.86,21.8,100.0,2,On,872.23,777.22
1791888840000000000,2026-10-13T10:54:00Z,controller 1,2.464,6.599,45.12,211.08,125.6,10.89,19.0,100.0,1,On,842.35,794.94
1791888900000000000,2026-10-13T10:55:00Z,free response,2.492,6.757,-10.52,2.99,232.71,10.92,20.79,100.0,1,On,831.45,780.03
1791888960000000000,2026-10-13T10:56:00Z,controller 1,2.556,6.228,95.28,113.11,281.43,10.97,20.8,100.0,1,On,1446.79,376.34
1791889020000000000,2026-10-13T10:57:00Z,free response,2.536,6.223,88.4,173.59,118.01,10.99,19.66,100.0,2,On,1399.04,355.1
1791889080000000000,2026-10-13T10:58:00Z,free response,2.54,6.791,77.4,276.82,296.02,11.04,20.96,100.0,3,On,1365.46,325.22
1791889140000000000,2026-10-13T10:59:00Z,controller 2,2.578,6.61,-25.44,212.28,66.88,11.09,21.31,100.0,3,On,1378.45,297.47
1791889200000000000,2026-10-13T11:00:00Z,controller 2,1.512,1,10.8,243.12,224.8,11.12,1.12,100.0,2,On,1347.03,279.53
1791889260000000000,2026-10-13T11:01:00Z,controller 1,1.622,1.169,78.94,402.61,519.25,11.15,1.61,100.0,2,On,1318.22,250.33
1791889320000000000,2026-10-13T11:02:00Z,free response,1.51,1.073,125.03,230.11,319.04,11.2,1.24,100.0,1,On,886.67,995.13
1791889380000000000,2026-10-13T11:03:00Z,free response,1.526,1.205,158.33,97.98,489.07,11.23,1.44,100.0,3,On,859.33,989.5
1791889440000000000,2026-10-13T11:04:00Z,free response,1.475,1.252,-4.26,376.1,46.65,11.28,1.49,100.0,3,On,859.96,981.04
1791889500000000000,2026-10-13T11:05:00Z,controller 1,1.634,1,148.1,363.4,542.84,11.31,1.36,100.0,3,On,824.66,989.92
1791889560000000000,2026-10-13T11:06:00Z,free response,1.499,1.211,131.55,28.87,459.48,11.36,1.49,100.0,3,On,784.5,974.26
1791889620000000000,2026-10-13T11:07:00Z,free response,1.469,1.496,94.32,245.05,553.58,11.42,1.71,100.0,2,Starting,756.72,996.34
1791889680000000000,2026-10-13T11:08:00Z,controller 2,1.595,1,59.06,430.31,379.55,11.49,1.28,100.0,3,Starting,780.51,996.99
1791889740000000000,2026-10-13T11:09:00Z,controller 1,1.577,1.385,69.52,332.55,136.85,11.55,1.58,100.0,1,Starting,825.22,1000.0
1791889800000000000,2026-10-13T11:10:00Z,controller 2,1.599,1.225,33.58,332.31,32.46,11.62,1.62,100.0,2,Starting,814.64,1000.0
1791889860000000000,2026-10-13T11:11:00Z,free response,1.557,1.48,134.55,369.03,576.36,11.67,1.72,100.0,3,Starting,813.67,1000.0
1791889920000000000,2026-10-13T11:12:00Z,controller 1,1.511,1.025,109.06,234.05,599.65,11.7,1.19,100.0,3,Starting,901.18,418.21
1791889980000000000,2026-10-13T11:13:00Z,controller 1,1.518,1.16,127.02,344.97,243.58,11.73,1.24,100.0,1,Starting,935.74,391.84
1791890040000000000,2026-10-13T11:14:00Z,controller 1,1.623,1.177,96.95,119.51,20.16,11.78,1.62,100.0,2,Starting,965.13,396.43
1791890100000000000,2026-10-13T11:15:00Z,free response,1.639,1,2.71,226.35,51.03,11.87,1.21,100.0,2,Starting,992.47,394.9
1791890160000000000,2026-10-13T11:16:00Z,free response,1.611,1.444,23.12,107.51,498.9,11.9,2.04,100.0,1,Starting,998.83,588.5
1791890220000000000,2026-10-13T11:17:00Z,free response,1.617,1,197.95,313.85,557.7,11.96,1.2,100.0,3,Starting,1012.23,594.08
1791890280000000000,2026-10-13T11:18:00Z,controller 1,1.518,1.179,124.68,234.1,491.12,12.01,1.39,100.0,1,Starting,1050.78,589.12
1791890340000000000,2026-10-13T11:19:00Z,free response,1.471,1.432,4.06,440.39,572.57,12.06,1.67,100.0,3,Starting,1024.9,570.74
1791890400000000000,2026-10-13T11:20:00Z,controller 1,1.563,1.431,175.86,235.74,543.09,12.15,1.58,100.0,2,Starting,1012.42,544.24
1791890460000000000,2026-10-13T11:21:00Z,controller 1,1.523,1,147.44,188.14,430.1,12.18,1.14,100.0,1,Starting,988.31,553.48
1791890520000000000,2026-10-13T11:22:00Z,controller 2,1.586,1.217,78.49,448.19,418.14,12.21,1.54,100.0,3,Starting,1033.46,528.83
1791890580000000000,2026-10-13T11:23:00Z,free response,1.619,1,14.2,61.66,287.37,12.28,1.26,100.0,3,Starting,1020.82,550.73
1791890640000000000,2026-10-13T11:24:00Z,free response,1.563,1.426,19.68,118.7,440.63,12.32,1.57,100.0,2,Starting,1025.35,536.22
1791890700000000000,2026-10-13T11:25:00Z,controller 2,1.526,1,50.41,391.73,212.87,12.39,1.16,100.0,1,Starting,1071.99,561.18
1791890760000000000,2026-10-13T11:26:00Z,controller 1,1.632,1.395,-1.61,362.49,306.6,12.43,1.93,100.0,2,Starting,1114.15,556.76
1791890820000000000,2026-10-13T11:27:00Z,controller 1,1.631,1.28,86.94,302.21,593.82,12.51,1.66,100.0,1,Starting,1121.32,557.79
1791890880000000000,2026-10-13T11:28:00Z,controller 1,1.481,1.131,144.9,198.48,388.09,12.56,1.3,100.0,2,Starting,1087.95,542.41
1791890940000000000,2026-10-13T11:29:00Z,free response,1.546,1.566,31.57,182.83,497.43,12.65,1.9,100.0,1,Starting,1038.31,532.37
1791891000000000000,2026-10-13T11:30:00Z,controller 2,2.582,9.922,160.63,7.81,138.93,12.73,30.22,100.0,2,Starting,992.39,533.27
1791891060000000000,2026-10-13T11:31:00Z,controller 1,2.611,9.616,126.27,324.83,285.17,12.81,34.01,100.0,1,Starting,1015.2,544.91
1791891120000000000,2026-10-13T11:32:00Z,free response,2.726,9.451,61.93,24.68,278.06,12.89,35.08,100.0,3,Starting,1008.96,562.84
1791891180000000000,2026-10-13T11:33:00Z,controller 2,2.612,9.613,159.26,211.27,589.54,12.93,31.6,100.0,1,Starting,1022.94,580.59
1791891240000000000,2026-10-13T11:34:00Z,free response,2.703,9.727,-22.54,265.24,467.01,12.98,38.24,100.0,2,Starting,1006.44,564.84
1791891300000000000,2026-10-13T11:35:00Z,free response,2.584,9.279,161.71,374.09,58.32,13.04,32.28,100.0,1,Starting,968.84,559.02
1791891360000000000,2026-10-13T11:36:00Z,free response,2.64,9.991,144.59,98.76,462.48,13.07,35.91,100.0,1,Starting,989.88,556.49
1791891420000000000,2026-10-13T11:37:00Z,controller 2,2.732,9.534,116.13,216.91,263.06,13.1,32.67,100.0,1,Starting,1024.98,581.96
1791891480000000000,2026-10-13T11:38:00Z,controller 1,2.585,9.839,181.58,181.82,524.87,13.17,36.16,100.0,3,Starting,1069.35,608.09
1791891540000000000,2026-10-13T11:39:00Z,controller 2,2.645,9.332,-11.82,118.74,134.01,13.21,34.51,100.0,2,Starting,1048.41,600.13
1791891600000000000,2026-10-13T11:40:00Z,free response,2.615,9.491,16.84,325.39,316.1,13.24,33.1,100.0,3,Starting,1045.62,570.36
1791891660000000000,2026-10-13T11:41:00Z,free response,2.605,9.907,129.27,278.78,268.67,13.32,33.04,100.0,3,Starting,927.78,369.05
1791891720000000000,2026-10-13T11:42:00Z,free response,2.664,9.576,63.48,127.74,321.31,13.35,34.19,100.0,2,Starting,879.83,339.76
1791891780000000000,2026-10-13T11:43:00Z,free response,2.675,9.996,141.2,426.72,185.67,13.39,39.06,100.0,2,Starting,908.11,355.79
1791891840000000000,2026-10-13T11:44:00Z,controller 1,2.712,9.548,147.34,353.23,87.54,13.45,32.88,100.0,2,Starting,905.07,337.94
1791891900000000000,2026-10-13T11:45:00Z,controller 1,2.695,9.371,52.94,266.48,212.78,13.49,33.35,100.0,1,Starting,865.09,359.84
1791891960000000000,2026-10-13T11:46:00Z,free response,2.728,9.474,8.26,141.59,479.21,13.56,32.32,100.0,2,Starting,852.3,348.0
1791892020000000000,2026-10-13T11:47:00Z,controller 1,2.634,9.361,115.41,168.97,241.59,13.65,35.08,100.0,2,Starting,852.23,369.3
1791892080000000000,2026-10-13T11:48:00Z,controller 2,2.753,9.558,16.86,241.5,590.05,13.68,33.9,100.0,2,Starting,867.14,361.78
1791892140000000000,2026-10-13T11:49:00Z,controller 2,2.692,9.485,119.61,133.74,382.36,13.77,33.47,100.0,1,Starting,847.19,383.44
1791892200000000000,2026-10-13T11:50:00Z,free response,2.603,9.518,56.16,263.27,492.65,13.84,31.87,100.0,2,Starting,893.57,404.57
1791892260000000000,2026-10-13T11:51:00Z,controller 1,2.715,9.313,21.81,419.84,116.03,13.89,34.08,100.0,2,Starting,870.08,374.6
1791892320000000000,2026-10-13T11:52:00Z,controller 2,2.665,9.736,190.59,386.95,291.21,13.95,34.14,100.0,2,Starting,859.97,386.56
1791892380000000000,2026-10-13T11:53:00Z,controller 1,2.724,9.961,-16.14,255.04,81.94,14.01,37.76,100.0,3,Starting,905.92,411.74
1791892440000000000,2026-10-13T11:54:00Z,free response,2.62,9.73,92.03,282.94,535.0,14.05,34.23,100.0,1,Starting,915.86,406.56
1791892500000000000,2026-10-13T11:55:00Z,controller 2,2.599,9.977,56.93,151.13,424.1,14.14,36.52,100.0,1,Starting,893.65,416.61
1791892560000000000,2026-10-13T11:56:00Z,free response,2.74,9.909,59.98,319.85,304.38,14.2,34.46,100.0,2,Starting,993.95,482.57
1791892620000000000,2026-10-13T11:57:00Z,controller 1,2.73,9.424,93.24,420.82,342.92,14.26,37.69,100.0,1,Starting,1006.57,460.9
1791892680000000000,2026-10-13T11:58:00Z,free response,2.615,9.737,33.12,372.96,27.47,14.34,34.77,79.0,3,Starting,840.1,921.04
1791892740000000000,2026-10-13T11:59:00Z,free response,2.617,9.303,114.61,359.73,248.24,14.41,33.7,100.0,1,Starting,838.06,938.8
1791892800000000000,2026-10-13T12:00:00Z,controller 1,1.065,9.499,142.16,273.02,294.51,14.44,5.73,100.0,3,Starting,885.38,968.23
1791892860000000000,2026-10-13T12:01:00Z,controller 2,1.134,9.683,133.31,40.45,70.76,14.51,5.63,100.0,3,Starting,895.26,979.89
1791892920000000000,2026-10-13T12:02:00Z,free response,1.081,9.884,18.9,418.19,107.99,14.57,6.18,100.0,3,Starting,880.62,984.87
1791892980000000000,2026-10-13T12:03:00Z,controller 1,1.102,9.967,81.37,62.36,552.29,14.64,5.7,100.0,1,Starting,849.43,961.11
1791893040000000000,2026-10-13T12:04:00Z,controller 2,1.213,9.676,30.79,383.53,177.85,14.68,7.28,100.0,3,Starting,824.68,938.2
1791893100000000000,2026-10-13T12:05:00Z,controller 2,1.116,9.357,40.21,361.02,553.82,14.75,6.3,100.0,2,Starting,831.56,919.95
1791893160000000000,2026-10-13T12:06:00Z,controller 2,1.133,9.891,199.09,206.86,122.3,14.79,6.97,100.0,2,Starting,866.76,932.75
1791893220000000000,2026-10-13T12:07:00Z,free response,1.2,9.299,-25.27,61.23,69.75,14.86,7.0,100.0,2,Starting,879.88,910.33
1791893280000000000,2026-10-13T12:08:00Z,controller 1,1.2,9.361,105.51,287.23,59.37,14.94,7.28,100.0,2,Starting,881.7,931.91
1791893340000000000,2026-10-13T12:09:00Z,controller 2,1.114,9.847,137.68,257.08,360.87,15.02,5.68,100.0,3,Starting,898.76,954.06
1791893400000000000,2026-10-13T12:10:00Z,free response,1.225,9.928,137.14,330.55,77.05,15.1,7.85,100.0,3,Starting,873.98,961.58
1791893460000000000,2026-10-13T12:11:00Z,controller 2,1.106,9.802,50.82,411.65,255.88,15.14,6.43,100.0,1,Starting,828.01,969.82
1791893520000000000,2026-10-13T12:12:00Z,controller 1,1.226,9.764,123.58,251.33,585.15,15.22,6.66,100.0,3,Starting,875.72,977.0
1791893580000000000,2026-10-13T12:13:00Z,controller 1,1.083,9.597,77.34,174.16,555.26,15.31,5.41,100.0,2,Starting,891.72,1000.0
1791893640000000000,2026-10-13T12:14:00Z,controller 2,1.122,9.918,117.3,48.59,59.15,15.37,6.17,100.0,1,Starting,861.89,981.0
1791893700000000000,2026-10-13T12:15:00Z,controller 2,1.072,9.779,192.72,62.93,396.43,15.45,6.0,100.0,3,Starting,820.19,991.12
1791893760000000000,2026-10-13T12:16:00Z,controller 1,1.211,9.726,98.34,238.69,150.55,15.48,7.32,100.0,1,On,819.67,996.83
1791893820000000000,2026-10-13T12:17:00Z,controller 1,1.22,9.954,193.94,429.05,370.0,15.51,7.31,100.0,1,On,860.31,1000.0
1791893880000000000,2026-10-13T12:18:00Z,controller 2,1.2,9.278,65.38,213.84,115.98,15.59,6.47,100.0,2,On,885.45,996.8
1791893940000000000,2026-10-13T12:19:00Z,free response,1.149,9.592,140.83,131.88,427.98,15.63,6.65,100.0,3,On,899.26,1000.0
1791894000000000000,2026-10-13T12:20:00Z,free response,1.186,9.817,57.0,220.34,319.28,15.66,6.45,100.0,3,On,903.69,1000.0
1791894060000000000,2026-10-13T12:21:00Z,controller 1,1.059,9.247,132.01,247.47,145.21,15.7,5.32,100.0,1,On,947.61,998.33
1791894120000000000,2026-10-13T12:22:00Z,free response,1.061,9.928,136.57,241.44,569.26,15.76,5.66,100.0,1,On,837.15,660.18
1791894180000000000,2026-10-13T12:23:00Z,controller 1,1.167,9.606,17.38,330.48,61.3,15.8,7.05,100.0,3,On,833.78,683.05
1791894240000000000,2026-10-13T12:24:00Z,free response,1.142,9.301,126.86,372.86,215.27,15.88,5.9,100.0,1,On,821.06,669.96
1791894300000000000,2026-10-13T12:25:00Z,controller 1,1.12,9.623,66.11,236.34,394.87,15.93,6.16,100.0,1,On,865.18,657.1
1791894360000000000,2026-10-13T12:26:00Z,free response,1.211,9.855,65.44,286.49,529.4,15.98,7.3,100.0,1,On,840.01,677.83
1791894420000000000,2026-10-13T12:27:00Z,free response,1.093,9.362,153.11,156.99,451.74,16.07,6.0,100.0,3,On,876.59,666.02
1791894480000000000,2026-10-13T12:28:00Z,free response,1.155,9.887,114.58,218.95,503.65,16.14,7.2,100.0,1,On,845.28,662.27
1791894540000000000,2026-10-13T12:29:00Z,controller 1,1.086,9.307,115.65,232.34,476.4,16.17,5.88,100.0,3,On,868.46,675.43
1791894600000000000,2026-10-13T12:30:00Z,controller 2,1.187,2.426,145.66,443.26,316.21,16.24,1.64,100.0,3,On,847.89,651.76
1791894660000000000,2026-10-13T12:31:00Z,controller 2,1.243,2.7,21.29,347.61,593.12,16.33,2.23,100.0,2,On,801.4,636.67
1791894720000000000,2026-10-13T12:32:00Z,controller 1,1.331,2.786,60.16,61.4,223.87,16.42,2.27,100.0,2,On,805.7,642.5
1791894780000000000,2026-10-13T12:33:00Z,controller 2,1.31,2.358,0.06,232.11,146.08,16.46,1.85,100.0,2,On,821.11,667.48
1791894840000000000,2026-10-13T12:34:00Z,controller 2,1.311,2.331,176.48,44.89,470.28,16.51,1.99,100.0,3,On,780.99,660.36
1791894900000000000,2026-10-13T12:35:00Z,controller 1,1.257,2.273,123.61,258.5,159.0,16.56,1.89,100.0,2,On,806.12,645.94
1791894960000000000,2026-10-13T12:36:00Z,controller 1,1.179,2.399,82.87,416.42,123.51,16.65,1.7,100.0,1,On,1393.9,509.49
1791895020000000000,2026-10-13T12:37:00Z,free response,1.312,2.178,168.98,412.69,141.41,16.68,1.97,100.0,1,On,1286.2,837.97
1791895080000000000,2026-10-13T12:38:00Z,controller 2,1.277,2.681,103.12,348.61,578.32,16.74,2.39,100.0,2,On,1294.54,861.33
1791895140000000000,2026-10-13T12:39:00Z,free response,1.182,2.275,165.72,136.91,457.94,16.8,1.46,100.0,3,On,1311.01,866.97
1791895200000000000,2026-10-13T12:40:00Z,controller 2,1.342,2.368,17.56,448.4,529.88,16.85,2.2,100.0,1,On,1288.3,879.11
1791895260000000000,2026-10-13T12:41:00Z,controller 1,1.34,2.745,37.69,288.29,274.87,16.92,2.38,100.0,1,On,1313.28,904.87
1791895320000000000,2026-10-13T12:42:00Z,free response,1.182,2.184,189.0,183.64,286.68,16.97,1.45,100.0,2,On,1321.48,883.5
1791895380000000000,2026-10-13T12:43:00Z,free response,1.226,2.738,195.95,361.84,146.69,17.03,2.03,100.0,3,On,570.98,730.74
1791895440000000000,2026-10-13T12:44:00Z,controller 1,1.3,2.469,182.82,107.8,271.8,17.07,1.9,100.0,1,On,567.77,739.64
1791895500000000000,2026-10-13T12:45:00Z,controller 2,1.224,2.58,78.81,0.34,198.57,17.14,1.76,100.0,2,On,582.8,759.91
1791895560000000000,2026-10-13T12:46:00Z,controller 2,1.255,2.324,159.98,23.5,85.5,17.18,1.88,100.0,3,On,556.22,774.51
1791895620000000000,2026-10-13T12:47:00Z,controller 2,1.196,2.209,-5.76,295.52,145.36,17.21,1.51,100.0,3,On,528.64,747.72
1791895680000000000,2026-10-13T12:48:00Z,controller 2,1.333,2.714,77.52,434.65,492.4,17.18,2.35,100.0,3,On,512.47,751.21
1791895740000000000,2026-10-13T12:49:00Z,controller 2,1.318,2.442,12.48,67.45,121.84,17.14,2.16,100.0,1,On,558.61,745.32
1791895800000000000,2026-10-13T12:50:00Z,controller 1,1.175,2.472,-3.08,369.14,352.56,17.12,1.7,100.0,1,On,564.06,731.44
1791895860000000000,2026-10-13T12:51:00Z,controller 1,1.348,2.48,90.67,349.26,500.79,17.11,2.39,100.0,2,On,584.49,709.67
1791895920000000000,2026-10-13T12:52:00Z,controller 1,1.339,2.291,-10.14,73.18,47.64,17.09,2.15,100.0,2,On,572.66,679.7
1791895980000000000,2026-10-13T12:53:00Z,free response,1.241,2.328,-21.8,362.89,209.64,17.05,1.89,100.0,3,On,590.27,706.34
1791896040000000000,2026-10-13T12:54:00Z,controller 1,1.32,2.624,-1.07,424.55,227.27,17.02,2.39,100.0,2,On,619.54,735.78
1791896100000000000,2026-10-13T12:55:00Z,free response,1.283,2.548,64.64,315.4,596.23,17.01,2.15,100.0,3,On,634.74,745.67
1791896160000000000,2026-10-13T12:56:00Z,free response,1.191,2.637,184.88,448.14,304.89,16.98,1.87,100.0,1,On,590.75,725.57
1791896220000000000,2026-10-13T12:57:00Z,controller 1,1.242,2.351,12.48,383.97,306.42,16.97,1.78,100.0,3,On,568.39,730.55
1791896280000000000,2026-10-13T12:58:00Z,controller 1,1.211,2.553,31.44,251.69,219.36,16.95,1.81,100.0,2,On,526.31,751.36
1791896340000000000,2026-10-13T12:59:00Z,free response,1.217,2.628,154.4,423.51,346.16,16.92,1.84,100.0,1,On,540.14,769.57
1791896400000000000,2026-10-13T13:00:00Z,controller 1,0.448,5.649,39.26,65.01,595.47,16.88,0.59,100.0,2,On,501.0,751.61
1791896460000000000,2026-10-13T13:01:00Z,controller 2,0.417,5.97,190.63,431.75,176.61,16.88,0.47,100.0,2,On,454.27,760.16
1791896520000000000,2026-10-13T13:02:00Z,controller 1,0.33,5.384,149.87,168.21,520.47,16.86,0.29,100.0,2,On,456.85,757.82
1791896580000000000,2026-10-13T13:03:00Z,controller 2,0.455,5.918,111.45,93.11,352.33,16.84,0.65,100.0,1,On,457.27,728.3
1791896640000000000,2026-10-13T13:04:00Z,controller 2,0.324,5.835,53.21,340.51,138.73,16.81,0.31,100.0,2,On,498.11,743.15
1791896700000000000,2026-10-13T13:05:00Z,controller 1,0.385,5.245,68.36,51.31,447.29,16.8,0.4,100.0,3,On,504.16,716.9
1791896760000000000,2026-10-13T13:06:00Z,controller 2,0.348,5.856,191.08,300.4,514.86,16.78,0.37,100.0,2,On,518.94,725.93
1791896820000000000,2026-10-13T13:07:00Z,controller 1,0.319,5.808,-9.49,1.12,188.84,16.76,0.3,100.0,1,On,498.89,733.42
1791896880000000000,2026-10-13T13:08:00Z,controller 1,0.413,5.769,8.92,322.31,385.79,16.75,0.53,100.0,1,On,458.98,740.66
1791896940000000000,2026-10-13T13:09:00Z,controller 2,0.32,5.794,24.03,363.62,456.11,16.72,0.27,100.0,1,On,483.1,754.74
1791897000000000000,2026-10-13T13:10:00Z,controller 1,0.393,5.475,116.59,173.7,276.73,16.68,0.43,100.0,3,On,527.45,770.99
1791897060000000000,2026-10-13T13:11:00Z,free response,0.314,5.496,56.65,84.21,149.24,16.66,0.26,100.0,3,On,494.48,800.79
1791897120000000000,2026-10-13T13:12:00Z,controller 2,0.466,5.909,3.9,346.05,281.8,16.64,0.66,100.0,2,On,499.83,819.23
1791897180000000000,2026-10-13T13:13:00Z,free response,0.321,5.374,107.69,188.99,345.07,16.61,0.3,100.0,2,On,520.17,815.11
1791897240000000000,2026-10-13T13:14:00Z,free response,0.3,5.236,-27.93,297.76,390.7,16.58,0.23,100.0,3,On,533.51,825.59
1791897300000000000,2026-10-13T13:15:00Z,free response,0.423,5.606,110.0,382.99,222.73,16.56,0.48,100.0,1,On,512.97,801.65
1791897360000000000,2026-10-13T13:16:00Z,controller 1,0.452,5.956,97.91,124.56,366.82,16.55,0.57,100.0,2,On,558.33,826.03
1791897420000000000,2026-10-13T13:17:00Z,controller 2,0.333,5.456,17.83,364.93,385.53,16.52,0.29,100.0,2,Off,582.01,804.6
1791897480000000000,2026-10-13T13:18:00Z,free response,0.445,5.82,155.96,80.55,268.33,16.49,0.62,100.0,2,Off,970.04,446.68
1791897540000000000,2026-10-13T13:19:00Z,controller 2,0.439,5.837,144.81,88.19,443.42,16.47,0.53,100.0,1,Off,948.76,419.79
1791897600000000000,2026-10-13T13:20:00Z,free response,0.459,5.416,92.12,331.85,26.8,16.44,0.61,100.0,1,Off,940.21,402.51
1791897660000000000,2026-10-13T13:21:00Z,controller 2,0.327,5.393,79.38,64.4,33.7,16.41,0.3,100.0,1,Off,900.09,375.55
1791897720000000000,2026-10-13T13:22:00Z,controller 1,0.402,5.467,124.2,311.64,302.05,16.38,0.43,100.0,1,Off,895.44,380.23
1791897780000000000,2026-10-13T13:23:00Z,controller 2,0.369,5.48,97.77,191.29,535.57,16.36,0.39,100.0,1,Off,906.53,373.33
1791897840000000000,2026-10-13T13:24:00Z,controller 1,0.329,5.729,41.93,224.38,353.14,16.34,0.33,100.0,3,Off,912.75,353.93
1791897900000000000,2026-10-13T13:25:00Z,free response,0.312,5.229,-29.11,449.97,134.22,16.33,0.25,100.0,3,Off,932.19,335.39
1791897960000000000,2026-10-13T13:26:00Z,free response,0.369,5.654,168.1,42.53,479.41,16.32,0.42,100.0,3,Off,958.54,335.52
1791898020000000000,2026-10-13T13:27:00Z,free response,0.376,5.421,17.67,123.6,33.05,16.3,0.41,100.0,3,Off,1006.46,339.2
1791898080000000000,2026-10-13T13:28:00Z,free response,0.437,5.321,-18.98,265.62,61.52,16.28,0.55,100.0,3,Off,980.31,321.01
1791898140000000000,2026-10-13T13:29:00Z,controller 2,0.313,5.822,52.19,401.36,559.28,16.27,0.29,100.0,2,Off,1010.2,307.16
1791898200000000000,2026-10-13T13:30:00Z,free response,0.112,10.06,5.66,222.57,532.5,16.24,0.07,100.0,3,Off,1014.97,316.16
1791898260000000000,2026-10-13T13:31:00Z,free response,0.048,10.349,80.95,312.61,442.53,16.23,0.01,100.0,3,Off,1035.21,305.65
1791898320000000000,2026-10-13T13:32:00Z,free response,0.097,10.047,161.36,259.52,152.59,16.22,0.05,100.0,1,Off,1016.68,291.77
1791898380000000000,2026-10-13T13:33:00Z,controller 2,0,10.33,120.55,29.33,75.53,16.2,0.0,0.0,1,Off,1044.02,305.05
1791898440000000000,2026-10-13T13:34:00Z,controller 2,0,10.225,74.16,385.43,521.57,16.17,0.0,0.0,1,Off,1002.63,291.38
1791898500000000000,2026-10-13T13:35:00Z,controller 2,0,9.748,65.42,50.63,423.06,16.16,0.0,0.0,2,Off,1027.23,316.9
1791898560000000000,2026-10-13T13:36:00Z,controller 1,0.017,10.357,143.9,218.42,458.08,16.14,0.0,0.0,3,Off,1034.61,327.99
1791898620000000000,2026-10-13T13:37:00Z,controller 1,0.064,10.174,157.95,348.0,413.71,16.12,0.02,100.0,2,Off,1062.82,319.33
1791898680000000000,2026-10-13T13:38:00Z,free response,0.081,10.038,43.34,369.44,226.75,16.09,0.03,100.0,1,Off,1073.99,339.28
1791898740000000000,2026-10-13T13:39:00Z,controller 1,0,10.17,-28.54,52.64,49.21,16.07,0.0,0.0,2,Off,1066.2,341.92
1791898800000000000,2026-10-13T13:40:00Z,controller 2,0.089,10.281,44.97,73.03,214.55,16.06,0.04,100.0,2,Off,1096.07,360.88
1791898860000000000,2026-10-13T13:41:00Z,controller 2,0,10.009,70.69,32.08,553.43,16.02,0.0,0.0,3,Off,1130.61,340.39
1791898920000000000,2026-10-13T13:42:00Z,free response,0.097,10.436,21.98,410.01,269.29,16.01,0.05,100.0,3,Off,1176.35,316.46
1791898980000000000,2026-10-13T13:43:00Z,controller 1,0.067,10.063,192.11,392.69,580.48,15.99,0.02,100.0,1,Off,1133.72,320.92
1791899040000000000,2026-10-13T13:44:00Z,free response,0,9.767,60.41,141.4,217.79,15.97,0.0,0.0,1,Off,567.05,435.02
1791899100000000000,2026-10-13T13:45:00Z,controller 1,0.086,10.46,-1.5,343.81,13.94,15.97,0.04,100.0,2,Off,546.9,422.84
1791899160000000000,2026-10-13T13:46:00Z,controller 1,0,10.384,48.88,276.38,326.28,15.95,0.0,0.0,1,Off,558.18,392.92
1791899220000000000,2026-10-13T13:47:00Z,controller 1,0.033,10.15,179.38,442.58,103.1,15.93,0.01,100.0,2,Off,522.1,401.91
1791899280000000000,2026-10-13T13:48:00Z,free response,0.086,10.398,-6.64,160.36,345.3,15.9,0.04,100.0,3,Off,544.09,385.06
1791899340000000000,2026-10-13T13:49:00Z,controller 2,0.049,10.255,76.15,407.0,441.02,15.87,0.01,100.0,1,Off,574.07,376.21
1791899400000000000,2026-10-13T13:50:00Z,free response,0.032,10.365,146.13,169.61,56.27,15.85,0.0,0.0,3,Off,525.82,371.89
1791899460000000000,2026-10-13T13:51:00Z,controller 1,0.013,10.461,43.03,8.63,573.9,15.84,0.0,0.0,3,Off,493.69,388.37
1791899520000000000,2026-10-13T13:52:00Z,controller 1,0.107,10.421,102.69,404.16,259.56,15.81,0.07,100.0,1,Off,470.11,392.79
1791899580000000000,2026-10-13T13:53:00Z,controller 2,0,10.058,148.22,446.96,256.75,15.78,0.0,0.0,3,Off,478.54,417.52
1791899640000000000,2026-10-13T13:54:00Z,free response,0,10.132,35.32,154.37,593.87,15.75,0.0,0.0,3,Off,456.8,411.85
1791899700000000000,2026-10-13T13:55:00Z,free response,0.062,9.978,171.02,443.27,260.61,15.74,0.02,100.0,1,Off,451.4,390.52
1791899760000000000,2026-10-13T13:56:00Z,free response,0.013,9.84,20.52,324.25,53.81,15.72,0.0,0.0,1,Off,500.19,363.35
1791899820000000000,2026-10-13T13:57:00Z,controller 1,0.0,10.348,68.76,86.51,477.45,15.71,0.0,0.0,3,Off,510.66,347.72
1791899880000000000,2026-10-13T13:58:00Z,controller 2,0,10.16,73.85,61.27,291.93,15.69,0.0,0.0,3,Off,525.54,349.07
1791899940000000000,2026-10-13T13:59:00Z,free response,0.013,9.793,42.36,123.77,325.78,15.66,0.0,0.0,2,Off,541.12,369.95
1791900000000000000,2026-10-13T14:00:00Z,free response,0.698,3.089,41.09,364.6,137.19,15.65,0.7,100.0,3,Off,514.37,397.33
1791900060000000000,2026-10-13T14:01:00Z,free response,0.749,2.826,30.36,92.87,174.21,15.63,0.87,100.0,3,Off,540.54,403.03
1791900120000000000,2026-10-13T14:02:00Z,controller 2,0.703,2.65,109.51,93.49,125.69,15.62,0.72,100.0,2,Off,556.81,387.21
1791900180000000000,2026-10-13T14:03:00Z,free response,0.8,3.196,105.68,417.81,403.05,15.6,1.1,100.0,1,Off,606.57,383.7
1791900240000000000,2026-10-13T14:04:00Z,controller 1,0.728,2.917,22.23,113.49,111.47,15.59,0.82,100.0,1,Off,560.91,364.78
1791900300000000000,2026-10-13T14:05:00Z,controller 1,0.716,3.239,143.56,427.56,379.66,15.56,0.78,100.0,2,Off,701.4,484.6
1791900360000000000,2026-10-13T14:06:00Z,free response,0.754,2.722,164.06,215.05,255.72,15.53,0.82,100.0,2,Off,657.26,476.63
1791900420000000000,2026-10-13T14:07:00Z,controller 1,0.686,2.892,193.52,287.25,194.78,15.51,0.69,100.0,2,Off,661.54,458.06
1791900480000000000,2026-10-13T14:08:00Z,controller 1,0.7,2.697,115.41,92.3,403.55,15.48,0.71,100.0,2,Off,710.07,437.2
1791900540000000000,2026-10-13T14:09:00Z,free response,0.703,3.18,1.17,44.45,548.26,15.45,0.84,100.0,2,Off,688.31,448.05
1791900600000000000,2026-10-13T14:10:00Z,controller 1,0.707,2.594,146.15,25.21,239.98,15.43,0.65,100.0,2,Off,688.01,443.19
1791900660000000000,2026-10-13T14:11:00Z,controller 1,0.727,2.758,127.72,167.92,462.36,15.42,0.66,100.0,3,Off,686.67,470.29
1791900720000000000,2026-10-13T14:12:00Z,controller 1,0.792,2.657,125.8,369.02,223.54,15.4,0.89,100.0,3,Off,679.89,466.66
1791900780000000000,2026-10-13T14:13:00Z,controller 2,0.765,2.618,141.3,109.99,488.67,15.38,0.83,100.0,2,Off,691.25,468.84
1791900840000000000,2026-10-13T14:14:00Z,free response,0.706,3.245,78.85,386.38,471.4,15.37,0.87,100.0,2,Off,722.17,440.11
1791900900000000000,2026-10-13T14:15:00Z,free response,0.695,2.654,30.23,346.56,428.66,15.36,0.59,100.0,3,Off,746.01,460.5
1791900960000000000,2026-10-13T14:16:00Z,controller 2,0.81,2.877,163.16,415.82,388.65,15.33,0.87,100.0,2,Off,781.13,487.9
1791901020000000000,2026-10-13T14:17:00Z,controller 2,0.722,3.009,152.33,275.9,189.33,15.31,0.74,100.0,1,Off,820.07,505.82
1791901080000000000,2026-10-13T14:18:00Z,controller 2,0.778,3.269,49.16,41.05,46.53,15.28,0.95,100.0,2,Off,790.41,527.44
1791901140000000000,2026-10-13T14:19:00Z,controller 2,0.688,3.173,64.68,361.55,243.73,15.27,0.68,100.0,1,Off,831.76,539.25
1791901200000000000,2026-10-13T14:20:00Z,controller 1,0.777,3.175,48.81,78.68,542.46,15.26,0.93,100.0,3,Off,838.3,515.38
1791901260000000000,2026-10-13T14:21:00Z,controller 1,0.854,3.253,180.9,283.53,536.76,15.24,1.07,100.0,3,Off,876.35,501.23
1791901320000000000,2026-10-13T14:22:00Z,controller 2,0.8,2.802,-19.19,384.28,56.82,15.21,0.83,100.0,3,Off,866.28,498.42
1791901380000000000,2026-10-13T14:23:00Z,controller 2,0.746,3.018,-25.14,368.74,521.97,15.2,0.89,100.0,3,Off,895.36,512.57
1791901440000000000,2026-10-13T14:24:00Z,controller 1,0.762,2.886,169.05,283.89,77.12,15.19,0.81,100.0,3,Off,939.02,535.91
1791901500000000000,2026-10-13T14:25:00Z,controller 1,0.839,2.97,107.56,53.3,260.3,15.18,0.95,100.0,3,Off,1088.23,704.95
1791901560000000000,2026-10-13T14:26:00Z,free response,0.707,2.611,96.52,213.42,158.51,15.15,0.59,100.0,3,Off,1122.41,682.25
1791901620000000000,2026-10-13T14:27:00Z,controller 2,0.756,3.193,82.69,348.56,131.99,15.12,0.95,100.0,2,Off,1113.83,656.1
1791901680000000000,2026-10-13T14:28:00Z,controller 1,0.786,2.587,2.11,209.19,37.33,15.1,0.8,100.0,2,Off,1106.24,649.37
1791901740000000000,2026-10-13T14:29:00Z,controller 1,0.809,2.989,186.24,305.36,263.28,15.09,0.91,100.0,1,Off,1103.79,632.64
1791901800000000000,2026-10-13T14:30:00Z,controller 2,0.055,14,145.62,377.77,46.7,15.08,0.02,100.0,1,Off,1151.71,628.32
1791901860000000000,2026-10-13T14:31:00Z,free response,0.04,14,68.19,348.95,321.06,15.05,0.01,100.0,2,Off,1127.96,657.57
1791901920000000000,2026-10-13T14:32:00Z,free response,0.065,13.771,124.96,94.06,61.94,15.05,0.03,100.0,3,Off,1134.14,631.69
1791901980000000000,2026-10-13T14:33:00Z,free response,0.168,13.712,79.39,21.84,197.6,15.03,0.18,100.0,1,Off,1127.44,614.16
1791902040000000000,2026-10-13T14:34:00Z,free response,0.114,14,-3.45,107.42,538.83,15.0,0.09,100.0,2,Off,1091.67,605.92
1791902100000000000,2026-10-13T14:35:00Z,free response,0.205,13.636,70.82,278.23,305.44,14.97,0.26,100.0,1,Off,1099.32,609.16
1791902160000000000,2026-10-13T14:36:00Z,controller 1,0.202,14,177.8,294.77,481.13,14.96,0.31,100.0,1,Off,1132.84,612.17
1791902220000000000,2026-10-13T14:37:00Z,free response,0.165,14,47.58,397.76,481.66,14.94,0.19,100.0,2,Off,1137.3,621.42
1791902280000000000,2026-10-13T14:38:00Z,free response,0.048,14,107.32,207.85,326.33,14.91,0.02,100.0,3,Off,1143.19,641.16
1791902340000000000,2026-10-13T14:39:00Z,controller 1,0.168,13.693,59.89,126.44,352.03,14.89,0.2,100.0,1,Off,1166.04,644.59
1791902400000000000,2026-10-13T14:40:00Z,controller 2,0.113,13.621,132.84,343.34,370.59,14.88,0.08,100.0,1,Off,1153.22,646.38
1791902460000000000,2026-10-13T14:41:00Z,controller 1,0.167,13.752,185.92,91.44,161.04,14.84,0.19,100.0,3,Off,1173.35,632.73
1791902520000000000,2026-10-13T14:42:00Z,controller 2,0.116,14,178.71,176.85,313.97,14.83,0.1,100.0,3,Off,1125.45,642.04
1791902580000000000,2026-10-13T14:43:00Z,controller 1,0.214,13.961,160.5,201.89,472.21,14.8,0.32,100.0,2,Off,1130.32,653.67
1791902640000000000,2026-10-13T14:44:00Z,controller 2,0.13,14,143.59,74.21,258.02,14.78,0.11,100.0,2,Off,1161.55,632.83
1791902700000000000,2026-10-13T14:45:00Z,controller 1,0.187,14,120.55,445.39,406.52,14.75,0.24,100.0,3,Off,1155.86,617.99
1791902760000000000,2026-10-13T14:46:00Z,free response,0.073,14,15.24,44.02,237.68,14.73,0.04,100.0,1,Off,1119.87,634.43
1791902820000000000,2026-10-13T14:47:00Z,controller 1,0.146,13.605,27.06,91.14,35.54,14.73,0.14,100.0,3,Off,1091.97,642.52
1791902880000000000,2026-10-13T14:48:00Z,controller 1,0.09,13.573,-26.56,29.98,513.73,14.71,0.06,100.0,2,Off,1137.15,626.89
1791902940000000000,2026-10-13T14:49:00Z,controller 1,0.142,14,190.57,343.62,352.12,14.68,0.16,100.0,3,Off,1160.5,613.5
1791903000000000000,2026-10-13T14:50:00Z,free response,0.116,13.785,134.48,193.98,169.36,14.65,0.1,100.0,1,Off,1159.96,616.1
1791903060000000000,2026-10-13T14:51:00Z,controller 2,0.202,13.609,121.4,16.13,257.59,14.62,0.28,100.0,1,Off,1115.94,590.19
1791903120000000000,2026-10-13T14:52:00Z,controller 1,0.176,14,61.95,185.27,242.39,14.61,0.21,100.0,1,Off,1072.39,595.45
1791903180000000000,2026-10-13T14:53:00Z,controller 1,0.11,14,35.27,20.97,176.91,14.57,0.09,100.0,1,Off,1028.72,611.9
1791903240000000000,2026-10-13T14:54:00Z,controller 2,0.04,14,89.26,403.42,240.27,14.57,0.01,100.0,3,Off,1043.07,587.96
1791903300000000000,2026-10-13T14:55:00Z,free response,0.206,14,110.59,425.91,93.88,14.54,0.3,100.0,2,Off,1092.0,587.45
1791903360000000000,2026-10-13T14:56:00Z,controller 2,0.185,13.969,63.09,293.28,363.05,14.53,0.22,100.0,1,Off,1095.76,570.48
1791903420000000000,2026-10-13T14:57:00Z,controller 2,0.048,13.59,127.43,205.6,59.29,14.5,0.01,100.0,2,Off,1342.39,818.25
1791903480000000000,2026-10-13T14:58:00Z,controller 2,0.087,14,-20.82,371.12,115.04,14.49,0.06,100.0,2,Off,1345.81,837.23
1791903540000000000,2026-10-13T14:59:00Z,free response,0.167,14,41.56,373.92,279.43,14.46,0.19,100.0,1,Off,1322.9,820.24
1791903600000000000,2026-10-13T15:00:00Z,free response,2.33,2.936,25.23,93.32,231.8,14.45,8.71,100.0,3,Off,1419.65,362.58
1791903660000000000,2026-10-13T15:01:00Z,free response,2.193,3.138,-22.59,77.01,279.77,14.42,7.39,100.0,2,Off,1435.98,348.49
1791903720000000000,2026-10-13T15:02:00Z,controller 2,2.292,2.948,4.31,106.59,475.04,14.41,7.56,100.0,3,Off,1452.01,580.75
1791903780000000000,2026-10-13T15:03:00Z,free response,2.337,3.146,128.94,443.6,283.39,14.4,7.8,100.0,2,Off,1482.82,565.16
1791903840000000000,2026-10-13T15:04:00Z,controller 2,2.27,3.138,79.14,397.9,543.24,14.39,7.47,100.0,2,Off,1467.98,550.56
1791903900000000000,2026-10-13T15:05:00Z,controller 1,2.201,3.028,118.71,316.21,389.29,14.36,7.47,100.0,3,Off,1434.42,522.32
1791903960000000000,2026-10-13T15:06:00Z,controller 1,2.178,2.7,199.08,52.15,559.45,14.36,6.57,100.0,3,Off,1449.31,510.8
1791904020000000000,2026-10-13T15:07:00Z,controller 2,2.276,3.008,122.81,342.69,596.44,14.34,7.16,100.0,1,Off,1428.7,487.22
1791904080000000000,2026-10-13T15:08:00Z,controller 2,2.271,2.614,186.79,372.53,596.36,14.33,6.14,100.0,2,Off,1457.04,458.9
1791904140000000000,2026-10-13T15:09:00Z,controller 2,2.232,3.085,101.07,259.12,214.02,14.32,7.84,100.0,2,Off,1471.12,436.96
1791904200000000000,2026-10-13T15:10:00Z,free response,2.317,2.705,159.91,443.55,62.71,14.3,6.73,100.0,3,Off,1499.53,407.47
1791904260000000000,2026-10-13T15:11:00Z,controller 1,2.212,2.609,-18.78,68.25,190.95,14.27,5.77,100.0,3,Off,1466.1,380.96
1791904320000000000,2026-10-13T15:12:00Z,controller 1,2.258,2.706,28.13,238.13,237.31,14.25,6.44,100.0,3,Off,1500.0,358.47
1791904380000000000,2026-10-13T15:13:00Z,free response,2.314,3.29,4.22,371.42,444.78,14.23,8.09,100.0,1,Off,1500.0,381.26
1791904440000000000,2026-10-13T15:14:00Z,free response,2.263,3.216,170.01,282.73,182.88,14.22,8.13,100.0,3,Off,1500.0,388.98
1791904500000000000,2026-10-13T15:15:00Z,free response,2.334,2.914,49.43,158.86,572.62,14.19,7.45,100.0,3,Off,1500.0,378.39
1791904560000000000,2026-10-13T15:16:00Z,controller 2,2.324,3.002,28.33,247.93,267.37,14.15,8.02,100.0,1,Off,1500.0,397.38
1791904620000000000,2026-10-13T15:17:00Z,free response,2.339,3.086,48.25,102.54,317.24,14.12,7.66,100.0,2,Off,1500.0,410.02
1791904680000000000,2026-10-13T15:18:00Z,controller 1,2.24,3.058,21.12,184.99,465.2,14.1,7.22,100.0,2,Off,1459.94,398.93
1791904740000000000,2026-10-13T15:19:00Z,controller 1,2.272,2.827,196.68,2.54,8.02,14.07,7.69,100.0,3,Off,1500.0,423.79
1791904800000000000,2026-10-13T15:20:00Z,controller 1,2.24,3.204,104.87,149.25,135.6,14.05,8.36,100.0,1,Off,1461.0,443.22
1791904860000000000,2026-10-13T15:21:00Z,controller 2,2.277,3.093,11.99,320.72,155.32,14.02,8.77,100.0,3,Off,1499.47,414.65
1791904920000000000,2026-10-13T15:22:00Z,controller 2,2.171,3.169,0.38,212.07,552.26,14.01,8.17,100.0,1,Off,1500.0,397.39
1791904980000000000,2026-10-13T15:23:00Z,controller 2,2.229,3.156,154.97,121.34,275.04,13.98,8.43,100.0,3,Off,1488.01,392.02
1791905040000000000,2026-10-13T15:24:00Z,free response,2.256,2.741,143.1,317.06,92.49,13.96,7.26,100.0,2,Off,1497.62,376.05
1791905100000000000,2026-10-13T15:25:00Z,controller 1,2.178,2.603,58.65,231.26,174.57,13.95,6.71,100.0,3,Off,1500.0,377.75
1791905160000000000,2026-10-13T15:26:00Z,controller 2,2.197,3.308,48.74,67.54,486.36,13.92,7.78,100.0,3,Off,1500.0,406.89
1791905220000000000,2026-10-13T15:27:00Z,controller 2,2.234,3.13,140.76,359.63,553.1,13.91,8.12,100.0,1,Off,574.76,687.67
1791905280000000000,2026-10-13T15:28:00Z,free response,2.282,2.738,-5.2,440.5,289.58,13.88,6.49,100.0,3,Off,544.14,684.63
1791905340000000000,2026-10-13T15:29:00Z,free response,2.211,2.997,-20.52,203.57,25.77,13.86,6.61,100.0,2,Off,524.53,673.04
1791905400000000000,2026-10-13T15:30:00Z,controller 2,2.296,3.193,76.81,72.57,76.28,13.83,8.94,100.0,2,Off,569.46,688.2
1791905460000000000,2026-10-13T15:31:00Z,controller 2,2.313,3.101,53.07,383.42,395.86,13.8,7.5,100.0,2,Off,549.58,694.1
1791905520000000000,2026-10-13T15:32:00Z,controller 2,2.224,3.026,153.52,294.75,399.74,13.78,8.05,100.0,1,Off,543.55,690.33
1791905580000000000,2026-10-13T15:33:00Z,controller 1,2.36,3.427,125.13,286.05,24.0,13.75,9.71,100.0,1,Off,529.81,660.39
1791905640000000000,2026-10-13T15:34:00Z,controller 2,2.272,2.905,145.58,348.73,213.46,13.72,7.34,100.0,2,Off,523.18,637.42
1791905700000000000,2026-10-13T15:35:00Z,controller 2,2.223,2.86,34.05,190.02,389.88,13.7,6.63,100.0,2,Off,532.33,661.54
1791905760000000000,2026-10-13T15:36:00Z,controller 1,2.325,3.367,124.53,146.79,37.65,13.68,9.59,100.0,3,Off,523.24,632.14
1791905820000000000,2026-10-13T15:37:00Z,free response,2.24,3.102,45.02,414.1,373.65,13.66,7.88,100.0,2,Off,524.42,652.0
1791905880000000000,2026-10-13T15:38:00Z,controller 2,2.305,3.248,100.61,189.61,549.11,13.65,8.63,100.0,3,Off,541.07,676.61
1791905940000000000,2026-10-13T15:39:00Z,controller 2,2.252,3.378,-22.85,111.43,451.44,13.63,7.79,100.0,1,Off,491.93,700.07
1791906000000000000,2026-10-13T15:40:00Z,controller 2,2.319,3.129,101.39,161.62,535.9,13.6,7.81,100.0,1,Off,535.63,701.96
1791906060000000000,2026-10-13T15:41:00Z,controller 2,2.319,2.728,-18.06,71.01,272.22,13.58,7.77,100.0,1,Off,567.1,684.71
1791906120000000000,2026-10-13T15:42:00Z,controller 1,2.339,3.267,191.18,429.36,358.15,13.56,8.17,100.0,3,Off,560.41,678.07
1791906180000000000,2026-10-13T15:43:00Z,controller 1,2.334,3.142,93.52,199.16,51.33,13.54,8.29,100.0,3,Off,528.87,697.87
1791906240000000000,2026-10-13T15:44:00Z,free response,2.25,2.916,74.35,248.12,474.15,13.54,8.02,100.0,3,Off,485.97,700.42
1791906300000000000,2026-10-13T15:45:00Z,controller 2,2.324,2.855,-12.82,119.79,457.72,13.51,8.35,100.0,2,Off,454.29,700.69
1791906360000000000,2026-10-13T15:46:00Z,controller 2,2.239,3.267,-19.05,416.19,532.63,13.5,7.44,100.0,2,Off,501.59,715.0
1791906420000000000,2026-10-13T15:47:00Z,free response,2.353,3.299,144.33,292.05,243.5,13.48,8.49,100.0,1,Off,484.94,736.06
1791906480000000000,2026-10-13T15:48:00Z,controller 1,2.315,3.004,143.37,144.34,407.26,13.45,7.3,100.0,2,Off,472.06,762.2
1791906540000000000,2026-10-13T15:49:00Z,controller 1,2.253,3.426,26.13,199.64,529.44,13.44,7.89,100.0,1,Off,516.73,749.29
1791906600000000000,2026-10-13T15:50:00Z,controller 2,2.241,2.895,87.61,10.1,104.6,13.43,7.21,100.0,2,Off,519.8,754.48
1791906660000000000,2026-10-13T15:51:00Z,controller 1,2.365,2.768,-12.81,35.94,586.3,13.41,8.11,100.0,2,Off,559.61,750.91
1791906720000000000,2026-10-13T15:52:00Z,free response,2.227,2.678,-17.1,412.14,539.8,13.37,7.15,100.0,1,Off,510.73,748.59
1791906780000000000,2026-10-13T15:53:00Z,controller 2,2.279,2.693,28.24,352.75,573.42,13.36,6.32,100.0,2,Off,525.16,765.34
1791906840000000000,2026-10-13T15:54:00Z,controller 2,2.277,2.976,184.19,263.98,391.94,13.33,7.73,100.0,1,Off,487.73,755.1
1791906900000000000,2026-10-13T15:55:00Z,free response,2.364,2.859,-20.56,427.02,366.37,13.32,8.31,100.0,1,Off,441.39,771.5
1791906960000000000,2026-10-13T15:56:00Z,free response,2.274,2.801,159.83,288.23,554.47,13.3,6.76,100.0,1,Off,432.73,793.09
1791907020000000000,2026-10-13T15:57:00Z,controller 2,2.346,2.774,81.59,13.94,216.94,13.27,7.46,100.0,2,Off,481.87,789.13
1791907080000000000,2026-10-13T15:58:00Z,controller 2,2.247,2.692,113.88,313.29,441.59,13.25,7.41,100.0,2,Off,519.55,796.66
1791907140000000000,2026-10-13T15:59:00Z,controller 2,2.266,3.23,133.62,140.92,111.67,13.23,8.98,100.0,2,Off,508.58,803.14
1791907200000000000,2026-10-13T16:00:00Z,free response,1.167,6.792,162.32,268.95,584.11,13.2,4.86,100.0,3,Off,504.58,806.81
1791907260000000000,2026-10-13T16:01:00Z,free response,1.166,7.0,43.93,111.29,207.34,13.19,5.22,100.0,1,Off,525.42,819.43
1791907320000000000,2026-10-13T16:02:00Z,controller 1,1.195,6.819,139.77,429.62,106.01,13.16,5.17,100.0,2,Off,555.33,803.14
1791907380000000000,2026-10-13T16:03:00Z,controller 1,1.119,6.869,195.97,99.43,281.44,13.14,3.89,100.0,1,Off,549.9,790.98
1791907440000000000,2026-10-13T16:04:00Z,controller 2,1.098,6.942,186.47,407.05,25.24,13.12,4.38,100.0,1,Off,548.51,766.67
1791907500000000000,2026-10-13T16:05:00Z,controller 1,1.054,6.891,71.43,85.65,364.14,13.11,4.04,100.0,2,Off,553.1,770.47
1791907560000000000,2026-10-13T16:06:00Z,controller 2,1.191,7.41,117.87,110.94,568.89,13.07,4.82,100.0,2,Off,586.18,790.85
1791907620000000000,2026-10-13T16:07:00Z,free response,1.052,6.823,82.17,306.54,547.54,13.06,4.12,100.0,2,Off,612.87,771.79
1791907680000000000,2026-10-13T16:08:00Z,free response,1.098,6.894,67.9,372.55,268.48,13.04,4.03,100.0,1,Off,594.3,776.5
1791907740000000000,2026-10-13T16:09:00Z,controller 1,1.028,6.873,-22.49,392.6,124.07,13.03,3.89,100.0,3,Off,592.01,791.53
1791907800000000000,2026-10-13T16:10:00Z,controller 2,1.064,6.918,80.08,274.73,566.72,13.02,4.08,100.0,2,Off,585.3,814.03
1791907860000000000,2026-10-13T16:11:00Z,controller 1,1.029,6.822,182.25,394.26,3.35,13.01,3.76,89.1,2,Off,597.78,785.09
1791907920000000000,2026-10-13T16:12:00Z,free response,1.103,7.293,-23.6,158.26,287.39,12.99,4.33,100.0,1,Off,620.04,804.85
1791907980000000000,2026-10-13T16:13:00Z,controller 1,1.065,7.416,183.27,361.62,430.45,12.95,3.86,100.0,3,Off,577.57,786.97
1791908040000000000,2026-10-13T16:14:00Z,controller 1,1.119,7.149,-14.03,325.66,108.47,12.93,4.8,100.0,1,Off,591.64,796.24
1791908100000000000,2026-10-13T16:15:00Z,controller 2,1.143,7.356,-27.83,277.06,522.07,12.91,5.16,100.0,1,Off,596.76,769.63
1791908160000000000,2026-10-13T16:16:00Z,free response,1.182,7.123,175.04,63.56,453.67,12.89,5.35,100.0,1,Off,591.3,778.63
1791908220000000000,2026-10-13T16:17:00Z,controller 2,1.184,6.9,196.24,299.44,42.55,12.87,5.32,100.0,1,Off,571.22,802.75
1791908280000000000,2026-10-13T16:18:00Z,controller 2,1.029,6.882,118.79,338.08,579.05,12.84,3.7,100.0,2,Off,529.11,774.49
1791908340000000000,2026-10-13T16:19:00Z,free response,1.079,6.944,72.49,369.99,271.06,12.82,4.42,100.0,2,Off,547.3,794.53
1791908400000000000,2026-10-13T16:20:00Z,controller 1,1.071,7.056,178.88,287.91,573.0,12.8,4.03,100.0,3,Off,543.88,819.07
1791908460000000000,2026-10-13T16:21:00Z,controller 2,1.087,6.718,-8.6,276.49,563.73,12.78,4.0,100.0,1,Off,547.6,803.5
1791908520000000000,2026-10-13T16:22:00Z,controller 2,1.166,7.042,187.64,377.93,430.36,12.77,5.2,100.0,3,Off,576.28,816.11
1791908580000000000,2026-10-13T16:23:00Z,controller 2,1.202,7.046,104.87,415.63,462.46,12.74,5.55,100.0,3,Off,538.78,890.77
1791908640000000000,2026-10-13T16:24:00Z,free response,1.11,7.272,170.84,45.63,595.54,12.72,4.59,100.0,3,Off,572.2,916.99
1791908700000000000,2026-10-13T16:25:00Z,controller 1,1.201,7.368,181.69,230.53,411.49,12.71,5.78,100.0,2,Off,592.97,898.81
1791908760000000000,2026-10-13T16:26:00Z,controller 1,1.032,6.882,-6.7,154.6,124.72,12.67,3.5,100.0,1,Off,614.26,880.17
1791908820000000000,2026-10-13T16:27:00Z,controller 1,1.128,7.131,17.69,278.8,107.03,12.65,4.9,100.0,3,Off,569.67,877.7
1791908880000000000,2026-10-13T16:28:00Z,controller 2,1.152,7.175,-7.35,306.31,6.98,12.62,4.99,100.0,2,Off,1260.45,989.22
1791908940000000000,2026-10-13T16:29:00Z,controller 2,1.175,7.066,117.61,169.7,342.29,12.61,5.21,100.0,3,Off,1220.79,1000.0
1791909000000000000,2026-10-13T16:30:00Z,free response,2.79,6.733,56.76,34.52,462.07,12.6,26.9,100.0,1,Off,1246.83,1000.0
1791909060000000000,2026-10-13T16:31:00Z,free response,2.749,6.996,63.85,69.54,588.29,12.59,24.61,100.0,1,Off,1282.53,994.62
1791909120000000000,2026-10-13T16:32:00Z,free response,2.813,6.55,176.23,181.95,62.22,12.56,24.11,100.0,2,Off,1295.21,1000.0
1791909180000000000,2026-10-13T16:33:00Z,free response,2.846,6.614,18.98,368.25,302.56,12.54,26.62,100.0,2,Off,1306.44,1000.0
1791909240000000000,2026-10-13T16:34:00Z,controller 1,2.752,6.939,146.89,315.04,348.22,12.51,28.7,100.0,2,Off,1335.36,1000.0
1791909300000000000,2026-10-13T16:35:00Z,controller 2,2.775,6.835,182.94,77.33,24.62,12.48,27.45,89.69,2,Off,1370.01,973.63
1791909360000000000,2026-10-13T16:36:00Z,free response,2.858,6.531,184.41,211.9,359.96,12.47,28.62,100.0,3,Off,1348.48,985.08
1791909420000000000,2026-10-13T16:37:00Z,free response,2.731,6.699,43.71,161.33,186.18,12.44,24.43,100.0,2,Off,1339.61,1000.0
1791909480000000000,2026-10-13T16:38:00Z,free response,2.748,6.778,195.94,76.49,187.52,12.41,26.36,100.0,3,Off,1383.22,994.6
1791909540000000000,2026-10-13T16:39:00Z,controller 1,2.815,6.317,88.84,51.78,56.95,12.38,27.31,100.0,1,Off,1409.96,1000.0
1791909600000000000,2026-10-13T16:40:00Z,controller 1,2.799,6.774,188.71,141.05,459.63,12.34,24.32,100.0,1,Off,1383.53,972.23
1791909660000000000,2026-10-13T16:41:00Z,free response,2.839,6.78,127.51,192.68,439.19,12.32,29.94,100.0,2,Off,1416.66,990.37
1791909720000000000,2026-10-13T16:42:00Z,controller 2,2.783,6.952,23.49,102.8,350.51,12.31,26.88,100.0,2,Off,1396.32,990.36
1791909780000000000,2026-10-13T16:43:00Z,controller 2,2.844,6.338,1.66,299.83,139.06,12.29,24.23,100.0,1,Off,1213.89,563.35
1791909840000000000,2026-10-13T16:44:00Z,free response,2.783,6.613,57.27,197.02,545.41,12.26,23.5,100.0,1,Off,1214.07,583.64
1791909900000000000,2026-10-13T16:45:00Z,controller 2,2.751,6.259,-0.1,449.78,153.31,12.25,23.1,100.0,2,Off,1236.93,564.19
1791909960000000000,2026-10-13T16:46:00Z,free response,2.832,6.489,179.94,47.84,578.68,12.24,28.25,100.0,1,Off,1211.45,542.66
1791910020000000000,2026-10-13T16:47:00Z,controller 1,2.802,6.608,149.44,164.87,290.9,12.22,25.69,100.0,3,Off,1165.26,535.54
1791910080000000000,2026-10-13T16:48:00Z,free response,2.859,6.483,165.07,100.47,2.28,12.2,28.96,7.87,3,Off,1137.96,540.55
1791910140000000000,2026-10-13T16:49:00Z,controller 2,2.864,6.968,199.88,84.32,184.73,12.17,26.33,100.0,1,Off,1112.22,515.75
1791910200000000000,2026-10-13T16:50:00Z,controller 2,2.827,6.707,99.76,321.57,72.91,12.15,26.81,100.0,2,Off,1067.31,505.44
1791910260000000000,2026-10-13T16:51:00Z,controller 1,2.811,6.338,93.38,397.72,139.9,12.14,23.95,100.0,3,Off,1100.36,491.86
1791910320000000000,2026-10-13T16:52:00Z,controller 1,2.711,6.565,56.65,131.67,586.91,12.12,24.64,100.0,1,Off,1123.28,477.79
1791910380000000000,2026-10-13T16:53:00Z,controller 1,2.801,6.613,132.88,212.95,321.42,12.09,25.69,100.0,3,Off,1144.63,497.77
1791910440000000000,2026-10-13T16:54:00Z,controller 1,2.845,6.995,57.37,11.72,304.78,12.07,26.58,100.0,1,Off,1128.94,489.28
1791910500000000000,2026-10-13T16:55:00Z,controller 1,2.728,6.721,23.74,371.92,229.44,12.04,24.45,100.0,2,Off,1095.35,512.19
1791910560000000000,2026-10-13T16:56:00Z,controller 2,2.736,6.932,25.4,167.46,69.17,12.02,27.01,100.0,3,Off,1137.94,517.75
1791910620000000000,2026-10-13T16:57:00Z,free response,2.751,6.966,-29.69,430.45,472.13,12.01,28.23,100.0,2,Off,1121.56,532.32
1791910680000000000,2026-10-13T16:58:00Z,free response,2.716,6.591,76.48,48.66,440.08,11.98,23.44,100.0,3,Off,1121.84,533.6
1791910740000000000,2026-10-13T16:59:00Z,controller 2,2.756,6.937,69.14,353.09,308.71,11.96,28.67,100.0,1,Off,1097.98,503.84
1791910800000000000,2026-10-13T17:00:00Z,controller 1,0.577,7.332,97.88,291.5,362.57,11.95,1.15,100.0,2,Off,1109.06,484.12
1791910860000000000,2026-10-13T17:01:00Z,free response,0.568,6.706,8.82,308.75,251.32,11.93,0.99,100.0,2,Off,1433.67,568.89
1791910920000000000,2026-10-13T17:02:00Z,free response,0.692,7.045,14.12,393.26,52.71,11.93,1.76,100.0,1,Off,1478.75,579.97
1791910980000000000,2026-10-13T17:03:00Z,free response,0.676,7.345,107.11,444.87,319.41,11.91,1.6,100.0,3,Off,1500.0,566.63
1791911040000000000,2026-10-13T17:04:00Z,free response,0.612,6.801,25.66,339.48,186.46,11.88,1.38,100.0,3,Off,1493.54,586.69
1791911100000000000,2026-10-13T17:05:00Z,controller 2,0.635,6.951,12.38,167.94,319.74,11.86,1.5,100.0,2,Off,1176.16,434.82
1791911160000000000,2026-10-13T17:06:00Z,controller 2,0.604,7.398,79.9,272.81,477.65,11.83,1.45,100.0,3,Off,1199.24,454.4
1791911220000000000,2026-10-13T17:07:00Z,free response,0.723,7.456,2.69,51.61,126.41,11.83,1.96,100.0,3,Off,1160.17,433.17
1791911280000000000,2026-10-13T17:08:00Z,controller 1,0.718,6.69,-25.84,361.61,570.69,11.8,1.89,100.0,3,Off,1114.11,448.2
1791911340000000000,2026-10-13T17:09:00Z,free response,0.567,6.683,51.59,237.89,387.11,11.78,0.98,100.0,2,Off,1067.4,441.34
1791911400000000000,2026-10-13T17:10:00Z,controller 2,0.592,6.721,-26.92,13.74,17.6,11.74,1.2,100.0,3,Off,1095.83,439.73
1791911460000000000,2026-10-13T17:11:00Z,free response,0.733,7.372,172.34,12.93,215.34,11.72,2.02,100.0,2,Off,1058.43,441.62
1791911520000000000,2026-10-13T17:12:00Z,controller 1,0.569,7.098,-0.51,139.33,510.94,11.68,1.09,100.0,3,Off,1068.85,445.4
1791911580000000000,2026-10-13T17:13:00Z,controller 2,0.69,6.92,92.88,169.78,399.05,11.67,1.54,100.0,2,Off,1067.92,437.12
1791911640000000000,2026-10-13T17:14:00Z,controller 1,0.636,6.756,193.7,5.76,328.45,11.65,1.39,100.0,1,Off,1040.43,439.71
1791911700000000000,2026-10-13T17:15:00Z,free response,0.708,7.271,101.52,243.98,460.03,11.62,1.99,100.0,1,Off,1000.9,454.28
1791911760000000000,2026-10-13T17:16:00Z,controller 1,0.73,6.827,-27.31,6.1,519.21,11.59,1.73,100.0,2,Off,1022.28,438.03
1791911820000000000,2026-10-13T17:17:00Z,controller 2,0.665,6.911,183.84,394.45,399.44,11.55,1.38,100.0,2,Off,1043.76,445.14
1791911880000000000,2026-10-13T17:18:00Z,controller 1,0.676,7.155,11.44,28.57,501.05,11.53,1.56,100.0,3,Off,1029.51,438.78
1791911940000000000,2026-10-13T17:19:00Z,controller 2,0.735,6.912,178.45,417.13,171.28,11.52,2.02,100.0,2,Off,1032.51,423.36
1791912000000000000,2026-10-13T17:20:00Z,free response,0.684,6.856,172.56,79.24,456.61,11.5,1.7,100.0,3,Off,1067.52,399.7
1791912060000000000,2026-10-13T17:21:00Z,controller 1,0.731,7.379,64.03,280.94,299.74,11.47,2.07,100.0,3,Off,1021.78,397.76
1791912120000000000,2026-10-13T17:22:00Z,free response,0.7,6.785,16.92,34.03,502.95,11.46,1.79,100.0,1,Off,1021.31,379.49
1791912180000000000,2026-10-13T17:23:00Z,controller 2,0.616,7.285,26.89,359.61,465.32,11.43,1.41,100.0,1,Off,989.46,392.4
1791912240000000000,2026-10-13T17:24:00Z,controller 1,0.722,6.81,174.49,307.14,3.43,11.42,1.61,100.0,3,Off,954.37,383.91
1791912300000000000,2026-10-13T17:25:00Z,controller 2,0.663,6.873,9.28,163.47,101.6,11.4,1.49,100.0,3,Off,981.71,393.18
1791912360000000000,2026-10-13T17:26:00Z,controller 1,0.722,7.338,16.98,345.72,183.72,11.37,1.73,100.0,3,Off,1004.44,365.04
1791912420000000000,2026-10-13T17:27:00Z,free response,0.693,7.11,158.2,182.16,482.03,11.36,1.64,100.0,1,Off,1015.02,387.49
1791912480000000000,2026-10-13T17:28:00Z,free response,0.614,7.323,80.16,401.66,291.67,11.33,1.39,100.0,3,Off,970.0,379.83
1791912540000000000,2026-10-13T17:29:00Z,controller 2,0.648,7.347,-13.87,12.92,348.59,11.3,1.55,100.0,1,Off,975.77,408.66
1791912600000000000,2026-10-13T17:30:00Z,free response,0.64,1.007,98.43,439.01,369.86,11.28,0.19,100.0,2,Off,962.17,397.05
1791912660000000000,2026-10-13T17:31:00Z,free response,0.749,1.1,31.98,246.49,516.17,11.28,0.28,100.0,1,Off,920.71,413.67
1791912720000000000,2026-10-13T17:32:00Z,controller 2,0.799,1.153,162.11,236.32,345.9,11.24,0.4,100.0,1,Off,956.06,412.0
1791912780000000000,2026-10-13T17:33:00Z,free response,0.758,1.158,18.98,320.76,107.28,11.23,0.32,100.0,1,Off,929.46,413.23
1791912840000000000,2026-10-13T17:34:00Z,controller 2,0.661,1.386,62.64,268.95,550.25,11.22,0.31,100.0,1,Off,940.94,424.15
1791912900000000000,2026-10-13T17:35:00Z,free response,0.715,1.229,30.07,327.9,504.79,11.2,0.33,100.0,3,Off,929.07,441.65
1791912960000000000,2026-10-13T17:36:00Z,controller 1,0.784,1.185,170.23,371.22,193.98,11.18,0.39,100.0,1,Off,919.97,430.3
1791913020000000000,2026-10-13T17:37:00Z,controller 1,0.688,1.322,85.0,71.05,339.0,11.15,0.3,100.0,1,Off,875.84,405.21
1791913080000000000,2026-10-13T17:38:00Z,controller 1,0.684,1.541,12.72,258.55,330.66,11.14,0.38,100.0,1,Off,868.18,392.52
1791913140000000000,2026-10-13T17:39:00Z,controller 1,0.743,1.027,189.62,13.99,107.28,11.11,0.3,100.0,2,Off,831.28,402.63
1791913200000000000,2026-10-13T17:40:00Z,free response,0.768,1.511,154.49,383.19,7.25,11.09,0.46,100.0,3,Off,876.32,428.34
1791913260000000000,2026-10-13T17:41:00Z,controller 1,0.694,1.202,118.23,296.54,438.78,11.08,0.3,100.0,3,Off,879.9,454.57
1791913320000000000,2026-10-13T17:42:00Z,free response,0.653,1.472,80.66,155.54,294.05,11.06,0.32,100.0,2,Off,892.57,470.94
1791913380000000000,2026-10-13T17:43:00Z,free response,0.661,1,195.08,107.26,420.23,11.03,0.22,100.0,3,Off,873.13,447.79
1791913440000000000,2026-10-13T17:44:00Z,controller 2,0.716,1.177,112.24,118.26,221.21,11.01,0.32,100.0,1,Off,847.05,427.16
1791913500000000000,2026-10-13T17:45:00Z,controller 1,0.724,1.146,66.48,81.12,106.35,10.98,0.3,100.0,3,Off,833.57,398.72
1791913560000000000,2026-10-13T17:46:00Z,controller 1,0.763,1.57,31.7,391.62,428.93,10.97,0.41,100.0,1,Off,834.2,404.8
1791913620000000000,2026-10-13T17:47:00Z,controller 2,0.736,1.158,75.01,70.48,313.54,10.96,0.31,100.0,1,Off,850.73,375.9
1791913680000000000,2026-10-13T17:48:00Z,free response,0.744,1.163,-21.7,62.54,145.12,10.94,0.34,100.0,3,Off,860.49,362.19
1791913740000000000,2026-10-13T17:49:00Z,controller 2,0.648,1.035,-16.02,418.22,365.48,10.9,0.22,100.0,1,Off,905.71,343.88
1791913800000000000,2026-10-13T17:50:00Z,controller 2,0.628,1,22.9,408.57,548.58,10.88,0.2,100.0,3,Off,948.48,339.33
1791913860000000000,2026-10-13T17:51:00Z,free response,0.629,1.358,179.46,387.85,34.77,10.87,0.29,100.0,3,Off,952.15,342.63
1791913920000000000,2026-10-13T17:52:00Z,controller 1,0.681,1.261,45.72,232.72,342.25,10.85,0.29,100.0,2,Off,986.34,340.86
1791913980000000000,2026-10-13T17:53:00Z,controller 1,0.632,1.413,132.14,364.43,490.99,10.82,0.27,100.0,2,Off,983.3,354.11
1791914040000000000,2026-10-13T17:54:00Z,free response,0.63,1,101.47,323.32,557.72,10.79,0.19,100.0,3,Off,969.67,332.24
1791914100000000000,2026-10-13T17:55:00Z,free response,0.786,1.121,66.93,18.47,353.9,10.78,0.35,100.0,3,Off,1003.49,342.33
1791914160000000000,2026-10-13T17:56:00Z,controller 1,0.678,1.183,88.87,199.97,351.19,10.75,0.25,100.0,2,Off,995.25,366.25
1791914220000000000,2026-10-13T17:57:00Z,controller 1,0.668,1,-1.25,45.51,412.91,10.73,0.21,100.0,3,Off,971.2,370.87
1791914280000000000,2026-10-13T17:58:00Z,free response,0.652,1.454,100.73,172.03,307.42,10.71,0.3,100.0,2,Off,985.33,362.86
1791914340000000000,2026-10-13T17:59:00Z,controller 2,0.802,1.106,131.85,76.07,487.65,10.7,0.36,100.0,2,Off,1028.92,363.64
1791914400000000000,2026-10-13T18:00:00Z,free response,0.085,3.291,199.8,240.32,276.99,10.69,0.01,100.0,1,Off,679.96,776.98
1791914460000000000,2026-10-13T18:01:00Z,controller 2,0.172,3.235,29.6,415.87,49.25,10.67,0.05,100.0,2,Off,673.59,797.08
1791914520000000000,2026-10-13T18:02:00Z,controller 1,0.165,3.251,170.1,322.43,392.97,10.64,0.04,100.0,1,Off,703.67,806.84
1791914580000000000,2026-10-13T18:03:00Z,free response,0.046,3.117,168.51,426.15,538.99,10.61,0.0,0.0,2,Off,744.2,797.24
1791914640000000000,2026-10-13T18:04:00Z,controller 1,0.034,3.295,22.73,184.02,96.54,10.58,0.0,0.0,3,Off,754.25,821.19
1791914700000000000,2026-10-13T18:05:00Z,controller 2,0.195,3.29,111.88,302.11,226.18,10.56,0.07,100.0,2,Off,626.38,817.22
1791914760000000000,2026-10-13T18:06:00Z,controller 1,0.024,3.038,-24.03,276.59,468.44,10.54,0.0,0.0,2,Off,1358.56,925.64
1791914820000000000,2026-10-13T18:07:00Z,controller 2,0.16,2.912,22.93,305.06,275.03,10.53,0.04,100.0,1,Off,1399.5,917.98
1791914880000000000,2026-10-13T18:08:00Z,controller 1,0.139,3.038,15.03,387.58,64.57,10.52,0.03,100.0,2,Off,1379.42,899.83
1791914940000000000,2026-10-13T18:09:00Z,controller 1,0.144,2.965,188.93,351.09,288.97,10.48,0.03,100.0,3,Off,1398.8,901.95
1791915000000000000,2026-10-13T18:10:00Z,free response,0.188,2.982,33.26,42.74,402.35,10.46,0.06,100.0,1,Off,1359.2,881.16
1791915060000000000,2026-10-13T18:11:00Z,controller 1,0.163,3.168,105.92,286.17,196.2,10.43,0.04,100.0,2,Off,1346.86,862.19
1791915120000000000,2026-10-13T18:12:00Z,controller 2,0.053,3.473,54.06,370.81,277.06,10.4,0.01,100.0,1,Off,1326.59,854.8
1791915180000000000,2026-10-13T18:13:00Z,controller 2,0.043,3.67,36.85,371.48,99.36,10.39,0.0,0.0,1,Off,1325.24,834.26
1791915240000000000,2026-10-13T18:14:00Z,controller 2,0.04,3.623,167.19,231.94,114.84,10.36,0.0,0.0,2,Off,1317.44,827.09
1791915300000000000,2026-10-13T18:15:00Z,controller 2,0.089,3.502,167.77,403.81,210.24,10.34,0.01,100.0,2,Off,1305.75,815.79
1791915360000000000,2026-10-13T18:16:00Z,controller 2,0.077,3.386,135.5,380.41,273.62,10.32,0.01,100.0,2,Off,1354.28,822.23
1791915420000000000,2026-10-13T18:17:00Z,free response,0.095,3.203,131.09,199.73,12.55,10.31,0.01,100.0,2,Off,793.24,585.14
1791915480000000000,2026-10-13T18:18:00Z,controller 2,0.038,3.476,99.19,158.55,414.26,10.29,0.0,0.0,3,Off,763.45,583.72
1791915540000000000,2026-10-13T18:19:00Z,controller 1,0.165,3.435,82.83,86.97,253.41,10.27,0.05,100.0,3,Off,736.08,559.78
1791915600000000000,2026-10-13T18:20:00Z,free response,0.17,3.046,-22.0,209.24,242.68,10.26,0.05,100.0,3,Off,730.38,561.89
1791915660000000000,2026-10-13T18:21:00Z,free response,0.111,3.37,137.71,421.86,412.27,10.25,0.02,100.0,3,Off,706.77,546.85
1791915720000000000,2026-10-13T18:22:00Z,controller 2,0.108,3.639,70.84,362.47,131.26,10.24,0.02,100.0,3,Off,690.22,518.94
1791915780000000000,2026-10-13T18:23:00Z,controller 1,0.073,3.129,81.83,106.54,445.08,10.23,0.01,100.0,3,Off,690.22,504.35
1791915840000000000,2026-10-13T18:24:00Z,controller 2,0.099,3.565,67.63,94.8,95.45,10.21,0.02,100.0,3,Off,701.83,525.07
1791915900000000000,2026-10-13T18:25:00Z,controller 1,0.024,3.357,27.35,120.77,135.83,10.19,0.0,0.0,2,Off,737.11,506.22
1791915960000000000,2026-10-13T18:26:00Z,free response,0.141,3.6,13.05,52.18,85.54,10.16,0.04,100.0,2,Off,689.86,507.62
1791916020000000000,2026-10-13T18:27:00Z,controller 2,0.173,3.649,24.77,296.85,293.64,10.14,0.05,100.0,3,On,736.68,481.52
1791916080000000000,2026-10-13T18:28:00Z,free response,0.16,3.498,188.46,395.6,550.17,10.12,0.05,100.0,3,On,779.72,504.63
1791916140000000000,2026-10-13T18:29:00Z,controller 2,0.065,3.387,30.36,151.82,590.3,10.11,0.01,100.0,3,On,819.45,480.46
1791916200000000000,2026-10-13T18:30:00Z,controller 2,1.519,5.967,184.86,73.09,54.88,10.08,7.4,100.0,1,On,845.52,467.65
1791916260000000000,2026-10-13T18:31:00Z,controller 2,1.627,6.181,110.41,321.88,104.0,10.07,8.15,100.0,2,On,588.9,817.92
1791916320000000000,2026-10-13T18:32:00Z,free response,1.572,6.636,131.4,152.99,376.69,10.04,7.61,100.0,3,On,601.01,790.23
1791916380000000000,2026-10-13T18:33:00Z,controller 2,1.578,6.022,112.77,1.07,169.74,10.03,7.61,100.0,3,On,599.97,774.27
1791916440000000000,2026-10-13T18:34:00Z,controller 2,1.657,6.535,57.98,213.4,397.26,10.0,8.68,100.0,3,On,638.3,746.69
1791916500000000000,2026-10-13T18:35:00Z,controller 2,1.598,6.573,192.5,184.09,316.47,9.98,8.56,100.0,1,On,633.34,736.5
1791916560000000000,2026-10-13T18:36:00Z,controller 1,1.631,5.946,83.14,182.19,222.12,9.96,7.51,100.0,3,On,679.75,742.74
1791916620000000000,2026-10-13T18:37:00Z,free response,1.571,6.375,198.13,19.3,75.22,9.95,7.43,100.0,1,On,676.19,748.93
1791916680000000000,2026-10-13T18:38:00Z,controller 1,1.619,6.634,112.83,336.75,440.01,9.92,9.53,100.0,1,On,670.76,770.85
1791916740000000000,2026-10-13T18:39:00Z,controller 2,1.673,5.959,-2.54,70.37,0.28,9.89,7.96,3.52,2,On,676.64,749.15
1791916800000000000,2026-10-13T18:40:00Z,controller 1,1.53,6.054,58.27,358.99,546.94,9.87,7.18,100.0,2,On,672.74,725.39
1791916860000000000,2026-10-13T18:41:00Z,controller 2,1.665,6.05,125.08,256.06,576.95,9.83,8.04,100.0,3,On,639.66,721.49
1791916920000000000,2026-10-13T18:42:00Z,controller 1,1.595,6.153,57.73,152.47,183.17,9.81,8.55,100.0,1,On,604.19,712.64
1791916980000000000,2026-10-13T18:43:00Z,free response,1.616,6.391,37.6,191.54,414.09,9.79,8.78,100.0,1,On,575.74,732.21
1791917040000000000,2026-10-13T18:44:00Z,controller 1,1.595,5.954,141.86,373.72,204.1,9.76,7.24,100.0,3,On,601.45,749.25
1791917100000000000,2026-10-13T18:45:00Z,controller 2,1.671,6.48,156.58,132.42,159.92,9.75,9.51,100.0,3,On,620.09,770.31
1791917160000000000,2026-10-13T18:46:00Z,controller 2,1.671,6.53,59.5,150.85,69.01,9.73,9.33,100.0,3,On,577.32,768.46
1791917220000000000,2026-10-13T18:47:00Z,free response,1.548,6.038,129.46,388.34,113.18,9.7,7.73,100.0,3,On,531.63,768.1
1791917280000000000,2026-10-13T18:48:00Z,controller 1,1.61,6.093,68.97,360.11,376.63,9.69,7.87,100.0,2,On,510.64,759.9
1791917340000000000,2026-10-13T18:49:00Z,controller 1,1.622,6.139,39.28,285.2,361.98,9.66,7.55,100.0,1,On,1074.55,376.11
1791917400000000000,2026-10-13T18:50:00Z,free response,1.57,6.581,-22.98,253.86,5.03,9.64,8.83,56.96,2,On,1060.88,384.66
1791917460000000000,2026-10-13T18:51:00Z,controller 2,1.565,6.653,122.15,75.42,118.08,9.62,8.54,100.0,2,On,1086.46,356.37
1791917520000000000,2026-10-13T18:52:00Z,free response,1.623,6.293,120.87,129.7,16.57,9.61,7.46,100.0,2,On,1055.41,383.35
1791917580000000000,2026-10-13T18:53:00Z,controller 2,1.516,5.904,-25.81,258.18,392.63,9.58,6.99,100.0,2,On,1022.29,394.69
1791917640000000000,2026-10-13T18:54:00Z,free response,1.588,6.422,37.11,444.19,187.49,9.56,8.42,100.0,3,On,1007.62,383.3
1791917700000000000,2026-10-13T18:55:00Z,controller 1,1.635,6.129,127.42,328.32,209.73,9.56,8.1,100.0,2,On,978.12,387.24
1791917760000000000,2026-10-13T18:56:00Z,free response,1.601,5.966,82.32,89.51,66.03,9.53,8.39,100.0,1,On,807.88,747.41
1791917820000000000,2026-10-13T18:57:00Z,controller 2,1.541,5.981,0.98,392.87,319.53,9.52,6.66,100.0,3,On,840.05,763.58
1791917880000000000,2026-10-13T18:58:00Z,free response,1.642,6.634,-23.85,361.91,478.65,9.5,8.17,100.0,2,On,853.29,744.06
1791917940000000000,2026-10-13T18:59:00Z,free response,1.65,6.374,20.11,19.09,94.87,9.48,8.76,100.0,3,On,877.6,730.35
1791918000000000000,2026-10-13T19:00:00Z,free response,0.056,4.149,2.18,110.14,28.49,9.46,0.01,100.0,1,On,836.27,713.13
1791918060000000000,2026-10-13T19:01:00Z,free response,0,4.22,1.25,408.87,38.65,9.45,0.0,0.0,3,On,801.71,688.55
1791918120000000000,2026-10-13T19:02:00Z,free response,0,4.642,98.41,1.02,99.68,9.41,0.0,0.0,1,On,828.34,671.68
1791918180000000000,2026-10-13T19:03:00Z,controller 2,0.111,4.512,179.85,49.66,166.58,9.38,0.03,100.0,2,On,845.61,651.02
1791918240000000000,2026-10-13T19:04:00Z,controller 1,0.139,3.954,10.29,440.72,462.9,9.35,0.04,100.0,3,On,798.43,675.84
1791918300000000000,2026-10-13T19:05:00Z,controller 1,0.117,3.915,84.02,214.17,317.48,9.33,0.02,100.0,2,On,824.54,645.87
1791918360000000000,2026-10-13T19:06:00Z,controller 2,0.026,4.013,62.35,310.98,187.87,9.31,0.0,0.0,3,On,797.88,618.51
1791918420000000000,2026-10-13T19:07:00Z,free response,0.113,4.327,30.19,40.62,321.25,9.3,0.03,100.0,3,On,772.02,648.39
1791918480000000000,2026-10-13T19:08:00Z,controller 2,0.003,4.475,1.54,173.39,407.34,9.29,0.0,0.0,3,On,795.51,620.63
1791918540000000000,2026-10-13T19:09:00Z,free response,0,4.116,78.4,314.05,88.49,9.26,0.0,0.0,1,On,807.35,603.97
1791918600000000000,2026-10-13T19:10:00Z,free response,0.064,4.24,197.67,238.37,260.41,9.23,0.01,100.0,2,On,775.86,576.06
1791918660000000000,2026-10-13T19:11:00Z,free response,0.069,4.527,66.46,46.95,462.89,9.21,0.01,100.0,1,On,823.8,575.55
1791918720000000000,2026-10-13T19:12:00Z,controller 2,0.132,4.31,69.44,406.39,390.69,9.18,0.04,100.0,3,Off,804.62,570.7
1791918780000000000,2026-10-13T19:13:00Z,controller 2,0.019,4.368,10.8,295.52,133.83,9.17,0.0,0.0,1,Off,850.37,577.94
1791918840000000000,2026-10-13T19:14:00Z,free response,0.118,4.081,160.2,169.92,479.85,9.16,0.03,100.0,1,Off,802.59,554.88
1791918900000000000,2026-10-13T19:15:00Z,controller 1,0.092,4.391,5.8,179.26,325.38,9.15,0.02,100.0,1,Off,802.88,564.06
1791918960000000000,2026-10-13T19:16:00Z,controller 1,0.139,4.481,132.69,315.09,190.58,9.13,0.05,100.0,3,Off,793.21,571.53
1791919020000000000,2026-10-13T19:17:00Z,controller 1,0.144,4.279,26.81,411.36,514.82,9.09,0.05,100.0,1,Off,807.37,592.95
1791919080000000000,2026-10-13T19:18:00Z,controller 2,0.056,4.554,148.92,155.15,550.21,9.06,0.01,100.0,3,Off,789.81,599.27
1791919140000000000,2026-10-13T19:19:00Z,controller 2,0.102,3.981,-24.75,350.04,484.98,9.05,0.02,100.0,2,Off,772.92,585.02
1791919200000000000,2026-10-13T19:20:00Z,free response,0.002,4.283,0.78,427.52,472.31,9.03,0.0,0.0,2,Off,765.92,604.22
1791919260000000000,2026-10-13T19:21:00Z,controller 1,0.05,4.09,187.75,313.97,317.9,9.01,0.0,0.0,3,Off,743.79,609.88
1791919320000000000,2026-10-13T19:22:00Z,free response,0.067,4.333,78.95,320.8,584.71,8.98,0.01,100.0,1,Off,704.61,615.22
1791919380000000000,2026-10-13T19:23:00Z,controller 1,0.13,4.028,136.95,291.29,379.2,8.97,0.03,100.0,2,Off,708.37,631.94
1791919440000000000,2026-10-13T19:24:00Z,controller 1,0.008,4.481,35.84,326.52,473.01,8.95,0.0,0.0,2,Off,700.7,628.49
1791919500000000000,2026-10-13T19:25:00Z,controller 2,0.01,4.225,55.8,154.15,377.44,8.93,0.0,0.0,3,Off,691.1,639.84
1791919560000000000,2026-10-13T19:26:00Z,controller 2,0,4.191,33.37,97.23,535.31,8.91,0.0,0.0,2,Off,717.96,629.94
1791919620000000000,2026-10-13T19:27:00Z,controller 1,0.146,4.37,21.64,155.34,153.62,8.9,0.05,100.0,2,Off,674.5,631.11
1791919680000000000,2026-10-13T19:28:00Z,controller 1,0.042,3.928,162.74,441.61,487.1,8.88,0.0,0.0,1,Off,625.11,627.11
1791919740000000000,2026-10-13T19:29:00Z,controller 2,0.045,4.579,117.75,62.84,273.54,8.86,0.0,0.0,1,Off,603.83,631.42
1791919800000000000,2026-10-13T19:30:00Z,controller 1,2.773,13.553,58.37,84.55,276.08,8.85,53.13,100.0,2,Off,643.44,651.44
1791919860000000000,2026-10-13T19:31:00Z,controller 1,2.806,13.586,197.63,430.39,419.88,8.83,54.3,100.0,1,Off,609.5,660.22
1791919920000000000,2026-10-13T19:32:00Z,controller 2,2.76,13.704,187.67,251.8,157.1,8.82,54.24,100.0,3,Off,563.68,673.85
1791919980000000000,2026-10-13T19:33:00Z,controller 2,2.735,14,160.25,397.44,470.63,8.8,56.61,100.0,1,Off,549.0,702.92
1791920040000000000,2026-10-13T19:34:00Z,controller 2,2.672,13.712,14.58,27.57,298.03,8.76,53.11,100.0,1,Off,536.86,689.74
1791920100000000000,2026-10-13T19:35:00Z,controller 2,2.688,14,-27.1,409.14,5.17,8.75,47.98,10.78,3,Off,512.93,703.0
1791920160000000000,2026-10-13T19:36:00Z,controller 2,2.644,14,-15.77,292.43,92.7,8.72,53.62,100.0,3,Off,531.31,718.37
1791920220000000000,2026-10-13T19:37:00Z,free response,2.668,13.916,167.12,392.0,475.72,8.71,49.42,100.0,2,Off,532.57,700.7
1791920280000000000,2026-10-13T19:38:00Z,controller 2,2.652,14,159.17,213.44,284.92,8.68,53.82,100.0,1,Off,505.97,671.75
1791920340000000000,2026-10-13T19:39:00Z,controller 1,2.725,14.0,19.68,10.02,204.82,8.67,51.8,100.0,2,Off,526.86,681.72
1791920400000000000,2026-10-13T19:40:00Z,free response,2.792,13.969,178.43,181.51,241.83,8.65,59.12,100.0,3,Off,574.31,671.11
1791920460000000000,2026-10-13T19:41:00Z,free response,2.642,14,174.12,45.02,103.17,8.64,51.75,100.0,3,Off,602.01,694.69
1791920520000000000,2026-10-13T19:42:00Z,controller 2,2.776,14,192.14,115.03,436.73,8.62,58.12,100.0,2,Off,556.84,722.69
1791920580000000000,2026-10-13T19:43:00Z,controller 1,2.7,14,-19.94,132.22,394.98,8.59,48.8,100.0,3,Off,507.76,751.66
1791920640000000000,2026-10-13T19:44:00Z,controller 1,2.778,14,-20.02,29.55,170.45,8.56,56.48,100.0,3,Off,524.99,767.5
1791920700000000000,2026-10-13T19:45:00Z,controller 2,2.797,14,107.29,105.89,97.94,8.53,51.08,100.0,3,Off,566.95,792.42
1791920760000000000,2026-10-13T19:46:00Z,controller 2,2.747,13.781,157.46,40.29,528.85,8.52,54.08,100.0,3,Off,528.64,777.81
1791920820000000000,2026-10-13T19:47:00Z,controller 2,2.77,14,-13.9,36.43,512.94,8.49,49.73,100.0,2,Off,508.62,788.38
1791920880000000000,2026-10-13T19:48:00Z,free response,2.803,13.585,-17.31,150.71,317.85,8.48,51.48,100.0,1,Off,554.16,816.23
1791920940000000000,2026-10-13T19:49:00Z,controller 1,2.746,14,33.92,366.12,21.6,8.46,56.44,38.27,3,Off,551.4,822.59
1791921000000000000,2026-10-13T19:50:00Z,free response,2.648,14,139.53,28.45,212.16,8.45,49.48,100.0,2,Off,511.6,822.1
1791921060000000000,2026-10-13T19:51:00Z,free response,2.8,14,70.23,440.23,400.73,8.43,49.94,100.0,2,Off,505.8,839.65
1791921120000000000,2026-10-13T19:52:00Z,controller 2,2.807,14,-7.58,47.4,148.22,8.41,55.83,100.0,2,Off,473.06,868.53
1791921180000000000,2026-10-13T19:53:00Z,free response,2.777,13.632,40.71,276.59,63.94,8.39,50.54,100.0,1,Off,423.61,863.83
1791921240000000000,2026-10-13T19:54:00Z,controller 2,2.748,14,81.33,326.89,457.68,8.36,55.04,100.0,3,Off,445.37,864.31
1791921300000000000,2026-10-13T19:55:00Z,controller 1,2.68,14,80.81,378.63,8.53,8.35,52.93,16.12,1,Off,469.58,858.13
1791921360000000000,2026-10-13T19:56:00Z,controller 1,2.636,14,122.78,391.91,77.97,8.33,44.85,100.0,1,Off,442.28,838.28
1791921420000000000,2026-10-13T19:57:00Z,free response,2.636,14,9.26,345.63,481.19,8.32,52.63,100.0,1,Off,416.87,815.19
1791921480000000000,2026-10-13T19:58:00Z,free response,2.788,13.521,-7.64,294.31,452.7,8.31,51.05,100.0,1,Off,455.72,825.89
1791921540000000000,2026-10-13T19:59:00Z,controller 1,2.638,13.532,-5.45,26.5,380.84,8.28,47.24,100.0,3,Starting,482.98,836.63
1791921600000000000,2026-10-13T20:00:00Z,controller 1,2.644,5.558,23.72,177.85,190.55,8.27,17.91,100.0,3,Starting,451.76,838.51
1791921660000000000,2026-10-13T20:01:00Z,controller 1,2.63,5.839,57.34,190.82,566.3,8.25,22.21,100.0,3,Starting,458.96,851.09
1791921720000000000,2026-10-13T20:02:00Z,free response,2.635,5.421,61.15,449.32,363.09,8.23,18.62,100.0,1,Starting,416.48,829.64
1791921780000000000,2026-10-13T20:03:00Z,controller 2,2.651,5.69,69.04,430.09,234.63,8.22,21.34,100.0,3,Starting,453.16,821.29
1791921840000000000,2026-10-13T20:04:00Z,controller 1,2.633,5.944,143.33,115.1,589.97,8.22,19.78,100.0,1,Starting,469.78,803.8
1791921900000000000,2026-10-13T20:05:00Z,controller 1,2.687,5.797,-0.77,68.41,525.94,8.19,20.38,100.0,2,Starting,503.21,803.12
1791921960000000000,2026-10-13T20:06:00Z,controller 2,2.587,5.838,195.51,106.91,345.38,8.16,18.57,100.0,3,Starting,457.86,789.7
1791922020000000000,2026-10-13T20:07:00Z,free response,2.668,6.014,143.63,381.11,99.52,8.13,23.07,100.0,2,Starting,494.25,762.52
1791922080000000000,2026-10-13T20:08:00Z,controller 1,2.663,5.967,187.71,237.56,100.08,8.11,20.19,100.0,1,Starting,463.66,750.72
1791922140000000000,2026-10-13T20:09:00Z,controller 1,2.634,5.963,167.4,381.3,10.98,8.1,21.41,51.28,3,Starting,505.92,745.45
1791922200000000000,2026-10-13T20:10:00Z,controller 2,2.699,5.664,130.5,318.57,489.71,8.08,20.57,100.0,2,Starting,536.85,744.21
1791922260000000000,2026-10-13T20:11:00Z,controller 1,2.656,6.145,183.31,47.23,18.1,8.06,19.74,91.69,3,Starting,580.61,731.23
1791922320000000000,2026-10-13T20:12:00Z,free response,2.643,5.442,154.54,130.48,160.71,8.06,20.22,100.0,1,Starting,567.62,728.74
1791922380000000000,2026-10-13T20:13:00Z,free response,2.736,5.675,167.04,399.65,372.52,8.05,22.6,100.0,2,Starting,537.2,720.93
1791922440000000000,2026-10-13T20:14:00Z,free response,2.711,5.736,145.07,127.62,318.34,8.04,21.15,100.0,1,Starting,512.82,696.44
1791922500000000000,2026-10-13T20:15:00Z,controller 1,2.672,5.881,153.06,431.37,292.93,8.02,21.97,100.0,2,Starting,537.03,694.61
1791922560000000000,2026-10-13T20:16:00Z,controller 2,2.733,5.901,189.92,90.83,31.93,8.0,20.76,100.0,3,Starting,540.24,708.32
1791922620000000000,2026-10-13T20:17:00Z,controller 1,2.725,6.05,-14.51,49.53,7.24,8.0,21.38,33.86,3,Starting,498.49,706.94
1791922680000000000,2026-10-13T20:18:00Z,controller 2,2.765,5.986,172.88,31.81,357.97,7.96,25.05,100.0,3,Starting,485.63,722.01
1791922740000000000,2026-10-13T20:19:00Z,controller 1,2.588,5.908,196.07,40.57,101.12,7.94,21.4,100.0,3,Starting,526.84,711.68
1791922800000000000,2026-10-13T20:20:00Z,controller 2,2.594,5.75,118.67,295.09,89.5,7.93,17.51,100.0,1,Starting,553.45,688.65
1791922860000000000,2026-10-13T20:21:00Z,free response,2.753,5.833,192.29,21.38,127.41,7.91,20.77,100.0,2,Starting,576.82,716.05
1791922920000000000,2026-10-13T20:22:00Z,controller 2,2.692,5.839,121.35,406.42,15.8,7.9,22.64,69.79,3,Starting,606.32,717.84
1791922980000000000,2026-10-13T20:23:00Z,controller 1,2.712,6.065,9.73,148.96,204.6,7.87,23.08,100.0,3,Starting,579.1,694.63
1791923040000000000,2026-10-13T20:24:00Z,free response,2.663,6.183,31.61,267.49,576.98,7.84,23.69,100.0,1,Starting,574.02,665.12
1791923100000000000,2026-10-13T20:25:00Z,free response,2.72,5.898,92.94,288.51,52.89,7.82,21.46,100.0,3,Starting,569.4,673.41
1791923160000000000,2026-10-13T20:26:00Z,free response,2.633,6.059,132.86,86.45,501.38,7.8,20.31,100.0,1,Starting,554.74,657.39
1791923220000000000,2026-10-13T20:27:00Z,controller 1,2.75,5.942,103.24,314.05,187.78,7.76,22.0,100.0,2,Starting,505.95,675.8
1791923280000000000,2026-10-13T20:28:00Z,controller 2,2.614,5.497,107.28,72.65,277.18,7.75,19.66,100.0,2,Starting,507.24,685.81
1791923340000000000,2026-10-13T20:29:00Z,controller 1,2.712,6.07,13.28,85.04,497.37,7.74,21.8,100.0,1,Starting,469.16,715.38
1791923400000000000,2026-10-13T20:30:00Z,controller 2,1.675,10.276,178.83,229.18,491.34,7.72,15.17,100.0,3,Starting,444.55,725.92
1791923460000000000,2026-10-13T20:31:00Z,free response,1.722,10.721,27.98,330.67,306.61,7.7,15.18,100.0,3,Starting,420.15,699.43
1791923520000000000,2026-10-13T20:32:00Z,controller 1,1.588,10.784,172.89,45.55,37.88,7.68,14.89,100.0,1,Starting,392.66,699.94
1791923580000000000,2026-10-13T20:33:00Z,controller 2,1.587,10.349,2.19,368.2,361.55,7.67,13.0,100.0,1,Starting,389.28,687.07
1791923640000000000,2026-10-13T20:34:00Z,controller 1,1.729,10.449,101.19,55.38,175.25,7.65,14.94,100.0,1,Starting,431.24,684.8
1791923700000000000,2026-10-13T20:35:00Z,controller 1,1.579,10.445,-6.48,426.31,10.83,7.62,13.73,78.88,1,Starting,429.1,654.99
1791923760000000000,2026-10-13T20:36:00Z,controller 1,1.671,10.624,195.6,230.79,374.31,7.61,13.9,100.0,1,Starting,448.96,666.32
1791923820000000000,2026-10-13T20:37:00Z,controller 2,1.67,10.437,141.17,243.26,537.26,7.6,15.14,100.0,1,Starting,421.26,687.17
1791923880000000000,2026-10-13T20:38:00Z,controller 1,1.577,10.367,178.92,118.35,508.99,7.58,13.73,100.0,3,Starting,393.78,702.22
1791923940000000000,2026-10-13T20:39:00Z,controller 2,1.597,10.264,29.85,418.95,420.96,7.57,14.29,100.0,2,Starting,355.64,715.57
1791924000000000000,2026-10-13T20:40:00Z,free response,1.639,10.196,162.29,157.26,468.01,7.54,14.79,100.0,3,Starting,370.34,734.94
1791924060000000000,2026-10-13T20:41:00Z,controller 2,1.648,10.655,195.79,155.93,90.86,7.53,13.8,100.0,3,Starting,381.51,754.51
1791924120000000000,2026-10-13T20:42:00Z,controller 2,1.6,10.762,185.2,334.72,195.44,7.49,14.2,100.0,2,Starting,423.2,774.24
1791924180000000000,2026-10-13T20:43:00Z,controller 1,1.728,10.172,-1.25,352.82,396.76,7.47,16.17,100.0,2,Starting,379.52,761.87
1791924240000000000,2026-10-13T20:44:00Z,free response,1.623,10.43,145.09,310.66,155.8,7.46,14.33,100.0,2,Starting,417.0,764.01
1791924300000000000,2026-10-13T20:45:00Z,free response,1.62,10.195,96.81,129.62,563.09,7.44,13.27,100.0,1,Starting,390.66,741.01
1791924360000000000,2026-10-13T20:46:00Z,free response,1.648,10.271,170.28,240.43,152.26,7.42,14.53,100.0,3,Starting,353.3,757.94
1791924420000000000,2026-10-13T20:47:00Z,controller 2,1.669,10.525,46.0,77.68,273.68,7.39,15.46,100.0,3,Starting,353.76,748.83
1791924480000000000,2026-10-13T20:48:00Z,controller 1,1.668,10.817,80.23,245.09,306.12,7.38,15.34,100.0,1,Starting,343.29,736.9
1791924540000000000,2026-10-13T20:49:00Z,free response,1.671,10.379,79.8,411.38,163.61,7.35,14.25,100.0,1,Starting,319.33,761.3
1791924600000000000,2026-10-13T20:50:00Z,controller 2,1.746,10.608,-6.85,117.21,80.36,7.32,17.34,100.0,1,Starting,333.92,770.77
1791924660000000000,2026-10-13T20:51:00Z,free response,1.686,10.285,61.98,85.71,328.68,7.31,13.46,100.0,3,Starting,340.25,784.48
1791924720000000000,2026-10-13T20:52:00Z,controller 1,1.73,10.174,163.25,130.2,199.88,7.3,13.93,100.0,2,Starting,329.37,780.96
1791924780000000000,2026-10-13T20:53:00Z,controller 1,1.649,10.654,99.71,69.23,492.05,7.27,13.2,100.0,2,Starting,377.19,772.85
1791924840000000000,2026-10-13T20:54:00Z,controller 2,1.744,10.738,194.94,210.94,424.51,7.25,16.51,100.0,3,Starting,411.46,795.61
1791924900000000000,2026-10-13T20:55:00Z,controller 2,1.736,10.478,86.15,247.73,83.97,7.25,14.43,100.0,3,Starting,411.26,770.65
1791924960000000000,2026-10-13T20:56:00Z,free response,1.73,10.889,89.77,219.84,32.04,7.23,15.08,100.0,3,Starting,454.74,758.58
1791925020000000000,2026-10-13T20:57:00Z,controller 1,1.733,10.608,106.11,33.17,47.13,7.22,17.02,100.0,1,Starting,503.03,785.15
1791925080000000000,2026-10-13T20:58:00Z,controller 1,1.643,10.876,12.61,294.27,233.23,7.2,15.58,100.0,1,Starting,496.86,767.73
1791925140000000000,2026-10-13T20:59:00Z,controller 2,1.742,10.565,7.96,339.66,430.27,7.17,17.3,100.0,2,Starting,502.7,778.06
1791925200000000000,2026-10-13T21:00:00Z,controller 2,2.417,10.443,104.02,428.73,84.43,7.16,27.63,100.0,2,Starting,456.06,789.1
1791925260000000000,2026-10-13T21:01:00Z,free response,2.376,10.471,-24.78,373.74,468.64,7.16,31.95,100.0,1,Starting,491.72,787.46
1791925320000000000,2026-10-13T21:02:00Z,controller 2,2.409,10.937,129.17,123.84,484.26,7.12,31.92,100.0,1,Starting,519.43,812.04
1791925380000000000,2026-10-13T21:03:00Z,controller 2,2.402,10.238,107.63,21.37,451.21,7.12,29.98,100.0,3,Starting,531.85,837.92
1791925440000000000,2026-10-13T21:04:00Z,controller 1,2.449,10.655,168.72,16.02,320.17,7.09,29.29,100.0,1,Starting,487.36,827.69
1791925500000000000,2026-10-13T21:05:00Z,free response,2.361,10.82,153.77,168.89,105.55,7.07,31.73,100.0,2,Starting,499.84,822.43
1791925560000000000,2026-10-13T21:06:00Z,controller 1,2.371,10.764,160.16,235.01,161.45,7.06,28.32,100.0,3,Starting,520.1,850.52
1791925620000000000,2026-10-13T21:07:00Z,free response,2.509,10.812,97.59,321.02,422.06,7.04,33.71,100.0,2,Starting,519.93,876.5
1791925680000000000,2026-10-13T21:08:00Z,controller 1,2.518,10.511,51.68,156.09,318.94,7.01,34.95,100.0,2,Starting,474.3,866.88
1791925740000000000,2026-10-13T21:09:00Z,free response,2.504,10.724,130.81,263.29,436.52,6.98,33.29,100.0,3,Starting,475.8,850.81
1791925800000000000,2026-10-13T21:10:00Z,controller 1,2.517,10.878,71.84,240.87,436.22,6.97,36.7,100.0,1,Starting,724.01,527.23
1791925860000000000,2026-10-13T21:11:00Z,controller 1,2.434,10.969,140.24,153.13,44.96,6.94,33.12,100.0,1,Starting,719.88,521.43
1791925920000000000,2026-10-13T21:12:00Z,free response,2.443,10.263,54.23,216.35,213.17,6.92,28.08,100.0,1,Starting,671.25,528.4
1791925980000000000,2026-10-13T21:13:00Z,controller 2,2.522,10.556,154.97,292.72,305.35,6.9,34.51,100.0,1,Starting,693.94,510.63
1791926040000000000,2026-10-13T21:14:00Z,controller 2,2.414,10.826,75.09,369.53,6.81,6.88,32.29,21.09,1,Starting,711.39,496.34
1791926100000000000,2026-10-13T21:15:00Z,controller 1,2.481,10.964,3.37,227.47,348.21,6.84,30.78,100.0,3,Starting,668.84,502.93
1791926160000000000,2026-10-13T21:16:00Z,controller 2,2.525,10.793,89.88,295.33,507.7,6.81,31.0,100.0,2,Starting,985.77,885.18
1791926220000000000,2026-10-13T21:17:00Z,controller 1,2.356,10.408,65.57,327.79,240.94,6.81,31.45,100.0,2,Starting,990.7,912.18
1791926280000000000,2026-10-13T21:18:00Z,controller 1,2.38,10.975,28.12,393.66,440.81,6.78,31.32,100.0,3,Starting,505.55,684.77
1791926340000000000,2026-10-13T21:19:00Z,free response,2.467,10.312,88.25,44.15,456.68,6.77,33.95,100.0,3,Starting,473.41,712.77
1791926400000000000,2026-10-13T21:20:00Z,controller 1,2.512,10.814,107.94,350.4,161.67,6.76,35.0,100.0,1,Starting,776.46,785.56
1791926460000000000,2026-10-13T21:21:00Z,free response,2.392,10.401,55.87,56.67,167.1,6.75,27.78,100.0,2,Starting,760.1,806.83
1791926520000000000,2026-10-13T21:22:00Z,controller 2,2.422,10.617,-29.38,89.77,123.35,6.73,28.22,100.0,2,Starting,728.67,819.89
1791926580000000000,2026-10-13T21:23:00Z,controller 1,2.47,10.637,36.38,140.95,191.36,6.71,31.15,100.0,1,Starting,767.44,828.08
1791926640000000000,2026-10-13T21:24:00Z,controller 2,2.442,10.626,34.31,238.45,172.85,6.68,29.39,100.0,2,Starting,719.77,839.05
1791926700000000000,2026-10-13T21:25:00Z,controller 1,2.44,10.462,63.42,73.71,165.06,6.67,30.76,100.0,3,Starting,760.85,855.85
1791926760000000000,2026-10-13T21:26:00Z,free response,2.357,10.461,194.54,172.28,127.87,6.65,30.65,100.0,3,Starting,784.18,841.64
1791926820000000000,2026-10-13T21:27:00Z,controller 1,2.434,10.365,99.49,378.64,206.67,6.62,31.05,100.0,1,Starting,802.74,815.25
1791926880000000000,2026-10-13T21:28:00Z,controller 1,2.497,10.955,161.22,369.21,577.05,6.61,35.23,100.0,1,Starting,814.56,825.02
1791926940000000000,2026-10-13T21:29:00Z,controller 2,2.463,10.722,-19.42,105.2,111.36,6.59,34.49,100.0,1,Starting,816.96,842.65
1791927000000000000,2026-10-13T21:30:00Z,controller 1,2.733,9.993,22.26,17.65,298.08,6.58,40.33,100.0,1,Starting,778.78,827.09
1791927060000000000,2026-10-13T21:31:00Z,free response,2.769,9.685,149.27,219.17,298.14,6.55,37.42,100.0,2,Starting,797.4,812.91
1791927120000000000,2026-10-13T21:32:00Z,controller 1,2.757,9.888,151.64,134.9,573.42,6.53,35.82,100.0,3,Starting,842.09,840.15
1791927180000000000,2026-10-13T21:33:00Z,free response,2.615,9.867,96.49,344.4,292.72,6.51,35.96,100.0,3,Starting,854.36,811.4
1791927240000000000,2026-10-13T21:34:00Z,controller 2,2.675,10.122,97.71,48.97,341.82,6.51,36.56,100.0,3,Starting,824.33,799.99
1791927300000000000,2026-10-13T21:35:00Z,controller 1,2.706,9.701,53.14,295.23,183.91,6.49,33.3,100.0,3,Starting,795.75,818.77
1791927360000000000,2026-10-13T21:36:00Z,controller 2,2.612,10.197,7.05,333.55,423.23,6.47,32.67,100.0,1,Starting,836.77,790.9
1791927420000000000,2026-10-13T21:37:00Z,controller 2,2.78,10.36,25.54,233.84,237.72,6.45,43.67,100.0,2,Starting,806.96,761.28
1791927480000000000,2026-10-13T21:38:00Z,controller 2,2.741,10.133,138.06,430.14,599.51,6.44,41.14,100.0,1,Starting,1186.5,747.3
1791927540000000000,2026-10-13T21:39:00Z,controller 1,2.611,9.739,125.27,2.95,56.38,6.42,34.48,100.0,1,Starting,1138.18,718.09
1791927600000000000,2026-10-13T21:40:00Z,free response,2.739,9.838,61.87,217.91,496.02,6.39,39.21,100.0,1,Starting,1141.35,713.55
1791927660000000000,2026-10-13T21:41:00Z,controller 2,2.773,9.95,135.94,214.01,220.4,6.37,37.88,100.0,1,Starting,1106.08,729.72
1791927720000000000,2026-10-13T21:42:00Z,free response,2.692,10.336,89.39,370.27,254.89,6.36,37.22,100.0,2,Starting,1056.83,700.88
1791927780000000000,2026-10-13T21:43:00Z,free response,2.778,9.808,121.35,325.21,517.31,6.34,39.52,100.0,3,Starting,1035.35,676.31
1791927840000000000,2026-10-13T21:44:00Z,controller 1,2.7,9.806,160.03,388.92,4.35,6.32,38.92,11.18,1,Starting,1047.92,683.83
1791927900000000000,2026-10-13T21:45:00Z,free response,2.641,10.147,198.25,219.61,75.91,6.3,37.32,100.0,1,Starting,1072.99,680.07
1791927960000000000,2026-10-13T21:46:00Z,free response,2.749,9.857,162.41,21.0,431.67,6.29,39.69,100.0,3,Starting,1066.13,686.77
1791928020000000000,2026-10-13T21:47:00Z,controller 2,2.648,10.26,-0.02,103.6,537.21,6.28,34.06,100.0,1,Starting,1104.37,715.24
1791928080000000000,2026-10-13T21:48:00Z,controller 2,2.765,10.229,185.14,6.9,433.18,6.25,41.61,100.0,3,Starting,1143.32,688.12
1791928140000000000,2026-10-13T21:49:00Z,controller 1,2.774,10.283,87.05,275.43,120.54,6.23,37.82,100.0,3,Starting,1113.79,716.32
1791928200000000000,2026-10-13T21:50:00Z,free response,2.628,9.619,81.52,296.41,207.49,6.22,33.67,100.0,3,Starting,1130.13,711.83
1791928260000000000,2026-10-13T21:51:00Z,controller 2,2.639,10.222,22.06,279.86,364.02,6.2,32.35,100.0,3,Starting,1085.5,692.37
1791928320000000000,2026-10-13T21:52:00Z,controller 2,2.643,9.856,182.81,12.49,52.88,6.18,34.86,100.0,1,Starting,1124.16,663.67
1791928380000000000,2026-10-13T21:53:00Z,controller 2,2.782,9.895,195.57,374.49,517.78,6.17,36.45,100.0,2,Starting,1089.73,660.23
1791928440000000000,2026-10-13T21:54:00Z,controller 2,2.675,10.229,157.8,130.46,538.11,6.16,36.35,100.0,2,On,1061.07,648.48
1791928500000000000,2026-10-13T21:55:00Z,controller 2,2.69,10.192,105.21,0.84,4.14,6.16,35.72,11.59,3,On,1012.52,845.78
1791928560000000000,2026-10-13T21:56:00Z,controller 2,2.719,9.93,140.32,194.95,480.2,6.12,40.36,100.0,2,On,1001.56,838.67
1791928620000000000,2026-10-13T21:57:00Z,free response,2.643,9.613,6.22,137.45,387.28,6.09,36.14,100.0,2,On,962.54,841.8
1791928680000000000,2026-10-13T21:58:00Z,controller 1,2.784,9.944,132.49,52.32,210.64,6.07,37.31,100.0,3,On,992.19,851.14
1791928740000000000,2026-10-13T21:59:00Z,controller 2,2.716,10.04,151.03,263.35,385.85,6.04,33.52,100.0,3,On,960.12,844.92
1791928800000000000,2026-10-13T22:00:00Z,free response,2.203,2.398,42.3,285.86,532.53,6.01,6.17,100.0,3,On,997.44,870.65
1791928860000000000,2026-10-13T22:01:00Z,controller 2,2.259,2.206,190.91,253.72,68.92,6.01,5.07,100.0,3,On,1013.03,871.93
1791928920000000000,2026-10-13T22:02:00Z,free response,2.199,2.038,0.55,240.83,199.86,5.99,4.61,100.0,3,On,973.23,881.47
1791928980000000000,2026-10-13T22:03:00Z,controller 2,2.269,2.478,185.07,253.46,515.75,5.97,6.4,100.0,3,On,927.82,875.78
1791929040000000000,2026-10-13T22:04:00Z,controller 1,2.187,2.469,11.67,62.89,253.8,5.96,5.84,100.0,1,On,907.93,852.99
1791929100000000000,2026-10-13T22:05:00Z,free response,2.332,2.222,169.19,31.17,559.03,5.94,6.29,100.0,1,On,879.71,864.52
1791929160000000000,2026-10-13T22:06:00Z,controller 1,2.225,2.543,160.31,101.97,428.95,5.91,5.78,100.0,3,On,862.13,849.79
1791929220000000000,2026-10-13T22:07:00Z,free response,2.181,2.406,27.29,417.2,527.85,5.89,5.94,100.0,1,On,860.78,827.29
1791929280000000000,2026-10-13T22:08:00Z,controller 2,2.356,2.09,188.31,283.07,228.13,5.88,5.51,100.0,1,On,908.24,821.41
1791929340000000000,2026-10-13T22:09:00Z,controller 1,2.189,2.586,53.38,382.58,342.02,5.86,6.04,100.0,2,On,925.56,825.91
1791929400000000000,2026-10-13T22:10:00Z,free response,2.242,2.214,170.08,29.42,291.36,5.85,5.74,100.0,2,On,877.4,806.98
1791929460000000000,2026-10-13T22:11:00Z,controller 2,2.342,2.186,198.68,162.43,178.75,5.83,6.51,100.0,2,On,833.37,786.21
1791929520000000000,2026-10-13T22:12:00Z,free response,2.285,2.24,172.98,102.08,594.01,5.82,6.37,100.0,1,On,825.23,765.72
1791929580000000000,2026-10-13T22:13:00Z,free response,2.264,2.55,161.97,319.98,179.56,5.8,6.1,100.0,3,On,808.15,772.31
1791929640000000000,2026-10-13T22:14:00Z,free response,2.193,2.302,135.86,392.18,535.81,5.78,5.43,100.0,2,On,853.58,798.39
1791929700000000000,2026-10-13T22:15:00Z,controller 2,2.18,2.192,61.28,235.25,525.92,5.76,4.7,100.0,2,On,811.81,808.61
1791929760000000000,2026-10-13T22:16:00Z,controller 1,2.2,1.966,81.59,16.37,372.86,5.74,5.0,100.0,1,On,803.59,825.25
1791929820000000000,2026-10-13T22:17:00Z,controller 2,2.271,2.104,199.01,58.57,296.24,5.71,5.01,100.0,3,On,782.51,805.25
1791929880000000000,2026-10-13T22:18:00Z,controller 2,2.201,2.624,115.94,198.4,267.83,5.69,6.13,100.0,2,On,753.43,813.16
1791929940000000000,2026-10-13T22:19:00Z,controller 1,2.356,2.606,7.23,332.23,108.5,5.67,6.52,100.0,3,On,757.7,826.67
1791930000000000000,2026-10-13T22:20:00Z,controller 1,2.187,2.222,178.59,255.28,516.56,5.66,5.23,100.0,2,On,758.56,843.37
1791930060000000000,2026-10-13T22:21:00Z,free response,2.188,2.547,125.95,402.01,450.77,5.63,5.84,100.0,1,On,768.93,858.41
1791930120000000000,2026-10-13T22:22:00Z,controller 1,2.189,2.141,155.74,226.98,142.43,5.62,5.01,100.0,2,On,993.64,338.75
1791930180000000000,2026-10-13T22:23:00Z,free response,2.198,2.383,115.93,189.28,37.02,5.61,5.33,100.0,3,On,959.7,324.27
1791930240000000000,2026-10-13T22:24:00Z,controller 2,2.335,2.585,117.28,440.44,291.42,5.58,7.23,100.0,1,On,958.03,333.74
1791930300000000000,2026-10-13T22:25:00Z,free response,2.24,1.945,8.27,405.53,515.71,5.56,4.6,100.0,3,On,982.38,324.72
1791930360000000000,2026-10-13T22:26:00Z,controller 1,2.182,2.394,25.08,182.67,457.42,5.53,5.23,100.0,3,On,1017.15,297.31
1791930420000000000,2026-10-13T22:27:00Z,controller 2,2.287,2.444,175.14,199.68,258.7,5.52,6.99,100.0,3,On,1027.56,307.83
1791930480000000000,2026-10-13T22:28:00Z,free response,2.224,2.098,197.12,93.26,32.53,5.5,5.63,100.0,1,On,1037.18,290.6
1791930540000000000,2026-10-13T22:29:00Z,controller 1,2.241,2.154,186.06,423.59,307.59,5.49,5.54,100.0,3,On,1076.04,287.92
1791930600000000000,2026-10-13T22:30:00Z,free response,0.804,8.73,10.19,398.23,45.62,5.46,2.73,100.0,2,On,1047.26,315.55
1791930660000000000,2026-10-13T22:31:00Z,controller 1,0.865,8.763,199.39,360.71,81.0,5.44,3.52,100.0,2,On,1008.52,287.58
1791930720000000000,2026-10-13T22:32:00Z,free response,0.738,8.831,123.54,162.07,358.56,5.43,2.5,100.0,2,On,962.09,296.02
1791930780000000000,2026-10-13T22:33:00Z,controller 2,0.778,8.351,118.83,91.16,400.42,5.41,2.67,100.0,2,On,990.42,315.99
1791930840000000000,2026-10-13T22:34:00Z,free response,0.749,8.319,-10.92,173.92,417.01,5.39,2.19,100.0,1,On,1033.73,337.39
1791930900000000000,2026-10-13T22:35:00Z,controller 2,0.744,8.818,113.98,41.91,343.12,5.38,2.68,100.0,1,On,1346.16,596.9
1791930960000000000,2026-10-13T22:36:00Z,controller 1,0.783,8.601,-20.4,340.93,128.65,5.36,2.85,100.0,3,On,1323.83,600.79
1791931020000000000,2026-10-13T22:37:00Z,controller 2,0.855,8.445,57.31,81.56,77.77,5.36,3.17,100.0,3,On,1336.5,585.06
1791931080000000000,2026-10-13T22:38:00Z,free response,0.788,8.307,75.18,37.49,457.68,5.32,2.45,100.0,3,On,1333.86,591.08
1791931140000000000,2026-10-13T22:39:00Z,free response,0.829,8.59,183.19,344.69,282.04,5.31,2.66,100.0,2,On,1372.41,594.31
1791931200000000000,2026-10-13T22:40:00Z,controller 1,0.863,8.3,55.54,422.22,336.86,5.29,3.04,100.0,1,On,1415.24,586.34
1791931260000000000,2026-10-13T22:41:00Z,controller 1,0.723,8.546,58.54,235.53,502.09,5.28,2.35,100.0,1,On,1422.99,595.28
1791931320000000000,2026-10-13T22:42:00Z,controller 1,0.822,8.507,-0.36,267.98,474.05,5.26,2.97,100.0,1,On,1391.81,595.63
1791931380000000000,2026-10-13T22:43:00Z,controller 2,0.77,8.818,161.41,295.97,404.41,5.25,2.85,100.0,2,On,1390.78,576.11
1791931440000000000,2026-10-13T22:44:00Z,free response,0.86,8.147,59.16,55.56,313.16,5.22,3.31,100.0,3,On,1408.41,592.64
1791931500000000000,2026-10-13T22:45:00Z,free response,0.769,8.509,18.17,401.46,96.67,5.2,2.35,100.0,1,On,1457.17,563.27
1791931560000000000,2026-10-13T22:46:00Z,controller 1,0.696,8.757,124.7,251.18,516.61,5.19,2.04,100.0,3,On,1500.0,553.36
1791931620000000000,2026-10-13T22:47:00Z,free response,0.782,8.684,10.16,397.65,532.14,5.16,2.45,100.0,2,On,1457.44,542.68
1791931680000000000,2026-10-13T22:48:00Z,controller 2,0.732,8.358,25.43,13.98,214.19,5.14,2.31,100.0,2,On,1430.75,531.33
1791931740000000000,2026-10-13T22:49:00Z,free response,0.86,8.124,96.37,331.27,156.12,5.11,2.72,100.0,3,On,1452.45,502.95
1791931800000000000,2026-10-13T22:50:00Z,controller 2,0.791,8.832,184.99,409.1,562.66,5.08,2.65,100.0,1,On,1433.15,517.58
1791931860000000000,2026-10-13T22:51:00Z,controller 2,0.717,8.169,141.12,107.12,152.89,5.06,2.08,100.0,2,On,1418.14,512.21
1791931920000000000,2026-10-13T22:52:00Z,controller 1,0.769,8.775,-8.09,55.69,231.9,5.05,2.55,100.0,1,On,1381.98,484.71
1791931980000000000,2026-10-13T22:53:00Z,controller 1,0.842,8.11,171.68,414.19,525.28,5.02,3.1,100.0,3,On,1355.26,503.38
1791932040000000000,2026-10-13T22:54:00Z,controller 1,0.719,8.639,22.31,151.92,120.65,4.99,2.24,100.0,3,On,1394.03,530.77
1791932100000000000,2026-10-13T22:55:00Z,free response,0.717,8.81,144.16,95.09,570.14,4.96,2.24,100.0,3,On,1415.86,513.62
1791932160000000000,2026-10-13T22:56:00Z,controller 1,0.779,8.443,193.78,312.63,103.38,4.94,2.48,100.0,3,On,1420.33,517.76
1791932220000000000,2026-10-13T22:57:00Z,controller 2,0.72,8.514,11.34,429.51,267.41,4.93,2.02,100.0,3,On,1452.88,515.41
1791932280000000000,2026-10-13T22:58:00Z,controller 2,0.791,8.094,-22.33,36.73,591.96,4.91,2.32,100.0,1,On,1500.0,517.23
1791932340000000000,2026-10-13T22:59:00Z,controller 1,0.848,8.697,159.79,130.34,188.64,4.87,3.15,100.0,3,On,1458.48,512.51
1791932400000000000,2026-10-13T23:00:00Z,controller 2,2.491,8.083,160.34,298.73,94.22,4.84,25.68,100.0,1,On,1500.0,521.36
1791932460000000000,2026-10-13T23:01:00Z,controller 1,2.583,8.098,-2.36,121.35,408.33,4.83,29.14,100.0,1,On,1500.0,536.21
1791932520000000000,2026-10-13T23:02:00Z,free response,2.489,7.903,-26.79,80.6,372.16,4.79,26.3,100.0,3,On,1460.97,568.96
1791932580000000000,2026-10-13T23:03:00Z,controller 2,2.413,8.234,56.81,319.32,214.13,4.76,24.43,100.0,1,On,1466.1,579.02
1791932640000000000,2026-10-13T23:04:00Z,controller 2,2.587,8.03,-23.62,391.09,304.19,4.73,24.58,100.0,1,On,1497.49,597.26
1791932700000000000,2026-10-13T23:05:00Z,controller 1,2.488,7.882,6.13,15.53,187.35,4.72,22.85,100.0,2,On,534.23,731.81
1791932760000000000,2026-10-13T23:06:00Z,controller 2,2.418,7.975,44.89,112.87,209.72,4.71,21.05,100.0,3,On,547.83,723.07
1791932820000000000,2026-10-13T23:07:00Z,free response,2.464,8.302,63.19,315.15,85.56,4.7,22.96,100.0,2,On,555.86,698.87
1791932880000000000,2026-10-13T23:08:00Z,free response,2.469,8.087,170.51,156.31,364.45,4.69,23.72,100.0,3,On,529.85,707.06
1791932940000000000,2026-10-13T23:09:00Z,controller 1,2.457,7.936,118.03,439.9,160.88,4.68,22.34,100.0,1,On,548.83,729.86
1791933000000000000,2026-10-13T23:10:00Z,controller 2,2.498,8.381,-24.1,197.97,232.71,4.66,27.1,100.0,2,On,549.74,700.09
1791933060000000000,2026-10-13T23:11:00Z,controller 1,2.451,7.879,149.11,208.24,298.24,4.64,24.9,100.0,2,On,1349.48,692.41
1791933120000000000,2026-10-13T23:12:00Z,controller 1,2.546,8.473,173.65,169.41,108.1,4.63,29.45,100.0,2,On,1345.74,698.76
1791933180000000000,2026-10-13T23:13:00Z,free response,2.43,8.304,15.05,239.43,400.73,4.62,26.94,100.0,2,On,1309.64,683.96
1791933240000000000,2026-10-13T23:14:00Z,controller 1,2.485,7.855,10.05,236.15,369.37,4.6,24.0,100.0,2,On,1269.55,684.3
1791933300000000000,2026-10-13T23:15:00Z,controller 1,2.425,7.967,81.84,204.34,268.46,4.59,23.33,100.0,3,On,1290.26,680.02
1791933360000000000,2026-10-13T23:16:00Z,free response,2.438,8.373,183.7,428.97,596.91,4.55,26.64,100.0,2,On,1304.43,652.26
1791933420000000000,2026-10-13T23:17:00Z,controller 2,2.51,8.149,22.23,71.08,223.88,4.54,26.78,100.0,3,On,1282.77,676.57
1791933480000000000,2026-10-13T23:18:00Z,controller 1,2.57,7.818,131.99,402.49,365.62,4.51,28.32,100.0,3,On,1329.41,668.5
1791933540000000000,2026-10-13T23:19:00Z,controller 2,2.439,8.037,25.42,26.41,122.77,4.48,21.88,100.0,2,On,1337.98,647.65
1791933600000000000,2026-10-13T23:20:00Z,free response,2.498,8.445,78.51,166.18,508.9,4.47,28.11,100.0,3,On,1312.0,658.07
1791933660000000000,2026-10-13T23:21:00Z,free response,2.504,8.13,139.43,365.86,117.9,4.45,27.12,100.0,2,On,1331.53,638.74
1791933720000000000,2026-10-13T23:22:00Z,controller 1,2.572,8.493,167.66,30.23,205.69,4.42,26.81,100.0,3,On,1343.03,659.76
1791933780000000000,2026-10-13T23:23:00Z,controller 1,2.463,7.966,74.33,250.63,142.8,4.41,24.45,100.0,2,On,1296.21,669.69
1791933840000000000,2026-10-13T23:24:00Z,free response,2.495,8.351,-20.87,273.93,500.21,4.4,26.76,100.0,1,On,1282.89,687.23
1791933900000000000,2026-10-13T23:25:00Z,controller 2,2.471,8.275,69.06,164.12,394.38,4.38,26.13,100.0,3,On,1237.84,681.51
1791933960000000000,2026-10-13T23:26:00Z,controller 2,2.516,8.031,195.08,311.32,244.79,4.36,23.74,100.0,2,On,1280.41,691.07
1791934020000000000,2026-10-13T23:27:00Z,controller 1,2.556,8.366,129.13,278.12,333.97,4.34,28.73,100.0,2,On,1316.09,710.33
1791934080000000000,2026-10-13T23:28:00Z,controller 2,2.513,7.981,138.8,42.68,77.76,4.33,25.27,100.0,1,On,1342.97,708.9
1791934140000000000,2026-10-13T23:29:00Z,controller 1,2.536,8.294,177.9,132.3,270.08,4.32,29.27,100.0,3,On,1360.44,687.01
1791934200000000000,2026-10-13T23:30:00Z,controller 1,0.986,7.589,193.48,244.01,465.09,4.31,3.96,100.0,1,On,1387.17,677.92
1791934260000000000,2026-10-13T23:31:00Z,free response,1.109,7.446,122.24,131.46,465.83,4.3,4.18,100.0,3,On,1388.11,675.77
1791934320000000000,2026-10-13T23:32:00Z,controller 1,1.139,7.937,-20.47,147.71,437.81,4.28,5.4,100.0,1,On,1351.05,704.17
1791934380000000000,2026-10-13T23:33:00Z,controller 2,1.094,7.497,15.02,190.96,533.83,4.26,4.71,100.0,2,On,1356.77,691.84
1791934440000000000,2026-10-13T23:34:00Z,controller 1,0.994,7.805,2.06,181.0,413.24,4.23,3.7,100.0,2,On,1395.39,688.24
1791934500000000000,2026-10-13T23:35:00Z,controller 2,1.105,7.927,173.25,190.82,444.69,4.21,5.31,100.0,3,On,1365.82,679.65
1791934560000000000,2026-10-13T23:36:00Z,controller 1,1.092,7.339,132.75,441.88,495.45,4.19,4.24,100.0,3,On,1404.85,667.82
1791934620000000000,2026-10-13T23:37:00Z,free response,1.047,8.066,111.06,5.01,358.62,4.17,4.02,100.0,2,On,1437.79,653.53
1791934680000000000,2026-10-13T23:38:00Z,controller 2,1.092,7.934,78.81,339.45,29.46,4.15,4.68,100.0,3,On,1466.11,670.01
1791934740000000000,2026-10-13T23:39:00Z,free response,1.142,7.325,66.29,402.25,467.49,4.14,4.71,100.0,2,On,1437.38,670.23
1791934800000000000,2026-10-13T23:40:00Z,controller 2,1.081,7.478,118.85,352.31,266.78,4.1,4.42,100.0,1,On,1389.92,658.82
1791934860000000000,2026-10-13T23:41:00Z,controller 1,1.112,7.731,163.6,285.02,119.36,4.09,4.56,100.0,2,On,1432.16,684.47
1791934920000000000,2026-10-13T23:42:00Z,controller 1,1.03,7.703,76.55,351.56,117.08,4.07,4.34,100.0,2,On,1450.08,673.67
1791934980000000000,2026-10-13T23:43:00Z,free response,1.022,7.914,173.78,256.07,528.72,4.04,4.29,100.0,2,Starting,1468.84,659.65
1791935040000000000,2026-10-13T23:44:00Z,controller 1,1.124,7.757,88.25,442.01,112.03,4.03,4.5,100.0,1,Starting,1482.33,674.34
1791935100000000000,2026-10-13T23:45:00Z,controller 1,1.157,7.718,139.83,252.24,566.66,4.0,4.99,100.0,1,Starting,1288.68,506.86
1791935160000000000,2026-10-13T23:46:00Z,controller 2,1.075,7.588,16.72,353.23,74.31,3.98,4.56,100.0,1,Starting,1269.87,521.25
1791935220000000000,2026-10-13T23:47:00Z,controller 1,1.124,7.697,124.78,444.1,346.69,3.96,4.69,100.0,2,Starting,1266.45,522.05
1791935280000000000,2026-10-13T23:48:00Z,controller 1,1.081,7.427,168.95,411.89,121.21,3.94,4.72,100.0,2,Starting,1279.46,540.66
1791935340000000000,2026-10-13T23:49:00Z,controller 1,1.123,7.783,147.04,399.82,20.53,3.93,4.54,100.0,3,Starting,1325.38,533.13
1791935400000000000,2026-10-13T23:50:00Z,controller 2,1.063,7.503,89.73,84.66,591.56,3.92,4.33,100.0,2,Starting,1319.69,539.86
1791935460000000000,2026-10-13T23:51:00Z,controller 2,1.054,8.046,34.4,364.43,426.12,3.89,4.05,100.0,1,Starting,1294.0,810.4
1791935520000000000,2026-10-13T23:52:00Z,free response,1.113,7.311,55.63,200.86,9.3,3.87,4.56,100.0,3,Starting,1268.44,823.9
1791935580000000000,2026-10-13T23:53:00Z,controller 1,1.011,7.992,11.87,264.74,91.37,3.86,4.47,100.0,3,Starting,1265.29,801.05
1791935640000000000,2026-10-13T23:54:00Z,free response,0.995,7.447,93.06,299.79,20.26,3.83,3.41,100.0,3,Starting,1245.58,809.85
1791935700000000000,2026-10-13T23:55:00Z,controller 1,1.044,7.838,46.76,325.7,115.32,3.81,4.01,100.0,3,Starting,1294.54,787.41
1791935760000000000,2026-10-13T23:56:00Z,controller 1,1.079,7.752,-13.95,382.49,447.46,3.79,4.1,100.0,1,Starting,1318.64,793.96
1791935820000000000,2026-10-13T23:57:00Z,free response,0.981,7.739,123.29,195.09,298.44,3.77,3.94,100.0,3,Starting,1333.11,788.17
1791935880000000000,2026-10-13T23:58:00Z,controller 1,1.141,7.608,53.79,354.01,324.14,3.75,4.92,100.0,1,Starting,1286.89,773.83
1791935940000000000,2026-10-13T23:59:00Z,free response,0.991,7.653,158.9,34.36,40.06,3.74,3.65,100.0,3,Starting,1264.91,773.64
