timestamp_ns,timestamp_iso,controller,hs,tp,avg_power,power_in,power_out,battery_pct,sea_state_energy,efficiency,peaks,nextwave,nextwave_error,nextwave_error_2
1792627200000000000,2026-10-22T00:00:00Z,free response,1.747,5.061,82.92,1.32,596.34,26.99,7.67,100.0,1,On,473.26,931.08
1792627260000000000,2026-10-22T00:01:00Z,controller 2,1.778,5.345,116.95,30.49,475.2,26.97,8.07,100.0,1,On,471.39,931.07
1792627320000000000,2026-10-22T00:02:00Z,controller 2,1.68,5.353,-3.99,321.75,103.91,26.93,7.41,100.0,2,On,428.27,910.37
1792627380000000000,2026-10-22T00:03:00Z,free response,1.791,5.036,39.8,173.41,157.22,26.92,8.19,100.0,3,On,381.0,897.63
1792627440000000000,2026-10-22T00:04:00Z,controller 1,1.692,5.24,41.55,205.22,139.27,26.9,7.58,100.0,1,On,407.45,896.76
1792627500000000000,2026-10-22T00:05:00Z,controller 2,1.681,5.305,2.23,330.87,190.09,26.89,7.82,100.0,2,On,389.44,902.19
1792627560000000000,2026-10-22T00:06:00Z,controller 1,1.76,4.866,174.47,340.36,100.93,26.85,6.84,100.0,3,On,393.84,926.83
1792627620000000000,2026-10-22T00:07:00Z,controller 1,1.695,5.013,64.61,156.7,281.73,26.84,7.89,100.0,2,On,435.91,912.73
1792627680000000000,2026-10-22T00:08:00Z,free response,1.744,4.952,132.73,411.07,344.58,26.82,7.39,100.0,3,On,409.12,933.76
1792627740000000000,2026-10-22T00:09:00Z,controller 2,1.755,4.968,142.48,273.08,171.52,26.79,6.97,100.0,2,On,390.22,918.9
1792627800000000000,2026-10-22T00:10:00Z,controller 1,1.762,5.076,160.04,36.53,259.2,26.76,7.8,100.0,2,On,1169.97,411.75
1792627860000000000,2026-10-22T00:11:00Z,controller 2,1.619,5.263,49.35,317.98,202.84,26.75,6.78,100.0,1,On,568.56,742.9
1792627920000000000,2026-10-22T00:12:00Z,controller 1,1.791,4.712,66.07,38.0,267.68,26.72,8.23,100.0,1,On,593.68,767.97
1792627980000000000,2026-10-22T00:13:00Z,controller 2,1.624,5.021,59.47,345.4,446.04,26.7,6.0,100.0,1,On,577.83,784.32
1792628040000000000,2026-10-22T00:14:00Z,controller 1,1.731,4.897,-25.55,168.8,439.01,26.67,6.82,100.0,2,On,1252.87,369.96
1792628100000000000,2026-10-22T00:15:00Z,free response,1.793,4.856,111.22,222.87,320.0,26.65,8.25,100.0,3,On,1219.56,356.43
1792628160000000000,2026-10-22T00:16:00Z,controller 2,1.675,5.201,186.89,240.5,229.46,26.64,7.29,100.0,1,On,1265.21,353.26
1792628220000000000,2026-10-22T00:17:00Z,controller 2,1.764,4.832,116.64,413.13,390.88,26.61,8.08,100.0,2,On,1309.36,382.93
1792628280000000000,2026-10-22T00:18:00Z,controller 2,1.712,5.373,104.68,218.55,351.44,26.6,8.33,100.0,1,On,1343.63,392.85
1792628340000000000,2026-10-22T00:19:00Z,controller 2,1.735,4.765,-29.82,122.83,110.29,26.58,6.95,100.0,2,On,1377.36,376.52
1792628400000000000,2026-10-22T00:20:00Z,controller 1,1.741,5.297,160.34,92.75,158.35,26.55,7.67,100.0,1,On,1390.73,377.11
1792628460000000000,2026-10-22T00:21:00Z,controller 1,1.654,5.407,163.24,295.74,244.8,26.54,7.44,100.0,2,On,1422.39,406.58
1792628520000000000,2026-10-22T00:22:00Z,controller 1,1.77,5.389,197.79,277.66,104.12,26.52,8.62,100.0,3,On,1440.18,423.66
1792628580000000000,2026-10-22T00:23:00Z,controller 1,1.707,5.35,-5.9,69.72,220.62,26.49,8.3,100.0,2,On,1444.6,395.66
1792628640000000000,2026-10-22T00:24:00Z,controller 1,1.757,5.329,140.05,43.95,434.44,26.46,8.44,100.0,1,On,1436.68,413.64
1792628700000000000,2026-10-22T00:25:00Z,free response,1.624,4.738,12.68,68.47,136.42,26.44,5.91,100.0,1,On,1449.63,389.88
1792628760000000000,2026-10-22T00:26:00Z,controller 2,1.715,4.919,-0.61,146.02,587.15,26.42,7.29,100.0,3,On,1482.2,364.8
1792628820000000000,2026-10-22T00:27:00Z,controller 2,1.689,4.912,-6.79,370.2,590.95,26.4,7.7,100.0,1,On,1442.39,354.05
1792628880000000000,2026-10-22T00:28:00Z,controller 2,1.677,4.8,194.01,46.24,423.1,26.39,7.2,100.0,2,On,1439.06,346.93
1792628940000000000,2026-10-22T00:29:00Z,free response,1.66,4.722,53.77,155.57,171.89,26.37,6.6,100.0,1,On,1443.0,341.12
1792629000000000000,2026-10-22T00:30:00Z,controller 2,2.967,8.454,163.27,295.11,554.94,26.33,37.21,100.0,3,On,1391.66,606.92
1792629060000000000,2026-10-22T00:31:00Z,controller 1,2.849,7.973,141.06,182.86,386.18,26.31,30.76,100.0,1,On,1404.2,585.09
1792629120000000000,2026-10-22T00:32:00Z,free response,2.993,8.424,199.25,121.97,112.44,26.3,38.64,100.0,3,On,1357.12,577.29
1792629180000000000,2026-10-22T00:33:00Z,controller 2,2.941,7.943,174.35,129.75,220.53,26.29,30.97,100.0,2,On,1393.46,557.63
1792629240000000000,2026-10-22T00:34:00Z,free response,3,8.542,5.84,387.62,563.37,26.28,37.71,100.0,3,On,1349.61,536.4
1792629300000000000,2026-10-22T00:35:00Z,free response,2.868,8.192,19.09,427.84,592.28,26.26,31.93,100.0,1,On,1361.21,543.84
1792629360000000000,2026-10-22T00:36:00Z,controller 1,2.867,8.206,7.31,165.33,274.88,26.25,37.05,100.0,1,On,1327.97,531.42
1792629420000000000,2026-10-22T00:37:00Z,controller 1,3.0,8.375,179.09,304.08,71.6,26.23,35.59,100.0,3,On,1351.36,537.68
1792629480000000000,2026-10-22T00:38:00Z,controller 1,3,8.642,49.93,13.22,525.58,26.22,35.5,100.0,1,On,1337.23,545.32
1792629540000000000,2026-10-22T00:39:00Z,free response,2.946,8.279,70.83,20.19,340.91,26.2,35.49,100.0,2,On,1300.69,519.64
1792629600000000000,2026-10-22T00:40:00Z,controller 1,2.946,8.179,112.29,374.58,534.27,26.19,34.19,100.0,3,On,1294.53,492.06
1792629660000000000,2026-10-22T00:41:00Z,controller 1,2.932,8.062,141.89,423.21,147.22,26.16,33.5,100.0,3,On,1281.11,494.28
1792629720000000000,2026-10-22T00:42:00Z,controller 2,2.92,8.152,152.98,5.94,7.94,26.14,37.47,21.19,1,On,1248.33,484.82
1792629780000000000,2026-10-22T00:43:00Z,controller 1,2.929,8.565,33.07,195.69,94.82,26.13,39.32,100.0,3,On,1227.03,476.53
1792629840000000000,2026-10-22T00:44:00Z,controller 2,2.902,8.034,-27.44,349.52,236.23,26.09,36.44,100.0,3,Starting,1219.8,485.08
1792629900000000000,2026-10-22T00:45:00Z,free response,2.949,8.275,57.79,78.47,511.45,26.09,32.54,100.0,3,Starting,1264.93,472.35
1792629960000000000,2026-10-22T00:46:00Z,controller 2,2.955,8.384,33.93,419.56,59.31,26.06,36.32,100.0,1,Starting,1254.89,492.0
1792630020000000000,2026-10-22T00:47:00Z,controller 1,2.996,8.212,78.49,93.63,212.67,26.05,33.28,100.0,1,Starting,1280.2,521.44
1792630080000000000,2026-10-22T00:48:00Z,controller 1,2.855,8.304,-1.88,235.87,351.13,26.04,34.68,100.0,1,Starting,1260.81,547.98
1792630140000000000,2026-10-22T00:49:00Z,controller 1,2.87,8.582,163.75,119.51,15.98,26.03,38.43,41.58,3,Starting,1251.54,576.06
1792630200000000000,2026-10-22T00:50:00Z,free response,2.965,8.237,108.59,58.14,525.45,26.0,33.91,100.0,1,Starting,1270.43,557.38
1792630260000000000,2026-10-22T00:51:00Z,controller 2,2.906,8.01,25.83,421.89,256.34,25.98,32.27,100.0,3,Starting,1255.25,547.15
1792630320000000000,2026-10-22T00:52:00Z,free response,2.853,7.991,33.63,145.28,35.83,25.96,31.11,100.0,3,Starting,1268.31,543.06
1792630380000000000,2026-10-22T00:53:00Z,free response,2.942,8.239,26.61,293.19,317.95,25.94,37.3,100.0,3,Starting,1315.2,513.39
1792630440000000000,2026-10-22T00:54:00Z,controller 1,2.986,8.598,169.96,343.22,354.64,25.91,36.3,100.0,1,Starting,706.54,657.73
1792630500000000000,2026-10-22T00:55:00Z,controller 1,2.988,8.442,122.76,258.29,311.87,25.9,34.93,100.0,1,Starting,716.84,686.94
1792630560000000000,2026-10-22T00:56:00Z,controller 2,2.856,8.238,55.11,292.42,531.96,25.87,35.04,100.0,1,Starting,738.67,712.2
1792630620000000000,2026-10-22T00:57:00Z,controller 2,2.919,7.958,159.23,172.29,27.74,25.85,31.37,88.43,2,Starting,745.67,714.69
1792630680000000000,2026-10-22T00:58:00Z,controller 2,2.965,8.637,160.07,109.21,90.54,25.84,40.4,100.0,1,Starting,733.74,695.24
1792630740000000000,2026-10-22T00:59:00Z,free response,2.901,8.59,148.47,175.26,487.59,25.82,35.45,100.0,2,Starting,763.62,712.77
1792630800000000000,2026-10-22T01:00:00Z,free response,0.923,4.657,-14.05,249.78,402.88,25.81,1.87,100.0,2,Starting,811.17,730.69
1792630860000000000,2026-10-22T01:01:00Z,controller 2,0.886,4.905,130.48,190.92,37.12,25.77,1.84,100.0,1,Starting,832.84,730.6
1792630920000000000,2026-10-22T01:02:00Z,controller 2,0.924,4.954,71.46,222.9,15.47,25.75,2.01,100.0,3,Starting,794.22,754.12
1792630980000000000,2026-10-22T01:03:00Z,controller 2,0.884,4.491,45.35,310.46,450.0,25.73,1.89,100.0,1,Starting,990.44,975.55
1792631040000000000,2026-10-22T01:04:00Z,free response,0.943,4.601,138.68,78.84,253.91,25.69,2.04,100.0,2,Starting,941.4,1000.0
1792631100000000000,2026-10-22T01:05:00Z,free response,0.793,4.266,157.37,186.4,332.26,25.72,1.22,100.0,1,Starting,951.46,994.08
1792631160000000000,2026-10-22T01:06:00Z,controller 2,0.872,4.828,-6.17,36.9,522.53,25.81,1.92,100.0,3,Starting,945.46,1000.0
1792631220000000000,2026-10-22T01:07:00Z,controller 1,0.804,4.355,-4.66,80.36,513.9,25.84,1.54,100.0,3,Starting,986.41,1000.0
1792631280000000000,2026-10-22T01:08:00Z,controller 1,0.907,4.565,89.22,92.74,285.21,25.92,1.84,100.0,2,Starting,1000.35,990.12
1792631340000000000,2026-10-22T01:09:00Z,controller 2,0.8,4.253,30.94,384.11,295.54,25.97,1.43,100.0,3,Starting,1016.25,1000.0
1792631400000000000,2026-10-22T01:10:00Z,free response,0.79,4.934,97.16,103.64,483.99,26.01,1.47,100.0,1,Starting,1032.58,1000.0
1792631460000000000,2026-10-22T01:11:00Z,controller 2,0.792,4.492,154.51,126.37,316.56,26.1,1.49,100.0,1,Starting,506.88,470.35
1792631520000000000,2026-10-22T01:12:00Z,controller 2,0.853,4.904,168.26,98.34,235.47,26.17,1.82,100.0,1,Starting,506.86,442.97
1792631580000000000,2026-10-22T01:13:00Z,controller 2,0.941,4.769,58.68,420.39,188.11,26.25,2.11,100.0,3,Starting,476.48,447.38
1792631640000000000,2026-10-22T01:14:00Z,controller 1,0.883,4.869,112.81,182.28,258.68,26.33,1.86,100.0,3,Starting,439.65,451.96
1792631700000000000,2026-10-22T01:15:00Z,controller 2,0.902,4.409,165.93,344.57,52.27,26.39,1.84,100.0,2,Starting,448.09,435.26
1792631760000000000,2026-10-22T01:16:00Z,free response,0.85,4.278,45.31,223.97,302.8,26.42,1.49,100.0,2,Starting,819.0,655.17
1792631820000000000,2026-10-22T01:17:00Z,free response,0.816,4.67,178.38,289.27,15.48,26.5,1.59,100.0,1,Starting,859.5,664.97
1792631880000000000,2026-10-22T01:18:00Z,controller 2,0.84,4.632,97.0,42.68,9.57,26.54,1.66,100.0,1,On,862.95,661.41
1792631940000000000,2026-10-22T01:19:00Z,controller 1,0.804,4.927,157.82,179.94,338.86,26.59,1.6,100.0,1,On,842.66,677.63
1792632000000000000,2026-10-22T01:20:00Z,controller 2,0.942,4.553,151.98,15.44,162.57,26.65,1.87,100.0,3,On,795.98,677.26
1792632060000000000,2026-10-22T01:21:00Z,controller 2,0.847,4.375,161.72,88.05,155.29,26.73,1.69,100.0,3,On,812.72,667.01
1792632120000000000,2026-10-22T01:22:00Z,controller 1,0.918,4.564,172.33,277.17,223.17,26.75,1.81,100.0,2,On,835.1,696.4
1792632180000000000,2026-10-22T01:23:00Z,free response,0.942,4.274,184.91,26.77,583.36,26.79,2.0,100.0,1,On,802.23,671.68
1792632240000000000,2026-10-22T01:24:00Z,controller 1,0.848,4.324,84.37,325.57,57.12,26.87,1.57,100.0,3,On,824.73,678.99
1792632300000000000,2026-10-22T01:25:00Z,free response,0.801,4.737,121.54,150.79,570.5,26.95,1.55,100.0,3,On,864.62,657.15
1792632360000000000,2026-10-22T01:26:00Z,controller 1,0.806,4.686,159.32,170.63,83.6,26.98,1.61,100.0,3,On,826.43,632.74
1792632420000000000,2026-10-22T01:27:00Z,free response,0.907,4.382,111.91,153.08,102.6,27.03,1.85,100.0,1,On,1359.3,745.03
1792632480000000000,2026-10-22T01:28:00Z,controller 1,0.841,4.347,34.43,132.59,468.06,27.1,1.54,100.0,1,On,1356.67,768.56
1792632540000000000,2026-10-22T01:29:00Z,free response,0.905,4.319,41.0,174.49,227.38,27.13,1.61,100.0,1,On,1344.64,741.1
1792632600000000000,2026-10-22T01:30:00Z,free response,1.544,11.672,137.61,100.26,402.39,27.17,14.29,100.0,1,On,1342.33,723.63
1792632660000000000,2026-10-22T01:31:00Z,controller 2,1.447,11.326,154.01,13.21,508.85,27.21,11.89,100.0,2,On,1303.23,735.46
1792632720000000000,2026-10-22T01:32:00Z,free response,1.486,11.541,-12.48,107.74,358.82,27.25,12.06,100.0,3,On,1328.22,718.43
1792632780000000000,2026-10-22T01:33:00Z,controller 1,1.452,11.632,111.51,136.49,44.13,27.29,12.03,100.0,3,On,1340.28,717.22
1792632840000000000,2026-10-22T01:34:00Z,free response,1.521,11.763,25.2,275.5,206.05,27.33,13.5,100.0,3,On,1321.72,725.16
1792632900000000000,2026-10-22T01:35:00Z,controller 1,1.438,11.532,143.9,96.12,434.64,27.41,11.67,100.0,1,On,1327.26,746.04
1792632960000000000,2026-10-22T01:36:00Z,controller 1,1.465,11.53,161.58,362.76,32.74,27.48,13.19,100.0,1,On,1323.0,766.73
1792633020000000000,2026-10-22T01:37:00Z,controller 1,1.587,11.543,65.23,184.86,32.32,27.53,15.46,100.0,2,On,1359.17,767.86
1792633080000000000,2026-10-22T01:38:00Z,controller 2,1.486,11.878,88.55,41.14,169.17,27.61,13.7,100.0,3,On,1361.5,784.93
1792633140000000000,2026-10-22T01:39:00Z,controller 2,1.416,11.537,130.72,365.5,583.07,27.69,12.48,100.0,1,On,1315.11,778.17
1792633200000000000,2026-10-22T01:40:00Z,controller 1,1.559,11.139,66.78,280.98,115.63,27.73,13.23,100.0,1,On,1338.83,796.37
1792633260000000000,2026-10-22T01:41:00Z,controller 1,1.413,11.245,-23.72,359.27,441.64,27.79,10.83,100.0,2,On,1387.94,825.73
1792633320000000000,2026-10-22T01:42:00Z,controller 2,1.569,11.725,41.27,218.96,326.36,27.82,14.43,100.0,1,On,1416.54,816.52
1792633380000000000,2026-10-22T01:43:00Z,free response,1.468,11.46,169.34,39.4,23.35,27.9,12.39,100.0,3,On,1437.47,803.17
1792633440000000000,2026-10-22T01:44:00Z,controller 2,1.468,11.497,189.3,136.92,124.25,27.97,12.46,100.0,2,On,1467.54,814.04
1792633500000000000,2026-10-22T01:45:00Z,controller 1,1.473,11.705,-18.06,50.55,561.74,28.01,13.67,100.0,1,On,1457.81,797.02
1792633560000000000,2026-10-22T01:46:00Z,controller 1,1.557,11.502,35.07,323.99,460.69,28.05,13.5,100.0,2,On,1409.03,826.9
1792633620000000000,2026-10-22T01:47:00Z,free response,1.52,11.768,105.31,280.37,288.7,28.11,13.33,100.0,3,On,1381.54,846.52
1792633680000000000,2026-10-22T01:48:00Z,controller 1,1.488,11.82,151.88,317.72,263.69,28.2,14.28,100.0,2,On,1368.54,861.56
1792633740000000000,2026-10-22T01:49:00Z,controller 2,1.526,11.398,66.3,337.27,19.19,28.25,12.82,100.0,3,On,1353.98,848.54
1792633800000000000,2026-10-22T01:50:00Z,free response,1.444,11.165,48.76,196.96,123.63,28.3,11.87,100.0,3,On,1349.86,877.11
1792633860000000000,2026-10-22T01:51:00Z,controller 1,1.484,11.604,16.34,392.39,85.38,28.39,13.4,100.0,3,On,1301.39,892.18
1792633920000000000,2026-10-22T01:52:00Z,free response,1.553,11.199,-24.28,0.7,583.37,28.44,14.38,100.0,2,On,1272.78,871.86
1792633980000000000,2026-10-22T01:53:00Z,controller 1,1.528,11.486,-9.86,252.96,329.42,28.47,14.23,100.0,1,On,1303.16,848.83
1792634040000000000,2026-10-22T01:54:00Z,controller 1,1.569,11.53,139.58,6.27,118.54,28.52,14.11,100.0,1,On,1344.14,877.04
1792634100000000000,2026-10-22T01:55:00Z,controller 2,1.541,11.295,167.65,230.99,82.82,28.55,13.08,100.0,3,On,1348.75,867.43
1792634160000000000,2026-10-22T01:56:00Z,controller 1,1.509,11.597,3.72,234.21,293.75,28.58,14.45,100.0,1,On,1384.79,867.76
1792634220000000000,2026-10-22T01:57:00Z,controller 1,1.458,11.776,195.83,271.7,586.56,28.66,12.56,100.0,2,On,1415.52,882.5
1792634280000000000,2026-10-22T01:58:00Z,controller 2,1.511,11.517,19.97,172.24,140.77,28.75,13.06,100.0,3,On,1380.93,867.82
1792634340000000000,2026-10-22T01:59:00Z,controller 2,1.477,11.51,167.21,370.77,21.84,28.82,11.96,100.0,1,On,1397.15,883.96
1792634400000000000,2026-10-22T02:00:00Z,controller 2,2.927,2.375,5.47,157.03,65.37,28.89,9.85,100.0,3,On,1399.91,902.1
1792634460000000000,2026-10-22T02:01:00Z,free response,2.988,3.072,21.9,404.75,422.37,28.94,13.63,100.0,2,On,1119.83,783.06
1792634520000000000,2026-10-22T02:02:00Z,controller 2,3.0,2.783,30.06,248.0,346.66,28.99,13.25,100.0,1,On,1078.7,810.75
1792634580000000000,2026-10-22T02:03:00Z,controller 1,2.918,2.704,183.8,398.73,49.96,29.04,12.12,100.0,1,On,1032.23,817.57
1792634640000000000,2026-10-22T02:04:00Z,controller 2,2.946,2.596,143.47,9.27,290.54,29.12,10.92,100.0,2,On,998.14,832.29
1792634700000000000,2026-10-22T02:05:00Z,free response,2.944,2.431,171.06,347.07,212.77,29.16,10.47,100.0,2,On,967.33,822.82
1792634760000000000,2026-10-22T02:06:00Z,free response,2.849,2.368,3.45,168.11,524.93,29.21,9.71,100.0,3,On,1014.06,843.92
1792634820000000000,2026-10-22T02:07:00Z,free response,2.841,2.738,52.65,374.38,426.35,29.26,11.74,100.0,3,On,992.91,829.7
1792634880000000000,2026-10-22T02:08:00Z,controller 1,2.991,2.736,101.88,297.61,276.17,29.33,13.22,100.0,2,On,969.77,839.37
1792634940000000000,2026-10-22T02:09:00Z,controller 1,2.873,2.653,4.4,332.27,191.1,29.39,11.08,100.0,2,On,1001.8,855.82
1792635000000000000,2026-10-22T02:10:00Z,controller 2,2.966,2.878,57.78,372.45,223.7,29.43,11.41,100.0,2,On,964.54,885.19
1792635060000000000,2026-10-22T02:11:00Z,free response,2.966,2.849,88.59,124.36,215.38,29.48,12.5,100.0,3,On,944.0,906.83
1792635120000000000,2026-10-22T02:12:00Z,controller 2,2.957,2.564,50.02,49.89,421.41,29.54,10.91,100.0,1,On,912.97,902.1
1792635180000000000,2026-10-22T02:13:00Z,controller 2,2.985,3.038,134.23,33.89,260.5,29.59,12.6,100.0,2,On,949.14,876.23
1792635240000000000,2026-10-22T02:14:00Z,controller 1,2.926,2.876,195.6,435.22,111.94,29.66,12.65,100.0,1,On,982.45,879.12
1792635300000000000,2026-10-22T02:15:00Z,controller 1,2.996,2.933,103.03,353.45,582.91,29.72,12.5,100.0,1,On,979.52,854.96
1792635360000000000,2026-10-22T02:16:00Z,free response,2.833,2.458,182.96,419.0,463.41,29.76,9.45,100.0,3,On,999.63,828.02
1792635420000000000,2026-10-22T02:17:00Z,controller 1,2.946,2.981,-5.34,395.59,192.72,29.8,11.95,100.0,1,On,1025.45,857.87
1792635480000000000,2026-10-22T02:18:00Z,controller 2,2.934,2.613,-6.68,299.06,214.47,29.86,10.33,100.0,1,On,981.9,886.68
1792635540000000000,2026-10-22T02:19:00Z,free response,2.979,3.062,-21.1,8.71,281.34,29.89,14.84,100.0,2,On,932.4,905.44
1792635600000000000,2026-10-22T02:20:00Z,controller 1,2.831,2.973,66.79,279.48,148.85,29.95,11.33,100.0,2,On,904.22,904.55
1792635660000000000,2026-10-22T02:21:00Z,free response,2.961,2.53,161.8,375.16,98.54,29.99,11.61,100.0,1,On,918.54,880.7
1792635720000000000,2026-10-22T02:22:00Z,free response,2.988,2.612,164.49,409.13,381.85,30.02,10.65,100.0,2,On,896.42,871.96
1792635780000000000,2026-10-22T02:23:00Z,controller 1,2.944,2.988,-1.27,379.75,123.57,30.05,12.75,100.0,3,On,919.82,845.4
1792635840000000000,2026-10-22T02:24:00Z,controller 2,2.87,3.031,126.69,353.99,278.43,30.11,13.23,100.0,3,On,948.55,865.05
1792635900000000000,2026-10-22T02:25:00Z,controller 2,2.849,2.75,159.47,137.71,223.01,30.14,10.1,100.0,1,On,939.27,837.6
1792635960000000000,2026-10-22T02:26:00Z,controller 2,2.862,2.881,-27.81,320.6,204.09,30.17,10.95,100.0,3,On,936.88,822.44
1792636020000000000,2026-10-22T02:27:00Z,free response,3,2.374,111.9,9.57,496.03,30.21,9.65,100.0,1,On,949.03,799.5
1792636080000000000,2026-10-22T02:28:00Z,controller 2,2.991,2.376,195.47,166.41,393.03,30.25,11.12,100.0,3,On,950.6,773.7
1792636140000000000,2026-10-22T02:29:00Z,controller 2,3,3.018,97.65,333.65,298.15,30.32,13.81,100.0,2,On,901.68,762.2
1792636200000000000,2026-10-22T02:30:00Z,free response,1.244,12.624,3.0,216.58,222.53,30.39,9.77,100.0,2,On,909.44,736.27
1792636260000000000,2026-10-22T02:31:00Z,free response,1.339,12.284,100.42,9.33,2.95,30.44,10.98,26.87,3,On,896.07,751.28
1792636320000000000,2026-10-22T02:32:00Z,controller 1,1.33,12.475,108.96,391.11,253.01,30.51,11.66,100.0,1,On,857.68,733.39
1792636380000000000,2026-10-22T02:33:00Z,free response,1.322,12.298,160.11,95.73,169.09,30.56,11.73,100.0,1,On,884.08,721.88
1792636440000000000,2026-10-22T02:34:00Z,controller 1,1.209,12.377,176.9,449.85,122.63,30.61,8.2,100.0,3,On,921.19,741.09
1792636500000000000,2026-10-22T02:35:00Z,free response,1.314,12.305,65.07,379.26,566.75,30.63,10.84,100.0,3,On,902.58,741.26
1792636560000000000,2026-10-22T02:36:00Z,controller 1,1.34,12.462,84.48,69.78,80.38,30.7,10.8,100.0,1,On,881.75,728.34
1792636620000000000,2026-10-22T02:37:00Z,controller 2,1.192,12.118,148.43,97.51,388.91,30.74,8.76,100.0,1,On,896.23,749.18
1792636680000000000,2026-10-22T02:38:00Z,controller 2,1.184,12.099,-6.46,104.43,66.76,30.83,8.6,100.0,3,On,847.83,721.43
1792636740000000000,2026-10-22T02:39:00Z,controller 2,1.313,12.648,76.26,256.67,99.83,30.9,11.2,100.0,1,On,866.53,737.1
1792636800000000000,2026-10-22T02:40:00Z,controller 2,1.259,12.775,-20.61,46.77,6.41,30.94,10.98,58.38,1,On,853.39,762.96
1792636860000000000,2026-10-22T02:41:00Z,free response,1.232,12.24,26.0,192.18,538.08,31.03,9.82,100.0,3,On,872.48,741.32
1792636920000000000,2026-10-22T02:42:00Z,controller 2,1.322,12.567,165.5,330.38,462.62,31.11,10.1,100.0,2,On,868.89,730.26
1792636980000000000,2026-10-22T02:43:00Z,controller 2,1.299,12.45,14.28,17.94,436.13,31.19,11.35,100.0,2,On,899.94,732.61
1792637040000000000,2026-10-22T02:44:00Z,free response,1.302,12.798,165.84,391.43,197.37,31.24,10.44,100.0,2,On,884.99,709.22
1792637100000000000,2026-10-22T02:45:00Z,controller 2,1.178,12.53,159.49,130.19,25.67,31.32,8.53,100.0,1,On,889.72,728.65
1792637160000000000,2026-10-22T02:46:00Z,controller 2,1.17,12.466,115.5,53.16,491.0,31.38,9.11,100.0,1,On,842.95,703.59
1792637220000000000,2026-10-22T02:47:00Z,controller 1,1.183,12.407,191.99,448.27,85.32,31.47,8.23,100.0,2,On,821.17,696.63
1792637280000000000,2026-10-22T02:48:00Z,free response,1.22,12.4,109.14,124.5,91.73,31.5,8.92,100.0,3,On,863.54,696.44
1792637340000000000,2026-10-22T02:49:00Z,controller 1,1.289,12.221,160.8,135.74,472.02,31.55,10.21,100.0,2,On,858.06,719.94
1792637400000000000,2026-10-22T02:50:00Z,controller 1,1.19,12.696,130.42,160.33,535.61,31.6,9.42,100.0,1,On,827.45,737.28
1792637460000000000,2026-10-22T02:51:00Z,free response,1.324,12.637,89.43,168.85,280.71,31.67,10.61,100.0,3,On,806.39,728.96
1792637520000000000,2026-10-22T02:52:00Z,free response,1.172,12.136,109.46,306.72,488.08,31.75,7.74,100.0,2,On,784.23,752.0
1792637580000000000,2026-10-22T02:53:00Z,free response,1.196,12.127,30.92,205.3,548.25,31.79,9.33,100.0,3,On,819.86,781.57
1792637640000000000,2026-10-22T02:54:00Z,free response,1.211,12.576,155.93,395.84,98.45,31.85,8.44,100.0,2,On,839.26,763.75
1792637700000000000,2026-10-22T02:55:00Z,controller 2,1.334,12.629,61.46,162.24,368.71,31.9,10.59,100.0,1,On,849.98,764.75
1792637760000000000,2026-10-22T02:56:00Z,free response,1.312,12.71,-23.15,108.37,493.45,31.96,11.95,100.0,2,On,882.07,783.59
1792637820000000000,2026-10-22T02:57:00Z,free response,1.31,12.457,141.44,405.41,342.97,31.99,9.78,100.0,1,On,832.47,777.01
1792637880000000000,2026-10-22T02:58:00Z,controller 1,1.179,12.667,88.52,245.99,193.61,32.05,7.95,100.0,2,On,865.48,752.54
1792637940000000000,2026-10-22T02:59:00Z,controller 1,1.282,12.489,25.28,71.13,393.65,32.13,9.59,100.0,3,On,822.8,752.73
1792638000000000000,2026-10-22T03:00:00Z,controller 2,2.024,7.136,45.53,85.96,49.08,32.19,16.06,100.0,1,On,776.64,760.7
1792638060000000000,2026-10-22T03:01:00Z,controller 1,2.03,7.088,163.39,145.6,538.17,32.24,15.7,100.0,1,On,734.12,788.17
1792638120000000000,2026-10-22T03:02:00Z,controller 2,1.919,7.209,-29.85,216.76,207.7,32.28,13.65,100.0,2,On,1265.19,369.53
1792638180000000000,2026-10-22T03:03:00Z,controller 1,2.032,7.026,171.8,289.14,432.48,32.35,13.66,100.0,1,On,1231.15,394.11
1792638240000000000,2026-10-22T03:04:00Z,controller 1,1.997,7.535,157.2,169.84,500.44,32.38,14.0,100.0,1,On,1255.68,375.88
1792638300000000000,2026-10-22T03:05:00Z,controller 2,1.999,7.223,4.15,226.33,561.74,32.46,14.92,100.0,1,On,1303.67,365.47
1792638360000000000,2026-10-22T03:06:00Z,free response,1.865,7.221,14.3,121.74,265.18,32.5,12.43,100.0,1,On,1304.95,363.02
1792638420000000000,2026-10-22T03:07:00Z,controller 2,2.012,7.342,181.49,386.92,198.93,32.54,15.74,100.0,3,On,1291.41,340.38
1792638480000000000,2026-10-22T03:08:00Z,free response,1.942,7.515,101.13,140.68,243.62,32.57,13.55,100.0,3,On,1301.94,338.18
1792638540000000000,2026-10-22T03:09:00Z,free response,1.968,7.171,136.03,405.01,514.01,32.61,13.24,100.0,2,On,1279.87,312.84
1792638600000000000,2026-10-22T03:10:00Z,controller 2,1.899,7.001,171.9,97.4,185.75,32.64,13.23,100.0,2,On,1282.79,287.04
1792638660000000000,2026-10-22T03:11:00Z,controller 1,1.875,7.235,102.32,78.3,180.69,32.7,12.13,100.0,1,On,1264.49,315.24
1792638720000000000,2026-10-22T03:12:00Z,controller 2,1.933,7.061,84.87,70.59,65.29,32.79,12.79,100.0,2,On,1286.75,318.02
1792638780000000000,2026-10-22T03:13:00Z,free response,1.887,7.433,120.45,71.11,364.37,32.86,12.86,100.0,3,On,1255.89,296.43
1792638840000000000,2026-10-22T03:14:00Z,controller 1,1.934,6.843,53.58,447.26,331.41,32.93,12.31,100.0,3,On,1208.23,279.72
1792638900000000000,2026-10-22T03:15:00Z,free response,1.923,7.368,99.12,117.5,82.66,33.0,12.77,100.0,2,On,1183.0,288.94
1792638960000000000,2026-10-22T03:16:00Z,controller 2,1.943,7.0,99.85,360.28,52.77,33.09,13.86,100.0,2,On,1156.95,264.32
1792639020000000000,2026-10-22T03:17:00Z,controller 2,1.924,7.207,-28.63,307.31,225.69,33.15,12.75,100.0,3,On,1109.69,266.19
1792639080000000000,2026-10-22T03:18:00Z,free response,1.973,7.396,199.91,279.05,494.25,33.21,15.37,100.0,1,On,1126.32,261.28
1792639140000000000,2026-10-22T03:19:00Z,free response,1.923,7.38,72.77,282.72,154.89,33.27,12.85,100.0,2,On,1118.66,283.67
1792639200000000000,2026-10-22T03:20:00Z,free response,1.87,7.083,110.45,125.82,580.77,33.3,11.65,100.0,2,On,1133.69,294.81
1792639260000000000,2026-10-22T03:21:00Z,controller 2,1.988,7.298,-20.22,23.82,197.49,33.34,13.94,100.0,1,On,1084.31,271.26
1792639320000000000,2026-10-22T03:22:00Z,controller 1,1.933,6.846,107.37,97.62,292.64,33.4,11.99,100.0,3,On,1130.15,254.13
1792639380000000000,2026-10-22T03:23:00Z,free response,1.89,7.484,24.47,371.33,353.63,33.47,13.66,100.0,3,On,1126.31,264.3
1792639440000000000,2026-10-22T03:24:00Z,controller 2,1.894,7.202,186.45,313.41,211.32,33.5,13.73,100.0,1,On,1089.81,253.04
1792639500000000000,2026-10-22T03:25:00Z,controller 2,1.922,7.447,77.04,147.67,522.91,33.56,14.79,100.0,1,On,1111.96,251.72
1792639560000000000,2026-10-22T03:26:00Z,controller 2,2.001,7.07,124.4,372.35,190.66,33.63,12.9,100.0,3,On,1086.51,254.96
1792639620000000000,2026-10-22T03:27:00Z,controller 1,1.886,7.307,138.81,287.38,509.03,33.67,14.05,100.0,1,On,1070.29,251.71
1792639680000000000,2026-10-22T03:28:00Z,controller 2,1.863,6.866,17.26,206.33,208.13,33.76,12.36,100.0,1,On,1090.66,234.68
1792639740000000000,2026-10-22T03:29:00Z,controller 2,1.891,7.136,5.04,194.01,435.01,33.84,12.91,100.0,1,On,1042.25,225.7
1792639800000000000,2026-10-22T03:30:00Z,free response,0.565,12.088,65.06,351.02,224.66,33.91,2.09,100.0,2,On,1090.58,207.33
1792639860000000000,2026-10-22T03:31:00Z,controller 2,0.464,11.941,96.0,28.84,527.29,33.99,1.16,100.0,2,On,1083.16,233.77
1792639920000000000,2026-10-22T03:32:00Z,controller 1,0.48,11.865,97.5,117.99,595.06,34.02,1.26,100.0,2,On,1038.04,259.89
1792639980000000000,2026-10-22T03:33:00Z,free response,0.48,12.197,51.79,346.59,346.37,34.11,1.27,100.0,1,On,971.74,388.83
1792640040000000000,2026-10-22T03:34:00Z,controller 1,0.56,11.59,32.36,338.77,81.47,34.18,1.74,100.0,3,On,980.97,401.77
1792640100000000000,2026-10-22T03:35:00Z,controller 1,0.451,11.796,126.67,58.61,241.5,34.25,1.16,100.0,1,On,961.05,408.25
1792640160000000000,2026-10-22T03:36:00Z,controller 2,0.477,12.206,127.98,118.52,300.55,34.28,1.34,100.0,3,On,1002.2,402.86
1792640220000000000,2026-10-22T03:37:00Z,controller 2,0.461,12.106,162.36,173.71,99.46,34.36,1.2,100.0,3,On,1036.15,417.69
1792640280000000000,2026-10-22T03:38:00Z,controller 2,0.404,11.725,89.99,100.3,198.06,34.39,1.0,100.0,1,On,1014.49,443.42
1792640340000000000,2026-10-22T03:39:00Z,controller 2,0.4,11.636,191.05,291.48,549.09,34.42,0.96,100.0,1,On,994.47,432.88
1792640400000000000,2026-10-22T03:40:00Z,controller 1,0.569,12.263,132.08,332.73,468.56,34.47,2.08,100.0,1,On,1028.23,427.46
1792640460000000000,2026-10-22T03:41:00Z,controller 2,0.517,11.814,40.17,102.74,262.76,34.53,1.62,100.0,2,On,1024.87,439.74
1792640520000000000,2026-10-22T03:42:00Z,controller 2,0.554,11.789,-1.99,232.07,88.3,34.6,1.66,100.0,3,On,1066.45,412.57
1792640580000000000,2026-10-22T03:43:00Z,free response,0.419,12.153,42.75,380.57,337.71,34.68,1.09,100.0,2,On,1086.06,430.38
1792640640000000000,2026-10-22T03:44:00Z,controller 2,0.535,11.674,131.5,251.07,40.03,34.75,1.75,100.0,1,On,1075.59,423.84
1792640700000000000,2026-10-22T03:45:00Z,controller 2,0.53,12.262,138.28,346.82,453.59,34.8,1.63,100.0,3,On,1112.68,403.0
1792640760000000000,2026-10-22T03:46:00Z,free response,0.486,11.729,68.07,104.56,373.76,34.88,1.27,100.0,2,On,1161.82,412.8
1792640820000000000,2026-10-22T03:47:00Z,free response,0.406,11.933,-27.28,387.06,195.51,34.93,1.07,100.0,3,On,1113.3,387.1
1792640880000000000,2026-10-22T03:48:00Z,controller 1,0.49,12.302,123.08,361.22,444.02,34.98,1.55,100.0,2,On,1153.81,358.26
1792640940000000000,2026-10-22T03:49:00Z,controller 1,0.394,11.984,10.75,150.97,546.07,35.07,0.91,100.0,2,On,1115.23,384.69
1792641000000000000,2026-10-22T03:50:00Z,controller 1,0.542,11.796,153.4,120.1,235.42,35.13,1.75,100.0,3,On,1087.75,406.1
1792641060000000000,2026-10-22T03:51:00Z,controller 1,0.405,12.097,84.75,27.11,473.26,35.21,1.0,100.0,3,On,1125.79,421.27
1792641120000000000,2026-10-22T03:52:00Z,free response,0.564,12.015,-16.97,132.32,503.51,35.27,1.9,100.0,3,On,1091.83,446.76
1792641180000000000,2026-10-22T03:53:00Z,controller 1,0.442,12.231,110.67,373.98,28.74,35.36,1.1,100.0,3,On,1062.46,460.92
1792641240000000000,2026-10-22T03:54:00Z,free response,0.551,11.779,-13.53,67.54,68.78,35.44,1.74,100.0,1,On,1086.47,439.38
1792641300000000000,2026-10-22T03:55:00Z,controller 2,0.516,11.941,-22.91,336.21,377.16,35.5,1.45,100.0,3,On,1238.91,502.58
1792641360000000000,2026-10-22T03:56:00Z,controller 1,0.41,12.111,162.57,354.42,148.43,35.56,1.04,100.0,1,On,1205.12,491.68
1792641420000000000,2026-10-22T03:57:00Z,controller 1,0.423,12.136,79.61,166.23,7.66,35.62,0.99,100.0,1,On,1252.91,474.25
1792641480000000000,2026-10-22T03:58:00Z,controller 2,0.505,11.602,30.33,277.32,132.05,35.65,1.38,100.0,3,On,1279.99,496.0
1792641540000000000,2026-10-22T03:59:00Z,controller 1,0.466,12.331,192.51,347.1,0.91,35.68,1.32,68.94,2,On,1298.4,484.28
1792641600000000000,2026-10-22T04:00:00Z,controller 2,2.121,3.847,-23.36,46.25,575.16,35.76,8.93,100.0,1,On,1288.83,500.61
1792641660000000000,2026-10-22T04:01:00Z,free response,2.061,4.514,141.69,96.2,170.11,35.79,9.0,100.0,3,On,1286.34,491.99
1792641720000000000,2026-10-22T04:02:00Z,controller 2,2.169,4.018,106.97,358.22,408.02,35.84,8.69,100.0,2,On,1309.05,503.12
1792641780000000000,2026-10-22T04:03:00Z,free response,2.159,4.028,-15.32,62.07,51.09,35.87,9.14,100.0,2,On,1345.43,501.6
1792641840000000000,2026-10-22T04:04:00Z,controller 2,2.137,4.152,31.03,274.19,24.71,35.93,8.55,100.0,3,On,1347.04,528.03
1792641900000000000,2026-10-22T04:05:00Z,free response,2.132,4.02,140.82,155.32,117.18,36.01,9.64,100.0,1,On,1383.64,556.25
1792641960000000000,2026-10-22T04:06:00Z,free response,2.119,3.918,48.26,384.18,16.78,36.09,9.18,100.0,1,On,1351.73,557.95
1792642020000000000,2026-10-22T04:07:00Z,controller 1,2.142,4.44,134.82,247.71,206.55,36.18,10.03,100.0,3,On,1306.88,587.23
1792642080000000000,2026-10-22T04:08:00Z,controller 2,1.992,4.241,58.98,18.21,552.27,36.24,8.85,100.0,3,On,1322.48,593.9
1792642140000000000,2026-10-22T04:09:00Z,free response,2.018,3.966,-17.27,320.41,322.12,36.33,8.12,100.0,2,On,1363.64,569.29
1792642200000000000,2026-10-22T04:10:00Z,controller 1,2.069,4.304,118.16,103.72,464.78,36.41,9.87,100.0,1,On,1401.43,542.09
1792642260000000000,2026-10-22T04:11:00Z,controller 1,2.101,4.365,44.42,110.05,430.59,36.5,9.09,100.0,3,On,1373.02,520.84
1792642320000000000,2026-10-22T04:12:00Z,free response,2.151,4.268,158.13,31.26,275.48,36.58,8.93,100.0,3,On,1360.46,499.74
1792642380000000000,2026-10-22T04:13:00Z,controller 1,2.025,4.136,-20.55,255.67,504.16,36.64,9.04,100.0,2,On,1392.57,474.67
1792642440000000000,2026-10-22T04:14:00Z,free response,2.153,3.883,170.33,186.21,361.57,36.67,8.71,100.0,3,On,1417.34,448.48
1792642500000000000,2026-10-22T04:15:00Z,controller 2,2.165,3.993,-16.65,237.06,366.53,36.74,9.55,100.0,1,On,1376.37,425.06
1792642560000000000,2026-10-22T04:16:00Z,controller 2,2.156,4.248,-25.9,94.07,493.34,36.78,10.72,100.0,3,On,1384.66,425.64
1792642620000000000,2026-10-22T04:17:00Z,controller 2,2.107,4.563,28.51,372.1,457.54,36.84,10.41,100.0,3,On,1431.58,451.25
1792642680000000000,2026-10-22T04:18:00Z,controller 2,2.027,4.078,7.0,20.8,139.76,36.93,8.15,100.0,3,On,1397.6,468.28
1792642740000000000,2026-10-22T04:19:00Z,controller 2,2.071,4.557,159.61,232.54,174.4,37.01,10.36,100.0,1,On,1375.01,453.84
1792642800000000000,2026-10-22T04:20:00Z,controller 1,1.997,4.195,119.29,352.19,312.62,37.09,8.17,100.0,3,On,1351.31,430.22
1792642860000000000,2026-10-22T04:21:00Z,controller 1,2.117,4.561,25.47,297.83,391.17,37.16,10.94,100.0,2,On,1383.18,440.96
1792642920000000000,2026-10-22T04:22:00Z,controller 1,2.1,4.612,26.24,174.13,288.9,37.19,10.85,100.0,2,On,1423.69,412.04
1792642980000000000,2026-10-22T04:23:00Z,controller 2,2.028,4.477,35.94,151.42,418.21,37.27,8.78,100.0,3,On,1423.77,405.6
1792643040000000000,2026-10-22T04:24:00Z,controller 2,2.153,4.036,167.06,93.07,114.83,37.33,10.12,100.0,1,On,1376.9,385.6
1792643100000000000,2026-10-22T04:25:00Z,free response,2.102,4.201,65.39,420.58,81.03,37.35,9.71,100.0,3,On,1344.91,364.71
1792643160000000000,2026-10-22T04:26:00Z,controller 1,2.033,3.961,140.61,433.31,355.18,37.43,8.94,100.0,1,On,1342.1,386.5
1792643220000000000,2026-10-22T04:27:00Z,controller 2,2.121,3.993,88.45,45.56,464.34,37.51,9.25,100.0,2,On,1312.78,372.7
1792643280000000000,2026-10-22T04:28:00Z,controller 2,1.997,4.082,-11.44,305.42,205.57,37.57,8.66,100.0,1,On,1352.54,375.1
1792643340000000000,2026-10-22T04:29:00Z,controller 1,2.087,4.213,103.53,221.49,245.18,37.61,9.47,100.0,1,On,1398.31,358.61
1792643400000000000,2026-10-22T04:30:00Z,controller 2,2.253,11.59,105.5,350.2,370.56,37.64,31.34,100.0,1,On,1446.25,329.28
1792643460000000000,2026-10-22T04:31:00Z,controller 1,2.227,12.063,34.32,406.88,262.66,37.7,32.13,100.0,1,On,625.1,403.42
1792643520000000000,2026-10-22T04:32:00Z,free response,2.193,11.658,20.42,412.7,489.28,37.78,26.86,100.0,3,On,627.69,425.36
1792643580000000000,2026-10-22T04:33:00Z,controller 2,2.127,11.989,144.03,170.05,479.6,37.85,27.76,100.0,2,On,643.28,451.84
1792643640000000000,2026-10-22T04:34:00Z,controller 2,2.254,11.701,25.97,216.32,452.22,37.91,30.84,100.0,3,On,650.9,428.9
1792643700000000000,2026-10-22T04:35:00Z,controller 2,2.249,11.902,171.87,337.98,276.28,38.0,29.82,100.0,2,On,657.93,440.15
1792643760000000000,2026-10-22T04:36:00Z,free response,2.221,11.869,40.57,179.23,29.21,38.06,31.27,93.41,3,On,685.43,445.6
1792643820000000000,2026-10-22T04:37:00Z,controller 2,2.235,11.727,125.9,81.7,594.59,38.13,31.43,100.0,2,On,687.07,449.52
1792643880000000000,2026-10-22T04:38:00Z,free response,2.132,11.966,81.04,182.56,74.02,38.16,28.89,100.0,3,On,710.67,460.26
1792643940000000000,2026-10-22T04:39:00Z,controller 2,2.153,11.997,181.48,8.77,18.74,38.25,25.79,72.66,2,On,708.87,439.89
1792644000000000000,2026-10-22T04:40:00Z,controller 2,2.144,12.293,134.68,90.29,203.53,38.3,28.05,100.0,3,On,735.08,467.75
1792644060000000000,2026-10-22T04:41:00Z,controller 1,2.176,11.972,137.77,212.25,487.15,38.33,25.75,100.0,3,On,767.77,471.5
1792644120000000000,2026-10-22T04:42:00Z,free response,2.146,11.855,-17.44,278.63,499.54,38.38,26.44,100.0,2,On,810.05,465.61
1792644180000000000,2026-10-22T04:43:00Z,controller 2,2.235,11.941,150.83,343.5,128.49,38.44,28.63,100.0,2,On,778.92,446.6
1792644240000000000,2026-10-22T04:44:00Z,controller 1,2.244,11.536,31.84,87.72,267.87,38.5,31.84,100.0,3,On,808.02,470.25
1792644300000000000,2026-10-22T04:45:00Z,free response,2.166,11.688,158.76,291.31,431.46,38.58,24.82,100.0,2,On,832.71,447.65
1792644360000000000,2026-10-22T04:46:00Z,controller 2,2.251,11.585,138.88,272.96,443.66,38.64,31.1,100.0,2,On,811.37,477.32
1792644420000000000,2026-10-22T04:47:00Z,controller 1,2.269,11.582,21.87,323.49,127.01,38.72,28.56,100.0,3,On,830.8,503.11
1792644480000000000,2026-10-22T04:48:00Z,free response,2.152,12.1,-11.86,434.43,32.68,38.76,25.73,100.0,2,On,799.38,474.29
1792644540000000000,2026-10-22T04:49:00Z,controller 1,2.119,11.647,70.32,59.84,256.86,38.85,28.72,100.0,2,On,759.36,462.71
1792644600000000000,2026-10-22T04:50:00Z,controller 1,2.268,12.138,162.41,412.76,179.38,38.94,30.67,100.0,3,On,745.78,457.2
1792644660000000000,2026-10-22T04:51:00Z,free response,2.185,12.247,25.44,35.76,156.18,38.99,27.92,100.0,3,On,712.1,451.39
1792644720000000000,2026-10-22T04:52:00Z,controller 2,2.288,11.701,51.52,438.0,374.5,39.05,31.25,100.0,3,On,717.86,422.53
1792644780000000000,2026-10-22T04:53:00Z,free response,2.126,12.161,140.42,55.95,28.96,39.1,24.95,100.0,1,On,702.59,430.1
1792644840000000000,2026-10-22T04:54:00Z,controller 2,2.135,12.06,101.37,327.83,235.8,39.17,28.83,100.0,3,On,716.11,437.53
1792644900000000000,2026-10-22T04:55:00Z,controller 1,2.255,12.122,49.11,189.92,359.79,39.2,32.08,100.0,3,On,691.67,458.28
1792644960000000000,2026-10-22T04:56:00Z,free response,2.279,11.85,191.21,123.47,245.58,39.23,29.73,100.0,1,On,731.92,451.32
1792645020000000000,2026-10-22T04:57:00Z,free response,2.257,11.761,177.6,376.34,379.45,39.3,27.85,100.0,3,On,682.81,448.11
1792645080000000000,2026-10-22T04:58:00Z,free response,2.237,11.901,46.58,8.45,110.42,39.37,28.66,100.0,2,On,633.33,419.22
1792645140000000000,2026-10-22T04:59:00Z,free response,2.205,11.671,193.82,112.82,367.36,39.44,27.44,100.0,2,On,607.68,426.49
1792645200000000000,2026-10-22T05:00:00Z,free response,2.71,13.432,187.12,286.11,82.26,39.51,45.32,100.0,2,On,578.13,431.28
1792645260000000000,2026-10-22T05:01:00Z,controller 2,2.547,13.21,9.5,389.26,221.77,39.54,39.97,100.0,2,On,553.44,405.93
1792645320000000000,2026-10-22T05:02:00Z,controller 2,2.6,13.659,101.65,405.1,70.71,39.61,49.27,100.0,2,On,509.65,377.57
1792645380000000000,2026-10-22T05:03:00Z,controller 1,2.609,13.568,129.5,224.63,250.28,39.66,44.45,100.0,3,On,542.31,349.25
1792645440000000000,2026-10-22T05:04:00Z,controller 2,2.716,13.322,27.33,437.01,236.4,39.71,51.53,100.0,2,On,506.1,373.29
1792645500000000000,2026-10-22T05:05:00Z,free response,2.573,13.572,-1.21,128.97,252.0,39.78,41.9,100.0,2,On,517.23,360.76
1792645560000000000,2026-10-22T05:06:00Z,controller 1,2.594,13.308,5.04,360.64,211.59,39.81,44.58,100.0,2,On,489.47,331.8
1792645620000000000,2026-10-22T05:07:00Z,controller 2,2.552,13.271,0.83,346.07,562.11,39.9,44.4,100.0,1,On,563.08,809.37
1792645680000000000,2026-10-22T05:08:00Z,controller 1,2.635,13.799,71.95,17.98,284.55,39.98,46.28,100.0,3,On,587.22,810.77
1792645740000000000,2026-10-22T05:09:00Z,controller 2,2.703,13.444,20.58,14.28,214.64,40.02,51.17,100.0,2,On,599.82,827.75
1792645800000000000,2026-10-22T05:10:00Z,controller 2,2.619,13.397,86.26,135.43,331.14,40.05,41.83,100.0,3,On,582.46,803.92
1792645860000000000,2026-10-22T05:11:00Z,free response,2.701,13.604,174.71,232.43,251.82,40.04,45.23,100.0,2,On,609.43,826.44
1792645920000000000,2026-10-22T05:12:00Z,free response,2.6,13.507,160.37,319.96,481.6,40.02,45.4,100.0,2,On,621.73,852.59
1792645980000000000,2026-10-22T05:13:00Z,free response,2.603,13.572,21.69,376.4,576.41,39.99,43.73,100.0,1,On,668.69,868.6
1792646040000000000,2026-10-22T05:14:00Z,free response,2.718,13.218,-9.66,295.93,78.06,39.98,45.32,100.0,3,On,695.55,882.38
1792646100000000000,2026-10-22T05:15:00Z,controller 1,2.564,13.182,176.28,182.27,312.77,39.96,42.72,100.0,3,On,677.59,863.22
1792646160000000000,2026-10-22T05:16:00Z,controller 1,2.559,13.774,61.98,445.06,230.62,39.95,45.15,100.0,3,On,647.08,840.59
1792646220000000000,2026-10-22T05:17:00Z,controller 2,2.59,13.461,183.46,365.23,275.64,39.94,46.74,100.0,3,On,634.53,825.1
1792646280000000000,2026-10-22T05:18:00Z,controller 1,2.65,13.527,174.23,420.97,298.58,39.91,44.08,100.0,3,On,683.49,797.83
1792646340000000000,2026-10-22T05:19:00Z,free response,2.544,13.67,-1.32,219.47,63.87,39.89,48.32,100.0,1,On,659.42,794.96
1792646400000000000,2026-10-22T05:20:00Z,controller 1,2.589,13.754,110.08,160.09,210.07,39.85,43.33,100.0,3,On,627.13,809.96
1792646460000000000,2026-10-22T05:21:00Z,free response,2.632,13.903,152.48,213.73,444.6,39.83,50.03,100.0,3,On,601.26,803.42
1792646520000000000,2026-10-22T05:22:00Z,controller 2,2.591,13.547,141.06,36.73,108.23,39.81,42.83,100.0,2,On,623.9,793.37
1792646580000000000,2026-10-22T05:23:00Z,free response,2.646,13.171,127.58,203.67,80.56,39.8,47.54,100.0,3,On,627.27,768.98
1792646640000000000,2026-10-22T05:24:00Z,controller 1,2.662,13.773,6.48,76.79,386.29,39.78,44.58,100.0,2,On,578.61,784.14
1792646700000000000,2026-10-22T05:25:00Z,controller 2,2.641,13.647,13.69,302.77,130.45,39.77,46.17,100.0,1,On,620.09,765.01
1792646760000000000,2026-10-22T05:26:00Z,controller 2,2.586,13.733,125.83,382.82,273.05,39.76,50.4,100.0,1,On,652.72,736.9
1792646820000000000,2026-10-22T05:27:00Z,free response,2.563,13.686,111.39,442.06,232.78,39.73,48.09,100.0,3,On,642.4,737.44
1792646880000000000,2026-10-22T05:28:00Z,free response,2.672,13.943,23.41,105.31,364.03,39.7,54.56,100.0,2,On,601.01,728.17
1792646940000000000,2026-10-22T05:29:00Z,controller 2,2.71,13.464,174.29,326.86,224.51,39.69,46.66,100.0,1,On,623.8,742.12
1792647000000000000,2026-10-22T05:30:00Z,controller 2,1.071,11.391,31.93,354.45,502.01,39.67,6.76,100.0,2,On,595.51,768.62
1792647060000000000,2026-10-22T05:31:00Z,controller 2,1.092,11.596,-27.63,285.76,219.32,39.66,6.66,100.0,3,On,636.75,744.82
1792647120000000000,2026-10-22T05:32:00Z,free response,1.214,11.392,139.59,11.16,421.62,39.65,7.87,100.0,2,On,592.54,739.93
1792647180000000000,2026-10-22T05:33:00Z,free response,1.206,11.328,116.78,296.93,558.03,39.63,8.49,100.0,3,On,568.63,762.06
1792647240000000000,2026-10-22T05:34:00Z,controller 2,1.093,11.05,9.95,357.29,539.71,39.62,6.98,100.0,3,On,582.6,759.17
1792647300000000000,2026-10-22T05:35:00Z,free response,1.088,11.264,93.4,417.98,354.92,39.61,6.37,100.0,1,On,596.96,753.73
1792647360000000000,2026-10-22T05:36:00Z,controller 1,1.095,11.07,102.25,336.95,251.72,39.6,6.8,100.0,1,On,562.78,727.38
1792647420000000000,2026-10-22T05:37:00Z,controller 2,1.08,11.233,121.07,354.33,109.45,39.58,6.24,100.0,2,On,601.4,752.65
1792647480000000000,2026-10-22T05:38:00Z,controller 1,1.137,11.115,163.42,134.53,531.11,39.55,7.3,100.0,2,On,645.54,731.76
1792647540000000000,2026-10-22T05:39:00Z,free response,1.066,10.823,-18.34,341.76,314.22,39.54,6.35,100.0,3,On,643.69,704.14
1792647600000000000,2026-10-22T05:40:00Z,controller 2,1.214,11.518,97.22,385.61,354.72,39.51,8.44,100.0,1,On,663.1,678.67
1792647660000000000,2026-10-22T05:41:00Z,free response,1.095,11.127,-21.6,175.6,205.8,39.48,6.31,100.0,2,Off,1481.18,728.53
1792647720000000000,2026-10-22T05:42:00Z,controller 1,1.048,11.212,192.94,34.67,467.81,39.45,6.6,100.0,2,Off,1473.9,727.45
1792647780000000000,2026-10-22T05:43:00Z,controller 1,1.079,11.168,186.74,321.64,449.15,39.44,6.74,100.0,1,Off,1476.53,715.57
1792647840000000000,2026-10-22T05:44:00Z,controller 2,1.188,11.546,49.7,389.31,60.66,39.4,8.04,100.0,3,Off,1469.89,712.26
1792647900000000000,2026-10-22T05:45:00Z,controller 1,1.134,11.207,185.28,0.4,348.87,39.37,7.83,100.0,2,Off,1442.66,706.0
1792647960000000000,2026-10-22T05:46:00Z,controller 1,1.112,11.107,161.47,243.15,9.15,39.35,6.44,100.0,3,Off,1464.62,685.16
1792648020000000000,2026-10-22T05:47:00Z,controller 1,1.042,11.333,148.63,46.12,553.95,39.33,6.24,100.0,2,Off,1433.41,708.13
1792648080000000000,2026-10-22T05:48:00Z,controller 1,1.083,11.01,176.83,329.75,289.71,39.32,6.85,100.0,3,Off,1448.72,715.18
1792648140000000000,2026-10-22T05:49:00Z,controller 1,1.115,11.251,154.3,75.0,381.86,39.28,6.43,100.0,2,Off,1481.94,712.52
1792648200000000000,2026-10-22T05:50:00Z,free response,1.093,11.352,152.78,295.85,512.19,39.27,7.31,100.0,2,Off,1485.67,706.34
1792648260000000000,2026-10-22T05:51:00Z,controller 2,1.185,11.138,116.39,405.43,323.66,39.24,7.48,100.0,1,Off,1500.0,717.08
1792648320000000000,2026-10-22T05:52:00Z,controller 1,1.071,11.252,-9.8,64.26,561.58,39.21,5.89,100.0,3,Off,1500.0,738.34
1792648380000000000,2026-10-22T05:53:00Z,free response,1.13,10.995,76.06,148.91,56.79,39.18,6.82,100.0,1,Off,1500.0,715.6
1792648440000000000,2026-10-22T05:54:00Z,controller 1,1.09,11.018,99.08,394.25,21.82,39.15,6.37,100.0,2,Off,1500.0,695.24
1792648500000000000,2026-10-22T05:55:00Z,free response,1.127,11.519,68.81,268.43,574.96,39.13,7.64,100.0,1,Off,1480.26,690.25
1792648560000000000,2026-10-22T05:56:00Z,free response,1.099,11.129,178.72,209.53,306.38,39.12,6.27,100.0,1,Off,1439.73,692.02
1792648620000000000,2026-10-22T05:57:00Z,controller 2,1.083,10.953,107.28,231.25,398.44,39.11,6.7,100.0,3,Off,1446.49,715.53
1792648680000000000,2026-10-22T05:58:00Z,controller 2,1.146,11.218,8.09,408.37,563.84,39.08,6.79,100.0,1,Off,1414.95,724.46
1792648740000000000,2026-10-22T05:59:00Z,controller 1,1.114,11.169,85.09,210.97,193.73,39.06,6.4,100.0,3,Off,1410.74,744.59
1792648800000000000,2026-10-22T06:00:00Z,controller 2,1.37,1.358,138.43,224.07,175.53,39.05,1.19,100.0,1,Off,1450.77,760.72
1792648860000000000,2026-10-22T06:01:00Z,controller 2,1.442,1.959,155.95,124.79,452.68,39.02,1.92,100.0,3,Off,1414.16,763.13
1792648920000000000,2026-10-22T06:02:00Z,controller 2,1.351,1.907,136.94,137.61,273.61,38.99,1.58,100.0,3,Off,1370.3,792.78
1792648980000000000,2026-10-22T06:03:00Z,controller 2,1.409,1.321,162.65,312.25,564.77,38.98,1.22,100.0,1,Off,1347.83,794.2
1792649040000000000,2026-10-22T06:04:00Z,controller 1,1.375,1.412,162.86,374.87,451.64,38.96,1.23,100.0,3,Off,1369.79,781.57
1792649100000000000,2026-10-22T06:05:00Z,free response,1.336,1.651,124.43,303.46,202.5,38.92,1.35,100.0,1,Off,1098.56,626.97
1792649160000000000,2026-10-22T06:06:00Z,controller 2,1.327,1.944,38.74,446.48,191.57,38.89,1.84,100.0,2,Off,1145.57,630.31
1792649220000000000,2026-10-22T06:07:00Z,controller 1,1.379,1.287,144.03,26.6,592.01,38.86,1.33,100.0,1,Off,1150.74,645.97
1792649280000000000,2026-10-22T06:08:00Z,free response,1.294,1.373,174.75,9.43,196.15,38.84,1.05,100.0,1,Off,1119.43,668.11
1792649340000000000,2026-10-22T06:09:00Z,controller 1,1.388,1.515,36.27,181.24,158.81,38.82,1.53,100.0,2,Off,1108.34,690.74
1792649400000000000,2026-10-22T06:10:00Z,controller 2,1.336,1.643,13.03,317.94,548.53,38.8,1.59,100.0,2,Off,501.41,588.15
1792649460000000000,2026-10-22T06:11:00Z,free response,1.311,1.295,80.23,43.09,450.97,38.77,1.09,100.0,3,Off,549.88,587.9
1792649520000000000,2026-10-22T06:12:00Z,controller 2,1.278,1.475,76.84,278.77,511.89,38.74,1.29,100.0,3,Off,579.77,567.68
1792649580000000000,2026-10-22T06:13:00Z,controller 2,1.377,2.006,82.13,68.91,58.61,38.71,1.83,100.0,1,Off,567.97,561.12
1792649640000000000,2026-10-22T06:14:00Z,controller 2,1.294,1.744,39.46,363.09,127.29,38.67,1.37,100.0,2,Off,595.68,547.93
1792649700000000000,2026-10-22T06:15:00Z,controller 1,1.43,1.466,20.73,30.6,560.87,38.64,1.56,100.0,3,Off,602.96,550.25
1792649760000000000,2026-10-22T06:16:00Z,free response,1.286,1.703,196.37,337.85,407.85,38.64,1.39,100.0,1,Off,571.03,572.6
1792649820000000000,2026-10-22T06:17:00Z,free response,1.376,1.579,109.52,147.52,168.37,38.6,1.4,100.0,3,Off,611.3,549.34
1792649880000000000,2026-10-22T06:18:00Z,free response,1.395,1.845,91.76,35.54,2.62,38.59,1.74,100.0,2,Off,628.82,540.77
1792649940000000000,2026-10-22T06:19:00Z,controller 1,1.292,1.789,134.22,76.7,509.58,38.58,1.39,100.0,1,Off,673.18,513.86
1792650000000000000,2026-10-22T06:20:00Z,controller 1,1.447,1.918,18.22,261.05,278.53,38.56,1.9,100.0,1,Off,722.05,531.3
1792650060000000000,2026-10-22T06:21:00Z,free response,1.291,1.767,101.39,353.16,588.17,38.55,1.57,100.0,3,Off,677.62,545.56
1792650120000000000,2026-10-22T06:22:00Z,controller 1,1.31,1.909,90.65,5.12,72.56,38.54,1.56,100.0,2,Off,628.27,540.49
1792650180000000000,2026-10-22T06:23:00Z,free response,1.351,1.636,19.3,279.05,443.23,38.51,1.51,100.0,2,Off,615.04,520.34
1792650240000000000,2026-10-22T06:24:00Z,free response,1.346,1.371,78.08,141.31,384.59,38.5,1.28,100.0,1,Off,611.69,494.85
1792650300000000000,2026-10-22T06:25:00Z,controller 1,1.401,2.026,126.29,117.44,172.14,38.49,1.99,100.0,3,Off,607.56,497.53
1792650360000000000,2026-10-22T06:26:00Z,controller 2,1.388,1.781,-0.87,288.0,199.47,38.46,1.66,100.0,1,Off,645.17,493.93
1792650420000000000,2026-10-22T06:27:00Z,free response,1.337,1.983,-22.95,334.7,475.85,38.44,1.92,100.0,2,Off,624.21,467.31
1792650480000000000,2026-10-22T06:28:00Z,controller 1,1.293,1.749,-14.67,178.9,37.93,38.42,1.5,100.0,1,Off,590.14,480.69
1792650540000000000,2026-10-22T06:29:00Z,controller 1,1.341,1.937,79.5,11.38,102.71,38.41,1.74,100.0,3,Off,624.03,484.12
1792650600000000000,2026-10-22T06:30:00Z,controller 1,0.875,3.355,24.25,301.74,320.7,38.39,1.17,100.0,1,Off,620.57,463.3
1792650660000000000,2026-10-22T06:31:00Z,controller 2,0.873,3.337,143.61,432.67,271.0,38.38,1.34,100.0,3,Off,655.04,441.49
1792650720000000000,2026-10-22T06:32:00Z,free response,0.914,3.343,40.5,143.74,499.24,38.34,1.34,100.0,1,Off,627.32,443.67
1792650780000000000,2026-10-22T06:33:00Z,controller 2,0.846,3.443,38.37,281.48,361.93,38.33,1.27,100.0,1,Off,609.63,423.26
1792650840000000000,2026-10-22T06:34:00Z,controller 1,0.833,3.49,74.17,269.31,475.88,38.31,1.33,100.0,2,Off,584.49,417.48
1792650900000000000,2026-10-22T06:35:00Z,controller 1,0.9,3.869,108.1,419.02,74.38,38.3,1.46,100.0,3,Off,544.0,421.94
1792650960000000000,2026-10-22T06:36:00Z,controller 2,0.841,3.219,87.94,229.65,474.29,38.27,1.08,100.0,3,Off,502.7,404.81
1792651020000000000,2026-10-22T06:37:00Z,controller 1,0.931,3.922,191.12,235.26,64.22,38.25,1.86,100.0,1,Off,454.62,416.27
1792651080000000000,2026-10-22T06:38:00Z,controller 2,0.825,3.347,-28.46,259.85,392.29,38.22,1.09,100.0,2,Off,468.73,442.9
1792651140000000000,2026-10-22T06:39:00Z,controller 2,0.874,3.783,47.19,141.88,594.1,38.19,1.39,100.0,1,Off,479.31,466.59
1792651200000000000,2026-10-22T06:40:00Z,controller 2,0.869,3.57,80.55,235.85,500.9,38.16,1.37,100.0,1,Off,501.74,459.91
1792651260000000000,2026-10-22T06:41:00Z,controller 1,0.941,3.311,0.3,417.64,363.38,38.14,1.49,100.0,2,Off,490.51,468.13
1792651320000000000,2026-10-22T06:42:00Z,controller 2,0.92,3.877,100.09,445.3,575.91,38.11,1.75,100.0,2,Off,462.95,473.18
1792651380000000000,2026-10-22T06:43:00Z,free response,0.892,3.429,119.67,125.27,25.29,38.09,1.48,100.0,2,Off,463.72,445.66
1792651440000000000,2026-10-22T06:44:00Z,controller 1,0.861,3.694,16.48,284.84,239.84,38.05,1.31,100.0,3,Off,494.78,470.22
1792651500000000000,2026-10-22T06:45:00Z,free response,0.923,3.768,195.37,313.19,132.74,38.03,1.61,100.0,1,Off,507.03,470.34
1792651560000000000,2026-10-22T06:46:00Z,controller 2,0.94,3.505,175.31,54.25,226.15,38.0,1.49,100.0,2,Off,464.35,469.4
1792651620000000000,2026-10-22T06:47:00Z,controller 1,0.955,3.47,-21.81,19.52,97.74,37.98,1.47,100.0,1,Off,422.63,498.93
1792651680000000000,2026-10-22T06:48:00Z,controller 1,0.826,3.664,46.06,205.0,582.25,37.96,1.16,100.0,1,Off,397.43,517.72
1792651740000000000,2026-10-22T06:49:00Z,controller 1,0.876,3.312,50.58,194.62,176.68,37.94,1.3,100.0,1,Off,357.79,545.51
1792651800000000000,2026-10-22T06:50:00Z,free response,0.824,3.387,107.49,30.06,259.78,37.91,1.25,100.0,1,Off,357.85,566.54
1792651860000000000,2026-10-22T06:51:00Z,free response,0.979,3.767,16.53,269.13,538.77,37.88,1.94,100.0,1,Off,310.81,580.84
1792651920000000000,2026-10-22T06:52:00Z,free response,0.946,3.385,73.2,270.37,570.38,37.87,1.61,100.0,1,Off,326.89,583.1
1792651980000000000,2026-10-22T06:53:00Z,controller 2,0.952,3.233,83.22,222.2,247.94,37.85,1.35,100.0,1,Off,370.87,561.29
1792652040000000000,2026-10-22T06:54:00Z,controller 1,0.924,3.349,46.38,104.64,204.07,37.82,1.56,100.0,3,Off,398.97,582.51
1792652100000000000,2026-10-22T06:55:00Z,controller 2,0.914,3.249,20.94,358.68,505.17,37.81,1.27,100.0,1,Off,374.9,601.66
1792652160000000000,2026-10-22T06:56:00Z,free response,0.862,3.347,81.01,36.92,369.63,37.78,1.34,100.0,1,Off,372.0,605.11
1792652220000000000,2026-10-22T06:57:00Z,controller 1,0.88,3.634,172.37,0.76,304.42,37.76,1.46,100.0,3,Off,331.25,632.59
1792652280000000000,2026-10-22T06:58:00Z,controller 2,0.932,3.535,29.92,239.44,19.68,37.74,1.44,100.0,3,Off,302.94,650.41
1792652340000000000,2026-10-22T06:59:00Z,controller 1,0.864,3.945,87.94,297.36,323.84,37.71,1.35,100.0,1,Off,332.69,679.65
1792652400000000000,2026-10-22T07:00:00Z,free response,0.38,8.089,-4.05,338.88,446.26,37.69,0.59,100.0,3,Off,365.27,686.77
1792652460000000000,2026-10-22T07:01:00Z,free response,0.246,7.56,84.89,355.21,233.16,37.67,0.22,100.0,2,Off,400.32,704.88
1792652520000000000,2026-10-22T07:02:00Z,controller 2,0.316,7.987,2.43,354.29,41.49,37.66,0.42,100.0,1,Off,399.99,694.18
1792652580000000000,2026-10-22T07:03:00Z,controller 1,0.262,8.076,125.91,373.76,373.69,37.64,0.27,100.0,3,Off,444.27,694.64
1792652640000000000,2026-10-22T07:04:00Z,free response,0.307,8.061,140.92,198.41,6.21,37.63,0.4,100.0,1,Off,428.67,696.62
1792652700000000000,2026-10-22T07:05:00Z,free response,0.296,7.653,87.96,86.48,475.63,37.6,0.31,100.0,3,Off,469.01,681.61
1792652760000000000,2026-10-22T07:06:00Z,controller 2,0.261,7.817,166.2,200.06,368.87,37.6,0.28,100.0,2,Off,480.8,666.68
1792652820000000000,2026-10-22T07:07:00Z,free response,0.245,8.064,29.93,38.27,217.19,37.59,0.26,100.0,2,Off,528.39,641.88
1792652880000000000,2026-10-22T07:08:00Z,free response,0.241,7.405,194.55,171.44,242.43,37.59,0.2,100.0,3,Off,515.48,625.56
1792652940000000000,2026-10-22T07:09:00Z,free response,0.371,7.376,-11.67,360.86,74.33,37.58,0.53,100.0,3,Off,550.91,614.43
1792653000000000000,2026-10-22T07:10:00Z,controller 2,0.284,7.965,55.65,222.53,269.65,37.56,0.34,100.0,3,Off,563.56,586.22
1792653060000000000,2026-10-22T07:11:00Z,free response,0.247,8.112,43.8,81.43,497.65,37.55,0.25,100.0,2,Off,602.85,601.29
1792653120000000000,2026-10-22T07:12:00Z,controller 1,0.401,8.026,8.73,231.69,599.59,37.53,0.64,100.0,3,Off,626.99,608.58
1792653180000000000,2026-10-22T07:13:00Z,controller 1,0.351,7.48,106.66,265.41,96.1,37.5,0.49,100.0,1,Off,617.65,617.89
1792653240000000000,2026-10-22T07:14:00Z,free response,0.302,8.042,64.8,203.94,590.69,37.48,0.34,100.0,3,Off,607.76,604.74
1792653300000000000,2026-10-22T07:15:00Z,controller 2,0.297,7.373,190.01,44.81,579.62,37.45,0.35,100.0,2,Off,598.64,618.87
1792653360000000000,2026-10-22T07:16:00Z,controller 2,0.312,7.802,84.0,225.89,109.71,37.43,0.36,100.0,1,Off,552.3,633.46
1792653420000000000,2026-10-22T07:17:00Z,controller 2,0.381,7.876,33.43,98.64,201.74,37.4,0.58,100.0,2,Off,526.97,641.92
1792653480000000000,2026-10-22T07:18:00Z,controller 1,0.339,7.862,8.36,433.38,109.06,37.36,0.41,100.0,3,Off,572.42,647.3
1792653540000000000,2026-10-22T07:19:00Z,free response,0.292,8.021,184.98,394.15,439.49,37.34,0.31,100.0,2,Off,576.66,637.06
1792653600000000000,2026-10-22T07:20:00Z,controller 1,0.289,7.461,76.18,22.28,333.68,37.31,0.34,100.0,1,Off,601.46,650.83
1792653660000000000,2026-10-22T07:21:00Z,controller 2,0.361,7.958,152.7,169.96,548.18,37.28,0.55,100.0,2,Off,570.8,645.69
1792653720000000000,2026-10-22T07:22:00Z,controller 1,0.349,7.822,74.33,116.1,180.57,37.26,0.49,100.0,2,Off,592.62,624.62
1792653780000000000,2026-10-22T07:23:00Z,controller 1,0.271,7.813,189.12,302.33,305.39,37.24,0.31,100.0,2,Off,607.96,618.21
1792653840000000000,2026-10-22T07:24:00Z,controller 1,0.34,7.9,119.04,360.1,182.72,37.23,0.5,100.0,2,Off,584.6,602.24
1792653900000000000,2026-10-22T07:25:00Z,free response,0.372,8.049,193.9,6.37,531.96,37.21,0.59,100.0,1,Off,601.94,577.0
1792653960000000000,2026-10-22T07:26:00Z,controller 2,0.272,7.921,-11.05,187.36,128.65,37.19,0.3,100.0,2,Off,584.19,567.86
1792654020000000000,2026-10-22T07:27:00Z,controller 2,0.348,7.391,146.7,146.03,19.56,37.16,0.48,100.0,2,Off,609.5,550.42
1792654080000000000,2026-10-22T07:28:00Z,free response,0.308,7.634,22.09,55.16,409.16,37.15,0.35,100.0,1,Off,583.87,534.16
1792654140000000000,2026-10-22T07:29:00Z,free response,0.299,8.018,132.32,60.19,28.08,37.13,0.39,100.0,1,Off,561.84,518.72
1792654200000000000,2026-10-22T07:30:00Z,controller 1,2.082,11.303,33.41,333.32,597.04,37.12,24.64,100.0,1,Off,555.3,536.03
1792654260000000000,2026-10-22T07:31:00Z,controller 1,2.108,11.408,65.23,333.92,227.52,37.11,23.98,100.0,1,Off,528.51,561.93
1792654320000000000,2026-10-22T07:32:00Z,free response,2.147,11.031,-18.36,21.07,64.66,37.11,24.1,100.0,3,Off,485.42,559.1
1792654380000000000,2026-10-22T07:33:00Z,controller 1,2.18,11.438,22.67,447.49,255.43,37.07,25.98,100.0,3,Off,448.8,582.62
1792654440000000000,2026-10-22T07:34:00Z,controller 1,2.079,10.952,18.99,178.39,401.36,37.05,25.5,100.0,1,Off,498.08,555.29
1792654500000000000,2026-10-22T07:35:00Z,controller 1,2.099,11.074,47.37,64.95,237.49,37.04,26.05,100.0,3,On,489.39,544.53
1792654560000000000,2026-10-22T07:36:00Z,controller 2,2.142,11.01,160.71,233.36,246.6,37.02,24.21,100.0,1,On,491.4,569.77
1792654620000000000,2026-10-22T07:37:00Z,free response,2.065,11.148,163.91,3.84,183.9,37.0,22.0,100.0,3,On,474.93,542.54
1792654680000000000,2026-10-22T07:38:00Z,controller 1,2.051,11.44,75.09,110.08,446.31,36.99,22.17,100.0,3,On,507.99,542.93
1792654740000000000,2026-10-22T07:39:00Z,free response,2.186,11.046,-10.83,82.79,587.41,36.97,28.33,100.0,3,On,528.44,515.95
1792654800000000000,2026-10-22T07:40:00Z,controller 1,2.173,11.215,-28.93,75.2,280.77,36.95,24.85,100.0,1,On,502.53,491.64
1792654860000000000,2026-10-22T07:41:00Z,controller 1,2.033,11.432,161.89,71.39,467.19,36.93,25.13,100.0,3,On,545.34,521.37
1792654920000000000,2026-10-22T07:42:00Z,controller 1,2.016,10.756,138.77,344.37,486.37,36.92,19.75,100.0,1,On,521.94,520.0
1792654980000000000,2026-10-22T07:43:00Z,controller 2,2.112,10.907,24.81,254.34,391.36,36.89,25.07,100.0,1,On,546.71,501.82
1792655040000000000,2026-10-22T07:44:00Z,controller 1,2.046,11.03,88.71,238.39,513.67,36.87,21.06,100.0,2,On,539.08,485.98
1792655100000000000,2026-10-22T07:45:00Z,controller 2,2.114,11.427,-12.79,301.96,310.96,36.86,27.19,100.0,3,On,499.23,508.21
1792655160000000000,2026-10-22T07:46:00Z,controller 1,2.12,11.184,194.84,415.25,586.7,36.84,24.72,100.0,1,On,480.2,478.4
1792655220000000000,2026-10-22T07:47:00Z,controller 1,2.117,10.912,157.43,143.02,142.6,36.83,23.41,100.0,2,On,499.72,455.51
1792655280000000000,2026-10-22T07:48:00Z,controller 2,2.181,10.837,0.96,17.74,457.5,36.8,25.55,100.0,2,On,492.15,440.8
1792655340000000000,2026-10-22T07:49:00Z,free response,2.121,11.251,105.42,419.91,71.2,36.77,24.52,100.0,1,On,531.53,441.55
1792655400000000000,2026-10-22T07:50:00Z,free response,2.147,11.093,79.24,434.29,144.6,36.76,27.65,100.0,2,On,568.48,436.42
1792655460000000000,2026-10-22T07:51:00Z,controller 2,2.156,11.339,17.28,352.39,52.2,36.74,24.86,100.0,1,On,597.27,462.47
1792655520000000000,2026-10-22T07:52:00Z,free response,2.017,10.791,90.8,397.99,521.67,36.73,22.03,100.0,1,On,581.29,454.16
1792655580000000000,2026-10-22T07:53:00Z,controller 2,2.03,11.031,74.9,401.62,165.28,36.7,22.49,100.0,3,On,630.02,447.05
1792655640000000000,2026-10-22T07:54:00Z,controller 2,2.088,10.97,-1.23,67.93,250.22,36.68,25.56,100.0,3,On,611.52,434.04
1792655700000000000,2026-10-22T07:55:00Z,controller 2,2.07,10.761,49.56,153.27,125.23,36.66,23.51,100.0,2,On,654.64,428.25
1792655760000000000,2026-10-22T07:56:00Z,controller 2,2.054,11.228,-15.13,414.53,557.96,36.65,24.29,100.0,2,On,641.51,432.44
1792655820000000000,2026-10-22T07:57:00Z,controller 1,2.023,11.202,23.47,367.28,173.49,36.63,24.69,100.0,3,On,608.33,419.98
1792655880000000000,2026-10-22T07:58:00Z,free response,2.126,11.405,58.81,356.52,576.28,36.6,24.38,100.0,3,On,609.29,409.48
1792655940000000000,2026-10-22T07:59:00Z,free response,2.016,10.93,-18.62,34.47,141.0,36.57,22.0,100.0,2,On,649.52,410.08
1792656000000000000,2026-10-22T08:00:00Z,free response,0.29,7.034,167.42,67.2,555.73,36.54,0.31,100.0,2,On,535.38,537.54
1792656060000000000,2026-10-22T08:01:00Z,controller 2,0.326,6.736,146.81,210.79,142.82,36.53,0.34,100.0,2,On,544.23,513.75
1792656120000000000,2026-10-22T08:02:00Z,controller 2,0.228,6.619,124.71,383.54,461.42,36.5,0.18,100.0,3,On,511.98,535.84
1792656180000000000,2026-10-22T08:03:00Z,controller 2,0.331,6.803,29.97,372.06,571.25,36.47,0.37,100.0,1,On,466.35,550.68
1792656240000000000,2026-10-22T08:04:00Z,controller 1,0.34,7.108,13.29,400.23,334.16,36.44,0.45,100.0,1,On,463.44,536.48
1792656300000000000,2026-10-22T08:05:00Z,free response,0.324,6.647,75.41,177.5,595.08,36.41,0.34,100.0,1,On,441.35,543.81
1792656360000000000,2026-10-22T08:06:00Z,controller 1,0.35,6.999,151.54,335.33,246.05,36.4,0.45,100.0,2,On,655.51,798.85
1792656420000000000,2026-10-22T08:07:00Z,controller 1,0.199,7.089,165.36,262.24,223.86,36.39,0.15,100.0,1,On,689.59,824.07
1792656480000000000,2026-10-22T08:08:00Z,controller 2,0.26,6.727,10.05,73.78,33.19,36.36,0.23,100.0,1,On,665.97,817.63
1792656540000000000,2026-10-22T08:09:00Z,free response,0.248,6.713,90.41,170.78,417.53,36.34,0.22,100.0,1,On,699.94,793.89
1792656600000000000,2026-10-22T08:10:00Z,controller 2,0.291,6.736,199.72,144.78,556.53,36.3,0.3,100.0,2,On,713.32,802.66
1792656660000000000,2026-10-22T08:11:00Z,free response,0.196,7.163,124.31,118.58,455.53,36.28,0.15,100.0,2,On,696.7,791.16
1792656720000000000,2026-10-22T08:12:00Z,controller 2,0.263,6.865,45.3,315.89,560.51,36.25,0.24,100.0,3,On,655.66,802.4
1792656780000000000,2026-10-22T08:13:00Z,controller 2,0.186,7.011,3.76,164.11,278.77,36.23,0.12,100.0,2,On,679.42,798.0
1792656840000000000,2026-10-22T08:14:00Z,controller 2,0.344,6.66,197.52,96.82,431.78,36.2,0.4,100.0,1,On,634.69,777.65
1792656900000000000,2026-10-22T08:15:00Z,controller 2,0.341,6.6,165.08,238.63,362.52,36.17,0.4,100.0,1,On,677.28,789.85
1792656960000000000,2026-10-22T08:16:00Z,controller 1,0.33,6.723,147.25,124.71,596.06,36.16,0.39,100.0,1,On,718.17,772.46
1792657020000000000,2026-10-22T08:17:00Z,controller 1,0.223,7.232,57.74,235.13,401.25,36.13,0.2,100.0,2,On,683.98,794.66
1792657080000000000,2026-10-22T08:18:00Z,controller 1,0.311,6.817,80.15,170.94,97.75,36.12,0.31,100.0,3,On,704.74,804.1
1792657140000000000,2026-10-22T08:19:00Z,controller 2,0.268,7.288,39.72,392.78,90.41,36.1,0.28,100.0,1,On,709.03,826.75
1792657200000000000,2026-10-22T08:20:00Z,controller 2,0.278,6.993,196.46,133.0,421.92,36.08,0.26,100.0,2,On,711.96,801.77
1792657260000000000,2026-10-22T08:21:00Z,controller 1,0.301,6.719,145.39,178.25,267.15,36.06,0.28,100.0,3,On,693.55,811.91
1792657320000000000,2026-10-22T08:22:00Z,controller 1,0.173,7.136,150.34,396.75,352.61,36.03,0.1,100.0,2,On,712.33,800.81
1792657380000000000,2026-10-22T08:23:00Z,controller 1,0.324,6.814,-26.46,178.21,541.26,36.02,0.36,100.0,2,On,751.95,818.68
1792657440000000000,2026-10-22T08:24:00Z,controller 2,0.341,7.181,184.0,87.19,410.68,35.99,0.44,100.0,3,On,784.81,847.23
1792657500000000000,2026-10-22T08:25:00Z,controller 1,0.286,6.947,44.94,50.59,227.94,35.98,0.27,100.0,3,On,755.95,836.81
1792657560000000000,2026-10-22T08:26:00Z,controller 2,0.274,7.136,160.43,41.97,510.07,35.95,0.28,100.0,2,On,800.75,844.94
1792657620000000000,2026-10-22T08:27:00Z,controller 1,0.186,7.276,31.67,371.27,332.6,35.93,0.13,100.0,2,On,1494.72,793.51
1792657680000000000,2026-10-22T08:28:00Z,controller 1,0.274,7.062,-13.47,88.93,564.28,35.91,0.28,100.0,1,On,1284.66,445.97
1792657740000000000,2026-10-22T08:29:00Z,controller 2,0.218,7.242,-18.91,196.05,371.31,35.9,0.18,100.0,1,On,1263.37,472.7
1792657800000000000,2026-10-22T08:30:00Z,free response,2.497,4.355,54.3,301.79,234.84,35.87,13.85,100.0,1,On,1264.15,487.52
1792657860000000000,2026-10-22T08:31:00Z,controller 2,2.385,5.076,57.43,351.25,165.89,35.84,13.32,100.0,2,On,1279.06,469.12
1792657920000000000,2026-10-22T08:32:00Z,controller 1,2.471,4.585,152.86,114.3,298.91,35.84,14.46,100.0,1,On,1286.5,476.11
1792657980000000000,2026-10-22T08:33:00Z,free response,2.343,4.426,63.8,312.84,302.4,35.82,12.24,100.0,2,On,1327.62,472.67
1792658040000000000,2026-10-22T08:34:00Z,free response,2.512,4.659,177.64,108.39,83.24,35.81,15.93,100.0,3,On,1348.04,458.98
1792658100000000000,2026-10-22T08:35:00Z,controller 2,2.443,4.553,164.98,205.87,545.32,35.79,13.64,100.0,1,On,1377.05,454.6
1792658160000000000,2026-10-22T08:36:00Z,free response,2.483,4.73,174.12,375.0,112.41,35.78,15.98,100.0,3,On,1402.19,476.09
1792658220000000000,2026-10-22T08:37:00Z,free response,2.37,4.965,3.81,185.87,25.11,35.76,15.06,100.0,2,On,1393.63,480.6
1792658280000000000,2026-10-22T08:38:00Z,controller 1,2.463,4.812,53.21,127.02,367.56,35.75,14.74,100.0,1,On,1351.1,467.95
1792658340000000000,2026-10-22T08:39:00Z,free response,2.383,4.486,-29.36,219.36,394.05,35.72,12.32,100.0,3,On,1344.05,474.51
1792658400000000000,2026-10-22T08:40:00Z,controller 2,2.336,4.475,-8.81,175.68,545.8,35.7,11.41,100.0,1,On,1316.75,465.04
1792658460000000000,2026-10-22T08:41:00Z,controller 1,2.451,4.694,88.79,225.27,486.79,35.68,15.04,100.0,2,On,1352.17,448.07
1792658520000000000,2026-10-22T08:42:00Z,free response,2.346,4.618,26.76,185.69,367.63,35.67,11.74,100.0,2,On,1393.62,424.83
1792658580000000000,2026-10-22T08:43:00Z,controller 2,2.432,5.013,199.52,18.55,505.5,35.65,15.17,100.0,3,On,1410.05,399.57
1792658640000000000,2026-10-22T08:44:00Z,controller 1,2.351,4.891,70.03,301.15,499.31,35.62,13.42,100.0,1,On,638.79,873.35
1792658700000000000,2026-10-22T08:45:00Z,controller 1,2.485,5.068,4.84,447.21,550.56,35.6,15.22,100.0,2,On,609.69,861.35
1792658760000000000,2026-10-22T08:46:00Z,controller 1,2.453,5.015,113.13,245.35,183.13,35.57,15.45,100.0,3,On,626.64,845.11
1792658820000000000,2026-10-22T08:47:00Z,free response,2.355,4.536,121.98,276.14,333.43,35.55,12.54,100.0,2,Off,642.51,861.89
1792658880000000000,2026-10-22T08:48:00Z,controller 2,2.409,4.775,133.99,223.1,469.72,35.52,14.99,100.0,3,Off,658.07,879.09
1792658940000000000,2026-10-22T08:49:00Z,controller 1,2.387,4.642,17.65,326.88,363.84,35.51,14.35,100.0,2,Off,622.37,895.83
1792659000000000000,2026-10-22T08:50:00Z,controller 1,2.374,4.78,14.76,76.71,343.95,35.49,14.7,100.0,2,Off,639.51,924.33
1792659060000000000,2026-10-22T08:51:00Z,controller 2,2.34,4.598,50.85,97.35,333.36,35.46,13.31,100.0,2,Off,674.3,933.38
1792659120000000000,2026-10-22T08:52:00Z,controller 2,2.398,4.542,101.51,336.05,339.8,35.44,13.23,100.0,1,Off,671.65,940.71
1792659180000000000,2026-10-22T08:53:00Z,controller 2,2.506,4.597,102.08,427.92,112.21,35.43,13.03,100.0,2,Off,686.49,954.92
1792659240000000000,2026-10-22T08:54:00Z,controller 1,2.414,5.011,109.87,399.91,120.07,35.41,13.82,100.0,3,Off,712.77,929.28
1792659300000000000,2026-10-22T08:55:00Z,controller 2,2.485,4.973,66.9,4.68,409.93,35.39,15.62,100.0,3,Off,727.76,930.23
1792659360000000000,2026-10-22T08:56:00Z,controller 1,2.471,4.56,6.19,131.29,405.37,35.37,12.66,100.0,1,Off,681.99,905.38
1792659420000000000,2026-10-22T08:57:00Z,controller 1,2.485,4.636,-3.51,321.11,546.62,35.37,14.12,100.0,1,Off,643.52,900.93
1792659480000000000,2026-10-22T08:58:00Z,controller 2,2.376,4.691,29.86,171.23,584.57,35.34,14.38,100.0,1,Off,683.5,887.2
1792659540000000000,2026-10-22T08:59:00Z,free response,2.344,4.596,56.3,248.4,138.41,35.33,11.93,100.0,1,Off,674.43,884.89
1792659600000000000,2026-10-22T09:00:00Z,controller 1,0.36,2.897,-3.17,100.65,208.33,35.31,0.2,100.0,2,Off,724.26,891.15
1792659660000000000,2026-10-22T09:01:00Z,controller 2,0.393,2.821,11.96,385.96,170.35,35.29,0.21,100.0,1,Off,759.76,864.91
1792659720000000000,2026-10-22T09:02:00Z,controller 1,0.289,2.81,-7.02,414.07,528.98,35.25,0.11,100.0,1,Off,725.42,883.11
1792659780000000000,2026-10-22T09:03:00Z,controller 2,0.319,2.96,106.96,313.55,172.49,35.24,0.16,100.0,1,Off,729.78,903.98
1792659840000000000,2026-10-22T09:04:00Z,controller 2,0.316,3.389,-25.86,313.13,21.5,35.21,0.16,100.0,3,Off,709.79,930.77
1792659900000000000,2026-10-22T09:05:00Z,controller 2,0.293,3.098,35.08,350.55,453.16,35.19,0.13,100.0,3,Off,759.57,907.46
1792659960000000000,2026-10-22T09:06:00Z,free response,0.412,3.223,89.26,322.19,407.1,35.18,0.28,100.0,1,Off,802.41,915.52
1792660020000000000,2026-10-22T09:07:00Z,free response,0.417,2.898,188.24,177.96,86.61,35.16,0.27,100.0,2,Off,768.2,937.57
1792660080000000000,2026-10-22T09:08:00Z,controller 2,0.288,2.962,170.92,442.7,598.28,35.13,0.11,100.0,1,Off,756.77,948.05
1792660140000000000,2026-10-22T09:09:00Z,controller 2,0.35,2.751,150.37,347.14,204.09,35.11,0.15,100.0,1,Off,762.29,940.22
1792660200000000000,2026-10-22T09:10:00Z,controller 2,0.372,3.197,-20.32,326.93,234.02,35.1,0.2,100.0,1,Off,518.4,854.11
1792660260000000000,2026-10-22T09:11:00Z,controller 2,0.343,3.517,117.92,314.13,58.21,35.07,0.21,100.0,3,Off,520.34,863.14
1792660320000000000,2026-10-22T09:12:00Z,controller 2,0.418,3.212,57.91,136.68,310.9,35.04,0.31,100.0,3,Off,472.33,854.97
1792660380000000000,2026-10-22T09:13:00Z,controller 1,0.25,3.081,159.97,27.26,164.36,35.02,0.1,100.0,3,Off,444.75,833.74
1792660440000000000,2026-10-22T09:14:00Z,free response,0.322,2.855,194.96,296.12,7.97,35.01,0.14,100.0,3,Off,436.87,807.89
1792660500000000000,2026-10-22T09:15:00Z,controller 1,0.381,3.45,139.82,189.43,549.24,35.0,0.23,100.0,2,Off,431.23,778.33
1792660560000000000,2026-10-22T09:16:00Z,controller 2,0.308,2.805,16.01,151.31,175.7,34.97,0.13,100.0,1,Off,414.09,765.82
1792660620000000000,2026-10-22T09:17:00Z,controller 1,0.343,3.145,40.62,14.51,6.27,34.93,0.18,100.0,1,Off,440.2,760.93
1792660680000000000,2026-10-22T09:18:00Z,free response,0.401,3.362,180.35,260.54,210.36,34.91,0.25,100.0,2,Off,396.87,787.95
1792660740000000000,2026-10-22T09:19:00Z,controller 1,0.414,3.245,181.64,423.5,188.21,34.88,0.27,100.0,3,Off,386.44,765.61
1792660800000000000,2026-10-22T09:20:00Z,free response,0.324,3.249,179.48,240.19,378.68,34.86,0.18,100.0,1,Off,385.62,762.49
1792660860000000000,2026-10-22T09:21:00Z,free response,0.308,2.996,68.1,93.77,186.85,34.85,0.15,100.0,3,Off,372.25,762.82
1792660920000000000,2026-10-22T09:22:00Z,free response,0.335,3.19,66.37,65.56,518.99,34.83,0.19,100.0,3,Off,390.15,765.67
1792660980000000000,2026-10-22T09:23:00Z,free response,0.252,2.985,-5.5,247.83,147.67,34.8,0.1,100.0,1,Off,398.81,789.22
1792661040000000000,2026-10-22T09:24:00Z,controller 1,0.336,3.207,-15.25,14.25,192.99,34.78,0.18,100.0,1,Off,435.95,817.38
1792661100000000000,2026-10-22T09:25:00Z,free response,0.368,2.932,20.72,289.61,588.94,34.76,0.2,100.0,2,Off,481.5,809.51
1792661160000000000,2026-10-22T09:26:00Z,controller 1,0.335,2.943,100.87,216.14,339.38,34.73,0.15,100.0,1,Off,478.74,806.36
1792661220000000000,2026-10-22T09:27:00Z,free response,0.405,2.984,3.33,117.51,251.44,34.73,0.26,100.0,1,Off,508.05,777.76
1792661280000000000,2026-10-22T09:28:00Z,free response,0.37,2.9,73.08,34.67,77.38,34.69,0.19,100.0,1,Off,488.19,751.83
1792661340000000000,2026-10-22T09:29:00Z,controller 1,0.334,3.251,135.44,162.55,234.06,34.68,0.19,100.0,3,Off,491.83,781.79
1792661400000000000,2026-10-22T09:30:00Z,free response,0.896,11.83,69.27,121.6,476.81,34.65,4.32,100.0,3,Off,534.29,787.63
1792661460000000000,2026-10-22T09:31:00Z,free response,0.943,11.516,192.52,271.97,30.06,34.64,5.51,100.0,2,Off,1068.35,691.97
1792661520000000000,2026-10-22T09:32:00Z,free response,0.809,11.796,148.24,127.36,52.06,34.62,3.9,100.0,1,Off,1092.84,692.39
1792661580000000000,2026-10-22T09:33:00Z,free response,0.898,11.935,99.57,277.03,591.67,34.61,4.75,100.0,1,Off,1105.71,701.0
1792661640000000000,2026-10-22T09:34:00Z,free response,0.851,12.014,115.53,204.27,290.26,34.59,4.49,100.0,1,Off,1139.07,696.74
1792661700000000000,2026-10-22T09:35:00Z,controller 2,0.873,11.466,144.35,394.74,365.64,34.57,4.0,100.0,1,Off,1119.49,707.24
1792661760000000000,2026-10-22T09:36:00Z,controller 2,0.951,11.745,177.39,251.75,578.34,34.54,5.48,100.0,1,Off,1127.88,797.64
1792661820000000000,2026-10-22T09:37:00Z,controller 2,0.902,11.472,91.97,232.34,597.02,34.53,4.82,100.0,2,Off,1082.85,797.92
1792661880000000000,2026-10-22T09:38:00Z,free response,0.937,11.716,61.46,154.99,505.97,34.5,5.33,100.0,1,Off,1058.01,791.37
1792661940000000000,2026-10-22T09:39:00Z,free response,0.906,11.761,92.2,410.16,246.86,34.49,5.23,100.0,3,Off,1094.4,802.58
1792662000000000000,2026-10-22T09:40:00Z,free response,0.857,12.226,117.48,51.66,243.38,34.47,4.85,100.0,3,Off,1086.35,814.78
1792662060000000000,2026-10-22T09:41:00Z,controller 1,0.889,11.75,7.05,181.38,11.26,34.46,4.42,100.0,3,Off,1101.19,842.73
1792662120000000000,2026-10-22T09:42:00Z,free response,0.901,11.864,-21.05,258.07,24.14,34.43,5.2,100.0,1,Off,1109.89,870.86
1792662180000000000,2026-10-22T09:43:00Z,controller 2,0.883,11.884,96.72,221.58,546.33,34.41,4.49,100.0,1,Off,1086.75,878.27
1792662240000000000,2026-10-22T09:44:00Z,controller 2,0.84,12.106,45.22,34.44,438.43,34.4,4.67,100.0,3,Off,1080.64,861.51
1792662300000000000,2026-10-22T09:45:00Z,controller 1,0.952,12.23,67.06,223.76,550.35,34.39,5.48,100.0,2,Off,1064.26,866.57
1792662360000000000,2026-10-22T09:46:00Z,controller 1,0.94,12.217,1.51,144.26,414.08,34.36,5.16,100.0,1,Off,1074.34,895.21
1792662420000000000,2026-10-22T09:47:00Z,free response,0.855,12.14,147.28,137.24,56.7,34.35,4.71,100.0,1,Off,1026.74,924.94
1792662480000000000,2026-10-22T09:48:00Z,free response,0.88,11.486,15.39,357.22,420.81,34.34,4.69,100.0,1,Off,1009.51,909.57
1792662540000000000,2026-10-22T09:49:00Z,free response,0.969,11.691,80.44,27.41,383.38,34.32,5.98,100.0,2,Off,1054.05,935.66
1792662600000000000,2026-10-22T09:50:00Z,controller 1,0.854,11.792,63.27,363.63,162.7,34.29,4.72,100.0,3,Off,1051.13,947.63
1792662660000000000,2026-10-22T09:51:00Z,controller 2,0.824,12.025,-0.77,262.49,347.16,34.29,3.81,100.0,1,Off,525.14,622.54
1792662720000000000,2026-10-22T09:52:00Z,controller 2,0.931,12.028,-21.86,418.26,476.27,34.26,5.0,100.0,1,Off,498.59,594.84
1792662780000000000,2026-10-22T09:53:00Z,free response,0.826,11.924,39.14,403.91,439.22,34.23,3.87,100.0,3,Off,521.37,590.75
1792662840000000000,2026-10-22T09:54:00Z,controller 2,0.954,11.47,6.82,134.43,97.82,34.22,5.2,100.0,2,Off,539.85,593.56
1792662900000000000,2026-10-22T09:55:00Z,free response,0.844,12.217,11.65,398.07,142.35,34.19,4.72,100.0,3,Off,1097.06,365.6
1792662960000000000,2026-10-22T09:56:00Z,controller 2,0.911,12.062,77.04,363.61,345.6,34.17,5.41,100.0,1,Off,1134.11,388.59
1792663020000000000,2026-10-22T09:57:00Z,free response,0.893,11.46,-11.6,204.27,319.89,34.16,4.13,100.0,2,Off,1165.65,398.15
1792663080000000000,2026-10-22T09:58:00Z,free response,0.943,12.197,-27.47,342.42,223.6,34.14,5.38,100.0,2,Off,1129.17,377.08
1792663140000000000,2026-10-22T09:59:00Z,free response,0.966,12.157,136.68,310.87,221.43,34.11,5.48,100.0,2,Off,1178.36,360.8
1792663200000000000,2026-10-22T10:00:00Z,controller 2,1.449,10.823,130.71,182.63,378.64,34.09,10.72,100.0,3,Off,1176.18,351.11
1792663260000000000,2026-10-22T10:01:00Z,controller 1,1.517,10.768,89.06,384.95,376.54,34.06,11.58,100.0,1,Off,1126.94,368.08
1792663320000000000,2026-10-22T10:02:00Z,free response,1.559,10.459,119.9,13.95,180.52,34.03,12.07,100.0,1,Off,1102.18,363.94
1792663380000000000,2026-10-22T10:03:00Z,free response,1.567,10.455,113.42,197.24,25.9,33.99,13.46,100.0,2,Off,1088.74,361.53
1792663440000000000,2026-10-22T10:04:00Z,controller 1,1.608,11.174,134.98,424.73,14.18,33.98,15.02,94.41,3,Off,1051.22,335.12
1792663500000000000,2026-10-22T10:05:00Z,controller 2,1.535,10.644,147.84,81.97,456.47,33.96,13.61,100.0,3,Off,1078.94,306.9
1792663560000000000,2026-10-22T10:06:00Z,free response,1.479,10.464,54.29,273.39,12.8,33.92,10.84,100.0,3,Off,1037.6,315.61
1792663620000000000,2026-10-22T10:07:00Z,controller 1,1.548,10.715,190.14,387.2,556.43,33.91,13.44,100.0,2,Off,989.93,339.63
1792663680000000000,2026-10-22T10:08:00Z,controller 1,1.575,10.968,102.63,387.37,426.38,33.88,14.5,100.0,1,Off,975.57,335.73
1792663740000000000,2026-10-22T10:09:00Z,controller 2,1.453,11.005,185.19,134.66,475.36,33.85,11.58,100.0,2,Off,928.52,346.96
1792663800000000000,2026-10-22T10:10:00Z,controller 1,1.525,10.768,-20.84,396.37,558.98,33.82,12.56,100.0,1,Off,924.98,331.75
1792663860000000000,2026-10-22T10:11:00Z,free response,1.532,10.725,131.5,10.87,499.81,33.79,12.1,100.0,2,Off,939.35,355.57
1792663920000000000,2026-10-22T10:12:00Z,free response,1.462,11.083,170.85,432.39,316.67,33.77,12.84,100.0,2,Off,945.63,362.82
1792663980000000000,2026-10-22T10:13:00Z,free response,1.576,10.692,120.65,38.48,75.44,33.76,13.74,100.0,3,Off,908.93,333.25
1792664040000000000,2026-10-22T10:14:00Z,controller 2,1.464,11.185,-6.75,69.61,518.35,33.74,11.24,100.0,1,Off,878.89,333.56
1792664100000000000,2026-10-22T10:15:00Z,controller 1,1.502,10.882,80.68,414.09,221.9,33.71,12.21,100.0,2,Off,869.14,308.32
1792664160000000000,2026-10-22T10:16:00Z,controller 2,1.59,11.038,83.08,426.71,546.56,33.7,12.97,100.0,2,Off,868.55,284.4
1792664220000000000,2026-10-22T10:17:00Z,controller 1,1.516,10.741,108.14,194.69,304.89,33.68,13.18,100.0,2,Off,886.14,272.62
1792664280000000000,2026-10-22T10:18:00Z,controller 2,1.551,10.719,191.71,38.93,542.37,33.67,12.85,100.0,1,Off,896.35,266.16
1792664340000000000,2026-10-22T10:19:00Z,free response,1.542,10.861,-25.92,350.48,421.77,33.66,13.81,100.0,2,Off,936.51,252.96
1792664400000000000,2026-10-22T10:20:00Z,controller 2,1.494,10.498,37.24,44.71,66.32,33.63,11.22,100.0,3,Off,925.11,251.35
1792664460000000000,2026-10-22T10:21:00Z,controller 1,1.552,10.734,24.74,155.4,208.24,33.61,13.96,100.0,1,Off,971.68,251.69
1792664520000000000,2026-10-22T10:22:00Z,controller 2,1.564,10.593,29.12,323.83,294.13,33.59,13.45,100.0,1,Off,975.05,270.19
1792664580000000000,2026-10-22T10:23:00Z,controller 2,1.521,10.9,99.09,215.16,383.38,33.57,13.65,100.0,2,Off,939.78,256.38
1792664640000000000,2026-10-22T10:24:00Z,controller 1,1.485,11.211,-10.84,26.48,325.94,33.55,13.26,100.0,1,Off,962.31,256.21
1792664700000000000,2026-10-22T10:25:00Z,controller 1,1.444,10.858,95.89,447.54,524.1,33.53,11.76,100.0,3,Off,930.69,274.04
1792664760000000000,2026-10-22T10:26:00Z,free response,1.56,11.176,-20.99,286.42,235.82,33.51,14.53,100.0,2,Off,949.59,265.46
1792664820000000000,2026-10-22T10:27:00Z,controller 2,1.56,11.009,167.29,427.52,528.72,33.49,14.62,100.0,3,Off,985.12,268.67
1792664880000000000,2026-10-22T10:28:00Z,controller 1,1.617,10.452,13.62,141.06,543.02,33.46,12.47,100.0,3,Off,1016.54,245.73
1792664940000000000,2026-10-22T10:29:00Z,controller 1,1.456,10.725,19.08,343.67,241.44,33.43,10.59,100.0,3,Off,1051.79,238.16
1792665000000000000,2026-10-22T10:30:00Z,controller 2,2.628,5.031,99.11,279.99,30.95,33.42,16.14,100.0,2,Off,1056.55,210.73
1792665060000000000,2026-10-22T10:31:00Z,controller 1,2.61,4.702,37.14,385.89,446.99,33.4,16.51,100.0,3,Off,1029.06,221.04
1792665120000000000,2026-10-22T10:32:00Z,controller 2,2.667,5.111,175.22,343.91,411.81,33.37,18.54,100.0,1,Off,1027.39,637.16
1792665180000000000,2026-10-22T10:33:00Z,controller 2,2.602,5.088,18.97,11.58,7.2,33.34,16.83,42.78,2,Off,985.41,615.35
1792665240000000000,2026-10-22T10:34:00Z,free response,2.526,4.485,-7.29,2.68,531.26,33.32,14.1,100.0,1,Off,961.84,633.42
1792665300000000000,2026-10-22T10:35:00Z,free response,2.645,4.877,119.08,29.13,10.24,33.31,18.37,55.74,2,Off,923.6,613.01
1792665360000000000,2026-10-22T10:36:00Z,free response,2.592,4.791,3.68,174.05,227.32,33.28,15.0,100.0,2,Off,940.84,631.46
1792665420000000000,2026-10-22T10:37:00Z,controller 2,2.666,5.12,14.38,384.54,402.29,33.28,19.64,100.0,3,Off,971.77,639.4
1792665480000000000,2026-10-22T10:38:00Z,controller 1,2.534,4.985,-3.05,175.0,570.64,33.26,15.46,100.0,3,Off,979.59,651.73
1792665540000000000,2026-10-22T10:39:00Z,controller 2,2.608,4.765,130.61,353.15,215.32,33.23,17.67,100.0,3,Off,945.47,638.15
1792665600000000000,2026-10-22T10:40:00Z,controller 1,2.594,4.669,108.82,113.57,306.25,33.2,16.92,100.0,2,Off,955.98,629.38
1792665660000000000,2026-10-22T10:41:00Z,controller 2,2.611,4.772,38.95,124.02,395.93,33.17,15.03,100.0,3,Off,965.74,658.01
1792665720000000000,2026-10-22T10:42:00Z,free response,2.592,4.463,45.56,202.97,504.37,33.14,16.08,100.0,3,Off,977.62,684.21
1792665780000000000,2026-10-22T10:43:00Z,free response,2.585,4.853,62.67,267.17,135.43,33.12,17.43,100.0,3,Off,960.45,682.37
1792665840000000000,2026-10-22T10:44:00Z,controller 2,2.604,4.969,71.63,273.65,572.49,33.1,18.32,100.0,3,Off,971.86,659.1
1792665900000000000,2026-10-22T10:45:00Z,free response,2.495,4.794,187.35,398.11,355.07,33.09,16.03,100.0,3,Off,1013.92,634.16
1792665960000000000,2026-10-22T10:46:00Z,free response,2.498,4.6,187.93,355.31,120.1,33.07,12.99,100.0,2,Off,993.23,640.76
1792666020000000000,2026-10-22T10:47:00Z,controller 2,2.629,5.183,9.73,413.0,248.46,33.05,17.82,100.0,3,Off,993.7,667.7
1792666080000000000,2026-10-22T10:48:00Z,controller 2,2.666,4.707,143.37,255.33,378.53,33.02,18.39,100.0,1,Off,987.99,670.46
1792666140000000000,2026-10-22T10:49:00Z,free response,2.66,5.033,118.37,36.09,163.73,33.01,17.88,100.0,2,Off,985.99,686.73
1792666200000000000,2026-10-22T10:50:00Z,free response,2.536,4.53,73.17,409.89,121.05,32.99,15.37,100.0,3,Off,968.64,687.84
1792666260000000000,2026-10-22T10:51:00Z,free response,2.591,4.549,38.12,425.44,463.33,32.96,15.89,100.0,2,Off,974.63,686.21
1792666320000000000,2026-10-22T10:52:00Z,controller 2,2.5,4.469,138.51,224.97,486.19,32.94,14.35,100.0,1,Off,985.9,709.2
1792666380000000000,2026-10-22T10:53:00Z,controller 1,2.503,4.443,107.92,197.8,389.86,32.91,15.04,100.0,2,Off,965.11,719.71
1792666440000000000,2026-10-22T10:54:00Z,controller 2,2.588,4.663,117.68,289.46,332.14,32.9,15.45,100.0,1,Off,1000.08,704.14
1792666500000000000,2026-10-22T10:55:00Z,free response,2.626,4.781,195.34,110.64,599.0,32.89,16.87,100.0,3,Off,1035.55,725.46
1792666560000000000,2026-10-22T10:56:00Z,controller 2,2.653,4.98,167.56,100.63,218.9,32.88,15.93,100.0,1,Off,1015.0,737.3
1792666620000000000,2026-10-22T10:57:00Z,controller 1,2.638,4.859,109.51,149.45,395.35,32.84,16.49,100.0,3,Off,992.82,747.67
1792666680000000000,2026-10-22T10:58:00Z,controller 2,2.598,4.471,21.81,345.33,451.26,32.82,13.79,100.0,1,Off,1033.6,733.42
1792666740000000000,2026-10-22T10:59:00Z,free response,2.598,4.609,77.55,6.21,98.98,32.79,15.84,100.0,3,Off,1082.74,745.31
1792666800000000000,2026-10-22T11:00:00Z,controller 1,0.408,9.605,-23.33,243.48,76.7,32.77,0.77,100.0,1,Off,1107.75,722.7
1792666860000000000,2026-10-22T11:01:00Z,free response,0.466,8.948,82.16,140.55,160.99,32.75,1.0,100.0,1,Off,1087.4,703.58
1792666920000000000,2026-10-22T11:02:00Z,free response,0.507,9.611,33.4,293.38,494.77,32.73,1.16,100.0,2,Off,1128.24,722.68
1792666980000000000,2026-10-22T11:03:00Z,free response,0.43,9.449,-5.54,365.4,74.29,32.7,0.85,100.0,3,Off,1117.6,699.22
1792667040000000000,2026-10-22T11:04:00Z,controller 1,0.404,8.941,100.83,35.72,324.92,32.68,0.69,100.0,3,Off,1098.21,714.95
1792667100000000000,2026-10-22T11:05:00Z,controller 1,0.428,9.538,26.79,247.42,366.08,32.65,0.79,100.0,2,Off,1125.95,705.19
1792667160000000000,2026-10-22T11:06:00Z,controller 1,0.528,9.108,29.13,358.79,303.85,32.65,1.19,100.0,1,Off,1142.28,726.61
1792667220000000000,2026-10-22T11:07:00Z,controller 2,0.38,9.614,171.66,378.72,9.49,32.63,0.76,100.0,3,Off,1150.39,755.51
1792667280000000000,2026-10-22T11:08:00Z,controller 1,0.432,9.136,186.74,238.54,317.83,32.6,0.77,100.0,2,Off,1139.15,736.22
1792667340000000000,2026-10-22T11:09:00Z,free response,0.501,9.307,121.36,200.51,553.91,32.59,1.25,100.0,2,Off,1188.68,721.34
1792667400000000000,2026-10-22T11:10:00Z,free response,0.422,9.25,50.81,144.57,347.76,32.56,0.77,100.0,3,Off,1157.46,700.64
1792667460000000000,2026-10-22T11:11:00Z,controller 1,0.447,9.252,66.21,58.68,74.54,32.55,0.99,100.0,3,Off,1109.4,689.14
1792667520000000000,2026-10-22T11:12:00Z,controller 2,0.422,9.605,134.29,257.84,172.27,32.53,0.85,100.0,1,Off,1062.25,675.71
1792667580000000000,2026-10-22T11:13:00Z,controller 2,0.436,9.047,85.37,284.13,279.64,32.52,0.85,100.0,3,Off,1066.73,691.9
1792667640000000000,2026-10-22T11:14:00Z,controller 1,0.467,9.061,63.58,272.41,186.21,32.51,0.98,100.0,3,Off,1113.41,713.39
1792667700000000000,2026-10-22T11:15:00Z,controller 1,0.451,8.884,112.13,165.77,421.64,32.5,0.99,100.0,3,Off,1083.52,701.09
1792667760000000000,2026-10-22T11:16:00Z,controller 2,0.468,9.488,120.98,32.7,215.79,32.48,1.0,100.0,2,Off,1092.41,716.57
1792667820000000000,2026-10-22T11:17:00Z,controller 1,0.407,9.132,25.51,54.21,150.81,32.46,0.8,100.0,3,Off,1094.28,697.11
1792667880000000000,2026-10-22T11:18:00Z,controller 1,0.428,9.036,5.61,384.1,300.3,32.43,0.87,100.0,3,Off,1048.66,718.86
1792667940000000000,2026-10-22T11:19:00Z,controller 2,0.427,9.281,190.68,134.52,595.05,32.39,0.77,100.0,1,Off,1020.45,697.63
1792668000000000000,2026-10-22T11:20:00Z,controller 2,0.503,9.325,30.77,146.5,127.56,32.39,1.17,100.0,1,Off,1008.33,694.43
1792668060000000000,2026-10-22T11:21:00Z,controller 1,0.468,9.549,117.95,315.84,203.39,32.37,1.08,100.0,3,Off,1021.62,679.34
1792668120000000000,2026-10-22T11:22:00Z,controller 1,0.441,9.01,12.17,165.4,275.98,32.34,0.86,100.0,2,Off,1010.48,678.32
1792668180000000000,2026-10-22T11:23:00Z,free response,0.486,9.079,-27.79,11.71,82.73,32.31,1.18,100.0,3,Off,1054.08,674.43
1792668240000000000,2026-10-22T11:24:00Z,free response,0.542,9.213,179.34,45.4,580.3,32.3,1.29,100.0,2,Off,1037.56,683.86
1792668300000000000,2026-10-22T11:25:00Z,controller 2,0.5,9.299,-5.38,377.75,579.85,32.28,1.17,100.0,2,Off,1058.06,662.54
1792668360000000000,2026-10-22T11:26:00Z,free response,0.499,9.412,-28.63,366.4,495.44,32.25,1.07,100.0,1,Off,1013.98,666.75
1792668420000000000,2026-10-22T11:27:00Z,free response,0.475,9.571,4.96,62.9,313.06,32.22,1.06,100.0,1,Off,1038.07,657.98
1792668480000000000,2026-10-22T11:28:00Z,free response,0.518,9.538,193.02,122.66,508.46,32.19,1.17,100.0,3,Off,1052.28,652.47
1792668540000000000,2026-10-22T11:29:00Z,controller 2,0.423,9.059,100.24,40.62,418.51,32.18,0.74,100.0,3,Off,1055.89,662.65
1792668600000000000,2026-10-22T11:30:00Z,controller 1,1.768,7.525,165.57,195.89,235.76,32.16,11.7,100.0,2,Off,1106.77,777.23
1792668660000000000,2026-10-22T11:31:00Z,controller 1,1.781,8.075,-28.32,266.89,353.53,32.13,12.16,100.0,3,Off,1155.1,791.08
1792668720000000000,2026-10-22T11:32:00Z,controller 2,1.758,7.319,-0.05,90.08,103.51,32.11,11.69,100.0,1,Off,1153.96,801.65
1792668780000000000,2026-10-22T11:33:00Z,controller 1,1.766,7.462,46.01,227.22,396.13,32.08,11.28,100.0,1,Off,1137.35,824.59
1792668840000000000,2026-10-22T11:34:00Z,controller 1,1.728,7.385,-1.49,114.45,117.69,32.06,11.35,100.0,2,Off,1096.11,844.78
1792668900000000000,2026-10-22T11:35:00Z,controller 1,1.724,7.785,32.96,276.69,388.15,32.04,11.78,100.0,1,Off,1073.51,837.3
1792668960000000000,2026-10-22T11:36:00Z,controller 1,1.64,7.933,108.01,341.68,157.96,32.03,10.93,100.0,2,Off,1112.43,842.21
1792669020000000000,2026-10-22T11:37:00Z,controller 1,1.77,7.778,137.9,420.47,420.18,32.0,11.53,100.0,3,Off,1102.73,860.37
1792669080000000000,2026-10-22T11:38:00Z,controller 1,1.679,7.763,75.67,405.41,103.83,31.98,10.69,100.0,2,Off,1107.54,841.15
1792669140000000000,2026-10-22T11:39:00Z,controller 1,1.775,7.662,132.79,351.17,140.0,31.97,12.68,100.0,2,Off,1100.81,841.78
1792669200000000000,2026-10-22T11:40:00Z,free response,1.676,7.92,102.69,83.03,361.56,31.93,10.4,100.0,1,Off,1121.95,852.01
1792669260000000000,2026-10-22T11:41:00Z,controller 2,1.714,7.472,-29.97,344.07,1.11,31.9,11.3,9.82,3,Off,1085.75,846.48
1792669320000000000,2026-10-22T11:42:00Z,free response,1.653,7.832,169.25,242.56,154.59,31.9,11.2,100.0,2,Off,1088.94,830.07
1792669380000000000,2026-10-22T11:43:00Z,free response,1.706,8.08,97.55,15.44,138.5,31.88,12.87,100.0,3,Off,1069.28,855.09
1792669440000000000,2026-10-22T11:44:00Z,free response,1.701,8.017,-24.0,76.9,559.94,31.85,11.12,100.0,3,Off,1116.23,858.5
1792669500000000000,2026-10-22T11:45:00Z,controller 1,1.644,7.928,55.93,405.43,45.41,31.83,10.24,100.0,3,Off,1074.75,878.34
1792669560000000000,2026-10-22T11:46:00Z,free response,1.768,7.534,35.9,124.72,575.74,31.79,11.28,100.0,2,Off,1090.47,886.98
1792669620000000000,2026-10-22T11:47:00Z,controller 2,1.731,7.831,88.2,268.97,356.55,31.76,11.8,100.0,1,Off,1063.48,902.48
1792669680000000000,2026-10-22T11:48:00Z,free response,1.741,7.981,69.04,300.62,203.0,31.75,12.91,100.0,1,Off,1102.41,874.14
1792669740000000000,2026-10-22T11:49:00Z,controller 1,1.776,8.044,80.19,344.29,326.31,31.73,12.27,100.0,3,Off,1058.28,895.19
1792669800000000000,2026-10-22T11:50:00Z,free response,1.712,7.551,61.46,195.74,369.14,31.7,10.21,100.0,2,Off,1024.75,886.26
1792669860000000000,2026-10-22T11:51:00Z,free response,1.771,7.622,-3.23,401.25,124.58,31.69,11.9,100.0,3,Off,1003.93,893.42
1792669920000000000,2026-10-22T11:52:00Z,free response,1.706,7.521,-14.49,23.83,575.88,31.66,11.99,100.0,3,Off,957.52,883.2
1792669980000000000,2026-10-22T11:53:00Z,controller 2,1.75,7.955,10.54,322.68,461.32,31.65,12.51,100.0,3,Off,994.36,859.77
1792670040000000000,2026-10-22T11:54:00Z,controller 2,1.689,7.494,122.16,337.01,61.99,31.62,11.38,100.0,3,Off,998.66,883.58
1792670100000000000,2026-10-22T11:55:00Z,free response,1.741,7.548,-5.38,339.71,245.94,31.58,12.28,100.0,2,Off,956.43,877.13
1792670160000000000,2026-10-22T11:56:00Z,free response,1.704,7.412,47.13,133.55,525.56,31.55,11.62,100.0,3,Off,961.01,899.29
1792670220000000000,2026-10-22T11:57:00Z,free response,1.693,7.551,191.14,52.2,502.82,31.54,10.89,100.0,3,Off,914.34,872.45
1792670280000000000,2026-10-22T11:58:00Z,controller 1,1.754,7.7,-20.87,65.11,50.54,31.52,11.53,100.0,3,Off,902.69,865.73
1792670340000000000,2026-10-22T11:59:00Z,controller 2,1.804,7.61,15.31,122.43,363.83,31.5,11.66,100.0,3,Off,941.24,876.39
1792670400000000000,2026-10-22T12:00:00Z,controller 2,2.281,5.895,168.29,276.19,135.63,31.49,15.27,100.0,1,Off,963.89,877.18
1792670460000000000,2026-10-22T12:01:00Z,controller 1,2.432,5.987,172.44,352.78,441.3,31.47,18.43,100.0,2,Off,1011.11,901.71
1792670520000000000,2026-10-22T12:02:00Z,free response,2.276,6.163,122.66,35.1,335.07,31.45,16.42,100.0,3,Off,867.14,937.4
1792670580000000000,2026-10-22T12:03:00Z,controller 1,2.406,6.172,152.52,19.39,468.17,31.44,18.39,100.0,1,Off,858.07,945.18
1792670640000000000,2026-10-22T12:04:00Z,controller 1,2.423,6.524,102.5,147.12,351.56,31.42,20.08,100.0,1,Off,904.59,920.19
1792670700000000000,2026-10-22T12:05:00Z,free response,2.337,6.402,60.04,293.02,474.24,31.41,16.62,100.0,3,Off,864.09,902.6
1792670760000000000,2026-10-22T12:06:00Z,controller 1,2.418,6.2,27.61,3.22,514.77,31.38,18.99,100.0,3,Off,892.35,893.77
1792670820000000000,2026-10-22T12:07:00Z,controller 2,2.416,5.919,71.77,116.49,422.01,31.38,16.4,100.0,3,Off,1247.0,395.01
1792670880000000000,2026-10-22T12:08:00Z,controller 1,2.439,6.559,105.28,159.28,587.62,31.37,18.53,100.0,1,Off,1228.96,407.43
1792670940000000000,2026-10-22T12:09:00Z,free response,2.281,6.071,66.02,274.96,304.43,31.36,14.3,100.0,2,Off,1181.21,985.95
1792671000000000000,2026-10-22T12:10:00Z,controller 2,2.405,6.408,193.8,126.94,18.91,31.32,18.31,100.0,3,Off,1194.13,980.88
1792671060000000000,2026-10-22T12:11:00Z,controller 2,2.318,6.413,74.24,438.72,464.74,31.31,16.0,100.0,3,Off,1198.04,968.36
1792671120000000000,2026-10-22T12:12:00Z,controller 2,2.318,6.206,2.37,150.88,102.17,31.3,18.19,100.0,3,Off,1243.02,980.29
1792671180000000000,2026-10-22T12:13:00Z,controller 2,2.429,6.098,35.35,129.19,204.19,31.27,19.46,100.0,3,Off,1236.52,990.51
1792671240000000000,2026-10-22T12:14:00Z,controller 1,2.414,5.878,16.11,181.79,334.14,31.24,17.42,100.0,2,Off,1255.4,963.41
1792671300000000000,2026-10-22T12:15:00Z,free response,2.332,6.405,172.78,170.39,387.04,31.23,19.0,100.0,3,Off,1225.4,954.69
1792671360000000000,2026-10-22T12:16:00Z,controller 1,2.343,6.498,146.45,197.71,408.6,31.23,16.36,100.0,2,Off,1270.92,972.84
1792671420000000000,2026-10-22T12:17:00Z,free response,2.438,6.524,181.81,132.42,281.75,31.21,17.8,100.0,2,Off,630.05,882.47
1792671480000000000,2026-10-22T12:18:00Z,free response,2.275,5.982,56.28,183.44,487.81,31.2,15.38,100.0,1,Off,618.51,910.72
1792671540000000000,2026-10-22T12:19:00Z,controller 2,2.417,6.52,146.29,437.21,304.54,31.18,18.55,100.0,1,Off,583.79,930.04
1792671600000000000,2026-10-22T12:20:00Z,controller 2,2.385,5.936,62.32,408.04,276.17,31.15,15.31,100.0,3,Starting,588.2,933.66
1792671660000000000,2026-10-22T12:21:00Z,controller 1,2.411,6.625,117.56,432.37,150.22,31.12,21.18,100.0,1,Starting,607.59,957.03
1792671720000000000,2026-10-22T12:22:00Z,controller 2,2.325,6.548,141.58,187.08,414.33,31.11,17.51,100.0,1,Starting,626.11,968.45
1792671780000000000,2026-10-22T12:23:00Z,controller 2,2.447,6.196,133.54,238.38,264.88,31.1,19.45,100.0,2,Starting,622.73,976.67
1792671840000000000,2026-10-22T12:24:00Z,controller 1,2.436,6.518,109.85,254.42,526.9,31.07,21.2,100.0,3,Starting,603.95,975.7
1792671900000000000,2026-10-22T12:25:00Z,controller 1,2.37,6.109,50.51,59.36,107.41,31.05,17.0,100.0,2,Starting,633.27,995.64
1792671960000000000,2026-10-22T12:26:00Z,controller 2,2.395,6.205,61.93,256.39,337.55,31.03,17.33,100.0,2,Starting,681.05,1000.0
1792672020000000000,2026-10-22T12:27:00Z,controller 2,2.307,6.396,116.32,47.96,466.38,31.01,18.15,100.0,1,Starting,682.88,1000.0
1792672080000000000,2026-10-22T12:28:00Z,controller 2,2.336,6.455,1.34,226.91,570.85,31.0,16.88,100.0,2,Starting,718.97,983.87
1792672140000000000,2026-10-22T12:29:00Z,controller 1,2.44,6.454,70.51,191.93,266.81,30.97,19.1,100.0,1,Starting,696.95,980.38
1792672200000000000,2026-10-22T12:30:00Z,free response,1.719,6.939,167.85,94.37,589.02,30.95,10.56,100.0,1,Starting,654.49,973.21
1792672260000000000,2026-10-22T12:31:00Z,controller 2,1.806,7.459,167.39,437.67,73.77,30.92,12.01,100.0,1,Starting,663.5,962.3
1792672320000000000,2026-10-22T12:32:00Z,controller 2,1.882,7.192,159.72,239.68,243.37,30.89,12.81,100.0,3,Starting,659.13,936.98
1792672380000000000,2026-10-22T12:33:00Z,controller 2,1.78,6.95,45.6,23.07,205.95,30.86,11.99,100.0,3,Starting,672.65,949.75
1792672440000000000,2026-10-22T12:34:00Z,free response,1.875,6.843,115.14,200.81,518.66,30.85,12.89,100.0,2,Starting,704.28,973.71
1792672500000000000,2026-10-22T12:35:00Z,free response,1.774,7.302,29.93,186.18,186.32,30.83,11.45,100.0,3,Starting,687.49,947.46
1792672560000000000,2026-10-22T12:36:00Z,controller 1,1.815,7.128,0.02,87.4,551.92,30.81,11.57,100.0,1,Starting,640.81,945.93
1792672620000000000,2026-10-22T12:37:00Z,free response,1.826,7.378,62.48,233.75,467.72,30.8,11.26,100.0,3,Starting,617.15,944.72
1792672680000000000,2026-10-22T12:38:00Z,controller 2,1.771,6.777,58.24,167.68,141.69,30.78,9.92,100.0,1,Starting,628.04,929.48
1792672740000000000,2026-10-22T12:39:00Z,free response,1.744,7.017,132.49,402.39,196.7,30.76,9.83,100.0,1,Starting,645.6,921.88
1792672800000000000,2026-10-22T12:40:00Z,free response,1.838,7.514,128.58,198.77,467.59,30.73,13.18,100.0,3,Starting,656.3,934.44
1792672860000000000,2026-10-22T12:41:00Z,free response,1.77,7.48,73.92,130.22,127.31,30.72,12.44,100.0,2,Starting,636.0,938.9
1792672920000000000,2026-10-22T12:42:00Z,controller 2,1.835,7.44,109.33,388.93,488.05,30.71,12.82,100.0,2,Starting,595.19,953.53
1792672980000000000,2026-10-22T12:43:00Z,controller 2,1.807,7.214,127.26,51.92,543.41,30.67,11.22,100.0,1,Starting,587.47,981.41
1792673040000000000,2026-10-22T12:44:00Z,free response,1.794,7.064,197.79,365.73,502.14,30.65,12.16,100.0,3,Starting,570.21,999.33
1792673100000000000,2026-10-22T12:45:00Z,free response,1.839,7.319,-14.5,87.08,203.59,30.62,11.26,100.0,2,Starting,596.26,984.95
1792673160000000000,2026-10-22T12:46:00Z,free response,1.756,7.515,45.55,343.73,214.71,30.61,12.12,100.0,1,Starting,550.64,998.68
1792673220000000000,2026-10-22T12:47:00Z,controller 2,1.729,7.072,138.82,255.36,65.98,30.6,11.07,100.0,3,Starting,512.77,1000.0
1792673280000000000,2026-10-22T12:48:00Z,controller 1,1.766,7.017,93.51,58.15,174.33,30.58,11.37,100.0,3,Starting,506.34,988.85
1792673340000000000,2026-10-22T12:49:00Z,controller 1,1.875,7.341,51.82,449.01,1.5,30.54,12.72,11.79,3,Starting,458.67,990.61
1792673400000000000,2026-10-22T12:50:00Z,controller 2,1.739,7.345,54.33,84.9,29.74,30.51,10.04,100.0,1,Starting,427.78,987.55
1792673460000000000,2026-10-22T12:51:00Z,free response,1.73,7.38,105.75,283.27,492.62,30.49,11.92,100.0,2,Starting,444.7,957.69
1792673520000000000,2026-10-22T12:52:00Z,controller 1,1.762,6.864,113.53,126.93,286.43,30.47,11.21,100.0,1,Starting,412.73,936.35
1792673580000000000,2026-10-22T12:53:00Z,free response,1.825,6.851,-7.92,48.13,268.21,30.45,12.52,100.0,1,Starting,382.52,935.07
1792673640000000000,2026-10-22T12:54:00Z,controller 2,1.824,7.368,120.94,248.88,541.94,30.43,13.3,100.0,1,Starting,395.09,916.84
1792673700000000000,2026-10-22T12:55:00Z,free response,1.718,7.025,5.47,49.04,387.16,30.41,9.65,100.0,3,Starting,404.72,946.27
1792673760000000000,2026-10-22T12:56:00Z,free response,1.819,6.81,-27.17,121.74,63.25,30.4,12.37,100.0,3,Starting,378.66,967.8
1792673820000000000,2026-10-22T12:57:00Z,controller 1,1.877,6.839,-20.43,204.29,517.33,30.39,11.1,100.0,3,Starting,401.4,949.68
1792673880000000000,2026-10-22T12:58:00Z,free response,1.78,6.822,161.91,154.14,113.89,30.36,10.55,100.0,3,Starting,415.38,949.6
1792673940000000000,2026-10-22T12:59:00Z,free response,1.885,7.427,100.58,410.59,80.87,30.35,12.14,100.0,1,Starting,379.4,940.8
1792674000000000000,2026-10-22T13:00:00Z,free response,2.01,4.783,47.63,191.47,364.98,30.34,10.25,100.0,2,Starting,411.9,933.44
1792674060000000000,2026-10-22T13:01:00Z,controller 1,1.991,4.053,194.94,48.35,592.4,30.31,7.45,100.0,3,Starting,453.39,925.61
1792674120000000000,2026-10-22T13:02:00Z,free response,2.01,4.756,80.18,333.35,130.12,30.29,8.72,100.0,2,Starting,415.29,926.76
1792674180000000000,2026-10-22T13:03:00Z,controller 1,1.947,4.294,4.67,186.3,235.19,30.29,7.89,100.0,3,Starting,385.07,905.89
1792674240000000000,2026-10-22T13:04:00Z,free response,1.895,4.611,182.36,22.85,193.77,30.27,7.54,100.0,3,Starting,429.61,933.62
1792674300000000000,2026-10-22T13:05:00Z,free response,1.881,4.514,-15.83,289.37,514.6,30.24,7.31,100.0,1,Starting,448.84,915.37
1792674360000000000,2026-10-22T13:06:00Z,free response,1.943,4.499,25.74,36.61,382.53,30.24,7.87,100.0,3,Starting,407.21,886.1
1792674420000000000,2026-10-22T13:07:00Z,free response,1.932,4.63,50.97,397.3,72.55,30.22,8.91,100.0,1,Starting,454.26,859.81
1792674480000000000,2026-10-22T13:08:00Z,controller 1,1.91,4.727,61.12,2.87,284.24,30.19,8.38,100.0,2,Starting,496.03,841.58
1792674540000000000,2026-10-22T13:09:00Z,controller 1,1.896,4.223,76.6,314.63,391.27,30.15,7.85,100.0,3,Starting,514.73,827.54
1792674600000000000,2026-10-22T13:10:00Z,controller 2,2.028,4.34,-25.9,410.23,208.69,30.13,8.43,100.0,1,Starting,548.94,801.7
1792674660000000000,2026-10-22T13:11:00Z,free response,2.028,4.232,186.89,211.27,215.45,30.12,9.33,100.0,3,Starting,562.07,793.56
1792674720000000000,2026-10-22T13:12:00Z,controller 1,1.901,4.602,111.28,53.84,457.21,30.08,7.93,100.0,1,Starting,576.82,805.96
1792674780000000000,2026-10-22T13:13:00Z,controller 2,2.018,4.49,-1.88,337.15,157.05,30.05,9.4,100.0,3,Starting,552.48,798.14
1792674840000000000,2026-10-22T13:14:00Z,controller 1,1.988,4.7,131.74,214.98,300.86,30.02,9.14,100.0,3,Starting,550.94,811.7
1792674900000000000,2026-10-22T13:15:00Z,free response,2.003,4.156,105.42,431.26,338.2,30.0,8.52,100.0,1,Starting,572.41,837.22
1792674960000000000,2026-10-22T13:16:00Z,controller 2,1.947,4.235,88.49,270.67,131.89,29.99,8.41,100.0,1,Starting,557.23,848.11
1792675020000000000,2026-10-22T13:17:00Z,controller 2,1.999,4.403,162.12,82.87,269.15,29.96,9.54,100.0,2,Starting,572.55,872.68
1792675080000000000,2026-10-22T13:18:00Z,controller 1,1.955,4.637,25.14,376.88,310.73,29.95,8.1,100.0,2,Starting,560.46,852.51
1792675140000000000,2026-10-22T13:19:00Z,free response,2.047,4.359,166.47,148.03,36.83,29.94,9.42,100.0,1,Starting,589.56,830.8
1792675200000000000,2026-10-22T13:20:00Z,free response,1.968,4.388,-20.01,155.12,400.86,29.91,8.36,100.0,1,Starting,552.39,860.27
1792675260000000000,2026-10-22T13:21:00Z,controller 1,2.046,4.329,82.33,211.93,466.59,29.87,8.99,100.0,3,Starting,1343.55,511.2
1792675320000000000,2026-10-22T13:22:00Z,free response,1.983,4.357,-17.45,368.54,151.95,29.86,8.65,100.0,2,Starting,1371.3,518.31
1792675380000000000,2026-10-22T13:23:00Z,controller 2,2.027,4.158,-20.29,313.39,487.36,29.83,9.12,100.0,3,On,1415.72,546.45
1792675440000000000,2026-10-22T13:24:00Z,free response,1.998,4.294,46.31,102.7,26.39,29.81,8.85,100.0,1,On,1402.43,559.87
1792675500000000000,2026-10-22T13:25:00Z,free response,1.963,4.466,56.74,433.86,410.74,29.8,8.4,100.0,2,On,1442.23,575.97
1792675560000000000,2026-10-22T13:26:00Z,controller 2,2.014,4.096,128.31,349.58,60.04,29.79,8.8,100.0,3,On,1408.97,584.69
1792675620000000000,2026-10-22T13:27:00Z,controller 1,1.93,4.021,-22.1,163.11,258.05,29.78,6.99,100.0,3,On,1442.0,605.09
1792675680000000000,2026-10-22T13:28:00Z,controller 1,1.932,4.104,-5.03,329.28,326.61,29.77,7.97,100.0,2,On,1451.7,627.28
1792675740000000000,2026-10-22T13:29:00Z,controller 2,1.972,4.61,-21.18,22.9,258.87,29.75,8.55,100.0,2,On,1484.32,601.92
1792675800000000000,2026-10-22T13:30:00Z,free response,1.92,8.697,-26.59,274.11,424.3,29.74,16.87,100.0,3,On,1461.65,590.27
1792675860000000000,2026-10-22T13:31:00Z,free response,1.849,9.145,189.54,341.57,585.0,29.73,16.16,100.0,2,On,1491.34,577.87
1792675920000000000,2026-10-22T13:32:00Z,free response,1.976,8.751,42.74,77.91,389.96,29.7,16.28,100.0,1,On,1446.42,548.0
1792675980000000000,2026-10-22T13:33:00Z,free response,1.942,9.156,-27.62,116.22,200.92,29.69,15.66,100.0,1,On,1442.21,563.17
1792676040000000000,2026-10-22T13:34:00Z,free response,1.815,9.009,171.97,76.77,227.45,29.66,16.08,100.0,3,On,1229.5,471.3
1792676100000000000,2026-10-22T13:35:00Z,free response,1.933,8.674,197.96,193.92,211.23,29.66,17.56,100.0,1,On,1276.42,448.87
1792676160000000000,2026-10-22T13:36:00Z,controller 1,1.91,8.656,159.86,403.64,174.82,29.63,14.51,100.0,2,On,1251.96,454.52
1792676220000000000,2026-10-22T13:37:00Z,free response,1.949,8.833,120.81,74.22,29.93,29.62,17.56,100.0,1,On,1264.56,452.46
1792676280000000000,2026-10-22T13:38:00Z,controller 1,1.816,9.231,-8.46,112.87,241.37,29.61,16.23,100.0,2,On,1237.94,454.1
1792676340000000000,2026-10-22T13:39:00Z,free response,1.92,9.331,70.4,60.55,74.03,29.59,16.29,100.0,1,On,604.85,582.58
1792676400000000000,2026-10-22T13:40:00Z,free response,1.929,9.109,196.5,440.36,438.14,29.56,18.08,100.0,2,On,748.83,867.2
1792676460000000000,2026-10-22T13:41:00Z,controller 1,1.838,8.73,191.93,32.64,226.62,29.55,15.47,100.0,1,On,729.07,856.32
1792676520000000000,2026-10-22T13:42:00Z,free response,1.933,8.673,14.8,297.49,440.07,29.52,17.44,100.0,1,On,683.31,839.49
1792676580000000000,2026-10-22T13:43:00Z,controller 1,1.881,8.669,103.23,411.61,117.6,29.5,14.25,100.0,3,On,726.69,845.72
1792676640000000000,2026-10-22T13:44:00Z,free response,1.82,8.612,149.87,312.38,529.38,29.49,13.15,100.0,2,On,721.81,872.03
1792676700000000000,2026-10-22T13:45:00Z,controller 1,1.957,8.964,105.5,54.81,336.25,29.46,15.6,100.0,3,On,750.96,881.26
1792676760000000000,2026-10-22T13:46:00Z,controller 1,1.836,8.7,92.62,156.02,18.75,29.44,14.47,100.0,3,On,791.99,851.47
1792676820000000000,2026-10-22T13:47:00Z,free response,1.928,8.9,170.27,106.52,324.7,29.41,16.98,100.0,2,On,798.1,839.28
1792676880000000000,2026-10-22T13:48:00Z,controller 2,1.908,8.807,196.95,129.69,155.34,29.4,15.39,100.0,2,On,795.49,848.78
1792676940000000000,2026-10-22T13:49:00Z,controller 1,1.838,8.764,129.52,206.49,26.93,29.38,15.63,100.0,3,On,749.12,835.85
1792677000000000000,2026-10-22T13:50:00Z,free response,1.937,8.977,36.95,25.04,437.23,29.35,17.87,100.0,2,On,776.75,848.9
1792677060000000000,2026-10-22T13:51:00Z,controller 1,1.819,8.634,173.22,29.06,119.62,29.35,12.99,100.0,3,On,760.88,858.55
1792677120000000000,2026-10-22T13:52:00Z,controller 1,1.916,8.949,1.56,447.33,435.22,29.32,17.29,100.0,1,On,741.8,867.06
1792677180000000000,2026-10-22T13:53:00Z,free response,1.821,8.96,136.2,312.01,453.76,29.29,16.06,100.0,3,On,912.34,331.9
1792677240000000000,2026-10-22T13:54:00Z,controller 1,1.927,8.847,-1.62,397.38,257.61,29.29,15.3,100.0,2,On,938.06,311.84
1792677300000000000,2026-10-22T13:55:00Z,controller 1,1.919,9.038,160.02,17.93,212.54,29.28,16.61,100.0,2,On,905.73,290.06
1792677360000000000,2026-10-22T13:56:00Z,controller 1,1.971,8.659,70.6,217.46,426.7,29.25,15.3,100.0,1,On,905.65,264.84
1792677420000000000,2026-10-22T13:57:00Z,free response,1.956,8.992,198.82,434.56,433.67,29.24,17.9,100.0,2,On,991.38,861.67
1792677480000000000,2026-10-22T13:58:00Z,controller 1,1.957,8.926,128.17,337.78,501.44,29.22,15.61,100.0,1,On,1009.12,865.27
1792677540000000000,2026-10-22T13:59:00Z,free response,1.863,9.022,114.76,320.91,476.9,29.2,15.1,100.0,2,On,999.68,864.33
1792677600000000000,2026-10-22T14:00:00Z,free response,1.772,12.975,197.12,200.53,515.45,29.18,21.69,100.0,3,On,1022.24,878.71
1792677660000000000,2026-10-22T14:01:00Z,controller 1,1.615,12.828,15.32,434.97,131.42,29.17,16.17,100.0,3,On,1026.92,878.5
1792677720000000000,2026-10-22T14:02:00Z,controller 1,1.623,12.891,194.53,284.06,136.04,29.14,16.13,100.0,1,On,1066.34,888.5
1792677780000000000,2026-10-22T14:03:00Z,controller 1,1.646,12.492,21.78,125.2,222.98,29.13,16.5,100.0,1,On,1113.79,859.51
1792677840000000000,2026-10-22T14:04:00Z,controller 1,1.764,12.355,81.85,104.75,263.71,29.11,20.04,100.0,3,On,1137.65,836.11
1792677900000000000,2026-10-22T14:05:00Z,free response,1.657,12.456,102.9,179.87,468.77,29.1,16.36,100.0,1,On,1103.93,825.1
1792677960000000000,2026-10-22T14:06:00Z,free response,1.617,12.299,32.07,150.43,515.6,29.07,16.7,100.0,1,On,1070.05,828.31
1792678020000000000,2026-10-22T14:07:00Z,controller 2,1.721,12.679,196.93,80.48,174.36,29.06,17.99,100.0,1,On,1034.68,841.68
1792678080000000000,2026-10-22T14:08:00Z,controller 2,1.77,12.98,-1.62,155.46,301.93,29.05,18.65,100.0,2,On,1053.76,854.13
1792678140000000000,2026-10-22T14:09:00Z,free response,1.746,12.459,72.04,320.04,591.33,29.04,20.09,100.0,1,On,1083.61,858.89
1792678200000000000,2026-10-22T14:10:00Z,controller 2,1.769,12.349,38.44,85.11,537.51,29.03,20.87,100.0,2,On,1052.42,841.55
1792678260000000000,2026-10-22T14:11:00Z,controller 2,1.651,12.984,24.72,361.19,371.43,29.01,18.53,100.0,1,On,1060.71,850.67
1792678320000000000,2026-10-22T14:12:00Z,controller 2,1.669,12.883,44.03,64.73,47.78,29.01,16.23,100.0,2,On,1072.13,828.74
1792678380000000000,2026-10-22T14:13:00Z,controller 1,1.664,12.611,59.71,99.24,312.26,29.0,16.5,100.0,2,On,1081.5,839.54
1792678440000000000,2026-10-22T14:14:00Z,controller 2,1.679,12.48,177.09,278.34,268.18,28.99,16.18,100.0,1,On,1107.25,824.89
1792678500000000000,2026-10-22T14:15:00Z,free response,1.733,12.995,72.16,267.26,93.63,28.96,19.63,100.0,1,On,1071.03,816.44
1792678560000000000,2026-10-22T14:16:00Z,controller 1,1.659,12.587,137.48,66.71,145.77,28.93,17.12,100.0,1,On,1084.56,800.0
1792678620000000000,2026-10-22T14:17:00Z,controller 2,1.658,12.271,145.51,0.48,267.06,28.93,18.23,100.0,3,On,1064.2,781.16
1792678680000000000,2026-10-22T14:18:00Z,controller 2,1.683,12.763,96.74,150.86,286.9,28.89,18.1,100.0,3,On,1076.47,760.1
1792678740000000000,2026-10-22T14:19:00Z,free response,1.613,12.564,38.96,279.67,571.81,28.87,14.73,100.0,3,On,1058.08,782.56
1792678800000000000,2026-10-22T14:20:00Z,controller 2,1.611,12.343,128.27,447.19,124.67,28.85,15.23,100.0,1,On,1088.22,788.7
1792678860000000000,2026-10-22T14:21:00Z,controller 1,1.744,12.676,125.08,269.68,115.82,28.83,18.1,100.0,1,On,1127.13,759.97
1792678920000000000,2026-10-22T14:22:00Z,free response,1.617,12.499,152.27,425.05,307.83,28.81,16.24,100.0,3,On,1123.97,740.2
1792678980000000000,2026-10-22T14:23:00Z,free response,1.764,12.875,-13.84,161.77,272.08,28.8,19.12,100.0,1,On,1075.12,732.19
1792679040000000000,2026-10-22T14:24:00Z,free response,1.785,12.237,150.18,71.98,4.35,28.78,19.46,22.35,2,On,1082.59,711.19
1792679100000000000,2026-10-22T14:25:00Z,controller 1,1.677,12.949,89.32,346.59,194.79,28.74,16.92,100.0,1,On,1056.59,738.39
1792679160000000000,2026-10-22T14:26:00Z,controller 1,1.702,12.511,14.03,155.04,476.52,28.71,19.4,100.0,2,On,1098.89,767.77
1792679220000000000,2026-10-22T14:27:00Z,free response,1.777,12.907,124.78,160.52,354.01,28.7,18.87,100.0,1,On,1143.7,789.52
1792679280000000000,2026-10-22T14:28:00Z,free response,1.73,12.233,40.12,160.51,92.23,28.69,16.86,100.0,3,On,1095.09,769.26
1792679340000000000,2026-10-22T14:29:00Z,free response,1.709,12.251,-19.57,107.0,422.44,28.68,18.13,100.0,1,On,1050.9,746.9
1792679400000000000,2026-10-22T14:30:00Z,controller 1,1.83,4.069,198.21,424.01,569.57,28.66,6.74,100.0,3,On,1084.99,736.06
1792679460000000000,2026-10-22T14:31:00Z,controller 2,1.818,4.464,-16.13,100.58,172.78,28.63,7.87,100.0,1,On,1049.1,724.25
1792679520000000000,2026-10-22T14:32:00Z,controller 1,1.851,4.14,146.38,198.04,74.39,28.62,7.17,100.0,3,On,1012.33,751.97
1792679580000000000,2026-10-22T14:33:00Z,controller 2,1.744,3.813,104.72,17.52,7.89,28.58,6.28,100.0,1,On,1044.35,749.81
1792679640000000000,2026-10-22T14:34:00Z,controller 2,1.79,3.764,64.1,202.28,385.95,28.57,6.22,100.0,3,On,1049.47,737.54
1792679700000000000,2026-10-22T14:35:00Z,free response,1.825,3.754,35.92,205.51,273.8,28.55,6.3,100.0,3,On,1073.31,731.77
1792679760000000000,2026-10-22T14:36:00Z,free response,1.808,3.791,196.67,263.45,158.5,28.54,6.76,100.0,3,On,1034.35,761.63
1792679820000000000,2026-10-22T14:37:00Z,controller 1,1.815,3.778,58.97,264.29,224.91,28.51,6.52,100.0,2,On,1001.21,787.83
1792679880000000000,2026-10-22T14:38:00Z,controller 1,1.774,4.379,126.28,197.85,368.62,28.49,6.52,100.0,1,On,996.91,785.78
1792679940000000000,2026-10-22T14:39:00Z,free response,1.747,4.419,106.1,325.43,546.83,28.45,7.2,100.0,1,On,1010.36,772.14
1792680000000000000,2026-10-22T14:40:00Z,controller 2,1.807,4.393,158.65,104.78,349.54,28.43,7.27,100.0,3,On,1007.99,798.72
1792680060000000000,2026-10-22T14:41:00Z,free response,1.785,4.518,168.93,404.58,28.29,28.41,6.63,100.0,3,On,577.97,838.92
1792680120000000000,2026-10-22T14:42:00Z,controller 1,1.835,4.242,167.05,87.41,451.77,28.38,6.51,100.0,2,On,607.4,822.95
1792680180000000000,2026-10-22T14:43:00Z,free response,1.72,4.333,199.87,337.34,139.86,28.37,6.5,100.0,1,On,626.38,801.21
1792680240000000000,2026-10-22T14:44:00Z,controller 2,1.896,4.108,152.47,310.3,559.23,28.36,7.63,100.0,3,On,647.71,810.75
1792680300000000000,2026-10-22T14:45:00Z,free response,1.815,4.317,130.52,341.69,393.48,28.34,7.16,100.0,1,On,682.51,795.03
1792680360000000000,2026-10-22T14:46:00Z,free response,1.744,4.238,160.02,47.55,428.69,28.33,6.03,100.0,1,On,656.19,817.67
1792680420000000000,2026-10-22T14:47:00Z,free response,1.796,4.39,10.34,368.78,208.89,28.3,6.99,100.0,3,On,632.93,813.5
1792680480000000000,2026-10-22T14:48:00Z,free response,1.749,4.495,164.86,132.03,507.63,28.29,6.35,100.0,3,On,603.02,790.0
1792680540000000000,2026-10-22T14:49:00Z,free response,1.732,4.251,-4.21,185.88,388.74,28.26,6.47,100.0,2,On,613.84,781.4
1792680600000000000,2026-10-22T14:50:00Z,controller 1,1.891,4.313,5.29,262.24,456.36,28.23,7.49,100.0,1,On,612.92,795.27
1792680660000000000,2026-10-22T14:51:00Z,controller 2,1.845,4.171,-12.51,290.33,12.27,28.21,7.55,100.0,2,On,581.27,780.9
1792680720000000000,2026-10-22T14:52:00Z,free response,1.771,4.43,-26.21,445.68,54.99,28.2,6.68,100.0,1,On,559.33,755.45
1792680780000000000,2026-10-22T14:53:00Z,free response,1.733,4.126,54.89,316.17,208.49,28.17,6.68,100.0,3,Off,606.66,754.26
1792680840000000000,2026-10-22T14:54:00Z,controller 1,1.82,4.378,71.64,332.51,94.93,28.14,7.46,100.0,1,Off,628.18,761.2
1792680900000000000,2026-10-22T14:55:00Z,free response,1.728,3.773,182.65,88.76,301.51,28.13,5.83,100.0,1,Off,589.57,764.88
1792680960000000000,2026-10-22T14:56:00Z,free response,1.826,4.072,76.41,409.69,583.75,28.13,6.7,100.0,1,Off,562.52,779.52
1792681020000000000,2026-10-22T14:57:00Z,controller 2,1.758,4.09,61.19,104.88,360.75,28.11,6.78,100.0,3,Off,586.32,774.21
1792681080000000000,2026-10-22T14:58:00Z,free response,1.881,3.966,173.92,7.6,209.43,28.1,7.67,100.0,2,Off,623.31,791.9
1792681140000000000,2026-10-22T14:59:00Z,controller 2,1.823,4.174,143.78,113.01,549.94,28.09,7.54,100.0,2,Off,671.77,817.18
1792681200000000000,2026-10-22T15:00:00Z,controller 1,0.847,1.256,174.91,400.58,69.36,28.08,0.43,100.0,2,Off,667.66,792.74
1792681260000000000,2026-10-22T15:01:00Z,controller 1,0.755,1,145.63,410.1,438.85,28.05,0.27,100.0,2,Off,695.58,767.3
1792681320000000000,2026-10-22T15:02:00Z,free response,0.698,1.24,98.73,442.83,253.18,28.03,0.3,100.0,1,Off,708.48,741.84
1792681380000000000,2026-10-22T15:03:00Z,free response,0.804,1.461,-26.97,387.94,42.19,28.0,0.51,100.0,3,Off,662.21,715.97
1792681440000000000,2026-10-22T15:04:00Z,controller 1,0.698,1.159,106.49,131.08,452.79,27.99,0.29,100.0,3,Off,649.59,724.12
1792681500000000000,2026-10-22T15:05:00Z,free response,0.69,1,31.9,98.23,61.91,27.97,0.23,100.0,1,Off,607.46,695.71
1792681560000000000,2026-10-22T15:06:00Z,controller 2,0.708,1.297,169.83,96.84,83.93,27.95,0.31,100.0,1,Off,598.22,710.97
1792681620000000000,2026-10-22T15:07:00Z,free response,0.78,1.281,25.18,445.3,65.45,27.92,0.4,100.0,2,Off,606.55,711.52
1792681680000000000,2026-10-22T15:08:00Z,controller 1,0.713,1.341,117.1,297.97,168.6,27.89,0.33,100.0,3,Off,637.0,696.66
1792681740000000000,2026-10-22T15:09:00Z,controller 2,0.847,1.1,7.42,311.64,330.19,27.86,0.38,100.0,2,Off,632.4,697.91
1792681800000000000,2026-10-22T15:10:00Z,free response,0.827,1.178,162.88,43.82,72.49,27.84,0.43,100.0,1,Off,637.03,670.19
1792681860000000000,2026-10-22T15:11:00Z,controller 1,0.788,1,57.03,378.51,371.79,27.81,0.34,100.0,1,Off,1293.75,645.66
1792681920000000000,2026-10-22T15:12:00Z,free response,0.805,1,130.68,220.61,242.18,27.78,0.34,100.0,2,Off,1303.28,620.66
1792681980000000000,2026-10-22T15:13:00Z,controller 2,0.726,1.175,75.27,360.27,581.55,27.77,0.33,100.0,2,Off,1275.35,595.28
1792682040000000000,2026-10-22T15:14:00Z,controller 2,0.676,1.528,77.69,211.82,37.55,27.76,0.36,100.0,1,Off,1239.28,619.74
1792682100000000000,2026-10-22T15:15:00Z,controller 1,0.847,1.493,12.09,319.54,0.95,27.75,0.57,100.0,1,Off,1216.25,648.32
1792682160000000000,2026-10-22T15:16:00Z,free response,0.802,1.485,3.42,67.0,171.04,27.72,0.46,100.0,1,Off,1186.86,638.13
1792682220000000000,2026-10-22T15:17:00Z,controller 1,0.829,1.44,133.15,65.09,227.19,27.72,0.45,100.0,1,Off,533.05,987.11
1792682280000000000,2026-10-22T15:18:00Z,controller 1,0.742,1.004,-8.47,158.06,540.9,27.7,0.3,100.0,3,Off,496.85,993.47
1792682340000000000,2026-10-22T15:19:00Z,free response,0.71,1.342,23.68,431.72,87.43,27.68,0.34,100.0,3,Off,485.32,996.66
1792682400000000000,2026-10-22T15:20:00Z,controller 2,0.834,1.085,151.35,312.66,584.3,27.66,0.4,100.0,3,Off,473.54,992.11
1792682460000000000,2026-10-22T15:21:00Z,controller 1,0.755,1,143.81,326.91,479.58,27.64,0.26,100.0,3,Off,475.63,981.94
1792682520000000000,2026-10-22T15:22:00Z,controller 1,0.737,1.23,20.25,182.25,46.72,27.62,0.34,100.0,1,Off,497.05,990.75
1792682580000000000,2026-10-22T15:23:00Z,free response,0.83,1,158.56,172.69,123.68,27.61,0.35,100.0,3,Starting,514.4,973.12
1792682640000000000,2026-10-22T15:24:00Z,free response,0.701,1.401,152.08,276.21,17.18,27.6,0.32,100.0,1,Starting,690.59,551.66
1792682700000000000,2026-10-22T15:25:00Z,free response,0.759,1,9.52,129.19,350.62,27.59,0.31,100.0,3,Starting,668.21,548.79
1792682760000000000,2026-10-22T15:26:00Z,free response,0.717,1,122.87,47.53,68.32,27.58,0.25,100.0,2,Starting,669.06,575.69
1792682820000000000,2026-10-22T15:27:00Z,controller 1,0.768,1.394,138.11,219.11,204.57,27.55,0.37,100.0,3,Starting,646.86,569.0
1792682880000000000,2026-10-22T15:28:00Z,controller 2,0.678,1.404,109.29,360.46,269.78,27.54,0.35,100.0,2,Starting,611.47,546.9
1792682940000000000,2026-10-22T15:29:00Z,free response,0.722,1.268,27.44,388.7,127.13,27.53,0.36,100.0,1,Starting,587.32,541.9
1792683000000000000,2026-10-22T15:30:00Z,controller 2,1.1,5.033,176.93,334.05,397.14,27.51,3.2,100.0,2,Starting,549.34,529.68
1792683060000000000,2026-10-22T15:31:00Z,controller 2,1.241,4.705,35.75,94.21,532.71,27.5,3.44,100.0,3,Starting,544.91,500.22
1792683120000000000,2026-10-22T15:32:00Z,free response,1.113,5.4,179.39,411.51,575.13,27.49,3.25,100.0,3,Starting,548.5,501.48
1792683180000000000,2026-10-22T15:33:00Z,free response,1.259,5.378,107.69,437.56,562.86,27.48,4.32,100.0,1,Starting,585.97,486.03
1792683240000000000,2026-10-22T15:34:00Z,controller 1,1.268,4.777,165.69,278.32,8.87,27.47,3.57,100.0,2,Starting,606.17,458.63
1792683300000000000,2026-10-22T15:35:00Z,controller 2,1.221,4.904,130.53,410.98,320.62,27.45,3.42,100.0,2,Starting,578.83,440.04
1792683360000000000,2026-10-22T15:36:00Z,free response,1.191,4.879,106.8,364.87,426.91,27.42,3.19,100.0,1,Starting,619.66,418.11
1792683420000000000,2026-10-22T15:37:00Z,controller 2,1.102,5.215,79.77,82.99,580.82,27.4,3.39,100.0,1,Starting,585.85,433.33
1792683480000000000,2026-10-22T15:38:00Z,controller 2,1.252,4.982,134.27,110.45,69.96,27.37,3.96,100.0,1,Starting,538.18,446.8
1792683540000000000,2026-10-22T15:39:00Z,free response,1.116,4.833,63.59,211.47,359.55,27.36,2.99,100.0,1,Starting,502.67,441.94
1792683600000000000,2026-10-22T15:40:00Z,free response,1.203,5.36,85.57,115.29,86.58,27.34,4.09,100.0,1,Starting,467.07,442.36
1792683660000000000,2026-10-22T15:41:00Z,controller 2,1.121,5.039,179.66,157.68,375.33,27.31,3.37,100.0,2,Starting,419.52,419.14
1792683720000000000,2026-10-22T15:42:00Z,controller 1,1.143,4.97,154.93,62.29,256.54,27.28,3.19,100.0,2,Starting,384.79,393.45
1792683780000000000,2026-10-22T15:43:00Z,free response,1.2,4.996,-9.14,295.84,507.18,27.27,3.65,100.0,2,Starting,334.89,405.67
1792683840000000000,2026-10-22T15:44:00Z,controller 1,1.156,4.833,-12.62,317.83,594.41,27.25,3.02,100.0,2,Starting,354.39,385.0
1792683900000000000,2026-10-22T15:45:00Z,controller 2,1.217,5.225,-20.04,393.04,184.35,27.22,4.05,100.0,1,Starting,304.53,407.06
1792683960000000000,2026-10-22T15:46:00Z,controller 2,1.236,4.844,-8.12,303.31,99.12,27.19,3.78,100.0,2,Starting,282.66,403.87
1792684020000000000,2026-10-22T15:47:00Z,controller 1,1.183,4.847,178.06,205.24,309.99,27.16,3.31,100.0,2,Starting,298.31,375.47
1792684080000000000,2026-10-22T15:48:00Z,controller 1,1.136,4.929,-8.19,260.59,216.77,27.14,3.41,100.0,1,Starting,342.47,356.65
1792684140000000000,2026-10-22T15:49:00Z,controller 1,1.24,4.778,167.34,122.4,124.83,27.12,4.03,100.0,3,Starting,382.63,355.21
1792684200000000000,2026-10-22T15:50:00Z,controller 2,1.165,4.908,129.12,271.22,70.16,27.11,3.49,100.0,2,Starting,403.77,354.71
1792684260000000000,2026-10-22T15:51:00Z,controller 1,1.17,5.254,162.13,372.22,38.92,27.1,3.58,100.0,1,Starting,369.38,375.79
1792684320000000000,2026-10-22T15:52:00Z,controller 2,1.178,4.749,196.71,244.14,174.07,27.08,3.62,100.0,3,Starting,378.84,349.7
1792684380000000000,2026-10-22T15:53:00Z,free response,1.188,4.753,63.99,323.61,26.52,27.05,3.14,100.0,2,On,370.09,366.47
1792684440000000000,2026-10-22T15:54:00Z,controller 1,1.257,5.213,181.06,4.63,18.96,27.04,4.27,100.0,2,On,413.77,363.37
1792684500000000000,2026-10-22T15:55:00Z,controller 2,1.23,5.184,36.35,123.8,123.04,27.03,4.31,100.0,3,On,368.81,379.75
1792684560000000000,2026-10-22T15:56:00Z,controller 2,1.124,5.132,23.18,276.11,520.81,27.01,3.3,100.0,1,On,364.43,369.41
1792684620000000000,2026-10-22T15:57:00Z,controller 2,1.13,5.371,110.13,389.3,586.14,27.0,3.25,100.0,3,On,337.4,397.73
1792684680000000000,2026-10-22T15:58:00Z,controller 2,1.249,5.097,148.6,409.3,537.93,26.98,4.18,100.0,3,On,344.49,392.39
1792684740000000000,2026-10-22T15:59:00Z,controller 1,1.268,5.077,99.95,16.31,60.3,26.96,4.04,100.0,3,On,355.27,396.79
1792684800000000000,2026-10-22T16:00:00Z,free response,0.85,2.38,156.34,234.66,514.65,26.95,0.94,100.0,3,On,329.29,407.67
1792684860000000000,2026-10-22T16:01:00Z,controller 2,0.745,2.23,179.1,232.44,341.34,26.94,0.56,100.0,3,On,320.78,405.01
1792684920000000000,2026-10-22T16:02:00Z,free response,0.755,2.718,154.62,178.6,469.95,26.91,0.8,100.0,2,On,279.69,391.12
1792684980000000000,2026-10-22T16:03:00Z,controller 2,0.832,2.134,27.44,185.28,287.52,26.89,0.7,100.0,2,On,269.1,402.05
1792685040000000000,2026-10-22T16:04:00Z,free response,0.74,2.094,-18.73,389.9,170.96,26.88,0.63,100.0,1,On,263.98,372.5
1792685100000000000,2026-10-22T16:05:00Z,controller 1,0.706,2.38,139.5,51.29,518.28,26.86,0.55,100.0,3,On,260.99,355.1
1792685160000000000,2026-10-22T16:06:00Z,free response,0.867,2.163,51.13,303.99,474.92,26.83,0.79,100.0,3,On,226.2,362.59
1792685220000000000,2026-10-22T16:07:00Z,controller 1,0.729,2.521,22.2,81.53,251.28,26.83,0.66,100.0,3,On,181.48,381.17
1792685280000000000,2026-10-22T16:08:00Z,free response,0.721,2.18,34.9,427.22,586.19,26.81,0.54,100.0,1,On,209.84,388.66
1792685340000000000,2026-10-22T16:09:00Z,free response,0.692,2.049,62.34,174.15,287.34,26.78,0.5,100.0,2,On,219.97,363.61
1792685400000000000,2026-10-22T16:10:00Z,controller 2,0.844,2.714,93.05,278.04,362.33,26.76,1.0,100.0,2,On,263.13,339.75
1792685460000000000,2026-10-22T16:11:00Z,controller 2,0.867,2.529,107.19,382.58,266.28,26.72,0.86,100.0,2,On,247.18,346.02
1792685520000000000,2026-10-22T16:12:00Z,free response,0.729,2.091,99.52,236.88,564.23,26.7,0.53,100.0,2,On,212.72,369.42
1792685580000000000,2026-10-22T16:13:00Z,controller 1,0.756,2.664,193.55,280.32,555.62,26.67,0.7,100.0,2,On,223.67,367.21
1792685640000000000,2026-10-22T16:14:00Z,controller 1,0.851,2.708,103.03,27.46,508.51,26.66,1.02,100.0,1,On,183.65,372.94
1792685700000000000,2026-10-22T16:15:00Z,controller 2,0.695,2.592,183.77,212.61,503.24,26.64,0.62,100.0,1,On,205.03,394.72
1792685760000000000,2026-10-22T16:16:00Z,controller 1,0.84,2.529,151.41,11.73,334.31,26.62,0.89,100.0,1,On,208.63,424.47
1792685820000000000,2026-10-22T16:17:00Z,controller 1,0.793,2.663,4.92,200.83,167.63,26.6,0.85,100.0,3,On,176.54,423.41
1792685880000000000,2026-10-22T16:18:00Z,controller 2,0.709,1.962,136.55,207.54,271.23,26.58,0.49,100.0,2,On,177.58,418.9
1792685940000000000,2026-10-22T16:19:00Z,controller 2,0.836,2.246,127.09,195.12,193.75,26.56,0.71,100.0,2,On,151.26,420.83
1792686000000000000,2026-10-22T16:20:00Z,free response,0.789,2.168,195.42,392.3,209.42,26.53,0.67,100.0,3,On,124.21,396.43
1792686060000000000,2026-10-22T16:21:00Z,free response,0.828,2.443,179.08,58.62,287.1,26.51,0.91,100.0,3,On,83.58,378.05
1792686120000000000,2026-10-22T16:22:00Z,controller 2,0.735,2.568,94.58,125.38,299.83,26.5,0.7,100.0,3,On,92.48,397.9
1792686180000000000,2026-10-22T16:23:00Z,controller 2,0.709,2.201,16.61,379.36,31.13,26.49,0.56,100.0,1,On,93.94,395.49
1792686240000000000,2026-10-22T16:24:00Z,controller 2,0.771,2.152,52.54,228.63,279.77,26.47,0.68,100.0,2,On,107.48,394.58
1792686300000000000,2026-10-22T16:25:00Z,free response,0.813,2.321,197.99,230.56,528.62,26.45,0.75,100.0,1,On,65.69,415.48
1792686360000000000,2026-10-22T16:26:00Z,controller 1,0.789,2.15,176.82,81.83,25.2,26.44,0.61,100.0,3,On,85.99,392.53
1792686420000000000,2026-10-22T16:27:00Z,controller 2,0.844,2.618,133.26,39.93,120.64,26.42,0.96,100.0,2,On,50.88,403.19
1792686480000000000,2026-10-22T16:28:00Z,controller 1,0.839,2.17,133.84,177.08,406.66,26.4,0.71,100.0,2,On,86.49,376.5
1792686540000000000,2026-10-22T16:29:00Z,free response,0.845,1.992,6.46,194.93,289.39,26.38,0.69,100.0,2,On,110.73,403.47
1792686600000000000,2026-10-22T16:30:00Z,free response,0.905,13.11,-22.12,57.38,239.47,26.38,5.16,100.0,2,On,74.92,423.38
1792686660000000000,2026-10-22T16:31:00Z,controller 2,1.035,13.17,102.88,225.09,248.59,26.36,6.83,100.0,2,On,113.66,416.37
1792686720000000000,2026-10-22T16:32:00Z,controller 1,0.903,13.418,30.29,282.73,343.6,26.33,5.1,100.0,2,On,134.35,432.77
1792686780000000000,2026-10-22T16:33:00Z,controller 2,1.043,12.987,51.39,289.23,368.68,26.3,7.29,100.0,1,On,126.16,422.81
1792686840000000000,2026-10-22T16:34:00Z,free response,0.933,13.324,-15.65,176.45,120.33,26.28,6.07,100.0,1,On,80.49,426.14
1792686900000000000,2026-10-22T16:35:00Z,free response,0.917,13.138,105.97,350.81,4.16,26.27,5.43,76.61,2,On,80.83,433.02
1792686960000000000,2026-10-22T16:36:00Z,controller 2,0.909,13.227,169.73,316.41,519.62,26.25,5.15,100.0,3,On,72.41,410.25
1792687020000000000,2026-10-22T16:37:00Z,free response,1.028,12.697,-18.09,300.91,156.55,26.23,6.48,100.0,3,On,85.22,394.46
1792687080000000000,2026-10-22T16:38:00Z,controller 2,1.021,13.335,-12.06,154.83,193.97,26.21,6.63,100.0,2,On,114.43,412.14
1792687140000000000,2026-10-22T16:39:00Z,free response,1.006,13.106,168.22,24.95,99.52,26.18,6.49,100.0,3,On,126.48,404.16
1792687200000000000,2026-10-22T16:40:00Z,controller 1,0.978,13.217,186.74,372.51,148.15,26.15,6.94,100.0,2,On,91.34,379.14
1792687260000000000,2026-10-22T16:41:00Z,controller 1,0.878,13.122,69.95,263.97,119.48,26.13,5.32,100.0,1,On,103.41,375.47
1792687320000000000,2026-10-22T16:42:00Z,controller 2,0.963,13.031,112.47,172.12,85.1,26.11,6.51,100.0,3,On,153.09,395.27
1792687380000000000,2026-10-22T16:43:00Z,controller 1,1.031,13.245,-16.58,315.36,333.62,26.08,7.35,100.0,3,On,106.67,394.95
1792687440000000000,2026-10-22T16:44:00Z,controller 1,1.02,13.318,83.05,218.16,41.77,26.06,6.24,100.0,2,On,137.64,388.75
1792687500000000000,2026-10-22T16:45:00Z,free response,1.012,13.013,7.83,239.09,443.2,26.05,6.56,100.0,3,On,165.05,403.75
1792687560000000000,2026-10-22T16:46:00Z,controller 1,0.913,12.742,156.57,310.32,577.5,26.02,5.56,100.0,2,On,131.65,387.89
1792687620000000000,2026-10-22T16:47:00Z,free response,1.009,13.328,-21.47,376.76,48.25,26.01,6.5,100.0,1,On,148.23,410.02
1792687680000000000,2026-10-22T16:48:00Z,free response,1.028,12.807,75.43,246.54,234.26,26.0,6.14,100.0,2,On,161.18,421.49
1792687740000000000,2026-10-22T16:49:00Z,controller 2,1.034,12.909,44.15,126.16,490.34,25.98,6.25,100.0,1,On,155.58,394.71
1792687800000000000,2026-10-22T16:50:00Z,free response,1.035,12.671,63.37,292.42,95.42,25.95,7.04,100.0,2,On,201.05,377.05
1792687860000000000,2026-10-22T16:51:00Z,controller 1,0.886,13.01,114.25,421.41,384.74,25.94,4.7,100.0,3,On,248.41,358.1
1792687920000000000,2026-10-22T16:52:00Z,free response,0.994,12.903,58.59,47.61,586.33,25.91,6.58,100.0,3,On,280.26,341.67
1792687980000000000,2026-10-22T16:53:00Z,controller 1,1.056,12.871,98.94,293.55,327.38,25.88,7.78,100.0,2,On,249.84,344.96
1792688040000000000,2026-10-22T16:54:00Z,controller 2,1.032,13.348,188.8,167.94,289.99,25.85,7.77,100.0,1,On,280.97,339.35
1792688100000000000,2026-10-22T16:55:00Z,controller 1,0.934,12.757,103.16,259.18,345.04,25.82,5.67,100.0,1,On,324.31,359.64
1792688160000000000,2026-10-22T16:56:00Z,controller 1,1.036,12.955,11.57,294.79,505.71,25.81,6.89,100.0,1,On,349.68,374.08
1792688220000000000,2026-10-22T16:57:00Z,controller 2,1.02,13.329,199.07,281.65,362.44,25.79,6.92,100.0,2,On,343.82,377.58
1792688280000000000,2026-10-22T16:58:00Z,controller 1,0.941,13.414,-20.07,89.88,350.27,25.79,6.05,100.0,2,On,386.86,396.52
1792688340000000000,2026-10-22T16:59:00Z,controller 1,0.948,12.692,153.0,312.75,594.19,25.77,5.68,100.0,3,On,379.95,381.98
1792688400000000000,2026-10-22T17:00:00Z,controller 2,2.16,9.631,141.87,90.81,322.87,25.74,20.82,100.0,1,On,363.85,369.59
1792688460000000000,2026-10-22T17:01:00Z,controller 2,2.149,9.885,102.62,45.26,30.81,25.72,22.38,100.0,2,On,990.84,616.39
1792688520000000000,2026-10-22T17:02:00Z,free response,2.114,9.619,153.78,88.82,147.32,25.69,22.56,100.0,3,On,955.12,598.07
1792688580000000000,2026-10-22T17:03:00Z,controller 2,2.118,9.498,148.3,273.69,381.99,25.67,19.21,100.0,3,On,926.76,625.07
1792688640000000000,2026-10-22T17:04:00Z,controller 1,2.098,10.094,183.87,210.39,316.59,25.65,22.3,100.0,2,On,959.78,637.51
1792688700000000000,2026-10-22T17:05:00Z,free response,2.216,9.803,-9.09,130.96,196.94,25.64,22.28,100.0,2,On,943.12,651.66
1792688760000000000,2026-10-22T17:06:00Z,controller 2,2.196,9.93,140.97,408.23,77.27,25.63,24.49,100.0,3,On,919.69,677.24
1792688820000000000,2026-10-22T17:07:00Z,controller 2,2.126,9.948,-24.57,411.95,14.08,25.63,21.11,66.7,2,On,939.63,660.79
1792688880000000000,2026-10-22T17:08:00Z,free response,2.15,10.036,171.97,252.36,70.06,25.6,21.81,100.0,3,On,945.95,650.64
1792688940000000000,2026-10-22T17:09:00Z,free response,2.077,10.026,147.07,119.69,10.68,25.57,21.13,50.54,1,On,961.49,667.27
1792689000000000000,2026-10-22T17:10:00Z,controller 1,2.061,9.436,77.98,372.69,286.76,25.54,19.68,100.0,1,On,983.49,663.46
1792689060000000000,2026-10-22T17:11:00Z,controller 2,2.19,9.793,88.9,432.8,591.69,25.5,23.33,100.0,1,On,933.84,662.18
1792689120000000000,2026-10-22T17:12:00Z,free response,2.189,9.669,87.6,432.47,445.2,25.48,21.41,100.0,3,On,963.52,636.86
1792689180000000000,2026-10-22T17:13:00Z,controller 1,2.215,10.114,-16.03,223.56,454.68,25.46,23.88,100.0,1,On,920.87,626.97
1792689240000000000,2026-10-22T17:14:00Z,controller 2,2.204,9.903,88.51,376.41,171.81,25.45,23.64,100.0,2,On,894.4,608.25
1792689300000000000,2026-10-22T17:15:00Z,controller 2,2.138,10.058,179.67,200.84,372.55,25.43,24.86,100.0,3,On,910.77,634.45
1792689360000000000,2026-10-22T17:16:00Z,controller 2,2.158,10.007,-9.74,292.06,442.14,25.41,21.05,100.0,1,On,950.5,661.23
1792689420000000000,2026-10-22T17:17:00Z,free response,2.137,10.034,-24.07,189.41,192.96,25.38,25.16,100.0,1,On,942.45,657.71
1792689480000000000,2026-10-22T17:18:00Z,controller 1,2.069,9.884,95.75,117.3,387.86,25.34,19.21,100.0,3,On,987.0,634.84
1792689540000000000,2026-10-22T17:19:00Z,controller 2,2.095,9.644,167.73,119.04,541.98,25.32,22.63,100.0,1,On,983.27,643.15
1792689600000000000,2026-10-22T17:20:00Z,controller 1,2.183,10.081,129.15,105.72,578.71,25.29,23.36,100.0,2,On,1012.71,628.98
1792689660000000000,2026-10-22T17:21:00Z,free response,2.185,9.636,181.77,225.22,298.24,25.27,20.86,100.0,3,On,1023.88,637.76
1792689720000000000,2026-10-22T17:22:00Z,controller 2,2.164,9.611,111.24,143.04,595.62,25.26,24.13,100.0,2,On,1010.43,638.34
1792689780000000000,2026-10-22T17:23:00Z,free response,2.15,9.548,142.89,377.51,553.46,25.25,19.89,100.0,1,On,987.6,655.42
1792689840000000000,2026-10-22T17:24:00Z,controller 1,2.215,9.997,156.65,166.68,510.44,25.23,22.21,100.0,2,On,969.68,649.89
1792689900000000000,2026-10-22T17:25:00Z,controller 1,2.099,9.754,-9.27,357.21,467.98,25.22,22.3,100.0,3,On,950.02,638.48
1792689960000000000,2026-10-22T17:26:00Z,free response,2.192,9.508,195.83,209.32,196.15,25.21,20.59,100.0,1,On,911.49,650.63
1792690020000000000,2026-10-22T17:27:00Z,controller 1,2.225,9.6,25.35,202.93,414.12,25.19,21.82,100.0,1,On,867.59,628.22
1792690080000000000,2026-10-22T17:28:00Z,free response,2.127,9.599,-18.13,272.27,430.27,25.17,22.15,100.0,1,On,823.12,628.01
1792690140000000000,2026-10-22T17:29:00Z,controller 2,2.084,9.756,25.31,199.67,340.02,25.16,19.35,100.0,3,On,855.44,635.96
1792690200000000000,2026-10-22T17:30:00Z,free response,0.967,6.669,-14.5,134.53,4.27,25.14,3.2,100.0,3,On,865.16,634.45
1792690260000000000,2026-10-22T17:31:00Z,controller 1,1.002,6.677,154.95,224.67,167.1,25.13,3.22,100.0,3,On,895.05,633.37
1792690320000000000,2026-10-22T17:32:00Z,controller 2,0.974,6.3,94.46,15.7,365.83,25.1,3.22,100.0,2,On,898.83,641.12
1792690380000000000,2026-10-22T17:33:00Z,controller 1,0.921,6.587,134.61,297.4,478.97,25.08,2.68,100.0,1,On,862.66,666.4
1792690440000000000,2026-10-22T17:34:00Z,free response,0.827,6.724,114.07,119.53,567.18,25.07,2.34,100.0,2,On,851.65,666.41
1792690500000000000,2026-10-22T17:35:00Z,controller 1,1.001,6.635,83.59,328.97,590.18,25.04,3.18,100.0,2,On,873.62,670.13
1792690560000000000,2026-10-22T17:36:00Z,controller 2,0.826,6.398,180.67,181.95,304.3,25.03,2.0,100.0,2,On,915.53,684.09
1792690620000000000,2026-10-22T17:37:00Z,free response,0.888,6.581,135.15,42.38,124.22,25.01,2.78,100.0,2,On,919.12,692.24
1792690680000000000,2026-10-22T17:38:00Z,free response,0.991,6.169,182.33,268.63,56.28,24.99,2.82,100.0,3,On,900.39,665.06
1792690740000000000,2026-10-22T17:39:00Z,free response,0.943,6.055,-18.48,178.14,418.49,24.97,2.63,100.0,3,On,875.78,688.48
1792690800000000000,2026-10-22T17:40:00Z,controller 1,0.878,6.34,90.52,407.88,256.23,24.96,2.3,100.0,2,On,884.14,680.74
1792690860000000000,2026-10-22T17:41:00Z,free response,0.894,6.3,83.04,362.27,431.69,24.94,2.59,100.0,3,On,875.83,679.4
1792690920000000000,2026-10-22T17:42:00Z,controller 2,0.917,6.644,109.37,278.56,496.54,24.93,2.99,100.0,2,On,911.75,650.55
1792690980000000000,2026-10-22T17:43:00Z,controller 1,0.879,6.32,118.93,290.54,367.39,24.92,2.63,100.0,2,On,907.1,638.66
1792691040000000000,2026-10-22T17:44:00Z,free response,0.842,6.483,119.83,279.33,115.89,24.91,2.48,100.0,2,On,869.08,622.33
1792691100000000000,2026-10-22T17:45:00Z,controller 1,0.967,6.486,71.38,402.77,515.11,24.9,3.07,100.0,3,On,910.98,595.15
1792691160000000000,2026-10-22T17:46:00Z,controller 1,0.846,6.031,177.22,162.25,306.81,24.87,2.04,100.0,3,On,950.81,608.57
1792691220000000000,2026-10-22T17:47:00Z,controller 1,0.981,6.601,121.86,153.03,131.09,24.85,2.96,100.0,2,On,991.02,632.82
1792691280000000000,2026-10-22T17:48:00Z,free response,0.867,6.126,102.51,143.42,131.18,24.83,2.42,100.0,1,On,978.6,646.46
1792691340000000000,2026-10-22T17:49:00Z,controller 2,0.963,6.09,65.03,74.07,219.49,24.8,2.82,100.0,2,On,1002.5,673.4
1792691400000000000,2026-10-22T17:50:00Z,free response,0.901,6.436,-2.19,214.16,270.37,24.77,2.49,100.0,3,On,981.46,702.06
1792691460000000000,2026-10-22T17:51:00Z,free response,0.828,6.662,112.95,278.51,255.79,24.76,2.41,100.0,3,On,1027.75,675.46
1792691520000000000,2026-10-22T17:52:00Z,controller 1,0.862,6.186,54.34,161.84,514.44,24.73,2.21,100.0,3,On,981.06,671.35
1792691580000000000,2026-10-22T17:53:00Z,controller 1,0.937,6.414,50.42,96.49,3.32,24.71,2.84,100.0,1,On,1019.99,680.5
1792691640000000000,2026-10-22T17:54:00Z,controller 2,0.963,6.212,143.21,216.27,188.19,24.69,2.63,100.0,1,On,1033.61,685.94
1792691700000000000,2026-10-22T17:55:00Z,free response,1.004,6.178,99.92,273.08,556.14,24.68,3.21,100.0,2,On,1082.47,695.63
1792691760000000000,2026-10-22T17:56:00Z,free response,0.895,5.978,170.55,75.74,21.32,24.67,2.5,100.0,3,On,1127.47,669.94
1792691820000000000,2026-10-22T17:57:00Z,controller 2,1.003,6.674,45.44,231.88,582.18,24.65,3.62,100.0,2,On,1079.6,644.09
1792691880000000000,2026-10-22T17:58:00Z,controller 1,0.951,6.108,-21.8,42.47,92.5,24.62,2.53,100.0,1,On,1088.48,641.33
1792691940000000000,2026-10-22T17:59:00Z,free response,0.983,6.183,47.35,383.39,329.73,24.61,3.16,100.0,2,On,1067.12,657.88
1792692000000000000,2026-10-22T18:00:00Z,controller 2,2.806,8.559,189.45,63.42,378.12,24.58,33.76,100.0,3,On,1114.62,631.1
1792692060000000000,2026-10-22T18:01:00Z,free response,2.919,7.914,26.65,93.52,87.55,24.56,32.23,100.0,1,On,1094.17,624.65
1792692120000000000,2026-10-22T18:02:00Z,controller 2,2.937,8.361,9.78,379.3,283.52,24.53,38.18,100.0,3,On,1066.52,635.77
1792692180000000000,2026-10-22T18:03:00Z,controller 1,2.88,8.301,61.25,316.48,167.96,24.5,33.23,100.0,2,On,1069.13,608.72
1792692240000000000,2026-10-22T18:04:00Z,free response,2.811,8.461,4.42,121.89,346.47,24.48,32.96,100.0,1,On,1055.64,616.51
1792692300000000000,2026-10-22T18:05:00Z,free response,2.862,8.447,-14.58,252.59,341.07,24.45,36.88,100.0,3,On,1104.66,587.28
1792692360000000000,2026-10-22T18:06:00Z,controller 1,2.885,8.323,28.88,90.04,528.69,24.43,36.38,100.0,2,On,1153.91,595.76
1792692420000000000,2026-10-22T18:07:00Z,controller 1,2.797,8.21,64.99,341.79,537.64,24.4,35.09,100.0,1,On,1138.05,590.38
1792692480000000000,2026-10-22T18:08:00Z,controller 1,2.907,7.988,127.33,321.86,376.76,24.38,36.71,100.0,2,Off,1091.88,586.99
1792692540000000000,2026-10-22T18:09:00Z,controller 2,2.782,8.513,21.75,90.1,65.88,24.36,34.13,100.0,3,Off,1097.87,591.62
1792692600000000000,2026-10-22T18:10:00Z,controller 2,2.777,8.154,-7.05,444.14,573.92,24.34,28.54,100.0,2,Off,1080.06,611.2
1792692660000000000,2026-10-22T18:11:00Z,controller 1,2.856,8.232,190.73,357.33,126.96,24.32,34.51,100.0,3,Off,1105.42,592.09
1792692720000000000,2026-10-22T18:12:00Z,controller 2,2.88,8.437,41.87,285.38,558.53,24.31,35.6,100.0,1,Off,1119.9,586.89
1792692780000000000,2026-10-22T18:13:00Z,controller 2,2.789,8.187,162.19,448.97,183.17,24.29,34.29,100.0,2,Off,1095.36,609.14
1792692840000000000,2026-10-22T18:14:00Z,controller 2,2.793,8.586,62.11,347.81,265.76,24.28,34.03,100.0,2,Off,1079.18,632.05
1792692900000000000,2026-10-22T18:15:00Z,controller 2,2.817,8.265,167.48,166.45,421.81,24.25,32.91,100.0,2,Off,1048.52,635.05
1792692960000000000,2026-10-22T18:16:00Z,free response,2.929,8.059,49.31,228.55,117.33,24.22,35.9,100.0,1,Off,1051.26,626.93
1792693020000000000,2026-10-22T18:17:00Z,controller 1,2.911,8.098,41.37,136.21,170.19,24.21,34.58,100.0,3,Off,1057.24,604.54
1792693080000000000,2026-10-22T18:18:00Z,free response,2.821,8.148,15.41,11.7,385.83,24.18,33.2,100.0,3,Off,1048.77,601.1
1792693140000000000,2026-10-22T18:19:00Z,controller 2,2.833,8.096,134.55,225.99,481.51,24.15,33.55,100.0,3,Off,1020.53,607.58
1792693200000000000,2026-10-22T18:20:00Z,controller 2,2.85,8.393,1.54,393.21,199.72,24.12,36.58,100.0,2,Off,1022.04,579.48
1792693260000000000,2026-10-22T18:21:00Z,controller 1,2.771,8.499,189.2,150.73,300.31,24.1,30.66,100.0,1,Off,740.22,354.59
1792693320000000000,2026-10-22T18:22:00Z,controller 1,2.881,8.175,101.66,178.99,501.48,24.09,32.41,100.0,1,Off,766.04,383.31
1792693380000000000,2026-10-22T18:23:00Z,controller 2,2.921,8.658,3.37,240.22,513.12,24.06,34.92,100.0,1,Off,768.4,380.95
1792693440000000000,2026-10-22T18:24:00Z,free response,2.776,7.986,145.29,383.13,197.76,24.03,31.71,100.0,2,Off,733.81,390.74
1792693500000000000,2026-10-22T18:25:00Z,controller 1,2.8,8.324,88.59,197.45,111.54,24.02,31.61,100.0,2,Off,744.1,381.66
1792693560000000000,2026-10-22T18:26:00Z,free response,2.94,7.896,178.3,388.19,523.86,24.0,31.39,100.0,2,Off,712.87,371.02
1792693620000000000,2026-10-22T18:27:00Z,controller 2,2.809,8.092,57.18,7.37,122.36,23.98,30.79,100.0,2,Off,719.48,353.84
1792693680000000000,2026-10-22T18:28:00Z,controller 2,2.895,8.278,149.68,177.45,136.45,23.96,35.52,100.0,2,Off,734.02,366.94
1792693740000000000,2026-10-22T18:29:00Z,controller 1,2.804,8.05,43.8,148.49,158.08,23.92,32.12,100.0,2,Off,752.6,351.93
1792693800000000000,2026-10-22T18:30:00Z,controller 1,2.676,12.715,115.68,365.67,412.49,23.89,47.7,100.0,2,Off,723.75,367.39
1792693860000000000,2026-10-22T18:31:00Z,controller 1,2.602,12.635,101.19,6.92,303.08,23.86,45.35,100.0,3,Off,721.82,361.32
1792693920000000000,2026-10-22T18:32:00Z,controller 1,2.602,13.343,-29.17,54.52,310.41,23.83,44.54,100.0,2,Off,731.56,340.76
1792693980000000000,2026-10-22T18:33:00Z,free response,2.586,13.129,160.35,324.7,509.35,23.82,40.77,100.0,3,Off,713.07,359.71
1792694040000000000,2026-10-22T18:34:00Z,controller 1,2.698,12.708,89.95,41.01,450.96,23.8,47.01,100.0,3,Off,700.87,384.25
1792694100000000000,2026-10-22T18:35:00Z,controller 1,2.669,13.308,165.5,241.93,491.84,23.77,44.87,100.0,1,Off,720.68,408.45
1792694160000000000,2026-10-22T18:36:00Z,controller 1,2.584,12.701,101.19,238.7,376.58,23.75,40.94,100.0,1,Off,681.33,427.27
1792694220000000000,2026-10-22T18:37:00Z,controller 1,2.541,12.711,130.65,195.04,340.06,23.73,42.08,100.0,2,Off,640.27,429.02
1792694280000000000,2026-10-22T18:38:00Z,controller 1,2.546,13.158,26.43,282.64,569.89,23.71,46.49,100.0,1,Off,608.34,437.98
1792694340000000000,2026-10-22T18:39:00Z,controller 2,2.6,13.291,145.31,25.39,548.45,23.68,41.82,100.0,2,Off,611.95,457.58
1792694400000000000,2026-10-22T18:40:00Z,controller 2,2.615,12.746,125.75,343.88,240.4,23.66,44.58,100.0,2,Off,598.44,469.23
1792694460000000000,2026-10-22T18:41:00Z,free response,2.647,12.935,59.0,429.88,530.53,23.66,47.62,100.0,1,Off,638.86,446.47
1792694520000000000,2026-10-22T18:42:00Z,free response,2.618,12.601,180.29,157.74,520.68,23.62,44.82,100.0,1,Off,615.49,463.21
1792694580000000000,2026-10-22T18:43:00Z,controller 2,2.643,12.838,185.97,197.81,390.32,23.61,40.45,100.0,2,Off,622.15,456.96
1792694640000000000,2026-10-22T18:44:00Z,free response,2.624,13.124,195.12,221.81,407.9,23.6,43.69,100.0,1,Off,643.5,472.68
1792694700000000000,2026-10-22T18:45:00Z,controller 1,2.686,13.342,104.87,88.23,12.93,23.57,44.33,29.17,1,Off,597.04,484.38
1792694760000000000,2026-10-22T18:46:00Z,controller 2,2.607,13.221,20.19,172.08,180.58,23.54,48.0,100.0,3,Off,637.11,500.41
1792694820000000000,2026-10-22T18:47:00Z,controller 1,2.547,12.851,189.72,34.09,323.64,23.53,45.65,100.0,2,Off,615.3,492.27
1792694880000000000,2026-10-22T18:48:00Z,controller 1,2.671,13.071,189.12,192.24,400.5,23.52,46.12,100.0,1,Off,1154.09,857.53
1792694940000000000,2026-10-22T18:49:00Z,free response,2.542,13.207,170.89,310.94,143.2,23.49,39.69,100.0,1,Off,1130.73,847.77
1792695000000000000,2026-10-22T18:50:00Z,free response,2.632,12.62,-4.37,421.14,271.77,23.48,46.72,100.0,2,Off,1128.1,871.02
1792695060000000000,2026-10-22T18:51:00Z,controller 1,2.705,13.078,46.82,122.13,137.94,23.47,49.01,100.0,3,Off,1151.59,849.63
1792695120000000000,2026-10-22T18:52:00Z,free response,2.593,13.105,56.13,215.68,62.58,23.46,41.59,100.0,3,Off,1133.21,847.29
1792695180000000000,2026-10-22T18:53:00Z,controller 2,2.587,13.362,16.1,78.88,346.48,23.44,44.12,100.0,1,Off,1101.38,866.75
1792695240000000000,2026-10-22T18:54:00Z,controller 2,2.641,12.661,184.63,411.93,33.21,23.43,40.04,82.94,2,Off,875.87,420.84
1792695300000000000,2026-10-22T18:55:00Z,free response,2.661,12.645,85.46,263.9,298.3,23.49,42.52,100.0,3,Off,899.66,418.38
1792695360000000000,2026-10-22T18:56:00Z,free response,2.705,12.957,24.74,145.02,12.0,23.57,44.11,27.2,2,Off,908.18,430.98
1792695420000000000,2026-10-22T18:57:00Z,controller 1,2.617,12.874,49.52,23.64,27.42,23.6,40.65,67.45,2,Off,572.89,569.43
1792695480000000000,2026-10-22T18:58:00Z,controller 1,2.574,13.066,70.09,150.41,348.31,23.64,43.24,100.0,2,Off,606.23,571.26
1792695540000000000,2026-10-22T18:59:00Z,controller 2,2.574,12.589,188.68,3.27,200.14,23.67,43.77,100.0,3,Off,597.17,580.36
1792695600000000000,2026-10-22T19:00:00Z,controller 2,0.302,1.713,66.14,287.98,352.43,23.71,0.08,100.0,2,Off,632.15,600.3
1792695660000000000,2026-10-22T19:01:00Z,controller 2,0.354,1.72,80.94,345.03,502.14,23.74,0.1,100.0,1,Off,630.08,605.88
1792695720000000000,2026-10-22T19:02:00Z,controller 1,0.281,2.229,71.23,228.97,559.96,23.77,0.08,100.0,3,Off,641.71,600.68
1792695780000000000,2026-10-22T19:03:00Z,free response,0.392,2.03,71.45,214.18,439.8,23.85,0.17,100.0,2,Off,592.71,630.12
1792695840000000000,2026-10-22T19:04:00Z,controller 2,0.383,2.214,7.88,181.13,484.43,23.93,0.15,100.0,1,Off,542.96,629.04
1792695900000000000,2026-10-22T19:05:00Z,controller 2,0.28,1.495,149.63,32.67,227.88,23.99,0.06,100.0,1,Off,541.51,655.4
1792695960000000000,2026-10-22T19:06:00Z,controller 2,0.269,2.023,86.22,342.29,444.07,24.02,0.07,100.0,2,Off,548.82,629.37
1792696020000000000,2026-10-22T19:07:00Z,controller 2,0.355,1.834,70.63,448.31,302.63,24.11,0.13,100.0,3,Off,505.77,635.2
1792696080000000000,2026-10-22T19:08:00Z,controller 1,0.271,1.875,76.91,238.79,328.82,24.16,0.07,100.0,1,Off,462.37,618.73
1792696140000000000,2026-10-22T19:09:00Z,controller 2,0.277,1.56,52.28,73.09,418.03,24.23,0.06,100.0,2,Off,448.41,603.55
1792696200000000000,2026-10-22T19:10:00Z,controller 2,0.386,1.951,21.51,166.6,492.12,24.26,0.14,100.0,3,Off,426.49,626.84
1792696260000000000,2026-10-22T19:11:00Z,free response,0.258,2.015,55.97,446.93,365.21,24.29,0.07,100.0,1,Off,414.67,638.57
1792696320000000000,2026-10-22T19:12:00Z,controller 1,0.224,1.719,14.63,208.61,268.31,24.36,0.04,100.0,3,Off,424.58,650.13
1792696380000000000,2026-10-22T19:13:00Z,controller 1,0.228,1.699,81.19,172.36,576.95,24.4,0.05,100.0,1,Off,428.73,644.76
1792696440000000000,2026-10-22T19:14:00Z,free response,0.319,1.711,188.68,130.9,137.32,24.49,0.09,100.0,3,Off,422.2,671.95
1792696500000000000,2026-10-22T19:15:00Z,controller 2,0.279,1.857,163.75,6.56,592.74,24.57,0.07,100.0,1,Off,421.95,689.44
1792696560000000000,2026-10-22T19:16:00Z,controller 1,0.234,1.585,191.24,260.98,248.5,24.65,0.04,100.0,1,Off,423.21,672.08
1792696620000000000,2026-10-22T19:17:00Z,free response,0.283,1.838,89.44,423.51,27.46,24.68,0.08,100.0,2,Off,395.7,657.18
1792696680000000000,2026-10-22T19:18:00Z,controller 2,0.337,1.578,-2.54,386.59,472.19,24.77,0.08,100.0,1,Off,398.08,655.46
1792696740000000000,2026-10-22T19:19:00Z,free response,0.32,1.657,84.41,277.51,383.46,24.83,0.09,100.0,3,Off,387.83,643.83
1792696800000000000,2026-10-22T19:20:00Z,controller 1,0.351,1.631,188.8,144.6,470.78,24.89,0.1,100.0,3,Off,398.78,620.83
1792696860000000000,2026-10-22T19:21:00Z,controller 2,0.342,1.987,182.18,327.45,551.62,24.94,0.13,100.0,1,Off,366.22,617.76
1792696920000000000,2026-10-22T19:22:00Z,controller 1,0.288,2.244,162.56,197.39,280.8,25.02,0.1,100.0,3,Off,411.3,647.36
1792696980000000000,2026-10-22T19:23:00Z,controller 1,0.351,1.69,3.15,205.11,428.01,25.05,0.11,100.0,1,Off,403.54,634.37
1792697040000000000,2026-10-22T19:24:00Z,free response,0.219,1.722,72.11,374.32,400.04,25.14,0.04,100.0,2,Off,446.77,640.25
1792697100000000000,2026-10-22T19:25:00Z,free response,0.242,1.935,38.88,158.56,530.62,25.22,0.06,100.0,2,Off,428.34,644.33
1792697160000000000,2026-10-22T19:26:00Z,controller 2,0.306,2.229,-21.97,349.5,386.99,25.27,0.11,100.0,2,Off,454.58,659.58
1792697220000000000,2026-10-22T19:27:00Z,free response,0.328,2.204,-7.07,40.56,96.9,25.34,0.12,100.0,1,Off,464.29,666.37
1792697280000000000,2026-10-22T19:28:00Z,controller 1,0.339,2.165,176.86,2.46,156.12,25.39,0.11,100.0,2,Off,1139.22,792.96
1792697340000000000,2026-10-22T19:29:00Z,free response,0.291,1.608,117.55,108.44,10.1,25.47,0.07,100.0,1,Off,1141.21,788.9
1792697400000000000,2026-10-22T19:30:00Z,free response,0.994,4.223,10.22,431.23,505.36,25.52,2.06,100.0,3,Off,1175.93,780.73
1792697460000000000,2026-10-22T19:31:00Z,free response,1.005,3.494,127.36,377.66,186.74,25.57,1.72,100.0,3,Off,1135.5,803.05
1792697520000000000,2026-10-22T19:32:00Z,controller 2,1.116,3.961,198.99,417.37,595.77,25.64,2.33,100.0,1,Off,887.76,810.06
1792697580000000000,2026-10-22T19:33:00Z,controller 1,1.108,3.839,16.37,276.87,192.18,25.7,2.4,100.0,3,Off,931.93,799.7
1792697640000000000,2026-10-22T19:34:00Z,free response,1.113,4.091,-1.81,396.48,464.45,25.75,2.69,100.0,2,Off,969.49,787.51
1792697700000000000,2026-10-22T19:35:00Z,controller 1,1.116,4.246,119.75,364.79,156.01,25.8,2.67,100.0,2,Off,972.17,760.9
1792697760000000000,2026-10-22T19:36:00Z,controller 2,1.126,3.628,93.31,69.87,297.76,25.87,2.19,100.0,1,Off,988.47,788.79
1792697820000000000,2026-10-22T19:37:00Z,controller 2,1.065,3.674,9.89,94.31,540.14,25.93,2.27,100.0,1,Off,978.38,790.83
1792697880000000000,2026-10-22T19:38:00Z,controller 1,1.038,3.881,-23.09,242.21,239.18,25.99,2.0,100.0,2,Off,1013.82,768.44
1792697940000000000,2026-10-22T19:39:00Z,free response,1.131,3.624,5.46,292.46,159.79,26.04,2.23,100.0,1,Off,1055.82,761.15
1792698000000000000,2026-10-22T19:40:00Z,free response,0.979,3.56,153.62,169.19,450.52,26.13,1.76,100.0,1,Off,1103.0,770.64
1792698060000000000,2026-10-22T19:41:00Z,controller 2,1.01,4.102,187.24,152.49,493.48,26.22,2.16,100.0,2,Off,1121.16,768.31
1792698120000000000,2026-10-22T19:42:00Z,controller 2,1.055,3.607,162.53,55.46,365.04,26.26,1.96,100.0,1,Off,1142.41,772.48
1792698180000000000,2026-10-22T19:43:00Z,controller 2,0.996,3.676,93.63,276.26,108.03,26.35,1.79,100.0,2,Off,1108.16,756.81
1792698240000000000,2026-10-22T19:44:00Z,free response,1.106,4.123,-20.21,236.39,203.47,26.42,2.43,100.0,2,Off,1093.58,750.57
1792698300000000000,2026-10-22T19:45:00Z,controller 1,1.052,4.192,91.48,6.73,555.82,26.48,2.31,100.0,2,Off,1044.73,774.89
1792698360000000000,2026-10-22T19:46:00Z,controller 1,1.079,3.848,154.39,354.87,537.01,26.53,2.4,100.0,1,Off,995.45,763.07
1792698420000000000,2026-10-22T19:47:00Z,controller 2,1.054,4.244,10.91,436.92,256.33,26.58,2.37,100.0,2,Off,973.24,742.35
1792698480000000000,2026-10-22T19:48:00Z,controller 1,1.118,3.932,37.12,90.54,189.32,26.64,2.37,100.0,2,Off,933.29,769.8
1792698540000000000,2026-10-22T19:49:00Z,controller 1,1.054,4.167,87.28,215.4,170.73,26.71,2.49,100.0,3,Off,966.96,788.85
1792698600000000000,2026-10-22T19:50:00Z,controller 2,1.11,3.718,-15.12,328.67,125.59,26.75,2.38,100.0,3,Off,925.7,793.69
1792698660000000000,2026-10-22T19:51:00Z,free response,0.98,3.977,115.18,257.72,306.56,26.78,1.9,100.0,1,Off,895.9,789.57
1792698720000000000,2026-10-22T19:52:00Z,controller 2,1.017,4.145,172.96,313.34,383.73,26.82,2.28,100.0,2,Off,523.07,601.01
1792698780000000000,2026-10-22T19:53:00Z,controller 1,1.108,3.503,-6.36,52.19,420.0,26.87,2.2,100.0,1,Off,495.95,594.66
1792698840000000000,2026-10-22T19:54:00Z,free response,1.136,4.232,20.51,183.4,272.52,26.95,2.86,100.0,1,Off,531.02,568.95
1792698900000000000,2026-10-22T19:55:00Z,controller 1,1.026,3.53,189.4,225.59,24.65,27.02,1.84,100.0,2,Off,542.51,541.89
1792698960000000000,2026-10-22T19:56:00Z,free response,1.013,3.722,36.98,334.08,387.5,27.07,1.77,100.0,3,Off,563.93,569.86
1792699020000000000,2026-10-22T19:57:00Z,controller 1,1.103,3.539,49.19,272.81,93.34,27.12,2.08,100.0,2,Off,563.43,597.43
1792699080000000000,2026-10-22T19:58:00Z,controller 2,1.037,3.619,13.83,137.12,267.18,27.16,1.96,100.0,1,Off,604.56,618.23
1792699140000000000,2026-10-22T19:59:00Z,controller 1,1.125,3.954,40.08,394.81,319.12,27.19,2.71,100.0,1,Off,576.03,610.36
1792699200000000000,2026-10-22T20:00:00Z,controller 1,1.308,5.87,19.11,316.21,417.85,27.23,4.89,100.0,2,Off,565.51,636.56
1792699260000000000,2026-10-22T20:01:00Z,free response,1.438,5.538,1.08,388.92,330.47,27.31,5.52,100.0,1,Off,551.54,616.74
1792699320000000000,2026-10-22T20:02:00Z,controller 2,1.411,5.78,-27.82,90.53,5.29,27.35,6.24,84.78,1,Off,586.57,643.33
1792699380000000000,2026-10-22T20:03:00Z,controller 2,1.387,5.716,116.75,49.44,279.35,27.43,5.26,100.0,3,Off,621.07,622.85
1792699440000000000,2026-10-22T20:04:00Z,free response,1.31,5.496,-1.18,62.01,264.33,27.51,5.14,100.0,3,Off,614.07,644.64
1792699500000000000,2026-10-22T20:05:00Z,free response,1.374,6.084,-26.75,171.02,104.01,27.59,6.08,100.0,1,Off,608.06,655.93
1792699560000000000,2026-10-22T20:06:00Z,controller 1,1.442,6.02,35.37,176.04,523.36,27.68,6.82,100.0,2,Off,607.44,677.38
1792699620000000000,2026-10-22T20:07:00Z,controller 1,1.351,5.707,25.59,266.32,449.8,27.72,5.45,100.0,2,Off,611.47,664.73
1792699680000000000,2026-10-22T20:08:00Z,controller 1,1.368,5.576,177.87,394.83,344.1,27.8,5.16,100.0,1,Off,655.13,648.49
1792699740000000000,2026-10-22T20:09:00Z,controller 2,1.44,5.825,67.65,199.13,99.42,27.85,6.44,100.0,2,Off,699.56,650.98
1792699800000000000,2026-10-22T20:10:00Z,free response,1.406,6.12,-4.39,27.56,449.59,27.91,6.31,100.0,3,Off,720.49,627.98
1792699860000000000,2026-10-22T20:11:00Z,controller 2,1.399,6.199,165.36,121.13,299.78,28.0,6.08,100.0,2,Off,698.99,647.13
1792699920000000000,2026-10-22T20:12:00Z,free response,1.342,5.946,90.18,8.21,157.61,28.05,4.88,100.0,3,Off,735.03,618.26
1792699980000000000,2026-10-22T20:13:00Z,controller 1,1.463,5.77,-28.12,49.42,192.9,28.13,6.06,100.0,3,Off,701.03,646.32
1792700040000000000,2026-10-22T20:14:00Z,controller 2,1.347,6.15,11.44,60.45,574.01,28.21,5.71,100.0,1,Off,709.97,640.81
1792700100000000000,2026-10-22T20:15:00Z,controller 1,1.318,5.804,83.39,419.51,378.09,28.29,5.07,100.0,1,Off,700.26,625.82
1792700160000000000,2026-10-22T20:16:00Z,controller 1,1.446,5.517,68.68,401.29,406.33,28.35,6.03,100.0,1,Off,653.5,612.32
1792700220000000000,2026-10-22T20:17:00Z,controller 2,1.477,5.936,146.26,110.22,163.65,28.41,6.42,100.0,2,Off,685.37,609.16
1792700280000000000,2026-10-22T20:18:00Z,free response,1.383,6.185,63.29,5.14,491.39,28.48,6.43,100.0,3,Off,711.42,620.16
1792700340000000000,2026-10-22T20:19:00Z,free response,1.391,6.228,180.5,102.69,288.6,28.52,5.71,100.0,1,Off,736.92,628.78
1792700400000000000,2026-10-22T20:20:00Z,controller 1,1.418,5.957,169.85,440.49,409.29,28.56,5.54,100.0,2,Off,747.85,634.97
1792700460000000000,2026-10-22T20:21:00Z,controller 1,1.318,6.195,64.81,127.12,332.88,28.62,4.88,100.0,1,Off,707.87,628.47
1792700520000000000,2026-10-22T20:22:00Z,controller 2,1.453,6.232,87.92,400.46,123.99,28.7,6.63,100.0,3,Off,734.3,622.08
1792700580000000000,2026-10-22T20:23:00Z,controller 1,1.481,5.682,25.78,132.07,84.23,28.79,6.71,100.0,3,Off,722.57,626.39
1792700640000000000,2026-10-22T20:24:00Z,controller 2,1.411,5.688,59.35,220.46,3.71,28.82,5.59,66.37,2,Off,771.04,644.26
1792700700000000000,2026-10-22T20:25:00Z,controller 1,1.313,6.137,118.6,195.93,358.58,28.86,5.47,100.0,3,Off,785.64,650.42
1792700760000000000,2026-10-22T20:26:00Z,controller 1,1.429,5.939,29.7,111.64,369.97,28.92,5.58,100.0,3,Off,804.57,665.81
1792700820000000000,2026-10-22T20:27:00Z,controller 2,1.361,6.041,-14.48,63.36,95.2,28.99,5.96,100.0,1,Off,844.32,690.9
1792700880000000000,2026-10-22T20:28:00Z,free response,1.368,5.584,151.05,95.61,303.71,29.06,4.91,100.0,2,Off,879.83,714.23
1792700940000000000,2026-10-22T20:29:00Z,free response,1.403,6.064,-17.58,261.72,298.49,29.09,6.52,100.0,2,Off,895.1,741.83
1792701000000000000,2026-10-22T20:30:00Z,free response,1.443,8.241,158.17,314.15,228.26,29.18,9.01,100.0,2,Off,887.86,740.04
1792701060000000000,2026-10-22T20:31:00Z,controller 1,1.413,8.739,81.45,390.6,404.8,29.26,8.06,100.0,2,Off,905.65,714.12
1792701120000000000,2026-10-22T20:32:00Z,free response,1.534,8.498,33.97,69.04,95.33,29.33,10.61,100.0,3,Off,871.29,703.19
1792701180000000000,2026-10-22T20:33:00Z,controller 1,1.516,8.699,48.16,192.09,274.8,29.37,10.99,100.0,2,Off,851.13,699.31
1792701240000000000,2026-10-22T20:34:00Z,controller 2,1.421,8.445,141.43,272.17,596.86,29.44,8.88,100.0,2,Off,922.11,419.47
1792701300000000000,2026-10-22T20:35:00Z,controller 1,1.506,8.28,17.54,79.68,195.71,29.52,9.37,100.0,2,Off,809.47,553.99
1792701360000000000,2026-10-22T20:36:00Z,controller 2,1.431,8.931,32.41,27.4,487.23,29.55,9.33,100.0,3,Off,816.46,552.32
1792701420000000000,2026-10-22T20:37:00Z,controller 2,1.366,8.468,139.94,399.11,299.37,29.63,7.75,100.0,1,Off,814.15,570.25
1792701480000000000,2026-10-22T20:38:00Z,free response,1.486,8.444,60.38,158.64,533.41,29.68,9.52,100.0,2,Off,850.39,584.71
1792701540000000000,2026-10-22T20:39:00Z,controller 1,1.391,8.481,112.5,356.3,62.77,29.76,7.67,100.0,1,Off,857.83,568.47
1792701600000000000,2026-10-22T20:40:00Z,controller 2,1.422,8.322,127.99,87.27,429.23,29.79,7.93,100.0,1,Off,811.23,562.52
1792701660000000000,2026-10-22T20:41:00Z,controller 1,1.485,8.58,19.62,135.65,11.02,29.82,9.14,100.0,1,Off,763.57,576.9
1792701720000000000,2026-10-22T20:42:00Z,controller 2,1.534,9.014,186.25,238.61,553.93,29.88,9.92,100.0,2,Off,714.82,549.83
1792701780000000000,2026-10-22T20:43:00Z,controller 2,1.382,8.582,126.79,225.74,287.96,29.93,7.5,100.0,1,Off,668.58,527.53
1792701840000000000,2026-10-22T20:44:00Z,controller 1,1.424,8.763,127.89,123.03,251.71,30.01,9.56,100.0,1,Off,663.81,555.51
1792701900000000000,2026-10-22T20:45:00Z,free response,1.458,8.715,180.63,182.51,475.34,30.04,9.18,100.0,1,Off,638.1,555.66
1792701960000000000,2026-10-22T20:46:00Z,free response,1.409,8.766,-3.77,110.4,90.9,30.09,9.33,100.0,1,Off,611.27,535.94
1792702020000000000,2026-10-22T20:47:00Z,free response,1.478,8.737,134.67,137.23,139.28,30.16,10.03,100.0,3,Off,649.74,546.8
1792702080000000000,2026-10-22T20:48:00Z,free response,1.478,8.499,-15.38,375.55,110.58,30.2,9.09,100.0,3,Off,686.05,543.02
1792702140000000000,2026-10-22T20:49:00Z,controller 2,1.421,8.493,55.04,245.12,516.13,30.25,7.87,100.0,3,Off,661.37,524.65
1792702200000000000,2026-10-22T20:50:00Z,controller 1,1.437,8.324,53.16,297.91,102.58,30.33,9.4,100.0,1,Off,681.74,537.6
1792702260000000000,2026-10-22T20:51:00Z,free response,1.451,8.873,18.0,138.55,224.18,30.41,10.19,100.0,1,Off,725.05,543.88
1792702320000000000,2026-10-22T20:52:00Z,controller 1,1.48,8.436,156.37,213.58,445.22,30.46,8.67,100.0,3,Off,746.28,530.23
1792702380000000000,2026-10-22T20:53:00Z,free response,1.398,8.811,42.72,417.19,538.5,30.48,8.94,100.0,1,Off,779.25,542.04
1792702440000000000,2026-10-22T20:54:00Z,controller 1,1.395,8.768,197.61,413.07,537.45,30.53,8.46,100.0,2,Off,764.71,556.04
1792702500000000000,2026-10-22T20:55:00Z,controller 1,1.457,8.735,179.79,158.8,264.84,30.55,8.43,100.0,2,Off,749.72,540.91
1792702560000000000,2026-10-22T20:56:00Z,controller 2,1.524,8.558,-2.84,209.68,60.63,30.61,9.03,100.0,3,Off,746.92,553.63
1792702620000000000,2026-10-22T20:57:00Z,free response,1.515,8.516,129.43,79.48,300.31,30.68,9.35,100.0,3,Off,721.51,548.82
1792702680000000000,2026-10-22T20:58:00Z,free response,1.464,9.003,106.14,0.25,36.86,30.74,10.08,100.0,3,Off,709.96,577.44
1792702740000000000,2026-10-22T20:59:00Z,controller 1,1.442,8.937,83.01,33.35,85.06,30.8,9.86,100.0,2,Off,700.69,582.5
1792702800000000000,2026-10-22T21:00:00Z,controller 1,0.979,12.245,18.8,343.98,504.94,30.83,5.81,100.0,1,Off,710.66,609.25
1792702860000000000,2026-10-22T21:01:00Z,free response,0.966,11.844,71.69,332.74,277.75,30.86,5.16,100.0,2,Off,688.72,604.47
1792702920000000000,2026-10-22T21:02:00Z,controller 2,0.946,11.714,188.09,117.44,131.83,30.91,5.66,100.0,1,Off,712.2,607.57
1792702980000000000,2026-10-22T21:03:00Z,controller 1,0.904,12.195,68.46,229.97,72.6,30.96,5.26,100.0,1,Off,686.0,587.96
1792703040000000000,2026-10-22T21:04:00Z,controller 2,1.045,11.955,148.76,166.26,440.38,30.99,6.87,100.0,1,Off,690.46,590.4
1792703100000000000,2026-10-22T21:05:00Z,controller 1,1.039,11.944,159.69,432.82,550.48,31.05,6.27,100.0,1,Off,681.84,600.52
1792703160000000000,2026-10-22T21:06:00Z,controller 2,0.973,11.881,106.5,296.53,252.64,31.12,5.56,100.0,1,Off,671.96,589.42
1792703220000000000,2026-10-22T21:07:00Z,controller 1,1.032,12.137,76.18,109.96,403.91,31.2,6.2,100.0,2,Off,639.33,613.2
1792703280000000000,2026-10-22T21:08:00Z,free response,1.08,12.129,102.09,196.75,21.16,31.23,7.07,100.0,2,Off,626.03,604.53
1792703340000000000,2026-10-22T21:09:00Z,controller 1,0.912,11.577,-2.26,46.67,106.2,31.29,4.6,100.0,2,Off,672.2,575.0
1792703400000000000,2026-10-22T21:10:00Z,controller 2,0.923,12.14,84.88,151.43,177.85,31.37,5.29,100.0,1,Off,706.72,593.02
1792703460000000000,2026-10-22T21:11:00Z,controller 1,0.911,12.078,67.99,59.44,100.67,31.45,5.1,100.0,3,Off,740.74,609.37
1792703520000000000,2026-10-22T21:12:00Z,controller 1,1.078,11.98,144.06,396.68,451.44,31.48,6.98,100.0,2,Off,763.52,582.42
1792703580000000000,2026-10-22T21:13:00Z,controller 2,1.028,11.658,157.39,111.63,401.08,31.51,5.75,100.0,2,Off,725.88,582.11
1792703640000000000,2026-10-22T21:14:00Z,controller 2,1.062,11.877,180.61,30.06,264.68,31.58,6.81,100.0,3,Off,700.96,611.64
1792703700000000000,2026-10-22T21:15:00Z,controller 1,0.931,11.759,62.56,10.1,473.02,31.65,5.34,100.0,1,Off,661.56,603.09
1792703760000000000,2026-10-22T21:16:00Z,controller 1,0.977,12.252,179.57,276.52,27.34,31.72,5.86,100.0,3,Off,699.87,612.22
1792703820000000000,2026-10-22T21:17:00Z,free response,1.039,12.304,146.31,141.25,0.06,31.77,6.72,0.89,2,Off,666.08,593.62
1792703880000000000,2026-10-22T21:18:00Z,controller 2,0.953,12.146,149.1,407.82,524.01,31.81,6.01,100.0,2,Off,693.88,621.51
1792703940000000000,2026-10-22T21:19:00Z,free response,0.929,11.714,-1.41,397.27,201.8,31.86,5.33,100.0,1,Off,1101.3,377.66
1792704000000000000,2026-10-22T21:20:00Z,free response,1.044,11.786,109.64,21.18,171.28,31.94,6.39,100.0,1,Off,1077.56,348.44
1792704060000000000,2026-10-22T21:21:00Z,free response,1.065,11.984,184.75,212.33,307.2,31.98,7.25,100.0,1,Off,1126.88,340.28
1792704120000000000,2026-10-22T21:22:00Z,controller 2,0.905,11.802,-12.8,111.11,6.01,32.04,5.12,100.0,3,Off,1111.11,324.03
1792704180000000000,2026-10-22T21:23:00Z,free response,1.019,11.927,55.99,256.28,134.43,32.07,6.47,100.0,3,Off,1141.0,330.47
1792704240000000000,2026-10-22T21:24:00Z,free response,0.936,12.108,18.09,135.8,130.47,32.13,5.6,100.0,3,Off,1171.63,316.33
1792704300000000000,2026-10-22T21:25:00Z,free response,0.95,11.593,146.17,397.12,517.07,32.2,4.92,100.0,1,Off,1204.7,337.73
1792704360000000000,2026-10-22T21:26:00Z,controller 1,1.058,11.65,126.49,205.63,510.96,32.26,6.69,100.0,1,Off,1201.13,359.5
1792704420000000000,2026-10-22T21:27:00Z,free response,0.91,12.129,62.51,379.03,580.68,32.29,4.85,100.0,2,Off,1235.72,346.9
1792704480000000000,2026-10-22T21:28:00Z,controller 1,1.015,12.171,161.49,373.61,155.01,32.35,6.43,100.0,3,Off,1240.57,354.16
1792704540000000000,2026-10-22T21:29:00Z,controller 2,0.934,11.935,159.66,294.29,262.82,32.41,4.75,100.0,1,Off,669.45,676.27
1792704600000000000,2026-10-22T21:30:00Z,controller 1,1.609,1.378,115.26,20.36,508.23,32.48,1.61,100.0,1,Off,689.09,675.63
1792704660000000000,2026-10-22T21:31:00Z,controller 1,1.63,1.157,-10.74,443.37,243.09,32.56,1.49,100.0,2,Off,738.6,653.41
1792704720000000000,2026-10-22T21:32:00Z,controller 1,1.626,1,121.06,16.48,50.23,32.6,1.33,100.0,3,Off,1436.45,564.16
1792704780000000000,2026-10-22T21:33:00Z,free response,1.601,1,145.78,145.61,580.09,32.62,1.35,100.0,1,Off,1446.22,548.76
1792704840000000000,2026-10-22T21:34:00Z,controller 2,1.674,1.206,180.56,203.41,361.31,32.68,1.81,100.0,2,Off,1396.86,524.16
1792704900000000000,2026-10-22T21:35:00Z,controller 1,1.556,1.289,11.98,353.32,512.52,32.77,1.51,100.0,2,Off,1399.58,550.63
1792704960000000000,2026-10-22T21:36:00Z,controller 1,1.596,1.125,41.86,336.96,449.94,32.81,1.42,100.0,3,Off,1393.47,542.48
1792705020000000000,2026-10-22T21:37:00Z,controller 2,1.602,1.234,138.97,409.95,140.51,32.87,1.51,100.0,1,Off,1379.62,564.1
1792705080000000000,2026-10-22T21:38:00Z,controller 1,1.544,1,92.87,121.19,46.17,32.93,1.3,100.0,3,Off,1347.5,593.25
1792705140000000000,2026-10-22T21:39:00Z,free response,1.658,1.375,88.12,145.42,7.27,33.0,1.78,100.0,1,Off,1373.39,620.55
1792705200000000000,2026-10-22T21:40:00Z,controller 1,1.693,1.338,122.57,192.86,526.07,33.05,1.81,100.0,2,Off,1381.12,592.26
1792705260000000000,2026-10-22T21:41:00Z,free response,1.708,1.338,118.76,424.48,160.93,33.09,1.87,100.0,2,Off,1407.84,575.11
1792705320000000000,2026-10-22T21:42:00Z,controller 2,1.552,1.0,165.4,47.6,480.96,33.13,1.12,100.0,1,Off,1389.03,550.37
1792705380000000000,2026-10-22T21:43:00Z,controller 2,1.555,1,-11.3,243.0,557.5,33.18,1.28,100.0,1,Off,1373.35,535.52
1792705440000000000,2026-10-22T21:44:00Z,free response,1.556,1,153.9,426.91,285.74,33.23,1.19,100.0,2,Off,1370.73,557.19
1792705500000000000,2026-10-22T21:45:00Z,controller 1,1.569,1.212,186.9,311.54,502.35,33.32,1.59,100.0,3,Off,1335.01,584.57
1792705560000000000,2026-10-22T21:46:00Z,free response,1.699,1.02,47.43,88.09,245.33,33.37,1.35,100.0,3,Off,1292.22,590.15
1792705620000000000,2026-10-22T21:47:00Z,free response,1.563,1.253,100.38,142.35,200.3,33.41,1.53,100.0,3,Off,1340.82,617.48
1792705680000000000,2026-10-22T21:48:00Z,controller 2,1.601,1,105.76,4.79,143.24,33.44,1.16,100.0,3,Off,1349.83,599.07
1792705740000000000,2026-10-22T21:49:00Z,free response,1.555,1,-22.74,182.71,312.69,33.51,1.21,100.0,3,Off,1368.51,619.88
1792705800000000000,2026-10-22T21:50:00Z,free response,1.684,1.351,123.04,430.99,526.24,33.54,2.07,100.0,1,Off,1374.45,642.84
1792705860000000000,2026-10-22T21:51:00Z,controller 2,1.569,1.338,5.08,103.25,357.55,33.62,1.61,100.0,2,Off,1404.94,655.12
1792705920000000000,2026-10-22T21:52:00Z,controller 2,1.687,1.13,12.09,141.32,574.9,33.67,1.64,100.0,2,Off,1358.04,672.36
1792705980000000000,2026-10-22T21:53:00Z,controller 2,1.582,1,70.39,205.69,17.24,33.65,1.34,100.0,2,Off,1339.49,650.06
1792706040000000000,2026-10-22T21:54:00Z,free response,1.606,1,109.26,105.03,593.89,33.62,1.24,100.0,1,Off,1343.12,629.2
1792706100000000000,2026-10-22T21:55:00Z,controller 2,1.667,1,67.36,370.23,42.64,33.61,1.27,100.0,1,Off,1368.26,618.75
1792706160000000000,2026-10-22T21:56:00Z,controller 2,1.655,1.195,68.71,93.53,551.84,33.6,1.72,100.0,2,Off,1393.67,644.3
1792706220000000000,2026-10-22T21:57:00Z,controller 1,1.624,1.058,198.14,183.77,141.45,33.57,1.36,100.0,1,Off,1365.71,658.25
1792706280000000000,2026-10-22T21:58:00Z,controller 2,1.711,1.275,21.89,436.93,419.59,33.55,1.96,100.0,2,Off,1363.57,636.04
1792706340000000000,2026-10-22T21:59:00Z,free response,1.582,1,-28.28,317.25,384.72,33.54,1.19,100.0,1,Off,1404.37,607.17
1792706400000000000,2026-10-22T22:00:00Z,controller 2,0.735,12.693,-11.71,32.23,541.51,33.52,3.59,100.0,1,Off,1433.39,578.04
1792706460000000000,2026-10-22T22:01:00Z,free response,0.719,13.062,17.92,143.93,166.78,33.51,3.14,100.0,3,Off,1465.79,595.88
1792706520000000000,2026-10-22T22:02:00Z,controller 1,0.79,12.986,61.67,67.54,527.94,33.49,4.41,100.0,2,Off,1456.34,604.54
1792706580000000000,2026-10-22T22:03:00Z,controller 1,0.662,12.919,71.09,41.19,282.75,33.46,3.08,100.0,2,Off,1416.6,618.29
1792706640000000000,2026-10-22T22:04:00Z,controller 2,0.765,13.092,2.42,443.42,257.76,33.44,3.8,100.0,3,Off,1367.06,604.81
1792706700000000000,2026-10-22T22:05:00Z,controller 1,0.755,13.322,5.52,228.4,488.42,33.42,4.13,100.0,2,Off,1368.7,624.71
1792706760000000000,2026-10-22T22:06:00Z,controller 2,0.792,12.826,190.69,163.23,507.21,33.39,3.85,100.0,1,Off,1349.43,631.44
1792706820000000000,2026-10-22T22:07:00Z,controller 2,0.786,13.073,187.95,178.09,230.34,33.37,4.35,100.0,3,Off,1310.59,614.09
1792706880000000000,2026-10-22T22:08:00Z,controller 1,0.771,13.184,187.05,289.61,115.34,33.35,4.26,100.0,3,Off,1327.27,603.74
1792706940000000000,2026-10-22T22:09:00Z,free response,0.72,12.831,166.28,395.05,489.49,33.33,3.37,100.0,2,Off,1339.37,621.47
1792707000000000000,2026-10-22T22:10:00Z,free response,0.77,13.256,39.21,188.74,289.22,33.29,3.98,100.0,1,Off,1304.18,620.1
1792707060000000000,2026-10-22T22:11:00Z,controller 2,0.675,13.045,152.27,414.68,306.21,33.28,2.82,100.0,1,Off,1322.43,637.31
1792707120000000000,2026-10-22T22:12:00Z,free response,0.723,12.931,100.0,65.06,257.1,33.27,3.39,100.0,2,Off,1311.94,658.83
1792707180000000000,2026-10-22T22:13:00Z,controller 2,0.688,13.343,81.79,50.97,111.26,33.24,3.21,100.0,1,Off,953.45,566.56
1792707240000000000,2026-10-22T22:14:00Z,controller 2,0.664,13.227,191.18,221.57,339.16,33.23,2.96,100.0,2,Off,994.93,587.71
1792707300000000000,2026-10-22T22:15:00Z,controller 1,0.681,12.884,-18.64,127.05,221.07,33.2,2.73,100.0,1,Off,1010.26,615.85
1792707360000000000,2026-10-22T22:16:00Z,free response,0.688,12.747,11.32,81.61,169.84,33.19,2.97,100.0,3,Off,1018.17,607.59
1792707420000000000,2026-10-22T22:17:00Z,controller 1,0.69,12.666,32.25,126.67,585.48,33.18,3.0,100.0,1,Off,985.03,634.3
1792707480000000000,2026-10-22T22:18:00Z,controller 1,0.773,13.198,137.11,40.86,31.22,33.16,3.89,100.0,2,Off,995.82,645.14
1792707540000000000,2026-10-22T22:19:00Z,controller 1,0.809,12.891,25.0,11.28,170.98,33.24,4.23,100.0,2,Off,1168.92,954.09
1792707600000000000,2026-10-22T22:20:00Z,free response,0.677,13.264,89.42,370.17,159.34,33.3,3.0,100.0,3,Off,1206.92,948.23
1792707660000000000,2026-10-22T22:21:00Z,controller 2,0.647,12.726,160.11,140.92,553.84,33.36,2.84,100.0,2,Off,1176.45,954.54
1792707720000000000,2026-10-22T22:22:00Z,controller 1,0.783,13.087,122.04,43.8,501.03,33.42,4.23,100.0,2,Off,1132.72,936.17
1792707780000000000,2026-10-22T22:23:00Z,free response,0.815,12.841,26.26,182.47,21.67,33.5,4.54,100.0,2,Off,1107.15,938.54
1792707840000000000,2026-10-22T22:24:00Z,controller 2,0.783,13.305,14.42,8.11,288.98,33.53,4.11,100.0,2,Off,1146.1,932.35
1792707900000000000,2026-10-22T22:25:00Z,controller 1,0.659,12.878,21.96,275.5,314.51,33.58,2.87,100.0,3,Off,1131.54,915.69
1792707960000000000,2026-10-22T22:26:00Z,free response,0.709,13.144,-4.11,99.5,193.01,33.61,3.61,100.0,2,Off,1112.04,929.54
1792708020000000000,2026-10-22T22:27:00Z,controller 2,0.782,12.758,115.8,15.57,317.17,33.66,4.25,100.0,3,Off,1070.46,924.54
1792708080000000000,2026-10-22T22:28:00Z,controller 1,0.711,12.938,150.75,14.34,207.59,33.72,3.53,100.0,3,Off,1032.1,910.74
1792708140000000000,2026-10-22T22:29:00Z,free response,0.7,12.789,-7.61,136.91,511.99,33.8,3.0,100.0,2,Off,994.19,881.69
1792708200000000000,2026-10-22T22:30:00Z,controller 2,0.539,10.101,-11.22,193.01,468.15,33.83,1.55,100.0,3,Off,1013.82,879.61
1792708260000000000,2026-10-22T22:31:00Z,controller 2,0.482,10.549,182.16,109.25,295.68,33.89,1.2,100.0,2,Off,1036.12,876.94
1792708320000000000,2026-10-22T22:32:00Z,free response,0.444,10.22,87.0,300.93,560.19,33.97,1.09,100.0,1,Off,1049.24,871.07
1792708380000000000,2026-10-22T22:33:00Z,free response,0.43,10.135,147.7,274.16,598.81,34.01,0.85,100.0,3,Off,1036.06,873.09
1792708440000000000,2026-10-22T22:34:00Z,controller 2,0.518,10.797,-7.96,156.25,143.0,34.08,1.33,100.0,2,Off,1038.11,852.67
1792708500000000000,2026-10-22T22:35:00Z,controller 1,0.558,10.408,-28.24,96.52,230.54,34.13,1.62,100.0,3,Off,1038.07,877.39
1792708560000000000,2026-10-22T22:36:00Z,controller 2,0.558,10.48,32.41,168.69,52.3,34.21,1.47,100.0,2,Off,995.03,849.53
1792708620000000000,2026-10-22T22:37:00Z,free response,0.455,10.129,72.01,255.8,310.08,34.3,1.1,100.0,1,Off,1013.71,877.36
1792708680000000000,2026-10-22T22:38:00Z,controller 2,0.46,10.597,-18.53,189.56,249.88,34.34,1.16,100.0,1,Off,1032.69,855.44
1792708740000000000,2026-10-22T22:39:00Z,controller 1,0.527,10.266,-12.07,55.6,205.54,34.42,1.55,100.0,2,Off,1047.02,850.62
1792708800000000000,2026-10-22T22:40:00Z,controller 1,0.588,10.137,164.63,448.2,156.56,34.47,1.68,100.0,2,Off,1014.49,854.19
1792708860000000000,2026-10-22T22:41:00Z,free response,0.602,10.723,100.09,370.35,428.2,34.54,1.82,100.0,1,Off,1053.9,840.46
1792708920000000000,2026-10-22T22:42:00Z,free response,0.433,10.475,163.72,398.77,363.77,34.61,1.04,100.0,1,Off,1026.95,865.16
1792708980000000000,2026-10-22T22:43:00Z,controller 2,0.454,10.295,4.69,431.07,446.02,34.67,1.16,100.0,1,Off,989.86,847.93
1792709040000000000,2026-10-22T22:44:00Z,free response,0.542,10.205,110.69,442.54,316.86,34.7,1.64,100.0,1,Off,960.88,868.26
1792709100000000000,2026-10-22T22:45:00Z,controller 1,0.543,10.332,73.2,171.74,572.22,34.75,1.57,100.0,3,Off,944.34,851.55
1792709160000000000,2026-10-22T22:46:00Z,controller 1,0.446,10.554,-20.1,307.55,241.33,34.79,1.15,100.0,3,Off,896.99,851.24
1792709220000000000,2026-10-22T22:47:00Z,controller 1,0.432,10.63,-0.07,326.67,140.94,34.87,1.09,100.0,1,Off,861.74,833.51
1792709280000000000,2026-10-22T22:48:00Z,controller 1,0.514,10.213,122.13,299.42,325.41,34.96,1.28,100.0,2,Off,546.42,894.12
1792709340000000000,2026-10-22T22:49:00Z,free response,0.493,10.23,148.78,297.08,360.9,34.99,1.28,100.0,2,Off,561.44,889.83
1792709400000000000,2026-10-22T22:50:00Z,free response,0.594,10.102,55.14,113.83,583.6,35.08,1.9,100.0,3,Off,517.95,866.93
1792709460000000000,2026-10-22T22:51:00Z,controller 1,0.522,10.295,72.79,80.83,271.89,35.16,1.33,100.0,1,Off,472.89,861.89
1792709520000000000,2026-10-22T22:52:00Z,free response,0.512,10.806,62.15,100.38,504.13,35.2,1.48,100.0,1,Off,1187.93,790.61
1792709580000000000,2026-10-22T22:53:00Z,controller 2,0.597,10.352,8.31,66.19,489.2,35.26,1.77,100.0,1,Off,1155.49,775.91
1792709640000000000,2026-10-22T22:54:00Z,free response,0.476,10.727,42.28,132.1,548.29,35.35,1.19,100.0,2,Off,1204.11,800.21
1792709700000000000,2026-10-22T22:55:00Z,controller 2,0.474,10.735,158.52,12.14,96.26,35.38,1.21,100.0,1,Off,1173.06,780.93
1792709760000000000,2026-10-22T22:56:00Z,controller 1,0.483,10.124,149.07,250.95,87.88,35.45,1.13,100.0,3,Off,1208.99,761.76
1792709820000000000,2026-10-22T22:57:00Z,free response,0.602,10.653,113.4,67.5,237.36,35.53,1.75,100.0,3,Off,1245.28,741.11
1792709880000000000,2026-10-22T22:58:00Z,controller 2,0.598,10.358,40.92,232.21,552.44,35.6,1.89,100.0,1,Off,1217.17,759.22
1792709940000000000,2026-10-22T22:59:00Z,controller 1,0.572,10.602,72.49,133.59,479.92,35.64,1.84,100.0,2,Off,1183.14,783.47
1792710000000000000,2026-10-22T23:00:00Z,controller 1,2.985,6.206,131.1,387.87,348.42,35.7,28.63,100.0,2,Off,1183.62,768.2
1792710060000000000,2026-10-22T23:01:00Z,controller 1,2.944,5.967,196.22,93.19,232.08,35.75,27.32,100.0,1,Off,1140.91,775.65
1792710120000000000,2026-10-22T23:02:00Z,controller 1,2.907,6.281,188.49,262.17,469.67,35.8,24.98,100.0,2,Off,1132.21,798.88
1792710180000000000,2026-10-22T23:03:00Z,controller 2,2.856,6.088,81.36,310.75,528.38,35.88,24.3,100.0,3,Off,1163.19,792.5
1792710240000000000,2026-10-22T23:04:00Z,controller 1,2.859,6.206,6.29,255.72,389.42,35.91,26.72,100.0,2,Off,859.83,567.41
1792710300000000000,2026-10-22T23:05:00Z,free response,2.904,6.064,144.88,115.83,411.56,35.97,25.29,100.0,1,Off,859.39,586.11
1792710360000000000,2026-10-22T23:06:00Z,free response,2.949,6.235,157.76,298.85,448.82,36.04,28.32,100.0,1,Off,898.3,588.31
1792710420000000000,2026-10-22T23:07:00Z,controller 2,2.871,6.178,-25.07,171.72,50.18,36.08,23.45,100.0,3,Off,893.13,568.6
1792710480000000000,2026-10-22T23:08:00Z,controller 1,2.953,6.237,199.64,4.75,175.41,36.16,29.09,100.0,3,Off,930.75,550.74
1792710540000000000,2026-10-22T23:09:00Z,controller 1,2.884,6.169,-10.71,348.06,588.5,36.22,25.59,100.0,1,Off,959.15,547.64
1792710600000000000,2026-10-22T23:10:00Z,controller 2,2.952,6.034,7.35,0.45,393.79,36.25,26.94,100.0,2,Off,1003.88,561.12
1792710660000000000,2026-10-22T23:11:00Z,controller 1,2.956,6.007,96.75,16.23,353.64,36.32,24.55,100.0,3,Off,1044.51,548.59
1792710720000000000,2026-10-22T23:12:00Z,controller 1,2.851,5.952,50.73,402.95,467.94,36.4,25.38,100.0,2,Off,1023.77,529.02
1792710780000000000,2026-10-22T23:13:00Z,free response,2.885,5.895,-1.86,148.01,347.87,36.45,26.95,100.0,1,Off,983.47,540.6
1792710840000000000,2026-10-22T23:14:00Z,controller 2,2.877,5.897,177.62,93.13,268.89,36.49,22.98,100.0,2,Off,938.29,528.62
1792710900000000000,2026-10-22T23:15:00Z,controller 1,2.926,6.006,92.31,93.23,206.29,36.56,23.46,100.0,2,Off,947.36,515.59
1792710960000000000,2026-10-22T23:16:00Z,controller 1,2.952,6.495,22.01,185.66,486.59,36.61,28.7,100.0,1,Off,983.33,493.0
1792711020000000000,2026-10-22T23:17:00Z,free response,2.86,6.065,55.0,1.23,571.9,36.69,25.44,100.0,1,Off,1014.93,490.08
1792711080000000000,2026-10-22T23:18:00Z,free response,2.914,6.392,-16.94,47.13,336.79,36.73,28.7,100.0,1,Off,1023.02,483.42
1792711140000000000,2026-10-22T23:19:00Z,controller 2,2.849,6.191,186.47,328.39,138.29,36.78,22.93,100.0,2,Off,1072.9,508.57
1792711200000000000,2026-10-22T23:20:00Z,free response,2.944,5.792,140.41,369.7,454.0,36.83,23.3,100.0,2,Off,1096.31,522.75
1792711260000000000,2026-10-22T23:21:00Z,free response,3,6.53,33.48,384.59,418.79,36.87,32.17,100.0,2,Off,1047.91,537.48
1792711320000000000,2026-10-22T23:22:00Z,free response,2.928,5.992,142.13,33.4,48.7,36.9,24.93,100.0,3,Off,1030.58,515.47
1792711380000000000,2026-10-22T23:23:00Z,controller 2,2.935,6.524,31.9,40.24,478.18,36.93,29.23,100.0,3,Off,1072.87,511.56
1792711440000000000,2026-10-22T23:24:00Z,controller 2,2.905,6.438,6.5,191.32,52.43,36.95,25.7,100.0,2,Off,1075.18,503.28
1792711500000000000,2026-10-22T23:25:00Z,controller 1,2.909,6.413,165.17,43.94,68.01,36.99,29.4,100.0,3,Off,1081.19,503.99
1792711560000000000,2026-10-22T23:26:00Z,free response,2.844,6.447,125.63,139.81,468.14,37.02,28.46,100.0,2,Off,1119.07,530.69
1792711620000000000,2026-10-22T23:27:00Z,controller 1,2.876,6.108,37.61,213.49,430.21,37.07,24.65,100.0,2,Off,1132.18,511.94
1792711680000000000,2026-10-22T23:28:00Z,controller 2,2.857,6.137,67.55,313.34,158.5,37.14,25.48,100.0,2,Off,1170.23,489.18
1792711740000000000,2026-10-22T23:29:00Z,controller 1,2.857,6.273,175.28,292.77,22.52,37.21,23.83,94.5,1,Off,1148.9,465.16
1792711800000000000,2026-10-22T23:30:00Z,controller 1,1.905,4.746,53.38,69.74,229.6,37.26,9.24,100.0,3,Off,1102.1,445.59
1792711860000000000,2026-10-22T23:31:00Z,controller 1,1.883,4.807,27.0,232.59,398.88,37.31,7.85,100.0,1,Off,1125.45,459.53
1792711920000000000,2026-10-22T23:32:00Z,controller 2,1.846,4.891,157.94,120.11,56.63,37.39,8.4,100.0,3,Off,1170.87,486.7
1792711980000000000,2026-10-22T23:33:00Z,controller 1,1.809,4.549,1.94,265.98,530.12,37.43,7.44,100.0,1,Off,1151.34,499.74
1792712040000000000,2026-10-22T23:34:00Z,free response,1.925,4.688,103.06,196.67,393.26,37.48,8.61,100.0,3,Off,1154.92,499.03
1792712100000000000,2026-10-22T23:35:00Z,controller 2,1.961,4.894,122.83,156.42,143.16,37.51,9.52,100.0,2,Off,1185.38,477.83
1792712160000000000,2026-10-22T23:36:00Z,controller 1,1.881,4.41,144.84,300.64,192.55,37.54,8.12,100.0,3,Off,1210.69,448.2
1792712220000000000,2026-10-22T23:37:00Z,controller 1,1.945,4.962,62.45,360.3,88.69,37.58,9.99,100.0,2,Off,1228.08,473.03
1792712280000000000,2026-10-22T23:38:00Z,free response,1.805,4.717,83.7,319.23,422.63,37.67,8.05,100.0,2,Off,1094.52,437.48
1792712340000000000,2026-10-22T23:39:00Z,controller 1,1.926,4.564,167.62,97.15,6.3,37.76,9.19,68.55,3,Off,1054.76,437.3
1792712400000000000,2026-10-22T23:40:00Z,free response,1.813,4.789,42.27,333.95,62.34,37.83,8.5,100.0,2,Off,1014.31,447.38
1792712460000000000,2026-10-22T23:41:00Z,controller 1,1.879,4.41,174.06,307.5,419.21,37.89,7.46,100.0,2,Off,969.83,442.14
1792712520000000000,2026-10-22T23:42:00Z,controller 1,1.898,4.853,119.61,396.94,584.03,37.94,8.73,100.0,1,Off,947.66,447.66
1792712580000000000,2026-10-22T23:43:00Z,controller 2,1.851,4.628,123.44,88.47,79.01,37.99,7.22,100.0,3,Off,984.85,471.8
1792712640000000000,2026-10-22T23:44:00Z,controller 2,1.818,4.908,121.85,418.61,145.39,38.05,8.47,100.0,3,Off,1028.89,466.23
1792712700000000000,2026-10-22T23:45:00Z,controller 1,1.815,4.393,184.64,288.1,156.17,38.09,6.77,100.0,3,Off,1053.41,443.69
1792712760000000000,2026-10-22T23:46:00Z,free response,1.852,4.665,-28.99,52.6,554.39,38.13,8.17,100.0,2,Off,1100.55,445.27
1792712820000000000,2026-10-22T23:47:00Z,free response,1.843,5.021,156.65,369.38,217.67,38.2,8.49,100.0,2,Off,1136.25,448.38
1792712880000000000,2026-10-22T23:48:00Z,controller 1,1.892,5.011,136.73,152.33,163.35,38.25,9.73,100.0,1,Starting,1096.32,439.38
1792712940000000000,2026-10-22T23:49:00Z,controller 1,1.795,4.609,114.83,385.93,18.99,38.32,7.15,100.0,1,Starting,1143.93,419.0
1792713000000000000,2026-10-22T23:50:00Z,controller 2,1.832,4.613,85.22,107.57,46.13,38.37,7.24,100.0,1,Starting,1151.54,389.43
1792713060000000000,2026-10-22T23:51:00Z,controller 2,1.785,4.7,141.7,186.77,333.83,38.45,6.98,100.0,2,Starting,1153.08,402.78
1792713120000000000,2026-10-22T23:52:00Z,controller 1,1.876,4.717,104.98,73.37,259.08,38.52,8.57,100.0,1,Starting,1135.76,377.95
1792713180000000000,2026-10-22T23:53:00Z,free response,1.877,5.006,190.01,252.74,127.76,38.6,8.21,100.0,3,Starting,1098.28,373.86
1792713240000000000,2026-10-22T23:54:00Z,controller 1,1.953,4.707,83.44,307.52,443.82,38.66,9.15,100.0,3,Starting,1083.7,400.43
1792713300000000000,2026-10-22T23:55:00Z,free response,1.852,4.787,183.37,245.14,132.61,38.74,7.92,100.0,2,Starting,1036.04,394.79
1792713360000000000,2026-10-22T23:56:00Z,free response,1.892,4.473,5.74,373.79,507.2,38.79,8.16,100.0,3,Starting,1066.81,420.96
1792713420000000000,2026-10-22T23:57:00Z,free response,1.936,4.46,118.74,440.12,273.13,38.86,9.1,100.0,1,Starting,1034.58,425.07
1792713480000000000,2026-10-22T23:58:00Z,controller 1,1.917,4.368,170.11,444.18,465.22,38.92,8.09,100.0,2,Starting,1007.87,402.66
1792713540000000000,2026-10-22T23:59:00Z,controller 1,1.941,4.753,197.1,173.53,282.67,39.0,9.17,100.0,1,Starting,1040.58,388.27
