timestamp_ns,timestamp_iso,controller,hs,tp,avg_power,power_out,battery_pct,sea_state_energy,efficiency,peaks,nextwave,nextwave_error,nextwave_error_2
1788825600000000000,2026-09-08T00:00:00Z,controller 2,1.728,5.735,-2.63,25.3,0.0,8.3,-31.69,2,Starting,1064.88,482.16
1788825660000000000,2026-09-08T00:01:00Z,controller 2,1.662,5.815,-2.88,18.8,0.0,7.9,-36.46,3,Starting,1081.31,501.37
1788825720000000000,2026-09-08T00:02:00Z,controller 2,1.664,5.79,-2.78,193.56,0.0,7.68,-36.2,3,Starting,1105.87,520.17
1788825780000000000,2026-09-08T00:03:00Z,controller 2,1.686,5.838,-3.03,554.76,0.0,8.27,-36.64,3,Starting,1099.68,355.32
1788825840000000000,2026-09-08T00:04:00Z,controller 2,1.603,5.781,-2.75,488.41,0.0,8.08,-34.03,2,Starting,1133.56,327.97
1788825900000000000,2026-09-08T00:05:00Z,controller 2,1.603,5.792,-3.01,384.75,0.0,7.74,-38.89,2,Starting,1105.67,350.83
1788825960000000000,2026-09-08T00:06:00Z,controller 2,1.549,5.836,-2.94,42.36,0.0,6.65,-44.21,1,Starting,1135.09,372.68
1788826020000000000,2026-09-08T00:07:00Z,controller 2,1.611,5.878,-3.12,410.69,0.0,7.91,-39.44,2,Starting,1096.08,399.86
1788826080000000000,2026-09-08T00:08:00Z,controller 2,1.494,5.794,-2.96,26.63,0.0,6.23,-47.51,1,Starting,1098.17,383.34
1788826140000000000,2026-09-08T00:09:00Z,controller 2,1.521,5.76,-3.03,550.75,0.0,6.78,-44.69,1,Starting,1086.18,369.99
1788826200000000000,2026-09-08T00:10:00Z,controller 2,1.602,5.759,-3.29,381.83,0.0,6.93,-47.47,3,Starting,1120.26,393.68
1788826260000000000,2026-09-08T00:11:00Z,controller 2,1.553,5.782,-2.97,343.76,0.0,6.56,-45.27,3,Starting,1149.22,397.02
1788826320000000000,2026-09-08T00:12:00Z,controller 2,1.535,5.718,-2.68,527.9,0.0,6.39,-41.94,3,Starting,1178.53,386.16
1788826380000000000,2026-09-08T00:13:00Z,controller 2,1.531,5.627,-2.77,226.72,0.0,6.32,-43.83,1,Starting,1130.18,357.39
1788826440000000000,2026-09-08T00:14:00Z,controller 2,1.514,5.542,-2.55,437.74,0.0,6.56,-38.87,2,Starting,1158.71,345.66
1788826500000000000,2026-09-08T00:15:00Z,controller 2,1.478,5.543,-2.37,523.75,0.0,5.54,-42.78,1,Starting,1147.42,341.31
1788826560000000000,2026-09-08T00:16:00Z,controller 2,1.526,5.45,-2.39,224.12,0.0,5.95,-40.17,2,Starting,1112.71,313.25
1788826620000000000,2026-09-08T00:17:00Z,controller 2,1.519,5.44,-2.54,260.68,0.0,5.68,-44.72,2,Starting,1140.79,337.43
1788826680000000000,2026-09-08T00:18:00Z,controller 2,1.541,5.48,-2.68,400.12,0.0,6.74,-39.76,2,Starting,1185.21,363.98
1788826740000000000,2026-09-08T00:19:00Z,controller 2,1.603,5.483,-2.5,6.64,0.0,6.92,-36.13,2,Starting,1182.11,346.79
1788826800000000000,2026-09-08T00:20:00Z,controller 2,1.541,5.514,-2.7,8.95,0.0,6.27,-43.06,2,Starting,1189.37,329.97
1788826860000000000,2026-09-08T00:21:00Z,controller 2,1.546,5.54,-2.58,443.63,0.0,7.13,-36.19,2,Starting,1149.09,334.12
1788826920000000000,2026-09-08T00:22:00Z,controller 2,1.566,5.585,-2.77,568.17,0.0,6.72,-41.22,1,Starting,1141.84,336.04
1788826980000000000,2026-09-08T00:23:00Z,controller 2,1.62,5.622,-2.94,453.63,0.0,7.16,-41.06,2,Starting,1184.37,306.5
1788827040000000000,2026-09-08T00:24:00Z,controller 2,1.576,5.604,-3.23,525.57,0.0,6.49,-49.77,1,Starting,1215.3,330.06
1788827100000000000,2026-09-08T00:25:00Z,controller 2,1.594,5.675,-3.45,336.59,0.0,7.87,-43.84,2,Starting,1205.74,331.18
1788827160000000000,2026-09-08T00:26:00Z,controller 2,1.518,5.672,-3.3,506.59,0.0,7.12,-46.35,2,Starting,1191.73,318.34
1788827220000000000,2026-09-08T00:27:00Z,controller 2,1.531,5.599,-3.6,400.51,0.0,6.56,-54.88,2,Starting,1203.33,310.3
1788827280000000000,2026-09-08T00:28:00Z,controller 2,1.511,5.487,-3.31,553.54,0.0,5.97,-55.44,2,Starting,1161.71,286.76
1788827340000000000,2026-09-08T00:29:00Z,controller 2,1.489,5.409,-3.03,153.16,0.0,6.3,-48.1,1,Starting,1153.94,262.71
1788827400000000000,2026-09-08T00:30:00Z,controller 2,1.501,5.331,-3.25,259.89,0.0,6.55,-49.62,2,Starting,1118.49,259.12
1788827460000000000,2026-09-08T00:31:00Z,controller 2,1.534,5.365,-3.37,453.9,0.0,6.87,-49.05,1,Starting,1119.22,287.74
1788827520000000000,2026-09-08T00:32:00Z,controller 2,1.529,5.448,-3.53,464.74,0.0,5.92,-59.63,3,Starting,1100.07,314.69
1788827580000000000,2026-09-08T00:33:00Z,controller 2,1.62,5.459,-3.51,151.89,0.0,7.77,-45.17,2,Starting,1093.28,294.43
1788827640000000000,2026-09-08T00:34:00Z,controller 2,1.592,5.486,-3.54,497.6,0.0,7.11,-49.79,1,Starting,1114.44,274.08
1788827700000000000,2026-09-08T00:35:00Z,controller 2,1.636,5.402,-3.26,394.84,0.0,7.29,-44.72,2,Starting,1093.41,297.79
1788827760000000000,2026-09-08T00:36:00Z,controller 2,1.624,5.402,-2.97,579.56,0.0,7.38,-40.24,2,Starting,1049.03,272.58
1788827820000000000,2026-09-08T00:37:00Z,controller 2,1.623,5.291,-2.93,202.97,0.0,6.64,-44.13,3,Starting,1098.14,245.63
1788827880000000000,2026-09-08T00:38:00Z,controller 2,1.723,5.302,-3.01,174.85,0.0,7.89,-38.15,2,Starting,1121.46,260.43
1788827940000000000,2026-09-08T00:39:00Z,controller 2,1.752,5.262,-2.81,103.17,0.0,7.82,-35.93,2,Starting,1168.66,287.32
1788828000000000000,2026-09-08T00:40:00Z,controller 2,1.747,5.236,-2.57,128.76,0.0,8.78,-29.27,2,Starting,1170.4,258.76
1788828060000000000,2026-09-08T00:41:00Z,controller 2,1.751,5.297,-2.79,110.15,0.0,8.74,-31.92,3,Starting,1170.88,278.99
1788828120000000000,2026-09-08T00:42:00Z,controller 2,1.718,5.233,-2.81,109.19,0.0,7.27,-38.65,1,Starting,635.72,357.46
1788828180000000000,2026-09-08T00:43:00Z,controller 2,1.775,5.239,-2.88,208.18,0.0,8.11,-35.51,2,Starting,635.87,342.98
1788828240000000000,2026-09-08T00:44:00Z,controller 2,1.772,5.237,-2.96,281.76,0.0,8.5,-34.82,2,Starting,679.29,349.8
1788828300000000000,2026-09-08T00:45:00Z,controller 2,1.807,5.262,-2.81,399.61,0.0,8.1,-34.69,3,Starting,672.61,367.91
1788828360000000000,2026-09-08T00:46:00Z,controller 2,1.76,5.338,-3.07,418.85,0.0,8.15,-37.67,3,Starting,632.8,385.41
1788828420000000000,2026-09-08T00:47:00Z,controller 2,1.89,5.248,-2.94,125.51,0.0,9.55,-30.79,1,Starting,622.14,386.48
1788828480000000000,2026-09-08T00:48:00Z,controller 2,1.874,5.339,-3.07,517.3,0.0,9.42,-32.59,3,Starting,633.71,372.7
1788828540000000000,2026-09-08T00:49:00Z,controller 2,1.946,5.344,-3.36,298.34,0.0,9.21,-36.48,3,Starting,663.11,398.08
1788828600000000000,2026-09-08T00:50:00Z,controller 2,1.94,5.381,-3.25,389.19,0.0,10.93,-29.73,3,Starting,704.29,391.51
1788828660000000000,2026-09-08T00:51:00Z,controller 2,1.983,5.342,-3.53,218.81,0.0,11.15,-31.66,2,Starting,719.35,368.26
1788828720000000000,2026-09-08T00:52:00Z,controller 2,1.951,5.341,-3.56,372.99,0.0,10.95,-32.51,1,Starting,679.47,366.3
1788828780000000000,2026-09-08T00:53:00Z,controller 2,1.93,5.252,-3.47,535.49,0.0,10.6,-32.74,3,Starting,698.61,380.37
1788828840000000000,2026-09-08T00:54:00Z,controller 2,1.989,5.243,-3.62,237.33,0.0,10.54,-34.35,1,Starting,656.07,352.79
1788828900000000000,2026-09-08T00:55:00Z,controller 2,1.916,5.295,-3.3,9.23,0.0,9.56,-34.52,2,Starting,746.92,932.02
1788828960000000000,2026-09-08T00:56:00Z,controller 2,1.932,5.363,-3.51,203.88,0.0,9.63,-36.45,3,Starting,772.55,943.47
1788829020000000000,2026-09-08T00:57:00Z,controller 2,1.915,5.358,-3.24,298.61,0.0,10.23,-31.67,3,Starting,761.57,925.55
1788829080000000000,2026-09-08T00:58:00Z,controller 2,1.962,5.339,-3.33,414.73,0.0,9.56,-34.83,2,Starting,777.47,949.2
1788829140000000000,2026-09-08T00:59:00Z,controller 2,1.886,5.402,-3.31,469.29,0.0,9.38,-35.29,1,Starting,737.84,956.49
1788829200000000000,2026-09-08T01:00:00Z,controller 2,1.883,5.454,-3.13,104.67,0.0,9.36,-33.44,2,Starting,703.01,973.27
1788829260000000000,2026-09-08T01:01:00Z,controller 2,1.892,5.49,-3.09,210.56,0.0,9.88,-31.28,1,Starting,663.78,974.74
1788829320000000000,2026-09-08T01:02:00Z,controller 2,1.868,5.506,-3.27,128.76,0.0,10.12,-32.31,1,Starting,671.06,960.22
1788829380000000000,2026-09-08T01:03:00Z,controller 2,1.924,5.446,-2.99,67.46,0.0,11.03,-27.11,1,Starting,666.13,955.35
1788829440000000000,2026-09-08T01:04:00Z,controller 2,1.882,5.401,-2.79,38.71,0.0,9.01,-30.97,2,Starting,648.35,967.12
1788829500000000000,2026-09-08T01:05:00Z,controller 2,1.88,5.4,-2.67,566.33,0.0,8.68,-30.76,3,Starting,682.37,962.29
1788829560000000000,2026-09-08T01:06:00Z,controller 2,1.837,5.327,-2.52,245.36,0.0,9.56,-26.36,1,Starting,683.14,945.89
1788829620000000000,2026-09-08T01:07:00Z,controller 2,1.714,5.415,-2.6,131.75,0.0,8.3,-31.33,1,Starting,662.62,923.65
1788829680000000000,2026-09-08T01:08:00Z,controller 2,1.701,5.347,-2.43,316.16,0.0,8.43,-28.83,2,Starting,662.19,948.83
1788829740000000000,2026-09-08T01:09:00Z,controller 2,1.651,5.359,-2.22,274.29,0.0,7.81,-28.43,3,Starting,685.84,945.94
1788829800000000000,2026-09-08T01:10:00Z,controller 2,1.72,5.369,-2.05,129.37,0.0,8.36,-24.52,3,Starting,700.79,929.37
1788829860000000000,2026-09-08T01:11:00Z,controller 2,1.664,5.399,-2.17,547.95,0.0,7.53,-28.82,1,Starting,667.14,903.08
1788829920000000000,2026-09-08T01:12:00Z,controller 2,1.638,5.419,-2.19,571.09,0.0,6.83,-32.06,2,Starting,624.48,904.5
1788829980000000000,2026-09-08T01:13:00Z,controller 2,1.611,5.493,-2.29,483.44,0.0,6.98,-32.81,3,Starting,665.42,880.46
1788830040000000000,2026-09-08T01:14:00Z,controller 2,1.577,5.566,-2.12,352.83,0.0,7.5,-28.27,1,Starting,619.12,865.14
1788830100000000000,2026-09-08T01:15:00Z,controller 2,1.582,5.518,-2.26,586.19,0.0,7.22,-31.3,1,Starting,659.53,881.94
1788830160000000000,2026-09-08T01:16:00Z,controller 2,1.568,5.566,-2.27,506.09,0.0,6.98,-32.52,2,Starting,643.36,901.94
1788830220000000000,2026-09-08T01:17:00Z,controller 2,1.64,5.57,-2.11,463.58,0.0,8.18,-25.79,2,Starting,682.47,900.64
1788830280000000000,2026-09-08T01:18:00Z,controller 2,1.614,5.544,-2.04,326.5,0.0,6.79,-30.04,3,Starting,676.69,915.44
1788830340000000000,2026-09-08T01:19:00Z,controller 2,1.603,5.601,-1.98,402.5,0.0,7.38,-26.83,3,Starting,716.9,930.02
1788830400000000000,2026-09-08T01:20:00Z,controller 2,1.51,5.601,-1.98,441.5,0.0,6.24,-31.73,2,Starting,765.52,912.21
1788830460000000000,2026-09-08T01:21:00Z,controller 2,1.455,5.684,-1.87,134.34,0.0,6.23,-30.02,2,Starting,773.95,890.5
1788830520000000000,2026-09-08T01:22:00Z,controller 2,1.44,5.671,-1.9,463.99,0.0,6.17,-30.79,2,Starting,755.23,863.69
1788830580000000000,2026-09-08T01:23:00Z,controller 2,1.435,5.735,-2.03,591.03,0.0,5.37,-37.8,3,Starting,720.45,847.6
1788830640000000000,2026-09-08T01:24:00Z,controller 2,1.479,5.753,-1.97,309.04,0.0,6.44,-30.59,3,Starting,734.95,827.88
1788830700000000000,2026-09-08T01:25:00Z,controller 2,1.5,5.768,-2.0,584.49,0.0,6.23,-32.1,1,Starting,776.01,820.48
1788830760000000000,2026-09-08T01:26:00Z,controller 2,1.464,5.739,-2.05,504.51,0.0,6.25,-32.8,3,Starting,806.99,848.09
1788830820000000000,2026-09-08T01:27:00Z,controller 2,1.45,5.736,-2.21,274.61,0.0,6.26,-35.3,2,Starting,824.2,820.09
1788830880000000000,2026-09-08T01:28:00Z,controller 2,1.439,5.671,-2.12,160.94,0.0,6.1,-34.75,1,Starting,797.71,830.8
1788830940000000000,2026-09-08T01:29:00Z,controller 2,1.459,5.764,-2.18,456.24,0.0,6.41,-34.01,1,Starting,819.15,829.52
1788831000000000000,2026-09-08T01:30:00Z,controller 2,1.497,5.866,-2.12,272.08,0.0,5.96,-35.57,2,Starting,839.42,823.63
1788831060000000000,2026-09-08T01:31:00Z,controller 2,1.53,5.974,-2.26,22.57,0.0,7.35,-30.75,2,Starting,808.26,830.88
1788831120000000000,2026-09-08T01:32:00Z,controller 2,1.54,5.938,-2.1,496.26,0.0,7.39,-28.42,3,Starting,851.91,813.48
1788831180000000000,2026-09-08T01:33:00Z,controller 2,1.559,5.922,-2.16,495.82,0.0,7.23,-29.88,2,Starting,876.68,785.86
1788831240000000000,2026-09-08T01:34:00Z,controller 2,1.62,5.765,-2.15,268.04,0.0,8.12,-26.48,2,Starting,922.61,801.03
1788831300000000000,2026-09-08T01:35:00Z,controller 2,1.614,5.786,-2.33,147.65,0.0,7.93,-29.38,2,Starting,909.11,799.55
1788831360000000000,2026-09-08T01:36:00Z,controller 2,1.628,5.803,-2.13,269.46,0.0,7.22,-29.5,1,Starting,918.1,812.98
1788831420000000000,2026-09-08T01:37:00Z,controller 2,1.61,5.718,-2.24,148.09,0.0,7.4,-30.27,2,Starting,882.32,804.73
1788831480000000000,2026-09-08T01:38:00Z,controller 2,1.575,5.665,-2.37,412.81,0.0,6.64,-35.69,3,Starting,857.29,817.31
1788831540000000000,2026-09-08T01:39:00Z,controller 2,1.512,5.696,-2.15,579.14,0.0,6.37,-33.75,1,Starting,892.69,792.15
1788831600000000000,2026-09-08T01:40:00Z,controller 2,1.526,5.627,-2.15,358.37,0.0,6.84,-31.43,3,Starting,885.46,806.34
1788831660000000000,2026-09-08T01:41:00Z,controller 2,1.478,5.614,-2.13,120.04,0.0,6.53,-32.62,2,Starting,843.2,821.79
1788831720000000000,2026-09-08T01:42:00Z,controller 2,1.499,5.684,-2.19,163.31,0.0,6.22,-35.21,3,Starting,810.26,805.5
1788831780000000000,2026-09-08T01:43:00Z,controller 2,1.511,5.568,-2.21,188.23,0.0,6.93,-31.89,3,Starting,812.99,800.04
1788831840000000000,2026-09-08T01:44:00Z,controller 2,1.523,5.612,-2.16,120.69,0.0,6.62,-32.63,3,Starting,780.03,801.43
1788831900000000000,2026-09-08T01:45:00Z,controller 2,1.535,5.596,-2.21,172.71,0.0,6.16,-35.88,2,Starting,757.99,825.67
1788831960000000000,2026-09-08T01:46:00Z,controller 2,1.559,5.635,-2.39,39.36,0.0,7.49,-31.91,3,Starting,747.52,854.43
1788832020000000000,2026-09-08T01:47:00Z,controller 2,1.591,5.632,-2.26,213.39,0.0,6.52,-34.66,1,Starting,710.43,848.57
1788832080000000000,2026-09-08T01:48:00Z,controller 2,1.553,5.664,-2.48,286.41,0.0,7.4,-33.51,3,Starting,722.13,825.42
1788832140000000000,2026-09-08T01:49:00Z,controller 2,1.549,5.661,-2.64,318.69,0.0,6.78,-38.94,1,Starting,752.26,838.68
1788832200000000000,2026-09-08T01:50:00Z,controller 2,1.562,5.696,-2.7,7.68,0.0,7.38,-36.59,3,Starting,722.08,838.94
1788832260000000000,2026-09-08T01:51:00Z,controller 2,1.499,5.658,-2.83,423.85,0.0,6.07,-46.62,3,Starting,694.28,860.69
1788832320000000000,2026-09-08T01:52:00Z,controller 2,1.518,5.62,-3.05,165.78,0.0,6.49,-47.0,1,Starting,676.31,875.94
1788832380000000000,2026-09-08T01:53:00Z,controller 2,1.492,5.555,-3.27,479.91,0.0,6.71,-48.73,3,Starting,682.58,905.15
1788832440000000000,2026-09-08T01:54:00Z,controller 2,1.384,5.637,-3.46,409.59,0.0,4.98,-69.48,2,Starting,672.94,889.32
1788832500000000000,2026-09-08T01:55:00Z,controller 2,1.402,5.692,-3.33,516.3,0.0,5.73,-58.12,2,Starting,705.23,879.59
1788832560000000000,2026-09-08T01:56:00Z,controller 2,1.367,5.745,-3.38,546.03,0.0,5.71,-59.19,3,Starting,720.63,909.43
1788832620000000000,2026-09-08T01:57:00Z,controller 2,1.384,5.761,-3.24,53.65,0.0,5.52,-58.7,1,Starting,686.69,933.54
1788832680000000000,2026-09-08T01:58:00Z,controller 2,1.406,5.747,-3.11,358.53,0.0,5.54,-56.14,2,Starting,715.88,944.92
1788832740000000000,2026-09-08T01:59:00Z,controller 2,1.412,5.674,-3.35,479.52,0.0,6.18,-54.21,3,Starting,671.48,974.19
1788832800000000000,2026-09-08T02:00:00Z,controller 2,1.47,5.708,-3.26,579.76,0.0,5.82,-56.01,2,Starting,705.17,954.74
1788832860000000000,2026-09-08T02:01:00Z,controller 2,1.46,5.727,-3.45,346.27,0.0,6.31,-54.68,2,Starting,1135.92,982.36
1788832920000000000,2026-09-08T02:02:00Z,controller 2,1.447,5.657,-3.4,440.5,0.0,5.37,-63.31,3,Starting,1150.8,984.02
1788832980000000000,2026-09-08T02:03:00Z,controller 2,1.442,5.657,-3.19,81.65,0.0,5.78,-55.19,3,Starting,1155.97,971.44
1788833040000000000,2026-09-08T02:04:00Z,controller 2,1.43,5.604,-2.94,274.98,0.0,5.66,-51.94,2,Starting,1157.81,981.92
1788833100000000000,2026-09-08T02:05:00Z,controller 2,1.408,5.589,-2.85,357.88,0.0,5.74,-49.65,2,Starting,1137.52,965.85
1788833160000000000,2026-09-08T02:06:00Z,controller 2,1.411,5.541,-2.68,390.22,0.0,5.94,-45.12,3,Starting,1143.4,945.86
1788833220000000000,2026-09-08T02:07:00Z,controller 2,1.462,5.617,-2.66,46.67,0.0,5.52,-48.19,2,Starting,1106.51,937.13
1788833280000000000,2026-09-08T02:08:00Z,controller 2,1.413,5.51,-2.85,31.08,0.0,5.65,-50.44,3,Starting,1123.48,927.29
1788833340000000000,2026-09-08T02:09:00Z,controller 2,1.395,5.489,-3.11,344.03,0.0,4.86,-63.99,2,Starting,1138.16,929.88
1788833400000000000,2026-09-08T02:10:00Z,controller 2,1.399,5.441,-2.94,166.57,0.0,5.59,-52.59,2,Starting,1088.16,921.75
1788833460000000000,2026-09-08T02:11:00Z,controller 2,1.402,5.494,-3.07,151.93,0.0,5.25,-58.48,3,Starting,1078.21,943.89
1788833520000000000,2026-09-08T02:12:00Z,controller 2,1.33,5.595,-2.8,315.7,0.0,4.55,-61.54,2,Starting,1108.36,966.63
1788833580000000000,2026-09-08T02:13:00Z,controller 2,1.308,5.564,-3.05,218.23,0.0,5.19,-58.77,3,Starting,1056.54,478.29
1788833640000000000,2026-09-08T02:14:00Z,controller 2,1.334,5.667,-3.12,485.4,0.0,4.57,-68.27,2,Starting,1101.96,461.62
1788833700000000000,2026-09-08T02:15:00Z,controller 2,1.322,5.66,-2.91,473.81,0.0,4.74,-61.39,3,Starting,1147.66,468.17
1788833760000000000,2026-09-08T02:16:00Z,controller 2,1.334,5.749,-2.88,254.15,0.0,5.6,-51.43,3,Starting,1099.44,493.87
1788833820000000000,2026-09-08T02:17:00Z,controller 2,1.305,5.686,-2.92,274.18,0.0,4.88,-59.84,1,Starting,650.5,888.74
1788833880000000000,2026-09-08T02:18:00Z,controller 2,1.329,5.653,-2.72,211.67,0.0,4.67,-58.24,2,Starting,652.88,872.76
1788833940000000000,2026-09-08T02:19:00Z,controller 2,1.379,5.69,-2.53,452.66,0.0,4.94,-51.21,1,Starting,639.58,844.99
1788834000000000000,2026-09-08T02:20:00Z,controller 2,1.335,5.67,-2.4,462.04,0.0,5.11,-46.97,2,Starting,643.26,858.5
1788834060000000000,2026-09-08T02:21:00Z,controller 2,1.365,5.78,-2.6,424.13,0.0,5.05,-51.49,2,Starting,638.83,883.35
1788834120000000000,2026-09-08T02:22:00Z,controller 2,1.289,5.771,-2.44,351.16,0.0,4.84,-50.41,3,Starting,639.66,854.69
1788834180000000000,2026-09-08T02:23:00Z,controller 2,1.304,5.724,-2.31,431.38,0.0,4.41,-52.38,3,Starting,675.53,860.8
1788834240000000000,2026-09-08T02:24:00Z,controller 2,1.319,5.587,-2.36,490.11,0.0,4.89,-48.26,1,Starting,712.62,834.74
1788834300000000000,2026-09-08T02:25:00Z,controller 2,1.332,5.565,-2.3,239.87,0.0,4.69,-49.04,3,Starting,729.14,815.02
1788834360000000000,2026-09-08T02:26:00Z,controller 2,1.364,5.695,-2.29,386.23,0.0,5.1,-44.9,1,Starting,751.96,798.3
1788834420000000000,2026-09-08T02:27:00Z,controller 2,1.35,5.735,-2.1,308.34,0.0,5.72,-36.71,1,Starting,756.87,791.33
1788834480000000000,2026-09-08T02:28:00Z,controller 2,1.355,5.718,-2.14,325.87,0.0,5.19,-41.23,1,Starting,739.63,769.6
1788834540000000000,2026-09-08T02:29:00Z,controller 2,1.395,5.629,-2.29,315.31,0.0,5.26,-43.54,2,Starting,768.62,775.59
1788834600000000000,2026-09-08T02:30:00Z,controller 2,1.456,5.684,-2.35,356.47,0.0,5.94,-39.56,2,Starting,724.41,778.29
1788834660000000000,2026-09-08T02:31:00Z,controller 2,1.375,5.672,-2.16,190.65,0.0,5.89,-36.67,1,Starting,760.04,753.17
1788834720000000000,2026-09-08T02:32:00Z,controller 2,1.401,5.661,-2.25,61.17,0.0,5.17,-43.52,3,Starting,768.18,732.13
1788834780000000000,2026-09-08T02:33:00Z,controller 2,1.448,5.669,-2.33,353.45,0.0,5.56,-41.91,3,Starting,778.08,742.84
1788834840000000000,2026-09-08T02:34:00Z,controller 2,1.487,5.725,-2.34,432.79,0.0,6.69,-34.98,1,Starting,742.98,729.3
1788834900000000000,2026-09-08T02:35:00Z,controller 2,1.502,5.712,-2.22,465.24,0.0,6.44,-34.47,1,Starting,755.33,756.68
1788834960000000000,2026-09-08T02:36:00Z,controller 2,1.458,5.706,-2.13,245.92,0.0,5.82,-36.6,2,Starting,804.21,755.68
1788835020000000000,2026-09-08T02:37:00Z,controller 2,1.412,5.702,-2.16,137.71,0.0,5.48,-39.42,1,Starting,828.32,770.31
1788835080000000000,2026-09-08T02:38:00Z,controller 2,1.459,5.716,-2.08,488.65,0.0,5.69,-36.56,2,Starting,780.82,751.85
1788835140000000000,2026-09-08T02:39:00Z,controller 2,1.457,5.787,-2.19,598.11,0.0,6.37,-34.38,1,Starting,749.05,758.58
1788835200000000000,2026-09-08T02:40:00Z,controller 2,1.416,5.72,-2.0,432.77,0.0,5.71,-35.03,1,Starting,756.46,735.22
1788835260000000000,2026-09-08T02:41:00Z,controller 2,1.402,5.659,-2.09,587.18,0.0,5.5,-38.0,3,Starting,726.3,755.25
1788835320000000000,2026-09-08T02:42:00Z,controller 2,1.404,5.667,-1.99,570.92,0.0,5.74,-34.67,3,Starting,683.74,773.92
1788835380000000000,2026-09-08T02:43:00Z,controller 2,1.392,5.633,-1.85,96.05,0.0,5.04,-36.71,3,Starting,652.14,795.62
1788835440000000000,2026-09-08T02:44:00Z,controller 2,1.406,5.646,-1.78,56.03,0.0,5.26,-33.84,2,Starting,697.69,820.42
1788835500000000000,2026-09-08T02:45:00Z,controller 2,1.367,5.624,-1.85,384.49,0.0,5.75,-32.17,1,Starting,653.65,818.41
1788835560000000000,2026-09-08T02:46:00Z,controller 2,1.39,5.638,-1.94,587.5,0.0,5.92,-32.77,2,Starting,703.6,798.05
1788835620000000000,2026-09-08T02:47:00Z,controller 2,1.368,5.622,-2.13,535.91,0.0,5.1,-41.76,1,Starting,732.23,785.17
1788835680000000000,2026-09-08T02:48:00Z,controller 2,1.362,5.592,-2.0,486.84,0.0,4.76,-42.02,1,Starting,779.25,798.28
1788835740000000000,2026-09-08T02:49:00Z,controller 2,1.316,5.614,-1.95,263.45,0.0,4.48,-43.53,2,Starting,767.98,800.88
1788835800000000000,2026-09-08T02:50:00Z,controller 2,1.288,5.615,-2.11,5.71,0.0,4.9,-43.06,1,Starting,755.39,780.27
1788835860000000000,2026-09-08T02:51:00Z,controller 2,1.312,5.556,-2.25,576.6,0.0,4.41,-51.02,3,Starting,732.03,764.42
1788835920000000000,2026-09-08T02:52:00Z,controller 2,1.332,5.601,-2.18,56.33,0.0,4.87,-44.76,2,Starting,752.47,748.01
1788835980000000000,2026-09-08T02:53:00Z,controller 2,1.322,5.652,-2.14,150.9,0.0,5.36,-39.93,3,Starting,728.68,761.4
1788836040000000000,2026-09-08T02:54:00Z,controller 2,1.303,5.711,-2.18,341.31,0.0,4.8,-45.42,1,Starting,690.77,733.19
1788836100000000000,2026-09-08T02:55:00Z,controller 2,1.289,5.65,-2.15,266.14,0.0,5.14,-41.83,3,Starting,740.16,752.71
1788836160000000000,2026-09-08T02:56:00Z,controller 2,1.26,5.603,-2.31,496.86,0.0,4.84,-47.73,1,Starting,758.32,726.5
1788836220000000000,2026-09-08T02:57:00Z,controller 2,1.299,5.57,-2.09,307.34,0.0,4.47,-46.76,3,Starting,719.83,750.67
1788836280000000000,2026-09-08T02:58:00Z,controller 2,1.296,5.63,-1.95,442.67,0.0,4.8,-40.62,1,Starting,703.18,755.21
1788836340000000000,2026-09-08T02:59:00Z,controller 2,1.323,5.674,-2.14,382.65,0.0,4.99,-42.89,1,Starting,713.09,734.65
1788836400000000000,2026-09-08T03:00:00Z,controller 2,1.32,5.614,-2.29,319.58,0.0,4.57,-50.11,3,Starting,999.42,518.05
1788836460000000000,2026-09-08T03:01:00Z,controller 2,1.314,5.575,-2.46,75.67,0.0,4.69,-52.45,1,Starting,951.3,543.42
1788836520000000000,2026-09-08T03:02:00Z,controller 2,1.298,5.565,-2.58,598.38,0.0,4.81,-53.64,1,Starting,910.29,554.86
1788836580000000000,2026-09-08T03:03:00Z,controller 2,1.282,5.496,-2.51,513.79,0.0,4.29,-58.51,3,Starting,907.85,558.22
1788836640000000000,2026-09-08T03:04:00Z,controller 2,1.307,5.504,-2.47,360.86,0.0,4.81,-51.35,2,Starting,908.77,574.29
1788836700000000000,2026-09-08T03:05:00Z,controller 2,1.322,5.408,-2.69,316.09,0.0,4.5,-59.78,2,Starting,899.03,599.62
1788836760000000000,2026-09-08T03:06:00Z,controller 2,1.337,5.422,-2.66,41.62,0.0,4.71,-56.48,2,Starting,877.9,577.04
1788836820000000000,2026-09-08T03:07:00Z,controller 2,1.352,5.362,-2.69,547.3,0.0,4.67,-57.6,3,Starting,913.35,601.4
1788836880000000000,2026-09-08T03:08:00Z,controller 2,1.338,5.38,-2.51,28.03,0.0,5.0,-50.2,3,Starting,928.03,593.18
1788836940000000000,2026-09-08T03:09:00Z,controller 2,1.329,5.472,-2.54,395.47,0.0,4.85,-52.37,3,Starting,895.37,619.88
1788837000000000000,2026-09-08T03:10:00Z,controller 2,1.319,5.611,-2.34,367.98,0.0,5.05,-46.34,3,Starting,857.9,641.21
1788837060000000000,2026-09-08T03:11:00Z,controller 2,1.378,5.571,-2.41,214.8,0.0,5.33,-45.22,1,Starting,837.6,663.0
1788837120000000000,2026-09-08T03:12:00Z,controller 2,1.443,5.576,-2.35,361.32,0.0,6.34,-37.07,1,Starting,830.45,665.73
1788837180000000000,2026-09-08T03:13:00Z,controller 2,1.457,5.628,-2.24,30.97,0.0,5.6,-40.0,1,Starting,783.32,687.59
1788837240000000000,2026-09-08T03:14:00Z,controller 2,1.435,5.618,-2.33,164.0,0.0,6.24,-37.34,3,Starting,741.41,694.74
1788837300000000000,2026-09-08T03:15:00Z,controller 2,1.381,5.642,-2.54,438.85,0.0,4.85,-52.37,1,Starting,745.02,693.55
1788837360000000000,2026-09-08T03:16:00Z,controller 2,1.409,5.586,-2.61,19.99,0.0,5.28,-49.43,2,Starting,728.9,701.63
1788837420000000000,2026-09-08T03:17:00Z,controller 2,1.401,5.553,-2.42,540.9,0.0,5.8,-41.72,3,Starting,757.23,673.19
1788837480000000000,2026-09-08T03:18:00Z,controller 2,1.396,5.378,-2.62,504.88,0.0,5.08,-51.57,2,Starting,754.2,650.65
1788837540000000000,2026-09-08T03:19:00Z,controller 2,1.36,5.425,-2.51,161.53,0.0,5.49,-45.72,3,Starting,755.92,662.59
1788837600000000000,2026-09-08T03:20:00Z,controller 2,1.39,5.459,-2.62,459.93,0.0,5.31,-49.34,2,Starting,773.11,670.79
1788837660000000000,2026-09-08T03:21:00Z,controller 2,1.437,5.312,-2.37,567.71,0.0,5.3,-44.72,1,Starting,742.07,654.42
1788837720000000000,2026-09-08T03:22:00Z,controller 2,1.446,5.388,-2.42,428.44,0.0,5.77,-41.94,2,Starting,927.14,762.45
1788837780000000000,2026-09-08T03:23:00Z,controller 2,1.436,5.418,-2.25,497.11,0.0,5.43,-41.44,3,Starting,880.02,774.93
1788837840000000000,2026-09-08T03:24:00Z,controller 2,1.455,5.376,-2.03,200.39,0.0,5.25,-38.67,2,Starting,896.33,753.34
1788837900000000000,2026-09-08T03:25:00Z,controller 2,1.482,5.413,-2.23,379.31,0.0,6.02,-37.04,2,Starting,937.41,737.07
1788837960000000000,2026-09-08T03:26:00Z,controller 2,1.47,5.448,-2.1,114.34,0.0,5.64,-37.23,3,Starting,932.16,758.87
1788838020000000000,2026-09-08T03:27:00Z,controller 2,1.415,5.403,-2.08,89.93,0.0,5.41,-38.45,1,Starting,980.93,737.52
1788838080000000000,2026-09-08T03:28:00Z,controller 2,1.431,5.398,-1.89,349.44,0.0,5.31,-35.59,1,Starting,943.12,721.38
1788838140000000000,2026-09-08T03:29:00Z,controller 2,1.447,5.421,-1.96,198.66,0.0,5.28,-37.12,3,Starting,971.83,730.61
1788838200000000000,2026-09-08T03:30:00Z,controller 2,1.456,5.508,-1.95,29.05,0.0,5.29,-36.86,2,Starting,962.69,733.35
1788838260000000000,2026-09-08T03:31:00Z,controller 2,1.424,5.406,-2.14,539.81,0.0,5.15,-41.55,1,Starting,978.05,704.81
1788838320000000000,2026-09-08T03:32:00Z,controller 2,1.366,5.392,-2.19,418.37,0.0,5.41,-40.48,1,Starting,1007.84,707.85
1788838380000000000,2026-09-08T03:33:00Z,controller 2,1.475,5.411,-2.26,60.36,0.0,5.77,-39.17,3,Starting,1008.24,695.59
1788838440000000000,2026-09-08T03:34:00Z,controller 2,1.484,5.417,-2.48,509.24,0.0,5.82,-42.61,3,Starting,998.52,691.61
1788838500000000000,2026-09-08T03:35:00Z,controller 2,1.47,5.42,-2.35,332.19,0.0,6.42,-36.6,2,Starting,989.31,672.15
1788838560000000000,2026-09-08T03:36:00Z,controller 2,1.509,5.393,-2.29,573.4,0.0,6.72,-34.08,1,Starting,1036.06,686.76
1788838620000000000,2026-09-08T03:37:00Z,controller 2,1.534,5.379,-2.09,208.73,0.0,6.58,-31.76,1,Starting,1007.14,707.96
1788838680000000000,2026-09-08T03:38:00Z,controller 2,1.535,5.44,-2.2,50.18,0.0,6.37,-34.54,2,Starting,1021.78,703.52
1788838740000000000,2026-09-08T03:39:00Z,controller 2,1.571,5.476,-2.01,125.02,0.0,7.14,-28.15,1,Starting,993.39,708.23
1788838800000000000,2026-09-08T03:40:00Z,controller 2,1.575,5.503,-1.84,270.47,0.0,7.32,-25.14,3,Starting,1012.07,678.39
1788838860000000000,2026-09-08T03:41:00Z,controller 2,1.52,5.532,-1.9,404.85,0.0,6.58,-28.88,3,Starting,989.17,461.86
1788838920000000000,2026-09-08T03:42:00Z,controller 2,1.502,5.454,-1.9,119.71,0.0,5.87,-32.37,1,Starting,1036.3,432.03
1788838980000000000,2026-09-08T03:43:00Z,controller 2,1.523,5.414,-1.93,270.84,0.0,5.68,-33.98,3,Starting,1024.94,421.56
1788839040000000000,2026-09-08T03:44:00Z,controller 2,1.507,5.387,-1.99,550.79,0.0,6.48,-30.71,2,Starting,981.23,413.18
1788839100000000000,2026-09-08T03:45:00Z,controller 2,1.401,5.376,-1.86,252.76,0.0,5.49,-33.88,1,Starting,987.39,422.43
1788839160000000000,2026-09-08T03:46:00Z,controller 2,1.438,5.44,-1.88,118.6,0.0,5.81,-32.36,1,Starting,1024.55,425.7
1788839220000000000,2026-09-08T03:47:00Z,controller 2,1.421,5.452,-2.01,494.0,0.0,5.0,-40.2,2,Starting,1017.84,407.72
1788839280000000000,2026-09-08T03:48:00Z,controller 2,1.494,5.472,-2.15,94.94,0.0,6.3,-34.13,2,Starting,1014.31,431.48
1788839340000000000,2026-09-08T03:49:00Z,controller 2,1.504,5.391,-2.09,253.81,0.0,5.8,-36.03,1,Starting,1052.02,416.19
1788839400000000000,2026-09-08T03:50:00Z,controller 2,1.463,5.398,-2.08,219.39,0.0,5.34,-38.95,2,Starting,1003.43,390.99
1788839460000000000,2026-09-08T03:51:00Z,controller 2,1.522,5.408,-2.17,60.8,0.0,6.68,-32.49,1,Starting,1041.22,374.45
1788839520000000000,2026-09-08T03:52:00Z,controller 2,1.491,5.392,-2.12,551.61,0.0,5.78,-36.68,2,Starting,1001.84,351.29
1788839580000000000,2026-09-08T03:53:00Z,controller 2,1.422,5.426,-2.19,338.45,0.0,4.95,-44.24,1,Starting,1037.36,373.95
1788839640000000000,2026-09-08T03:54:00Z,controller 2,1.479,5.345,-2.27,586.43,0.0,5.76,-39.41,1,Starting,1031.53,395.74
1788839700000000000,2026-09-08T03:55:00Z,controller 2,1.442,5.282,-2.13,301.13,0.0,5.68,-37.5,3,Starting,995.45,419.89
1788839760000000000,2026-09-08T03:56:00Z,controller 2,1.425,5.277,-2.14,74.97,0.0,5.42,-39.48,3,Starting,977.03,396.25
1788839820000000000,2026-09-08T03:57:00Z,controller 2,1.452,5.238,-2.1,299.37,0.0,5.72,-36.71,2,Starting,1008.45,376.63
1788839880000000000,2026-09-08T03:58:00Z,controller 2,1.43,5.238,-2.18,372.6,0.0,5.43,-40.15,2,Starting,1007.47,378.64
1788839940000000000,2026-09-08T03:59:00Z,controller 2,1.439,5.326,-2.15,180.8,0.0,5.05,-42.57,2,Starting,1053.19,382.91
1788840000000000000,2026-09-08T04:00:00Z,controller 2,1.467,5.298,-2.21,76.94,0.0,5.69,-38.84,3,Starting,1079.47,402.29
1788840060000000000,2026-09-08T04:01:00Z,controller 2,1.479,5.317,-2.14,261.66,0.0,5.53,-38.7,3,Starting,1075.34,383.36
1788840120000000000,2026-09-08T04:02:00Z,controller 2,1.499,5.378,-2.17,587.57,0.0,6.63,-32.73,2,Starting,1110.99,395.8
1788840180000000000,2026-09-08T04:03:00Z,controller 2,1.541,5.396,-2.06,427.91,0.0,6.82,-30.21,2,Starting,1145.6,395.44
1788840240000000000,2026-09-08T04:04:00Z,controller 2,1.497,5.259,-1.88,365.31,0.0,5.78,-32.53,3,Starting,1143.62,379.88
1788840300000000000,2026-09-08T04:05:00Z,controller 2,1.512,5.213,-1.89,580.98,0.0,6.14,-30.78,2,Starting,1109.61,384.98
1788840360000000000,2026-09-08T04:06:00Z,controller 2,1.527,5.178,-1.78,242.55,0.0,6.1,-29.18,3,Starting,1090.47,359.87
1788840420000000000,2026-09-08T04:07:00Z,controller 2,1.531,5.141,-1.8,146.39,0.0,6.42,-28.04,3,Starting,1050.19,362.64
1788840480000000000,2026-09-08T04:08:00Z,controller 2,1.489,5.152,-1.76,586.3,0.0,5.68,-30.99,1,Starting,1050.53,368.02
1788840540000000000,2026-09-08T04:09:00Z,controller 2,1.528,5.104,-1.88,496.58,0.0,6.33,-29.7,2,Starting,1017.79,370.97
1788840600000000000,2026-09-08T04:10:00Z,controller 2,1.488,5.167,-1.98,99.36,0.0,5.95,-33.28,2,Starting,1011.07,355.37
1788840660000000000,2026-09-08T04:11:00Z,controller 2,1.483,5.203,-2.05,106.74,0.0,5.65,-36.28,1,Starting,1053.75,370.88
1788840720000000000,2026-09-08T04:12:00Z,controller 2,1.556,5.194,-2.0,164.58,0.0,6.72,-29.76,3,Starting,1016.78,392.79
1788840780000000000,2026-09-08T04:13:00Z,controller 2,1.569,5.303,-1.91,211.53,0.0,6.95,-27.48,2,Starting,1021.51,375.59
1788840840000000000,2026-09-08T04:14:00Z,controller 2,1.56,5.303,-2.0,6.17,0.0,6.5,-30.77,1,Starting,1023.11,394.23
1788840900000000000,2026-09-08T04:15:00Z,controller 2,1.466,5.303,-2.02,146.77,0.0,5.61,-36.01,2,Starting,1072.6,396.41
1788840960000000000,2026-09-08T04:16:00Z,controller 2,1.474,5.338,-1.96,379.7,0.0,6.2,-31.61,1,Starting,1028.77,374.52
1788841020000000000,2026-09-08T04:17:00Z,controller 2,1.503,5.399,-1.95,375.42,0.0,6.01,-32.45,2,Starting,1006.92,403.67
1788841080000000000,2026-09-08T04:18:00Z,controller 2,1.516,5.369,-1.88,597.92,0.0,5.61,-33.51,1,Starting,882.86,844.28
1788841140000000000,2026-09-08T04:19:00Z,controller 2,1.514,5.332,-1.82,139.76,0.0,6.01,-30.28,1,Starting,907.96,851.6
1788841200000000000,2026-09-08T04:20:00Z,controller 2,1.463,5.29,-1.9,349.02,0.0,5.38,-35.32,2,Starting,954.83,834.72
1788841260000000000,2026-09-08T04:21:00Z,controller 2,1.449,5.162,-1.98,320.9,0.0,5.39,-36.73,1,Starting,916.76,835.02
1788841320000000000,2026-09-08T04:22:00Z,controller 2,1.474,5.267,-2.18,406.2,0.0,5.71,-38.18,2,Starting,952.0,825.45
1788841380000000000,2026-09-08T04:23:00Z,controller 2,1.475,5.245,-2.29,506.47,0.0,5.35,-42.8,2,Starting,947.84,835.65
1788841440000000000,2026-09-08T04:24:00Z,controller 2,1.487,5.228,-2.18,188.88,0.0,6.34,-34.38,3,Starting,920.95,828.16
1788841500000000000,2026-09-08T04:25:00Z,controller 2,1.543,5.2,-2.19,141.48,0.0,6.7,-32.69,2,Starting,875.48,843.27
1788841560000000000,2026-09-08T04:26:00Z,controller 2,1.507,5.234,-2.03,374.71,0.0,6.06,-33.5,2,Starting,871.34,857.76
1788841620000000000,2026-09-08T04:27:00Z,controller 2,1.549,5.201,-2.22,97.81,0.0,6.48,-34.26,1,Starting,1310.17,419.15
1788841680000000000,2026-09-08T04:28:00Z,controller 2,1.547,5.067,-2.31,355.14,0.0,6.63,-34.84,3,Starting,1321.08,427.32
1788841740000000000,2026-09-08T04:29:00Z,controller 2,1.529,5.116,-2.45,578.47,0.0,5.59,-43.83,2,Starting,1272.72,435.49
1788841800000000000,2026-09-08T04:30:00Z,controller 2,1.553,5.135,-2.57,31.41,0.0,6.12,-41.99,3,Starting,1271.7,424.47
1788841860000000000,2026-09-08T04:31:00Z,controller 2,1.569,5.198,-2.46,87.42,0.0,6.05,-40.66,2,Starting,1317.35,452.33
1788841920000000000,2026-09-08T04:32:00Z,controller 2,1.611,5.22,-2.68,163.48,0.0,7.1,-37.75,1,Starting,1291.13,462.61
1788841980000000000,2026-09-08T04:33:00Z,controller 2,1.57,5.181,-2.53,115.42,0.0,6.62,-38.22,3,Starting,1300.87,460.28
1788842040000000000,2026-09-08T04:34:00Z,controller 2,1.586,5.22,-2.67,463.21,0.0,6.59,-40.52,3,Starting,1292.22,459.79
1788842100000000000,2026-09-08T04:35:00Z,controller 2,1.633,5.253,-2.74,430.49,0.0,6.78,-40.41,1,Starting,1321.33,478.59
1788842160000000000,2026-09-08T04:36:00Z,controller 2,1.662,5.324,-2.52,407.98,0.0,6.65,-37.89,1,Starting,659.8,433.41
1788842220000000000,2026-09-08T04:37:00Z,controller 2,1.592,5.261,-2.36,63.05,0.0,6.64,-35.54,1,Starting,664.19,458.72
1788842280000000000,2026-09-08T04:38:00Z,controller 2,1.542,5.321,-2.26,213.05,0.0,5.87,-38.5,3,Starting,631.8,445.6
1788842340000000000,2026-09-08T04:39:00Z,controller 2,1.535,5.322,-2.46,215.73,0.0,6.72,-36.61,3,Starting,599.3,458.19
1788842400000000000,2026-09-08T04:40:00Z,controller 2,1.491,5.318,-2.67,598.55,0.0,6.32,-42.25,2,Starting,589.82,439.08
1788842460000000000,2026-09-08T04:41:00Z,controller 2,1.481,5.293,-2.5,23.86,0.0,5.34,-46.82,1,Starting,569.01,456.01
1788842520000000000,2026-09-08T04:42:00Z,controller 2,1.437,5.223,-2.58,555.41,0.0,5.52,-46.74,1,Starting,613.89,480.34
1788842580000000000,2026-09-08T04:43:00Z,controller 2,1.474,5.268,-2.72,140.9,0.0,5.29,-51.42,2,Starting,639.75,508.84
1788842640000000000,2026-09-08T04:44:00Z,controller 2,1.513,5.199,-2.58,341.57,0.0,6.11,-42.23,3,Starting,647.75,518.01
1788842700000000000,2026-09-08T04:45:00Z,controller 2,1.439,5.191,-2.75,513.11,0.0,5.59,-49.19,1,Starting,616.47,494.92
1788842760000000000,2026-09-08T04:46:00Z,controller 2,1.47,5.21,-3.01,159.81,0.0,6.05,-49.75,3,Starting,589.37,500.49
1788842820000000000,2026-09-08T04:47:00Z,controller 2,1.495,5.231,-2.8,515.06,0.0,6.23,-44.94,1,Starting,625.5,493.93
1788842880000000000,2026-09-08T04:48:00Z,controller 2,1.526,5.164,-2.87,312.37,0.0,6.45,-44.5,2,Starting,628.21,487.05
1788842940000000000,2026-09-08T04:49:00Z,controller 2,1.508,5.224,-2.9,307.06,0.0,6.29,-46.1,2,Starting,655.58,476.27
1788843000000000000,2026-09-08T04:50:00Z,controller 2,1.505,5.195,-3.12,116.73,0.0,6.45,-48.37,1,Starting,639.1,459.19
1788843060000000000,2026-09-08T04:51:00Z,controller 2,1.476,5.203,-3.42,378.12,0.0,6.15,-55.61,1,Starting,595.46,478.63
1788843120000000000,2026-09-08T04:52:00Z,controller 2,1.491,5.231,-3.28,235.65,0.0,5.73,-57.24,1,Starting,577.82,479.49
1788843180000000000,2026-09-08T04:53:00Z,controller 2,1.471,5.257,-2.95,327.42,0.0,5.85,-50.43,2,Starting,618.47,470.76
1788843240000000000,2026-09-08T04:54:00Z,controller 2,1.416,5.246,-3.17,177.35,0.0,4.86,-65.23,1,Starting,587.93,464.83
1788843300000000000,2026-09-08T04:55:00Z,controller 2,1.399,5.264,-3.33,26.79,0.0,5.11,-65.17,1,Starting,628.79,491.47
1788843360000000000,2026-09-08T04:56:00Z,controller 2,1.393,5.342,-3.09,402.81,0.0,5.4,-57.22,2,Starting,654.91,496.52
1788843420000000000,2026-09-08T04:57:00Z,controller 2,1.424,5.365,-2.99,415.23,0.0,5.09,-58.74,3,Starting,622.67,519.54
1788843480000000000,2026-09-08T04:58:00Z,controller 2,1.385,5.389,-3.22,8.97,0.0,4.82,-66.8,1,Starting,594.81,493.5
1788843540000000000,2026-09-08T04:59:00Z,controller 2,1.366,5.423,-2.9,513.51,0.0,5.29,-54.82,1,Starting,596.04,518.2
1788843600000000000,2026-09-08T05:00:00Z,controller 2,1.38,5.428,-2.92,40.09,0.0,5.27,-55.41,1,Starting,638.71,494.94
1788843660000000000,2026-09-08T05:01:00Z,controller 2,1.447,5.431,-2.81,397.47,0.0,6.13,-45.84,1,Starting,590.16,510.23
1788843720000000000,2026-09-08T05:02:00Z,controller 2,1.488,5.349,-2.92,295.7,0.0,5.73,-50.96,1,Starting,551.18,487.14
1788843780000000000,2026-09-08T05:03:00Z,controller 2,1.604,5.377,-2.64,62.05,0.0,6.4,-41.25,1,Starting,519.1,467.26
1788843840000000000,2026-09-08T05:04:00Z,controller 2,1.577,5.386,-2.89,237.91,0.0,7.18,-40.25,3,Starting,508.32,461.82
1788843900000000000,2026-09-08T05:05:00Z,controller 2,1.638,5.403,-3.0,109.23,0.0,6.86,-43.73,1,Starting,503.25,484.92
1788843960000000000,2026-09-08T05:06:00Z,controller 2,1.553,5.442,-2.88,171.07,0.0,7.2,-40.0,1,Starting,526.84,466.51
1788844020000000000,2026-09-08T05:07:00Z,controller 2,1.534,5.5,-2.64,85.51,0.0,6.51,-40.55,1,Starting,490.29,460.67
1788844080000000000,2026-09-08T05:08:00Z,controller 2,1.536,5.474,-2.38,513.86,0.0,5.83,-40.82,2,Starting,506.29,443.05
1788844140000000000,2026-09-08T05:09:00Z,controller 2,1.524,5.405,-2.59,243.32,0.0,6.85,-37.81,1,Starting,1349.09,632.08
1788844200000000000,2026-09-08T05:10:00Z,controller 2,1.525,5.529,-2.33,364.75,0.0,7.0,-33.29,2,Starting,1361.3,623.27
1788844260000000000,2026-09-08T05:11:00Z,controller 2,1.554,5.521,-2.33,173.18,0.0,6.89,-33.82,1,Starting,1383.15,606.39
1788844320000000000,2026-09-08T05:12:00Z,controller 2,1.64,5.482,-2.32,491.25,0.0,7.72,-30.05,3,Starting,1360.79,596.58
1788844380000000000,2026-09-08T05:13:00Z,controller 2,1.649,5.479,-2.17,587.11,0.0,8.1,-26.79,2,Starting,1397.62,612.28
1788844440000000000,2026-09-08T05:14:00Z,controller 2,1.682,5.505,-2.11,507.23,0.0,7.74,-27.26,2,Starting,1356.27,635.61
1788844500000000000,2026-09-08T05:15:00Z,controller 2,1.763,5.538,-1.92,341.13,0.0,8.17,-23.5,2,Starting,1334.98,633.66
1788844560000000000,2026-09-08T05:16:00Z,controller 2,1.796,5.51,-1.89,230.15,0.0,8.45,-22.37,1,Starting,1317.27,607.62
1788844620000000000,2026-09-08T05:17:00Z,controller 2,1.763,5.488,-1.96,460.64,0.0,8.75,-22.4,3,Starting,1267.33,606.23
1788844680000000000,2026-09-08T05:18:00Z,controller 2,1.796,5.526,-1.87,174.17,0.0,8.89,-21.03,1,Starting,1226.14,621.55
1788844740000000000,2026-09-08T05:19:00Z,controller 2,1.824,5.569,-1.84,34.58,0.0,9.78,-18.81,3,Starting,1274.26,625.9
1788844800000000000,2026-09-08T05:20:00Z,controller 2,1.873,5.594,-1.83,33.02,0.0,10.74,-17.04,2,Starting,1286.53,599.76
1788844860000000000,2026-09-08T05:21:00Z,controller 2,1.845,5.525,-1.86,135.61,0.0,9.45,-19.68,1,Starting,1250.4,605.51
1788844920000000000,2026-09-08T05:22:00Z,controller 2,1.766,5.506,-1.92,433.89,0.0,8.96,-21.43,1,Starting,634.1,376.21
1788844980000000000,2026-09-08T05:23:00Z,controller 2,1.756,5.563,-1.8,303.66,0.0,7.87,-22.87,3,Starting,598.05,378.67
1788845040000000000,2026-09-08T05:24:00Z,controller 2,1.722,5.6,-1.8,353.08,0.0,7.76,-23.2,1,Starting,585.14,367.94
1788845100000000000,2026-09-08T05:25:00Z,controller 2,1.735,5.446,-1.8,81.79,0.0,8.27,-21.77,3,Starting,560.96,357.9
1788845160000000000,2026-09-08T05:26:00Z,controller 2,1.676,5.437,-1.82,452.57,0.0,8.09,-22.5,3,Starting,596.82,365.67
1788845220000000000,2026-09-08T05:27:00Z,controller 2,1.733,5.388,-1.96,269.9,0.0,8.33,-23.53,1,Starting,622.37,377.98
1788845280000000000,2026-09-08T05:28:00Z,controller 2,1.724,5.274,-2.0,448.25,0.0,7.35,-27.21,1,Starting,798.52,925.95
1788845340000000000,2026-09-08T05:29:00Z,controller 2,1.724,5.308,-1.99,214.92,0.0,8.56,-23.25,1,Starting,803.75,932.57
1788845400000000000,2026-09-08T05:30:00Z,controller 2,1.729,5.312,-1.84,559.99,0.0,8.23,-22.36,1,Starting,816.3,915.64
1788845460000000000,2026-09-08T05:31:00Z,controller 2,1.663,5.214,-1.75,274.8,0.0,7.01,-24.96,1,Starting,816.4,889.74
1788845520000000000,2026-09-08T05:32:00Z,controller 2,1.649,5.307,-1.83,2.55,0.0,7.05,-25.96,1,Starting,831.8,893.98
1788845580000000000,2026-09-08T05:33:00Z,controller 2,1.712,5.353,-1.81,412.3,0.0,7.82,-23.15,3,Starting,834.75,923.43
1788845640000000000,2026-09-08T05:34:00Z,controller 2,1.755,5.363,-1.94,107.69,0.0,7.47,-25.97,3,Starting,834.63,951.92
1788845700000000000,2026-09-08T05:35:00Z,controller 2,1.738,5.279,-2.01,585.78,0.0,7.98,-25.19,2,Starting,835.11,936.46
1788845760000000000,2026-09-08T05:36:00Z,controller 2,1.756,5.28,-2.06,410.94,0.0,8.04,-25.62,1,Starting,846.65,911.87
1788845820000000000,2026-09-08T05:37:00Z,controller 2,1.765,5.296,-1.9,64.39,0.0,9.03,-21.04,1,Starting,820.42,922.5
1788845880000000000,2026-09-08T05:38:00Z,controller 2,1.776,5.349,-1.84,10.06,0.0,8.12,-22.66,2,Starting,857.77,894.85
1788845940000000000,2026-09-08T05:39:00Z,controller 2,1.809,5.288,-1.85,152.23,0.0,8.85,-20.9,3,Starting,849.99,889.19
1788846000000000000,2026-09-08T05:40:00Z,controller 2,1.841,5.27,-1.88,425.27,0.0,9.27,-20.28,3,Starting,816.53,907.64
1788846060000000000,2026-09-08T05:41:00Z,controller 2,1.764,5.251,-1.97,20.26,0.0,8.0,-24.62,3,Starting,862.18,904.28
1788846120000000000,2026-09-08T05:42:00Z,controller 2,1.748,5.304,-1.94,466.5,0.0,8.09,-23.98,2,Starting,894.99,911.53
1788846180000000000,2026-09-08T05:43:00Z,controller 2,1.687,5.36,-1.78,212.98,0.0,7.75,-22.97,1,Starting,937.53,931.65
1788846240000000000,2026-09-08T05:44:00Z,controller 2,1.689,5.371,-1.95,492.37,0.0,7.15,-27.27,2,Starting,900.98,929.4
1788846300000000000,2026-09-08T05:45:00Z,controller 2,1.731,5.421,-2.09,114.08,0.0,8.88,-23.54,2,Starting,889.68,941.42
1788846360000000000,2026-09-08T05:46:00Z,controller 2,1.799,5.397,-2.24,101.13,0.0,9.53,-23.5,1,Starting,890.64,938.29
1788846420000000000,2026-09-08T05:47:00Z,controller 2,1.777,5.494,-2.47,565.62,0.0,9.21,-26.82,2,Starting,906.9,964.94
1788846480000000000,2026-09-08T05:48:00Z,controller 2,1.779,5.546,-2.48,347.56,0.0,8.15,-30.43,3,Starting,940.78,963.71
1788846540000000000,2026-09-08T05:49:00Z,controller 2,1.76,5.48,-2.54,484.36,0.0,8.21,-30.94,3,Starting,901.84,957.85
1788846600000000000,2026-09-08T05:50:00Z,controller 2,1.706,5.392,-2.32,86.88,0.0,7.16,-32.4,1,Starting,938.05,972.5
1788846660000000000,2026-09-08T05:51:00Z,controller 2,1.807,5.395,-2.33,387.94,0.0,8.33,-27.97,3,Starting,945.14,984.18
1788846720000000000,2026-09-08T05:52:00Z,controller 2,1.794,5.341,-2.53,63.61,0.0,9.12,-27.74,1,Starting,942.14,970.22
1788846780000000000,2026-09-08T05:53:00Z,controller 2,1.789,5.263,-2.31,14.64,0.0,7.78,-29.69,2,Starting,951.47,950.06
1788846840000000000,2026-09-08T05:54:00Z,controller 2,1.824,5.315,-2.45,138.58,0.0,8.07,-30.36,2,Starting,921.43,920.84
1788846900000000000,2026-09-08T05:55:00Z,controller 2,1.747,5.347,-2.36,349.57,0.0,8.11,-29.1,2,Starting,908.44,921.6
1788846960000000000,2026-09-08T05:56:00Z,controller 2,1.73,5.402,-2.13,100.74,0.0,7.94,-26.83,2,Starting,926.95,903.31
1788847020000000000,2026-09-08T05:57:00Z,controller 2,1.755,5.371,-2.07,496.52,0.0,8.79,-23.55,3,Starting,907.02,917.93
1788847080000000000,2026-09-08T05:58:00Z,controller 2,1.676,5.371,-2.25,527.98,0.0,7.55,-29.8,2,Starting,896.68,892.69
1788847140000000000,2026-09-08T05:59:00Z,controller 2,1.65,5.334,-2.44,233.37,0.0,6.89,-35.41,1,Starting,920.89,910.48
1788847200000000000,2026-09-08T06:00:00Z,controller 2,1.657,5.308,-2.4,541.39,0.0,7.56,-31.75,1,Starting,922.1,932.63
1788847260000000000,2026-09-08T06:01:00Z,controller 2,1.748,5.212,-2.36,434.63,0.0,7.57,-31.18,3,Starting,942.26,944.57
1788847320000000000,2026-09-08T06:02:00Z,controller 2,1.774,5.154,-2.13,533.04,0.0,7.96,-26.76,3,Starting,978.65,928.32
1788847380000000000,2026-09-08T06:03:00Z,controller 2,1.742,5.167,-2.03,137.31,0.0,8.32,-24.4,3,Starting,1004.65,957.04
1788847440000000000,2026-09-08T06:04:00Z,controller 2,1.69,5.15,-2.08,385.22,0.0,7.35,-28.3,2,Starting,1046.17,947.36
1788847500000000000,2026-09-08T06:05:00Z,controller 2,1.663,5.07,-1.94,574.84,0.0,7.49,-25.9,1,Starting,1037.51,957.82
1788847560000000000,2026-09-08T06:06:00Z,controller 2,1.602,5.062,-1.91,74.2,0.0,7.07,-27.02,2,Starting,1037.87,983.41
1788847620000000000,2026-09-08T06:07:00Z,controller 2,1.667,5.015,-1.9,503.85,0.0,7.23,-26.28,1,Starting,1065.46,995.58
1788847680000000000,2026-09-08T06:08:00Z,controller 2,1.697,4.996,-1.89,59.07,0.0,7.03,-26.88,3,On,1018.17,972.61
1788847740000000000,2026-09-08T06:09:00Z,controller 2,1.636,5.0,-1.92,62.99,0.0,6.66,-28.83,2,On,1030.37,993.45
1788847800000000000,2026-09-08T06:10:00Z,controller 2,1.672,5.055,-2.06,37.62,0.0,7.2,-28.61,3,On,1014.81,971.18
1788847860000000000,2026-09-08T06:11:00Z,controller 2,1.614,5.13,-2.13,444.57,0.0,6.44,-33.07,1,On,1025.84,997.72
1788847920000000000,2026-09-08T06:12:00Z,controller 2,1.596,5.037,-1.96,254.68,0.0,6.16,-31.82,3,On,1066.95,976.4
1788847980000000000,2026-09-08T06:13:00Z,controller 2,1.495,5.103,-2.11,301.92,0.0,5.77,-36.57,1,On,1017.97,1000.0
1788848040000000000,2026-09-08T06:14:00Z,controller 2,1.542,5.156,-2.27,126.49,0.0,6.11,-37.15,1,On,1024.53,1000.0
1788848100000000000,2026-09-08T06:15:00Z,controller 2,1.505,5.16,-2.26,302.4,0.0,6.33,-35.7,2,On,1021.76,1000.0
1788848160000000000,2026-09-08T06:16:00Z,controller 2,1.485,5.192,-2.14,118.04,0.0,6.29,-34.02,3,On,986.87,1000.0
1788848220000000000,2026-09-08T06:17:00Z,controller 2,1.48,5.186,-2.29,477.85,0.0,5.2,-44.04,3,On,952.9,1000.0
1788848280000000000,2026-09-08T06:18:00Z,controller 2,1.541,5.216,-2.23,268.6,0.0,6.11,-36.5,2,On,940.9,1000.0
1788848340000000000,2026-09-08T06:19:00Z,controller 2,1.544,5.126,-2.19,197.13,0.0,5.63,-38.9,2,On,920.51,1000.0
1788848400000000000,2026-09-08T06:20:00Z,controller 2,1.578,5.117,-2.24,538.02,0.0,6.29,-35.61,3,On,944.62,1000.0
1788848460000000000,2026-09-08T06:21:00Z,controller 2,1.606,5.064,-2.1,420.15,0.0,6.69,-31.39,3,On,917.96,1000.0
1788848520000000000,2026-09-08T06:22:00Z,controller 2,1.591,5.051,-2.18,102.54,0.0,6.95,-31.37,2,On,877.34,1000.0
1788848580000000000,2026-09-08T06:23:00Z,controller 2,1.625,5.028,-2.32,548.02,0.0,6.02,-38.54,3,On,832.09,997.04
1788848640000000000,2026-09-08T06:24:00Z,controller 2,1.66,5.088,-2.37,22.68,0.0,6.71,-35.32,2,On,817.54,991.11
1788848700000000000,2026-09-08T06:25:00Z,controller 2,1.713,5.017,-2.2,556.23,0.0,7.24,-30.39,2,On,1267.19,922.89
1788848760000000000,2026-09-08T06:26:00Z,controller 2,1.716,5.062,-2.02,5.02,0.0,6.93,-29.15,2,On,1238.68,911.72
1788848820000000000,2026-09-08T06:27:00Z,controller 2,1.707,5.037,-2.0,60.63,0.0,6.86,-29.15,1,On,1224.29,914.34
1788848880000000000,2026-09-08T06:28:00Z,controller 2,1.784,4.978,-2.13,530.26,0.0,7.41,-28.74,2,On,1266.14,918.9
1788848940000000000,2026-09-08T06:29:00Z,controller 2,1.712,4.911,-1.96,132.93,0.0,6.9,-28.41,1,On,1238.54,921.43
1788849000000000000,2026-09-08T06:30:00Z,controller 2,1.653,4.893,-2.04,574.04,0.0,6.11,-33.39,2,On,1210.53,925.3
1788849060000000000,2026-09-08T06:31:00Z,controller 2,1.733,4.898,-2.03,362.94,0.0,7.07,-28.71,3,On,1175.71,905.56
1788849120000000000,2026-09-08T06:32:00Z,controller 2,1.738,4.88,-2.0,205.7,0.0,6.99,-28.61,3,On,1170.75,899.38
1788849180000000000,2026-09-08T06:33:00Z,controller 2,1.757,4.901,-1.99,492.43,0.0,7.99,-24.91,2,On,1174.15,902.45
1788849240000000000,2026-09-08T06:34:00Z,controller 2,1.748,4.868,-2.03,181.39,0.0,7.06,-28.75,2,On,1175.21,898.41
1788849300000000000,2026-09-08T06:35:00Z,controller 2,1.727,4.799,-1.98,329.71,0.0,6.51,-30.41,2,On,1138.92,904.84
1788849360000000000,2026-09-08T06:36:00Z,controller 2,1.728,4.885,-2.15,146.59,0.0,6.58,-32.67,2,On,1175.45,884.53
1788849420000000000,2026-09-08T06:37:00Z,controller 2,1.704,4.874,-2.23,453.93,0.0,6.98,-31.95,1,On,1152.71,871.1
1788849480000000000,2026-09-08T06:38:00Z,controller 2,1.739,4.943,-2.2,64.6,0.0,7.79,-28.24,3,On,1163.99,850.85
1788849540000000000,2026-09-08T06:39:00Z,controller 2,1.799,5.045,-2.08,500.51,0.0,8.4,-24.76,3,On,1205.55,866.81
1788849600000000000,2026-09-08T06:40:00Z,controller 2,1.817,5.028,-2.14,263.6,0.0,7.7,-27.79,3,On,1162.84,864.09
1788849660000000000,2026-09-08T06:41:00Z,controller 2,1.918,5.09,-2.34,455.3,0.0,9.83,-23.8,2,On,1115.53,873.89
1788849720000000000,2026-09-08T06:42:00Z,controller 2,1.928,5.128,-2.49,462.06,0.0,8.7,-28.62,3,On,1152.06,863.64
1788849780000000000,2026-09-08T06:43:00Z,controller 2,2.025,5.177,-2.47,454.61,0.0,9.96,-24.8,1,On,1198.22,893.16
1788849840000000000,2026-09-08T06:44:00Z,controller 2,2.015,5.137,-2.31,7.23,0.0,10.73,-21.53,2,On,802.92,501.99
1788849900000000000,2026-09-08T06:45:00Z,controller 2,1.981,5.144,-2.45,280.6,0.0,9.48,-25.84,1,On,770.54,518.38
1788849960000000000,2026-09-08T06:46:00Z,controller 2,2.012,5.022,-2.7,478.7,0.0,10.38,-26.01,2,On,754.18,510.44
1788850020000000000,2026-09-08T06:47:00Z,controller 2,1.987,5.005,-2.66,142.71,0.0,9.1,-29.23,1,On,780.28,495.46
1788850080000000000,2026-09-08T06:48:00Z,controller 2,2.066,5.043,-2.62,402.88,0.0,10.77,-24.33,2,On,786.66,511.34
1788850140000000000,2026-09-08T06:49:00Z,controller 2,2.098,5.089,-2.51,248.79,0.0,10.98,-22.86,1,On,803.81,539.24
1788850200000000000,2026-09-08T06:50:00Z,controller 2,2.091,5.024,-2.3,175.54,0.0,11.49,-20.02,3,On,839.02,517.68
1788850260000000000,2026-09-08T06:51:00Z,controller 2,2.121,5.044,-2.32,24.11,0.0,11.21,-20.7,2,On,847.15,506.86
1788850320000000000,2026-09-08T06:52:00Z,controller 2,2.079,4.978,-2.23,326.78,0.0,9.83,-22.69,2,On,812.85,512.64
1788850380000000000,2026-09-08T06:53:00Z,controller 2,2.084,4.975,-2.18,314.53,0.0,9.86,-22.11,2,On,823.59,501.25
1788850440000000000,2026-09-08T06:54:00Z,controller 2,2.025,4.907,-1.97,7.93,0.0,10.11,-19.49,3,On,850.76,505.86
1788850500000000000,2026-09-08T06:55:00Z,controller 2,2.126,4.877,-1.78,269.8,0.0,11.91,-14.95,3,On,878.5,505.85
1788850560000000000,2026-09-08T06:56:00Z,controller 2,2.1,4.925,-1.63,189.38,0.0,11.06,-14.74,3,On,851.91,505.21
1788850620000000000,2026-09-08T06:57:00Z,controller 2,2.05,4.869,-1.56,287.83,0.0,10.77,-14.48,3,On,838.93,511.2
1788850680000000000,2026-09-08T06:58:00Z,controller 2,2.058,4.859,-1.52,193.23,0.0,11.02,-13.79,2,On,826.03,520.7
1788850740000000000,2026-09-08T06:59:00Z,controller 2,2.121,4.936,-1.67,372.99,0.0,11.47,-14.56,1,On,853.09,547.39
1788850800000000000,2026-09-08T07:00:00Z,controller 2,2.115,4.934,-1.56,539.41,0.0,10.74,-14.53,1,On,822.6,548.73
1788850860000000000,2026-09-08T07:01:00Z,controller 2,2.143,4.919,-1.41,231.14,0.0,10.8,-13.06,3,On,795.45,571.65
1788850920000000000,2026-09-08T07:02:00Z,controller 2,2.024,4.793,-1.47,136.69,0.0,10.4,-14.13,3,On,839.86,559.79
1788850980000000000,2026-09-08T07:03:00Z,controller 2,1.961,4.804,-1.61,67.98,0.0,8.6,-18.72,1,On,840.83,568.47
1788851040000000000,2026-09-08T07:04:00Z,controller 2,1.935,4.815,-1.46,18.72,0.0,9.83,-14.85,1,On,822.16,575.78
1788851100000000000,2026-09-08T07:05:00Z,controller 2,1.933,4.808,-1.47,460.46,0.0,9.1,-16.15,3,On,866.47,553.53
1788851160000000000,2026-09-08T07:06:00Z,controller 2,1.863,4.827,-1.38,87.9,0.0,8.94,-15.44,2,On,911.52,582.31
1788851220000000000,2026-09-08T07:07:00Z,controller 2,1.764,4.868,-1.42,265.57,0.0,7.67,-18.51,3,On,899.95,602.42
1788851280000000000,2026-09-08T07:08:00Z,controller 2,1.761,4.928,-1.44,229.18,0.0,7.27,-19.81,3,On,857.89,614.08
1788851340000000000,2026-09-08T07:09:00Z,controller 2,1.721,4.991,-1.45,89.67,0.0,7.68,-18.88,2,On,885.36,607.01
1788851400000000000,2026-09-08T07:10:00Z,controller 2,1.632,4.938,-1.36,103.8,0.0,6.3,-21.59,1,On,865.0,607.61
1788851460000000000,2026-09-08T07:11:00Z,controller 2,1.621,4.973,-1.29,114.14,0.0,5.92,-21.79,2,On,880.61,625.59
1788851520000000000,2026-09-08T07:12:00Z,controller 2,1.607,4.957,-1.16,9.19,0.0,6.54,-17.74,2,On,833.54,640.4
1788851580000000000,2026-09-08T07:13:00Z,controller 2,1.567,4.982,-1.22,322.82,0.0,5.67,-21.52,3,On,846.06,641.69
1788851640000000000,2026-09-08T07:14:00Z,controller 2,1.582,4.993,-1.26,307.6,0.0,6.38,-19.75,2,On,812.9,640.65
1788851700000000000,2026-09-08T07:15:00Z,controller 2,1.617,4.889,-1.26,584.0,0.0,5.82,-21.65,1,On,667.38,378.74
1788851760000000000,2026-09-08T07:16:00Z,controller 2,1.575,4.868,-1.14,307.91,0.0,6.4,-17.81,1,On,680.02,385.96
1788851820000000000,2026-09-08T07:17:00Z,controller 2,1.529,4.899,-1.03,0.74,0.0,5.65,-18.23,3,On,688.4,359.35
1788851880000000000,2026-09-08T07:18:00Z,controller 2,1.535,4.922,-1.11,502.08,0.0,5.36,-20.71,2,On,647.41,368.29
1788851940000000000,2026-09-08T07:19:00Z,controller 2,1.548,4.878,-1.18,209.58,0.0,5.97,-19.77,2,On,656.62,361.14
1788852000000000000,2026-09-08T07:20:00Z,controller 2,1.582,4.807,-1.14,540.69,0.0,5.68,-20.07,2,On,677.26,342.17
1788852060000000000,2026-09-08T07:21:00Z,controller 2,1.558,4.789,-1.24,369.03,0.0,6.01,-20.63,3,On,724.02,328.92
1788852120000000000,2026-09-08T07:22:00Z,controller 2,1.616,4.782,-1.3,77.61,0.0,5.65,-23.01,2,On,768.4,327.49
1788852180000000000,2026-09-08T07:23:00Z,controller 2,1.654,4.796,-1.38,515.11,0.0,5.92,-23.31,1,On,733.86,320.78
1788852240000000000,2026-09-08T07:24:00Z,controller 2,1.627,4.87,-1.45,576.7,0.0,7.06,-20.54,1,On,721.45,297.54
1788852300000000000,2026-09-08T07:25:00Z,controller 2,1.606,4.849,-1.36,580.13,0.0,6.38,-21.32,3,On,694.86,273.88
1788852360000000000,2026-09-08T07:26:00Z,controller 2,1.549,4.904,-1.26,533.06,0.0,5.82,-21.65,3,On,656.02,285.53
1788852420000000000,2026-09-08T07:27:00Z,controller 2,1.513,4.926,-1.32,165.54,0.0,5.33,-24.77,2,On,662.29,257.28
1788852480000000000,2026-09-08T07:28:00Z,controller 2,1.572,4.985,-1.4,363.36,0.0,6.55,-21.37,3,On,640.97,244.81
1788852540000000000,2026-09-08T07:29:00Z,controller 2,1.582,4.937,-1.32,514.3,0.0,5.89,-22.41,1,On,641.44,263.78
1788852600000000000,2026-09-08T07:30:00Z,controller 2,1.593,4.982,-1.23,346.52,0.0,6.77,-18.17,3,On,689.86,281.18
1788852660000000000,2026-09-08T07:31:00Z,controller 2,1.633,5.016,-1.34,207.11,0.0,6.06,-22.11,1,On,702.49,276.94
1788852720000000000,2026-09-08T07:32:00Z,controller 2,1.58,4.992,-1.3,460.36,0.0,5.87,-22.15,2,On,677.1,269.16
1788852780000000000,2026-09-08T07:33:00Z,controller 2,1.567,5.015,-1.37,304.32,0.0,6.03,-22.72,2,On,678.71,290.52
1788852840000000000,2026-09-08T07:34:00Z,controller 2,1.515,4.971,-1.51,107.13,0.0,5.27,-28.65,2,On,630.23,318.46
1788852900000000000,2026-09-08T07:35:00Z,controller 2,1.492,4.915,-1.38,124.01,0.0,5.06,-27.27,1,On,622.23,322.47
1788852960000000000,2026-09-08T07:36:00Z,controller 2,1.463,4.867,-1.45,234.79,0.0,5.56,-26.08,3,On,574.47,338.45
1788853020000000000,2026-09-08T07:37:00Z,controller 2,1.469,4.88,-1.35,470.74,0.0,5.05,-26.73,3,On,617.39,356.56
1788853080000000000,2026-09-08T07:38:00Z,controller 2,1.498,4.86,-1.41,279.23,0.0,5.1,-27.65,1,On,649.88,331.66
1788853140000000000,2026-09-08T07:39:00Z,controller 2,1.524,4.898,-1.39,74.22,0.0,5.2,-26.73,2,On,691.28,310.76
1788853200000000000,2026-09-08T07:40:00Z,controller 2,1.569,4.961,-1.4,424.73,0.0,5.9,-23.73,1,On,725.72,315.93
1788853260000000000,2026-09-08T07:41:00Z,controller 2,1.573,4.916,-1.49,126.14,0.0,6.57,-22.68,1,On,742.76,313.64
1788853320000000000,2026-09-08T07:42:00Z,controller 2,1.559,4.954,-1.55,250.99,0.0,6.1,-25.41,1,On,710.79,292.76
1788853380000000000,2026-09-08T07:43:00Z,controller 2,1.58,4.934,-1.65,438.56,0.0,6.11,-27.0,3,On,703.3,322.14
1788853440000000000,2026-09-08T07:44:00Z,controller 2,1.643,4.881,-1.71,561.69,0.0,6.13,-27.9,1,On,665.31,307.8
1788853500000000000,2026-09-08T07:45:00Z,controller 2,1.663,4.912,-1.68,71.57,0.0,6.36,-26.42,3,On,638.31,294.44
1788853560000000000,2026-09-08T07:46:00Z,controller 2,1.719,4.92,-1.82,471.86,0.0,7.43,-24.5,1,On,647.17,287.73
1788853620000000000,2026-09-08T07:47:00Z,controller 2,1.735,4.94,-1.99,153.68,0.0,6.84,-29.09,1,On,601.53,310.71
1788853680000000000,2026-09-08T07:48:00Z,controller 2,1.719,4.975,-1.98,149.87,0.0,6.69,-29.6,2,On,608.17,324.6
1788853740000000000,2026-09-08T07:49:00Z,controller 2,1.663,4.975,-1.85,342.01,0.0,7.37,-25.1,2,On,596.35,345.03
1788853800000000000,2026-09-08T07:50:00Z,controller 2,1.704,4.999,-1.81,411.82,0.0,7.38,-24.53,1,On,597.34,374.47
1788853860000000000,2026-09-08T07:51:00Z,controller 2,1.701,4.937,-1.78,246.31,0.0,7.43,-23.96,1,On,583.51,354.3
1788853920000000000,2026-09-08T07:52:00Z,controller 2,1.702,4.995,-1.6,456.56,0.0,6.63,-24.13,2,On,632.1,361.49
1788853980000000000,2026-09-08T07:53:00Z,controller 2,1.752,5.011,-1.76,439.46,0.0,7.11,-24.75,3,On,660.77,336.73
1788854040000000000,2026-09-08T07:54:00Z,controller 2,1.723,4.933,-1.77,116.91,0.0,7.79,-22.72,2,On,694.69,324.26
1788854100000000000,2026-09-08T07:55:00Z,controller 2,1.688,4.878,-1.87,190.18,0.0,7.48,-25.0,2,On,709.04,323.83
1788854160000000000,2026-09-08T07:56:00Z,controller 2,1.696,4.853,-1.91,60.07,0.0,6.71,-28.46,2,On,732.44,302.08
1788854220000000000,2026-09-08T07:57:00Z,controller 2,1.746,4.814,-1.99,350.91,0.0,7.06,-28.19,3,On,704.23,328.21
1788854280000000000,2026-09-08T07:58:00Z,controller 2,1.791,4.86,-2.03,47.17,0.0,8.41,-24.14,3,On,660.84,313.52
1788854340000000000,2026-09-08T07:59:00Z,controller 2,1.796,4.889,-2.1,225.62,0.0,7.3,-28.77,3,On,630.88,295.07
1788854400000000000,2026-09-08T08:00:00Z,controller 2,1.855,4.908,-2.11,597.2,0.0,7.78,-27.12,3,On,630.39,278.34
1788854460000000000,2026-09-08T08:01:00Z,controller 2,1.799,4.872,-2.11,475.91,0.0,7.25,-29.1,2,On,620.94,263.34
1788854520000000000,2026-09-08T08:02:00Z,controller 2,1.801,4.884,-2.04,29.5,0.0,8.67,-23.53,3,On,633.83,243.32
1788854580000000000,2026-09-08T08:03:00Z,controller 2,1.844,4.91,-2.23,343.5,0.0,9.16,-24.34,3,On,1026.03,323.57
1788854640000000000,2026-09-08T08:04:00Z,controller 2,1.824,4.944,-2.12,474.77,0.0,8.67,-24.45,2,On,979.07,295.91
1788854700000000000,2026-09-08T08:05:00Z,controller 2,1.802,5.066,-2.12,262.37,0.0,7.75,-27.35,2,On,997.33,276.33
1788854760000000000,2026-09-08T08:06:00Z,controller 2,1.823,5.117,-2.16,347.13,0.0,8.63,-25.03,3,On,957.7,266.14
1788854820000000000,2026-09-08T08:07:00Z,controller 2,1.833,5.137,-2.18,150.38,0.0,8.94,-24.38,3,On,970.77,237.0
1788854880000000000,2026-09-08T08:08:00Z,controller 2,1.893,5.122,-1.98,165.12,0.0,9.61,-20.6,1,On,1003.95,242.22
1788854940000000000,2026-09-08T08:09:00Z,controller 2,1.938,5.119,-2.12,450.17,0.0,8.88,-23.87,3,On,1049.15,246.48
1788855000000000000,2026-09-08T08:10:00Z,controller 2,1.984,5.086,-2.11,95.76,0.0,10.07,-20.95,3,On,1065.05,246.99
1788855060000000000,2026-09-08T08:11:00Z,controller 2,2.048,5.051,-2.2,578.57,0.0,11.51,-19.11,1,On,1065.98,225.57
1788855120000000000,2026-09-08T08:12:00Z,controller 2,1.96,5.112,-2.41,313.15,0.0,10.66,-22.61,3,On,1076.78,253.15
1788855180000000000,2026-09-08T08:13:00Z,controller 2,1.926,5.086,-2.38,105.1,0.0,8.6,-27.67,2,On,1053.44,281.08
1788855240000000000,2026-09-08T08:14:00Z,controller 2,1.799,5.151,-2.62,89.28,0.0,8.38,-31.26,1,On,1076.38,254.45
1788855300000000000,2026-09-08T08:15:00Z,controller 2,1.803,5.142,-2.86,421.77,0.0,9.01,-31.74,2,On,1081.87,266.06
1788855360000000000,2026-09-08T08:16:00Z,controller 2,1.817,5.149,-3.03,357.59,0.0,9.3,-32.58,1,On,1059.99,240.31
1788855420000000000,2026-09-08T08:17:00Z,controller 2,1.836,5.131,-3.26,378.35,0.0,9.23,-35.32,3,On,1076.07,235.49
1788855480000000000,2026-09-08T08:18:00Z,controller 2,1.819,5.134,-3.11,119.51,0.0,8.22,-37.83,1,On,1067.98,230.62
1788855540000000000,2026-09-08T08:19:00Z,controller 2,1.837,5.11,-3.21,32.09,0.0,7.85,-40.89,2,On,1104.94,236.6
1788855600000000000,2026-09-08T08:20:00Z,controller 2,1.812,5.033,-3.51,525.67,0.0,8.31,-42.24,2,On,1074.53,247.75
1788855660000000000,2026-09-08T08:21:00Z,controller 2,1.8,5.042,-3.38,541.15,0.0,8.8,-38.41,1,On,1026.94,241.46
1788855720000000000,2026-09-08T08:22:00Z,controller 2,1.968,5.026,-3.34,537.05,0.0,10.55,-31.66,3,On,1014.3,249.66
1788855780000000000,2026-09-08T08:23:00Z,controller 2,1.92,5.089,-3.49,295.33,0.0,9.0,-38.78,3,On,982.05,233.31
1788855840000000000,2026-09-08T08:24:00Z,controller 2,1.78,5.089,-3.72,37.89,0.0,7.36,-50.54,3,On,975.09,234.88
1788855900000000000,2026-09-08T08:25:00Z,controller 2,1.814,5.033,-3.8,119.1,0.0,8.5,-44.71,2,On,946.19,249.18
1788855960000000000,2026-09-08T08:26:00Z,controller 2,1.873,5.036,-4.13,150.5,0.0,8.9,-46.4,2,On,927.27,259.02
1788856020000000000,2026-09-08T08:27:00Z,controller 2,1.898,5.014,-4.46,440.88,0.0,9.71,-45.93,3,On,1385.72,623.64
1788856080000000000,2026-09-08T08:28:00Z,controller 2,1.892,4.999,-4.7,325.24,0.0,8.59,-54.71,3,On,1388.67,643.18
1788856140000000000,2026-09-08T08:29:00Z,controller 2,1.867,5.024,-4.71,51.57,0.0,8.65,-54.45,1,On,1341.58,649.06
1788856200000000000,2026-09-08T08:30:00Z,controller 2,1.923,5.02,-4.74,100.94,0.0,8.87,-53.44,3,On,1376.64,639.84
1788856260000000000,2026-09-08T08:31:00Z,controller 2,1.882,5.047,-4.95,449.99,0.0,9.68,-51.14,2,On,1398.02,620.93
1788856320000000000,2026-09-08T08:32:00Z,controller 2,1.847,5.075,-5.06,214.39,0.0,9.03,-56.04,2,On,1409.54,615.67
1788856380000000000,2026-09-08T08:33:00Z,controller 2,1.81,5.018,-5.14,439.56,0.0,8.48,-60.61,2,On,1453.26,630.78
1788856440000000000,2026-09-08T08:34:00Z,controller 2,1.773,5.028,-4.83,542.97,0.0,7.22,-66.9,3,On,1455.1,602.44
1788856500000000000,2026-09-08T08:35:00Z,controller 2,1.791,5.085,-4.48,379.79,0.0,8.64,-51.85,2,On,1500.0,619.4
1788856560000000000,2026-09-08T08:36:00Z,controller 2,1.777,5.143,-4.41,107.25,0.0,7.92,-55.68,2,On,1500.0,604.13
1788856620000000000,2026-09-08T08:37:00Z,controller 2,1.782,5.11,-4.24,519.19,0.0,8.83,-48.02,3,On,1500.0,601.49
1788856680000000000,2026-09-08T08:38:00Z,controller 2,1.787,5.088,-4.64,486.72,0.0,7.92,-58.59,1,On,1500.0,587.29
1788856740000000000,2026-09-08T08:39:00Z,controller 2,1.763,5.061,-4.87,442.05,0.0,7.89,-61.72,2,On,1500.0,586.65
1788856800000000000,2026-09-08T08:40:00Z,controller 2,1.762,5.034,-4.98,254.59,0.0,8.31,-59.93,3,On,1500.0,571.43
1788856860000000000,2026-09-08T08:41:00Z,controller 2,1.806,4.98,-5.47,457.74,0.0,7.99,-68.46,1,On,1500.0,560.63
1788856920000000000,2026-09-08T08:42:00Z,controller 2,1.894,5.022,-5.08,447.62,0.0,8.17,-62.18,2,On,1500.0,550.33
1788856980000000000,2026-09-08T08:43:00Z,controller 2,1.875,5.105,-5.31,304.22,0.0,9.74,-54.52,1,On,1500.0,550.67
1788857040000000000,2026-09-08T08:44:00Z,controller 2,1.966,5.04,-5.52,83.95,0.0,10.64,-51.88,1,On,1485.17,542.71
1788857100000000000,2026-09-08T08:45:00Z,controller 2,1.934,5.104,-5.75,328.54,0.0,9.87,-58.26,3,On,1493.53,565.83
1788857160000000000,2026-09-08T08:46:00Z,controller 2,1.985,5.136,-5.57,431.09,0.0,10.87,-51.24,1,On,1500.0,540.17
1788857220000000000,2026-09-08T08:47:00Z,controller 2,1.966,5.126,-5.59,163.83,0.0,9.04,-61.84,1,On,1500.0,515.61
1788857280000000000,2026-09-08T08:48:00Z,controller 2,1.937,5.152,-5.28,386.19,0.0,10.56,-50.0,2,On,1488.73,523.17
1788857340000000000,2026-09-08T08:49:00Z,controller 2,1.95,5.168,-4.78,418.57,0.0,9.02,-52.99,2,On,1453.63,529.45
1788857400000000000,2026-09-08T08:50:00Z,controller 2,2.027,5.164,-4.34,598.95,0.0,11.17,-38.85,3,On,1469.91,525.39
1788857460000000000,2026-09-08T08:51:00Z,controller 2,2.01,5.178,-4.42,272.09,0.0,10.68,-41.39,2,On,1464.02,520.45
1788857520000000000,2026-09-08T08:52:00Z,controller 2,1.986,5.132,-4.3,352.42,0.0,10.23,-42.03,3,On,540.24,819.98
1788857580000000000,2026-09-08T08:53:00Z,controller 2,2.11,5.055,-4.49,216.79,0.0,10.56,-42.52,2,On,523.97,813.21
1788857640000000000,2026-09-08T08:54:00Z,controller 2,2.079,5.035,-4.46,103.38,0.0,10.0,-44.6,3,On,560.56,787.55
1788857700000000000,2026-09-08T08:55:00Z,controller 2,2.102,5.025,-4.14,211.89,0.0,11.86,-34.91,1,On,606.54,809.61
1788857760000000000,2026-09-08T08:56:00Z,controller 2,2.161,5.009,-3.94,582.62,0.0,11.56,-34.08,3,On,574.6,807.71
1788857820000000000,2026-09-08T08:57:00Z,controller 2,2.184,5.022,-4.25,517.94,0.0,11.86,-35.83,1,On,567.79,809.3
1788857880000000000,2026-09-08T08:58:00Z,controller 2,2.111,4.967,-4.34,480.9,0.0,10.44,-41.57,2,On,589.94,805.68
1788857940000000000,2026-09-08T08:59:00Z,controller 2,2.064,4.974,-4.43,306.51,0.0,10.08,-43.95,1,On,623.55,783.9
1788858000000000000,2026-09-08T09:00:00Z,controller 2,1.952,4.994,-4.37,560.48,0.0,9.84,-44.41,2,On,589.26,774.19
1788858060000000000,2026-09-08T09:01:00Z,controller 2,1.922,5.087,-4.17,379.57,0.0,10.09,-41.33,3,On,559.04,794.07
1788858120000000000,2026-09-08T09:02:00Z,controller 2,1.904,5.047,-4.48,421.23,0.0,9.97,-44.93,3,On,539.68,777.85
1788858180000000000,2026-09-08T09:03:00Z,controller 2,1.933,5.107,-4.84,303.21,0.0,8.68,-55.76,3,On,511.26,756.98
1788858240000000000,2026-09-08T09:04:00Z,controller 2,1.857,5.093,-4.93,332.5,0.0,9.3,-53.01,2,On,556.0,740.39
1788858300000000000,2026-09-08T09:05:00Z,controller 2,1.895,5.091,-4.63,574.13,0.0,9.8,-47.24,3,On,557.34,720.21
1788858360000000000,2026-09-08T09:06:00Z,controller 2,1.935,5.113,-5.05,321.39,0.0,9.68,-52.17,2,On,602.17,747.14
1788858420000000000,2026-09-08T09:07:00Z,controller 2,1.955,5.15,-5.37,229.72,0.0,8.91,-60.27,3,On,608.6,752.7
1788858480000000000,2026-09-08T09:08:00Z,controller 2,1.873,5.08,-5.21,284.89,0.0,9.33,-55.84,1,On,611.38,747.78
1788858540000000000,2026-09-08T09:09:00Z,controller 2,1.835,5.128,-5.26,42.88,0.0,9.15,-57.49,1,On,646.16,777.45
1788858600000000000,2026-09-08T09:10:00Z,controller 2,1.802,5.178,-5.61,391.74,0.0,9.17,-61.18,1,On,600.63,782.58
1788858660000000000,2026-09-08T09:11:00Z,controller 2,1.892,5.254,-5.59,50.3,0.0,9.71,-57.57,2,On,565.69,771.88
1788858720000000000,2026-09-08T09:12:00Z,controller 2,1.816,5.23,-6.09,473.4,0.0,8.81,-69.13,3,On,537.67,769.21
1788858780000000000,2026-09-08T09:13:00Z,controller 2,1.74,5.269,-6.06,111.07,0.0,7.54,-80.37,2,On,541.75,767.48
1788858840000000000,2026-09-08T09:14:00Z,controller 2,1.723,5.365,-5.64,368.22,0.0,8.73,-64.6,1,On,506.45,750.42
1788858900000000000,2026-09-08T09:15:00Z,controller 2,1.784,5.444,-6.07,104.97,0.0,8.58,-70.75,2,On,499.3,750.45
1788858960000000000,2026-09-08T09:16:00Z,controller 2,1.872,5.409,-6.08,11.65,0.0,9.63,-63.14,1,On,513.97,760.82
1788859020000000000,2026-09-08T09:17:00Z,controller 2,1.898,5.402,-5.55,476.87,0.0,10.12,-54.84,3,On,498.06,765.37
1788859080000000000,2026-09-08T09:18:00Z,controller 2,1.941,5.45,-5.25,476.84,0.0,10.67,-49.2,3,On,532.97,737.9
1788859140000000000,2026-09-08T09:19:00Z,controller 2,1.916,5.419,-4.86,589.4,0.0,9.04,-53.76,1,On,565.73,716.23
1788859200000000000,2026-09-08T09:20:00Z,controller 2,1.949,5.351,-4.7,578.68,0.0,11.03,-42.61,2,On,544.69,693.78
1788859260000000000,2026-09-08T09:21:00Z,controller 2,1.968,5.293,-4.5,116.91,0.0,9.66,-46.58,2,On,554.01,706.61
1788859320000000000,2026-09-08T09:22:00Z,controller 2,1.906,5.296,-4.47,370.18,0.0,10.22,-43.74,2,On,551.48,688.45
1788859380000000000,2026-09-08T09:23:00Z,controller 2,1.94,5.316,-4.11,567.79,0.0,9.7,-42.37,3,On,548.86,683.7
1788859440000000000,2026-09-08T09:24:00Z,controller 2,1.89,5.346,-4.18,412.29,0.0,10.38,-40.27,1,On,540.04,686.34
1788859500000000000,2026-09-08T09:25:00Z,controller 2,1.871,5.459,-3.97,587.13,0.0,9.54,-41.61,1,On,536.07,704.99
1788859560000000000,2026-09-08T09:26:00Z,controller 2,1.789,5.444,-4.01,515.35,0.0,9.0,-44.56,2,On,574.19,703.61
1788859620000000000,2026-09-08T09:27:00Z,controller 2,1.766,5.442,-3.95,148.48,0.0,8.12,-48.65,1,On,559.29,693.83
1788859680000000000,2026-09-08T09:28:00Z,controller 2,1.72,5.417,-4.19,245.76,0.0,8.21,-51.04,3,On,510.08,697.24
1788859740000000000,2026-09-08T09:29:00Z,controller 2,1.708,5.476,-4.05,209.31,0.0,7.34,-55.18,1,On,526.67,698.89
1788859800000000000,2026-09-08T09:30:00Z,controller 2,1.692,5.467,-4.14,176.76,0.0,8.05,-51.43,3,On,527.34,688.18
1788859860000000000,2026-09-08T09:31:00Z,controller 2,1.706,5.469,-4.19,308.1,0.0,8.4,-49.88,3,On,548.6,690.63
1788859920000000000,2026-09-08T09:32:00Z,controller 2,1.639,5.416,-4.36,454.12,0.0,6.59,-66.16,3,On,598.05,678.77
1788859980000000000,2026-09-08T09:33:00Z,controller 2,1.644,5.408,-4.62,229.3,0.0,7.75,-59.61,1,On,619.14,700.69
1788860040000000000,2026-09-08T09:34:00Z,controller 2,1.586,5.45,-4.38,494.19,0.0,6.21,-70.53,2,On,645.9,687.4
1788860100000000000,2026-09-08T09:35:00Z,controller 2,1.572,5.431,-4.07,191.26,0.0,7.14,-57.0,3,On,637.62,698.53
1788860160000000000,2026-09-08T09:36:00Z,controller 2,1.546,5.367,-4.13,151.93,0.0,6.21,-66.51,1,On,677.84,724.27
1788860220000000000,2026-09-08T09:37:00Z,controller 2,1.582,5.364,-4.21,517.78,0.0,6.1,-69.02,2,On,722.85,694.52
1788860280000000000,2026-09-08T09:38:00Z,controller 2,1.661,5.389,-4.09,524.99,0.0,7.44,-54.97,1,On,723.57,718.09
1788860340000000000,2026-09-08T09:39:00Z,controller 2,1.695,5.451,-3.78,265.66,0.0,7.6,-49.74,1,On,677.29,747.9
1788860400000000000,2026-09-08T09:40:00Z,controller 2,1.655,5.394,-3.83,104.22,0.0,7.94,-48.24,1,On,674.11,756.56
1788860460000000000,2026-09-08T09:41:00Z,controller 2,1.691,5.414,-3.85,185.55,0.0,7.95,-48.43,1,On,680.91,728.06
1788860520000000000,2026-09-08T09:42:00Z,controller 2,1.718,5.408,-3.88,151.16,0.0,8.2,-47.32,3,On,670.73,745.55
1788860580000000000,2026-09-08T09:43:00Z,controller 2,1.68,5.501,-4.0,220.75,0.0,7.15,-55.94,2,On,670.09,732.59
1788860640000000000,2026-09-08T09:44:00Z,controller 2,1.627,5.469,-4.15,14.48,0.0,7.27,-57.08,3,On,664.77,743.73
1788860700000000000,2026-09-08T09:45:00Z,controller 2,1.623,5.477,-3.97,83.73,0.0,7.05,-56.31,3,On,673.32,722.93
1788860760000000000,2026-09-08T09:46:00Z,controller 2,1.605,5.51,-3.61,196.63,0.0,7.61,-47.44,3,On,710.31,732.4
1788860820000000000,2026-09-08T09:47:00Z,controller 2,1.605,5.528,-3.82,185.69,0.0,6.52,-58.59,1,On,679.52,741.79
1788860880000000000,2026-09-08T09:48:00Z,controller 2,1.591,5.648,-3.69,203.76,0.0,7.68,-48.05,3,On,725.45,973.29
1788860940000000000,2026-09-08T09:49:00Z,controller 2,1.543,5.655,-3.7,304.27,0.0,6.94,-53.31,1,On,716.68,953.2
1788861000000000000,2026-09-08T09:50:00Z,controller 2,1.571,5.562,-4.03,280.1,0.0,7.0,-57.57,1,On,1179.3,573.3
1788861060000000000,2026-09-08T09:51:00Z,controller 2,1.652,5.591,-4.05,350.27,0.0,7.77,-52.12,1,On,1168.42,550.26
1788861120000000000,2026-09-08T09:52:00Z,controller 2,1.695,5.654,-4.24,471.77,0.0,8.73,-48.57,2,On,1135.78,521.12
1788861180000000000,2026-09-08T09:53:00Z,controller 2,1.637,5.687,-4.41,373.01,0.0,7.18,-61.42,3,On,1091.89,523.15
1788861240000000000,2026-09-08T09:54:00Z,controller 2,1.613,5.706,-4.08,192.26,0.0,7.72,-52.85,3,On,1082.56,540.36
1788861300000000000,2026-09-08T09:55:00Z,controller 2,1.615,5.734,-4.04,58.13,0.0,7.31,-55.27,3,On,1043.26,524.17
1788861360000000000,2026-09-08T09:56:00Z,controller 2,1.605,5.818,-3.67,193.92,0.0,7.96,-46.11,2,On,1188.55,465.34
1788861420000000000,2026-09-08T09:57:00Z,controller 2,1.616,5.861,-3.73,258.07,0.0,7.81,-47.76,1,On,1198.31,439.36
1788861480000000000,2026-09-08T09:58:00Z,controller 2,1.587,5.774,-3.98,185.76,0.0,7.23,-55.05,2,On,1298.85,359.44
1788861540000000000,2026-09-08T09:59:00Z,controller 2,1.598,5.758,-3.91,562.63,0.0,7.45,-52.48,2,On,1293.81,347.94
1788861600000000000,2026-09-08T10:00:00Z,controller 2,1.638,5.759,-3.7,373.23,0.0,8.47,-43.68,3,On,1341.99,343.92
1788861660000000000,2026-09-08T10:01:00Z,controller 2,1.643,5.792,-3.37,141.69,0.0,7.05,-47.8,2,On,1343.03,327.77
1788861720000000000,2026-09-08T10:02:00Z,controller 2,1.618,5.875,-3.65,582.61,0.0,7.68,-47.53,3,On,1383.08,306.05
1788861780000000000,2026-09-08T10:03:00Z,controller 2,1.713,5.762,-3.46,418.32,0.0,8.57,-40.37,1,On,1391.48,303.57
1788861840000000000,2026-09-08T10:04:00Z,controller 2,1.833,5.729,-3.73,445.09,0.0,9.61,-38.81,2,On,1395.68,311.32
1788861900000000000,2026-09-08T10:05:00Z,controller 2,1.77,5.789,-3.85,151.07,0.0,8.6,-44.77,2,On,1372.32,281.59
1788861960000000000,2026-09-08T10:06:00Z,controller 2,1.7,5.756,-4.19,575.53,0.0,7.61,-55.06,2,On,1396.02,274.56
1788862020000000000,2026-09-08T10:07:00Z,controller 2,1.684,5.717,-4.58,204.57,0.0,7.35,-62.31,1,On,1404.32,282.39
1788862080000000000,2026-09-08T10:08:00Z,controller 2,1.655,5.772,-4.46,148.98,0.0,8.32,-53.61,1,On,1362.53,296.94
1788862140000000000,2026-09-08T10:09:00Z,controller 2,1.636,5.783,-4.26,47.79,0.0,7.84,-54.34,2,On,1354.98,291.62
1788862200000000000,2026-09-08T10:10:00Z,controller 2,1.644,5.789,-4.41,333.79,0.0,8.39,-52.56,3,On,1323.06,309.84
1788862260000000000,2026-09-08T10:11:00Z,controller 2,1.6,5.834,-4.06,46.81,0.0,7.79,-52.12,1,On,1301.34,333.29
1788862320000000000,2026-09-08T10:12:00Z,controller 2,1.522,5.814,-4.44,133.57,0.0,6.42,-69.16,3,On,1251.78,337.88
1788862380000000000,2026-09-08T10:13:00Z,controller 2,1.513,5.761,-4.37,437.25,0.0,6.04,-72.35,3,On,1256.96,343.31
1788862440000000000,2026-09-08T10:14:00Z,controller 2,1.526,5.683,-4.42,202.94,0.0,7.27,-60.8,2,On,1288.67,325.32
1788862500000000000,2026-09-08T10:15:00Z,controller 2,1.521,5.716,-4.5,386.38,0.0,5.96,-75.5,2,On,1283.65,348.61
1788862560000000000,2026-09-08T10:16:00Z,controller 2,1.48,5.704,-4.68,480.27,0.0,6.25,-74.88,2,On,1317.27,371.86
1788862620000000000,2026-09-08T10:17:00Z,controller 2,1.426,5.812,-5.04,132.17,0.0,6.31,-79.87,3,On,1269.09,352.74
1788862680000000000,2026-09-08T10:18:00Z,controller 2,1.441,5.828,-5.36,153.68,0.0,6.5,-82.46,1,On,1331.6,952.86
1788862740000000000,2026-09-08T10:19:00Z,controller 2,1.452,5.945,-4.99,210.81,0.0,6.53,-76.42,2,On,1331.79,940.14
1788862800000000000,2026-09-08T10:20:00Z,controller 2,1.454,5.956,-5.23,35.56,0.0,6.35,-82.36,2,On,1339.94,947.76
1788862860000000000,2026-09-08T10:21:00Z,controller 2,1.391,5.968,-5.08,16.77,0.0,5.95,-85.38,1,On,1338.26,928.8
1788862920000000000,2026-09-08T10:22:00Z,controller 2,1.425,6.03,-5.42,88.27,0.0,5.95,-91.09,3,On,1388.12,924.88
1788862980000000000,2026-09-08T10:23:00Z,controller 2,1.42,5.981,-5.8,374.49,0.0,5.44,-106.62,1,On,1427.07,950.02
1788863040000000000,2026-09-08T10:24:00Z,controller 2,1.462,5.941,-6.14,581.7,0.0,6.69,-91.78,3,On,1476.99,977.1
1788863100000000000,2026-09-08T10:25:00Z,controller 2,1.445,5.948,-5.56,119.43,0.0,6.81,-81.64,2,On,1500.0,976.79
1788863160000000000,2026-09-08T10:26:00Z,controller 2,1.379,5.933,-5.3,28.84,0.0,5.25,-100.95,2,On,1500.0,992.77
1788863220000000000,2026-09-08T10:27:00Z,controller 2,1.367,5.888,-5.18,487.43,0.0,5.59,-92.67,2,On,1500.0,1000.0
1788863280000000000,2026-09-08T10:28:00Z,controller 2,1.401,5.823,-5.31,553.51,0.0,6.05,-87.77,2,On,1500.0,983.52
1788863340000000000,2026-09-08T10:29:00Z,controller 2,1.449,5.849,-5.62,82.76,0.0,5.82,-96.56,2,On,1500.0,1000.0
1788863400000000000,2026-09-08T10:30:00Z,controller 2,1.498,5.806,-5.22,361.17,0.0,5.97,-87.44,1,On,1500.0,1000.0
1788863460000000000,2026-09-08T10:31:00Z,controller 2,1.569,5.795,-4.97,523.29,0.0,7.69,-64.63,1,On,1500.0,1000.0
1788863520000000000,2026-09-08T10:32:00Z,controller 2,1.578,5.854,-5.22,427.97,0.0,7.66,-68.15,2,On,1484.8,1000.0
1788863580000000000,2026-09-08T10:33:00Z,controller 2,1.529,5.797,-5.66,61.58,0.0,7.23,-78.28,2,On,1448.84,1000.0
1788863640000000000,2026-09-08T10:34:00Z,controller 2,1.595,5.79,-6.11,549.1,0.0,7.49,-81.58,3,On,1429.92,1000.0
1788863700000000000,2026-09-08T10:35:00Z,controller 2,1.475,5.733,-5.62,517.79,0.0,6.05,-92.89,2,On,1450.48,1000.0
1788863760000000000,2026-09-08T10:36:00Z,controller 2,1.471,5.714,-5.06,325.78,0.0,6.32,-80.06,3,On,1454.03,991.32
1788863820000000000,2026-09-08T10:37:00Z,controller 2,1.501,5.68,-5.32,244.34,0.0,6.14,-86.64,2,On,1406.23,987.36
1788863880000000000,2026-09-08T10:38:00Z,controller 2,1.514,5.674,-5.72,65.74,0.0,6.42,-89.1,1,On,1362.27,986.49
1788863940000000000,2026-09-08T10:39:00Z,controller 2,1.541,5.67,-5.8,96.71,0.0,6.39,-90.77,2,On,1408.67,981.26
1788864000000000000,2026-09-08T10:40:00Z,controller 2,1.536,5.685,-5.3,76.71,0.0,7.15,-74.13,3,On,1405.57,956.03
1788864060000000000,2026-09-08T10:41:00Z,controller 2,1.576,5.629,-4.9,203.13,0.0,7.41,-66.13,3,On,1389.61,966.77
1788864120000000000,2026-09-08T10:42:00Z,controller 2,1.581,5.693,-5.14,306.43,0.0,7.27,-70.7,1,On,1424.58,978.89
1788864180000000000,2026-09-08T10:43:00Z,controller 2,1.541,5.645,-5.16,319.08,0.0,6.56,-78.66,3,On,1471.05,978.82
1788864240000000000,2026-09-08T10:44:00Z,controller 2,1.545,5.522,-4.78,435.44,0.0,6.2,-77.1,2,On,1467.73,969.01
1788864300000000000,2026-09-08T10:45:00Z,controller 2,1.547,5.518,-4.63,298.5,0.0,6.13,-75.53,3,On,1484.23,970.95
1788864360000000000,2026-09-08T10:46:00Z,controller 2,1.599,5.667,-4.27,490.79,0.0,7.66,-55.74,3,On,1500.0,991.22
1788864420000000000,2026-09-08T10:47:00Z,controller 2,1.56,5.706,-3.95,100.7,0.0,7.13,-55.4,3,On,1500.0,976.82
1788864480000000000,2026-09-08T10:48:00Z,controller 2,1.483,5.671,-4.2,153.01,0.0,5.93,-70.83,1,On,1500.0,974.9
1788864540000000000,2026-09-08T10:49:00Z,controller 2,1.507,5.658,-4.57,53.2,0.0,6.73,-67.9,1,On,1500.0,975.57
1788864600000000000,2026-09-08T10:50:00Z,controller 2,1.503,5.615,-4.56,257.02,0.0,6.67,-68.37,3,On,1500.0,979.29
1788864660000000000,2026-09-08T10:51:00Z,controller 2,1.463,5.67,-4.6,56.42,0.0,5.96,-77.18,3,On,1500.0,988.33
1788864720000000000,2026-09-08T10:52:00Z,controller 2,1.463,5.562,-4.27,205.6,0.0,5.49,-77.78,3,On,1500.0,986.5
1788864780000000000,2026-09-08T10:53:00Z,controller 2,1.51,5.54,-4.43,85.97,0.0,6.05,-73.22,1,On,1500.0,965.04
1788864840000000000,2026-09-08T10:54:00Z,controller 2,1.441,5.587,-4.52,575.51,0.0,5.61,-80.57,3,On,1500.0,975.26
1788864900000000000,2026-09-08T10:55:00Z,controller 2,1.454,5.644,-4.28,48.06,0.0,5.93,-72.18,3,On,1500.0,966.19
1788864960000000000,2026-09-08T10:56:00Z,controller 2,1.455,5.687,-4.54,127.38,0.0,6.39,-71.05,2,On,1500.0,956.46
1788865020000000000,2026-09-08T10:57:00Z,controller 2,1.443,5.66,-4.19,405.06,0.0,5.52,-75.91,1,On,1500.0,979.29
1788865080000000000,2026-09-08T10:58:00Z,controller 2,1.461,5.621,-4.19,440.31,0.0,5.63,-74.42,1,On,1472.79,847.91
1788865140000000000,2026-09-08T10:59:00Z,controller 2,1.482,5.605,-4.51,331.69,0.0,6.74,-66.91,1,On,1430.18,830.9
1788865200000000000,2026-09-08T11:00:00Z,controller 2,1.492,5.559,-4.77,95.66,0.0,6.47,-73.72,1,On,1441.87,843.57
1788865260000000000,2026-09-08T11:01:00Z,controller 2,1.477,5.605,-4.29,182.27,0.0,5.68,-75.53,1,On,1443.47,835.12
1788865320000000000,2026-09-08T11:02:00Z,controller 2,1.435,5.641,-3.9,242.32,0.0,6.02,-64.78,3,On,637.12,664.4
1788865380000000000,2026-09-08T11:03:00Z,controller 2,1.484,5.574,-3.59,280.44,0.0,6.31,-56.89,2,Off,646.59,680.62
1788865440000000000,2026-09-08T11:04:00Z,controller 2,1.438,5.567,-3.34,141.18,0.0,6.02,-55.48,1,Off,687.14,660.56
1788865500000000000,2026-09-08T11:05:00Z,controller 2,1.445,5.569,-3.09,230.59,0.0,5.49,-56.28,2,Off,674.61,689.59
1788865560000000000,2026-09-08T11:06:00Z,controller 2,1.469,5.607,-3.06,93.13,0.0,6.08,-50.33,3,Off,633.61,700.92
1788865620000000000,2026-09-08T11:07:00Z,controller 2,1.496,5.61,-2.94,566.8,0.0,5.88,-50.0,3,Off,611.6,702.82
1788865680000000000,2026-09-08T11:08:00Z,controller 2,1.502,5.559,-3.13,421.77,0.0,6.43,-48.68,2,Off,636.0,682.24
1788865740000000000,2026-09-08T11:09:00Z,controller 2,1.459,5.525,-3.32,523.25,0.0,5.33,-62.29,1,Off,647.7,667.45
1788865800000000000,2026-09-08T11:10:00Z,controller 2,1.506,5.577,-3.0,295.06,0.0,5.89,-50.93,3,Off,601.92,675.42
1788865860000000000,2026-09-08T11:11:00Z,controller 2,1.506,5.503,-3.28,261.55,0.0,5.65,-58.05,1,Off,562.31,653.08
1788865920000000000,2026-09-08T11:12:00Z,controller 2,1.468,5.694,-3.59,162.42,0.0,6.71,-53.5,1,Off,581.87,640.91
1788865980000000000,2026-09-08T11:13:00Z,controller 2,1.45,5.671,-3.79,445.69,0.0,5.64,-67.2,3,Off,579.88,640.66
1788866040000000000,2026-09-08T11:14:00Z,controller 2,1.486,5.584,-3.71,333.07,0.0,6.32,-58.7,3,Off,614.27,639.16
1788866100000000000,2026-09-08T11:15:00Z,controller 2,1.476,5.538,-3.78,251.52,0.0,6.57,-57.53,3,Off,566.85,631.41
1788866160000000000,2026-09-08T11:16:00Z,controller 2,1.456,5.546,-4.05,164.17,0.0,6.39,-63.38,2,Off,551.64,651.38
1788866220000000000,2026-09-08T11:17:00Z,controller 2,1.455,5.54,-3.8,171.64,0.0,5.84,-65.07,2,Off,549.72,654.5
1788866280000000000,2026-09-08T11:18:00Z,controller 2,1.477,5.535,-3.46,551.07,0.0,5.56,-62.23,2,Off,539.91,665.02
1788866340000000000,2026-09-08T11:19:00Z,controller 2,1.44,5.503,-3.64,477.4,0.0,5.45,-66.79,3,Off,539.75,669.6
1788866400000000000,2026-09-08T11:20:00Z,controller 2,1.469,5.455,-3.92,63.91,0.0,5.38,-72.86,1,Off,503.48,685.22
1788866460000000000,2026-09-08T11:21:00Z,controller 2,1.442,5.445,-3.72,315.02,0.0,6.02,-61.79,1,Off,1205.78,814.47
1788866520000000000,2026-09-08T11:22:00Z,controller 2,1.499,5.408,-3.81,50.0,0.0,6.64,-57.38,3,Off,1283.48,799.46
1788866580000000000,2026-09-08T11:23:00Z,controller 2,1.452,5.46,-4.0,307.25,0.0,6.04,-66.23,2,Off,1312.39,828.33
1788866640000000000,2026-09-08T11:24:00Z,controller 2,1.417,5.46,-3.9,405.66,0.0,5.02,-77.69,3,Off,1308.89,852.86
1788866700000000000,2026-09-08T11:25:00Z,controller 2,1.385,5.442,-4.06,263.3,0.0,5.07,-80.08,2,Off,1334.84,861.9
1788866760000000000,2026-09-08T11:26:00Z,controller 2,1.372,5.423,-3.93,405.42,0.0,5.3,-74.15,1,Off,1330.38,837.79
1788866820000000000,2026-09-08T11:27:00Z,controller 2,1.381,5.383,-3.9,83.69,0.0,5.13,-76.02,1,Off,1378.09,853.96
1788866880000000000,2026-09-08T11:28:00Z,controller 2,1.375,5.341,-3.88,271.3,0.0,4.64,-83.62,2,Off,1349.2,861.03
1788866940000000000,2026-09-08T11:29:00Z,controller 2,1.477,5.286,-3.56,327.27,0.0,5.36,-66.42,1,Off,1366.66,890.82
1788867000000000000,2026-09-08T11:30:00Z,free response,1.469,5.208,80.87,582.6,0.0,5.23,1546.27,3,Off,1406.0,918.41
1788867060000000000,2026-09-08T11:31:00Z,free response,1.473,5.182,88.2,411.35,0.0,5.35,1648.6,3,Off,1356.11,918.51
1788867120000000000,2026-09-08T11:32:00Z,free response,1.454,5.176,83.35,67.22,0.0,5.09,1637.52,2,Off,1338.08,939.63
1788867180000000000,2026-09-08T11:33:00Z,free response,1.528,5.145,91.01,447.27,0.0,6.56,1387.35,2,Off,1308.44,959.03
1788867240000000000,2026-09-08T11:34:00Z,free response,1.582,5.257,87.21,515.84,0.0,7.22,1207.89,3,Off,1285.01,976.3
1788867300000000000,2026-09-08T11:35:00Z,free response,1.559,5.201,95.72,185.19,0.0,6.19,1546.37,3,Off,1243.75,994.37
1788867360000000000,2026-09-08T11:36:00Z,free response,1.474,5.176,91.22,64.29,0.0,5.89,1548.73,1,Off,1215.31,998.74
1788867420000000000,2026-09-08T11:37:00Z,free response,1.429,5.143,84.1,206.49,0.0,5.51,1526.32,2,Off,1283.04,484.68
1788867480000000000,2026-09-08T11:38:00Z,free response,1.355,5.085,80.4,204.46,0.0,4.87,1650.92,2,Off,1296.06,496.07
1788867540000000000,2026-09-08T11:39:00Z,free response,1.278,5.132,84.07,415.03,0.0,4.36,1928.21,3,Off,1307.13,512.45
1788867600000000000,2026-09-08T11:40:00Z,free response,1.336,5.18,81.33,0.55,0.0,4.87,1670.02,2,Off,1276.17,525.29
1788867660000000000,2026-09-08T11:41:00Z,free response,1.359,5.231,81.73,73.59,0.0,5.24,1559.73,3,Off,1306.48,538.24
1788867720000000000,2026-09-08T11:42:00Z,free response,1.418,5.256,88.36,521.94,0.0,5.79,1526.08,3,Off,1334.76,523.81
1788867780000000000,2026-09-08T11:43:00Z,free response,1.422,5.254,92.01,99.2,0.0,4.84,1901.03,3,Off,1345.52,513.07
1788867840000000000,2026-09-08T11:44:00Z,free response,1.452,5.267,94.97,587.17,0.0,5.58,1701.97,1,Off,1311.35,520.34
1788867900000000000,2026-09-08T11:45:00Z,free response,1.528,5.32,100.55,130.16,0.0,6.3,1596.03,3,Off,1303.14,544.46
1788867960000000000,2026-09-08T11:46:00Z,free response,1.565,5.331,101.0,236.26,0.0,6.6,1530.3,2,Off,1266.88,521.59
1788868020000000000,2026-09-08T11:47:00Z,free response,1.527,5.363,107.27,328.64,0.0,6.3,1702.7,1,On,1309.14,536.83
1788868080000000000,2026-09-08T11:48:00Z,free response,1.53,5.292,116.84,425.63,0.0,5.79,2017.96,3,On,1268.34,538.47
1788868140000000000,2026-09-08T11:49:00Z,free response,1.55,5.318,117.48,201.77,0.0,6.27,1873.68,2,On,1135.64,940.13
1788868200000000000,2026-09-08T11:50:00Z,free response,1.53,5.209,110.46,580.43,0.0,5.99,1844.07,3,On,1087.04,934.39
1788868260000000000,2026-09-08T11:51:00Z,free response,1.525,5.191,102.26,567.25,0.0,6.6,1549.39,2,On,1099.69,920.24
1788868320000000000,2026-09-08T11:52:00Z,free response,1.584,5.163,97.21,186.62,0.0,6.63,1466.21,1,On,1088.5,918.01
1788868380000000000,2026-09-08T11:53:00Z,free response,1.607,5.176,97.04,404.86,0.0,6.9,1406.38,1,On,1061.71,926.62
1788868440000000000,2026-09-08T11:54:00Z,free response,1.653,5.275,89.06,173.07,0.0,7.26,1226.72,2,On,1055.38,927.06
1788868500000000000,2026-09-08T11:55:00Z,free response,1.6,5.381,87.8,145.15,0.0,7.01,1252.5,3,On,1010.04,945.34
1788868560000000000,2026-09-08T11:56:00Z,free response,1.601,5.428,94.36,40.75,0.0,6.52,1447.24,3,On,992.63,948.84
1788868620000000000,2026-09-08T11:57:00Z,free response,1.583,5.498,87.87,280.94,0.0,6.48,1356.02,3,On,989.61,861.85
1788868680000000000,2026-09-08T11:58:00Z,free response,1.536,5.57,81.11,394.82,0.0,7.2,1126.53,1,On,943.86,840.36
1788868740000000000,2026-09-08T11:59:00Z,free response,1.516,5.542,80.47,296.47,0.0,6.35,1267.24,1,On,957.83,860.07
1788868800000000000,2026-09-08T12:00:00Z,free response,1.545,5.624,85.35,387.5,0.0,6.74,1266.32,1,On,910.73,861.02
1788868860000000000,2026-09-08T12:01:00Z,free response,1.514,5.599,93.29,321.73,0.0,6.18,1509.55,2,On,882.81,850.5
1788868920000000000,2026-09-08T12:02:00Z,free response,1.581,5.532,101.77,52.7,0.0,7.59,1340.84,1,On,902.38,845.05
1788868980000000000,2026-09-08T12:03:00Z,free response,1.546,5.555,110.16,114.21,0.0,6.91,1594.21,2,On,905.87,816.68
1788869040000000000,2026-09-08T12:04:00Z,free response,1.511,5.628,109.93,533.12,0.0,7.0,1570.43,1,On,940.44,826.09
1788869100000000000,2026-09-08T12:05:00Z,free response,1.52,5.602,112.76,501.07,0.0,6.55,1721.53,1,On,909.57,830.79
1788869160000000000,2026-09-08T12:06:00Z,free response,1.522,5.609,103.26,578.73,0.0,6.44,1603.42,3,On,871.48,820.58
1788869220000000000,2026-09-08T12:07:00Z,free response,1.478,5.55,102.66,36.07,0.0,5.94,1728.28,2,On,840.88,805.22
1788869280000000000,2026-09-08T12:08:00Z,free response,1.438,5.585,108.52,26.82,0.0,5.29,2051.42,3,On,848.69,784.77
1788869340000000000,2026-09-08T12:09:00Z,free response,1.443,5.576,117.26,120.62,0.0,5.72,2050.0,2,On,874.67,779.38
1788869400000000000,2026-09-08T12:10:00Z,free response,1.48,5.612,106.86,526.5,0.0,5.57,1918.49,1,On,848.88,804.03
1788869460000000000,2026-09-08T12:11:00Z,free response,1.448,5.649,105.06,598.17,0.0,6.3,1667.62,2,On,827.45,794.9
1788869520000000000,2026-09-08T12:12:00Z,free response,1.462,5.536,97.32,62.7,0.0,5.81,1675.04,3,On,865.88,795.04
1788869580000000000,2026-09-08T12:13:00Z,free response,1.444,5.53,92.96,428.98,0.0,6.19,1501.78,3,On,864.18,789.97
1788869640000000000,2026-09-08T12:14:00Z,free response,1.516,5.449,89.04,424.05,0.0,6.56,1357.32,1,On,864.17,799.36
1788869700000000000,2026-09-08T12:15:00Z,free response,1.512,5.444,93.47,522.64,0.0,6.35,1471.97,2,On,852.18,804.16
1788869760000000000,2026-09-08T12:16:00Z,free response,1.507,5.466,100.48,270.23,0.0,6.55,1534.05,2,On,857.85,817.49
1788869820000000000,2026-09-08T12:17:00Z,free response,1.526,5.381,109.26,145.44,0.0,6.69,1633.18,3,On,808.13,802.36
1788869880000000000,2026-09-08T12:18:00Z,free response,1.524,5.398,101.01,322.71,0.0,6.06,1666.83,3,On,1386.85,811.79
1788869940000000000,2026-09-08T12:19:00Z,free response,1.526,5.362,96.32,9.44,0.0,5.71,1686.87,1,On,1344.64,786.08
1788870000000000000,2026-09-08T12:20:00Z,free response,1.515,5.349,102.31,201.6,0.0,6.33,1616.27,2,On,1319.26,779.93
1788870060000000000,2026-09-08T12:21:00Z,free response,1.605,5.453,108.79,178.78,0.0,6.93,1569.84,2,On,1298.8,765.85
1788870120000000000,2026-09-08T12:22:00Z,free response,1.562,5.468,117.82,324.82,0.0,6.94,1697.69,3,On,1290.26,772.11
1788870180000000000,2026-09-08T12:23:00Z,free response,1.481,5.525,112.5,154.89,0.0,5.48,2052.92,1,On,1262.06,761.56
1788870240000000000,2026-09-08T12:24:00Z,free response,1.585,5.564,109.13,370.42,0.0,7.66,1424.67,1,On,1266.97,767.05
1788870300000000000,2026-09-08T12:25:00Z,free response,1.585,5.553,106.15,96.6,0.0,7.16,1482.54,2,On,1270.95,760.25
1788870360000000000,2026-09-08T12:26:00Z,free response,1.634,5.516,109.17,363.64,0.0,7.04,1550.71,1,On,1270.92,740.0
1788870420000000000,2026-09-08T12:27:00Z,free response,1.679,5.587,113.86,410.65,0.0,7.35,1549.12,3,On,1224.81,713.33
1788870480000000000,2026-09-08T12:28:00Z,free response,1.663,5.601,102.61,189.1,0.0,7.5,1368.13,3,On,1181.7,714.76
1788870540000000000,2026-09-08T12:29:00Z,free response,1.674,5.587,99.15,294.45,0.0,8.34,1188.85,3,On,1177.94,688.22
1788870600000000000,2026-09-08T12:30:00Z,free response,1.687,5.595,90.95,203.99,0.0,7.83,1161.56,1,On,1164.15,666.75
1788870660000000000,2026-09-08T12:31:00Z,free response,1.666,5.564,97.03,83.98,0.0,8.09,1199.38,2,On,1162.4,688.12
1788870720000000000,2026-09-08T12:32:00Z,free response,1.649,5.563,91.82,382.67,0.0,7.01,1309.84,3,On,1165.83,700.39
1788870780000000000,2026-09-08T12:33:00Z,free response,1.653,5.6,88.66,479.39,0.0,8.33,1064.35,1,On,1215.57,679.46
1788870840000000000,2026-09-08T12:34:00Z,free response,1.606,5.651,93.67,393.55,0.0,7.42,1262.4,3,On,1244.71,673.24
1788870900000000000,2026-09-08T12:35:00Z,free response,1.643,5.651,99.29,354.05,0.0,8.03,1236.49,1,On,1288.78,657.98
1788870960000000000,2026-09-08T12:36:00Z,free response,1.7,5.634,89.57,188.14,0.0,8.51,1052.53,2,On,1258.88,667.73
1788871020000000000,2026-09-08T12:37:00Z,free response,1.577,5.615,91.43,68.0,0.0,6.97,1311.76,3,On,1291.03,664.1
1788871080000000000,2026-09-08T12:38:00Z,free response,1.535,5.657,82.97,370.98,0.0,6.93,1197.26,2,On,1327.03,646.68
1788871140000000000,2026-09-08T12:39:00Z,free response,1.492,5.624,80.33,200.5,0.0,6.49,1237.75,1,On,1373.88,660.55
1788871200000000000,2026-09-08T12:40:00Z,free response,1.478,5.617,73.23,434.49,0.0,6.53,1121.44,3,On,1393.88,671.33
1788871260000000000,2026-09-08T12:41:00Z,free response,1.48,5.602,77.54,590.69,0.0,5.98,1296.66,1,On,1372.05,647.61
1788871320000000000,2026-09-08T12:42:00Z,free response,1.511,5.546,83.87,263.39,0.0,6.32,1327.06,1,On,1394.43,624.11
1788871380000000000,2026-09-08T12:43:00Z,free response,1.424,5.579,81.47,578.07,0.0,5.39,1511.5,1,On,1443.13,619.5
1788871440000000000,2026-09-08T12:44:00Z,free response,1.408,5.589,84.5,393.67,0.0,5.39,1567.72,1,On,1445.87,601.31
1788871500000000000,2026-09-08T12:45:00Z,free response,1.397,5.733,88.67,323.98,0.0,5.86,1513.14,1,On,1490.31,582.67
1788871560000000000,2026-09-08T12:46:00Z,free response,1.387,5.694,81.03,175.29,0.0,5.55,1460.0,1,On,1489.79,594.86
1788871620000000000,2026-09-08T12:47:00Z,free response,1.422,5.649,86.23,216.82,0.0,6.22,1386.33,1,On,1500.0,568.6
1788871680000000000,2026-09-08T12:48:00Z,free response,1.51,5.625,93.28,171.43,0.0,6.07,1536.74,2,On,1500.0,569.67
1788871740000000000,2026-09-08T12:49:00Z,free response,1.461,5.605,101.8,165.48,0.0,5.58,1824.37,3,On,1473.29,544.97
1788871800000000000,2026-09-08T12:50:00Z,free response,1.463,5.603,97.4,188.66,0.0,6.48,1503.09,2,On,1433.8,518.24
1788871860000000000,2026-09-08T12:51:00Z,free response,1.49,5.624,106.28,328.7,0.0,5.87,1810.56,1,On,1457.31,497.43
1788871920000000000,2026-09-08T12:52:00Z,free response,1.498,5.667,103.68,283.63,0.0,6.8,1524.71,3,On,1438.04,500.5
1788871980000000000,2026-09-08T12:53:00Z,free response,1.498,5.763,110.81,488.72,0.0,5.86,1890.96,2,On,1473.86,526.16
1788872040000000000,2026-09-08T12:54:00Z,free response,1.45,5.737,109.35,69.17,0.0,6.27,1744.02,1,On,1482.52,551.28
1788872100000000000,2026-09-08T12:55:00Z,free response,1.412,5.776,103.36,549.36,0.0,5.69,1816.52,2,On,1500.0,579.16
1788872160000000000,2026-09-08T12:56:00Z,free response,1.449,5.806,101.52,598.03,0.0,6.53,1554.67,1,Off,1500.0,593.17
1788872220000000000,2026-09-08T12:57:00Z,free response,1.439,5.81,108.39,576.26,0.0,6.22,1742.6,1,Off,1500.0,621.85
1788872280000000000,2026-09-08T12:58:00Z,free response,1.407,5.862,103.43,443.31,0.0,5.28,1958.9,1,Off,1500.0,625.87
1788872340000000000,2026-09-08T12:59:00Z,free response,1.489,5.839,94.34,227.74,0.0,6.43,1467.19,1,Off,1500.0,638.23
1788872400000000000,2026-09-08T13:00:00Z,free response,1.478,5.825,85.4,285.62,0.0,6.09,1402.3,2,Off,1500.0,627.61
1788872460000000000,2026-09-08T13:01:00Z,free response,1.469,5.78,91.11,402.57,0.0,6.15,1481.46,2,Off,1500.0,616.4
1788872520000000000,2026-09-08T13:02:00Z,free response,1.414,5.786,87.35,207.46,0.0,5.34,1635.77,2,Off,1500.0,630.69
1788872580000000000,2026-09-08T13:03:00Z,free response,1.398,5.764,81.76,461.2,0.0,6.16,1327.27,1,Off,1500.0,632.49
1788872640000000000,2026-09-08T13:04:00Z,free response,1.362,5.766,80.58,128.87,0.0,5.63,1431.26,3,Off,1500.0,642.67
1788872700000000000,2026-09-08T13:05:00Z,free response,1.384,5.692,83.63,385.22,0.0,5.95,1405.55,1,Off,1500.0,666.02
1788872760000000000,2026-09-08T13:06:00Z,free response,1.387,5.72,90.03,451.13,0.0,5.09,1768.76,1,Off,1500.0,636.08
1788872820000000000,2026-09-08T13:07:00Z,free response,1.408,5.63,85.78,534.29,0.0,5.66,1515.55,2,Off,1500.0,635.56
1788872880000000000,2026-09-08T13:08:00Z,free response,1.38,5.638,89.1,103.15,0.0,5.75,1549.57,2,Off,1500.0,631.8
1788872940000000000,2026-09-08T13:09:00Z,free response,1.37,5.591,95.59,590.39,0.0,5.45,1753.94,2,Off,1500.0,646.43
1788873000000000000,2026-09-08T13:10:00Z,free response,1.353,5.588,96.57,286.32,0.0,4.98,1939.16,3,Off,1500.0,645.49
1788873060000000000,2026-09-08T13:11:00Z,free response,1.407,5.606,101.93,389.63,0.0,6.0,1698.83,3,Off,1500.0,666.07
1788873120000000000,2026-09-08T13:12:00Z,free response,1.435,5.569,104.1,268.92,0.0,5.38,1934.94,2,Off,1500.0,655.53
1788873180000000000,2026-09-08T13:13:00Z,free response,1.428,5.686,105.6,229.16,0.0,6.12,1725.49,3,Off,1500.0,673.2
1788873240000000000,2026-09-08T13:14:00Z,free response,1.466,5.762,95.43,158.72,0.0,5.91,1614.72,3,Off,1500.0,698.44
1788873300000000000,2026-09-08T13:15:00Z,free response,1.503,5.867,102.25,151.63,0.0,7.02,1456.55,2,Off,1500.0,717.66
1788873360000000000,2026-09-08T13:16:00Z,free response,1.462,5.987,100.35,413.17,0.0,6.23,1610.75,3,Off,1500.0,733.15
1788873420000000000,2026-09-08T13:17:00Z,free response,1.463,6.021,109.93,346.58,0.0,6.23,1764.53,2,Off,1500.0,724.84
1788873480000000000,2026-09-08T13:18:00Z,free response,1.478,6.043,114.26,172.01,0.0,6.3,1813.65,2,Off,1500.0,716.29
1788873540000000000,2026-09-08T13:19:00Z,free response,1.494,6.139,110.25,454.61,0.0,6.26,1761.18,3,Off,1500.0,738.03
1788873600000000000,2026-09-08T13:20:00Z,free response,1.511,6.211,110.98,212.25,0.0,7.34,1511.99,1,Off,605.39,353.74
1788873660000000000,2026-09-08T13:21:00Z,free response,1.535,6.127,101.05,318.93,0.0,6.54,1545.11,3,Off,608.01,370.61
1788873720000000000,2026-09-08T13:22:00Z,free response,1.518,6.073,97.95,25.18,0.0,6.59,1486.34,2,Off,563.05,342.57
1788873780000000000,2026-09-08T13:23:00Z,free response,1.536,6.093,90.6,167.53,0.0,6.69,1354.26,1,Off,609.45,346.08
1788873840000000000,2026-09-08T13:24:00Z,free response,1.56,6.043,99.24,53.32,0.0,7.69,1290.51,2,Off,594.93,347.44
1788873900000000000,2026-09-08T13:25:00Z,free response,1.601,6.044,105.29,183.71,0.0,7.33,1436.43,3,Off,617.4,359.16
1788873960000000000,2026-09-08T13:26:00Z,free response,1.558,6.26,113.7,73.26,0.0,7.77,1463.32,2,Off,617.19,352.1
1788874020000000000,2026-09-08T13:27:00Z,free response,1.525,6.27,116.4,535.88,0.0,6.58,1769.0,1,Off,628.06,337.66
1788874080000000000,2026-09-08T13:28:00Z,free response,1.504,6.331,105.22,44.8,0.0,7.86,1338.68,3,Off,585.52,344.66
1788874140000000000,2026-09-08T13:29:00Z,free response,1.573,6.369,99.81,257.04,0.0,7.41,1346.96,1,Off,551.07,353.41
1788874200000000000,2026-09-08T13:30:00Z,free response,1.541,6.31,94.89,375.59,0.0,7.09,1338.36,3,Off,578.65,348.51
1788874260000000000,2026-09-08T13:31:00Z,free response,1.517,6.342,101.32,75.15,0.0,7.05,1437.16,3,Off,625.85,359.37
1788874320000000000,2026-09-08T13:32:00Z,free response,1.517,6.332,109.56,183.77,0.0,7.02,1560.68,3,Off,632.48,353.81
1788874380000000000,2026-09-08T13:33:00Z,free response,1.587,6.364,104.45,353.11,0.0,7.69,1358.26,1,Off,625.58,333.79
1788874440000000000,2026-09-08T13:34:00Z,free response,1.599,6.348,95.19,24.94,0.0,8.07,1179.55,2,Off,589.78,357.05
1788874500000000000,2026-09-08T13:35:00Z,free response,1.533,6.225,88.64,550.2,0.0,6.82,1299.71,3,Off,621.94,327.1
1788874560000000000,2026-09-08T13:36:00Z,free response,1.527,6.244,88.95,372.58,0.0,6.92,1285.4,3,Off,653.81,328.48
1788874620000000000,2026-09-08T13:37:00Z,free response,1.537,6.354,89.14,412.63,0.0,7.16,1244.97,3,Off,633.6,323.77
1788874680000000000,2026-09-08T13:38:00Z,free response,1.538,6.352,88.42,306.71,0.0,8.21,1076.98,3,Off,673.96,325.88
1788874740000000000,2026-09-08T13:39:00Z,free response,1.521,6.273,86.47,321.59,0.0,7.56,1143.78,3,Off,657.9,300.19
1788874800000000000,2026-09-08T13:40:00Z,free response,1.531,6.366,78.53,366.98,0.0,7.68,1022.53,3,Off,615.03,300.97
1788874860000000000,2026-09-08T13:41:00Z,free response,1.476,6.364,79.67,559.7,0.0,7.46,1067.96,3,Off,1235.97,968.06
1788874920000000000,2026-09-08T13:42:00Z,free response,1.507,6.401,83.95,269.06,0.0,7.97,1053.32,1,Off,1284.66,990.65
1788874980000000000,2026-09-08T13:43:00Z,free response,1.561,6.214,77.4,11.93,0.0,7.22,1072.02,1,Off,938.72,974.78
1788875040000000000,2026-09-08T13:44:00Z,free response,1.642,6.194,83.97,378.79,0.0,9.14,918.71,1,On,928.93,949.86
1788875100000000000,2026-09-08T13:45:00Z,free response,1.583,6.2,91.92,434.67,0.0,7.46,1232.17,3,On,977.93,929.59
1788875160000000000,2026-09-08T13:46:00Z,free response,1.538,6.163,92.59,473.09,0.0,6.85,1351.68,1,On,948.49,948.73
1788875220000000000,2026-09-08T13:47:00Z,free response,1.53,6.233,98.3,186.9,0.0,7.33,1341.06,2,On,964.17,947.9
1788875280000000000,2026-09-08T13:48:00Z,free response,1.438,6.143,107.98,322.42,0.0,6.91,1562.66,1,On,938.93,921.74
1788875340000000000,2026-09-08T13:49:00Z,free response,1.478,6.17,111.13,513.87,0.0,7.1,1565.21,2,On,922.44,941.1
1788875400000000000,2026-09-08T13:50:00Z,free response,1.509,6.043,117.09,384.98,0.0,6.92,1692.05,2,On,906.89,965.82
1788875460000000000,2026-09-08T13:51:00Z,free response,1.542,5.912,117.08,581.71,0.0,7.57,1546.63,2,On,932.57,970.26
1788875520000000000,2026-09-08T13:52:00Z,free response,1.575,5.747,125.23,247.0,0.0,7.74,1617.96,1,On,980.87,991.65
1788875580000000000,2026-09-08T13:53:00Z,free response,1.586,5.866,124.37,279.79,0.0,7.29,1706.04,1,On,1167.18,331.67
1788875640000000000,2026-09-08T13:54:00Z,free response,1.604,5.9,133.12,412.29,0.0,7.87,1691.49,2,On,1199.75,341.3
1788875700000000000,2026-09-08T13:55:00Z,free response,1.543,5.891,121.75,523.26,0.0,7.06,1724.5,3,On,1174.98,363.07
1788875760000000000,2026-09-08T13:56:00Z,free response,1.578,5.801,127.67,331.92,0.0,7.79,1638.9,2,On,1203.68,377.13
1788875820000000000,2026-09-08T13:57:00Z,free response,1.629,5.942,139.91,452.43,0.0,8.55,1636.37,2,On,1246.94,381.47
1788875880000000000,2026-09-08T13:58:00Z,free response,1.642,5.928,145.48,383.26,0.0,7.55,1926.89,2,On,1235.58,374.18
1788875940000000000,2026-09-08T13:59:00Z,free response,1.632,5.903,144.4,588.92,0.0,7.28,1983.52,2,On,1255.69,359.73
1788876000000000000,2026-09-08T14:00:00Z,free response,1.644,5.904,150.58,228.48,0.0,8.08,1863.61,1,On,1293.89,358.29
1788876060000000000,2026-09-08T14:01:00Z,free response,1.601,5.787,156.52,456.2,0.0,8.08,1937.13,2,On,1312.48,328.93
1788876120000000000,2026-09-08T14:02:00Z,free response,1.617,5.883,170.6,405.31,0.0,7.2,2369.44,1,On,1338.57,337.47
1788876180000000000,2026-09-08T14:03:00Z,free response,1.668,5.955,154.14,139.03,0.0,8.62,1788.17,2,On,1370.23,326.23
1788876240000000000,2026-09-08T14:04:00Z,free response,1.691,5.853,146.89,66.57,0.0,8.24,1782.65,2,On,1412.22,302.4
1788876300000000000,2026-09-08T14:05:00Z,free response,1.709,5.866,154.47,155.85,0.0,8.89,1737.57,1,On,1445.77,313.83
1788876360000000000,2026-09-08T14:06:00Z,free response,1.712,5.826,151.4,142.44,0.0,9.07,1669.24,2,On,1471.73,310.24
1788876420000000000,2026-09-08T14:07:00Z,free response,1.745,5.835,149.22,166.8,0.0,9.63,1549.53,2,On,1500.0,335.36
1788876480000000000,2026-09-08T14:08:00Z,free response,1.784,5.836,147.1,197.96,0.0,9.63,1527.52,1,On,881.04,387.33
1788876540000000000,2026-09-08T14:09:00Z,free response,1.812,5.863,141.4,262.87,0.0,9.04,1564.16,3,On,925.8,401.22
1788876600000000000,2026-09-08T14:10:00Z,free response,1.846,5.896,147.32,474.5,0.0,10.24,1438.67,1,On,912.66,407.75
1788876660000000000,2026-09-08T14:11:00Z,free response,1.76,5.817,140.66,167.2,0.0,8.3,1694.7,3,On,652.68,449.62
1788876720000000000,2026-09-08T14:12:00Z,free response,1.642,5.919,139.21,567.59,0.0,8.3,1677.23,2,On,608.83,436.88
1788876780000000000,2026-09-08T14:13:00Z,free response,1.623,5.921,136.78,493.61,0.0,7.78,1758.1,2,On,567.04,416.4
1788876840000000000,2026-09-08T14:14:00Z,free response,1.553,5.865,124.79,153.28,0.0,6.43,1940.75,2,On,575.21,434.43
1788876900000000000,2026-09-08T14:15:00Z,free response,1.599,5.835,135.97,532.73,0.0,7.63,1782.04,3,On,539.85,428.77
1788876960000000000,2026-09-08T14:16:00Z,free response,1.537,5.932,122.46,237.44,0.0,7.65,1600.78,2,On,544.23,451.92
1788877020000000000,2026-09-08T14:17:00Z,free response,1.533,5.872,117.06,47.8,0.0,6.75,1734.22,2,On,566.4,461.45
1788877080000000000,2026-09-08T14:18:00Z,free response,1.454,5.978,127.82,518.18,0.0,6.15,2078.37,2,On,564.56,435.59
1788877140000000000,2026-09-08T14:19:00Z,free response,1.41,6.015,127.13,40.94,0.0,5.69,2234.27,2,On,584.09,431.76
1788877200000000000,2026-09-08T14:20:00Z,free response,1.46,6.02,130.59,416.05,0.0,6.75,1934.67,2,On,586.34,444.05
1788877260000000000,2026-09-08T14:21:00Z,free response,1.51,6.004,138.38,581.13,0.0,7.27,1903.44,3,On,558.52,453.22
1788877320000000000,2026-09-08T14:22:00Z,free response,1.55,6.027,148.67,51.03,0.0,7.89,1884.28,1,On,565.47,477.53
1788877380000000000,2026-09-08T14:23:00Z,free response,1.506,6.038,139.3,479.63,0.0,7.44,1872.31,1,On,520.74,483.82
1788877440000000000,2026-09-08T14:24:00Z,free response,1.533,6.099,133.28,355.4,0.0,7.83,1702.17,2,On,514.73,457.66
1788877500000000000,2026-09-08T14:25:00Z,free response,1.528,6.084,130.09,326.46,0.0,6.53,1992.19,3,On,467.73,467.89
1788877560000000000,2026-09-08T14:26:00Z,free response,1.583,6.123,141.06,143.15,0.0,7.89,1787.83,2,On,420.13,444.44
1788877620000000000,2026-09-08T14:27:00Z,free response,1.531,6.137,128.36,575.17,0.0,7.83,1639.34,2,On,454.52,454.35
1788877680000000000,2026-09-08T14:28:00Z,free response,1.579,6.107,136.41,480.8,0.0,8.07,1690.33,3,On,455.93,471.78
1788877740000000000,2026-09-08T14:29:00Z,free response,1.599,6.086,142.82,118.98,0.0,8.05,1774.16,3,On,465.62,468.41
1788877800000000000,2026-09-08T14:30:00Z,free response,1.691,6.135,149.03,369.59,0.0,8.01,1860.55,3,On,502.84,465.75
1788877860000000000,2026-09-08T14:31:00Z,free response,1.681,6.116,136.02,78.95,0.0,8.89,1530.03,3,On,539.26,466.31
1788877920000000000,2026-09-08T14:32:00Z,free response,1.63,6.07,145.23,3.28,0.0,7.37,1970.56,1,On,529.15,486.9
1788877980000000000,2026-09-08T14:33:00Z,free response,1.635,6.005,135.51,12.03,0.0,8.0,1693.88,3,On,481.47,469.94
1788878040000000000,2026-09-08T14:34:00Z,free response,1.677,5.942,147.88,186.06,0.0,8.42,1756.29,2,On,470.98,461.47
1788878100000000000,2026-09-08T14:35:00Z,free response,1.651,6.01,146.94,131.87,0.0,7.61,1930.88,3,On,478.03,434.97
1788878160000000000,2026-09-08T14:36:00Z,free response,1.664,5.942,151.2,125.96,0.0,8.24,1834.95,1,On,463.36,409.95
1788878220000000000,2026-09-08T14:37:00Z,free response,1.676,5.833,153.96,419.81,0.0,8.11,1898.4,1,On,484.64,436.8
1788878280000000000,2026-09-08T14:38:00Z,free response,1.739,5.894,145.66,302.55,0.0,8.24,1767.72,1,On,521.59,414.83
1788878340000000000,2026-09-08T14:39:00Z,free response,1.834,5.955,144.73,169.84,0.0,9.77,1481.37,2,On,504.59,413.02
1788878400000000000,2026-09-08T14:40:00Z,free response,1.904,5.935,149.05,93.25,0.0,11.81,1262.07,3,On,511.35,416.25
1788878460000000000,2026-09-08T14:41:00Z,free response,1.888,5.889,142.64,376.76,0.0,10.58,1348.2,1,On,519.46,415.25
1788878520000000000,2026-09-08T14:42:00Z,free response,1.87,5.928,135.14,215.9,0.0,9.88,1367.81,1,On,499.65,401.76
1788878580000000000,2026-09-08T14:43:00Z,free response,1.889,5.831,124.4,382.94,0.0,9.75,1275.9,3,On,528.62,403.92
1788878640000000000,2026-09-08T14:44:00Z,free response,1.942,5.891,132.41,209.87,0.0,10.65,1243.29,3,On,511.95,385.06
1788878700000000000,2026-09-08T14:45:00Z,free response,1.959,5.872,144.27,116.39,0.0,11.86,1216.44,1,On,561.68,361.5
1788878760000000000,2026-09-08T14:46:00Z,free response,1.917,5.874,138.82,576.67,0.0,10.01,1386.81,2,On,901.56,816.83
1788878820000000000,2026-09-08T14:47:00Z,free response,1.911,5.945,135.37,292.83,0.0,10.14,1335.01,1,On,905.72,837.83
1788878880000000000,2026-09-08T14:48:00Z,free response,1.945,5.964,126.12,103.52,0.0,12.34,1022.04,3,On,906.33,821.19
1788878940000000000,2026-09-08T14:49:00Z,free response,1.912,5.956,136.49,56.93,0.0,9.9,1378.69,2,On,941.24,830.11
1788879000000000000,2026-09-08T14:50:00Z,free response,1.889,5.969,140.37,292.64,0.0,9.85,1425.08,3,On,911.84,816.88
1788879060000000000,2026-09-08T14:51:00Z,free response,1.916,5.94,143.82,393.21,0.0,10.58,1359.36,1,On,947.62,790.1
1788879120000000000,2026-09-08T14:52:00Z,free response,1.868,5.925,130.51,233.15,0.0,11.25,1160.09,3,On,906.61,775.5
1788879180000000000,2026-09-08T14:53:00Z,free response,1.929,5.896,140.24,487.13,0.0,10.17,1378.96,3,On,955.11,772.63
1788879240000000000,2026-09-08T14:54:00Z,free response,1.933,5.965,140.86,269.53,0.0,11.61,1213.26,1,On,925.98,747.09
1788879300000000000,2026-09-08T14:55:00Z,free response,1.999,6.046,129.96,319.41,0.0,11.15,1165.56,3,On,913.97,760.04
1788879360000000000,2026-09-08T14:56:00Z,free response,2.018,6.125,134.49,51.0,0.0,11.6,1159.4,3,On,953.75,731.5
1788879420000000000,2026-09-08T14:57:00Z,free response,2.023,6.159,127.81,300.56,0.0,13.47,948.85,1,On,976.0,733.92
1788879480000000000,2026-09-08T14:58:00Z,free response,2.024,6.181,138.55,196.5,0.0,11.75,1179.15,2,On,981.76,728.19
1788879540000000000,2026-09-08T14:59:00Z,free response,2.027,6.255,133.44,293.78,0.0,13.65,977.58,2,On,1027.47,735.14
1788879600000000000,2026-09-08T15:00:00Z,free response,2.025,6.15,135.27,62.54,0.0,11.78,1148.3,3,On,1043.98,749.28
1788879660000000000,2026-09-08T15:01:00Z,free response,1.997,6.159,134.0,305.72,0.0,11.36,1179.58,3,On,1021.5,774.41
1788879720000000000,2026-09-08T15:02:00Z,free response,2.103,6.182,143.12,571.89,0.0,12.94,1106.03,3,On,1053.87,779.49
1788879780000000000,2026-09-08T15:03:00Z,free response,2.025,6.103,143.45,341.56,0.0,11.31,1268.35,3,On,1062.72,807.4
1788879840000000000,2026-09-08T15:04:00Z,free response,2.021,6.086,132.09,588.19,0.0,11.47,1151.61,3,On,1063.9,831.51
1788879900000000000,2026-09-08T15:05:00Z,free response,1.996,5.989,121.4,400.84,0.0,11.85,1024.47,3,On,1090.62,804.29
1788879960000000000,2026-09-08T15:06:00Z,free response,2.016,6.052,116.53,263.89,0.0,11.68,997.69,1,On,1272.28,441.85
1788880020000000000,2026-09-08T15:07:00Z,free response,2.03,6.05,126.64,220.82,0.0,12.23,1035.49,3,On,1290.38,467.4
1788880080000000000,2026-09-08T15:08:00Z,free response,2.049,6.105,119.49,330.31,0.0,13.76,868.39,3,On,1244.31,438.12
1788880140000000000,2026-09-08T15:09:00Z,free response,1.991,6.119,109.03,117.69,0.0,13.24,823.49,3,On,1237.66,459.88
1788880200000000000,2026-09-08T15:10:00Z,free response,1.925,6.174,117.19,179.95,0.0,11.88,986.45,1,On,1250.01,459.47
1788880260000000000,2026-09-08T15:11:00Z,free response,2.016,6.179,119.16,296.03,0.0,12.23,974.33,3,On,1242.12,447.28
1788880320000000000,2026-09-08T15:12:00Z,free response,2.015,6.087,127.83,428.81,0.0,11.5,1111.57,1,On,1225.79,427.95
1788880380000000000,2026-09-08T15:13:00Z,free response,2.05,6.025,120.09,393.69,0.0,12.21,983.54,2,On,1238.73,438.86
1788880440000000000,2026-09-08T15:14:00Z,free response,2.024,6.086,115.42,580.25,0.0,12.04,958.64,1,On,1206.43,465.46
1788880500000000000,2026-09-08T15:15:00Z,free response,2.063,6.069,125.82,546.15,0.0,13.45,935.46,3,On,1239.51,464.8
1788880560000000000,2026-09-08T15:16:00Z,free response,2.115,6.061,132.75,390.6,0.0,14.67,904.91,2,On,1274.71,472.2
1788880620000000000,2026-09-08T15:17:00Z,free response,2.03,5.945,144.91,64.99,0.0,12.67,1143.73,3,On,1294.57,444.93
1788880680000000000,2026-09-08T15:18:00Z,free response,2.018,5.933,155.69,256.91,0.0,12.05,1292.03,1,On,1317.23,472.78
1788880740000000000,2026-09-08T15:19:00Z,free response,2.108,5.916,162.52,180.21,0.0,13.24,1227.49,1,On,1336.89,445.03
1788880800000000000,2026-09-08T15:20:00Z,free response,2.109,5.923,163.14,348.47,0.0,12.91,1263.67,1,On,1300.77,468.18
1788880860000000000,2026-09-08T15:21:00Z,free response,2.267,5.94,152.13,326.54,0.0,15.77,964.68,2,On,1281.94,470.96
1788880920000000000,2026-09-08T15:22:00Z,free response,2.313,5.846,157.09,18.19,0.0,16.92,928.43,2,Off,1302.67,448.77
1788880980000000000,2026-09-08T15:23:00Z,free response,2.299,5.846,167.65,462.7,0.0,15.25,1099.34,1,Off,1321.31,452.25
1788881040000000000,2026-09-08T15:24:00Z,free response,2.353,5.864,174.29,381.12,0.0,17.75,981.92,3,Off,1327.16,428.28
1788881100000000000,2026-09-08T15:25:00Z,free response,2.273,5.846,166.56,284.74,0.0,13.9,1198.27,3,Off,1333.5,402.44
1788881160000000000,2026-09-08T15:26:00Z,free response,2.32,5.786,170.15,501.09,0.0,15.5,1097.74,2,Off,1362.39,399.1
1788881220000000000,2026-09-08T15:27:00Z,free response,2.33,5.739,158.83,537.33,0.0,16.6,956.81,1,Off,1397.8,391.32
1788881280000000000,2026-09-08T15:28:00Z,free response,2.27,5.752,146.6,369.8,0.0,14.2,1032.39,2,Off,1400.57,394.25
1788881340000000000,2026-09-08T15:29:00Z,free response,2.293,5.748,156.03,406.03,0.0,13.7,1138.91,2,Off,1444.39,418.64
1788881400000000000,2026-09-08T15:30:00Z,free response,2.274,5.763,148.39,121.51,0.0,14.06,1055.41,3,Off,1442.54,445.23
1788881460000000000,2026-09-08T15:31:00Z,free response,2.202,5.701,136.72,591.66,0.0,13.11,1042.87,2,Off,1403.96,469.69
1788881520000000000,2026-09-08T15:32:00Z,free response,2.16,5.698,147.79,11.44,0.0,14.28,1034.94,1,Off,1382.98,475.05
1788881580000000000,2026-09-08T15:33:00Z,free response,2.187,5.693,147.79,103.71,0.0,13.62,1085.1,3,Off,1377.94,487.49
1788881640000000000,2026-09-08T15:34:00Z,free response,2.231,5.624,135.07,376.37,0.0,14.5,931.52,3,Off,1413.4,491.68
1788881700000000000,2026-09-08T15:35:00Z,free response,2.259,5.63,146.32,52.36,0.0,14.58,1003.57,2,Off,1460.79,488.16
1788881760000000000,2026-09-08T15:36:00Z,free response,2.286,5.512,159.73,354.88,0.0,15.55,1027.2,2,Off,1446.44,503.97
1788881820000000000,2026-09-08T15:37:00Z,free response,2.37,5.559,170.38,155.63,0.0,14.71,1158.26,1,Off,1486.18,531.48
1788881880000000000,2026-09-08T15:38:00Z,free response,2.347,5.523,182.29,359.06,0.0,14.13,1290.09,2,Off,1468.96,543.48
1788881940000000000,2026-09-08T15:39:00Z,free response,2.286,5.505,169.73,163.94,0.0,14.22,1193.6,2,Off,1500.0,536.28
1788882000000000000,2026-09-08T15:40:00Z,free response,2.269,5.46,156.43,514.62,0.0,15.16,1031.86,3,Off,1486.7,562.01
1788882060000000000,2026-09-08T15:41:00Z,free response,2.216,5.446,151.73,424.87,0.0,13.05,1162.68,1,Off,1500.0,534.51
1788882120000000000,2026-09-08T15:42:00Z,free response,2.141,5.502,156.97,475.32,0.0,13.62,1152.5,3,Off,1474.66,534.32
1788882180000000000,2026-09-08T15:43:00Z,free response,2.123,5.56,145.49,443.64,0.0,11.54,1260.75,1,Off,1458.55,510.38
1788882240000000000,2026-09-08T15:44:00Z,free response,2.179,5.535,151.67,571.23,0.0,12.67,1197.08,3,Off,1500.0,519.92
1788882300000000000,2026-09-08T15:45:00Z,free response,2.266,5.615,159.42,17.4,0.0,13.94,1143.62,1,Off,1457.71,496.07
1788882360000000000,2026-09-08T15:46:00Z,free response,2.26,5.61,144.76,201.91,0.0,14.33,1010.19,1,Off,1500.0,499.71
1788882420000000000,2026-09-08T15:47:00Z,free response,2.335,5.592,146.23,62.56,0.0,16.49,886.78,1,Off,714.9,690.49
1788882480000000000,2026-09-08T15:48:00Z,free response,2.381,5.506,160.32,394.47,0.0,14.13,1134.61,3,Off,670.64,681.84
1788882540000000000,2026-09-08T15:49:00Z,free response,2.403,5.53,146.9,559.16,0.0,14.99,979.99,2,Off,748.71,735.25
1788882600000000000,2026-09-08T15:50:00Z,free response,2.378,5.409,154.45,288.14,0.0,14.57,1060.05,3,Off,760.42,722.15
1788882660000000000,2026-09-08T15:51:00Z,free response,2.274,5.407,168.93,204.93,0.0,13.72,1231.27,2,Off,778.58,712.94
1788882720000000000,2026-09-08T15:52:00Z,free response,2.224,5.301,167.02,554.6,0.0,13.39,1247.35,3,Off,762.63,712.65
1788882780000000000,2026-09-08T15:53:00Z,free response,2.215,5.382,171.0,523.14,0.0,13.38,1278.03,2,Off,731.94,713.24
1788882840000000000,2026-09-08T15:54:00Z,free response,2.178,5.376,159.52,576.28,0.0,11.75,1357.62,1,Off,765.81,721.33
1788882900000000000,2026-09-08T15:55:00Z,free response,2.252,5.25,151.53,441.37,0.0,13.06,1160.26,1,Off,804.37,708.33
1788882960000000000,2026-09-08T15:56:00Z,free response,2.208,5.34,142.3,521.72,0.0,12.97,1097.15,2,Off,795.49,684.49
1788883020000000000,2026-09-08T15:57:00Z,free response,2.165,5.324,149.75,489.17,0.0,12.56,1192.28,2,Off,791.32,689.75
1788883080000000000,2026-09-08T15:58:00Z,free response,2.157,5.338,150.06,304.09,0.0,12.65,1186.25,3,Off,820.43,703.46
1788883140000000000,2026-09-08T15:59:00Z,free response,2.157,5.277,143.86,561.85,0.0,12.1,1188.93,2,Off,835.48,714.36
1788883200000000000,2026-09-08T16:00:00Z,free response,2.087,5.338,158.0,60.14,0.0,10.83,1458.91,1,Off,799.3,722.74
1788883260000000000,2026-09-08T16:01:00Z,free response,1.985,5.302,160.89,453.23,0.0,11.23,1432.68,1,Off,799.0,720.06
1788883320000000000,2026-09-08T16:02:00Z,free response,1.936,5.243,163.82,556.14,0.0,8.93,1834.49,1,Off,750.79,699.34
1788883380000000000,2026-09-08T16:03:00Z,free response,1.86,5.26,154.47,217.48,0.0,9.28,1664.55,1,Off,756.57,713.22
1788883440000000000,2026-09-08T16:04:00Z,free response,1.82,5.241,142.28,319.09,0.0,9.47,1502.43,1,Off,717.36,686.17
1788883500000000000,2026-09-08T16:05:00Z,free response,1.812,5.321,144.93,390.29,0.0,8.7,1665.86,1,Off,736.51,677.85
1788883560000000000,2026-09-08T16:06:00Z,free response,1.827,5.335,133.54,309.7,0.0,8.28,1612.8,3,Off,733.9,662.87
1788883620000000000,2026-09-08T16:07:00Z,free response,1.807,5.258,124.0,282.71,0.0,8.7,1425.29,1,Off,711.76,665.27
1788883680000000000,2026-09-08T16:08:00Z,free response,1.795,5.341,125.92,583.93,0.0,8.74,1440.73,1,Off,687.08,643.23
1788883740000000000,2026-09-08T16:09:00Z,free response,1.734,5.354,132.22,268.96,0.0,7.63,1732.9,1,Off,710.68,650.35
1788883800000000000,2026-09-08T16:10:00Z,free response,1.687,5.355,145.0,131.72,0.0,7.76,1868.56,2,Off,727.75,649.0
1788883860000000000,2026-09-08T16:11:00Z,free response,1.698,5.278,141.18,505.05,0.0,8.33,1694.84,3,Off,683.4,673.16
1788883920000000000,2026-09-08T16:12:00Z,free response,1.657,5.368,154.73,542.9,0.0,8.07,1917.35,3,Off,651.74,660.02
1788883980000000000,2026-09-08T16:13:00Z,free response,1.634,5.366,165.59,70.98,0.0,7.21,2296.67,1,Off,619.45,649.02
1788884040000000000,2026-09-08T16:14:00Z,free response,1.642,5.39,161.02,84.01,0.0,7.48,2152.67,2,Off,624.17,634.87
1788884100000000000,2026-09-08T16:15:00Z,free response,1.634,5.37,148.63,8.66,0.0,6.68,2225.0,2,Off,595.79,664.08
1788884160000000000,2026-09-08T16:16:00Z,free response,1.627,5.358,159.53,287.25,0.0,6.46,2469.5,2,Off,616.51,685.56
1788884220000000000,2026-09-08T16:17:00Z,free response,1.624,5.277,155.51,234.06,0.0,7.08,2196.47,1,Off,611.63,705.9
1788884280000000000,2026-09-08T16:18:00Z,free response,1.661,5.394,148.06,368.15,0.0,7.03,2106.12,2,Off,647.83,713.99
1788884340000000000,2026-09-08T16:19:00Z,free response,1.682,5.446,133.56,286.15,0.0,7.51,1778.43,2,Off,651.29,689.01
1788884400000000000,2026-09-08T16:20:00Z,free response,1.699,5.467,129.43,242.09,0.0,7.73,1674.39,2,Off,621.8,678.69
1788884460000000000,2026-09-08T16:21:00Z,free response,1.641,5.523,133.68,404.58,0.0,7.2,1856.67,3,Off,668.96,702.6
1788884520000000000,2026-09-08T16:22:00Z,free response,1.677,5.599,135.59,481.27,0.0,7.71,1758.63,3,Off,707.88,704.69
1788884580000000000,2026-09-08T16:23:00Z,free response,1.63,5.579,122.47,329.81,0.0,7.06,1734.7,1,Off,712.32,686.32
1788884640000000000,2026-09-08T16:24:00Z,free response,1.681,5.598,117.83,577.39,0.0,7.38,1596.61,2,Off,722.16,656.7
1788884700000000000,2026-09-08T16:25:00Z,free response,1.706,5.653,125.31,324.67,0.0,8.12,1543.23,3,Off,688.48,662.34
1788884760000000000,2026-09-08T16:26:00Z,free response,1.798,5.733,129.33,22.07,0.0,10.02,1290.72,3,Off,723.73,632.66
1788884820000000000,2026-09-08T16:27:00Z,free response,1.761,5.641,117.64,356.6,0.0,8.97,1311.48,3,Off,726.37,629.43
1788884880000000000,2026-09-08T16:28:00Z,free response,1.719,5.604,114.86,551.36,0.0,8.09,1419.78,2,Off,715.04,601.55
1788884940000000000,2026-09-08T16:29:00Z,free response,1.671,5.567,111.74,186.48,0.0,7.08,1578.25,2,Off,668.54,601.2
1788885000000000000,2026-09-08T16:30:00Z,free response,1.71,5.568,102.37,192.21,0.0,7.46,1372.25,1,Off,668.72,599.34
1788885060000000000,2026-09-08T16:31:00Z,free response,1.686,5.554,99.6,409.72,0.0,7.25,1373.79,3,Off,622.17,607.15
1788885120000000000,2026-09-08T16:32:00Z,free response,1.705,5.509,90.71,299.22,0.0,7.84,1157.02,3,Off,598.2,619.36
1788885180000000000,2026-09-08T16:33:00Z,free response,1.729,5.458,91.62,242.11,0.0,8.96,1022.54,3,Off,601.4,639.48
1788885240000000000,2026-09-08T16:34:00Z,free response,1.761,5.431,83.92,357.47,0.0,9.19,913.17,3,Off,779.83,908.22
1788885300000000000,2026-09-08T16:35:00Z,free response,1.755,5.451,91.13,134.44,0.0,8.81,1034.39,3,Off,730.69,905.25
1788885360000000000,2026-09-08T16:36:00Z,free response,1.722,5.328,84.12,96.02,0.0,8.17,1029.62,1,Off,711.69,931.12
1788885420000000000,2026-09-08T16:37:00Z,free response,1.654,5.21,81.47,171.72,0.0,7.77,1048.52,1,Off,755.71,935.74
1788885480000000000,2026-09-08T16:38:00Z,free response,1.678,5.243,76.2,80.79,0.0,7.35,1036.73,2,Off,753.55,939.03
1788885540000000000,2026-09-08T16:39:00Z,free response,1.722,5.237,71.37,15.08,0.0,7.96,896.61,1,Off,782.45,928.27
1788885600000000000,2026-09-08T16:40:00Z,free response,1.751,5.203,66.38,250.6,0.0,7.98,831.83,1,Off,809.72,932.18
1788885660000000000,2026-09-08T16:41:00Z,free response,1.759,5.221,70.24,388.9,0.0,8.51,825.38,1,Off,831.8,902.76
1788885720000000000,2026-09-08T16:42:00Z,free response,1.708,5.225,76.41,300.32,0.0,7.84,974.62,2,Off,863.9,922.62
1788885780000000000,2026-09-08T16:43:00Z,free response,1.647,5.204,74.7,377.35,0.0,6.44,1159.94,1,Off,835.15,945.2
1788885840000000000,2026-09-08T16:44:00Z,free response,1.728,5.26,76.29,342.96,0.0,7.73,986.93,2,Off,860.83,929.06
1788885900000000000,2026-09-08T16:45:00Z,free response,1.649,5.265,80.73,67.38,0.0,7.04,1146.73,3,Off,883.13,951.61
1788885960000000000,2026-09-08T16:46:00Z,free response,1.653,5.191,82.81,540.64,0.0,6.68,1239.67,1,Off,924.34,974.83
1788886020000000000,2026-09-08T16:47:00Z,free response,1.59,5.223,79.67,229.91,0.0,6.89,1156.31,1,Off,885.74,971.49
1788886080000000000,2026-09-08T16:48:00Z,free response,1.585,5.203,86.02,583.51,0.0,6.02,1428.9,1,Off,854.48,997.3
1788886140000000000,2026-09-08T16:49:00Z,free response,1.587,5.275,81.13,176.68,0.0,6.56,1236.74,3,Off,866.74,1000.0
1788886200000000000,2026-09-08T16:50:00Z,free response,1.601,5.364,75.14,35.86,0.0,6.43,1168.58,2,Off,880.44,1000.0
1788886260000000000,2026-09-08T16:51:00Z,free response,1.576,5.306,70.57,87.67,0.0,6.82,1034.75,2,Off,903.81,1000.0
1788886320000000000,2026-09-08T16:52:00Z,free response,1.595,5.33,76.42,258.55,0.0,6.73,1135.51,1,Off,898.81,1000.0
1788886380000000000,2026-09-08T16:53:00Z,free response,1.588,5.331,73.65,541.64,0.0,7.28,1011.68,3,Off,883.78,1000.0
1788886440000000000,2026-09-08T16:54:00Z,free response,1.547,5.347,75.67,498.15,0.0,6.26,1208.79,3,Starting,888.41,1000.0
1788886500000000000,2026-09-08T16:55:00Z,free response,1.53,5.357,81.65,221.23,0.0,6.74,1211.42,3,Starting,909.62,1000.0
1788886560000000000,2026-09-08T16:56:00Z,free response,1.454,5.383,82.38,452.82,0.0,5.98,1377.59,2,Starting,953.15,1000.0
1788886620000000000,2026-09-08T16:57:00Z,free response,1.469,5.349,78.49,162.37,0.0,5.47,1434.92,1,Starting,992.43,1000.0
1788886680000000000,2026-09-08T16:58:00Z,free response,1.434,5.312,79.85,58.8,0.0,5.3,1506.6,1,Starting,1028.47,1000.0
1788886740000000000,2026-09-08T16:59:00Z,free response,1.457,5.267,78.29,360.61,0.0,5.56,1408.09,2,Starting,1072.35,1000.0
1788886800000000000,2026-09-08T17:00:00Z,free response,1.46,5.209,84.36,555.23,0.0,5.9,1429.83,1,Starting,1081.92,1000.0
1788886860000000000,2026-09-08T17:01:00Z,free response,1.477,5.216,86.58,454.1,0.0,6.08,1424.01,1,Starting,1114.74,1000.0
1788886920000000000,2026-09-08T17:02:00Z,free response,1.478,5.284,89.1,437.28,0.0,5.32,1674.81,2,Starting,1110.59,985.2
1788886980000000000,2026-09-08T17:03:00Z,free response,1.416,5.296,84.18,38.5,0.0,5.17,1628.24,3,Starting,1097.33,962.18
1788887040000000000,2026-09-08T17:04:00Z,free response,1.438,5.369,85.9,250.49,0.0,5.76,1491.32,3,Starting,1119.55,981.06
1788887100000000000,2026-09-08T17:05:00Z,free response,1.389,5.408,79.35,74.34,0.0,5.44,1458.64,3,Starting,778.57,799.71
1788887160000000000,2026-09-08T17:06:00Z,free response,1.399,5.394,79.45,137.13,0.0,5.03,1579.52,1,Starting,776.85,807.42
1788887220000000000,2026-09-08T17:07:00Z,free response,1.414,5.363,76.79,118.69,0.0,5.11,1502.74,2,Starting,729.14,793.14
1788887280000000000,2026-09-08T17:08:00Z,free response,1.444,5.455,82.75,409.34,0.0,5.2,1591.35,1,Starting,769.43,815.49
1788887340000000000,2026-09-08T17:09:00Z,free response,1.44,5.369,86.62,517.4,0.0,5.83,1485.76,2,Starting,756.29,824.32
1788887400000000000,2026-09-08T17:10:00Z,free response,1.426,5.344,83.79,553.43,0.0,5.35,1566.17,2,Starting,754.28,801.89
1788887460000000000,2026-09-08T17:11:00Z,free response,1.444,5.297,80.38,511.51,0.0,6.05,1328.6,1,Starting,782.95,793.62
1788887520000000000,2026-09-08T17:12:00Z,free response,1.429,5.305,72.6,121.37,0.0,4.88,1487.7,1,Starting,757.27,780.69
1788887580000000000,2026-09-08T17:13:00Z,free response,1.423,5.294,77.47,413.07,0.0,4.99,1552.51,3,Starting,733.07,770.52
1788887640000000000,2026-09-08T17:14:00Z,free response,1.44,5.21,83.74,426.61,0.0,5.82,1438.83,1,Starting,759.73,766.74
1788887700000000000,2026-09-08T17:15:00Z,free response,1.435,5.214,88.68,599.54,0.0,5.21,1702.11,3,Starting,765.89,758.16
1788887760000000000,2026-09-08T17:16:00Z,free response,1.476,5.153,91.45,199.11,0.0,6.02,1519.1,3,Starting,738.93,741.83
1788887820000000000,2026-09-08T17:17:00Z,free response,1.446,5.095,98.56,396.97,0.0,4.88,2019.67,1,Starting,754.24,718.19
1788887880000000000,2026-09-08T17:18:00Z,free response,1.471,5.119,108.15,220.72,0.0,5.11,2116.44,3,Starting,708.21,699.81
1788887940000000000,2026-09-08T17:19:00Z,free response,1.44,5.077,99.77,588.53,0.0,5.0,1995.4,2,Starting,710.01,702.53
1788888000000000000,2026-09-08T17:20:00Z,free response,1.398,5.174,96.19,380.31,0.0,5.52,1742.57,1,Starting,736.32,677.94
1788888060000000000,2026-09-08T17:21:00Z,free response,1.451,5.264,102.2,490.74,0.0,5.34,1913.86,3,Starting,783.94,663.92
1788888120000000000,2026-09-08T17:22:00Z,free response,1.444,5.255,103.82,336.73,0.0,5.11,2031.7,1,Starting,786.09,661.34
1788888180000000000,2026-09-08T17:23:00Z,free response,1.446,5.252,104.71,137.9,0.0,5.0,2094.2,3,Starting,779.33,658.23
1788888240000000000,2026-09-08T17:24:00Z,free response,1.455,5.185,112.72,535.97,0.0,5.76,1956.94,3,Starting,789.27,628.98
1788888300000000000,2026-09-08T17:25:00Z,free response,1.494,5.225,123.21,550.48,0.0,5.44,2264.89,3,Starting,750.83,640.63
1788888360000000000,2026-09-08T17:26:00Z,free response,1.556,5.177,133.35,496.09,0.0,6.21,2147.34,1,Starting,777.29,644.99
1788888420000000000,2026-09-08T17:27:00Z,free response,1.557,5.074,131.51,197.61,0.0,5.68,2315.32,3,Starting,775.15,660.58
1788888480000000000,2026-09-08T17:28:00Z,free response,1.588,5.119,130.71,593.78,0.0,6.18,2115.05,1,Starting,741.38,661.97
1788888540000000000,2026-09-08T17:29:00Z,free response,1.584,5.073,126.81,550.71,0.0,6.64,1909.79,3,Starting,707.81,635.46
1788888600000000000,2026-09-08T17:30:00Z,free response,1.538,5.056,136.56,307.66,0.0,6.13,2227.73,2,Starting,663.37,651.98
1788888660000000000,2026-09-08T17:31:00Z,free response,1.519,4.961,146.18,202.83,0.0,6.07,2408.24,2,Starting,726.03,687.81
1788888720000000000,2026-09-08T17:32:00Z,free response,1.565,4.973,153.75,309.45,0.0,5.99,2566.78,2,Starting,726.18,677.52
1788888780000000000,2026-09-08T17:33:00Z,free response,1.508,4.969,153.4,374.97,0.0,6.07,2527.18,3,Starting,740.32,681.09
1788888840000000000,2026-09-08T17:34:00Z,free response,1.56,4.933,148.88,569.46,0.0,6.15,2420.81,3,Starting,721.83,652.25
1788888900000000000,2026-09-08T17:35:00Z,free response,1.574,4.959,163.21,546.08,0.0,5.53,2951.36,2,Starting,751.9,674.99
1788888960000000000,2026-09-08T17:36:00Z,free response,1.586,5.021,166.83,516.37,0.0,6.61,2523.9,3,Starting,707.2,692.17
1788889020000000000,2026-09-08T17:37:00Z,free response,1.576,4.949,176.39,374.08,0.0,5.96,2959.56,3,Starting,712.78,720.89
1788889080000000000,2026-09-08T17:38:00Z,free response,1.565,4.95,159.81,499.52,0.0,5.99,2667.95,2,Starting,976.59,928.48
1788889140000000000,2026-09-08T17:39:00Z,free response,1.621,4.96,172.67,49.29,0.0,6.63,2604.37,2,Starting,982.54,951.03
1788889200000000000,2026-09-08T17:40:00Z,free response,1.6,4.999,161.81,263.85,0.0,6.62,2444.26,2,Starting,968.41,975.91
1788889260000000000,2026-09-08T17:41:00Z,free response,1.623,5.041,151.41,563.99,0.0,7.1,2132.54,1,Starting,941.19,946.99
1788889320000000000,2026-09-08T17:42:00Z,free response,1.655,5.069,154.56,83.25,0.0,6.96,2220.69,3,Starting,973.26,966.08
1788889380000000000,2026-09-08T17:43:00Z,free response,1.635,4.957,169.21,512.49,0.0,6.2,2729.19,3,Starting,987.06,976.93
1788889440000000000,2026-09-08T17:44:00Z,free response,1.631,4.989,159.43,520.43,0.0,7.26,2196.01,1,Starting,869.19,787.79
1788889500000000000,2026-09-08T17:45:00Z,free response,1.589,4.963,145.71,587.15,0.0,6.26,2327.64,2,Starting,840.22,800.01
1788889560000000000,2026-09-08T17:46:00Z,free response,1.535,4.941,147.37,423.73,0.0,5.43,2714.0,1,Starting,829.37,771.47
1788889620000000000,2026-09-08T17:47:00Z,free response,1.517,4.977,137.12,418.04,0.0,5.54,2475.09,2,Starting,865.41,770.8
1788889680000000000,2026-09-08T17:48:00Z,free response,1.523,4.938,129.81,12.22,0.0,5.43,2390.61,1,Starting,914.74,776.4
1788889740000000000,2026-09-08T17:49:00Z,free response,1.54,4.925,132.52,539.22,0.0,6.12,2165.36,2,Starting,939.35,787.38
1788889800000000000,2026-09-08T17:50:00Z,free response,1.574,4.961,125.66,93.81,0.0,6.03,2083.91,3,Starting,989.04,775.08
1788889860000000000,2026-09-08T17:51:00Z,free response,1.62,4.972,129.18,9.4,0.0,6.19,2086.91,3,Starting,982.34,765.68
1788889920000000000,2026-09-08T17:52:00Z,free response,1.593,4.921,131.81,158.75,0.0,5.95,2215.29,2,Starting,1008.44,782.84
1788889980000000000,2026-09-08T17:53:00Z,free response,1.53,4.933,127.96,86.88,0.0,6.04,2118.54,2,Starting,1374.88,389.14
1788890040000000000,2026-09-08T17:54:00Z,free response,1.523,4.926,131.05,68.88,0.0,6.17,2123.99,1,Starting,1379.16,418.22
1788890100000000000,2026-09-08T17:55:00Z,free response,1.544,4.982,118.35,406.77,0.0,6.14,1927.52,2,Starting,1354.28,419.66
1788890160000000000,2026-09-08T17:56:00Z,free response,1.564,4.982,108.76,42.15,0.0,5.86,1855.97,1,Starting,1351.85,390.3
1788890220000000000,2026-09-08T17:57:00Z,free response,1.597,4.997,105.07,411.95,0.0,6.07,1730.97,1,Starting,1335.42,413.11
1788890280000000000,2026-09-08T17:58:00Z,free response,1.584,4.975,96.5,137.86,0.0,6.72,1436.01,1,Starting,1328.53,397.99
1788890340000000000,2026-09-08T17:59:00Z,free response,1.585,4.983,92.5,390.07,0.0,6.25,1480.0,3,Starting,1298.81,400.53
1788890400000000000,2026-09-08T18:00:00Z,free response,1.559,5.037,96.77,336.73,0.0,6.7,1444.33,3,Starting,1290.6,424.8
1788890460000000000,2026-09-08T18:01:00Z,free response,1.576,5.07,87.45,30.09,0.0,5.98,1462.37,3,Starting,1337.25,399.52
1788890520000000000,2026-09-08T18:02:00Z,free response,1.526,5.104,86.79,359.28,0.0,5.65,1536.11,3,Starting,1298.05,382.99
1788890580000000000,2026-09-08T18:03:00Z,free response,1.594,5.151,85.57,367.22,0.0,6.0,1426.17,2,Starting,1297.09,405.02
1788890640000000000,2026-09-08T18:04:00Z,free response,1.561,5.219,82.34,247.03,0.0,5.76,1429.51,3,Starting,1286.12,434.91
1788890700000000000,2026-09-08T18:05:00Z,free response,1.539,5.286,89.47,231.47,0.0,6.03,1483.75,2,Starting,1333.23,457.84
1788890760000000000,2026-09-08T18:06:00Z,free response,1.561,5.387,80.91,580.94,0.0,6.71,1205.81,3,Starting,1291.59,430.03
1788890820000000000,2026-09-08T18:07:00Z,free response,1.541,5.278,82.74,500.85,0.0,6.12,1351.96,3,Starting,1282.22,439.92
1788890880000000000,2026-09-08T18:08:00Z,free response,1.539,5.425,87.41,202.2,0.0,7.03,1243.39,3,Starting,1277.15,457.54
1788890940000000000,2026-09-08T18:09:00Z,free response,1.565,5.47,82.53,514.52,0.0,6.24,1322.6,1,Starting,1231.33,461.57
1788891000000000000,2026-09-08T18:10:00Z,free response,1.575,5.395,82.78,421.59,0.0,7.1,1165.92,2,Starting,1266.96,483.79
1788891060000000000,2026-09-08T18:11:00Z,free response,1.593,5.511,79.1,44.3,0.0,6.63,1193.06,1,Starting,1254.2,466.77
1788891120000000000,2026-09-08T18:12:00Z,free response,1.629,5.508,71.94,453.15,0.0,6.64,1083.43,1,Starting,1296.43,452.97
1788891180000000000,2026-09-08T18:13:00Z,free response,1.634,5.449,77.69,253.19,0.0,6.68,1163.02,1,Starting,1307.14,467.29
1788891240000000000,2026-09-08T18:14:00Z,free response,1.629,5.501,72.94,498.89,0.0,7.0,1042.0,1,Starting,1301.97,452.6
1788891300000000000,2026-09-08T18:15:00Z,free response,1.723,5.443,72.23,380.26,0.0,7.64,945.42,1,Starting,1349.11,435.13
1788891360000000000,2026-09-08T18:16:00Z,free response,1.707,5.451,66.65,126.97,0.0,7.73,862.23,2,Starting,1386.97,436.44
1788891420000000000,2026-09-08T18:17:00Z,free response,1.774,5.469,69.49,254.93,0.0,9.37,741.62,2,Starting,1382.37,445.29
1788891480000000000,2026-09-08T18:18:00Z,free response,1.766,5.422,70.32,249.28,0.0,8.4,837.14,3,Starting,1338.76,434.04
1788891540000000000,2026-09-08T18:19:00Z,free response,1.705,5.399,67.52,323.66,0.0,8.08,835.64,3,Starting,1331.65,429.03
1788891600000000000,2026-09-08T18:20:00Z,free response,1.697,5.349,65.58,126.34,0.0,8.33,787.27,1,Starting,1348.01,444.88
1788891660000000000,2026-09-08T18:21:00Z,free response,1.721,5.38,71.14,490.42,0.0,7.73,920.31,2,Starting,1340.47,439.5
1788891720000000000,2026-09-08T18:22:00Z,free response,1.679,5.334,75.84,111.86,0.0,7.36,1030.43,3,Starting,1320.87,459.39
1788891780000000000,2026-09-08T18:23:00Z,free response,1.698,5.391,68.47,498.49,0.0,8.24,830.95,2,Starting,1306.12,482.52
1788891840000000000,2026-09-08T18:24:00Z,free response,1.747,5.419,65.41,52.96,0.0,7.9,827.97,2,Starting,1284.67,453.47
1788891900000000000,2026-09-08T18:25:00Z,free response,1.736,5.45,63.54,324.99,0.0,7.43,855.18,1,Starting,1333.97,476.68
1788891960000000000,2026-09-08T18:26:00Z,free response,1.709,5.402,63.37,41.24,0.0,8.67,730.91,2,Starting,1341.04,468.45
1788892020000000000,2026-09-08T18:27:00Z,free response,1.751,5.357,69.31,332.43,0.0,7.58,914.38,3,Starting,1332.55,454.08
1788892080000000000,2026-09-08T18:28:00Z,free response,1.811,5.356,70.59,361.45,0.0,9.15,771.48,1,Starting,1373.84,470.48
1788892140000000000,2026-09-08T18:29:00Z,free response,1.843,5.406,75.04,325.98,0.0,9.42,796.6,2,Starting,1345.5,446.54
1788892200000000000,2026-09-08T18:30:00Z,free response,1.799,5.392,81.94,224.64,0.0,8.48,966.27,1,Starting,1296.29,440.41
1788892260000000000,2026-09-08T18:31:00Z,free response,1.832,5.38,80.86,220.08,0.0,9.59,843.17,3,Starting,1287.91,415.55
1788892320000000000,2026-09-08T18:32:00Z,free response,1.86,5.466,72.87,584.5,0.0,8.8,828.07,2,Starting,1297.89,421.98
1788892380000000000,2026-09-08T18:33:00Z,free response,1.846,5.457,76.75,274.36,0.0,9.55,803.66,2,Starting,1315.85,412.47
1788892440000000000,2026-09-08T18:34:00Z,free response,1.844,5.408,72.46,51.77,0.0,8.76,827.17,1,Starting,1358.85,407.9
1788892500000000000,2026-09-08T18:35:00Z,free response,1.852,5.426,71.59,336.4,0.0,8.83,810.76,2,Starting,1309.64,405.82
1788892560000000000,2026-09-08T18:36:00Z,free response,1.853,5.41,76.8,534.51,0.0,9.38,818.76,1,Starting,1281.57,422.53
1788892620000000000,2026-09-08T18:37:00Z,free response,1.897,5.458,77.79,503.69,0.0,9.06,858.61,1,Starting,1312.09,442.66
1788892680000000000,2026-09-08T18:38:00Z,free response,1.898,5.492,84.68,349.2,0.0,9.48,893.25,1,Off,1327.64,444.12
1788892740000000000,2026-09-08T18:39:00Z,free response,1.796,5.46,91.27,124.37,0.0,8.98,1016.37,2,Off,1353.75,440.38
1788892800000000000,2026-09-08T18:40:00Z,free response,1.803,5.496,86.85,89.53,0.0,8.7,998.28,1,Off,1321.03,421.92
1788892860000000000,2026-09-08T18:41:00Z,free response,1.806,5.468,79.08,177.09,0.0,8.97,881.61,1,Off,1286.02,449.86
1788892920000000000,2026-09-08T18:42:00Z,free response,1.849,5.405,71.35,83.08,0.0,8.34,855.52,3,Off,1330.24,449.99
1788892980000000000,2026-09-08T18:43:00Z,free response,1.822,5.403,71.76,151.82,0.0,8.57,837.34,1,Off,1373.91,458.45
1788893040000000000,2026-09-08T18:44:00Z,free response,1.927,5.409,68.75,456.77,0.0,10.95,627.85,2,Off,1388.59,486.31
1788893100000000000,2026-09-08T18:45:00Z,free response,1.935,5.557,69.08,315.61,0.0,10.32,669.38,2,Off,1103.24,645.77
1788893160000000000,2026-09-08T18:46:00Z,free response,1.937,5.569,63.18,392.22,0.0,11.22,563.1,3,Off,1078.25,666.46
1788893220000000000,2026-09-08T18:47:00Z,free response,1.927,5.605,64.14,293.52,0.0,10.42,615.55,2,Off,1030.36,676.55
1788893280000000000,2026-09-08T18:48:00Z,free response,1.83,5.55,59.51,352.59,0.0,8.78,677.79,3,Off,1036.51,676.32
1788893340000000000,2026-09-08T18:49:00Z,free response,1.738,5.517,55.15,113.09,0.0,8.35,660.48,2,Off,1066.78,697.49
1788893400000000000,2026-09-08T18:50:00Z,free response,1.785,5.549,59.95,531.33,0.0,8.91,672.84,1,Off,1057.99,670.62
1788893460000000000,2026-09-08T18:51:00Z,free response,1.785,5.658,58.49,481.25,0.0,9.22,634.38,3,Off,1052.56,691.15
1788893520000000000,2026-09-08T18:52:00Z,free response,1.785,5.671,53.07,335.63,0.0,9.57,554.55,2,Off,1084.42,709.11
1788893580000000000,2026-09-08T18:53:00Z,free response,1.842,5.618,53.7,217.19,0.0,8.8,610.23,3,Off,1091.1,723.44
1788893640000000000,2026-09-08T18:54:00Z,free response,1.838,5.547,54.08,243.27,0.0,9.43,573.49,1,Off,1087.33,734.4
1788893700000000000,2026-09-08T18:55:00Z,free response,1.8,5.563,55.64,305.09,0.0,9.34,595.72,2,Off,1133.29,719.78
1788893760000000000,2026-09-08T18:56:00Z,free response,1.78,5.536,59.53,454.68,0.0,9.16,649.89,2,Off,1165.38,732.33
1788893820000000000,2026-09-08T18:57:00Z,free response,1.771,5.575,61.6,467.95,0.0,8.1,760.49,3,Off,1212.21,725.51
1788893880000000000,2026-09-08T18:58:00Z,free response,1.695,5.491,62.8,538.76,0.0,7.26,865.01,3,Off,1213.91,718.53
1788893940000000000,2026-09-08T18:59:00Z,free response,1.793,5.553,64.27,570.74,0.0,8.27,777.15,2,Off,1233.65,728.59
1788894000000000000,2026-09-08T19:00:00Z,free response,1.849,5.541,61.2,167.43,0.0,10.04,609.56,2,Off,1189.94,723.94
1788894060000000000,2026-09-08T19:01:00Z,free response,1.84,5.618,64.51,110.09,0.0,10.22,631.21,2,Off,1209.18,703.08
1788894120000000000,2026-09-08T19:02:00Z,free response,1.897,5.585,61.75,290.23,0.0,10.17,607.18,3,Off,1222.62,674.79
1788894180000000000,2026-09-08T19:03:00Z,free response,1.852,5.621,67.2,255.3,0.0,10.22,657.53,2,Off,1212.47,652.06
1788894240000000000,2026-09-08T19:04:00Z,free response,1.83,5.586,63.36,433.22,0.0,8.67,730.8,1,Off,1167.06,670.94
1788894300000000000,2026-09-08T19:05:00Z,free response,1.807,5.483,66.58,160.8,0.0,9.51,700.11,1,Off,1148.38,644.37
1788894360000000000,2026-09-08T19:06:00Z,free response,1.799,5.493,72.36,561.33,0.0,9.28,779.74,2,Off,1133.88,625.23
1788894420000000000,2026-09-08T19:07:00Z,free response,1.752,5.557,72.3,565.42,0.0,8.28,873.19,3,Off,1126.04,616.6
1788894480000000000,2026-09-08T19:08:00Z,free response,1.734,5.524,69.3,463.01,0.0,7.48,926.47,1,Off,1116.19,640.85
1788894540000000000,2026-09-08T19:09:00Z,free response,1.744,5.509,65.76,515.09,0.0,8.81,746.42,3,Off,994.09,803.62
1788894600000000000,2026-09-08T19:10:00Z,free response,1.746,5.543,66.91,465.98,0.0,8.07,829.12,1,Off,983.44,797.89
1788894660000000000,2026-09-08T19:11:00Z,free response,1.676,5.597,63.14,321.45,0.0,8.4,751.67,1,Off,970.6,778.85
1788894720000000000,2026-09-08T19:12:00Z,free response,1.705,5.652,59.29,353.06,0.0,8.77,676.05,2,Off,1019.06,786.05
1788894780000000000,2026-09-08T19:13:00Z,free response,1.648,5.617,62.85,558.0,0.0,7.42,847.04,3,Off,1000.32,802.36
1788894840000000000,2026-09-08T19:14:00Z,free response,1.619,5.556,56.64,429.13,0.0,7.26,780.17,1,Off,1025.6,799.07
1788894900000000000,2026-09-08T19:15:00Z,free response,1.668,5.577,60.37,519.96,0.0,7.71,783.01,3,Off,1033.07,822.81
1788894960000000000,2026-09-08T19:16:00Z,free response,1.746,5.502,66.02,532.98,0.0,9.12,723.9,2,Off,1081.63,832.24
1788895020000000000,2026-09-08T19:17:00Z,free response,1.681,5.624,62.76,171.53,0.0,7.55,831.26,2,Off,1072.09,817.68
1788895080000000000,2026-09-08T19:18:00Z,free response,1.714,5.629,59.33,114.83,0.0,8.57,692.3,2,Off,1055.61,809.74
1788895140000000000,2026-09-08T19:19:00Z,free response,1.766,5.648,58.18,482.58,0.0,9.55,609.21,3,Off,1071.06,780.23
1788895200000000000,2026-09-08T19:20:00Z,free response,1.831,5.508,62.29,455.43,0.0,9.35,666.2,2,Off,1023.88,807.01
1788895260000000000,2026-09-08T19:21:00Z,free response,1.843,5.546,66.33,297.43,0.0,8.49,781.27,2,Off,999.31,795.38
1788895320000000000,2026-09-08T19:22:00Z,free response,1.805,5.538,69.54,35.45,0.0,8.93,778.72,3,Off,988.91,766.63
1788895380000000000,2026-09-08T19:23:00Z,free response,1.774,5.636,63.74,20.89,0.0,8.41,757.91,3,Off,1034.53,783.94
1788895440000000000,2026-09-08T19:24:00Z,free response,1.815,5.602,59.74,490.27,0.0,8.88,672.75,1,Off,1069.18,765.67
1788895500000000000,2026-09-08T19:25:00Z,free response,1.802,5.628,54.87,11.33,0.0,9.62,570.37,1,Off,1059.25,753.04
1788895560000000000,2026-09-08T19:26:00Z,free response,1.807,5.668,49.51,271.82,0.0,8.46,585.22,1,Off,1086.16,775.59
1788895620000000000,2026-09-08T19:27:00Z,free response,1.821,5.6,46.97,583.79,0.0,8.94,525.39,2,Off,1119.95,762.42
1788895680000000000,2026-09-08T19:28:00Z,free response,1.766,5.514,42.91,364.48,0.0,8.32,515.75,2,Off,1165.49,760.26
1788895740000000000,2026-09-08T19:29:00Z,free response,1.776,5.559,44.59,535.47,0.0,8.31,536.58,1,Off,1146.59,778.95
1788895800000000000,2026-09-08T19:30:00Z,free response,1.743,5.516,42.27,423.7,0.0,7.93,533.04,1,Off,1132.52,767.28
1788895860000000000,2026-09-08T19:31:00Z,free response,1.702,5.453,44.72,142.77,0.0,7.99,559.7,2,Off,1150.77,755.66
1788895920000000000,2026-09-08T19:32:00Z,free response,1.698,5.539,43.92,529.06,0.0,8.36,525.36,1,Off,1195.4,755.94
1788895980000000000,2026-09-08T19:33:00Z,free response,1.665,5.56,44.98,61.99,0.0,8.26,544.55,3,Off,1160.68,741.79
1788896040000000000,2026-09-08T19:34:00Z,free response,1.654,5.665,44.21,102.46,0.0,7.3,605.62,3,Off,1165.87,737.35
1788896100000000000,2026-09-08T19:35:00Z,free response,1.611,5.733,40.05,534.92,0.0,8.1,494.44,2,Off,1181.58,707.9
1788896160000000000,2026-09-08T19:36:00Z,free response,1.642,5.782,42.64,578.0,0.0,7.1,600.56,3,Off,1229.55,682.23
1788896220000000000,2026-09-08T19:37:00Z,free response,1.641,5.804,45.2,386.14,0.0,8.12,556.65,2,Off,1252.73,711.59
1788896280000000000,2026-09-08T19:38:00Z,free response,1.575,5.744,48.21,448.6,0.0,7.06,682.86,2,Off,1205.08,738.69
1788896340000000000,2026-09-08T19:39:00Z,free response,1.531,5.756,49.93,469.91,0.0,6.38,782.6,3,Off,1226.75,754.37
1788896400000000000,2026-09-08T19:40:00Z,free response,1.579,5.873,51.77,1.11,0.0,7.59,682.08,1,Off,1261.25,782.84
1788896460000000000,2026-09-08T19:41:00Z,free response,1.551,5.88,47.85,270.29,0.0,7.59,630.43,3,Off,1229.15,788.41
1788896520000000000,2026-09-08T19:42:00Z,free response,1.56,5.828,51.1,390.0,0.0,7.47,684.07,1,Off,1199.78,798.4
1788896580000000000,2026-09-08T19:43:00Z,free response,1.598,5.743,50.65,386.55,0.0,7.58,668.21,2,Off,1241.54,804.57
1788896640000000000,2026-09-08T19:44:00Z,free response,1.612,5.747,53.05,535.46,0.0,6.88,771.08,3,Off,1213.49,795.39
1788896700000000000,2026-09-08T19:45:00Z,free response,1.658,5.661,50.17,591.59,0.0,7.67,654.11,3,Off,1181.27,792.21
1788896760000000000,2026-09-08T19:46:00Z,free response,1.712,5.588,48.57,152.32,0.0,8.27,587.3,2,Off,1180.71,770.48
1788896820000000000,2026-09-08T19:47:00Z,free response,1.726,5.64,45.12,69.34,0.0,8.48,532.08,3,Off,1162.96,769.32
1788896880000000000,2026-09-08T19:48:00Z,free response,1.794,5.577,49.29,199.25,0.0,9.13,539.87,2,Off,1148.38,777.2
1788896940000000000,2026-09-08T19:49:00Z,free response,1.802,5.624,53.2,529.55,0.0,8.86,600.45,1,Off,1124.86,767.03
1788897000000000000,2026-09-08T19:50:00Z,free response,1.741,5.747,53.35,99.91,0.0,8.43,632.86,3,Off,1157.96,795.85
1788897060000000000,2026-09-08T19:51:00Z,free response,1.726,5.751,52.42,42.32,0.0,8.93,587.01,2,Off,1196.96,810.22
1788897120000000000,2026-09-08T19:52:00Z,free response,1.717,5.658,55.62,528.81,0.0,8.54,651.29,3,Off,1229.35,817.55
1788897180000000000,2026-09-08T19:53:00Z,free response,1.682,5.594,56.71,17.18,0.0,8.31,682.43,1,Off,1231.46,829.84
1788897240000000000,2026-09-08T19:54:00Z,free response,1.733,5.611,59.41,226.49,0.0,8.71,682.09,2,Off,1217.47,801.47
1788897300000000000,2026-09-08T19:55:00Z,free response,1.745,5.563,60.5,339.85,0.0,8.36,723.68,2,Off,1229.95,791.07
1788897360000000000,2026-09-08T19:56:00Z,free response,1.715,5.524,55.02,541.5,0.0,8.68,633.87,1,Off,1241.21,770.15
1788897420000000000,2026-09-08T19:57:00Z,free response,1.712,5.5,58.19,146.74,0.0,8.67,671.16,2,Off,1207.25,752.86
1788897480000000000,2026-09-08T19:58:00Z,free response,1.733,5.519,63.45,375.57,0.0,8.28,766.3,1,Off,1167.86,775.62
1788897540000000000,2026-09-08T19:59:00Z,free response,1.711,5.448,60.39,546.17,0.0,8.62,700.58,1,Off,1171.11,805.58
1788897600000000000,2026-09-08T20:00:00Z,free response,1.722,5.625,60.51,341.46,0.0,8.78,689.18,2,Off,1158.55,834.46
1788897660000000000,2026-09-08T20:01:00Z,free response,1.711,5.716,55.07,276.55,0.0,7.82,704.22,2,On,1182.45,817.97
1788897720000000000,2026-09-08T20:02:00Z,free response,1.774,5.778,58.27,261.75,0.0,9.21,632.68,3,On,1158.69,821.55
1788897780000000000,2026-09-08T20:03:00Z,free response,1.758,5.887,52.49,544.4,0.0,8.94,587.14,3,On,1130.38,803.75
1788897840000000000,2026-09-08T20:04:00Z,free response,1.75,5.999,51.6,342.74,0.0,8.91,579.12,1,On,1165.77,820.01
1788897900000000000,2026-09-08T20:05:00Z,free response,1.815,5.943,49.69,281.13,0.0,10.14,490.04,2,On,1116.28,791.58
1788897960000000000,2026-09-08T20:06:00Z,free response,1.875,5.994,53.18,204.58,0.0,11.0,483.45,3,On,1121.85,815.15
1788898020000000000,2026-09-08T20:07:00Z,free response,1.885,6.12,56.58,168.13,0.0,9.92,570.36,2,On,1158.15,836.19
1788898080000000000,2026-09-08T20:08:00Z,free response,1.747,6.02,55.25,190.52,0.0,9.11,606.48,3,On,1190.51,840.92
1788898140000000000,2026-09-08T20:09:00Z,free response,1.81,6.014,59.82,415.5,0.0,8.87,674.41,1,On,1168.8,853.1
1788898200000000000,2026-09-08T20:10:00Z,free response,1.771,6.074,59.03,447.93,0.0,10.43,565.96,1,On,1147.17,843.33
1788898260000000000,2026-09-08T20:11:00Z,free response,1.832,6.122,54.08,249.29,0.0,9.9,546.26,3,On,1186.57,834.13
1788898320000000000,2026-09-08T20:12:00Z,free response,1.877,6.081,54.75,316.28,0.0,11.52,475.26,1,On,1186.75,819.56
1788898380000000000,2026-09-08T20:13:00Z,free response,1.825,6.039,58.67,63.9,0.0,10.44,561.97,1,On,1218.03,819.87
1788898440000000000,2026-09-08T20:14:00Z,free response,1.814,6.002,56.12,25.36,0.0,9.32,602.15,2,On,1245.36,831.18
1788898500000000000,2026-09-08T20:15:00Z,free response,1.734,5.988,51.7,98.84,0.0,8.58,602.56,1,On,1282.95,825.15
1788898560000000000,2026-09-08T20:16:00Z,free response,1.727,6.028,47.27,37.32,0.0,9.87,478.93,3,On,1301.03,810.73
1788898620000000000,2026-09-08T20:17:00Z,free response,1.748,5.95,45.07,398.87,0.0,8.4,536.55,2,On,1306.15,835.98
1788898680000000000,2026-09-08T20:18:00Z,free response,1.722,5.904,45.1,243.1,0.0,8.68,519.59,3,On,1342.35,813.27
1788898740000000000,2026-09-08T20:19:00Z,free response,1.826,5.897,44.82,40.03,0.0,9.78,458.28,1,On,1306.84,808.12
1788898800000000000,2026-09-08T20:20:00Z,free response,1.814,5.958,45.28,377.66,0.0,10.33,438.33,3,On,1281.82,804.25
1788898860000000000,2026-09-08T20:21:00Z,free response,1.858,5.967,41.02,288.4,0.0,9.64,425.52,1,On,790.05,729.74
1788898920000000000,2026-09-08T20:22:00Z,free response,1.874,5.989,44.94,566.69,0.0,9.51,472.56,2,On,807.08,718.12
1788898980000000000,2026-09-08T20:23:00Z,free response,1.88,5.956,43.39,567.8,0.0,10.74,404.0,3,On,786.46,715.12
1788899040000000000,2026-09-08T20:24:00Z,free response,1.858,5.887,46.3,328.29,0.0,9.47,488.91,1,On,742.39,695.95
1788899100000000000,2026-09-08T20:25:00Z,free response,1.911,5.856,50.75,180.24,0.0,9.88,513.66,1,On,699.32,707.8
1788899160000000000,2026-09-08T20:26:00Z,free response,1.908,5.771,49.56,69.32,0.0,11.36,436.27,1,On,692.12,692.18
1788899220000000000,2026-09-08T20:27:00Z,free response,1.926,5.759,48.55,48.63,0.0,11.14,435.82,3,On,689.97,704.87
1788899280000000000,2026-09-08T20:28:00Z,free response,1.893,5.761,52.19,369.91,0.0,11.03,473.16,2,On,667.84,698.8
1788899340000000000,2026-09-08T20:29:00Z,free response,1.981,5.716,50.94,343.01,0.0,12.15,419.26,2,On,679.85,710.48
1788899400000000000,2026-09-08T20:30:00Z,free response,1.954,5.732,55.27,238.3,0.0,11.71,471.99,2,On,689.34,691.98
1788899460000000000,2026-09-08T20:31:00Z,free response,1.988,5.688,58.12,486.17,0.0,11.61,500.6,3,On,710.3,686.05
1788899520000000000,2026-09-08T20:32:00Z,free response,1.992,5.71,63.24,136.3,0.0,11.34,557.67,1,On,716.61,660.59
1788899580000000000,2026-09-08T20:33:00Z,free response,1.974,5.59,63.55,85.97,0.0,10.0,635.5,1,On,733.66,654.73
1788899640000000000,2026-09-08T20:34:00Z,free response,1.898,5.63,60.11,335.34,0.0,9.67,621.61,3,On,730.42,635.98
1788899700000000000,2026-09-08T20:35:00Z,free response,1.91,5.679,56.33,265.45,0.0,10.38,542.68,3,On,774.43,641.24
1788899760000000000,2026-09-08T20:36:00Z,free response,1.905,5.721,56.92,429.89,0.0,10.51,541.58,2,On,822.54,647.89
1788899820000000000,2026-09-08T20:37:00Z,free response,1.89,5.728,62.09,177.99,0.0,11.09,559.87,2,On,798.27,637.16
1788899880000000000,2026-09-08T20:38:00Z,free response,1.796,5.725,58.51,227.35,0.0,9.04,647.23,2,On,772.83,630.36
1788899940000000000,2026-09-08T20:39:00Z,free response,1.81,5.825,57.83,318.92,0.0,9.26,624.51,3,On,795.29,616.32
1788900000000000000,2026-09-08T20:40:00Z,free response,1.863,5.79,54.5,143.58,0.0,9.72,560.7,2,On,776.0,607.82
1788900060000000000,2026-09-08T20:41:00Z,free response,1.79,5.799,53.58,272.58,0.0,10.15,527.88,1,On,824.29,617.59
1788900120000000000,2026-09-08T20:42:00Z,free response,1.817,5.905,51.15,598.16,0.0,9.77,523.54,3,On,678.85,695.33
1788900180000000000,2026-09-08T20:43:00Z,free response,1.89,5.826,53.01,4.09,0.0,10.4,509.71,3,On,672.21,686.28
1788900240000000000,2026-09-08T20:44:00Z,free response,1.916,5.826,48.56,42.75,0.0,11.18,434.35,1,On,711.15,689.07
1788900300000000000,2026-09-08T20:45:00Z,free response,1.927,5.915,53.4,511.56,0.0,10.03,532.4,1,On,747.24,691.02
1788900360000000000,2026-09-08T20:46:00Z,free response,1.922,6.003,48.99,100.37,0.0,10.52,465.68,2,On,756.68,663.78
1788900420000000000,2026-09-08T20:47:00Z,free response,1.995,6.063,47.59,440.5,0.0,13.12,362.73,1,On,806.21,642.44
1788900480000000000,2026-09-08T20:48:00Z,free response,1.967,6.051,52.12,517.98,0.0,11.27,462.47,3,On,820.42,657.67
1788900540000000000,2026-09-08T20:49:00Z,free response,1.979,6.108,51.67,167.75,0.0,11.06,467.18,3,On,782.47,658.63
1788900600000000000,2026-09-08T20:50:00Z,free response,1.974,6.14,53.62,105.29,0.0,12.03,445.72,2,On,829.04,653.54
1788900660000000000,2026-09-08T20:51:00Z,free response,1.91,6.093,57.94,32.16,0.0,10.47,553.39,1,On,858.66,631.45
1788900720000000000,2026-09-08T20:52:00Z,free response,1.873,6.172,57.92,544.06,0.0,10.3,562.33,1,On,824.29,602.58
1788900780000000000,2026-09-08T20:53:00Z,free response,1.85,6.263,60.33,116.83,0.0,11.58,520.98,3,On,778.24,616.15
1788900840000000000,2026-09-08T20:54:00Z,free response,1.819,6.208,56.97,344.71,0.0,10.36,549.9,2,On,794.8,626.87
1788900900000000000,2026-09-08T20:55:00Z,free response,1.774,6.203,56.82,147.42,0.0,9.2,617.61,2,On,1468.22,915.16
1788900960000000000,2026-09-08T20:56:00Z,free response,1.849,6.311,53.68,137.65,0.0,11.77,456.07,1,On,1488.09,888.48
1788901020000000000,2026-09-08T20:57:00Z,free response,1.838,6.3,58.6,197.18,0.0,10.35,566.18,2,On,1481.99,888.16
1788901080000000000,2026-09-08T20:58:00Z,free response,1.865,6.339,57.29,98.54,0.0,10.05,570.05,2,On,1455.52,888.93
1788901140000000000,2026-09-08T20:59:00Z,free response,1.877,6.32,54.86,594.61,0.0,10.33,531.07,1,On,1444.03,879.94
1788901200000000000,2026-09-08T21:00:00Z,free response,1.865,6.275,53.01,445.98,0.0,11.84,447.72,2,On,1403.48,907.7
1788901260000000000,2026-09-08T21:01:00Z,free response,1.834,6.13,52.78,375.4,0.0,10.12,521.54,2,On,1401.01,915.71
1788901320000000000,2026-09-08T21:02:00Z,free response,1.864,6.008,54.51,496.34,0.0,10.58,515.22,3,On,1372.13,891.34
1788901380000000000,2026-09-08T21:03:00Z,free response,1.801,6.053,58.27,550.92,0.0,9.39,620.55,2,On,1328.63,866.08
1788901440000000000,2026-09-08T21:04:00Z,free response,1.786,6.023,54.69,239.67,0.0,10.18,537.23,3,On,1312.47,842.08
1788901500000000000,2026-09-08T21:05:00Z,free response,1.797,5.962,56.07,127.52,0.0,9.6,584.06,3,On,1270.83,840.34
1788901560000000000,2026-09-08T21:06:00Z,free response,1.809,5.937,51.52,332.33,0.0,9.43,546.34,2,On,1274.72,823.99
1788901620000000000,2026-09-08T21:07:00Z,free response,1.81,6.021,55.58,577.12,0.0,8.98,618.93,2,On,1235.57,845.22
1788901680000000000,2026-09-08T21:08:00Z,free response,1.81,6.044,55.0,428.65,0.0,9.57,574.71,1,On,1230.74,839.79
1788901740000000000,2026-09-08T21:09:00Z,free response,1.691,5.955,52.44,377.37,0.0,8.63,607.65,2,On,1183.48,856.06
1788901800000000000,2026-09-08T21:10:00Z,free response,1.738,5.876,49.22,52.24,0.0,9.72,506.38,3,On,1199.49,873.24
1788901860000000000,2026-09-08T21:11:00Z,free response,1.724,5.923,53.06,582.77,0.0,8.28,640.82,2,On,1222.44,892.45
1788901920000000000,2026-09-08T21:12:00Z,free response,1.702,5.933,57.25,243.31,0.0,8.61,664.92,1,On,1231.04,894.2
1788901980000000000,2026-09-08T21:13:00Z,free response,1.756,5.851,57.31,246.09,0.0,8.98,638.2,1,On,1253.21,876.45
1788902040000000000,2026-09-08T21:14:00Z,free response,1.719,5.801,52.05,157.84,0.0,8.52,610.92,1,On,1258.82,884.81
1788902100000000000,2026-09-08T21:15:00Z,free response,1.632,5.738,47.16,30.77,0.0,8.26,570.94,1,On,1280.74,877.98
1788902160000000000,2026-09-08T21:16:00Z,free response,1.604,5.638,42.63,305.49,0.0,7.96,535.55,1,On,1348.88,855.97
1788902220000000000,2026-09-08T21:17:00Z,free response,1.591,5.678,41.86,224.28,0.0,7.1,589.58,1,On,1315.3,850.07
1788902280000000000,2026-09-08T21:18:00Z,free response,1.536,5.714,42.66,239.06,0.0,7.25,588.41,3,On,1365.23,834.28
1788902340000000000,2026-09-08T21:19:00Z,free response,1.521,5.756,45.04,118.46,0.0,6.8,662.35,2,On,1360.72,851.47
1788902400000000000,2026-09-08T21:20:00Z,free response,1.548,5.695,49.17,399.1,0.0,6.65,739.4,2,On,1326.18,855.94
1788902460000000000,2026-09-08T21:21:00Z,free response,1.617,5.698,49.8,59.19,0.0,7.54,660.48,3,On,1364.31,874.56
1788902520000000000,2026-09-08T21:22:00Z,free response,1.704,5.755,49.39,38.77,0.0,7.63,647.31,1,On,1367.7,901.07
1788902580000000000,2026-09-08T21:23:00Z,free response,1.705,5.801,53.12,496.7,0.0,9.12,582.46,1,On,1337.84,916.52
1788902640000000000,2026-09-08T21:24:00Z,free response,1.642,5.705,55.26,72.59,0.0,7.76,712.11,2,On,1381.64,903.5
1788902700000000000,2026-09-08T21:25:00Z,free response,1.696,5.697,58.97,414.62,0.0,7.54,782.1,1,On,1372.37,897.12
1788902760000000000,2026-09-08T21:26:00Z,free response,1.69,5.737,56.1,66.43,0.0,8.1,692.59,1,On,1329.46,911.71
1788902820000000000,2026-09-08T21:27:00Z,free response,1.616,5.633,55.5,554.52,0.0,7.9,702.53,2,On,1363.45,910.86
1788902880000000000,2026-09-08T21:28:00Z,free response,1.657,5.52,51.11,296.03,0.0,7.83,652.75,1,On,1371.38,913.7
1788902940000000000,2026-09-08T21:29:00Z,free response,1.645,5.46,50.21,98.43,0.0,6.65,755.04,3,On,1343.09,888.27
1788903000000000000,2026-09-08T21:30:00Z,free response,1.634,5.498,52.04,30.67,0.0,7.08,735.03,1,On,1331.51,894.69
1788903060000000000,2026-09-08T21:31:00Z,free response,1.668,5.492,47.15,591.24,0.0,7.84,601.4,3,On,1344.28,880.57
1788903120000000000,2026-09-08T21:32:00Z,free response,1.652,5.506,43.67,405.01,0.0,7.08,616.81,3,On,1307.17,866.37
1788903180000000000,2026-09-08T21:33:00Z,free response,1.693,5.476,41.92,583.89,0.0,7.93,528.63,1,Starting,1392.98,830.92
1788903240000000000,2026-09-08T21:34:00Z,free response,1.735,5.487,37.82,518.04,0.0,8.85,427.34,3,Starting,1376.92,826.52
1788903300000000000,2026-09-08T21:35:00Z,free response,1.801,5.5,36.74,484.07,0.0,8.7,422.3,2,Starting,1330.62,807.55
1788903360000000000,2026-09-08T21:36:00Z,free response,1.877,5.459,33.68,404.11,0.0,10.48,321.37,3,Starting,1305.75,813.28
1788903420000000000,2026-09-08T21:37:00Z,free response,1.849,5.474,30.86,267.08,0.0,8.7,354.71,1,Starting,1274.38,839.82
1788903480000000000,2026-09-08T21:38:00Z,free response,1.822,5.454,29.19,312.99,0.0,8.67,336.68,2,Starting,1253.86,824.47
1788903540000000000,2026-09-08T21:39:00Z,free response,1.823,5.462,30.22,399.35,0.0,8.91,339.17,3,Starting,1204.06,842.51
1788903600000000000,2026-09-08T21:40:00Z,free response,1.846,5.442,28.55,318.1,0.0,8.83,323.33,3,Starting,1221.83,860.62
1788903660000000000,2026-09-08T21:41:00Z,free response,1.851,5.508,27.04,175.53,0.0,9.85,274.52,1,Starting,1213.53,874.7
1788903720000000000,2026-09-08T21:42:00Z,free response,1.776,5.491,26.65,362.9,0.0,8.78,303.53,2,Starting,1215.25,860.25
1788903780000000000,2026-09-08T21:43:00Z,free response,1.761,5.57,28.09,111.87,0.0,8.72,322.13,3,Starting,1207.34,849.27
1788903840000000000,2026-09-08T21:44:00Z,free response,1.881,5.56,28.83,124.04,0.0,9.48,304.11,1,Starting,1231.8,842.2
1788903900000000000,2026-09-08T21:45:00Z,free response,1.815,5.598,30.28,326.03,0.0,9.23,328.06,2,Starting,1261.2,865.82
1788903960000000000,2026-09-08T21:46:00Z,free response,1.833,5.615,32.51,108.29,0.0,8.65,375.84,3,Starting,1274.44,891.01
1788904020000000000,2026-09-08T21:47:00Z,free response,1.843,5.581,29.78,503.75,0.0,10.23,291.1,1,Starting,1301.97,870.8
1788904080000000000,2026-09-08T21:48:00Z,free response,1.876,5.63,31.42,386.21,0.0,9.32,337.12,3,Starting,1306.44,873.95
1788904140000000000,2026-09-08T21:49:00Z,free response,1.799,5.706,34.31,475.26,0.0,9.95,344.82,3,Starting,1341.42,900.95
1788904200000000000,2026-09-08T21:50:00Z,free response,1.757,5.669,31.58,420.79,0.0,9.45,334.18,2,Starting,1362.79,912.52
1788904260000000000,2026-09-08T21:51:00Z,free response,1.803,5.66,29.31,496.06,0.0,8.7,336.9,3,Starting,1378.11,910.37
1788904320000000000,2026-09-08T21:52:00Z,free response,1.78,5.694,28.29,279.48,0.0,9.17,308.51,2,Starting,1393.88,928.08
1788904380000000000,2026-09-08T21:53:00Z,free response,1.728,5.711,28.04,481.7,0.0,8.94,313.65,2,Starting,1366.14,901.48
1788904440000000000,2026-09-08T21:54:00Z,free response,1.659,5.604,27.06,134.29,0.0,7.61,355.58,2,Starting,1386.13,875.51
1788904500000000000,2026-09-08T21:55:00Z,free response,1.625,5.635,24.59,66.4,0.0,7.48,328.74,1,Starting,1338.38,846.26
1788904560000000000,2026-09-08T21:56:00Z,free response,1.615,5.554,24.07,119.41,0.0,7.05,341.42,3,Starting,1379.19,847.94
1788904620000000000,2026-09-08T21:57:00Z,free response,1.631,5.59,23.18,192.75,0.0,7.26,319.28,3,Starting,1349.01,861.41
1788904680000000000,2026-09-08T21:58:00Z,free response,1.655,5.638,22.3,354.28,0.0,7.62,292.65,2,Starting,988.91,840.97
1788904740000000000,2026-09-08T21:59:00Z,free response,1.632,5.686,20.94,527.21,0.0,7.49,279.57,2,Starting,1038.85,838.82
1788904800000000000,2026-09-08T22:00:00Z,free response,1.645,5.686,21.08,404.91,0.0,7.79,270.6,3,Starting,1048.81,812.54
1788904860000000000,2026-09-08T22:01:00Z,free response,1.605,5.661,19.27,8.24,0.0,6.62,291.09,2,Starting,1025.76,834.15
1788904920000000000,2026-09-08T22:02:00Z,free response,1.637,5.718,18.58,579.97,0.0,7.38,251.76,1,Starting,1061.32,856.41
1788904980000000000,2026-09-08T22:03:00Z,free response,1.609,5.728,19.05,563.27,0.0,6.99,272.53,1,Starting,1052.4,868.52
1788905040000000000,2026-09-08T22:04:00Z,free response,1.618,5.803,20.7,387.26,0.0,7.85,263.69,1,Starting,1036.88,868.75
1788905100000000000,2026-09-08T22:05:00Z,free response,1.687,5.801,21.89,273.28,0.0,8.73,250.74,1,Starting,1072.3,897.08
1788905160000000000,2026-09-08T22:06:00Z,free response,1.698,5.855,21.02,427.82,0.0,9.26,227.0,2,Starting,1094.89,894.13
1788905220000000000,2026-09-08T22:07:00Z,free response,1.654,5.838,19.29,494.54,0.0,7.53,256.18,3,Starting,1099.1,906.53
1788905280000000000,2026-09-08T22:08:00Z,free response,1.662,5.854,19.9,331.72,0.0,7.58,262.53,2,Starting,1146.16,922.62
1788905340000000000,2026-09-08T22:09:00Z,free response,1.68,5.744,20.95,381.1,0.0,8.22,254.87,1,Starting,1112.94,902.95
1788905400000000000,2026-09-08T22:10:00Z,free response,1.697,5.737,20.08,303.88,0.0,8.27,242.81,2,Starting,766.92,691.07
1788905460000000000,2026-09-08T22:11:00Z,free response,1.656,5.791,20.74,353.45,0.0,8.22,252.31,2,Starting,624.5,822.17
1788905520000000000,2026-09-08T22:12:00Z,free response,1.613,5.874,19.54,218.41,0.0,6.92,282.37,3,Starting,655.72,798.33
1788905580000000000,2026-09-08T22:13:00Z,free response,1.621,5.783,18.92,264.59,0.0,7.81,242.25,3,Starting,699.95,775.99
1788905640000000000,2026-09-08T22:14:00Z,free response,1.651,5.804,19.34,247.63,0.0,7.93,243.88,3,Starting,1049.51,400.06
1788905700000000000,2026-09-08T22:15:00Z,free response,1.761,5.919,19.97,469.78,0.0,8.47,235.77,3,Starting,1018.84,376.35
1788905760000000000,2026-09-08T22:16:00Z,free response,1.679,5.909,18.35,442.68,0.0,9.13,200.99,1,Starting,1055.38,402.88
1788905820000000000,2026-09-08T22:17:00Z,free response,1.695,5.952,18.51,209.81,0.0,8.05,229.94,2,Starting,1086.78,407.01
1788905880000000000,2026-09-08T22:18:00Z,free response,1.699,5.939,19.35,437.15,0.0,7.98,242.48,3,Starting,1061.94,383.55
1788905940000000000,2026-09-08T22:19:00Z,free response,1.743,6.02,20.96,298.9,0.0,9.03,232.12,1,Starting,1053.24,379.4
1788906000000000000,2026-09-08T22:20:00Z,free response,1.787,6.021,19.1,90.61,0.0,9.8,194.9,1,Starting,1032.37,400.66
1788906060000000000,2026-09-08T22:21:00Z,free response,1.751,6.006,19.65,456.46,0.0,9.54,205.97,1,Starting,1051.52,407.37
1788906120000000000,2026-09-08T22:22:00Z,free response,1.784,6.06,19.41,441.21,0.0,9.58,202.61,3,Starting,1076.44,379.04
1788906180000000000,2026-09-08T22:23:00Z,free response,1.758,6.018,17.78,406.72,0.0,8.73,203.67,3,Starting,1131.26,863.82
1788906240000000000,2026-09-08T22:24:00Z,free response,1.742,5.993,17.86,450.93,0.0,9.98,178.96,1,Starting,1119.93,842.57
1788906300000000000,2026-09-08T22:25:00Z,free response,1.726,5.98,16.72,416.4,0.0,8.55,195.56,1,Starting,1102.11,822.53
1788906360000000000,2026-09-08T22:26:00Z,free response,1.792,6.004,16.16,531.39,0.0,9.93,162.74,1,Starting,1133.11,793.55
1788906420000000000,2026-09-08T22:27:00Z,free response,1.817,6.032,15.55,424.03,0.0,9.68,160.64,1,Starting,1135.81,782.34
1788906480000000000,2026-09-08T22:28:00Z,free response,1.822,6.0,15.89,423.06,0.0,10.82,146.86,3,Starting,1099.03,802.78
1788906540000000000,2026-09-08T22:29:00Z,free response,1.781,6.003,17.3,369.92,0.0,8.63,200.46,3,Starting,1126.46,828.96
1788906600000000000,2026-09-08T22:30:00Z,free response,1.755,6.077,18.68,115.13,0.0,9.18,203.49,3,Starting,1086.91,818.69
1788906660000000000,2026-09-08T22:31:00Z,free response,1.732,6.116,19.96,97.18,0.0,8.58,232.63,3,Starting,1074.99,795.72
1788906720000000000,2026-09-08T22:32:00Z,free response,1.687,6.13,21.16,62.95,0.0,8.78,241.0,1,Starting,1106.32,770.52
1788906780000000000,2026-09-08T22:33:00Z,free response,1.692,6.072,21.75,537.56,0.0,8.63,252.03,2,Starting,1117.58,778.58
1788906840000000000,2026-09-08T22:34:00Z,free response,1.706,6.064,23.19,229.78,0.0,9.38,247.23,3,Starting,1087.72,792.27
1788906900000000000,2026-09-08T22:35:00Z,free response,1.674,6.126,25.27,419.39,0.0,8.89,284.25,1,Starting,1091.02,786.52
1788906960000000000,2026-09-08T22:36:00Z,free response,1.699,6.006,25.1,537.97,0.0,8.15,307.98,2,Starting,1129.27,793.14
1788907020000000000,2026-09-08T22:37:00Z,free response,1.754,6.021,24.77,525.04,0.0,8.73,283.73,1,Starting,1091.37,785.28
1788907080000000000,2026-09-08T22:38:00Z,free response,1.737,5.997,24.45,33.97,0.0,9.6,254.69,2,Starting,1124.41,767.32
1788907140000000000,2026-09-08T22:39:00Z,free response,1.741,5.991,22.75,540.37,0.0,8.49,267.96,1,Starting,1161.08,789.26
1788907200000000000,2026-09-08T22:40:00Z,free response,1.758,5.916,24.13,574.61,0.0,9.43,255.89,2,Starting,1186.53,815.32
1788907260000000000,2026-09-08T22:41:00Z,free response,1.799,5.83,25.49,0.88,0.0,9.3,274.09,2,Starting,1215.99,801.86
1788907320000000000,2026-09-08T22:42:00Z,free response,1.819,5.755,24.03,316.37,0.0,10.27,233.98,1,Starting,1260.63,815.8
1788907380000000000,2026-09-08T22:43:00Z,free response,1.916,5.8,23.97,415.51,0.0,11.03,217.32,2,Starting,1224.68,835.83
1788907440000000000,2026-09-08T22:44:00Z,free response,1.869,5.767,25.14,279.7,0.0,10.19,246.71,1,Starting,1228.4,823.91
1788907500000000000,2026-09-08T22:45:00Z,free response,1.8,5.71,24.97,184.34,0.0,8.98,278.06,1,Starting,1179.9,843.47
1788907560000000000,2026-09-08T22:46:00Z,free response,1.802,5.774,23.74,29.72,0.0,10.11,234.82,1,Starting,1300.53,737.76
1788907620000000000,2026-09-08T22:47:00Z,free response,1.783,5.719,25.19,465.33,0.0,9.0,279.89,3,Starting,1270.15,731.61
1788907680000000000,2026-09-08T22:48:00Z,free response,1.797,5.757,26.72,224.07,0.0,10.21,261.7,3,Starting,1226.42,761.32
1788907740000000000,2026-09-08T22:49:00Z,free response,1.876,5.814,25.68,585.03,0.0,10.1,254.26,1,Starting,1214.1,733.85
1788907800000000000,2026-09-08T22:50:00Z,free response,1.855,5.829,25.45,485.86,0.0,9.89,257.33,3,Starting,1169.92,707.08
1788907860000000000,2026-09-08T22:51:00Z,free response,1.85,5.862,25.81,168.28,0.0,9.61,268.57,1,Starting,1167.04,716.14
1788907920000000000,2026-09-08T22:52:00Z,free response,1.833,5.794,26.43,564.09,0.0,10.21,258.86,3,Starting,1119.38,733.9
1788907980000000000,2026-09-08T22:53:00Z,free response,1.827,5.798,25.71,200.4,0.0,8.81,291.83,1,Starting,1119.88,742.32
1788908040000000000,2026-09-08T22:54:00Z,free response,1.778,5.884,23.75,136.22,0.0,8.52,278.76,1,Starting,1090.3,720.46
1788908100000000000,2026-09-08T22:55:00Z,free response,1.808,5.845,25.59,284.89,0.0,9.7,263.81,3,Starting,1047.45,712.39
1788908160000000000,2026-09-08T22:56:00Z,free response,1.752,5.906,27.6,101.26,0.0,8.75,315.43,2,Starting,1025.58,709.48
1788908220000000000,2026-09-08T22:57:00Z,free response,1.778,5.798,25.24,271.61,0.0,8.61,293.15,3,Starting,1015.75,685.07
1788908280000000000,2026-09-08T22:58:00Z,free response,1.79,5.867,24.2,395.55,0.0,9.5,254.74,2,Starting,1025.68,668.13
1788908340000000000,2026-09-08T22:59:00Z,free response,1.841,5.86,22.73,164.41,0.0,9.95,228.44,3,Starting,997.48,670.58
1788908400000000000,2026-09-08T23:00:00Z,free response,1.86,5.816,20.59,273.6,0.0,10.57,194.8,2,Starting,960.26,641.44
1788908460000000000,2026-09-08T23:01:00Z,free response,1.785,5.805,18.54,358.12,0.0,8.94,207.38,2,Starting,967.7,614.14
1788908520000000000,2026-09-08T23:02:00Z,free response,1.793,5.761,18.07,496.7,0.0,8.64,209.14,1,Starting,971.39,630.25
1788908580000000000,2026-09-08T23:03:00Z,free response,1.823,5.744,18.93,117.63,0.0,9.75,194.15,3,Starting,954.31,601.46
1788908640000000000,2026-09-08T23:04:00Z,free response,1.791,5.736,19.43,84.12,0.0,8.98,216.37,1,Starting,1003.09,576.06
1788908700000000000,2026-09-08T23:05:00Z,free response,1.739,5.751,17.83,329.0,0.0,7.99,223.15,1,Starting,1003.99,588.61
1788908760000000000,2026-09-08T23:06:00Z,free response,1.725,5.73,17.34,321.41,0.0,8.79,197.27,2,Starting,962.17,603.25
1788908820000000000,2026-09-08T23:07:00Z,free response,1.749,5.691,16.64,19.73,0.0,9.34,178.16,3,Starting,1010.06,602.1
1788908880000000000,2026-09-08T23:08:00Z,free response,1.794,5.684,18.25,539.82,0.0,8.45,215.98,1,Starting,1002.22,589.96
1788908940000000000,2026-09-08T23:09:00Z,free response,1.724,5.704,16.68,270.89,0.0,9.29,179.55,3,Starting,1025.52,589.59
1788909000000000000,2026-09-08T23:10:00Z,free response,1.691,5.644,16.28,436.19,0.0,7.85,207.39,1,Starting,1025.87,577.54
1788909060000000000,2026-09-08T23:11:00Z,free response,1.733,5.695,15.62,271.51,0.0,7.88,198.22,3,Starting,1025.49,588.22
1788909120000000000,2026-09-08T23:12:00Z,free response,1.706,5.759,14.8,5.23,0.0,7.8,189.74,1,Starting,997.91,585.44
1788909180000000000,2026-09-08T23:13:00Z,free response,1.745,5.88,14.83,397.44,0.0,9.13,162.43,3,Starting,1000.82,558.0
1788909240000000000,2026-09-08T23:14:00Z,free response,1.796,5.941,15.07,547.92,0.0,9.14,164.88,2,Starting,1002.3,530.46
1788909300000000000,2026-09-08T23:15:00Z,free response,1.708,5.946,14.41,437.87,0.0,8.6,167.56,3,Starting,988.64,514.9
1788909360000000000,2026-09-08T23:16:00Z,free response,1.681,6.0,15.83,443.09,0.0,8.53,185.58,2,Starting,1037.42,501.69
1788909420000000000,2026-09-08T23:17:00Z,free response,1.649,6.048,14.78,234.1,0.0,8.32,177.64,1,Starting,1015.64,513.08
1788909480000000000,2026-09-08T23:18:00Z,free response,1.759,6.06,15.43,235.82,0.0,9.48,162.76,2,Starting,1064.14,486.11
1788909540000000000,2026-09-08T23:19:00Z,free response,1.744,6.015,15.88,190.19,0.0,8.82,180.05,2,Starting,1111.98,463.15
1788909600000000000,2026-09-08T23:20:00Z,free response,1.757,5.972,14.39,158.04,0.0,9.66,148.96,2,Starting,1151.37,450.75
1788909660000000000,2026-09-08T23:21:00Z,free response,1.802,5.88,14.79,313.24,0.0,9.11,162.35,2,Starting,1195.39,437.96
1788909720000000000,2026-09-08T23:22:00Z,free response,1.83,5.924,14.28,546.46,0.0,10.28,138.91,3,Starting,1170.58,416.98
1788909780000000000,2026-09-08T23:23:00Z,free response,1.874,5.834,14.01,231.58,0.0,9.56,146.55,2,Starting,1194.81,438.6
1788909840000000000,2026-09-08T23:24:00Z,free response,1.844,5.83,13.71,89.77,0.0,9.9,138.48,1,Starting,1144.98,466.05
1788909900000000000,2026-09-08T23:25:00Z,free response,1.9,5.884,12.53,1.53,0.0,10.48,119.56,1,Starting,1101.69,488.77
1788909960000000000,2026-09-08T23:26:00Z,free response,1.823,6.014,13.51,234.97,0.0,10.52,128.42,1,Starting,1119.63,481.9
1788910020000000000,2026-09-08T23:27:00Z,free response,1.836,6.055,14.81,214.7,0.0,10.33,143.37,2,Starting,1090.36,489.63
1788910080000000000,2026-09-08T23:28:00Z,free response,1.968,6.01,13.36,417.28,0.0,10.74,124.39,1,Starting,1136.44,467.93
1788910140000000000,2026-09-08T23:29:00Z,free response,2.054,6.042,14.61,11.22,0.0,13.75,106.25,2,Starting,1100.6,489.53
1788910200000000000,2026-09-08T23:30:00Z,free response,2.094,6.125,13.33,259.27,0.0,13.77,96.8,2,Starting,1100.77,491.56
1788910260000000000,2026-09-08T23:31:00Z,free response,2.122,6.053,12.99,277.64,0.0,14.38,90.33,3,Starting,1125.3,490.51
1788910320000000000,2026-09-08T23:32:00Z,free response,2.078,6.104,13.27,204.26,0.0,12.35,107.45,2,Starting,1314.94,988.34
1788910380000000000,2026-09-08T23:33:00Z,free response,2.089,6.146,13.1,64.68,0.0,12.09,108.35,1,Starting,1272.39,977.2
1788910440000000000,2026-09-08T23:34:00Z,free response,2.085,6.11,13.57,287.76,0.0,13.18,102.96,1,Starting,1277.67,947.25
1788910500000000000,2026-09-08T23:35:00Z,free response,2.018,6.09,14.56,537.38,0.0,11.59,125.63,2,Starting,1237.08,965.46
1788910560000000000,2026-09-08T23:36:00Z,free response,2.02,6.196,14.9,523.55,0.0,11.8,126.27,3,Starting,1202.81,952.14
1788910620000000000,2026-09-08T23:37:00Z,free response,1.959,6.307,16.04,164.96,0.0,12.75,125.8,2,Starting,1247.17,927.47
1788910680000000000,2026-09-08T23:38:00Z,free response,1.99,6.347,16.79,434.84,0.0,12.69,132.31,1,Starting,1210.95,918.95
1788910740000000000,2026-09-08T23:39:00Z,free response,1.957,6.354,15.38,432.35,0.0,12.43,123.73,1,On,1175.86,921.13
1788910800000000000,2026-09-08T23:40:00Z,free response,1.964,6.338,15.67,489.8,0.0,11.36,137.94,2,On,1337.84,854.38
1788910860000000000,2026-09-08T23:41:00Z,free response,1.989,6.386,14.84,561.51,0.0,12.17,121.94,2,On,1295.24,882.1
1788910920000000000,2026-09-08T23:42:00Z,free response,2.035,6.381,16.0,129.5,0.0,13.08,122.32,2,On,1252.39,859.16
1788910980000000000,2026-09-08T23:43:00Z,free response,2.019,6.293,16.16,482.68,0.0,11.54,140.03,2,On,1309.52,380.68
1788911040000000000,2026-09-08T23:44:00Z,free response,1.989,6.255,16.0,91.05,0.0,12.86,124.42,1,On,1266.81,379.56
1788911100000000000,2026-09-08T23:45:00Z,free response,1.964,6.215,15.05,109.37,0.0,11.01,136.69,3,On,1308.2,352.93
1788911160000000000,2026-09-08T23:46:00Z,free response,1.932,6.166,15.68,542.72,0.0,10.67,146.95,3,On,1340.09,372.52
1788911220000000000,2026-09-08T23:47:00Z,free response,1.928,6.14,14.7,113.56,0.0,11.27,130.43,2,On,1378.05,350.67
1788911280000000000,2026-09-08T23:48:00Z,free response,1.853,6.122,13.68,169.75,0.0,10.41,131.41,3,On,1380.98,372.02
1788911340000000000,2026-09-08T23:49:00Z,free response,1.805,6.055,12.46,524.66,0.0,9.45,131.85,2,On,1404.22,358.12
1788911400000000000,2026-09-08T23:50:00Z,free response,1.839,6.1,11.54,414.24,0.0,10.11,114.14,3,On,1426.5,387.19
1788911460000000000,2026-09-08T23:51:00Z,free response,1.835,6.126,11.36,486.66,0.0,10.15,111.92,1,On,1385.39,370.63
1788911520000000000,2026-09-08T23:52:00Z,free response,1.817,6.114,10.28,359.48,0.0,11.07,92.86,3,On,1419.33,387.19
1788911580000000000,2026-09-08T23:53:00Z,free response,1.817,6.116,9.72,158.3,0.0,9.31,104.4,3,On,1407.48,369.06
1788911640000000000,2026-09-08T23:54:00Z,free response,1.775,6.177,10.36,174.84,0.0,10.1,102.57,1,On,1406.91,358.03
1788911700000000000,2026-09-08T23:55:00Z,free response,1.804,6.019,9.98,410.91,0.0,9.63,103.63,3,On,869.77,741.81
1788911760000000000,2026-09-08T23:56:00Z,free response,1.751,5.966,10.93,82.55,0.0,9.56,114.33,3,On,906.24,721.02
1788911820000000000,2026-09-08T23:57:00Z,free response,1.756,6.008,11.88,360.51,0.0,9.24,128.57,1,On,933.44,723.89
1788911880000000000,2026-09-08T23:58:00Z,free response,1.757,5.95,11.81,362.63,0.0,9.57,123.41,3,On,956.26,747.01
1788911940000000000,2026-09-08T23:59:00Z,free response,1.769,5.953,12.71,26.64,0.0,8.93,142.33,3,On,946.1,769.78
