timestamp_ns,timestamp_iso,controller,hs,tp,avg_power,power_out,battery_pct,sea_state_energy,efficiency,peaks,nextwave,nextwave_error,nextwave_error_2
1789257600000000000,2026-09-13T00:00:00Z,controller 1,1.598,6.744,-1.16,187.91,0.0,8.12,-14.29,2,On,532.66,602.15
1789257660000000000,2026-09-13T00:01:00Z,controller 1,1.622,6.676,-1.05,118.71,0.0,8.62,-12.18,1,On,559.67,612.7
1789257720000000000,2026-09-13T00:02:00Z,controller 1,1.56,6.657,-1.06,425.83,0.0,7.96,-13.32,1,On,540.27,587.11
1789257780000000000,2026-09-13T00:03:00Z,controller 1,1.629,6.633,-0.99,204.35,0.0,8.63,-11.47,1,On,493.64,601.26
1789257840000000000,2026-09-13T00:04:00Z,controller 1,1.623,6.555,-0.99,239.75,0.0,8.41,-11.77,3,On,482.57,593.04
1789257900000000000,2026-09-13T00:05:00Z,controller 1,1.676,6.439,-0.92,367.57,0.0,8.57,-10.74,2,On,466.49,613.89
1789257960000000000,2026-09-13T00:06:00Z,controller 1,1.753,6.378,-0.89,32.88,0.0,10.32,-8.62,1,On,516.23,584.48
1789258020000000000,2026-09-13T00:07:00Z,controller 1,1.71,6.323,-0.85,388.2,0.0,10.11,-8.41,3,On,502.25,593.63
1789258080000000000,2026-09-13T00:08:00Z,controller 1,1.662,6.381,-0.87,211.2,0.0,9.45,-9.21,1,On,461.29,606.57
1789258140000000000,2026-09-13T00:09:00Z,controller 1,1.636,6.383,-0.8,201.09,0.0,7.71,-10.38,3,On,501.36,601.04
1789258200000000000,2026-09-13T00:10:00Z,controller 1,1.664,6.375,-0.79,402.88,0.0,8.61,-9.18,3,On,451.7,606.47
1789258260000000000,2026-09-13T00:11:00Z,controller 1,1.656,6.335,-0.83,491.55,0.0,8.5,-9.76,3,On,459.33,615.31
1789258320000000000,2026-09-13T00:12:00Z,controller 1,1.623,6.277,-0.81,414.94,0.0,8.89,-9.11,1,On,483.12,595.18
1789258380000000000,2026-09-13T00:13:00Z,controller 1,1.616,6.298,-0.85,211.89,0.0,8.23,-10.33,1,On,504.63,603.75
1789258440000000000,2026-09-13T00:14:00Z,controller 1,1.666,6.217,-0.82,248.43,0.0,7.81,-10.5,3,On,461.76,575.94
1789258500000000000,2026-09-13T00:15:00Z,controller 1,1.708,6.282,-0.89,526.53,0.0,8.26,-10.77,1,On,511.04,563.16
1789258560000000000,2026-09-13T00:16:00Z,controller 1,1.699,6.228,-0.82,504.7,0.0,9.43,-8.7,3,On,549.94,558.54
1789258620000000000,2026-09-13T00:17:00Z,controller 1,1.672,6.11,-0.78,2.69,0.0,8.15,-9.57,2,On,577.94,572.13
1789258680000000000,2026-09-13T00:18:00Z,controller 1,1.773,6.053,-0.85,331.97,0.0,9.87,-8.61,1,On,557.03,552.56
1789258740000000000,2026-09-13T00:19:00Z,controller 1,1.741,5.945,-0.86,181.98,0.0,9.19,-9.36,2,On,559.22,562.44
1789258800000000000,2026-09-13T00:20:00Z,controller 1,1.742,5.929,-0.91,593.95,0.0,8.16,-11.15,2,On,556.7,534.6
1789258860000000000,2026-09-13T00:21:00Z,controller 1,1.63,5.886,-0.97,436.11,0.0,8.29,-11.7,1,On,523.02,505.81
1789258920000000000,2026-09-13T00:22:00Z,controller 1,1.621,5.825,-0.97,377.92,0.0,7.43,-13.06,2,On,526.77,516.74
1789258980000000000,2026-09-13T00:23:00Z,controller 1,1.608,5.828,-0.89,273.5,0.0,6.87,-12.95,2,On,510.87,530.26
1789259040000000000,2026-09-13T00:24:00Z,controller 1,1.579,5.793,-0.88,90.1,0.0,7.31,-12.04,2,On,514.19,526.51
1789259100000000000,2026-09-13T00:25:00Z,controller 1,1.562,5.819,-0.96,542.28,0.0,6.49,-14.79,3,On,537.21,510.75
1789259160000000000,2026-09-13T00:26:00Z,controller 1,1.567,5.708,-1.02,370.51,0.0,6.68,-15.27,2,On,560.84,489.46
1789259220000000000,2026-09-13T00:27:00Z,controller 1,1.575,5.756,-0.92,571.32,0.0,7.85,-11.72,1,On,802.44,769.03
1789259280000000000,2026-09-13T00:28:00Z,controller 1,1.467,5.83,-0.92,272.66,0.0,5.95,-15.46,3,On,767.12,754.64
1789259340000000000,2026-09-13T00:29:00Z,controller 1,1.41,5.715,-0.92,252.48,0.0,5.93,-15.51,3,On,749.89,745.91
1789259400000000000,2026-09-13T00:30:00Z,controller 1,1.406,5.637,-0.89,175.57,0.0,6.07,-14.66,1,On,746.52,746.02
1789259460000000000,2026-09-13T00:31:00Z,controller 1,1.401,5.61,-0.84,569.12,0.0,5.09,-16.5,1,On,792.3,722.42
1789259520000000000,2026-09-13T00:32:00Z,controller 1,1.409,5.601,-0.83,349.97,0.0,5.65,-14.69,2,On,823.75,713.66
1789259580000000000,2026-09-13T00:33:00Z,controller 1,1.371,5.563,-0.81,18.13,0.0,5.22,-15.52,2,On,867.07,734.95
1789259640000000000,2026-09-13T00:34:00Z,controller 1,1.354,5.568,-0.73,99.77,0.0,5.23,-13.96,3,On,858.49,739.56
1789259700000000000,2026-09-13T00:35:00Z,controller 1,1.329,5.587,-0.8,10.09,0.0,5.33,-15.01,3,On,906.52,745.16
1789259760000000000,2026-09-13T00:36:00Z,controller 1,1.332,5.644,-0.73,361.31,0.0,4.56,-16.01,1,On,892.39,767.47
1789259820000000000,2026-09-13T00:37:00Z,controller 1,1.332,5.648,-0.72,443.98,0.0,4.55,-15.82,2,On,913.87,771.97
1789259880000000000,2026-09-13T00:38:00Z,controller 1,1.302,5.636,-0.72,455.47,0.0,4.36,-16.51,3,On,890.65,750.36
1789259940000000000,2026-09-13T00:39:00Z,controller 1,1.274,5.724,-0.72,143.56,0.0,4.36,-16.51,3,On,871.83,774.96
1789260000000000000,2026-09-13T00:40:00Z,controller 1,1.239,5.751,-0.75,337.34,0.0,3.99,-18.8,1,On,912.49,781.88
1789260060000000000,2026-09-13T00:41:00Z,controller 1,1.26,5.796,-0.82,187.53,0.0,4.72,-17.37,2,On,931.81,755.25
1789260120000000000,2026-09-13T00:42:00Z,controller 1,1.321,5.816,-0.76,148.93,0.0,5.35,-14.21,2,On,975.42,776.12
1789260180000000000,2026-09-13T00:43:00Z,controller 1,1.348,5.822,-0.8,489.81,0.0,5.31,-15.07,2,On,980.06,783.51
1789260240000000000,2026-09-13T00:44:00Z,controller 1,1.371,5.805,-0.78,330.78,0.0,5.66,-13.78,3,On,1340.07,381.57
1789260300000000000,2026-09-13T00:45:00Z,controller 1,1.393,5.828,-0.78,263.46,0.0,6.07,-12.85,1,On,1312.41,382.66
1789260360000000000,2026-09-13T00:46:00Z,controller 1,1.358,5.944,-0.84,156.66,0.0,5.64,-14.89,3,On,1263.14,385.47
1789260420000000000,2026-09-13T00:47:00Z,controller 1,1.355,5.915,-0.82,172.55,0.0,5.23,-15.68,1,On,1281.98,400.31
1789260480000000000,2026-09-13T00:48:00Z,controller 1,1.377,5.977,-0.77,334.13,0.0,6.09,-12.64,3,On,1255.96,380.6
1789260540000000000,2026-09-13T00:49:00Z,controller 1,1.368,5.956,-0.79,0.53,0.0,5.57,-14.18,1,On,1273.17,407.76
1789260600000000000,2026-09-13T00:50:00Z,controller 1,1.358,6.025,-0.72,540.32,0.0,5.27,-13.66,1,On,1227.14,421.79
1789260660000000000,2026-09-13T00:51:00Z,controller 1,1.319,5.987,-0.67,544.08,0.0,4.89,-13.7,2,Starting,1258.08,397.4
1789260720000000000,2026-09-13T00:52:00Z,controller 1,1.283,5.973,-0.65,514.24,0.0,4.49,-14.48,3,Starting,1228.91,389.23
1789260780000000000,2026-09-13T00:53:00Z,controller 1,1.285,6.05,-0.7,410.77,0.0,5.27,-13.28,2,Starting,1178.96,385.43
1789260840000000000,2026-09-13T00:54:00Z,controller 1,1.263,6.085,-0.64,374.34,0.0,4.94,-12.96,2,Starting,1166.83,412.61
1789260900000000000,2026-09-13T00:55:00Z,controller 1,1.328,6.047,-0.59,437.62,0.0,5.17,-11.41,1,Starting,1194.54,421.02
1789260960000000000,2026-09-13T00:56:00Z,controller 1,1.36,6.024,-0.61,369.12,0.0,6.01,-10.15,2,Starting,1155.15,422.75
1789261020000000000,2026-09-13T00:57:00Z,controller 1,1.327,6.012,-0.61,574.02,0.0,5.71,-10.68,1,Starting,1162.09,434.11
1789261080000000000,2026-09-13T00:58:00Z,controller 1,1.339,6.024,-0.59,583.77,0.0,5.84,-10.1,1,Starting,1179.55,432.25
1789261140000000000,2026-09-13T00:59:00Z,controller 1,1.343,5.975,-0.65,260.35,0.0,5.01,-12.97,3,Starting,1153.93,408.92
1789261200000000000,2026-09-13T01:00:00Z,controller 1,1.275,6.009,-0.67,593.56,0.0,5.11,-13.11,2,Starting,1124.03,431.77
1789261260000000000,2026-09-13T01:01:00Z,controller 1,1.281,6.088,-0.69,592.35,0.0,4.62,-14.94,3,Starting,1099.79,422.54
1789261320000000000,2026-09-13T01:02:00Z,controller 1,1.239,6.036,-0.66,125.13,0.0,4.51,-14.63,1,Starting,1127.76,421.08
1789261380000000000,2026-09-13T01:03:00Z,controller 1,1.306,6.069,-0.67,134.09,0.0,5.01,-13.37,2,Starting,1108.1,426.74
1789261440000000000,2026-09-13T01:04:00Z,controller 1,1.325,6.203,-0.72,242.43,0.0,5.44,-13.24,3,Starting,1109.96,422.66
1789261500000000000,2026-09-13T01:05:00Z,controller 1,1.36,6.22,-0.67,188.01,0.0,5.99,-11.19,3,Starting,1096.04,417.71
1789261560000000000,2026-09-13T01:06:00Z,controller 1,1.315,6.308,-0.73,452.34,0.0,5.51,-13.25,3,Starting,1052.71,412.91
1789261620000000000,2026-09-13T01:07:00Z,controller 1,1.318,6.338,-0.78,375.46,0.0,5.87,-13.29,3,Starting,1021.5,394.15
1789261680000000000,2026-09-13T01:08:00Z,controller 1,1.3,6.303,-0.72,59.63,0.0,5.08,-14.17,3,Starting,972.11,387.68
1789261740000000000,2026-09-13T01:09:00Z,controller 1,1.349,6.181,-0.69,333.47,0.0,5.33,-12.95,2,Starting,962.19,400.36
1789261800000000000,2026-09-13T01:10:00Z,controller 1,1.378,6.186,-0.72,587.66,0.0,5.37,-13.41,1,Starting,1007.87,391.29
1789261860000000000,2026-09-13T01:11:00Z,controller 1,1.423,6.061,-0.66,540.79,0.0,6.26,-10.54,1,Starting,1039.43,404.79
1789261920000000000,2026-09-13T01:12:00Z,controller 1,1.418,6.072,-0.66,57.58,0.0,6.37,-10.36,1,Starting,1042.63,408.6
1789261980000000000,2026-09-13T01:13:00Z,controller 1,1.394,6.068,-0.71,201.38,0.0,5.51,-12.89,3,Starting,1058.15,427.78
1789262040000000000,2026-09-13T01:14:00Z,controller 1,1.429,6.053,-0.76,129.53,0.0,6.43,-11.82,1,Starting,1076.76,447.01
1789262100000000000,2026-09-13T01:15:00Z,controller 1,1.433,5.98,-0.7,412.05,0.0,6.17,-11.35,1,Starting,1108.49,473.68
1789262160000000000,2026-09-13T01:16:00Z,controller 1,1.499,6.017,-0.74,350.53,0.0,7.25,-10.21,3,Starting,1072.63,490.01
1789262220000000000,2026-09-13T01:17:00Z,controller 1,1.522,5.959,-0.74,378.14,0.0,6.6,-11.21,2,Starting,1109.46,460.32
1789262280000000000,2026-09-13T01:18:00Z,controller 1,1.538,6.01,-0.81,335.13,0.0,6.68,-12.13,3,Starting,1110.11,463.69
1789262340000000000,2026-09-13T01:19:00Z,controller 1,1.5,6.013,-0.88,547.41,0.0,6.54,-13.46,1,Starting,1099.94,465.43
1789262400000000000,2026-09-13T01:20:00Z,controller 1,1.501,5.959,-0.95,273.93,0.0,6.75,-14.07,1,Starting,1093.49,441.76
1789262460000000000,2026-09-13T01:21:00Z,controller 1,1.482,5.858,-0.88,166.65,0.0,5.85,-15.04,1,Starting,1132.86,429.79
1789262520000000000,2026-09-13T01:22:00Z,controller 1,1.464,5.816,-0.89,190.75,0.0,6.54,-13.61,3,Starting,1094.61,424.31
1789262580000000000,2026-09-13T01:23:00Z,controller 1,1.411,5.822,-0.83,519.62,0.0,6.3,-13.17,3,Starting,680.98,563.16
1789262640000000000,2026-09-13T01:24:00Z,controller 1,1.413,5.805,-0.88,381.02,0.0,5.57,-15.8,2,Starting,672.26,535.0
1789262700000000000,2026-09-13T01:25:00Z,controller 1,1.463,5.815,-0.9,210.58,0.0,6.02,-14.95,1,Starting,656.25,555.12
1789262760000000000,2026-09-13T01:26:00Z,controller 1,1.474,5.799,-0.87,130.92,0.0,6.22,-13.99,3,Starting,648.98,582.43
1789262820000000000,2026-09-13T01:27:00Z,controller 1,1.452,5.858,-0.82,507.27,0.0,6.39,-12.83,1,Starting,623.44,574.78
1789262880000000000,2026-09-13T01:28:00Z,controller 1,1.494,5.917,-0.8,63.53,0.0,6.49,-12.33,2,Starting,654.81,580.56
1789262940000000000,2026-09-13T01:29:00Z,controller 1,1.534,5.898,-0.8,486.08,0.0,6.51,-12.29,1,Starting,659.92,595.6
1789263000000000000,2026-09-13T01:30:00Z,controller 1,1.491,5.928,-0.8,538.67,0.0,5.99,-13.36,2,Starting,645.84,570.53
1789263060000000000,2026-09-13T01:31:00Z,controller 1,1.465,5.98,-0.74,282.1,0.0,6.03,-12.27,1,Starting,603.78,554.39
1789263120000000000,2026-09-13T01:32:00Z,controller 1,1.499,6.023,-0.68,229.39,0.0,6.68,-10.18,1,Starting,638.68,580.26
1789263180000000000,2026-09-13T01:33:00Z,controller 1,1.554,6.073,-0.66,28.02,0.0,6.74,-9.79,3,Starting,639.34,595.38
1789263240000000000,2026-09-13T01:34:00Z,controller 1,1.522,6.084,-0.64,580.33,0.0,6.73,-9.51,3,Starting,670.32,617.68
1789263300000000000,2026-09-13T01:35:00Z,controller 1,1.493,6.012,-0.67,103.85,0.0,7.04,-9.52,2,Starting,647.04,598.55
1789263360000000000,2026-09-13T01:36:00Z,controller 1,1.511,6.159,-0.7,564.6,0.0,6.77,-10.34,3,Starting,673.45,859.34
1789263420000000000,2026-09-13T01:37:00Z,controller 1,1.475,6.191,-0.7,422.02,0.0,7.23,-9.68,1,Starting,844.0,551.99
1789263480000000000,2026-09-13T01:38:00Z,controller 1,1.467,6.168,-0.7,252.0,0.0,6.2,-11.29,2,Starting,820.22,576.77
1789263540000000000,2026-09-13T01:39:00Z,controller 1,1.471,6.148,-0.71,393.54,0.0,6.59,-10.77,1,Starting,837.31,593.46
1789263600000000000,2026-09-13T01:40:00Z,controller 1,1.501,6.158,-0.65,503.14,0.0,6.46,-10.06,3,Starting,829.94,582.15
1789263660000000000,2026-09-13T01:41:00Z,controller 1,1.563,6.218,-0.62,434.37,0.0,8.16,-7.6,2,Starting,807.05,559.62
1789263720000000000,2026-09-13T01:42:00Z,controller 1,1.565,6.151,-0.57,398.81,0.0,6.85,-8.32,1,Starting,823.61,589.07
1789263780000000000,2026-09-13T01:43:00Z,controller 1,1.546,6.149,-0.53,332.44,0.0,8.03,-6.6,2,Starting,868.32,598.16
1789263840000000000,2026-09-13T01:44:00Z,controller 1,1.548,6.105,-0.48,259.61,0.0,6.77,-7.09,3,Starting,851.18,587.34
1789263900000000000,2026-09-13T01:45:00Z,controller 1,1.527,6.023,-0.49,48.51,0.0,7.17,-6.83,2,Starting,900.44,570.05
1789263960000000000,2026-09-13T01:46:00Z,controller 1,1.511,6.005,-0.5,428.3,0.0,7.49,-6.68,1,Starting,921.72,551.19
1789264020000000000,2026-09-13T01:47:00Z,controller 1,1.544,5.989,-0.51,137.37,0.0,7.77,-6.56,3,Starting,950.63,573.59
1789264080000000000,2026-09-13T01:48:00Z,controller 1,1.487,6.107,-0.51,588.89,0.0,7.34,-6.95,3,Starting,910.68,591.23
1789264140000000000,2026-09-13T01:49:00Z,controller 1,1.493,6.147,-0.53,502.61,0.0,6.34,-8.36,1,Starting,901.08,595.66
1789264200000000000,2026-09-13T01:50:00Z,controller 1,1.401,6.173,-0.58,377.66,0.0,6.18,-9.39,3,Starting,950.38,599.11
1789264260000000000,2026-09-13T01:51:00Z,controller 1,1.407,6.333,-0.62,343.22,0.0,6.58,-9.42,1,Starting,972.25,624.18
1789264320000000000,2026-09-13T01:52:00Z,controller 1,1.4,6.315,-0.56,158.37,0.0,5.67,-9.88,2,Starting,897.21,879.86
1789264380000000000,2026-09-13T01:53:00Z,controller 1,1.376,6.36,-0.6,267.85,0.0,6.3,-9.52,3,Starting,638.86,694.72
1789264440000000000,2026-09-13T01:54:00Z,controller 1,1.356,6.295,-0.63,306.56,0.0,6.18,-10.19,2,Starting,589.29,702.02
1789264500000000000,2026-09-13T01:55:00Z,controller 1,1.34,6.271,-0.6,141.19,0.0,5.38,-11.15,3,Starting,592.7,685.31
1789264560000000000,2026-09-13T01:56:00Z,controller 1,1.399,6.199,-0.66,335.5,0.0,5.69,-11.6,2,Starting,628.6,708.15
1789264620000000000,2026-09-13T01:57:00Z,controller 1,1.41,6.154,-0.61,378.94,0.0,5.64,-10.82,1,Starting,616.24,733.24
1789264680000000000,2026-09-13T01:58:00Z,controller 1,1.447,6.17,-0.56,324.51,0.0,6.48,-8.64,2,Starting,597.6,707.47
1789264740000000000,2026-09-13T01:59:00Z,controller 1,1.456,6.204,-0.56,354.56,0.0,6.47,-8.66,2,Starting,631.4,717.49
1789264800000000000,2026-09-13T02:00:00Z,controller 1,1.478,6.206,-0.56,256.32,0.0,6.75,-8.3,1,Starting,630.91,697.81
1789264860000000000,2026-09-13T02:01:00Z,controller 1,1.495,6.165,-0.53,89.53,0.0,6.35,-8.35,3,Starting,639.19,700.35
1789264920000000000,2026-09-13T02:02:00Z,controller 1,1.499,6.171,-0.49,493.37,0.0,7.03,-6.97,1,Starting,676.15,706.57
1789264980000000000,2026-09-13T02:03:00Z,controller 1,1.49,6.103,-0.46,172.34,0.0,6.55,-7.02,1,Starting,692.1,731.83
1789265040000000000,2026-09-13T02:04:00Z,controller 1,1.516,6.145,-0.42,357.68,0.0,7.59,-5.53,2,Starting,1261.83,922.07
1789265100000000000,2026-09-13T02:05:00Z,controller 1,1.569,6.153,-0.42,118.93,0.0,8.32,-5.05,1,Starting,1224.2,947.44
1789265160000000000,2026-09-13T02:06:00Z,controller 1,1.617,6.121,-0.42,355.38,0.0,7.47,-5.62,1,Starting,520.11,688.24
1789265220000000000,2026-09-13T02:07:00Z,controller 1,1.608,6.133,-0.42,521.62,0.0,7.42,-5.66,3,Starting,528.46,695.4
1789265280000000000,2026-09-13T02:08:00Z,controller 1,1.654,6.112,-0.4,401.93,0.0,8.43,-4.74,1,Starting,562.54,688.69
1789265340000000000,2026-09-13T02:09:00Z,controller 1,1.632,6.157,-0.44,213.21,0.0,8.18,-5.38,3,Starting,548.64,673.92
1789265400000000000,2026-09-13T02:10:00Z,controller 1,1.626,6.238,-0.4,305.2,0.0,8.04,-4.98,3,Starting,535.41,701.45
1789265460000000000,2026-09-13T02:11:00Z,controller 1,1.564,6.207,-0.39,134.1,0.0,7.1,-5.49,3,Starting,577.46,719.81
1789265520000000000,2026-09-13T02:12:00Z,controller 1,1.571,6.17,-0.39,228.62,0.0,8.27,-4.72,3,Starting,598.83,693.66
1789265580000000000,2026-09-13T02:13:00Z,controller 1,1.643,6.176,-0.35,412.91,0.0,7.61,-4.6,3,Starting,598.34,673.1
1789265640000000000,2026-09-13T02:14:00Z,controller 1,1.617,6.142,-0.34,61.21,0.0,7.78,-4.37,3,Starting,597.22,696.68
1789265700000000000,2026-09-13T02:15:00Z,controller 1,1.659,6.213,-0.37,76.67,0.0,7.73,-4.79,2,Starting,607.04,676.13
1789265760000000000,2026-09-13T02:16:00Z,controller 1,1.632,6.219,-0.35,184.61,0.0,8.96,-3.91,1,Starting,623.01,689.66
1789265820000000000,2026-09-13T02:17:00Z,controller 1,1.744,6.211,-0.32,542.63,0.0,9.03,-3.54,3,Starting,618.82,700.18
1789265880000000000,2026-09-13T02:18:00Z,controller 1,1.753,6.123,-0.3,58.92,0.0,8.74,-3.43,2,Starting,627.64,720.38
1789265940000000000,2026-09-13T02:19:00Z,controller 1,1.768,6.189,-0.31,102.71,0.0,10.35,-3.0,2,Starting,659.95,701.6
1789266000000000000,2026-09-13T02:20:00Z,controller 1,1.774,6.164,-0.28,306.77,0.0,9.55,-2.93,2,Starting,645.1,673.38
1789266060000000000,2026-09-13T02:21:00Z,controller 1,1.77,6.297,-0.27,582.76,0.0,10.69,-2.53,3,Starting,669.07,653.61
1789266120000000000,2026-09-13T02:22:00Z,controller 1,1.733,6.285,-0.25,467.93,0.0,9.24,-2.71,1,Starting,683.0,648.85
1789266180000000000,2026-09-13T02:23:00Z,controller 1,1.685,6.216,-0.24,553.53,0.0,9.31,-2.58,1,Starting,726.03,624.46
1789266240000000000,2026-09-13T02:24:00Z,controller 1,1.634,6.227,-0.26,444.16,0.0,7.55,-3.44,2,Starting,714.49,615.01
1789266300000000000,2026-09-13T02:25:00Z,controller 1,1.691,6.28,-0.24,17.27,0.0,8.72,-2.75,1,Starting,678.79,642.32
1789266360000000000,2026-09-13T02:26:00Z,controller 1,1.72,6.345,-0.25,584.58,0.0,9.96,-2.51,2,Starting,680.12,647.35
1789266420000000000,2026-09-13T02:27:00Z,controller 1,1.712,6.222,-0.23,101.32,0.0,9.88,-2.33,1,Starting,635.3,626.66
1789266480000000000,2026-09-13T02:28:00Z,controller 1,1.698,6.211,-0.23,157.01,0.0,8.38,-2.74,3,Starting,666.48,607.86
1789266540000000000,2026-09-13T02:29:00Z,controller 1,1.651,6.172,-0.25,551.01,0.0,9.15,-2.73,3,Starting,664.12,636.77
1789266600000000000,2026-09-13T02:30:00Z,controller 1,1.629,6.1,-0.25,183.01,0.0,7.55,-3.31,3,Starting,686.14,610.04
1789266660000000000,2026-09-13T02:31:00Z,controller 1,1.628,6.05,-0.25,106.05,0.0,7.54,-3.32,2,Starting,663.51,580.84
1789266720000000000,2026-09-13T02:32:00Z,controller 1,1.623,6.099,-0.23,158.74,0.0,7.43,-3.1,3,Starting,686.93,590.49
1789266780000000000,2026-09-13T02:33:00Z,controller 1,1.621,6.087,-0.23,544.42,0.0,7.81,-2.94,1,Starting,1167.47,950.79
1789266840000000000,2026-09-13T02:34:00Z,controller 1,1.645,6.037,-0.25,515.81,0.0,8.36,-2.99,1,Starting,1156.55,963.06
1789266900000000000,2026-09-13T02:35:00Z,controller 1,1.607,5.928,-0.26,41.45,0.0,7.13,-3.65,1,Starting,1185.07,937.51
1789266960000000000,2026-09-13T02:36:00Z,controller 1,1.68,5.894,-0.24,328.21,0.0,9.09,-2.64,3,Starting,1144.56,959.55
1789267020000000000,2026-09-13T02:37:00Z,controller 1,1.727,5.913,-0.23,431.42,0.0,8.63,-2.67,2,Starting,794.08,547.19
1789267080000000000,2026-09-13T02:38:00Z,controller 1,1.686,5.959,-0.24,485.53,0.0,8.96,-2.68,3,Starting,806.24,523.77
1789267140000000000,2026-09-13T02:39:00Z,controller 1,1.695,5.961,-0.23,111.87,0.0,9.41,-2.44,1,Starting,801.48,516.52
1789267200000000000,2026-09-13T02:40:00Z,controller 1,1.665,5.894,-0.25,387.86,0.0,8.42,-2.97,3,Starting,789.4,509.52
1789267260000000000,2026-09-13T02:41:00Z,controller 1,1.738,5.875,-0.27,151.12,0.0,9.73,-2.77,1,Starting,833.22,490.55
1789267320000000000,2026-09-13T02:42:00Z,controller 1,1.769,5.945,-0.3,251.75,0.0,10.14,-2.96,2,Starting,806.94,469.97
1789267380000000000,2026-09-13T02:43:00Z,controller 1,1.756,5.946,-0.27,147.69,0.0,9.19,-2.94,3,Starting,785.54,461.22
1789267440000000000,2026-09-13T02:44:00Z,controller 1,1.75,5.886,-0.25,163.87,0.0,9.26,-2.7,1,Starting,826.13,438.65
1789267500000000000,2026-09-13T02:45:00Z,controller 1,1.652,5.889,-0.24,232.37,0.0,8.57,-2.8,3,Starting,780.75,449.09
1789267560000000000,2026-09-13T02:46:00Z,controller 1,1.621,5.959,-0.24,194.26,0.0,7.28,-3.3,1,Starting,792.84,434.66
1789267620000000000,2026-09-13T02:47:00Z,controller 1,1.605,6.023,-0.26,534.76,0.0,7.3,-3.56,2,Starting,840.86,421.74
1789267680000000000,2026-09-13T02:48:00Z,controller 1,1.637,6.076,-0.27,355.81,0.0,8.91,-3.03,3,Starting,873.57,436.43
1789267740000000000,2026-09-13T02:49:00Z,controller 1,1.629,6.102,-0.28,42.88,0.0,8.48,-3.3,1,Starting,894.7,429.16
1789267800000000000,2026-09-13T02:50:00Z,controller 1,1.614,6.19,-0.26,131.54,0.0,8.3,-3.13,2,Starting,862.54,420.16
1789267860000000000,2026-09-13T02:51:00Z,controller 1,1.633,6.059,-0.28,142.54,0.0,7.6,-3.68,1,Starting,891.57,391.67
1789267920000000000,2026-09-13T02:52:00Z,controller 1,1.621,5.993,-0.27,598.7,0.0,8.55,-3.16,1,Starting,846.42,372.02
1789267980000000000,2026-09-13T02:53:00Z,controller 1,1.595,6.026,-0.25,228.64,0.0,7.75,-3.23,2,Starting,814.78,401.71
1789268040000000000,2026-09-13T02:54:00Z,controller 1,1.564,6.105,-0.27,430.52,0.0,8.19,-3.3,1,Starting,788.24,403.57
1789268100000000000,2026-09-13T02:55:00Z,controller 1,1.626,6.11,-0.27,62.01,0.0,8.31,-3.25,2,Starting,831.34,426.36
1789268160000000000,2026-09-13T02:56:00Z,controller 1,1.646,6.056,-0.29,207.57,0.0,7.82,-3.71,2,Starting,803.71,444.61
1789268220000000000,2026-09-13T02:57:00Z,controller 1,1.67,6.058,-0.31,54.33,0.0,8.66,-3.58,1,Starting,805.44,434.24
1789268280000000000,2026-09-13T02:58:00Z,controller 1,1.631,6.173,-0.31,86.6,0.0,7.64,-4.06,2,Starting,844.41,423.74
1789268340000000000,2026-09-13T02:59:00Z,controller 1,1.65,6.161,-0.32,210.23,0.0,7.62,-4.2,1,Starting,838.03,416.97
1789268400000000000,2026-09-13T03:00:00Z,controller 1,1.68,6.138,-0.34,278.26,0.0,9.31,-3.65,3,Starting,815.8,443.56
1789268460000000000,2026-09-13T03:01:00Z,controller 1,1.628,6.132,-0.37,256.93,0.0,7.7,-4.81,2,Starting,830.39,466.83
1789268520000000000,2026-09-13T03:02:00Z,controller 2,1.583,6.135,-9.98,293.08,0.0,7.78,-128.28,1,Starting,876.11,445.95
1789268580000000000,2026-09-13T03:03:00Z,controller 2,1.628,6.154,-10.81,386.15,0.0,7.35,-147.07,2,Starting,899.73,471.64
1789268640000000000,2026-09-13T03:04:00Z,controller 2,1.617,6.107,-9.96,345.07,0.0,8.7,-114.48,2,Starting,857.96,478.47
1789268700000000000,2026-09-13T03:05:00Z,controller 2,1.631,6.208,-10.41,198.55,0.0,9.06,-114.9,2,Starting,880.79,491.32
1789268760000000000,2026-09-13T03:06:00Z,controller 2,1.642,6.217,-11.24,520.6,0.0,7.57,-148.48,3,Starting,847.53,462.4
1789268820000000000,2026-09-13T03:07:00Z,controller 2,1.613,6.161,-11.73,100.61,0.0,8.39,-139.81,3,Starting,884.87,481.98
1789268880000000000,2026-09-13T03:08:00Z,controller 2,1.601,6.126,-10.7,357.99,0.0,7.77,-137.71,2,Starting,875.66,452.94
1789268940000000000,2026-09-13T03:09:00Z,controller 2,1.665,6.176,-11.4,265.85,0.0,8.57,-133.02,1,Starting,893.25,462.51
1789269000000000000,2026-09-13T03:10:00Z,controller 2,1.721,6.255,-10.91,595.98,0.0,10.01,-108.99,2,Starting,847.81,436.59
1789269060000000000,2026-09-13T03:11:00Z,controller 2,1.673,6.179,-10.98,86.13,0.0,7.98,-137.59,3,Starting,800.01,454.85
1789269120000000000,2026-09-13T03:12:00Z,controller 2,1.713,6.242,-9.95,501.48,0.0,9.22,-107.92,2,Starting,757.7,439.43
1789269180000000000,2026-09-13T03:13:00Z,controller 2,1.764,6.155,-10.44,304.44,0.0,8.91,-117.17,1,Starting,802.42,441.54
1789269240000000000,2026-09-13T03:14:00Z,controller 2,1.792,6.087,-10.25,47.88,0.0,10.35,-99.03,1,Starting,828.87,442.33
1789269300000000000,2026-09-13T03:15:00Z,controller 2,1.842,6.06,-10.17,189.0,0.0,9.83,-103.46,2,Starting,789.79,423.9
1789269360000000000,2026-09-13T03:16:00Z,controller 2,1.946,6.008,-10.88,568.58,0.0,10.78,-100.93,2,Starting,830.29,427.83
1789269420000000000,2026-09-13T03:17:00Z,controller 2,1.968,6.01,-11.0,420.82,0.0,12.17,-90.39,3,Starting,697.9,960.36
1789269480000000000,2026-09-13T03:18:00Z,controller 2,1.935,5.939,-11.34,241.96,0.0,10.22,-110.96,3,Starting,744.84,944.42
1789269540000000000,2026-09-13T03:19:00Z,controller 2,1.888,5.871,-11.97,432.62,0.0,11.12,-107.64,3,Starting,771.48,965.56
1789269600000000000,2026-09-13T03:20:00Z,controller 2,1.879,5.761,-10.98,60.29,0.0,10.16,-108.07,3,Starting,800.57,969.52
1789269660000000000,2026-09-13T03:21:00Z,controller 2,1.919,5.817,-10.18,57.59,0.0,9.72,-104.73,3,Starting,792.15,945.15
1789269720000000000,2026-09-13T03:22:00Z,controller 2,1.852,5.898,-9.68,351.43,0.0,10.99,-88.08,1,Starting,807.17,944.75
1789269780000000000,2026-09-13T03:23:00Z,controller 2,1.838,5.962,-10.31,167.3,0.0,10.86,-94.94,2,Starting,850.88,973.76
1789269840000000000,2026-09-13T03:24:00Z,controller 2,1.722,5.972,-9.45,506.12,0.0,9.5,-99.47,1,Starting,860.76,979.93
1789269900000000000,2026-09-13T03:25:00Z,controller 2,1.754,5.975,-9.87,232.01,0.0,8.88,-111.15,1,Starting,896.54,980.55
1789269960000000000,2026-09-13T03:26:00Z,controller 2,1.833,5.999,-9.67,264.44,0.0,10.02,-96.51,2,Starting,936.98,974.33
1789270020000000000,2026-09-13T03:27:00Z,controller 2,1.78,6.029,-9.95,542.69,0.0,10.23,-97.26,1,Starting,913.97,978.24
1789270080000000000,2026-09-13T03:28:00Z,controller 2,1.855,6.096,-10.26,253.68,0.0,11.12,-92.27,3,Starting,882.06,990.14
1789270140000000000,2026-09-13T03:29:00Z,controller 2,1.94,6.036,-9.95,483.79,0.0,12.02,-82.78,2,Starting,927.41,987.29
1789270200000000000,2026-09-13T03:30:00Z,controller 2,1.956,6.056,-10.15,90.46,0.0,11.67,-86.98,3,Starting,933.03,1000.0
1789270260000000000,2026-09-13T03:31:00Z,controller 2,2.01,5.956,-9.47,504.31,0.0,13.14,-72.07,1,Starting,944.59,996.28
1789270320000000000,2026-09-13T03:32:00Z,controller 2,2.028,5.942,-10.02,58.2,0.0,13.0,-77.08,3,Starting,939.36,984.45
1789270380000000000,2026-09-13T03:33:00Z,controller 2,2.016,5.994,-10.84,71.27,0.0,12.8,-84.69,1,Starting,985.56,993.5
1789270440000000000,2026-09-13T03:34:00Z,controller 2,2.002,6.048,-10.66,21.27,0.0,13.27,-80.33,3,Starting,978.08,982.43
1789270500000000000,2026-09-13T03:35:00Z,controller 2,1.967,6.151,-10.15,132.5,0.0,12.11,-83.82,2,Starting,940.58,961.71
1789270560000000000,2026-09-13T03:36:00Z,controller 2,1.959,6.237,-9.56,409.09,0.0,12.32,-77.6,1,Starting,922.23,967.44
1789270620000000000,2026-09-13T03:37:00Z,controller 2,2.034,6.262,-10.33,243.69,0.0,13.03,-79.28,1,Starting,897.44,954.54
1789270680000000000,2026-09-13T03:38:00Z,controller 2,2.018,6.299,-10.53,66.92,0.0,11.84,-88.94,3,Starting,885.72,981.01
1789270740000000000,2026-09-13T03:39:00Z,controller 2,1.975,6.284,-9.89,447.81,0.0,11.61,-85.19,1,Starting,905.36,995.51
1789270800000000000,2026-09-13T03:40:00Z,controller 2,1.982,6.364,-10.45,381.96,0.0,12.44,-84.0,3,Starting,936.96,980.77
1789270860000000000,2026-09-13T03:41:00Z,controller 2,1.907,6.411,-10.08,584.19,0.0,12.61,-79.94,3,Starting,938.31,1000.0
1789270920000000000,2026-09-13T03:42:00Z,controller 2,1.819,6.411,-11.04,90.85,0.0,10.87,-101.56,3,Starting,902.2,1000.0
1789270980000000000,2026-09-13T03:43:00Z,controller 2,1.765,6.487,-10.8,382.39,0.0,9.73,-111.0,1,Starting,949.34,1000.0
1789271040000000000,2026-09-13T03:44:00Z,controller 2,1.814,6.423,-11.44,297.87,0.0,11.2,-102.14,2,Starting,910.41,1000.0
1789271100000000000,2026-09-13T03:45:00Z,controller 2,1.758,6.363,-12.36,356.89,0.0,10.08,-122.62,2,Starting,868.99,1000.0
1789271160000000000,2026-09-13T03:46:00Z,controller 2,1.698,6.455,-13.07,448.01,0.0,9.01,-145.06,2,Starting,894.98,1000.0
1789271220000000000,2026-09-13T03:47:00Z,controller 2,1.644,6.394,-12.91,11.6,0.0,8.24,-156.67,2,Starting,879.28,1000.0
1789271280000000000,2026-09-13T03:48:00Z,controller 2,1.587,6.394,-13.13,262.4,0.0,7.8,-168.33,3,Starting,901.89,1000.0
1789271340000000000,2026-09-13T03:49:00Z,controller 2,1.577,6.262,-13.67,290.11,0.0,8.05,-169.81,3,Starting,908.93,1000.0
1789271400000000000,2026-09-13T03:50:00Z,controller 2,1.574,6.296,-13.64,238.05,0.0,7.6,-179.47,3,Starting,898.16,1000.0
1789271460000000000,2026-09-13T03:51:00Z,controller 2,1.539,6.276,-12.78,469.21,0.0,7.66,-166.84,1,Starting,889.5,1000.0
1789271520000000000,2026-09-13T03:52:00Z,controller 2,1.501,6.337,-12.9,564.28,0.0,6.83,-188.87,1,Starting,903.25,1000.0
1789271580000000000,2026-09-13T03:53:00Z,controller 2,1.537,6.347,-12.52,40.88,0.0,8.06,-155.33,1,Starting,864.2,1000.0
1789271640000000000,2026-09-13T03:54:00Z,controller 2,1.523,6.378,-11.69,347.99,0.0,6.73,-173.7,1,Starting,871.1,1000.0
1789271700000000000,2026-09-13T03:55:00Z,controller 2,1.494,6.345,-12.32,345.13,0.0,6.97,-176.76,1,Starting,905.46,1000.0
1789271760000000000,2026-09-13T03:56:00Z,controller 2,1.509,6.263,-11.31,159.47,0.0,6.8,-166.32,2,Starting,908.13,1000.0
1789271820000000000,2026-09-13T03:57:00Z,controller 2,1.532,6.295,-11.86,360.82,0.0,8.0,-148.25,2,Starting,919.59,1000.0
1789271880000000000,2026-09-13T03:58:00Z,controller 2,1.539,6.277,-11.93,599.86,0.0,7.69,-155.14,2,Starting,893.36,1000.0
1789271940000000000,2026-09-13T03:59:00Z,controller 2,1.535,6.406,-12.2,89.26,0.0,7.43,-164.2,2,Starting,904.55,1000.0
1789272000000000000,2026-09-13T04:00:00Z,controller 2,1.575,6.29,-12.15,320.77,0.0,8.53,-142.44,2,Starting,927.39,1000.0
1789272060000000000,2026-09-13T04:01:00Z,controller 2,1.56,6.316,-12.8,595.62,0.0,7.09,-180.54,2,Starting,908.75,1000.0
1789272120000000000,2026-09-13T04:02:00Z,controller 2,1.574,6.254,-11.95,436.33,0.0,7.53,-158.7,1,Starting,948.68,1000.0
1789272180000000000,2026-09-13T04:03:00Z,controller 2,1.589,6.375,-12.91,32.7,0.0,7.4,-174.46,3,Starting,899.4,1000.0
1789272240000000000,2026-09-13T04:04:00Z,controller 2,1.574,6.349,-13.03,308.75,0.0,7.94,-164.11,1,Starting,850.03,1000.0
1789272300000000000,2026-09-13T04:05:00Z,controller 2,1.555,6.281,-12.52,84.69,0.0,7.7,-162.6,1,Starting,886.43,1000.0
1789272360000000000,2026-09-13T04:06:00Z,controller 2,1.633,6.425,-12.15,232.16,0.0,9.22,-131.78,3,Starting,846.79,1000.0
1789272420000000000,2026-09-13T04:07:00Z,controller 2,1.659,6.473,-11.37,474.07,0.0,8.56,-132.83,1,Starting,849.59,1000.0
1789272480000000000,2026-09-13T04:08:00Z,controller 2,1.657,6.548,-11.65,461.98,0.0,8.6,-135.47,1,Starting,879.69,1000.0
1789272540000000000,2026-09-13T04:09:00Z,controller 2,1.64,6.554,-11.65,424.22,0.0,8.93,-130.46,2,Starting,855.28,1000.0
1789272600000000000,2026-09-13T04:10:00Z,controller 2,1.627,6.498,-12.78,68.04,0.0,8.44,-151.42,1,Starting,871.27,1000.0
1789272660000000000,2026-09-13T04:11:00Z,controller 2,1.633,6.49,-11.86,387.06,0.0,9.28,-127.8,3,Starting,879.57,1000.0
1789272720000000000,2026-09-13T04:12:00Z,controller 2,1.695,6.472,-10.68,452.04,0.0,8.88,-120.27,1,Starting,1080.42,941.08
1789272780000000000,2026-09-13T04:13:00Z,controller 2,1.669,6.509,-11.37,304.68,0.0,9.8,-116.02,2,Starting,1068.28,960.01
1789272840000000000,2026-09-13T04:14:00Z,controller 2,1.732,6.513,-11.25,395.97,0.0,9.58,-117.43,3,On,1046.38,979.93
1789272900000000000,2026-09-13T04:15:00Z,controller 2,1.767,6.605,-10.92,495.86,0.0,9.41,-116.05,3,On,1058.35,997.01
1789272960000000000,2026-09-13T04:16:00Z,controller 2,1.807,6.616,-11.77,165.28,0.0,11.11,-105.94,2,On,673.69,687.72
1789273020000000000,2026-09-13T04:17:00Z,controller 2,1.875,6.613,-10.7,269.22,0.0,12.01,-89.09,1,On,698.27,702.0
1789273080000000000,2026-09-13T04:18:00Z,controller 2,1.919,6.544,-10.58,86.6,0.0,10.93,-96.8,1,On,730.45,696.58
1789273140000000000,2026-09-13T04:19:00Z,controller 2,1.841,6.618,-10.96,268.86,0.0,11.69,-93.76,1,On,715.17,699.99
1789273200000000000,2026-09-13T04:20:00Z,controller 2,1.855,6.612,-10.99,526.38,0.0,10.64,-103.29,1,On,743.08,703.85
1789273260000000000,2026-09-13T04:21:00Z,controller 2,1.91,6.547,-10.47,109.82,0.0,13.1,-79.92,2,On,714.82,704.89
1789273320000000000,2026-09-13T04:22:00Z,controller 2,1.913,6.633,-10.56,244.06,0.0,12.8,-82.5,2,On,706.98,723.88
1789273380000000000,2026-09-13T04:23:00Z,controller 2,1.911,6.572,-11.41,9.92,0.0,13.0,-87.77,2,On,715.79,696.07
1789273440000000000,2026-09-13T04:24:00Z,controller 2,1.89,6.678,-11.21,502.63,0.0,10.81,-103.7,1,On,728.13,725.7
1789273500000000000,2026-09-13T04:25:00Z,controller 2,1.795,6.787,-11.41,427.57,0.0,11.04,-103.35,2,On,760.02,737.31
1789273560000000000,2026-09-13T04:26:00Z,controller 2,1.779,6.775,-11.68,405.43,0.0,11.23,-104.01,2,On,800.62,762.82
1789273620000000000,2026-09-13T04:27:00Z,controller 2,1.807,6.852,-11.61,132.97,0.0,12.28,-94.54,3,On,815.59,741.22
1789273680000000000,2026-09-13T04:28:00Z,controller 2,1.803,6.722,-12.23,407.48,0.0,11.77,-103.91,2,On,820.72,738.65
1789273740000000000,2026-09-13T04:29:00Z,controller 2,1.751,6.66,-12.97,484.41,0.0,10.68,-121.44,1,On,796.13,721.24
1789273800000000000,2026-09-13T04:30:00Z,controller 2,1.837,6.646,-12.07,486.25,0.0,11.71,-103.07,1,On,599.1,596.33
1789273860000000000,2026-09-13T04:31:00Z,controller 2,1.844,6.516,-12.94,382.39,0.0,10.65,-121.5,2,On,613.66,613.87
1789273920000000000,2026-09-13T04:32:00Z,controller 2,1.758,6.468,-12.3,3.14,0.0,9.41,-130.71,1,On,806.7,659.94
1789273980000000000,2026-09-13T04:33:00Z,controller 2,1.764,6.478,-13.09,152.3,0.0,9.49,-137.93,3,On,1065.97,895.63
1789274040000000000,2026-09-13T04:34:00Z,controller 2,1.695,6.503,-14.26,205.6,0.0,9.35,-152.51,2,On,1067.47,914.32
1789274100000000000,2026-09-13T04:35:00Z,controller 2,1.63,6.455,-15.64,212.23,0.0,8.11,-192.85,1,On,1030.28,942.56
1789274160000000000,2026-09-13T04:36:00Z,controller 2,1.606,6.531,-16.8,74.49,0.0,9.1,-184.62,2,On,1030.52,922.09
1789274220000000000,2026-09-13T04:37:00Z,controller 2,1.529,6.467,-18.36,182.64,0.0,7.04,-260.8,1,On,1077.07,928.64
1789274280000000000,2026-09-13T04:38:00Z,controller 2,1.472,6.325,-19.94,15.49,0.0,6.84,-291.52,3,On,1048.67,922.92
1789274340000000000,2026-09-13T04:39:00Z,controller 2,1.456,6.315,-19.17,308.26,0.0,7.16,-267.74,1,On,1075.22,944.88
1789274400000000000,2026-09-13T04:40:00Z,controller 2,1.499,6.221,-18.56,167.48,0.0,6.9,-268.99,1,On,1086.43,928.1
1789274460000000000,2026-09-13T04:41:00Z,controller 2,1.487,6.202,-17.59,499.1,0.0,7.37,-238.67,1,On,1101.52,902.08
1789274520000000000,2026-09-13T04:42:00Z,controller 2,1.508,6.213,-15.93,488.36,0.0,6.9,-230.87,3,On,1118.77,915.09
1789274580000000000,2026-09-13T04:43:00Z,controller 2,1.548,6.214,-16.98,241.72,0.0,7.23,-234.85,1,On,1073.57,892.54
1789274640000000000,2026-09-13T04:44:00Z,controller 2,1.615,6.235,-17.02,176.06,0.0,8.25,-206.3,1,On,1051.45,905.75
1789274700000000000,2026-09-13T04:45:00Z,controller 2,1.578,6.171,-18.57,316.2,0.0,7.5,-247.6,1,On,1093.26,891.79
1789274760000000000,2026-09-13T04:46:00Z,controller 2,1.56,6.192,-18.49,457.73,0.0,7.29,-253.64,3,On,1098.13,890.13
1789274820000000000,2026-09-13T04:47:00Z,controller 2,1.571,6.122,-19.77,101.05,0.0,7.02,-281.62,1,On,1062.02,912.79
1789274880000000000,2026-09-13T04:48:00Z,controller 2,1.516,6.013,-18.9,320.67,0.0,7.3,-258.9,2,On,1028.8,889.63
1789274940000000000,2026-09-13T04:49:00Z,controller 2,1.64,5.999,-18.18,324.83,0.0,7.6,-239.21,2,On,1078.79,899.66
1789275000000000000,2026-09-13T04:50:00Z,controller 2,1.554,5.984,-18.04,136.38,0.0,6.72,-268.45,1,On,1081.94,924.35
1789275060000000000,2026-09-13T04:51:00Z,controller 2,1.548,5.93,-17.57,239.56,0.0,7.67,-229.07,2,On,1110.37,907.02
1789275120000000000,2026-09-13T04:52:00Z,controller 2,1.552,6.008,-17.25,87.7,0.0,6.6,-261.36,2,On,1143.37,906.6
1789275180000000000,2026-09-13T04:53:00Z,controller 2,1.533,6.049,-18.31,205.99,0.0,6.71,-272.88,1,On,1109.94,921.84
1789275240000000000,2026-09-13T04:54:00Z,controller 2,1.598,6.068,-17.88,501.26,0.0,7.9,-226.33,1,On,1139.54,951.68
1789275300000000000,2026-09-13T04:55:00Z,controller 2,1.628,6.009,-18.16,157.98,0.0,8.6,-211.16,3,On,1111.79,924.25
1789275360000000000,2026-09-13T04:56:00Z,controller 2,1.655,6.027,-16.95,6.74,0.0,9.08,-186.67,3,On,1085.97,931.91
1789275420000000000,2026-09-13T04:57:00Z,controller 2,1.714,5.948,-15.74,197.11,0.0,9.24,-170.35,2,On,662.91,601.44
1789275480000000000,2026-09-13T04:58:00Z,controller 2,1.692,5.916,-15.98,554.09,0.0,9.16,-174.45,3,On,670.9,619.03
1789275540000000000,2026-09-13T04:59:00Z,controller 2,1.788,5.849,-16.96,427.0,0.0,9.9,-171.31,1,On,653.23,621.43
1789275600000000000,2026-09-13T05:00:00Z,controller 2,1.717,5.833,-18.26,491.68,0.0,8.81,-207.26,2,On,686.57,600.68
1789275660000000000,2026-09-13T05:01:00Z,controller 2,1.668,5.796,-16.74,180.04,0.0,8.05,-207.95,3,On,620.12,901.66
1789275720000000000,2026-09-13T05:02:00Z,controller 2,1.719,5.813,-17.72,364.19,0.0,8.16,-217.16,1,On,618.96,887.13
1789275780000000000,2026-09-13T05:03:00Z,controller 2,1.744,5.81,-17.52,380.84,0.0,9.44,-185.59,3,On,656.13,877.34
1789275840000000000,2026-09-13T05:04:00Z,controller 2,1.722,5.793,-17.01,343.11,0.0,8.87,-191.77,1,On,643.28,870.68
1789275900000000000,2026-09-13T05:05:00Z,controller 2,1.752,5.77,-17.88,302.04,0.0,8.0,-223.5,1,On,610.16,894.58
1789275960000000000,2026-09-13T05:06:00Z,controller 2,1.754,5.753,-18.25,415.96,0.0,9.39,-194.36,1,On,620.81,893.46
1789276020000000000,2026-09-13T05:07:00Z,controller 2,1.775,5.718,-17.87,10.76,0.0,9.0,-198.56,1,On,616.42,904.34
1789276080000000000,2026-09-13T05:08:00Z,controller 2,1.729,5.707,-17.82,52.1,0.0,9.36,-190.38,2,On,576.86,912.8
1789276140000000000,2026-09-13T05:09:00Z,controller 2,1.649,5.736,-18.22,158.32,0.0,8.52,-213.85,3,On,570.57,915.71
1789276200000000000,2026-09-13T05:10:00Z,controller 2,1.649,5.834,-17.83,597.96,0.0,8.2,-217.44,1,On,1069.24,628.96
1789276260000000000,2026-09-13T05:11:00Z,controller 2,1.672,5.752,-17.6,393.11,0.0,8.57,-205.37,2,On,1092.52,614.52
1789276320000000000,2026-09-13T05:12:00Z,controller 2,1.715,5.687,-16.42,466.43,0.0,8.8,-186.59,3,On,1079.89,633.83
1789276380000000000,2026-09-13T05:13:00Z,controller 2,1.601,5.679,-17.73,440.06,0.0,6.76,-262.28,3,On,1119.76,649.28
1789276440000000000,2026-09-13T05:14:00Z,controller 2,1.68,5.657,-18.96,154.53,0.0,7.69,-246.55,1,On,1157.93,630.95
1789276500000000000,2026-09-13T05:15:00Z,controller 2,1.711,5.783,-19.58,544.32,0.0,8.35,-234.49,2,On,1158.07,659.2
1789276560000000000,2026-09-13T05:16:00Z,controller 2,1.599,5.825,-21.48,422.97,0.0,6.74,-318.69,3,On,1111.37,664.8
1789276620000000000,2026-09-13T05:17:00Z,controller 2,1.589,5.884,-20.24,327.18,0.0,7.42,-272.78,3,On,1121.02,668.24
1789276680000000000,2026-09-13T05:18:00Z,controller 2,1.549,5.986,-18.71,451.46,0.0,6.83,-273.94,3,On,1155.23,678.77
1789276740000000000,2026-09-13T05:19:00Z,controller 2,1.55,5.918,-19.88,338.41,0.0,6.47,-307.26,2,On,1166.06,664.7
1789276800000000000,2026-09-13T05:20:00Z,controller 2,1.527,5.926,-19.04,62.93,0.0,6.74,-282.49,2,On,1185.9,645.02
1789276860000000000,2026-09-13T05:21:00Z,controller 2,1.606,5.816,-19.19,225.25,0.0,7.0,-274.14,1,On,1208.23,624.19
1789276920000000000,2026-09-13T05:22:00Z,controller 2,1.508,5.917,-19.0,36.67,0.0,6.1,-311.48,2,On,1176.73,603.89
1789276980000000000,2026-09-13T05:23:00Z,controller 2,1.498,5.913,-17.86,591.76,0.0,6.9,-258.84,3,On,1145.51,579.88
1789277040000000000,2026-09-13T05:24:00Z,controller 2,1.457,5.929,-18.96,108.72,0.0,6.83,-277.6,1,On,1189.91,561.1
1789277100000000000,2026-09-13T05:25:00Z,controller 2,1.451,5.894,-20.17,1.14,0.0,6.1,-330.66,3,On,1191.92,563.61
1789277160000000000,2026-09-13T05:26:00Z,controller 2,1.538,5.886,-19.91,505.06,0.0,6.32,-315.03,2,On,1204.74,545.96
1789277220000000000,2026-09-13T05:27:00Z,controller 2,1.579,5.958,-19.62,339.19,0.0,7.98,-245.86,1,On,1213.2,538.13
1789277280000000000,2026-09-13T05:28:00Z,controller 2,1.572,5.939,-19.71,153.71,0.0,7.82,-252.05,2,On,1235.06,528.2
1789277340000000000,2026-09-13T05:29:00Z,controller 2,1.618,5.915,-19.46,104.36,0.0,7.31,-266.21,1,On,1242.35,553.67
1789277400000000000,2026-09-13T05:30:00Z,controller 2,1.67,5.893,-20.32,43.79,0.0,7.61,-267.02,2,Starting,1193.62,527.73
1789277460000000000,2026-09-13T05:31:00Z,controller 2,1.696,5.881,-22.03,321.68,0.0,9.09,-242.35,3,Starting,1143.73,529.67
1789277520000000000,2026-09-13T05:32:00Z,controller 2,1.678,5.87,-24.01,548.43,0.0,8.77,-273.77,2,Starting,1141.46,542.99
1789277580000000000,2026-09-13T05:33:00Z,controller 2,1.789,5.932,-22.04,401.42,0.0,10.35,-212.95,3,Starting,1133.02,522.53
1789277640000000000,2026-09-13T05:34:00Z,controller 2,1.783,5.93,-20.77,101.09,0.0,8.55,-242.92,2,Starting,1142.98,551.56
1789277700000000000,2026-09-13T05:35:00Z,controller 2,1.875,5.934,-21.38,440.61,0.0,9.49,-225.29,3,Starting,1102.53,534.56
1789277760000000000,2026-09-13T05:36:00Z,controller 2,1.881,5.871,-20.37,475.7,0.0,11.1,-183.51,2,Starting,1128.79,534.34
1789277820000000000,2026-09-13T05:37:00Z,controller 2,1.882,5.845,-20.51,329.42,0.0,10.96,-187.14,1,Starting,1135.01,527.95
1789277880000000000,2026-09-13T05:38:00Z,controller 2,1.894,5.794,-18.95,15.82,0.0,10.66,-177.77,3,Starting,688.81,431.17
1789277940000000000,2026-09-13T05:39:00Z,controller 2,1.957,5.843,-19.55,275.98,0.0,10.87,-179.85,2,Starting,649.84,454.59
1789278000000000000,2026-09-13T05:40:00Z,controller 2,1.922,5.926,-18.94,287.03,0.0,11.37,-166.58,3,Starting,628.61,466.33
1789278060000000000,2026-09-13T05:41:00Z,controller 2,1.941,5.99,-20.36,579.47,0.0,11.35,-179.38,3,Starting,588.83,491.8
1789278120000000000,2026-09-13T05:42:00Z,controller 2,1.934,6.035,-19.63,437.36,0.0,11.08,-177.17,1,Starting,546.75,512.74
1789278180000000000,2026-09-13T05:43:00Z,controller 2,2.007,5.911,-19.1,206.26,0.0,11.06,-172.69,3,Starting,589.1,497.1
1789278240000000000,2026-09-13T05:44:00Z,controller 2,1.939,5.932,-18.31,20.07,0.0,11.01,-166.3,2,Starting,549.95,501.88
1789278300000000000,2026-09-13T05:45:00Z,controller 2,1.912,5.848,-17.76,491.73,0.0,9.77,-181.78,2,Starting,596.46,502.45
1789278360000000000,2026-09-13T05:46:00Z,controller 2,1.888,5.896,-17.2,528.32,0.0,11.4,-150.88,3,Starting,560.75,516.31
1789278420000000000,2026-09-13T05:47:00Z,controller 2,1.937,5.863,-16.87,309.33,0.0,11.24,-150.09,3,Starting,550.14,489.8
1789278480000000000,2026-09-13T05:48:00Z,controller 2,1.826,5.902,-16.42,240.55,0.0,9.41,-174.5,1,Starting,586.2,485.47
1789278540000000000,2026-09-13T05:49:00Z,controller 2,1.828,5.805,-16.17,418.17,0.0,10.43,-155.03,1,Starting,547.0,489.95
1789278600000000000,2026-09-13T05:50:00Z,controller 2,1.814,5.797,-15.97,515.51,0.0,10.38,-153.85,1,Starting,522.32,504.82
1789278660000000000,2026-09-13T05:51:00Z,controller 2,1.768,5.888,-15.37,2.98,0.0,9.07,-169.46,2,Starting,509.07,479.71
1789278720000000000,2026-09-13T05:52:00Z,controller 2,1.787,5.899,-14.52,392.25,0.0,9.26,-156.8,3,Starting,556.06,455.36
1789278780000000000,2026-09-13T05:53:00Z,controller 2,1.792,5.901,-14.71,270.75,0.0,10.19,-144.36,3,Starting,536.41,470.91
1789278840000000000,2026-09-13T05:54:00Z,controller 2,1.776,5.86,-16.01,132.63,0.0,9.07,-176.52,3,Starting,1320.18,738.68
1789278900000000000,2026-09-13T05:55:00Z,controller 2,1.723,5.847,-16.64,409.17,0.0,9.05,-183.87,1,Starting,1281.71,714.95
1789278960000000000,2026-09-13T05:56:00Z,controller 2,1.737,5.87,-15.48,193.63,0.0,9.6,-161.25,3,Starting,1242.42,714.3
1789279020000000000,2026-09-13T05:57:00Z,controller 2,1.678,5.864,-15.94,428.2,0.0,8.02,-198.75,2,Starting,1211.4,709.49
1789279080000000000,2026-09-13T05:58:00Z,controller 2,1.653,5.904,-16.26,479.44,0.0,8.52,-190.85,3,Starting,1220.56,729.42
1789279140000000000,2026-09-13T05:59:00Z,controller 2,1.696,5.869,-14.87,251.29,0.0,8.09,-183.81,1,Starting,1209.66,720.47
1789279200000000000,2026-09-13T06:00:00Z,controller 2,1.688,5.989,-16.11,310.22,0.0,8.79,-183.28,1,Starting,1247.09,728.01
1789279260000000000,2026-09-13T06:01:00Z,controller 2,1.669,6.074,-15.81,286.5,0.0,8.31,-190.25,2,Starting,1261.64,713.04
1789279320000000000,2026-09-13T06:02:00Z,controller 2,1.667,6.073,-17.31,576.76,0.0,8.31,-208.3,1,Starting,1299.07,685.83
1789279380000000000,2026-09-13T06:03:00Z,controller 2,1.702,6.153,-18.56,289.13,0.0,8.61,-215.56,2,Starting,1297.46,677.62
1789279440000000000,2026-09-13T06:04:00Z,controller 2,1.758,6.109,-19.52,110.05,0.0,8.9,-219.33,2,Starting,1260.83,701.56
1789279500000000000,2026-09-13T06:05:00Z,controller 2,1.796,6.143,-17.91,590.8,0.0,9.47,-189.12,3,Starting,1245.57,731.09
1789279560000000000,2026-09-13T06:06:00Z,controller 2,1.806,6.104,-16.57,395.6,0.0,10.34,-160.25,3,Starting,1251.38,745.91
1789279620000000000,2026-09-13T06:07:00Z,controller 2,1.807,6.079,-16.68,445.44,0.0,10.51,-158.71,1,Starting,1221.45,728.92
1789279680000000000,2026-09-13T06:08:00Z,controller 2,1.77,6.098,-16.29,589.4,0.0,9.88,-164.88,1,Starting,1179.78,736.55
1789279740000000000,2026-09-13T06:09:00Z,controller 2,1.758,6.05,-15.43,402.92,0.0,8.44,-182.82,2,Starting,1168.24,758.75
1789279800000000000,2026-09-13T06:10:00Z,controller 2,1.753,5.999,-16.72,116.81,0.0,8.82,-189.57,3,Starting,1166.23,754.83
1789279860000000000,2026-09-13T06:11:00Z,controller 2,1.749,6.085,-15.14,252.05,0.0,9.01,-168.04,3,Starting,1139.74,728.36
1789279920000000000,2026-09-13T06:12:00Z,controller 2,1.699,6.034,-14.12,216.19,0.0,8.13,-173.68,1,Starting,1152.36,717.55
1789279980000000000,2026-09-13T06:13:00Z,controller 2,1.725,6.085,-13.66,123.36,0.0,9.6,-142.29,3,Starting,1164.11,736.23
1789280040000000000,2026-09-13T06:14:00Z,controller 2,1.751,6.047,-13.29,57.85,0.0,9.84,-135.06,2,Starting,1147.49,709.31
1789280100000000000,2026-09-13T06:15:00Z,controller 2,1.824,6.048,-12.83,282.0,0.0,10.86,-118.14,1,Starting,830.24,617.23
1789280160000000000,2026-09-13T06:16:00Z,controller 2,1.923,5.999,-12.41,114.85,0.0,10.24,-121.19,2,Starting,781.94,639.25
1789280220000000000,2026-09-13T06:17:00Z,controller 2,1.838,6.091,-13.01,327.75,0.0,10.9,-119.36,3,Starting,759.43,644.63
1789280280000000000,2026-09-13T06:18:00Z,controller 2,1.957,6.12,-12.53,551.1,0.0,10.69,-117.21,2,Starting,787.67,623.26
1789280340000000000,2026-09-13T06:19:00Z,controller 2,1.998,6.076,-13.69,9.36,0.0,12.59,-108.74,3,Starting,829.57,608.6
1789280400000000000,2026-09-13T06:20:00Z,controller 2,1.917,5.975,-14.66,288.31,0.0,10.77,-136.12,2,Starting,807.08,590.97
1789280460000000000,2026-09-13T06:21:00Z,controller 2,1.917,5.957,-15.6,152.98,0.0,10.18,-153.24,1,Starting,801.02,607.24
1789280520000000000,2026-09-13T06:22:00Z,controller 2,1.907,5.937,-16.44,366.45,0.0,10.94,-150.27,2,Starting,842.14,606.59
1789280580000000000,2026-09-13T06:23:00Z,controller 2,1.969,5.966,-17.09,388.55,0.0,11.08,-154.24,1,Starting,816.9,601.12
1789280640000000000,2026-09-13T06:24:00Z,controller 2,1.926,6.009,-17.78,453.81,0.0,10.29,-172.79,1,Starting,618.99,966.54
1789280700000000000,2026-09-13T06:25:00Z,controller 2,1.948,5.922,-17.71,559.76,0.0,11.17,-158.55,1,Starting,603.44,983.32
1789280760000000000,2026-09-13T06:26:00Z,controller 2,1.889,5.858,-18.34,479.11,0.0,11.37,-161.3,2,Starting,576.04,967.79
1789280820000000000,2026-09-13T06:27:00Z,controller 2,1.848,5.725,-19.93,539.7,0.0,9.33,-213.61,1,Starting,559.39,996.14
1789280880000000000,2026-09-13T06:28:00Z,controller 2,1.846,5.695,-19.55,471.46,0.0,10.56,-185.13,2,Starting,516.37,1000.0
1789280940000000000,2026-09-13T06:29:00Z,controller 2,1.845,5.61,-18.64,480.6,0.0,10.15,-183.65,3,Starting,981.36,554.13
1789281000000000000,2026-09-13T06:30:00Z,controller 2,1.903,5.648,-18.72,559.67,0.0,11.18,-167.44,3,Starting,1123.27,902.99
1789281060000000000,2026-09-13T06:31:00Z,controller 2,1.901,5.602,-19.26,260.35,0.0,9.82,-196.13,2,Starting,1074.36,901.37
1789281120000000000,2026-09-13T06:32:00Z,controller 2,1.987,5.646,-20.71,430.39,0.0,10.69,-193.73,2,Starting,1036.56,893.08
1789281180000000000,2026-09-13T06:33:00Z,controller 2,1.981,5.723,-22.07,219.42,0.0,11.4,-193.6,1,Starting,1013.27,887.58
1789281240000000000,2026-09-13T06:34:00Z,controller 2,2.024,5.755,-21.89,231.32,0.0,12.78,-171.28,1,Starting,1000.42,877.11
1789281300000000000,2026-09-13T06:35:00Z,controller 2,2.011,5.748,-22.18,88.73,0.0,10.78,-205.75,3,Starting,990.57,893.37
1789281360000000000,2026-09-13T06:36:00Z,controller 2,1.998,5.723,-24.2,421.76,0.0,11.14,-217.24,2,Starting,975.83,872.66
1789281420000000000,2026-09-13T06:37:00Z,controller 2,2.026,5.687,-24.23,493.0,0.0,11.7,-207.09,3,Starting,934.68,895.43
1789281480000000000,2026-09-13T06:38:00Z,controller 2,2.057,5.638,-23.35,394.6,0.0,10.85,-215.21,1,Starting,956.52,920.71
1789281540000000000,2026-09-13T06:39:00Z,controller 2,2.075,5.654,-24.44,221.25,0.0,11.44,-213.64,1,Starting,956.18,920.26
1789281600000000000,2026-09-13T06:40:00Z,controller 2,2.11,5.75,-24.35,413.9,0.0,11.87,-205.14,1,Starting,914.35,911.78
1789281660000000000,2026-09-13T06:41:00Z,controller 2,2.084,5.723,-25.96,46.62,0.0,12.83,-202.34,2,Starting,870.96,902.3
1789281720000000000,2026-09-13T06:42:00Z,controller 2,2.11,5.749,-28.27,198.55,0.0,12.23,-231.15,1,Starting,857.14,912.25
1789281780000000000,2026-09-13T06:43:00Z,controller 2,2.07,5.731,-30.38,127.24,0.0,13.17,-230.68,1,Starting,901.04,887.21
1789281840000000000,2026-09-13T06:44:00Z,controller 2,1.96,5.723,-27.81,297.73,0.0,10.4,-267.4,1,Starting,949.55,890.08
1789281900000000000,2026-09-13T06:45:00Z,controller 2,2.039,5.624,-26.94,564.9,0.0,12.54,-214.83,2,Starting,954.11,907.42
1789281960000000000,2026-09-13T06:46:00Z,controller 2,1.977,5.581,-26.18,344.08,0.0,10.3,-254.17,3,Starting,926.9,916.08
1789282020000000000,2026-09-13T06:47:00Z,controller 2,1.93,5.535,-24.77,138.7,0.0,10.56,-234.56,3,Starting,701.19,902.2
1789282080000000000,2026-09-13T06:48:00Z,controller 2,1.919,5.593,-23.51,170.89,0.0,10.27,-228.92,2,Starting,673.97,920.96
1789282140000000000,2026-09-13T06:49:00Z,controller 2,1.942,5.599,-21.51,5.58,0.0,9.82,-219.04,3,Starting,669.52,915.94
1789282200000000000,2026-09-13T06:50:00Z,controller 2,1.919,5.672,-20.54,349.93,0.0,10.51,-195.43,2,Starting,703.13,905.2
1789282260000000000,2026-09-13T06:51:00Z,controller 2,1.987,5.581,-20.54,487.85,0.0,11.52,-178.3,2,Starting,695.2,889.23
1789282320000000000,2026-09-13T06:52:00Z,controller 2,2.04,5.535,-22.36,465.47,0.0,12.39,-180.47,3,Starting,647.55,911.44
1789282380000000000,2026-09-13T06:53:00Z,controller 2,2.128,5.654,-21.88,79.37,0.0,12.96,-168.83,2,Starting,647.58,919.08
1789282440000000000,2026-09-13T06:54:00Z,controller 2,2.155,5.555,-21.7,219.19,0.0,13.59,-159.68,3,Starting,618.69,902.86
1789282500000000000,2026-09-13T06:55:00Z,controller 2,2.192,5.553,-20.22,118.56,0.0,12.99,-155.66,2,Starting,656.62,900.1
1789282560000000000,2026-09-13T06:56:00Z,controller 2,2.227,5.565,-19.61,422.78,0.0,15.0,-130.73,1,Starting,608.19,893.22
1789282620000000000,2026-09-13T06:57:00Z,controller 2,2.18,5.603,-18.2,207.48,0.0,13.17,-138.19,2,Starting,561.89,917.83
1789282680000000000,2026-09-13T06:58:00Z,controller 2,2.103,5.67,-19.0,563.43,0.0,13.09,-145.15,1,Starting,606.98,943.33
1789282740000000000,2026-09-13T06:59:00Z,controller 2,2.125,5.731,-19.43,407.81,0.0,11.99,-162.05,3,Starting,606.72,949.87
1789282800000000000,2026-09-13T07:00:00Z,controller 2,2.146,5.741,-19.98,598.07,0.0,13.13,-152.17,2,Starting,622.22,955.87
1789282860000000000,2026-09-13T07:01:00Z,controller 2,2.202,5.73,-21.92,285.57,0.0,14.4,-152.22,2,Starting,587.52,942.26
1789282920000000000,2026-09-13T07:02:00Z,controller 2,2.193,5.856,-21.56,234.77,0.0,14.12,-152.69,2,Starting,568.53,936.77
1789282980000000000,2026-09-13T07:03:00Z,controller 2,2.145,5.953,-20.12,353.46,0.0,14.98,-134.31,2,Starting,552.03,960.24
1789283040000000000,2026-09-13T07:04:00Z,controller 2,2.037,5.916,-22.09,405.57,0.0,13.23,-166.97,3,Starting,540.17,957.93
1789283100000000000,2026-09-13T07:05:00Z,controller 2,2.014,5.771,-23.77,381.1,0.0,12.17,-195.32,1,Starting,563.55,937.58
1789283160000000000,2026-09-13T07:06:00Z,controller 2,1.97,5.733,-21.8,454.02,0.0,10.73,-203.17,1,Starting,524.38,935.68
1789283220000000000,2026-09-13T07:07:00Z,controller 2,2.007,5.732,-19.97,419.18,0.0,11.05,-180.72,1,Starting,515.15,956.9
1789283280000000000,2026-09-13T07:08:00Z,controller 2,2.034,5.755,-18.34,141.03,0.0,12.11,-151.45,1,Starting,497.36,936.1
1789283340000000000,2026-09-13T07:09:00Z,controller 2,2.047,5.664,-19.51,70.69,0.0,11.14,-175.13,3,Starting,500.9,915.85
1789283400000000000,2026-09-13T07:10:00Z,controller 2,2.024,5.629,-20.79,366.32,0.0,11.29,-184.15,3,Starting,509.78,898.71
1789283460000000000,2026-09-13T07:11:00Z,controller 2,2.031,5.625,-19.69,276.77,0.0,10.62,-185.4,2,Starting,503.21,908.77
1789283520000000000,2026-09-13T07:12:00Z,controller 2,2.079,5.615,-19.82,222.96,0.0,11.23,-176.49,1,Starting,538.52,894.91
1789283580000000000,2026-09-13T07:13:00Z,controller 2,2.047,5.632,-21.79,369.21,0.0,10.82,-201.39,2,Starting,575.3,887.16
1789283640000000000,2026-09-13T07:14:00Z,controller 2,2.068,5.614,-23.94,469.31,0.0,12.03,-199.0,2,Starting,566.63,907.26
1789283700000000000,2026-09-13T07:15:00Z,controller 2,2.017,5.646,-22.07,220.72,0.0,10.85,-203.41,2,Starting,568.01,887.74
1789283760000000000,2026-09-13T07:16:00Z,controller 2,2.015,5.668,-21.15,429.79,0.0,11.03,-191.75,1,Starting,532.51,904.2
1789283820000000000,2026-09-13T07:17:00Z,controller 2,2.028,5.612,-21.58,188.3,0.0,11.65,-185.24,3,Starting,488.56,921.4
1789283880000000000,2026-09-13T07:18:00Z,controller 2,2.02,5.512,-19.88,565.48,0.0,10.57,-188.08,3,Starting,477.68,922.01
1789283940000000000,2026-09-13T07:19:00Z,controller 2,1.961,5.66,-18.97,18.57,0.0,10.77,-176.14,2,Starting,479.22,917.7
1789284000000000000,2026-09-13T07:20:00Z,controller 2,1.881,5.627,-20.4,62.04,0.0,9.05,-225.41,2,Starting,516.04,922.14
1789284060000000000,2026-09-13T07:21:00Z,controller 2,1.895,5.722,-20.33,30.31,0.0,10.12,-200.89,2,Starting,511.88,944.97
1789284120000000000,2026-09-13T07:22:00Z,controller 2,1.889,5.888,-19.65,533.81,0.0,11.13,-176.55,3,Starting,503.61,919.99
1789284180000000000,2026-09-13T07:23:00Z,controller 2,1.927,5.912,-21.46,473.68,0.0,11.75,-182.64,3,Starting,534.64,937.6
1789284240000000000,2026-09-13T07:24:00Z,controller 2,1.966,5.978,-22.29,229.31,0.0,11.02,-202.27,3,Starting,496.68,962.31
1789284300000000000,2026-09-13T07:25:00Z,controller 2,1.997,5.998,-21.7,90.97,0.0,13.09,-165.78,2,Starting,459.64,976.43
1789284360000000000,2026-09-13T07:26:00Z,controller 2,1.948,6.101,-23.49,280.41,0.0,12.09,-194.29,1,Starting,502.1,968.4
1789284420000000000,2026-09-13T07:27:00Z,controller 2,1.941,6.065,-23.33,291.63,0.0,11.96,-195.07,3,Starting,525.35,974.03
1789284480000000000,2026-09-13T07:28:00Z,controller 2,1.936,5.999,-21.94,240.98,0.0,10.53,-208.36,3,Starting,559.77,978.06
1789284540000000000,2026-09-13T07:29:00Z,controller 2,2.003,6.103,-19.91,112.34,0.0,13.15,-151.41,3,Starting,510.82,966.32
1789284600000000000,2026-09-13T07:30:00Z,controller 2,2.009,6.114,-17.94,494.42,0.0,11.93,-150.38,2,Starting,463.62,943.67
1789284660000000000,2026-09-13T07:31:00Z,controller 2,2.012,6.109,-18.19,322.12,0.0,12.8,-142.11,2,Starting,503.37,927.91
1789284720000000000,2026-09-13T07:32:00Z,controller 2,2.038,6.17,-19.47,201.8,0.0,12.98,-150.0,1,Starting,519.46,933.83
1789284780000000000,2026-09-13T07:33:00Z,controller 2,2.052,6.145,-19.81,492.53,0.0,12.07,-164.13,3,Starting,506.19,960.33
1789284840000000000,2026-09-13T07:34:00Z,controller 2,2.139,6.143,-19.71,175.88,0.0,14.48,-136.12,3,Starting,475.62,953.36
1789284900000000000,2026-09-13T07:35:00Z,controller 2,2.259,6.145,-20.23,131.16,0.0,16.57,-122.09,3,Starting,476.89,946.97
1789284960000000000,2026-09-13T07:36:00Z,controller 2,2.256,5.971,-21.26,302.21,0.0,15.07,-141.07,1,Starting,450.92,932.04
1789285020000000000,2026-09-13T07:37:00Z,controller 2,2.216,5.997,-21.27,324.75,0.0,14.14,-150.42,1,Starting,496.98,946.0
1789285080000000000,2026-09-13T07:38:00Z,controller 2,2.259,5.926,-19.95,536.74,0.0,13.66,-146.05,1,Starting,514.55,928.29
1789285140000000000,2026-09-13T07:39:00Z,controller 2,2.233,6.016,-19.54,80.06,0.0,16.43,-118.93,3,Starting,1288.0,467.44
1789285200000000000,2026-09-13T07:40:00Z,controller 2,2.19,6.001,-18.38,232.82,0.0,14.16,-129.8,2,Starting,1309.99,476.79
1789285260000000000,2026-09-13T07:41:00Z,controller 2,2.202,6.031,-16.69,125.97,0.0,14.18,-117.7,3,Starting,1316.1,490.36
1789285320000000000,2026-09-13T07:42:00Z,controller 2,2.124,5.974,-17.24,236.56,0.0,14.73,-117.04,1,Starting,1285.99,466.01
1789285380000000000,2026-09-13T07:43:00Z,controller 2,2.092,5.917,-16.48,528.78,0.0,13.71,-120.2,1,Starting,1319.93,482.8
1789285440000000000,2026-09-13T07:44:00Z,controller 2,2.041,5.881,-16.29,82.56,0.0,12.34,-132.01,3,Starting,1322.97,473.91
1789285500000000000,2026-09-13T07:45:00Z,controller 2,2.099,5.831,-15.62,213.9,0.0,12.33,-126.68,3,Off,1371.33,476.23
1789285560000000000,2026-09-13T07:46:00Z,controller 2,2.103,5.797,-15.03,442.13,0.0,13.29,-113.09,1,Off,1415.15,447.18
1789285620000000000,2026-09-13T07:47:00Z,controller 2,1.948,5.753,-15.1,497.43,0.0,10.21,-147.89,2,Off,1374.24,442.46
1789285680000000000,2026-09-13T07:48:00Z,controller 2,1.936,5.724,-15.12,472.35,0.0,9.66,-156.52,3,Off,1409.81,447.69
1789285740000000000,2026-09-13T07:49:00Z,controller 2,1.977,5.77,-16.29,346.84,0.0,11.77,-138.4,1,Off,1414.4,471.6
1789285800000000000,2026-09-13T07:50:00Z,controller 2,2.015,5.817,-15.86,88.09,0.0,12.98,-122.19,3,Off,1369.12,483.0
1789285860000000000,2026-09-13T07:51:00Z,controller 2,2.047,5.931,-14.36,365.45,0.0,11.3,-127.08,1,Off,1322.12,467.99
1789285920000000000,2026-09-13T07:52:00Z,controller 2,2.011,5.974,-14.82,587.3,0.0,12.32,-120.29,3,Off,1334.73,496.89
1789285980000000000,2026-09-13T07:53:00Z,controller 2,2.007,5.953,-16.08,265.88,0.0,13.12,-122.56,1,Off,1321.74,468.21
1789286040000000000,2026-09-13T07:54:00Z,controller 2,1.941,5.912,-16.08,66.12,0.0,11.6,-138.62,2,Off,1332.26,440.43
1789286100000000000,2026-09-13T07:55:00Z,controller 2,1.898,5.824,-16.11,324.07,0.0,11.24,-143.33,2,Off,1299.13,469.81
1789286160000000000,2026-09-13T07:56:00Z,controller 2,1.859,5.86,-16.45,10.89,0.0,10.25,-160.49,1,Off,1296.09,454.15
1789286220000000000,2026-09-13T07:57:00Z,controller 2,1.806,5.825,-17.15,16.92,0.0,9.75,-175.9,2,Off,1324.29,453.89
1789286280000000000,2026-09-13T07:58:00Z,controller 2,1.825,5.816,-17.24,74.04,0.0,9.16,-188.21,3,Off,1366.82,445.52
1789286340000000000,2026-09-13T07:59:00Z,controller 2,1.794,5.818,-17.05,242.37,0.0,8.74,-195.08,3,Off,1382.61,460.55
1789286400000000000,2026-09-13T08:00:00Z,controller 2,1.791,5.843,-15.35,282.28,0.0,9.87,-155.52,2,Off,1375.4,448.13
1789286460000000000,2026-09-13T08:01:00Z,controller 2,1.746,5.956,-15.24,309.7,0.0,8.62,-176.8,3,Off,1389.13,452.96
1789286520000000000,2026-09-13T08:02:00Z,controller 2,1.741,5.981,-14.91,121.67,0.0,9.0,-165.67,2,Off,1400.71,442.11
1789286580000000000,2026-09-13T08:03:00Z,controller 2,1.845,6.029,-15.37,344.79,0.0,10.5,-146.38,1,Off,1378.56,422.77
1789286640000000000,2026-09-13T08:04:00Z,controller 2,1.879,5.944,-14.97,161.84,0.0,11.16,-134.14,1,Off,1333.2,425.53
1789286700000000000,2026-09-13T08:05:00Z,controller 2,1.825,5.899,-14.55,405.45,0.0,9.72,-149.69,1,Off,1321.57,420.09
1789286760000000000,2026-09-13T08:06:00Z,controller 2,1.869,5.904,-14.58,578.57,0.0,9.44,-154.45,3,Off,1319.57,443.76
1789286820000000000,2026-09-13T08:07:00Z,controller 2,1.842,5.886,-15.04,26.9,0.0,9.98,-150.7,1,Off,1302.64,437.84
1789286880000000000,2026-09-13T08:08:00Z,controller 2,1.866,5.936,-13.77,26.62,0.0,11.37,-121.11,1,Off,1258.37,429.12
1789286940000000000,2026-09-13T08:09:00Z,controller 2,1.89,5.947,-12.86,562.42,0.0,10.48,-122.71,1,Off,1227.88,423.6
1789287000000000000,2026-09-13T08:10:00Z,controller 2,1.917,5.992,-11.68,254.17,0.0,10.29,-113.51,3,Off,1187.12,414.33
1789287060000000000,2026-09-13T08:11:00Z,controller 2,1.955,5.91,-10.92,2.26,0.0,11.81,-92.46,2,Off,1178.05,425.44
1789287120000000000,2026-09-13T08:12:00Z,controller 2,1.94,5.816,-10.55,21.59,0.0,11.13,-94.79,3,Off,1147.92,407.22
1789287180000000000,2026-09-13T08:13:00Z,controller 2,1.95,5.787,-10.58,342.34,0.0,11.4,-92.81,2,Off,1158.71,414.9
1789287240000000000,2026-09-13T08:14:00Z,controller 2,1.849,5.816,-10.09,403.77,0.0,10.87,-92.82,2,Off,1194.32,442.13
1789287300000000000,2026-09-13T08:15:00Z,controller 2,1.839,5.848,-9.77,267.2,0.0,9.85,-99.19,3,Off,1180.3,456.5
1789287360000000000,2026-09-13T08:16:00Z,controller 2,1.87,5.931,-9.86,108.84,0.0,10.28,-95.91,1,Off,1136.75,483.81
1789287420000000000,2026-09-13T08:17:00Z,controller 2,1.913,5.936,-8.88,360.0,0.0,10.94,-81.17,3,Off,1149.85,466.8
1789287480000000000,2026-09-13T08:18:00Z,controller 2,1.875,5.864,-9.72,64.83,0.0,10.7,-90.84,1,Off,1185.5,477.25
1789287540000000000,2026-09-13T08:19:00Z,controller 2,1.807,5.896,-9.74,319.28,0.0,8.69,-112.08,2,Off,1212.8,472.85
1789287600000000000,2026-09-13T08:20:00Z,controller 2,1.781,5.77,-9.87,208.84,0.0,8.92,-110.65,1,Off,1229.35,488.88
1789287660000000000,2026-09-13T08:21:00Z,controller 2,1.803,5.745,-10.2,247.16,0.0,9.21,-110.75,1,Off,1276.07,502.02
1789287720000000000,2026-09-13T08:22:00Z,controller 2,1.869,5.706,-10.49,518.05,0.0,10.81,-97.04,2,Off,1270.96,496.37
1789287780000000000,2026-09-13T08:23:00Z,controller 2,1.854,5.768,-10.18,475.62,0.0,9.1,-111.87,3,Off,1243.72,481.38
1789287840000000000,2026-09-13T08:24:00Z,controller 2,1.88,5.797,-10.57,404.55,0.0,9.27,-114.02,1,Off,1269.75,492.2
1789287900000000000,2026-09-13T08:25:00Z,controller 2,1.947,5.885,-11.62,247.17,0.0,10.74,-108.19,2,Off,1251.11,491.3
1789287960000000000,2026-09-13T08:26:00Z,controller 2,1.941,5.81,-10.63,44.91,0.0,10.34,-102.8,2,Off,1288.94,521.28
1789288020000000000,2026-09-13T08:27:00Z,controller 2,1.921,5.863,-9.77,311.52,0.0,11.37,-85.93,3,Off,1314.86,518.52
1789288080000000000,2026-09-13T08:28:00Z,controller 2,1.88,5.832,-10.23,240.7,0.0,9.9,-103.33,2,Off,1288.86,523.67
1789288140000000000,2026-09-13T08:29:00Z,controller 2,1.849,5.846,-9.48,541.27,0.0,9.34,-101.5,2,Off,1261.7,514.15
1789288200000000000,2026-09-13T08:30:00Z,controller 2,1.833,5.859,-10.41,592.2,0.0,9.9,-105.15,3,Off,1275.95,492.18
1789288260000000000,2026-09-13T08:31:00Z,controller 2,1.821,5.956,-10.49,218.24,0.0,10.49,-100.0,2,Off,1283.86,465.86
1789288320000000000,2026-09-13T08:32:00Z,controller 2,1.792,5.966,-9.64,466.44,0.0,9.87,-97.67,2,Off,1330.2,486.56
1789288380000000000,2026-09-13T08:33:00Z,controller 2,1.84,5.893,-9.17,577.19,0.0,10.16,-90.26,1,Off,1378.14,492.58
1789288440000000000,2026-09-13T08:34:00Z,controller 2,1.872,5.859,-9.71,193.34,0.0,9.59,-101.25,3,Off,1338.98,510.22
1789288500000000000,2026-09-13T08:35:00Z,controller 2,1.816,5.788,-10.08,462.62,0.0,9.25,-108.97,3,Off,1301.56,507.65
1789288560000000000,2026-09-13T08:36:00Z,controller 2,1.849,5.653,-9.95,39.52,0.0,10.07,-98.81,3,Off,1285.91,527.02
1789288620000000000,2026-09-13T08:37:00Z,controller 2,1.749,5.628,-10.6,408.06,0.0,8.19,-129.43,1,Off,1322.28,547.54
1789288680000000000,2026-09-13T08:38:00Z,controller 2,1.755,5.649,-9.91,435.08,0.0,9.48,-104.54,1,Off,1368.65,567.33
1789288740000000000,2026-09-13T08:39:00Z,controller 2,1.728,5.748,-9.1,401.35,0.0,9.36,-97.22,2,Off,1330.44,561.35
1789288800000000000,2026-09-13T08:40:00Z,controller 2,1.74,5.7,-9.66,52.25,0.0,8.43,-114.59,1,Off,1328.06,587.04
1789288860000000000,2026-09-13T08:41:00Z,controller 2,1.774,5.632,-9.66,201.21,0.0,9.39,-102.88,1,Off,1278.39,605.92
1789288920000000000,2026-09-13T08:42:00Z,controller 2,1.848,5.637,-10.05,288.18,0.0,9.85,-102.03,1,Off,1289.09,622.85
1789288980000000000,2026-09-13T08:43:00Z,controller 2,1.841,5.61,-9.34,36.42,0.0,10.33,-90.42,3,Off,1316.53,606.1
1789289040000000000,2026-09-13T08:44:00Z,controller 2,1.82,5.644,-8.49,592.6,0.0,8.9,-95.39,1,Off,1324.12,592.55
1789289100000000000,2026-09-13T08:45:00Z,controller 2,1.802,5.604,-8.34,480.76,0.0,8.65,-96.42,2,Off,1318.14,618.72
1789289160000000000,2026-09-13T08:46:00Z,controller 2,1.79,5.551,-8.87,296.32,0.0,9.05,-98.01,3,Off,1276.86,648.64
1789289220000000000,2026-09-13T08:47:00Z,controller 2,1.734,5.587,-8.01,223.34,0.0,8.98,-89.2,3,Off,1277.73,629.72
1789289280000000000,2026-09-13T08:48:00Z,controller 2,1.691,5.586,-7.7,535.36,0.0,7.74,-99.48,1,Off,1229.98,642.03
1789289340000000000,2026-09-13T08:49:00Z,controller 2,1.722,5.557,-7.91,48.33,0.0,8.79,-89.99,1,Off,1193.15,657.72
1789289400000000000,2026-09-13T08:50:00Z,controller 2,1.646,5.47,-7.28,129.27,0.0,6.91,-105.35,2,Off,1145.55,643.87
1789289460000000000,2026-09-13T08:51:00Z,controller 2,1.551,5.512,-6.78,245.82,0.0,6.38,-106.27,3,Off,1167.87,627.06
1789289520000000000,2026-09-13T08:52:00Z,controller 2,1.551,5.565,-7.18,223.43,0.0,7.03,-102.13,1,Off,1144.37,642.64
1789289580000000000,2026-09-13T08:53:00Z,controller 2,1.573,5.6,-7.63,350.67,0.0,6.84,-111.55,3,Off,1150.33,615.23
1789289640000000000,2026-09-13T08:54:00Z,controller 2,1.557,5.61,-8.24,514.46,0.0,6.7,-122.99,1,Off,1123.73,606.04
1789289700000000000,2026-09-13T08:55:00Z,controller 2,1.58,5.622,-8.52,583.91,0.0,7.14,-119.33,2,Off,1142.46,602.1
1789289760000000000,2026-09-13T08:56:00Z,controller 2,1.583,5.758,-9.0,254.5,0.0,6.59,-136.57,1,Off,1176.85,612.47
1789289820000000000,2026-09-13T08:57:00Z,controller 2,1.602,5.718,-9.6,553.16,0.0,7.13,-134.64,2,Off,1155.36,586.8
1789289880000000000,2026-09-13T08:58:00Z,controller 2,1.64,5.865,-8.79,476.25,0.0,8.33,-105.52,2,Off,1188.58,594.5
1789289940000000000,2026-09-13T08:59:00Z,controller 2,1.704,5.79,-8.15,95.2,0.0,7.89,-103.3,3,Off,1192.29,578.37
1789290000000000000,2026-09-13T09:00:00Z,controller 2,1.645,5.714,-8.96,211.38,0.0,7.41,-120.92,3,Off,1169.19,551.66
1789290060000000000,2026-09-13T09:01:00Z,controller 2,1.665,5.741,-9.02,112.33,0.0,8.26,-109.2,1,Off,1168.64,561.43
1789290120000000000,2026-09-13T09:02:00Z,controller 2,1.725,5.67,-8.62,411.25,0.0,8.04,-107.21,2,Off,1129.63,558.33
1789290180000000000,2026-09-13T09:03:00Z,controller 2,1.733,5.71,-8.61,343.13,0.0,9.19,-93.69,3,Off,1085.56,564.08
1789290240000000000,2026-09-13T09:04:00Z,controller 2,1.71,5.684,-9.32,95.99,0.0,8.49,-109.78,2,Off,1062.73,536.54
1789290300000000000,2026-09-13T09:05:00Z,controller 2,1.696,5.654,-9.88,328.83,0.0,7.43,-132.97,1,Off,1096.88,524.07
1789290360000000000,2026-09-13T09:06:00Z,controller 2,1.723,5.631,-8.93,430.02,0.0,7.68,-116.28,3,Off,1137.99,526.48
1789290420000000000,2026-09-13T09:07:00Z,controller 2,1.772,5.585,-8.1,244.91,0.0,8.56,-94.63,1,Off,1147.56,536.13
1789290480000000000,2026-09-13T09:08:00Z,controller 2,1.846,5.54,-7.85,504.48,0.0,9.38,-83.69,2,Off,1146.13,542.41
1789290540000000000,2026-09-13T09:09:00Z,controller 2,1.898,5.548,-8.45,497.08,0.0,10.8,-78.24,3,Off,1119.95,541.36
1789290600000000000,2026-09-13T09:10:00Z,controller 2,1.922,5.49,-8.14,3.15,0.0,10.67,-76.29,1,Off,1136.02,566.54
1789290660000000000,2026-09-13T09:11:00Z,controller 2,1.98,5.5,-7.94,405.85,0.0,11.08,-71.66,2,Off,1107.39,571.42
1789290720000000000,2026-09-13T09:12:00Z,controller 2,1.857,5.555,-7.34,344.88,0.0,8.92,-82.29,1,Off,1072.27,584.14
1789290780000000000,2026-09-13T09:13:00Z,controller 2,1.839,5.623,-7.17,344.34,0.0,9.57,-74.92,1,Off,1028.42,590.69
1789290840000000000,2026-09-13T09:14:00Z,controller 2,1.84,5.588,-6.74,503.57,0.0,8.71,-77.38,3,Off,992.22,600.98
1789290900000000000,2026-09-13T09:15:00Z,controller 2,1.789,5.588,-6.96,394.36,0.0,8.72,-79.82,3,Off,1009.17,616.22
1789290960000000000,2026-09-13T09:16:00Z,controller 2,1.783,5.573,-6.65,276.4,0.0,8.64,-76.97,3,Off,1020.08,603.18
1789291020000000000,2026-09-13T09:17:00Z,controller 2,1.775,5.586,-7.23,220.26,0.0,8.77,-82.44,2,Off,1002.09,590.55
1789291080000000000,2026-09-13T09:18:00Z,controller 2,1.866,5.652,-7.48,56.88,0.0,10.3,-72.62,1,Off,1014.36,569.89
1789291140000000000,2026-09-13T09:19:00Z,controller 2,1.89,5.63,-7.91,218.53,0.0,10.06,-78.63,2,Off,984.06,596.44
1789291200000000000,2026-09-13T09:20:00Z,controller 2,1.916,5.565,-8.24,70.36,0.0,11.17,-73.77,3,Off,1018.38,601.85
1789291260000000000,2026-09-13T09:21:00Z,controller 2,1.938,5.621,-7.6,509.59,0.0,9.57,-79.41,1,Off,1046.52,586.67
1789291320000000000,2026-09-13T09:22:00Z,controller 2,1.931,5.671,-7.05,291.67,0.0,10.47,-67.34,2,Off,1092.6,616.27
1789291380000000000,2026-09-13T09:23:00Z,controller 2,1.959,5.64,-6.93,545.05,0.0,10.59,-65.44,2,Off,1052.99,589.81
1789291440000000000,2026-09-13T09:24:00Z,controller 2,1.939,5.596,-6.95,138.94,0.0,11.18,-62.16,3,Off,1075.52,610.58
1789291500000000000,2026-09-13T09:25:00Z,controller 2,1.921,5.705,-7.41,554.93,0.0,10.79,-68.67,1,Off,1065.67,638.96
1789291560000000000,2026-09-13T09:26:00Z,controller 2,1.916,5.657,-7.06,50.75,0.0,9.61,-73.47,1,Off,1399.85,653.19
1789291620000000000,2026-09-13T09:27:00Z,controller 2,1.862,5.648,-7.06,140.02,0.0,9.14,-77.24,1,Off,1427.71,677.83
1789291680000000000,2026-09-13T09:28:00Z,controller 2,1.864,5.596,-7.19,431.37,0.0,9.39,-76.57,3,Off,1467.33,706.22
1789291740000000000,2026-09-13T09:29:00Z,controller 2,1.877,5.497,-7.86,206.2,0.0,9.81,-80.12,1,Off,1454.8,700.62
1789291800000000000,2026-09-13T09:30:00Z,controller 2,1.941,5.471,-8.23,560.18,0.0,10.34,-79.59,2,Off,1434.89,728.56
1789291860000000000,2026-09-13T09:31:00Z,controller 2,1.879,5.413,-7.43,352.83,0.0,9.34,-79.55,3,Off,1396.96,709.65
1789291920000000000,2026-09-13T09:32:00Z,controller 2,1.926,5.427,-7.24,519.49,0.0,9.19,-78.78,1,Off,1382.2,700.15
1789291980000000000,2026-09-13T09:33:00Z,controller 2,1.925,5.378,-6.99,101.41,0.0,9.1,-76.81,2,Off,1425.13,681.22
1789292040000000000,2026-09-13T09:34:00Z,controller 2,1.924,5.346,-7.34,501.7,0.0,10.66,-68.86,2,Off,1440.63,686.28
1789292100000000000,2026-09-13T09:35:00Z,controller 2,1.977,5.272,-6.82,420.13,0.0,9.78,-69.73,3,Off,1436.31,681.07
1789292160000000000,2026-09-13T09:36:00Z,controller 2,2.009,5.326,-6.5,101.48,0.0,9.7,-67.01,2,Off,1467.75,659.88
1789292220000000000,2026-09-13T09:37:00Z,controller 2,1.922,5.238,-7.11,40.03,0.0,9.62,-73.91,1,Off,1500.0,670.8
1789292280000000000,2026-09-13T09:38:00Z,controller 2,1.868,5.284,-6.63,337.98,0.0,9.14,-72.54,3,On,1500.0,666.75
1789292340000000000,2026-09-13T09:39:00Z,controller 2,1.809,5.296,-6.78,33.82,0.0,8.9,-76.18,1,On,1500.0,670.45
1789292400000000000,2026-09-13T09:40:00Z,controller 2,1.775,5.238,-6.85,584.55,0.0,8.65,-79.19,1,On,1500.0,663.98
1789292460000000000,2026-09-13T09:41:00Z,controller 2,1.769,5.202,-6.44,163.71,0.0,8.74,-73.68,3,On,1482.33,655.72
1789292520000000000,2026-09-13T09:42:00Z,controller 2,1.821,5.146,-6.0,140.62,0.0,9.24,-64.94,1,On,1500.0,677.74
1789292580000000000,2026-09-13T09:43:00Z,controller 2,1.855,5.187,-6.05,223.12,0.0,9.32,-64.91,3,On,1500.0,691.03
1789292640000000000,2026-09-13T09:44:00Z,controller 2,1.803,5.114,-6.18,256.75,0.0,7.83,-78.93,2,On,1500.0,680.69
1789292700000000000,2026-09-13T09:45:00Z,controller 2,1.852,5.108,-5.58,479.16,0.0,8.92,-62.56,2,On,1500.0,707.85
1789292760000000000,2026-09-13T09:46:00Z,controller 2,1.938,5.196,-5.52,456.49,0.0,10.25,-53.85,3,On,1500.0,692.69
1789292820000000000,2026-09-13T09:47:00Z,controller 2,1.89,5.225,-5.8,75.38,0.0,8.53,-68.0,2,On,1500.0,697.02
1789292880000000000,2026-09-13T09:48:00Z,controller 2,1.89,5.2,-5.54,244.33,0.0,9.7,-57.11,1,On,1500.0,696.21
1789292940000000000,2026-09-13T09:49:00Z,controller 2,1.848,5.24,-5.78,399.14,0.0,8.6,-67.21,1,On,1500.0,675.2
1789293000000000000,2026-09-13T09:50:00Z,controller 2,1.812,5.328,-6.02,80.99,0.0,9.36,-64.32,2,On,1500.0,654.74
1789293060000000000,2026-09-13T09:51:00Z,controller 2,1.819,5.4,-6.52,470.79,0.0,8.62,-75.64,2,On,1500.0,638.83
1789293120000000000,2026-09-13T09:52:00Z,controller 2,1.826,5.343,-6.25,461.74,0.0,9.46,-66.07,3,On,1500.0,640.74
1789293180000000000,2026-09-13T09:53:00Z,controller 2,1.819,5.344,-6.85,423.78,0.0,8.76,-78.2,2,On,1500.0,611.42
1789293240000000000,2026-09-13T09:54:00Z,controller 2,1.75,5.375,-6.32,372.07,0.0,8.47,-74.62,2,On,1500.0,624.26
1789293300000000000,2026-09-13T09:55:00Z,controller 2,1.745,5.36,-5.72,450.66,0.0,7.56,-75.66,3,On,1500.0,632.74
1789293360000000000,2026-09-13T09:56:00Z,controller 2,1.751,5.393,-5.5,592.2,0.0,8.01,-68.66,3,On,1500.0,636.82
1789293420000000000,2026-09-13T09:57:00Z,controller 2,1.681,5.427,-5.28,508.17,0.0,7.7,-68.57,2,On,1500.0,613.31
1789293480000000000,2026-09-13T09:58:00Z,controller 2,1.674,5.392,-5.08,567.94,0.0,7.7,-65.97,3,On,1500.0,608.74
1789293540000000000,2026-09-13T09:59:00Z,controller 2,1.67,5.289,-4.79,9.1,0.0,6.98,-68.62,1,On,1500.0,634.23
1789293600000000000,2026-09-13T10:00:00Z,controller 2,1.739,5.286,-4.33,503.62,0.0,8.38,-51.67,1,On,1500.0,658.87
1789293660000000000,2026-09-13T10:01:00Z,controller 2,1.76,5.228,-4.13,101.69,0.0,8.86,-46.61,3,On,1500.0,678.46
1789293720000000000,2026-09-13T10:02:00Z,controller 2,1.716,5.153,-3.89,306.45,0.0,6.86,-56.71,2,On,1500.0,664.97
1789293780000000000,2026-09-13T10:03:00Z,controller 2,1.707,5.172,-4.25,198.67,0.0,7.89,-53.87,1,On,1500.0,663.76
1789293840000000000,2026-09-13T10:04:00Z,controller 2,1.822,5.168,-4.43,15.28,0.0,8.6,-51.51,2,On,1500.0,641.63
1789293900000000000,2026-09-13T10:05:00Z,controller 2,1.792,5.338,-4.66,437.2,0.0,9.39,-49.63,2,On,1120.15,600.64
1789293960000000000,2026-09-13T10:06:00Z,controller 2,1.745,5.399,-4.65,171.34,0.0,8.26,-56.3,2,On,1101.94,358.95
1789294020000000000,2026-09-13T10:07:00Z,controller 2,1.788,5.424,-5.08,118.03,0.0,7.93,-64.06,1,On,1106.34,381.87
1789294080000000000,2026-09-13T10:08:00Z,controller 2,1.804,5.434,-4.77,123.15,0.0,8.51,-56.05,3,On,1081.43,386.45
1789294140000000000,2026-09-13T10:09:00Z,controller 2,1.819,5.457,-5.23,179.22,0.0,9.84,-53.15,3,On,1082.06,372.28
1789294200000000000,2026-09-13T10:10:00Z,controller 2,1.81,5.527,-4.77,584.83,0.0,8.61,-55.4,3,On,1057.88,394.38
1789294260000000000,2026-09-13T10:11:00Z,controller 2,1.807,5.585,-4.75,65.96,0.0,8.58,-55.36,2,On,1071.18,369.7
1789294320000000000,2026-09-13T10:12:00Z,controller 2,1.816,5.554,-5.08,390.71,0.0,8.83,-57.53,1,On,1035.03,364.85
1789294380000000000,2026-09-13T10:13:00Z,controller 2,1.832,5.432,-5.05,447.8,0.0,8.53,-59.2,2,On,1069.98,364.51
1789294440000000000,2026-09-13T10:14:00Z,controller 2,1.869,5.419,-5.39,387.51,0.0,10.19,-52.89,3,On,1104.12,358.5
1789294500000000000,2026-09-13T10:15:00Z,controller 2,1.861,5.419,-5.81,54.31,0.0,9.13,-63.64,1,On,1143.31,368.21
1789294560000000000,2026-09-13T10:16:00Z,controller 2,1.814,5.469,-5.4,350.6,0.0,8.81,-61.29,2,On,1110.09,356.95
1789294620000000000,2026-09-13T10:17:00Z,controller 2,1.803,5.511,-5.61,41.08,0.0,9.28,-60.45,1,On,1090.69,358.04
1789294680000000000,2026-09-13T10:18:00Z,controller 2,1.829,5.459,-5.65,592.53,0.0,9.51,-59.41,2,On,1135.53,380.32
1789294740000000000,2026-09-13T10:19:00Z,controller 2,1.807,5.521,-5.87,71.08,0.0,9.13,-64.29,3,On,1090.77,389.03
1789294800000000000,2026-09-13T10:20:00Z,controller 2,1.734,5.492,-5.52,355.62,0.0,8.19,-67.4,1,On,1078.28,378.63
1789294860000000000,2026-09-13T10:21:00Z,controller 2,1.728,5.459,-5.7,276.34,0.0,7.69,-74.12,1,On,1112.09,362.53
1789294920000000000,2026-09-13T10:22:00Z,controller 2,1.743,5.502,-5.94,124.19,0.0,9.1,-65.27,1,On,1158.58,385.83
1789294980000000000,2026-09-13T10:23:00Z,controller 2,1.784,5.483,-6.0,226.95,0.0,8.0,-75.0,1,On,1176.05,399.07
1789295040000000000,2026-09-13T10:24:00Z,controller 2,1.774,5.453,-6.01,492.51,0.0,8.29,-72.5,1,On,1176.08,374.46
1789295100000000000,2026-09-13T10:25:00Z,controller 2,1.801,5.502,-5.76,94.99,0.0,9.54,-60.38,1,On,1176.54,359.87
1789295160000000000,2026-09-13T10:26:00Z,controller 2,1.808,5.571,-5.43,112.6,0.0,9.84,-55.18,2,On,1176.54,386.75
1789295220000000000,2026-09-13T10:27:00Z,controller 2,1.728,5.563,-5.71,174.08,0.0,8.06,-70.84,3,On,1145.43,394.02
1789295280000000000,2026-09-13T10:28:00Z,controller 2,1.69,5.614,-6.21,380.06,0.0,8.55,-72.63,3,On,1105.9,396.56
1789295340000000000,2026-09-13T10:29:00Z,controller 2,1.728,5.62,-5.81,263.97,0.0,9.16,-63.43,3,On,1116.24,406.25
1789295400000000000,2026-09-13T10:30:00Z,controller 2,1.703,5.663,-6.36,112.94,0.0,8.82,-72.11,3,On,1128.55,381.53
1789295460000000000,2026-09-13T10:31:00Z,controller 2,1.736,5.695,-6.89,329.82,0.0,8.18,-84.23,2,On,1080.01,373.03
1789295520000000000,2026-09-13T10:32:00Z,controller 2,1.757,5.733,-6.34,328.29,0.0,9.37,-67.66,2,On,1071.8,344.86
1789295580000000000,2026-09-13T10:33:00Z,controller 2,1.803,5.72,-6.17,273.28,0.0,9.61,-64.2,1,On,1068.86,368.81
1789295640000000000,2026-09-13T10:34:00Z,controller 2,1.769,5.695,-5.77,246.02,0.0,9.73,-59.3,3,On,1043.33,394.33
1789295700000000000,2026-09-13T10:35:00Z,controller 2,1.827,5.662,-5.39,439.43,0.0,9.62,-56.03,2,On,1051.37,408.18
1789295760000000000,2026-09-13T10:36:00Z,controller 2,1.753,5.745,-5.85,193.65,0.0,8.03,-72.85,3,On,1023.66,382.57
1789295820000000000,2026-09-13T10:37:00Z,controller 2,1.733,5.79,-5.31,197.58,0.0,8.46,-62.77,1,On,1064.58,358.63
1789295880000000000,2026-09-13T10:38:00Z,controller 2,1.781,5.708,-5.3,365.68,0.0,8.29,-63.93,1,On,1046.08,378.22
1789295940000000000,2026-09-13T10:39:00Z,controller 2,1.798,5.767,-5.68,154.55,0.0,8.8,-64.55,2,On,1078.55,354.99
1789296000000000000,2026-09-13T10:40:00Z,controller 2,1.715,5.699,-5.36,162.2,0.0,7.93,-67.59,2,On,1098.82,328.82
1789296060000000000,2026-09-13T10:41:00Z,controller 2,1.708,5.64,-5.59,587.5,0.0,7.79,-71.76,1,On,1141.7,302.16
1789296120000000000,2026-09-13T10:42:00Z,controller 2,1.673,5.585,-5.14,36.1,0.0,8.35,-61.56,1,On,1188.41,314.68
1789296180000000000,2026-09-13T10:43:00Z,controller 2,1.645,5.563,-4.72,400.02,0.0,6.96,-67.82,1,On,1212.59,308.01
1789296240000000000,2026-09-13T10:44:00Z,controller 2,1.663,5.618,-4.91,441.62,0.0,7.96,-61.68,3,On,1166.94,330.44
1789296300000000000,2026-09-13T10:45:00Z,controller 2,1.626,5.574,-4.78,121.32,0.0,7.28,-65.66,1,On,1132.24,357.23
1789296360000000000,2026-09-13T10:46:00Z,controller 2,1.615,5.49,-4.8,73.02,0.0,6.54,-73.39,2,On,1179.28,368.25
1789296420000000000,2026-09-13T10:47:00Z,controller 2,1.547,5.498,-5.17,503.58,0.0,6.49,-79.66,1,On,1175.07,387.73
1789296480000000000,2026-09-13T10:48:00Z,controller 2,1.533,5.433,-5.53,461.44,0.0,6.19,-89.34,2,On,1200.3,380.0
1789296540000000000,2026-09-13T10:49:00Z,controller 2,1.549,5.327,-5.51,463.23,0.0,6.09,-90.48,3,On,1222.2,394.44
1789296600000000000,2026-09-13T10:50:00Z,controller 2,1.604,5.233,-5.07,293.04,0.0,6.75,-75.11,3,On,1248.57,379.38
1789296660000000000,2026-09-13T10:51:00Z,controller 2,1.672,5.192,-4.83,271.52,0.0,7.17,-67.36,3,On,1224.8,351.53
1789296720000000000,2026-09-13T10:52:00Z,controller 2,1.753,5.192,-5.17,126.15,0.0,8.34,-61.99,2,On,1178.36,368.58
1789296780000000000,2026-09-13T10:53:00Z,controller 2,1.828,5.167,-5.22,434.64,0.0,8.17,-63.89,2,On,1219.83,353.05
1789296840000000000,2026-09-13T10:54:00Z,controller 2,1.907,5.189,-4.78,576.57,0.0,8.68,-55.07,1,On,1226.76,377.73
1789296900000000000,2026-09-13T10:55:00Z,controller 2,1.857,5.171,-5.12,258.13,0.0,9.55,-53.61,2,On,1236.21,400.85
1789296960000000000,2026-09-13T10:56:00Z,controller 2,1.835,5.171,-5.03,456.71,0.0,8.94,-56.26,1,On,1193.12,407.1
1789297020000000000,2026-09-13T10:57:00Z,controller 2,1.746,5.228,-5.12,466.39,0.0,8.55,-59.88,1,On,1143.62,408.7
1789297080000000000,2026-09-13T10:58:00Z,controller 2,1.807,5.211,-4.79,200.84,0.0,7.79,-61.49,1,On,1123.98,394.75
1789297140000000000,2026-09-13T10:59:00Z,controller 2,1.768,5.194,-4.4,49.01,0.0,8.63,-50.98,1,On,1106.53,370.35
1789297200000000000,2026-09-13T11:00:00Z,controller 2,1.646,5.183,-4.63,313.06,0.0,6.7,-69.1,2,On,1087.66,348.43
1789297260000000000,2026-09-13T11:01:00Z,controller 2,1.699,5.164,-4.2,23.6,0.0,7.5,-56.0,3,On,1111.9,343.48
1789297320000000000,2026-09-13T11:02:00Z,controller 2,1.735,5.262,-3.88,537.69,0.0,8.24,-47.09,3,On,1127.62,346.08
1789297380000000000,2026-09-13T11:03:00Z,controller 2,1.766,5.294,-4.03,221.01,0.0,7.98,-50.5,2,On,1117.57,359.54
1789297440000000000,2026-09-13T11:04:00Z,controller 2,1.742,5.191,-3.87,429.28,0.0,7.41,-52.23,2,On,1089.93,371.63
1789297500000000000,2026-09-13T11:05:00Z,controller 2,1.748,5.119,-4.12,579.29,0.0,7.85,-52.48,2,On,1118.97,389.76
1789297560000000000,2026-09-13T11:06:00Z,controller 2,1.724,5.152,-3.78,74.64,0.0,8.25,-45.82,1,On,1081.94,411.22
1789297620000000000,2026-09-13T11:07:00Z,controller 2,1.721,5.161,-3.91,465.0,0.0,7.04,-55.54,2,On,1128.65,384.34
1789297680000000000,2026-09-13T11:08:00Z,controller 2,1.687,5.233,-3.59,450.35,0.0,7.48,-47.99,1,On,1127.55,372.68
1789297740000000000,2026-09-13T11:09:00Z,controller 2,1.693,5.205,-3.83,553.32,0.0,8.0,-47.88,1,On,1090.48,393.8
1789297800000000000,2026-09-13T11:10:00Z,controller 2,1.707,5.219,-3.46,238.37,0.0,7.05,-49.08,3,On,1067.66,373.17
1789297860000000000,2026-09-13T11:11:00Z,controller 2,1.723,5.174,-3.65,122.82,0.0,6.94,-52.59,2,On,1031.38,397.07
1789297920000000000,2026-09-13T11:12:00Z,controller 2,1.667,5.15,-3.3,180.15,0.0,7.61,-43.36,3,On,1056.96,386.71
1789297980000000000,2026-09-13T11:13:00Z,controller 2,1.677,5.132,-3.31,267.48,0.0,7.41,-44.67,3,On,1035.08,372.97
1789298040000000000,2026-09-13T11:14:00Z,controller 2,1.679,5.099,-3.51,84.57,0.0,7.59,-46.25,3,On,995.28,365.8
1789298100000000000,2026-09-13T11:15:00Z,controller 2,1.703,5.161,-3.65,552.42,0.0,7.77,-46.98,2,On,987.71,344.42
1789298160000000000,2026-09-13T11:16:00Z,controller 2,1.714,5.236,-3.7,301.74,0.0,7.97,-46.42,1,On,996.86,368.33
1789298220000000000,2026-09-13T11:17:00Z,controller 2,1.774,5.185,-4.02,283.14,0.0,7.86,-51.15,2,On,1006.2,358.61
1789298280000000000,2026-09-13T11:18:00Z,controller 2,1.764,5.26,-4.07,170.56,0.0,7.8,-52.18,3,On,987.6,348.54
1789298340000000000,2026-09-13T11:19:00Z,controller 2,1.776,5.256,-4.02,243.17,0.0,8.79,-45.73,1,On,1247.76,358.98
1789298400000000000,2026-09-13T11:20:00Z,controller 2,1.785,5.268,-4.37,481.49,0.0,8.76,-49.89,3,On,1255.53,335.81
1789298460000000000,2026-09-13T11:21:00Z,controller 2,1.723,5.286,-4.56,297.95,0.0,8.03,-56.79,2,On,1229.21,323.51
1789298520000000000,2026-09-13T11:22:00Z,controller 2,1.627,5.289,-4.16,389.03,0.0,6.52,-63.8,3,On,1183.98,303.16
1789298580000000000,2026-09-13T11:23:00Z,controller 2,1.573,5.297,-4.21,288.06,0.0,6.68,-63.02,1,On,1140.67,281.39
1789298640000000000,2026-09-13T11:24:00Z,controller 2,1.553,5.476,-4.62,372.46,0.0,6.22,-74.28,2,On,1100.56,283.99
1789298700000000000,2026-09-13T11:25:00Z,controller 2,1.543,5.441,-5.03,377.48,0.0,5.98,-84.11,2,On,1135.89,294.39
1789298760000000000,2026-09-13T11:26:00Z,controller 2,1.523,5.527,-5.27,133.64,0.0,6.88,-76.6,3,On,1114.68,281.08
1789298820000000000,2026-09-13T11:27:00Z,controller 2,1.558,5.486,-5.62,411.02,0.0,7.23,-77.73,1,On,1157.14,273.07
1789298880000000000,2026-09-13T11:28:00Z,controller 2,1.587,5.519,-5.98,580.68,0.0,6.62,-90.33,2,On,1164.62,297.65
1789298940000000000,2026-09-13T11:29:00Z,controller 2,1.64,5.489,-6.18,528.9,0.0,7.61,-81.21,2,On,1195.76,301.57
1789299000000000000,2026-09-13T11:30:00Z,controller 2,1.659,5.507,-5.77,256.85,0.0,6.92,-83.38,3,On,1154.85,301.93
1789299060000000000,2026-09-13T11:31:00Z,controller 2,1.662,5.47,-5.38,90.39,0.0,7.14,-75.35,3,On,1108.77,290.76
1789299120000000000,2026-09-13T11:32:00Z,controller 2,1.734,5.383,-5.22,227.88,0.0,8.39,-62.22,1,On,1124.84,283.81
1789299180000000000,2026-09-13T11:33:00Z,controller 2,1.684,5.403,-5.22,461.48,0.0,7.05,-74.04,2,On,1167.22,296.6
1789299240000000000,2026-09-13T11:34:00Z,controller 2,1.684,5.407,-5.15,486.06,0.0,7.55,-68.21,3,On,1133.13,293.7
1789299300000000000,2026-09-13T11:35:00Z,controller 2,1.627,5.455,-4.96,120.21,0.0,6.52,-76.07,3,On,1143.7,295.55
1789299360000000000,2026-09-13T11:36:00Z,controller 2,1.595,5.414,-4.65,464.36,0.0,6.9,-67.39,3,On,1419.01,573.32
1789299420000000000,2026-09-13T11:37:00Z,controller 2,1.53,5.448,-4.97,324.84,0.0,6.04,-82.28,3,On,1435.06,586.37
1789299480000000000,2026-09-13T11:38:00Z,controller 2,1.584,5.48,-4.97,92.63,0.0,7.14,-69.61,1,On,1430.45,586.76
1789299540000000000,2026-09-13T11:39:00Z,controller 2,1.524,5.453,-4.84,558.31,0.0,6.09,-79.47,1,On,1442.15,597.17
1789299600000000000,2026-09-13T11:40:00Z,controller 2,1.531,5.492,-4.45,594.2,0.0,6.21,-71.66,3,On,1408.12,611.66
1789299660000000000,2026-09-13T11:41:00Z,controller 2,1.511,5.604,-4.89,263.91,0.0,6.05,-80.83,3,On,1406.57,623.65
1789299720000000000,2026-09-13T11:42:00Z,controller 2,1.445,5.606,-5.32,450.57,0.0,5.87,-90.63,2,On,1412.46,600.35
1789299780000000000,2026-09-13T11:43:00Z,controller 2,1.515,5.564,-5.45,454.16,0.0,6.48,-84.1,2,On,1388.63,587.0
1789299840000000000,2026-09-13T11:44:00Z,controller 2,1.533,5.52,-5.63,167.83,0.0,6.42,-87.69,1,On,1385.71,577.81
1789299900000000000,2026-09-13T11:45:00Z,controller 2,1.488,5.513,-5.9,69.89,0.0,5.99,-98.5,1,On,1339.19,596.37
1789299960000000000,2026-09-13T11:46:00Z,controller 2,1.503,5.48,-5.57,81.2,0.0,6.7,-83.13,3,On,1319.28,569.44
1789300020000000000,2026-09-13T11:47:00Z,controller 2,1.514,5.48,-5.77,393.87,0.0,5.73,-100.7,1,On,1366.52,577.35
1789300080000000000,2026-09-13T11:48:00Z,controller 2,1.571,5.587,-5.48,139.42,0.0,7.38,-74.25,2,On,1335.73,549.35
1789300140000000000,2026-09-13T11:49:00Z,controller 2,1.554,5.548,-5.56,351.88,0.0,6.15,-90.41,3,On,1385.67,578.05
1789300200000000000,2026-09-13T11:50:00Z,controller 2,1.593,5.498,-5.2,285.28,0.0,6.43,-80.87,2,On,1343.45,599.51
1789300260000000000,2026-09-13T11:51:00Z,controller 2,1.577,5.476,-5.03,432.7,0.0,6.69,-75.19,2,On,1353.11,599.31
1789300320000000000,2026-09-13T11:52:00Z,controller 2,1.543,5.429,-5.38,197.34,0.0,5.87,-91.65,1,On,1367.22,626.42
1789300380000000000,2026-09-13T11:53:00Z,controller 2,1.598,5.432,-5.73,449.96,0.0,6.57,-87.21,2,On,1406.62,604.94
1789300440000000000,2026-09-13T11:54:00Z,controller 2,1.619,5.367,-6.01,176.72,0.0,6.86,-87.61,2,On,1445.24,620.34
1789300500000000000,2026-09-13T11:55:00Z,controller 2,1.61,5.351,-6.59,103.35,0.0,6.94,-94.96,3,On,1421.93,591.26
1789300560000000000,2026-09-13T11:56:00Z,controller 2,1.654,5.356,-7.16,476.68,0.0,7.67,-93.35,2,On,1456.17,411.92
1789300620000000000,2026-09-13T11:57:00Z,controller 2,1.669,5.264,-6.75,93.39,0.0,7.57,-89.17,3,On,1500.0,429.8
1789300680000000000,2026-09-13T11:58:00Z,controller 2,1.633,5.302,-6.37,95.05,0.0,7.23,-88.11,1,On,1500.0,453.78
1789300740000000000,2026-09-13T11:59:00Z,controller 2,1.633,5.392,-6.88,34.08,0.0,6.75,-101.93,2,On,1499.25,480.51
1789300800000000000,2026-09-13T12:00:00Z,controller 2,1.626,5.432,-7.37,203.18,0.0,7.8,-94.49,1,On,1039.76,883.25
1789300860000000000,2026-09-13T12:01:00Z,controller 2,1.63,5.448,-6.77,292.17,0.0,6.61,-102.42,3,On,1033.3,868.08
1789300920000000000,2026-09-13T12:02:00Z,controller 2,1.652,5.563,-6.84,96.32,0.0,7.11,-96.2,2,On,1040.95,846.69
1789300980000000000,2026-09-13T12:03:00Z,controller 2,1.576,5.653,-6.2,333.33,0.0,7.43,-83.45,2,On,1035.6,846.15
1789301040000000000,2026-09-13T12:04:00Z,controller 2,1.563,5.649,-6.51,469.09,0.0,7.16,-90.92,2,On,1051.47,836.98
1789301100000000000,2026-09-13T12:05:00Z,controller 2,1.576,5.632,-7.01,417.05,0.0,7.04,-99.57,3,On,1089.82,862.01
1789301160000000000,2026-09-13T12:06:00Z,controller 2,1.596,5.655,-6.84,332.67,0.0,7.92,-86.36,1,On,1087.84,874.11
1789301220000000000,2026-09-13T12:07:00Z,controller 2,1.621,5.716,-6.64,102.79,0.0,7.66,-86.68,2,On,1116.46,876.4
1789301280000000000,2026-09-13T12:08:00Z,controller 2,1.561,5.762,-6.43,211.62,0.0,6.68,-96.26,1,On,1124.24,866.84
1789301340000000000,2026-09-13T12:09:00Z,controller 2,1.509,5.69,-7.02,14.67,0.0,6.65,-105.56,2,On,1087.62,875.75
1789301400000000000,2026-09-13T12:10:00Z,controller 2,1.499,5.824,-7.21,313.92,0.0,6.72,-107.29,3,On,1042.18,862.81
1789301460000000000,2026-09-13T12:11:00Z,controller 2,1.533,5.798,-7.14,477.74,0.0,6.59,-108.35,2,On,1082.59,876.62
1789301520000000000,2026-09-13T12:12:00Z,controller 2,1.571,5.82,-7.03,58.52,0.0,7.51,-93.61,3,On,1054.07,856.3
1789301580000000000,2026-09-13T12:13:00Z,controller 2,1.49,5.773,-7.47,512.82,0.0,6.56,-113.87,3,On,1012.92,843.81
1789301640000000000,2026-09-13T12:14:00Z,controller 2,1.482,5.834,-7.58,243.61,0.0,6.51,-116.44,2,On,1054.05,845.73
1789301700000000000,2026-09-13T12:15:00Z,controller 2,1.419,5.773,-6.9,166.14,0.0,6.1,-113.11,2,On,1005.07,818.28
1789301760000000000,2026-09-13T12:16:00Z,controller 2,1.371,5.817,-7.55,316.26,0.0,5.91,-127.75,3,On,966.71,833.78
1789301820000000000,2026-09-13T12:17:00Z,controller 2,1.366,5.789,-7.86,242.76,0.0,5.51,-142.65,2,On,926.13,846.99
1789301880000000000,2026-09-13T12:18:00Z,controller 2,1.381,5.826,-7.25,341.02,0.0,5.55,-130.63,3,On,931.61,869.11
1789301940000000000,2026-09-13T12:19:00Z,controller 2,1.389,5.812,-6.82,217.85,0.0,5.09,-133.99,3,On,929.93,852.45
1789302000000000000,2026-09-13T12:20:00Z,controller 2,1.399,5.756,-6.26,515.73,0.0,6.13,-102.12,1,On,945.58,852.88
1789302060000000000,2026-09-13T12:21:00Z,controller 2,1.368,5.707,-6.69,259.5,0.0,5.53,-120.98,1,On,965.16,831.1
1789302120000000000,2026-09-13T12:22:00Z,controller 2,1.366,5.659,-7.01,430.07,0.0,4.94,-141.9,2,On,923.14,821.59
1789302180000000000,2026-09-13T12:23:00Z,controller 2,1.37,5.592,-6.58,219.87,0.0,4.82,-136.51,1,On,928.72,796.04
1789302240000000000,2026-09-13T12:24:00Z,controller 2,1.385,5.554,-6.42,371.28,0.0,5.44,-118.01,3,On,916.43,777.4
1789302300000000000,2026-09-13T12:25:00Z,controller 2,1.417,5.628,-6.58,490.83,0.0,6.02,-109.3,2,On,955.33,805.38
1789302360000000000,2026-09-13T12:26:00Z,controller 2,1.417,5.666,-6.96,581.17,0.0,5.42,-128.41,1,On,985.3,823.31
1789302420000000000,2026-09-13T12:27:00Z,controller 2,1.395,5.644,-7.21,323.2,0.0,5.52,-130.62,1,On,951.54,802.99
1789302480000000000,2026-09-13T12:28:00Z,controller 2,1.41,5.718,-7.73,317.49,0.0,5.28,-146.4,2,On,994.95,807.45
1789302540000000000,2026-09-13T12:29:00Z,controller 2,1.377,5.761,-7.19,448.02,0.0,5.42,-132.66,1,On,959.93,808.2
1789302600000000000,2026-09-13T12:30:00Z,controller 2,1.367,5.834,-6.65,448.16,0.0,5.88,-113.1,2,On,989.32,785.78
1789302660000000000,2026-09-13T12:31:00Z,controller 2,1.356,5.855,-6.03,236.54,0.0,5.78,-104.33,1,On,981.7,803.5
1789302720000000000,2026-09-13T12:32:00Z,controller 2,1.34,5.895,-5.93,40.28,0.0,5.66,-104.77,2,On,975.19,801.0
1789302780000000000,2026-09-13T12:33:00Z,controller 2,1.339,5.899,-5.59,363.16,0.0,5.51,-101.45,1,On,932.57,776.09
1789302840000000000,2026-09-13T12:34:00Z,controller 2,1.319,5.895,-5.46,523.47,0.0,5.57,-98.03,2,On,911.1,771.41
1789302900000000000,2026-09-13T12:35:00Z,controller 2,1.322,5.898,-5.28,471.49,0.0,5.27,-100.19,2,On,955.52,764.86
1789302960000000000,2026-09-13T12:36:00Z,controller 2,1.343,5.935,-4.95,149.04,0.0,5.4,-91.67,3,On,909.57,786.74
1789303020000000000,2026-09-13T12:37:00Z,controller 2,1.371,5.996,-5.02,516.8,0.0,5.16,-97.29,2,On,871.53,790.7
1789303080000000000,2026-09-13T12:38:00Z,controller 2,1.3,5.944,-5.1,251.17,0.0,4.57,-111.6,2,On,891.92,805.4
1789303140000000000,2026-09-13T12:39:00Z,controller 2,1.291,5.964,-5.47,29.08,0.0,5.38,-101.67,1,On,917.63,778.47
1789303200000000000,2026-09-13T12:40:00Z,controller 2,1.327,5.911,-5.41,172.71,0.0,4.72,-114.62,3,On,891.5,781.47
1789303260000000000,2026-09-13T12:41:00Z,controller 2,1.36,5.887,-5.56,559.92,0.0,5.89,-94.4,1,On,905.47,801.8
1789303320000000000,2026-09-13T12:42:00Z,controller 2,1.325,6.002,-5.91,373.03,0.0,5.73,-103.14,1,On,904.33,789.12
1789303380000000000,2026-09-13T12:43:00Z,controller 2,1.368,6.034,-5.9,594.96,0.0,5.75,-102.61,3,On,857.0,803.14
1789303440000000000,2026-09-13T12:44:00Z,controller 2,1.364,6.037,-6.45,399.51,0.0,5.88,-109.69,2,On,883.78,820.53
1789303500000000000,2026-09-13T12:45:00Z,controller 2,1.346,6.014,-5.83,436.69,0.0,5.07,-114.99,3,On,856.69,791.23
1789303560000000000,2026-09-13T12:46:00Z,controller 2,1.335,5.985,-5.56,117.93,0.0,5.59,-99.46,1,On,879.86,783.46
1789303620000000000,2026-09-13T12:47:00Z,controller 2,1.327,6.127,-5.44,192.31,0.0,4.86,-111.93,1,On,835.19,765.25
1789303680000000000,2026-09-13T12:48:00Z,controller 2,1.296,6.188,-5.65,506.0,0.0,5.37,-105.21,2,On,786.32,738.21
1789303740000000000,2026-09-13T12:49:00Z,controller 2,1.254,6.075,-5.9,496.56,0.0,5.08,-116.14,1,On,818.75,742.27
1789303800000000000,2026-09-13T12:50:00Z,controller 2,1.255,6.066,-6.06,572.83,0.0,5.18,-116.99,2,On,1324.36,630.55
1789303860000000000,2026-09-13T12:51:00Z,controller 2,1.213,6.079,-6.29,473.58,0.0,4.84,-129.96,1,On,1356.37,633.53
1789303920000000000,2026-09-13T12:52:00Z,controller 2,1.228,6.129,-6.7,326.06,0.0,4.91,-136.46,3,On,1354.91,622.88
1789303980000000000,2026-09-13T12:53:00Z,controller 2,1.241,6.092,-6.75,89.59,0.0,4.49,-150.33,2,On,1374.34,626.89
1789304040000000000,2026-09-13T12:54:00Z,controller 2,1.308,6.084,-7.09,123.56,0.0,5.07,-139.84,3,Off,1373.73,611.43
1789304100000000000,2026-09-13T12:55:00Z,controller 2,1.308,5.99,-6.61,389.85,0.0,4.86,-136.01,1,Off,1409.76,624.1
1789304160000000000,2026-09-13T12:56:00Z,controller 2,1.257,6.004,-7.15,402.95,0.0,4.39,-162.87,1,Off,1392.27,613.66
1789304220000000000,2026-09-13T12:57:00Z,controller 2,1.293,5.919,-6.84,40.53,0.0,5.26,-130.04,1,Off,1413.26,598.8
1789304280000000000,2026-09-13T12:58:00Z,controller 2,1.278,5.975,-6.48,364.07,0.0,5.3,-122.26,3,Off,1400.76,599.62
1789304340000000000,2026-09-13T12:59:00Z,controller 2,1.256,5.944,-6.0,86.0,0.0,5.02,-119.52,2,Off,1422.46,626.25
1789304400000000000,2026-09-13T13:00:00Z,controller 2,1.229,5.925,-5.87,359.47,0.0,4.1,-143.17,3,Off,1452.09,602.88
1789304460000000000,2026-09-13T13:01:00Z,controller 2,1.27,5.956,-5.8,158.18,0.0,4.41,-131.52,1,Off,1414.48,584.69
1789304520000000000,2026-09-13T13:02:00Z,controller 2,1.276,5.988,-5.63,373.7,0.0,4.49,-125.39,1,Off,1416.3,599.27
1789304580000000000,2026-09-13T13:03:00Z,controller 2,1.303,5.906,-5.41,47.31,0.0,5.09,-106.29,3,Off,1367.37,627.32
1789304640000000000,2026-09-13T13:04:00Z,controller 2,1.286,5.946,-5.64,7.94,0.0,4.77,-118.24,3,Off,1377.66,609.43
1789304700000000000,2026-09-13T13:05:00Z,controller 2,1.281,5.827,-5.44,588.44,0.0,5.15,-105.63,1,Off,1342.35,595.39
1789304760000000000,2026-09-13T13:06:00Z,controller 2,1.251,5.88,-5.96,567.4,0.0,4.95,-120.4,2,Off,1340.48,621.02
1789304820000000000,2026-09-13T13:07:00Z,controller 2,1.313,5.857,-6.55,517.48,0.0,5.06,-129.45,3,Off,1092.41,491.97
1789304880000000000,2026-09-13T13:08:00Z,controller 2,1.413,5.841,-6.26,318.04,0.0,5.39,-116.14,2,Off,1119.64,506.54
1789304940000000000,2026-09-13T13:09:00Z,controller 2,1.391,5.845,-6.76,526.96,0.0,6.07,-111.37,3,Off,1079.62,493.72
1789305000000000000,2026-09-13T13:10:00Z,controller 2,1.407,5.955,-6.86,529.97,0.0,5.97,-114.91,2,Off,1126.98,506.64
1789305060000000000,2026-09-13T13:11:00Z,controller 2,1.427,6.013,-6.86,216.63,0.0,6.38,-107.52,2,Off,1124.14,526.21
1789305120000000000,2026-09-13T13:12:00Z,controller 2,1.465,6.084,-7.15,491.11,0.0,6.96,-102.73,1,Off,1125.72,550.12
1789305180000000000,2026-09-13T13:13:00Z,controller 2,1.494,6.179,-7.13,317.19,0.0,7.12,-100.14,2,Off,1077.83,562.01
1789305240000000000,2026-09-13T13:14:00Z,controller 2,1.498,6.235,-6.5,177.9,0.0,7.43,-87.48,1,Off,1074.68,567.65
1789305300000000000,2026-09-13T13:15:00Z,controller 2,1.413,6.218,-7.04,348.26,0.0,6.21,-113.37,3,Off,1092.28,538.94
1789305360000000000,2026-09-13T13:16:00Z,controller 2,1.369,6.292,-7.5,29.12,0.0,5.37,-139.66,1,Off,1116.23,538.89
1789305420000000000,2026-09-13T13:17:00Z,controller 2,1.378,6.248,-7.9,390.07,0.0,5.35,-147.66,2,Off,1139.8,545.96
1789305480000000000,2026-09-13T13:18:00Z,controller 2,1.438,6.178,-7.36,170.54,0.0,6.77,-108.71,2,Off,1098.4,565.64
1789305540000000000,2026-09-13T13:19:00Z,controller 2,1.464,6.272,-7.81,409.83,0.0,6.48,-120.52,3,Off,1134.97,591.45
1789305600000000000,2026-09-13T13:20:00Z,controller 2,1.483,6.235,-8.19,353.33,0.0,6.5,-126.0,3,Off,1174.73,566.8
1789305660000000000,2026-09-13T13:21:00Z,controller 2,1.415,6.283,-8.75,464.88,0.0,5.93,-147.55,3,Off,1140.46,555.36
1789305720000000000,2026-09-13T13:22:00Z,controller 2,1.443,6.332,-8.08,71.6,0.0,7.19,-112.38,3,Off,1135.62,564.74
1789305780000000000,2026-09-13T13:23:00Z,controller 2,1.466,6.365,-7.73,87.56,0.0,7.23,-106.92,3,Off,1132.28,561.69
1789305840000000000,2026-09-13T13:24:00Z,controller 2,1.418,6.337,-7.94,150.5,0.0,6.22,-127.65,1,Off,1124.97,552.41
1789305900000000000,2026-09-13T13:25:00Z,controller 2,1.436,6.287,-7.82,531.8,0.0,5.88,-132.99,2,Off,1134.5,529.99
1789305960000000000,2026-09-13T13:26:00Z,controller 2,1.424,6.305,-7.27,533.56,0.0,6.38,-113.95,3,Off,1089.43,506.67
1789306020000000000,2026-09-13T13:27:00Z,controller 2,1.397,6.201,-7.69,72.74,0.0,5.81,-132.36,3,Off,1137.38,536.06
1789306080000000000,2026-09-13T13:28:00Z,controller 2,1.446,6.286,-8.35,203.53,0.0,6.01,-138.94,2,Off,1142.58,538.7
1789306140000000000,2026-09-13T13:29:00Z,controller 2,1.39,6.278,-8.59,256.47,0.0,5.62,-152.85,1,Off,1164.62,568.22
1789306200000000000,2026-09-13T13:30:00Z,controller 2,1.482,6.342,-9.21,539.84,0.0,6.97,-132.14,1,Off,1148.41,567.27
1789306260000000000,2026-09-13T13:31:00Z,controller 2,1.486,6.313,-10.05,285.66,0.0,6.78,-148.23,3,Off,1187.7,591.74
1789306320000000000,2026-09-13T13:32:00Z,controller 2,1.488,6.308,-9.64,237.66,0.0,6.38,-151.1,1,Off,1189.68,574.75
1789306380000000000,2026-09-13T13:33:00Z,controller 2,1.466,6.179,-8.95,7.97,0.0,6.39,-140.06,3,Off,1234.88,559.76
1789306440000000000,2026-09-13T13:34:00Z,controller 2,1.426,6.221,-8.97,221.8,0.0,6.6,-135.91,2,Off,1209.06,544.99
1789306500000000000,2026-09-13T13:35:00Z,controller 2,1.424,6.178,-8.43,166.41,0.0,5.72,-147.38,2,Off,1239.81,522.57
1789306560000000000,2026-09-13T13:36:00Z,controller 2,1.455,6.223,-7.72,61.79,0.0,6.35,-121.57,3,Off,1239.72,514.31
1789306620000000000,2026-09-13T13:37:00Z,controller 2,1.436,6.151,-7.82,196.22,0.0,5.74,-136.24,3,Off,1253.16,523.32
1789306680000000000,2026-09-13T13:38:00Z,controller 2,1.405,6.024,-7.7,169.19,0.0,5.5,-140.0,3,Off,1277.82,548.27
1789306740000000000,2026-09-13T13:39:00Z,controller 2,1.427,6.021,-7.31,16.51,0.0,5.99,-122.04,3,Off,1309.33,558.67
1789306800000000000,2026-09-13T13:40:00Z,controller 2,1.427,6.037,-7.54,547.02,0.0,6.02,-125.25,2,Off,1344.02,568.65
1789306860000000000,2026-09-13T13:41:00Z,controller 2,1.392,6.035,-7.55,574.85,0.0,6.28,-120.22,3,Off,1378.9,572.07
1789306920000000000,2026-09-13T13:42:00Z,controller 2,1.372,6.077,-7.05,178.75,0.0,5.26,-134.03,3,Off,1373.53,544.04
1789306980000000000,2026-09-13T13:43:00Z,controller 2,1.39,6.165,-6.95,254.67,0.0,6.46,-107.59,3,Off,1415.04,546.82
1789307040000000000,2026-09-13T13:44:00Z,controller 2,1.375,6.168,-7.05,46.63,0.0,5.41,-130.31,2,Off,1448.38,544.49
1789307100000000000,2026-09-13T13:45:00Z,controller 2,1.397,6.199,-6.42,6.11,0.0,6.2,-103.55,3,Off,1213.39,718.03
1789307160000000000,2026-09-13T13:46:00Z,controller 2,1.349,6.167,-6.3,39.46,0.0,5.23,-120.46,2,Off,1184.91,717.82
1789307220000000000,2026-09-13T13:47:00Z,controller 2,1.36,6.229,-6.62,287.56,0.0,6.24,-106.09,1,Off,1162.61,713.51
1789307280000000000,2026-09-13T13:48:00Z,controller 2,1.361,6.19,-6.3,41.06,0.0,5.29,-119.09,1,Off,1180.17,706.39
1789307340000000000,2026-09-13T13:49:00Z,controller 2,1.372,6.174,-6.0,9.03,0.0,5.26,-114.07,2,Off,1194.18,727.84
1789307400000000000,2026-09-13T13:50:00Z,controller 2,1.403,6.126,-6.32,72.84,0.0,6.63,-95.32,3,Off,1179.85,710.73
1789307460000000000,2026-09-13T13:51:00Z,controller 2,1.367,6.102,-6.93,478.76,0.0,5.87,-118.06,1,Off,1182.48,683.79
1789307520000000000,2026-09-13T13:52:00Z,controller 2,1.361,6.05,-6.81,501.86,0.0,5.99,-113.69,1,Off,1134.25,663.24
1789307580000000000,2026-09-13T13:53:00Z,controller 2,1.448,5.995,-6.37,323.12,0.0,6.55,-97.25,3,Off,1093.68,668.69
1789307640000000000,2026-09-13T13:54:00Z,controller 2,1.462,5.936,-6.25,373.03,0.0,5.88,-106.29,2,Off,1044.82,656.09
1789307700000000000,2026-09-13T13:55:00Z,controller 2,1.439,5.953,-6.59,5.12,0.0,6.55,-100.61,3,Off,1052.75,681.29
1789307760000000000,2026-09-13T13:56:00Z,controller 2,1.429,5.852,-7.17,576.53,0.0,6.32,-113.45,1,Off,1060.18,688.1
1789307820000000000,2026-09-13T13:57:00Z,controller 2,1.407,5.873,-7.38,251.77,0.0,5.55,-132.97,3,Off,1043.45,678.74
1789307880000000000,2026-09-13T13:58:00Z,controller 2,1.487,5.847,-7.25,371.72,0.0,6.87,-105.53,2,Off,1041.16,661.2
1789307940000000000,2026-09-13T13:59:00Z,controller 2,1.516,5.829,-7.94,510.88,0.0,6.42,-123.68,1,Off,723.65,682.93
1789308000000000000,2026-09-13T14:00:00Z,controller 2,1.563,5.875,-7.4,596.76,0.0,7.27,-101.79,2,Off,673.95,655.41
1789308060000000000,2026-09-13T14:01:00Z,controller 2,1.514,5.909,-7.92,452.3,0.0,7.12,-111.24,1,Off,659.84,677.23
1789308120000000000,2026-09-13T14:02:00Z,controller 2,1.528,5.904,-8.64,44.97,0.0,7.21,-119.83,2,Off,672.11,671.82
1789308180000000000,2026-09-13T14:03:00Z,controller 2,1.453,5.929,-8.98,414.01,0.0,6.38,-140.75,1,Off,1145.17,686.85
1789308240000000000,2026-09-13T14:04:00Z,controller 2,1.379,6.019,-9.56,63.28,0.0,5.33,-179.36,1,Off,1126.01,694.14
1789308300000000000,2026-09-13T14:05:00Z,controller 2,1.368,5.939,-9.2,469.56,0.0,5.25,-175.24,2,Off,1165.83,706.92
1789308360000000000,2026-09-13T14:06:00Z,controller 2,1.371,5.856,-10.04,350.2,0.0,5.48,-183.21,3,Off,1164.39,732.64
1789308420000000000,2026-09-13T14:07:00Z,controller 2,1.367,5.904,-9.15,211.16,0.0,5.87,-155.88,3,Off,1199.88,734.39
1789308480000000000,2026-09-13T14:08:00Z,controller 2,1.322,5.921,-9.89,14.64,0.0,5.38,-183.83,3,Off,1223.24,760.18
1789308540000000000,2026-09-13T14:09:00Z,controller 2,1.306,5.843,-8.97,181.34,0.0,4.96,-180.85,3,Off,1263.55,779.54
1789308600000000000,2026-09-13T14:10:00Z,controller 2,1.29,5.797,-9.42,69.33,0.0,5.04,-186.9,2,Off,1216.16,760.54
1789308660000000000,2026-09-13T14:11:00Z,controller 2,1.286,5.869,-10.26,46.25,0.0,4.69,-218.76,1,Off,1236.98,752.54
1789308720000000000,2026-09-13T14:12:00Z,controller 2,1.273,5.747,-11.1,288.27,0.0,4.99,-222.44,1,Off,1209.86,778.58
1789308780000000000,2026-09-13T14:13:00Z,controller 2,1.291,5.759,-10.0,293.37,0.0,5.25,-190.48,1,Off,1085.45,301.09
1789308840000000000,2026-09-13T14:14:00Z,controller 2,1.293,5.717,-9.35,291.81,0.0,4.89,-191.21,3,Off,1134.9,322.44
1789308900000000000,2026-09-13T14:15:00Z,controller 2,1.301,5.751,-10.01,575.76,0.0,4.61,-217.14,3,Off,1157.28,340.75
1789308960000000000,2026-09-13T14:16:00Z,controller 2,1.308,5.8,-9.77,278.49,0.0,4.59,-212.85,2,Off,1115.32,359.67
1789309020000000000,2026-09-13T14:17:00Z,controller 2,1.342,5.786,-9.0,530.93,0.0,5.46,-164.84,3,Off,1153.52,382.74
1789309080000000000,2026-09-13T14:18:00Z,controller 2,1.365,5.882,-8.15,77.04,0.0,5.57,-146.32,3,Off,1196.78,393.57
1789309140000000000,2026-09-13T14:19:00Z,controller 2,1.385,5.91,-8.18,357.42,0.0,5.36,-152.61,2,Off,1183.38,418.45
1789309200000000000,2026-09-13T14:20:00Z,controller 2,1.419,5.946,-7.97,324.54,0.0,6.25,-127.52,1,Off,1160.99,420.94
1789309260000000000,2026-09-13T14:21:00Z,controller 2,1.357,5.875,-7.49,447.19,0.0,5.7,-131.4,2,Off,1210.13,447.92
1789309320000000000,2026-09-13T14:22:00Z,controller 2,1.417,5.921,-6.92,570.14,0.0,5.44,-127.21,3,Off,1206.06,428.09
1789309380000000000,2026-09-13T14:23:00Z,controller 2,1.365,5.816,-6.3,377.66,0.0,5.71,-110.33,3,Off,1157.14,446.19
1789309440000000000,2026-09-13T14:24:00Z,controller 2,1.355,5.789,-5.7,378.71,0.0,5.83,-97.77,2,Off,1195.16,461.64
1789309500000000000,2026-09-13T14:25:00Z,controller 2,1.356,5.845,-5.79,515.24,0.0,4.89,-118.4,1,Off,1170.94,462.13
1789309560000000000,2026-09-13T14:26:00Z,controller 2,1.362,5.912,-6.25,444.41,0.0,5.01,-124.75,1,Off,1164.7,444.54
1789309620000000000,2026-09-13T14:27:00Z,controller 2,1.362,5.817,-6.23,479.06,0.0,5.08,-122.64,2,Off,1153.73,436.43
1789309680000000000,2026-09-13T14:28:00Z,controller 2,1.278,5.833,-6.59,52.99,0.0,5.01,-131.54,2,Off,1135.74,408.24
1789309740000000000,2026-09-13T14:29:00Z,controller 2,1.282,5.864,-7.13,60.35,0.0,4.77,-149.48,3,Off,1168.66,399.96
1789309800000000000,2026-09-13T14:30:00Z,controller 2,1.276,5.877,-6.47,215.1,0.0,4.98,-129.92,3,Off,1123.27,398.34
1789309860000000000,2026-09-13T14:31:00Z,controller 2,1.253,5.955,-6.49,64.86,0.0,5.0,-129.8,2,Off,1117.51,415.24
1789309920000000000,2026-09-13T14:32:00Z,controller 2,1.247,6.021,-5.88,160.27,0.0,4.39,-133.94,3,Off,1081.06,430.06
1789309980000000000,2026-09-13T14:33:00Z,controller 2,1.208,5.928,-5.89,390.84,0.0,4.42,-133.26,2,Off,1116.99,933.91
1789310040000000000,2026-09-13T14:34:00Z,controller 2,1.217,5.795,-5.79,368.87,0.0,4.7,-123.19,2,On,1148.04,960.38
1789310100000000000,2026-09-13T14:35:00Z,controller 2,1.219,5.807,-6.36,546.73,0.0,4.27,-148.95,1,On,1144.12,954.21
1789310160000000000,2026-09-13T14:36:00Z,controller 2,1.223,5.734,-6.61,104.21,0.0,4.62,-143.07,2,On,1100.07,950.75
1789310220000000000,2026-09-13T14:37:00Z,controller 2,1.2,5.796,-6.95,386.64,0.0,3.96,-175.51,3,On,1079.32,925.8
1789310280000000000,2026-09-13T14:38:00Z,controller 2,1.243,5.787,-7.62,186.12,0.0,4.65,-163.87,2,On,1085.78,898.04
1789310340000000000,2026-09-13T14:39:00Z,controller 2,1.266,5.75,-7.0,509.37,0.0,4.77,-146.75,2,On,1079.76,901.93
1789310400000000000,2026-09-13T14:40:00Z,controller 2,1.272,5.807,-6.8,179.82,0.0,4.45,-152.81,3,On,1102.43,928.77
1789310460000000000,2026-09-13T14:41:00Z,controller 2,1.232,5.836,-7.29,285.93,0.0,4.08,-178.68,2,On,1113.55,906.31
1789310520000000000,2026-09-13T14:42:00Z,controller 2,1.245,5.899,-7.88,404.12,0.0,4.25,-185.41,3,On,1131.52,924.39
1789310580000000000,2026-09-13T14:43:00Z,controller 2,1.237,6.127,-8.0,230.68,0.0,4.59,-174.29,3,On,968.13,716.64
1789310640000000000,2026-09-13T14:44:00Z,controller 2,1.225,6.173,-8.22,508.57,0.0,4.63,-177.54,2,On,1013.5,743.78
1789310700000000000,2026-09-13T14:45:00Z,controller 2,1.268,6.212,-8.58,466.31,0.0,4.78,-179.5,3,On,992.28,720.28
1789310760000000000,2026-09-13T14:46:00Z,controller 2,1.225,6.172,-8.82,440.02,0.0,5.05,-174.65,3,On,1020.08,700.88
1789310820000000000,2026-09-13T14:47:00Z,controller 2,1.233,6.13,-9.49,254.52,0.0,4.96,-191.33,1,On,1031.68,674.7
1789310880000000000,2026-09-13T14:48:00Z,controller 2,1.228,6.118,-9.77,529.84,0.0,4.73,-206.55,2,On,994.34,656.79
1789310940000000000,2026-09-13T14:49:00Z,controller 2,1.203,6.041,-9.57,145.25,0.0,3.99,-239.85,1,On,1008.78,639.77
1789311000000000000,2026-09-13T14:50:00Z,controller 2,1.166,6.049,-9.09,531.83,0.0,4.15,-219.04,2,On,976.82,619.11
1789311060000000000,2026-09-13T14:51:00Z,controller 2,1.129,5.979,-9.19,141.19,0.0,3.85,-238.7,1,On,1026.61,605.74
1789311120000000000,2026-09-13T14:52:00Z,controller 2,1.142,6.124,-9.46,414.52,0.0,4.37,-216.48,3,On,986.19,625.91
1789311180000000000,2026-09-13T14:53:00Z,controller 2,1.209,6.053,-8.98,182.3,0.0,4.38,-205.02,1,On,1026.24,602.75
1789311240000000000,2026-09-13T14:54:00Z,controller 2,1.223,6.005,-8.28,60.02,0.0,4.57,-181.18,2,On,1059.83,619.09
1789311300000000000,2026-09-13T14:55:00Z,controller 2,1.221,6.005,-7.53,501.38,0.0,4.06,-185.47,3,On,1030.65,637.55
1789311360000000000,2026-09-13T14:56:00Z,controller 2,1.256,6.072,-8.08,488.54,0.0,4.71,-171.55,3,On,1052.25,616.27
1789311420000000000,2026-09-13T14:57:00Z,controller 2,1.268,6.103,-8.25,581.6,0.0,4.44,-185.81,1,On,1041.6,588.48
1789311480000000000,2026-09-13T14:58:00Z,controller 2,1.306,6.031,-8.87,473.59,0.0,5.64,-157.27,3,On,1043.91,607.23
1789311540000000000,2026-09-13T14:59:00Z,controller 2,1.368,6.02,-8.6,117.57,0.0,5.47,-157.22,3,On,999.46,616.39
1789311600000000000,2026-09-13T15:00:00Z,controller 2,1.407,6.092,-8.35,462.44,0.0,6.59,-126.71,2,On,976.83,627.82
1789311660000000000,2026-09-13T15:01:00Z,controller 2,1.439,6.055,-9.07,598.44,0.0,5.84,-155.31,3,On,979.11,610.24
1789311720000000000,2026-09-13T15:02:00Z,controller 2,1.42,5.99,-8.91,549.38,0.0,6.17,-144.41,3,On,981.3,587.71
1789311780000000000,2026-09-13T15:03:00Z,controller 2,1.454,5.944,-8.41,473.2,0.0,6.79,-123.86,3,On,936.82,583.73
1789311840000000000,2026-09-13T15:04:00Z,controller 2,1.443,6.0,-9.08,135.6,0.0,6.44,-140.99,3,On,960.02,592.53
1789311900000000000,2026-09-13T15:05:00Z,controller 2,1.447,6.118,-9.87,3.69,0.0,6.89,-143.25,2,On,997.08,580.52
1789311960000000000,2026-09-13T15:06:00Z,controller 2,1.519,6.076,-9.65,360.52,0.0,6.63,-145.55,1,On,957.8,560.08
1789312020000000000,2026-09-13T15:07:00Z,controller 2,1.517,6.169,-9.55,257.03,0.0,7.7,-124.03,2,On,971.84,544.33
1789312080000000000,2026-09-13T15:08:00Z,controller 2,1.503,6.137,-10.07,273.19,0.0,7.22,-139.47,2,On,973.23,527.69
1789312140000000000,2026-09-13T15:09:00Z,controller 2,1.471,6.119,-9.9,248.63,0.0,6.8,-145.59,2,On,1002.03,523.81
1789312200000000000,2026-09-13T15:10:00Z,controller 2,1.47,6.108,-10.54,342.44,0.0,6.85,-153.87,3,On,981.04,505.45
1789312260000000000,2026-09-13T15:11:00Z,controller 2,1.52,6.191,-10.36,381.38,0.0,7.3,-141.92,1,On,977.95,510.32
1789312320000000000,2026-09-13T15:12:00Z,controller 2,1.498,6.276,-10.07,597.08,0.0,6.37,-158.08,2,On,931.87,512.82
1789312380000000000,2026-09-13T15:13:00Z,controller 2,1.477,6.269,-10.18,536.53,0.0,6.28,-162.1,3,On,950.61,505.35
1789312440000000000,2026-09-13T15:14:00Z,controller 2,1.476,6.172,-10.29,68.38,0.0,6.92,-148.7,2,On,941.82,523.42
1789312500000000000,2026-09-13T15:15:00Z,controller 2,1.476,6.132,-9.89,89.93,0.0,7.03,-140.68,2,On,950.87,507.78
1789312560000000000,2026-09-13T15:16:00Z,controller 2,1.479,6.097,-9.24,592.36,0.0,7.19,-128.51,1,On,945.69,503.06
1789312620000000000,2026-09-13T15:17:00Z,controller 2,1.48,5.996,-8.62,286.61,0.0,6.3,-136.83,2,On,901.45,483.83
1789312680000000000,2026-09-13T15:18:00Z,controller 2,1.451,6.031,-7.79,124.74,0.0,6.58,-118.39,3,On,869.98,471.26
1789312740000000000,2026-09-13T15:19:00Z,controller 2,1.471,6.064,-8.41,382.64,0.0,6.72,-125.15,2,On,894.38,449.12
1789312800000000000,2026-09-13T15:20:00Z,controller 2,1.499,5.989,-8.07,359.2,0.0,7.03,-114.79,1,On,871.54,450.91
1789312860000000000,2026-09-13T15:21:00Z,controller 2,1.55,6.007,-8.63,411.9,0.0,6.61,-130.56,3,On,919.6,457.31
1789312920000000000,2026-09-13T15:22:00Z,controller 2,1.541,5.986,-9.04,275.65,0.0,6.98,-129.51,1,On,1406.51,516.05
1789312980000000000,2026-09-13T15:23:00Z,controller 2,1.596,6.001,-8.17,400.59,0.0,7.27,-112.38,3,On,1369.68,498.69
1789313040000000000,2026-09-13T15:24:00Z,controller 2,1.563,5.949,-8.39,207.09,0.0,7.66,-109.53,3,On,1346.82,511.1
1789313100000000000,2026-09-13T15:25:00Z,controller 2,1.54,5.883,-7.79,111.85,0.0,7.32,-106.42,1,On,1383.82,498.57
1789313160000000000,2026-09-13T15:26:00Z,controller 2,1.6,5.8,-7.73,84.98,0.0,7.67,-100.78,3,On,1374.99,484.84
1789313220000000000,2026-09-13T15:27:00Z,controller 2,1.549,5.813,-7.96,63.88,0.0,7.58,-105.01,3,On,1339.94,497.59
1789313280000000000,2026-09-13T15:28:00Z,controller 2,1.533,5.906,-7.75,43.66,0.0,6.86,-112.97,3,On,1346.92,524.78
1789313340000000000,2026-09-13T15:29:00Z,controller 2,1.525,5.911,-7.1,487.09,0.0,6.7,-105.97,1,On,1310.31,517.98
1789313400000000000,2026-09-13T15:30:00Z,controller 2,1.595,5.839,-7.77,215.04,0.0,7.89,-98.48,2,On,1336.66,519.73
1789313460000000000,2026-09-13T15:31:00Z,controller 2,1.609,5.857,-7.85,61.02,0.0,7.93,-98.99,3,On,1342.16,498.53
1789313520000000000,2026-09-13T15:32:00Z,controller 2,1.545,5.855,-8.53,64.41,0.0,7.56,-112.83,3,On,1359.0,473.94
1789313580000000000,2026-09-13T15:33:00Z,controller 2,1.503,5.847,-8.42,385.1,0.0,7.22,-116.62,2,On,1320.68,490.41
1789313640000000000,2026-09-13T15:34:00Z,controller 2,1.485,5.94,-8.0,220.62,0.0,6.8,-117.65,1,On,1297.9,485.18
1789313700000000000,2026-09-13T15:35:00Z,controller 2,1.517,6.02,-8.66,30.69,0.0,6.82,-126.98,3,On,1295.29,481.17
1789313760000000000,2026-09-13T15:36:00Z,controller 2,1.506,5.991,-8.26,130.41,0.0,7.13,-115.85,2,On,1318.32,461.27
1789313820000000000,2026-09-13T15:37:00Z,controller 2,1.457,5.921,-7.55,599.16,0.0,6.66,-113.36,2,On,1303.38,463.08
1789313880000000000,2026-09-13T15:38:00Z,controller 2,1.406,5.919,-8.22,171.42,0.0,6.0,-137.0,1,On,1287.48,439.45
1789313940000000000,2026-09-13T15:39:00Z,controller 2,1.423,5.882,-8.85,559.37,0.0,5.86,-151.02,1,On,1250.5,456.24
1789314000000000000,2026-09-13T15:40:00Z,controller 2,1.465,5.852,-9.71,161.59,0.0,6.72,-144.49,3,On,1252.51,470.33
1789314060000000000,2026-09-13T15:41:00Z,controller 2,1.482,5.748,-9.79,493.26,0.0,6.27,-156.14,2,On,1228.95,458.64
1789314120000000000,2026-09-13T15:42:00Z,controller 2,1.414,5.722,-9.69,426.79,0.0,5.46,-177.47,1,On,1254.39,448.19
1789314180000000000,2026-09-13T15:43:00Z,controller 2,1.452,5.691,-8.9,228.08,0.0,6.42,-138.63,3,On,1285.85,477.88
1789314240000000000,2026-09-13T15:44:00Z,controller 2,1.53,5.684,-8.41,407.36,0.0,6.09,-138.1,2,On,1280.57,498.9
1789314300000000000,2026-09-13T15:45:00Z,controller 2,1.562,5.71,-9.13,210.62,0.0,7.07,-129.14,3,On,1250.53,512.03
1789314360000000000,2026-09-13T15:46:00Z,controller 2,1.609,5.737,-9.04,243.7,0.0,6.78,-133.33,3,On,1269.69,499.92
1789314420000000000,2026-09-13T15:47:00Z,controller 2,1.587,5.691,-8.24,442.06,0.0,6.55,-125.8,1,On,1286.41,494.52
1789314480000000000,2026-09-13T15:48:00Z,controller 2,1.506,5.785,-8.24,344.69,0.0,7.12,-115.73,3,On,1239.3,511.66
1789314540000000000,2026-09-13T15:49:00Z,controller 2,1.445,5.841,-8.39,579.72,0.0,6.47,-129.68,1,On,1213.12,508.93
1789314600000000000,2026-09-13T15:50:00Z,controller 2,1.44,5.815,-8.97,299.95,0.0,6.5,-138.0,2,On,1194.83,484.11
1789314660000000000,2026-09-13T15:51:00Z,controller 2,1.514,5.879,-8.74,446.1,0.0,7.04,-124.15,3,On,1214.17,455.45
1789314720000000000,2026-09-13T15:52:00Z,controller 2,1.522,5.917,-8.95,586.27,0.0,7.23,-123.79,2,On,1156.26,341.09
1789314780000000000,2026-09-13T15:53:00Z,controller 2,1.468,5.986,-9.03,376.84,0.0,7.03,-128.45,1,On,1128.44,338.01
1789314840000000000,2026-09-13T15:54:00Z,controller 2,1.452,5.88,-9.63,95.2,0.0,5.88,-163.78,2,On,1128.71,333.31
1789314900000000000,2026-09-13T15:55:00Z,controller 2,1.47,5.839,-8.77,410.19,0.0,6.17,-142.14,1,On,1081.69,316.41
1789314960000000000,2026-09-13T15:56:00Z,controller 2,1.488,5.839,-8.53,302.51,0.0,6.93,-123.09,3,On,1078.12,325.42
1789315020000000000,2026-09-13T15:57:00Z,controller 2,1.438,5.77,-8.01,586.86,0.0,5.91,-135.53,1,On,1117.83,338.93
1789315080000000000,2026-09-13T15:58:00Z,controller 2,1.44,5.872,-8.38,173.25,0.0,5.98,-140.13,3,On,1077.89,345.42
1789315140000000000,2026-09-13T15:59:00Z,controller 2,1.465,5.821,-8.37,333.22,0.0,6.55,-127.79,3,On,1078.82,341.58
1789315200000000000,2026-09-13T16:00:00Z,controller 2,1.569,5.811,-8.39,518.42,0.0,7.07,-118.67,1,On,1476.58,633.02
1789315260000000000,2026-09-13T16:01:00Z,controller 2,1.562,5.758,-8.31,426.13,0.0,6.96,-119.4,3,On,1460.08,662.07
1789315320000000000,2026-09-13T16:02:00Z,controller 2,1.577,5.765,-8.96,29.24,0.0,7.85,-114.14,1,On,1500.0,650.04
1789315380000000000,2026-09-13T16:03:00Z,controller 2,1.581,5.704,-9.79,402.34,0.0,7.43,-131.76,2,On,1474.25,658.07
1789315440000000000,2026-09-13T16:04:00Z,controller 2,1.564,5.753,-9.77,388.94,0.0,6.61,-147.81,3,On,1459.58,677.7
1789315500000000000,2026-09-13T16:05:00Z,controller 2,1.523,5.817,-10.35,445.29,0.0,6.49,-159.48,3,On,1474.39,696.17
1789315560000000000,2026-09-13T16:06:00Z,controller 2,1.501,5.867,-11.1,120.93,0.0,7.18,-154.6,1,On,1467.36,678.77
1789315620000000000,2026-09-13T16:07:00Z,controller 2,1.496,5.812,-11.22,43.27,0.0,7.15,-156.92,3,On,1191.43,685.47
1789315680000000000,2026-09-13T16:08:00Z,controller 2,1.538,5.82,-10.12,427.15,0.0,6.78,-149.26,3,On,1199.7,661.65
1789315740000000000,2026-09-13T16:09:00Z,controller 2,1.564,5.805,-10.4,253.39,0.0,7.39,-140.73,2,On,1238.6,690.61
1789315800000000000,2026-09-13T16:10:00Z,controller 2,1.557,5.921,-11.08,206.31,0.0,7.28,-152.2,1,On,1261.54,661.94
1789315860000000000,2026-09-13T16:11:00Z,controller 2,1.574,5.918,-11.68,388.55,0.0,7.73,-151.1,3,On,1287.35,666.51
1789315920000000000,2026-09-13T16:12:00Z,controller 2,1.588,5.968,-12.25,107.14,0.0,7.44,-164.65,2,On,1295.84,683.3
1789315980000000000,2026-09-13T16:13:00Z,controller 2,1.565,6.07,-11.16,442.03,0.0,7.96,-140.2,2,On,1281.89,695.98
1789316040000000000,2026-09-13T16:14:00Z,controller 2,1.551,5.943,-12.1,250.66,0.0,7.59,-159.42,3,On,1295.67,701.24
1789316100000000000,2026-09-13T16:15:00Z,controller 2,1.51,6.002,-13.11,390.36,0.0,7.33,-178.85,3,On,1266.5,696.92
1789316160000000000,2026-09-13T16:16:00Z,controller 2,1.554,6.004,-13.6,597.84,0.0,7.84,-173.47,3,On,1267.47,706.75
1789316220000000000,2026-09-13T16:17:00Z,controller 2,1.528,6.101,-13.44,545.09,0.0,6.88,-195.35,3,On,1274.43,688.95
1789316280000000000,2026-09-13T16:18:00Z,controller 2,1.578,6.166,-13.26,90.53,0.0,7.24,-183.15,3,On,1253.57,701.21
1789316340000000000,2026-09-13T16:19:00Z,controller 2,1.589,6.282,-13.18,256.5,0.0,8.28,-159.18,3,On,1275.49,710.11
1789316400000000000,2026-09-13T16:20:00Z,controller 2,1.631,6.357,-13.78,578.51,0.0,8.16,-168.87,3,Starting,1289.02,720.1
1789316460000000000,2026-09-13T16:21:00Z,controller 2,1.672,6.342,-12.61,171.45,0.0,8.85,-142.49,1,Starting,1290.05,694.4
1789316520000000000,2026-09-13T16:22:00Z,controller 2,1.751,6.358,-12.14,188.67,0.0,9.52,-127.52,2,Starting,1266.67,689.64
1789316580000000000,2026-09-13T16:23:00Z,controller 2,1.684,6.425,-12.44,292.1,0.0,8.65,-143.82,3,Starting,1273.17,718.25
1789316640000000000,2026-09-13T16:24:00Z,controller 2,1.654,6.471,-12.08,17.4,0.0,9.62,-125.57,3,Starting,1276.55,718.39
1789316700000000000,2026-09-13T16:25:00Z,controller 2,1.632,6.583,-12.98,416.54,0.0,8.5,-152.71,3,Starting,1283.13,733.62
1789316760000000000,2026-09-13T16:26:00Z,controller 2,1.611,6.578,-13.17,51.68,0.0,8.91,-147.81,3,Starting,1309.67,705.45
1789316820000000000,2026-09-13T16:27:00Z,controller 2,1.691,6.549,-13.5,109.9,0.0,10.25,-131.71,2,Starting,1312.23,688.14
1789316880000000000,2026-09-13T16:28:00Z,controller 2,1.769,6.637,-13.8,224.16,0.0,10.63,-129.82,1,Starting,1357.38,659.75
1789316940000000000,2026-09-13T16:29:00Z,controller 2,1.768,6.674,-12.42,187.3,0.0,11.35,-109.43,3,Starting,1385.78,663.77
1789317000000000000,2026-09-13T16:30:00Z,controller 2,1.685,6.528,-12.9,342.2,0.0,8.8,-146.59,2,Starting,1418.86,670.41
1789317060000000000,2026-09-13T16:31:00Z,controller 2,1.656,6.416,-12.98,492.97,0.0,9.32,-139.27,3,Starting,1442.26,698.29
1789317120000000000,2026-09-13T16:32:00Z,controller 2,1.548,6.481,-12.7,87.83,0.0,8.08,-157.18,1,Starting,1459.42,716.63
1789317180000000000,2026-09-13T16:33:00Z,controller 2,1.527,6.505,-12.07,312.99,0.0,7.64,-157.98,1,Starting,1451.16,726.96
1789317240000000000,2026-09-13T16:34:00Z,controller 2,1.505,6.528,-11.33,490.44,0.0,7.43,-152.49,2,Starting,1418.99,720.75
1789317300000000000,2026-09-13T16:35:00Z,controller 2,1.554,6.466,-12.33,236.36,0.0,8.13,-151.66,1,Starting,1372.23,718.18
1789317360000000000,2026-09-13T16:36:00Z,controller 2,1.614,6.413,-13.24,402.99,0.0,8.65,-153.06,1,Starting,1421.86,701.13
1789317420000000000,2026-09-13T16:37:00Z,controller 2,1.625,6.331,-12.37,264.01,0.0,9.05,-136.69,2,Starting,1387.95,720.95
1789317480000000000,2026-09-13T16:38:00Z,controller 2,1.688,6.345,-11.61,55.78,0.0,9.37,-123.91,2,Starting,1346.91,706.36
1789317540000000000,2026-09-13T16:39:00Z,controller 2,1.622,6.382,-10.48,308.2,0.0,8.36,-125.36,3,Starting,1329.03,696.39
1789317600000000000,2026-09-13T16:40:00Z,controller 2,1.652,6.446,-11.1,45.54,0.0,9.37,-118.46,1,Starting,1314.71,692.39
1789317660000000000,2026-09-13T16:41:00Z,controller 2,1.652,6.442,-11.75,385.23,0.0,8.03,-146.33,3,Starting,1345.95,705.98
1789317720000000000,2026-09-13T16:42:00Z,controller 2,1.631,6.44,-11.48,127.21,0.0,7.88,-145.69,2,Starting,1347.53,711.39
1789317780000000000,2026-09-13T16:43:00Z,controller 2,1.65,6.531,-12.53,448.94,0.0,8.04,-155.85,2,Starting,1387.83,734.38
1789317840000000000,2026-09-13T16:44:00Z,controller 2,1.701,6.565,-11.33,520.95,0.0,9.17,-123.56,1,Starting,1342.83,727.26
1789317900000000000,2026-09-13T16:45:00Z,controller 2,1.688,6.494,-11.46,421.47,0.0,9.61,-119.25,1,Starting,1376.32,749.95
1789317960000000000,2026-09-13T16:46:00Z,controller 2,1.646,6.374,-10.96,407.51,0.0,8.02,-136.66,1,Starting,1384.85,731.25
1789318020000000000,2026-09-13T16:47:00Z,controller 2,1.632,6.296,-9.93,541.66,0.0,7.7,-128.96,3,Starting,1398.14,730.51
1789318080000000000,2026-09-13T16:48:00Z,controller 2,1.678,6.29,-9.29,160.38,0.0,9.47,-98.1,2,Starting,1425.76,734.78
1789318140000000000,2026-09-13T16:49:00Z,controller 2,1.684,6.24,-9.37,303.78,0.0,8.2,-114.27,3,Starting,1462.33,735.94
1789318200000000000,2026-09-13T16:50:00Z,controller 2,1.648,6.26,-10.28,152.3,0.0,8.17,-125.83,1,Starting,1427.17,763.59
1789318260000000000,2026-09-13T16:51:00Z,controller 2,1.627,6.239,-9.33,296.91,0.0,8.77,-106.39,1,Starting,1384.88,790.87
1789318320000000000,2026-09-13T16:52:00Z,controller 2,1.639,6.221,-10.01,550.52,0.0,8.31,-120.46,1,Starting,1414.22,780.0
1789318380000000000,2026-09-13T16:53:00Z,controller 2,1.651,6.145,-9.41,193.3,0.0,8.03,-117.19,3,Starting,1396.92,796.14
1789318440000000000,2026-09-13T16:54:00Z,controller 2,1.628,6.105,-9.48,360.9,0.0,8.22,-115.33,1,Starting,1427.62,795.54
1789318500000000000,2026-09-13T16:55:00Z,controller 2,1.612,6.054,-10.41,338.99,0.0,7.42,-140.3,3,Starting,1386.18,797.44
1789318560000000000,2026-09-13T16:56:00Z,controller 2,1.62,6.015,-10.04,599.79,0.0,7.98,-125.81,3,Starting,1370.45,797.92
1789318620000000000,2026-09-13T16:57:00Z,controller 2,1.576,5.941,-9.29,104.35,0.0,7.97,-116.56,1,Starting,1353.42,826.7
1789318680000000000,2026-09-13T16:58:00Z,controller 2,1.527,6.025,-10.13,361.89,0.0,6.51,-155.61,2,Starting,1329.02,844.07
1789318740000000000,2026-09-13T16:59:00Z,controller 2,1.572,5.996,-9.15,122.92,0.0,7.3,-125.34,2,Starting,1319.83,824.11
1789318800000000000,2026-09-13T17:00:00Z,controller 2,1.736,6.015,-8.34,80.84,0.0,9.69,-86.07,3,Starting,1340.7,814.98
1789318860000000000,2026-09-13T17:01:00Z,controller 2,1.807,6.038,-9.05,561.63,0.0,8.92,-101.46,1,Starting,1298.93,826.77
1789318920000000000,2026-09-13T17:02:00Z,controller 2,1.836,6.012,-8.51,98.36,0.0,10.81,-78.72,2,Starting,1336.04,836.95
1789318980000000000,2026-09-13T17:03:00Z,controller 2,1.797,6.069,-9.03,80.86,0.0,9.64,-93.67,3,Starting,1331.52,861.28
1789319040000000000,2026-09-13T17:04:00Z,controller 2,1.714,6.098,-9.16,235.14,0.0,8.53,-107.39,1,Starting,1299.22,864.51
1789319100000000000,2026-09-13T17:05:00Z,controller 2,1.761,6.15,-9.27,1.7,0.0,9.53,-97.27,3,Starting,1268.37,882.76
1789319160000000000,2026-09-13T17:06:00Z,controller 2,1.742,6.188,-9.81,385.45,0.0,9.81,-100.0,3,Starting,1278.07,855.87
1789319220000000000,2026-09-13T17:07:00Z,controller 2,1.696,6.162,-9.97,251.75,0.0,8.16,-122.18,2,Starting,1263.91,842.2
1789319280000000000,2026-09-13T17:08:00Z,controller 2,1.636,6.14,-10.27,26.59,0.0,8.2,-125.24,1,Starting,658.48,496.37
1789319340000000000,2026-09-13T17:09:00Z,controller 2,1.624,6.144,-10.13,138.02,0.0,8.55,-118.48,3,Starting,654.48,492.16
1789319400000000000,2026-09-13T17:10:00Z,controller 2,1.697,6.287,-10.59,401.34,0.0,9.81,-107.95,1,Starting,607.94,512.37
1789319460000000000,2026-09-13T17:11:00Z,controller 2,1.777,6.242,-10.58,181.16,0.0,10.0,-105.8,1,Starting,602.19,487.98
1789319520000000000,2026-09-13T17:12:00Z,controller 2,1.838,6.204,-10.28,554.99,0.0,9.79,-105.01,3,Starting,606.23,502.47
1789319580000000000,2026-09-13T17:13:00Z,controller 2,1.86,6.209,-9.28,87.29,0.0,11.59,-80.07,2,Starting,644.68,487.4
1789319640000000000,2026-09-13T17:14:00Z,controller 2,1.839,6.214,-8.98,134.35,0.0,11.27,-79.68,1,Starting,660.41,472.5
1789319700000000000,2026-09-13T17:15:00Z,controller 2,1.823,6.195,-8.1,365.85,0.0,10.18,-79.57,1,Starting,705.37,494.04
1789319760000000000,2026-09-13T17:16:00Z,controller 2,1.784,6.206,-8.89,241.16,0.0,9.6,-92.6,1,Starting,733.45,487.57
1789319820000000000,2026-09-13T17:17:00Z,controller 2,1.766,6.267,-8.49,353.58,0.0,9.78,-86.81,1,Starting,701.9,478.07
1789319880000000000,2026-09-13T17:18:00Z,controller 2,1.736,6.338,-7.67,380.23,0.0,9.39,-81.68,2,Starting,743.71,504.89
1789319940000000000,2026-09-13T17:19:00Z,controller 2,1.78,6.431,-8.2,173.14,0.0,11.04,-74.28,3,Starting,748.91,481.92
1789320000000000000,2026-09-13T17:20:00Z,controller 2,1.8,6.453,-8.06,285.81,0.0,11.28,-71.45,3,Starting,784.27,478.78
1789320060000000000,2026-09-13T17:21:00Z,controller 2,1.771,6.489,-8.26,269.35,0.0,10.33,-79.96,1,Starting,624.91,980.83
1789320120000000000,2026-09-13T17:22:00Z,controller 2,1.801,6.424,-8.92,159.02,0.0,9.84,-90.65,1,Starting,654.3,1000.0
1789320180000000000,2026-09-13T17:23:00Z,controller 2,1.852,6.336,-8.91,408.55,0.0,10.42,-85.51,3,Starting,626.34,1000.0
1789320240000000000,2026-09-13T17:24:00Z,controller 2,1.867,6.226,-9.65,173.9,0.0,11.84,-81.5,1,Starting,664.56,984.32
1789320300000000000,2026-09-13T17:25:00Z,controller 2,1.876,6.129,-10.28,494.23,0.0,11.19,-91.87,1,Starting,676.19,983.37
1789320360000000000,2026-09-13T17:26:00Z,controller 2,1.938,6.09,-10.38,318.73,0.0,11.83,-87.74,3,Starting,651.15,1000.0
1789320420000000000,2026-09-13T17:27:00Z,controller 2,1.93,6.024,-10.35,76.51,0.0,11.49,-90.08,2,Starting,694.12,1000.0
1789320480000000000,2026-09-13T17:28:00Z,controller 2,1.874,6.095,-9.5,260.34,0.0,11.24,-84.52,1,Starting,675.12,991.18
1789320540000000000,2026-09-13T17:29:00Z,controller 2,1.868,6.138,-9.82,173.32,0.0,11.33,-86.67,3,Starting,678.97,984.5
1789320600000000000,2026-09-13T17:30:00Z,controller 2,1.879,6.112,-10.13,287.31,0.0,10.31,-98.25,1,Starting,681.56,994.79
1789320660000000000,2026-09-13T17:31:00Z,controller 2,1.9,6.153,-9.5,198.96,0.0,11.33,-83.85,3,Starting,643.79,1000.0
1789320720000000000,2026-09-13T17:32:00Z,controller 2,1.957,6.168,-9.46,595.29,0.0,11.64,-81.27,1,Starting,661.59,981.33
1789320780000000000,2026-09-13T17:33:00Z,controller 2,1.939,6.272,-8.75,182.55,0.0,12.23,-71.55,2,Starting,658.89,999.81
1789320840000000000,2026-09-13T17:34:00Z,controller 2,1.978,6.298,-9.59,37.04,0.0,11.54,-83.1,2,Starting,644.62,982.06
1789320900000000000,2026-09-13T17:35:00Z,controller 2,2.016,6.191,-9.26,444.86,0.0,13.2,-70.15,3,Starting,632.36,989.03
1789320960000000000,2026-09-13T17:36:00Z,controller 2,1.973,6.227,-8.63,38.2,0.0,13.06,-66.08,2,Starting,647.57,1000.0
1789321020000000000,2026-09-13T17:37:00Z,controller 2,1.981,6.119,-8.06,28.03,0.0,12.34,-65.32,1,Starting,661.69,1000.0
1789321080000000000,2026-09-13T17:38:00Z,controller 2,1.988,6.054,-8.21,392.39,0.0,11.42,-71.89,2,Starting,1311.68,795.06
1789321140000000000,2026-09-13T17:39:00Z,controller 2,1.97,6.086,-8.39,1.72,0.0,11.54,-72.7,2,Starting,1018.1,323.15
1789321200000000000,2026-09-13T17:40:00Z,controller 2,1.96,6.044,-8.5,495.21,0.0,10.87,-78.2,2,Starting,951.62,750.6
1789321260000000000,2026-09-13T17:41:00Z,controller 2,1.984,6.188,-9.21,526.3,0.0,12.34,-74.64,2,Starting,964.09,777.26
1789321320000000000,2026-09-13T17:42:00Z,controller 2,1.997,6.271,-9.2,574.91,0.0,12.38,-74.31,1,Starting,965.77,786.87
1789321380000000000,2026-09-13T17:43:00Z,controller 2,1.957,6.223,-10.01,401.2,0.0,12.6,-79.44,2,Starting,953.92,769.83
1789321440000000000,2026-09-13T17:44:00Z,controller 2,1.941,6.114,-9.25,289.5,0.0,10.95,-84.47,1,Starting,955.79,773.18
1789321500000000000,2026-09-13T17:45:00Z,controller 2,2.01,6.121,-9.77,79.52,0.0,12.8,-76.33,3,Starting,949.37,750.34
1789321560000000000,2026-09-13T17:46:00Z,controller 2,1.942,6.115,-8.8,535.36,0.0,11.33,-77.67,2,Starting,904.54,772.23
1789321620000000000,2026-09-13T17:47:00Z,controller 2,2.001,6.146,-8.61,67.23,0.0,13.42,-64.16,1,Starting,945.87,750.28
1789321680000000000,2026-09-13T17:48:00Z,controller 2,2.041,6.111,-8.47,179.01,0.0,12.94,-65.46,2,Starting,956.81,738.98
1789321740000000000,2026-09-13T17:49:00Z,controller 2,2.13,6.088,-9.14,500.25,0.0,14.85,-61.55,2,Starting,961.42,767.74
1789321800000000000,2026-09-13T17:50:00Z,controller 2,2.143,6.064,-8.85,175.22,0.0,14.19,-62.37,3,Starting,931.34,779.55
1789321860000000000,2026-09-13T17:51:00Z,controller 2,2.143,5.985,-8.97,590.39,0.0,13.94,-64.35,3,Starting,926.82,759.09
1789321920000000000,2026-09-13T17:52:00Z,controller 2,2.075,5.926,-9.26,7.26,0.0,12.08,-76.66,3,Starting,933.84,788.5
1789321980000000000,2026-09-13T17:53:00Z,controller 2,2.088,5.976,-8.52,456.73,0.0,13.03,-65.39,2,Starting,969.95,802.01
1789322040000000000,2026-09-13T17:54:00Z,controller 2,2.096,6.183,-7.71,581.45,0.0,14.66,-52.59,2,Starting,925.8,785.03
1789322100000000000,2026-09-13T17:55:00Z,controller 2,2.058,6.144,-6.96,330.84,0.0,12.96,-53.7,3,Starting,951.96,716.59
1789322160000000000,2026-09-13T17:56:00Z,controller 2,2.019,6.165,-6.53,383.36,0.0,13.23,-49.36,2,Starting,933.56,698.76
1789322220000000000,2026-09-13T17:57:00Z,controller 2,2.029,6.287,-6.73,523.65,0.0,12.08,-55.71,1,Starting,903.41,721.63
1789322280000000000,2026-09-13T17:58:00Z,controller 2,2.076,6.381,-7.01,318.97,0.0,12.45,-56.31,3,Starting,927.2,734.35
1789322340000000000,2026-09-13T17:59:00Z,controller 2,2.102,6.402,-6.76,579.31,0.0,14.72,-45.92,1,Starting,878.42,732.0
1789322400000000000,2026-09-13T18:00:00Z,controller 2,2.111,6.354,-7.27,440.59,0.0,13.87,-52.42,1,Starting,922.07,756.88
1789322460000000000,2026-09-13T18:01:00Z,controller 2,2.073,6.225,-7.45,367.49,0.0,13.15,-56.65,1,Starting,921.56,729.73
1789322520000000000,2026-09-13T18:02:00Z,controller 2,2.065,6.215,-7.79,434.28,0.0,14.4,-54.1,1,Starting,924.81,715.36
1789322580000000000,2026-09-13T18:03:00Z,controller 2,1.989,6.239,-8.24,402.36,0.0,12.94,-63.68,2,Starting,957.5,733.63
1789322640000000000,2026-09-13T18:04:00Z,controller 2,2.018,6.235,-8.41,175.42,0.0,11.53,-72.94,2,Starting,918.16,752.1
1789322700000000000,2026-09-13T18:05:00Z,controller 2,1.967,6.227,-8.45,529.98,0.0,12.99,-65.05,2,Starting,896.01,757.75
1789322760000000000,2026-09-13T18:06:00Z,controller 2,1.984,6.223,-7.62,239.13,0.0,12.78,-59.62,2,Starting,913.75,766.71
1789322820000000000,2026-09-13T18:07:00Z,controller 2,1.963,6.147,-7.41,241.44,0.0,12.06,-61.44,3,Starting,962.35,780.47
1789322880000000000,2026-09-13T18:08:00Z,controller 2,1.911,6.229,-7.42,340.81,0.0,11.99,-61.88,1,Starting,1002.44,769.8
1789322940000000000,2026-09-13T18:09:00Z,controller 2,1.912,6.264,-7.05,428.7,0.0,11.1,-63.51,3,Starting,996.28,753.59
1789323000000000000,2026-09-13T18:10:00Z,controller 2,1.905,6.249,-6.64,60.69,0.0,11.66,-56.95,3,Starting,992.93,739.5
1789323060000000000,2026-09-13T18:11:00Z,controller 2,1.976,6.218,-6.93,525.41,0.0,12.92,-53.64,1,Starting,822.94,712.22
1789323120000000000,2026-09-13T18:12:00Z,controller 2,2.07,6.306,-7.3,511.35,0.0,13.54,-53.91,3,Starting,833.77,736.09
1789323180000000000,2026-09-13T18:13:00Z,controller 2,2.029,6.281,-6.87,319.02,0.0,13.14,-52.28,3,Starting,819.05,712.92
1789323240000000000,2026-09-13T18:14:00Z,controller 2,1.969,6.412,-7.37,151.88,0.0,11.45,-64.37,3,Starting,858.86,708.19
1789323300000000000,2026-09-13T18:15:00Z,controller 2,1.982,6.465,-7.53,336.47,0.0,13.87,-54.29,1,Starting,851.85,679.13
1789323360000000000,2026-09-13T18:16:00Z,controller 2,1.925,6.451,-7.1,179.98,0.0,11.33,-62.67,3,Starting,818.62,698.86
1789323420000000000,2026-09-13T18:17:00Z,controller 2,1.935,6.343,-7.29,97.93,0.0,11.21,-65.03,2,Starting,805.89,698.84
1789323480000000000,2026-09-13T18:18:00Z,controller 2,1.909,6.371,-6.98,247.15,0.0,10.5,-66.48,1,Off,799.36,708.51
1789323540000000000,2026-09-13T18:19:00Z,controller 2,1.913,6.297,-7.29,419.77,0.0,10.64,-68.52,2,Off,790.96,720.88
1789323600000000000,2026-09-13T18:20:00Z,controller 2,1.897,6.327,-6.59,365.21,0.0,10.31,-63.92,3,Off,745.85,694.13
1789323660000000000,2026-09-13T18:21:00Z,controller 2,1.984,6.375,-6.64,72.14,0.0,13.22,-50.23,3,Off,746.63,664.99
1789323720000000000,2026-09-13T18:22:00Z,controller 2,1.921,6.38,-6.74,564.63,0.0,12.62,-53.41,2,Off,769.68,657.73
1789323780000000000,2026-09-13T18:23:00Z,controller 2,1.997,6.391,-6.25,0.39,0.0,12.58,-49.68,3,Off,744.39,640.58
1789323840000000000,2026-09-13T18:24:00Z,controller 2,1.876,6.266,-6.17,321.79,0.0,11.76,-52.47,3,Off,760.71,633.92
1789323900000000000,2026-09-13T18:25:00Z,controller 2,1.905,6.269,-5.81,293.88,0.0,11.73,-49.53,3,Off,729.13,608.65
1789323960000000000,2026-09-13T18:26:00Z,controller 2,1.842,6.28,-6.1,597.71,0.0,11.71,-52.09,1,Off,778.55,632.4
1789324020000000000,2026-09-13T18:27:00Z,controller 2,1.811,6.302,-6.42,10.53,0.0,11.24,-57.12,1,Off,779.58,651.78
1789324080000000000,2026-09-13T18:28:00Z,controller 2,1.815,6.267,-6.28,355.29,0.0,9.56,-65.69,1,Off,806.5,679.55
1789324140000000000,2026-09-13T18:29:00Z,controller 2,1.724,6.272,-6.85,110.02,0.0,8.49,-80.68,1,Off,826.57,696.48
1789324200000000000,2026-09-13T18:30:00Z,controller 2,1.634,6.382,-6.82,359.44,0.0,9.24,-73.81,1,Off,874.01,669.22
1789324260000000000,2026-09-13T18:31:00Z,controller 2,1.568,6.356,-6.29,420.1,0.0,8.48,-74.17,2,Off,833.7,670.52
1789324320000000000,2026-09-13T18:32:00Z,controller 2,1.57,6.312,-6.13,397.81,0.0,7.4,-82.84,3,Off,843.5,652.61
1789324380000000000,2026-09-13T18:33:00Z,controller 2,1.58,6.294,-6.14,444.71,0.0,7.46,-82.31,3,Off,834.45,673.1
1789324440000000000,2026-09-13T18:34:00Z,controller 2,1.548,6.334,-5.65,262.77,0.0,7.17,-78.8,1,Off,842.64,648.73
1789324500000000000,2026-09-13T18:35:00Z,controller 2,1.542,6.349,-6.21,105.67,0.0,7.98,-77.82,3,Off,797.48,643.74
1789324560000000000,2026-09-13T18:36:00Z,controller 2,1.473,6.346,-6.35,398.04,0.0,7.03,-90.33,2,Off,826.47,640.06
1789324620000000000,2026-09-13T18:37:00Z,controller 2,1.503,6.374,-5.98,282.9,0.0,7.38,-81.03,2,Off,819.11,629.93
1789324680000000000,2026-09-13T18:38:00Z,controller 2,1.529,6.357,-6.3,176.56,0.0,7.63,-82.57,2,Off,804.4,649.56
1789324740000000000,2026-09-13T18:39:00Z,controller 2,1.541,6.401,-6.37,578.6,0.0,7.96,-80.03,3,Off,755.56,630.37
1789324800000000000,2026-09-13T18:40:00Z,controller 2,1.532,6.446,-6.18,313.96,0.0,7.31,-84.54,3,Off,797.1,637.89
1789324860000000000,2026-09-13T18:41:00Z,controller 2,1.501,6.423,-6.53,324.69,0.0,7.84,-83.29,2,Off,788.46,653.53
1789324920000000000,2026-09-13T18:42:00Z,controller 2,1.471,6.459,-6.06,406.17,0.0,6.9,-87.83,2,Off,780.23,667.95
1789324980000000000,2026-09-13T18:43:00Z,controller 2,1.515,6.351,-6.03,350.77,0.0,7.27,-82.94,1,Off,793.1,663.25
1789325040000000000,2026-09-13T18:44:00Z,controller 2,1.538,6.341,-5.96,94.88,0.0,8.03,-74.22,3,Off,822.05,658.02
1789325100000000000,2026-09-13T18:45:00Z,controller 2,1.589,6.331,-5.8,312.65,0.0,7.65,-75.82,3,Off,803.27,668.31
1789325160000000000,2026-09-13T18:46:00Z,controller 2,1.549,6.348,-6.18,374.57,0.0,7.85,-78.73,1,Off,791.07,689.16
1789325220000000000,2026-09-13T18:47:00Z,controller 2,1.588,6.375,-6.79,559.95,0.0,7.68,-88.41,3,Off,745.79,712.56
1789325280000000000,2026-09-13T18:48:00Z,controller 2,1.618,6.35,-7.47,158.04,0.0,8.51,-87.78,2,Off,757.26,706.21
1789325340000000000,2026-09-13T18:49:00Z,controller 2,1.657,6.346,-7.81,277.46,0.0,7.92,-98.61,3,Off,729.24,718.97
1789325400000000000,2026-09-13T18:50:00Z,controller 2,1.653,6.342,-7.38,163.67,0.0,8.68,-85.02,2,Off,751.73,704.96
1789325460000000000,2026-09-13T18:51:00Z,controller 2,1.651,6.278,-7.08,400.27,0.0,8.9,-79.55,1,Off,767.69,723.19
1789325520000000000,2026-09-13T18:52:00Z,controller 2,1.663,6.266,-6.53,173.61,0.0,8.85,-73.79,1,Off,738.22,693.37
1789325580000000000,2026-09-13T18:53:00Z,controller 2,1.731,6.209,-6.23,379.05,0.0,9.41,-66.21,2,Off,736.34,718.04
1789325640000000000,2026-09-13T18:54:00Z,controller 2,1.805,6.344,-5.86,245.62,0.0,10.36,-56.56,3,Off,752.62,712.53
1789325700000000000,2026-09-13T18:55:00Z,controller 2,1.852,6.365,-5.29,446.44,0.0,9.95,-53.17,2,Off,799.16,729.02
1789325760000000000,2026-09-13T18:56:00Z,controller 2,1.878,6.33,-5.26,504.84,0.0,11.18,-47.05,3,Off,807.28,700.32
1789325820000000000,2026-09-13T18:57:00Z,controller 2,1.776,6.418,-4.99,49.78,0.0,9.78,-51.02,2,Off,823.3,720.44
1789325880000000000,2026-09-13T18:58:00Z,controller 2,1.781,6.295,-4.8,570.28,0.0,10.92,-43.96,2,Off,872.48,695.65
1789325940000000000,2026-09-13T18:59:00Z,controller 2,1.865,6.328,-4.59,232.3,0.0,10.4,-44.13,3,Off,839.99,723.12
1789326000000000000,2026-09-13T19:00:00Z,controller 2,1.863,6.419,-4.61,118.5,0.0,12.14,-37.97,2,Off,860.54,742.95
1789326060000000000,2026-09-13T19:01:00Z,controller 2,1.887,6.42,-4.28,271.45,0.0,12.29,-34.83,2,Off,907.36,735.14
1789326120000000000,2026-09-13T19:02:00Z,controller 2,1.85,6.459,-4.1,42.06,0.0,10.32,-39.73,1,Off,942.6,762.58
1789326180000000000,2026-09-13T19:03:00Z,controller 2,1.889,6.409,-4.23,45.61,0.0,11.13,-38.01,1,Off,928.04,759.47
1789326240000000000,2026-09-13T19:04:00Z,controller 2,1.907,6.362,-4.62,590.97,0.0,10.76,-42.94,3,Off,964.45,765.17
1789326300000000000,2026-09-13T19:05:00Z,controller 2,1.941,6.342,-4.63,245.12,0.0,11.38,-40.69,3,Off,956.71,751.75
1789326360000000000,2026-09-13T19:06:00Z,controller 2,1.985,6.284,-4.33,281.73,0.0,12.08,-35.84,2,Off,955.54,767.83
1789326420000000000,2026-09-13T19:07:00Z,controller 2,1.9,6.301,-4.46,192.34,0.0,10.97,-40.66,2,Off,993.26,775.07
1789326480000000000,2026-09-13T19:08:00Z,controller 2,1.919,6.27,-4.17,85.1,0.0,11.55,-36.1,2,Off,1010.11,766.14
1789326540000000000,2026-09-13T19:09:00Z,controller 2,1.946,6.212,-4.22,9.72,0.0,12.49,-33.79,2,Off,1001.94,740.45
1789326600000000000,2026-09-13T19:10:00Z,controller 2,1.88,6.097,-4.54,35.09,0.0,11.84,-38.34,1,Off,1049.14,713.51
1789326660000000000,2026-09-13T19:11:00Z,controller 2,1.824,6.064,-4.81,131.43,0.0,10.3,-46.7,3,Off,1033.11,689.49
1789326720000000000,2026-09-13T19:12:00Z,controller 2,1.833,6.05,-5.25,456.07,0.0,10.08,-52.08,1,Off,944.71,808.32
1789326780000000000,2026-09-13T19:13:00Z,controller 2,1.814,6.015,-4.82,513.74,0.0,9.94,-48.49,3,Off,970.9,799.19
1789326840000000000,2026-09-13T19:14:00Z,controller 2,1.772,5.893,-5.25,405.04,0.0,10.15,-51.72,1,Off,1020.21,777.52
1789326900000000000,2026-09-13T19:15:00Z,controller 2,1.739,5.939,-5.14,44.18,0.0,9.37,-54.86,3,Off,1062.99,800.01
1789326960000000000,2026-09-13T19:16:00Z,controller 2,1.787,5.947,-5.35,43.63,0.0,9.3,-57.53,2,Off,1021.59,789.96
1789327020000000000,2026-09-13T19:17:00Z,controller 2,1.798,5.984,-5.86,76.25,0.0,9.22,-63.56,2,Off,1023.07,778.76
1789327080000000000,2026-09-13T19:18:00Z,controller 2,1.762,6.028,-5.34,407.03,0.0,8.96,-59.6,3,Off,973.81,757.13
1789327140000000000,2026-09-13T19:19:00Z,controller 2,1.757,6.045,-5.77,200.51,0.0,9.92,-58.17,2,Off,689.68,382.82
1789327200000000000,2026-09-13T19:20:00Z,controller 2,1.74,6.041,-5.96,118.56,0.0,9.28,-64.22,1,Off,681.12,409.11
1789327260000000000,2026-09-13T19:21:00Z,controller 2,1.732,6.083,-6.01,520.55,0.0,9.32,-64.48,1,Off,691.98,430.59
1789327320000000000,2026-09-13T19:22:00Z,controller 2,1.75,6.129,-6.21,465.27,0.0,8.74,-71.05,1,Off,687.15,412.15
1789327380000000000,2026-09-13T19:23:00Z,controller 2,1.782,6.122,-6.35,199.6,0.0,9.8,-64.8,3,Off,654.15,394.19
1789327440000000000,2026-09-13T19:24:00Z,controller 2,1.82,5.995,-6.25,273.89,0.0,9.41,-66.42,3,Off,658.67,416.29
1789327500000000000,2026-09-13T19:25:00Z,controller 2,1.81,5.995,-6.8,237.4,0.0,10.5,-64.76,1,Off,690.86,428.18
1789327560000000000,2026-09-13T19:26:00Z,controller 2,1.82,6.002,-7.33,484.46,0.0,10.92,-67.12,2,Off,683.46,398.85
1789327620000000000,2026-09-13T19:27:00Z,controller 2,1.798,5.895,-7.28,33.82,0.0,10.36,-70.27,2,On,691.46,393.58
1789327680000000000,2026-09-13T19:28:00Z,controller 2,1.811,5.813,-7.76,529.75,0.0,10.47,-74.12,1,On,668.88,411.61
1789327740000000000,2026-09-13T19:29:00Z,controller 2,1.836,5.892,-8.07,467.56,0.0,10.42,-77.45,3,On,705.0,419.21
1789327800000000000,2026-09-13T19:30:00Z,controller 2,1.812,5.827,-7.27,341.65,0.0,9.55,-76.13,2,On,665.38,408.64
1789327860000000000,2026-09-13T19:31:00Z,controller 2,1.839,5.855,-7.99,347.66,0.0,9.47,-84.37,1,On,691.17,422.65
1789327920000000000,2026-09-13T19:32:00Z,controller 2,1.874,5.906,-7.71,28.27,0.0,11.09,-69.52,2,On,835.27,672.55
1789327980000000000,2026-09-13T19:33:00Z,controller 2,1.844,6.047,-7.47,398.53,0.0,10.01,-74.63,2,On,846.19,660.38
1789328040000000000,2026-09-13T19:34:00Z,controller 2,1.794,5.976,-7.05,70.88,0.0,8.77,-80.39,3,On,844.99,630.73
1789328100000000000,2026-09-13T19:35:00Z,controller 2,2.436,5.731,-7.13,13.9,0.0,16.11,-44.26,3,On,808.09,612.84
1789328160000000000,2026-09-13T19:36:00Z,controller 2,2.403,5.786,-7.29,514.88,0.0,16.4,-44.45,2,On,807.83,599.15
1789328220000000000,2026-09-13T19:37:00Z,controller 2,2.378,5.744,-7.9,416.42,0.0,17.72,-44.58,2,On,1391.63,895.03
1789328280000000000,2026-09-13T19:38:00Z,controller 2,2.361,5.763,-8.62,237.37,0.0,16.85,-51.16,2,On,1317.29,430.99
1789328340000000000,2026-09-13T19:39:00Z,controller 2,2.428,5.765,-8.68,114.07,0.0,17.27,-50.26,2,On,1292.45,456.79
1789328400000000000,2026-09-13T19:40:00Z,controller 2,2.429,5.691,-8.08,525.58,0.0,17.67,-45.73,1,On,1285.21,464.38
1789328460000000000,2026-09-13T19:41:00Z,controller 2,2.438,5.705,-7.95,284.53,0.0,16.14,-49.26,3,On,1268.21,459.74
1789328520000000000,2026-09-13T19:42:00Z,controller 2,2.292,5.649,-7.32,586.51,0.0,13.68,-53.51,2,On,1255.95,436.81
1789328580000000000,2026-09-13T19:43:00Z,controller 2,2.293,5.693,-6.95,394.56,0.0,14.68,-47.34,3,On,1265.49,451.31
1789328640000000000,2026-09-13T19:44:00Z,controller 2,2.302,5.662,-7.03,279.27,0.0,14.3,-49.16,1,On,1288.53,473.01
1789328700000000000,2026-09-13T19:45:00Z,controller 2,2.346,5.655,-6.58,500.99,0.0,16.85,-39.05,2,On,1236.36,872.93
1789328760000000000,2026-09-13T19:46:00Z,controller 2,2.311,5.626,-6.05,29.73,0.0,14.03,-43.12,2,On,1211.46,871.58
1789328820000000000,2026-09-13T19:47:00Z,controller 2,2.291,5.681,-5.7,125.95,0.0,15.46,-36.87,1,On,1162.16,885.61
1789328880000000000,2026-09-13T19:48:00Z,controller 2,2.196,5.629,-5.89,338.05,0.0,13.28,-44.35,1,On,1128.89,857.08
1789328940000000000,2026-09-13T19:49:00Z,controller 2,2.15,5.549,-5.87,590.26,0.0,13.33,-44.04,3,On,1157.07,859.09
1789329000000000000,2026-09-13T19:50:00Z,controller 2,2.111,5.514,-5.91,575.66,0.0,13.0,-45.46,3,On,1152.51,841.33
1789329060000000000,2026-09-13T19:51:00Z,controller 2,2.091,5.485,-6.03,291.83,0.0,12.85,-46.93,1,On,1120.83,867.64
1789329120000000000,2026-09-13T19:52:00Z,controller 2,2.071,5.396,-5.73,311.47,0.0,11.39,-50.31,1,On,1131.89,869.82
1789329180000000000,2026-09-13T19:53:00Z,controller 2,2.077,5.389,-5.26,269.23,0.0,10.89,-48.3,3,On,1147.89,866.04
1789329240000000000,2026-09-13T19:54:00Z,controller 2,2.035,5.423,-5.24,520.09,0.0,12.13,-43.2,1,On,1115.77,894.41
1789329300000000000,2026-09-13T19:55:00Z,controller 2,1.983,5.419,-5.75,517.04,0.0,9.79,-58.73,2,On,1152.07,912.65
1789329360000000000,2026-09-13T19:56:00Z,controller 2,1.989,5.402,-5.64,181.79,0.0,9.89,-57.03,3,On,1107.03,911.17
1789329420000000000,2026-09-13T19:57:00Z,controller 2,2.069,5.486,-5.13,528.23,0.0,12.37,-41.47,3,On,1124.29,932.84
1789329480000000000,2026-09-13T19:58:00Z,controller 2,2.129,5.593,-5.06,252.05,0.0,12.27,-41.24,3,On,1140.09,927.8
1789329540000000000,2026-09-13T19:59:00Z,controller 2,2.024,5.593,-4.79,208.45,0.0,10.97,-43.66,1,On,1186.33,908.43
1789329600000000000,2026-09-13T20:00:00Z,controller 2,1.949,5.611,-5.23,193.99,0.0,10.64,-49.15,1,On,1156.29,901.33
1789329660000000000,2026-09-13T20:01:00Z,controller 2,1.992,5.704,-5.71,43.57,0.0,11.04,-51.72,1,On,1140.68,895.32
1789329720000000000,2026-09-13T20:02:00Z,controller 2,2.056,5.696,-5.28,43.67,0.0,11.55,-45.71,2,On,1123.05,888.39
1789329780000000000,2026-09-13T20:03:00Z,controller 2,2.09,5.779,-5.62,10.81,0.0,11.88,-47.31,2,On,525.61,719.31
1789329840000000000,2026-09-13T20:04:00Z,controller 2,2.111,5.755,-6.17,214.09,0.0,13.38,-46.11,1,On,510.26,743.45
1789329900000000000,2026-09-13T20:05:00Z,controller 2,2.146,5.847,-6.34,119.73,0.0,13.39,-47.35,3,On,478.69,759.03
1789329960000000000,2026-09-13T20:06:00Z,controller 2,2.214,5.743,-5.83,390.37,0.0,15.36,-37.96,2,On,439.45,748.69
1789330020000000000,2026-09-13T20:07:00Z,controller 2,2.166,5.706,-5.85,56.31,0.0,14.05,-41.64,3,On,389.87,747.55
1789330080000000000,2026-09-13T20:08:00Z,controller 2,2.153,5.642,-5.7,54.02,0.0,13.38,-42.6,2,On,416.55,754.03
1789330140000000000,2026-09-13T20:09:00Z,controller 2,2.165,5.62,-5.43,78.45,0.0,12.06,-45.02,2,On,430.52,748.05
1789330200000000000,2026-09-13T20:10:00Z,controller 2,2.131,5.617,-5.86,300.34,0.0,12.2,-48.03,2,On,462.08,743.05
1789330260000000000,2026-09-13T20:11:00Z,controller 2,2.075,5.595,-6.13,287.05,0.0,13.23,-46.33,2,On,412.46,760.68
1789330320000000000,2026-09-13T20:12:00Z,controller 2,1.976,5.611,-6.65,321.16,0.0,11.33,-58.69,3,On,380.64,785.36
1789330380000000000,2026-09-13T20:13:00Z,controller 2,1.962,5.694,-6.02,125.48,0.0,10.57,-56.95,2,On,429.24,765.44
1789330440000000000,2026-09-13T20:14:00Z,controller 2,1.948,5.74,-6.33,155.06,0.0,10.17,-62.24,1,On,425.43,770.15
1789330500000000000,2026-09-13T20:15:00Z,controller 2,2.003,5.639,-6.01,337.37,0.0,11.9,-50.5,3,On,458.98,788.31
1789330560000000000,2026-09-13T20:16:00Z,controller 2,1.998,5.633,-6.17,483.18,0.0,10.8,-57.13,1,On,463.9,779.99
1789330620000000000,2026-09-13T20:17:00Z,controller 2,1.992,5.472,-5.99,464.92,0.0,10.16,-58.96,3,On,422.67,801.0
1789330680000000000,2026-09-13T20:18:00Z,controller 2,1.991,5.491,-5.47,517.03,0.0,11.19,-48.88,2,On,427.98,792.74
1789330740000000000,2026-09-13T20:19:00Z,controller 2,2.03,5.435,-5.38,523.73,0.0,11.38,-47.28,3,On,409.67,806.21
1789330800000000000,2026-09-13T20:20:00Z,controller 2,2.025,5.481,-5.38,396.85,0.0,11.7,-45.98,2,On,366.56,786.24
1789330860000000000,2026-09-13T20:21:00Z,controller 2,2.069,5.563,-5.53,33.58,0.0,11.56,-47.84,1,On,343.45,767.22
1789330920000000000,2026-09-13T20:22:00Z,controller 2,1.995,5.674,-5.88,253.33,0.0,11.36,-51.76,3,On,323.68,746.8
1789330980000000000,2026-09-13T20:23:00Z,controller 2,1.994,5.673,-6.41,71.9,0.0,10.26,-62.48,3,On,328.55,744.92
1789331040000000000,2026-09-13T20:24:00Z,controller 2,1.9,5.669,-6.48,495.23,0.0,11.21,-57.81,2,On,1485.99,356.29
1789331100000000000,2026-09-13T20:25:00Z,controller 2,1.874,5.631,-7.01,61.15,0.0,9.77,-71.75,2,On,1500.0,363.34
1789331160000000000,2026-09-13T20:26:00Z,controller 2,1.899,5.576,-7.67,332.19,0.0,9.87,-77.71,3,On,1453.03,334.31
1789331220000000000,2026-09-13T20:27:00Z,controller 2,1.845,5.571,-7.59,208.17,0.0,9.43,-80.49,1,On,1446.5,351.26
1789331280000000000,2026-09-13T20:28:00Z,controller 2,1.876,5.551,-7.7,228.2,0.0,9.83,-78.33,3,On,1400.33,347.69
1789331340000000000,2026-09-13T20:29:00Z,controller 2,1.941,5.562,-8.44,477.64,0.0,11.36,-74.3,3,On,1406.62,361.13
1789331400000000000,2026-09-13T20:30:00Z,controller 2,1.953,5.601,-8.92,251.4,0.0,9.7,-91.96,1,On,1359.17,372.5
1789331460000000000,2026-09-13T20:31:00Z,controller 2,1.996,5.673,-8.41,283.75,0.0,11.76,-71.51,2,On,1371.05,390.05
1789331520000000000,2026-09-13T20:32:00Z,controller 2,2.062,5.691,-8.61,99.7,0.0,11.73,-73.4,3,On,1387.65,403.72
1789331580000000000,2026-09-13T20:33:00Z,controller 2,2.092,5.678,-8.0,462.34,0.0,12.94,-61.82,2,On,1377.05,421.54
1789331640000000000,2026-09-13T20:34:00Z,controller 2,2.08,5.562,-7.46,511.51,0.0,11.44,-65.21,1,On,1411.04,404.18
1789331700000000000,2026-09-13T20:35:00Z,controller 2,2.224,5.66,-6.79,175.73,0.0,14.88,-45.63,2,On,1450.46,431.03
1789331760000000000,2026-09-13T20:36:00Z,controller 2,2.314,5.633,-6.52,573.29,0.0,14.46,-45.09,1,On,1405.58,421.13
1789331820000000000,2026-09-13T20:37:00Z,controller 2,2.302,5.638,-6.31,522.45,0.0,15.87,-39.76,3,On,1423.37,432.24
1789331880000000000,2026-09-13T20:38:00Z,controller 2,2.33,5.66,-6.66,274.15,0.0,15.69,-42.45,2,On,1454.14,411.65
1789331940000000000,2026-09-13T20:39:00Z,controller 2,2.241,5.605,-6.67,86.26,0.0,13.73,-48.58,3,On,1445.6,439.84
1789332000000000000,2026-09-13T20:40:00Z,controller 2,2.208,5.412,-6.55,347.81,0.0,13.04,-50.23,2,On,1414.8,452.98
1789332060000000000,2026-09-13T20:41:00Z,controller 2,2.184,5.323,-7.17,411.28,0.0,13.51,-53.07,3,On,1424.66,454.46
1789332120000000000,2026-09-13T20:42:00Z,controller 2,2.183,5.341,-6.97,558.56,0.0,13.25,-52.6,1,On,1392.41,455.36
1789332180000000000,2026-09-13T20:43:00Z,controller 2,2.145,5.394,-7.45,59.45,0.0,13.06,-57.04,3,On,1439.61,482.46
1789332240000000000,2026-09-13T20:44:00Z,controller 2,2.132,5.383,-7.25,500.02,0.0,11.48,-63.15,1,On,1439.52,455.32
1789332300000000000,2026-09-13T20:45:00Z,controller 2,2.081,5.384,-6.85,481.83,0.0,11.82,-57.95,2,On,1395.6,444.29
1789332360000000000,2026-09-13T20:46:00Z,controller 2,2.099,5.494,-6.44,239.97,0.0,11.24,-57.3,2,On,1364.82,464.1
1789332420000000000,2026-09-13T20:47:00Z,controller 2,2.003,5.485,-6.35,223.93,0.0,11.97,-53.05,1,On,1409.84,460.67
1789332480000000000,2026-09-13T20:48:00Z,controller 2,2.03,5.427,-6.25,167.43,0.0,10.98,-56.92,1,On,1365.85,474.05
1789332540000000000,2026-09-13T20:49:00Z,controller 2,2.025,5.365,-6.81,396.44,0.0,10.24,-66.5,1,On,1358.32,447.47
1789332600000000000,2026-09-13T20:50:00Z,controller 2,2.069,5.371,-6.41,107.5,0.0,11.75,-54.55,2,On,1310.27,444.15
1789332660000000000,2026-09-13T20:51:00Z,controller 2,2.163,5.493,-5.78,164.48,0.0,13.71,-42.16,2,On,1140.24,768.19
1789332720000000000,2026-09-13T20:52:00Z,controller 2,2.198,5.463,-5.72,178.05,0.0,13.55,-42.21,2,On,1188.61,785.97
1789332780000000000,2026-09-13T20:53:00Z,controller 2,2.162,5.541,-6.25,83.37,0.0,13.81,-45.26,1,On,1187.12,788.01
1789332840000000000,2026-09-13T20:54:00Z,controller 2,2.174,5.537,-6.65,413.81,0.0,12.01,-55.37,3,On,1233.83,787.75
1789332900000000000,2026-09-13T20:55:00Z,controller 2,2.106,5.477,-6.35,102.11,0.0,13.12,-48.4,1,On,1194.85,771.11
1789332960000000000,2026-09-13T20:56:00Z,controller 2,2.138,5.472,-6.35,92.22,0.0,13.01,-48.81,3,On,1237.56,749.05
1789333020000000000,2026-09-13T20:57:00Z,controller 2,2.113,5.419,-5.86,129.44,0.0,12.09,-48.47,1,On,1273.27,778.64
1789333080000000000,2026-09-13T20:58:00Z,controller 2,2.137,5.38,-5.81,594.3,0.0,11.24,-51.69,1,On,1237.93,781.75
1789333140000000000,2026-09-13T20:59:00Z,controller 2,2.166,5.374,-6.26,84.99,0.0,12.7,-49.29,2,On,1203.39,761.61
1789333200000000000,2026-09-13T21:00:00Z,controller 2,2.215,5.307,-6.32,340.63,0.0,13.68,-46.2,2,On,1220.57,788.91
1789333260000000000,2026-09-13T21:01:00Z,controller 2,2.227,5.4,-6.45,302.79,0.0,14.12,-45.68,2,On,1261.06,776.03
1789333320000000000,2026-09-13T21:02:00Z,controller 2,2.248,5.318,-5.82,430.88,0.0,12.33,-47.2,3,On,1220.46,765.07
1789333380000000000,2026-09-13T21:03:00Z,controller 2,2.197,5.428,-6.37,524.34,0.0,13.9,-45.83,3,On,1249.87,763.33
1789333440000000000,2026-09-13T21:04:00Z,controller 2,2.197,5.378,-5.84,24.6,0.0,12.04,-48.5,1,On,1282.67,749.68
1789333500000000000,2026-09-13T21:05:00Z,controller 2,2.182,5.331,-5.75,293.31,0.0,13.44,-42.78,2,On,1260.81,770.04
1789333560000000000,2026-09-13T21:06:00Z,controller 2,2.063,5.405,-5.27,263.49,0.0,11.68,-45.12,1,On,1264.55,777.65
1789333620000000000,2026-09-13T21:07:00Z,controller 2,2.074,5.412,-5.44,151.95,0.0,12.53,-43.42,1,On,709.28,901.28
1789333680000000000,2026-09-13T21:08:00Z,controller 2,2.026,5.387,-5.78,368.47,0.0,10.49,-55.1,2,On,672.5,922.86
1789333740000000000,2026-09-13T21:09:00Z,controller 2,2.072,5.366,-5.91,41.69,0.0,12.58,-46.98,1,On,1078.32,794.29
1789333800000000000,2026-09-13T21:10:00Z,controller 2,2.025,5.337,-6.09,128.83,0.0,11.86,-51.35,1,On,1045.26,784.89
1789333860000000000,2026-09-13T21:11:00Z,controller 2,2.034,5.237,-6.68,490.81,0.0,11.09,-60.23,2,On,1015.28,800.42
1789333920000000000,2026-09-13T21:12:00Z,controller 2,1.953,5.173,-6.67,225.61,0.0,9.03,-73.86,1,On,1027.28,791.84
1789333980000000000,2026-09-13T21:13:00Z,controller 2,1.934,5.161,-6.63,275.74,0.0,10.23,-64.81,3,On,1055.28,815.92
1789334040000000000,2026-09-13T21:14:00Z,controller 2,1.932,5.172,-6.55,442.0,0.0,10.34,-63.35,1,On,1105.07,796.15
1789334100000000000,2026-09-13T21:15:00Z,controller 2,1.875,5.171,-7.19,488.9,0.0,9.14,-78.67,2,On,1119.68,821.24
1789334160000000000,2026-09-13T21:16:00Z,controller 2,1.79,5.227,-6.79,402.47,0.0,8.87,-76.55,1,On,1148.26,828.09
1789334220000000000,2026-09-13T21:17:00Z,controller 2,1.877,5.11,-7.41,462.83,0.0,8.86,-83.63,1,On,1108.26,822.64
1789334280000000000,2026-09-13T21:18:00Z,controller 2,1.937,5.219,-8.07,131.38,0.0,10.31,-78.27,2,On,1070.22,839.34
1789334340000000000,2026-09-13T21:19:00Z,controller 2,1.894,5.232,-8.85,335.41,0.0,8.52,-103.87,2,On,1100.82,855.6
1789334400000000000,2026-09-13T21:20:00Z,controller 2,1.858,5.23,-8.34,516.31,0.0,8.35,-99.88,1,On,1134.39,615.97
1789334460000000000,2026-09-13T21:21:00Z,controller 2,1.962,5.338,-8.64,118.21,0.0,10.19,-84.79,2,On,1087.09,587.81
1789334520000000000,2026-09-13T21:22:00Z,controller 2,1.972,5.338,-8.84,76.99,0.0,11.35,-77.89,3,On,1104.44,567.39
1789334580000000000,2026-09-13T21:23:00Z,controller 2,2.044,5.457,-9.08,91.19,0.0,11.41,-79.58,1,On,1060.25,573.5
1789334640000000000,2026-09-13T21:24:00Z,controller 2,2.111,5.346,-9.29,302.35,0.0,11.5,-80.78,3,On,1100.3,587.9
1789334700000000000,2026-09-13T21:25:00Z,controller 2,2.117,5.232,-10.01,24.8,0.0,12.23,-81.85,2,On,1069.67,591.37
1789334760000000000,2026-09-13T21:26:00Z,controller 2,2.073,5.287,-10.45,440.78,0.0,11.15,-93.72,3,On,1088.26,602.11
1789334820000000000,2026-09-13T21:27:00Z,controller 2,2.042,5.249,-10.17,549.05,0.0,11.2,-90.8,3,Off,1135.11,624.44
1789334880000000000,2026-09-13T21:28:00Z,controller 2,2.104,5.369,-10.73,552.46,0.0,10.97,-97.81,2,Off,1093.33,623.31
1789334940000000000,2026-09-13T21:29:00Z,controller 2,2.132,5.587,-10.87,453.51,0.0,12.09,-89.91,1,Off,1089.24,652.36
1789335000000000000,2026-09-13T21:30:00Z,controller 2,2.186,5.542,-10.49,152.51,0.0,13.19,-79.53,1,Off,1096.43,657.68
1789335060000000000,2026-09-13T21:31:00Z,controller 2,2.256,5.601,-10.45,63.85,0.0,14.25,-73.33,1,Off,1114.12,648.64
1789335120000000000,2026-09-13T21:32:00Z,controller 2,2.224,5.638,-9.64,64.52,0.0,14.46,-66.67,1,Off,1157.37,674.41
1789335180000000000,2026-09-13T21:33:00Z,controller 2,2.171,5.617,-9.26,174.49,0.0,13.61,-68.04,2,Off,1118.77,648.01
1789335240000000000,2026-09-13T21:34:00Z,controller 2,2.144,5.638,-9.86,563.44,0.0,13.3,-74.14,1,Off,1099.24,640.53
1789335300000000000,2026-09-13T21:35:00Z,controller 2,2.048,5.61,-10.2,551.46,0.0,11.84,-86.15,3,Off,1122.76,640.54
1789335360000000000,2026-09-13T21:36:00Z,controller 2,2.004,5.555,-10.72,325.47,0.0,11.97,-89.56,1,Off,1075.89,613.52
1789335420000000000,2026-09-13T21:37:00Z,controller 2,2.099,5.604,-10.99,123.74,0.0,13.19,-83.32,3,Off,1073.46,643.34
1789335480000000000,2026-09-13T21:38:00Z,controller 2,2.054,5.616,-10.0,218.31,0.0,12.2,-81.97,2,Off,1061.56,624.52
1789335540000000000,2026-09-13T21:39:00Z,controller 2,2.086,5.564,-10.19,518.04,0.0,11.47,-88.84,1,Off,1079.55,643.7
1789335600000000000,2026-09-13T21:40:00Z,controller 2,2.104,5.52,-9.25,510.85,0.0,12.68,-72.95,3,Off,1042.26,617.64
1789335660000000000,2026-09-13T21:41:00Z,controller 2,2.089,5.533,-9.93,350.44,0.0,10.95,-90.68,2,Off,1088.57,607.88
1789335720000000000,2026-09-13T21:42:00Z,controller 2,2.092,5.543,-9.63,255.0,0.0,11.53,-83.52,1,Off,1109.92,597.24
1789335780000000000,2026-09-13T21:43:00Z,controller 2,2.03,5.583,-9.72,539.37,0.0,11.15,-87.17,3,Off,1146.23,575.97
1789335840000000000,2026-09-13T21:44:00Z,controller 2,1.948,5.651,-8.94,377.36,0.0,10.39,-86.04,2,Off,1130.72,583.88
1789335900000000000,2026-09-13T21:45:00Z,controller 2,1.947,5.67,-9.21,421.4,0.0,11.58,-79.53,2,Off,1139.1,594.66
1789335960000000000,2026-09-13T21:46:00Z,controller 2,1.948,5.641,-8.97,366.76,0.0,11.47,-78.2,1,Off,1112.08,574.11
1789336020000000000,2026-09-13T21:47:00Z,controller 2,1.959,5.601,-9.69,153.41,0.0,10.76,-90.06,2,Off,1117.58,579.57
1789336080000000000,2026-09-13T21:48:00Z,controller 2,1.972,5.65,-10.38,454.76,0.0,11.74,-88.42,1,Off,1145.69,598.78
1789336140000000000,2026-09-13T21:49:00Z,controller 2,1.931,5.659,-9.48,243.82,0.0,10.98,-86.34,2,Off,1105.8,616.43
1789336200000000000,2026-09-13T21:50:00Z,controller 2,1.941,5.77,-8.59,208.06,0.0,11.75,-73.11,2,Off,1113.92,606.27
1789336260000000000,2026-09-13T21:51:00Z,controller 2,1.972,5.814,-8.09,408.79,0.0,10.68,-75.75,3,Off,1106.33,589.46
1789336320000000000,2026-09-13T21:52:00Z,controller 2,2.024,5.81,-8.89,356.57,0.0,12.63,-70.39,1,Off,1400.82,955.38
1789336380000000000,2026-09-13T21:53:00Z,controller 2,1.999,5.885,-8.3,85.13,0.0,10.93,-75.94,2,Off,1442.85,969.09
1789336440000000000,2026-09-13T21:54:00Z,controller 2,2.057,5.872,-8.66,293.65,0.0,13.66,-63.4,3,Off,1409.52,960.49
1789336500000000000,2026-09-13T21:55:00Z,controller 2,1.995,5.972,-9.26,79.63,0.0,12.43,-74.5,1,Off,1429.14,945.61
1789336560000000000,2026-09-13T21:56:00Z,controller 2,2.026,5.86,-8.9,295.7,0.0,12.14,-73.31,3,Off,1444.57,974.45
1789336620000000000,2026-09-13T21:57:00Z,controller 2,1.978,5.92,-9.16,41.77,0.0,11.87,-77.17,3,Off,1440.57,984.6
1789336680000000000,2026-09-13T21:58:00Z,controller 2,2.015,5.845,-9.02,84.55,0.0,10.95,-82.37,3,Off,1391.33,975.72
1789336740000000000,2026-09-13T21:59:00Z,controller 2,1.946,5.944,-9.23,314.96,0.0,11.58,-79.71,3,Off,1357.31,1000.0
1789336800000000000,2026-09-13T22:00:00Z,controller 2,1.913,5.846,-9.28,352.73,0.0,11.23,-82.64,1,Off,1383.26,1000.0
1789336860000000000,2026-09-13T22:01:00Z,controller 2,1.882,5.767,-8.73,563.03,0.0,11.14,-78.37,2,Off,1426.71,1000.0
1789336920000000000,2026-09-13T22:02:00Z,controller 2,1.764,5.876,-8.79,282.88,0.0,9.39,-93.61,3,Off,1425.27,1000.0
1789336980000000000,2026-09-13T22:03:00Z,controller 2,1.739,5.909,-8.16,178.02,0.0,8.33,-97.96,2,Off,1412.71,1000.0
1789337040000000000,2026-09-13T22:04:00Z,controller 2,1.688,5.793,-7.98,216.08,0.0,7.68,-103.91,2,Off,1419.72,1000.0
1789337100000000000,2026-09-13T22:05:00Z,controller 2,1.688,5.82,-7.7,175.27,0.0,7.49,-102.8,3,Off,1459.48,1000.0
1789337160000000000,2026-09-13T22:06:00Z,controller 2,1.714,5.819,-7.92,286.68,0.0,8.8,-90.0,2,Off,1426.05,1000.0
1789337220000000000,2026-09-13T22:07:00Z,controller 2,1.707,5.809,-8.23,289.22,0.0,8.8,-93.52,1,Off,1401.49,1000.0
1789337280000000000,2026-09-13T22:08:00Z,controller 2,1.708,5.84,-8.66,357.12,0.0,9.25,-93.62,1,Off,1397.88,1000.0
1789337340000000000,2026-09-13T22:09:00Z,controller 2,1.714,5.796,-8.62,476.79,0.0,8.5,-101.41,3,Off,1357.62,1000.0
1789337400000000000,2026-09-13T22:10:00Z,controller 2,1.719,5.834,-9.42,402.69,0.0,9.34,-100.86,2,Off,1320.1,1000.0
1789337460000000000,2026-09-13T22:11:00Z,controller 2,1.717,5.858,-9.32,215.09,0.0,8.58,-108.62,1,Off,1281.38,1000.0
1789337520000000000,2026-09-13T22:12:00Z,controller 2,1.725,5.879,-8.82,44.54,0.0,8.55,-103.16,1,Off,1285.17,1000.0
1789337580000000000,2026-09-13T22:13:00Z,controller 2,1.757,5.916,-9.08,374.09,0.0,9.85,-92.18,1,Off,1259.84,1000.0
1789337640000000000,2026-09-13T22:14:00Z,controller 2,1.724,5.855,-8.26,520.99,0.0,8.02,-102.99,1,Off,1298.77,1000.0
1789337700000000000,2026-09-13T22:15:00Z,controller 2,1.764,5.922,-8.57,490.51,0.0,9.78,-87.63,2,Off,1269.81,1000.0
1789337760000000000,2026-09-13T22:16:00Z,controller 2,1.798,5.952,-9.07,472.89,0.0,10.21,-88.83,2,Off,1291.81,1000.0
1789337820000000000,2026-09-13T22:17:00Z,controller 2,1.807,6.033,-8.84,183.98,0.0,10.04,-88.05,3,Off,1285.04,1000.0
1789337880000000000,2026-09-13T22:18:00Z,controller 2,1.806,6.041,-9.38,316.56,0.0,9.01,-104.11,1,Off,671.78,862.31
1789337940000000000,2026-09-13T22:19:00Z,controller 2,1.838,5.974,-8.5,173.88,0.0,10.39,-81.81,1,Off,710.44,855.64
1789338000000000000,2026-09-13T22:20:00Z,controller 2,1.816,5.909,-8.7,154.57,0.0,9.36,-92.95,3,Off,677.61,865.31
1789338060000000000,2026-09-13T22:21:00Z,controller 2,1.882,5.892,-8.37,283.98,0.0,11.3,-74.07,3,Off,679.97,849.87
1789338120000000000,2026-09-13T22:22:00Z,controller 2,1.91,5.973,-9.14,21.52,0.0,11.16,-81.9,1,Off,674.17,849.15
1789338180000000000,2026-09-13T22:23:00Z,controller 2,1.954,5.933,-8.38,272.84,0.0,11.19,-74.89,1,Off,672.81,833.94
1789338240000000000,2026-09-13T22:24:00Z,controller 2,1.962,5.916,-8.89,571.95,0.0,11.81,-75.28,1,Off,672.06,854.25
1789338300000000000,2026-09-13T22:25:00Z,controller 2,1.994,5.841,-9.73,175.86,0.0,11.1,-87.66,2,Off,700.22,847.25
1789338360000000000,2026-09-13T22:26:00Z,controller 2,1.964,5.744,-10.66,280.59,0.0,11.03,-96.65,3,Off,746.32,875.64
1789338420000000000,2026-09-13T22:27:00Z,controller 2,1.974,5.687,-10.31,481.89,0.0,10.23,-100.78,3,Off,749.73,873.02
1789338480000000000,2026-09-13T22:28:00Z,controller 2,1.879,5.692,-10.92,293.03,0.0,9.09,-120.13,1,Off,712.19,867.92
1789338540000000000,2026-09-13T22:29:00Z,controller 2,1.878,5.732,-10.37,67.53,0.0,10.26,-101.07,2,Off,710.17,897.11
1789338600000000000,2026-09-13T22:30:00Z,controller 2,1.851,5.724,-9.73,223.26,0.0,9.42,-103.29,3,Off,712.01,920.02
1789338660000000000,2026-09-13T22:31:00Z,controller 2,1.801,5.725,-9.39,235.29,0.0,9.44,-99.47,1,Off,720.42,898.03
1789338720000000000,2026-09-13T22:32:00Z,controller 2,1.763,5.76,-9.2,286.13,0.0,8.42,-109.26,1,Off,1080.53,564.27
1789338780000000000,2026-09-13T22:33:00Z,controller 2,1.765,5.758,-9.52,434.57,0.0,8.21,-115.96,1,Off,1039.26,561.92
1789338840000000000,2026-09-13T22:34:00Z,controller 2,1.776,5.814,-9.86,535.86,0.0,8.58,-114.92,2,Off,1067.08,551.06
1789338900000000000,2026-09-13T22:35:00Z,controller 2,1.815,5.807,-9.49,566.42,0.0,9.96,-95.28,1,Off,1051.82,579.13
1789338960000000000,2026-09-13T22:36:00Z,controller 2,1.87,5.806,-9.56,591.27,0.0,9.81,-97.45,1,Off,1070.94,551.74
1789339020000000000,2026-09-13T22:37:00Z,controller 2,1.938,5.8,-8.68,373.7,0.0,11.65,-74.51,3,Off,1023.45,572.39
1789339080000000000,2026-09-13T22:38:00Z,controller 2,1.893,5.806,-9.04,541.82,0.0,10.86,-83.24,1,Off,532.05,548.55
1789339140000000000,2026-09-13T22:39:00Z,controller 2,1.915,5.758,-8.73,50.81,0.0,10.25,-85.17,3,Off,543.32,555.43
1789339200000000000,2026-09-13T22:40:00Z,controller 2,1.935,5.752,-8.95,511.42,0.0,11.41,-78.44,2,Off,553.28,567.92
1789339260000000000,2026-09-13T22:41:00Z,controller 2,1.984,5.744,-8.61,344.44,0.0,11.64,-73.97,3,Off,548.45,554.87
1789339320000000000,2026-09-13T22:42:00Z,controller 2,1.89,5.796,-8.78,321.07,0.0,11.21,-78.32,2,Off,498.64,548.82
1789339380000000000,2026-09-13T22:43:00Z,controller 2,1.93,5.862,-8.66,395.59,0.0,9.91,-87.39,3,Off,456.81,564.56
1789339440000000000,2026-09-13T22:44:00Z,controller 2,1.809,5.846,-8.38,554.1,0.0,10.39,-80.65,1,Off,479.64,559.49
1789339500000000000,2026-09-13T22:45:00Z,controller 2,1.797,5.904,-8.16,315.29,0.0,8.87,-92.0,1,Off,466.55,580.59
1789339560000000000,2026-09-13T22:46:00Z,controller 2,1.828,5.825,-8.88,451.1,0.0,9.42,-94.27,2,Off,488.54,552.71
1789339620000000000,2026-09-13T22:47:00Z,controller 2,1.771,5.88,-9.54,347.32,0.0,9.67,-98.66,3,Off,446.39,563.48
1789339680000000000,2026-09-13T22:48:00Z,controller 2,1.783,5.944,-9.6,294.35,0.0,9.76,-98.36,2,Off,454.49,583.09
1789339740000000000,2026-09-13T22:49:00Z,controller 2,1.81,5.971,-9.04,132.78,0.0,10.22,-88.45,1,Off,444.17,565.36
1789339800000000000,2026-09-13T22:50:00Z,controller 2,1.799,5.891,-9.84,7.14,0.0,9.98,-98.6,2,Off,485.78,594.6
1789339860000000000,2026-09-13T22:51:00Z,controller 2,1.764,5.926,-9.48,166.37,0.0,9.3,-101.94,1,Off,827.76,595.96
1789339920000000000,2026-09-13T22:52:00Z,controller 2,1.796,5.957,-9.65,526.23,0.0,8.7,-110.92,2,Off,801.24,583.7
1789339980000000000,2026-09-13T22:53:00Z,controller 2,1.854,5.973,-10.06,369.14,0.0,10.92,-92.12,3,Off,776.16,591.67
1789340040000000000,2026-09-13T22:54:00Z,controller 2,1.791,5.932,-9.07,11.73,0.0,9.5,-95.47,1,Off,807.17,597.88
1789340100000000000,2026-09-13T22:55:00Z,controller 2,1.789,6.035,-8.63,227.19,0.0,9.68,-89.15,3,Off,827.59,603.32
1789340160000000000,2026-09-13T22:56:00Z,controller 2,1.793,6.03,-8.85,31.28,0.0,9.88,-89.57,2,Off,854.54,611.01
1789340220000000000,2026-09-13T22:57:00Z,controller 2,1.776,6.064,-8.13,104.95,0.0,10.51,-77.35,3,Off,557.91,616.78
1789340280000000000,2026-09-13T22:58:00Z,controller 2,1.719,6.162,-8.15,376.29,0.0,9.21,-88.49,3,Off,577.08,628.56
1789340340000000000,2026-09-13T22:59:00Z,controller 2,1.744,6.282,-8.59,65.07,0.0,8.85,-97.06,2,Off,622.16,656.77
1789340400000000000,2026-09-13T23:00:00Z,controller 2,1.719,6.297,-8.86,361.62,0.0,9.64,-91.91,1,Off,597.76,665.01
1789340460000000000,2026-09-13T23:01:00Z,controller 2,1.681,6.335,-8.59,218.74,0.0,9.61,-89.39,2,Off,553.88,686.91
1789340520000000000,2026-09-13T23:02:00Z,controller 2,1.633,6.384,-8.66,353.34,0.0,9.17,-94.44,2,Off,508.03,661.94
1789340580000000000,2026-09-13T23:03:00Z,controller 2,1.598,6.332,-8.14,320.31,0.0,7.8,-104.36,1,Off,466.91,635.32
1789340640000000000,2026-09-13T23:04:00Z,controller 2,1.632,6.284,-7.42,233.81,0.0,7.9,-93.92,3,Off,457.87,640.14
1789340700000000000,2026-09-13T23:05:00Z,controller 2,1.675,6.344,-7.38,300.55,0.0,8.48,-87.03,2,Off,494.94,629.73
1789340760000000000,2026-09-13T23:06:00Z,controller 2,1.678,6.317,-7.33,225.05,0.0,9.77,-75.03,3,Off,517.72,619.31
1789340820000000000,2026-09-13T23:07:00Z,controller 2,1.663,6.34,-7.89,478.42,0.0,8.11,-97.29,3,Off,483.43,634.03
1789340880000000000,2026-09-13T23:08:00Z,controller 2,1.644,6.379,-8.48,54.41,0.0,8.61,-98.49,1,Off,447.64,615.58
1789340940000000000,2026-09-13T23:09:00Z,controller 2,1.604,6.288,-9.01,47.27,0.0,8.6,-104.77,1,Off,422.21,595.68
1789341000000000000,2026-09-13T23:10:00Z,controller 2,1.638,6.172,-9.39,88.67,0.0,8.35,-112.46,3,Off,412.87,586.47
1789341060000000000,2026-09-13T23:11:00Z,controller 2,1.668,6.138,-8.49,568.93,0.0,9.26,-91.68,2,Off,988.56,534.33
1789341120000000000,2026-09-13T23:12:00Z,controller 2,1.69,6.16,-9.25,453.69,0.0,8.97,-103.12,3,Off,955.63,538.23
1789341180000000000,2026-09-13T23:13:00Z,controller 2,1.704,6.191,-10.11,146.63,0.0,9.61,-105.2,3,Off,942.76,553.82
1789341240000000000,2026-09-13T23:14:00Z,controller 2,1.723,6.19,-11.05,387.63,0.0,9.38,-117.8,1,Off,952.72,543.85
1789341300000000000,2026-09-13T23:15:00Z,controller 2,1.747,6.251,-10.89,252.59,0.0,9.18,-118.63,3,Off,910.8,529.19
1789341360000000000,2026-09-13T23:16:00Z,controller 2,1.816,6.279,-10.87,102.83,0.0,10.0,-108.7,2,Off,924.89,505.89
1789341420000000000,2026-09-13T23:17:00Z,controller 2,1.825,6.324,-10.4,368.86,0.0,11.4,-91.23,3,Off,961.51,489.88
1789341480000000000,2026-09-13T23:18:00Z,controller 2,1.937,6.258,-9.67,290.07,0.0,12.8,-75.55,1,Off,994.5,512.03
1789341540000000000,2026-09-13T23:19:00Z,controller 2,2.048,6.2,-8.79,235.83,0.0,13.9,-63.24,1,Off,996.64,508.34
1789341600000000000,2026-09-13T23:20:00Z,controller 2,2.033,6.211,-8.44,79.07,0.0,12.48,-67.63,1,Off,1014.17,483.13
1789341660000000000,2026-09-13T23:21:00Z,controller 2,1.94,6.286,-8.6,54.52,0.0,12.04,-71.43,1,Off,1047.55,486.34
1789341720000000000,2026-09-13T23:22:00Z,controller 2,1.919,6.266,-8.15,572.23,0.0,10.75,-75.81,1,Off,654.03,375.11
1789341780000000000,2026-09-13T23:23:00Z,controller 2,1.916,6.255,-7.41,313.6,0.0,11.57,-64.04,3,Off,679.61,401.35
1789341840000000000,2026-09-13T23:24:00Z,controller 2,1.927,6.152,-6.81,231.26,0.0,12.49,-54.52,1,Off,693.45,422.81
1789341900000000000,2026-09-13T23:25:00Z,controller 2,1.894,6.213,-6.26,205.25,0.0,12.09,-51.78,2,On,710.33,434.42
1789341960000000000,2026-09-13T23:26:00Z,controller 2,1.9,6.226,-6.41,52.05,0.0,12.1,-52.98,1,On,681.57,429.5
1789342020000000000,2026-09-13T23:27:00Z,controller 2,1.866,6.308,-5.83,396.71,0.0,11.92,-48.91,2,On,718.19,420.17
1789342080000000000,2026-09-13T23:28:00Z,controller 2,1.812,6.198,-5.83,209.21,0.0,9.17,-63.58,1,On,699.11,439.88
1789342140000000000,2026-09-13T23:29:00Z,controller 2,1.817,6.291,-6.4,30.65,0.0,10.57,-60.55,2,On,712.25,456.6
1789342200000000000,2026-09-13T23:30:00Z,controller 2,1.809,6.312,-5.94,350.06,0.0,9.31,-63.8,2,On,743.13,469.72
1789342260000000000,2026-09-13T23:31:00Z,controller 2,1.752,6.365,-6.2,212.26,0.0,8.95,-69.27,2,On,759.94,440.05
1789342320000000000,2026-09-13T23:32:00Z,controller 2,1.779,6.319,-6.57,159.82,0.0,9.25,-71.03,3,On,756.8,441.41
1789342380000000000,2026-09-13T23:33:00Z,controller 2,1.735,6.307,-6.86,461.8,0.0,9.01,-76.14,1,On,801.38,446.93
1789342440000000000,2026-09-13T23:34:00Z,controller 2,1.65,6.29,-7.18,103.46,0.0,8.07,-88.97,1,On,838.75,465.77
1789342500000000000,2026-09-13T23:35:00Z,controller 2,1.691,6.195,-7.63,47.44,0.0,8.11,-94.08,3,On,1425.02,760.41
1789342560000000000,2026-09-13T23:36:00Z,controller 2,1.682,6.191,-7.12,354.61,0.0,8.9,-80.0,3,On,1449.06,746.96
1789342620000000000,2026-09-13T23:37:00Z,controller 2,1.657,6.205,-7.17,74.0,0.0,8.16,-87.87,1,On,1419.86,744.46
1789342680000000000,2026-09-13T23:38:00Z,controller 2,1.696,6.199,-7.33,400.86,0.0,8.31,-88.21,1,On,1378.03,718.9
1789342740000000000,2026-09-13T23:39:00Z,controller 2,1.695,6.24,-6.77,555.91,0.0,8.78,-77.11,2,On,1386.23,701.44
1789342800000000000,2026-09-13T23:40:00Z,controller 2,1.713,6.303,-6.26,553.5,0.0,8.6,-72.79,2,On,1373.26,716.0
1789342860000000000,2026-09-13T23:41:00Z,controller 2,1.721,6.384,-6.62,380.83,0.0,8.72,-75.92,2,On,1393.3,740.46
1789342920000000000,2026-09-13T23:42:00Z,controller 2,1.823,6.399,-5.98,37.69,0.0,10.58,-56.52,3,On,1417.53,716.49
1789342980000000000,2026-09-13T23:43:00Z,controller 2,1.856,6.432,-5.98,154.91,0.0,10.38,-57.61,1,On,1440.6,693.0
1789343040000000000,2026-09-13T23:44:00Z,controller 2,1.899,6.508,-5.81,251.15,0.0,11.04,-52.63,3,On,1487.8,711.84
1789343100000000000,2026-09-13T23:45:00Z,controller 2,1.932,6.45,-5.87,242.67,0.0,12.78,-45.93,1,On,1449.25,730.73
1789343160000000000,2026-09-13T23:46:00Z,controller 2,1.958,6.469,-6.28,118.02,0.0,13.31,-47.18,1,On,1414.07,705.08
1789343220000000000,2026-09-13T23:47:00Z,controller 2,1.933,6.408,-6.55,411.61,0.0,12.18,-53.78,1,On,1460.46,716.05
1789343280000000000,2026-09-13T23:48:00Z,controller 2,1.935,6.404,-6.8,270.35,0.0,11.91,-57.09,1,On,754.53,925.4
1789343340000000000,2026-09-13T23:49:00Z,controller 2,1.852,6.405,-6.37,104.44,0.0,11.53,-55.25,2,On,804.18,898.49
1789343400000000000,2026-09-13T23:50:00Z,controller 2,1.776,6.482,-6.57,207.17,0.0,11.06,-59.4,3,On,787.83,883.03
1789343460000000000,2026-09-13T23:51:00Z,controller 2,1.757,6.44,-6.42,4.15,0.0,10.12,-63.44,1,On,741.12,883.25
1789343520000000000,2026-09-13T23:52:00Z,controller 2,1.779,6.36,-6.39,284.37,0.0,11.06,-57.78,2,On,721.99,887.3
1789343580000000000,2026-09-13T23:53:00Z,controller 2,1.792,6.421,-6.67,573.49,0.0,9.71,-68.69,1,On,1246.77,413.73
1789343640000000000,2026-09-13T23:54:00Z,controller 2,1.773,6.454,-6.54,416.29,0.0,10.94,-59.78,1,On,1247.51,414.84
1789343700000000000,2026-09-13T23:55:00Z,controller 2,1.698,6.484,-7.01,524.96,0.0,8.54,-82.08,2,On,851.03,482.87
1789343760000000000,2026-09-13T23:56:00Z,controller 2,1.719,6.542,-6.93,508.38,0.0,8.93,-77.6,2,On,815.4,472.48
1789343820000000000,2026-09-13T23:57:00Z,controller 2,1.683,6.578,-7.62,383.22,0.0,9.63,-79.13,1,On,861.99,464.88
1789343880000000000,2026-09-13T23:58:00Z,controller 2,1.699,6.591,-7.8,473.63,0.0,10.27,-75.95,1,On,827.17,442.68
1789343940000000000,2026-09-13T23:59:00Z,controller 2,1.715,6.611,-7.11,474.81,0.0,10.09,-70.47,3,On,848.18,439.12
