timestamp_ns,timestamp_iso,controller,hs,tp,avg_power,power_out,battery_pct,sea_state_energy,efficiency,peaks,nextwave,nextwave_error,nextwave_error_2
1789516800000000000,2026-09-16T00:00:00Z,controller 1,2.264,6.166,0.91,82.39,0.0,15.81,5.76,2,Starting,753.99,681.15
1789516860000000000,2026-09-16T00:01:00Z,controller 1,2.254,6.098,0.91,352.67,0.0,15.41,5.91,3,Starting,776.12,710.98
1789516920000000000,2026-09-16T00:02:00Z,controller 1,2.365,5.976,0.88,313.91,0.0,17.08,5.15,1,Starting,754.65,736.71
1789516980000000000,2026-09-16T00:03:00Z,controller 1,2.334,6.086,0.82,191.94,0.0,16.69,4.91,3,Starting,789.58,717.36
1789517040000000000,2026-09-16T00:04:00Z,controller 1,2.463,5.951,0.9,373.33,0.0,16.94,5.31,1,Starting,837.38,744.67
1789517100000000000,2026-09-16T00:05:00Z,controller 1,2.364,5.989,0.97,267.39,0.0,15.92,6.09,1,Starting,801.57,747.56
1789517160000000000,2026-09-16T00:06:00Z,controller 1,2.473,5.994,0.88,278.89,0.0,18.62,4.73,3,Starting,823.35,758.06
1789517220000000000,2026-09-16T00:07:00Z,controller 1,2.451,5.943,0.82,114.82,0.0,18.22,4.5,3,Starting,843.04,764.72
1789517280000000000,2026-09-16T00:08:00Z,controller 1,2.34,5.969,0.77,385.18,0.0,15.75,4.89,1,Starting,876.11,749.32
1789517340000000000,2026-09-16T00:09:00Z,controller 1,2.284,5.938,0.74,246.07,0.0,16.73,4.42,1,Starting,891.17,767.54
1789517400000000000,2026-09-16T00:10:00Z,controller 1,2.259,5.982,0.72,125.34,0.0,16.67,4.32,1,Starting,888.67,738.65
1789517460000000000,2026-09-16T00:11:00Z,controller 1,2.259,5.984,0.72,418.83,0.0,14.06,5.12,3,Starting,567.34,707.41
1789517520000000000,2026-09-16T00:12:00Z,controller 1,2.21,6.058,0.75,57.49,0.0,14.93,5.02,2,Starting,582.03,692.4
1789517580000000000,2026-09-16T00:13:00Z,controller 1,2.213,5.933,0.72,392.96,0.0,14.71,4.89,3,Starting,539.18,682.24
1789517640000000000,2026-09-16T00:14:00Z,controller 1,2.218,5.875,0.72,99.63,0.0,13.73,5.24,3,Starting,517.53,703.15
1789517700000000000,2026-09-16T00:15:00Z,controller 1,2.223,5.867,0.76,555.51,0.0,14.01,5.42,3,Starting,475.02,728.92
1789517760000000000,2026-09-16T00:16:00Z,controller 1,2.26,5.927,0.8,507.72,0.0,15.84,5.05,1,Starting,491.87,746.85
1789517820000000000,2026-09-16T00:17:00Z,controller 1,2.289,5.939,0.74,356.79,0.0,14.8,5.0,3,Starting,493.4,723.54
1789517880000000000,2026-09-16T00:18:00Z,controller 1,2.285,5.875,0.68,291.49,0.0,13.97,4.87,2,Starting,469.98,713.15
1789517940000000000,2026-09-16T00:19:00Z,controller 1,2.211,5.763,0.65,507.19,0.0,14.33,4.54,3,Starting,450.22,710.11
1789518000000000000,2026-09-16T00:20:00Z,controller 1,2.16,5.759,0.59,322.21,0.0,14.32,4.12,3,Starting,1318.4,644.84
1789518060000000000,2026-09-16T00:21:00Z,controller 1,2.139,5.708,0.61,482.83,0.0,12.04,5.07,3,Starting,1332.99,650.72
1789518120000000000,2026-09-16T00:22:00Z,controller 1,2.132,5.678,0.62,47.05,0.0,12.7,4.88,3,Starting,1316.13,655.93
1789518180000000000,2026-09-16T00:23:00Z,controller 1,2.091,5.624,0.58,355.77,0.0,12.6,4.6,3,Starting,1355.64,646.67
1789518240000000000,2026-09-16T00:24:00Z,controller 1,2.141,5.658,0.62,518.89,0.0,12.31,5.04,3,Starting,1311.84,648.86
1789518300000000000,2026-09-16T00:25:00Z,controller 1,2.162,5.657,0.6,392.14,0.0,13.21,4.54,2,Starting,1332.66,670.48
1789518360000000000,2026-09-16T00:26:00Z,controller 1,2.066,5.651,0.55,310.44,0.0,12.81,4.29,1,Starting,1375.43,668.88
1789518420000000000,2026-09-16T00:27:00Z,controller 1,2.023,5.706,0.5,364.91,0.0,12.23,4.09,1,Starting,1342.68,688.29
1789518480000000000,2026-09-16T00:28:00Z,controller 1,1.934,5.863,0.49,495.96,0.0,10.55,4.64,2,Starting,1312.28,696.48
1789518540000000000,2026-09-16T00:29:00Z,controller 1,1.879,5.927,0.52,234.32,0.0,10.43,4.99,3,Starting,687.34,980.55
1789518600000000000,2026-09-16T00:30:00Z,controller 1,1.901,5.847,0.47,490.96,0.0,10.58,4.44,1,Starting,723.29,955.97
1789518660000000000,2026-09-16T00:31:00Z,controller 1,1.862,5.776,0.48,98.58,0.0,10.49,4.58,1,Starting,741.87,945.04
1789518720000000000,2026-09-16T00:32:00Z,controller 1,1.871,5.886,0.44,73.17,0.0,9.9,4.44,3,Starting,724.12,950.38
1789518780000000000,2026-09-16T00:33:00Z,controller 1,1.826,5.944,0.45,498.71,0.0,10.78,4.17,2,Starting,702.32,921.1
1789518840000000000,2026-09-16T00:34:00Z,controller 1,1.864,5.991,0.45,586.22,0.0,9.82,4.58,3,Starting,697.04,901.06
1789518900000000000,2026-09-16T00:35:00Z,controller 1,1.859,5.891,0.45,150.83,0.0,9.76,4.61,3,Starting,671.31,876.65
1789518960000000000,2026-09-16T00:36:00Z,controller 1,1.975,5.905,0.42,345.8,0.0,12.11,3.47,2,Starting,696.8,872.73
1789519020000000000,2026-09-16T00:37:00Z,controller 1,1.977,5.912,0.43,526.86,0.0,10.64,4.04,1,Starting,649.54,872.75
1789519080000000000,2026-09-16T00:38:00Z,controller 1,1.938,6.038,0.46,266.29,0.0,10.37,4.44,2,Starting,697.45,878.95
1789519140000000000,2026-09-16T00:39:00Z,controller 1,1.908,6.06,0.42,337.7,0.0,10.87,3.86,3,Starting,705.28,857.64
1789519200000000000,2026-09-16T00:40:00Z,controller 1,1.979,5.994,0.44,322.5,0.0,12.46,3.53,1,Starting,740.73,851.42
1789519260000000000,2026-09-16T00:41:00Z,controller 1,1.975,6.082,0.43,349.01,0.0,12.9,3.33,3,Starting,720.13,871.77
1789519320000000000,2026-09-16T00:42:00Z,controller 1,1.951,6.051,0.41,598.66,0.0,12.4,3.31,3,Starting,741.7,899.56
1789519380000000000,2026-09-16T00:43:00Z,controller 1,1.909,6.07,0.37,31.86,0.0,11.58,3.2,3,Starting,764.98,927.98
1789519440000000000,2026-09-16T00:44:00Z,controller 1,2.025,6.098,0.35,349.56,0.0,12.88,2.72,3,Starting,782.2,951.31
1789519500000000000,2026-09-16T00:45:00Z,controller 1,2.033,6.195,0.36,27.92,0.0,12.73,2.83,1,Starting,825.64,929.83
1789519560000000000,2026-09-16T00:46:00Z,controller 1,1.925,6.12,0.38,260.1,0.0,10.4,3.65,2,Starting,833.0,947.22
1789519620000000000,2026-09-16T00:47:00Z,controller 1,1.96,6.153,0.38,268.18,0.0,12.34,3.08,2,Starting,801.63,937.58
1789519680000000000,2026-09-16T00:48:00Z,controller 1,1.974,6.21,0.38,173.7,0.0,12.89,2.95,3,Starting,846.86,934.62
1789519740000000000,2026-09-16T00:49:00Z,controller 1,2.046,6.179,0.39,467.83,0.0,13.65,2.86,2,Starting,858.84,929.92
1789519800000000000,2026-09-16T00:50:00Z,controller 1,1.893,6.131,0.39,256.6,0.0,11.62,3.36,3,Starting,841.49,901.76
1789519860000000000,2026-09-16T00:51:00Z,controller 1,1.938,6.083,0.4,271.51,0.0,10.45,3.83,1,Starting,792.2,901.52
1789519920000000000,2026-09-16T00:52:00Z,controller 1,1.888,6.11,0.4,94.62,0.0,10.76,3.72,3,Starting,972.04,913.74
1789519980000000000,2026-09-16T00:53:00Z,controller 1,1.858,6.04,0.36,280.4,0.0,9.88,3.64,2,Starting,990.13,915.41
1789520040000000000,2026-09-16T00:54:00Z,controller 1,1.927,6.039,0.4,219.33,0.0,11.4,3.51,3,Starting,999.26,887.97
1789520100000000000,2026-09-16T00:55:00Z,controller 1,1.937,6.066,0.4,330.15,0.0,12.16,3.29,1,Starting,971.48,912.94
1789520160000000000,2026-09-16T00:56:00Z,controller 1,1.948,6.099,0.37,162.75,0.0,12.55,2.95,3,Starting,950.24,887.05
1789520220000000000,2026-09-16T00:57:00Z,controller 1,1.947,6.133,0.38,325.54,0.0,11.66,3.26,3,On,939.54,892.27
1789520280000000000,2026-09-16T00:58:00Z,controller 1,1.886,6.23,0.39,396.48,0.0,11.59,3.36,3,On,949.29,868.94
1789520340000000000,2026-09-16T00:59:00Z,controller 1,1.826,6.329,0.36,43.53,0.0,11.41,3.16,3,On,972.84,865.84
1789520400000000000,2026-09-16T01:00:00Z,controller 1,1.777,6.261,0.36,13.45,0.0,9.21,3.91,3,On,993.48,845.56
1789520460000000000,2026-09-16T01:01:00Z,controller 1,1.763,6.192,0.4,373.24,0.0,9.32,4.29,1,On,1033.0,832.95
1789520520000000000,2026-09-16T01:02:00Z,controller 1,1.793,6.188,0.36,479.29,0.0,9.92,3.63,3,On,1289.54,388.48
1789520580000000000,2026-09-16T01:03:00Z,controller 1,1.815,6.125,0.33,350.76,0.0,10.43,3.16,3,On,1324.26,391.6
1789520640000000000,2026-09-16T01:04:00Z,controller 1,1.85,6.004,0.32,217.58,0.0,10.71,2.99,3,On,1348.87,386.38
1789520700000000000,2026-09-16T01:05:00Z,controller 1,1.839,6.092,0.35,368.31,0.0,10.78,3.25,1,On,1379.01,407.54
1789520760000000000,2026-09-16T01:06:00Z,controller 1,1.754,6.145,0.38,66.52,0.0,8.67,4.38,1,On,1386.7,398.28
1789520820000000000,2026-09-16T01:07:00Z,controller 1,1.87,6.15,0.41,119.6,0.0,10.38,3.95,2,On,1363.79,395.94
1789520880000000000,2026-09-16T01:08:00Z,controller 1,1.818,6.143,0.4,262.51,0.0,9.7,4.12,3,On,1354.32,383.22
1789520940000000000,2026-09-16T01:09:00Z,controller 1,1.8,6.087,0.38,531.41,0.0,9.48,4.01,2,On,1401.24,376.23
1789521000000000000,2026-09-16T01:10:00Z,controller 1,1.796,6.062,0.36,368.06,0.0,9.3,3.87,3,On,1399.12,387.99
1789521060000000000,2026-09-16T01:11:00Z,controller 1,1.804,6.068,0.37,596.13,0.0,10.83,3.42,2,On,1364.69,378.73
1789521120000000000,2026-09-16T01:12:00Z,controller 1,1.832,6.039,0.34,446.35,0.0,9.71,3.5,2,On,1370.71,357.01
1789521180000000000,2026-09-16T01:13:00Z,controller 1,1.851,6.084,0.34,284.34,0.0,10.44,3.26,1,On,1374.34,365.66
1789521240000000000,2026-09-16T01:14:00Z,controller 1,1.886,6.226,0.33,142.49,0.0,11.55,2.86,1,On,1402.09,373.54
1789521300000000000,2026-09-16T01:15:00Z,controller 1,1.925,6.226,0.34,209.11,0.0,10.98,3.1,1,On,1359.13,393.33
1789521360000000000,2026-09-16T01:16:00Z,controller 1,1.936,6.31,0.33,404.27,0.0,10.88,3.03,1,On,1310.5,391.92
1789521420000000000,2026-09-16T01:17:00Z,controller 1,1.945,6.258,0.34,513.56,0.0,12.02,2.83,1,On,1323.07,379.0
1789521480000000000,2026-09-16T01:18:00Z,controller 1,2.015,6.218,0.34,7.56,0.0,12.54,2.71,3,On,1300.08,390.14
1789521540000000000,2026-09-16T01:19:00Z,controller 1,2.026,6.216,0.34,208.68,0.0,11.69,2.91,1,On,709.26,762.64
1789521600000000000,2026-09-16T01:20:00Z,controller 1,2.002,6.234,0.33,134.76,0.0,13.39,2.46,3,On,756.46,761.12
1789521660000000000,2026-09-16T01:21:00Z,controller 1,2.062,6.252,0.31,132.12,0.0,14.12,2.2,2,On,756.29,756.64
1789521720000000000,2026-09-16T01:22:00Z,controller 1,2.04,6.229,0.3,297.06,0.0,11.89,2.52,2,On,792.6,743.36
1789521780000000000,2026-09-16T01:23:00Z,controller 1,2.023,6.292,0.33,155.48,0.0,13.03,2.53,2,On,761.94,770.92
1789521840000000000,2026-09-16T01:24:00Z,controller 1,2.014,6.274,0.35,88.62,0.0,11.87,2.95,2,On,762.35,783.21
1789521900000000000,2026-09-16T01:25:00Z,controller 1,1.978,6.314,0.36,194.67,0.0,12.07,2.98,3,On,748.0,781.82
1789521960000000000,2026-09-16T01:26:00Z,controller 1,1.979,6.261,0.38,142.5,0.0,12.57,3.02,3,On,743.2,765.52
1789522020000000000,2026-09-16T01:27:00Z,controller 1,1.998,6.274,0.36,46.02,0.0,13.31,2.7,2,On,701.87,742.44
1789522080000000000,2026-09-16T01:28:00Z,controller 1,1.941,6.329,0.33,464.45,0.0,10.81,3.05,2,On,726.96,768.7
1789522140000000000,2026-09-16T01:29:00Z,controller 1,1.988,6.355,0.36,549.95,0.0,11.5,3.13,1,On,701.95,768.67
1789522200000000000,2026-09-16T01:30:00Z,controller 1,1.981,6.41,0.37,113.31,0.0,13.33,2.78,2,On,721.09,779.82
1789522260000000000,2026-09-16T01:31:00Z,controller 1,1.978,6.415,0.38,267.13,0.0,13.71,2.77,1,On,735.42,753.12
1789522320000000000,2026-09-16T01:32:00Z,controller 1,2.031,6.318,0.36,468.97,0.0,14.19,2.54,3,On,693.33,758.45
1789522380000000000,2026-09-16T01:33:00Z,controller 1,1.967,6.36,0.33,2.18,0.0,12.09,2.73,3,On,734.49,759.04
1789522440000000000,2026-09-16T01:34:00Z,controller 1,1.983,6.376,0.31,307.86,0.0,12.84,2.41,1,On,775.53,748.8
1789522500000000000,2026-09-16T01:35:00Z,controller 1,1.935,6.309,0.32,556.5,0.0,11.73,2.73,2,On,770.1,778.42
1789522560000000000,2026-09-16T01:36:00Z,controller 1,1.915,6.346,0.34,432.76,0.0,12.22,2.78,2,On,734.5,766.29
1789522620000000000,2026-09-16T01:37:00Z,controller 1,1.943,6.266,0.33,551.53,0.0,11.51,2.87,3,On,753.31,754.32
1789522680000000000,2026-09-16T01:38:00Z,controller 1,1.93,6.195,0.32,17.19,0.0,12.45,2.57,2,On,732.78,774.8
1789522740000000000,2026-09-16T01:39:00Z,controller 1,1.907,6.21,0.34,516.9,0.0,10.89,3.12,1,On,1083.71,395.63
1789522800000000000,2026-09-16T01:40:00Z,controller 1,1.873,6.222,0.36,454.24,0.0,11.36,3.17,3,On,1053.04,380.59
1789522860000000000,2026-09-16T01:41:00Z,controller 1,1.949,6.157,0.34,303.54,0.0,11.81,2.88,2,On,1086.17,358.93
1789522920000000000,2026-09-16T01:42:00Z,controller 1,1.916,6.121,0.34,221.24,0.0,11.65,2.92,1,On,1056.21,344.75
1789522980000000000,2026-09-16T01:43:00Z,controller 1,1.926,6.032,0.34,596.81,0.0,10.46,3.25,1,On,1034.06,341.06
1789523040000000000,2026-09-16T01:44:00Z,controller 1,1.938,6.147,0.32,271.56,0.0,10.46,3.06,3,On,1082.44,369.93
1789523100000000000,2026-09-16T01:45:00Z,controller 1,1.955,6.108,0.34,181.09,0.0,10.57,3.22,1,On,1055.05,347.81
1789523160000000000,2026-09-16T01:46:00Z,controller 1,1.967,6.068,0.31,586.79,0.0,10.71,2.89,1,On,1063.2,323.75
1789523220000000000,2026-09-16T01:47:00Z,controller 1,1.956,6.128,0.29,547.56,0.0,12.35,2.35,3,On,1067.81,318.64
1789523280000000000,2026-09-16T01:48:00Z,controller 1,1.995,6.125,0.27,172.67,0.0,12.78,2.11,2,On,1115.97,314.28
1789523340000000000,2026-09-16T01:49:00Z,controller 1,2.008,6.084,0.25,346.41,0.0,13.18,1.9,2,On,1072.3,291.25
1789523400000000000,2026-09-16T01:50:00Z,controller 1,1.974,6.083,0.25,427.04,0.0,11.44,2.19,2,On,1042.6,283.44
1789523460000000000,2026-09-16T01:51:00Z,controller 1,2.082,6.099,0.23,497.59,0.0,13.44,1.71,2,On,1079.78,281.21
1789523520000000000,2026-09-16T01:52:00Z,controller 1,2.155,6.084,0.23,156.19,0.0,13.57,1.69,1,On,1031.93,270.1
1789523580000000000,2026-09-16T01:53:00Z,controller 1,2.131,5.972,0.24,590.48,0.0,13.4,1.79,3,On,1044.78,283.48
1789523640000000000,2026-09-16T01:54:00Z,controller 1,2.049,6.002,0.22,563.39,0.0,13.3,1.65,3,On,1064.99,268.89
1789523700000000000,2026-09-16T01:55:00Z,controller 1,2.039,6.106,0.23,153.06,0.0,12.4,1.85,2,On,1081.0,291.52
1789523760000000000,2026-09-16T01:56:00Z,controller 1,2.021,6.051,0.22,293.41,0.0,11.38,1.93,2,On,1031.3,300.87
1789523820000000000,2026-09-16T01:57:00Z,controller 1,2.041,6.003,0.22,225.16,0.0,13.73,1.6,2,On,989.71,314.79
1789523880000000000,2026-09-16T01:58:00Z,controller 1,2.052,6.057,0.21,25.66,0.0,12.15,1.73,2,On,1002.1,288.17
1789523940000000000,2026-09-16T01:59:00Z,controller 1,1.953,6.043,0.2,575.77,0.0,12.36,1.62,2,On,1001.91,265.2
1789524000000000000,2026-09-16T02:00:00Z,controller 1,1.908,6.04,0.21,392.51,0.0,10.27,2.04,2,On,1024.43,242.29
1789524060000000000,2026-09-16T02:01:00Z,controller 1,1.937,6.009,0.23,151.37,0.0,11.82,1.95,2,On,1039.41,260.34
1789524120000000000,2026-09-16T02:02:00Z,controller 1,1.963,6.007,0.25,27.69,0.0,12.71,1.97,3,On,1072.61,236.34
1789524180000000000,2026-09-16T02:03:00Z,controller 1,1.955,6.023,0.27,513.46,0.0,12.53,2.15,2,On,1047.98,256.56
1789524240000000000,2026-09-16T02:04:00Z,controller 1,1.958,6.131,0.26,154.34,0.0,12.88,2.02,2,On,1093.08,273.62
1789524300000000000,2026-09-16T02:05:00Z,controller 1,1.918,6.072,0.24,162.1,0.0,11.59,2.07,2,On,1117.79,295.41
1789524360000000000,2026-09-16T02:06:00Z,controller 1,1.919,6.057,0.22,515.6,0.0,11.36,1.94,3,On,1088.62,279.36
1789524420000000000,2026-09-16T02:07:00Z,controller 1,1.905,6.074,0.23,385.62,0.0,11.89,1.93,1,On,1129.29,283.59
1789524480000000000,2026-09-16T02:08:00Z,controller 1,1.915,5.934,0.26,327.07,0.0,10.54,2.47,2,On,1175.61,265.33
1789524540000000000,2026-09-16T02:09:00Z,controller 1,2.046,5.915,0.27,370.24,0.0,12.3,2.2,2,On,1178.76,243.16
1789524600000000000,2026-09-16T02:10:00Z,controller 1,1.98,5.94,0.27,524.81,0.0,10.81,2.5,1,On,1184.82,219.53
1789524660000000000,2026-09-16T02:11:00Z,controller 1,1.933,5.969,0.25,161.9,0.0,12.26,2.04,3,On,1147.09,195.98
1789524720000000000,2026-09-16T02:12:00Z,controller 1,1.931,5.949,0.24,67.72,0.0,10.91,2.2,1,On,1194.71,210.1
1789524780000000000,2026-09-16T02:13:00Z,controller 1,1.894,5.871,0.24,207.27,0.0,9.56,2.51,3,On,1184.66,190.25
1789524840000000000,2026-09-16T02:14:00Z,controller 1,1.885,5.818,0.25,223.19,0.0,11.2,2.23,3,On,1225.5,179.32
1789524900000000000,2026-09-16T02:15:00Z,controller 1,1.986,5.797,0.26,28.63,0.0,12.2,2.13,1,On,1228.31,170.06
1789524960000000000,2026-09-16T02:16:00Z,controller 1,1.948,5.716,0.26,552.5,0.0,11.42,2.28,2,On,1216.64,166.74
1789525020000000000,2026-09-16T02:17:00Z,controller 1,2.057,5.679,0.28,392.81,0.0,13.12,2.13,1,On,1192.47,188.7
1789525080000000000,2026-09-16T02:18:00Z,controller 1,2.049,5.682,0.29,478.43,0.0,11.97,2.42,2,On,1183.55,189.86
1789525140000000000,2026-09-16T02:19:00Z,controller 1,2.021,5.66,0.26,81.14,0.0,11.48,2.26,2,On,1213.46,214.07
1789525200000000000,2026-09-16T02:20:00Z,controller 1,1.937,5.675,0.25,455.75,0.0,11.02,2.27,1,On,1226.8,219.01
1789525260000000000,2026-09-16T02:21:00Z,controller 1,1.955,5.685,0.27,237.74,0.0,10.83,2.49,3,On,1193.28,215.52
1789525320000000000,2026-09-16T02:22:00Z,controller 1,1.995,5.731,0.28,242.12,0.0,11.83,2.37,2,On,1241.18,196.92
1789525380000000000,2026-09-16T02:23:00Z,controller 1,2.04,5.847,0.27,503.21,0.0,13.22,2.04,2,On,1258.66,202.4
1789525440000000000,2026-09-16T02:24:00Z,controller 1,2.107,5.847,0.25,161.43,0.0,13.47,1.86,2,On,1285.71,178.2
1789525500000000000,2026-09-16T02:25:00Z,controller 1,2.071,5.911,0.25,403.79,0.0,11.76,2.13,3,On,1278.49,185.96
1789525560000000000,2026-09-16T02:26:00Z,controller 1,2.124,5.838,0.25,301.95,0.0,13.31,1.88,3,On,1316.91,177.22
1789525620000000000,2026-09-16T02:27:00Z,controller 1,2.056,5.827,0.26,299.41,0.0,12.45,2.09,1,On,1324.07,199.19
1789525680000000000,2026-09-16T02:28:00Z,controller 1,2.07,5.798,0.27,281.95,0.0,13.04,2.07,1,On,1373.48,180.08
1789525740000000000,2026-09-16T02:29:00Z,controller 1,2.024,5.784,0.28,156.69,0.0,11.06,2.53,1,On,1341.04,198.59
1789525800000000000,2026-09-16T02:30:00Z,controller 1,2.024,5.796,0.27,137.89,0.0,11.34,2.38,2,On,1333.0,174.24
1789525860000000000,2026-09-16T02:31:00Z,controller 1,2.037,5.759,0.26,569.19,0.0,11.29,2.3,1,On,1284.69,152.65
1789525920000000000,2026-09-16T02:32:00Z,controller 1,2.048,5.759,0.25,452.76,0.0,12.42,2.01,3,On,1234.88,168.32
1789525980000000000,2026-09-16T02:33:00Z,controller 1,2.067,5.796,0.25,224.34,0.0,11.8,2.12,1,On,1253.24,177.28
1789526040000000000,2026-09-16T02:34:00Z,controller 1,2.006,5.827,0.22,359.8,0.0,10.69,2.06,2,On,1288.13,168.15
1789526100000000000,2026-09-16T02:35:00Z,controller 1,1.983,5.777,0.24,299.45,0.0,11.5,2.09,3,On,1321.96,165.77
1789526160000000000,2026-09-16T02:36:00Z,controller 1,1.983,5.75,0.23,595.61,0.0,11.92,1.93,2,On,1334.02,148.3
1789526220000000000,2026-09-16T02:37:00Z,controller 1,1.983,5.725,0.25,142.88,0.0,11.25,2.22,2,Off,1284.07,143.28
1789526280000000000,2026-09-16T02:38:00Z,controller 1,1.95,5.716,0.26,234.15,0.0,11.27,2.31,3,Off,1244.93,150.37
1789526340000000000,2026-09-16T02:39:00Z,controller 1,1.929,5.653,0.26,125.54,0.0,10.16,2.56,3,Off,1258.69,135.75
1789526400000000000,2026-09-16T02:40:00Z,controller 1,1.948,5.675,0.26,496.78,0.0,10.25,2.54,2,Off,1249.68,108.78
1789526460000000000,2026-09-16T02:41:00Z,controller 1,2.045,5.635,0.24,5.77,0.0,11.81,2.03,3,Off,1203.24,84.88
1789526520000000000,2026-09-16T02:42:00Z,controller 1,1.998,5.675,0.26,407.45,0.0,12.22,2.13,3,Off,1187.43,76.62
1789526580000000000,2026-09-16T02:43:00Z,controller 1,1.97,5.798,0.28,71.45,0.0,11.97,2.34,3,Off,1178.36,97.55
1789526640000000000,2026-09-16T02:44:00Z,controller 1,1.888,5.795,0.27,417.09,0.0,10.69,2.53,1,Off,1220.58,72.16
1789526700000000000,2026-09-16T02:45:00Z,controller 1,1.921,5.764,0.26,270.22,0.0,11.55,2.25,3,Off,1242.39,55.42
1789526760000000000,2026-09-16T02:46:00Z,controller 1,1.879,5.835,0.26,527.04,0.0,10.39,2.5,1,Off,1217.7,56.32
1789526820000000000,2026-09-16T02:47:00Z,controller 1,1.919,5.915,0.28,342.48,0.0,11.3,2.48,3,Off,1259.89,78.14
1789526880000000000,2026-09-16T02:48:00Z,controller 1,1.968,5.944,0.29,431.07,0.0,12.26,2.37,2,Off,1267.52,82.84
1789526940000000000,2026-09-16T02:49:00Z,controller 1,1.967,5.946,0.27,572.14,0.0,11.47,2.35,3,Off,1251.13,89.29
1789527000000000000,2026-09-16T02:50:00Z,controller 1,1.955,6.007,0.29,404.77,0.0,10.81,2.68,1,Off,1250.56,108.89
1789527060000000000,2026-09-16T02:51:00Z,controller 1,1.929,5.985,0.31,7.44,0.0,11.86,2.61,1,Off,1209.85,98.47
1789527120000000000,2026-09-16T02:52:00Z,controller 1,2.004,5.955,0.28,341.29,0.0,10.92,2.56,1,Off,1166.3,108.88
1789527180000000000,2026-09-16T02:53:00Z,controller 1,1.938,5.977,0.26,540.49,0.0,11.94,2.18,3,Off,1150.19,117.12
1789527240000000000,2026-09-16T02:54:00Z,controller 1,1.905,6.065,0.26,181.61,0.0,11.21,2.32,2,Off,1133.91,102.04
1789527300000000000,2026-09-16T02:55:00Z,controller 1,1.916,6.126,0.24,251.92,0.0,11.13,2.16,2,Off,1018.31,387.26
1789527360000000000,2026-09-16T02:56:00Z,controller 1,1.885,6.152,0.24,191.28,0.0,11.94,2.01,2,Off,1062.68,412.01
1789527420000000000,2026-09-16T02:57:00Z,controller 1,1.976,6.062,0.22,266.68,0.0,11.43,1.92,3,Off,1036.87,387.08
1789527480000000000,2026-09-16T02:58:00Z,controller 1,1.9,6.086,0.2,354.98,0.0,10.41,1.92,2,Off,1044.71,375.09
1789527540000000000,2026-09-16T02:59:00Z,controller 1,1.884,6.08,0.19,393.12,0.0,9.79,1.94,3,Off,999.85,393.77
1789527600000000000,2026-09-16T03:00:00Z,controller 1,1.919,6.055,0.2,178.36,0.0,11.27,1.77,1,Off,949.97,383.85
1789527660000000000,2026-09-16T03:01:00Z,controller 1,1.851,6.049,0.19,296.14,0.0,10.21,1.86,1,Off,921.96,359.97
1789527720000000000,2026-09-16T03:02:00Z,controller 1,1.908,6.083,0.2,483.96,0.0,10.07,1.99,1,Off,919.22,363.34
1789527780000000000,2026-09-16T03:03:00Z,controller 1,1.919,6.111,0.18,507.72,0.0,10.82,1.66,3,Off,897.98,357.78
1789527840000000000,2026-09-16T03:04:00Z,controller 1,1.971,6.133,0.18,91.15,0.0,11.35,1.59,2,Off,896.86,374.26
1789527900000000000,2026-09-16T03:05:00Z,controller 1,1.982,6.038,0.2,378.22,0.0,11.65,1.72,3,Off,851.64,372.97
1789527960000000000,2026-09-16T03:06:00Z,controller 1,1.885,5.993,0.18,371.25,0.0,10.94,1.65,2,Off,841.48,392.4
1789528020000000000,2026-09-16T03:07:00Z,controller 1,1.845,6.059,0.19,421.75,0.0,10.25,1.85,2,Off,853.23,392.92
1789528080000000000,2026-09-16T03:08:00Z,controller 1,1.96,6.067,0.21,431.62,0.0,11.54,1.82,1,Off,811.82,398.82
1789528140000000000,2026-09-16T03:09:00Z,controller 1,1.861,5.957,0.21,106.4,0.0,10.58,1.98,2,Off,825.83,395.57
1789528200000000000,2026-09-16T03:10:00Z,controller 1,1.844,5.98,0.21,516.4,0.0,10.73,1.96,2,Off,864.21,376.01
1789528260000000000,2026-09-16T03:11:00Z,controller 1,1.868,6.027,0.21,156.1,0.0,9.51,2.21,3,Off,871.74,353.58
1789528320000000000,2026-09-16T03:12:00Z,controller 1,1.915,6.116,0.2,25.8,0.0,12.3,1.63,3,Off,876.72,355.9
1789528380000000000,2026-09-16T03:13:00Z,controller 1,1.852,6.119,0.21,461.51,0.0,9.92,2.12,1,Off,875.15,347.1
1789528440000000000,2026-09-16T03:14:00Z,controller 1,1.839,6.07,0.21,283.72,0.0,9.74,2.16,3,Off,909.5,345.14
1789528500000000000,2026-09-16T03:15:00Z,controller 1,1.795,6.068,0.22,213.74,0.0,9.38,2.35,2,Off,923.59,363.61
1789528560000000000,2026-09-16T03:16:00Z,controller 1,1.891,6.066,0.23,570.04,0.0,11.01,2.09,2,Off,889.87,372.29
1789528620000000000,2026-09-16T03:17:00Z,controller 1,1.905,6.071,0.24,51.01,0.0,10.46,2.29,3,Off,886.22,359.61
1789528680000000000,2026-09-16T03:18:00Z,controller 1,1.819,6.079,0.24,251.0,0.0,9.18,2.61,3,Off,911.92,344.31
1789528740000000000,2026-09-16T03:19:00Z,controller 1,1.829,6.229,0.22,538.13,0.0,11.39,1.93,3,Off,939.06,341.71
1789528800000000000,2026-09-16T03:20:00Z,controller 1,1.803,6.19,0.22,400.02,0.0,10.25,2.15,2,Off,945.37,348.78
1789528860000000000,2026-09-16T03:21:00Z,controller 1,1.786,6.23,0.23,353.37,0.0,10.46,2.2,3,Off,972.69,329.27
1789528920000000000,2026-09-16T03:22:00Z,controller 1,1.79,6.152,0.23,413.06,0.0,9.07,2.54,2,Off,1020.06,323.68
1789528980000000000,2026-09-16T03:23:00Z,controller 1,1.83,6.293,0.21,124.89,0.0,10.53,1.99,1,Off,1009.57,305.34
1789529040000000000,2026-09-16T03:24:00Z,controller 1,1.905,6.232,0.23,109.33,0.0,11.66,1.97,1,Off,1002.04,308.25
1789529100000000000,2026-09-16T03:25:00Z,controller 1,1.902,6.286,0.22,110.06,0.0,10.5,2.1,3,Off,1015.78,302.98
1789529160000000000,2026-09-16T03:26:00Z,controller 1,1.893,6.313,0.2,414.83,0.0,10.74,1.86,2,Off,986.35,327.31
1789529220000000000,2026-09-16T03:27:00Z,controller 1,1.879,6.38,0.21,160.04,0.0,10.56,1.99,3,Off,980.85,317.72
1789529280000000000,2026-09-16T03:28:00Z,controller 1,1.856,6.485,0.2,508.9,0.0,10.66,1.88,2,Off,959.21,312.62
1789529340000000000,2026-09-16T03:29:00Z,controller 1,1.781,6.503,0.19,135.59,0.0,10.01,1.9,3,Off,969.35,326.62
1789529400000000000,2026-09-16T03:30:00Z,controller 1,1.764,6.397,0.18,427.08,0.0,10.48,1.72,1,Off,968.54,345.39
1789529460000000000,2026-09-16T03:31:00Z,controller 1,1.716,6.415,0.18,596.84,0.0,10.37,1.74,1,Off,1014.48,328.21
1789529520000000000,2026-09-16T03:32:00Z,controller 1,1.712,6.382,0.17,429.13,0.0,9.4,1.81,1,Off,978.88,319.77
1789529580000000000,2026-09-16T03:33:00Z,controller 1,1.738,6.242,0.16,557.2,0.0,8.63,1.85,3,Off,956.84,313.73
1789529640000000000,2026-09-16T03:34:00Z,controller 1,1.822,6.229,0.15,132.75,0.0,10.05,1.49,3,Off,908.6,293.67
1789529700000000000,2026-09-16T03:35:00Z,controller 1,1.863,6.2,0.14,373.86,0.0,11.66,1.2,3,Off,924.79,289.53
1789529760000000000,2026-09-16T03:36:00Z,controller 1,1.893,6.213,0.15,384.36,0.0,11.46,1.31,2,Off,948.48,271.31
1789529820000000000,2026-09-16T03:37:00Z,controller 1,1.906,6.283,0.15,88.2,0.0,11.62,1.29,2,Off,997.87,279.66
1789529880000000000,2026-09-16T03:38:00Z,controller 1,1.898,6.29,0.15,478.24,0.0,10.85,1.38,1,Off,978.97,249.71
1789529940000000000,2026-09-16T03:39:00Z,controller 1,1.904,6.304,0.15,511.04,0.0,11.23,1.34,2,Off,1018.45,236.33
1789530000000000000,2026-09-16T03:40:00Z,controller 1,1.935,6.29,0.16,283.42,0.0,10.85,1.47,2,Off,1023.72,242.44
1789530060000000000,2026-09-16T03:41:00Z,controller 1,1.911,6.332,0.15,503.09,0.0,10.83,1.39,2,Off,1013.21,262.46
1789530120000000000,2026-09-16T03:42:00Z,controller 1,1.906,6.403,0.16,166.95,0.0,11.16,1.43,1,Off,1006.02,282.69
1789530180000000000,2026-09-16T03:43:00Z,controller 1,1.871,6.406,0.17,215.42,0.0,10.66,1.59,1,Off,1009.69,264.78
1789530240000000000,2026-09-16T03:44:00Z,controller 1,1.907,6.327,0.19,316.56,0.0,11.97,1.59,2,Off,1036.23,259.09
1789530300000000000,2026-09-16T03:45:00Z,controller 1,1.87,6.234,0.17,257.7,0.0,11.75,1.45,1,Off,1064.74,273.64
1789530360000000000,2026-09-16T03:46:00Z,controller 1,1.816,6.202,0.19,569.92,0.0,9.95,1.91,2,Off,1022.0,262.56
1789530420000000000,2026-09-16T03:47:00Z,controller 1,1.831,6.141,0.17,406.45,0.0,9.71,1.75,3,Off,974.46,284.87
1789530480000000000,2026-09-16T03:48:00Z,controller 1,1.898,6.149,0.18,577.66,0.0,10.61,1.7,3,Off,983.78,271.85
1789530540000000000,2026-09-16T03:49:00Z,controller 1,1.92,6.064,0.17,323.41,0.0,11.74,1.45,1,Off,941.25,243.76
1789530600000000000,2026-09-16T03:50:00Z,controller 1,1.841,6.113,0.18,56.9,0.0,11.05,1.63,2,Off,916.59,241.09
1789530660000000000,2026-09-16T03:51:00Z,controller 1,1.806,6.067,0.19,96.74,0.0,10.49,1.81,2,Off,884.46,234.47
1789530720000000000,2026-09-16T03:52:00Z,controller 1,1.742,5.988,0.18,318.08,0.0,9.36,1.92,1,Off,926.09,253.79
1789530780000000000,2026-09-16T03:53:00Z,controller 1,1.753,5.955,0.17,466.7,0.0,9.38,1.81,1,Off,911.37,251.68
1789530840000000000,2026-09-16T03:54:00Z,controller 1,1.749,5.966,0.16,264.78,0.0,8.93,1.79,2,Off,941.82,227.76
1789530900000000000,2026-09-16T03:55:00Z,controller 1,1.675,6.101,0.17,2.4,0.0,7.94,2.14,1,Off,943.1,232.15
1789530960000000000,2026-09-16T03:56:00Z,controller 1,1.653,6.041,0.16,42.53,0.0,8.31,1.93,2,Off,976.76,228.21
1789531020000000000,2026-09-16T03:57:00Z,controller 1,1.773,6.033,0.17,96.79,0.0,9.36,1.82,1,Off,1007.49,253.05
1789531080000000000,2026-09-16T03:58:00Z,controller 1,1.783,5.925,0.17,213.44,0.0,9.97,1.71,3,Off,967.71,261.01
1789531140000000000,2026-09-16T03:59:00Z,controller 1,1.793,6.003,0.17,152.77,0.0,10.27,1.66,3,Off,998.29,272.59
1789531200000000000,2026-09-16T04:00:00Z,controller 1,1.789,6.027,0.17,580.59,0.0,8.72,1.95,1,Off,1007.82,268.61
1789531260000000000,2026-09-16T04:01:00Z,controller 1,1.845,5.887,0.18,496.76,0.0,10.32,1.74,1,Off,1057.74,265.55
1789531320000000000,2026-09-16T04:02:00Z,controller 1,1.816,5.835,0.17,394.07,0.0,9.02,1.88,2,Off,1057.51,242.23
1789531380000000000,2026-09-16T04:03:00Z,controller 1,1.837,5.854,0.18,367.86,0.0,10.85,1.66,1,Off,1379.55,801.36
1789531440000000000,2026-09-16T04:04:00Z,controller 1,1.8,5.86,0.19,535.3,0.0,10.22,1.86,1,Off,1406.32,811.23
1789531500000000000,2026-09-16T04:05:00Z,controller 1,1.85,5.912,0.2,424.68,0.0,9.25,2.16,1,Off,1409.79,813.55
1789531560000000000,2026-09-16T04:06:00Z,controller 1,1.877,5.919,0.22,152.49,0.0,10.96,2.01,3,Off,1439.7,812.69
1789531620000000000,2026-09-16T04:07:00Z,controller 1,1.898,5.835,0.2,166.66,0.0,9.88,2.02,3,Off,1460.19,796.33
1789531680000000000,2026-09-16T04:08:00Z,controller 1,1.906,5.819,0.19,280.59,0.0,10.13,1.88,1,Off,1464.99,782.98
1789531740000000000,2026-09-16T04:09:00Z,controller 1,1.822,5.769,0.2,163.49,0.0,9.84,2.03,3,Off,1494.88,769.97
1789531800000000000,2026-09-16T04:10:00Z,controller 1,1.819,5.703,0.22,172.71,0.0,10.15,2.17,3,Off,1494.27,788.21
1789531860000000000,2026-09-16T04:11:00Z,controller 1,1.8,5.794,0.23,190.61,0.0,10.08,2.28,3,Off,1461.59,763.03
1789531920000000000,2026-09-16T04:12:00Z,controller 1,1.812,5.802,0.21,319.88,0.0,10.0,2.1,2,Off,1500.0,775.55
1789531980000000000,2026-09-16T04:13:00Z,controller 1,1.809,5.747,0.21,234.28,0.0,10.34,2.03,2,Off,1471.24,763.73
1789532040000000000,2026-09-16T04:14:00Z,controller 1,1.829,5.74,0.2,488.29,0.0,9.68,2.07,3,Off,1431.37,768.58
1789532100000000000,2026-09-16T04:15:00Z,controller 1,1.895,5.727,0.21,67.12,0.0,9.73,2.16,2,Off,1383.78,767.28
1789532160000000000,2026-09-16T04:16:00Z,controller 1,1.831,5.806,0.21,499.81,0.0,9.35,2.25,3,Off,1386.57,770.64
1789532220000000000,2026-09-16T04:17:00Z,controller 1,1.83,5.877,0.2,9.61,0.0,10.33,1.94,2,Off,1403.68,747.73
1789532280000000000,2026-09-16T04:18:00Z,controller 1,1.785,5.894,0.19,164.03,0.0,10.02,1.9,2,Off,1405.29,773.18
1789532340000000000,2026-09-16T04:19:00Z,controller 1,1.862,5.848,0.19,376.47,0.0,9.21,2.06,1,Off,1356.64,756.76
1789532400000000000,2026-09-16T04:20:00Z,controller 1,1.781,5.845,0.18,300.17,0.0,9.22,1.95,3,Off,1386.75,759.96
1789532460000000000,2026-09-16T04:21:00Z,controller 1,1.772,5.813,0.17,19.52,0.0,8.8,1.93,2,Off,1360.34,767.43
1789532520000000000,2026-09-16T04:22:00Z,controller 1,1.815,5.749,0.17,74.68,0.0,8.84,1.92,3,Off,1357.71,780.12
1789532580000000000,2026-09-16T04:23:00Z,controller 1,1.743,5.746,0.19,26.0,0.0,7.94,2.39,2,Off,1355.31,807.43
1789532640000000000,2026-09-16T04:24:00Z,controller 1,1.774,5.741,0.2,579.31,0.0,9.76,2.05,2,Off,1376.26,795.71
1789532700000000000,2026-09-16T04:25:00Z,controller 1,1.658,5.738,0.2,347.67,0.0,8.45,2.37,3,Off,1397.04,824.03
1789532760000000000,2026-09-16T04:26:00Z,controller 1,1.607,5.755,0.19,450.93,0.0,6.8,2.79,2,On,1444.66,837.16
1789532820000000000,2026-09-16T04:27:00Z,controller 1,1.588,5.785,0.2,166.65,0.0,7.93,2.52,3,On,1407.46,817.73
1789532880000000000,2026-09-16T04:28:00Z,controller 1,1.564,5.774,0.21,390.1,0.0,6.43,3.27,3,On,1452.64,832.99
1789532940000000000,2026-09-16T04:29:00Z,controller 1,1.587,5.779,0.19,446.42,0.0,6.87,2.77,2,On,1500.0,829.81
1789533000000000000,2026-09-16T04:30:00Z,controller 1,1.595,5.726,0.18,65.53,0.0,7.73,2.33,1,On,1476.22,859.51
1789533060000000000,2026-09-16T04:31:00Z,controller 1,1.599,5.657,0.19,342.48,0.0,6.76,2.81,2,On,1485.67,863.77
1789533120000000000,2026-09-16T04:32:00Z,controller 1,1.614,5.716,0.19,435.57,0.0,8.12,2.34,2,On,1499.29,885.41
1789533180000000000,2026-09-16T04:33:00Z,controller 1,1.629,5.68,0.18,15.71,0.0,7.38,2.44,2,On,1498.44,913.84
1789533240000000000,2026-09-16T04:34:00Z,controller 1,1.626,5.632,0.18,441.96,0.0,7.99,2.25,3,On,1459.44,916.75
1789533300000000000,2026-09-16T04:35:00Z,controller 1,1.637,5.563,0.18,21.95,0.0,6.84,2.63,2,On,1429.09,893.42
1789533360000000000,2026-09-16T04:36:00Z,controller 1,1.625,5.543,0.19,397.98,0.0,7.84,2.42,2,On,1424.91,882.77
1789533420000000000,2026-09-16T04:37:00Z,controller 1,1.698,5.543,0.19,494.29,0.0,7.46,2.55,3,On,1442.21,900.13
1789533480000000000,2026-09-16T04:38:00Z,controller 1,1.645,5.464,0.21,560.27,0.0,6.78,3.1,1,On,1423.48,898.73
1789533540000000000,2026-09-16T04:39:00Z,controller 1,1.564,5.49,0.21,474.23,0.0,6.84,3.07,2,On,1459.85,885.5
1789533600000000000,2026-09-16T04:40:00Z,controller 1,1.571,5.508,0.2,544.55,0.0,6.71,2.98,3,On,1416.81,906.25
1789533660000000000,2026-09-16T04:41:00Z,controller 1,1.605,5.501,0.2,46.99,0.0,6.41,3.12,1,On,1393.43,912.77
1789533720000000000,2026-09-16T04:42:00Z,controller 1,1.587,5.465,0.18,279.46,0.0,6.46,2.79,1,On,1398.93,899.29
1789533780000000000,2026-09-16T04:43:00Z,controller 1,1.597,5.457,0.18,157.53,0.0,6.42,2.8,2,On,1408.76,875.89
1789533840000000000,2026-09-16T04:44:00Z,controller 1,1.625,5.506,0.2,227.21,0.0,7.77,2.57,1,On,1360.4,866.09
1789533900000000000,2026-09-16T04:45:00Z,controller 1,1.621,5.555,0.21,216.93,0.0,7.89,2.66,2,On,1327.44,836.44
1789533960000000000,2026-09-16T04:46:00Z,controller 1,1.582,5.57,0.21,194.65,0.0,6.99,3.0,1,On,1308.51,812.6
1789534020000000000,2026-09-16T04:47:00Z,controller 1,1.601,5.537,0.22,499.49,0.0,6.65,3.31,2,On,1272.23,794.25
1789534080000000000,2026-09-16T04:48:00Z,controller 1,1.534,5.449,0.24,388.32,0.0,6.14,3.91,1,On,1245.63,822.8
1789534140000000000,2026-09-16T04:49:00Z,controller 1,1.518,5.606,0.22,581.44,0.0,6.32,3.48,1,On,1224.79,802.66
1789534200000000000,2026-09-16T04:50:00Z,controller 1,1.562,5.593,0.24,35.09,0.0,7.11,3.38,1,On,550.73,473.74
1789534260000000000,2026-09-16T04:51:00Z,controller 1,1.541,5.494,0.23,409.45,0.0,6.88,3.34,2,On,508.22,445.56
1789534320000000000,2026-09-16T04:52:00Z,controller 1,1.508,5.571,0.23,344.32,0.0,6.6,3.48,1,On,540.56,426.99
1789534380000000000,2026-09-16T04:53:00Z,controller 1,1.453,5.5,0.23,594.29,0.0,5.88,3.91,3,On,550.76,451.54
1789534440000000000,2026-09-16T04:54:00Z,controller 1,1.495,5.561,0.23,94.23,0.0,5.61,4.1,1,On,528.0,423.39
1789534500000000000,2026-09-16T04:55:00Z,controller 1,1.515,5.615,0.24,225.3,0.0,6.15,3.9,1,On,515.28,401.45
1789534560000000000,2026-09-16T04:56:00Z,controller 1,1.551,5.513,0.22,101.41,0.0,6.45,3.41,2,On,545.56,418.97
1789534620000000000,2026-09-16T04:57:00Z,controller 1,1.593,5.461,0.23,530.87,0.0,7.43,3.1,3,On,548.07,395.22
1789534680000000000,2026-09-16T04:58:00Z,controller 1,1.595,5.436,0.21,125.59,0.0,6.64,3.16,2,On,534.48,405.21
1789534740000000000,2026-09-16T04:59:00Z,controller 1,1.601,5.464,0.21,522.72,0.0,6.45,3.26,1,On,498.51,398.62
1789534800000000000,2026-09-16T05:00:00Z,controller 1,1.627,5.452,0.21,270.83,0.0,7.57,2.77,2,On,490.83,378.83
1789534860000000000,2026-09-16T05:01:00Z,controller 1,1.661,5.614,0.21,338.45,0.0,7.26,2.89,3,On,495.3,392.68
1789534920000000000,2026-09-16T05:02:00Z,controller 1,1.606,5.669,0.21,201.06,0.0,7.45,2.82,3,On,527.97,408.13
1789534980000000000,2026-09-16T05:03:00Z,controller 1,1.566,5.609,0.22,430.39,0.0,7.51,2.93,1,On,558.3,433.56
1789535040000000000,2026-09-16T05:04:00Z,controller 1,1.51,5.699,0.23,342.94,0.0,6.75,3.41,2,On,551.09,435.39
1789535100000000000,2026-09-16T05:05:00Z,controller 1,1.526,5.72,0.23,577.74,0.0,6.69,3.44,3,On,571.25,421.01
1789535160000000000,2026-09-16T05:06:00Z,controller 1,1.504,5.764,0.25,441.59,0.0,6.95,3.6,1,On,681.92,321.9
1789535220000000000,2026-09-16T05:07:00Z,controller 1,1.53,5.686,0.26,382.66,0.0,7.02,3.7,3,On,678.54,297.62
1789535280000000000,2026-09-16T05:08:00Z,controller 1,1.535,5.574,0.25,537.51,0.0,6.05,4.13,3,On,646.71,305.92
1789535340000000000,2026-09-16T05:09:00Z,controller 1,1.51,5.641,0.25,33.93,0.0,6.54,3.82,2,On,1073.66,820.92
1789535400000000000,2026-09-16T05:10:00Z,controller 1,1.511,5.575,0.24,451.91,0.0,6.11,3.93,3,On,1068.61,803.06
1789535460000000000,2026-09-16T05:11:00Z,controller 1,1.541,5.598,0.22,590.07,0.0,6.51,3.38,1,On,1096.66,789.44
1789535520000000000,2026-09-16T05:12:00Z,controller 1,1.536,5.597,0.22,118.19,0.0,6.68,3.29,3,On,1062.84,794.49
1789535580000000000,2026-09-16T05:13:00Z,controller 1,1.538,5.631,0.21,106.48,0.0,6.5,3.23,3,On,1065.34,787.75
1789535640000000000,2026-09-16T05:14:00Z,controller 1,1.526,5.598,0.23,34.61,0.0,6.14,3.75,2,On,1030.38,759.04
1789535700000000000,2026-09-16T05:15:00Z,controller 1,1.518,5.566,0.25,589.73,0.0,6.4,3.91,1,On,984.09,760.99
1789535760000000000,2026-09-16T05:16:00Z,controller 1,1.511,5.676,0.23,512.22,0.0,6.02,3.82,3,On,986.18,762.55
1789535820000000000,2026-09-16T05:17:00Z,controller 1,1.435,5.599,0.23,43.98,0.0,6.23,3.69,1,On,1006.53,739.37
1789535880000000000,2026-09-16T05:18:00Z,controller 1,1.469,5.738,0.22,197.62,0.0,6.25,3.52,2,On,1031.97,725.25
1789535940000000000,2026-09-16T05:19:00Z,controller 1,1.414,5.7,0.2,170.24,0.0,5.41,3.7,2,On,989.92,702.18
1789536000000000000,2026-09-16T05:20:00Z,controller 1,1.361,5.697,0.19,310.83,0.0,5.52,3.44,3,On,1027.75,713.37
1789536060000000000,2026-09-16T05:21:00Z,controller 1,1.395,5.785,0.2,122.75,0.0,5.88,3.4,1,On,1068.83,687.32
1789536120000000000,2026-09-16T05:22:00Z,controller 1,1.43,5.77,0.2,507.54,0.0,6.38,3.13,2,On,1045.18,680.47
1789536180000000000,2026-09-16T05:23:00Z,controller 1,1.407,5.793,0.19,383.13,0.0,5.74,3.31,1,On,1010.73,708.2
1789536240000000000,2026-09-16T05:24:00Z,controller 1,1.409,5.792,0.18,74.01,0.0,5.84,3.08,1,On,1024.67,719.88
1789536300000000000,2026-09-16T05:25:00Z,controller 1,1.38,5.725,0.18,524.04,0.0,5.34,3.37,2,On,983.28,740.86
1789536360000000000,2026-09-16T05:26:00Z,controller 1,1.386,5.659,0.17,588.82,0.0,5.16,3.29,1,On,960.03,756.13
1789536420000000000,2026-09-16T05:27:00Z,controller 1,1.425,5.607,0.18,589.97,0.0,5.17,3.48,1,On,957.24,754.25
1789536480000000000,2026-09-16T05:28:00Z,controller 1,1.438,5.604,0.16,347.96,0.0,6.01,2.66,2,On,915.49,727.78
1789536540000000000,2026-09-16T05:29:00Z,controller 1,1.448,5.535,0.17,288.84,0.0,6.21,2.74,2,On,950.51,711.03
1789536600000000000,2026-09-16T05:30:00Z,controller 1,1.467,5.478,0.17,203.03,0.0,6.42,2.65,1,On,939.63,720.88
1789536660000000000,2026-09-16T05:31:00Z,controller 1,1.435,5.404,0.18,446.86,0.0,5.25,3.43,3,On,892.33,726.7
1789536720000000000,2026-09-16T05:32:00Z,controller 1,1.393,5.432,0.17,274.74,0.0,4.76,3.57,3,On,904.9,718.79
1789536780000000000,2026-09-16T05:33:00Z,controller 1,1.416,5.465,0.18,455.85,0.0,5.43,3.31,3,On,919.71,695.79
1789536840000000000,2026-09-16T05:34:00Z,controller 1,1.399,5.492,0.17,24.62,0.0,4.94,3.44,1,On,903.64,713.3
1789536900000000000,2026-09-16T05:35:00Z,controller 1,1.38,5.473,0.16,455.03,0.0,5.68,2.82,1,On,928.31,713.03
1789536960000000000,2026-09-16T05:36:00Z,controller 1,1.395,5.498,0.18,263.22,0.0,5.22,3.45,1,On,965.26,700.68
1789537020000000000,2026-09-16T05:37:00Z,controller 1,1.391,5.478,0.17,110.96,0.0,5.52,3.08,2,On,944.81,705.19
1789537080000000000,2026-09-16T05:38:00Z,controller 1,1.442,5.551,0.18,227.46,0.0,6.01,3.0,3,On,991.61,718.04
1789537140000000000,2026-09-16T05:39:00Z,controller 1,1.427,5.559,0.18,419.35,0.0,5.28,3.41,1,On,980.71,701.7
1789537200000000000,2026-09-16T05:40:00Z,controller 1,1.473,5.581,0.19,263.82,0.0,6.19,3.07,1,On,1007.86,717.42
1789537260000000000,2026-09-16T05:41:00Z,controller 1,1.477,5.606,0.2,178.72,0.0,6.58,3.04,2,On,993.16,690.3
1789537320000000000,2026-09-16T05:42:00Z,controller 1,1.523,5.631,0.2,517.5,0.0,6.93,2.89,2,On,972.2,694.56
1789537380000000000,2026-09-16T05:43:00Z,controller 1,1.559,5.673,0.18,359.1,0.0,7.09,2.54,2,On,965.53,710.2
1789537440000000000,2026-09-16T05:44:00Z,controller 1,1.554,5.776,0.18,488.11,0.0,6.8,2.65,2,On,995.87,728.8
1789537500000000000,2026-09-16T05:45:00Z,controller 1,1.589,5.724,0.16,261.76,0.0,7.4,2.16,2,On,1039.13,707.06
1789537560000000000,2026-09-16T05:46:00Z,controller 1,1.574,5.791,0.17,349.16,0.0,7.04,2.41,3,On,1024.17,726.9
1789537620000000000,2026-09-16T05:47:00Z,controller 1,1.544,5.812,0.17,458.86,0.0,7.22,2.35,2,On,975.51,736.75
1789537680000000000,2026-09-16T05:48:00Z,controller 1,1.587,5.776,0.18,346.36,0.0,7.52,2.39,2,On,998.72,739.24
1789537740000000000,2026-09-16T05:49:00Z,controller 1,1.573,5.889,0.18,321.69,0.0,7.13,2.52,3,On,976.71,720.18
1789537800000000000,2026-09-16T05:50:00Z,controller 1,1.518,5.855,0.18,36.09,0.0,6.28,2.87,1,On,997.65,717.74
1789537860000000000,2026-09-16T05:51:00Z,controller 1,1.491,5.855,0.19,113.39,0.0,6.06,3.14,2,On,957.97,726.8
1789537920000000000,2026-09-16T05:52:00Z,controller 1,1.485,5.77,0.18,192.67,0.0,6.42,2.8,2,On,986.51,703.88
1789537980000000000,2026-09-16T05:53:00Z,controller 1,1.506,5.738,0.19,198.38,0.0,7.02,2.71,3,On,1024.73,679.55
1789538040000000000,2026-09-16T05:54:00Z,controller 1,1.491,5.702,0.18,511.58,0.0,6.39,2.82,3,On,1025.07,656.54
1789538100000000000,2026-09-16T05:55:00Z,controller 1,1.565,5.72,0.17,203.46,0.0,7.65,2.22,3,On,1035.11,680.94
1789538160000000000,2026-09-16T05:56:00Z,controller 1,1.576,5.698,0.17,462.28,0.0,6.55,2.6,2,On,1082.04,683.24
1789538220000000000,2026-09-16T05:57:00Z,controller 1,1.638,5.737,0.18,509.58,0.0,7.21,2.5,1,On,1081.5,686.71
1789538280000000000,2026-09-16T05:58:00Z,controller 1,1.608,5.704,0.19,381.66,0.0,6.99,2.72,2,On,1061.92,682.5
1789538340000000000,2026-09-16T05:59:00Z,controller 1,1.626,5.723,0.19,190.96,0.0,8.09,2.35,1,On,1098.73,710.03
1789538400000000000,2026-09-16T06:00:00Z,controller 1,1.628,5.829,0.18,368.06,0.0,7.15,2.52,1,On,1099.09,727.76
1789538460000000000,2026-09-16T06:01:00Z,controller 1,1.648,5.786,0.18,411.17,0.0,7.65,2.35,1,On,1094.97,715.92
1789538520000000000,2026-09-16T06:02:00Z,controller 1,1.665,5.873,0.17,157.96,0.0,8.53,1.99,1,On,1046.04,729.23
1789538580000000000,2026-09-16T06:03:00Z,controller 1,1.744,5.92,0.16,24.66,0.0,9.49,1.69,2,On,1025.53,752.21
1789538640000000000,2026-09-16T06:04:00Z,controller 1,1.728,5.945,0.16,462.72,0.0,9.68,1.65,1,On,1050.44,725.45
1789538700000000000,2026-09-16T06:05:00Z,controller 1,1.794,5.875,0.16,216.54,0.0,10.4,1.54,2,On,1036.05,750.82
1789538760000000000,2026-09-16T06:06:00Z,controller 1,1.851,5.926,0.15,574.96,0.0,9.27,1.62,2,On,1051.9,759.03
1789538820000000000,2026-09-16T06:07:00Z,controller 1,1.973,5.985,0.16,502.02,0.0,10.89,1.47,1,On,1058.13,760.92
1789538880000000000,2026-09-16T06:08:00Z,controller 1,2.031,5.886,0.15,458.33,0.0,12.27,1.22,1,On,1036.23,754.93
1789538940000000000,2026-09-16T06:09:00Z,controller 1,1.98,5.866,0.14,86.82,0.0,11.52,1.22,1,On,1052.78,744.89
1789539000000000000,2026-09-16T06:10:00Z,controller 1,2.054,5.844,0.14,226.31,0.0,12.62,1.11,1,On,1013.66,731.28
1789539060000000000,2026-09-16T06:11:00Z,controller 1,2.035,5.852,0.15,124.86,0.0,12.0,1.25,1,On,1028.83,740.35
1789539120000000000,2026-09-16T06:12:00Z,controller 1,2.042,5.731,0.14,485.55,0.0,12.29,1.14,2,On,1021.54,738.96
1789539180000000000,2026-09-16T06:13:00Z,controller 1,1.988,5.745,0.13,377.36,0.0,10.93,1.19,1,On,986.52,710.01
1789539240000000000,2026-09-16T06:14:00Z,controller 1,1.974,5.791,0.12,37.96,0.0,11.72,1.02,2,On,961.93,734.43
1789539300000000000,2026-09-16T06:15:00Z,controller 1,2.004,5.826,0.11,260.57,0.0,12.36,0.89,2,On,995.19,729.56
1789539360000000000,2026-09-16T06:16:00Z,controller 1,1.957,5.799,0.1,134.17,0.0,11.65,0.86,3,On,980.71,719.16
1789539420000000000,2026-09-16T06:17:00Z,controller 1,2.044,5.764,0.11,466.7,0.0,10.93,1.01,2,On,969.98,744.52
1789539480000000000,2026-09-16T06:18:00Z,controller 1,2.104,5.716,0.11,585.68,0.0,12.18,0.9,2,On,967.73,767.77
1789539540000000000,2026-09-16T06:19:00Z,controller 1,2.168,5.72,0.12,133.34,0.0,13.83,0.87,3,On,922.9,764.91
1789539600000000000,2026-09-16T06:20:00Z,controller 1,2.19,5.696,0.13,598.49,0.0,13.31,0.98,1,On,888.51,789.83
1789539660000000000,2026-09-16T06:21:00Z,controller 1,2.188,5.707,0.12,505.07,0.0,13.15,0.91,2,On,902.5,809.27
1789539720000000000,2026-09-16T06:22:00Z,controller 1,2.24,5.802,0.11,319.63,0.0,15.92,0.69,2,On,923.8,837.65
1789539780000000000,2026-09-16T06:23:00Z,controller 1,2.303,5.81,0.11,577.75,0.0,15.64,0.7,2,On,908.0,847.14
1789539840000000000,2026-09-16T06:24:00Z,controller 1,2.23,5.813,0.12,376.3,0.0,15.73,0.76,1,On,870.52,836.91
1789539900000000000,2026-09-16T06:25:00Z,controller 1,2.344,5.768,0.11,496.06,0.0,15.95,0.69,3,On,858.89,827.73
1789539960000000000,2026-09-16T06:26:00Z,controller 1,2.285,5.826,0.11,206.02,0.0,14.02,0.78,1,On,839.25,807.94
1789540020000000000,2026-09-16T06:27:00Z,controller 1,2.192,5.78,0.1,359.34,0.0,14.16,0.71,3,On,820.0,825.13
1789540080000000000,2026-09-16T06:28:00Z,controller 1,2.288,5.769,0.1,524.04,0.0,13.67,0.73,3,On,781.14,823.41
1789540140000000000,2026-09-16T06:29:00Z,controller 1,2.282,5.759,0.09,408.0,0.0,14.81,0.61,2,On,809.74,812.78
1789540200000000000,2026-09-16T06:30:00Z,controller 1,2.349,5.701,0.1,465.57,0.0,15.37,0.65,2,On,831.61,842.51
1789540260000000000,2026-09-16T06:31:00Z,controller 1,2.258,5.556,0.1,208.71,0.0,15.35,0.65,3,On,821.16,819.76
1789540320000000000,2026-09-16T06:32:00Z,controller 1,2.186,5.602,0.09,42.1,0.0,13.58,0.66,1,On,782.5,796.49
1789540380000000000,2026-09-16T06:33:00Z,controller 1,2.11,5.538,0.08,390.34,0.0,11.16,0.72,3,On,758.11,797.57
1789540440000000000,2026-09-16T06:34:00Z,controller 1,2.07,5.498,0.09,415.73,0.0,12.65,0.71,1,On,804.93,780.13
1789540500000000000,2026-09-16T06:35:00Z,controller 1,2.027,5.574,0.1,204.4,0.0,10.71,0.93,2,On,766.77,780.84
1789540560000000000,2026-09-16T06:36:00Z,controller 1,2.002,5.646,0.1,249.13,0.0,10.43,0.96,3,On,773.76,772.83
1789540620000000000,2026-09-16T06:37:00Z,controller 1,2.077,5.585,0.1,43.23,0.0,12.37,0.81,2,On,804.38,759.39
1789540680000000000,2026-09-16T06:38:00Z,controller 1,2.022,5.634,0.09,91.85,0.0,12.56,0.72,1,On,755.92,782.54
1789540740000000000,2026-09-16T06:39:00Z,controller 1,2.031,5.653,0.09,257.72,0.0,10.93,0.82,1,On,786.48,794.63
1789540800000000000,2026-09-16T06:40:00Z,controller 1,2.058,5.732,0.09,475.53,0.0,12.72,0.71,2,On,810.12,794.56
1789540860000000000,2026-09-16T06:41:00Z,controller 1,2.024,5.774,0.09,292.58,0.0,12.34,0.73,1,On,769.26,801.08
1789540920000000000,2026-09-16T06:42:00Z,controller 1,1.942,5.837,0.1,165.98,0.0,11.91,0.84,1,On,723.41,825.71
1789540980000000000,2026-09-16T06:43:00Z,controller 1,1.888,5.846,0.1,231.8,0.0,10.7,0.93,3,On,723.27,842.58
1789541040000000000,2026-09-16T06:44:00Z,controller 1,1.942,5.762,0.1,364.6,0.0,11.79,0.85,3,On,523.36,686.17
1789541100000000000,2026-09-16T06:45:00Z,controller 1,2.03,5.685,0.09,576.53,0.0,12.68,0.71,1,On,493.92,709.08
1789541160000000000,2026-09-16T06:46:00Z,controller 1,2.089,5.791,0.08,381.41,0.0,12.03,0.67,3,On,534.38,734.72
1789541220000000000,2026-09-16T06:47:00Z,controller 1,2.127,5.785,0.09,172.43,0.0,14.31,0.63,2,On,527.42,764.23
1789541280000000000,2026-09-16T06:48:00Z,controller 1,2.213,5.742,0.09,575.94,0.0,13.32,0.68,2,On,482.41,738.4
1789541340000000000,2026-09-16T06:49:00Z,controller 1,2.176,5.731,0.09,307.31,0.0,12.89,0.7,3,On,488.52,719.78
1789541400000000000,2026-09-16T06:50:00Z,controller 1,2.133,5.706,0.1,575.76,0.0,11.8,0.85,1,On,444.89,739.11
1789541460000000000,2026-09-16T06:51:00Z,controller 1,2.11,5.746,0.11,591.27,0.0,12.36,0.89,2,On,474.6,736.69
1789541520000000000,2026-09-16T06:52:00Z,controller 1,2.165,5.838,0.11,571.47,0.0,12.77,0.86,3,On,501.08,742.67
1789541580000000000,2026-09-16T06:53:00Z,controller 1,2.208,5.8,0.11,143.36,0.0,13.39,0.82,1,On,469.97,738.11
1789541640000000000,2026-09-16T06:54:00Z,controller 1,2.179,5.725,0.12,428.05,0.0,12.78,0.94,2,On,461.23,722.03
1789541700000000000,2026-09-16T06:55:00Z,controller 1,2.169,5.853,0.12,597.06,0.0,13.46,0.89,1,On,481.32,710.73
1789541760000000000,2026-09-16T06:56:00Z,controller 1,2.146,5.771,0.11,430.51,0.0,13.57,0.81,3,On,469.57,704.46
1789541820000000000,2026-09-16T06:57:00Z,controller 1,2.042,5.829,0.11,574.69,0.0,12.78,0.86,2,On,440.5,727.6
1789541880000000000,2026-09-16T06:58:00Z,controller 1,2.03,5.852,0.12,275.6,0.0,13.18,0.91,1,On,450.63,730.65
1789541940000000000,2026-09-16T06:59:00Z,controller 1,2.029,5.738,0.1,408.99,0.0,11.82,0.85,1,On,441.17,712.81
1789542000000000000,2026-09-16T07:00:00Z,controller 1,2.075,5.8,0.11,71.0,0.0,12.32,0.89,3,On,471.46,684.63
1789542060000000000,2026-09-16T07:01:00Z,controller 1,2.021,5.77,0.11,253.08,0.0,12.46,0.88,2,On,443.29,692.9
1789542120000000000,2026-09-16T07:02:00Z,controller 1,2.035,5.748,0.1,567.37,0.0,11.25,0.89,2,On,394.55,700.4
1789542180000000000,2026-09-16T07:03:00Z,controller 1,2.045,5.804,0.1,547.75,0.0,12.94,0.77,3,On,1001.51,887.46
1789542240000000000,2026-09-16T07:04:00Z,controller 1,2.015,5.749,0.1,229.96,0.0,11.79,0.85,3,On,1005.66,906.41
1789542300000000000,2026-09-16T07:05:00Z,controller 1,2.046,5.829,0.1,445.66,0.0,11.99,0.83,2,On,1299.96,303.86
1789542360000000000,2026-09-16T07:06:00Z,controller 1,1.993,5.834,0.11,488.26,0.0,10.88,1.01,3,On,1298.23,316.41
1789542420000000000,2026-09-16T07:07:00Z,controller 1,1.981,5.83,0.12,153.25,0.0,10.94,1.1,2,On,1288.45,294.28
1789542480000000000,2026-09-16T07:08:00Z,controller 1,2.008,5.737,0.11,159.74,0.0,10.57,1.04,1,On,1295.84,264.97
1789542540000000000,2026-09-16T07:09:00Z,controller 1,2.064,5.758,0.11,114.65,0.0,12.95,0.85,1,On,1280.98,264.28
1789542600000000000,2026-09-16T07:10:00Z,controller 1,2.004,5.783,0.1,596.65,0.0,11.65,0.86,2,On,1295.56,293.82
1789542660000000000,2026-09-16T07:11:00Z,controller 1,2.035,5.748,0.1,342.31,0.0,11.61,0.86,2,On,1277.03,294.18
1789542720000000000,2026-09-16T07:12:00Z,controller 1,2.08,5.727,0.11,387.44,0.0,12.46,0.88,3,On,1229.52,311.12
1789542780000000000,2026-09-16T07:13:00Z,controller 1,1.998,5.863,0.11,77.09,0.0,11.69,0.94,2,On,1237.36,305.95
1789542840000000000,2026-09-16T07:14:00Z,controller 1,1.949,5.834,0.1,126.39,0.0,11.06,0.9,2,On,1280.16,317.57
1789542900000000000,2026-09-16T07:15:00Z,controller 1,1.982,5.9,0.11,108.1,0.0,10.62,1.04,3,On,1304.31,311.64
1789542960000000000,2026-09-16T07:16:00Z,controller 1,2.088,5.869,0.12,98.11,0.0,12.17,0.99,3,On,1284.69,335.07
1789543020000000000,2026-09-16T07:17:00Z,controller 1,2.087,5.777,0.11,467.58,0.0,13.28,0.83,2,On,1333.49,336.27
1789543080000000000,2026-09-16T07:18:00Z,controller 1,2.096,5.767,0.1,224.24,0.0,11.58,0.86,1,On,1353.38,307.88
1789543140000000000,2026-09-16T07:19:00Z,controller 1,2.05,5.845,0.1,332.76,0.0,11.05,0.9,2,On,1224.48,940.15
1789543200000000000,2026-09-16T07:20:00Z,controller 1,1.998,5.752,0.11,195.2,0.0,11.73,0.94,1,On,1182.24,949.47
1789543260000000000,2026-09-16T07:21:00Z,controller 1,2.062,5.784,0.11,270.36,0.0,13.06,0.84,2,On,1181.44,952.76
1789543320000000000,2026-09-16T07:22:00Z,controller 1,2.006,5.864,0.1,29.67,0.0,10.85,0.92,3,On,1169.28,927.7
1789543380000000000,2026-09-16T07:23:00Z,controller 1,1.968,5.764,0.11,61.22,0.0,11.52,0.95,1,On,1171.42,920.08
1789543440000000000,2026-09-16T07:24:00Z,controller 1,1.909,5.74,0.12,29.85,0.0,10.02,1.2,2,On,1203.3,899.32
1789543500000000000,2026-09-16T07:25:00Z,controller 1,1.918,5.88,0.11,366.28,0.0,11.16,0.99,1,On,1242.41,907.71
1789543560000000000,2026-09-16T07:26:00Z,controller 1,1.853,5.995,0.11,72.32,0.0,9.36,1.18,2,On,1212.77,919.53
1789543620000000000,2026-09-16T07:27:00Z,controller 1,1.83,6.095,0.1,231.66,0.0,10.87,0.92,1,On,1257.34,933.84
1789543680000000000,2026-09-16T07:28:00Z,controller 1,1.776,6.114,0.1,430.54,0.0,10.5,0.95,3,On,1267.82,927.73
1789543740000000000,2026-09-16T07:29:00Z,controller 1,1.818,6.072,0.1,469.08,0.0,10.38,0.96,3,On,1266.05,939.77
1789543800000000000,2026-09-16T07:30:00Z,controller 1,1.824,6.04,0.09,162.51,0.0,10.39,0.87,2,On,1267.38,943.9
1789543860000000000,2026-09-16T07:31:00Z,controller 1,1.81,6.017,0.09,20.31,0.0,10.14,0.89,1,On,1220.32,966.76
1789543920000000000,2026-09-16T07:32:00Z,controller 1,1.886,6.023,0.08,144.41,0.0,10.84,0.74,3,On,1182.14,972.01
1789543980000000000,2026-09-16T07:33:00Z,controller 1,1.925,6.071,0.07,400.72,0.0,10.52,0.67,1,On,1224.28,977.97
1789544040000000000,2026-09-16T07:34:00Z,controller 1,1.993,6.075,0.08,144.88,0.0,12.46,0.64,3,On,1223.14,960.7
1789544100000000000,2026-09-16T07:35:00Z,controller 1,2.02,6.092,0.08,50.04,0.0,12.39,0.65,1,On,1226.44,972.81
1789544160000000000,2026-09-16T07:36:00Z,controller 1,2.041,6.068,0.09,578.67,0.0,11.56,0.78,2,On,1271.89,974.06
1789544220000000000,2026-09-16T07:37:00Z,controller 1,2.081,6.046,0.08,502.13,0.0,13.24,0.6,1,On,1309.49,972.96
1789544280000000000,2026-09-16T07:38:00Z,controller 1,2.039,5.968,0.08,87.53,0.0,13.36,0.6,1,On,1082.19,321.48
1789544340000000000,2026-09-16T07:39:00Z,controller 1,2.038,6.012,0.09,406.16,0.0,13.69,0.66,2,On,1067.27,304.79
1789544400000000000,2026-09-16T07:40:00Z,controller 1,2.014,6.004,0.1,79.25,0.0,13.39,0.75,2,On,1078.28,331.89
1789544460000000000,2026-09-16T07:41:00Z,controller 1,2.029,5.982,0.1,246.38,0.0,12.66,0.79,3,On,1066.86,323.86
1789544520000000000,2026-09-16T07:42:00Z,controller 1,2.069,6.128,0.09,190.91,0.0,11.97,0.75,2,On,1091.66,319.52
1789544580000000000,2026-09-16T07:43:00Z,controller 1,2.117,6.147,0.09,527.35,0.0,12.9,0.7,1,On,1098.93,313.77
1789544640000000000,2026-09-16T07:44:00Z,controller 1,2.064,6.152,0.08,478.82,0.0,13.66,0.59,2,On,1091.46,332.44
1789544700000000000,2026-09-16T07:45:00Z,controller 1,2.126,6.171,0.09,134.94,0.0,15.02,0.6,1,On,1043.41,316.84
1789544760000000000,2026-09-16T07:46:00Z,controller 1,2.145,6.276,0.08,89.52,0.0,15.2,0.53,2,On,1057.18,290.94
1789544820000000000,2026-09-16T07:47:00Z,controller 1,2.027,6.339,0.09,532.93,0.0,13.39,0.67,2,On,1018.22,866.67
1789544880000000000,2026-09-16T07:48:00Z,controller 1,1.99,6.276,0.08,472.72,0.0,13.43,0.6,3,On,601.54,934.17
1789544940000000000,2026-09-16T07:49:00Z,controller 1,2.029,6.327,0.09,180.5,0.0,12.54,0.72,3,On,643.67,928.23
1789545000000000000,2026-09-16T07:50:00Z,controller 1,1.985,6.331,0.08,70.61,0.0,13.03,0.61,3,On,636.71,915.9
1789545060000000000,2026-09-16T07:51:00Z,controller 1,1.961,6.353,0.08,180.63,0.0,12.87,0.62,1,On,653.77,895.38
1789545120000000000,2026-09-16T07:52:00Z,controller 1,1.976,6.4,0.09,106.7,0.0,11.32,0.8,1,On,777.54,936.01
1789545180000000000,2026-09-16T07:53:00Z,controller 1,2.046,6.482,0.09,66.01,0.0,14.77,0.61,2,On,812.22,927.43
1789545240000000000,2026-09-16T07:54:00Z,controller 1,2.009,6.443,0.09,368.47,0.0,12.45,0.72,1,On,769.21,944.82
1789545300000000000,2026-09-16T07:55:00Z,controller 1,2.062,6.446,0.1,293.2,0.0,12.79,0.78,1,On,808.16,925.16
1789545360000000000,2026-09-16T07:56:00Z,controller 1,2.062,6.527,0.1,225.79,0.0,12.79,0.78,3,On,780.08,949.45
1789545420000000000,2026-09-16T07:57:00Z,controller 1,2.145,6.402,0.1,494.91,0.0,13.61,0.73,1,On,822.15,923.14
1789545480000000000,2026-09-16T07:58:00Z,controller 1,2.062,6.391,0.1,452.8,0.0,12.78,0.78,2,On,789.92,933.96
1789545540000000000,2026-09-16T07:59:00Z,controller 1,2.079,6.528,0.1,513.5,0.0,15.19,0.66,2,On,740.52,922.95
1789545600000000000,2026-09-16T08:00:00Z,controller 1,2.063,6.548,0.1,320.61,0.0,14.22,0.7,1,On,754.47,897.02
1789545660000000000,2026-09-16T08:01:00Z,controller 1,2.052,6.556,0.11,94.77,0.0,12.9,0.85,3,On,746.43,905.62
1789545720000000000,2026-09-16T08:02:00Z,controller 1,1.969,6.428,0.11,385.71,0.0,12.4,0.89,1,On,748.55,894.78
1789545780000000000,2026-09-16T08:03:00Z,controller 1,1.967,6.491,0.11,516.72,0.0,11.89,0.93,1,On,783.85,924.08
1789545840000000000,2026-09-16T08:04:00Z,controller 1,2.05,6.486,0.1,456.77,0.0,12.72,0.79,3,On,808.81,940.69
1789545900000000000,2026-09-16T08:05:00Z,controller 1,2.039,6.449,0.09,360.38,0.0,13.3,0.68,2,On,826.26,948.17
1789545960000000000,2026-09-16T08:06:00Z,controller 1,1.883,6.35,0.1,553.35,0.0,11.8,0.85,3,On,852.65,926.98
1789546020000000000,2026-09-16T08:07:00Z,controller 1,1.863,6.327,0.09,158.91,0.0,11.76,0.77,2,On,887.13,952.84
1789546080000000000,2026-09-16T08:08:00Z,controller 1,1.779,6.439,0.09,382.86,0.0,9.57,0.94,1,On,1093.67,911.56
1789546140000000000,2026-09-16T08:09:00Z,controller 1,1.77,6.416,0.09,308.63,0.0,10.01,0.9,3,Starting,1071.82,932.77
1789546200000000000,2026-09-16T08:10:00Z,controller 1,1.803,6.469,0.1,22.44,0.0,10.01,1.0,1,Starting,1065.53,915.81
1789546260000000000,2026-09-16T08:11:00Z,controller 1,1.833,6.386,0.09,134.3,0.0,11.55,0.78,1,Starting,1090.07,893.11
1789546320000000000,2026-09-16T08:12:00Z,controller 1,1.795,6.385,0.09,144.11,0.0,9.46,0.95,2,Starting,1128.77,915.82
1789546380000000000,2026-09-16T08:13:00Z,controller 1,1.793,6.379,0.09,181.48,0.0,11.23,0.8,2,Starting,1129.63,936.69
1789546440000000000,2026-09-16T08:14:00Z,controller 1,1.836,6.294,0.08,541.57,0.0,10.44,0.77,1,Starting,1106.36,927.57
1789546500000000000,2026-09-16T08:15:00Z,controller 1,1.926,6.236,0.08,468.35,0.0,10.49,0.76,3,Starting,1061.8,938.43
1789546560000000000,2026-09-16T08:16:00Z,controller 1,1.848,6.286,0.08,52.82,0.0,11.29,0.71,1,Starting,1100.09,933.17
1789546620000000000,2026-09-16T08:17:00Z,controller 1,1.91,6.191,0.08,482.29,0.0,12.06,0.66,2,Starting,1121.69,945.54
1789546680000000000,2026-09-16T08:18:00Z,controller 1,1.87,6.241,0.08,207.23,0.0,10.79,0.74,1,Starting,1147.62,920.21
1789546740000000000,2026-09-16T08:19:00Z,controller 1,1.881,6.248,0.08,108.44,0.0,11.62,0.69,3,Starting,1170.28,910.53
1789546800000000000,2026-09-16T08:20:00Z,controller 1,1.958,6.144,0.08,568.29,0.0,11.89,0.67,1,Starting,1192.65,903.35
1789546860000000000,2026-09-16T08:21:00Z,controller 1,1.855,6.08,0.08,13.0,0.0,11.47,0.7,3,Starting,1239.72,923.64
1789546920000000000,2026-09-16T08:22:00Z,controller 1,1.789,6.066,0.09,565.28,0.0,8.94,1.01,2,Starting,1281.27,904.25
1789546980000000000,2026-09-16T08:23:00Z,controller 1,1.769,5.993,0.09,36.88,0.0,8.93,1.01,2,Starting,1319.49,891.97
1789547040000000000,2026-09-16T08:24:00Z,controller 1,1.729,5.977,0.09,74.25,0.0,8.53,1.06,3,Starting,1278.37,914.04
1789547100000000000,2026-09-16T08:25:00Z,controller 1,1.73,5.955,0.1,419.49,0.0,8.34,1.2,2,Starting,1240.91,929.58
1789547160000000000,2026-09-16T08:26:00Z,controller 1,1.729,5.851,0.1,114.95,0.0,8.19,1.22,2,Starting,1244.28,926.52
1789547220000000000,2026-09-16T08:27:00Z,controller 1,1.679,5.852,0.1,433.29,0.0,7.52,1.33,2,Starting,1245.57,941.26
1789547280000000000,2026-09-16T08:28:00Z,controller 1,1.688,5.839,0.11,304.25,0.0,7.96,1.38,1,Starting,1244.57,941.36
1789547340000000000,2026-09-16T08:29:00Z,controller 1,1.756,5.794,0.11,53.85,0.0,8.99,1.22,2,Starting,1225.67,936.67
1789547400000000000,2026-09-16T08:30:00Z,controller 1,1.737,5.76,0.11,397.08,0.0,9.01,1.22,1,Starting,726.71,638.48
1789547460000000000,2026-09-16T08:31:00Z,controller 1,1.699,5.831,0.12,343.39,0.0,7.6,1.58,3,Starting,739.32,609.7
1789547520000000000,2026-09-16T08:32:00Z,controller 1,1.59,5.86,0.11,236.0,0.0,6.9,1.59,3,Starting,748.61,591.48
1789547580000000000,2026-09-16T08:33:00Z,controller 1,1.587,5.859,0.12,73.96,0.0,7.97,1.51,2,Starting,796.71,609.8
1789547640000000000,2026-09-16T08:34:00Z,controller 1,1.657,5.837,0.11,48.2,0.0,7.94,1.39,1,Starting,805.26,595.51
1789547700000000000,2026-09-16T08:35:00Z,controller 1,1.635,5.692,0.11,79.86,0.0,7.78,1.41,3,Starting,760.08,584.63
1789547760000000000,2026-09-16T08:36:00Z,controller 1,1.707,5.618,0.11,436.94,0.0,8.43,1.3,3,Starting,1431.91,363.82
1789547820000000000,2026-09-16T08:37:00Z,controller 1,1.745,5.688,0.12,211.41,0.0,8.75,1.37,2,Starting,1423.57,356.71
1789547880000000000,2026-09-16T08:38:00Z,controller 1,1.74,5.647,0.13,246.58,0.0,9.09,1.43,2,Starting,1449.79,367.77
1789547940000000000,2026-09-16T08:39:00Z,controller 1,1.707,5.698,0.12,240.49,0.0,7.85,1.53,2,Starting,1488.05,390.99
1789548000000000000,2026-09-16T08:40:00Z,controller 1,1.756,5.701,0.11,598.59,0.0,7.93,1.39,1,Starting,1490.94,410.07
1789548060000000000,2026-09-16T08:41:00Z,controller 1,1.754,5.65,0.11,282.91,0.0,8.75,1.26,2,Starting,1444.99,390.66
1789548120000000000,2026-09-16T08:42:00Z,controller 1,1.712,5.563,0.12,127.51,0.0,8.72,1.38,3,Starting,1484.3,411.45
1789548180000000000,2026-09-16T08:43:00Z,controller 1,1.754,5.603,0.11,139.17,0.0,8.21,1.34,1,Starting,1452.45,436.89
1789548240000000000,2026-09-16T08:44:00Z,controller 1,1.781,5.657,0.1,505.21,0.0,8.78,1.14,2,Starting,1495.48,447.29
1789548300000000000,2026-09-16T08:45:00Z,controller 1,1.781,5.623,0.11,291.98,0.0,8.87,1.24,1,Starting,1468.74,444.96
1789548360000000000,2026-09-16T08:46:00Z,controller 1,1.727,5.599,0.12,544.41,0.0,8.11,1.48,3,Starting,1500.0,450.23
1789548420000000000,2026-09-16T08:47:00Z,controller 1,1.739,5.605,0.11,546.17,0.0,8.0,1.38,1,Starting,1500.0,473.77
1789548480000000000,2026-09-16T08:48:00Z,controller 1,1.666,5.609,0.1,461.26,0.0,8.01,1.25,1,Starting,1500.0,446.34
1789548540000000000,2026-09-16T08:49:00Z,controller 1,1.69,5.616,0.09,391.77,0.0,8.75,1.03,2,Starting,1500.0,459.18
1789548600000000000,2026-09-16T08:50:00Z,controller 1,1.696,5.624,0.09,461.39,0.0,8.47,1.06,2,Starting,1500.0,450.46
1789548660000000000,2026-09-16T08:51:00Z,controller 1,1.725,5.728,0.09,61.31,0.0,7.81,1.15,2,Starting,1500.0,468.64
1789548720000000000,2026-09-16T08:52:00Z,controller 1,1.666,5.765,0.09,138.35,0.0,8.01,1.12,2,Starting,1500.0,457.45
1789548780000000000,2026-09-16T08:53:00Z,controller 1,1.677,5.672,0.08,19.19,0.0,7.58,1.06,1,Starting,1500.0,441.71
1789548840000000000,2026-09-16T08:54:00Z,controller 1,1.74,5.535,0.08,304.98,0.0,8.3,0.96,1,Starting,1500.0,447.92
1789548900000000000,2026-09-16T08:55:00Z,controller 1,1.778,5.571,0.08,456.01,0.0,8.69,0.92,1,Starting,1500.0,428.5
1789548960000000000,2026-09-16T08:56:00Z,controller 1,1.738,5.618,0.08,193.19,0.0,9.33,0.86,1,Starting,1500.0,426.3
1789549020000000000,2026-09-16T08:57:00Z,controller 1,1.685,5.622,0.08,370.43,0.0,7.89,1.01,3,Starting,1500.0,422.49
1789549080000000000,2026-09-16T08:58:00Z,controller 1,1.699,5.661,0.09,70.28,0.0,8.34,1.08,1,Starting,1500.0,413.5
1789549140000000000,2026-09-16T08:59:00Z,controller 1,1.748,5.763,0.09,336.08,0.0,9.5,0.95,2,Starting,1496.49,425.53
1789549200000000000,2026-09-16T09:00:00Z,controller 1,1.777,5.831,0.09,443.35,0.0,8.98,1.0,3,Starting,1500.0,406.63
1789549260000000000,2026-09-16T09:01:00Z,controller 1,1.756,5.819,0.09,373.26,0.0,8.14,1.11,2,Starting,1500.0,426.99
1789549320000000000,2026-09-16T09:02:00Z,controller 1,1.829,5.79,0.08,148.14,0.0,10.53,0.76,1,Starting,1500.0,456.61
1789549380000000000,2026-09-16T09:03:00Z,controller 1,1.743,5.757,0.08,426.75,0.0,7.91,1.01,1,Starting,1500.0,474.37
1789549440000000000,2026-09-16T09:04:00Z,controller 1,1.8,5.77,0.08,4.56,0.0,8.72,0.92,3,Starting,1500.0,447.85
1789549500000000000,2026-09-16T09:05:00Z,controller 1,1.742,5.871,0.08,346.81,0.0,8.52,0.94,2,Starting,1500.0,462.79
1789549560000000000,2026-09-16T09:06:00Z,controller 1,1.727,5.904,0.08,191.16,0.0,8.54,0.94,3,Starting,1500.0,447.74
1789549620000000000,2026-09-16T09:07:00Z,controller 1,1.68,5.941,0.08,292.95,0.0,7.96,1.01,1,Starting,1500.0,438.79
1789549680000000000,2026-09-16T09:08:00Z,controller 1,1.691,6.039,0.09,528.54,0.0,9.04,1.0,1,Starting,1500.0,454.77
1789549740000000000,2026-09-16T09:09:00Z,controller 1,1.679,6.027,0.09,444.66,0.0,8.71,1.03,3,Starting,1500.0,453.97
1789549800000000000,2026-09-16T09:10:00Z,controller 1,1.691,6.109,0.08,309.87,0.0,8.98,0.89,3,Starting,1500.0,483.6
1789549860000000000,2026-09-16T09:11:00Z,controller 1,1.636,6.037,0.08,274.25,0.0,8.01,1.0,3,Starting,1500.0,506.42
1789549920000000000,2026-09-16T09:12:00Z,controller 1,1.584,5.994,0.08,520.08,0.0,7.02,1.14,1,Starting,1500.0,497.78
1789549980000000000,2026-09-16T09:13:00Z,controller 1,1.669,6.043,0.08,2.6,0.0,8.8,0.91,2,Starting,1500.0,509.84
1789550040000000000,2026-09-16T09:14:00Z,controller 1,1.613,5.999,0.08,406.8,0.0,7.63,1.05,3,Starting,1500.0,538.73
1789550100000000000,2026-09-16T09:15:00Z,controller 1,1.55,6.054,0.07,65.39,0.0,7.19,0.97,2,Starting,1500.0,549.62
1789550160000000000,2026-09-16T09:16:00Z,controller 1,1.521,5.976,0.07,427.85,0.0,6.28,1.11,2,Starting,1500.0,531.43
1789550220000000000,2026-09-16T09:17:00Z,controller 1,1.507,5.926,0.07,322.94,0.0,6.57,1.07,2,Starting,1500.0,532.45
1789550280000000000,2026-09-16T09:18:00Z,controller 1,1.469,5.97,0.07,363.91,0.0,6.59,1.06,3,Starting,1500.0,524.59
1789550340000000000,2026-09-16T09:19:00Z,controller 1,1.45,5.902,0.07,483.79,0.0,6.27,1.12,3,Starting,1500.0,536.93
1789550400000000000,2026-09-16T09:20:00Z,controller 1,1.401,5.959,0.06,473.55,0.0,5.79,1.04,3,Starting,1500.0,552.99
1789550460000000000,2026-09-16T09:21:00Z,controller 1,1.409,6.006,0.06,111.11,0.0,5.77,1.04,3,Starting,1500.0,572.14
1789550520000000000,2026-09-16T09:22:00Z,controller 1,1.396,5.994,0.06,598.31,0.0,6.03,1.0,3,Starting,1500.0,592.23
1789550580000000000,2026-09-16T09:23:00Z,controller 1,1.435,5.972,0.07,478.06,0.0,6.58,1.06,3,Starting,1500.0,587.34
1789550640000000000,2026-09-16T09:24:00Z,controller 1,1.501,5.926,0.06,259.98,0.0,6.16,0.97,3,Starting,1500.0,589.06
1789550700000000000,2026-09-16T09:25:00Z,controller 1,1.485,5.927,0.06,409.56,0.0,5.99,1.0,1,Starting,1500.0,609.8
1789550760000000000,2026-09-16T09:26:00Z,controller 1,1.466,5.931,0.06,382.78,0.0,6.17,0.97,2,Starting,1500.0,590.4
1789550820000000000,2026-09-16T09:27:00Z,controller 1,1.424,5.949,0.06,88.62,0.0,5.68,1.06,3,Starting,1500.0,604.64
1789550880000000000,2026-09-16T09:28:00Z,controller 1,1.417,5.908,0.06,205.58,0.0,5.99,1.0,3,Starting,1500.0,581.85
1789550940000000000,2026-09-16T09:29:00Z,controller 1,1.394,5.974,0.06,33.51,0.0,5.44,1.1,2,Off,1500.0,570.73
1789551000000000000,2026-09-16T09:30:00Z,controller 1,1.357,6.027,0.06,161.1,0.0,5.2,1.15,2,Off,1500.0,575.07
1789551060000000000,2026-09-16T09:31:00Z,controller 1,1.359,6.01,0.06,151.04,0.0,5.31,1.13,2,Off,1500.0,569.41
1789551120000000000,2026-09-16T09:32:00Z,controller 1,1.409,5.958,0.06,543.02,0.0,6.14,0.98,1,Off,1500.0,594.95
1789551180000000000,2026-09-16T09:33:00Z,controller 1,1.383,5.954,0.06,409.33,0.0,5.58,1.08,2,Off,1500.0,616.71
1789551240000000000,2026-09-16T09:34:00Z,controller 1,1.32,6.051,0.06,88.19,0.0,5.07,1.18,2,Off,1482.7,624.6
1789551300000000000,2026-09-16T09:35:00Z,controller 1,1.304,6.07,0.05,451.21,0.0,5.27,0.95,3,Off,1500.0,619.34
1789551360000000000,2026-09-16T09:36:00Z,controller 1,1.326,5.999,0.05,230.84,0.0,4.82,1.04,3,Off,1436.35,911.54
1789551420000000000,2026-09-16T09:37:00Z,controller 1,1.348,5.915,0.05,477.05,0.0,5.13,0.97,3,Off,1457.76,881.88
1789551480000000000,2026-09-16T09:38:00Z,controller 1,1.361,5.86,0.06,375.6,0.0,5.08,1.18,2,Off,1447.42,866.13
1789551540000000000,2026-09-16T09:39:00Z,controller 1,1.421,5.765,0.06,53.92,0.0,5.31,1.13,1,Off,1420.7,851.55
1789551600000000000,2026-09-16T09:40:00Z,controller 1,1.416,5.675,0.06,414.38,0.0,6.16,0.97,1,Off,1409.39,832.58
1789551660000000000,2026-09-16T09:41:00Z,controller 1,1.45,5.665,0.06,377.22,0.0,6.28,0.96,3,Off,1412.07,805.43
1789551720000000000,2026-09-16T09:42:00Z,controller 1,1.456,5.608,0.06,231.31,0.0,6.48,0.93,3,Off,1454.75,776.16
1789551780000000000,2026-09-16T09:43:00Z,controller 1,1.467,5.597,0.06,35.2,0.0,5.98,1.0,1,Off,1488.51,804.3
1789551840000000000,2026-09-16T09:44:00Z,controller 1,1.462,5.642,0.06,403.26,0.0,5.87,1.02,1,Off,1500.0,792.55
1789551900000000000,2026-09-16T09:45:00Z,controller 1,1.523,5.571,0.06,203.97,0.0,6.23,0.96,2,Off,1470.87,802.94
1789551960000000000,2026-09-16T09:46:00Z,controller 1,1.532,5.61,0.07,41.24,0.0,6.2,1.13,2,Off,1496.87,780.67
1789552020000000000,2026-09-16T09:47:00Z,controller 1,1.506,5.674,0.07,492.28,0.0,6.8,1.03,1,Off,1478.75,800.07
1789552080000000000,2026-09-16T09:48:00Z,controller 1,1.537,5.787,0.06,391.3,0.0,6.58,0.91,1,Off,1464.48,799.21
1789552140000000000,2026-09-16T09:49:00Z,controller 1,1.53,5.764,0.06,535.94,0.0,6.47,0.93,1,Off,1444.76,828.64
1789552200000000000,2026-09-16T09:50:00Z,controller 1,1.583,5.732,0.06,122.44,0.0,7.82,0.77,1,Off,1424.31,844.28
1789552260000000000,2026-09-16T09:51:00Z,controller 1,1.538,5.734,0.06,186.91,0.0,6.82,0.88,2,Off,878.45,923.26
1789552320000000000,2026-09-16T09:52:00Z,controller 1,1.562,5.737,0.05,399.67,0.0,6.95,0.72,3,Off,907.98,910.04
1789552380000000000,2026-09-16T09:53:00Z,controller 1,1.584,5.853,0.05,389.74,0.0,6.7,0.75,2,Off,898.83,897.51
1789552440000000000,2026-09-16T09:54:00Z,controller 1,1.574,5.858,0.05,449.53,0.0,7.77,0.64,2,Off,943.34,868.22
1789552500000000000,2026-09-16T09:55:00Z,controller 1,1.606,5.822,0.05,358.4,0.0,7.81,0.64,1,Off,984.06,846.64
1789552560000000000,2026-09-16T09:56:00Z,controller 1,1.596,5.786,0.05,415.16,0.0,7.96,0.63,2,Off,969.62,871.5
1789552620000000000,2026-09-16T09:57:00Z,controller 1,1.588,5.876,0.04,447.84,0.0,7.82,0.51,3,Off,933.11,894.59
1789552680000000000,2026-09-16T09:58:00Z,controller 1,1.567,5.885,0.04,490.22,0.0,6.78,0.59,1,Off,920.33,890.89
1789552740000000000,2026-09-16T09:59:00Z,controller 1,1.537,5.79,0.04,118.75,0.0,7.17,0.56,1,Off,963.45,878.45
1789552800000000000,2026-09-16T10:00:00Z,controller 1,1.523,5.768,0.04,75.42,0.0,6.69,0.6,1,Off,940.79,856.21
1789552860000000000,2026-09-16T10:01:00Z,controller 1,1.535,5.881,0.04,547.52,0.0,7.22,0.55,3,Off,924.8,844.05
1789552920000000000,2026-09-16T10:02:00Z,controller 1,1.489,5.944,0.04,572.53,0.0,6.39,0.63,3,Off,883.26,868.61
1789552980000000000,2026-09-16T10:03:00Z,controller 1,1.453,5.997,0.04,24.39,0.0,6.03,0.66,3,Off,1018.91,869.34
1789553040000000000,2026-09-16T10:04:00Z,controller 1,1.388,5.948,0.04,470.95,0.0,5.52,0.72,3,Off,1010.6,890.55
1789553100000000000,2026-09-16T10:05:00Z,controller 1,1.388,6.007,0.04,552.39,0.0,5.92,0.68,3,Off,1042.41,902.14
1789553160000000000,2026-09-16T10:06:00Z,controller 1,1.385,5.913,0.04,275.03,0.0,5.81,0.69,3,Off,1010.12,903.72
1789553220000000000,2026-09-16T10:07:00Z,controller 1,1.381,5.845,0.04,107.6,0.0,5.42,0.74,1,Off,960.5,904.59
1789553280000000000,2026-09-16T10:08:00Z,controller 1,1.433,5.893,0.04,412.07,0.0,5.92,0.68,1,Off,1009.78,894.99
1789553340000000000,2026-09-16T10:09:00Z,controller 1,1.505,5.878,0.04,369.02,0.0,6.43,0.62,2,Off,975.09,872.21
1789553400000000000,2026-09-16T10:10:00Z,controller 1,1.52,5.938,0.04,263.75,0.0,6.99,0.57,3,Off,1009.71,864.9
1789553460000000000,2026-09-16T10:11:00Z,controller 1,1.549,5.812,0.04,87.47,0.0,6.75,0.59,1,Off,1036.9,860.7
1789553520000000000,2026-09-16T10:12:00Z,controller 1,1.607,5.776,0.04,478.09,0.0,6.96,0.57,3,Off,1049.37,875.69
1789553580000000000,2026-09-16T10:13:00Z,controller 1,1.575,5.727,0.04,1.82,0.0,6.63,0.6,1,Off,1044.18,855.77
1789553640000000000,2026-09-16T10:14:00Z,controller 1,1.557,5.721,0.04,11.42,0.0,7.34,0.54,3,Off,1038.22,828.81
1789553700000000000,2026-09-16T10:15:00Z,controller 1,1.601,5.716,0.04,476.86,0.0,7.55,0.53,1,Off,1060.66,813.07
1789553760000000000,2026-09-16T10:16:00Z,controller 1,1.634,5.739,0.04,362.79,0.0,7.64,0.52,1,Off,1026.86,816.39
1789553820000000000,2026-09-16T10:17:00Z,controller 1,1.602,5.801,0.04,97.55,0.0,7.23,0.55,2,Off,1016.53,827.74
1789553880000000000,2026-09-16T10:18:00Z,controller 1,1.578,5.75,0.04,300.45,0.0,7.43,0.54,2,Off,1021.95,799.76
1789553940000000000,2026-09-16T10:19:00Z,controller 1,1.563,5.696,0.04,465.52,0.0,7.07,0.57,1,Off,1063.38,774.75
1789554000000000000,2026-09-16T10:20:00Z,controller 1,1.598,5.567,0.04,462.32,0.0,6.57,0.61,3,Off,1064.65,782.81
1789554060000000000,2026-09-16T10:21:00Z,controller 1,1.586,5.629,0.03,63.72,0.0,7.08,0.42,3,Off,1030.18,786.12
1789554120000000000,2026-09-16T10:22:00Z,controller 1,1.583,5.684,0.04,317.25,0.0,7.74,0.52,2,Off,1013.8,762.93
1789554180000000000,2026-09-16T10:23:00Z,controller 1,1.557,5.605,0.04,190.34,0.0,6.99,0.57,1,Off,993.43,763.38
1789554240000000000,2026-09-16T10:24:00Z,controller 1,1.574,5.724,0.04,305.86,0.0,7.48,0.53,2,Off,971.92,752.77
1789554300000000000,2026-09-16T10:25:00Z,controller 1,1.55,5.578,0.04,368.67,0.0,6.12,0.65,3,Off,966.34,755.02
1789554360000000000,2026-09-16T10:26:00Z,controller 1,1.601,5.556,0.03,99.49,0.0,7.63,0.39,2,Off,989.31,733.64
1789554420000000000,2026-09-16T10:27:00Z,controller 1,1.589,5.574,0.03,10.21,0.0,6.84,0.44,2,Off,1019.6,728.48
1789554480000000000,2026-09-16T10:28:00Z,controller 1,1.624,5.581,0.03,532.8,0.0,7.97,0.38,1,Off,1063.59,701.61
1789554540000000000,2026-09-16T10:29:00Z,controller 1,1.649,5.62,0.03,356.78,0.0,7.45,0.4,2,Off,1036.46,726.9
1789554600000000000,2026-09-16T10:30:00Z,controller 1,1.67,5.492,0.03,359.02,0.0,7.04,0.43,2,Off,1127.52,332.56
1789554660000000000,2026-09-16T10:31:00Z,controller 1,1.654,5.524,0.03,5.16,0.0,7.24,0.41,3,Off,1141.57,327.01
1789554720000000000,2026-09-16T10:32:00Z,controller 1,1.636,5.448,0.03,296.81,0.0,6.58,0.46,2,Off,1117.65,320.7
1789554780000000000,2026-09-16T10:33:00Z,controller 1,1.649,5.419,0.03,587.93,0.0,6.75,0.44,2,Off,1115.17,339.75
1789554840000000000,2026-09-16T10:34:00Z,controller 1,1.609,5.393,0.04,477.11,0.0,7.4,0.54,1,Off,1151.47,320.14
1789554900000000000,2026-09-16T10:35:00Z,controller 1,1.627,5.399,0.03,452.78,0.0,6.52,0.46,2,Off,1132.04,334.61
1789554960000000000,2026-09-16T10:36:00Z,controller 1,1.608,5.371,0.03,569.16,0.0,6.9,0.43,2,Off,1168.66,363.83
1789555020000000000,2026-09-16T10:37:00Z,controller 1,1.629,5.43,0.03,228.67,0.0,7.83,0.38,3,Off,1153.94,351.37
1789555080000000000,2026-09-16T10:38:00Z,controller 1,1.62,5.439,0.04,387.81,0.0,7.24,0.55,3,Off,1105.9,331.69
1789555140000000000,2026-09-16T10:39:00Z,free response,1.563,5.404,137.62,77.95,0.0,6.32,2177.53,3,Off,1142.33,330.54
1789555200000000000,2026-09-16T10:40:00Z,free response,1.641,5.432,137.0,562.87,0.0,7.63,1795.54,1,Off,1139.57,311.25
1789555260000000000,2026-09-16T10:41:00Z,free response,1.615,5.411,131.76,469.29,0.0,6.63,1987.33,2,Off,1100.9,307.69
1789555320000000000,2026-09-16T10:42:00Z,free response,1.567,5.483,122.07,500.76,0.0,6.85,1782.04,2,Off,1118.44,284.99
1789555380000000000,2026-09-16T10:43:00Z,free response,1.632,5.477,115.61,356.54,0.0,6.75,1712.74,1,Off,1078.71,277.14
1789555440000000000,2026-09-16T10:44:00Z,free response,1.654,5.527,120.01,417.09,0.0,7.29,1646.23,1,Off,1086.29,269.56
1789555500000000000,2026-09-16T10:45:00Z,free response,1.641,5.493,109.63,22.22,0.0,7.08,1548.45,3,Off,1108.97,258.94
1789555560000000000,2026-09-16T10:46:00Z,free response,1.646,5.485,118.68,253.32,0.0,7.75,1531.35,1,Off,1111.98,240.75
1789555620000000000,2026-09-16T10:47:00Z,free response,1.632,5.471,111.11,263.52,0.0,6.95,1598.71,1,Off,1121.14,263.89
1789555680000000000,2026-09-16T10:48:00Z,free response,1.608,5.525,116.07,547.08,0.0,6.9,1682.17,1,Off,1148.13,262.91
1789555740000000000,2026-09-16T10:49:00Z,free response,1.597,5.477,104.87,127.57,0.0,6.48,1618.36,1,Off,1192.28,291.75
1789555800000000000,2026-09-16T10:50:00Z,free response,1.601,5.499,95.79,408.68,0.0,7.01,1366.48,3,Off,1163.81,265.12
1789555860000000000,2026-09-16T10:51:00Z,free response,1.585,5.476,105.28,114.23,0.0,7.07,1489.11,3,Off,1140.6,268.15
1789555920000000000,2026-09-16T10:52:00Z,free response,1.596,5.524,101.46,288.37,0.0,7.17,1415.06,2,Off,1091.64,251.85
1789555980000000000,2026-09-16T10:53:00Z,free response,1.59,5.461,99.4,543.1,0.0,6.85,1451.09,3,Off,1053.17,227.2
1789556040000000000,2026-09-16T10:54:00Z,free response,1.605,5.476,99.53,571.51,0.0,6.78,1467.99,3,Off,1035.53,216.53
1789556100000000000,2026-09-16T10:55:00Z,free response,1.582,5.494,90.39,137.38,0.0,6.47,1397.06,3,Off,1055.26,188.94
1789556160000000000,2026-09-16T10:56:00Z,free response,1.54,5.518,86.06,505.2,0.0,6.98,1232.95,2,Off,1061.98,176.5
1789556220000000000,2026-09-16T10:57:00Z,free response,1.531,5.489,83.71,396.33,0.0,6.46,1295.82,1,Off,1033.53,160.96
1789556280000000000,2026-09-16T10:58:00Z,free response,1.488,5.504,87.25,326.32,0.0,5.84,1494.01,2,Off,1011.6,140.24
1789556340000000000,2026-09-16T10:59:00Z,free response,1.458,5.446,88.09,175.34,0.0,6.16,1430.03,3,Off,1016.05,137.78
1789556400000000000,2026-09-16T11:00:00Z,free response,1.446,5.483,87.14,540.91,0.0,5.62,1550.53,2,Off,1150.74,932.66
1789556460000000000,2026-09-16T11:01:00Z,free response,1.413,5.43,91.91,367.39,0.0,4.95,1856.77,2,Off,1125.32,930.99
1789556520000000000,2026-09-16T11:02:00Z,free response,1.416,5.353,84.01,568.3,0.0,5.2,1615.58,2,Off,1139.84,935.39
1789556580000000000,2026-09-16T11:03:00Z,free response,1.421,5.348,84.66,434.11,0.0,5.91,1432.49,3,Off,1101.92,928.8
1789556640000000000,2026-09-16T11:04:00Z,free response,1.398,5.412,89.0,196.53,0.0,4.97,1790.74,3,Off,1066.97,923.98
1789556700000000000,2026-09-16T11:05:00Z,free response,1.326,5.365,81.13,270.02,0.0,4.3,1886.74,2,Off,1060.31,944.9
1789556760000000000,2026-09-16T11:06:00Z,free response,1.326,5.367,79.24,591.65,0.0,4.93,1607.3,3,Off,1103.19,931.79
1789556820000000000,2026-09-16T11:07:00Z,free response,1.331,5.402,84.12,552.25,0.0,5.0,1682.4,3,Off,1122.69,943.85
1789556880000000000,2026-09-16T11:08:00Z,free response,1.31,5.426,84.07,357.71,0.0,4.86,1729.84,3,Off,1147.55,932.07
1789556940000000000,2026-09-16T11:09:00Z,free response,1.301,5.433,85.49,155.47,0.0,4.67,1830.62,1,Off,1193.84,956.6
1789557000000000000,2026-09-16T11:10:00Z,free response,1.305,5.351,82.28,209.06,0.0,4.76,1728.57,3,Off,1213.76,972.38
1789557060000000000,2026-09-16T11:11:00Z,free response,1.24,5.397,82.17,308.31,0.0,4.51,1821.95,3,Off,1214.28,956.44
1789557120000000000,2026-09-16T11:12:00Z,free response,1.227,5.346,83.06,462.66,0.0,4.08,2035.78,3,Off,1215.3,927.4
1789557180000000000,2026-09-16T11:13:00Z,free response,1.274,5.323,78.28,328.07,0.0,4.45,1759.1,1,Off,1186.18,943.04
1789557240000000000,2026-09-16T11:14:00Z,free response,1.307,5.205,80.33,28.23,0.0,4.58,1753.93,2,Off,1157.43,952.19
1789557300000000000,2026-09-16T11:15:00Z,free response,1.342,5.207,80.01,375.74,0.0,4.5,1778.0,2,Off,1130.45,949.57
1789557360000000000,2026-09-16T11:16:00Z,free response,1.318,5.249,83.68,297.67,0.0,4.27,1959.72,2,Off,1085.27,921.74
1789557420000000000,2026-09-16T11:17:00Z,free response,1.325,5.267,80.48,363.21,0.0,4.49,1792.43,2,Off,1073.67,899.84
1789557480000000000,2026-09-16T11:18:00Z,free response,1.31,5.327,79.45,217.89,0.0,4.66,1704.94,1,Off,1030.72,876.83
1789557540000000000,2026-09-16T11:19:00Z,free response,1.305,5.322,80.97,140.45,0.0,4.87,1662.63,1,Off,993.76,864.02
1789557600000000000,2026-09-16T11:20:00Z,free response,1.311,5.337,81.45,127.94,0.0,4.2,1939.29,2,Off,1010.53,884.57
1789557660000000000,2026-09-16T11:21:00Z,free response,1.295,5.412,82.27,62.09,0.0,4.48,1836.38,1,Off,1009.73,899.55
1789557720000000000,2026-09-16T11:22:00Z,free response,1.285,5.374,87.74,38.21,0.0,4.25,2064.47,1,Off,969.24,903.45
1789557780000000000,2026-09-16T11:23:00Z,free response,1.332,5.335,95.25,246.36,0.0,4.96,1920.36,3,Off,977.3,891.35
1789557840000000000,2026-09-16T11:24:00Z,free response,1.289,5.354,99.36,8.16,0.0,4.74,2096.2,3,Off,977.51,916.62
1789557900000000000,2026-09-16T11:25:00Z,free response,1.34,5.382,104.65,457.26,0.0,4.56,2294.96,1,Off,972.16,915.85
1789557960000000000,2026-09-16T11:26:00Z,free response,1.326,5.322,95.12,386.85,0.0,4.29,2217.25,3,Off,955.7,918.7
1789558020000000000,2026-09-16T11:27:00Z,free response,1.327,5.396,89.75,173.15,0.0,4.29,2092.07,3,Off,935.92,924.36
1789558080000000000,2026-09-16T11:28:00Z,free response,1.333,5.469,93.85,375.53,0.0,4.56,2058.11,2,Starting,1023.57,441.07
1789558140000000000,2026-09-16T11:29:00Z,free response,1.349,5.425,92.7,165.23,0.0,4.7,1972.34,1,Starting,1031.27,446.74
1789558200000000000,2026-09-16T11:30:00Z,free response,1.347,5.358,96.36,460.88,0.0,4.74,2032.91,3,Starting,1048.63,458.97
1789558260000000000,2026-09-16T11:31:00Z,free response,1.362,5.368,95.57,430.73,0.0,4.95,1930.71,3,Starting,1335.58,333.95
1789558320000000000,2026-09-16T11:32:00Z,free response,1.371,5.373,103.92,500.83,0.0,5.42,1917.34,2,Starting,1349.16,339.46
1789558380000000000,2026-09-16T11:33:00Z,free response,1.338,5.428,110.58,182.81,0.0,4.72,2342.8,1,Starting,1328.7,345.52
1789558440000000000,2026-09-16T11:34:00Z,free response,1.349,5.379,102.39,298.37,0.0,4.66,2197.21,2,Starting,1308.34,339.17
1789558500000000000,2026-09-16T11:35:00Z,free response,1.418,5.374,110.31,438.41,0.0,5.71,1931.87,2,Starting,1312.65,337.51
1789558560000000000,2026-09-16T11:36:00Z,free response,1.434,5.349,103.15,229.17,0.0,5.57,1851.89,3,Starting,1444.95,606.27
1789558620000000000,2026-09-16T11:37:00Z,free response,1.396,5.434,105.6,288.56,0.0,5.2,2030.77,2,Starting,1463.88,581.33
1789558680000000000,2026-09-16T11:38:00Z,free response,1.431,5.397,114.02,169.33,0.0,5.06,2253.36,2,Starting,1462.87,607.16
1789558740000000000,2026-09-16T11:39:00Z,free response,1.48,5.45,122.89,219.5,0.0,6.5,1890.62,2,Starting,1498.93,625.85
1789558800000000000,2026-09-16T11:40:00Z,free response,1.523,5.422,124.36,135.41,0.0,6.86,1812.83,1,Starting,1473.07,635.33
1789558860000000000,2026-09-16T11:41:00Z,free response,1.536,5.487,130.5,313.57,0.0,6.19,2108.24,2,Starting,1500.0,612.47
1789558920000000000,2026-09-16T11:42:00Z,free response,1.512,5.481,122.39,596.82,0.0,6.09,2009.69,1,Starting,1500.0,603.57
1789558980000000000,2026-09-16T11:43:00Z,free response,1.516,5.492,130.18,569.4,0.0,6.93,1878.5,2,Starting,1481.49,606.16
1789559040000000000,2026-09-16T11:44:00Z,free response,1.469,5.524,119.18,65.31,0.0,5.56,2143.53,1,Starting,1479.68,625.23
1789559100000000000,2026-09-16T11:45:00Z,free response,1.482,5.539,120.74,451.3,0.0,6.56,1840.55,3,Starting,1487.54,622.81
1789559160000000000,2026-09-16T11:46:00Z,free response,1.472,5.587,109.63,452.42,0.0,6.53,1678.87,1,Starting,1474.77,616.4
1789559220000000000,2026-09-16T11:47:00Z,free response,1.496,5.585,103.04,24.48,0.0,6.85,1504.23,3,Starting,1500.0,629.16
1789559280000000000,2026-09-16T11:48:00Z,free response,1.553,5.522,105.61,579.24,0.0,6.66,1585.74,3,Starting,1500.0,652.04
1789559340000000000,2026-09-16T11:49:00Z,free response,1.449,5.553,106.87,246.93,0.0,5.87,1820.61,2,Starting,1500.0,673.3
1789559400000000000,2026-09-16T11:50:00Z,free response,1.452,5.46,102.96,329.92,0.0,5.92,1739.19,3,Starting,1500.0,658.79
1789559460000000000,2026-09-16T11:51:00Z,free response,1.435,5.495,98.67,545.37,0.0,5.59,1765.12,1,Starting,1500.0,663.52
1789559520000000000,2026-09-16T11:52:00Z,free response,1.458,5.578,105.62,137.88,0.0,5.81,1817.9,1,Starting,1492.57,669.41
1789559580000000000,2026-09-16T11:53:00Z,free response,1.494,5.513,96.15,588.14,0.0,5.85,1643.59,1,Starting,1500.0,668.4
1789559640000000000,2026-09-16T11:54:00Z,free response,1.507,5.399,94.34,356.38,0.0,5.6,1684.64,2,Starting,1457.52,647.9
1789559700000000000,2026-09-16T11:55:00Z,free response,1.483,5.332,88.04,241.68,0.0,5.53,1592.04,1,Starting,1427.54,676.1
1789559760000000000,2026-09-16T11:56:00Z,free response,1.504,5.429,96.35,192.24,0.0,5.53,1742.31,2,Starting,1379.17,678.86
1789559820000000000,2026-09-16T11:57:00Z,free response,1.487,5.357,98.31,89.17,0.0,6.27,1567.94,1,Starting,1352.52,707.53
1789559880000000000,2026-09-16T11:58:00Z,free response,1.492,5.281,104.05,277.71,0.0,6.46,1610.68,1,Starting,1335.68,701.2
1789559940000000000,2026-09-16T11:59:00Z,free response,1.502,5.28,104.13,18.74,0.0,6.07,1715.49,1,Starting,1114.34,952.62
1789560000000000000,2026-09-16T12:00:00Z,free response,1.462,5.209,102.81,60.96,0.0,5.21,1973.32,3,Starting,1148.83,927.34
1789560060000000000,2026-09-16T12:01:00Z,free response,1.475,5.201,112.84,43.84,0.0,5.52,2044.2,3,Starting,1139.33,917.82
1789560120000000000,2026-09-16T12:02:00Z,free response,1.454,5.232,101.75,554.5,0.0,5.67,1794.53,1,Starting,1091.45,925.97
1789560180000000000,2026-09-16T12:03:00Z,free response,1.439,5.209,92.11,412.05,0.0,5.67,1624.51,1,Starting,1115.69,899.07
1789560240000000000,2026-09-16T12:04:00Z,free response,1.43,5.22,100.43,566.58,0.0,5.7,1761.93,1,Starting,1069.71,898.35
1789560300000000000,2026-09-16T12:05:00Z,free response,1.415,5.145,91.13,299.71,0.0,4.65,1959.78,1,Starting,1079.18,913.73
1789560360000000000,2026-09-16T12:06:00Z,free response,1.414,5.14,97.17,458.76,0.0,5.08,1912.8,1,Starting,1047.63,908.88
1789560420000000000,2026-09-16T12:07:00Z,free response,1.392,5.163,96.17,489.73,0.0,5.08,1893.11,2,Starting,1060.48,916.04
1789560480000000000,2026-09-16T12:08:00Z,free response,1.487,5.111,99.94,378.6,0.0,5.14,1944.36,1,Starting,1098.3,887.8
1789560540000000000,2026-09-16T12:09:00Z,free response,1.467,5.165,109.27,376.63,0.0,5.37,2034.82,3,Starting,1116.03,901.92
1789560600000000000,2026-09-16T12:10:00Z,free response,1.433,5.228,103.28,513.97,0.0,4.92,2099.19,3,Starting,1101.08,890.96
1789560660000000000,2026-09-16T12:11:00Z,free response,1.453,5.247,95.31,248.09,0.0,5.49,1736.07,3,Starting,1086.52,913.05
1789560720000000000,2026-09-16T12:12:00Z,free response,1.476,5.122,100.81,122.44,0.0,5.37,1877.28,3,Starting,1097.55,920.65
1789560780000000000,2026-09-16T12:13:00Z,free response,1.49,5.207,110.37,76.73,0.0,6.23,1771.59,2,Starting,1126.18,921.25
1789560840000000000,2026-09-16T12:14:00Z,free response,1.485,5.227,120.77,338.94,0.0,5.93,2036.59,3,Starting,1161.96,916.39
1789560900000000000,2026-09-16T12:15:00Z,free response,1.532,5.163,112.79,202.39,0.0,5.71,1975.31,1,Starting,1119.63,892.66
1789560960000000000,2026-09-16T12:16:00Z,free response,1.493,5.166,110.05,552.21,0.0,5.73,1920.59,1,Starting,1110.97,893.03
1789561020000000000,2026-09-16T12:17:00Z,free response,1.487,5.201,106.6,497.15,0.0,6.2,1719.35,1,Starting,1158.79,885.02
1789561080000000000,2026-09-16T12:18:00Z,free response,1.536,5.261,105.37,363.88,0.0,6.16,1710.55,1,Starting,1137.07,880.65
1789561140000000000,2026-09-16T12:19:00Z,free response,1.555,5.136,96.62,480.82,0.0,6.14,1573.62,1,Starting,1090.87,850.73
1789561200000000000,2026-09-16T12:20:00Z,free response,1.594,5.106,97.43,443.36,0.0,5.95,1637.48,1,Starting,1060.16,831.27
1789561260000000000,2026-09-16T12:21:00Z,free response,1.66,5.126,102.11,109.12,0.0,6.63,1540.12,3,Starting,1087.24,829.23
1789561320000000000,2026-09-16T12:22:00Z,free response,1.696,5.081,105.01,370.69,0.0,7.62,1378.08,3,Starting,1126.97,843.41
1789561380000000000,2026-09-16T12:23:00Z,free response,1.707,5.164,94.93,32.32,0.0,7.74,1226.49,1,Starting,1161.55,855.04
1789561440000000000,2026-09-16T12:24:00Z,free response,1.711,5.208,94.36,242.46,0.0,7.48,1261.5,1,Starting,1155.9,832.0
1789561500000000000,2026-09-16T12:25:00Z,free response,1.681,5.226,90.72,552.07,0.0,7.68,1181.25,2,Starting,1116.19,841.1
1789561560000000000,2026-09-16T12:26:00Z,free response,1.636,5.129,90.81,404.26,0.0,6.75,1345.33,3,Starting,1095.2,848.73
1789561620000000000,2026-09-16T12:27:00Z,free response,1.593,5.236,84.34,425.99,0.0,6.73,1253.19,3,Starting,1108.25,832.86
1789561680000000000,2026-09-16T12:28:00Z,free response,1.672,5.305,76.21,376.0,0.0,7.98,955.01,1,Starting,1143.95,849.72
1789561740000000000,2026-09-16T12:29:00Z,free response,1.707,5.307,81.4,63.6,0.0,7.54,1079.58,3,Starting,1176.11,863.21
1789561800000000000,2026-09-16T12:30:00Z,free response,1.662,5.256,89.39,313.45,0.0,7.19,1243.25,1,Starting,1169.87,833.4
1789561860000000000,2026-09-16T12:31:00Z,free response,1.671,5.299,96.23,126.06,0.0,6.84,1406.87,2,Off,1283.17,655.23
1789561920000000000,2026-09-16T12:32:00Z,free response,1.698,5.271,93.73,165.45,0.0,8.33,1125.21,2,Off,1248.32,671.58
1789561980000000000,2026-09-16T12:33:00Z,free response,1.672,5.263,100.35,57.68,0.0,6.78,1480.09,2,Off,1202.09,673.71
1789562040000000000,2026-09-16T12:34:00Z,free response,1.65,5.277,96.94,251.68,0.0,6.51,1489.09,1,Off,1226.58,654.44
1789562100000000000,2026-09-16T12:35:00Z,free response,1.704,5.304,87.85,543.23,0.0,7.32,1200.14,3,Off,1233.16,668.53
1789562160000000000,2026-09-16T12:36:00Z,free response,1.776,5.302,84.34,537.91,0.0,8.54,987.59,3,Off,1195.38,655.79
1789562220000000000,2026-09-16T12:37:00Z,free response,1.774,5.218,78.13,38.05,0.0,8.71,897.01,3,Off,1221.14,640.41
1789562280000000000,2026-09-16T12:38:00Z,free response,1.84,5.199,82.59,95.58,0.0,8.22,1004.74,2,Off,1247.26,611.5
1789562340000000000,2026-09-16T12:39:00Z,free response,1.84,5.158,84.77,152.07,0.0,9.09,932.56,2,Off,1289.64,613.33
1789562400000000000,2026-09-16T12:40:00Z,free response,1.827,5.071,91.96,81.39,0.0,8.88,1035.59,1,Off,1124.13,668.21
1789562460000000000,2026-09-16T12:41:00Z,free response,1.835,5.045,88.41,417.18,0.0,8.8,1004.66,2,Off,1108.19,659.68
1789562520000000000,2026-09-16T12:42:00Z,free response,1.82,5.11,96.02,165.84,0.0,9.13,1051.7,3,Off,1142.15,638.25
1789562580000000000,2026-09-16T12:43:00Z,free response,1.85,5.107,100.2,472.31,0.0,8.69,1153.05,1,Off,1129.88,662.31
1789562640000000000,2026-09-16T12:44:00Z,free response,1.879,5.103,107.83,142.67,0.0,8.12,1327.96,3,Off,1148.95,660.27
1789562700000000000,2026-09-16T12:45:00Z,free response,1.81,5.097,114.99,35.34,0.0,9.12,1260.86,2,Off,1143.0,645.98
1789562760000000000,2026-09-16T12:46:00Z,free response,1.797,5.088,121.96,453.22,0.0,7.45,1637.05,3,Off,1130.82,657.74
1789562820000000000,2026-09-16T12:47:00Z,free response,1.802,5.092,113.12,530.59,0.0,9.07,1247.19,1,Off,1135.52,665.4
1789562880000000000,2026-09-16T12:48:00Z,free response,1.732,5.116,114.34,335.24,0.0,7.53,1518.46,1,Off,1100.65,675.29
1789562940000000000,2026-09-16T12:49:00Z,free response,1.784,5.182,124.09,536.03,0.0,8.2,1513.29,3,Off,1099.48,686.35
1789563000000000000,2026-09-16T12:50:00Z,free response,1.786,5.073,132.57,60.78,0.0,7.52,1762.9,1,Off,1090.46,662.4
1789563060000000000,2026-09-16T12:51:00Z,free response,1.771,5.08,130.34,187.71,0.0,7.71,1690.53,2,Off,1118.19,679.51
1789563120000000000,2026-09-16T12:52:00Z,free response,1.762,5.045,134.89,592.48,0.0,7.54,1788.99,2,Off,1149.17,681.27
1789563180000000000,2026-09-16T12:53:00Z,free response,1.761,5.014,133.3,476.2,0.0,7.49,1779.71,1,Off,1109.53,699.23
1789563240000000000,2026-09-16T12:54:00Z,free response,1.711,4.984,131.85,359.48,0.0,6.7,1967.91,2,Off,1107.02,676.43
1789563300000000000,2026-09-16T12:55:00Z,free response,1.72,4.99,127.37,516.73,0.0,7.41,1718.89,3,Off,1062.4,648.49
1789563360000000000,2026-09-16T12:56:00Z,free response,1.718,5.011,130.13,457.1,0.0,7.89,1649.3,1,Off,1100.92,642.4
1789563420000000000,2026-09-16T12:57:00Z,free response,1.716,4.962,135.01,373.75,0.0,6.72,2009.08,2,Off,1090.76,651.92
1789563480000000000,2026-09-16T12:58:00Z,free response,1.776,4.92,132.32,265.09,0.0,7.14,1853.22,3,Off,1138.02,668.0
1789563540000000000,2026-09-16T12:59:00Z,free response,1.774,4.963,127.54,63.16,0.0,7.03,1814.22,2,Off,1166.42,663.89
1789563600000000000,2026-09-16T13:00:00Z,free response,1.794,5.008,127.09,114.35,0.0,8.37,1518.4,1,Off,1121.56,659.93
1789563660000000000,2026-09-16T13:01:00Z,free response,1.758,5.034,127.9,391.21,0.0,7.65,1671.9,3,Off,1330.07,406.36
1789563720000000000,2026-09-16T13:02:00Z,free response,1.693,5.049,122.57,209.35,0.0,7.25,1690.62,1,Off,1312.36,388.17
1789563780000000000,2026-09-16T13:03:00Z,free response,1.672,4.984,129.97,531.79,0.0,7.48,1737.57,3,Off,1286.11,367.42
1789563840000000000,2026-09-16T13:04:00Z,free response,1.615,5.004,133.18,273.34,0.0,7.15,1862.66,2,Off,1313.91,366.79
1789563900000000000,2026-09-16T13:05:00Z,free response,1.625,4.999,140.97,136.5,0.0,6.8,2073.09,3,Off,1301.57,358.38
1789563960000000000,2026-09-16T13:06:00Z,free response,1.635,4.972,154.22,588.33,0.0,6.87,2244.83,2,Off,1320.46,379.23
1789564020000000000,2026-09-16T13:07:00Z,free response,1.624,4.92,166.07,539.24,0.0,6.08,2731.41,3,Off,1294.55,377.04
1789564080000000000,2026-09-16T13:08:00Z,free response,1.589,4.912,158.15,455.77,0.0,5.95,2657.98,2,Off,1306.13,368.63
1789564140000000000,2026-09-16T13:09:00Z,free response,1.461,4.935,148.99,323.18,0.0,5.02,2967.93,3,Off,1297.43,347.88
1789564200000000000,2026-09-16T13:10:00Z,free response,1.446,4.976,153.47,395.55,0.0,5.08,3021.06,2,Off,1280.64,369.13
1789564260000000000,2026-09-16T13:11:00Z,free response,1.473,4.953,144.32,5.04,0.0,5.71,2527.5,3,Off,1261.83,377.8
1789564320000000000,2026-09-16T13:12:00Z,free response,1.404,4.885,139.61,502.17,0.0,4.67,2989.51,2,Off,1257.69,387.78
1789564380000000000,2026-09-16T13:13:00Z,free response,1.371,4.904,139.56,212.45,0.0,4.91,2842.36,2,Off,1282.48,404.76
1789564440000000000,2026-09-16T13:14:00Z,free response,1.378,4.808,135.12,550.29,0.0,4.72,2862.71,3,Off,1271.95,390.46
1789564500000000000,2026-09-16T13:15:00Z,free response,1.333,4.939,138.24,80.2,0.0,4.06,3404.93,3,Off,1256.63,362.01
1789564560000000000,2026-09-16T13:16:00Z,free response,1.377,5.035,124.49,73.7,0.0,5.14,2421.98,1,Off,1213.26,389.74
1789564620000000000,2026-09-16T13:17:00Z,free response,1.389,5.069,121.42,58.48,0.0,5.35,2269.53,2,Off,1199.38,393.59
1789564680000000000,2026-09-16T13:18:00Z,free response,1.349,5.063,120.89,404.91,0.0,4.32,2798.38,3,Off,1171.46,418.02
1789564740000000000,2026-09-16T13:19:00Z,free response,1.318,5.055,125.17,321.82,0.0,3.98,3144.97,1,Off,1157.87,420.24
1789564800000000000,2026-09-16T13:20:00Z,free response,1.376,5.092,119.36,416.39,0.0,4.44,2688.29,1,Off,1183.77,444.69
1789564860000000000,2026-09-16T13:21:00Z,free response,1.373,5.081,128.9,449.88,0.0,4.31,2990.72,1,Off,1164.56,446.85
1789564920000000000,2026-09-16T13:22:00Z,free response,1.367,5.022,119.45,523.19,0.0,4.95,2413.13,1,Off,1182.7,456.26
1789564980000000000,2026-09-16T13:23:00Z,free response,1.428,5.019,112.5,533.25,0.0,5.36,2098.88,3,Off,1158.82,471.73
1789565040000000000,2026-09-16T13:24:00Z,free response,1.358,5.096,107.6,453.71,0.0,5.12,2101.56,3,Off,1200.73,473.96
1789565100000000000,2026-09-16T13:25:00Z,free response,1.364,5.19,108.33,482.74,0.0,4.54,2386.12,1,Off,1189.17,469.23
1789565160000000000,2026-09-16T13:26:00Z,free response,1.387,5.167,112.0,262.43,0.0,5.2,2153.85,1,Off,1174.35,487.16
1789565220000000000,2026-09-16T13:27:00Z,free response,1.366,5.168,111.91,120.34,0.0,4.79,2336.33,1,Off,918.0,815.18
1789565280000000000,2026-09-16T13:28:00Z,free response,1.365,5.159,111.53,157.34,0.0,4.35,2563.91,1,Off,872.4,834.99
1789565340000000000,2026-09-16T13:29:00Z,free response,1.375,5.21,107.8,228.46,0.0,4.78,2255.23,2,Off,858.92,812.25
1789565400000000000,2026-09-16T13:30:00Z,free response,1.395,5.1,118.48,460.49,0.0,4.87,2432.85,3,Off,869.38,800.49
1789565460000000000,2026-09-16T13:31:00Z,free response,1.428,5.053,120.77,188.71,0.0,5.62,2148.93,3,Off,898.32,786.97
1789565520000000000,2026-09-16T13:32:00Z,free response,1.474,5.047,115.17,263.13,0.0,5.61,2052.94,1,Off,936.7,778.4
1789565580000000000,2026-09-16T13:33:00Z,free response,1.516,5.05,118.5,155.53,0.0,6.19,1914.38,3,Off,936.12,761.49
1789565640000000000,2026-09-16T13:34:00Z,free response,1.515,5.058,115.64,174.3,0.0,5.93,1950.08,2,Off,948.06,767.67
1789565700000000000,2026-09-16T13:35:00Z,free response,1.487,5.0,111.91,376.49,0.0,5.79,1932.82,1,Off,936.54,758.48
1789565760000000000,2026-09-16T13:36:00Z,free response,1.475,5.004,116.42,24.86,0.0,5.55,2097.66,2,Off,947.26,729.66
1789565820000000000,2026-09-16T13:37:00Z,free response,1.469,5.017,115.76,587.3,0.0,5.73,2020.24,2,Off,940.38,725.92
1789565880000000000,2026-09-16T13:38:00Z,free response,1.506,5.002,110.26,427.73,0.0,5.84,1888.01,2,Off,963.13,719.31
1789565940000000000,2026-09-16T13:39:00Z,free response,1.494,5.052,118.6,337.01,0.0,5.52,2148.55,2,Off,996.56,705.68
1789566000000000000,2026-09-16T13:40:00Z,free response,1.416,5.019,130.44,440.45,0.0,4.66,2799.14,2,Off,1092.11,578.43
1789566060000000000,2026-09-16T13:41:00Z,free response,1.463,5.073,130.27,144.96,0.0,5.5,2368.55,1,Off,1226.11,565.92
1789566120000000000,2026-09-16T13:42:00Z,free response,1.406,5.072,133.87,592.35,0.0,5.5,2434.0,3,Off,1184.75,565.01
1789566180000000000,2026-09-16T13:43:00Z,free response,1.369,5.024,141.85,272.86,0.0,4.9,2894.9,2,Off,1184.44,570.59
1789566240000000000,2026-09-16T13:44:00Z,free response,1.364,5.028,147.47,481.28,0.0,4.45,3313.93,2,Off,1163.65,580.99
1789566300000000000,2026-09-16T13:45:00Z,free response,1.376,5.048,158.81,364.01,0.0,4.66,3407.94,2,Off,1191.91,558.56
1789566360000000000,2026-09-16T13:46:00Z,free response,1.42,5.148,149.98,316.97,0.0,5.51,2721.96,1,Off,1220.41,558.78
1789566420000000000,2026-09-16T13:47:00Z,free response,1.401,5.137,156.07,426.44,0.0,4.7,3320.64,3,Off,1177.81,569.66
1789566480000000000,2026-09-16T13:48:00Z,free response,1.384,5.186,162.65,301.64,0.0,4.61,3528.2,1,Off,1172.29,563.51
1789566540000000000,2026-09-16T13:49:00Z,free response,1.401,5.209,158.03,525.99,0.0,4.92,3211.99,1,Off,1219.25,562.02
1789566600000000000,2026-09-16T13:50:00Z,free response,1.342,5.231,153.97,297.75,0.0,4.84,3181.2,2,Off,964.19,776.85
1789566660000000000,2026-09-16T13:51:00Z,free response,1.309,5.251,166.8,188.32,0.0,4.61,3618.22,2,Off,936.55,789.8
1789566720000000000,2026-09-16T13:52:00Z,free response,1.347,5.326,168.53,83.33,0.0,4.41,3821.54,1,Off,903.33,808.9
1789566780000000000,2026-09-16T13:53:00Z,free response,1.377,5.412,172.13,441.55,0.0,5.43,3169.98,1,Off,929.45,796.01
1789566840000000000,2026-09-16T13:54:00Z,free response,1.357,5.558,164.12,160.27,0.0,4.85,3383.92,1,Off,930.4,768.57
1789566900000000000,2026-09-16T13:55:00Z,free response,1.353,5.545,173.78,279.36,0.0,4.76,3650.84,1,Off,957.88,745.1
1789566960000000000,2026-09-16T13:56:00Z,free response,1.401,5.525,163.15,303.14,0.0,5.21,3131.48,1,Off,926.4,726.7
1789567020000000000,2026-09-16T13:57:00Z,free response,1.433,5.484,152.03,443.12,0.0,5.49,2769.22,3,Off,927.45,714.17
1789567080000000000,2026-09-16T13:58:00Z,free response,1.423,5.455,137.56,310.86,0.0,5.29,2600.38,2,Off,929.12,685.56
1789567140000000000,2026-09-16T13:59:00Z,free response,1.441,5.384,131.15,311.15,0.0,5.24,2502.86,3,Off,904.24,684.14
1789567200000000000,2026-09-16T14:00:00Z,free response,1.432,5.281,134.84,157.75,0.0,5.56,2425.18,1,Off,914.7,656.72
1789567260000000000,2026-09-16T14:01:00Z,free response,1.476,5.365,130.32,273.05,0.0,5.88,2216.33,2,Off,952.09,672.77
1789567320000000000,2026-09-16T14:02:00Z,free response,1.403,5.374,122.27,484.05,0.0,4.96,2465.12,2,Off,925.64,675.64
1789567380000000000,2026-09-16T14:03:00Z,free response,1.388,5.478,111.78,71.89,0.0,5.77,1937.26,2,Off,904.91,686.63
1789567440000000000,2026-09-16T14:04:00Z,free response,1.405,5.493,114.41,500.55,0.0,5.14,2225.88,1,Off,916.88,682.46
1789567500000000000,2026-09-16T14:05:00Z,free response,1.423,5.491,122.55,241.19,0.0,5.73,2138.74,1,Off,945.16,697.51
1789567560000000000,2026-09-16T14:06:00Z,free response,1.48,5.494,110.46,358.17,0.0,5.62,1965.48,2,Starting,949.21,720.79
1789567620000000000,2026-09-16T14:07:00Z,free response,1.473,5.532,104.83,568.65,0.0,5.46,1919.96,2,Starting,958.89,740.95
1789567680000000000,2026-09-16T14:08:00Z,free response,1.479,5.485,111.43,59.49,0.0,6.12,1820.75,3,Starting,953.98,753.92
1789567740000000000,2026-09-16T14:09:00Z,free response,1.433,5.489,112.31,27.56,0.0,5.15,2180.78,3,Starting,1148.97,604.64
1789567800000000000,2026-09-16T14:10:00Z,free response,1.48,5.558,107.0,321.59,0.0,5.69,1880.49,2,Starting,1144.73,601.84
1789567860000000000,2026-09-16T14:11:00Z,free response,1.466,5.553,114.77,203.94,0.0,5.66,2027.74,2,Starting,1125.85,607.46
1789567920000000000,2026-09-16T14:12:00Z,free response,1.484,5.542,121.59,323.97,0.0,6.2,1961.13,1,Starting,1154.83,588.94
1789567980000000000,2026-09-16T14:13:00Z,free response,1.561,5.504,119.33,21.0,0.0,6.87,1736.97,3,Starting,1143.04,563.29
1789568040000000000,2026-09-16T14:14:00Z,free response,1.563,5.537,113.8,529.65,0.0,6.25,1820.8,1,Starting,571.84,990.51
1789568100000000000,2026-09-16T14:15:00Z,free response,1.564,5.602,113.18,112.35,0.0,7.46,1517.16,2,Starting,608.5,995.73
1789568160000000000,2026-09-16T14:16:00Z,free response,1.574,5.635,116.58,32.73,0.0,7.36,1583.97,3,Starting,572.68,965.76
1789568220000000000,2026-09-16T14:17:00Z,free response,1.547,5.591,109.13,184.13,0.0,6.48,1684.1,3,Starting,607.9,978.07
1789568280000000000,2026-09-16T14:18:00Z,free response,1.555,5.51,106.95,150.22,0.0,6.19,1727.79,2,Starting,641.49,952.84
1789568340000000000,2026-09-16T14:19:00Z,free response,1.594,5.448,96.45,91.33,0.0,6.57,1468.04,3,Starting,613.5,974.09
1789568400000000000,2026-09-16T14:20:00Z,free response,1.605,5.372,96.82,62.9,0.0,7.34,1319.07,2,Starting,615.06,996.85
1789568460000000000,2026-09-16T14:21:00Z,free response,1.628,5.391,90.72,137.59,0.0,6.77,1340.03,3,Starting,567.32,975.28
1789568520000000000,2026-09-16T14:22:00Z,free response,1.643,5.412,99.56,109.32,0.0,6.81,1461.97,2,Starting,570.32,979.72
1789568580000000000,2026-09-16T14:23:00Z,free response,1.657,5.39,99.34,295.83,0.0,7.86,1263.87,3,Starting,526.02,1000.0
1789568640000000000,2026-09-16T14:24:00Z,free response,1.692,5.501,108.54,475.72,0.0,8.19,1325.27,1,Starting,501.84,991.72
1789568700000000000,2026-09-16T14:25:00Z,free response,1.719,5.522,106.6,442.16,0.0,8.52,1251.17,1,Starting,503.57,969.43
1789568760000000000,2026-09-16T14:26:00Z,free response,1.76,5.609,99.65,185.28,0.0,9.35,1065.78,1,Starting,549.43,996.95
1789568820000000000,2026-09-16T14:27:00Z,free response,1.784,5.661,109.01,232.2,0.0,9.57,1139.08,2,Starting,529.69,999.33
1789568880000000000,2026-09-16T14:28:00Z,free response,1.759,5.632,116.54,572.62,0.0,8.9,1309.44,2,Starting,483.39,980.35
1789568940000000000,2026-09-16T14:29:00Z,free response,1.766,5.601,124.36,73.1,0.0,8.3,1498.31,1,Starting,463.3,956.15
1789569000000000000,2026-09-16T14:30:00Z,free response,1.736,5.644,123.57,71.45,0.0,8.82,1401.02,1,Starting,490.62,982.54
1789569060000000000,2026-09-16T14:31:00Z,free response,1.73,5.55,132.54,55.81,0.0,8.66,1530.48,3,Starting,513.47,1000.0
1789569120000000000,2026-09-16T14:32:00Z,free response,1.727,5.574,143.32,63.7,0.0,7.91,1811.88,1,Starting,552.65,992.97
1789569180000000000,2026-09-16T14:33:00Z,free response,1.832,5.589,152.85,133.48,0.0,8.76,1744.86,2,Starting,567.59,1000.0
1789569240000000000,2026-09-16T14:34:00Z,free response,1.92,5.629,146.85,147.98,0.0,10.3,1425.73,3,Starting,604.63,997.36
1789569300000000000,2026-09-16T14:35:00Z,free response,1.934,5.587,160.09,475.97,0.0,11.37,1408.0,1,Starting,633.13,1000.0
1789569360000000000,2026-09-16T14:36:00Z,free response,1.84,5.64,159.17,489.16,0.0,8.74,1821.17,2,Starting,634.52,1000.0
1789569420000000000,2026-09-16T14:37:00Z,free response,1.92,5.603,156.64,588.91,0.0,10.89,1438.38,2,Starting,601.51,1000.0
1789569480000000000,2026-09-16T14:38:00Z,free response,1.81,5.524,158.73,125.95,0.0,8.71,1822.39,2,Starting,580.81,1000.0
1789569540000000000,2026-09-16T14:39:00Z,free response,1.831,5.502,150.21,143.58,0.0,9.26,1622.14,3,Starting,793.29,872.03
1789569600000000000,2026-09-16T14:40:00Z,free response,1.85,5.419,151.24,407.16,0.0,9.43,1603.82,3,Starting,790.04,882.67
1789569660000000000,2026-09-16T14:41:00Z,free response,1.819,5.417,140.98,451.79,0.0,8.15,1729.82,1,Starting,751.23,889.99
1789569720000000000,2026-09-16T14:42:00Z,free response,1.877,5.315,148.41,22.18,0.0,9.12,1627.3,3,Starting,726.37,892.57
1789569780000000000,2026-09-16T14:43:00Z,free response,1.853,5.404,161.65,346.71,0.0,9.96,1622.99,3,Starting,694.58,864.49
1789569840000000000,2026-09-16T14:44:00Z,free response,1.835,5.433,153.78,37.32,0.0,8.37,1837.28,2,Starting,716.16,859.23
1789569900000000000,2026-09-16T14:45:00Z,free response,1.93,5.371,145.45,409.98,0.0,9.74,1493.33,1,Starting,733.57,834.31
1789569960000000000,2026-09-16T14:46:00Z,free response,1.969,5.324,152.83,510.45,0.0,10.53,1451.38,2,Starting,710.23,829.72
1789570020000000000,2026-09-16T14:47:00Z,free response,2.033,5.329,157.97,226.56,0.0,10.95,1442.65,2,Starting,676.84,804.78
1789570080000000000,2026-09-16T14:48:00Z,free response,1.982,5.282,173.06,169.48,0.0,9.72,1780.45,1,Starting,685.58,798.17
1789570140000000000,2026-09-16T14:49:00Z,free response,1.988,5.284,175.77,293.54,0.0,11.02,1595.01,2,Starting,708.57,811.49
1789570200000000000,2026-09-16T14:50:00Z,free response,1.927,5.239,159.02,539.56,0.0,10.5,1514.48,2,Starting,735.56,821.62
1789570260000000000,2026-09-16T14:51:00Z,free response,1.97,5.294,171.2,236.37,0.0,10.59,1616.62,1,Starting,736.72,832.87
1789570320000000000,2026-09-16T14:52:00Z,free response,1.989,5.337,186.8,209.76,0.0,11.06,1688.97,3,Starting,693.44,821.98
1789570380000000000,2026-09-16T14:53:00Z,free response,1.963,5.304,185.19,28.17,0.0,9.51,1947.32,2,Starting,708.26,798.7
1789570440000000000,2026-09-16T14:54:00Z,free response,1.977,5.366,167.3,343.88,0.0,10.67,1567.95,2,Starting,665.04,823.24
1789570500000000000,2026-09-16T14:55:00Z,free response,1.986,5.455,182.4,178.83,0.0,11.54,1580.59,1,Starting,711.53,832.15
1789570560000000000,2026-09-16T14:56:00Z,free response,2.053,5.41,198.95,267.11,0.0,12.02,1655.16,2,Starting,1165.25,357.38
1789570620000000000,2026-09-16T14:57:00Z,free response,2.073,5.418,215.81,106.22,0.0,10.9,1979.91,1,Starting,1146.07,355.45
1789570680000000000,2026-09-16T14:58:00Z,free response,2.143,5.397,213.01,107.08,0.0,13.24,1608.84,1,Starting,1150.8,329.29
1789570740000000000,2026-09-16T14:59:00Z,free response,2.083,5.453,218.79,453.52,0.0,12.78,1711.97,2,Starting,1155.5,358.69
1789570800000000000,2026-09-16T15:00:00Z,free response,2.107,5.359,205.99,225.05,0.0,12.53,1643.97,2,Starting,705.43,364.88
1789570860000000000,2026-09-16T15:01:00Z,free response,2.1,5.405,205.18,540.17,0.0,12.13,1691.51,3,Starting,656.24,355.93
1789570920000000000,2026-09-16T15:02:00Z,free response,2.075,5.52,200.82,561.54,0.0,10.91,1840.7,3,Starting,703.88,353.74
1789570980000000000,2026-09-16T15:03:00Z,free response,2.073,5.532,219.33,585.95,0.0,11.26,1947.87,3,Starting,714.26,342.64
1789571040000000000,2026-09-16T15:04:00Z,free response,2.063,5.575,234.44,47.3,0.0,11.29,2076.53,1,Starting,761.5,357.53
1789571100000000000,2026-09-16T15:05:00Z,free response,2.033,5.667,220.08,239.76,0.0,12.45,1767.71,2,Starting,757.74,329.63
1789571160000000000,2026-09-16T15:06:00Z,free response,2.119,5.595,217.0,539.22,0.0,12.25,1771.43,3,Starting,747.89,340.16
1789571220000000000,2026-09-16T15:07:00Z,free response,2.095,5.662,199.83,533.96,0.0,12.34,1619.37,1,Starting,713.22,314.88
1789571280000000000,2026-09-16T15:08:00Z,free response,2.106,5.715,185.93,345.84,0.0,13.49,1378.28,1,Starting,705.57,307.69
1789571340000000000,2026-09-16T15:09:00Z,free response,2.117,5.768,202.6,277.81,0.0,11.73,1727.2,1,Starting,746.48,326.0
1789571400000000000,2026-09-16T15:10:00Z,free response,2.074,5.804,212.9,62.73,0.0,13.04,1632.67,3,Starting,782.13,319.21
1789571460000000000,2026-09-16T15:11:00Z,free response,2.118,5.772,196.13,545.59,0.0,13.05,1502.91,2,Starting,739.91,294.41
1789571520000000000,2026-09-16T15:12:00Z,free response,2.034,5.837,194.15,138.65,0.0,12.54,1548.25,2,Starting,774.4,294.83
1789571580000000000,2026-09-16T15:13:00Z,free response,2.014,5.925,191.75,153.15,0.0,13.21,1451.55,3,Starting,743.13,287.04
1789571640000000000,2026-09-16T15:14:00Z,free response,2.006,5.968,207.96,349.69,0.0,12.56,1655.73,1,Starting,707.01,289.46
1789571700000000000,2026-09-16T15:15:00Z,free response,2.005,5.974,211.99,195.42,0.0,11.16,1899.55,2,Starting,718.59,275.03
1789571760000000000,2026-09-16T15:16:00Z,free response,1.953,5.962,191.26,496.99,0.0,10.77,1775.86,1,Starting,750.08,258.75
1789571820000000000,2026-09-16T15:17:00Z,free response,1.911,5.865,192.58,112.54,0.0,10.28,1873.35,2,Starting,713.11,282.11
1789571880000000000,2026-09-16T15:18:00Z,free response,1.887,5.827,180.36,37.62,0.0,10.21,1766.5,2,Starting,700.46,278.34
1789571940000000000,2026-09-16T15:19:00Z,free response,1.832,5.804,172.66,479.09,0.0,9.65,1789.22,3,Starting,669.72,279.11
1789572000000000000,2026-09-16T15:20:00Z,free response,1.872,5.818,170.94,292.32,0.0,10.22,1672.6,2,Starting,639.67,249.96
1789572060000000000,2026-09-16T15:21:00Z,free response,1.923,5.869,186.58,19.94,0.0,9.99,1867.67,3,Starting,676.83,279.87
1789572120000000000,2026-09-16T15:22:00Z,free response,1.815,5.9,173.07,572.2,0.0,9.23,1875.08,2,Starting,687.69,257.56
1789572180000000000,2026-09-16T15:23:00Z,free response,1.772,5.881,169.05,337.21,0.0,8.98,1882.52,2,Starting,712.54,277.43
1789572240000000000,2026-09-16T15:24:00Z,free response,1.739,5.925,170.11,40.43,0.0,9.1,1869.34,1,Starting,707.74,282.87
1789572300000000000,2026-09-16T15:25:00Z,free response,1.691,5.902,159.91,91.35,0.0,9.16,1745.74,2,Starting,683.0,297.72
1789572360000000000,2026-09-16T15:26:00Z,free response,1.697,5.887,174.85,283.34,0.0,9.27,1886.19,2,Starting,660.48,278.96
1789572420000000000,2026-09-16T15:27:00Z,free response,1.732,5.983,175.43,257.83,0.0,9.81,1788.28,2,Starting,667.34,302.49
1789572480000000000,2026-09-16T15:28:00Z,free response,1.705,5.946,167.9,315.05,0.0,9.33,1799.57,2,Starting,717.34,311.1
1789572540000000000,2026-09-16T15:29:00Z,free response,1.658,5.977,170.29,315.42,0.0,8.82,1930.73,3,Starting,747.73,295.73
1789572600000000000,2026-09-16T15:30:00Z,free response,1.743,6.027,177.52,132.01,0.0,10.01,1773.43,3,Starting,731.64,321.43
1789572660000000000,2026-09-16T15:31:00Z,free response,1.764,6.017,189.76,49.95,0.0,10.08,1882.54,1,Starting,778.81,298.21
1789572720000000000,2026-09-16T15:32:00Z,free response,1.825,6.061,203.93,378.38,0.0,9.49,2148.89,3,Starting,733.72,324.43
1789572780000000000,2026-09-16T15:33:00Z,free response,1.749,6.191,189.48,534.47,0.0,10.3,1839.61,3,On,732.56,351.96
1789572840000000000,2026-09-16T15:34:00Z,free response,1.751,6.215,176.23,424.4,0.0,9.03,1951.61,3,On,776.54,337.34
1789572900000000000,2026-09-16T15:35:00Z,free response,1.698,6.184,158.94,535.2,0.0,9.1,1746.59,1,On,804.63,362.3
1789572960000000000,2026-09-16T15:36:00Z,free response,1.761,6.17,170.27,120.56,0.0,10.29,1654.71,3,On,823.88,365.72
1789573020000000000,2026-09-16T15:37:00Z,free response,1.763,6.132,182.56,435.15,0.0,8.61,2120.33,3,On,802.92,363.39
1789573080000000000,2026-09-16T15:38:00Z,free response,1.768,6.156,180.26,29.07,0.0,9.78,1843.15,3,On,852.44,358.77
1789573140000000000,2026-09-16T15:39:00Z,free response,1.767,6.168,164.12,181.21,0.0,9.45,1736.72,1,On,897.54,329.89
1789573200000000000,2026-09-16T15:40:00Z,free response,1.841,6.135,180.12,337.68,0.0,10.51,1713.8,2,On,859.42,354.42
1789573260000000000,2026-09-16T15:41:00Z,free response,1.824,6.114,188.3,461.08,0.0,10.24,1838.87,2,On,851.63,326.11
1789573320000000000,2026-09-16T15:42:00Z,free response,1.765,6.21,189.51,98.12,0.0,10.13,1870.78,3,On,900.65,307.85
1789573380000000000,2026-09-16T15:43:00Z,free response,1.853,6.24,206.06,250.93,0.0,11.67,1765.72,1,On,941.61,319.49
1789573440000000000,2026-09-16T15:44:00Z,free response,1.825,6.358,205.35,309.47,0.0,11.46,1791.88,1,On,928.54,327.25
1789573500000000000,2026-09-16T15:45:00Z,free response,1.843,6.328,200.99,101.62,0.0,10.4,1932.6,1,On,905.4,970.9
1789573560000000000,2026-09-16T15:46:00Z,free response,1.802,6.441,210.31,71.43,0.0,11.36,1851.32,2,On,861.9,973.62
1789573620000000000,2026-09-16T15:47:00Z,free response,1.862,6.389,227.76,109.01,0.0,10.29,2213.41,2,On,869.02,994.71
1789573680000000000,2026-09-16T15:48:00Z,free response,1.887,6.472,217.87,500.64,0.0,11.63,1873.34,1,On,896.09,1000.0
1789573740000000000,2026-09-16T15:49:00Z,free response,1.913,6.416,214.48,229.01,0.0,12.63,1698.18,3,On,939.41,1000.0
1789573800000000000,2026-09-16T15:50:00Z,free response,1.944,6.404,220.83,376.41,0.0,12.9,1711.86,3,On,503.74,681.48
1789573860000000000,2026-09-16T15:51:00Z,free response,1.937,6.403,216.14,310.48,0.0,11.73,1842.63,1,On,505.69,710.8
1789573920000000000,2026-09-16T15:52:00Z,free response,2.021,6.461,226.59,225.93,0.0,12.7,1784.17,3,On,552.63,697.86
1789573980000000000,2026-09-16T15:53:00Z,free response,1.967,6.515,248.07,268.11,0.0,12.08,2053.56,3,On,564.92,700.54
1789574040000000000,2026-09-16T15:54:00Z,free response,1.935,6.452,243.05,368.95,0.0,13.12,1852.52,2,On,525.17,701.05
1789574100000000000,2026-09-16T15:55:00Z,free response,1.929,6.455,235.85,237.59,0.0,11.62,2029.69,3,On,494.35,709.67
1789574160000000000,2026-09-16T15:56:00Z,free response,1.847,6.545,257.52,133.45,0.0,11.57,2225.76,1,On,463.24,723.9
1789574220000000000,2026-09-16T15:57:00Z,free response,1.87,6.484,258.83,366.36,0.0,11.81,2191.62,1,On,483.03,719.07
1789574280000000000,2026-09-16T15:58:00Z,free response,1.861,6.494,250.99,106.53,0.0,11.76,2134.27,3,On,528.4,717.89
1789574340000000000,2026-09-16T15:59:00Z,free response,1.852,6.527,235.93,2.64,0.0,11.18,2110.29,3,On,487.76,720.86
1789574400000000000,2026-09-16T16:00:00Z,free response,1.878,6.506,229.85,87.79,0.0,11.64,1974.66,3,On,522.78,737.69
1789574460000000000,2026-09-16T16:01:00Z,free response,1.993,6.523,228.18,301.16,0.0,11.95,1909.46,2,On,556.44,752.97
1789574520000000000,2026-09-16T16:02:00Z,free response,2.026,6.549,220.19,427.75,0.0,12.64,1742.01,1,On,515.59,741.6
1789574580000000000,2026-09-16T16:03:00Z,free response,2.09,6.465,238.48,389.31,0.0,15.52,1536.6,2,On,547.12,719.56
1789574640000000000,2026-09-16T16:04:00Z,free response,2.068,6.711,235.97,506.19,0.0,13.78,1712.41,3,On,510.9,713.16
1789574700000000000,2026-09-16T16:05:00Z,free response,2.064,6.747,219.89,433.43,0.0,13.81,1592.25,1,On,470.22,716.98
1789574760000000000,2026-09-16T16:06:00Z,free response,2.113,6.673,237.75,344.42,0.0,13.74,1730.35,2,On,466.56,710.68
1789574820000000000,2026-09-16T16:07:00Z,free response,2.148,6.725,253.54,116.2,0.0,14.98,1692.52,1,On,464.66,730.08
1789574880000000000,2026-09-16T16:08:00Z,free response,2.151,6.691,228.25,381.14,0.0,16.26,1403.75,1,On,508.11,717.53
1789574940000000000,2026-09-16T16:09:00Z,free response,2.111,6.662,215.94,242.46,0.0,13.85,1559.13,1,On,550.21,711.16
1789575000000000000,2026-09-16T16:10:00Z,free response,2.096,6.581,225.97,338.55,0.0,14.43,1565.97,2,On,510.45,688.61
1789575060000000000,2026-09-16T16:11:00Z,free response,2.121,6.567,237.25,495.82,0.0,14.86,1596.57,3,On,525.58,718.56
1789575120000000000,2026-09-16T16:12:00Z,free response,2.136,6.587,239.39,376.0,0.0,14.54,1646.42,3,On,573.02,721.94
1789575180000000000,2026-09-16T16:13:00Z,free response,2.144,6.611,218.33,368.07,0.0,14.03,1556.17,2,On,621.09,722.71
1789575240000000000,2026-09-16T16:14:00Z,free response,2.142,6.6,209.12,122.1,0.0,16.27,1285.31,2,On,746.99,984.7
1789575300000000000,2026-09-16T16:15:00Z,free response,2.188,6.596,221.68,253.97,0.0,16.72,1325.84,2,On,707.59,1000.0
1789575360000000000,2026-09-16T16:16:00Z,free response,2.124,6.515,229.45,546.13,0.0,14.15,1621.55,3,On,704.43,984.76
1789575420000000000,2026-09-16T16:17:00Z,free response,2.126,6.544,248.92,258.19,0.0,13.43,1853.46,2,On,702.83,963.56
1789575480000000000,2026-09-16T16:18:00Z,free response,2.026,6.561,231.51,58.71,0.0,13.12,1764.56,3,On,718.59,969.62
1789575540000000000,2026-09-16T16:19:00Z,free response,2.083,6.583,233.51,597.9,0.0,14.03,1664.36,3,On,689.24,951.43
1789575600000000000,2026-09-16T16:20:00Z,free response,2.109,6.525,247.35,404.67,0.0,14.84,1666.78,1,On,642.84,967.81
1789575660000000000,2026-09-16T16:21:00Z,free response,2.21,6.573,258.78,429.52,0.0,15.19,1703.62,3,On,680.72,948.26
1789575720000000000,2026-09-16T16:22:00Z,free response,2.18,6.459,275.4,116.26,0.0,15.56,1769.92,1,On,707.59,928.28
1789575780000000000,2026-09-16T16:23:00Z,free response,2.127,6.405,281.52,540.74,0.0,14.18,1985.33,2,On,726.27,958.11
1789575840000000000,2026-09-16T16:24:00Z,free response,2.088,6.333,282.73,550.51,0.0,13.36,2116.24,3,On,657.54,932.16
1789575900000000000,2026-09-16T16:25:00Z,free response,2.051,6.211,290.26,591.67,0.0,13.93,2083.7,3,On,662.78,943.27
1789575960000000000,2026-09-16T16:26:00Z,free response,2.049,6.27,284.79,473.05,0.0,12.87,2212.82,1,On,694.91,955.91
1789576020000000000,2026-09-16T16:27:00Z,free response,2.073,6.305,279.19,325.2,0.0,12.7,2198.35,2,On,713.46,977.65
1789576080000000000,2026-09-16T16:28:00Z,free response,2.034,6.429,295.14,556.1,0.0,14.07,2097.65,1,On,687.35,997.94
1789576140000000000,2026-09-16T16:29:00Z,free response,2.081,6.399,282.29,212.07,0.0,12.77,2210.57,2,On,731.41,1000.0
1789576200000000000,2026-09-16T16:30:00Z,free response,2.026,6.341,305.83,530.49,0.0,12.37,2472.35,2,On,687.94,996.6
1789576260000000000,2026-09-16T16:31:00Z,free response,1.953,6.283,315.85,207.08,0.0,11.87,2660.91,1,On,644.49,979.56
1789576320000000000,2026-09-16T16:32:00Z,free response,2.039,6.323,313.36,135.67,0.0,13.38,2342.0,1,On,626.08,1000.0
1789576380000000000,2026-09-16T16:33:00Z,free response,2.143,6.338,327.22,34.23,0.0,14.02,2333.95,1,On,613.3,1000.0
1789576440000000000,2026-09-16T16:34:00Z,free response,2.126,6.338,344.46,317.35,0.0,13.1,2629.47,2,On,657.06,1000.0
1789576500000000000,2026-09-16T16:35:00Z,free response,2.078,6.189,329.78,97.83,0.0,13.91,2370.81,3,On,690.0,1000.0
1789576560000000000,2026-09-16T16:36:00Z,free response,2.08,6.218,303.86,120.55,0.0,13.31,2282.95,1,On,735.36,1000.0
1789576620000000000,2026-09-16T16:37:00Z,free response,2.086,6.331,278.86,231.92,0.0,12.82,2175.2,2,On,727.22,1000.0
1789576680000000000,2026-09-16T16:38:00Z,free response,2.138,6.298,294.51,316.62,0.0,13.99,2105.15,3,On,723.33,1000.0
1789576740000000000,2026-09-16T16:39:00Z,free response,2.146,6.252,306.93,177.39,0.0,13.78,2227.36,2,On,723.43,1000.0
1789576800000000000,2026-09-16T16:40:00Z,free response,2.096,6.247,299.79,386.53,0.0,13.02,2302.53,2,On,705.75,1000.0
1789576860000000000,2026-09-16T16:41:00Z,free response,2.078,6.339,325.23,331.34,0.0,12.61,2579.14,1,On,745.77,1000.0
1789576920000000000,2026-09-16T16:42:00Z,free response,2.079,6.307,337.95,23.41,0.0,13.76,2456.03,1,On,737.89,1000.0
1789576980000000000,2026-09-16T16:43:00Z,free response,2.017,6.304,368.42,331.02,0.0,13.67,2695.1,1,On,754.7,1000.0
1789577040000000000,2026-09-16T16:44:00Z,free response,2.029,6.231,387.32,471.02,0.0,11.88,3260.27,2,On,712.79,1000.0
1789577100000000000,2026-09-16T16:45:00Z,free response,1.959,6.18,406.94,425.24,0.0,11.42,3563.4,1,On,711.75,1000.0
1789577160000000000,2026-09-16T16:46:00Z,free response,2.063,6.125,410.54,499.63,0.0,11.85,3464.47,3,On,699.84,1000.0
1789577220000000000,2026-09-16T16:47:00Z,free response,2.109,6.092,415.02,350.47,0.0,12.43,3338.86,2,On,672.96,1000.0
1789577280000000000,2026-09-16T16:48:00Z,free response,2.048,5.982,383.69,461.86,0.0,12.31,3116.9,1,On,648.28,1000.0
1789577340000000000,2026-09-16T16:49:00Z,free response,2.043,5.967,418.25,151.97,0.0,12.39,3375.71,1,On,676.35,1000.0
1789577400000000000,2026-09-16T16:50:00Z,free response,2.052,6.016,427.35,10.25,0.0,13.9,3074.46,1,On,665.29,1000.0
1789577460000000000,2026-09-16T16:51:00Z,free response,2.025,6.045,459.66,209.49,0.0,12.46,3689.09,1,On,619.91,1000.0
1789577520000000000,2026-09-16T16:52:00Z,free response,2.009,6.179,420.43,468.01,0.0,12.55,3350.04,1,On,640.69,1000.0
1789577580000000000,2026-09-16T16:53:00Z,free response,1.913,6.232,454.38,79.11,0.0,11.82,3844.16,2,On,645.84,1000.0
1789577640000000000,2026-09-16T16:54:00Z,free response,1.875,6.216,419.56,0.87,0.0,9.97,4208.22,2,On,647.46,1000.0
1789577700000000000,2026-09-16T16:55:00Z,free response,1.89,6.22,395.95,446.26,0.0,11.22,3528.97,2,On,599.05,304.7
1789577760000000000,2026-09-16T16:56:00Z,free response,1.847,6.251,401.95,386.24,0.0,10.87,3697.79,2,On,549.45,321.98
1789577820000000000,2026-09-16T16:57:00Z,free response,1.875,6.282,396.09,597.88,0.0,11.51,3441.27,1,On,537.17,350.99
1789577880000000000,2026-09-16T16:58:00Z,free response,1.844,6.312,417.05,124.37,0.0,9.75,4277.44,1,On,527.22,332.3
1789577940000000000,2026-09-16T16:59:00Z,free response,1.827,6.343,416.95,392.17,0.0,10.66,3911.35,2,On,481.97,329.23
1789578000000000000,2026-09-16T17:00:00Z,free response,1.884,6.331,436.91,373.55,0.0,11.67,3743.87,3,On,485.33,324.35
1789578060000000000,2026-09-16T17:01:00Z,free response,1.877,6.318,413.24,350.77,0.0,11.31,3653.76,2,On,506.92,320.58
1789578120000000000,2026-09-16T17:02:00Z,free response,1.828,6.307,412.03,263.32,0.0,9.56,4309.94,2,On,495.71,301.0
1789578180000000000,2026-09-16T17:03:00Z,free response,1.808,6.283,384.07,161.06,0.0,10.16,3780.22,3,On,520.84,275.52
1789578240000000000,2026-09-16T17:04:00Z,free response,1.824,6.224,345.82,498.13,0.0,10.54,3281.02,3,On,488.21,278.02
1789578300000000000,2026-09-16T17:05:00Z,free response,1.788,6.134,379.9,593.49,0.0,10.08,3768.85,2,On,511.8,293.76
1789578360000000000,2026-09-16T17:06:00Z,free response,1.893,6.062,357.29,443.75,0.0,11.32,3156.27,3,On,518.07,302.31
1789578420000000000,2026-09-16T17:07:00Z,free response,1.93,6.079,341.35,549.23,0.0,11.58,2947.75,3,On,473.46,309.5
1789578480000000000,2026-09-16T17:08:00Z,free response,1.897,6.042,310.06,3.55,0.0,11.15,2780.81,1,On,481.08,318.44
1789578540000000000,2026-09-16T17:09:00Z,free response,1.956,5.885,299.82,375.37,0.0,10.21,2936.53,3,On,437.6,292.15
1789578600000000000,2026-09-16T17:10:00Z,free response,1.913,5.881,328.89,479.91,0.0,10.08,3262.8,2,On,414.65,304.57
1789578660000000000,2026-09-16T17:11:00Z,free response,1.93,5.937,354.11,435.64,0.0,10.36,3418.05,3,On,400.76,314.02
1789578720000000000,2026-09-16T17:12:00Z,free response,1.95,5.967,352.25,159.76,0.0,11.57,3044.51,2,On,443.99,300.35
1789578780000000000,2026-09-16T17:13:00Z,free response,1.91,6.038,345.53,342.5,0.0,10.3,3354.66,3,On,397.45,329.71
1789578840000000000,2026-09-16T17:14:00Z,free response,1.971,6.043,362.69,26.8,0.0,12.53,2894.57,3,On,435.81,307.69
1789578900000000000,2026-09-16T17:15:00Z,free response,1.932,6.069,389.09,520.06,0.0,11.99,3245.12,1,On,428.0,300.02
1789578960000000000,2026-09-16T17:16:00Z,free response,1.919,6.035,399.22,290.91,0.0,12.22,3266.94,2,On,388.76,280.18
1789579020000000000,2026-09-16T17:17:00Z,free response,1.895,6.058,398.59,594.66,0.0,11.65,3421.37,2,On,403.94,282.05
1789579080000000000,2026-09-16T17:18:00Z,free response,1.974,5.955,418.14,387.95,0.0,10.79,3875.25,1,On,382.04,284.24
1789579140000000000,2026-09-16T17:19:00Z,free response,1.88,5.848,459.53,0.07,0.0,10.1,4549.8,3,On,425.55,292.23
1789579200000000000,2026-09-16T17:20:00Z,free response,1.842,5.749,499.02,290.78,0.0,9.68,5155.17,2,On,383.34,289.56
1789579260000000000,2026-09-16T17:21:00Z,free response,1.836,5.706,476.19,3.95,0.0,9.94,4790.64,1,On,368.79,292.19
1789579320000000000,2026-09-16T17:22:00Z,free response,1.855,5.719,483.59,387.48,0.0,10.11,4783.28,1,On,388.56,272.43
1789579380000000000,2026-09-16T17:23:00Z,free response,1.837,5.713,461.17,379.41,0.0,9.35,4932.3,2,On,386.64,275.28
1789579440000000000,2026-09-16T17:24:00Z,free response,1.803,5.681,450.55,553.42,0.0,9.44,4772.78,1,On,353.25,279.88
1789579500000000000,2026-09-16T17:25:00Z,free response,1.785,5.7,464.16,69.39,0.0,9.74,4765.5,3,On,316.92,262.7
1789579560000000000,2026-09-16T17:26:00Z,free response,1.755,5.724,497.62,88.57,0.0,8.27,6017.17,2,On,334.17,270.21
1789579620000000000,2026-09-16T17:27:00Z,free response,1.812,5.826,495.02,417.34,0.0,10.01,4945.25,2,On,333.77,257.88
1789579680000000000,2026-09-16T17:28:00Z,free response,1.769,5.872,459.93,156.07,0.0,9.61,4785.95,1,On,909.52,977.93
1789579740000000000,2026-09-16T17:29:00Z,free response,1.762,5.853,490.06,498.67,0.0,8.71,5626.41,2,On,903.42,987.67
1789579800000000000,2026-09-16T17:30:00Z,free response,1.728,5.811,459.53,419.22,0.0,8.58,5355.83,1,On,944.84,1000.0
1789579860000000000,2026-09-16T17:31:00Z,free response,1.723,5.901,431.26,322.57,0.0,9.28,4647.2,3,On,900.95,1000.0
1789579920000000000,2026-09-16T17:32:00Z,free response,1.737,5.816,394.55,221.18,0.0,9.31,4237.92,3,On,937.95,1000.0
1789579980000000000,2026-09-16T17:33:00Z,free response,1.759,5.8,376.01,352.27,0.0,8.71,4316.99,3,On,979.07,1000.0
1789580040000000000,2026-09-16T17:34:00Z,free response,1.741,5.851,344.26,547.41,0.0,9.41,3658.45,3,On,962.81,1000.0
1789580100000000000,2026-09-16T17:35:00Z,free response,1.794,5.882,343.39,67.05,0.0,10.28,3340.37,2,On,921.05,1000.0
1789580160000000000,2026-09-16T17:36:00Z,free response,1.83,5.779,343.89,209.41,0.0,10.55,3259.62,2,On,942.0,1000.0
1789580220000000000,2026-09-16T17:37:00Z,free response,1.826,5.736,376.99,358.09,0.0,9.43,3997.77,2,On,923.76,1000.0
1789580280000000000,2026-09-16T17:38:00Z,free response,1.837,5.7,411.3,345.04,0.0,9.87,4167.17,3,On,957.89,1000.0
1789580340000000000,2026-09-16T17:39:00Z,free response,1.834,5.781,407.45,402.33,0.0,10.15,4014.29,3,On,933.29,1000.0
1789580400000000000,2026-09-16T17:40:00Z,free response,1.826,5.739,428.82,337.34,0.0,9.46,4532.98,2,On,887.72,1000.0
1789580460000000000,2026-09-16T17:41:00Z,free response,1.861,5.696,463.29,220.65,0.0,9.1,5091.1,2,On,930.2,1000.0
1789580520000000000,2026-09-16T17:42:00Z,free response,1.814,5.672,432.35,579.35,0.0,9.91,4362.76,3,On,881.87,1000.0
1789580580000000000,2026-09-16T17:43:00Z,free response,1.844,5.666,392.19,435.06,0.0,9.69,4047.37,3,On,886.4,1000.0
1789580640000000000,2026-09-16T17:44:00Z,free response,1.844,5.65,391.99,531.45,0.0,9.4,4170.11,1,On,855.41,1000.0
1789580700000000000,2026-09-16T17:45:00Z,free response,1.853,5.579,356.89,495.39,0.0,9.71,3675.49,1,On,884.39,1000.0
1789580760000000000,2026-09-16T17:46:00Z,free response,1.826,5.578,332.36,328.51,0.0,8.93,3721.84,3,On,907.33,1000.0
1789580820000000000,2026-09-16T17:47:00Z,free response,1.772,5.57,344.04,200.57,0.0,9.11,3776.51,2,On,903.78,1000.0
1789580880000000000,2026-09-16T17:48:00Z,free response,1.758,5.588,342.86,264.17,0.0,8.39,4086.53,3,On,906.09,1000.0
1789580940000000000,2026-09-16T17:49:00Z,free response,1.797,5.607,366.96,423.33,0.0,8.96,4095.54,2,On,924.96,1000.0
1789581000000000000,2026-09-16T17:50:00Z,free response,1.786,5.512,373.81,203.29,0.0,8.02,4660.97,1,On,1295.2,733.37
1789581060000000000,2026-09-16T17:51:00Z,free response,1.74,5.483,397.33,179.57,0.0,8.66,4588.11,1,On,1327.46,760.4
1789581120000000000,2026-09-16T17:52:00Z,free response,1.721,5.449,411.63,202.44,0.0,7.62,5401.97,3,On,1352.52,738.45
1789581180000000000,2026-09-16T17:53:00Z,free response,1.763,5.488,445.75,341.1,0.0,9.24,4824.13,1,On,1389.56,742.78
1789581240000000000,2026-09-16T17:54:00Z,free response,1.735,5.502,460.01,544.5,0.0,7.89,5830.29,2,On,1339.74,721.18
1789581300000000000,2026-09-16T17:55:00Z,free response,1.754,5.494,489.39,310.73,0.0,8.03,6094.52,2,On,1321.27,702.57
1789581360000000000,2026-09-16T17:56:00Z,free response,1.762,5.487,524.4,452.03,0.0,8.72,6013.76,2,On,1312.78,718.08
1789581420000000000,2026-09-16T17:57:00Z,free response,1.787,5.467,497.36,300.6,0.0,8.17,6087.64,3,On,1007.79,858.6
1789581480000000000,2026-09-16T17:58:00Z,free response,1.799,5.461,525.11,294.62,0.0,8.16,6435.17,1,Off,1007.03,852.23
1789581540000000000,2026-09-16T17:59:00Z,free response,1.778,5.525,493.67,468.47,0.0,9.37,5268.62,1,Off,1014.95,839.17
1789581600000000000,2026-09-16T18:00:00Z,free response,1.762,5.525,517.98,82.98,0.0,9.16,5654.8,3,Off,999.12,861.43
1789581660000000000,2026-09-16T18:01:00Z,free response,1.771,5.426,559.87,458.41,0.0,9.14,6125.49,3,Off,1224.87,851.0
1789581720000000000,2026-09-16T18:02:00Z,free response,1.755,5.414,546.56,153.19,0.0,8.73,6260.71,1,Off,1251.45,879.03
1789581780000000000,2026-09-16T18:03:00Z,free response,1.799,5.44,586.45,547.11,0.0,8.06,7276.05,3,Off,1274.28,860.01
1789581840000000000,2026-09-16T18:04:00Z,free response,1.788,5.461,535.58,434.51,0.0,8.14,6579.61,3,Off,1308.41,887.21
1789581900000000000,2026-09-16T18:05:00Z,free response,1.814,5.426,496.74,488.68,0.0,8.32,5970.43,3,Off,1276.81,916.61
1789581960000000000,2026-09-16T18:06:00Z,free response,1.843,5.455,539.77,162.33,0.0,8.71,6197.13,2,Off,1299.86,941.8
1789582020000000000,2026-09-16T18:07:00Z,free response,1.906,5.489,501.72,70.14,0.0,9.58,5237.16,2,Off,1279.49,937.81
1789582080000000000,2026-09-16T18:08:00Z,free response,1.875,5.531,474.62,190.4,0.0,9.47,5011.83,1,Off,1326.16,919.48
1789582140000000000,2026-09-16T18:09:00Z,free response,1.843,5.562,447.49,29.13,0.0,9.76,4584.94,3,Off,1295.03,935.01
1789582200000000000,2026-09-16T18:10:00Z,free response,1.855,5.584,441.21,335.85,0.0,10.07,4381.43,1,Off,1264.68,921.29
1789582260000000000,2026-09-16T18:11:00Z,free response,1.85,5.634,466.16,583.87,0.0,9.2,5066.96,3,Off,1275.45,944.07
1789582320000000000,2026-09-16T18:12:00Z,free response,1.831,5.656,481.2,481.05,0.0,8.97,5364.55,3,Off,1308.27,970.51
1789582380000000000,2026-09-16T18:13:00Z,free response,1.846,5.578,455.41,520.91,0.0,9.76,4666.09,1,Off,1318.63,964.44
1789582440000000000,2026-09-16T18:14:00Z,free response,1.823,5.533,418.5,397.29,0.0,8.49,4929.33,2,Off,1338.24,993.53
1789582500000000000,2026-09-16T18:15:00Z,free response,1.822,5.555,440.94,589.47,0.0,9.02,4888.47,3,Off,1319.9,1000.0
1789582560000000000,2026-09-16T18:16:00Z,free response,1.839,5.549,477.35,67.91,0.0,9.13,5228.37,3,Off,1295.35,984.13
1789582620000000000,2026-09-16T18:17:00Z,free response,1.84,5.532,445.28,215.13,0.0,10.12,4400.0,2,Off,1259.76,960.8
1789582680000000000,2026-09-16T18:18:00Z,free response,1.883,5.608,455.7,71.49,0.0,9.57,4761.76,1,Off,1229.72,979.37
1789582740000000000,2026-09-16T18:19:00Z,free response,1.859,5.602,458.69,124.42,0.0,10.33,4440.37,2,Off,1256.55,962.66
1789582800000000000,2026-09-16T18:20:00Z,free response,1.912,5.593,451.79,240.62,0.0,9.55,4730.79,3,Off,606.42,987.43
1789582860000000000,2026-09-16T18:21:00Z,free response,1.937,5.49,468.9,537.41,0.0,10.52,4457.22,3,Off,649.27,1000.0
1789582920000000000,2026-09-16T18:22:00Z,free response,1.873,5.52,447.69,270.53,0.0,10.03,4463.51,1,Off,675.0,1000.0
1789582980000000000,2026-09-16T18:23:00Z,free response,1.859,5.501,426.21,355.42,0.0,9.14,4663.13,1,Off,662.48,1000.0
1789583040000000000,2026-09-16T18:24:00Z,free response,1.801,5.414,386.39,596.64,0.0,9.21,4195.33,3,Off,708.81,1000.0
1789583100000000000,2026-09-16T18:25:00Z,free response,1.796,5.41,370.55,556.12,0.0,9.12,4063.05,2,Off,726.17,994.37
1789583160000000000,2026-09-16T18:26:00Z,free response,1.819,5.401,398.93,420.21,0.0,8.74,4564.42,2,Off,680.74,1000.0
1789583220000000000,2026-09-16T18:27:00Z,free response,1.8,5.404,436.6,271.98,0.0,8.45,5166.86,3,Off,725.15,997.97
1789583280000000000,2026-09-16T18:28:00Z,free response,1.831,5.352,458.11,388.53,0.0,9.86,4646.15,3,Off,720.64,1000.0
1789583340000000000,2026-09-16T18:29:00Z,free response,1.771,5.343,422.32,6.48,0.0,7.75,5449.29,1,Off,734.94,994.95
1789583400000000000,2026-09-16T18:30:00Z,free response,1.797,5.341,393.84,540.79,0.0,9.1,4327.91,3,Off,751.99,1000.0
1789583460000000000,2026-09-16T18:31:00Z,free response,1.776,5.298,408.59,410.39,0.0,7.59,5383.27,1,Off,731.22,1000.0
1789583520000000000,2026-09-16T18:32:00Z,free response,1.777,5.34,378.07,420.3,0.0,8.28,4566.06,2,Off,743.06,994.82
1789583580000000000,2026-09-16T18:33:00Z,free response,1.79,5.357,410.76,50.25,0.0,8.9,4615.28,1,Off,741.98,1000.0
1789583640000000000,2026-09-16T18:34:00Z,free response,1.83,5.367,372.45,90.48,0.0,8.38,4444.51,3,Off,767.95,1000.0
1789583700000000000,2026-09-16T18:35:00Z,free response,1.837,5.39,351.42,507.38,0.0,8.71,4034.67,2,Off,734.21,983.16
1789583760000000000,2026-09-16T18:36:00Z,free response,1.842,5.326,354.9,545.94,0.0,8.19,4333.33,3,Off,724.49,970.09
1789583820000000000,2026-09-16T18:37:00Z,free response,1.879,5.35,350.31,559.06,0.0,9.61,3645.27,3,Off,763.73,949.07
1789583880000000000,2026-09-16T18:38:00Z,free response,1.9,5.364,374.29,399.63,0.0,8.78,4262.98,2,Off,769.5,967.79
1789583940000000000,2026-09-16T18:39:00Z,free response,1.923,5.452,409.41,387.25,0.0,11.01,3718.53,2,Off,760.5,969.28
1789584000000000000,2026-09-16T18:40:00Z,free response,1.929,5.386,423.26,417.62,0.0,9.86,4292.7,2,Off,739.03,940.6
1789584060000000000,2026-09-16T18:41:00Z,free response,1.965,5.352,401.14,418.89,0.0,10.21,3928.89,2,Off,760.24,915.24
1789584120000000000,2026-09-16T18:42:00Z,free response,1.955,5.372,378.87,319.13,0.0,11.23,3373.73,1,Off,764.92,903.95
1789584180000000000,2026-09-16T18:43:00Z,free response,1.99,5.424,366.72,466.45,0.0,11.46,3200.0,3,Off,758.46,885.08
1789584240000000000,2026-09-16T18:44:00Z,free response,1.951,5.335,337.04,519.42,0.0,9.56,3525.52,3,Off,713.61,908.41
1789584300000000000,2026-09-16T18:45:00Z,free response,1.9,5.427,323.55,259.29,0.0,9.2,3516.85,2,Off,761.94,912.08
1789584360000000000,2026-09-16T18:46:00Z,free response,1.913,5.393,316.71,20.07,0.0,10.44,3033.62,2,Off,776.26,931.05
1789584420000000000,2026-09-16T18:47:00Z,free response,1.897,5.413,315.59,336.7,0.0,10.31,3061.01,3,Off,793.51,920.6
1789584480000000000,2026-09-16T18:48:00Z,free response,1.841,5.525,311.51,88.9,0.0,10.1,3084.26,2,Off,820.94,903.14
1789584540000000000,2026-09-16T18:49:00Z,free response,1.886,5.574,288.25,135.86,0.0,9.93,2902.82,2,Off,866.64,889.94
1789584600000000000,2026-09-16T18:50:00Z,free response,1.91,5.455,273.63,336.24,0.0,9.61,2847.35,1,Off,916.51,913.94
1789584660000000000,2026-09-16T18:51:00Z,free response,1.932,5.432,268.48,322.54,0.0,10.45,2569.19,1,Off,924.29,920.5
1789584720000000000,2026-09-16T18:52:00Z,free response,1.968,5.442,264.8,487.18,0.0,10.5,2521.9,3,Off,688.49,422.51
1789584780000000000,2026-09-16T18:53:00Z,free response,1.978,5.42,272.62,552.63,0.0,11.2,2434.11,2,Off,654.04,427.09
1789584840000000000,2026-09-16T18:54:00Z,free response,1.936,5.471,279.26,421.11,0.0,10.26,2721.83,3,Off,698.91,408.48
1789584900000000000,2026-09-16T18:55:00Z,free response,1.922,5.531,264.72,347.42,0.0,10.82,2446.58,2,Off,696.74,410.04
1789584960000000000,2026-09-16T18:56:00Z,free response,1.938,5.621,241.32,109.56,0.0,10.18,2370.53,2,Off,739.15,407.35
1789585020000000000,2026-09-16T18:57:00Z,free response,1.94,5.623,258.73,325.64,0.0,9.67,2675.59,2,Off,765.04,429.53
1789585080000000000,2026-09-16T18:58:00Z,free response,1.882,5.686,254.27,56.35,0.0,10.3,2468.64,2,Off,792.39,430.74
1789585140000000000,2026-09-16T18:59:00Z,free response,1.857,5.658,246.03,380.03,0.0,9.61,2560.15,2,Off,814.69,415.18
1789585200000000000,2026-09-16T19:00:00Z,free response,1.822,5.602,261.15,103.81,0.0,9.22,2832.43,2,Off,780.35,398.42
1789585260000000000,2026-09-16T19:01:00Z,free response,1.81,5.64,271.47,381.72,0.0,8.95,3033.18,3,Off,813.61,407.68
1789585320000000000,2026-09-16T19:02:00Z,free response,1.784,5.648,292.22,366.49,0.0,8.95,3265.03,1,Off,839.48,391.65
1789585380000000000,2026-09-16T19:03:00Z,free response,1.751,5.641,281.13,546.45,0.0,8.6,3268.95,1,Off,888.01,403.85
1789585440000000000,2026-09-16T19:04:00Z,free response,1.797,5.71,305.87,555.74,0.0,8.82,3467.91,3,Off,892.67,433.02
1789585500000000000,2026-09-16T19:05:00Z,free response,1.85,5.762,298.41,494.46,0.0,9.28,3215.63,2,Off,940.25,428.1
1789585560000000000,2026-09-16T19:06:00Z,free response,1.911,5.859,321.56,336.67,0.0,11.36,2830.63,3,Off,940.48,399.3
1789585620000000000,2026-09-16T19:07:00Z,free response,1.938,5.779,315.14,300.6,0.0,11.45,2752.31,3,Off,953.15,385.03
1789585680000000000,2026-09-16T19:08:00Z,free response,1.917,5.78,335.48,42.13,0.0,11.42,2937.65,1,Off,974.91,385.56
1789585740000000000,2026-09-16T19:09:00Z,free response,1.952,5.72,308.93,537.22,0.0,11.69,2642.69,1,Off,1018.11,403.69
1789585800000000000,2026-09-16T19:10:00Z,free response,1.862,5.745,289.62,121.04,0.0,9.66,2998.14,3,Off,1051.3,392.65
1789585860000000000,2026-09-16T19:11:00Z,free response,1.827,5.767,301.7,256.6,0.0,10.34,2917.79,2,Off,1010.07,413.83
1789585920000000000,2026-09-16T19:12:00Z,free response,1.762,5.704,296.24,10.98,0.0,8.35,3547.78,2,Off,1058.2,390.27
1789585980000000000,2026-09-16T19:13:00Z,free response,1.745,5.761,284.52,406.6,0.0,8.33,3415.61,1,Off,1099.62,391.97
1789586040000000000,2026-09-16T19:14:00Z,free response,1.802,5.682,292.35,359.89,0.0,9.28,3150.32,1,Off,1089.61,387.29
1789586100000000000,2026-09-16T19:15:00Z,free response,1.828,5.72,280.85,225.25,0.0,9.86,2848.38,3,Off,1079.33,373.78
1789586160000000000,2026-09-16T19:16:00Z,free response,1.862,5.707,262.01,242.93,0.0,10.79,2428.27,2,Off,1079.59,400.18
1789586220000000000,2026-09-16T19:17:00Z,free response,1.955,5.624,244.73,366.47,0.0,10.95,2234.98,1,Off,1076.88,395.82
1789586280000000000,2026-09-16T19:18:00Z,free response,1.979,5.555,231.69,0.02,0.0,10.49,2208.67,2,Off,1040.56,368.62
1789586340000000000,2026-09-16T19:19:00Z,free response,2.026,5.541,220.57,436.74,0.0,10.81,2040.43,3,Off,997.42,368.03
1789586400000000000,2026-09-16T19:20:00Z,free response,2.062,5.426,203.76,300.71,0.0,11.69,1743.03,2,Off,968.52,344.75
1789586460000000000,2026-09-16T19:21:00Z,free response,1.938,5.499,202.1,136.44,0.0,10.19,1983.32,3,Off,924.11,363.01
1789586520000000000,2026-09-16T19:22:00Z,free response,1.908,5.495,208.11,108.25,0.0,9.95,2091.56,2,Off,884.57,360.45
1789586580000000000,2026-09-16T19:23:00Z,free response,1.857,5.614,200.89,593.59,0.0,9.99,2010.91,3,Off,868.9,331.27
1789586640000000000,2026-09-16T19:24:00Z,free response,1.872,5.627,189.34,431.33,0.0,10.19,1858.1,3,Off,880.95,318.77
1789586700000000000,2026-09-16T19:25:00Z,free response,1.817,5.537,179.88,380.77,0.0,8.66,2077.14,1,Off,837.88,298.99
1789586760000000000,2026-09-16T19:26:00Z,free response,1.808,5.504,173.02,362.88,0.0,9.27,1866.45,3,Off,859.47,292.65
1789586820000000000,2026-09-16T19:27:00Z,free response,1.812,5.462,188.89,129.96,0.0,9.18,2057.63,2,Off,903.49,314.1
1789586880000000000,2026-09-16T19:28:00Z,free response,1.824,5.469,194.86,70.65,0.0,9.76,1996.52,3,Off,935.24,327.64
1789586940000000000,2026-09-16T19:29:00Z,free response,1.785,5.389,201.93,541.94,0.0,9.38,2152.77,1,Off,923.2,307.71
1789587000000000000,2026-09-16T19:30:00Z,free response,1.808,5.467,198.91,7.88,0.0,9.14,2176.26,3,Off,961.27,330.66
1789587060000000000,2026-09-16T19:31:00Z,free response,1.833,5.485,211.05,64.27,0.0,8.86,2382.05,2,Off,926.55,341.51
1789587120000000000,2026-09-16T19:32:00Z,free response,1.781,5.551,204.91,281.32,0.0,8.98,2281.85,3,Off,884.09,317.12
1789587180000000000,2026-09-16T19:33:00Z,free response,1.783,5.58,213.08,550.95,0.0,8.23,2589.06,2,Off,931.32,308.24
1789587240000000000,2026-09-16T19:34:00Z,free response,1.812,5.487,197.35,167.08,0.0,9.16,2154.48,2,Off,945.22,278.43
1789587300000000000,2026-09-16T19:35:00Z,free response,1.819,5.585,216.29,430.54,0.0,10.14,2133.04,3,Off,993.83,273.88
1789587360000000000,2026-09-16T19:36:00Z,free response,1.917,5.535,206.71,332.01,0.0,10.7,1931.87,2,Off,970.2,249.3
1789587420000000000,2026-09-16T19:37:00Z,free response,1.946,5.477,203.66,355.75,0.0,10.36,1965.83,3,Off,936.56,262.92
1789587480000000000,2026-09-16T19:38:00Z,free response,1.958,5.459,218.42,291.99,0.0,10.53,2074.26,3,Off,979.47,278.39
1789587540000000000,2026-09-16T19:39:00Z,free response,1.963,5.426,216.82,121.52,0.0,9.59,2260.9,2,Off,983.24,255.71
1789587600000000000,2026-09-16T19:40:00Z,free response,1.944,5.512,212.09,496.24,0.0,10.15,2089.56,3,Starting,1019.96,249.83
1789587660000000000,2026-09-16T19:41:00Z,free response,1.944,5.502,233.18,189.33,0.0,9.41,2478.0,2,Starting,1050.4,219.95
1789587720000000000,2026-09-16T19:42:00Z,free response,2.003,5.493,241.04,460.54,0.0,11.42,2110.68,2,Starting,1095.78,220.72
1789587780000000000,2026-09-16T19:43:00Z,free response,1.918,5.409,248.84,130.88,0.0,10.14,2454.04,1,Starting,1088.66,208.04
1789587840000000000,2026-09-16T19:44:00Z,free response,1.986,5.402,272.48,104.51,0.0,10.32,2640.31,3,Starting,1137.28,220.95
1789587900000000000,2026-09-16T19:45:00Z,free response,2.032,5.36,278.4,460.81,0.0,10.29,2705.54,3,Starting,1171.13,244.05
1789587960000000000,2026-09-16T19:46:00Z,free response,2.063,5.367,255.39,479.42,0.0,12.39,2061.26,2,Starting,1154.08,224.44
1789588020000000000,2026-09-16T19:47:00Z,free response,2.078,5.438,240.13,334.09,0.0,10.73,2237.93,1,Starting,1159.13,204.6
1789588080000000000,2026-09-16T19:48:00Z,free response,2.029,5.434,239.22,286.81,0.0,12.2,1960.82,1,Starting,1135.23,225.1
1789588140000000000,2026-09-16T19:49:00Z,free response,1.952,5.424,252.57,345.15,0.0,10.86,2325.69,3,Starting,1115.97,246.91
1789588200000000000,2026-09-16T19:50:00Z,free response,1.965,5.323,276.22,274.32,0.0,9.98,2767.74,1,Starting,1082.89,275.34
1789588260000000000,2026-09-16T19:51:00Z,free response,1.973,5.382,272.42,122.12,0.0,9.69,2811.35,3,Starting,1062.58,263.73
1789588320000000000,2026-09-16T19:52:00Z,free response,1.918,5.33,263.58,428.86,0.0,9.52,2768.7,2,Starting,1096.42,284.69
1789588380000000000,2026-09-16T19:53:00Z,free response,1.922,5.431,242.45,324.88,0.0,10.08,2405.26,3,Starting,1117.48,286.19
1789588440000000000,2026-09-16T19:54:00Z,free response,1.989,5.413,225.13,136.18,0.0,10.8,2084.54,2,Starting,1139.38,316.01
1789588500000000000,2026-09-16T19:55:00Z,free response,1.971,5.462,240.8,474.9,0.0,11.3,2130.97,1,Starting,1115.87,335.32
1789588560000000000,2026-09-16T19:56:00Z,free response,1.851,5.496,246.45,166.72,0.0,9.54,2583.33,1,Starting,1146.33,312.16
1789588620000000000,2026-09-16T19:57:00Z,free response,1.926,5.542,267.73,419.66,0.0,10.83,2472.11,1,Starting,1117.15,290.54
1789588680000000000,2026-09-16T19:58:00Z,free response,1.894,5.532,250.78,115.1,0.0,9.24,2714.07,1,Starting,1080.03,289.21
1789588740000000000,2026-09-16T19:59:00Z,free response,1.888,5.581,250.03,571.46,0.0,9.81,2548.73,1,Starting,1099.59,259.74
1789588800000000000,2026-09-16T20:00:00Z,free response,1.913,5.484,227.23,91.44,0.0,9.41,2414.77,1,Starting,1141.78,258.26
1789588860000000000,2026-09-16T20:01:00Z,free response,1.859,5.491,235.64,319.53,0.0,9.18,2566.88,1,Starting,1150.3,243.17
1789588920000000000,2026-09-16T20:02:00Z,free response,1.783,5.403,233.89,509.86,0.0,8.55,2735.56,3,Starting,1168.02,269.28
1789588980000000000,2026-09-16T20:03:00Z,free response,1.837,5.425,237.4,303.22,0.0,8.69,2731.88,1,Starting,1196.54,291.55
1789589040000000000,2026-09-16T20:04:00Z,free response,1.902,5.451,231.83,184.86,0.0,9.02,2570.18,2,Starting,1245.36,279.29
1789589100000000000,2026-09-16T20:05:00Z,free response,1.85,5.55,220.58,16.17,0.0,9.94,2219.11,1,Starting,1253.04,305.62
1789589160000000000,2026-09-16T20:06:00Z,free response,1.927,5.635,229.14,54.92,0.0,9.72,2357.41,3,Starting,1293.5,290.23
1789589220000000000,2026-09-16T20:07:00Z,free response,1.913,5.703,208.69,354.4,0.0,11.29,1848.45,1,Starting,1336.13,274.28
1789589280000000000,2026-09-16T20:08:00Z,free response,1.947,5.603,215.25,467.24,0.0,9.97,2158.98,2,Starting,1290.84,302.86
1789589340000000000,2026-09-16T20:09:00Z,free response,1.967,5.518,208.02,365.36,0.0,10.01,2078.12,2,Starting,1324.41,304.4
1789589400000000000,2026-09-16T20:10:00Z,free response,2.02,5.448,215.13,165.92,0.0,10.14,2121.6,2,Starting,1280.27,312.79
1789589460000000000,2026-09-16T20:11:00Z,free response,1.975,5.468,227.68,466.04,0.0,10.0,2276.8,3,Starting,1314.64,320.5
1789589520000000000,2026-09-16T20:12:00Z,free response,1.961,5.404,228.1,236.77,0.0,10.19,2238.47,1,Starting,1300.51,291.47
1789589580000000000,2026-09-16T20:13:00Z,free response,2.028,5.345,229.12,591.99,0.0,10.35,2213.72,3,Starting,1297.26,300.62
1789589640000000000,2026-09-16T20:14:00Z,free response,2.102,5.282,236.67,71.62,0.0,11.75,2014.21,1,Starting,1254.24,328.79
1789589700000000000,2026-09-16T20:15:00Z,free response,2.109,5.152,250.51,145.97,0.0,12.47,2008.9,2,Starting,1230.36,315.48
1789589760000000000,2026-09-16T20:16:00Z,free response,2.009,5.126,237.22,584.74,0.0,10.57,2244.28,2,Starting,1254.41,324.34
1789589820000000000,2026-09-16T20:17:00Z,free response,1.973,5.081,255.59,333.2,0.0,10.23,2498.44,1,Starting,1253.14,319.66
1789589880000000000,2026-09-16T20:18:00Z,free response,1.903,5.143,277.15,455.86,0.0,8.7,3185.63,2,Starting,1257.4,295.54
1789589940000000000,2026-09-16T20:19:00Z,free response,1.933,5.082,264.91,502.1,0.0,10.03,2641.18,2,Starting,1212.03,277.19
1789590000000000000,2026-09-16T20:20:00Z,free response,2.065,5.136,266.78,535.99,0.0,11.59,2301.81,3,Starting,1226.48,270.97
1789590060000000000,2026-09-16T20:21:00Z,free response,1.988,5.143,244.74,169.91,0.0,9.62,2544.07,1,Starting,1219.0,243.48
1789590120000000000,2026-09-16T20:22:00Z,free response,1.922,5.178,242.88,66.39,0.0,8.89,2732.06,2,Starting,1228.32,271.92
1789590180000000000,2026-09-16T20:23:00Z,free response,1.873,5.17,231.64,520.97,0.0,8.41,2754.34,2,Starting,1275.13,259.37
1789590240000000000,2026-09-16T20:24:00Z,free response,1.904,5.13,211.73,569.77,0.0,8.44,2508.65,1,Starting,1275.83,252.63
1789590300000000000,2026-09-16T20:25:00Z,free response,1.925,5.101,190.97,128.98,0.0,10.12,1887.06,1,Starting,1256.29,235.25
1789590360000000000,2026-09-16T20:26:00Z,free response,1.849,5.034,190.82,174.59,0.0,8.11,2352.9,2,Starting,1265.07,218.71
1789590420000000000,2026-09-16T20:27:00Z,free response,1.852,5.068,205.55,185.11,0.0,8.88,2314.75,3,Starting,1242.72,198.46
1789590480000000000,2026-09-16T20:28:00Z,free response,1.812,5.133,194.95,135.8,0.0,7.97,2446.05,3,Starting,1203.21,177.12
1789590540000000000,2026-09-16T20:29:00Z,free response,1.749,5.095,194.94,119.37,0.0,7.52,2592.29,1,Starting,1187.71,200.27
1789590600000000000,2026-09-16T20:30:00Z,free response,1.776,5.032,213.63,72.93,0.0,8.39,2546.25,2,Starting,1212.81,213.3
1789590660000000000,2026-09-16T20:31:00Z,free response,1.793,5.083,212.32,338.34,0.0,8.75,2426.51,3,Starting,1185.83,221.05
1789590720000000000,2026-09-16T20:32:00Z,free response,1.783,5.055,206.4,596.35,0.0,8.44,2445.5,1,Starting,1137.14,236.25
1789590780000000000,2026-09-16T20:33:00Z,free response,1.808,5.027,209.31,36.85,0.0,8.99,2328.25,1,Starting,1147.19,252.97
1789590840000000000,2026-09-16T20:34:00Z,free response,1.858,5.038,195.06,529.11,0.0,9.1,2143.52,3,Starting,1134.95,278.75
1789590900000000000,2026-09-16T20:35:00Z,free response,1.832,5.032,209.06,448.91,0.0,8.03,2603.49,3,Starting,1142.34,298.2
1789590960000000000,2026-09-16T20:36:00Z,free response,1.809,5.054,207.43,119.87,0.0,8.43,2460.62,3,Starting,1109.86,305.46
1789591020000000000,2026-09-16T20:37:00Z,free response,1.783,5.076,220.79,351.92,0.0,8.76,2520.43,1,Starting,1087.53,303.43
1789591080000000000,2026-09-16T20:38:00Z,free response,1.765,5.055,200.47,593.26,0.0,7.21,2780.44,1,Starting,1037.91,327.69
1789591140000000000,2026-09-16T20:39:00Z,free response,1.817,5.096,206.63,532.93,0.0,8.18,2526.04,3,Starting,1012.28,342.39
1789591200000000000,2026-09-16T20:40:00Z,free response,1.892,5.125,194.69,164.86,0.0,9.33,2086.71,2,Starting,1020.49,357.38
1789591260000000000,2026-09-16T20:41:00Z,free response,1.97,5.089,211.83,597.99,0.0,9.11,2325.25,2,Starting,1029.22,385.78
1789591320000000000,2026-09-16T20:42:00Z,free response,2.028,5.205,207.83,308.96,0.0,11.21,1853.97,1,Starting,1011.34,372.82
1789591380000000000,2026-09-16T20:43:00Z,free response,2.106,5.245,198.47,501.53,0.0,10.55,1881.23,1,Starting,1053.61,396.75
1789591440000000000,2026-09-16T20:44:00Z,free response,2.038,5.255,192.62,534.52,0.0,11.65,1653.39,3,Starting,1010.16,398.47
1789591500000000000,2026-09-16T20:45:00Z,free response,1.978,5.209,180.31,40.13,0.0,9.59,1880.19,2,Starting,1055.75,405.01
1789591560000000000,2026-09-16T20:46:00Z,free response,1.951,5.261,192.81,406.6,0.0,9.78,1971.47,1,Starting,1069.8,433.56
1789591620000000000,2026-09-16T20:47:00Z,free response,1.978,5.236,210.87,220.37,0.0,9.87,2136.47,3,Starting,1066.84,463.12
1789591680000000000,2026-09-16T20:48:00Z,free response,1.969,5.234,203.46,299.5,0.0,10.97,1854.69,2,Starting,1050.36,470.2
1789591740000000000,2026-09-16T20:49:00Z,free response,1.999,5.227,209.85,276.35,0.0,9.43,2225.34,2,Starting,1000.75,440.27
1789591800000000000,2026-09-16T20:50:00Z,free response,2.005,5.239,206.83,553.24,0.0,11.11,1861.66,2,Starting,1037.13,435.01
1789591860000000000,2026-09-16T20:51:00Z,free response,1.991,5.272,196.81,199.64,0.0,10.22,1925.73,2,Starting,1080.92,434.95
1789591920000000000,2026-09-16T20:52:00Z,free response,2.081,5.306,194.31,436.41,0.0,12.31,1578.47,2,Starting,1064.63,424.76
1789591980000000000,2026-09-16T20:53:00Z,free response,2.047,5.387,185.86,431.89,0.0,11.55,1609.18,3,Starting,1068.14,422.83
1789592040000000000,2026-09-16T20:54:00Z,free response,2.034,5.352,173.44,195.33,0.0,10.57,1640.87,3,Starting,1034.46,393.78
1789592100000000000,2026-09-16T20:55:00Z,free response,2.031,5.315,162.0,173.92,0.0,12.0,1350.0,3,Starting,991.52,397.95
1789592160000000000,2026-09-16T20:56:00Z,free response,1.994,5.236,150.5,334.82,0.0,10.67,1410.5,2,Starting,1386.5,707.32
1789592220000000000,2026-09-16T20:57:00Z,free response,1.933,5.228,148.37,75.97,0.0,10.3,1440.49,3,Starting,1356.27,714.68
1789592280000000000,2026-09-16T20:58:00Z,free response,1.939,5.242,157.24,65.75,0.0,9.49,1656.9,1,Starting,1362.11,705.75
1789592340000000000,2026-09-16T20:59:00Z,free response,1.968,5.282,159.5,282.95,0.0,10.81,1475.49,2,Starting,1403.08,687.42
1789592400000000000,2026-09-16T21:00:00Z,free response,1.953,5.264,161.41,371.89,0.0,10.74,1502.89,1,Starting,1417.99,686.54
1789592460000000000,2026-09-16T21:01:00Z,free response,1.948,5.266,161.43,303.46,0.0,9.01,1791.68,1,Starting,1449.07,660.27
1789592520000000000,2026-09-16T21:02:00Z,free response,1.935,5.3,157.86,127.03,0.0,9.28,1701.08,2,Starting,1475.7,671.22
1789592580000000000,2026-09-16T21:03:00Z,free response,1.898,5.247,143.61,370.67,0.0,10.37,1384.86,1,Starting,1450.54,662.44
1789592640000000000,2026-09-16T21:04:00Z,free response,1.843,5.147,129.39,362.36,0.0,9.44,1370.66,3,Starting,618.44,466.93
1789592700000000000,2026-09-16T21:05:00Z,free response,1.871,5.152,138.48,451.51,0.0,9.28,1492.24,3,Starting,592.36,438.17
1789592760000000000,2026-09-16T21:06:00Z,free response,1.822,5.094,145.44,43.4,0.0,8.31,1750.18,2,Starting,548.93,429.44
1789592820000000000,2026-09-16T21:07:00Z,free response,1.828,5.157,132.28,579.27,0.0,9.15,1445.68,1,Starting,540.87,411.61
1789592880000000000,2026-09-16T21:08:00Z,free response,1.818,5.187,145.24,12.62,0.0,8.07,1799.75,3,Starting,580.36,439.86
1789592940000000000,2026-09-16T21:09:00Z,free response,1.869,5.198,141.67,553.12,0.0,9.41,1505.53,3,Starting,599.73,436.36
1789593000000000000,2026-09-16T21:10:00Z,free response,1.899,5.258,130.41,309.62,0.0,9.49,1374.18,2,Starting,567.57,410.99
1789593060000000000,2026-09-16T21:11:00Z,free response,1.878,5.294,125.75,376.23,0.0,8.61,1460.51,2,Starting,576.21,414.56
1789593120000000000,2026-09-16T21:12:00Z,free response,1.91,5.273,113.91,475.15,0.0,9.92,1148.29,1,Starting,581.96,426.29
1789593180000000000,2026-09-16T21:13:00Z,free response,1.92,5.34,104.11,94.69,0.0,9.15,1137.81,2,Starting,594.98,445.16
1789593240000000000,2026-09-16T21:14:00Z,free response,1.969,5.356,105.7,143.82,0.0,9.47,1116.16,2,Starting,588.18,455.17
1789593300000000000,2026-09-16T21:15:00Z,free response,1.995,5.418,106.89,134.17,0.0,11.77,908.16,3,Starting,578.88,452.71
1789593360000000000,2026-09-16T21:16:00Z,free response,2.011,5.369,98.04,368.88,0.0,10.05,975.52,2,Starting,604.3,444.24
1789593420000000000,2026-09-16T21:17:00Z,free response,2.005,5.335,88.57,65.22,0.0,11.04,802.26,2,Starting,611.39,432.33
1789593480000000000,2026-09-16T21:18:00Z,free response,2.007,5.357,89.75,382.13,0.0,10.09,889.49,1,Starting,609.96,451.35
1789593540000000000,2026-09-16T21:19:00Z,free response,1.949,5.304,95.31,45.85,0.0,9.55,998.01,1,Starting,561.88,463.67
1789593600000000000,2026-09-16T21:20:00Z,free response,1.889,5.359,104.74,33.69,0.0,9.14,1145.95,1,Starting,585.0,456.87
1789593660000000000,2026-09-16T21:21:00Z,free response,1.87,5.435,111.84,310.09,0.0,9.33,1198.71,1,Starting,577.24,431.46
1789593720000000000,2026-09-16T21:22:00Z,free response,1.858,5.386,121.03,361.67,0.0,9.47,1278.04,1,Starting,596.86,458.16
1789593780000000000,2026-09-16T21:23:00Z,free response,1.769,5.345,117.56,374.42,0.0,8.19,1435.41,3,Starting,625.99,455.87
1789593840000000000,2026-09-16T21:24:00Z,free response,1.766,5.253,115.92,253.7,0.0,8.99,1289.43,1,Starting,967.4,943.27
1789593900000000000,2026-09-16T21:25:00Z,free response,1.752,5.212,111.89,357.67,0.0,8.23,1359.54,3,Starting,931.2,956.72
1789593960000000000,2026-09-16T21:26:00Z,free response,1.735,5.135,108.82,226.87,0.0,8.15,1335.21,3,Starting,1063.82,737.68
1789594020000000000,2026-09-16T21:27:00Z,free response,1.767,5.125,116.7,99.62,0.0,7.53,1549.8,1,Starting,1110.91,760.54
1789594080000000000,2026-09-16T21:28:00Z,free response,1.745,5.114,127.79,48.86,0.0,8.18,1562.22,3,Starting,1104.12,770.36
1789594140000000000,2026-09-16T21:29:00Z,free response,1.674,5.114,123.06,156.24,0.0,7.19,1711.54,2,Starting,1140.53,791.15
1789594200000000000,2026-09-16T21:30:00Z,free response,1.648,5.082,135.0,405.91,0.0,6.75,2000.0,3,Starting,1176.74,777.3
1789594260000000000,2026-09-16T21:31:00Z,free response,1.59,5.047,121.5,229.9,0.0,6.74,1802.67,2,Starting,1155.12,797.73
1789594320000000000,2026-09-16T21:32:00Z,free response,1.618,4.972,120.79,548.63,0.0,6.3,1917.3,1,Starting,1105.45,773.94
1789594380000000000,2026-09-16T21:33:00Z,free response,1.6,5.017,126.72,72.63,0.0,6.83,1855.34,1,Starting,1111.3,786.23
1789594440000000000,2026-09-16T21:34:00Z,free response,1.557,4.977,114.05,171.36,0.0,6.13,1860.52,1,Starting,1152.13,781.05
1789594500000000000,2026-09-16T21:35:00Z,free response,1.583,4.975,102.71,46.56,0.0,6.58,1560.94,1,Starting,1122.56,790.69
1789594560000000000,2026-09-16T21:36:00Z,free response,1.677,4.947,94.58,128.48,0.0,7.36,1285.05,3,Starting,1101.01,775.22
1789594620000000000,2026-09-16T21:37:00Z,free response,1.635,4.899,90.78,191.75,0.0,7.13,1273.21,3,Starting,1130.8,791.37
1789594680000000000,2026-09-16T21:38:00Z,free response,1.667,4.965,93.48,138.98,0.0,7.37,1268.39,3,Starting,1103.84,778.88
1789594740000000000,2026-09-16T21:39:00Z,free response,1.651,4.907,84.99,146.27,0.0,6.12,1388.73,2,Starting,1081.12,771.05
1789594800000000000,2026-09-16T21:40:00Z,free response,1.674,4.906,78.48,439.29,0.0,7.53,1042.23,3,Starting,1074.07,772.83
1789594860000000000,2026-09-16T21:41:00Z,free response,1.718,4.904,80.95,473.43,0.0,7.49,1080.77,1,Starting,1205.33,871.58
1789594920000000000,2026-09-16T21:42:00Z,free response,1.764,4.968,83.31,245.06,0.0,8.27,1007.38,1,Starting,1185.84,895.06
1789594980000000000,2026-09-16T21:43:00Z,free response,1.842,4.959,79.83,410.46,0.0,8.25,967.64,1,Starting,1142.99,898.86
1789595040000000000,2026-09-16T21:44:00Z,free response,1.811,4.924,79.64,292.3,0.0,8.02,993.02,2,Starting,1172.35,905.55
1789595100000000000,2026-09-16T21:45:00Z,free response,1.815,4.93,86.36,169.76,0.0,8.7,992.64,2,Starting,1218.71,877.61
1789595160000000000,2026-09-16T21:46:00Z,free response,1.816,5.007,88.93,361.36,0.0,7.99,1113.02,1,Starting,1184.93,882.96
1789595220000000000,2026-09-16T21:47:00Z,free response,1.786,5.021,85.19,274.13,0.0,8.61,989.43,1,Starting,1145.37,911.2
1789595280000000000,2026-09-16T21:48:00Z,free response,1.772,5.042,93.09,240.62,0.0,7.3,1275.21,1,Starting,1150.06,932.91
1789595340000000000,2026-09-16T21:49:00Z,free response,1.706,5.029,99.96,79.94,0.0,6.64,1505.42,1,Starting,1196.14,962.9
1789595400000000000,2026-09-16T21:50:00Z,free response,1.597,5.016,101.41,240.8,0.0,6.78,1495.72,1,Starting,1243.51,938.12
1789595460000000000,2026-09-16T21:51:00Z,free response,1.57,5.123,109.32,288.08,0.0,6.74,1621.96,1,Starting,1196.92,947.07
1789595520000000000,2026-09-16T21:52:00Z,free response,1.61,5.068,98.97,500.12,0.0,6.38,1551.25,3,Starting,1166.95,952.47
1789595580000000000,2026-09-16T21:53:00Z,free response,1.62,5.057,108.63,529.0,0.0,6.15,1766.34,2,On,1214.55,970.63
1789595640000000000,2026-09-16T21:54:00Z,free response,1.608,5.174,107.22,389.54,0.0,7.32,1464.75,2,On,1169.85,972.43
1789595700000000000,2026-09-16T21:55:00Z,free response,1.598,5.291,113.76,477.8,0.0,6.13,1855.79,2,On,1155.36,945.05
1789595760000000000,2026-09-16T21:56:00Z,free response,1.568,5.253,108.21,303.02,0.0,6.19,1748.14,1,On,1198.9,960.04
1789595820000000000,2026-09-16T21:57:00Z,free response,1.582,5.342,116.88,524.87,0.0,6.13,1906.69,3,On,1227.99,978.86
1789595880000000000,2026-09-16T21:58:00Z,free response,1.545,5.37,121.65,577.29,0.0,6.86,1773.32,1,On,1221.06,981.47
1789595940000000000,2026-09-16T21:59:00Z,free response,1.551,5.372,113.97,461.35,0.0,6.18,1844.17,1,On,1207.1,1000.0
1789596000000000000,2026-09-16T22:00:00Z,free response,1.512,5.406,121.6,281.16,0.0,6.12,1986.93,3,On,1209.18,988.97
1789596060000000000,2026-09-16T22:01:00Z,free response,1.462,5.413,124.25,94.93,0.0,6.32,1965.98,2,On,1225.16,985.92
1789596120000000000,2026-09-16T22:02:00Z,free response,1.438,5.483,121.61,553.54,0.0,5.59,2175.49,1,On,853.41,851.56
1789596180000000000,2026-09-16T22:03:00Z,free response,1.405,5.566,109.84,91.65,0.0,4.99,2201.2,1,On,885.69,851.37
1789596240000000000,2026-09-16T22:04:00Z,free response,1.364,5.457,116.41,98.11,0.0,4.96,2346.98,1,On,873.11,844.92
1789596300000000000,2026-09-16T22:05:00Z,free response,1.345,5.484,108.49,315.53,0.0,5.38,2016.54,3,On,895.31,861.24
1789596360000000000,2026-09-16T22:06:00Z,free response,1.313,5.538,113.92,286.62,0.0,4.87,2339.22,1,On,933.53,881.37
1789596420000000000,2026-09-16T22:07:00Z,free response,1.301,5.516,105.72,161.2,0.0,4.96,2131.45,3,On,932.25,852.46
1789596480000000000,2026-09-16T22:08:00Z,free response,1.339,5.537,107.79,529.12,0.0,4.88,2208.81,2,On,918.62,870.32
1789596540000000000,2026-09-16T22:09:00Z,free response,1.309,5.563,100.37,339.61,0.0,4.73,2121.99,2,On,935.48,842.81
1789596600000000000,2026-09-16T22:10:00Z,free response,1.284,5.527,107.4,86.62,0.0,4.46,2408.07,1,On,958.1,830.62
1789596660000000000,2026-09-16T22:11:00Z,free response,1.287,5.507,116.31,395.69,0.0,4.89,2378.53,3,On,988.45,859.89
1789596720000000000,2026-09-16T22:12:00Z,free response,1.343,5.565,119.96,120.07,0.0,4.96,2418.55,2,On,984.24,837.44
1789596780000000000,2026-09-16T22:13:00Z,free response,1.312,5.607,120.66,371.61,0.0,4.86,2482.72,3,On,997.89,859.65
1789596840000000000,2026-09-16T22:14:00Z,free response,1.328,5.654,128.01,360.44,0.0,5.25,2438.29,1,On,1043.65,866.67
1789596900000000000,2026-09-16T22:15:00Z,free response,1.37,5.702,117.09,248.52,0.0,5.59,2094.63,3,On,1004.55,890.73
1789596960000000000,2026-09-16T22:16:00Z,free response,1.315,5.718,124.83,415.48,0.0,4.89,2552.76,1,On,1015.36,906.07
1789597020000000000,2026-09-16T22:17:00Z,free response,1.337,5.632,133.86,15.86,0.0,5.11,2619.57,3,On,1007.58,897.17
1789597080000000000,2026-09-16T22:18:00Z,free response,1.331,5.584,129.06,568.1,0.0,4.86,2655.56,1,On,979.74,907.14
1789597140000000000,2026-09-16T22:19:00Z,free response,1.389,5.614,121.7,260.66,0.0,5.07,2400.39,3,On,979.12,909.84
1789597200000000000,2026-09-16T22:20:00Z,free response,1.379,5.611,121.99,516.33,0.0,5.69,2143.94,2,On,1003.02,906.95
1789597260000000000,2026-09-16T22:21:00Z,free response,1.366,5.643,112.44,16.3,0.0,5.6,2007.86,1,On,968.57,912.18
1789597320000000000,2026-09-16T22:22:00Z,free response,1.398,5.489,115.62,85.74,0.0,5.66,2042.76,3,On,1002.69,887.56
1789597380000000000,2026-09-16T22:23:00Z,free response,1.457,5.53,120.24,119.47,0.0,5.57,2158.71,2,On,1034.4,858.52
1789597440000000000,2026-09-16T22:24:00Z,free response,1.422,5.538,127.62,566.22,0.0,5.41,2358.96,2,On,1030.66,857.35
1789597500000000000,2026-09-16T22:25:00Z,free response,1.364,5.483,130.89,223.92,0.0,4.77,2744.03,1,On,1031.17,852.38
1789597560000000000,2026-09-16T22:26:00Z,free response,1.369,5.472,124.88,541.82,0.0,5.23,2387.76,2,On,993.88,825.15
1789597620000000000,2026-09-16T22:27:00Z,free response,1.383,5.449,122.39,475.89,0.0,5.28,2317.99,1,On,1022.75,855.11
1789597680000000000,2026-09-16T22:28:00Z,free response,1.482,5.437,117.71,543.72,0.0,6.5,1810.92,3,On,996.64,859.96
1789597740000000000,2026-09-16T22:29:00Z,free response,1.481,5.533,108.45,19.65,0.0,6.45,1681.4,2,On,969.59,835.26
1789597800000000000,2026-09-16T22:30:00Z,free response,1.531,5.552,100.54,483.82,0.0,7.02,1432.19,1,On,921.16,843.71
1789597860000000000,2026-09-16T22:31:00Z,free response,1.501,5.503,105.86,285.09,0.0,5.75,1841.04,3,On,919.23,844.07
1789597920000000000,2026-09-16T22:32:00Z,free response,1.519,5.494,97.13,400.71,0.0,6.12,1587.09,2,On,917.77,848.44
1789597980000000000,2026-09-16T22:33:00Z,free response,1.572,5.515,104.37,345.23,0.0,7.15,1459.72,1,On,922.9,874.18
1789598040000000000,2026-09-16T22:34:00Z,free response,1.587,5.452,110.96,93.16,0.0,7.1,1562.82,2,On,907.41,885.0
1789598100000000000,2026-09-16T22:35:00Z,free response,1.576,5.559,112.67,242.58,0.0,6.85,1644.82,1,On,905.24,893.95
1789598160000000000,2026-09-16T22:36:00Z,free response,1.556,5.491,102.91,299.88,0.0,6.62,1554.53,1,On,860.43,868.51
1789598220000000000,2026-09-16T22:37:00Z,free response,1.558,5.575,107.2,377.67,0.0,6.99,1533.62,3,On,879.87,889.25
1789598280000000000,2026-09-16T22:38:00Z,free response,1.536,5.62,97.91,234.54,0.0,6.74,1452.67,1,On,864.36,902.42
1789598340000000000,2026-09-16T22:39:00Z,free response,1.51,5.544,94.03,210.82,0.0,6.05,1554.21,2,On,832.4,881.63
1789598400000000000,2026-09-16T22:40:00Z,free response,1.454,5.642,103.33,580.43,0.0,6.43,1607.0,1,On,804.88,903.22
1789598460000000000,2026-09-16T22:41:00Z,free response,1.505,5.657,100.36,221.8,0.0,6.84,1467.25,3,On,787.7,882.65
1789598520000000000,2026-09-16T22:42:00Z,free response,1.529,5.733,105.62,358.95,0.0,6.95,1519.71,1,On,747.27,856.52
1789598580000000000,2026-09-16T22:43:00Z,free response,1.557,5.822,95.2,508.34,0.0,7.74,1229.97,2,On,714.83,869.41
1789598640000000000,2026-09-16T22:44:00Z,free response,1.55,5.786,102.41,266.51,0.0,7.12,1438.34,2,On,729.94,882.34
1789598700000000000,2026-09-16T22:45:00Z,free response,1.591,5.751,99.61,511.57,0.0,7.73,1288.62,2,On,713.01,906.71
1789598760000000000,2026-09-16T22:46:00Z,free response,1.562,5.794,101.51,548.51,0.0,6.82,1488.42,1,On,737.27,913.58
1789598820000000000,2026-09-16T22:47:00Z,free response,1.564,5.836,103.78,471.08,0.0,6.5,1596.62,2,On,720.11,941.51
1789598880000000000,2026-09-16T22:48:00Z,free response,1.579,5.827,100.22,193.54,0.0,7.95,1260.63,3,On,703.92,934.89
1789598940000000000,2026-09-16T22:49:00Z,free response,1.651,5.734,94.49,169.27,0.0,7.64,1236.78,3,On,966.15,690.45
1789599000000000000,2026-09-16T22:50:00Z,free response,1.667,5.714,86.18,61.95,0.0,7.95,1084.03,2,On,934.66,702.65
1789599060000000000,2026-09-16T22:51:00Z,free response,1.573,5.767,82.68,11.82,0.0,7.06,1171.1,2,On,965.26,709.61
1789599120000000000,2026-09-16T22:52:00Z,free response,1.526,5.844,84.72,44.46,0.0,6.48,1307.41,2,On,950.21,735.58
1789599180000000000,2026-09-16T22:53:00Z,free response,1.515,5.779,86.39,323.91,0.0,6.06,1425.58,2,On,997.08,728.06
1789599240000000000,2026-09-16T22:54:00Z,free response,1.512,5.733,90.81,335.6,0.0,6.19,1467.04,2,On,1015.09,728.65
1789599300000000000,2026-09-16T22:55:00Z,free response,1.498,5.711,98.42,422.11,0.0,6.29,1564.71,3,On,998.16,721.35
1789599360000000000,2026-09-16T22:56:00Z,free response,1.491,5.703,101.74,108.62,0.0,6.86,1483.09,3,On,960.88,736.02
1789599420000000000,2026-09-16T22:57:00Z,free response,1.515,5.658,96.44,586.05,0.0,6.19,1558.0,1,On,965.88,759.37
1789599480000000000,2026-09-16T22:58:00Z,free response,1.542,5.658,92.33,144.07,0.0,6.75,1367.85,2,On,982.1,737.01
1789599540000000000,2026-09-16T22:59:00Z,free response,1.6,5.628,90.24,67.74,0.0,6.9,1307.83,3,On,1106.19,764.61
1789599600000000000,2026-09-16T23:00:00Z,free response,1.607,5.663,89.79,160.35,0.0,7.91,1135.15,3,On,1111.32,770.51
1789599660000000000,2026-09-16T23:01:00Z,free response,1.604,5.657,83.29,526.38,0.0,7.18,1160.03,3,On,1160.41,790.56
1789599720000000000,2026-09-16T23:02:00Z,free response,1.648,5.601,78.54,377.3,0.0,7.1,1106.2,1,On,1151.96,771.29
1789599780000000000,2026-09-16T23:03:00Z,free response,1.622,5.657,78.11,145.05,0.0,7.31,1068.54,2,On,1198.07,778.52
1789599840000000000,2026-09-16T23:04:00Z,free response,1.646,5.619,85.9,252.96,0.0,7.82,1098.47,1,On,1246.4,761.73
1789599900000000000,2026-09-16T23:05:00Z,free response,1.674,5.722,84.45,218.59,0.0,8.81,958.57,1,On,1256.23,787.19
1789599960000000000,2026-09-16T23:06:00Z,free response,1.701,5.727,79.71,460.26,0.0,7.67,1039.24,1,On,1258.77,787.21
1789600020000000000,2026-09-16T23:07:00Z,free response,1.64,5.753,83.71,337.78,0.0,7.96,1051.63,1,On,1210.1,796.3
1789600080000000000,2026-09-16T23:08:00Z,free response,1.665,5.814,87.97,359.63,0.0,8.73,1007.67,1,On,1225.12,806.19
1789600140000000000,2026-09-16T23:09:00Z,free response,1.725,5.686,91.49,109.85,0.0,8.12,1126.72,2,On,1215.77,780.6
1789600200000000000,2026-09-16T23:10:00Z,free response,1.697,5.675,97.42,199.06,0.0,7.73,1260.28,1,On,1232.41,777.2
1789600260000000000,2026-09-16T23:11:00Z,free response,1.692,5.738,106.29,179.42,0.0,8.17,1300.98,3,On,1242.54,781.59
1789600320000000000,2026-09-16T23:12:00Z,free response,1.763,5.75,116.19,83.0,0.0,9.19,1264.31,3,On,1235.79,794.98
1789600380000000000,2026-09-16T23:13:00Z,free response,1.768,5.618,108.54,527.57,0.0,9.48,1144.94,3,On,1266.2,772.84
1789600440000000000,2026-09-16T23:14:00Z,free response,1.839,5.512,107.21,165.15,0.0,9.61,1115.61,2,On,1281.6,791.62
1789600500000000000,2026-09-16T23:15:00Z,free response,1.892,5.505,111.89,336.19,0.0,8.96,1248.77,3,On,1247.71,800.78
1789600560000000000,2026-09-16T23:16:00Z,free response,1.903,5.51,106.38,294.86,0.0,10.95,971.51,3,On,1265.43,815.76
1789600620000000000,2026-09-16T23:17:00Z,free response,1.926,5.452,101.36,510.99,0.0,10.32,982.17,2,On,1256.1,811.14
1789600680000000000,2026-09-16T23:18:00Z,free response,1.962,5.508,105.39,553.09,0.0,11.6,908.53,1,On,1247.25,789.53
1789600740000000000,2026-09-16T23:19:00Z,free response,2.017,5.484,94.94,198.22,0.0,10.16,934.45,2,On,1197.75,762.34
1789600800000000000,2026-09-16T23:20:00Z,free response,1.971,5.478,89.02,218.98,0.0,9.72,915.84,2,On,1190.57,744.64
1789600860000000000,2026-09-16T23:21:00Z,free response,2.103,5.473,87.39,38.55,0.0,12.7,688.11,3,On,1200.4,752.19
1789600920000000000,2026-09-16T23:22:00Z,free response,2.07,5.43,81.46,352.77,0.0,10.66,764.17,3,On,1152.98,767.07
1789600980000000000,2026-09-16T23:23:00Z,free response,2.06,5.42,82.97,505.44,0.0,11.43,725.9,1,On,1103.58,769.32
1789601040000000000,2026-09-16T23:24:00Z,free response,2.022,5.352,80.13,66.98,0.0,9.93,806.95,2,On,1131.27,742.68
1789601100000000000,2026-09-16T23:25:00Z,free response,1.992,5.33,79.32,133.13,0.0,11.25,705.07,1,On,1090.16,761.1
1789601160000000000,2026-09-16T23:26:00Z,free response,2.028,5.294,76.11,139.09,0.0,11.57,657.82,3,On,1123.53,764.59
1789601220000000000,2026-09-16T23:27:00Z,free response,2.125,5.248,76.09,561.28,0.0,12.89,590.3,2,On,1129.39,776.13
1789601280000000000,2026-09-16T23:28:00Z,free response,2.14,5.275,79.48,530.52,0.0,11.53,689.33,1,On,1088.79,791.73
1789601340000000000,2026-09-16T23:29:00Z,free response,2.13,5.214,81.2,214.19,0.0,11.73,692.24,3,On,1069.12,795.23
1789601400000000000,2026-09-16T23:30:00Z,free response,2.139,5.181,84.64,589.58,0.0,12.7,666.46,3,On,1047.99,801.04
1789601460000000000,2026-09-16T23:31:00Z,free response,2.137,5.218,91.8,415.22,0.0,12.49,734.99,3,On,1026.5,774.97
1789601520000000000,2026-09-16T23:32:00Z,free response,2.047,5.172,100.54,275.62,0.0,10.55,952.99,1,On,1038.66,761.73
1789601580000000000,2026-09-16T23:33:00Z,free response,2.091,5.137,107.59,214.22,0.0,11.46,938.83,2,On,1041.46,772.76
1789601640000000000,2026-09-16T23:34:00Z,free response,1.951,5.163,99.49,342.9,0.0,10.61,937.7,2,On,1061.08,747.77
1789601700000000000,2026-09-16T23:35:00Z,free response,1.955,5.184,94.31,322.08,0.0,9.9,952.63,1,On,1108.06,761.76
1789601760000000000,2026-09-16T23:36:00Z,free response,1.96,5.179,102.44,192.22,0.0,9.25,1107.46,1,On,1138.51,766.97
1789601820000000000,2026-09-16T23:37:00Z,free response,1.927,5.205,98.21,475.03,0.0,8.7,1128.85,3,On,1127.39,758.84
1789601880000000000,2026-09-16T23:38:00Z,free response,1.833,5.195,99.13,586.22,0.0,9.04,1096.57,3,On,1079.56,763.11
1789601940000000000,2026-09-16T23:39:00Z,free response,1.889,5.175,92.71,236.25,0.0,9.64,961.72,1,On,1121.99,737.88
1789602000000000000,2026-09-16T23:40:00Z,free response,1.841,5.196,95.0,465.2,0.0,9.28,1023.71,3,On,1153.43,735.8
1789602060000000000,2026-09-16T23:41:00Z,free response,1.825,5.169,94.19,152.54,0.0,7.99,1178.85,1,On,1140.41,765.24
1789602120000000000,2026-09-16T23:42:00Z,free response,1.76,5.116,100.22,281.43,0.0,8.44,1187.44,2,On,1112.92,793.92
1789602180000000000,2026-09-16T23:43:00Z,free response,1.782,5.142,109.2,470.82,0.0,8.02,1361.6,1,On,1144.68,798.3
1789602240000000000,2026-09-16T23:44:00Z,free response,1.782,5.052,106.52,527.53,0.0,8.08,1318.32,2,On,1135.88,773.39
1789602300000000000,2026-09-16T23:45:00Z,free response,1.757,5.01,111.78,64.37,0.0,8.49,1316.61,1,On,1154.64,797.39
1789602360000000000,2026-09-16T23:46:00Z,free response,1.736,5.148,102.1,563.36,0.0,7.2,1418.06,3,On,1198.85,785.02
1789602420000000000,2026-09-16T23:47:00Z,free response,1.77,5.082,98.94,210.73,0.0,8.26,1197.82,2,On,1149.98,790.16
1789602480000000000,2026-09-16T23:48:00Z,free response,1.811,5.092,108.05,131.04,0.0,7.6,1421.71,3,On,1181.04,768.3
1789602540000000000,2026-09-16T23:49:00Z,free response,1.846,5.16,111.81,35.41,0.0,8.18,1366.87,3,On,1209.55,763.9
1789602600000000000,2026-09-16T23:50:00Z,free response,1.813,5.168,109.51,181.38,0.0,9.3,1177.53,1,On,1175.33,758.63
1789602660000000000,2026-09-16T23:51:00Z,free response,1.835,5.168,99.37,541.02,0.0,8.86,1121.56,2,On,1149.06,732.14
1789602720000000000,2026-09-16T23:52:00Z,free response,1.869,5.085,102.93,467.2,0.0,9.43,1091.52,3,On,1107.02,761.96
1789602780000000000,2026-09-16T23:53:00Z,free response,1.956,5.135,111.87,176.72,0.0,9.98,1120.94,1,On,1102.88,773.78
1789602840000000000,2026-09-16T23:54:00Z,free response,2.025,5.132,106.44,61.81,0.0,10.05,1059.1,3,On,1142.43,772.15
1789602900000000000,2026-09-16T23:55:00Z,free response,1.98,5.174,110.77,376.1,0.0,9.67,1145.5,3,On,1171.75,798.34
1789602960000000000,2026-09-16T23:56:00Z,free response,1.977,5.176,113.29,52.2,0.0,10.73,1055.82,2,On,1147.99,799.63
1789603020000000000,2026-09-16T23:57:00Z,free response,2.031,5.101,107.75,44.52,0.0,10.23,1053.27,2,On,1164.34,813.15
1789603080000000000,2026-09-16T23:58:00Z,free response,1.913,5.066,99.02,209.07,0.0,9.53,1039.03,1,On,1175.16,789.19
1789603140000000000,2026-09-16T23:59:00Z,free response,1.895,5.061,94.44,450.88,0.0,8.3,1137.83,2,On,1202.82,801.18
