timestamp_ns,timestamp_iso,controller,hs,tp,avg_power,power_in,power_to_controller,battery_voltage,battery_pct,sea_state_energy,efficiency,peaks,nextwave,nextwave_error,nextwave_error_2
1788652800000000000,2026-09-06T00:00:00Z,free response,2.179,5.791,-0.36,0.0,0.36,318.18,72.95,13.61,-2.65,1,On,1123.07,714.73
1788652860000000000,2026-09-06T00:01:00Z,free response,2.125,5.722,-0.39,0.0,0.39,318.17,72.93,12.12,-3.22,3,On,1093.09,716.41
1788652920000000000,2026-09-06T00:02:00Z,free response,2.195,5.701,-0.43,0.0,0.43,318.16,72.91,14.99,-2.87,2,On,1115.53,743.04
1788652980000000000,2026-09-06T00:03:00Z,free response,2.293,5.71,-0.39,0.0,0.39,318.16,72.89,14.92,-2.61,1,On,1155.64,763.66
1788653040000000000,2026-09-06T00:04:00Z,free response,2.294,5.763,-0.37,0.0,0.37,318.15,72.88,15.62,-2.37,1,On,1138.59,791.83
1788653100000000000,2026-09-06T00:05:00Z,free response,2.371,5.863,-0.38,0.0,0.38,318.14,72.85,18.06,-2.1,1,On,1166.27,817.11
1788653160000000000,2026-09-06T00:06:00Z,free response,2.42,5.858,-0.39,0.0,0.39,318.14,72.84,18.79,-2.08,1,On,1168.89,821.42
1788653220000000000,2026-09-06T00:07:00Z,free response,2.467,5.923,-0.41,0.0,0.41,318.12,72.8,17.03,-2.41,1,On,1130.94,801.22
1788653280000000000,2026-09-06T00:08:00Z,free response,2.448,5.832,-0.39,0.0,0.39,318.11,72.77,18.05,-2.16,1,Starting,1089.56,805.76
1788653340000000000,2026-09-06T00:09:00Z,free response,2.39,5.915,-0.35,0.0,0.35,318.1,72.76,17.94,-1.95,2,Starting,1058.54,819.66
1788653400000000000,2026-09-06T00:10:00Z,free response,2.366,5.901,-0.39,0.0,0.39,318.09,72.73,14.88,-2.62,2,Starting,1015.11,847.78
1788653460000000000,2026-09-06T00:11:00Z,free response,2.274,5.926,-0.38,0.0,0.38,318.08,72.7,14.61,-2.6,2,Starting,1018.93,838.61
1788653520000000000,2026-09-06T00:12:00Z,free response,2.206,5.925,-0.38,0.0,0.38,318.07,72.67,15.05,-2.52,3,Starting,1052.45,824.25
1788653580000000000,2026-09-06T00:13:00Z,free response,2.166,5.858,-0.39,0.0,0.39,318.06,72.66,12.4,-3.15,2,Starting,745.83,880.21
1788653640000000000,2026-09-06T00:14:00Z,free response,2.122,5.882,-0.36,0.0,0.36,318.06,72.65,13.87,-2.6,1,Starting,772.72,896.24
1788653700000000000,2026-09-06T00:15:00Z,free response,2.052,5.898,-0.34,0.0,0.34,318.06,72.64,11.97,-2.84,3,Starting,776.77,875.34
1788653760000000000,2026-09-06T00:16:00Z,free response,2.013,5.973,-0.36,0.0,0.36,318.06,72.64,11.62,-3.1,1,Starting,745.76,904.46
1788653820000000000,2026-09-06T00:17:00Z,free response,2.01,6.019,-0.32,0.0,0.32,318.04,72.61,13.32,-2.4,3,Starting,700.02,884.55
1788653880000000000,2026-09-06T00:18:00Z,free response,2.025,5.956,-0.3,0.0,0.3,318.04,72.59,11.58,-2.59,3,Starting,684.31,902.58
1788653940000000000,2026-09-06T00:19:00Z,free response,2.035,5.916,-0.31,0.0,0.31,318.04,72.59,12.19,-2.54,2,Starting,724.81,913.26
1788654000000000000,2026-09-06T00:20:00Z,free response,1.994,6.01,-0.33,0.0,0.33,318.02,72.56,12.55,-2.63,2,Starting,764.35,888.06
1788654060000000000,2026-09-06T00:21:00Z,free response,1.897,5.985,-0.32,0.0,0.32,318.01,72.53,10.23,-3.13,3,Starting,727.57,882.5
1788654120000000000,2026-09-06T00:22:00Z,free response,1.918,5.986,-0.31,0.0,0.31,318.0,72.51,10.64,-2.91,1,Starting,716.4,876.58
1788654180000000000,2026-09-06T00:23:00Z,free response,1.854,5.976,-0.28,0.0,0.28,318.0,72.49,10.53,-2.66,3,Starting,709.29,896.83
1788654240000000000,2026-09-06T00:24:00Z,free response,1.924,5.99,-0.26,0.0,0.26,317.99,72.48,11.24,-2.31,3,Starting,753.57,912.25
1788654300000000000,2026-09-06T00:25:00Z,free response,1.897,6.006,-0.25,0.0,0.25,317.98,72.46,11.71,-2.13,2,Starting,1363.04,624.43
1788654360000000000,2026-09-06T00:26:00Z,free response,1.913,5.94,-0.28,0.0,0.28,317.97,72.43,10.5,-2.67,3,Starting,1341.19,611.55
1788654420000000000,2026-09-06T00:27:00Z,free response,1.924,5.853,-0.27,0.0,0.27,317.97,72.42,10.61,-2.54,2,Starting,1375.72,627.27
1788654480000000000,2026-09-06T00:28:00Z,free response,1.91,5.864,-0.28,0.0,0.28,317.95,72.38,10.29,-2.72,2,Starting,1406.8,647.69
1788654540000000000,2026-09-06T00:29:00Z,free response,1.837,5.922,-0.31,0.0,0.31,317.95,72.37,9.05,-3.43,2,Starting,1363.09,647.93
1788654600000000000,2026-09-06T00:30:00Z,free response,1.852,5.821,-0.33,0.0,0.33,317.94,72.36,9.11,-3.62,1,Starting,1347.78,644.33
1788654660000000000,2026-09-06T00:31:00Z,free response,1.831,5.833,-0.34,0.0,0.34,317.93,72.33,10.39,-3.27,3,Starting,1334.32,620.16
1788654720000000000,2026-09-06T00:32:00Z,free response,1.911,5.799,-0.34,0.0,0.34,317.92,72.31,11.57,-2.94,2,Starting,1341.87,614.03
1788654780000000000,2026-09-06T00:33:00Z,free response,1.899,5.653,-0.35,0.0,0.35,317.91,72.28,9.98,-3.51,1,Starting,1354.59,617.6
1788654840000000000,2026-09-06T00:34:00Z,free response,1.887,5.779,-0.37,0.0,0.37,317.91,72.27,9.6,-3.85,3,Starting,1142.39,694.56
1788654900000000000,2026-09-06T00:35:00Z,free response,1.884,5.819,-0.38,0.0,0.38,317.9,72.24,9.89,-3.84,1,Starting,1148.94,716.2
1788654960000000000,2026-09-06T00:36:00Z,free response,1.888,5.787,-0.37,0.0,0.37,317.89,72.22,10.19,-3.63,1,Starting,1164.22,701.7
1788655020000000000,2026-09-06T00:37:00Z,free response,1.909,5.792,-0.35,0.0,0.35,317.88,72.21,9.64,-3.63,3,Starting,1139.35,731.19
1788655080000000000,2026-09-06T00:38:00Z,free response,1.933,5.766,-0.38,0.0,0.38,317.88,72.19,11.14,-3.41,2,Starting,1178.3,701.74
1788655140000000000,2026-09-06T00:39:00Z,free response,1.976,5.732,-0.41,0.0,0.41,317.87,72.17,10.52,-3.9,1,Starting,1197.27,709.08
1788655200000000000,2026-09-06T00:40:00Z,free response,1.944,5.779,-0.42,0.0,0.42,317.86,72.16,9.99,-4.2,3,Starting,1193.96,691.3
1788655260000000000,2026-09-06T00:41:00Z,free response,1.93,5.75,-0.41,0.0,0.41,317.86,72.15,10.0,-4.1,3,Starting,1147.41,698.16
1788655320000000000,2026-09-06T00:42:00Z,free response,1.886,5.741,-0.43,0.0,0.43,317.86,72.14,10.74,-4.0,3,Starting,1184.27,696.56
1788655380000000000,2026-09-06T00:43:00Z,free response,1.88,5.766,-0.43,0.0,0.43,317.84,72.11,9.71,-4.43,2,Starting,1174.62,723.87
1788655440000000000,2026-09-06T00:44:00Z,free response,1.848,5.731,-0.44,0.0,0.44,317.84,72.1,10.27,-4.28,3,Starting,1201.63,734.63
1788655500000000000,2026-09-06T00:45:00Z,free response,1.916,5.628,-0.46,0.0,0.46,317.83,72.07,10.66,-4.32,1,Starting,782.1,791.54
1788655560000000000,2026-09-06T00:46:00Z,free response,1.954,5.598,-0.43,0.0,0.43,317.82,72.06,11.12,-3.87,3,Starting,747.79,794.42
1788655620000000000,2026-09-06T00:47:00Z,free response,1.867,5.609,-0.41,0.0,0.41,317.82,72.05,10.51,-3.9,1,Starting,771.92,823.69
1788655680000000000,2026-09-06T00:48:00Z,free response,1.89,5.611,-0.45,0.0,0.45,317.81,72.03,10.72,-4.2,3,Starting,772.32,823.19
1788655740000000000,2026-09-06T00:49:00Z,free response,1.877,5.628,-0.46,0.0,0.46,317.81,72.02,10.37,-4.44,3,Starting,760.77,797.81
1788655800000000000,2026-09-06T00:50:00Z,free response,1.885,5.556,-0.47,0.0,0.47,317.8,71.99,9.73,-4.83,2,Starting,786.07,787.28
1788655860000000000,2026-09-06T00:51:00Z,free response,1.911,5.468,-0.44,0.0,0.44,317.78,71.96,9.09,-4.84,3,Starting,756.2,805.52
1788655920000000000,2026-09-06T00:52:00Z,free response,1.963,5.458,-0.44,0.0,0.44,317.78,71.94,10.16,-4.33,3,Starting,756.86,832.59
1788655980000000000,2026-09-06T00:53:00Z,free response,2.017,5.499,-0.44,0.0,0.44,317.77,71.93,11.24,-3.91,2,Starting,707.43,805.73
1788656040000000000,2026-09-06T00:54:00Z,free response,2.056,5.487,-0.41,0.0,0.41,317.76,71.9,11.53,-3.56,2,Starting,734.42,811.05
1788656100000000000,2026-09-06T00:55:00Z,free response,2.008,5.496,-0.41,0.0,0.41,317.75,71.87,12.1,-3.39,2,Starting,757.43,808.21
1788656160000000000,2026-09-06T00:56:00Z,free response,2.051,5.423,-0.37,0.0,0.37,317.74,71.85,10.33,-3.58,3,Starting,1111.46,674.27
1788656220000000000,2026-09-06T00:57:00Z,free response,2.026,5.376,-0.38,0.0,0.38,317.73,71.82,11.74,-3.24,3,Starting,1109.94,694.95
1788656280000000000,2026-09-06T00:58:00Z,free response,1.979,5.324,-0.39,0.0,0.39,317.72,71.81,10.17,-3.83,3,Starting,704.64,827.46
1788656340000000000,2026-09-06T00:59:00Z,free response,1.916,5.35,-0.42,0.0,0.42,317.71,71.78,9.17,-4.58,3,Starting,1157.86,602.54
1788656400000000000,2026-09-06T01:00:00Z,free response,1.974,5.468,-0.39,0.0,0.39,317.7,71.75,9.68,-4.03,1,Starting,691.21,518.53
1788656460000000000,2026-09-06T01:01:00Z,free response,1.962,5.435,-0.38,0.0,0.38,317.69,71.73,11.49,-3.31,3,Starting,731.15,532.79
1788656520000000000,2026-09-06T01:02:00Z,free response,1.966,5.486,-0.39,0.0,0.39,317.68,71.71,10.06,-3.88,1,Starting,691.75,528.01
1788656580000000000,2026-09-06T01:03:00Z,free response,2.007,5.458,-0.37,0.0,0.37,317.68,71.69,10.87,-3.4,3,Starting,662.73,548.97
1788656640000000000,2026-09-06T01:04:00Z,free response,1.95,5.379,-0.34,0.0,0.34,317.67,71.67,10.48,-3.24,3,Starting,646.71,537.71
1788656700000000000,2026-09-06T01:05:00Z,free response,1.907,5.289,-0.32,0.0,0.32,317.67,71.67,10.25,-3.12,1,Starting,613.84,536.01
1788656760000000000,2026-09-06T01:06:00Z,free response,2.016,5.258,-0.34,0.0,0.34,317.66,71.64,10.61,-3.2,2,Starting,652.7,522.84
1788656820000000000,2026-09-06T01:07:00Z,free response,2.031,5.309,-0.33,0.0,0.33,317.65,71.63,11.36,-2.9,2,Starting,689.19,525.29
1788656880000000000,2026-09-06T01:08:00Z,free response,2.024,5.325,-0.33,0.0,0.33,317.65,71.62,10.18,-3.24,3,Starting,715.4,532.92
1788656940000000000,2026-09-06T01:09:00Z,free response,1.978,5.313,-0.36,0.0,0.36,317.64,71.6,9.58,-3.76,1,Starting,689.18,526.87
1788657000000000000,2026-09-06T01:10:00Z,free response,2.037,5.336,-0.33,0.0,0.33,317.64,71.59,11.39,-2.9,3,Starting,703.88,529.27
1788657060000000000,2026-09-06T01:11:00Z,free response,2.003,5.421,-0.35,0.0,0.35,317.63,71.58,10.63,-3.29,3,Starting,668.56,532.56
1788657120000000000,2026-09-06T01:12:00Z,free response,2.013,5.417,-0.38,0.0,0.38,317.62,71.55,11.23,-3.38,3,Starting,990.83,622.17
1788657180000000000,2026-09-06T01:13:00Z,free response,1.968,5.395,-0.38,0.0,0.38,317.62,71.54,10.08,-3.77,2,Starting,1030.71,605.25
1788657240000000000,2026-09-06T01:14:00Z,free response,2.032,5.341,-0.37,0.0,0.37,317.61,71.53,10.53,-3.51,2,Starting,1068.43,588.61
1788657300000000000,2026-09-06T01:15:00Z,free response,2.032,5.393,-0.39,0.0,0.39,317.6,71.5,11.01,-3.54,2,Starting,1038.27,590.75
1788657360000000000,2026-09-06T01:16:00Z,free response,1.891,5.4,-0.35,0.0,0.35,317.59,71.47,8.96,-3.91,3,Starting,1042.04,613.18
1788657420000000000,2026-09-06T01:17:00Z,free response,1.957,5.377,-0.33,0.0,0.33,317.58,71.44,10.86,-3.04,3,Starting,1261.28,462.33
1788657480000000000,2026-09-06T01:18:00Z,free response,1.908,5.333,-0.31,0.0,0.31,317.57,71.42,9.62,-3.22,1,Starting,1269.51,462.22
1788657540000000000,2026-09-06T01:19:00Z,free response,1.926,5.331,-0.31,0.0,0.31,317.56,71.41,10.0,-3.1,3,Starting,1064.93,362.11
1788657600000000000,2026-09-06T01:20:00Z,free response,1.897,5.359,-0.3,0.0,0.3,317.56,71.4,10.43,-2.88,2,Starting,1053.84,388.91
1788657660000000000,2026-09-06T01:21:00Z,free response,1.878,5.337,-0.28,0.0,0.28,317.56,71.39,8.97,-3.12,3,Starting,1012.07,396.54
1788657720000000000,2026-09-06T01:22:00Z,free response,1.822,5.257,-0.25,0.0,0.25,317.54,71.35,8.33,-3.0,2,Starting,1040.85,384.53
1788657780000000000,2026-09-06T01:23:00Z,free response,1.778,5.356,-0.24,0.0,0.24,317.53,71.33,8.74,-2.75,1,Starting,1003.39,378.84
1788657840000000000,2026-09-06T01:24:00Z,free response,1.824,5.382,-0.26,0.0,0.26,317.53,71.32,8.73,-2.98,2,Starting,999.35,384.82
1788657900000000000,2026-09-06T01:25:00Z,free response,1.87,5.28,-0.28,0.0,0.28,317.52,71.3,10.1,-2.77,3,Starting,1048.21,398.33
1788657960000000000,2026-09-06T01:26:00Z,free response,1.859,5.31,-0.3,0.0,0.3,317.52,71.29,8.8,-3.41,3,Starting,1079.64,375.55
1788658020000000000,2026-09-06T01:27:00Z,free response,1.808,5.3,-0.33,0.0,0.33,317.51,71.27,9.1,-3.63,2,Starting,1084.59,360.33
1788658080000000000,2026-09-06T01:28:00Z,free response,1.833,5.17,-0.32,0.0,0.32,317.5,71.26,8.58,-3.73,2,Starting,1098.53,359.49
1788658140000000000,2026-09-06T01:29:00Z,free response,1.816,5.209,-0.29,0.0,0.29,317.49,71.23,8.9,-3.26,3,Starting,1075.64,346.8
1788658200000000000,2026-09-06T01:30:00Z,free response,1.757,5.223,-0.28,0.0,0.28,317.49,71.22,8.38,-3.34,2,Starting,1053.24,360.68
1788658260000000000,2026-09-06T01:31:00Z,free response,1.668,5.132,-0.28,0.0,0.28,317.48,71.19,6.84,-4.09,3,Starting,1016.64,371.97
1788658320000000000,2026-09-06T01:32:00Z,free response,1.635,5.133,-0.26,0.0,0.26,317.47,71.17,6.83,-3.81,1,Starting,976.63,383.77
1788658380000000000,2026-09-06T01:33:00Z,free response,1.615,5.094,-0.25,0.0,0.25,317.47,71.17,6.04,-4.14,3,Starting,934.39,381.14
1788658440000000000,2026-09-06T01:34:00Z,free response,1.621,5.152,-0.26,0.0,0.26,317.46,71.14,7.19,-3.62,1,Starting,950.05,365.8
1788658500000000000,2026-09-06T01:35:00Z,free response,1.569,5.113,-0.23,0.0,0.23,317.44,71.1,6.85,-3.36,3,Starting,933.57,374.62
1788658560000000000,2026-09-06T01:36:00Z,free response,1.506,5.009,-0.22,0.0,0.22,317.44,71.09,5.48,-4.01,3,Starting,893.88,349.15
1788658620000000000,2026-09-06T01:37:00Z,free response,1.452,4.921,-0.2,0.0,0.2,317.43,71.07,5.28,-3.79,1,Starting,819.52,908.34
1788658680000000000,2026-09-06T01:38:00Z,free response,1.413,4.945,-0.21,0.0,0.21,317.42,71.04,4.65,-4.52,3,Starting,790.29,910.39
1788658740000000000,2026-09-06T01:39:00Z,free response,1.4,4.911,-0.23,0.0,0.23,317.41,71.03,4.99,-4.61,2,Starting,773.84,931.99
1788658800000000000,2026-09-06T01:40:00Z,free response,1.383,4.834,-0.23,0.0,0.23,317.41,71.02,4.32,-5.32,1,Starting,766.85,913.59
1788658860000000000,2026-09-06T01:41:00Z,free response,1.397,4.834,-0.24,0.0,0.24,317.4,70.99,4.59,-5.23,3,Starting,774.13,921.81
1788658920000000000,2026-09-06T01:42:00Z,free response,1.377,4.879,-0.22,0.0,0.22,317.39,70.98,4.87,-4.52,2,Starting,808.84,907.86
1788658980000000000,2026-09-06T01:43:00Z,free response,1.373,4.901,-0.24,0.0,0.24,317.38,70.96,4.94,-4.86,3,Starting,795.79,892.81
1788659040000000000,2026-09-06T01:44:00Z,free response,1.358,4.95,-0.23,0.0,0.23,317.38,70.94,4.8,-4.79,3,Starting,815.76,887.27
1788659100000000000,2026-09-06T01:45:00Z,free response,1.353,4.958,-0.22,0.0,0.22,317.37,70.93,4.95,-4.44,3,Starting,830.24,913.31
1788659160000000000,2026-09-06T01:46:00Z,free response,1.397,4.895,-0.22,0.0,0.22,317.36,70.91,4.67,-4.71,3,Starting,782.86,930.4
1788659220000000000,2026-09-06T01:47:00Z,free response,1.414,4.848,-0.24,0.0,0.24,317.36,70.91,4.85,-4.95,1,Starting,818.9,940.83
1788659280000000000,2026-09-06T01:48:00Z,free response,1.471,4.876,-0.22,0.0,0.22,317.36,70.89,5.62,-3.91,1,Starting,816.05,920.79
1788659340000000000,2026-09-06T01:49:00Z,free response,1.44,4.94,-0.21,0.0,0.21,317.34,70.85,5.4,-3.89,2,Starting,805.88,902.58
1788659400000000000,2026-09-06T01:50:00Z,free response,1.43,4.878,-0.23,0.0,0.23,317.33,70.83,4.68,-4.91,1,Starting,796.42,927.61
1788659460000000000,2026-09-06T01:51:00Z,free response,1.474,4.958,-0.22,0.0,0.22,317.32,70.8,4.97,-4.43,3,Starting,812.92,957.22
1788659520000000000,2026-09-06T01:52:00Z,free response,1.484,4.973,-0.21,0.0,0.21,317.31,70.77,4.96,-4.23,2,Starting,797.91,973.62
1788659580000000000,2026-09-06T01:53:00Z,free response,1.449,5.008,-0.2,0.0,0.2,317.3,70.75,4.95,-4.04,3,Starting,831.23,983.03
1788659640000000000,2026-09-06T01:54:00Z,free response,1.481,5.079,-0.2,0.0,0.2,317.29,70.72,5.1,-3.92,2,Starting,830.59,966.02
1788659700000000000,2026-09-06T01:55:00Z,free response,1.443,5.141,-0.19,0.0,0.19,317.28,70.7,5.73,-3.32,1,On,836.78,988.92
1788659760000000000,2026-09-06T01:56:00Z,free response,1.452,5.16,-0.17,0.0,0.17,317.28,70.69,5.5,-3.09,1,On,861.05,978.67
1788659820000000000,2026-09-06T01:57:00Z,free response,1.435,5.145,-0.18,0.0,0.18,317.26,70.66,5.17,-3.48,1,On,821.02,1000.0
1788659880000000000,2026-09-06T01:58:00Z,free response,1.433,5.18,-0.18,0.0,0.18,317.26,70.66,4.79,-3.76,3,On,861.64,1000.0
1788659940000000000,2026-09-06T01:59:00Z,free response,1.453,5.177,-0.18,0.0,0.18,317.25,70.63,5.44,-3.31,3,On,872.4,1000.0
1788660000000000000,2026-09-06T02:00:00Z,free response,1.406,5.318,-0.16,0.0,0.16,317.24,70.61,5.34,-3.0,2,On,920.98,1000.0
1788660060000000000,2026-09-06T02:01:00Z,free response,1.422,5.303,-0.17,0.0,0.17,317.24,70.6,5.54,-3.07,2,On,930.66,1000.0
1788660120000000000,2026-09-06T02:02:00Z,free response,1.444,5.223,-0.17,0.0,0.17,317.24,70.59,5.92,-2.87,2,On,929.32,1000.0
1788660180000000000,2026-09-06T02:03:00Z,free response,1.466,5.251,-0.17,0.0,0.17,317.23,70.57,5.11,-3.33,1,On,939.11,1000.0
1788660240000000000,2026-09-06T02:04:00Z,free response,1.502,5.247,-0.17,0.0,0.17,317.22,70.55,5.54,-3.07,3,On,977.76,1000.0
1788660300000000000,2026-09-06T02:05:00Z,free response,1.502,5.158,-0.17,0.0,0.17,317.21,70.52,6.24,-2.72,3,On,994.09,1000.0
1788660360000000000,2026-09-06T02:06:00Z,free response,1.475,5.235,-0.18,0.0,0.18,317.2,70.51,6.05,-2.98,1,On,1200.43,611.56
1788660420000000000,2026-09-06T02:07:00Z,free response,1.528,5.221,-0.18,0.0,0.18,317.19,70.48,5.98,-3.01,1,On,1204.06,582.02
1788660480000000000,2026-09-06T02:08:00Z,free response,1.494,5.258,-0.17,0.0,0.17,317.19,70.47,5.66,-3.0,1,On,1155.38,568.68
1788660540000000000,2026-09-06T02:09:00Z,free response,1.476,5.273,-0.16,0.0,0.16,317.18,70.45,6.19,-2.58,1,On,1185.63,552.37
1788660600000000000,2026-09-06T02:10:00Z,free response,1.525,5.309,-0.18,0.0,0.18,317.18,70.44,6.58,-2.74,2,On,1188.7,530.25
1788660660000000000,2026-09-06T02:11:00Z,free response,1.511,5.31,-0.17,0.0,0.17,317.17,70.43,6.51,-2.61,2,On,1148.93,517.51
1788660720000000000,2026-09-06T02:12:00Z,free response,1.476,5.427,-0.17,0.0,0.17,317.16,70.41,5.66,-3.0,3,On,1154.49,535.5
1788660780000000000,2026-09-06T02:13:00Z,free response,1.482,5.441,-0.16,0.0,0.16,317.16,70.39,5.93,-2.7,3,On,1106.99,565.22
1788660840000000000,2026-09-06T02:14:00Z,free response,1.5,5.525,-0.17,0.0,0.17,317.14,70.35,5.61,-3.03,2,On,1129.04,571.0
1788660900000000000,2026-09-06T02:15:00Z,free response,1.55,5.449,-0.17,0.0,0.17,317.13,70.32,6.63,-2.56,1,On,919.1,975.32
1788660960000000000,2026-09-06T02:16:00Z,free response,1.544,5.475,-0.16,0.0,0.16,317.12,70.3,6.23,-2.57,2,On,893.16,972.46
1788661020000000000,2026-09-06T02:17:00Z,free response,1.508,5.472,-0.15,0.0,0.15,317.12,70.29,6.39,-2.35,3,On,849.02,963.93
1788661080000000000,2026-09-06T02:18:00Z,free response,1.511,5.506,-0.16,0.0,0.16,317.11,70.27,6.67,-2.4,1,On,884.99,944.75
1788661140000000000,2026-09-06T02:19:00Z,free response,1.531,5.463,-0.15,0.0,0.15,317.11,70.27,6.68,-2.25,2,On,905.93,933.22
1788661200000000000,2026-09-06T02:20:00Z,free response,1.598,5.442,-0.15,0.0,0.15,317.09,70.23,6.78,-2.21,1,On,939.34,937.0
1788661260000000000,2026-09-06T02:21:00Z,free response,1.592,5.485,-0.14,0.0,0.14,317.09,70.22,7.54,-1.86,1,On,897.6,945.41
1788661320000000000,2026-09-06T02:22:00Z,free response,1.57,5.481,-0.15,0.0,0.15,317.08,70.2,6.27,-2.39,1,On,877.15,924.82
1788661380000000000,2026-09-06T02:23:00Z,free response,1.523,5.371,-0.16,0.0,0.16,317.07,70.18,5.88,-2.72,1,On,926.2,895.12
1788661440000000000,2026-09-06T02:24:00Z,free response,1.496,5.423,-0.15,0.0,0.15,317.06,70.16,6.24,-2.4,1,On,881.07,899.71
1788661500000000000,2026-09-06T02:25:00Z,free response,1.457,5.482,-0.15,0.0,0.15,317.05,70.13,5.81,-2.58,3,On,902.87,886.56
1788661560000000000,2026-09-06T02:26:00Z,free response,1.44,5.528,-0.16,0.0,0.16,317.05,70.12,6.21,-2.58,3,On,917.96,884.68
1788661620000000000,2026-09-06T02:27:00Z,free response,1.425,5.523,-0.15,0.0,0.15,317.04,70.11,5.74,-2.61,1,On,943.65,866.43
1788661680000000000,2026-09-06T02:28:00Z,free response,1.423,5.518,-0.14,0.0,0.14,317.04,70.09,5.65,-2.48,3,On,896.3,870.96
1788661740000000000,2026-09-06T02:29:00Z,free response,1.428,5.597,-0.14,0.0,0.14,317.03,70.08,5.16,-2.71,3,On,901.01,896.6
1788661800000000000,2026-09-06T02:30:00Z,free response,1.444,5.57,-0.15,0.0,0.15,317.02,70.06,5.83,-2.57,2,On,864.82,915.72
1788661860000000000,2026-09-06T02:31:00Z,free response,1.439,5.572,-0.16,0.0,0.16,317.02,70.05,5.58,-2.87,1,On,1246.46,617.49
1788661920000000000,2026-09-06T02:32:00Z,free response,1.471,5.53,-0.17,0.0,0.17,317.01,70.03,5.84,-2.91,1,On,1259.09,638.58
1788661980000000000,2026-09-06T02:33:00Z,free response,1.439,5.555,-0.17,0.0,0.17,317.0,70.01,6.21,-2.74,3,On,1216.25,667.7
1788662040000000000,2026-09-06T02:34:00Z,free response,1.456,5.541,-0.18,0.0,0.18,317.0,69.99,5.72,-3.15,1,On,1253.93,689.99
1788662100000000000,2026-09-06T02:35:00Z,free response,1.513,5.642,-0.17,0.0,0.17,316.99,69.97,6.57,-2.59,1,On,1256.83,690.67
1788662160000000000,2026-09-06T02:36:00Z,free response,1.567,5.763,-0.15,0.0,0.15,316.98,69.96,6.96,-2.16,2,On,1264.69,718.91
1788662220000000000,2026-09-06T02:37:00Z,free response,1.558,5.754,-0.15,0.0,0.15,316.98,69.95,7.14,-2.1,3,On,1288.66,731.04
1788662280000000000,2026-09-06T02:38:00Z,free response,1.57,5.861,-0.17,0.0,0.17,316.98,69.94,7.5,-2.27,3,On,1284.8,760.08
1788662340000000000,2026-09-06T02:39:00Z,free response,1.593,5.829,-0.17,0.0,0.17,316.97,69.92,7.34,-2.32,1,On,1263.93,769.41
1788662400000000000,2026-09-06T02:40:00Z,free response,1.605,5.782,-0.18,0.0,0.18,316.96,69.89,7.74,-2.33,3,On,1278.45,792.26
1788662460000000000,2026-09-06T02:41:00Z,free response,1.592,5.864,-0.19,0.0,0.19,316.95,69.88,7.85,-2.42,3,On,1295.54,813.18
1788662520000000000,2026-09-06T02:42:00Z,free response,1.627,5.863,-0.18,0.0,0.18,316.94,69.86,7.68,-2.34,3,On,1320.81,808.55
1788662580000000000,2026-09-06T02:43:00Z,free response,1.695,5.883,-0.19,0.0,0.19,316.94,69.85,9.16,-2.07,2,On,1334.82,793.74
1788662640000000000,2026-09-06T02:44:00Z,free response,1.705,5.804,-0.18,0.0,0.18,316.93,69.83,9.16,-1.97,2,On,1371.54,818.23
1788662700000000000,2026-09-06T02:45:00Z,free response,1.811,5.776,-0.18,0.0,0.18,316.92,69.81,8.62,-2.09,3,On,1385.77,820.68
1788662760000000000,2026-09-06T02:46:00Z,free response,1.836,5.809,-0.18,0.0,0.18,316.92,69.79,9.48,-1.9,3,On,1376.33,844.3
1788662820000000000,2026-09-06T02:47:00Z,free response,1.808,5.829,-0.19,0.0,0.19,316.91,69.78,8.6,-2.21,2,On,1346.04,851.77
1788662880000000000,2026-09-06T02:48:00Z,free response,1.788,5.822,-0.17,0.0,0.17,316.91,69.77,10.05,-1.69,3,On,1387.23,827.93
1788662940000000000,2026-09-06T02:49:00Z,free response,1.803,5.857,-0.16,0.0,0.16,316.9,69.75,9.65,-1.66,2,On,1435.01,804.7
1788663000000000000,2026-09-06T02:50:00Z,free response,1.789,5.905,-0.16,0.0,0.16,316.89,69.73,10.34,-1.55,3,On,820.85,319.66
1788663060000000000,2026-09-06T02:51:00Z,free response,1.753,5.913,-0.16,0.0,0.16,316.88,69.71,9.23,-1.73,3,On,866.03,348.9
1788663120000000000,2026-09-06T02:52:00Z,free response,1.755,5.878,-0.15,0.0,0.15,316.88,69.69,9.62,-1.56,2,On,822.69,338.72
1788663180000000000,2026-09-06T02:53:00Z,free response,1.747,5.841,-0.15,0.0,0.15,316.86,69.66,9.02,-1.66,3,On,848.08,334.52
1788663240000000000,2026-09-06T02:54:00Z,free response,1.711,5.948,-0.14,0.0,0.14,316.86,69.65,9.24,-1.52,2,On,808.73,318.83
1788663300000000000,2026-09-06T02:55:00Z,free response,1.647,6.022,-0.14,0.0,0.14,316.85,69.62,7.54,-1.86,3,On,850.72,345.84
1788663360000000000,2026-09-06T02:56:00Z,free response,1.609,6.015,-0.14,0.0,0.14,316.84,69.61,8.3,-1.69,3,On,809.01,320.23
1788663420000000000,2026-09-06T02:57:00Z,free response,1.577,5.984,-0.14,0.0,0.14,316.84,69.59,7.4,-1.89,3,On,828.18,317.05
1788663480000000000,2026-09-06T02:58:00Z,free response,1.592,5.937,-0.14,0.0,0.14,316.82,69.56,7.8,-1.79,3,On,782.25,323.61
1788663540000000000,2026-09-06T02:59:00Z,free response,1.504,5.919,-0.15,0.0,0.15,316.81,69.52,6.64,-2.26,1,On,803.52,305.39
1788663600000000000,2026-09-06T03:00:00Z,free response,1.531,5.848,-0.14,0.0,0.14,316.8,69.51,6.63,-2.11,3,On,795.65,321.13
1788663660000000000,2026-09-06T03:01:00Z,free response,1.486,5.886,-0.12,0.0,0.12,316.8,69.49,6.95,-1.73,2,On,817.43,331.29
1788663720000000000,2026-09-06T03:02:00Z,free response,1.464,5.887,-0.12,0.0,0.12,316.79,69.48,6.71,-1.79,2,On,807.72,335.5
1788663780000000000,2026-09-06T03:03:00Z,free response,1.521,5.862,-0.13,0.0,0.13,316.78,69.45,7.39,-1.76,3,On,707.67,959.69
1788663840000000000,2026-09-06T03:04:00Z,free response,1.544,5.787,-0.12,0.0,0.12,316.77,69.42,7.13,-1.68,2,On,674.31,972.92
1788663900000000000,2026-09-06T03:05:00Z,free response,1.616,5.855,-0.11,0.0,0.11,316.76,69.41,7.01,-1.57,1,On,662.01,943.97
1788663960000000000,2026-09-06T03:06:00Z,free response,1.605,5.825,-0.12,0.0,0.12,316.76,69.39,7.74,-1.55,1,On,644.04,939.22
1788664020000000000,2026-09-06T03:07:00Z,free response,1.699,5.903,-0.11,0.0,0.11,316.74,69.36,9.32,-1.18,1,On,625.01,958.66
1788664080000000000,2026-09-06T03:08:00Z,free response,1.721,5.763,-0.11,0.0,0.11,316.74,69.35,8.06,-1.36,2,On,579.95,944.41
1788664140000000000,2026-09-06T03:09:00Z,free response,1.706,5.792,-0.12,0.0,0.12,316.73,69.33,9.04,-1.33,3,On,536.63,965.59
1788664200000000000,2026-09-06T03:10:00Z,free response,1.697,5.747,-0.1,0.0,0.1,316.73,69.32,9.07,-1.1,3,On,572.94,940.89
1788664260000000000,2026-09-06T03:11:00Z,free response,1.607,5.653,-0.11,0.0,0.11,316.71,69.28,7.02,-1.57,3,On,581.4,918.38
1788664320000000000,2026-09-06T03:12:00Z,free response,1.635,5.636,-0.11,0.0,0.11,316.7,69.26,7.6,-1.45,1,On,621.19,927.87
1788664380000000000,2026-09-06T03:13:00Z,free response,1.598,5.757,-0.1,0.0,0.1,316.69,69.23,6.87,-1.46,1,On,587.34,953.33
1788664440000000000,2026-09-06T03:14:00Z,free response,1.593,5.825,-0.1,0.0,0.1,316.68,69.21,6.9,-1.45,3,On,576.85,972.35
1788664500000000000,2026-09-06T03:15:00Z,free response,1.663,5.833,-0.1,0.0,0.1,316.67,69.18,8.26,-1.21,2,On,537.47,961.76
1788664560000000000,2026-09-06T03:16:00Z,free response,1.705,5.898,-0.1,0.0,0.1,316.66,69.14,9.04,-1.11,1,On,581.59,949.21
1788664620000000000,2026-09-06T03:17:00Z,free response,1.738,5.903,-0.09,0.0,0.09,316.64,69.11,8.19,-1.1,3,On,618.33,940.27
1788664680000000000,2026-09-06T03:18:00Z,free response,1.81,5.867,-0.08,0.0,0.08,316.64,69.1,10.0,-0.8,1,On,586.69,926.45
1788664740000000000,2026-09-06T03:19:00Z,free response,1.785,5.863,-0.09,0.0,0.09,316.64,69.1,9.77,-0.92,1,On,556.31,903.86
1788664800000000000,2026-09-06T03:20:00Z,free response,1.764,5.861,-0.1,0.0,0.1,316.63,69.07,9.76,-1.02,2,On,605.86,883.58
1788664860000000000,2026-09-06T03:21:00Z,free response,1.832,5.86,-0.11,0.0,0.11,316.62,69.06,10.23,-1.08,3,On,626.92,861.92
1788664920000000000,2026-09-06T03:22:00Z,free response,1.858,5.856,-0.1,0.0,0.1,316.62,69.05,9.92,-1.01,2,On,673.02,853.97
1788664980000000000,2026-09-06T03:23:00Z,free response,1.896,5.854,-0.1,0.0,0.1,316.62,69.04,10.37,-0.96,3,On,629.58,846.82
1788665040000000000,2026-09-06T03:24:00Z,free response,1.917,5.942,-0.1,0.0,0.1,316.61,69.03,11.88,-0.84,2,On,653.72,830.53
1788665100000000000,2026-09-06T03:25:00Z,free response,1.972,5.97,-0.1,0.0,0.1,316.6,69.01,11.96,-0.84,3,On,628.09,846.92
1788665160000000000,2026-09-06T03:26:00Z,free response,2.007,5.811,-0.11,0.0,0.11,316.6,68.99,12.38,-0.89,2,On,613.69,862.71
1788665220000000000,2026-09-06T03:27:00Z,free response,1.961,5.831,-0.1,0.0,0.1,316.6,68.99,11.79,-0.85,1,On,591.73,887.78
1788665280000000000,2026-09-06T03:28:00Z,free response,1.988,5.912,-0.1,0.0,0.1,316.59,68.97,12.12,-0.83,1,On,576.26,895.51
1788665340000000000,2026-09-06T03:29:00Z,free response,1.917,5.789,-0.09,0.0,0.09,316.58,68.95,10.06,-0.89,1,On,535.69,878.09
1788665400000000000,2026-09-06T03:30:00Z,free response,1.911,5.844,-0.08,0.0,0.08,316.57,68.93,11.14,-0.72,1,On,518.75,852.81
1788665460000000000,2026-09-06T03:31:00Z,free response,1.876,5.791,-0.09,0.0,0.09,316.56,68.9,10.53,-0.85,1,On,506.78,833.8
1788665520000000000,2026-09-06T03:32:00Z,free response,1.879,5.797,-0.09,0.0,0.09,316.55,68.87,10.84,-0.83,3,On,532.44,862.41
1788665580000000000,2026-09-06T03:33:00Z,free response,1.854,5.773,-0.09,0.0,0.09,316.54,68.84,10.45,-0.86,1,On,527.81,834.29
1788665640000000000,2026-09-06T03:34:00Z,free response,1.857,5.767,-0.08,0.0,0.08,316.53,68.83,10.87,-0.74,3,On,509.56,832.83
1788665700000000000,2026-09-06T03:35:00Z,free response,1.892,5.704,-0.08,0.0,0.08,316.53,68.82,9.99,-0.8,1,On,557.13,842.13
1788665760000000000,2026-09-06T03:36:00Z,free response,1.952,5.639,-0.08,0.0,0.08,316.52,68.81,11.27,-0.71,1,On,540.73,816.55
1788665820000000000,2026-09-06T03:37:00Z,free response,1.892,5.668,-0.07,0.0,0.07,316.51,68.78,9.33,-0.75,1,On,534.8,827.15
1788665880000000000,2026-09-06T03:38:00Z,free response,1.788,5.738,-0.07,0.0,0.07,316.5,68.76,8.53,-0.82,1,On,493.85,814.66
1788665940000000000,2026-09-06T03:39:00Z,free response,1.829,5.645,-0.07,0.0,0.07,316.5,68.75,9.2,-0.76,2,On,457.1,806.37
1788666000000000000,2026-09-06T03:40:00Z,free response,1.838,5.676,-0.06,0.0,0.06,316.5,68.74,9.2,-0.65,2,On,492.18,788.55
1788666060000000000,2026-09-06T03:41:00Z,free response,1.722,5.695,-0.07,0.0,0.07,316.49,68.72,8.59,-0.81,3,On,443.76,767.38
1788666120000000000,2026-09-06T03:42:00Z,free response,1.736,5.738,-0.06,0.0,0.06,316.48,68.71,7.93,-0.76,1,On,436.5,778.5
1788666180000000000,2026-09-06T03:43:00Z,free response,1.733,5.746,-0.07,0.0,0.07,316.48,68.69,7.81,-0.9,1,On,464.3,755.33
1788666240000000000,2026-09-06T03:44:00Z,free response,1.761,5.738,-0.07,0.0,0.07,316.47,68.67,8.57,-0.82,1,On,433.95,740.59
1788666300000000000,2026-09-06T03:45:00Z,free response,1.734,5.794,-0.07,0.0,0.07,316.46,68.64,8.44,-0.83,1,On,458.43,729.17
1788666360000000000,2026-09-06T03:46:00Z,free response,1.713,5.81,-0.06,0.0,0.06,316.45,68.63,8.18,-0.73,1,On,477.41,739.94
1788666420000000000,2026-09-06T03:47:00Z,free response,1.737,5.794,-0.06,0.0,0.06,316.44,68.61,9.18,-0.65,1,On,444.66,712.84
1788666480000000000,2026-09-06T03:48:00Z,free response,1.721,5.798,-0.05,0.0,0.05,316.44,68.59,8.67,-0.58,1,On,418.26,684.73
1788666540000000000,2026-09-06T03:49:00Z,free response,1.713,5.845,-0.05,0.0,0.05,316.43,68.57,8.14,-0.61,2,Off,462.1,683.47
1788666600000000000,2026-09-06T03:50:00Z,free response,1.709,5.903,-0.05,0.0,0.05,316.42,68.56,9.1,-0.55,2,Off,437.8,696.5
1788666660000000000,2026-09-06T03:51:00Z,free response,1.705,5.865,-0.05,0.0,0.05,316.42,68.54,7.68,-0.65,2,Off,398.22,679.51
1788666720000000000,2026-09-06T03:52:00Z,free response,1.757,5.907,-0.05,0.0,0.05,316.41,68.52,8.42,-0.59,1,Off,382.63,672.87
1788666780000000000,2026-09-06T03:53:00Z,free response,1.758,5.888,-0.05,0.0,0.05,316.4,68.5,8.83,-0.57,1,Off,417.28,657.31
1788666840000000000,2026-09-06T03:54:00Z,free response,1.716,5.963,-0.04,0.0,0.04,316.39,68.48,8.82,-0.45,3,Off,386.84,678.07
1788666900000000000,2026-09-06T03:55:00Z,free response,1.635,5.926,-0.04,0.0,0.04,316.38,68.45,7.13,-0.56,3,Off,379.27,691.72
1788666960000000000,2026-09-06T03:56:00Z,free response,1.675,5.866,-0.04,0.0,0.04,316.38,68.44,8.62,-0.46,1,Off,389.36,721.14
1788667020000000000,2026-09-06T03:57:00Z,free response,1.666,5.921,-0.04,0.0,0.04,316.36,68.41,8.3,-0.48,1,Off,432.06,704.13
1788667080000000000,2026-09-06T03:58:00Z,free response,1.648,5.818,-0.04,0.0,0.04,316.36,68.39,8.23,-0.49,3,Off,477.27,720.9
1788667140000000000,2026-09-06T03:59:00Z,free response,1.67,5.751,-0.04,0.0,0.04,316.35,68.38,7.37,-0.54,3,Off,520.93,699.61
1788667200000000000,2026-09-06T04:00:00Z,free response,1.641,5.747,-0.04,0.0,0.04,316.34,68.35,8.28,-0.48,2,Off,565.53,708.73
1788667260000000000,2026-09-06T04:01:00Z,free response,1.635,5.853,-0.04,0.0,0.04,316.33,68.32,7.53,-0.53,1,Off,560.41,714.74
1788667320000000000,2026-09-06T04:02:00Z,free response,1.602,5.928,-0.04,0.0,0.04,316.32,68.3,6.96,-0.57,1,Off,599.55,685.31
1788667380000000000,2026-09-06T04:03:00Z,free response,1.629,5.893,-0.04,0.0,0.04,316.31,68.27,7.69,-0.52,2,Off,567.35,707.31
1788667440000000000,2026-09-06T04:04:00Z,free response,1.642,5.977,-0.04,0.0,0.04,316.3,68.25,8.19,-0.49,2,Off,576.35,712.16
1788667500000000000,2026-09-06T04:05:00Z,free response,1.611,6.04,-0.04,0.0,0.04,316.29,68.22,8.6,-0.47,1,Off,537.84,695.47
1788667560000000000,2026-09-06T04:06:00Z,free response,1.54,6.041,-0.03,0.0,0.03,316.28,68.19,7.31,-0.41,3,Off,512.11,705.82
1788667620000000000,2026-09-06T04:07:00Z,free response,1.546,5.945,-0.03,0.0,0.03,316.27,68.17,6.61,-0.45,2,Off,516.92,725.67
1788667680000000000,2026-09-06T04:08:00Z,free response,1.501,5.889,-0.04,0.0,0.04,316.26,68.14,6.4,-0.62,1,Off,526.94,740.06
1788667740000000000,2026-09-06T04:09:00Z,free response,1.522,5.805,-0.04,0.0,0.04,316.25,68.12,6.48,-0.62,1,Off,549.28,743.35
1788667800000000000,2026-09-06T04:10:00Z,free response,1.576,5.812,-0.04,0.0,0.04,316.24,68.1,7.33,-0.55,2,Off,529.86,766.26
1788667860000000000,2026-09-06T04:11:00Z,free response,1.526,5.836,-0.04,0.0,0.04,316.23,68.08,7.4,-0.54,1,Off,569.07,755.98
1788667920000000000,2026-09-06T04:12:00Z,free response,1.531,5.79,-0.04,0.0,0.04,316.23,68.07,7.07,-0.57,1,Off,589.73,784.46
1788667980000000000,2026-09-06T04:13:00Z,free response,1.564,5.686,-0.04,0.0,0.04,316.22,68.04,7.28,-0.55,2,Off,607.1,769.2
1788668040000000000,2026-09-06T04:14:00Z,free response,1.576,5.661,-0.04,0.0,0.04,316.2,68.01,7.3,-0.55,1,Off,655.62,741.05
1788668100000000000,2026-09-06T04:15:00Z,free response,1.592,5.527,-0.04,0.0,0.04,316.2,68.0,6.31,-0.63,3,Off,639.26,770.43
1788668160000000000,2026-09-06T04:16:00Z,free response,1.576,5.56,-0.03,0.0,0.03,316.19,67.98,7.58,-0.4,3,Off,602.68,790.75
1788668220000000000,2026-09-06T04:17:00Z,free response,1.645,5.537,-0.03,0.0,0.03,316.18,67.95,7.32,-0.41,2,Off,1456.81,469.3
1788668280000000000,2026-09-06T04:18:00Z,free response,1.68,5.548,-0.03,0.0,0.03,316.18,67.94,7.35,-0.41,3,Off,1489.08,486.25
1788668340000000000,2026-09-06T04:19:00Z,free response,1.693,5.583,-0.03,0.0,0.03,316.17,67.93,7.63,-0.39,1,Off,1456.85,500.93
1788668400000000000,2026-09-06T04:20:00Z,free response,1.665,5.541,-0.03,0.0,0.03,316.17,67.92,7.58,-0.4,2,Off,1432.29,473.17
1788668460000000000,2026-09-06T04:21:00Z,free response,1.637,5.553,-0.03,0.0,0.03,316.16,67.9,6.73,-0.45,2,Off,1402.71,492.44
1788668520000000000,2026-09-06T04:22:00Z,free response,1.682,5.636,-0.03,0.0,0.03,316.15,67.87,7.57,-0.4,2,Off,1437.06,514.38
1788668580000000000,2026-09-06T04:23:00Z,free response,1.665,5.699,-0.03,0.0,0.03,316.14,67.85,8.31,-0.36,3,Off,1439.37,484.65
1788668640000000000,2026-09-06T04:24:00Z,free response,1.615,5.633,-0.03,0.0,0.03,316.13,67.83,7.27,-0.41,3,Off,1441.0,480.67
1788668700000000000,2026-09-06T04:25:00Z,free response,1.644,5.731,-0.04,0.0,0.04,316.12,67.8,7.1,-0.56,1,Off,1417.09,477.09
1788668760000000000,2026-09-06T04:26:00Z,free response,1.605,5.809,-0.04,0.0,0.04,316.12,67.79,7.55,-0.53,3,Off,1367.09,467.41
1788668820000000000,2026-09-06T04:27:00Z,free response,1.608,5.831,-0.03,0.0,0.03,316.1,67.75,7.65,-0.39,2,Off,1405.85,496.41
1788668880000000000,2026-09-06T04:28:00Z,free response,1.658,5.799,-0.04,0.0,0.04,316.1,67.74,8.61,-0.46,3,Off,1427.04,520.48
1788668940000000000,2026-09-06T04:29:00Z,free response,1.654,5.886,-0.04,0.0,0.04,316.08,67.71,7.63,-0.52,2,Off,1475.08,531.43
1788669000000000000,2026-09-06T04:30:00Z,free response,1.62,5.954,-0.04,0.0,0.04,316.07,67.68,8.2,-0.49,3,Off,1453.83,516.1
1788669060000000000,2026-09-06T04:31:00Z,free response,1.638,5.953,-0.04,0.0,0.04,316.07,67.67,8.15,-0.49,1,Off,1447.76,520.79
1788669120000000000,2026-09-06T04:32:00Z,free response,1.651,6.025,-0.04,0.0,0.04,316.06,67.64,8.64,-0.46,1,Off,1443.72,522.24
1788669180000000000,2026-09-06T04:33:00Z,free response,1.64,6.011,-0.04,0.0,0.04,316.05,67.63,8.44,-0.47,1,Off,1453.5,537.07
1788669240000000000,2026-09-06T04:34:00Z,free response,1.609,6.028,-0.05,0.0,0.05,316.04,67.61,7.46,-0.67,2,Off,1415.9,533.86
1788669300000000000,2026-09-06T04:35:00Z,free response,1.645,6.014,-0.04,0.0,0.04,316.04,67.6,8.81,-0.45,3,Off,1114.25,936.64
1788669360000000000,2026-09-06T04:36:00Z,free response,1.647,6.048,-0.04,0.0,0.04,316.03,67.58,8.11,-0.49,2,Off,1123.0,957.55
1788669420000000000,2026-09-06T04:37:00Z,free response,1.646,6.053,-0.04,0.0,0.04,316.02,67.56,7.95,-0.5,2,Off,1081.05,963.36
1788669480000000000,2026-09-06T04:38:00Z,free response,1.625,5.915,-0.04,0.0,0.04,316.02,67.55,7.08,-0.56,2,Off,1088.15,950.02
1788669540000000000,2026-09-06T04:39:00Z,free response,1.608,5.876,-0.04,0.0,0.04,316.02,67.54,7.11,-0.56,1,Off,1074.69,940.54
1788669600000000000,2026-09-06T04:40:00Z,free response,1.568,5.951,-0.04,0.0,0.04,316.01,67.53,7.45,-0.54,2,Off,1101.23,940.65
1788669660000000000,2026-09-06T04:41:00Z,free response,1.573,5.874,-0.04,0.0,0.04,316.0,67.51,7.65,-0.52,2,Off,1143.56,941.29
1788669720000000000,2026-09-06T04:42:00Z,free response,1.593,5.864,-0.04,0.0,0.04,315.99,67.48,7.8,-0.51,3,Off,1108.29,948.14
1788669780000000000,2026-09-06T04:43:00Z,free response,1.603,5.878,-0.04,0.0,0.04,315.99,67.47,7.44,-0.54,2,Off,1115.71,929.3
1788669840000000000,2026-09-06T04:44:00Z,free response,1.53,5.925,-0.04,0.0,0.04,315.98,67.46,6.78,-0.59,1,Off,1087.34,904.59
1788669900000000000,2026-09-06T04:45:00Z,free response,1.441,5.852,-0.03,0.0,0.03,315.98,67.44,6.47,-0.46,1,Off,1082.86,926.48
1788669960000000000,2026-09-06T04:46:00Z,free response,1.457,5.896,-0.04,0.0,0.04,315.97,67.42,6.57,-0.61,3,Off,1132.07,928.71
1788670020000000000,2026-09-06T04:47:00Z,free response,1.454,5.968,-0.04,0.0,0.04,315.95,67.38,6.13,-0.65,2,Off,1149.5,899.23
1788670080000000000,2026-09-06T04:48:00Z,free response,1.497,5.911,-0.04,0.0,0.04,315.95,67.37,6.4,-0.62,3,Off,1111.4,902.25
1788670140000000000,2026-09-06T04:49:00Z,free response,1.436,5.942,-0.03,0.0,0.03,315.94,67.35,5.65,-0.53,2,Off,1145.35,930.63
1788670200000000000,2026-09-06T04:50:00Z,free response,1.451,5.952,-0.04,0.0,0.04,315.93,67.32,6.84,-0.58,1,Off,1168.58,960.2
1788670260000000000,2026-09-06T04:51:00Z,free response,1.486,5.854,-0.04,0.0,0.04,315.92,67.31,6.9,-0.58,1,Off,1155.58,958.0
1788670320000000000,2026-09-06T04:52:00Z,free response,1.508,5.789,-0.04,0.0,0.04,315.91,67.28,6.03,-0.66,3,Off,1145.74,939.8
1788670380000000000,2026-09-06T04:53:00Z,free response,1.477,5.752,-0.04,0.0,0.04,315.9,67.25,6.42,-0.62,2,Off,1184.54,934.23
1788670440000000000,2026-09-06T04:54:00Z,free response,1.46,5.834,-0.04,0.0,0.04,315.88,67.21,5.82,-0.69,3,Off,1212.85,948.75
1788670500000000000,2026-09-06T04:55:00Z,free response,1.451,5.889,-0.03,0.0,0.03,315.88,67.2,6.1,-0.49,1,Off,1236.22,924.93
1788670560000000000,2026-09-06T04:56:00Z,free response,1.437,5.951,-0.03,0.0,0.03,315.87,67.18,6.67,-0.45,1,Off,1200.36,944.38
1788670620000000000,2026-09-06T04:57:00Z,free response,1.46,6.022,-0.03,0.0,0.03,315.86,67.15,6.59,-0.46,2,Off,1164.96,946.13
1788670680000000000,2026-09-06T04:58:00Z,free response,1.419,5.937,-0.03,0.0,0.03,315.86,67.14,5.44,-0.55,1,Off,1128.23,953.77
1788670740000000000,2026-09-06T04:59:00Z,free response,1.403,5.934,-0.03,0.0,0.03,315.85,67.13,6.31,-0.48,1,Off,1087.06,943.85
1788670800000000000,2026-09-06T05:00:00Z,free response,1.456,5.938,-0.04,0.0,0.04,315.84,67.11,6.23,-0.64,2,Off,1067.11,942.47
1788670860000000000,2026-09-06T05:01:00Z,free response,1.472,6.04,-0.04,0.0,0.04,315.84,67.09,7.07,-0.57,2,Off,1043.07,914.59
1788670920000000000,2026-09-06T05:02:00Z,free response,1.431,5.971,-0.04,0.0,0.04,315.83,67.07,6.7,-0.6,3,Off,1035.62,943.54
1788670980000000000,2026-09-06T05:03:00Z,free response,1.394,6.05,-0.04,0.0,0.04,315.82,67.05,6.31,-0.63,3,Off,1084.85,961.5
1788671040000000000,2026-09-06T05:04:00Z,free response,1.451,6.074,-0.04,0.0,0.04,315.81,67.02,5.91,-0.68,3,Off,1008.94,445.12
1788671100000000000,2026-09-06T05:05:00Z,free response,1.504,6.203,-0.04,0.0,0.04,315.8,67.0,6.68,-0.6,3,Off,1017.85,460.33
1788671160000000000,2026-09-06T05:06:00Z,free response,1.548,6.183,-0.04,0.0,0.04,315.79,66.98,7.75,-0.52,1,Off,973.48,464.19
1788671220000000000,2026-09-06T05:07:00Z,free response,1.58,6.224,-0.04,0.0,0.04,315.78,66.95,8.38,-0.48,2,Off,992.36,443.15
1788671280000000000,2026-09-06T05:08:00Z,free response,1.65,6.222,-0.04,0.0,0.04,315.78,66.95,8.36,-0.48,3,Off,966.91,425.73
1788671340000000000,2026-09-06T05:09:00Z,free response,1.633,6.332,-0.04,0.0,0.04,315.77,66.93,8.53,-0.47,2,Off,956.83,415.17
1788671400000000000,2026-09-06T05:10:00Z,free response,1.676,6.393,-0.04,0.0,0.04,315.76,66.91,9.49,-0.42,2,Off,939.07,405.84
1788671460000000000,2026-09-06T05:11:00Z,free response,1.629,6.404,-0.04,0.0,0.04,315.75,66.88,8.3,-0.48,1,Off,952.68,434.09
1788671520000000000,2026-09-06T05:12:00Z,free response,1.618,6.427,-0.04,0.0,0.04,315.75,66.87,7.69,-0.52,2,Off,943.3,451.31
1788671580000000000,2026-09-06T05:13:00Z,free response,1.583,6.44,-0.04,0.0,0.04,315.74,66.86,8.45,-0.47,1,Off,949.87,433.71
1788671640000000000,2026-09-06T05:14:00Z,free response,1.625,6.451,-0.05,0.0,0.05,315.74,66.85,8.79,-0.57,1,Off,974.39,422.03
1788671700000000000,2026-09-06T05:15:00Z,free response,1.621,6.503,-0.04,0.0,0.04,315.73,66.82,9.05,-0.44,1,Off,1021.47,408.5
1788671760000000000,2026-09-06T05:16:00Z,free response,1.629,6.485,-0.05,0.0,0.05,315.71,66.78,8.21,-0.61,1,Off,1064.32,398.08
1788671820000000000,2026-09-06T05:17:00Z,free response,1.688,6.473,-0.05,0.0,0.05,315.7,66.76,8.68,-0.58,3,Off,1019.13,388.04
1788671880000000000,2026-09-06T05:18:00Z,free response,1.657,6.596,-0.05,0.0,0.05,315.69,66.72,8.46,-0.59,1,Off,1019.26,402.32
1788671940000000000,2026-09-06T05:19:00Z,free response,1.768,6.634,-0.05,0.0,0.05,315.68,66.7,11.23,-0.45,2,Off,1001.26,380.64
1788672000000000000,2026-09-06T05:20:00Z,free response,1.75,6.625,-0.05,0.0,0.05,315.67,66.68,10.48,-0.48,3,Off,980.5,540.38
1788672060000000000,2026-09-06T05:21:00Z,free response,1.837,6.519,-0.05,0.0,0.05,315.66,66.65,10.26,-0.49,1,Off,1009.84,546.62
1788672120000000000,2026-09-06T05:22:00Z,free response,1.829,6.519,-0.05,0.0,0.05,315.65,66.63,10.76,-0.46,2,Off,1007.43,543.02
1788672180000000000,2026-09-06T05:23:00Z,free response,1.835,6.43,-0.05,0.0,0.05,315.64,66.6,10.68,-0.47,2,Off,988.02,572.05
1788672240000000000,2026-09-06T05:24:00Z,free response,1.864,6.46,-0.05,0.0,0.05,315.63,66.57,10.57,-0.47,3,Off,967.87,548.81
1788672300000000000,2026-09-06T05:25:00Z,free response,1.845,6.445,-0.05,0.0,0.05,315.62,66.54,10.93,-0.46,1,Off,983.79,560.46
1788672360000000000,2026-09-06T05:26:00Z,free response,1.827,6.394,-0.06,0.0,0.06,315.61,66.53,10.06,-0.6,3,Off,1021.35,552.91
1788672420000000000,2026-09-06T05:27:00Z,free response,1.803,6.363,-0.06,0.0,0.06,315.6,66.51,10.54,-0.57,2,Off,1055.02,552.07
1788672480000000000,2026-09-06T05:28:00Z,free response,1.804,6.343,-0.06,0.0,0.06,315.6,66.49,9.78,-0.61,3,Off,1082.69,546.7
1788672540000000000,2026-09-06T05:29:00Z,free response,1.866,6.327,-0.06,0.0,0.06,315.59,66.47,11.52,-0.52,2,Off,1096.05,522.46
1788672600000000000,2026-09-06T05:30:00Z,free response,1.86,6.366,-0.06,0.0,0.06,315.58,66.46,11.01,-0.54,2,Off,1050.22,535.23
1788672660000000000,2026-09-06T05:31:00Z,free response,1.856,6.398,-0.05,0.0,0.05,315.58,66.45,10.0,-0.5,2,Off,1076.02,531.53
1788672720000000000,2026-09-06T05:32:00Z,free response,1.887,6.278,-0.06,0.0,0.06,315.58,66.44,10.31,-0.58,2,Off,1065.8,543.75
1788672780000000000,2026-09-06T05:33:00Z,free response,1.954,6.258,-0.05,0.0,0.05,315.57,66.42,11.6,-0.43,3,Off,1052.61,554.18
1788672840000000000,2026-09-06T05:34:00Z,free response,1.886,6.115,-0.06,0.0,0.06,315.56,66.39,10.2,-0.59,3,Off,1063.81,528.64
1788672900000000000,2026-09-06T05:35:00Z,free response,1.919,6.062,-0.06,0.0,0.06,315.54,66.36,12.02,-0.5,3,Off,1055.22,544.76
1788672960000000000,2026-09-06T05:36:00Z,free response,1.959,6.014,-0.06,0.0,0.06,315.53,66.33,12.35,-0.49,1,Off,1007.74,525.21
1788673020000000000,2026-09-06T05:37:00Z,free response,1.975,6.137,-0.07,0.0,0.07,315.53,66.33,11.8,-0.59,3,Off,1044.14,526.59
1788673080000000000,2026-09-06T05:38:00Z,free response,2.053,6.085,-0.07,0.0,0.07,315.52,66.3,13.19,-0.53,3,Off,1004.96,525.95
1788673140000000000,2026-09-06T05:39:00Z,free response,2.003,6.098,-0.08,0.0,0.08,315.5,66.26,12.72,-0.63,1,Off,982.24,550.83
1788673200000000000,2026-09-06T05:40:00Z,free response,2.037,6.117,-0.08,0.0,0.08,315.5,66.25,12.28,-0.65,1,Off,983.36,521.93
1788673260000000000,2026-09-06T05:41:00Z,free response,2.114,6.01,-0.08,0.0,0.08,315.49,66.23,14.4,-0.56,1,Off,987.07,545.8
1788673320000000000,2026-09-06T05:42:00Z,free response,2.127,6.07,-0.08,0.0,0.08,315.48,66.21,12.82,-0.62,1,Off,946.81,526.87
1788673380000000000,2026-09-06T05:43:00Z,free response,2.113,6.149,-0.08,0.0,0.08,315.47,66.18,13.85,-0.58,2,Off,945.13,503.37
1788673440000000000,2026-09-06T05:44:00Z,free response,2.142,6.139,-0.08,0.0,0.08,315.47,66.17,14.15,-0.57,3,Off,909.86,490.29
1788673500000000000,2026-09-06T05:45:00Z,free response,2.078,6.134,-0.08,0.0,0.08,315.46,66.14,12.98,-0.62,3,Off,889.6,480.0
1788673560000000000,2026-09-06T05:46:00Z,free response,2.029,6.203,-0.08,0.0,0.08,315.44,66.11,12.73,-0.63,1,Starting,1064.56,796.76
1788673620000000000,2026-09-06T05:47:00Z,free response,2.052,6.285,-0.07,0.0,0.07,315.44,66.1,12.37,-0.57,2,Starting,1110.01,794.5
1788673680000000000,2026-09-06T05:48:00Z,free response,1.997,6.325,-0.06,0.0,0.06,315.44,66.09,12.74,-0.47,3,Starting,1133.51,809.9
1788673740000000000,2026-09-06T05:49:00Z,free response,2.046,6.332,-0.07,0.0,0.07,315.43,66.07,12.15,-0.58,2,Starting,1151.75,817.2
1788673800000000000,2026-09-06T05:50:00Z,free response,1.928,6.398,-0.07,0.0,0.07,315.42,66.06,11.09,-0.63,1,Starting,1136.27,788.76
1788673860000000000,2026-09-06T05:51:00Z,free response,1.864,6.311,-0.07,0.0,0.07,315.42,66.04,11.64,-0.6,3,Starting,1087.46,771.99
1788673920000000000,2026-09-06T05:52:00Z,free response,1.862,6.434,-0.06,0.0,0.06,315.41,66.02,10.6,-0.57,3,Starting,1094.77,746.41
1788673980000000000,2026-09-06T05:53:00Z,free response,1.761,6.504,-0.06,0.0,0.06,315.4,66.0,10.76,-0.56,2,Starting,1120.38,743.63
1788674040000000000,2026-09-06T05:54:00Z,free response,1.853,6.555,-0.07,0.0,0.07,315.39,65.98,11.19,-0.63,1,Starting,1154.65,751.97
1788674100000000000,2026-09-06T05:55:00Z,free response,1.822,6.676,-0.07,0.0,0.07,315.38,65.95,10.73,-0.65,1,Starting,1202.66,781.64
1788674160000000000,2026-09-06T05:56:00Z,free response,1.786,6.59,-0.07,0.0,0.07,315.38,65.94,9.5,-0.74,2,Starting,1161.93,772.31
1788674220000000000,2026-09-06T05:57:00Z,free response,1.835,6.648,-0.07,0.0,0.07,315.37,65.92,12.21,-0.57,3,Starting,1122.45,745.38
1788674280000000000,2026-09-06T05:58:00Z,free response,1.807,6.544,-0.07,0.0,0.07,315.36,65.9,10.06,-0.7,3,Starting,1089.09,756.37
1788674340000000000,2026-09-06T05:59:00Z,free response,1.855,6.551,-0.08,0.0,0.08,315.35,65.87,11.79,-0.68,1,Starting,933.87,806.5
1788674400000000000,2026-09-06T06:00:00Z,free response,1.845,6.471,-0.08,0.0,0.08,315.34,65.84,10.74,-0.74,1,Starting,972.91,802.84
1788674460000000000,2026-09-06T06:01:00Z,free response,1.791,6.504,-0.07,0.0,0.07,315.32,65.81,11.03,-0.63,1,Starting,1015.19,777.02
1788674520000000000,2026-09-06T06:02:00Z,free response,1.728,6.484,-0.08,0.0,0.08,315.31,65.78,10.04,-0.8,1,Starting,985.36,760.93
1788674580000000000,2026-09-06T06:03:00Z,free response,1.662,6.538,-0.07,0.0,0.07,315.3,65.76,9.15,-0.77,2,Starting,1348.16,963.36
1788674640000000000,2026-09-06T06:04:00Z,free response,1.688,6.467,-0.08,0.0,0.08,315.29,65.73,9.61,-0.83,1,Starting,1348.75,947.9
1788674700000000000,2026-09-06T06:05:00Z,free response,1.695,6.414,-0.08,0.0,0.08,315.28,65.71,8.6,-0.93,2,Starting,1350.78,918.49
1788674760000000000,2026-09-06T06:06:00Z,free response,1.761,6.38,-0.07,0.0,0.07,315.27,65.68,9.99,-0.7,3,Starting,1386.74,945.56
1788674820000000000,2026-09-06T06:07:00Z,free response,1.765,6.327,-0.07,0.0,0.07,315.27,65.67,9.05,-0.77,3,Starting,1384.79,969.68
1788674880000000000,2026-09-06T06:08:00Z,free response,1.899,6.409,-0.08,0.0,0.08,315.26,65.64,12.31,-0.65,3,Starting,1423.35,969.5
1788674940000000000,2026-09-06T06:09:00Z,free response,1.925,6.392,-0.07,0.0,0.07,315.25,65.63,10.67,-0.66,1,Starting,1391.62,972.91
1788675000000000000,2026-09-06T06:10:00Z,free response,1.926,6.408,-0.07,0.0,0.07,315.24,65.61,11.55,-0.61,2,Starting,1349.85,996.15
1788675060000000000,2026-09-06T06:11:00Z,free response,1.875,6.399,-0.07,0.0,0.07,315.23,65.58,11.59,-0.6,1,Starting,1313.01,994.14
1788675120000000000,2026-09-06T06:12:00Z,free response,1.854,6.427,-0.07,0.0,0.07,315.22,65.55,10.7,-0.65,3,Starting,1311.14,1000.0
1788675180000000000,2026-09-06T06:13:00Z,free response,1.855,6.352,-0.07,0.0,0.07,315.22,65.54,10.34,-0.68,2,Starting,1305.68,1000.0
1788675240000000000,2026-09-06T06:14:00Z,free response,1.8,6.286,-0.07,0.0,0.07,315.21,65.52,11.16,-0.63,2,Starting,1312.23,1000.0
1788675300000000000,2026-09-06T06:15:00Z,free response,1.734,6.299,-0.07,0.0,0.07,315.2,65.49,9.75,-0.72,1,Starting,1262.61,1000.0
1788675360000000000,2026-09-06T06:16:00Z,free response,1.748,6.303,-0.07,0.0,0.07,315.19,65.47,9.07,-0.77,3,Starting,1225.1,1000.0
1788675420000000000,2026-09-06T06:17:00Z,free response,1.673,6.275,-0.07,0.0,0.07,315.18,65.44,9.33,-0.75,1,Starting,1266.57,993.92
1788675480000000000,2026-09-06T06:18:00Z,free response,1.647,6.291,-0.07,0.0,0.07,315.17,65.42,8.48,-0.83,2,Starting,1314.24,1000.0
1788675540000000000,2026-09-06T06:19:00Z,free response,1.704,6.345,-0.07,0.0,0.07,315.16,65.4,9.44,-0.74,2,Starting,1352.58,1000.0
1788675600000000000,2026-09-06T06:20:00Z,free response,1.689,6.308,-0.08,0.0,0.08,315.15,65.38,9.75,-0.82,1,Starting,1306.88,1000.0
1788675660000000000,2026-09-06T06:21:00Z,free response,1.721,6.225,-0.08,0.0,0.08,315.15,65.37,9.07,-0.88,2,Starting,787.08,720.99
1788675720000000000,2026-09-06T06:22:00Z,free response,1.72,6.287,-0.08,0.0,0.08,315.14,65.36,8.78,-0.91,3,Starting,796.47,746.36
1788675780000000000,2026-09-06T06:23:00Z,free response,1.73,6.296,-0.08,0.0,0.08,315.14,65.35,10.02,-0.8,2,Starting,757.84,743.96
1788675840000000000,2026-09-06T06:24:00Z,free response,1.669,6.357,-0.08,0.0,0.08,315.13,65.33,8.36,-0.96,2,Starting,720.42,750.59
1788675900000000000,2026-09-06T06:25:00Z,free response,1.697,6.372,-0.09,0.0,0.09,315.12,65.3,9.14,-0.98,2,Starting,738.86,775.28
1788675960000000000,2026-09-06T06:26:00Z,free response,1.653,6.301,-0.1,0.0,0.1,315.11,65.27,8.1,-1.23,3,Starting,721.31,747.84
1788676020000000000,2026-09-06T06:27:00Z,free response,1.673,6.32,-0.1,0.0,0.1,315.1,65.24,8.4,-1.19,3,Starting,685.87,748.04
1788676080000000000,2026-09-06T06:28:00Z,free response,1.638,6.267,-0.1,0.0,0.1,315.08,65.21,8.18,-1.22,2,Starting,709.34,744.61
1788676140000000000,2026-09-06T06:29:00Z,free response,1.617,6.25,-0.1,0.0,0.1,315.08,65.19,7.64,-1.31,2,Starting,738.46,755.94
1788676200000000000,2026-09-06T06:30:00Z,free response,1.585,6.111,-0.1,0.0,0.1,315.07,65.18,8.29,-1.21,3,Starting,716.18,740.86
1788676260000000000,2026-09-06T06:31:00Z,free response,1.561,5.98,-0.09,0.0,0.09,315.07,65.17,7.75,-1.16,1,Starting,720.06,722.31
1788676320000000000,2026-09-06T06:32:00Z,free response,1.612,5.88,-0.09,0.0,0.09,315.06,65.16,8.35,-1.08,3,Starting,675.47,727.57
1788676380000000000,2026-09-06T06:33:00Z,free response,1.608,5.889,-0.1,0.0,0.1,315.06,65.14,8.03,-1.25,1,Starting,706.74,754.06
1788676440000000000,2026-09-06T06:34:00Z,free response,1.655,5.979,-0.09,0.0,0.09,315.04,65.11,7.92,-1.14,2,Starting,728.03,752.28
1788676500000000000,2026-09-06T06:35:00Z,free response,1.631,5.967,-0.1,0.0,0.1,315.03,65.08,7.33,-1.36,2,Starting,679.78,769.31
1788676560000000000,2026-09-06T06:36:00Z,free response,1.711,6.077,-0.11,0.0,0.11,315.03,65.07,9.68,-1.14,2,Starting,1279.1,620.74
1788676620000000000,2026-09-06T06:37:00Z,free response,1.676,6.083,-0.12,0.0,0.12,315.02,65.04,8.06,-1.49,2,Starting,1236.84,602.13
1788676680000000000,2026-09-06T06:38:00Z,free response,1.712,6.045,-0.12,0.0,0.12,315.01,65.03,9.56,-1.26,3,Starting,1190.66,620.09
1788676740000000000,2026-09-06T06:39:00Z,free response,1.787,6.035,-0.12,0.0,0.12,315.01,65.02,9.88,-1.21,3,Starting,1200.25,649.67
1788676800000000000,2026-09-06T06:40:00Z,free response,1.766,6.056,-0.12,0.0,0.12,315.0,65.01,8.5,-1.41,3,Starting,1221.71,629.06
1788676860000000000,2026-09-06T06:41:00Z,free response,1.681,6.121,-0.12,0.0,0.12,315.0,65.0,9.01,-1.33,1,Starting,1015.77,809.01
1788676920000000000,2026-09-06T06:42:00Z,free response,1.598,6.122,-0.12,0.0,0.12,314.99,64.97,7.68,-1.56,1,Starting,994.17,811.92
1788676980000000000,2026-09-06T06:43:00Z,free response,1.599,6.193,-0.12,0.0,0.12,314.98,64.96,7.26,-1.65,2,Starting,1020.46,835.52
1788677040000000000,2026-09-06T06:44:00Z,free response,1.574,6.172,-0.12,0.0,0.12,314.98,64.95,8.09,-1.48,1,Starting,1005.07,825.39
1788677100000000000,2026-09-06T06:45:00Z,free response,1.605,6.083,-0.11,0.0,0.11,314.97,64.93,7.63,-1.44,3,Starting,971.16,820.33
1788677160000000000,2026-09-06T06:46:00Z,free response,1.536,6.019,-0.11,0.0,0.11,314.96,64.9,7.11,-1.55,3,Starting,950.73,849.89
1788677220000000000,2026-09-06T06:47:00Z,free response,1.568,6.022,-0.12,0.0,0.12,314.96,64.89,7.24,-1.66,1,Starting,914.24,842.54
1788677280000000000,2026-09-06T06:48:00Z,free response,1.6,6.031,-0.11,0.0,0.11,314.95,64.88,7.3,-1.51,1,Starting,925.75,849.65
1788677340000000000,2026-09-06T06:49:00Z,free response,1.649,6.012,-0.12,0.0,0.12,314.94,64.86,7.67,-1.56,1,Starting,926.95,849.44
1788677400000000000,2026-09-06T06:50:00Z,free response,1.677,5.979,-0.12,0.0,0.12,314.94,64.85,8.05,-1.49,2,Starting,889.92,873.24
1788677460000000000,2026-09-06T06:51:00Z,free response,1.664,5.934,-0.12,0.0,0.12,314.94,64.84,8.81,-1.36,1,Starting,925.0,853.2
1788677520000000000,2026-09-06T06:52:00Z,free response,1.655,6.04,-0.13,0.0,0.13,314.93,64.82,8.46,-1.54,3,Starting,952.13,852.35
1788677580000000000,2026-09-06T06:53:00Z,free response,1.695,6.002,-0.13,0.0,0.13,314.92,64.79,8.01,-1.62,2,Starting,932.41,831.67
1788677640000000000,2026-09-06T06:54:00Z,free response,1.643,6.042,-0.12,0.0,0.12,314.91,64.77,8.71,-1.38,1,Starting,886.56,858.25
1788677700000000000,2026-09-06T06:55:00Z,free response,1.68,6.114,-0.11,0.0,0.11,314.9,64.75,7.92,-1.39,3,Starting,954.2,847.76
1788677760000000000,2026-09-06T06:56:00Z,free response,1.79,6.156,-0.12,0.0,0.12,314.89,64.73,9.98,-1.2,3,Starting,934.58,846.93
1788677820000000000,2026-09-06T06:57:00Z,free response,1.767,6.153,-0.13,0.0,0.13,314.89,64.72,9.98,-1.3,1,Starting,1483.27,945.14
1788677880000000000,2026-09-06T06:58:00Z,free response,1.786,6.127,-0.12,0.0,0.12,314.88,64.71,8.99,-1.33,3,Starting,1499.32,570.47
1788677940000000000,2026-09-06T06:59:00Z,free response,1.783,6.173,-0.13,0.0,0.13,314.88,64.7,9.76,-1.33,2,Starting,1495.1,580.16
1788678000000000000,2026-09-06T07:00:00Z,free response,1.779,6.231,-0.14,0.0,0.14,314.87,64.67,10.07,-1.39,3,Starting,1500.0,563.94
1788678060000000000,2026-09-06T07:01:00Z,free response,1.76,6.276,-0.13,0.0,0.13,314.86,64.64,8.92,-1.46,1,Starting,1500.0,557.73
1788678120000000000,2026-09-06T07:02:00Z,free response,1.776,6.306,-0.12,0.0,0.12,314.85,64.63,9.75,-1.23,3,Starting,1500.0,584.77
1788678180000000000,2026-09-06T07:03:00Z,free response,1.797,6.38,-0.13,0.0,0.13,314.85,64.62,9.49,-1.37,1,Starting,1149.63,583.7
1788678240000000000,2026-09-06T07:04:00Z,free response,1.791,6.422,-0.14,0.0,0.14,314.84,64.6,10.94,-1.28,1,Starting,1190.38,589.43
1788678300000000000,2026-09-06T07:05:00Z,free response,1.819,6.429,-0.13,0.0,0.13,314.82,64.56,10.52,-1.24,1,Starting,1173.8,594.95
1788678360000000000,2026-09-06T07:06:00Z,free response,1.846,6.488,-0.14,0.0,0.14,314.81,64.53,11.45,-1.22,1,Starting,1222.36,593.75
1788678420000000000,2026-09-06T07:07:00Z,free response,1.73,6.41,-0.14,0.0,0.14,314.8,64.51,10.47,-1.34,3,Starting,1244.29,606.81
1788678480000000000,2026-09-06T07:08:00Z,free response,1.764,6.412,-0.14,0.0,0.14,314.8,64.49,10.56,-1.33,3,Starting,1209.52,631.9
1788678540000000000,2026-09-06T07:09:00Z,free response,1.807,6.349,-0.15,0.0,0.15,314.79,64.47,10.78,-1.39,1,Starting,1204.84,607.45
1788678600000000000,2026-09-06T07:10:00Z,free response,1.781,6.155,-0.14,0.0,0.14,314.78,64.45,9.97,-1.4,1,Starting,1177.74,596.62
1788678660000000000,2026-09-06T07:11:00Z,free response,1.748,6.173,-0.16,0.0,0.16,314.77,64.43,9.61,-1.66,1,Starting,1209.7,598.73
1788678720000000000,2026-09-06T07:12:00Z,free response,1.767,6.182,-0.16,0.0,0.16,314.76,64.39,10.13,-1.58,1,Starting,1258.26,592.58
1788678780000000000,2026-09-06T07:13:00Z,free response,1.784,6.192,-0.18,0.0,0.18,314.76,64.39,10.35,-1.74,1,Starting,1290.16,602.61
1788678840000000000,2026-09-06T07:14:00Z,free response,1.775,6.255,-0.18,0.0,0.18,314.74,64.36,10.55,-1.71,1,Starting,1248.35,629.46
1788678900000000000,2026-09-06T07:15:00Z,free response,1.813,6.27,-0.19,0.0,0.19,314.73,64.33,11.11,-1.71,3,Starting,1274.77,640.66
1788678960000000000,2026-09-06T07:16:00Z,free response,1.867,6.201,-0.18,0.0,0.18,314.72,64.3,11.87,-1.52,2,Starting,1319.63,625.36
1788679020000000000,2026-09-06T07:17:00Z,free response,1.885,6.258,-0.17,0.0,0.17,314.72,64.29,10.65,-1.6,2,Starting,1342.36,619.22
1788679080000000000,2026-09-06T07:18:00Z,free response,1.914,6.389,-0.16,0.0,0.16,314.71,64.28,10.98,-1.46,3,Starting,1353.11,614.63
1788679140000000000,2026-09-06T07:19:00Z,free response,1.906,6.345,-0.16,0.0,0.16,314.7,64.25,12.45,-1.29,1,Starting,1400.86,593.03
1788679200000000000,2026-09-06T07:20:00Z,free response,1.923,6.332,-0.16,0.0,0.16,314.69,64.23,12.55,-1.27,1,Starting,1413.33,582.28
1788679260000000000,2026-09-06T07:21:00Z,free response,1.979,6.287,-0.16,0.0,0.16,314.68,64.2,12.42,-1.29,3,Starting,1406.25,594.49
1788679320000000000,2026-09-06T07:22:00Z,free response,1.935,6.266,-0.15,0.0,0.15,314.67,64.17,12.2,-1.23,1,Starting,1433.34,619.08
1788679380000000000,2026-09-06T07:23:00Z,free response,1.969,6.286,-0.14,0.0,0.14,314.66,64.14,12.73,-1.1,2,Starting,1394.96,599.79
1788679440000000000,2026-09-06T07:24:00Z,free response,1.945,6.283,-0.14,0.0,0.14,314.65,64.12,11.78,-1.19,3,Starting,1391.8,583.44
1788679500000000000,2026-09-06T07:25:00Z,free response,1.986,6.239,-0.15,0.0,0.15,314.64,64.1,11.61,-1.29,2,Starting,1349.15,582.21
1788679560000000000,2026-09-06T07:26:00Z,free response,1.978,6.236,-0.14,0.0,0.14,314.63,64.07,11.69,-1.2,1,Starting,1315.18,609.09
1788679620000000000,2026-09-06T07:27:00Z,free response,1.911,6.127,-0.14,0.0,0.14,314.62,64.04,10.57,-1.32,1,Starting,1321.04,609.77
1788679680000000000,2026-09-06T07:28:00Z,free response,1.839,6.17,-0.13,0.0,0.13,314.61,64.02,9.67,-1.34,1,Starting,1285.98,579.93
1788679740000000000,2026-09-06T07:29:00Z,free response,1.9,6.093,-0.14,0.0,0.14,314.6,63.99,10.36,-1.35,2,Starting,1305.8,595.65
1788679800000000000,2026-09-06T07:30:00Z,free response,1.798,6.062,-0.14,0.0,0.14,314.58,63.96,9.87,-1.42,2,Starting,614.82,512.5
1788679860000000000,2026-09-06T07:31:00Z,free response,1.793,6.036,-0.15,0.0,0.15,314.57,63.93,9.97,-1.5,1,Starting,633.1,535.13
1788679920000000000,2026-09-06T07:32:00Z,free response,1.777,5.963,-0.15,0.0,0.15,314.57,63.92,8.89,-1.69,2,Starting,670.22,547.7
1788679980000000000,2026-09-06T07:33:00Z,free response,1.835,6.026,-0.15,0.0,0.15,314.56,63.89,11.04,-1.36,2,Starting,648.07,532.86
1788680040000000000,2026-09-06T07:34:00Z,free response,1.814,5.919,-0.15,0.0,0.15,314.54,63.86,10.61,-1.41,3,Starting,638.79,511.42
1788680100000000000,2026-09-06T07:35:00Z,free response,1.766,5.975,-0.15,0.0,0.15,314.54,63.86,8.69,-1.73,2,Starting,608.3,501.22
1788680160000000000,2026-09-06T07:36:00Z,free response,1.817,5.978,-0.15,0.0,0.15,314.53,63.83,10.34,-1.45,3,Starting,581.81,526.49
1788680220000000000,2026-09-06T07:37:00Z,free response,1.778,6.023,-0.15,0.0,0.15,314.53,63.82,9.53,-1.57,2,Starting,547.72,515.97
1788680280000000000,2026-09-06T07:38:00Z,free response,1.769,6.026,-0.14,0.0,0.14,314.52,63.81,10.2,-1.37,2,Starting,594.66,487.16
1788680340000000000,2026-09-06T07:39:00Z,free response,1.783,6.004,-0.13,0.0,0.13,314.51,63.78,10.29,-1.26,2,Starting,557.78,493.71
1788680400000000000,2026-09-06T07:40:00Z,free response,1.741,5.923,-0.14,0.0,0.14,314.5,63.75,8.97,-1.56,3,Starting,548.46,482.98
1788680460000000000,2026-09-06T07:41:00Z,free response,1.771,6.01,-0.14,0.0,0.14,314.49,63.72,10.36,-1.35,1,Starting,585.26,459.23
1788680520000000000,2026-09-06T07:42:00Z,free response,1.667,5.902,-0.14,0.0,0.14,314.48,63.69,7.5,-1.87,3,Starting,581.11,470.07
1788680580000000000,2026-09-06T07:43:00Z,free response,1.681,5.915,-0.14,0.0,0.14,314.47,63.67,8.92,-1.57,3,Starting,542.79,454.86
1788680640000000000,2026-09-06T07:44:00Z,free response,1.67,5.954,-0.13,0.0,0.13,314.46,63.65,7.84,-1.66,3,Starting,584.03,476.24
1788680700000000000,2026-09-06T07:45:00Z,free response,1.784,5.895,-0.14,0.0,0.14,314.45,63.62,9.88,-1.42,1,Starting,599.22,479.0
1788680760000000000,2026-09-06T07:46:00Z,free response,1.776,5.912,-0.13,0.0,0.13,314.44,63.6,9.61,-1.35,2,Starting,634.19,505.56
1788680820000000000,2026-09-06T07:47:00Z,free response,1.732,5.93,-0.14,0.0,0.14,314.43,63.57,9.33,-1.5,1,Starting,642.34,525.26
1788680880000000000,2026-09-06T07:48:00Z,free response,1.765,5.95,-0.14,0.0,0.14,314.42,63.56,8.8,-1.59,3,Starting,686.01,539.28
1788680940000000000,2026-09-06T07:49:00Z,free response,1.78,5.983,-0.15,0.0,0.15,314.42,63.55,9.34,-1.61,3,Starting,706.42,543.62
1788681000000000000,2026-09-06T07:50:00Z,free response,1.765,6.067,-0.14,0.0,0.14,314.42,63.54,10.38,-1.35,3,Starting,687.36,563.04
1788681060000000000,2026-09-06T07:51:00Z,free response,1.852,5.981,-0.15,0.0,0.15,314.41,63.52,10.54,-1.42,1,Starting,646.75,588.32
1788681120000000000,2026-09-06T07:52:00Z,free response,1.85,5.965,-0.14,0.0,0.14,314.4,63.51,10.39,-1.35,2,Starting,1404.19,586.16
1788681180000000000,2026-09-06T07:53:00Z,free response,1.863,6.007,-0.13,0.0,0.13,314.39,63.48,9.71,-1.34,3,Starting,1366.08,593.54
1788681240000000000,2026-09-06T07:54:00Z,free response,1.823,5.929,-0.13,0.0,0.13,314.39,63.47,10.81,-1.2,1,Starting,1352.89,605.24
1788681300000000000,2026-09-06T07:55:00Z,free response,1.783,5.907,-0.13,0.0,0.13,314.38,63.46,8.63,-1.51,3,Starting,1327.82,615.0
1788681360000000000,2026-09-06T07:56:00Z,free response,1.84,5.821,-0.12,0.0,0.12,314.37,63.43,10.15,-1.18,3,Starting,1292.76,643.7
1788681420000000000,2026-09-06T07:57:00Z,free response,1.78,5.772,-0.12,0.0,0.12,314.37,63.42,8.84,-1.36,1,Starting,1323.89,634.11
1788681480000000000,2026-09-06T07:58:00Z,free response,1.747,5.839,-0.12,0.0,0.12,314.36,63.41,9.05,-1.33,3,Starting,1314.89,663.28
1788681540000000000,2026-09-06T07:59:00Z,free response,1.771,5.87,-0.12,0.0,0.12,314.35,63.38,8.32,-1.44,3,Starting,1307.29,689.03
1788681600000000000,2026-09-06T08:00:00Z,free response,1.713,5.85,-0.12,0.0,0.12,314.34,63.34,8.89,-1.35,1,Starting,1221.3,969.33
1788681660000000000,2026-09-06T08:01:00Z,free response,1.669,5.839,-0.13,0.0,0.13,314.33,63.33,8.55,-1.52,1,Starting,1236.21,980.48
1788681720000000000,2026-09-06T08:02:00Z,free response,1.732,5.866,-0.14,0.0,0.14,314.33,63.32,8.07,-1.73,1,Starting,837.18,317.42
1788681780000000000,2026-09-06T08:03:00Z,free response,1.772,5.868,-0.14,0.0,0.14,314.32,63.3,9.65,-1.45,3,Starting,849.22,306.87
1788681840000000000,2026-09-06T08:04:00Z,free response,1.746,5.963,-0.15,0.0,0.15,314.3,63.26,9.82,-1.53,2,Starting,896.82,310.08
1788681900000000000,2026-09-06T08:05:00Z,free response,1.735,5.891,-0.14,0.0,0.14,314.3,63.24,9.55,-1.47,2,Starting,929.01,318.88
1788681960000000000,2026-09-06T08:06:00Z,free response,1.755,5.938,-0.14,0.0,0.14,314.29,63.22,8.71,-1.61,2,Starting,928.5,343.25
1788682020000000000,2026-09-06T08:07:00Z,free response,1.794,5.92,-0.14,0.0,0.14,314.28,63.21,10.39,-1.35,1,Starting,929.89,349.65
1788682080000000000,2026-09-06T08:08:00Z,free response,1.74,5.953,-0.15,0.0,0.15,314.28,63.19,8.33,-1.8,1,Starting,944.28,342.31
1788682140000000000,2026-09-06T08:09:00Z,free response,1.248,5.084,-0.15,0.0,0.15,314.27,63.17,4.27,-3.51,1,Starting,940.9,343.73
1788682200000000000,2026-09-06T08:10:00Z,free response,1.269,5.056,-0.13,0.0,0.13,314.26,63.16,3.88,-3.35,1,Starting,988.61,347.11
1788682260000000000,2026-09-06T08:11:00Z,free response,1.272,5.142,-0.13,0.0,0.13,314.26,63.15,3.79,-3.43,2,Starting,1003.5,360.58
1788682320000000000,2026-09-06T08:12:00Z,free response,1.255,5.156,-0.13,0.0,0.13,314.26,63.14,3.92,-3.32,1,Starting,994.73,370.77
1788682380000000000,2026-09-06T08:13:00Z,free response,1.318,5.17,-0.14,0.0,0.14,314.25,63.13,4.73,-2.96,3,Starting,1001.26,350.57
1788682440000000000,2026-09-06T08:14:00Z,free response,1.338,5.15,-0.14,0.0,0.14,314.25,63.12,4.74,-2.95,3,Starting,1017.62,376.8
1788682500000000000,2026-09-06T08:15:00Z,free response,1.367,5.15,-0.15,0.0,0.15,314.24,63.1,4.97,-3.02,1,Starting,1029.18,391.32
1788682560000000000,2026-09-06T08:16:00Z,free response,1.34,5.11,-0.15,0.0,0.15,314.23,63.07,4.3,-3.49,2,Starting,988.47,415.2
1788682620000000000,2026-09-06T08:17:00Z,free response,1.376,5.147,-0.16,0.0,0.16,314.22,63.04,4.9,-3.27,2,Starting,1015.18,385.49
1788682680000000000,2026-09-06T08:18:00Z,free response,1.349,5.21,-0.16,0.0,0.16,314.22,63.04,4.47,-3.58,2,Starting,1026.41,386.42
1788682740000000000,2026-09-06T08:19:00Z,free response,1.286,5.244,-0.15,0.0,0.15,314.2,63.01,4.11,-3.65,1,Starting,994.67,378.85
1788682800000000000,2026-09-06T08:20:00Z,free response,1.309,5.258,-0.16,0.0,0.16,314.2,63.0,4.95,-3.23,2,Starting,995.84,382.09
1788682860000000000,2026-09-06T08:21:00Z,free response,1.298,5.161,-0.15,0.0,0.15,314.19,62.97,3.92,-3.83,1,Starting,1015.16,403.17
1788682920000000000,2026-09-06T08:22:00Z,free response,1.285,5.251,-0.16,0.0,0.16,314.18,62.95,4.66,-3.43,2,Starting,981.56,407.64
1788682980000000000,2026-09-06T08:23:00Z,free response,1.296,5.248,-0.16,0.0,0.16,314.18,62.94,4.37,-3.66,1,Starting,674.5,473.53
1788683040000000000,2026-09-06T08:24:00Z,free response,1.308,5.243,-0.15,0.0,0.15,314.17,62.92,4.35,-3.45,1,Starting,678.04,492.05
1788683100000000000,2026-09-06T08:25:00Z,free response,1.355,5.27,-0.16,0.0,0.16,314.16,62.9,4.85,-3.3,2,Starting,661.1,478.78
1788683160000000000,2026-09-06T08:26:00Z,free response,1.411,5.237,-0.15,0.0,0.15,314.15,62.87,5.63,-2.66,3,Starting,669.25,463.85
1788683220000000000,2026-09-06T08:27:00Z,free response,1.462,5.293,-0.14,0.0,0.14,314.14,62.85,5.55,-2.52,2,Starting,707.95,492.72
1788683280000000000,2026-09-06T08:28:00Z,free response,1.521,5.32,-0.13,0.0,0.13,314.13,62.82,6.09,-2.13,2,Starting,661.47,505.12
1788683340000000000,2026-09-06T08:29:00Z,free response,1.599,5.37,-0.14,0.0,0.14,314.12,62.8,7.36,-1.9,1,Starting,698.9,500.22
1788683400000000000,2026-09-06T08:30:00Z,free response,1.54,5.392,-0.15,0.0,0.15,314.11,62.78,6.41,-2.34,2,Starting,711.16,500.86
1788683460000000000,2026-09-06T08:31:00Z,free response,1.53,5.357,-0.13,0.0,0.13,314.1,62.75,6.79,-1.91,3,Starting,675.11,527.15
1788683520000000000,2026-09-06T08:32:00Z,free response,1.516,5.418,-0.14,0.0,0.14,314.09,62.72,6.23,-2.25,1,Starting,701.23,507.68
1788683580000000000,2026-09-06T08:33:00Z,free response,1.517,5.379,-0.15,0.0,0.15,314.08,62.69,6.55,-2.29,1,Starting,737.93,505.3
1788683640000000000,2026-09-06T08:34:00Z,free response,1.599,5.322,-0.16,0.0,0.16,314.07,62.68,6.38,-2.51,1,Starting,758.17,521.97
1788683700000000000,2026-09-06T08:35:00Z,free response,1.621,5.333,-0.16,0.0,0.16,314.06,62.66,6.62,-2.42,3,On,774.76,505.62
1788683760000000000,2026-09-06T08:36:00Z,free response,1.715,5.322,-0.17,0.0,0.17,314.06,62.65,8.16,-2.08,1,On,808.68,505.6
1788683820000000000,2026-09-06T08:37:00Z,free response,1.698,5.296,-0.16,0.0,0.16,314.06,62.64,7.71,-2.08,2,On,825.6,483.2
1788683880000000000,2026-09-06T08:38:00Z,free response,1.72,5.281,-0.16,0.0,0.16,314.04,62.61,8.46,-1.89,2,On,833.48,480.19
1788683940000000000,2026-09-06T08:39:00Z,free response,1.704,5.281,-0.17,0.0,0.17,314.04,62.59,7.89,-2.15,1,On,869.91,474.17
1788684000000000000,2026-09-06T08:40:00Z,free response,1.677,5.306,-0.16,0.0,0.16,314.02,62.56,6.82,-2.35,3,On,891.07,481.59
1788684060000000000,2026-09-06T08:41:00Z,free response,1.684,5.349,-0.16,0.0,0.16,314.02,62.54,7.3,-2.19,3,On,908.81,467.29
1788684120000000000,2026-09-06T08:42:00Z,free response,1.668,5.314,-0.14,0.0,0.14,314.01,62.53,7.92,-1.77,1,On,953.22,440.13
1788684180000000000,2026-09-06T08:43:00Z,free response,1.702,5.277,-0.14,0.0,0.14,314.01,62.52,7.71,-1.82,1,On,980.73,414.67
1788684240000000000,2026-09-06T08:44:00Z,free response,1.692,5.259,-0.13,0.0,0.13,314.0,62.51,7.47,-1.74,2,On,979.83,415.36
1788684300000000000,2026-09-06T08:45:00Z,free response,1.677,5.285,-0.14,0.0,0.14,314.0,62.49,7.24,-1.93,2,On,986.66,422.05
1788684360000000000,2026-09-06T08:46:00Z,free response,1.573,5.227,-0.13,0.0,0.13,313.99,62.47,6.91,-1.88,1,On,973.11,445.46
1788684420000000000,2026-09-06T08:47:00Z,free response,1.592,5.303,-0.13,0.0,0.13,313.98,62.46,7.0,-1.86,1,On,1010.48,452.08
1788684480000000000,2026-09-06T08:48:00Z,free response,1.651,5.336,-0.12,0.0,0.12,313.97,62.43,7.83,-1.53,2,On,1023.55,467.98
1788684540000000000,2026-09-06T08:49:00Z,free response,1.658,5.237,-0.13,0.0,0.13,313.96,62.39,7.91,-1.64,1,On,1047.33,455.05
1788684600000000000,2026-09-06T08:50:00Z,free response,1.632,5.275,-0.13,0.0,0.13,313.95,62.37,7.1,-1.83,1,On,1077.05,430.36
1788684660000000000,2026-09-06T08:51:00Z,free response,1.663,5.277,-0.13,0.0,0.13,313.94,62.34,7.74,-1.68,3,On,1118.36,405.67
1788684720000000000,2026-09-06T08:52:00Z,free response,1.63,5.315,-0.13,0.0,0.13,313.93,62.33,6.66,-1.95,3,On,1105.05,379.79
1788684780000000000,2026-09-06T08:53:00Z,free response,1.625,5.283,-0.13,0.0,0.13,313.93,62.32,7.27,-1.79,3,On,1116.98,402.76
1788684840000000000,2026-09-06T08:54:00Z,free response,1.607,5.3,-0.12,0.0,0.12,313.92,62.31,6.68,-1.8,2,On,1119.81,376.98
1788684900000000000,2026-09-06T08:55:00Z,free response,1.598,5.338,-0.12,0.0,0.12,313.92,62.3,6.9,-1.74,3,On,1089.03,370.53
1788684960000000000,2026-09-06T08:56:00Z,free response,1.597,5.366,-0.13,0.0,0.13,313.91,62.27,7.33,-1.77,1,On,1130.15,345.64
1788685020000000000,2026-09-06T08:57:00Z,free response,1.548,5.405,-0.13,0.0,0.13,313.9,62.26,7.11,-1.83,2,On,1096.04,361.44
1788685080000000000,2026-09-06T08:58:00Z,free response,1.528,5.323,-0.12,0.0,0.12,313.9,62.24,6.53,-1.84,1,On,1117.6,358.67
1788685140000000000,2026-09-06T08:59:00Z,free response,1.577,5.358,-0.12,0.0,0.12,313.89,62.22,7.29,-1.65,3,On,1140.41,334.24
1788685200000000000,2026-09-06T09:00:00Z,free response,1.608,5.373,-0.13,0.0,0.13,313.88,62.19,6.81,-1.91,3,On,845.37,725.27
1788685260000000000,2026-09-06T09:01:00Z,free response,1.666,5.448,-0.12,0.0,0.12,313.86,62.16,7.29,-1.65,1,On,844.69,739.81
1788685320000000000,2026-09-06T09:02:00Z,free response,1.712,5.458,-0.11,0.0,0.11,313.86,62.16,7.98,-1.38,2,On,828.45,741.88
1788685380000000000,2026-09-06T09:03:00Z,free response,1.72,5.404,-0.11,0.0,0.11,313.86,62.14,8.06,-1.36,3,On,863.54,731.38
1788685440000000000,2026-09-06T09:04:00Z,free response,1.749,5.421,-0.11,0.0,0.11,313.84,62.1,8.71,-1.26,2,On,865.48,711.28
1788685500000000000,2026-09-06T09:05:00Z,free response,1.756,5.449,-0.12,0.0,0.12,313.84,62.09,7.99,-1.5,2,On,758.1,464.77
1788685560000000000,2026-09-06T09:06:00Z,free response,1.694,5.415,-0.12,0.0,0.12,313.83,62.08,7.35,-1.63,2,On,716.93,437.09
1788685620000000000,2026-09-06T09:07:00Z,free response,1.764,5.417,-0.12,0.0,0.12,313.82,62.06,7.72,-1.55,2,On,744.56,422.27
1788685680000000000,2026-09-06T09:08:00Z,free response,1.723,5.379,-0.11,0.0,0.11,313.82,62.05,8.59,-1.28,1,On,786.3,443.85
1788685740000000000,2026-09-06T09:09:00Z,free response,1.738,5.49,-0.1,0.0,0.1,313.81,62.03,8.29,-1.21,1,On,762.12,458.35
1788685800000000000,2026-09-06T09:10:00Z,free response,1.698,5.43,-0.11,0.0,0.11,313.81,62.02,7.69,-1.43,2,On,796.88,449.6
1788685860000000000,2026-09-06T09:11:00Z,free response,1.626,5.406,-0.12,0.0,0.12,313.8,62.01,7.68,-1.56,1,On,843.47,446.3
1788685920000000000,2026-09-06T09:12:00Z,free response,1.633,5.529,-0.13,0.0,0.13,313.8,61.99,6.68,-1.95,3,On,1289.99,435.58
1788685980000000000,2026-09-06T09:13:00Z,free response,1.603,5.671,-0.14,0.0,0.14,313.79,61.97,6.83,-2.05,3,On,1302.83,439.29
1788686040000000000,2026-09-06T09:14:00Z,free response,1.623,5.669,-0.14,0.0,0.14,313.78,61.95,7.1,-1.97,3,On,1270.95,466.57
1788686100000000000,2026-09-06T09:15:00Z,free response,1.618,5.748,-0.15,0.0,0.15,313.77,61.92,8.23,-1.82,1,On,1255.23,466.6
1788686160000000000,2026-09-06T09:16:00Z,free response,1.592,5.785,-0.16,0.0,0.16,313.76,61.9,7.41,-2.16,1,On,1286.85,479.3
1788686220000000000,2026-09-06T09:17:00Z,free response,1.655,5.783,-0.18,0.0,0.18,313.76,61.9,7.33,-2.46,3,On,1056.19,962.16
1788686280000000000,2026-09-06T09:18:00Z,free response,1.672,5.772,-0.18,0.0,0.18,313.75,61.87,7.72,-2.33,3,On,1100.18,950.26
1788686340000000000,2026-09-06T09:19:00Z,free response,1.634,5.815,-0.18,0.0,0.18,313.74,61.84,8.03,-2.24,2,On,1114.17,949.27
1788686400000000000,2026-09-06T09:20:00Z,free response,1.713,5.831,-0.18,0.0,0.18,313.73,61.82,8.92,-2.02,1,On,1091.56,946.65
1788686460000000000,2026-09-06T09:21:00Z,free response,1.688,5.74,-0.2,0.0,0.2,313.72,61.79,8.54,-2.34,1,On,1101.01,921.03
1788686520000000000,2026-09-06T09:22:00Z,free response,1.697,5.731,-0.22,0.0,0.22,313.71,61.77,8.26,-2.66,1,On,1061.32,925.98
1788686580000000000,2026-09-06T09:23:00Z,free response,1.683,5.803,-0.24,0.0,0.24,313.7,61.75,8.56,-2.8,1,On,1076.47,916.17
1788686640000000000,2026-09-06T09:24:00Z,free response,1.717,5.74,-0.26,0.0,0.26,313.7,61.74,8.19,-3.17,1,On,1115.21,924.12
1788686700000000000,2026-09-06T09:25:00Z,free response,1.767,5.812,-0.24,0.0,0.24,313.69,61.72,8.91,-2.69,1,On,1126.66,934.07
1788686760000000000,2026-09-06T09:26:00Z,free response,1.71,5.888,-0.23,0.0,0.23,313.68,61.7,8.66,-2.66,1,On,1116.91,953.59
1788686820000000000,2026-09-06T09:27:00Z,free response,1.765,5.858,-0.23,0.0,0.23,313.67,61.68,9.61,-2.39,3,On,1108.6,966.4
1788686880000000000,2026-09-06T09:28:00Z,free response,1.844,5.921,-0.23,0.0,0.23,313.66,61.65,9.67,-2.38,2,On,1127.76,965.9
1788686940000000000,2026-09-06T09:29:00Z,free response,1.836,5.916,-0.25,0.0,0.25,313.66,61.64,9.52,-2.63,3,On,1124.85,957.53
1788687000000000000,2026-09-06T09:30:00Z,free response,1.835,5.931,-0.25,0.0,0.25,313.64,61.61,9.28,-2.69,1,On,1108.23,935.47
1788687060000000000,2026-09-06T09:31:00Z,free response,1.771,6.105,-0.24,0.0,0.24,313.63,61.58,10.07,-2.38,2,On,1059.24,960.11
1788687120000000000,2026-09-06T09:32:00Z,free response,1.716,6.07,-0.24,0.0,0.24,313.62,61.56,9.31,-2.58,1,On,1046.05,937.61
1788687180000000000,2026-09-06T09:33:00Z,free response,1.742,5.976,-0.22,0.0,0.22,313.62,61.54,8.58,-2.56,2,On,1015.46,937.17
1788687240000000000,2026-09-06T09:34:00Z,free response,1.747,5.928,-0.23,0.0,0.23,313.6,61.51,8.46,-2.72,2,On,1046.83,937.01
1788687300000000000,2026-09-06T09:35:00Z,free response,1.832,6.051,-0.24,0.0,0.24,313.59,61.48,10.96,-2.19,1,On,1062.33,922.06
1788687360000000000,2026-09-06T09:36:00Z,free response,1.746,6.099,-0.25,0.0,0.25,313.58,61.46,8.6,-2.91,3,On,1075.79,950.16
1788687420000000000,2026-09-06T09:37:00Z,free response,1.793,6.064,-0.23,0.0,0.23,313.58,61.44,9.7,-2.37,2,On,1119.32,960.81
1788687480000000000,2026-09-06T09:38:00Z,free response,1.785,5.925,-0.22,0.0,0.22,313.56,61.41,9.99,-2.2,2,On,1118.26,972.62
1788687540000000000,2026-09-06T09:39:00Z,free response,1.749,5.861,-0.23,0.0,0.23,313.55,61.38,9.17,-2.51,2,On,1111.13,974.38
1788687600000000000,2026-09-06T09:40:00Z,free response,1.644,5.889,-0.24,0.0,0.24,313.54,61.35,7.54,-3.18,1,On,1069.16,966.71
1788687660000000000,2026-09-06T09:41:00Z,free response,1.626,6.025,-0.25,0.0,0.25,313.53,61.33,8.2,-3.05,2,On,1062.6,991.4
1788687720000000000,2026-09-06T09:42:00Z,free response,1.66,6.021,-0.27,0.0,0.27,313.52,61.31,8.67,-3.11,1,On,1026.83,996.42
1788687780000000000,2026-09-06T09:43:00Z,free response,1.637,6.014,-0.25,0.0,0.25,313.52,61.29,8.34,-3.0,2,On,1021.01,978.77
1788687840000000000,2026-09-06T09:44:00Z,free response,1.659,6.071,-0.23,0.0,0.23,313.5,61.26,8.61,-2.67,1,On,1007.24,995.49
1788687900000000000,2026-09-06T09:45:00Z,free response,1.601,6.063,-0.24,0.0,0.24,313.49,61.23,7.31,-3.28,3,On,996.29,1000.0
1788687960000000000,2026-09-06T09:46:00Z,free response,1.523,6.014,-0.23,0.0,0.23,313.48,61.21,6.32,-3.64,1,On,1025.99,1000.0
1788688020000000000,2026-09-06T09:47:00Z,free response,1.529,6.055,-0.22,0.0,0.22,313.47,61.18,7.03,-3.13,2,On,1038.78,999.86
1788688080000000000,2026-09-06T09:48:00Z,free response,1.546,6.048,-0.2,0.0,0.2,313.47,61.17,7.83,-2.55,3,On,998.45,994.75
1788688140000000000,2026-09-06T09:49:00Z,free response,1.514,6.187,-0.21,0.0,0.21,313.46,61.14,7.74,-2.71,1,On,997.83,977.55
1788688200000000000,2026-09-06T09:50:00Z,free response,1.595,6.252,-0.21,0.0,0.21,313.45,61.13,7.46,-2.82,3,On,1039.67,952.82
1788688260000000000,2026-09-06T09:51:00Z,free response,1.575,6.153,-0.22,0.0,0.22,313.45,61.12,7.48,-2.94,2,On,1025.15,959.2
1788688320000000000,2026-09-06T09:52:00Z,free response,1.579,6.176,-0.21,0.0,0.21,313.44,61.09,7.87,-2.67,3,On,1014.14,952.79
1788688380000000000,2026-09-06T09:53:00Z,free response,1.625,6.233,-0.21,0.0,0.21,313.42,61.06,7.46,-2.82,1,On,974.35,944.13
1788688440000000000,2026-09-06T09:54:00Z,free response,1.566,6.155,-0.2,0.0,0.2,313.42,61.04,7.51,-2.66,2,On,983.09,917.65
1788688500000000000,2026-09-06T09:55:00Z,free response,1.56,6.175,-0.22,0.0,0.22,313.41,61.03,7.85,-2.8,3,On,937.52,932.92
1788688560000000000,2026-09-06T09:56:00Z,free response,1.545,6.276,-0.23,0.0,0.23,313.4,61.01,6.93,-3.32,3,On,891.76,952.64
1788688620000000000,2026-09-06T09:57:00Z,free response,1.519,6.334,-0.24,0.0,0.24,313.39,60.98,7.84,-3.06,1,On,873.33,922.65
1788688680000000000,2026-09-06T09:58:00Z,free response,1.56,6.231,-0.26,0.0,0.26,313.38,60.95,7.69,-3.38,3,On,832.39,910.37
1788688740000000000,2026-09-06T09:59:00Z,free response,1.64,6.208,-0.24,0.0,0.24,313.37,60.93,7.65,-3.14,2,On,840.03,912.3
1788688800000000000,2026-09-06T10:00:00Z,free response,1.642,6.213,-0.24,0.0,0.24,313.37,60.92,8.47,-2.83,3,On,873.58,939.8
1788688860000000000,2026-09-06T10:01:00Z,free response,1.681,6.05,-0.22,0.0,0.22,313.36,60.9,9.16,-2.4,2,On,827.79,962.09
1788688920000000000,2026-09-06T10:02:00Z,free response,1.683,6.028,-0.22,0.0,0.22,313.35,60.88,7.99,-2.75,2,On,869.61,988.93
1788688980000000000,2026-09-06T10:03:00Z,free response,1.748,6.213,-0.24,0.0,0.24,313.35,60.87,8.86,-2.71,1,On,851.41,999.35
1788689040000000000,2026-09-06T10:04:00Z,free response,1.781,6.228,-0.25,0.0,0.25,313.34,60.84,9.01,-2.77,2,On,862.28,982.65
1788689100000000000,2026-09-06T10:05:00Z,free response,1.841,6.22,-0.23,0.0,0.23,313.33,60.82,10.39,-2.21,3,On,893.88,973.1
1788689160000000000,2026-09-06T10:06:00Z,free response,1.865,6.192,-0.25,0.0,0.25,313.32,60.81,11.4,-2.19,1,On,919.33,993.65
1788689220000000000,2026-09-06T10:07:00Z,free response,1.853,6.193,-0.24,0.0,0.24,313.31,60.78,10.63,-2.26,1,On,939.48,1000.0
1788689280000000000,2026-09-06T10:08:00Z,free response,1.907,6.139,-0.23,0.0,0.23,313.31,60.77,11.94,-1.93,2,On,890.63,1000.0
1788689340000000000,2026-09-06T10:09:00Z,free response,1.995,6.127,-0.23,0.0,0.23,313.3,60.74,11.07,-2.08,2,On,923.94,1000.0
1788689400000000000,2026-09-06T10:10:00Z,free response,1.913,6.089,-0.24,0.0,0.24,313.29,60.73,11.04,-2.17,2,On,950.05,1000.0
1788689460000000000,2026-09-06T10:11:00Z,free response,1.883,6.083,-0.24,0.0,0.24,313.28,60.71,9.74,-2.46,3,On,951.93,1000.0
1788689520000000000,2026-09-06T10:12:00Z,free response,1.898,6.066,-0.24,0.0,0.24,313.27,60.68,10.97,-2.19,2,On,978.73,1000.0
1788689580000000000,2026-09-06T10:13:00Z,free response,1.878,6.098,-0.22,0.0,0.22,313.27,60.67,9.77,-2.25,1,On,977.83,1000.0
1788689640000000000,2026-09-06T10:14:00Z,free response,1.929,6.161,-0.21,0.0,0.21,313.26,60.66,11.51,-1.82,3,On,966.86,998.79
1788689700000000000,2026-09-06T10:15:00Z,free response,1.968,6.144,-0.19,0.0,0.19,313.26,60.66,12.45,-1.53,1,On,917.69,990.39
1788689760000000000,2026-09-06T10:16:00Z,free response,1.993,6.084,-0.21,0.0,0.21,313.25,60.62,11.24,-1.87,3,On,896.5,969.35
1788689820000000000,2026-09-06T10:17:00Z,free response,1.91,6.179,-0.22,0.0,0.22,313.24,60.6,10.78,-2.04,1,On,916.34,987.28
1788689880000000000,2026-09-06T10:18:00Z,free response,1.923,6.176,-0.24,0.0,0.24,313.23,60.57,11.52,-2.08,3,On,949.78,992.79
1788689940000000000,2026-09-06T10:19:00Z,free response,1.984,6.175,-0.23,0.0,0.23,313.21,60.53,12.53,-1.84,1,On,951.49,992.92
1788690000000000000,2026-09-06T10:20:00Z,free response,1.987,6.139,-0.24,0.0,0.24,313.2,60.5,13.26,-1.81,2,On,937.65,991.33
1788690060000000000,2026-09-06T10:21:00Z,free response,1.954,6.09,-0.24,0.0,0.24,313.19,60.47,12.2,-1.97,1,On,902.56,979.98
1788690120000000000,2026-09-06T10:22:00Z,free response,1.923,6.164,-0.25,0.0,0.25,313.18,60.46,11.42,-2.19,2,On,907.96,981.61
1788690180000000000,2026-09-06T10:23:00Z,free response,1.994,6.154,-0.24,0.0,0.24,313.18,60.44,13.04,-1.84,2,On,887.88,994.02
1788690240000000000,2026-09-06T10:24:00Z,free response,2.005,6.145,-0.25,0.0,0.25,313.16,60.4,13.04,-1.92,3,On,898.3,970.18
1788690300000000000,2026-09-06T10:25:00Z,free response,1.911,6.06,-0.23,0.0,0.23,313.16,60.39,11.28,-2.04,2,On,862.54,987.49
1788690360000000000,2026-09-06T10:26:00Z,free response,1.905,6.104,-0.24,0.0,0.24,313.15,60.37,11.0,-2.18,1,On,874.76,1000.0
1788690420000000000,2026-09-06T10:27:00Z,free response,1.917,6.048,-0.24,0.0,0.24,313.14,60.35,11.18,-2.15,3,On,866.09,982.14
1788690480000000000,2026-09-06T10:28:00Z,free response,1.989,5.951,-0.22,0.0,0.22,313.13,60.33,12.72,-1.73,3,On,838.05,959.79
1788690540000000000,2026-09-06T10:29:00Z,free response,1.947,5.88,-0.21,0.0,0.21,313.13,60.32,10.73,-1.96,3,On,808.73,936.85
1788690600000000000,2026-09-06T10:30:00Z,free response,1.955,5.887,-0.21,0.0,0.21,313.12,60.31,12.37,-1.7,2,On,902.69,587.79
1788690660000000000,2026-09-06T10:31:00Z,free response,1.916,5.926,-0.23,0.0,0.23,313.12,60.29,11.65,-1.97,2,On,935.59,570.54
1788690720000000000,2026-09-06T10:32:00Z,free response,1.92,6.049,-0.21,0.0,0.21,313.11,60.28,11.64,-1.8,2,On,970.64,594.92
1788690780000000000,2026-09-06T10:33:00Z,free response,1.974,6.009,-0.2,0.0,0.2,313.1,60.25,12.24,-1.63,3,On,1020.49,596.18
1788690840000000000,2026-09-06T10:34:00Z,free response,1.977,6.009,-0.22,0.0,0.22,313.1,60.24,12.33,-1.78,2,On,982.32,618.56
1788690900000000000,2026-09-06T10:35:00Z,free response,1.999,5.972,-0.22,0.0,0.22,313.09,60.22,12.7,-1.73,3,On,1024.89,632.85
1788690960000000000,2026-09-06T10:36:00Z,free response,2.003,5.912,-0.22,0.0,0.22,313.08,60.21,11.47,-1.92,2,On,994.23,644.21
1788691020000000000,2026-09-06T10:37:00Z,free response,1.985,5.908,-0.22,0.0,0.22,313.08,60.19,11.07,-1.99,3,On,1021.79,619.57
1788691080000000000,2026-09-06T10:38:00Z,free response,1.924,5.917,-0.21,0.0,0.21,313.06,60.16,11.63,-1.81,2,On,1032.57,590.34
1788691140000000000,2026-09-06T10:39:00Z,free response,1.878,5.858,-0.23,0.0,0.23,313.05,60.13,10.86,-2.12,2,On,1007.68,597.45
1788691200000000000,2026-09-06T10:40:00Z,free response,1.886,5.934,-0.23,0.0,0.23,313.04,60.1,10.78,-2.13,2,On,982.69,595.07
1788691260000000000,2026-09-06T10:41:00Z,free response,1.89,6.027,-0.23,0.0,0.23,313.03,60.08,10.52,-2.19,1,On,970.78,605.05
1788691320000000000,2026-09-06T10:42:00Z,free response,1.9,5.985,-0.22,0.0,0.22,313.03,60.07,10.06,-2.19,2,On,977.54,601.38
1788691380000000000,2026-09-06T10:43:00Z,free response,1.917,6.051,-0.22,0.0,0.22,313.02,60.04,10.69,-2.06,3,On,939.4,612.25
1788691440000000000,2026-09-06T10:44:00Z,free response,2.045,6.035,-0.22,0.0,0.22,313.01,60.02,13.27,-1.66,2,On,964.83,584.35
1788691500000000000,2026-09-06T10:45:00Z,free response,2.003,6.039,-0.22,0.0,0.22,313.0,59.99,11.37,-1.93,2,On,936.08,596.16
1788691560000000000,2026-09-06T10:46:00Z,free response,1.987,6.014,-0.21,0.0,0.21,312.99,59.97,11.48,-1.83,2,On,973.27,581.99
1788691620000000000,2026-09-06T10:47:00Z,free response,1.959,6.101,-0.23,0.0,0.23,312.98,59.96,11.57,-1.99,2,On,997.1,568.5
1788691680000000000,2026-09-06T10:48:00Z,free response,2.0,6.072,-0.22,0.0,0.22,312.97,59.93,11.69,-1.88,1,On,1021.9,575.17
1788691740000000000,2026-09-06T10:49:00Z,free response,1.885,6.033,-0.24,0.0,0.24,312.96,59.91,10.79,-2.22,2,On,1025.11,557.09
1788691800000000000,2026-09-06T10:50:00Z,free response,1.82,5.964,-0.23,0.0,0.23,312.95,59.88,9.8,-2.35,1,On,1053.19,555.57
1788691860000000000,2026-09-06T10:51:00Z,free response,1.707,6.094,-0.22,0.0,0.22,312.94,59.85,8.79,-2.5,3,On,1054.84,577.73
1788691920000000000,2026-09-06T10:52:00Z,free response,1.678,6.074,-0.21,0.0,0.21,312.93,59.82,8.07,-2.6,1,On,1048.03,549.97
1788691980000000000,2026-09-06T10:53:00Z,free response,1.583,6.087,-0.21,0.0,0.21,312.92,59.79,6.95,-3.02,1,On,1026.4,568.92
1788692040000000000,2026-09-06T10:54:00Z,free response,1.602,6.08,-0.22,0.0,0.22,312.91,59.78,7.76,-2.84,3,On,1002.64,591.79
1788692100000000000,2026-09-06T10:55:00Z,free response,1.568,6.149,-0.22,0.0,0.22,312.9,59.76,8.18,-2.69,3,On,986.78,618.54
1788692160000000000,2026-09-06T10:56:00Z,free response,1.584,6.062,-0.22,0.0,0.22,312.9,59.74,7.67,-2.87,1,On,1000.43,643.39
1788692220000000000,2026-09-06T10:57:00Z,free response,1.596,6.146,-0.21,0.0,0.21,312.89,59.72,8.1,-2.59,3,On,1002.52,631.25
1788692280000000000,2026-09-06T10:58:00Z,free response,1.598,6.133,-0.21,0.0,0.21,312.88,59.7,7.68,-2.73,3,On,957.01,649.41
1788692340000000000,2026-09-06T10:59:00Z,free response,1.57,6.233,-0.23,0.0,0.23,312.87,59.68,6.93,-3.32,2,On,958.24,631.19
1788692400000000000,2026-09-06T11:00:00Z,free response,1.609,6.173,-0.23,0.0,0.23,312.86,59.65,8.01,-2.87,3,On,970.25,629.94
1788692460000000000,2026-09-06T11:01:00Z,free response,1.564,6.248,-0.25,0.0,0.25,312.85,59.62,8.01,-3.12,2,On,1015.08,625.62
1788692520000000000,2026-09-06T11:02:00Z,free response,1.569,6.207,-0.22,0.0,0.22,312.84,59.59,8.4,-2.62,3,On,1023.84,597.06
1788692580000000000,2026-09-06T11:03:00Z,free response,1.586,6.172,-0.23,0.0,0.23,312.83,59.57,7.19,-3.2,3,On,1065.05,569.32
1788692640000000000,2026-09-06T11:04:00Z,free response,1.582,6.192,-0.24,0.0,0.24,312.82,59.54,7.23,-3.32,1,On,1083.31,551.83
1788692700000000000,2026-09-06T11:05:00Z,free response,1.542,6.159,-0.25,0.0,0.25,312.81,59.53,6.78,-3.69,1,On,1118.74,577.83
1788692760000000000,2026-09-06T11:06:00Z,free response,1.525,6.183,-0.25,0.0,0.25,312.8,59.51,7.82,-3.2,1,On,1089.2,596.51
1788692820000000000,2026-09-06T11:07:00Z,free response,1.57,6.139,-0.23,0.0,0.23,312.8,59.5,8.13,-2.83,2,On,1107.05,612.39
1788692880000000000,2026-09-06T11:08:00Z,free response,1.632,6.008,-0.23,0.0,0.23,312.79,59.48,8.65,-2.66,3,On,1123.19,587.15
1788692940000000000,2026-09-06T11:09:00Z,free response,1.572,6.033,-0.24,0.0,0.24,312.78,59.46,7.9,-3.04,1,On,1118.53,563.34
1788693000000000000,2026-09-06T11:10:00Z,free response,1.613,5.944,-0.26,0.0,0.26,312.78,59.46,8.06,-3.23,1,On,1133.97,550.63
1788693060000000000,2026-09-06T11:11:00Z,free response,1.596,6.03,-0.25,0.0,0.25,312.77,59.43,7.69,-3.25,1,On,1105.01,572.29
1788693120000000000,2026-09-06T11:12:00Z,free response,1.601,6.058,-0.27,0.0,0.27,312.76,59.4,7.88,-3.43,1,On,1148.39,558.58
1788693180000000000,2026-09-06T11:13:00Z,free response,1.57,6.194,-0.28,0.0,0.28,312.75,59.38,8.21,-3.41,2,On,993.46,797.49
1788693240000000000,2026-09-06T11:14:00Z,free response,1.49,6.217,-0.28,0.0,0.28,312.74,59.35,6.99,-4.01,2,On,986.1,779.34
1788693300000000000,2026-09-06T11:15:00Z,free response,1.494,6.193,-0.3,0.0,0.3,312.73,59.33,6.74,-4.45,1,On,998.5,796.81
1788693360000000000,2026-09-06T11:16:00Z,free response,1.497,6.174,-0.28,0.0,0.28,312.72,59.3,7.48,-3.74,3,On,968.7,773.0
1788693420000000000,2026-09-06T11:17:00Z,free response,1.463,6.136,-0.29,0.0,0.29,312.7,59.26,6.16,-4.71,1,On,955.05,769.11
1788693480000000000,2026-09-06T11:18:00Z,free response,1.595,6.084,-0.32,0.0,0.32,312.69,59.23,8.23,-3.89,3,On,946.53,742.35
1788693540000000000,2026-09-06T11:19:00Z,free response,1.618,6.081,-0.29,0.0,0.29,312.69,59.22,8.38,-3.46,1,On,964.58,745.9
1788693600000000000,2026-09-06T11:20:00Z,free response,1.634,6.012,-0.32,0.0,0.32,312.68,59.2,7.28,-4.4,3,On,921.43,756.7
1788693660000000000,2026-09-06T11:21:00Z,free response,1.646,5.945,-0.32,0.0,0.32,312.68,59.19,7.71,-4.15,1,On,888.76,736.4
1788693720000000000,2026-09-06T11:22:00Z,free response,1.582,5.908,-0.32,0.0,0.32,312.67,59.18,7.46,-4.29,3,On,905.32,759.77
1788693780000000000,2026-09-06T11:23:00Z,free response,1.522,6.011,-0.33,0.0,0.33,312.66,59.15,7.34,-4.5,2,On,865.26,775.13
1788693840000000000,2026-09-06T11:24:00Z,free response,1.55,6.049,-0.3,0.0,0.3,312.65,59.12,7.17,-4.18,2,On,833.89,791.08
1788693900000000000,2026-09-06T11:25:00Z,free response,1.58,6.037,-0.31,0.0,0.31,312.64,59.1,7.96,-3.89,2,On,824.54,787.62
1788693960000000000,2026-09-06T11:26:00Z,free response,1.612,5.994,-0.3,0.0,0.3,312.64,59.09,7.41,-4.05,3,On,783.37,813.56
1788694020000000000,2026-09-06T11:27:00Z,free response,1.669,5.972,-0.29,0.0,0.29,312.63,59.07,7.74,-3.75,2,On,794.88,784.17
1788694080000000000,2026-09-06T11:28:00Z,free response,1.677,5.982,-0.28,0.0,0.28,312.62,59.06,9.18,-3.05,1,On,844.48,785.33
1788694140000000000,2026-09-06T11:29:00Z,free response,1.697,6.017,-0.27,0.0,0.27,312.61,59.02,8.04,-3.36,1,On,821.1,788.94
1788694200000000000,2026-09-06T11:30:00Z,free response,1.658,6.022,-0.29,0.0,0.29,312.6,59.01,9.09,-3.19,2,On,863.1,801.36
1788694260000000000,2026-09-06T11:31:00Z,free response,1.691,5.96,-0.32,0.0,0.32,312.59,58.98,8.3,-3.86,2,On,879.71,818.8
1788694320000000000,2026-09-06T11:32:00Z,free response,1.736,5.999,-0.31,0.0,0.31,312.59,58.97,9.89,-3.13,1,On,923.77,804.64
1788694380000000000,2026-09-06T11:33:00Z,free response,1.68,5.951,-0.29,0.0,0.29,312.58,58.96,8.42,-3.44,2,On,888.86,833.48
1788694440000000000,2026-09-06T11:34:00Z,free response,1.802,5.9,-0.27,0.0,0.27,312.57,58.92,9.27,-2.91,2,On,933.27,804.79
1788694500000000000,2026-09-06T11:35:00Z,free response,1.772,5.951,-0.27,0.0,0.27,312.56,58.89,10.14,-2.66,2,On,954.22,804.83
1788694560000000000,2026-09-06T11:36:00Z,free response,1.771,6.049,-0.25,0.0,0.25,312.56,58.89,9.71,-2.57,1,On,1481.7,860.28
1788694620000000000,2026-09-06T11:37:00Z,free response,1.771,5.955,-0.25,0.0,0.25,312.54,58.86,9.84,-2.54,2,On,1500.0,865.1
1788694680000000000,2026-09-06T11:38:00Z,free response,1.765,5.913,-0.23,0.0,0.23,312.54,58.84,8.86,-2.6,1,On,1500.0,846.73
1788694740000000000,2026-09-06T11:39:00Z,free response,1.75,5.936,-0.21,0.0,0.21,312.53,58.82,9.18,-2.29,2,On,1500.0,823.25
1788694800000000000,2026-09-06T11:40:00Z,free response,1.78,5.929,-0.21,0.0,0.21,312.52,58.81,8.92,-2.35,1,On,1500.0,819.86
1788694860000000000,2026-09-06T11:41:00Z,free response,1.772,5.97,-0.19,0.0,0.19,312.51,58.78,8.91,-2.13,2,On,1500.0,835.63
1788694920000000000,2026-09-06T11:42:00Z,free response,1.724,5.897,-0.19,0.0,0.19,312.5,58.75,9.47,-2.01,3,On,1485.7,863.24
1788694980000000000,2026-09-06T11:43:00Z,free response,1.729,5.907,-0.21,0.0,0.21,312.5,58.74,9.16,-2.29,1,On,1500.0,860.46
1788695040000000000,2026-09-06T11:44:00Z,free response,1.787,5.976,-0.2,0.0,0.2,312.5,58.74,9.7,-2.06,2,On,1497.9,847.37
1788695100000000000,2026-09-06T11:45:00Z,free response,1.837,5.97,-0.2,0.0,0.2,312.48,58.71,9.42,-2.12,3,On,1470.62,826.24
1788695160000000000,2026-09-06T11:46:00Z,free response,1.93,6.009,-0.21,0.0,0.21,312.47,58.68,10.22,-2.05,3,On,1500.0,835.39
1788695220000000000,2026-09-06T11:47:00Z,free response,1.929,5.902,-0.19,0.0,0.19,312.46,58.65,9.9,-1.92,2,On,1497.9,851.23
1788695280000000000,2026-09-06T11:48:00Z,free response,1.912,5.873,-0.17,0.0,0.17,312.46,58.64,11.66,-1.46,1,On,1500.0,835.23
1788695340000000000,2026-09-06T11:49:00Z,free response,1.89,5.921,-0.18,0.0,0.18,312.44,58.61,11.44,-1.57,3,On,1500.0,817.96
1788695400000000000,2026-09-06T11:50:00Z,free response,1.798,5.975,-0.18,0.0,0.18,312.44,58.59,10.12,-1.78,3,On,1104.31,645.51
1788695460000000000,2026-09-06T11:51:00Z,free response,1.715,5.948,-0.19,0.0,0.19,312.43,58.57,8.73,-2.18,1,On,1079.04,654.53
1788695520000000000,2026-09-06T11:52:00Z,free response,1.691,6.063,-0.18,0.0,0.18,312.42,58.54,8.06,-2.23,3,On,1128.32,645.83
1788695580000000000,2026-09-06T11:53:00Z,free response,1.686,6.029,-0.16,0.0,0.16,312.41,58.52,7.9,-2.03,3,On,1172.5,626.77
1788695640000000000,2026-09-06T11:54:00Z,free response,1.662,6.103,-0.17,0.0,0.17,312.4,58.5,9.25,-1.84,1,On,1124.49,603.82
1788695700000000000,2026-09-06T11:55:00Z,free response,1.706,6.116,-0.18,0.0,0.18,312.39,58.48,9.51,-1.89,3,On,1127.23,594.5
1788695760000000000,2026-09-06T11:56:00Z,free response,1.711,6.109,-0.17,0.0,0.17,312.38,58.46,8.23,-2.07,3,On,1127.88,617.36
1788695820000000000,2026-09-06T11:57:00Z,free response,1.761,6.123,-0.16,0.0,0.16,312.38,58.45,10.06,-1.59,3,On,1137.35,610.78
1788695880000000000,2026-09-06T11:58:00Z,free response,1.77,6.066,-0.18,0.0,0.18,312.36,58.41,10.04,-1.79,3,On,1167.05,624.62
1788695940000000000,2026-09-06T11:59:00Z,free response,1.704,5.986,-0.17,0.0,0.17,312.36,58.4,8.05,-2.11,1,On,1153.37,601.86
1788696000000000000,2026-09-06T12:00:00Z,free response,1.705,6.047,-0.17,0.0,0.17,312.34,58.36,9.06,-1.88,2,On,1170.03,628.56
1788696060000000000,2026-09-06T12:01:00Z,free response,1.676,6.059,-0.15,0.0,0.15,312.34,58.36,9.18,-1.63,2,On,1140.05,640.39
1788696120000000000,2026-09-06T12:02:00Z,free response,1.635,6.053,-0.16,0.0,0.16,312.34,58.35,7.4,-2.16,3,On,1157.87,623.16
1788696180000000000,2026-09-06T12:03:00Z,free response,1.609,6.037,-0.16,0.0,0.16,312.33,58.33,8.11,-1.97,1,On,1192.18,603.83
1788696240000000000,2026-09-06T12:04:00Z,free response,1.667,6.097,-0.16,0.0,0.16,312.33,58.32,8.89,-1.8,1,On,1208.63,585.65
1788696300000000000,2026-09-06T12:05:00Z,free response,1.676,6.001,-0.15,0.0,0.15,312.32,58.3,8.68,-1.73,3,On,1159.43,570.31
1788696360000000000,2026-09-06T12:06:00Z,free response,1.718,6.074,-0.15,0.0,0.15,312.31,58.28,8.89,-1.69,1,On,1187.53,574.06
1788696420000000000,2026-09-06T12:07:00Z,free response,1.681,6.039,-0.14,0.0,0.14,312.31,58.27,8.68,-1.61,2,On,1187.03,545.96
1788696480000000000,2026-09-06T12:08:00Z,free response,1.701,6.066,-0.14,0.0,0.14,312.3,58.25,8.24,-1.7,3,On,1155.67,552.67
1788696540000000000,2026-09-06T12:09:00Z,free response,1.726,6.131,-0.14,0.0,0.14,312.29,58.23,8.71,-1.61,1,On,1163.59,577.62
1788696600000000000,2026-09-06T12:10:00Z,free response,1.677,6.176,-0.14,0.0,0.14,312.28,58.21,8.73,-1.6,1,On,1209.37,554.03
1788696660000000000,2026-09-06T12:11:00Z,free response,1.752,6.364,-0.15,0.0,0.15,312.27,58.18,10.69,-1.4,2,On,1217.99,546.21
1788696720000000000,2026-09-06T12:12:00Z,free response,1.724,6.373,-0.14,0.0,0.14,312.27,58.17,10.17,-1.38,2,On,1207.55,554.8
1788696780000000000,2026-09-06T12:13:00Z,free response,1.713,6.312,-0.15,0.0,0.15,312.26,58.15,8.34,-1.8,1,On,1223.91,558.97
1788696840000000000,2026-09-06T12:14:00Z,free response,1.689,6.266,-0.13,0.0,0.13,312.24,58.11,9.33,-1.39,1,On,1199.83,570.08
1788696900000000000,2026-09-06T12:15:00Z,free response,1.72,6.311,-0.12,0.0,0.12,312.24,58.1,9.78,-1.23,3,Starting,1157.29,578.03
1788696960000000000,2026-09-06T12:16:00Z,free response,1.758,6.333,-0.12,0.0,0.12,312.22,58.06,9.84,-1.22,2,Starting,1132.6,597.83
1788697020000000000,2026-09-06T12:17:00Z,free response,1.689,6.314,-0.13,0.0,0.13,312.21,58.03,8.88,-1.46,2,Starting,1174.7,587.55
1788697080000000000,2026-09-06T12:18:00Z,free response,1.68,6.374,-0.13,0.0,0.13,312.21,58.02,8.25,-1.58,3,Starting,1155.1,568.25
1788697140000000000,2026-09-06T12:19:00Z,free response,1.694,6.311,-0.14,0.0,0.14,312.2,58.0,9.08,-1.54,2,Starting,1180.21,551.23
1788697200000000000,2026-09-06T12:20:00Z,free response,1.678,6.266,-0.15,0.0,0.15,312.2,58.0,8.13,-1.85,2,Starting,1146.44,563.87
1788697260000000000,2026-09-06T12:21:00Z,free response,1.616,6.261,-0.14,0.0,0.14,312.19,57.98,8.25,-1.7,3,Starting,1136.76,571.32
1788697320000000000,2026-09-06T12:22:00Z,free response,1.577,6.268,-0.14,0.0,0.14,312.18,57.94,7.44,-1.88,3,Starting,1178.08,560.05
1788697380000000000,2026-09-06T12:23:00Z,free response,1.557,6.143,-0.15,0.0,0.15,312.17,57.92,7.94,-1.89,3,Starting,1149.85,551.61
1788697440000000000,2026-09-06T12:24:00Z,free response,1.595,6.094,-0.16,0.0,0.16,312.16,57.91,7.25,-2.21,2,Starting,1173.33,536.72
1788697500000000000,2026-09-06T12:25:00Z,free response,1.562,6.04,-0.17,0.0,0.17,312.16,57.9,7.29,-2.33,2,Starting,1167.43,509.08
1788697560000000000,2026-09-06T12:26:00Z,free response,1.615,6.106,-0.17,0.0,0.17,312.15,57.88,8.29,-2.05,2,Starting,1188.03,533.07
1788697620000000000,2026-09-06T12:27:00Z,free response,1.674,6.093,-0.18,0.0,0.18,312.15,57.87,8.32,-2.16,1,Starting,1207.93,556.02
1788697680000000000,2026-09-06T12:28:00Z,free response,1.741,6.164,-0.2,0.0,0.2,312.14,57.85,9.05,-2.21,1,Starting,1192.4,536.99
1788697740000000000,2026-09-06T12:29:00Z,free response,1.751,6.134,-0.21,0.0,0.21,312.13,57.83,9.98,-2.1,1,Starting,1164.35,546.44
1788697800000000000,2026-09-06T12:30:00Z,free response,1.753,6.114,-0.22,0.0,0.22,312.12,57.81,10.3,-2.14,1,Starting,1165.95,545.13
1788697860000000000,2026-09-06T12:31:00Z,free response,1.769,6.188,-0.22,0.0,0.22,312.12,57.79,9.54,-2.31,3,Starting,1123.03,519.97
1788697920000000000,2026-09-06T12:32:00Z,free response,1.808,6.155,-0.22,0.0,0.22,312.1,57.76,10.02,-2.2,1,Starting,1172.69,490.16
1788697980000000000,2026-09-06T12:33:00Z,free response,1.826,6.12,-0.23,0.0,0.23,312.1,57.74,10.62,-2.17,2,Starting,1168.3,490.44
1788698040000000000,2026-09-06T12:34:00Z,free response,1.753,6.04,-0.23,0.0,0.23,312.08,57.71,8.67,-2.65,2,Starting,1192.28,477.11
1788698100000000000,2026-09-06T12:35:00Z,free response,1.738,6.081,-0.21,0.0,0.21,312.08,57.7,8.92,-2.35,3,Starting,1183.63,486.68
1788698160000000000,2026-09-06T12:36:00Z,free response,1.73,6.024,-0.22,0.0,0.22,312.07,57.68,8.72,-2.52,1,Starting,1194.17,513.25
1788698220000000000,2026-09-06T12:37:00Z,free response,1.73,5.989,-0.24,0.0,0.24,312.06,57.65,9.34,-2.57,3,Starting,1240.22,485.62
1788698280000000000,2026-09-06T12:38:00Z,free response,1.753,5.994,-0.25,0.0,0.25,312.05,57.62,9.67,-2.59,1,Starting,1234.54,496.54
1788698340000000000,2026-09-06T12:39:00Z,free response,1.748,6.002,-0.27,0.0,0.27,312.04,57.61,10.07,-2.68,1,Starting,1268.66,478.89
1788698400000000000,2026-09-06T12:40:00Z,free response,1.716,6.122,-0.26,0.0,0.26,312.04,57.6,9.07,-2.87,3,Starting,1221.34,497.73
1788698460000000000,2026-09-06T12:41:00Z,free response,1.685,6.125,-0.24,0.0,0.24,312.04,57.59,7.87,-3.05,1,Starting,1201.79,510.12
1788698520000000000,2026-09-06T12:42:00Z,free response,1.652,6.106,-0.24,0.0,0.24,312.02,57.56,8.51,-2.82,2,Starting,1227.74,497.01
1788698580000000000,2026-09-06T12:43:00Z,free response,1.687,6.055,-0.24,0.0,0.24,312.02,57.54,9.26,-2.59,1,Starting,1182.08,488.68
1788698640000000000,2026-09-06T12:44:00Z,free response,1.681,6.066,-0.22,0.0,0.22,312.0,57.51,8.52,-2.58,1,Starting,1162.43,461.52
1788698700000000000,2026-09-06T12:45:00Z,free response,1.649,6.146,-0.24,0.0,0.24,312.0,57.49,8.39,-2.86,3,Starting,1191.92,436.13
1788698760000000000,2026-09-06T12:46:00Z,free response,1.662,6.14,-0.25,0.0,0.25,311.99,57.47,8.48,-2.95,2,Starting,1179.02,409.94
1788698820000000000,2026-09-06T12:47:00Z,free response,1.631,6.144,-0.26,0.0,0.26,311.98,57.44,7.42,-3.5,2,Starting,1156.8,408.53
1788698880000000000,2026-09-06T12:48:00Z,free response,1.608,6.141,-0.27,0.0,0.27,311.96,57.41,8.03,-3.36,3,Starting,1129.13,385.34
1788698940000000000,2026-09-06T12:49:00Z,free response,1.601,6.161,-0.28,0.0,0.28,311.96,57.39,8.0,-3.5,3,Starting,1112.28,366.9
1788699000000000000,2026-09-06T12:50:00Z,free response,1.576,6.097,-0.27,0.0,0.27,311.95,57.37,7.29,-3.7,1,Starting,1107.08,377.36
1788699060000000000,2026-09-06T12:51:00Z,free response,1.553,6.077,-0.25,0.0,0.25,311.93,57.33,7.56,-3.31,1,Starting,1092.6,374.88
1788699120000000000,2026-09-06T12:52:00Z,free response,1.599,6.129,-0.26,0.0,0.26,311.93,57.32,8.49,-3.06,3,Starting,1046.2,390.41
1788699180000000000,2026-09-06T12:53:00Z,free response,1.591,6.144,-0.28,0.0,0.28,311.92,57.29,8.44,-3.32,3,Starting,1093.54,366.76
1788699240000000000,2026-09-06T12:54:00Z,free response,1.656,6.214,-0.28,0.0,0.28,311.9,57.26,8.81,-3.18,3,Starting,1054.1,363.38
1788699300000000000,2026-09-06T12:55:00Z,free response,1.698,6.238,-0.28,0.0,0.28,311.9,57.24,9.48,-2.95,2,Starting,1019.0,359.38
1788699360000000000,2026-09-06T12:56:00Z,free response,1.661,6.229,-0.25,0.0,0.25,311.89,57.22,9.07,-2.76,3,Starting,742.19,528.41
1788699420000000000,2026-09-06T12:57:00Z,free response,1.596,6.19,-0.25,0.0,0.25,311.88,57.19,8.17,-3.06,1,Starting,717.82,547.09
1788699480000000000,2026-09-06T12:58:00Z,free response,1.638,6.224,-0.27,0.0,0.27,311.87,57.17,8.94,-3.02,1,Starting,696.19,518.43
1788699540000000000,2026-09-06T12:59:00Z,free response,1.591,6.075,-0.29,0.0,0.29,311.86,57.16,7.83,-3.7,2,Starting,658.66,516.25
1788699600000000000,2026-09-06T13:00:00Z,free response,1.572,6.108,-0.31,0.0,0.31,311.86,57.14,7.99,-3.88,3,Starting,638.26,544.6
1788699660000000000,2026-09-06T13:01:00Z,free response,1.565,6.224,-0.29,0.0,0.29,311.85,57.13,8.23,-3.52,3,Starting,599.61,564.76
1788699720000000000,2026-09-06T13:02:00Z,free response,1.553,6.174,-0.29,0.0,0.29,311.84,57.11,7.09,-4.09,3,Starting,557.15,575.25
1788699780000000000,2026-09-06T13:03:00Z,free response,1.591,6.316,-0.3,0.0,0.3,311.83,57.08,8.29,-3.62,3,Starting,590.4,551.77
1788699840000000000,2026-09-06T13:04:00Z,free response,1.607,6.28,-0.31,0.0,0.31,311.82,57.05,8.91,-3.48,2,Starting,561.37,567.56
1788699900000000000,2026-09-06T13:05:00Z,free response,1.561,6.337,-0.29,0.0,0.29,311.81,57.03,7.23,-4.01,1,Starting,577.06,595.61
1788699960000000000,2026-09-06T13:06:00Z,free response,1.549,6.285,-0.26,0.0,0.26,311.8,57.0,7.57,-3.43,2,Starting,614.65,575.9
1788700020000000000,2026-09-06T13:07:00Z,free response,1.583,6.281,-0.28,0.0,0.28,311.79,56.97,8.52,-3.29,2,Starting,643.49,595.24
1788700080000000000,2026-09-06T13:08:00Z,free response,1.614,6.272,-0.3,0.0,0.3,311.78,56.96,8.67,-3.46,1,Starting,596.88,590.87
1788700140000000000,2026-09-06T13:09:00Z,free response,1.6,6.267,-0.29,0.0,0.29,311.78,56.94,8.48,-3.42,3,Starting,596.56,596.49
1788700200000000000,2026-09-06T13:10:00Z,free response,1.618,6.317,-0.28,0.0,0.28,311.76,56.91,7.59,-3.69,2,Starting,566.37,592.6
1788700260000000000,2026-09-06T13:11:00Z,free response,1.683,6.456,-0.28,0.0,0.28,311.76,56.89,8.42,-3.33,2,Starting,583.22,616.16
1788700320000000000,2026-09-06T13:12:00Z,free response,1.641,6.491,-0.29,0.0,0.29,311.75,56.87,8.87,-3.27,1,Starting,627.0,613.76
1788700380000000000,2026-09-06T13:13:00Z,free response,1.624,6.577,-0.28,0.0,0.28,311.74,56.85,8.42,-3.33,3,Starting,637.45,628.67
1788700440000000000,2026-09-06T13:14:00Z,free response,1.621,6.489,-0.26,0.0,0.26,311.73,56.82,8.42,-3.09,1,Starting,673.77,646.73
1788700500000000000,2026-09-06T13:15:00Z,free response,1.595,6.386,-0.25,0.0,0.25,311.72,56.81,7.75,-3.23,1,Starting,669.93,671.81
1788700560000000000,2026-09-06T13:16:00Z,free response,1.582,6.419,-0.25,0.0,0.25,311.72,56.79,7.25,-3.45,1,Starting,627.88,649.18
1788700620000000000,2026-09-06T13:17:00Z,free response,1.66,6.42,-0.23,0.0,0.23,311.71,56.77,9.61,-2.39,3,Starting,613.53,666.77
1788700680000000000,2026-09-06T13:18:00Z,free response,1.604,6.394,-0.22,0.0,0.22,311.7,56.75,8.45,-2.6,2,Starting,654.59,650.52
1788700740000000000,2026-09-06T13:19:00Z,free response,1.679,6.389,-0.22,0.0,0.22,311.7,56.75,8.79,-2.5,2,Starting,616.56,621.24
1788700800000000000,2026-09-06T13:20:00Z,free response,1.649,6.498,-0.24,0.0,0.24,311.68,56.71,9.59,-2.5,2,Starting,645.29,649.51
1788700860000000000,2026-09-06T13:21:00Z,free response,1.651,6.467,-0.26,0.0,0.26,311.68,56.69,7.99,-3.25,3,Starting,601.84,646.7
1788700920000000000,2026-09-06T13:22:00Z,free response,1.7,6.455,-0.28,0.0,0.28,311.67,56.68,9.67,-2.9,2,Starting,641.22,662.73
1788700980000000000,2026-09-06T13:23:00Z,free response,1.783,6.451,-0.29,0.0,0.29,311.68,56.71,11.02,-2.63,1,Starting,1155.21,634.31
1788701040000000000,2026-09-06T13:24:00Z,free response,1.768,6.476,-0.27,0.0,0.27,311.7,56.75,10.92,-2.47,3,Starting,1186.28,658.73
1788701100000000000,2026-09-06T13:25:00Z,free response,1.719,6.47,-0.27,0.0,0.27,311.71,56.77,8.63,-3.13,3,Starting,1230.17,656.62
1788701160000000000,2026-09-06T13:26:00Z,free response,1.654,6.471,-0.26,0.0,0.26,311.74,56.84,9.65,-2.69,1,Starting,1214.24,659.09
1788701220000000000,2026-09-06T13:27:00Z,free response,1.662,6.436,-0.28,0.0,0.28,311.76,56.9,9.2,-3.04,1,Starting,1203.32,666.41
1788701280000000000,2026-09-06T13:28:00Z,free response,1.668,6.352,-0.25,0.0,0.25,311.79,56.97,9.12,-2.74,1,Starting,1218.45,652.64
1788701340000000000,2026-09-06T13:29:00Z,free response,1.621,6.308,-0.27,0.0,0.27,311.82,57.04,8.16,-3.31,3,Starting,1225.85,639.83
1788701400000000000,2026-09-06T13:30:00Z,free response,1.613,6.36,-0.28,0.0,0.28,311.84,57.1,8.83,-3.17,2,Starting,1262.34,651.62
1788701460000000000,2026-09-06T13:31:00Z,free response,1.607,6.293,-0.28,0.0,0.28,311.87,57.17,8.04,-3.48,1,Starting,1241.31,627.12
1788701520000000000,2026-09-06T13:32:00Z,free response,1.601,6.25,-0.25,0.0,0.25,311.9,57.25,7.9,-3.16,2,Starting,1212.59,647.73
1788701580000000000,2026-09-06T13:33:00Z,free response,1.629,6.237,-0.25,0.0,0.25,311.92,57.3,7.56,-3.31,3,Starting,1221.51,641.07
1788701640000000000,2026-09-06T13:34:00Z,free response,1.592,6.171,-0.26,0.0,0.26,311.94,57.36,8.51,-3.06,1,Starting,1254.87,657.47
1788701700000000000,2026-09-06T13:35:00Z,free response,1.617,6.035,-0.29,0.0,0.29,311.98,57.45,8.33,-3.48,2,Starting,1229.79,629.09
1788701760000000000,2026-09-06T13:36:00Z,free response,1.659,6.046,-0.27,0.0,0.27,312.0,57.5,8.45,-3.2,3,Starting,1218.63,600.27
1788701820000000000,2026-09-06T13:37:00Z,free response,1.702,6.04,-0.26,0.0,0.26,312.02,57.56,9.47,-2.75,1,Starting,1189.18,582.4
1788701880000000000,2026-09-06T13:38:00Z,free response,1.685,5.957,-0.26,0.0,0.26,312.06,57.65,9.06,-2.87,3,Starting,1228.18,588.52
1788701940000000000,2026-09-06T13:39:00Z,free response,1.687,5.863,-0.28,0.0,0.28,312.07,57.68,7.56,-3.7,1,Starting,1202.14,610.84
1788702000000000000,2026-09-06T13:40:00Z,free response,1.707,5.934,-0.27,0.0,0.27,312.1,57.76,9.04,-2.99,2,Starting,1208.13,585.78
1788702060000000000,2026-09-06T13:41:00Z,free response,1.765,5.904,-0.27,0.0,0.27,312.12,57.81,9.81,-2.75,2,Starting,825.03,980.56
1788702120000000000,2026-09-06T13:42:00Z,free response,1.769,5.91,-0.25,0.0,0.25,312.14,57.85,8.79,-2.84,3,Starting,863.27,988.23
1788702180000000000,2026-09-06T13:43:00Z,free response,1.77,5.88,-0.26,0.0,0.26,312.15,57.88,9.35,-2.78,3,Starting,826.91,1000.0
1788702240000000000,2026-09-06T13:44:00Z,free response,1.782,5.885,-0.25,0.0,0.25,312.18,57.96,8.42,-2.97,3,Starting,873.89,1000.0
1788702300000000000,2026-09-06T13:45:00Z,free response,1.794,5.856,-0.27,0.0,0.27,312.2,57.99,10.27,-2.63,3,Starting,890.57,987.39
1788702360000000000,2026-09-06T13:46:00Z,free response,1.782,5.835,-0.25,0.0,0.25,312.21,58.02,9.02,-2.77,3,Starting,909.13,1000.0
1788702420000000000,2026-09-06T13:47:00Z,free response,1.771,5.829,-0.25,0.0,0.25,312.22,58.06,8.24,-3.03,3,Starting,863.82,992.88
1788702480000000000,2026-09-06T13:48:00Z,free response,1.738,5.841,-0.27,0.0,0.27,312.26,58.15,9.04,-2.99,3,Starting,850.19,980.13
1788702540000000000,2026-09-06T13:49:00Z,free response,1.679,5.838,-0.26,0.0,0.26,312.29,58.22,8.56,-3.04,2,Starting,800.69,954.75
1788702600000000000,2026-09-06T13:50:00Z,free response,1.665,5.858,-0.28,0.0,0.28,312.3,58.26,7.41,-3.78,2,Starting,829.2,941.28
1788702660000000000,2026-09-06T13:51:00Z,free response,1.65,5.712,-0.3,0.0,0.3,312.32,58.29,7.03,-4.27,2,Starting,866.08,927.06
1788702720000000000,2026-09-06T13:52:00Z,free response,1.656,5.712,-0.31,0.0,0.31,312.34,58.34,7.35,-4.22,3,Starting,826.52,901.54
1788702780000000000,2026-09-06T13:53:00Z,free response,1.627,5.637,-0.31,0.0,0.31,312.36,58.4,7.69,-4.03,2,Starting,822.15,927.07
1788702840000000000,2026-09-06T13:54:00Z,free response,1.617,5.704,-0.33,0.0,0.33,312.38,58.45,6.81,-4.85,3,Starting,825.87,936.93
1788702900000000000,2026-09-06T13:55:00Z,free response,1.612,5.609,-0.34,0.0,0.34,312.39,58.48,7.81,-4.35,3,Starting,849.36,914.66
1788702960000000000,2026-09-06T13:56:00Z,free response,1.609,5.571,-0.36,0.0,0.36,312.42,58.55,7.01,-5.14,1,Starting,813.1,916.18
1788703020000000000,2026-09-06T13:57:00Z,free response,1.62,5.567,-0.37,0.0,0.37,312.46,58.64,8.02,-4.61,2,Starting,850.87,894.04
1788703080000000000,2026-09-06T13:58:00Z,free response,1.631,5.642,-0.39,0.0,0.39,312.48,58.71,8.19,-4.76,2,Starting,884.54,875.31
1788703140000000000,2026-09-06T13:59:00Z,free response,1.674,5.609,-0.41,0.0,0.41,312.5,58.75,8.16,-5.02,1,Starting,933.16,861.55
1788703200000000000,2026-09-06T14:00:00Z,free response,1.663,5.482,-0.42,0.0,0.42,312.54,58.84,7.93,-5.3,2,Starting,935.36,848.83
1788703260000000000,2026-09-06T14:01:00Z,free response,1.626,5.402,-0.41,0.0,0.41,312.57,58.92,6.82,-6.01,1,Starting,969.18,822.76
1788703320000000000,2026-09-06T14:02:00Z,free response,1.687,5.349,-0.37,0.0,0.37,312.6,59.01,7.13,-5.19,1,Starting,992.93,807.57
1788703380000000000,2026-09-06T14:03:00Z,free response,1.777,5.372,-0.34,0.0,0.34,312.62,59.05,9.17,-3.71,1,Starting,1021.7,782.73
1788703440000000000,2026-09-06T14:04:00Z,free response,1.71,5.34,-0.35,0.0,0.35,312.65,59.13,8.03,-4.36,2,Starting,1058.68,781.21
1788703500000000000,2026-09-06T14:05:00Z,free response,1.691,5.324,-0.38,0.0,0.38,312.67,59.18,7.5,-5.07,2,Starting,1026.66,774.59
1788703560000000000,2026-09-06T14:06:00Z,free response,1.67,5.427,-0.36,0.0,0.36,312.69,59.22,6.92,-5.2,1,Starting,981.76,752.92
1788703620000000000,2026-09-06T14:07:00Z,free response,1.703,5.406,-0.33,0.0,0.33,312.72,59.29,7.57,-4.36,1,Starting,1029.0,761.56
1788703680000000000,2026-09-06T14:08:00Z,free response,1.749,5.446,-0.34,0.0,0.34,312.74,59.35,8.5,-4.0,1,Starting,949.92,378.35
1788703740000000000,2026-09-06T14:09:00Z,free response,1.735,5.479,-0.34,0.0,0.34,312.77,59.43,8.64,-3.94,2,Starting,980.13,353.4
1788703800000000000,2026-09-06T14:10:00Z,free response,1.708,5.59,-0.36,0.0,0.36,312.8,59.51,7.79,-4.62,2,Starting,939.01,323.63
1788703860000000000,2026-09-06T14:11:00Z,free response,1.686,5.562,-0.38,0.0,0.38,312.83,59.58,7.51,-5.06,1,Starting,968.45,328.93
1788703920000000000,2026-09-06T14:12:00Z,free response,1.706,5.637,-0.38,0.0,0.38,312.85,59.63,8.86,-4.29,2,Starting,923.14,336.56
1788703980000000000,2026-09-06T14:13:00Z,free response,1.683,5.519,-0.36,0.0,0.36,312.86,59.65,7.37,-4.88,1,Starting,963.1,346.5
1788704040000000000,2026-09-06T14:14:00Z,free response,1.714,5.573,-0.35,0.0,0.35,312.88,59.7,8.12,-4.31,1,Starting,968.37,335.04
1788704100000000000,2026-09-06T14:15:00Z,free response,1.688,5.542,-0.34,0.0,0.34,312.9,59.75,8.46,-4.02,3,Starting,1015.58,345.25
1788704160000000000,2026-09-06T14:16:00Z,free response,1.665,5.512,-0.32,0.0,0.32,312.92,59.79,7.66,-4.18,1,Starting,1041.21,364.31
1788704220000000000,2026-09-06T14:17:00Z,free response,1.717,5.526,-0.34,0.0,0.34,312.94,59.85,7.35,-4.63,3,Starting,1032.05,381.65
1788704280000000000,2026-09-06T14:18:00Z,free response,1.759,5.425,-0.31,0.0,0.31,312.97,59.92,7.79,-3.98,1,Starting,1009.26,367.03
1788704340000000000,2026-09-06T14:19:00Z,free response,1.712,5.4,-0.32,0.0,0.32,312.98,59.96,7.89,-4.06,2,Starting,1004.57,344.86
1788704400000000000,2026-09-06T14:20:00Z,free response,1.707,5.436,-0.33,0.0,0.33,313.0,60.0,8.33,-3.96,2,Starting,1279.16,553.19
1788704460000000000,2026-09-06T14:21:00Z,free response,1.741,5.354,-0.3,0.0,0.3,313.03,60.07,7.94,-3.78,1,Starting,1323.58,541.53
1788704520000000000,2026-09-06T14:22:00Z,free response,1.782,5.395,-0.27,0.0,0.27,313.05,60.13,8.21,-3.29,2,Starting,1294.82,571.45
1788704580000000000,2026-09-06T14:23:00Z,free response,1.845,5.353,-0.27,0.0,0.27,313.07,60.18,9.89,-2.73,1,Starting,1313.61,554.77
1788704640000000000,2026-09-06T14:24:00Z,free response,1.852,5.361,-0.29,0.0,0.29,313.1,60.25,9.34,-3.1,2,Starting,1265.25,544.39
1788704700000000000,2026-09-06T14:25:00Z,free response,1.838,5.409,-0.29,0.0,0.29,313.13,60.33,8.67,-3.34,2,On,1288.69,523.92
1788704760000000000,2026-09-06T14:26:00Z,free response,1.902,5.442,-0.27,0.0,0.27,313.16,60.41,10.59,-2.55,2,On,1264.02,509.0
1788704820000000000,2026-09-06T14:27:00Z,free response,1.852,5.505,-0.28,0.0,0.28,313.18,60.46,9.24,-3.03,3,On,1312.05,531.21
1788704880000000000,2026-09-06T14:28:00Z,free response,1.817,5.512,-0.28,0.0,0.28,313.22,60.55,9.82,-2.85,2,On,1289.24,516.25
1788704940000000000,2026-09-06T14:29:00Z,free response,1.879,5.595,-0.3,0.0,0.3,313.24,60.6,9.71,-3.09,1,On,1281.96,528.68
1788705000000000000,2026-09-06T14:30:00Z,free response,1.861,5.61,-0.32,0.0,0.32,313.26,60.64,9.51,-3.36,3,On,1256.72,500.34
1788705060000000000,2026-09-06T14:31:00Z,free response,1.854,5.695,-0.33,0.0,0.33,313.27,60.68,10.05,-3.28,3,On,1266.96,517.44
1788705120000000000,2026-09-06T14:32:00Z,free response,1.889,5.727,-0.32,0.0,0.32,313.29,60.73,9.69,-3.3,1,On,1220.07,525.08
1788705180000000000,2026-09-06T14:33:00Z,free response,1.772,5.771,-0.33,0.0,0.33,313.31,60.78,9.03,-3.65,1,On,1053.31,355.68
1788705240000000000,2026-09-06T14:34:00Z,free response,1.817,5.769,-0.3,0.0,0.3,313.34,60.84,8.76,-3.42,2,On,1093.07,382.6
1788705300000000000,2026-09-06T14:35:00Z,free response,1.868,5.812,-0.32,0.0,0.32,313.35,60.87,10.92,-2.93,1,On,1129.95,403.17
1788705360000000000,2026-09-06T14:36:00Z,free response,1.927,5.78,-0.34,0.0,0.34,313.38,60.96,10.27,-3.31,2,On,1117.22,377.54
1788705420000000000,2026-09-06T14:37:00Z,free response,1.936,5.828,-0.31,0.0,0.31,313.4,61.01,10.39,-2.98,1,On,1085.86,349.53
1788705480000000000,2026-09-06T14:38:00Z,free response,1.983,5.841,-0.31,0.0,0.31,313.44,61.09,10.75,-2.88,1,On,1107.2,358.02
1788705540000000000,2026-09-06T14:39:00Z,free response,1.948,5.887,-0.29,0.0,0.29,313.45,61.12,10.47,-2.77,2,On,1125.52,373.27
1788705600000000000,2026-09-06T14:40:00Z,free response,1.912,5.854,-0.29,0.0,0.29,313.46,61.16,10.09,-2.87,2,On,1128.44,397.59
1788705660000000000,2026-09-06T14:41:00Z,free response,1.85,5.946,-0.31,0.0,0.31,313.49,61.22,9.81,-3.16,2,On,1173.75,368.01
1788705720000000000,2026-09-06T14:42:00Z,free response,1.838,5.884,-0.33,0.0,0.33,313.5,61.26,10.31,-3.2,2,On,1073.37,358.57
1788705780000000000,2026-09-06T14:43:00Z,free response,1.877,5.909,-0.31,0.0,0.31,313.53,61.32,9.43,-3.29,2,On,1030.8,368.45
1788705840000000000,2026-09-06T14:44:00Z,free response,1.844,5.89,-0.28,0.0,0.28,313.56,61.4,9.11,-3.07,1,On,1024.41,375.05
1788705900000000000,2026-09-06T14:45:00Z,free response,1.863,5.985,-0.27,0.0,0.27,313.58,61.46,10.38,-2.6,1,On,1046.2,345.52
1788705960000000000,2026-09-06T14:46:00Z,free response,1.853,5.899,-0.25,0.0,0.25,313.6,61.49,9.59,-2.61,1,On,1346.75,683.0
1788706020000000000,2026-09-06T14:47:00Z,free response,1.888,5.888,-0.25,0.0,0.25,313.61,61.52,9.82,-2.55,1,On,1356.4,674.83
1788706080000000000,2026-09-06T14:48:00Z,free response,1.954,5.955,-0.23,0.0,0.23,313.62,61.55,12.37,-1.86,2,On,892.88,678.54
1788706140000000000,2026-09-06T14:49:00Z,free response,2.031,5.992,-0.21,0.0,0.21,313.65,61.63,12.82,-1.64,1,On,873.67,666.4
1788706200000000000,2026-09-06T14:50:00Z,free response,2.042,6.03,-0.21,0.0,0.21,313.67,61.68,11.64,-1.8,3,On,830.79,688.03
1788706260000000000,2026-09-06T14:51:00Z,free response,1.959,6.06,-0.21,0.0,0.21,313.69,61.73,11.55,-1.82,1,On,870.74,710.23
1788706320000000000,2026-09-06T14:52:00Z,free response,1.92,6.036,-0.21,0.0,0.21,313.72,61.81,10.43,-2.01,1,On,886.45,699.59
1788706380000000000,2026-09-06T14:53:00Z,free response,2.015,6.051,-0.2,0.0,0.2,313.75,61.87,12.28,-1.63,2,On,860.02,712.12
1788706440000000000,2026-09-06T14:54:00Z,free response,2.096,5.962,-0.19,0.0,0.19,313.77,61.93,12.45,-1.53,3,On,811.61,724.12
1788706500000000000,2026-09-06T14:55:00Z,free response,2.091,5.88,-0.2,0.0,0.2,313.8,62.0,12.74,-1.57,3,On,790.21,702.24
1788706560000000000,2026-09-06T14:56:00Z,free response,2.02,5.925,-0.2,0.0,0.2,313.82,62.06,11.86,-1.69,1,On,795.5,711.93
1788706620000000000,2026-09-06T14:57:00Z,free response,1.985,5.91,-0.22,0.0,0.22,313.85,62.12,11.09,-1.98,1,On,772.52,685.47
1788706680000000000,2026-09-06T14:58:00Z,free response,1.971,5.872,-0.23,0.0,0.23,313.87,62.18,10.34,-2.22,2,On,744.23,677.34
1788706740000000000,2026-09-06T14:59:00Z,free response,1.928,5.727,-0.22,0.0,0.22,313.91,62.27,11.31,-1.95,3,On,758.39,657.34
1788706800000000000,2026-09-06T15:00:00Z,free response,1.948,5.745,-0.21,0.0,0.21,313.92,62.3,11.94,-1.76,2,On,724.53,634.02
1788706860000000000,2026-09-06T15:01:00Z,free response,1.943,5.863,-0.2,0.0,0.2,313.94,62.36,10.94,-1.83,1,On,773.6,614.43
1788706920000000000,2026-09-06T15:02:00Z,free response,1.974,5.867,-0.21,0.0,0.21,313.97,62.42,11.35,-1.85,1,On,747.58,584.55
1788706980000000000,2026-09-06T15:03:00Z,free response,2.004,5.763,-0.2,0.0,0.2,313.99,62.47,11.17,-1.79,1,On,786.45,564.84
1788707040000000000,2026-09-06T15:04:00Z,free response,1.92,5.703,-0.19,0.0,0.19,314.02,62.56,11.52,-1.65,1,On,789.96,575.68
1788707100000000000,2026-09-06T15:05:00Z,free response,2.064,5.717,-0.19,0.0,0.19,314.05,62.63,13.07,-1.45,3,On,812.5,568.34
1788707160000000000,2026-09-06T15:06:00Z,free response,2.14,5.75,-0.17,0.0,0.17,314.07,62.68,12.07,-1.41,3,On,847.45,554.31
1788707220000000000,2026-09-06T15:07:00Z,free response,2.091,5.698,-0.16,0.0,0.16,314.09,62.72,12.6,-1.27,3,On,888.48,553.15
1788707280000000000,2026-09-06T15:08:00Z,free response,2.087,5.628,-0.14,0.0,0.14,314.12,62.79,13.12,-1.07,3,On,868.02,545.46
1788707340000000000,2026-09-06T15:09:00Z,free response,2.055,5.63,-0.13,0.0,0.13,314.13,62.82,11.02,-1.18,2,On,826.5,565.75
1788707400000000000,2026-09-06T15:10:00Z,free response,2.037,5.524,-0.13,0.0,0.13,314.15,62.87,11.5,-1.13,2,On,811.89,557.84
1788707460000000000,2026-09-06T15:11:00Z,free response,2.079,5.521,-0.13,0.0,0.13,314.17,62.93,12.19,-1.07,1,On,851.66,569.98
1788707520000000000,2026-09-06T15:12:00Z,free response,2.013,5.52,-0.14,0.0,0.14,314.2,62.99,10.1,-1.39,2,On,822.56,566.6
1788707580000000000,2026-09-06T15:13:00Z,free response,1.955,5.486,-0.14,0.0,0.14,314.21,63.03,9.93,-1.41,2,On,795.55,539.94
1788707640000000000,2026-09-06T15:14:00Z,free response,2.021,5.558,-0.15,0.0,0.15,314.24,63.11,10.7,-1.4,2,On,747.05,546.98
1788707700000000000,2026-09-06T15:15:00Z,free response,2.075,5.619,-0.13,0.0,0.13,314.26,63.15,11.29,-1.15,1,On,747.09,524.75
1788707760000000000,2026-09-06T15:16:00Z,free response,2.113,5.599,-0.13,0.0,0.13,314.3,63.24,11.85,-1.1,1,On,720.51,519.07
1788707820000000000,2026-09-06T15:17:00Z,free response,2.131,5.584,-0.14,0.0,0.14,314.31,63.27,13.76,-1.02,2,On,759.96,544.34
1788707880000000000,2026-09-06T15:18:00Z,free response,2.008,5.631,-0.15,0.0,0.15,314.32,63.3,12.07,-1.24,3,On,727.01,534.2
1788707940000000000,2026-09-06T15:19:00Z,free response,1.971,5.712,-0.16,0.0,0.16,314.35,63.38,10.37,-1.54,2,On,735.91,542.27
1788708000000000000,2026-09-06T15:20:00Z,free response,1.95,5.759,-0.15,0.0,0.15,314.38,63.46,9.99,-1.5,1,On,742.28,515.43
1788708060000000000,2026-09-06T15:21:00Z,free response,1.934,5.798,-0.15,0.0,0.15,314.42,63.55,10.78,-1.39,2,On,733.77,529.82
1788708120000000000,2026-09-06T15:22:00Z,free response,1.956,5.824,-0.17,0.0,0.17,314.45,63.63,10.66,-1.59,1,On,708.53,509.48
1788708180000000000,2026-09-06T15:23:00Z,free response,2.029,5.808,-0.18,0.0,0.18,314.47,63.67,11.95,-1.51,2,On,666.16,511.12
1788708240000000000,2026-09-06T15:24:00Z,free response,1.988,5.789,-0.18,0.0,0.18,314.5,63.75,10.53,-1.71,3,On,685.31,483.58
1788708300000000000,2026-09-06T15:25:00Z,free response,2.018,5.79,-0.17,0.0,0.17,314.52,63.81,11.62,-1.46,3,On,677.28,501.84
1788708360000000000,2026-09-06T15:26:00Z,free response,1.981,5.879,-0.18,0.0,0.18,314.55,63.88,11.5,-1.57,3,On,685.31,527.63
1788708420000000000,2026-09-06T15:27:00Z,free response,1.978,5.872,-0.18,0.0,0.18,314.58,63.95,11.1,-1.62,1,On,666.43,518.54
1788708480000000000,2026-09-06T15:28:00Z,free response,2.044,5.93,-0.19,0.0,0.19,314.6,63.99,11.27,-1.69,2,On,688.62,495.02
1788708540000000000,2026-09-06T15:29:00Z,free response,2.05,5.976,-0.17,0.0,0.17,314.61,64.03,13.01,-1.31,1,On,726.5,477.36
1788708600000000000,2026-09-06T15:30:00Z,free response,2.065,5.896,-0.16,0.0,0.16,314.63,64.07,13.12,-1.22,2,On,677.92,473.76
1788708660000000000,2026-09-06T15:31:00Z,free response,2.026,5.887,-0.17,0.0,0.17,314.66,64.15,13.26,-1.28,3,On,684.17,458.45
1788708720000000000,2026-09-06T15:32:00Z,free response,2.128,5.896,-0.16,0.0,0.16,314.68,64.2,12.47,-1.28,1,On,666.88,457.12
1788708780000000000,2026-09-06T15:33:00Z,free response,2.005,5.938,-0.16,0.0,0.16,314.7,64.25,12.02,-1.33,3,On,632.97,459.9
1788708840000000000,2026-09-06T15:34:00Z,free response,2.05,6.022,-0.17,0.0,0.17,314.74,64.34,12.36,-1.38,3,On,643.3,487.0
1788708900000000000,2026-09-06T15:35:00Z,free response,2.074,6.047,-0.18,0.0,0.18,314.76,64.39,13.7,-1.31,1,On,693.14,482.95
1788708960000000000,2026-09-06T15:36:00Z,free response,2.077,5.973,-0.17,0.0,0.17,314.77,64.42,12.87,-1.32,2,On,728.53,484.53
1788709020000000000,2026-09-06T15:37:00Z,free response,2.071,5.865,-0.18,0.0,0.18,314.8,64.49,12.08,-1.49,2,On,683.03,508.13
1788709080000000000,2026-09-06T15:38:00Z,free response,2.125,5.908,-0.17,0.0,0.17,314.82,64.56,13.35,-1.27,1,On,637.48,485.82
1788709140000000000,2026-09-06T15:39:00Z,free response,2.171,5.867,-0.17,0.0,0.17,314.84,64.61,13.13,-1.29,2,On,672.54,458.39
1788709200000000000,2026-09-06T15:40:00Z,free response,2.161,5.986,-0.17,0.0,0.17,314.86,64.66,13.39,-1.27,1,On,706.84,457.66
1788709260000000000,2026-09-06T15:41:00Z,free response,2.213,5.948,-0.17,0.0,0.17,314.88,64.71,15.9,-1.07,3,On,707.05,482.89
1788709320000000000,2026-09-06T15:42:00Z,free response,2.27,5.919,-0.18,0.0,0.18,314.9,64.75,14.99,-1.2,3,On,698.69,504.46
1788709380000000000,2026-09-06T15:43:00Z,free response,2.23,5.898,-0.16,0.0,0.16,314.93,64.82,15.73,-1.02,1,On,660.64,499.26
1788709440000000000,2026-09-06T15:44:00Z,free response,2.236,5.86,-0.17,0.0,0.17,314.96,64.9,13.38,-1.27,1,On,647.95,505.68
1788709500000000000,2026-09-06T15:45:00Z,free response,2.114,5.933,-0.18,0.0,0.18,314.98,64.95,13.22,-1.36,2,On,667.93,498.95
1788709560000000000,2026-09-06T15:46:00Z,free response,2.146,5.957,-0.18,0.0,0.18,315.0,64.99,14.29,-1.26,2,On,667.39,472.01
1788709620000000000,2026-09-06T15:47:00Z,free response,2.177,6.1,-0.19,0.0,0.19,315.02,65.04,14.4,-1.32,2,On,617.83,449.24
1788709680000000000,2026-09-06T15:48:00Z,free response,2.168,5.993,-0.19,0.0,0.19,315.04,65.1,12.72,-1.49,3,On,614.49,460.17
1788709740000000000,2026-09-06T15:49:00Z,free response,2.086,5.935,-0.18,0.0,0.18,315.07,65.17,12.37,-1.46,3,On,601.87,467.39
1788709800000000000,2026-09-06T15:50:00Z,free response,2.119,5.894,-0.16,0.0,0.16,315.1,65.24,14.52,-1.1,1,On,596.31,489.28
1788709860000000000,2026-09-06T15:51:00Z,free response,2.063,5.851,-0.16,0.0,0.16,315.11,65.28,11.81,-1.35,3,On,621.59,460.05
1788709920000000000,2026-09-06T15:52:00Z,free response,2.114,5.799,-0.16,0.0,0.16,315.12,65.31,14.17,-1.13,1,On,605.08,485.16
1788709980000000000,2026-09-06T15:53:00Z,free response,2.108,5.795,-0.17,0.0,0.17,315.14,65.35,13.26,-1.28,3,On,593.57,468.87
1788710040000000000,2026-09-06T15:54:00Z,free response,2.064,5.878,-0.16,0.0,0.16,315.15,65.38,13.06,-1.23,3,On,611.96,475.54
1788710100000000000,2026-09-06T15:55:00Z,free response,2.117,5.799,-0.15,0.0,0.15,315.18,65.45,12.59,-1.19,3,On,577.49,460.6
1788710160000000000,2026-09-06T15:56:00Z,free response,2.141,5.878,-0.15,0.0,0.15,315.21,65.53,13.21,-1.14,2,On,600.65,433.87
1788710220000000000,2026-09-06T15:57:00Z,free response,2.13,5.967,-0.14,0.0,0.14,315.23,65.57,12.38,-1.13,2,On,579.86,436.38
1788710280000000000,2026-09-06T15:58:00Z,free response,2.076,5.996,-0.13,0.0,0.13,315.25,65.63,12.66,-1.03,1,On,556.68,411.73
1788710340000000000,2026-09-06T15:59:00Z,free response,2.049,5.961,-0.15,0.0,0.15,315.28,65.71,13.36,-1.12,3,On,587.18,404.94
1788710400000000000,2026-09-06T16:00:00Z,free response,2.059,6.001,-0.14,0.0,0.14,315.32,65.79,13.34,-1.05,2,On,566.83,415.19
1788710460000000000,2026-09-06T16:01:00Z,free response,2.024,6.052,-0.14,0.0,0.14,315.35,65.87,12.01,-1.17,2,On,571.06,435.84
1788710520000000000,2026-09-06T16:02:00Z,free response,2.123,6.084,-0.15,0.0,0.15,315.37,65.92,15.01,-1.0,2,On,541.89,447.66
1788710580000000000,2026-09-06T16:03:00Z,free response,2.215,6.067,-0.13,0.0,0.13,315.4,66.0,14.53,-0.89,3,On,555.6,419.5
1788710640000000000,2026-09-06T16:04:00Z,free response,2.234,6.106,-0.12,0.0,0.12,315.44,66.09,16.33,-0.73,1,On,572.5,391.25
1788710700000000000,2026-09-06T16:05:00Z,free response,2.271,6.193,-0.11,0.0,0.11,315.46,66.16,15.74,-0.7,1,On,565.19,412.39
1788710760000000000,2026-09-06T16:06:00Z,free response,2.254,6.154,-0.12,0.0,0.12,315.48,66.21,16.04,-0.75,1,On,561.19,388.43
1788710820000000000,2026-09-06T16:07:00Z,free response,2.268,6.238,-0.12,0.0,0.12,315.5,66.24,15.22,-0.79,2,On,593.06,370.5
1788710880000000000,2026-09-06T16:08:00Z,free response,2.282,6.272,-0.13,0.0,0.13,315.53,66.32,17.05,-0.76,1,On,592.57,398.52
1788710940000000000,2026-09-06T16:09:00Z,free response,2.276,6.269,-0.13,0.0,0.13,315.54,66.36,15.99,-0.81,2,On,639.34,416.57
1788711000000000000,2026-09-06T16:10:00Z,free response,2.223,6.264,-0.11,0.0,0.11,315.56,66.4,14.84,-0.74,1,On,590.75,392.01
1788711060000000000,2026-09-06T16:11:00Z,free response,2.234,6.148,-0.1,0.0,0.1,315.6,66.49,14.79,-0.68,2,On,709.63,654.53
1788711120000000000,2026-09-06T16:12:00Z,free response,2.258,6.104,-0.1,0.0,0.1,315.62,66.54,14.11,-0.71,3,On,741.66,662.7
1788711180000000000,2026-09-06T16:13:00Z,free response,2.185,6.055,-0.1,0.0,0.1,315.64,66.6,13.86,-0.72,3,On,711.78,633.5
1788711240000000000,2026-09-06T16:14:00Z,free response,2.069,5.96,-0.09,0.0,0.09,315.67,66.68,13.01,-0.69,3,On,665.96,648.84
1788711300000000000,2026-09-06T16:15:00Z,free response,2.011,5.832,-0.09,0.0,0.09,315.7,66.74,12.22,-0.74,1,On,698.0,621.02
1788711360000000000,2026-09-06T16:16:00Z,free response,2.013,5.816,-0.09,0.0,0.09,315.71,66.77,11.84,-0.76,2,On,731.14,641.51
1788711420000000000,2026-09-06T16:17:00Z,free response,2.019,5.751,-0.1,0.0,0.1,315.72,66.79,12.17,-0.82,3,On,700.8,625.84
1788711480000000000,2026-09-06T16:18:00Z,free response,2.108,5.859,-0.09,0.0,0.09,315.75,66.87,14.15,-0.64,3,On,651.24,603.19
1788711540000000000,2026-09-06T16:19:00Z,free response,2.082,5.894,-0.1,0.0,0.1,315.77,66.92,13.65,-0.73,2,On,645.01,600.13
1788711600000000000,2026-09-06T16:20:00Z,free response,1.97,6.006,-0.1,0.0,0.1,315.78,66.96,11.73,-0.85,2,On,727.67,945.31
1788711660000000000,2026-09-06T16:21:00Z,free response,1.961,6.005,-0.09,0.0,0.09,315.81,67.03,11.52,-0.78,2,On,917.65,564.65
1788711720000000000,2026-09-06T16:22:00Z,free response,1.996,6.053,-0.1,0.0,0.1,315.83,67.08,13.08,-0.76,2,On,955.69,538.5
1788711780000000000,2026-09-06T16:23:00Z,free response,1.857,6.072,-0.1,0.0,0.1,315.85,67.12,10.93,-0.91,2,On,982.24,529.83
1788711840000000000,2026-09-06T16:24:00Z,free response,1.932,6.003,-0.11,0.0,0.11,315.88,67.19,10.9,-1.01,1,On,1002.96,548.81
1788711900000000000,2026-09-06T16:25:00Z,free response,1.967,5.967,-0.12,0.0,0.12,315.89,67.22,12.68,-0.95,3,On,981.65,544.04
1788711960000000000,2026-09-06T16:26:00Z,free response,2.019,6.041,-0.13,0.0,0.13,315.91,67.28,12.52,-1.04,2,On,952.6,518.1
1788712020000000000,2026-09-06T16:27:00Z,free response,2.037,6.034,-0.13,0.0,0.13,315.93,67.32,12.21,-1.06,3,On,977.25,542.09
1788712080000000000,2026-09-06T16:28:00Z,free response,1.977,5.979,-0.14,0.0,0.14,315.95,67.37,10.7,-1.31,2,On,959.36,515.31
1788712140000000000,2026-09-06T16:29:00Z,free response,1.994,5.98,-0.14,0.0,0.14,315.98,67.44,12.86,-1.09,2,On,1008.89,529.65
1788712200000000000,2026-09-06T16:30:00Z,free response,1.922,6.055,-0.15,0.0,0.15,316.0,67.51,12.21,-1.23,2,On,996.68,555.78
1788712260000000000,2026-09-06T16:31:00Z,free response,1.942,6.104,-0.15,0.0,0.15,316.02,67.55,11.65,-1.29,2,On,1011.82,542.53
1788712320000000000,2026-09-06T16:32:00Z,free response,1.967,6.062,-0.15,0.0,0.15,316.04,67.59,12.23,-1.23,1,On,989.87,558.84
1788712380000000000,2026-09-06T16:33:00Z,free response,1.984,6.041,-0.16,0.0,0.16,316.05,67.63,11.51,-1.39,2,On,1031.02,550.47
1788712440000000000,2026-09-06T16:34:00Z,free response,1.985,6.046,-0.17,0.0,0.17,316.07,67.67,11.55,-1.47,1,On,981.38,573.91
1788712500000000000,2026-09-06T16:35:00Z,free response,2.023,5.974,-0.17,0.0,0.17,316.09,67.72,12.99,-1.31,3,On,962.21,570.71
1788712560000000000,2026-09-06T16:36:00Z,free response,2.006,6.04,-0.17,0.0,0.17,316.11,67.78,11.83,-1.44,3,On,926.99,585.06
1788712620000000000,2026-09-06T16:37:00Z,free response,2.053,6.042,-0.19,0.0,0.19,316.13,67.82,13.56,-1.4,3,On,882.04,595.87
1788712680000000000,2026-09-06T16:38:00Z,free response,2.027,6.049,-0.19,0.0,0.19,316.15,67.87,11.38,-1.67,1,On,898.48,589.44
1788712740000000000,2026-09-06T16:39:00Z,free response,2.067,5.957,-0.2,0.0,0.2,316.18,67.96,11.98,-1.67,2,On,925.43,573.58
1788712800000000000,2026-09-06T16:40:00Z,free response,2.062,5.978,-0.22,0.0,0.22,316.2,68.0,11.53,-1.91,1,On,897.69,603.41
1788712860000000000,2026-09-06T16:41:00Z,free response,2.023,6.078,-0.22,0.0,0.22,316.22,68.05,12.02,-1.83,3,On,922.7,605.42
1788712920000000000,2026-09-06T16:42:00Z,free response,2.069,5.991,-0.2,0.0,0.2,316.25,68.13,11.75,-1.7,2,On,923.84,607.04
1788712980000000000,2026-09-06T16:43:00Z,free response,2.163,6.107,-0.19,0.0,0.19,316.27,68.18,13.15,-1.44,2,On,918.84,312.31
1788713040000000000,2026-09-06T16:44:00Z,free response,2.125,6.119,-0.2,0.0,0.2,316.29,68.23,15.1,-1.32,2,On,958.99,298.96
1788713100000000000,2026-09-06T16:45:00Z,free response,2.117,6.078,-0.22,0.0,0.22,316.32,68.31,14.64,-1.5,3,On,916.61,289.91
1788713160000000000,2026-09-06T16:46:00Z,free response,2.121,6.242,-0.19,0.0,0.19,316.34,68.34,14.76,-1.29,3,On,959.11,301.13
1788713220000000000,2026-09-06T16:47:00Z,free response,2.166,6.301,-0.18,0.0,0.18,316.36,68.4,13.66,-1.32,1,On,931.34,283.08
1788713280000000000,2026-09-06T16:48:00Z,free response,2.169,6.156,-0.17,0.0,0.17,316.39,68.48,15.23,-1.12,1,On,950.84,270.64
1788713340000000000,2026-09-06T16:49:00Z,free response,2.198,6.083,-0.18,0.0,0.18,316.42,68.55,14.83,-1.21,1,On,985.32,293.02
1788713400000000000,2026-09-06T16:50:00Z,free response,2.11,6.076,-0.19,0.0,0.19,316.44,68.59,12.97,-1.46,1,On,941.65,316.26
1788713460000000000,2026-09-06T16:51:00Z,free response,2.058,6.026,-0.18,0.0,0.18,316.45,68.63,12.2,-1.48,1,On,947.77,316.61
1788713520000000000,2026-09-06T16:52:00Z,free response,2.074,6.045,-0.17,0.0,0.17,316.48,68.69,12.63,-1.35,3,On,982.07,320.34
1788713580000000000,2026-09-06T16:53:00Z,free response,2.058,5.948,-0.18,0.0,0.18,316.51,68.77,11.39,-1.58,1,On,936.75,309.5
1788713640000000000,2026-09-06T16:54:00Z,free response,1.993,6.053,-0.17,0.0,0.17,316.52,68.8,11.94,-1.42,1,On,942.46,334.18
1788713700000000000,2026-09-06T16:55:00Z,free response,2.009,6.009,-0.18,0.0,0.18,316.54,68.86,11.52,-1.56,3,On,939.62,333.24
1788713760000000000,2026-09-06T16:56:00Z,free response,1.971,5.972,-0.18,0.0,0.18,316.56,68.9,11.57,-1.56,1,On,929.24,343.7
1788713820000000000,2026-09-06T16:57:00Z,free response,2.028,5.792,-0.18,0.0,0.18,316.58,68.94,12.82,-1.4,2,On,885.04,331.23
1788713880000000000,2026-09-06T16:58:00Z,free response,1.956,5.797,-0.18,0.0,0.18,316.59,68.98,11.73,-1.53,3,On,870.6,352.68
1788713940000000000,2026-09-06T16:59:00Z,free response,1.922,5.774,-0.16,0.0,0.16,316.62,69.04,9.88,-1.62,2,On,868.92,349.15
1788714000000000000,2026-09-06T17:00:00Z,free response,1.881,5.725,-0.16,0.0,0.16,316.63,69.07,9.25,-1.73,2,On,845.08,358.0
1788714060000000000,2026-09-06T17:01:00Z,free response,1.867,5.815,-0.16,0.0,0.16,316.66,69.15,11.1,-1.44,1,On,816.0,365.45
1788714120000000000,2026-09-06T17:02:00Z,free response,1.772,5.737,-0.17,0.0,0.17,316.68,69.2,8.26,-2.06,3,On,836.48,337.26
1788714180000000000,2026-09-06T17:03:00Z,free response,1.769,5.731,-0.17,0.0,0.17,316.7,69.24,8.56,-1.99,3,On,831.43,335.06
1788714240000000000,2026-09-06T17:04:00Z,free response,1.767,5.627,-0.17,0.0,0.17,316.73,69.32,8.58,-1.98,1,On,876.01,319.04
1788714300000000000,2026-09-06T17:05:00Z,free response,1.795,5.609,-0.18,0.0,0.18,316.75,69.38,9.07,-1.98,3,On,884.07,344.39
1788714360000000000,2026-09-06T17:06:00Z,free response,1.879,5.608,-0.18,0.0,0.18,316.78,69.45,10.72,-1.68,1,On,837.24,365.72
1788714420000000000,2026-09-06T17:07:00Z,free response,1.878,5.602,-0.16,0.0,0.16,316.81,69.52,9.52,-1.68,2,On,844.86,341.77
1788714480000000000,2026-09-06T17:08:00Z,free response,1.867,5.61,-0.18,0.0,0.18,316.84,69.61,9.08,-1.98,2,On,888.16,318.39
1788714540000000000,2026-09-06T17:09:00Z,free response,1.901,5.691,-0.17,0.0,0.17,316.88,69.69,10.3,-1.65,3,On,900.54,339.26
1788714600000000000,2026-09-06T17:10:00Z,free response,1.918,5.595,-0.15,0.0,0.15,316.9,69.76,10.02,-1.5,2,On,906.57,329.35
1788714660000000000,2026-09-06T17:11:00Z,free response,1.865,5.575,-0.15,0.0,0.15,316.92,69.81,9.22,-1.63,3,On,931.7,349.42
1788714720000000000,2026-09-06T17:12:00Z,free response,1.857,5.59,-0.15,0.0,0.15,316.96,69.89,9.31,-1.61,2,On,937.89,359.13
1788714780000000000,2026-09-06T17:13:00Z,free response,1.81,5.584,-0.15,0.0,0.15,316.99,69.97,9.32,-1.61,3,On,967.58,367.65
1788714840000000000,2026-09-06T17:14:00Z,free response,1.791,5.5,-0.15,0.0,0.15,317.02,70.05,9.65,-1.55,1,On,987.81,394.05
1788714900000000000,2026-09-06T17:15:00Z,free response,1.79,5.432,-0.16,0.0,0.16,317.04,70.1,9.24,-1.73,2,On,943.32,389.86
1788714960000000000,2026-09-06T17:16:00Z,free response,1.744,5.404,-0.17,0.0,0.17,317.06,70.14,8.7,-1.95,1,On,909.1,382.48
1788715020000000000,2026-09-06T17:17:00Z,free response,1.72,5.519,-0.16,0.0,0.16,317.07,70.17,7.6,-2.11,2,On,859.16,359.11
1788715080000000000,2026-09-06T17:18:00Z,free response,1.771,5.456,-0.17,0.0,0.17,317.09,70.22,9.41,-1.81,2,On,888.84,346.85
1788715140000000000,2026-09-06T17:19:00Z,free response,1.79,5.465,-0.19,0.0,0.19,317.11,70.27,9.43,-2.01,1,On,932.13,326.93
1788715200000000000,2026-09-06T17:20:00Z,free response,1.775,5.443,-0.18,0.0,0.18,317.14,70.35,8.38,-2.15,2,On,923.98,346.5
1788715260000000000,2026-09-06T17:21:00Z,free response,1.826,5.466,-0.2,0.0,0.2,317.16,70.4,8.54,-2.34,1,On,909.07,356.29
1788715320000000000,2026-09-06T17:22:00Z,free response,1.86,5.521,-0.2,0.0,0.2,317.18,70.45,10.0,-2.0,1,On,924.67,345.75
1788715380000000000,2026-09-06T17:23:00Z,free response,1.888,5.555,-0.2,0.0,0.2,317.17,70.43,9.06,-2.21,3,On,924.73,341.81
1788715440000000000,2026-09-06T17:24:00Z,free response,1.791,5.491,-0.19,0.0,0.19,317.16,70.4,9.08,-2.09,2,On,930.52,367.93
1788715500000000000,2026-09-06T17:25:00Z,free response,1.771,5.481,-0.17,0.0,0.17,317.15,70.38,9.38,-1.81,3,On,930.3,359.78
1788715560000000000,2026-09-06T17:26:00Z,free response,1.714,5.481,-0.16,0.0,0.16,317.15,70.37,8.37,-1.91,3,On,938.55,380.83
1788715620000000000,2026-09-06T17:27:00Z,free response,1.727,5.531,-0.16,0.0,0.16,317.14,70.36,8.74,-1.83,3,On,894.84,356.07
1788715680000000000,2026-09-06T17:28:00Z,free response,1.648,5.437,-0.16,0.0,0.16,317.14,70.34,6.94,-2.31,2,On,942.77,353.33
1788715740000000000,2026-09-06T17:29:00Z,free response,1.618,5.483,-0.16,0.0,0.16,317.13,70.33,7.44,-2.15,1,On,969.1,347.14
1788715800000000000,2026-09-06T17:30:00Z,free response,1.614,5.448,-0.17,0.0,0.17,317.12,70.3,7.78,-2.19,1,On,993.24,347.74
1788715860000000000,2026-09-06T17:31:00Z,free response,1.62,5.466,-0.18,0.0,0.18,317.11,70.27,6.81,-2.64,2,On,1031.21,357.24
1788715920000000000,2026-09-06T17:32:00Z,free response,1.683,5.428,-0.17,0.0,0.17,317.1,70.24,6.95,-2.45,3,On,1054.0,358.51
1788715980000000000,2026-09-06T17:33:00Z,free response,1.739,5.386,-0.19,0.0,0.19,317.09,70.22,7.88,-2.41,1,On,1032.26,378.87
1788716040000000000,2026-09-06T17:34:00Z,free response,1.8,5.446,-0.21,0.0,0.21,317.08,70.19,9.36,-2.24,3,On,1064.62,374.8
1788716100000000000,2026-09-06T17:35:00Z,free response,1.773,5.423,-0.2,0.0,0.2,317.07,70.17,9.23,-2.17,2,On,1110.7,349.3
1788716160000000000,2026-09-06T17:36:00Z,free response,1.799,5.459,-0.2,0.0,0.2,317.06,70.16,9.41,-2.13,2,On,1141.57,356.62
1788716220000000000,2026-09-06T17:37:00Z,free response,1.821,5.491,-0.2,0.0,0.2,317.06,70.15,8.91,-2.24,2,On,1178.74,372.16
1788716280000000000,2026-09-06T17:38:00Z,free response,1.911,5.456,-0.2,0.0,0.2,317.05,70.13,9.55,-2.09,1,On,1185.72,387.39
1788716340000000000,2026-09-06T17:39:00Z,free response,1.884,5.34,-0.22,0.0,0.22,317.04,70.1,9.42,-2.34,1,On,1148.43,370.95
1788716400000000000,2026-09-06T17:40:00Z,free response,1.891,5.271,-0.23,0.0,0.23,317.03,70.07,9.23,-2.49,3,On,1147.43,360.19
1788716460000000000,2026-09-06T17:41:00Z,free response,1.997,5.241,-0.25,0.0,0.25,317.02,70.06,10.82,-2.31,2,On,1189.98,380.61
1788716520000000000,2026-09-06T17:42:00Z,free response,1.966,5.249,-0.22,0.0,0.22,317.02,70.04,9.97,-2.21,1,On,1177.03,405.53
1788716580000000000,2026-09-06T17:43:00Z,free response,1.957,5.204,-0.2,0.0,0.2,317.01,70.03,10.18,-1.96,2,On,1180.27,412.32
1788716640000000000,2026-09-06T17:44:00Z,free response,1.976,5.232,-0.22,0.0,0.22,317.0,70.0,9.37,-2.35,2,On,1143.69,413.15
1788716700000000000,2026-09-06T17:45:00Z,free response,1.988,5.191,-0.24,0.0,0.24,316.99,69.98,10.83,-2.22,3,On,1122.32,410.44
1788716760000000000,2026-09-06T17:46:00Z,free response,2.025,5.209,-0.23,0.0,0.23,316.98,69.95,10.52,-2.19,2,On,1115.44,420.22
1788716820000000000,2026-09-06T17:47:00Z,free response,2.13,5.201,-0.24,0.0,0.24,316.97,69.93,12.18,-1.97,1,On,1136.68,396.07
1788716880000000000,2026-09-06T17:48:00Z,free response,2.134,5.165,-0.24,0.0,0.24,316.97,69.92,12.04,-1.99,2,On,1133.56,394.62
1788716940000000000,2026-09-06T17:49:00Z,free response,2.089,5.139,-0.25,0.0,0.25,316.96,69.91,10.2,-2.45,1,On,1119.77,405.08
1788717000000000000,2026-09-06T17:50:00Z,free response,2.099,5.116,-0.27,0.0,0.27,316.95,69.88,11.46,-2.36,2,On,1107.61,406.96
1788717060000000000,2026-09-06T17:51:00Z,free response,2.1,5.124,-0.29,0.0,0.29,316.94,69.85,11.73,-2.47,3,On,1090.74,418.24
1788717120000000000,2026-09-06T17:52:00Z,free response,2.028,5.168,-0.31,0.0,0.31,316.93,69.83,9.94,-3.12,2,On,1123.68,429.19
1788717180000000000,2026-09-06T17:53:00Z,free response,2.037,5.156,-0.3,0.0,0.3,316.92,69.81,11.05,-2.71,1,Starting,1118.19,426.32
1788717240000000000,2026-09-06T17:54:00Z,free response,2.08,5.143,-0.32,0.0,0.32,316.91,69.78,10.74,-2.98,3,Starting,1140.05,443.14
1788717300000000000,2026-09-06T17:55:00Z,free response,2.097,5.11,-0.29,0.0,0.29,316.9,69.76,11.25,-2.58,3,Starting,1103.81,453.62
1788717360000000000,2026-09-06T17:56:00Z,free response,2.133,5.221,-0.29,0.0,0.29,316.89,69.73,10.79,-2.69,3,Starting,1140.33,431.73
1788717420000000000,2026-09-06T17:57:00Z,free response,2.154,5.314,-0.3,0.0,0.3,316.89,69.72,13.23,-2.27,1,Starting,1148.95,408.19
1788717480000000000,2026-09-06T17:58:00Z,free response,2.137,5.374,-0.32,0.0,0.32,316.89,69.72,12.23,-2.62,1,Starting,1192.95,409.08
1788717540000000000,2026-09-06T17:59:00Z,free response,2.159,5.423,-0.34,0.0,0.34,316.88,69.69,12.13,-2.8,3,Starting,1213.33,386.79
1788717600000000000,2026-09-06T18:00:00Z,free response,2.139,5.473,-0.36,0.0,0.36,316.86,69.65,12.51,-2.88,1,Starting,1230.88,397.58
1788717660000000000,2026-09-06T18:01:00Z,free response,2.249,5.413,-0.35,0.0,0.35,316.86,69.65,13.94,-2.51,3,Starting,1181.79,410.11
1788717720000000000,2026-09-06T18:02:00Z,free response,2.335,5.425,-0.37,0.0,0.37,316.84,69.61,15.29,-2.42,2,Starting,1192.21,409.97
1788717780000000000,2026-09-06T18:03:00Z,free response,2.386,5.388,-0.37,0.0,0.37,316.83,69.58,14.99,-2.47,3,Starting,1157.58,425.4
1788717840000000000,2026-09-06T18:04:00Z,free response,2.318,5.403,-0.4,0.0,0.4,316.82,69.55,13.22,-3.03,2,Starting,1163.6,401.01
1788717900000000000,2026-09-06T18:05:00Z,free response,2.363,5.372,-0.39,0.0,0.39,316.81,69.53,13.76,-2.83,3,Starting,1120.8,411.81
1788717960000000000,2026-09-06T18:06:00Z,free response,2.388,5.249,-0.36,0.0,0.36,316.8,69.49,14.23,-2.53,3,Starting,1104.17,423.69
1788718020000000000,2026-09-06T18:07:00Z,free response,2.308,5.327,-0.35,0.0,0.35,316.78,69.46,14.79,-2.37,1,Starting,1093.56,417.09
1788718080000000000,2026-09-06T18:08:00Z,free response,2.286,5.339,-0.38,0.0,0.38,316.78,69.44,12.81,-2.97,3,Starting,1127.49,417.18
1788718140000000000,2026-09-06T18:09:00Z,free response,2.368,5.359,-0.36,0.0,0.36,316.77,69.43,14.7,-2.45,2,Starting,1109.18,432.14
1788718200000000000,2026-09-06T18:10:00Z,free response,2.288,5.367,-0.38,0.0,0.38,316.76,69.4,15.26,-2.49,2,Starting,1097.6,448.07
1788718260000000000,2026-09-06T18:11:00Z,free response,2.47,5.406,-0.36,0.0,0.36,316.76,69.39,17.53,-2.05,2,Starting,1098.53,429.77
1788718320000000000,2026-09-06T18:12:00Z,free response,2.377,5.419,-0.33,0.0,0.33,316.74,69.36,14.31,-2.31,3,Starting,1147.61,431.35
1788718380000000000,2026-09-06T18:13:00Z,free response,2.259,5.536,-0.32,0.0,0.32,316.74,69.35,13.75,-2.33,1,Starting,1113.26,414.56
1788718440000000000,2026-09-06T18:14:00Z,free response,2.217,5.532,-0.34,0.0,0.34,316.73,69.32,12.88,-2.64,1,Starting,1124.1,397.93
1788718500000000000,2026-09-06T18:15:00Z,free response,2.194,5.551,-0.33,0.0,0.33,316.72,69.29,13.83,-2.39,2,Starting,1123.98,392.67
1788718560000000000,2026-09-06T18:16:00Z,free response,2.09,5.56,-0.35,0.0,0.35,316.7,69.26,13.2,-2.65,2,Starting,1114.29,381.3
1788718620000000000,2026-09-06T18:17:00Z,free response,2.118,5.566,-0.35,0.0,0.35,316.69,69.23,11.89,-2.94,2,Starting,1123.75,399.52
1788718680000000000,2026-09-06T18:18:00Z,free response,2.127,5.679,-0.38,0.0,0.38,316.69,69.22,13.97,-2.72,1,Starting,1112.61,389.35
1788718740000000000,2026-09-06T18:19:00Z,free response,2.113,5.624,-0.41,0.0,0.41,316.68,69.19,11.59,-3.54,1,Starting,1154.6,369.57
1788718800000000000,2026-09-06T18:20:00Z,free response,2.052,5.626,-0.4,0.0,0.4,316.67,69.18,11.26,-3.55,1,Starting,1136.55,377.57
1788718860000000000,2026-09-06T18:21:00Z,free response,1.97,5.718,-0.37,0.0,0.37,316.66,69.15,10.82,-3.42,3,Starting,1110.17,405.78
1788718920000000000,2026-09-06T18:22:00Z,free response,1.997,5.634,-0.37,0.0,0.37,316.65,69.13,11.3,-3.27,2,Starting,1080.67,402.26
1788718980000000000,2026-09-06T18:23:00Z,free response,2.047,5.665,-0.4,0.0,0.4,316.65,69.12,12.96,-3.09,2,Starting,1093.85,404.37
1788719040000000000,2026-09-06T18:24:00Z,free response,1.976,5.715,-0.38,0.0,0.38,316.64,69.11,10.54,-3.61,2,Starting,1107.87,379.13
1788719100000000000,2026-09-06T18:25:00Z,free response,1.965,5.726,-0.38,0.0,0.38,316.63,69.08,11.56,-3.29,3,Starting,1142.7,362.39
1788719160000000000,2026-09-06T18:26:00Z,free response,1.894,5.717,-0.39,0.0,0.39,316.62,69.06,9.61,-4.06,2,Starting,1115.11,350.56
1788719220000000000,2026-09-06T18:27:00Z,free response,1.994,5.732,-0.42,0.0,0.42,316.62,69.04,12.25,-3.43,2,Starting,1102.3,368.05
1788719280000000000,2026-09-06T18:28:00Z,free response,1.955,5.829,-0.38,0.0,0.38,316.61,69.03,12.07,-3.15,3,Starting,1122.69,373.71
1788719340000000000,2026-09-06T18:29:00Z,free response,1.95,5.855,-0.41,0.0,0.41,316.6,69.0,10.57,-3.88,3,Starting,1119.2,400.08
1788719400000000000,2026-09-06T18:30:00Z,free response,1.939,5.969,-0.44,0.0,0.44,316.6,68.99,11.92,-3.69,2,Starting,1126.14,400.0
1788719460000000000,2026-09-06T18:31:00Z,free response,2.037,5.993,-0.48,0.0,0.48,316.59,68.97,13.61,-3.53,3,Starting,1091.84,406.58
1788719520000000000,2026-09-06T18:32:00Z,free response,2.067,6.013,-0.46,0.0,0.46,316.58,68.95,13.28,-3.46,3,Starting,1043.41,413.85
1788719580000000000,2026-09-06T18:33:00Z,free response,2.062,6.002,-0.47,0.0,0.47,316.57,68.92,12.9,-3.64,3,Starting,1021.21,422.1
1788719640000000000,2026-09-06T18:34:00Z,free response,2.053,6.001,-0.42,0.0,0.42,316.56,68.89,13.26,-3.17,2,Starting,1051.85,413.98
1788719700000000000,2026-09-06T18:35:00Z,free response,2.045,5.922,-0.41,0.0,0.41,316.55,68.87,11.26,-3.64,3,Starting,582.07,432.92
1788719760000000000,2026-09-06T18:36:00Z,free response,2.045,5.93,-0.44,0.0,0.44,316.54,68.85,12.57,-3.5,3,Starting,625.76,416.38
1788719820000000000,2026-09-06T18:37:00Z,free response,2.065,5.849,-0.43,0.0,0.43,316.53,68.83,12.15,-3.54,1,Starting,579.29,443.82
1788719880000000000,2026-09-06T18:38:00Z,free response,2.076,5.856,-0.43,0.0,0.43,316.52,68.8,12.43,-3.46,3,Starting,545.48,445.97
1788719940000000000,2026-09-06T18:39:00Z,free response,2.146,5.866,-0.41,0.0,0.41,316.51,68.78,14.2,-2.89,3,Starting,495.78,472.57
1788720000000000000,2026-09-06T18:40:00Z,free response,2.134,5.796,-0.43,0.0,0.43,316.5,68.76,14.28,-3.01,2,Starting,452.25,480.27
1788720060000000000,2026-09-06T18:41:00Z,free response,2.08,5.797,-0.46,0.0,0.46,316.5,68.74,12.0,-3.83,2,Starting,496.37,451.25
1788720120000000000,2026-09-06T18:42:00Z,free response,2.017,5.859,-0.42,0.0,0.42,316.48,68.71,11.54,-3.64,2,Starting,514.42,428.13
1788720180000000000,2026-09-06T18:43:00Z,free response,2.026,5.791,-0.41,0.0,0.41,316.47,68.68,12.01,-3.41,1,Starting,494.51,455.06
1788720240000000000,2026-09-06T18:44:00Z,free response,2.019,5.895,-0.37,0.0,0.37,316.46,68.66,11.65,-3.18,3,Starting,468.71,451.29
1788720300000000000,2026-09-06T18:45:00Z,free response,2.041,5.942,-0.38,0.0,0.38,316.46,68.65,13.41,-2.83,1,Starting,454.99,467.56
1788720360000000000,2026-09-06T18:46:00Z,free response,2.039,5.869,-0.4,0.0,0.4,316.46,68.64,12.52,-3.19,3,Starting,468.6,484.57
1788720420000000000,2026-09-06T18:47:00Z,free response,2.089,5.796,-0.4,0.0,0.4,316.45,68.63,13.58,-2.95,3,Starting,505.9,498.02
1788720480000000000,2026-09-06T18:48:00Z,free response,2.064,5.833,-0.36,0.0,0.36,316.44,68.61,11.71,-3.07,2,Starting,513.85,524.74
1788720540000000000,2026-09-06T18:49:00Z,free response,2.141,5.769,-0.36,0.0,0.36,316.44,68.6,12.68,-2.84,3,Starting,486.83,532.34
1788720600000000000,2026-09-06T18:50:00Z,free response,2.102,5.698,-0.34,0.0,0.34,316.42,68.56,12.21,-2.78,2,Starting,460.0,511.63
1788720660000000000,2026-09-06T18:51:00Z,free response,2.084,5.693,-0.37,0.0,0.37,316.42,68.54,13.45,-2.75,2,Starting,489.17,519.96
1788720720000000000,2026-09-06T18:52:00Z,free response,2.09,5.725,-0.4,0.0,0.4,316.4,68.51,13.49,-2.97,1,Starting,448.58,515.42
1788720780000000000,2026-09-06T18:53:00Z,free response,2.04,5.619,-0.38,0.0,0.38,316.4,68.49,12.25,-3.1,1,Starting,433.08,524.99
1788720840000000000,2026-09-06T18:54:00Z,free response,2.135,5.552,-0.41,0.0,0.41,316.38,68.46,12.03,-3.41,3,Starting,464.86,528.46
1788720900000000000,2026-09-06T18:55:00Z,free response,2.122,5.489,-0.38,0.0,0.38,316.37,68.43,12.3,-3.09,2,Starting,446.1,508.87
1788720960000000000,2026-09-06T18:56:00Z,free response,2.154,5.516,-0.36,0.0,0.36,316.37,68.43,12.01,-3.0,1,Starting,465.48,490.29
1788721020000000000,2026-09-06T18:57:00Z,free response,2.132,5.511,-0.33,0.0,0.33,316.37,68.42,12.71,-2.6,2,Starting,449.95,510.84
1788721080000000000,2026-09-06T18:58:00Z,free response,2.111,5.512,-0.33,0.0,0.33,316.36,68.41,11.48,-2.87,1,Starting,464.67,512.38
1788721140000000000,2026-09-06T18:59:00Z,free response,2.102,5.473,-0.34,0.0,0.34,316.36,68.4,11.25,-3.02,2,Starting,425.21,529.36
1788721200000000000,2026-09-06T19:00:00Z,free response,2.07,5.461,-0.37,0.0,0.37,316.35,68.38,12.54,-2.95,3,Starting,466.36,546.97
1788721260000000000,2026-09-06T19:01:00Z,free response,2.035,5.458,-0.38,0.0,0.38,316.35,68.37,11.28,-3.37,3,Starting,495.1,529.04
1788721320000000000,2026-09-06T19:02:00Z,free response,2.02,5.39,-0.41,0.0,0.41,316.34,68.34,11.47,-3.57,1,Starting,575.64,386.41
1788721380000000000,2026-09-06T19:03:00Z,free response,2.013,5.374,-0.45,0.0,0.45,316.33,68.33,11.25,-4.0,3,Starting,591.06,404.14
1788721440000000000,2026-09-06T19:04:00Z,free response,1.941,5.267,-0.42,0.0,0.42,316.33,68.32,10.59,-3.97,3,Starting,600.76,404.18
1788721500000000000,2026-09-06T19:05:00Z,free response,1.957,5.242,-0.4,0.0,0.4,316.32,68.31,9.53,-4.2,1,Starting,641.67,395.75
1788721560000000000,2026-09-06T19:06:00Z,free response,1.962,5.318,-0.36,0.0,0.36,316.32,68.3,11.16,-3.23,2,Starting,597.63,389.58
1788721620000000000,2026-09-06T19:07:00Z,free response,2.028,5.335,-0.33,0.0,0.33,316.32,68.29,11.98,-2.75,2,Starting,646.94,368.37
1788721680000000000,2026-09-06T19:08:00Z,free response,2.016,5.343,-0.32,0.0,0.32,316.3,68.26,11.31,-2.83,3,Starting,662.1,362.05
1788721740000000000,2026-09-06T19:09:00Z,free response,2.026,5.363,-0.35,0.0,0.35,316.29,68.23,10.11,-3.46,2,Starting,1033.4,593.12
1788721800000000000,2026-09-06T19:10:00Z,free response,2.098,5.309,-0.38,0.0,0.38,316.28,68.2,12.6,-3.02,1,Starting,1002.9,563.72
1788721860000000000,2026-09-06T19:11:00Z,free response,2.128,5.305,-0.35,0.0,0.35,316.26,68.16,12.38,-2.83,3,Starting,1004.27,553.31
1788721920000000000,2026-09-06T19:12:00Z,free response,2.128,5.271,-0.34,0.0,0.34,316.26,68.15,11.15,-3.05,3,Starting,1013.87,572.88
1788721980000000000,2026-09-06T19:13:00Z,free response,2.106,5.221,-0.35,0.0,0.35,316.25,68.12,11.9,-2.94,3,Starting,1052.21,560.38
1788722040000000000,2026-09-06T19:14:00Z,free response,2.141,5.182,-0.32,0.0,0.32,316.24,68.09,11.2,-2.86,2,Starting,1100.44,575.59
1788722100000000000,2026-09-06T19:15:00Z,free response,2.175,5.236,-0.33,0.0,0.33,316.23,68.07,13.31,-2.48,2,Starting,1099.72,547.91
1788722160000000000,2026-09-06T19:16:00Z,free response,2.162,5.255,-0.31,0.0,0.31,316.22,68.05,13.03,-2.38,2,Starting,692.95,465.53
1788722220000000000,2026-09-06T19:17:00Z,free response,2.165,5.251,-0.32,0.0,0.32,316.21,68.02,11.49,-2.79,1,Starting,643.66,491.69
1788722280000000000,2026-09-06T19:18:00Z,free response,2.124,5.282,-0.31,0.0,0.31,316.2,68.0,13.0,-2.38,1,Starting,622.94,515.94
1788722340000000000,2026-09-06T19:19:00Z,free response,2.106,5.298,-0.34,0.0,0.34,316.19,67.98,11.88,-2.86,3,Starting,636.63,507.66
1788722400000000000,2026-09-06T19:20:00Z,free response,2.136,5.427,-0.32,0.0,0.32,316.18,67.96,13.12,-2.44,1,Starting,646.44,482.88
1788722460000000000,2026-09-06T19:21:00Z,free response,2.101,5.442,-0.32,0.0,0.32,316.18,67.94,11.21,-2.85,1,Starting,598.61,470.57
1788722520000000000,2026-09-06T19:22:00Z,free response,2.087,5.389,-0.29,0.0,0.29,316.17,67.93,12.03,-2.41,3,Starting,619.94,492.39
1788722580000000000,2026-09-06T19:23:00Z,free response,2.078,5.423,-0.32,0.0,0.32,316.16,67.89,11.76,-2.72,3,Starting,640.26,513.03
1788722640000000000,2026-09-06T19:24:00Z,free response,2.137,5.383,-0.3,0.0,0.3,316.15,67.88,11.78,-2.55,3,Starting,662.59,489.99
1788722700000000000,2026-09-06T19:25:00Z,free response,2.113,5.377,-0.32,0.0,0.32,316.15,67.88,11.44,-2.8,3,Starting,702.16,513.08
1788722760000000000,2026-09-06T19:26:00Z,free response,2.032,5.395,-0.35,0.0,0.35,316.14,67.86,12.01,-2.91,3,Starting,652.65,498.33
1788722820000000000,2026-09-06T19:27:00Z,free response,1.959,5.413,-0.32,0.0,0.32,316.14,67.84,11.07,-2.89,1,Starting,669.12,499.67
1788722880000000000,2026-09-06T19:28:00Z,free response,1.919,5.336,-0.3,0.0,0.3,316.13,67.83,9.47,-3.17,1,Starting,684.11,513.82
1788722940000000000,2026-09-06T19:29:00Z,free response,1.981,5.418,-0.33,0.0,0.33,316.13,67.83,9.93,-3.32,3,Starting,654.69,529.56
1788723000000000000,2026-09-06T19:30:00Z,free response,1.956,5.405,-0.32,0.0,0.32,316.13,67.82,11.36,-2.82,2,Starting,610.94,525.08
1788723060000000000,2026-09-06T19:31:00Z,free response,2.002,5.324,-0.35,0.0,0.35,316.12,67.81,11.56,-3.03,2,Starting,622.27,509.37
1788723120000000000,2026-09-06T19:32:00Z,free response,1.998,5.262,-0.33,0.0,0.33,316.11,67.78,11.09,-2.98,3,Starting,603.72,505.18
1788723180000000000,2026-09-06T19:33:00Z,free response,1.923,5.317,-0.35,0.0,0.35,316.1,67.75,8.94,-3.91,2,Starting,608.05,526.05
1788723240000000000,2026-09-06T19:34:00Z,free response,1.941,5.258,-0.32,0.0,0.32,316.09,67.73,9.55,-3.35,2,Starting,585.48,537.78
1788723300000000000,2026-09-06T19:35:00Z,free response,1.933,5.232,-0.3,0.0,0.3,316.08,67.71,9.73,-3.08,1,Starting,560.34,553.32
1788723360000000000,2026-09-06T19:36:00Z,free response,1.93,5.285,-0.28,0.0,0.28,316.07,67.68,8.87,-3.16,3,Starting,542.32,538.57
1788723420000000000,2026-09-06T19:37:00Z,free response,1.882,5.269,-0.28,0.0,0.28,316.06,67.66,9.62,-2.91,2,Starting,494.44,552.02
1788723480000000000,2026-09-06T19:38:00Z,free response,1.812,5.255,-0.27,0.0,0.27,316.05,67.63,9.39,-2.88,1,Starting,461.64,526.64
1788723540000000000,2026-09-06T19:39:00Z,free response,1.796,5.363,-0.3,0.0,0.3,316.04,67.61,9.33,-3.22,1,Starting,460.43,535.41
1788723600000000000,2026-09-06T19:40:00Z,free response,1.805,5.391,-0.32,0.0,0.32,316.04,67.6,8.49,-3.77,1,Starting,422.21,561.6
1788723660000000000,2026-09-06T19:41:00Z,free response,1.771,5.338,-0.31,0.0,0.31,316.03,67.57,9.11,-3.4,2,Starting,393.63,582.68
1788723720000000000,2026-09-06T19:42:00Z,free response,1.727,5.291,-0.29,0.0,0.29,316.02,67.56,7.87,-3.68,2,Starting,408.68,566.63
1788723780000000000,2026-09-06T19:43:00Z,free response,1.794,5.276,-0.3,0.0,0.3,316.01,67.53,8.5,-3.53,1,Starting,384.77,558.81
1788723840000000000,2026-09-06T19:44:00Z,free response,1.805,5.246,-0.31,0.0,0.31,316.01,67.52,9.17,-3.38,3,Starting,398.87,583.22
1788723900000000000,2026-09-06T19:45:00Z,free response,1.862,5.26,-0.33,0.0,0.33,316.0,67.5,9.27,-3.56,2,Starting,367.09,565.88
1788723960000000000,2026-09-06T19:46:00Z,free response,1.866,5.244,-0.36,0.0,0.36,316.0,67.5,8.35,-4.31,3,Starting,327.28,589.16
1788724020000000000,2026-09-06T19:47:00Z,free response,1.806,5.269,-0.34,0.0,0.34,315.98,67.46,9.24,-3.68,1,Starting,358.53,601.85
1788724080000000000,2026-09-06T19:48:00Z,free response,1.835,5.245,-0.31,0.0,0.31,315.98,67.44,8.05,-3.85,3,Starting,378.92,620.17
1788724140000000000,2026-09-06T19:49:00Z,free response,1.775,5.261,-0.31,0.0,0.31,315.97,67.43,8.69,-3.57,1,Starting,340.08,639.12
1788724200000000000,2026-09-06T19:50:00Z,free response,1.8,5.322,-0.29,0.0,0.29,315.96,67.41,8.22,-3.53,3,Starting,335.0,641.73
1788724260000000000,2026-09-06T19:51:00Z,free response,1.916,5.332,-0.3,0.0,0.3,315.95,67.38,10.36,-2.9,2,Starting,339.37,617.47
1788724320000000000,2026-09-06T19:52:00Z,free response,1.887,5.319,-0.32,0.0,0.32,315.95,67.37,10.31,-3.1,3,Starting,381.19,606.78
1788724380000000000,2026-09-06T19:53:00Z,free response,1.853,5.386,-0.34,0.0,0.34,315.94,67.34,8.92,-3.81,1,Starting,405.79,607.83
1788724440000000000,2026-09-06T19:54:00Z,free response,1.858,5.409,-0.31,0.0,0.31,315.93,67.32,9.84,-3.15,1,Starting,362.81,600.1
1788724500000000000,2026-09-06T19:55:00Z,free response,1.892,5.342,-0.29,0.0,0.29,315.92,67.3,10.11,-2.87,1,Starting,336.1,576.09
1788724560000000000,2026-09-06T19:56:00Z,free response,1.874,5.364,-0.3,0.0,0.3,315.91,67.27,9.36,-3.21,1,Starting,335.39,550.72
1788724620000000000,2026-09-06T19:57:00Z,free response,1.886,5.327,-0.3,0.0,0.3,315.91,67.27,9.43,-3.18,1,Starting,322.5,528.5
1788724680000000000,2026-09-06T19:58:00Z,free response,1.933,5.352,-0.3,0.0,0.3,315.9,67.26,10.53,-2.85,2,Starting,351.43,517.77
1788724740000000000,2026-09-06T19:59:00Z,free response,1.947,5.219,-0.29,0.0,0.29,315.89,67.23,9.22,-3.15,3,Starting,303.85,514.79
1788724800000000000,2026-09-06T20:00:00Z,free response,1.964,5.284,-0.27,0.0,0.27,315.88,67.21,10.27,-2.63,3,Starting,332.82,535.78
1788724860000000000,2026-09-06T20:01:00Z,free response,1.939,5.369,-0.28,0.0,0.28,315.88,67.2,9.2,-3.04,3,Starting,286.18,524.65
1788724920000000000,2026-09-06T20:02:00Z,free response,1.902,5.343,-0.31,0.0,0.31,315.88,67.19,9.31,-3.33,3,Starting,275.53,524.56
1788724980000000000,2026-09-06T20:03:00Z,free response,1.848,5.329,-0.32,0.0,0.32,315.86,67.16,9.62,-3.33,2,Starting,572.16,478.39
1788725040000000000,2026-09-06T20:04:00Z,free response,1.849,5.36,-0.31,0.0,0.31,315.86,67.14,9.05,-3.43,1,Starting,595.34,480.52
1788725100000000000,2026-09-06T20:05:00Z,free response,1.858,5.42,-0.29,0.0,0.29,315.85,67.13,9.04,-3.21,1,Starting,549.29,478.75
1788725160000000000,2026-09-06T20:06:00Z,free response,1.858,5.41,-0.3,0.0,0.3,315.85,67.13,8.61,-3.48,1,Starting,559.46,467.25
1788725220000000000,2026-09-06T20:07:00Z,free response,1.887,5.453,-0.3,0.0,0.3,315.84,67.1,10.23,-2.93,1,Starting,548.19,448.57
1788725280000000000,2026-09-06T20:08:00Z,free response,1.912,5.4,-0.29,0.0,0.29,315.83,67.08,9.46,-3.07,2,Starting,539.52,433.81
1788725340000000000,2026-09-06T20:09:00Z,free response,1.837,5.438,-0.31,0.0,0.31,315.83,67.08,9.68,-3.2,1,Starting,512.31,434.32
1788725400000000000,2026-09-06T20:10:00Z,free response,1.851,5.515,-0.32,0.0,0.32,315.82,67.05,9.12,-3.51,3,Starting,520.14,449.21
1788725460000000000,2026-09-06T20:11:00Z,free response,1.817,5.542,-0.35,0.0,0.35,315.8,67.01,9.41,-3.72,2,Starting,567.19,454.01
1788725520000000000,2026-09-06T20:12:00Z,free response,1.871,5.561,-0.34,0.0,0.34,315.8,66.99,10.42,-3.26,2,Starting,564.92,472.18
1788725580000000000,2026-09-06T20:13:00Z,free response,1.866,5.53,-0.37,0.0,0.37,315.79,66.98,10.22,-3.62,2,Starting,559.56,468.67
1788725640000000000,2026-09-06T20:14:00Z,free response,1.882,5.489,-0.36,0.0,0.36,315.79,66.97,9.62,-3.74,3,Starting,574.42,451.31
1788725700000000000,2026-09-06T20:15:00Z,free response,1.922,5.542,-0.33,0.0,0.33,315.78,66.95,10.42,-3.17,3,Starting,545.68,474.77
1788725760000000000,2026-09-06T20:16:00Z,free response,1.913,5.518,-0.33,0.0,0.33,315.77,66.92,10.8,-3.06,2,Starting,499.08,493.07
1788725820000000000,2026-09-06T20:17:00Z,free response,1.936,5.58,-0.31,0.0,0.31,315.76,66.89,10.09,-3.07,2,Starting,502.9,490.56
1788725880000000000,2026-09-06T20:18:00Z,free response,1.955,5.641,-0.33,0.0,0.33,315.75,66.87,11.5,-2.87,3,Starting,518.35,483.99
1788725940000000000,2026-09-06T20:19:00Z,free response,1.92,5.616,-0.34,0.0,0.34,315.73,66.83,10.74,-3.17,1,Starting,563.56,500.81
1788726000000000000,2026-09-06T20:20:00Z,free response,1.94,5.657,-0.32,0.0,0.32,315.72,66.81,10.76,-2.97,2,Starting,563.35,527.61
1788726060000000000,2026-09-06T20:21:00Z,free response,1.959,5.646,-0.35,0.0,0.35,315.72,66.8,11.65,-3.0,2,Starting,591.14,523.72
1788726120000000000,2026-09-06T20:22:00Z,free response,2.009,5.58,-0.31,0.0,0.31,315.71,66.77,11.25,-2.76,2,Starting,584.38,507.16
1788726180000000000,2026-09-06T20:23:00Z,free response,1.976,5.589,-0.29,0.0,0.29,315.7,66.75,11.57,-2.51,2,Starting,619.83,518.35
1788726240000000000,2026-09-06T20:24:00Z,free response,1.958,5.606,-0.3,0.0,0.3,315.69,66.73,9.72,-3.09,1,Starting,575.18,528.55
1788726300000000000,2026-09-06T20:25:00Z,free response,2.042,5.683,-0.27,0.0,0.27,315.69,66.72,12.36,-2.18,2,Starting,623.9,533.0
1788726360000000000,2026-09-06T20:26:00Z,free response,2.091,5.832,-0.28,0.0,0.28,315.68,66.71,12.11,-2.31,1,Starting,615.95,518.77
1788726420000000000,2026-09-06T20:27:00Z,free response,2.136,5.933,-0.26,0.0,0.26,315.68,66.7,14.21,-1.83,1,Starting,589.0,537.59
1788726480000000000,2026-09-06T20:28:00Z,free response,2.145,5.919,-0.26,0.0,0.26,315.67,66.67,14.22,-1.83,2,Starting,557.89,548.13
1788726540000000000,2026-09-06T20:29:00Z,free response,2.283,5.891,-0.26,0.0,0.26,315.66,66.64,14.81,-1.76,3,Starting,570.67,555.92
1788726600000000000,2026-09-06T20:30:00Z,free response,2.391,5.962,-0.24,0.0,0.24,315.65,66.62,18.57,-1.29,2,Starting,560.77,547.39
1788726660000000000,2026-09-06T20:31:00Z,free response,2.317,5.975,-0.26,0.0,0.26,315.64,66.59,17.5,-1.49,3,Starting,579.87,526.0
1788726720000000000,2026-09-06T20:32:00Z,free response,2.358,5.918,-0.27,0.0,0.27,315.62,66.56,16.24,-1.66,1,Starting,547.02,527.6
1788726780000000000,2026-09-06T20:33:00Z,free response,2.342,5.964,-0.25,0.0,0.25,315.62,66.54,17.55,-1.42,2,Starting,575.45,533.4
1788726840000000000,2026-09-06T20:34:00Z,free response,2.379,6.011,-0.23,0.0,0.23,315.62,66.54,16.87,-1.36,1,Starting,577.49,927.07
1788726900000000000,2026-09-06T20:35:00Z,free response,2.264,5.98,-0.24,0.0,0.24,315.61,66.52,14.89,-1.61,1,Starting,589.53,910.39
1788726960000000000,2026-09-06T20:36:00Z,free response,2.22,5.979,-0.24,0.0,0.24,315.6,66.51,15.31,-1.57,1,Starting,545.28,883.17
1788727020000000000,2026-09-06T20:37:00Z,free response,2.237,5.968,-0.22,0.0,0.22,315.6,66.5,16.42,-1.34,2,Starting,565.84,895.18
1788727080000000000,2026-09-06T20:38:00Z,free response,2.224,6.02,-0.2,0.0,0.2,315.59,66.47,13.87,-1.44,3,Starting,601.13,920.34
1788727140000000000,2026-09-06T20:39:00Z,free response,2.206,6.0,-0.21,0.0,0.21,315.59,66.47,15.91,-1.32,1,Starting,582.44,895.44
1788727200000000000,2026-09-06T20:40:00Z,free response,2.328,6.116,-0.19,0.0,0.19,315.58,66.45,15.15,-1.25,1,Starting,564.02,879.99
1788727260000000000,2026-09-06T20:41:00Z,free response,2.331,6.206,-0.2,0.0,0.2,315.57,66.43,18.54,-1.08,3,Starting,606.71,895.39
1788727320000000000,2026-09-06T20:42:00Z,free response,2.255,6.18,-0.2,0.0,0.2,315.57,66.42,15.36,-1.3,2,Starting,643.21,910.81
1788727380000000000,2026-09-06T20:43:00Z,free response,2.277,6.169,-0.21,0.0,0.21,315.56,66.4,16.18,-1.3,1,Starting,672.54,898.82
1788727440000000000,2026-09-06T20:44:00Z,free response,2.24,6.274,-0.22,0.0,0.22,315.54,66.36,15.89,-1.38,2,Starting,670.4,644.33
1788727500000000000,2026-09-06T20:45:00Z,free response,2.147,6.205,-0.24,0.0,0.24,315.53,66.33,15.13,-1.59,1,Starting,634.9,638.6
1788727560000000000,2026-09-06T20:46:00Z,free response,2.08,6.128,-0.22,0.0,0.22,315.52,66.3,12.6,-1.75,3,Starting,673.1,633.24
1788727620000000000,2026-09-06T20:47:00Z,free response,2.068,6.079,-0.22,0.0,0.22,315.52,66.3,13.41,-1.64,1,Starting,623.66,661.79
1788727680000000000,2026-09-06T20:48:00Z,free response,1.988,6.016,-0.22,0.0,0.22,315.51,66.27,11.63,-1.89,3,Starting,648.48,679.0
1788727740000000000,2026-09-06T20:49:00Z,free response,1.934,5.994,-0.22,0.0,0.22,315.5,66.24,11.75,-1.87,1,Starting,674.26,655.65
1788727800000000000,2026-09-06T20:50:00Z,free response,1.924,5.939,-0.24,0.0,0.24,315.49,66.23,9.99,-2.4,2,Starting,716.35,654.59
1788727860000000000,2026-09-06T20:51:00Z,free response,1.961,5.944,-0.24,0.0,0.24,315.49,66.23,10.65,-2.25,1,Starting,745.91,631.23
1788727920000000000,2026-09-06T20:52:00Z,free response,1.98,5.807,-0.26,0.0,0.26,315.48,66.2,11.59,-2.24,2,Starting,764.61,603.93
1788727980000000000,2026-09-06T20:53:00Z,free response,2.02,5.873,-0.28,0.0,0.28,315.48,66.2,11.75,-2.38,1,Starting,792.03,594.46
1788728040000000000,2026-09-06T20:54:00Z,free response,1.99,5.8,-0.29,0.0,0.29,315.46,66.16,10.89,-2.66,1,Off,815.55,588.35
1788728100000000000,2026-09-06T20:55:00Z,free response,1.97,5.675,-0.27,0.0,0.27,315.45,66.13,12.07,-2.24,2,Off,809.11,583.16
1788728160000000000,2026-09-06T20:56:00Z,free response,2.055,5.596,-0.25,0.0,0.25,315.45,66.12,11.79,-2.12,1,Off,857.19,575.7
1788728220000000000,2026-09-06T20:57:00Z,free response,2.063,5.655,-0.27,0.0,0.27,315.45,66.12,12.76,-2.12,2,Off,809.03,572.05
1788728280000000000,2026-09-06T20:58:00Z,free response,2.123,5.767,-0.26,0.0,0.26,315.43,66.08,12.46,-2.09,2,Off,802.73,561.41
1788728340000000000,2026-09-06T20:59:00Z,free response,2.22,5.908,-0.27,0.0,0.27,315.43,66.07,13.11,-2.06,3,Off,836.38,574.28
1788728400000000000,2026-09-06T21:00:00Z,free response,2.303,5.97,-0.28,0.0,0.28,315.42,66.05,17.05,-1.64,1,Off,786.91,561.24
1788728460000000000,2026-09-06T21:01:00Z,free response,2.29,6.005,-0.26,0.0,0.26,315.42,66.04,14.32,-1.82,3,Off,737.35,587.88
1788728520000000000,2026-09-06T21:02:00Z,free response,2.453,5.967,-0.25,0.0,0.25,315.41,66.02,16.24,-1.54,1,Off,782.75,639.3
1788728580000000000,2026-09-06T21:03:00Z,free response,2.44,5.956,-0.23,0.0,0.23,315.4,66.01,19.14,-1.2,1,Off,740.05,659.83
1788728640000000000,2026-09-06T21:04:00Z,free response,2.361,5.88,-0.23,0.0,0.23,315.4,65.99,16.79,-1.37,3,Off,702.25,688.84
1788728700000000000,2026-09-06T21:05:00Z,free response,2.354,5.88,-0.21,0.0,0.21,315.4,65.99,16.72,-1.26,1,Off,734.74,688.39
1788728760000000000,2026-09-06T21:06:00Z,free response,2.381,5.838,-0.23,0.0,0.23,315.38,65.96,17.46,-1.32,3,Off,754.75,667.12
1788728820000000000,2026-09-06T21:07:00Z,free response,2.427,5.786,-0.24,0.0,0.24,315.38,65.95,16.62,-1.44,1,Off,789.83,673.28
1788728880000000000,2026-09-06T21:08:00Z,free response,2.407,5.749,-0.25,0.0,0.25,315.37,65.92,17.96,-1.39,2,Off,821.24,677.33
1788728940000000000,2026-09-06T21:09:00Z,free response,2.462,5.699,-0.26,0.0,0.26,315.36,65.91,18.91,-1.37,2,Off,802.75,705.47
1788729000000000000,2026-09-06T21:10:00Z,free response,2.414,5.647,-0.27,0.0,0.27,315.36,65.9,15.16,-1.78,2,Off,831.73,731.22
1788729060000000000,2026-09-06T21:11:00Z,free response,2.469,5.684,-0.28,0.0,0.28,315.36,65.89,16.36,-1.71,3,Off,864.2,715.66
1788729120000000000,2026-09-06T21:12:00Z,free response,2.486,5.692,-0.26,0.0,0.26,315.34,65.86,18.57,-1.4,1,Off,815.81,686.01
1788729180000000000,2026-09-06T21:13:00Z,free response,2.48,5.669,-0.26,0.0,0.26,315.34,65.86,18.25,-1.42,3,Off,660.19,520.13
1788729240000000000,2026-09-06T21:14:00Z,free response,2.453,5.574,-0.26,0.0,0.26,315.34,65.84,17.13,-1.52,3,Off,666.62,491.91
1788729300000000000,2026-09-06T21:15:00Z,free response,2.397,5.6,-0.24,0.0,0.24,315.34,65.84,17.04,-1.41,2,Off,1007.01,737.73
1788729360000000000,2026-09-06T21:16:00Z,free response,2.364,5.617,-0.23,0.0,0.23,315.33,65.83,16.61,-1.38,3,Off,1045.43,731.67
1788729420000000000,2026-09-06T21:17:00Z,free response,2.352,5.645,-0.22,0.0,0.22,315.33,65.82,16.17,-1.36,3,Off,1037.66,748.24
1788729480000000000,2026-09-06T21:18:00Z,free response,2.355,5.696,-0.24,0.0,0.24,315.32,65.81,16.51,-1.45,3,Off,1040.78,734.11
1788729540000000000,2026-09-06T21:19:00Z,free response,2.348,5.657,-0.24,0.0,0.24,315.31,65.77,14.71,-1.63,3,Off,1029.47,715.07
1788729600000000000,2026-09-06T21:20:00Z,free response,2.37,5.631,-0.23,0.0,0.23,315.3,65.75,16.26,-1.41,3,Off,1043.01,703.3
1788729660000000000,2026-09-06T21:21:00Z,free response,2.395,5.574,-0.25,0.0,0.25,315.29,65.72,16.74,-1.49,3,Off,1036.89,680.9
1788729720000000000,2026-09-06T21:22:00Z,free response,2.343,5.593,-0.26,0.0,0.26,315.28,65.71,15.87,-1.64,2,Off,1083.93,701.34
1788729780000000000,2026-09-06T21:23:00Z,free response,2.276,5.518,-0.25,0.0,0.25,315.27,65.68,13.87,-1.8,3,Off,1056.54,719.78
1788729840000000000,2026-09-06T21:24:00Z,free response,2.26,5.603,-0.26,0.0,0.26,315.27,65.67,15.66,-1.66,1,Off,1050.76,707.43
1788729900000000000,2026-09-06T21:25:00Z,free response,2.273,5.704,-0.25,0.0,0.25,315.26,65.66,15.58,-1.6,2,Off,1015.73,697.48
1788729960000000000,2026-09-06T21:26:00Z,free response,2.289,5.624,-0.23,0.0,0.23,315.25,65.63,16.17,-1.42,2,Off,1166.21,369.23
1788730020000000000,2026-09-06T21:27:00Z,free response,2.282,5.68,-0.23,0.0,0.23,315.24,65.6,15.28,-1.51,3,Off,1196.56,389.28
1788730080000000000,2026-09-06T21:28:00Z,free response,2.218,5.745,-0.23,0.0,0.23,315.23,65.58,13.85,-1.66,2,Off,1155.24,372.88
1788730140000000000,2026-09-06T21:29:00Z,free response,2.222,5.709,-0.25,0.0,0.25,315.22,65.55,13.71,-1.82,3,Off,1119.81,356.79
1788730200000000000,2026-09-06T21:30:00Z,free response,2.266,5.675,-0.26,0.0,0.26,315.22,65.55,13.36,-1.95,1,Off,1073.44,381.22
1788730260000000000,2026-09-06T21:31:00Z,free response,2.246,5.805,-0.25,0.0,0.25,315.21,65.52,15.72,-1.59,2,Off,596.09,919.56
1788730320000000000,2026-09-06T21:32:00Z,free response,2.282,5.721,-0.26,0.0,0.26,315.2,65.49,15.39,-1.69,3,Off,628.22,897.39
1788730380000000000,2026-09-06T21:33:00Z,free response,2.352,5.775,-0.26,0.0,0.26,315.19,65.48,15.65,-1.66,1,Off,615.57,913.84
1788730440000000000,2026-09-06T21:34:00Z,free response,2.327,5.804,-0.29,0.0,0.29,315.18,65.46,14.6,-1.99,1,Off,656.86,883.9
1788730500000000000,2026-09-06T21:35:00Z,free response,2.305,5.859,-0.27,0.0,0.27,315.17,65.43,16.14,-1.67,2,Off,620.87,879.76
1788730560000000000,2026-09-06T21:36:00Z,free response,2.274,5.857,-0.29,0.0,0.29,315.17,65.42,14.21,-2.04,3,Off,640.98,902.39
1788730620000000000,2026-09-06T21:37:00Z,free response,2.264,5.888,-0.32,0.0,0.32,315.16,65.41,14.56,-2.2,3,Off,597.96,893.05
1788730680000000000,2026-09-06T21:38:00Z,free response,2.295,5.747,-0.29,0.0,0.29,315.16,65.39,16.64,-1.74,3,Off,1158.87,739.02
1788730740000000000,2026-09-06T21:39:00Z,free response,2.279,5.767,-0.28,0.0,0.28,315.14,65.36,16.32,-1.72,2,Off,1176.78,740.54
1788730800000000000,2026-09-06T21:40:00Z,free response,2.173,5.861,-0.3,0.0,0.3,315.13,65.33,13.27,-2.26,3,Off,1177.77,750.23
1788730860000000000,2026-09-06T21:41:00Z,free response,2.143,5.851,-0.33,0.0,0.33,315.12,65.31,12.42,-2.66,3,Off,1165.7,735.81
1788730920000000000,2026-09-06T21:42:00Z,free response,2.116,5.887,-0.33,0.0,0.33,315.12,65.3,14.1,-2.34,3,Off,1172.49,727.51
1788730980000000000,2026-09-06T21:43:00Z,free response,2.035,5.862,-0.37,0.0,0.37,315.11,65.28,13.03,-2.84,3,Off,1149.01,700.87
1788731040000000000,2026-09-06T21:44:00Z,free response,2.072,5.877,-0.38,0.0,0.38,315.1,65.26,13.33,-2.85,2,Off,1192.31,703.26
1788731100000000000,2026-09-06T21:45:00Z,free response,2.109,5.781,-0.41,0.0,0.41,315.1,65.25,14.07,-2.91,3,On,1173.16,682.39
1788731160000000000,2026-09-06T21:46:00Z,free response,2.01,5.877,-0.39,0.0,0.39,315.1,65.25,12.16,-3.21,3,On,1208.74,679.03
1788731220000000000,2026-09-06T21:47:00Z,free response,1.994,5.868,-0.37,0.0,0.37,315.08,65.21,10.51,-3.52,2,On,1201.48,676.21
1788731280000000000,2026-09-06T21:48:00Z,free response,1.911,5.892,-0.4,0.0,0.4,315.08,65.2,11.02,-3.63,1,On,1216.65,683.43
1788731340000000000,2026-09-06T21:49:00Z,free response,1.887,5.769,-0.4,0.0,0.4,315.07,65.17,10.33,-3.87,2,On,1238.48,687.55
1788731400000000000,2026-09-06T21:50:00Z,free response,1.807,5.671,-0.41,0.0,0.41,315.06,65.15,9.25,-4.43,1,On,1242.82,702.01
1788731460000000000,2026-09-06T21:51:00Z,free response,1.791,5.706,-0.43,0.0,0.43,315.06,65.14,9.85,-4.37,3,On,1242.33,725.81
1788731520000000000,2026-09-06T21:52:00Z,free response,1.766,5.846,-0.4,0.0,0.4,315.05,65.12,9.16,-4.37,2,On,1228.0,744.8
1788731580000000000,2026-09-06T21:53:00Z,free response,1.725,5.848,-0.44,0.0,0.44,315.04,65.11,8.69,-5.06,2,On,1211.09,727.74
1788731640000000000,2026-09-06T21:54:00Z,free response,1.649,5.84,-0.46,0.0,0.46,315.03,65.08,8.38,-5.49,1,On,1228.65,745.35
1788731700000000000,2026-09-06T21:55:00Z,free response,1.654,5.818,-0.49,0.0,0.49,315.02,65.06,8.21,-5.97,2,On,1232.55,723.39
1788731760000000000,2026-09-06T21:56:00Z,free response,1.684,5.764,-0.46,0.0,0.46,315.02,65.04,7.8,-5.9,3,On,1253.2,715.92
1788731820000000000,2026-09-06T21:57:00Z,free response,1.664,5.801,-0.42,0.0,0.42,315.0,65.01,7.35,-5.71,2,On,1252.52,742.4
1788731880000000000,2026-09-06T21:58:00Z,free response,1.657,5.816,-0.43,0.0,0.43,315.0,64.99,7.49,-5.74,3,On,1214.38,714.23
1788731940000000000,2026-09-06T21:59:00Z,free response,1.656,5.685,-0.42,0.0,0.42,315.0,64.99,7.6,-5.53,1,On,1204.62,711.78
1788732000000000000,2026-09-06T22:00:00Z,free response,1.675,5.655,-0.38,0.0,0.38,314.99,64.97,7.87,-4.83,2,On,1199.98,723.44
1788732060000000000,2026-09-06T22:01:00Z,free response,1.648,5.673,-0.41,0.0,0.41,314.98,64.95,8.09,-5.07,3,On,1182.42,694.7
1788732120000000000,2026-09-06T22:02:00Z,free response,1.605,5.521,-0.44,0.0,0.44,314.97,64.93,7.59,-5.8,2,On,1218.8,714.97
1788732180000000000,2026-09-06T22:03:00Z,free response,1.652,5.449,-0.47,0.0,0.47,314.97,64.92,7.93,-5.93,1,On,1221.62,723.07
1788732240000000000,2026-09-06T22:04:00Z,free response,1.583,5.468,-0.5,0.0,0.5,314.96,64.89,6.47,-7.73,2,On,1183.8,729.3
1788732300000000000,2026-09-06T22:05:00Z,free response,1.594,5.369,-0.51,0.0,0.51,314.95,64.87,7.47,-6.83,2,On,1154.07,734.97
1788732360000000000,2026-09-06T22:06:00Z,free response,1.61,5.409,-0.49,0.0,0.49,314.94,64.84,6.34,-7.73,3,On,1190.35,735.65
1788732420000000000,2026-09-06T22:07:00Z,free response,1.618,5.394,-0.49,0.0,0.49,314.93,64.83,7.1,-6.9,2,On,1175.17,729.84
1788732480000000000,2026-09-06T22:08:00Z,free response,1.615,5.303,-0.44,0.0,0.44,314.92,64.81,7.35,-5.99,3,On,1215.11,715.28
1788732540000000000,2026-09-06T22:09:00Z,free response,1.532,5.374,-0.47,0.0,0.47,314.92,64.8,6.9,-6.81,2,On,1209.72,729.19
1788732600000000000,2026-09-06T22:10:00Z,free response,1.489,5.24,-0.49,0.0,0.49,314.91,64.77,5.61,-8.73,3,On,1204.66,724.4
1788732660000000000,2026-09-06T22:11:00Z,free response,1.521,5.321,-0.48,0.0,0.48,314.9,64.76,6.63,-7.24,3,On,1163.24,707.77
1788732720000000000,2026-09-06T22:12:00Z,free response,1.548,5.334,-0.45,0.0,0.45,314.9,64.75,6.74,-6.68,3,On,1141.38,693.47
1788732780000000000,2026-09-06T22:13:00Z,free response,1.599,5.413,-0.46,0.0,0.46,314.89,64.72,6.83,-6.73,3,On,1153.6,704.61
1788732840000000000,2026-09-06T22:14:00Z,free response,1.538,5.345,-0.5,0.0,0.5,314.88,64.71,6.79,-7.36,2,On,1146.49,712.93
1788732900000000000,2026-09-06T22:15:00Z,free response,1.539,5.268,-0.47,0.0,0.47,314.87,64.68,6.26,-7.51,2,On,1193.4,703.47
1788732960000000000,2026-09-06T22:16:00Z,free response,1.499,5.212,-0.46,0.0,0.46,314.86,64.66,5.54,-8.3,1,On,1171.89,673.87
1788733020000000000,2026-09-06T22:17:00Z,free response,1.482,5.192,-0.48,0.0,0.48,314.85,64.63,5.44,-8.82,2,On,1186.41,649.91
1788733080000000000,2026-09-06T22:18:00Z,free response,1.466,5.166,-0.49,0.0,0.49,314.84,64.61,5.59,-8.77,3,On,1206.15,648.31
1788733140000000000,2026-09-06T22:19:00Z,free response,1.491,5.098,-0.52,0.0,0.52,314.84,64.6,5.37,-9.68,3,On,1209.97,629.23
1788733200000000000,2026-09-06T22:20:00Z,free response,1.429,5.081,-0.49,0.0,0.49,314.83,64.57,5.05,-9.7,2,On,1222.23,644.99
1788733260000000000,2026-09-06T22:21:00Z,free response,1.407,5.09,-0.49,0.0,0.49,314.82,64.54,4.76,-10.29,2,On,1187.19,673.83
1788733320000000000,2026-09-06T22:22:00Z,free response,1.426,5.057,-0.52,0.0,0.52,314.81,64.52,4.83,-10.77,1,On,1153.77,644.22
1788733380000000000,2026-09-06T22:23:00Z,free response,1.465,5.034,-0.57,0.0,0.57,314.8,64.51,5.45,-10.46,3,On,1107.94,665.7
1788733440000000000,2026-09-06T22:24:00Z,free response,1.458,5.036,-0.53,0.0,0.53,314.8,64.5,5.31,-9.98,1,Starting,1094.06,666.1
1788733500000000000,2026-09-06T22:25:00Z,free response,1.466,5.063,-0.49,0.0,0.49,314.79,64.47,5.3,-9.25,1,Starting,1141.25,695.71
1788733560000000000,2026-09-06T22:26:00Z,free response,1.418,5.092,-0.45,0.0,0.45,314.78,64.45,5.57,-8.08,2,Starting,1181.7,682.85
1788733620000000000,2026-09-06T22:27:00Z,free response,1.433,5.074,-0.41,0.0,0.41,314.77,64.43,5.41,-7.58,2,Starting,1184.21,704.55
1788733680000000000,2026-09-06T22:28:00Z,free response,1.503,5.142,-0.45,0.0,0.45,314.76,64.4,5.45,-8.26,3,Starting,1203.0,696.38
1788733740000000000,2026-09-06T22:29:00Z,free response,1.531,5.128,-0.46,0.0,0.46,314.75,64.37,5.66,-8.13,2,Starting,1207.16,718.98
1788733800000000000,2026-09-06T22:30:00Z,free response,1.605,5.166,-0.47,0.0,0.47,314.74,64.36,7.24,-6.49,1,Starting,1164.68,729.65
1788733860000000000,2026-09-06T22:31:00Z,free response,1.597,5.207,-0.45,0.0,0.45,314.73,64.33,6.16,-7.31,2,Starting,1166.55,708.77
1788733920000000000,2026-09-06T22:32:00Z,free response,1.588,5.156,-0.46,0.0,0.46,314.72,64.31,6.32,-7.28,3,Starting,1181.64,716.81
1788733980000000000,2026-09-06T22:33:00Z,free response,1.634,5.174,-0.44,0.0,0.44,314.71,64.28,7.55,-5.83,3,Starting,1211.0,686.91
1788734040000000000,2026-09-06T22:34:00Z,free response,1.675,5.17,-0.4,0.0,0.4,314.71,64.27,6.82,-5.87,2,Starting,1235.46,711.75
1788734100000000000,2026-09-06T22:35:00Z,free response,1.712,5.09,-0.38,0.0,0.38,314.7,64.26,7.89,-4.82,3,Starting,1205.3,707.64
1788734160000000000,2026-09-06T22:36:00Z,free response,1.713,5.118,-0.41,0.0,0.41,314.7,64.24,7.65,-5.36,2,Starting,1225.14,680.44
1788734220000000000,2026-09-06T22:37:00Z,free response,1.694,5.087,-0.39,0.0,0.39,314.69,64.22,7.66,-5.09,2,Starting,1181.71,681.98
1788734280000000000,2026-09-06T22:38:00Z,free response,1.721,5.116,-0.36,0.0,0.36,314.68,64.2,7.02,-5.13,1,Starting,1170.48,665.01
1788734340000000000,2026-09-06T22:39:00Z,free response,1.657,5.105,-0.35,0.0,0.35,314.68,64.19,7.53,-4.65,3,Starting,1173.07,668.1
1788734400000000000,2026-09-06T22:40:00Z,free response,1.619,5.151,-0.34,0.0,0.34,314.67,64.18,6.1,-5.57,1,Starting,1145.59,694.15
1788734460000000000,2026-09-06T22:41:00Z,free response,1.636,5.138,-0.37,0.0,0.37,314.66,64.16,6.23,-5.94,1,Starting,715.33,614.15
1788734520000000000,2026-09-06T22:42:00Z,free response,1.663,5.127,-0.4,0.0,0.4,314.66,64.14,7.71,-5.19,2,Starting,688.95,608.33
1788734580000000000,2026-09-06T22:43:00Z,free response,1.665,5.168,-0.41,0.0,0.41,314.66,64.14,7.72,-5.31,2,Starting,728.56,619.72
1788734640000000000,2026-09-06T22:44:00Z,free response,1.72,5.117,-0.39,0.0,0.39,314.65,64.13,6.99,-5.58,1,Starting,736.17,612.39
1788734700000000000,2026-09-06T22:45:00Z,free response,1.811,5.079,-0.36,0.0,0.36,314.65,64.12,8.87,-4.06,1,Starting,779.6,632.49
1788734760000000000,2026-09-06T22:46:00Z,free response,1.824,5.105,-0.35,0.0,0.35,314.65,64.12,9.27,-3.78,2,Starting,752.13,661.3
1788734820000000000,2026-09-06T22:47:00Z,free response,1.766,5.174,-0.32,0.0,0.32,314.64,64.09,7.84,-4.08,1,Starting,716.29,653.94
1788734880000000000,2026-09-06T22:48:00Z,free response,1.76,5.126,-0.29,0.0,0.29,314.63,64.08,8.52,-3.4,2,Starting,729.6,683.06
1788734940000000000,2026-09-06T22:49:00Z,free response,1.808,5.002,-0.28,0.0,0.28,314.62,64.06,7.71,-3.63,1,Starting,771.09,654.34
1788735000000000000,2026-09-06T22:50:00Z,free response,1.834,5.044,-0.27,0.0,0.27,314.61,64.03,7.91,-3.41,2,Starting,819.4,659.04
1788735060000000000,2026-09-06T22:51:00Z,free response,1.821,4.978,-0.28,0.0,0.28,314.6,64.0,8.64,-3.24,3,Starting,863.99,688.53
1788735120000000000,2026-09-06T22:52:00Z,free response,1.773,5.059,-0.3,0.0,0.3,314.6,64.0,8.04,-3.73,2,Starting,839.7,716.72
1788735180000000000,2026-09-06T22:53:00Z,free response,1.807,5.037,-0.29,0.0,0.29,314.6,63.99,8.53,-3.4,3,Starting,875.75,714.86
1788735240000000000,2026-09-06T22:54:00Z,free response,1.859,4.991,-0.29,0.0,0.29,314.58,63.96,9.45,-3.07,3,Starting,1128.13,928.41
1788735300000000000,2026-09-06T22:55:00Z,free response,1.838,4.889,-0.3,0.0,0.3,314.58,63.94,8.37,-3.58,1,Starting,1173.52,935.03
1788735360000000000,2026-09-06T22:56:00Z,free response,1.766,4.864,-0.29,0.0,0.29,314.57,63.93,8.02,-3.62,1,Starting,795.6,644.39
1788735420000000000,2026-09-06T22:57:00Z,free response,1.752,4.917,-0.3,0.0,0.3,314.57,63.92,8.16,-3.68,2,Starting,845.0,647.15
1788735480000000000,2026-09-06T22:58:00Z,free response,1.702,4.943,-0.28,0.0,0.28,314.56,63.91,6.61,-4.24,1,Starting,821.81,627.03
1788735540000000000,2026-09-06T22:59:00Z,free response,1.751,4.973,-0.31,0.0,0.31,314.56,63.9,7.45,-4.16,3,Starting,855.89,620.0
1788735600000000000,2026-09-06T23:00:00Z,free response,1.817,4.936,-0.3,0.0,0.3,314.56,63.9,7.46,-4.02,2,Starting,841.19,634.68
1788735660000000000,2026-09-06T23:01:00Z,free response,1.824,4.942,-0.31,0.0,0.31,314.55,63.88,8.66,-3.58,1,Starting,1020.97,740.05
1788735720000000000,2026-09-06T23:02:00Z,free response,1.84,4.929,-0.28,0.0,0.28,314.54,63.85,8.45,-3.31,3,Starting,1047.09,730.29
1788735780000000000,2026-09-06T23:03:00Z,free response,1.889,4.967,-0.3,0.0,0.3,314.53,63.82,9.7,-3.09,2,Starting,1360.87,436.33
1788735840000000000,2026-09-06T23:04:00Z,free response,1.898,4.998,-0.29,0.0,0.29,314.52,63.79,8.69,-3.34,2,Starting,1375.54,450.4
1788735900000000000,2026-09-06T23:05:00Z,free response,1.903,4.982,-0.32,0.0,0.32,314.5,63.76,9.9,-3.23,1,Starting,1410.5,455.87
1788735960000000000,2026-09-06T23:06:00Z,free response,1.864,4.983,-0.33,0.0,0.33,314.49,63.73,8.65,-3.82,3,Starting,1435.02,448.23
1788736020000000000,2026-09-06T23:07:00Z,free response,1.954,4.998,-0.32,0.0,0.32,314.49,63.72,8.67,-3.69,3,Starting,1479.79,447.57
1788736080000000000,2026-09-06T23:08:00Z,free response,1.974,5.07,-0.31,0.0,0.31,314.47,63.68,9.5,-3.26,1,Starting,1456.35,458.68
1788736140000000000,2026-09-06T23:09:00Z,free response,1.946,5.121,-0.33,0.0,0.33,314.46,63.66,9.94,-3.32,3,Starting,1499.61,477.3
1788736200000000000,2026-09-06T23:10:00Z,free response,1.972,5.12,-0.32,0.0,0.32,314.46,63.65,10.94,-2.93,1,Starting,717.85,352.67
1788736260000000000,2026-09-06T23:11:00Z,free response,1.968,5.115,-0.31,0.0,0.31,314.44,63.61,9.8,-3.16,2,Starting,760.37,332.91
1788736320000000000,2026-09-06T23:12:00Z,free response,1.957,5.086,-0.29,0.0,0.29,314.43,63.58,10.52,-2.76,1,Starting,752.13,321.23
1788736380000000000,2026-09-06T23:13:00Z,free response,1.899,5.101,-0.28,0.0,0.28,314.42,63.55,9.39,-2.98,1,Starting,1368.18,665.88
1788736440000000000,2026-09-06T23:14:00Z,free response,1.846,5.136,-0.3,0.0,0.3,314.42,63.54,9.26,-3.24,2,Starting,1414.97,689.28
1788736500000000000,2026-09-06T23:15:00Z,free response,1.847,5.211,-0.28,0.0,0.28,314.4,63.51,8.83,-3.17,2,Starting,1443.15,685.21
1788736560000000000,2026-09-06T23:16:00Z,free response,1.851,5.131,-0.29,0.0,0.29,314.4,63.49,8.83,-3.28,1,Starting,1408.32,699.5
1788736620000000000,2026-09-06T23:17:00Z,free response,1.912,5.171,-0.3,0.0,0.3,314.39,63.48,8.88,-3.38,3,Starting,1416.38,713.02
1788736680000000000,2026-09-06T23:18:00Z,free response,1.915,5.175,-0.31,0.0,0.31,314.38,63.45,10.24,-3.03,3,Starting,1422.21,704.85
1788736740000000000,2026-09-06T23:19:00Z,free response,1.891,5.122,-0.28,0.0,0.28,314.38,63.44,9.2,-3.04,2,Starting,1463.6,703.26
1788736800000000000,2026-09-06T23:20:00Z,free response,1.891,5.104,-0.27,0.0,0.27,314.37,63.42,9.19,-2.94,1,Starting,1087.66,592.21
1788736860000000000,2026-09-06T23:21:00Z,free response,1.914,5.141,-0.27,0.0,0.27,314.36,63.41,8.77,-3.08,1,Starting,1043.45,595.58
1788736920000000000,2026-09-06T23:22:00Z,free response,1.937,5.102,-0.26,0.0,0.26,314.35,63.38,10.46,-2.49,1,Starting,1066.36,580.16
1788736980000000000,2026-09-06T23:23:00Z,free response,1.896,5.11,-0.27,0.0,0.27,314.34,63.35,10.09,-2.68,3,Starting,1094.47,559.72
1788737040000000000,2026-09-06T23:24:00Z,free response,1.899,5.128,-0.24,0.0,0.24,314.33,63.32,8.79,-2.73,2,Starting,1100.61,589.44
1788737100000000000,2026-09-06T23:25:00Z,free response,1.813,5.161,-0.24,0.0,0.24,314.32,63.3,8.58,-2.8,3,Starting,1095.48,598.23
1788737160000000000,2026-09-06T23:26:00Z,free response,1.761,5.137,-0.25,0.0,0.25,314.31,63.28,8.1,-3.09,2,Starting,1086.24,602.37
1788737220000000000,2026-09-06T23:27:00Z,free response,1.76,5.127,-0.26,0.0,0.26,314.3,63.26,8.47,-3.07,2,Starting,1103.79,600.91
1788737280000000000,2026-09-06T23:28:00Z,free response,1.739,5.131,-0.26,0.0,0.26,314.3,63.25,7.62,-3.41,3,Starting,1150.24,601.22
1788737340000000000,2026-09-06T23:29:00Z,free response,1.807,5.17,-0.25,0.0,0.25,314.3,63.24,8.07,-3.1,2,Starting,1188.91,593.86
1788737400000000000,2026-09-06T23:30:00Z,free response,1.749,5.238,-0.22,0.0,0.22,314.28,63.21,8.1,-2.72,1,Starting,1172.19,621.43
1788737460000000000,2026-09-06T23:31:00Z,free response,1.822,5.319,-0.22,0.0,0.22,314.28,63.2,9.23,-2.38,1,Starting,1201.42,651.0
1788737520000000000,2026-09-06T23:32:00Z,free response,1.821,5.244,-0.24,0.0,0.24,314.27,63.17,8.54,-2.81,1,Starting,1237.28,621.91
1788737580000000000,2026-09-06T23:33:00Z,free response,1.912,5.29,-0.24,0.0,0.24,314.26,63.16,10.24,-2.34,3,Starting,1190.51,632.49
1788737640000000000,2026-09-06T23:34:00Z,free response,1.898,5.355,-0.24,0.0,0.24,314.26,63.14,10.56,-2.27,3,Starting,1203.97,635.8
1788737700000000000,2026-09-06T23:35:00Z,free response,1.895,5.365,-0.26,0.0,0.26,314.25,63.12,9.4,-2.77,1,Starting,528.68,602.11
1788737760000000000,2026-09-06T23:36:00Z,free response,1.84,5.45,-0.26,0.0,0.26,314.24,63.11,9.39,-2.77,3,Starting,516.34,599.89
1788737820000000000,2026-09-06T23:37:00Z,free response,1.748,5.43,-0.27,0.0,0.27,314.24,63.1,8.16,-3.31,2,Starting,493.17,629.87
1788737880000000000,2026-09-06T23:38:00Z,free response,1.812,5.476,-0.28,0.0,0.28,314.24,63.09,9.78,-2.86,3,Starting,497.85,646.75
1788737940000000000,2026-09-06T23:39:00Z,free response,1.808,5.487,-0.27,0.0,0.27,314.22,63.05,8.26,-3.27,3,Starting,500.49,632.36
1788738000000000000,2026-09-06T23:40:00Z,free response,1.883,5.531,-0.28,0.0,0.28,314.22,63.05,10.67,-2.62,3,Starting,479.61,615.28
1788738060000000000,2026-09-06T23:41:00Z,free response,1.914,5.583,-0.3,0.0,0.3,314.22,63.04,10.8,-2.78,3,Starting,685.54,580.75
1788738120000000000,2026-09-06T23:42:00Z,free response,1.823,5.667,-0.28,0.0,0.28,314.2,63.01,9.33,-3.0,2,Starting,645.44,574.69
1788738180000000000,2026-09-06T23:43:00Z,free response,1.866,5.711,-0.29,0.0,0.29,314.2,62.99,10.12,-2.87,2,Starting,643.39,572.76
1788738240000000000,2026-09-06T23:44:00Z,free response,1.919,5.759,-0.28,0.0,0.28,314.19,62.97,9.97,-2.81,3,Starting,662.16,596.89
1788738300000000000,2026-09-06T23:45:00Z,free response,1.893,5.746,-0.25,0.0,0.25,314.18,62.95,10.07,-2.48,1,Off,662.78,626.3
1788738360000000000,2026-09-06T23:46:00Z,free response,1.888,5.753,-0.28,0.0,0.28,314.18,62.94,9.81,-2.85,1,Off,687.37,650.25
1788738420000000000,2026-09-06T23:47:00Z,free response,1.919,5.713,-0.28,0.0,0.28,314.17,62.92,10.73,-2.61,2,Off,693.44,624.08
1788738480000000000,2026-09-06T23:48:00Z,free response,1.944,5.69,-0.26,0.0,0.26,314.16,62.91,10.19,-2.55,3,Off,668.7,641.95
1788738540000000000,2026-09-06T23:49:00Z,free response,1.984,5.646,-0.29,0.0,0.29,314.16,62.89,11.1,-2.61,2,Off,1152.17,560.45
1788738600000000000,2026-09-06T23:50:00Z,free response,2.446,4.742,-0.32,0.0,0.32,314.14,62.86,14.96,-2.14,3,Off,1202.16,559.14
1788738660000000000,2026-09-06T23:51:00Z,free response,2.469,4.694,-0.31,0.0,0.31,314.13,62.83,15.15,-2.05,3,Off,1159.16,583.27
1788738720000000000,2026-09-06T23:52:00Z,free response,2.491,4.739,-0.3,0.0,0.3,314.12,62.81,15.61,-1.92,2,Off,752.86,577.55
1788738780000000000,2026-09-06T23:53:00Z,free response,2.454,4.718,-0.33,0.0,0.33,314.12,62.8,13.1,-2.52,2,Off,736.51,553.75
1788738840000000000,2026-09-06T23:54:00Z,free response,2.34,4.674,-0.31,0.0,0.31,314.12,62.79,11.93,-2.6,1,Off,523.57,771.88
1788738900000000000,2026-09-06T23:55:00Z,free response,2.382,4.659,-0.31,0.0,0.31,314.11,62.78,12.39,-2.5,2,Off,533.68,794.47
1788738960000000000,2026-09-06T23:56:00Z,free response,2.336,4.673,-0.33,0.0,0.33,314.11,62.77,12.62,-2.61,3,Off,548.84,774.94
1788739020000000000,2026-09-06T23:57:00Z,free response,2.373,4.716,-0.35,0.0,0.35,314.1,62.74,12.63,-2.77,2,Off,500.84,778.03
1788739080000000000,2026-09-06T23:58:00Z,free response,2.497,4.72,-0.33,0.0,0.33,314.09,62.72,15.21,-2.17,3,Off,549.96,801.29
1788739140000000000,2026-09-06T23:59:00Z,free response,2.527,4.75,-0.35,0.0,0.35,314.08,62.7,14.32,-2.44,3,Off,581.79,819.31
