timestamp_ns,timestamp_iso,controller,hs,tp,avg_power,power_in,power_to_controller,battery_voltage,battery_pct,sea_state_energy,efficiency,peaks,nextwave,nextwave_error,nextwave_error_2
1789862400000000000,2026-09-20T00:00:00Z,controller 2,1.782,6.251,0.01,0.01,0.0,294.39,10.79,8.96,0.11,1,Starting,999.88,924.22
1789862460000000000,2026-09-20T00:01:00Z,controller 2,1.915,6.251,0.02,0.02,0.0,294.38,10.75,11.97,0.17,2,Starting,994.36,951.2
1789862520000000000,2026-09-20T00:02:00Z,controller 2,1.865,6.179,0.02,0.02,0.0,294.37,10.74,10.86,0.18,3,Starting,972.46,927.5
1789862580000000000,2026-09-20T00:03:00Z,controller 2,1.914,6.172,0.02,0.02,0.0,294.37,10.73,12.23,0.16,2,Starting,970.37,933.29
1789862640000000000,2026-09-20T00:04:00Z,controller 2,1.885,6.178,0.02,0.02,0.0,294.36,10.72,9.98,0.2,1,Starting,948.96,922.33
1789862700000000000,2026-09-20T00:05:00Z,controller 2,1.916,6.197,0.02,0.02,0.0,294.35,10.7,10.27,0.19,2,Starting,529.51,995.93
1789862760000000000,2026-09-20T00:06:00Z,controller 2,1.855,6.214,0.02,0.02,0.0,294.34,10.68,10.92,0.18,1,Starting,490.53,1000.0
1789862820000000000,2026-09-20T00:07:00Z,controller 2,1.834,6.199,0.02,0.02,0.0,294.32,10.64,11.3,0.18,2,Starting,526.45,1000.0
1789862880000000000,2026-09-20T00:08:00Z,controller 2,1.904,6.273,0.02,0.02,0.0,294.31,10.62,11.38,0.18,2,Starting,587.45,432.43
1789862940000000000,2026-09-20T00:09:00Z,controller 2,2.001,6.185,0.02,0.02,0.0,294.3,10.6,12.66,0.16,2,Starting,585.42,419.88
1789863000000000000,2026-09-20T00:10:00Z,controller 2,2.007,6.264,0.02,0.02,0.0,294.29,10.57,11.42,0.18,3,Starting,542.73,443.53
1789863060000000000,2026-09-20T00:11:00Z,controller 2,2.027,6.241,0.02,0.02,0.0,294.28,10.56,12.44,0.16,2,Starting,537.97,455.16
1789863120000000000,2026-09-20T00:12:00Z,controller 2,2.058,6.223,0.02,0.02,0.0,294.28,10.56,13.42,0.15,1,Starting,494.83,471.65
1789863180000000000,2026-09-20T00:13:00Z,controller 2,2.032,6.242,0.02,0.02,0.0,294.27,10.54,13.61,0.15,2,Starting,532.62,465.9
1789863240000000000,2026-09-20T00:14:00Z,controller 2,1.991,6.152,0.02,0.02,0.0,294.25,10.51,12.34,0.16,3,Starting,552.8,441.17
1789863300000000000,2026-09-20T00:15:00Z,controller 2,2.025,6.083,0.02,0.02,0.0,294.25,10.49,11.71,0.17,1,Starting,595.97,415.71
1789863360000000000,2026-09-20T00:16:00Z,controller 2,1.998,6.111,0.02,0.02,0.0,294.24,10.48,12.69,0.16,2,Starting,644.17,410.52
1789863420000000000,2026-09-20T00:17:00Z,controller 2,2.035,6.079,0.02,0.02,0.0,294.23,10.45,12.4,0.16,1,Starting,682.04,384.62
1789863480000000000,2026-09-20T00:18:00Z,controller 2,2.113,6.105,0.02,0.02,0.0,294.21,10.43,14.05,0.14,2,Starting,731.42,398.67
1789863540000000000,2026-09-20T00:19:00Z,controller 2,1.986,6.058,0.01,0.01,0.0,294.21,10.42,10.9,0.09,2,Starting,767.96,407.21
1789863600000000000,2026-09-20T00:20:00Z,controller 2,2.041,6.124,0.01,0.01,0.0,294.2,10.41,13.74,0.07,1,Starting,767.58,422.34
1789863660000000000,2026-09-20T00:21:00Z,controller 2,2.043,6.092,0.01,0.01,0.0,294.19,10.38,12.49,0.08,1,Starting,748.39,397.9
1789863720000000000,2026-09-20T00:22:00Z,controller 2,1.984,6.18,0.01,0.01,0.0,294.18,10.35,13.34,0.07,1,Starting,770.24,410.92
1789863780000000000,2026-09-20T00:23:00Z,controller 2,2.044,6.178,0.01,0.01,0.0,294.16,10.32,13.98,0.07,1,Starting,775.14,389.07
1789863840000000000,2026-09-20T00:24:00Z,controller 2,2.115,6.152,0.01,0.01,0.0,294.15,10.3,13.53,0.07,3,Starting,990.93,353.76
1789863900000000000,2026-09-20T00:25:00Z,controller 2,2.098,6.239,0.01,0.01,0.0,294.14,10.28,12.43,0.08,3,Starting,1002.37,376.18
1789863960000000000,2026-09-20T00:26:00Z,controller 2,2.075,6.16,0.01,0.01,0.0,294.13,10.26,14.53,0.07,3,Starting,1045.71,348.87
1789864020000000000,2026-09-20T00:27:00Z,controller 2,2.091,6.062,0.01,0.01,0.0,294.11,10.22,14.42,0.07,1,Starting,1078.46,335.56
1789864080000000000,2026-09-20T00:28:00Z,controller 2,2.104,6.025,0.01,0.01,0.0,294.11,10.21,14.12,0.07,1,Starting,1109.97,321.83
1789864140000000000,2026-09-20T00:29:00Z,controller 2,2.056,6.091,0.01,0.01,0.0,294.11,10.21,13.24,0.08,1,Starting,953.81,434.74
1789864200000000000,2026-09-20T00:30:00Z,controller 2,2.022,6.153,0.01,0.01,0.0,294.09,10.18,13.78,0.07,1,Starting,987.24,438.32
1789864260000000000,2026-09-20T00:31:00Z,controller 2,2.056,6.149,0.01,0.01,0.0,294.07,10.15,12.52,0.08,2,Starting,994.1,452.13
1789864320000000000,2026-09-20T00:32:00Z,controller 2,2.053,6.116,0.01,0.01,0.0,294.07,10.14,11.67,0.09,3,Starting,1025.6,427.53
1789864380000000000,2026-09-20T00:33:00Z,controller 2,2.045,6.137,0.01,0.01,0.0,294.06,10.11,13.79,0.07,3,Starting,1058.43,434.65
1789864440000000000,2026-09-20T00:34:00Z,controller 2,1.979,6.153,0.01,0.01,0.0,294.05,10.09,12.46,0.08,2,Starting,1054.51,431.28
1789864500000000000,2026-09-20T00:35:00Z,controller 2,1.909,6.149,0.01,0.01,0.0,294.04,10.07,12.23,0.08,3,Starting,1014.82,410.51
1789864560000000000,2026-09-20T00:36:00Z,controller 2,1.902,6.154,0.01,0.01,0.0,294.03,10.06,11.43,0.09,3,Starting,996.81,415.94
1789864620000000000,2026-09-20T00:37:00Z,controller 2,1.875,6.195,0.01,0.01,0.0,294.01,10.03,11.78,0.08,3,Starting,1037.88,408.23
1789864680000000000,2026-09-20T00:38:00Z,controller 2,1.901,6.151,0.01,0.01,0.0,294.0,10.0,10.78,0.09,2,Starting,1075.27,402.91
1789864740000000000,2026-09-20T00:39:00Z,controller 2,1.871,6.12,0.01,0.01,0.0,293.99,9.99,10.52,0.1,3,Starting,1068.5,383.85
1789864800000000000,2026-09-20T00:40:00Z,controller 2,1.764,6.159,0.01,0.01,0.0,293.99,9.98,9.36,0.11,2,Starting,1054.12,361.72
1789864860000000000,2026-09-20T00:41:00Z,controller 2,1.716,6.148,0.01,0.01,0.0,293.97,9.95,8.15,0.12,1,Starting,1099.52,353.02
1789864920000000000,2026-09-20T00:42:00Z,controller 2,1.768,6.176,0.01,0.01,0.0,293.95,9.91,10.14,0.1,3,Starting,1140.14,372.22
1789864980000000000,2026-09-20T00:43:00Z,controller 2,1.762,6.164,0.01,0.01,0.0,293.93,9.89,10.3,0.1,3,Starting,1119.34,392.46
1789865040000000000,2026-09-20T00:44:00Z,controller 2,1.771,6.178,0.01,0.01,0.0,293.93,9.89,9.11,0.11,2,Starting,1079.33,385.46
1789865100000000000,2026-09-20T00:45:00Z,controller 2,1.794,6.199,0.01,0.01,0.0,293.92,9.86,10.05,0.1,2,Starting,1078.86,387.46
1789865160000000000,2026-09-20T00:46:00Z,controller 2,1.859,6.199,0.01,0.01,0.0,293.91,9.85,9.84,0.1,3,Starting,1116.6,404.61
1789865220000000000,2026-09-20T00:47:00Z,controller 2,1.844,6.252,0.01,0.01,0.0,293.9,9.84,11.24,0.09,1,Starting,1155.11,418.83
1789865280000000000,2026-09-20T00:48:00Z,controller 2,1.794,6.243,0.01,0.01,0.0,293.9,9.83,10.87,0.09,1,Starting,1123.49,408.0
1789865340000000000,2026-09-20T00:49:00Z,controller 2,1.777,6.258,0.01,0.01,0.0,293.88,9.8,10.14,0.1,1,Starting,1099.88,382.0
1789865400000000000,2026-09-20T00:50:00Z,controller 2,1.755,6.2,0.01,0.01,0.0,293.87,9.79,9.17,0.11,1,Starting,1069.34,393.76
1789865460000000000,2026-09-20T00:51:00Z,controller 2,1.769,6.209,0.01,0.01,0.0,293.86,9.76,9.73,0.1,1,Starting,1085.97,411.56
1789865520000000000,2026-09-20T00:52:00Z,controller 2,1.76,6.119,0.01,0.01,0.0,293.84,9.73,8.68,0.12,1,Starting,1110.27,410.87
1789865580000000000,2026-09-20T00:53:00Z,controller 2,1.757,6.046,0.01,0.01,0.0,293.83,9.72,8.59,0.12,1,Starting,1141.15,418.64
1789865640000000000,2026-09-20T00:54:00Z,controller 2,1.724,6.05,0.01,0.01,0.0,293.83,9.71,8.11,0.12,2,Starting,1099.35,431.23
1789865700000000000,2026-09-20T00:55:00Z,controller 2,1.731,5.981,0.01,0.01,0.0,293.82,9.7,9.09,0.11,1,Starting,1113.81,418.66
1789865760000000000,2026-09-20T00:56:00Z,controller 2,1.719,5.872,0.01,0.01,0.0,293.81,9.69,8.57,0.12,1,Off,1134.33,412.61
1789865820000000000,2026-09-20T00:57:00Z,controller 2,1.684,5.849,0.01,0.01,0.0,293.79,9.65,9.11,0.11,3,Off,1140.22,427.09
1789865880000000000,2026-09-20T00:58:00Z,controller 2,1.657,5.948,0.01,0.01,0.0,293.78,9.63,8.45,0.12,3,Off,1139.55,407.51
1789865940000000000,2026-09-20T00:59:00Z,controller 2,1.676,5.988,0.01,0.01,0.0,293.77,9.61,7.75,0.13,3,Off,1177.96,434.15
1789866000000000000,2026-09-20T01:00:00Z,controller 2,1.697,5.93,0.01,0.01,0.0,293.75,9.58,8.34,0.12,2,Off,1189.98,441.83
1789866060000000000,2026-09-20T01:01:00Z,controller 2,1.625,5.907,0.01,0.01,0.0,293.73,9.55,7.73,0.13,2,Off,1153.75,436.12
1789866120000000000,2026-09-20T01:02:00Z,controller 2,1.709,5.921,0.01,0.01,0.0,293.73,9.55,8.32,0.12,1,Off,1139.66,461.29
1789866180000000000,2026-09-20T01:03:00Z,controller 2,1.709,5.895,0.01,0.01,0.0,293.72,9.54,9.41,0.11,2,Off,1177.2,440.39
1789866240000000000,2026-09-20T01:04:00Z,controller 2,1.626,5.774,0.01,0.01,0.0,293.72,9.53,7.9,0.13,1,Off,1225.41,414.4
1789866300000000000,2026-09-20T01:05:00Z,controller 2,1.603,5.702,0.01,0.01,0.0,293.71,9.52,6.6,0.15,2,Off,1227.04,390.93
1789866360000000000,2026-09-20T01:06:00Z,controller 2,1.58,5.65,0.01,0.01,0.0,293.7,9.5,7.54,0.13,1,Off,1215.82,372.68
1789866420000000000,2026-09-20T01:07:00Z,controller 2,1.62,5.619,0.01,0.01,0.0,293.69,9.49,7.2,0.14,1,Off,1189.71,363.57
1789866480000000000,2026-09-20T01:08:00Z,controller 2,1.627,5.667,0.01,0.01,0.0,293.69,9.48,7.26,0.14,3,Off,1224.29,343.9
1789866540000000000,2026-09-20T01:09:00Z,controller 2,1.577,5.673,0.01,0.01,0.0,293.69,9.48,6.57,0.15,3,Off,1201.71,339.99
1789866600000000000,2026-09-20T01:10:00Z,controller 2,1.566,5.602,0.01,0.01,0.0,293.68,9.46,7.25,0.14,2,Off,1191.3,310.66
1789866660000000000,2026-09-20T01:11:00Z,controller 2,1.603,5.454,0.01,0.01,0.0,293.67,9.45,6.55,0.15,3,Off,1210.62,303.56
1789866720000000000,2026-09-20T01:12:00Z,controller 2,1.631,5.438,0.01,0.01,0.0,293.66,9.44,6.84,0.15,2,Off,1219.54,293.17
1789866780000000000,2026-09-20T01:13:00Z,controller 2,1.65,5.529,0.01,0.01,0.0,293.66,9.43,7.27,0.14,1,Off,1205.65,320.87
1789866840000000000,2026-09-20T01:14:00Z,controller 2,1.669,5.567,0.01,0.01,0.0,293.65,9.41,8.29,0.12,2,Off,1246.19,333.89
1789866900000000000,2026-09-20T01:15:00Z,controller 2,1.663,5.614,0.01,0.01,0.0,293.62,9.37,8.32,0.12,2,Off,1429.15,682.29
1789866960000000000,2026-09-20T01:16:00Z,controller 2,1.674,5.662,0.01,0.01,0.0,293.6,9.34,7.73,0.13,2,Off,952.02,440.57
1789867020000000000,2026-09-20T01:17:00Z,controller 2,1.72,5.655,0.01,0.01,0.0,293.59,9.32,8.15,0.12,3,Off,916.07,418.77
1789867080000000000,2026-09-20T01:18:00Z,controller 2,1.728,5.707,0.01,0.01,0.0,293.59,9.32,8.02,0.12,3,Off,813.06,554.57
1789867140000000000,2026-09-20T01:19:00Z,controller 2,1.692,5.732,0.01,0.01,0.0,293.57,9.29,8.7,0.11,3,Off,839.64,538.68
1789867200000000000,2026-09-20T01:20:00Z,controller 2,1.717,5.651,0.01,0.01,0.0,293.56,9.27,9.15,0.11,1,Off,841.62,509.7
1789867260000000000,2026-09-20T01:21:00Z,controller 2,1.724,5.535,0.01,0.01,0.0,293.56,9.26,8.09,0.12,1,Off,822.42,522.57
1789867320000000000,2026-09-20T01:22:00Z,controller 2,1.763,5.516,0.01,0.01,0.0,293.54,9.23,9.39,0.11,3,Off,785.1,532.86
1789867380000000000,2026-09-20T01:23:00Z,controller 2,1.732,5.462,0.01,0.01,0.0,293.54,9.23,8.73,0.11,2,Off,766.76,557.75
1789867440000000000,2026-09-20T01:24:00Z,controller 2,1.703,5.382,0.01,0.01,0.0,293.53,9.21,7.99,0.13,2,Off,802.18,544.21
1789867500000000000,2026-09-20T01:25:00Z,controller 2,1.665,5.317,0.01,0.01,0.0,293.51,9.18,7.69,0.13,2,Off,846.83,573.53
1789867560000000000,2026-09-20T01:26:00Z,controller 2,1.692,5.383,0.01,0.01,0.0,293.5,9.16,7.61,0.13,2,Off,875.33,554.52
1789867620000000000,2026-09-20T01:27:00Z,controller 2,1.664,5.409,0.01,0.01,0.0,293.5,9.16,7.45,0.13,2,Off,921.84,555.03
1789867680000000000,2026-09-20T01:28:00Z,controller 2,1.629,5.464,0.01,0.01,0.0,293.48,9.14,7.59,0.13,1,Off,962.12,578.21
1789867740000000000,2026-09-20T01:29:00Z,controller 2,1.665,5.484,0.01,0.01,0.0,293.47,9.12,8.12,0.12,3,Off,998.65,588.46
1789867800000000000,2026-09-20T01:30:00Z,controller 2,1.655,5.507,0.01,0.01,0.0,293.45,9.09,7.91,0.13,3,Off,956.8,612.77
1789867860000000000,2026-09-20T01:31:00Z,controller 2,1.646,5.46,0.01,0.01,0.0,293.44,9.07,7.57,0.13,3,Off,938.2,594.62
1789867920000000000,2026-09-20T01:32:00Z,controller 2,1.654,5.452,0.01,0.01,0.0,293.43,9.05,7.61,0.13,3,Off,941.63,619.49
1789867980000000000,2026-09-20T01:33:00Z,controller 2,1.696,5.459,0.01,0.01,0.0,293.42,9.03,8.14,0.12,3,Off,902.58,608.24
1789868040000000000,2026-09-20T01:34:00Z,controller 2,1.645,5.441,0.01,0.01,0.0,293.41,9.02,8.04,0.12,3,Off,861.15,623.17
1789868100000000000,2026-09-20T01:35:00Z,controller 2,1.615,5.551,0.01,0.01,0.0,293.4,9.0,6.97,0.14,3,Off,849.7,649.23
1789868160000000000,2026-09-20T01:36:00Z,controller 2,1.702,5.666,0.01,0.01,0.0,293.38,8.97,7.43,0.13,3,Off,842.82,660.8
1789868220000000000,2026-09-20T01:37:00Z,controller 2,1.782,5.678,0.01,0.01,0.0,293.38,8.96,8.35,0.12,1,Off,857.01,657.88
1789868280000000000,2026-09-20T01:38:00Z,controller 2,1.793,5.797,0.01,0.01,0.0,293.36,8.94,9.12,0.11,1,Off,843.5,633.67
1789868340000000000,2026-09-20T01:39:00Z,controller 2,1.742,5.817,0.01,0.01,0.0,293.35,8.91,8.28,0.12,1,Off,832.68,638.83
1789868400000000000,2026-09-20T01:40:00Z,controller 2,1.785,5.801,0.01,0.01,0.0,293.33,8.88,9.11,0.11,2,Off,802.21,666.69
1789868460000000000,2026-09-20T01:41:00Z,controller 2,1.874,5.853,0.01,0.01,0.0,293.31,8.85,9.32,0.11,2,Off,811.01,682.18
1789868520000000000,2026-09-20T01:42:00Z,controller 2,1.897,5.801,0.01,0.01,0.0,293.29,8.82,9.42,0.11,3,Off,801.88,659.98
1789868580000000000,2026-09-20T01:43:00Z,controller 2,1.862,5.866,0.01,0.01,0.0,293.29,8.81,9.91,0.1,2,Off,839.85,666.93
1789868640000000000,2026-09-20T01:44:00Z,controller 2,1.823,5.807,0.01,0.01,0.0,293.27,8.79,8.72,0.11,2,Off,852.03,656.39
1789868700000000000,2026-09-20T01:45:00Z,controller 2,1.878,5.693,0.01,0.01,0.0,293.27,8.78,10.94,0.09,3,Off,867.92,646.5
1789868760000000000,2026-09-20T01:46:00Z,controller 2,1.809,5.732,0.01,0.01,0.0,293.25,8.75,9.07,0.11,1,Off,824.08,668.47
1789868820000000000,2026-09-20T01:47:00Z,controller 2,1.88,5.75,0.01,0.01,0.0,293.24,8.74,10.11,0.1,2,Off,843.83,690.04
1789868880000000000,2026-09-20T01:48:00Z,controller 2,1.854,5.756,0.01,0.01,0.0,293.24,8.73,9.67,0.1,2,Off,848.87,678.56
1789868940000000000,2026-09-20T01:49:00Z,controller 2,1.783,5.879,0.01,0.01,0.0,293.23,8.71,8.69,0.12,3,Off,821.77,654.6
1789869000000000000,2026-09-20T01:50:00Z,controller 2,1.796,5.85,0.01,0.01,0.0,293.21,8.68,8.99,0.11,1,Off,774.71,675.49
1789869060000000000,2026-09-20T01:51:00Z,controller 2,1.801,5.861,0.01,0.01,0.0,293.2,8.67,8.99,0.11,3,Off,821.41,659.53
1789869120000000000,2026-09-20T01:52:00Z,controller 2,1.841,5.861,0.01,0.01,0.0,293.2,8.66,10.44,0.1,3,Off,832.0,641.79
1789869180000000000,2026-09-20T01:53:00Z,controller 2,1.801,5.876,0.01,0.01,0.0,293.18,8.64,10.19,0.1,2,Off,829.99,645.11
1789869240000000000,2026-09-20T01:54:00Z,controller 2,1.722,5.895,0.01,0.01,0.0,293.17,8.61,8.05,0.12,1,Off,813.77,663.03
1789869300000000000,2026-09-20T01:55:00Z,controller 2,1.726,5.97,0.01,0.01,0.0,293.16,8.6,9.75,0.1,2,Off,845.47,657.9
1789869360000000000,2026-09-20T01:56:00Z,controller 2,1.736,5.994,0.01,0.01,0.0,293.14,8.57,8.37,0.12,1,Off,1045.59,848.56
1789869420000000000,2026-09-20T01:57:00Z,controller 2,1.785,5.945,0.01,0.01,0.0,293.14,8.56,9.74,0.1,3,Off,1014.86,818.56
1789869480000000000,2026-09-20T01:58:00Z,controller 2,1.789,5.937,0.01,0.01,0.0,293.12,8.54,9.28,0.11,3,Off,1043.57,791.5
1789869540000000000,2026-09-20T01:59:00Z,controller 2,1.823,5.99,0.01,0.01,0.0,293.11,8.51,10.91,0.09,1,Off,1000.74,804.31
1789869600000000000,2026-09-20T02:00:00Z,controller 2,1.749,5.984,0.01,0.01,0.0,293.09,8.48,8.51,0.12,3,Off,1002.22,775.32
1789869660000000000,2026-09-20T02:01:00Z,controller 2,1.713,6.014,0.01,0.01,0.0,293.07,8.45,7.99,0.13,2,Off,963.45,801.5
1789869720000000000,2026-09-20T02:02:00Z,controller 2,1.715,6.101,0.01,0.01,0.0,293.05,8.42,9.03,0.11,1,Off,973.74,822.02
1789869780000000000,2026-09-20T02:03:00Z,controller 2,1.734,6.092,0.01,0.01,0.0,293.03,8.39,8.98,0.11,2,Off,960.74,837.06
1789869840000000000,2026-09-20T02:04:00Z,controller 2,1.682,6.062,0.01,0.01,0.0,293.03,8.38,8.74,0.11,3,Off,985.68,808.98
1789869900000000000,2026-09-20T02:05:00Z,controller 2,1.635,6.043,0.01,0.01,0.0,293.01,8.35,7.92,0.13,3,Off,993.6,814.87
1789869960000000000,2026-09-20T02:06:00Z,controller 2,1.596,6.021,0.01,0.01,0.0,293.0,8.34,7.26,0.14,2,Off,1026.84,843.79
1789870020000000000,2026-09-20T02:07:00Z,controller 2,1.575,6.049,0.01,0.01,0.0,292.99,8.32,8.07,0.12,3,Off,998.69,862.17
1789870080000000000,2026-09-20T02:08:00Z,controller 2,1.602,5.996,0.01,0.01,0.0,292.97,8.28,6.99,0.14,3,Off,1020.46,846.28
1789870140000000000,2026-09-20T02:09:00Z,controller 2,1.565,5.938,0.01,0.01,0.0,292.95,8.25,7.87,0.13,2,Off,1051.95,837.21
1789870200000000000,2026-09-20T02:10:00Z,controller 2,1.572,5.815,0.01,0.01,0.0,292.94,8.23,7.45,0.13,1,Off,1076.51,834.35
1789870260000000000,2026-09-20T02:11:00Z,controller 2,1.578,5.856,0.01,0.01,0.0,292.92,8.2,7.55,0.13,1,Off,1064.78,818.43
1789870320000000000,2026-09-20T02:12:00Z,controller 2,1.585,5.859,0.01,0.01,0.0,292.91,8.18,8.06,0.12,3,Off,1038.21,804.29
1789870380000000000,2026-09-20T02:13:00Z,controller 2,1.633,5.844,0.01,0.01,0.0,292.9,8.16,8.38,0.12,2,Off,1033.91,794.69
1789870440000000000,2026-09-20T02:14:00Z,controller 2,1.653,5.854,0.01,0.01,0.0,292.88,8.13,8.23,0.12,3,Off,986.36,809.93
1789870500000000000,2026-09-20T02:15:00Z,controller 2,1.665,5.78,0.01,0.01,0.0,292.87,8.11,7.75,0.13,3,Off,1113.68,639.55
1789870560000000000,2026-09-20T02:16:00Z,controller 2,1.701,5.858,0.01,0.01,0.0,292.85,8.08,8.62,0.12,2,Off,1116.25,661.73
1789870620000000000,2026-09-20T02:17:00Z,controller 2,1.643,5.858,0.01,0.01,0.0,292.83,8.05,7.99,0.13,1,Off,1153.33,633.7
1789870680000000000,2026-09-20T02:18:00Z,controller 2,1.586,5.879,0.01,0.01,0.0,292.82,8.04,8.11,0.12,1,Off,1129.62,606.36
1789870740000000000,2026-09-20T02:19:00Z,controller 2,1.646,5.899,0.01,0.01,0.0,292.81,8.02,8.32,0.12,1,Off,1157.86,629.16
1789870800000000000,2026-09-20T02:20:00Z,controller 2,1.674,5.874,0.01,0.01,0.0,292.81,8.01,8.45,0.12,3,Off,1206.82,634.32
1789870860000000000,2026-09-20T02:21:00Z,controller 2,1.672,5.745,0.01,0.01,0.0,292.79,7.98,7.39,0.14,2,Off,1250.83,630.57
1789870920000000000,2026-09-20T02:22:00Z,controller 2,1.651,5.716,0.01,0.01,0.0,292.77,7.95,7.78,0.13,2,Off,1242.79,607.41
1789870980000000000,2026-09-20T02:23:00Z,controller 2,1.644,5.816,0.01,0.01,0.0,292.76,7.94,7.62,0.13,1,Off,1264.08,621.98
1789871040000000000,2026-09-20T02:24:00Z,controller 2,1.619,5.726,0.01,0.01,0.0,292.75,7.91,6.9,0.14,2,Off,1266.68,620.23
1789871100000000000,2026-09-20T02:25:00Z,controller 2,1.611,5.696,0.01,0.01,0.0,292.74,7.9,6.94,0.14,3,Off,1280.65,641.02
1789871160000000000,2026-09-20T02:26:00Z,controller 2,1.639,5.693,0.01,0.01,0.0,292.73,7.88,8.17,0.12,1,Starting,1241.47,648.46
1789871220000000000,2026-09-20T02:27:00Z,controller 2,1.56,5.676,0.01,0.01,0.0,292.72,7.87,7.4,0.14,1,Starting,1191.97,667.22
1789871280000000000,2026-09-20T02:28:00Z,controller 2,1.585,5.74,0.01,0.01,0.0,292.71,7.85,7.19,0.14,2,Starting,1204.08,652.11
1789871340000000000,2026-09-20T02:29:00Z,controller 2,1.568,5.782,0.01,0.01,0.0,292.69,7.82,7.79,0.13,1,Starting,1156.56,656.35
1789871400000000000,2026-09-20T02:30:00Z,controller 2,1.651,5.895,0.01,0.01,0.0,292.67,7.79,7.32,0.14,2,Starting,890.34,813.82
1789871460000000000,2026-09-20T02:31:00Z,controller 2,1.685,5.918,0.01,0.01,0.0,292.72,7.86,8.88,0.11,2,Starting,937.25,824.69
1789871520000000000,2026-09-20T02:32:00Z,controller 2,1.711,5.921,0.01,0.01,0.0,292.75,7.91,8.37,0.12,2,Starting,1105.33,558.33
1789871580000000000,2026-09-20T02:33:00Z,controller 2,1.665,5.895,0.01,0.01,0.0,292.76,7.94,7.85,0.13,3,Starting,1089.34,558.83
1789871640000000000,2026-09-20T02:34:00Z,controller 2,1.631,5.907,0.01,0.01,0.0,292.82,8.03,8.47,0.12,1,Starting,1055.06,529.9
1789871700000000000,2026-09-20T02:35:00Z,controller 2,1.679,6.028,0.01,0.01,0.0,292.84,8.06,8.74,0.11,1,Starting,1063.43,539.01
1789871760000000000,2026-09-20T02:36:00Z,controller 2,1.693,6.026,0.01,0.01,0.0,292.87,8.11,9.06,0.11,1,Starting,1101.28,554.77
1789871820000000000,2026-09-20T02:37:00Z,controller 2,1.709,6.055,0.01,0.01,0.0,292.9,8.17,9.17,0.11,2,Starting,1083.96,544.96
1789871880000000000,2026-09-20T02:38:00Z,controller 2,1.677,6.081,0.01,0.01,0.0,292.93,8.22,7.84,0.13,3,Starting,1090.67,543.4
1789871940000000000,2026-09-20T02:39:00Z,controller 2,1.658,6.05,0.01,0.01,0.0,292.99,8.31,8.23,0.12,2,Starting,1136.42,527.51
1789872000000000000,2026-09-20T02:40:00Z,controller 2,1.744,6.046,0.01,0.01,0.0,293.02,8.37,8.92,0.11,1,Starting,1089.51,546.48
1789872060000000000,2026-09-20T02:41:00Z,controller 2,1.702,6.131,0.01,0.01,0.0,293.07,8.45,8.99,0.11,1,Starting,1096.35,567.93
1789872120000000000,2026-09-20T02:42:00Z,controller 2,1.683,6.195,0.01,0.01,0.0,293.09,8.48,8.1,0.12,2,Starting,1079.01,546.33
1789872180000000000,2026-09-20T02:43:00Z,controller 2,1.631,6.311,0.01,0.01,0.0,293.12,8.54,7.8,0.13,1,Starting,1037.9,570.06
1789872240000000000,2026-09-20T02:44:00Z,controller 2,1.617,6.272,0.01,0.01,0.0,293.17,8.61,8.69,0.12,3,Starting,1027.63,567.96
1789872300000000000,2026-09-20T02:45:00Z,controller 2,1.589,6.259,0.01,0.01,0.0,293.22,8.7,8.58,0.12,3,Starting,1006.96,560.07
1789872360000000000,2026-09-20T02:46:00Z,controller 2,1.56,6.37,0.01,0.01,0.0,293.25,8.75,8.05,0.12,3,Starting,999.67,583.88
1789872420000000000,2026-09-20T02:47:00Z,controller 2,1.529,6.285,0.01,0.01,0.0,293.29,8.82,7.2,0.14,2,Starting,984.14,563.37
1789872480000000000,2026-09-20T02:48:00Z,controller 2,1.545,6.457,0.01,0.01,0.0,293.33,8.89,7.48,0.13,1,Starting,983.51,577.3
1789872540000000000,2026-09-20T02:49:00Z,controller 2,1.536,6.51,0.01,0.01,0.0,293.37,8.95,7.79,0.13,1,Starting,999.28,585.64
1789872600000000000,2026-09-20T02:50:00Z,controller 2,1.534,6.52,0.01,0.01,0.0,293.39,8.98,8.21,0.12,2,Starting,1010.6,559.84
1789872660000000000,2026-09-20T02:51:00Z,controller 2,1.53,6.548,0.01,0.01,0.0,293.42,9.04,7.51,0.13,2,Starting,987.58,558.47
1789872720000000000,2026-09-20T02:52:00Z,controller 2,1.582,6.539,0.01,0.01,0.0,293.44,9.07,7.52,0.13,1,Starting,943.28,547.34
1789872780000000000,2026-09-20T02:53:00Z,controller 2,1.59,6.582,0.01,0.01,0.0,293.5,9.16,8.2,0.12,1,Starting,906.02,568.57
1789872840000000000,2026-09-20T02:54:00Z,controller 2,1.614,6.629,0.01,0.01,0.0,293.53,9.21,7.99,0.13,1,Starting,863.8,540.46
1789872900000000000,2026-09-20T02:55:00Z,controller 2,1.62,6.605,0.01,0.01,0.0,293.57,9.28,8.94,0.11,3,Starting,877.62,536.18
1789872960000000000,2026-09-20T02:56:00Z,controller 2,1.596,6.512,0.01,0.01,0.0,293.62,9.37,8.59,0.12,2,Starting,1252.55,776.33
1789873020000000000,2026-09-20T02:57:00Z,controller 2,1.625,6.578,0.01,0.01,0.0,293.67,9.45,8.67,0.12,2,Starting,1290.51,756.17
1789873080000000000,2026-09-20T02:58:00Z,controller 2,1.654,6.592,0.01,0.01,0.0,293.71,9.52,9.57,0.1,1,Starting,1296.87,739.02
1789873140000000000,2026-09-20T02:59:00Z,controller 2,1.702,6.628,0.01,0.01,0.0,293.73,9.55,9.69,0.1,1,Starting,1343.14,756.65
1789873200000000000,2026-09-20T03:00:00Z,controller 2,1.667,6.724,0.01,0.01,0.0,293.75,9.58,8.67,0.12,2,Starting,1374.89,761.23
1789873260000000000,2026-09-20T03:01:00Z,controller 2,1.672,6.678,0.01,0.01,0.0,293.78,9.63,8.9,0.11,3,Starting,1339.03,750.84
1789873320000000000,2026-09-20T03:02:00Z,controller 2,1.707,6.663,0.01,0.01,0.0,293.81,9.69,10.64,0.09,2,Starting,1132.86,744.46
1789873380000000000,2026-09-20T03:03:00Z,controller 2,1.71,6.709,0.01,0.01,0.0,293.86,9.77,9.24,0.11,1,Starting,1119.82,742.9
1789873440000000000,2026-09-20T03:04:00Z,controller 2,1.653,6.667,0.01,0.01,0.0,293.9,9.84,10.0,0.1,2,Starting,1101.53,729.57
1789873500000000000,2026-09-20T03:05:00Z,controller 2,1.692,6.598,0.01,0.01,0.0,293.94,9.9,8.86,0.11,3,Starting,1096.39,719.64
1789873560000000000,2026-09-20T03:06:00Z,controller 2,1.726,6.522,0.01,0.01,0.0,293.95,9.92,9.78,0.1,3,Starting,1058.89,706.43
1789873620000000000,2026-09-20T03:07:00Z,controller 2,1.665,6.459,0.01,0.01,0.0,293.99,9.98,9.39,0.11,2,Starting,1081.09,724.87
1789873680000000000,2026-09-20T03:08:00Z,controller 2,1.668,6.387,0.01,0.01,0.0,294.01,10.02,9.22,0.11,2,Starting,1117.08,714.76
1789873740000000000,2026-09-20T03:09:00Z,controller 2,1.641,6.415,0.01,0.01,0.0,294.05,10.09,8.15,0.12,2,Starting,1142.59,694.75
1789873800000000000,2026-09-20T03:10:00Z,controller 2,1.727,6.473,0.01,0.01,0.0,294.08,10.16,9.18,0.11,3,Starting,1152.16,709.34
1789873860000000000,2026-09-20T03:11:00Z,controller 2,1.698,6.605,0.01,0.01,0.0,294.11,10.22,10.42,0.1,2,Starting,1117.44,698.36
1789873920000000000,2026-09-20T03:12:00Z,controller 2,1.666,6.538,0.01,0.01,0.0,294.13,10.26,9.47,0.11,2,Starting,1146.96,680.76
1789873980000000000,2026-09-20T03:13:00Z,controller 2,1.658,6.507,0.01,0.01,0.0,294.17,10.33,8.41,0.12,1,Starting,1116.1,659.17
1789874040000000000,2026-09-20T03:14:00Z,controller 2,1.685,6.383,0.01,0.01,0.0,294.19,10.38,8.83,0.11,2,Starting,1140.05,641.81
1789874100000000000,2026-09-20T03:15:00Z,controller 2,1.695,6.391,0.01,0.01,0.0,294.2,10.41,9.29,0.11,2,Starting,1096.0,637.72
1789874160000000000,2026-09-20T03:16:00Z,controller 2,1.665,6.398,0.01,0.01,0.0,294.22,10.44,8.93,0.11,1,Starting,1103.0,612.68
1789874220000000000,2026-09-20T03:17:00Z,controller 2,1.697,6.384,0.01,0.01,0.0,294.24,10.47,10.08,0.1,3,Starting,1121.02,611.85
1789874280000000000,2026-09-20T03:18:00Z,controller 2,1.721,6.338,0.01,0.01,0.0,294.25,10.51,9.21,0.11,2,Starting,1158.33,583.23
1789874340000000000,2026-09-20T03:19:00Z,controller 2,1.748,6.267,0.01,0.01,0.0,294.29,10.57,10.39,0.1,3,Starting,1176.9,558.21
1789874400000000000,2026-09-20T03:20:00Z,controller 2,1.681,6.309,0.01,0.01,0.0,294.31,10.61,8.12,0.12,2,Starting,1159.34,530.76
1789874460000000000,2026-09-20T03:21:00Z,controller 2,1.585,6.273,0.01,0.01,0.0,294.32,10.65,8.36,0.12,3,Starting,1186.56,542.09
1789874520000000000,2026-09-20T03:22:00Z,controller 2,1.66,6.254,0.01,0.01,0.0,294.35,10.69,8.22,0.12,1,Starting,1180.82,549.67
1789874580000000000,2026-09-20T03:23:00Z,controller 2,1.625,6.396,0.01,0.01,0.0,294.38,10.75,8.14,0.12,2,Starting,875.8,890.99
1789874640000000000,2026-09-20T03:24:00Z,controller 2,1.655,6.382,0.01,0.01,0.0,294.39,10.79,8.93,0.11,3,Starting,884.03,867.19
1789874700000000000,2026-09-20T03:25:00Z,controller 2,1.67,6.405,0.01,0.01,0.0,294.41,10.82,8.78,0.11,2,Starting,893.97,852.18
1789874760000000000,2026-09-20T03:26:00Z,controller 2,1.754,6.498,0.01,0.01,0.0,294.43,10.85,10.84,0.09,1,Starting,871.98,860.6
1789874820000000000,2026-09-20T03:27:00Z,controller 2,1.715,6.469,0.01,0.01,0.0,294.45,10.9,10.18,0.1,1,Starting,850.08,885.57
1789874880000000000,2026-09-20T03:28:00Z,controller 2,1.714,6.451,0.01,0.01,0.0,294.48,10.96,10.01,0.1,2,Starting,892.1,880.37
1789874940000000000,2026-09-20T03:29:00Z,controller 2,1.767,6.42,0.01,0.01,0.0,294.5,11.01,10.27,0.1,2,Starting,893.02,900.4
1789875000000000000,2026-09-20T03:30:00Z,controller 2,1.745,6.411,0.01,0.01,0.0,294.55,11.1,10.34,0.1,1,Starting,855.74,900.11
1789875060000000000,2026-09-20T03:31:00Z,controller 2,1.658,6.473,0.01,0.01,0.0,294.58,11.16,8.53,0.12,1,Starting,846.68,879.33
1789875120000000000,2026-09-20T03:32:00Z,controller 2,1.684,6.534,0.01,0.01,0.0,294.6,11.19,10.1,0.1,3,Starting,851.42,865.69
1789875180000000000,2026-09-20T03:33:00Z,controller 2,1.649,6.504,0.01,0.01,0.0,294.62,11.24,8.35,0.12,2,Starting,892.35,837.02
1789875240000000000,2026-09-20T03:34:00Z,controller 2,1.702,6.516,0.01,0.01,0.0,294.64,11.29,9.95,0.1,2,Starting,881.08,847.85
1789875300000000000,2026-09-20T03:35:00Z,controller 2,1.665,6.553,0.01,0.01,0.0,294.67,11.34,8.26,0.12,3,Starting,838.28,829.3
1789875360000000000,2026-09-20T03:36:00Z,controller 2,1.688,6.546,0.01,0.01,0.0,294.69,11.37,9.93,0.1,2,Starting,816.37,835.6
1789875420000000000,2026-09-20T03:37:00Z,controller 2,1.821,6.508,0.01,0.01,0.0,294.71,11.42,10.13,0.1,3,Starting,840.31,852.46
1789875480000000000,2026-09-20T03:38:00Z,controller 2,1.865,6.499,0.01,0.01,0.0,294.74,11.48,12.35,0.08,3,Starting,871.49,830.0
1789875540000000000,2026-09-20T03:39:00Z,controller 2,1.864,6.568,0.01,0.01,0.0,294.77,11.54,12.4,0.08,3,Starting,837.05,844.42
1789875600000000000,2026-09-20T03:40:00Z,controller 2,1.799,6.62,0.01,0.01,0.0,294.8,11.6,9.91,0.1,3,Starting,849.43,862.32
1789875660000000000,2026-09-20T03:41:00Z,controller 2,1.879,6.563,0.01,0.01,0.0,294.81,11.63,11.77,0.08,1,Starting,1302.26,535.78
1789875720000000000,2026-09-20T03:42:00Z,controller 2,1.913,6.563,0.01,0.01,0.0,294.83,11.67,12.78,0.08,3,Starting,1305.21,517.55
1789875780000000000,2026-09-20T03:43:00Z,controller 2,1.925,6.543,0.01,0.01,0.0,294.86,11.72,13.31,0.08,2,Starting,1284.49,543.33
1789875840000000000,2026-09-20T03:44:00Z,controller 2,2.01,6.626,0.01,0.01,0.0,294.9,11.8,14.03,0.07,2,On,1301.04,561.5
1789875900000000000,2026-09-20T03:45:00Z,controller 2,2.062,6.565,0.01,0.01,0.0,294.93,11.85,14.95,0.07,1,On,1322.44,549.41
1789875960000000000,2026-09-20T03:46:00Z,controller 2,2.106,6.471,0.01,0.01,0.0,294.95,11.91,13.7,0.07,3,On,1339.27,566.84
1789876020000000000,2026-09-20T03:47:00Z,controller 2,2.1,6.415,0.01,0.01,0.0,295.0,12.0,13.18,0.08,1,On,1351.2,583.46
1789876080000000000,2026-09-20T03:48:00Z,controller 2,2.038,6.551,0.01,0.01,0.0,295.01,12.03,13.98,0.07,1,On,1385.59,912.77
1789876140000000000,2026-09-20T03:49:00Z,controller 2,1.982,6.52,0.01,0.01,0.0,295.04,12.07,13.67,0.07,3,On,1422.28,919.08
1789876200000000000,2026-09-20T03:50:00Z,controller 2,2.005,6.466,0.01,0.01,0.0,295.06,12.13,13.47,0.07,1,On,1378.77,910.63
1789876260000000000,2026-09-20T03:51:00Z,controller 2,2.019,6.503,0.01,0.01,0.0,295.08,12.17,12.93,0.08,1,On,1358.36,886.91
1789876320000000000,2026-09-20T03:52:00Z,controller 2,2.049,6.394,0.01,0.01,0.0,295.11,12.22,14.63,0.07,2,On,1327.04,888.81
1789876380000000000,2026-09-20T03:53:00Z,controller 2,2.129,6.318,0.01,0.01,0.0,295.14,12.29,12.97,0.08,1,On,1373.23,859.27
1789876440000000000,2026-09-20T03:54:00Z,controller 2,2.105,6.343,0.01,0.01,0.0,295.19,12.38,14.1,0.07,1,On,1363.66,875.6
1789876500000000000,2026-09-20T03:55:00Z,controller 2,2.123,6.323,0.01,0.01,0.0,295.23,12.46,14.86,0.07,3,On,1359.99,893.76
1789876560000000000,2026-09-20T03:56:00Z,controller 2,2.097,6.395,0.01,0.01,0.0,295.27,12.55,15.27,0.07,1,On,1320.66,869.57
1789876620000000000,2026-09-20T03:57:00Z,controller 2,1.994,6.264,0.01,0.01,0.0,295.31,12.63,13.22,0.08,2,On,1327.68,861.8
1789876680000000000,2026-09-20T03:58:00Z,controller 2,1.982,6.232,0.01,0.01,0.0,295.35,12.69,13.43,0.07,1,On,1139.83,415.84
1789876740000000000,2026-09-20T03:59:00Z,controller 2,1.898,6.091,0.01,0.01,0.0,295.38,12.77,10.27,0.1,3,On,1180.83,437.82
1789876800000000000,2026-09-20T04:00:00Z,controller 2,1.81,6.228,0.01,0.01,0.0,295.43,12.85,10.11,0.1,3,On,1135.97,467.1
1789876860000000000,2026-09-20T04:01:00Z,controller 2,1.816,6.287,0.01,0.01,0.0,295.46,12.92,9.78,0.1,1,On,1152.14,477.64
1789876920000000000,2026-09-20T04:02:00Z,controller 2,1.759,6.321,0.01,0.01,0.0,295.48,12.96,9.85,0.1,2,On,1107.68,490.36
1789876980000000000,2026-09-20T04:03:00Z,controller 2,1.746,6.371,0.01,0.01,0.0,295.5,12.99,10.44,0.1,1,On,1060.37,465.08
1789877040000000000,2026-09-20T04:04:00Z,controller 2,1.764,6.309,0.01,0.01,0.0,295.51,13.02,9.91,0.1,1,On,1032.25,488.25
1789877100000000000,2026-09-20T04:05:00Z,controller 2,1.754,6.266,0.01,0.01,0.0,295.53,13.06,10.26,0.1,1,On,1032.72,501.47
1789877160000000000,2026-09-20T04:06:00Z,controller 2,1.676,6.236,0.01,0.01,0.0,295.55,13.1,8.48,0.12,1,On,1047.01,483.73
1789877220000000000,2026-09-20T04:07:00Z,controller 2,1.687,6.131,0.01,0.01,0.0,295.56,13.13,9.02,0.11,2,On,1051.61,455.78
1789877280000000000,2026-09-20T04:08:00Z,controller 2,1.691,6.105,0.01,0.01,0.0,295.61,13.22,8.07,0.12,3,On,1094.53,461.62
1789877340000000000,2026-09-20T04:09:00Z,controller 2,1.796,6.135,0.01,0.01,0.0,295.63,13.26,10.6,0.09,1,On,1114.29,477.84
1789877400000000000,2026-09-20T04:10:00Z,controller 2,1.777,6.139,0.01,0.01,0.0,295.67,13.33,10.27,0.1,1,On,1079.75,452.28
1789877460000000000,2026-09-20T04:11:00Z,controller 2,1.77,6.196,0.01,0.01,0.0,295.68,13.36,8.76,0.11,3,On,1059.27,480.82
1789877520000000000,2026-09-20T04:12:00Z,controller 2,1.768,6.099,0.01,0.01,0.0,295.71,13.42,10.3,0.1,1,On,1020.46,504.87
1789877580000000000,2026-09-20T04:13:00Z,controller 2,1.807,6.18,0.01,0.01,0.0,295.75,13.5,9.44,0.11,3,On,1052.39,525.11
1789877640000000000,2026-09-20T04:14:00Z,controller 2,1.842,6.117,0.01,0.01,0.0,295.79,13.57,9.99,0.1,2,On,1041.37,511.26
1789877700000000000,2026-09-20T04:15:00Z,controller 2,1.874,6.105,0.01,0.01,0.0,295.81,13.63,11.65,0.09,1,On,1040.86,506.15
1789877760000000000,2026-09-20T04:16:00Z,controller 2,1.897,5.968,0.01,0.01,0.0,295.85,13.69,11.73,0.09,3,On,1068.95,520.65
1789877820000000000,2026-09-20T04:17:00Z,controller 2,1.86,5.874,0.01,0.01,0.0,295.88,13.75,9.78,0.1,2,On,1083.69,492.36
1789877880000000000,2026-09-20T04:18:00Z,controller 2,1.846,5.9,0.01,0.01,0.0,295.89,13.79,10.67,0.09,3,On,1079.99,496.52
1789877940000000000,2026-09-20T04:19:00Z,controller 2,1.84,5.893,0.01,0.01,0.0,295.94,13.87,10.63,0.09,3,On,1081.09,525.2
1789878000000000000,2026-09-20T04:20:00Z,controller 2,1.951,5.909,0.01,0.01,0.0,295.97,13.94,10.4,0.1,1,On,1083.44,495.54
1789878060000000000,2026-09-20T04:21:00Z,controller 2,1.941,5.962,0.01,0.01,0.0,296.0,14.01,10.93,0.09,2,On,1131.89,470.11
1789878120000000000,2026-09-20T04:22:00Z,controller 2,1.92,5.989,0.01,0.01,0.0,296.04,14.07,11.26,0.09,3,On,1159.59,475.66
1789878180000000000,2026-09-20T04:23:00Z,controller 2,1.831,6.074,0.01,0.01,0.0,296.07,14.15,10.7,0.09,3,On,1133.92,474.5
1789878240000000000,2026-09-20T04:24:00Z,controller 2,1.871,6.094,0.01,0.01,0.0,296.11,14.21,10.89,0.09,2,On,1123.77,471.67
1789878300000000000,2026-09-20T04:25:00Z,controller 2,1.848,6.112,0.01,0.01,0.0,296.13,14.26,10.81,0.09,2,On,1443.63,888.38
1789878360000000000,2026-09-20T04:26:00Z,controller 2,1.898,6.13,0.01,0.01,0.0,296.15,14.31,10.3,0.1,2,On,1463.8,862.46
1789878420000000000,2026-09-20T04:27:00Z,controller 2,1.914,6.204,0.01,0.01,0.0,296.19,14.39,11.79,0.08,2,On,1474.9,888.96
1789878480000000000,2026-09-20T04:28:00Z,controller 2,1.794,6.112,0.01,0.01,0.0,296.23,14.45,9.7,0.1,1,On,1456.1,859.92
1789878540000000000,2026-09-20T04:29:00Z,controller 2,1.704,6.16,0.01,0.01,0.0,296.25,14.51,9.06,0.11,2,On,1196.45,878.86
1789878600000000000,2026-09-20T04:30:00Z,controller 2,1.695,6.183,0.01,0.01,0.0,296.27,14.55,8.73,0.11,3,On,1208.36,898.81
1789878660000000000,2026-09-20T04:31:00Z,controller 2,1.704,6.201,0.01,0.01,0.0,296.31,14.62,8.87,0.11,2,On,1234.7,881.66
1789878720000000000,2026-09-20T04:32:00Z,controller 2,1.641,6.329,0.01,0.01,0.0,296.33,14.67,9.34,0.11,2,On,1221.35,909.64
1789878780000000000,2026-09-20T04:33:00Z,controller 2,1.653,6.357,0.01,0.01,0.0,296.38,14.75,8.28,0.12,1,On,1243.26,895.85
1789878840000000000,2026-09-20T04:34:00Z,controller 2,1.624,6.394,0.01,0.01,0.0,296.39,14.79,8.02,0.12,2,On,1260.11,880.04
1789878900000000000,2026-09-20T04:35:00Z,controller 2,1.625,6.356,0.01,0.01,0.0,296.42,14.83,8.9,0.11,1,On,1228.69,851.22
1789878960000000000,2026-09-20T04:36:00Z,controller 2,1.652,6.341,0.01,0.01,0.0,296.45,14.91,9.5,0.11,1,On,1265.05,868.79
1789879020000000000,2026-09-20T04:37:00Z,controller 2,1.702,6.329,0.01,0.01,0.0,296.5,14.99,9.18,0.11,2,On,1223.0,854.41
1789879080000000000,2026-09-20T04:38:00Z,controller 2,1.657,6.241,0.01,0.01,0.0,296.53,15.06,8.74,0.11,1,On,1208.72,848.29
1789879140000000000,2026-09-20T04:39:00Z,controller 2,1.639,6.309,0.0,0.0,0.0,296.55,15.09,8.8,0.0,3,On,1162.63,825.84
1789879200000000000,2026-09-20T04:40:00Z,controller 2,1.717,6.29,0.01,0.01,0.0,296.56,15.13,8.88,0.11,1,On,1186.43,837.93
1789879260000000000,2026-09-20T04:41:00Z,controller 2,1.724,6.203,0.01,0.01,0.0,296.6,15.19,10.05,0.1,1,On,1141.08,830.05
1789879320000000000,2026-09-20T04:42:00Z,controller 2,1.774,6.117,0.01,0.01,0.0,296.62,15.24,10.01,0.1,3,On,1171.46,818.59
1789879380000000000,2026-09-20T04:43:00Z,controller 2,1.803,6.123,0.01,0.01,0.0,296.64,15.28,9.17,0.11,1,On,756.21,343.08
1789879440000000000,2026-09-20T04:44:00Z,controller 2,1.765,6.061,0.0,0.0,0.0,296.68,15.35,10.33,0.0,2,On,722.14,342.35
1789879500000000000,2026-09-20T04:45:00Z,controller 2,1.76,6.131,0.01,0.01,0.0,296.7,15.41,9.35,0.11,1,On,730.12,315.36
1789879560000000000,2026-09-20T04:46:00Z,controller 2,1.718,6.073,0.01,0.01,0.0,296.75,15.49,9.27,0.11,1,On,686.33,287.0
1789879620000000000,2026-09-20T04:47:00Z,controller 2,1.677,6.13,0.01,0.01,0.0,296.78,15.56,8.37,0.12,2,On,664.81,291.5
1789879680000000000,2026-09-20T04:48:00Z,controller 2,1.705,5.96,0.01,0.01,0.0,296.82,15.65,8.65,0.12,3,On,643.48,320.23
1789879740000000000,2026-09-20T04:49:00Z,controller 2,1.684,5.961,0.01,0.01,0.0,296.85,15.7,7.89,0.13,1,On,939.18,354.18
1789879800000000000,2026-09-20T04:50:00Z,controller 2,1.752,5.934,0.01,0.01,0.0,296.89,15.78,8.25,0.12,2,On,967.32,348.73
1789879860000000000,2026-09-20T04:51:00Z,controller 2,1.794,5.87,0.01,0.01,0.0,296.93,15.85,9.34,0.11,1,On,984.71,378.05
1789879920000000000,2026-09-20T04:52:00Z,controller 2,1.74,5.934,0.0,0.0,0.0,296.96,15.92,9.85,0.0,2,On,1013.01,392.81
1789879980000000000,2026-09-20T04:53:00Z,controller 2,1.713,6.013,0.0,0.0,0.0,296.99,15.97,9.53,0.0,3,On,1044.63,365.92
1789880040000000000,2026-09-20T04:54:00Z,controller 2,1.676,5.913,0.01,0.01,0.0,297.0,16.0,7.57,0.13,2,On,1018.7,350.9
1789880100000000000,2026-09-20T04:55:00Z,controller 2,1.617,6.108,0.0,0.0,0.0,297.05,16.09,7.69,0.0,3,On,997.17,347.27
1789880160000000000,2026-09-20T04:56:00Z,controller 2,1.668,6.119,0.0,0.0,0.0,297.08,16.17,8.01,0.0,3,On,1030.81,374.91
1789880220000000000,2026-09-20T04:57:00Z,controller 2,1.694,6.145,0.0,0.0,0.0,297.1,16.19,7.97,0.0,1,On,994.97,353.47
1789880280000000000,2026-09-20T04:58:00Z,controller 2,1.686,6.117,0.0,0.0,0.0,297.12,16.24,7.98,0.0,2,On,1029.21,364.73
1789880340000000000,2026-09-20T04:59:00Z,controller 2,1.676,6.076,0.0,0.0,0.0,297.14,16.28,9.12,0.0,2,On,1030.64,340.91
1789880400000000000,2026-09-20T05:00:00Z,controller 2,1.721,6.074,0.0,0.0,0.0,297.18,16.35,9.64,0.0,2,On,1079.6,313.64
1789880460000000000,2026-09-20T05:01:00Z,controller 2,1.722,6.0,0.0,0.0,0.0,297.19,16.39,8.81,0.0,1,On,1116.5,299.2
1789880520000000000,2026-09-20T05:02:00Z,controller 2,1.722,6.033,0.01,0.01,0.0,297.23,16.45,8.41,0.12,3,On,1113.33,269.64
1789880580000000000,2026-09-20T05:03:00Z,controller 2,1.71,6.06,0.0,0.0,0.0,297.25,16.5,9.29,0.0,3,On,1142.67,268.13
1789880640000000000,2026-09-20T05:04:00Z,controller 2,1.682,6.117,0.0,0.0,0.0,297.26,16.53,9.51,0.0,1,On,1141.99,253.45
1789880700000000000,2026-09-20T05:05:00Z,controller 2,1.742,6.138,0.0,0.0,0.0,297.3,16.59,8.39,0.0,3,On,1101.69,236.5
1789880760000000000,2026-09-20T05:06:00Z,controller 2,1.738,6.142,0.0,0.0,0.0,297.32,16.64,8.64,0.0,1,On,1252.62,988.06
1789880820000000000,2026-09-20T05:07:00Z,controller 2,1.751,6.158,0.0,0.0,0.0,297.34,16.68,8.96,0.0,1,On,1263.76,998.09
1789880880000000000,2026-09-20T05:08:00Z,controller 2,1.76,6.131,0.0,0.0,0.0,297.37,16.74,9.25,0.0,1,On,1302.85,982.66
1789880940000000000,2026-09-20T05:09:00Z,controller 2,1.775,6.013,0.0,0.0,0.0,297.41,16.82,8.64,0.0,1,On,1352.45,960.56
1789881000000000000,2026-09-20T05:10:00Z,controller 2,1.837,5.918,0.0,0.0,0.0,297.43,16.86,9.64,0.0,3,On,1325.85,966.97
1789881060000000000,2026-09-20T05:11:00Z,controller 2,1.954,5.982,0.0,0.0,0.0,297.45,16.9,12.13,0.0,1,On,1348.49,959.42
1789881120000000000,2026-09-20T05:12:00Z,controller 2,1.939,6.09,0.0,0.0,0.0,297.48,16.95,11.15,0.0,2,On,1338.59,937.62
1789881180000000000,2026-09-20T05:13:00Z,controller 2,1.958,5.977,0.0,0.0,0.0,297.5,17.01,11.15,0.0,3,On,1289.62,945.72
1789881240000000000,2026-09-20T05:14:00Z,controller 2,1.905,6.006,0.01,0.01,0.0,297.53,17.06,10.4,0.1,3,On,1242.1,957.88
1789881300000000000,2026-09-20T05:15:00Z,controller 1,1.83,6.079,169.83,169.83,0.0,297.56,17.13,10.49,1618.97,2,On,1285.11,976.94
1789881360000000000,2026-09-20T05:16:00Z,controller 1,1.885,6.002,174.58,174.58,0.0,297.59,17.18,11.48,1520.73,3,On,1266.39,950.33
1789881420000000000,2026-09-20T05:17:00Z,controller 1,1.89,6.009,181.59,181.59,0.0,297.62,17.25,10.93,1661.39,1,On,1270.04,976.06
1789881480000000000,2026-09-20T05:18:00Z,controller 1,1.866,5.947,184.31,184.31,0.0,297.67,17.33,9.79,1882.64,3,On,1307.28,983.65
1789881540000000000,2026-09-20T05:19:00Z,controller 1,1.92,6.044,192.22,192.22,0.0,297.7,17.4,10.87,1768.35,1,On,1283.7,986.37
1789881600000000000,2026-09-20T05:20:00Z,controller 1,1.982,5.879,195.77,195.77,0.0,297.71,17.43,10.4,1882.4,2,On,1291.6,965.62
1789881660000000000,2026-09-20T05:21:00Z,controller 1,1.977,5.961,199.53,199.53,0.0,297.75,17.49,12.8,1558.83,3,On,1341.2,328.4
1789881720000000000,2026-09-20T05:22:00Z,controller 1,2.016,5.982,192.19,192.19,0.0,297.77,17.54,12.65,1519.29,1,On,1362.78,327.55
1789881780000000000,2026-09-20T05:23:00Z,controller 1,2.025,5.945,181.87,181.87,0.0,297.79,17.57,12.66,1436.57,2,On,1356.74,325.6
1789881840000000000,2026-09-20T05:24:00Z,controller 1,1.984,5.867,188.53,188.53,0.0,297.81,17.62,11.34,1662.52,1,On,1359.37,313.72
1789881900000000000,2026-09-20T05:25:00Z,controller 1,2.004,5.945,186.03,186.03,0.0,297.83,17.67,11.77,1580.54,3,On,1372.88,333.4
1789881960000000000,2026-09-20T05:26:00Z,controller 1,2.006,5.888,201.65,201.65,0.0,297.86,17.72,12.22,1650.16,1,On,1362.83,343.36
1789882020000000000,2026-09-20T05:27:00Z,controller 1,1.985,5.741,193.38,193.38,0.0,297.88,17.76,10.21,1894.03,3,On,1396.08,345.78
1789882080000000000,2026-09-20T05:28:00Z,controller 1,2.01,5.734,182.59,182.59,0.0,297.9,17.8,11.35,1608.72,3,On,1356.33,371.18
1789882140000000000,2026-09-20T05:29:00Z,controller 1,1.929,5.62,194.04,194.04,0.0,297.93,17.85,10.42,1862.19,3,On,1396.25,385.15
1789882200000000000,2026-09-20T05:30:00Z,controller 1,1.913,5.547,208.6,208.6,0.0,297.94,17.89,10.88,1917.28,1,On,1399.68,387.92
1789882260000000000,2026-09-20T05:31:00Z,controller 1,1.853,5.539,212.18,212.18,0.0,297.96,17.92,9.34,2271.73,3,On,1438.95,406.57
1789882320000000000,2026-09-20T05:32:00Z,controller 1,1.926,5.605,218.41,218.41,0.0,298.0,17.99,9.73,2244.71,3,On,1412.2,393.65
1789882380000000000,2026-09-20T05:33:00Z,controller 1,2.015,5.652,197.41,197.41,0.0,298.04,18.07,10.84,1821.13,1,On,1368.45,394.25
1789882440000000000,2026-09-20T05:34:00Z,controller 1,2.042,5.667,178.96,178.96,0.0,298.06,18.12,11.35,1576.74,3,On,1403.55,375.72
1789882500000000000,2026-09-20T05:35:00Z,controller 1,2.012,5.611,170.89,170.89,0.0,298.08,18.17,10.3,1659.13,2,On,1409.68,398.29
1789882560000000000,2026-09-20T05:36:00Z,controller 1,2.0,5.653,177.25,177.25,0.0,298.11,18.22,12.34,1436.39,1,On,1402.64,404.08
1789882620000000000,2026-09-20T05:37:00Z,controller 1,1.973,5.588,168.89,168.89,0.0,298.14,18.28,11.89,1420.44,3,On,1405.58,386.63
1789882680000000000,2026-09-20T05:38:00Z,controller 1,1.932,5.539,176.85,176.85,0.0,298.16,18.32,10.49,1685.89,3,On,1420.35,403.34
1789882740000000000,2026-09-20T05:39:00Z,controller 1,1.946,5.642,187.47,187.47,0.0,298.18,18.36,9.92,1889.82,2,On,1412.14,400.23
1789882800000000000,2026-09-20T05:40:00Z,controller 1,1.968,5.644,180.83,180.83,0.0,298.21,18.43,11.02,1640.93,3,On,1406.98,384.32
1789882860000000000,2026-09-20T05:41:00Z,controller 1,1.961,5.663,172.39,172.39,0.0,298.25,18.5,10.16,1696.75,3,On,1386.24,402.47
1789882920000000000,2026-09-20T05:42:00Z,controller 1,2.029,5.619,183.39,183.39,0.0,298.27,18.54,11.62,1578.23,2,On,1363.97,417.74
1789882980000000000,2026-09-20T05:43:00Z,controller 1,2.06,5.7,187.85,187.85,0.0,298.3,18.59,13.03,1441.67,1,On,1383.35,444.21
1789883040000000000,2026-09-20T05:44:00Z,controller 1,2.069,5.755,172.12,172.12,0.0,298.33,18.67,11.19,1538.16,3,On,1361.77,470.44
1789883100000000000,2026-09-20T05:45:00Z,controller 1,2.069,5.772,165.76,165.76,0.0,298.38,18.75,13.38,1238.86,3,On,1391.66,446.49
1789883160000000000,2026-09-20T05:46:00Z,controller 1,2.087,5.827,177.93,177.93,0.0,298.41,18.82,13.1,1358.24,2,On,1397.94,695.09
1789883220000000000,2026-09-20T05:47:00Z,controller 1,2.115,5.895,183.94,183.94,0.0,298.43,18.85,13.68,1344.59,2,On,1348.08,688.0
1789883280000000000,2026-09-20T05:48:00Z,controller 1,2.074,5.98,186.45,186.45,0.0,298.42,18.84,13.55,1376.01,1,On,1341.6,712.79
1789883340000000000,2026-09-20T05:49:00Z,controller 1,2.038,5.939,185.59,185.59,0.0,298.4,18.8,12.61,1471.77,2,On,1338.39,723.2
1789883400000000000,2026-09-20T05:50:00Z,controller 1,1.982,6.01,180.2,180.2,0.0,298.39,18.78,12.88,1399.07,1,On,1334.32,752.65
1789883460000000000,2026-09-20T05:51:00Z,controller 1,2.083,5.97,193.63,193.63,0.0,298.38,18.77,12.86,1505.68,3,On,1302.35,735.97
1789883520000000000,2026-09-20T05:52:00Z,controller 1,2.203,6.081,196.99,196.99,0.0,298.38,18.75,14.35,1372.75,2,On,1333.67,731.57
1789883580000000000,2026-09-20T05:53:00Z,controller 1,2.172,6.244,200.88,200.88,0.0,298.36,18.72,14.44,1391.14,2,On,1364.36,714.3
1789883640000000000,2026-09-20T05:54:00Z,controller 1,2.135,6.263,186.54,186.54,0.0,298.35,18.69,15.34,1216.04,1,On,1331.45,695.14
1789883700000000000,2026-09-20T05:55:00Z,controller 1,2.202,6.354,199.26,199.26,0.0,298.33,18.66,14.87,1340.01,2,On,1290.47,701.54
1789883760000000000,2026-09-20T05:56:00Z,controller 1,2.094,6.403,185.71,185.71,0.0,298.31,18.63,15.0,1238.07,3,On,1262.71,671.94
1789883820000000000,2026-09-20T05:57:00Z,controller 1,2.145,6.426,168.45,168.45,0.0,298.31,18.63,15.82,1064.79,1,On,1284.11,652.17
1789883880000000000,2026-09-20T05:58:00Z,controller 1,2.124,6.344,158.66,158.66,0.0,298.3,18.6,14.4,1101.81,2,On,1245.48,659.67
1789883940000000000,2026-09-20T05:59:00Z,controller 1,2.143,6.301,160.92,160.92,0.0,298.29,18.58,14.83,1085.1,1,On,1243.44,641.2
1789884000000000000,2026-09-20T06:00:00Z,controller 1,2.098,6.289,168.31,168.31,0.0,298.29,18.58,12.68,1327.37,1,On,1276.49,666.46
1789884060000000000,2026-09-20T06:01:00Z,controller 1,2.061,6.31,165.89,165.89,0.0,298.28,18.56,12.28,1350.9,2,On,1240.57,648.2
1789884120000000000,2026-09-20T06:02:00Z,controller 1,1.988,6.262,160.95,160.95,0.0,298.27,18.54,11.78,1366.3,2,On,1247.11,658.97
1789884180000000000,2026-09-20T06:03:00Z,controller 1,2.038,6.302,174.51,174.51,0.0,298.26,18.52,13.44,1298.44,1,On,1241.11,672.4
1789884240000000000,2026-09-20T06:04:00Z,controller 1,1.999,6.226,177.23,177.23,0.0,298.25,18.51,13.05,1358.08,3,On,1273.14,644.24
1789884300000000000,2026-09-20T06:05:00Z,controller 1,2.018,6.09,172.37,172.37,0.0,298.25,18.51,13.25,1300.91,3,On,1284.47,637.68
1789884360000000000,2026-09-20T06:06:00Z,controller 1,1.989,6.166,186.57,186.57,0.0,298.25,18.5,11.74,1589.18,1,On,1283.29,625.84
1789884420000000000,2026-09-20T06:07:00Z,controller 1,2.073,6.157,185.28,185.28,0.0,298.24,18.48,12.05,1537.59,2,On,1286.74,640.86
1789884480000000000,2026-09-20T06:08:00Z,controller 1,2.053,6.194,203.13,203.13,0.0,298.23,18.46,12.45,1631.57,1,On,1310.72,670.25
1789884540000000000,2026-09-20T06:09:00Z,controller 1,2.067,6.133,195.27,195.27,0.0,298.21,18.43,12.82,1523.17,1,On,1270.35,678.33
1789884600000000000,2026-09-20T06:10:00Z,controller 1,2.047,6.092,183.63,183.63,0.0,298.21,18.42,12.41,1479.69,3,On,1284.41,653.29
1789884660000000000,2026-09-20T06:11:00Z,controller 1,2.006,6.076,194.4,194.4,0.0,298.2,18.4,11.86,1639.12,1,On,1293.66,632.05
1789884720000000000,2026-09-20T06:12:00Z,controller 1,1.977,6.102,184.9,184.9,0.0,298.19,18.38,12.23,1511.86,3,On,1273.5,634.97
1789884780000000000,2026-09-20T06:13:00Z,controller 1,1.895,6.032,200.3,200.3,0.0,298.18,18.36,10.38,1929.67,1,On,1225.42,646.42
1789884840000000000,2026-09-20T06:14:00Z,controller 1,1.797,6.115,215.53,215.53,0.0,298.18,18.35,10.18,2117.19,2,On,1176.09,651.07
1789884900000000000,2026-09-20T06:15:00Z,controller 1,1.743,6.085,208.44,208.44,0.0,298.16,18.32,10.09,2065.81,2,On,1220.13,628.38
1789884960000000000,2026-09-20T06:16:00Z,controller 1,1.797,6.08,207.64,207.64,0.0,298.15,18.3,10.71,1938.75,1,On,1238.46,606.34
1789885020000000000,2026-09-20T06:17:00Z,controller 1,1.82,6.097,198.9,198.9,0.0,298.13,18.27,9.25,2150.27,3,On,1245.1,627.85
1789885080000000000,2026-09-20T06:18:00Z,controller 1,1.812,6.122,179.19,179.19,0.0,298.13,18.26,10.61,1688.88,3,On,1210.81,631.07
1789885140000000000,2026-09-20T06:19:00Z,controller 1,1.838,6.093,195.12,195.12,0.0,298.12,18.24,10.17,1918.58,1,On,1290.95,991.04
1789885200000000000,2026-09-20T06:20:00Z,controller 1,1.826,6.032,203.69,203.69,0.0,298.11,18.21,9.3,2190.22,1,On,1303.2,991.16
1789885260000000000,2026-09-20T06:21:00Z,controller 1,1.849,6.09,207.45,207.45,0.0,298.1,18.19,10.15,2043.84,2,On,1342.46,968.4
1789885320000000000,2026-09-20T06:22:00Z,controller 1,1.879,6.122,219.04,219.04,0.0,298.08,18.16,11.01,1989.46,1,On,1390.5,970.14
1789885380000000000,2026-09-20T06:23:00Z,controller 1,1.919,6.049,206.78,206.78,0.0,298.07,18.14,10.34,1999.81,2,On,1386.05,998.36
1789885440000000000,2026-09-20T06:24:00Z,controller 1,1.96,6.017,190.39,190.39,0.0,298.06,18.13,11.89,1601.26,1,On,1365.5,974.09
1789885500000000000,2026-09-20T06:25:00Z,controller 1,1.896,6.085,194.65,194.65,0.0,298.05,18.1,11.36,1713.47,3,On,1317.38,950.23
1789885560000000000,2026-09-20T06:26:00Z,controller 1,1.872,6.09,203.92,203.92,0.0,298.04,18.08,11.12,1833.81,1,On,1343.83,971.88
1789885620000000000,2026-09-20T06:27:00Z,controller 1,1.878,6.091,187.31,187.31,0.0,298.02,18.05,10.79,1735.96,3,On,1368.04,943.87
1789885680000000000,2026-09-20T06:28:00Z,controller 1,1.912,6.085,174.65,174.65,0.0,298.02,18.04,12.02,1453.0,2,On,1321.66,927.91
1789885740000000000,2026-09-20T06:29:00Z,controller 1,1.884,6.066,190.47,190.47,0.0,298.01,18.02,10.25,1858.24,1,On,1277.07,951.39
1789885800000000000,2026-09-20T06:30:00Z,controller 1,1.904,6.003,178.25,178.25,0.0,298.0,18.01,10.82,1647.41,3,On,1304.96,958.44
1789885860000000000,2026-09-20T06:31:00Z,controller 1,1.901,6.013,193.69,193.69,0.0,298.0,18.0,11.65,1662.58,2,On,1348.34,961.26
1789885920000000000,2026-09-20T06:32:00Z,controller 1,1.901,5.978,212.94,212.94,0.0,297.99,17.98,10.87,1958.97,1,On,1302.74,946.89
1789885980000000000,2026-09-20T06:33:00Z,controller 1,1.867,6.023,213.82,213.82,0.0,297.98,17.95,9.88,2164.17,2,On,1318.82,949.28
1789886040000000000,2026-09-20T06:34:00Z,controller 1,1.929,6.169,205.62,205.62,0.0,297.97,17.94,11.68,1760.45,1,On,1362.61,951.93
1789886100000000000,2026-09-20T06:35:00Z,controller 1,1.951,6.157,220.03,220.03,0.0,297.96,17.92,11.43,1925.02,3,On,1351.47,977.5
1789886160000000000,2026-09-20T06:36:00Z,controller 1,1.958,6.237,208.64,208.64,0.0,297.94,17.89,12.47,1673.14,1,On,1393.07,985.97
1789886220000000000,2026-09-20T06:37:00Z,controller 1,1.987,6.311,227.12,227.12,0.0,297.93,17.86,11.39,1994.03,3,On,1405.35,996.09
1789886280000000000,2026-09-20T06:38:00Z,controller 1,2.043,6.351,204.88,204.88,0.0,297.93,17.86,14.06,1457.18,1,On,1415.7,1000.0
1789886340000000000,2026-09-20T06:39:00Z,controller 1,1.983,6.298,208.75,208.75,0.0,297.93,17.85,12.62,1654.12,2,On,1427.5,997.9
1789886400000000000,2026-09-20T06:40:00Z,free response,2.03,6.334,10.18,10.18,0.0,297.9,17.81,11.97,85.05,2,On,1385.44,983.54
1789886460000000000,2026-09-20T06:41:00Z,free response,2.053,6.209,10.48,10.48,0.0,297.9,17.8,12.21,85.83,2,On,1358.86,1000.0
1789886520000000000,2026-09-20T06:42:00Z,free response,2.055,6.258,9.73,9.73,0.0,297.89,17.79,14.52,67.01,2,On,1342.79,1000.0
1789886580000000000,2026-09-20T06:43:00Z,free response,2.102,6.292,9.79,9.79,0.0,297.88,17.77,14.46,67.7,1,On,1345.6,1000.0
1789886640000000000,2026-09-20T06:44:00Z,free response,2.077,6.43,10.64,10.64,0.0,297.88,17.76,12.93,82.29,3,On,1344.65,1000.0
1789886700000000000,2026-09-20T06:45:00Z,free response,2.087,6.433,9.8,9.8,0.0,297.87,17.73,13.33,73.52,3,On,1355.82,995.83
1789886760000000000,2026-09-20T06:46:00Z,free response,2.13,6.462,9.63,9.63,0.0,297.86,17.71,15.35,62.74,3,On,1315.38,990.36
1789886820000000000,2026-09-20T06:47:00Z,free response,2.123,6.433,9.82,9.82,0.0,297.85,17.7,13.89,70.7,3,On,1352.34,1000.0
1789886880000000000,2026-09-20T06:48:00Z,free response,2.082,6.391,10.34,10.34,0.0,297.83,17.67,14.01,73.8,3,On,1389.08,991.55
1789886940000000000,2026-09-20T06:49:00Z,free response,2.014,6.296,11.08,11.08,0.0,297.82,17.64,11.67,94.94,3,On,1393.32,981.31
1789887000000000000,2026-09-20T06:50:00Z,free response,2.01,6.439,11.3,11.3,0.0,297.81,17.61,12.98,87.06,1,On,1428.99,980.24
1789887060000000000,2026-09-20T06:51:00Z,free response,2.111,6.463,12.15,12.15,0.0,297.8,17.6,14.99,81.05,3,On,1393.36,998.51
1789887120000000000,2026-09-20T06:52:00Z,free response,2.137,6.355,11.29,11.29,0.0,297.8,17.59,14.56,77.54,1,On,1377.44,1000.0
1789887180000000000,2026-09-20T06:53:00Z,free response,2.112,6.404,12.17,12.17,0.0,297.79,17.57,13.1,92.9,1,On,1374.13,984.09
1789887240000000000,2026-09-20T06:54:00Z,free response,2.038,6.459,10.96,10.96,0.0,297.77,17.55,13.51,81.13,3,On,1362.67,988.88
1789887300000000000,2026-09-20T06:55:00Z,free response,2.029,6.452,11.91,11.91,0.0,297.76,17.53,12.59,94.6,2,On,1323.87,984.3
1789887360000000000,2026-09-20T06:56:00Z,free response,1.959,6.46,12.45,12.45,0.0,297.75,17.51,11.92,104.45,3,On,1311.99,1000.0
1789887420000000000,2026-09-20T06:57:00Z,free response,1.983,6.462,11.87,11.87,0.0,297.74,17.48,12.03,98.67,2,On,1342.52,973.24
1789887480000000000,2026-09-20T06:58:00Z,free response,1.999,6.418,12.3,12.3,0.0,297.74,17.48,12.12,101.49,2,On,1317.76,997.0
1789887540000000000,2026-09-20T06:59:00Z,free response,1.966,6.436,11.19,11.19,0.0,297.73,17.45,12.64,88.53,3,Starting,1346.36,970.9
1789887600000000000,2026-09-20T07:00:00Z,free response,1.937,6.517,10.22,10.22,0.0,297.72,17.44,11.57,88.33,1,Starting,1337.53,987.8
1789887660000000000,2026-09-20T07:01:00Z,free response,1.928,6.554,10.72,10.72,0.0,297.71,17.43,12.94,82.84,1,Starting,1375.0,1000.0
1789887720000000000,2026-09-20T07:02:00Z,free response,1.921,6.597,10.58,10.58,0.0,297.7,17.4,11.6,91.21,1,Starting,1329.33,1000.0
1789887780000000000,2026-09-20T07:03:00Z,free response,1.967,6.62,11.01,11.01,0.0,297.69,17.39,12.62,87.24,1,Starting,1286.34,1000.0
1789887840000000000,2026-09-20T07:04:00Z,free response,1.975,6.692,10.99,10.99,0.0,297.69,17.38,12.58,87.36,2,Starting,1329.54,1000.0
1789887900000000000,2026-09-20T07:05:00Z,free response,1.923,6.692,11.67,11.67,0.0,297.68,17.36,12.92,90.33,1,Starting,1463.95,611.25
1789887960000000000,2026-09-20T07:06:00Z,free response,1.844,6.647,11.87,11.87,0.0,297.67,17.33,11.99,99.0,1,Starting,1447.48,584.02
1789888020000000000,2026-09-20T07:07:00Z,free response,1.807,6.733,11.3,11.3,0.0,297.65,17.3,11.87,95.2,3,Starting,1429.15,585.94
1789888080000000000,2026-09-20T07:08:00Z,free response,1.873,6.748,12.12,12.12,0.0,297.65,17.3,12.23,99.1,1,Starting,1420.98,602.55
1789888140000000000,2026-09-20T07:09:00Z,free response,1.887,6.745,11.7,11.7,0.0,297.64,17.28,11.27,103.82,1,Starting,1406.43,586.08
1789888200000000000,2026-09-20T07:10:00Z,free response,1.879,6.69,11.17,11.17,0.0,297.63,17.27,10.68,104.59,2,Starting,1390.0,581.35
1789888260000000000,2026-09-20T07:11:00Z,free response,1.948,6.793,11.86,11.86,0.0,297.62,17.25,13.49,87.92,2,Starting,1379.88,606.81
1789888320000000000,2026-09-20T07:12:00Z,free response,1.88,6.815,12.46,12.46,0.0,297.61,17.22,11.02,113.07,2,Starting,1355.45,601.78
1789888380000000000,2026-09-20T07:13:00Z,free response,1.822,6.826,12.23,12.23,0.0,297.6,17.19,12.23,100.0,2,Starting,1384.75,629.69
1789888440000000000,2026-09-20T07:14:00Z,free response,1.825,6.853,12.05,12.05,0.0,297.59,17.18,12.5,96.4,1,Starting,1382.87,646.3
1789888500000000000,2026-09-20T07:15:00Z,free response,1.801,6.866,11.87,11.87,0.0,297.57,17.15,10.86,109.3,2,Starting,1359.34,641.44
1789888560000000000,2026-09-20T07:16:00Z,free response,1.779,6.933,12.62,12.62,0.0,297.56,17.13,9.96,126.71,1,Starting,1367.09,619.52
1789888620000000000,2026-09-20T07:17:00Z,free response,1.767,7.014,11.39,11.39,0.0,297.56,17.12,10.25,111.12,3,Starting,1328.44,643.75
1789888680000000000,2026-09-20T07:18:00Z,free response,1.672,6.977,11.33,11.33,0.0,297.56,17.11,9.89,114.56,1,Starting,1357.68,663.67
1789888740000000000,2026-09-20T07:19:00Z,free response,1.582,6.801,10.39,10.39,0.0,297.55,17.1,8.6,120.81,2,Starting,1352.61,673.96
1789888800000000000,2026-09-20T07:20:00Z,free response,1.575,6.735,9.54,9.54,0.0,297.55,17.09,8.17,116.77,2,Starting,1308.83,693.07
1789888860000000000,2026-09-20T07:21:00Z,free response,1.551,6.646,10.08,10.08,0.0,297.53,17.06,8.65,116.53,2,Starting,1310.29,709.4
1789888920000000000,2026-09-20T07:22:00Z,free response,1.619,6.747,9.7,9.7,0.0,297.52,17.04,8.67,111.88,3,Starting,1269.24,735.28
1789888980000000000,2026-09-20T07:23:00Z,free response,1.608,6.672,9.67,9.67,0.0,297.51,17.03,9.45,102.33,3,Starting,1280.8,707.63
1789889040000000000,2026-09-20T07:24:00Z,free response,1.665,6.703,10.22,10.22,0.0,297.5,17.01,8.9,114.83,3,Starting,1254.04,726.6
1789889100000000000,2026-09-20T07:25:00Z,free response,1.776,6.711,10.12,10.12,0.0,297.5,17.0,11.56,87.54,3,Starting,1242.66,744.14
1789889160000000000,2026-09-20T07:26:00Z,free response,1.771,6.646,9.44,9.44,0.0,297.49,16.98,9.56,98.74,3,Starting,1208.67,741.25
1789889220000000000,2026-09-20T07:27:00Z,free response,1.792,6.615,10.34,10.34,0.0,297.49,16.97,11.16,92.65,2,Starting,1214.9,741.82
1789889280000000000,2026-09-20T07:28:00Z,free response,1.818,6.687,10.27,10.27,0.0,297.48,16.95,10.41,98.66,3,Starting,1176.61,740.8
1789889340000000000,2026-09-20T07:29:00Z,free response,1.81,6.81,10.82,10.82,0.0,297.46,16.92,10.3,105.05,2,Starting,1191.94,766.06
1789889400000000000,2026-09-20T07:30:00Z,free response,1.706,6.936,10.33,10.33,0.0,297.45,16.9,9.3,111.08,1,Starting,1181.27,738.79
1789889460000000000,2026-09-20T07:31:00Z,free response,1.738,6.882,10.52,10.52,0.0,297.44,16.89,9.47,111.09,3,Starting,1170.71,768.3
1789889520000000000,2026-09-20T07:32:00Z,free response,1.783,6.955,10.48,10.48,0.0,297.44,16.88,11.73,89.34,1,Starting,1202.11,776.48
1789889580000000000,2026-09-20T07:33:00Z,free response,1.78,6.955,9.92,9.92,0.0,297.44,16.87,11.59,85.59,2,Starting,1154.77,772.12
1789889640000000000,2026-09-20T07:34:00Z,free response,1.751,6.882,10.74,10.74,0.0,297.42,16.84,10.6,101.32,2,Starting,1199.48,796.24
1789889700000000000,2026-09-20T07:35:00Z,free response,1.643,6.895,10.98,10.98,0.0,297.4,16.8,10.23,107.33,2,Starting,1214.1,825.57
1789889760000000000,2026-09-20T07:36:00Z,free response,1.609,6.811,10.31,10.31,0.0,297.39,16.78,8.85,116.5,2,Starting,1255.24,848.74
1789889820000000000,2026-09-20T07:37:00Z,free response,1.624,6.914,9.95,9.95,0.0,297.38,16.75,9.7,102.58,2,Starting,1214.05,855.9
1789889880000000000,2026-09-20T07:38:00Z,free response,1.666,6.877,9.05,9.05,0.0,297.37,16.73,9.21,98.26,3,Starting,1210.12,829.01
1789889940000000000,2026-09-20T07:39:00Z,free response,1.656,6.952,8.32,8.32,0.0,297.35,16.7,9.87,84.3,3,Starting,1252.71,841.2
1789890000000000000,2026-09-20T07:40:00Z,free response,1.693,7.121,7.9,7.9,0.0,297.35,16.69,11.22,70.41,3,Starting,1293.6,823.82
1789890060000000000,2026-09-20T07:41:00Z,free response,1.733,7.058,8.48,8.48,0.0,297.33,16.67,10.73,79.03,1,Starting,1279.74,800.14
1789890120000000000,2026-09-20T07:42:00Z,free response,1.784,6.935,7.75,7.75,0.0,297.32,16.64,12.08,64.16,2,Starting,1249.6,802.58
1789890180000000000,2026-09-20T07:43:00Z,free response,1.794,6.909,7.45,7.45,0.0,297.31,16.63,11.69,63.73,1,Starting,1259.52,808.36
1789890240000000000,2026-09-20T07:44:00Z,free response,1.854,6.793,8.01,8.01,0.0,297.3,16.6,11.25,71.2,2,Starting,1282.14,793.05
1789890300000000000,2026-09-20T07:45:00Z,free response,1.826,6.83,7.92,7.92,0.0,297.3,16.59,10.72,73.88,3,Starting,1251.36,767.88
1789890360000000000,2026-09-20T07:46:00Z,free response,1.836,6.925,7.81,7.81,0.0,297.29,16.57,11.66,66.98,2,Starting,1286.55,744.93
1789890420000000000,2026-09-20T07:47:00Z,free response,1.792,6.981,8.33,8.33,0.0,297.27,16.55,11.41,73.01,1,Starting,1319.4,773.48
1789890480000000000,2026-09-20T07:48:00Z,free response,1.83,6.927,7.85,7.85,0.0,297.26,16.53,12.63,62.15,3,Starting,1307.39,778.58
1789890540000000000,2026-09-20T07:49:00Z,free response,1.84,6.843,7.14,7.14,0.0,297.25,16.5,12.65,56.44,1,Starting,1334.73,753.89
1789890600000000000,2026-09-20T07:50:00Z,free response,1.864,6.704,7.64,7.64,0.0,297.24,16.48,12.01,63.61,3,Starting,1346.03,745.03
1789890660000000000,2026-09-20T07:51:00Z,free response,1.819,6.548,7.28,7.28,0.0,297.24,16.47,11.8,61.69,3,Starting,1374.13,732.25
1789890720000000000,2026-09-20T07:52:00Z,free response,1.806,6.442,7.05,7.05,0.0,297.23,16.46,10.69,65.95,3,Starting,1409.75,735.35
1789890780000000000,2026-09-20T07:53:00Z,free response,1.779,6.466,7.19,7.19,0.0,297.21,16.43,9.6,74.9,3,Starting,1386.94,744.29
1789890840000000000,2026-09-20T07:54:00Z,free response,1.81,6.433,7.7,7.7,0.0,297.2,16.41,10.97,70.19,2,Starting,1403.9,762.28
1789890900000000000,2026-09-20T07:55:00Z,free response,1.777,6.357,7.74,7.74,0.0,297.19,16.38,10.04,77.09,2,Starting,1394.68,773.99
1789890960000000000,2026-09-20T07:56:00Z,free response,1.844,6.424,8.45,8.45,0.0,297.18,16.36,10.13,83.42,3,Starting,1434.96,758.44
1789891020000000000,2026-09-20T07:57:00Z,free response,1.855,6.46,8.94,8.94,0.0,297.17,16.33,10.34,86.46,3,Starting,1475.84,737.33
1789891080000000000,2026-09-20T07:58:00Z,free response,1.909,6.33,9.0,9.0,0.0,297.15,16.31,12.32,73.05,1,Starting,1500.0,718.9
1789891140000000000,2026-09-20T07:59:00Z,free response,1.931,6.301,8.19,8.19,0.0,297.15,16.31,12.87,63.64,3,Starting,1500.0,735.26
1789891200000000000,2026-09-20T08:00:00Z,free response,1.908,6.34,7.93,7.93,0.0,297.14,16.28,11.75,67.49,3,Starting,1500.0,761.87
1789891260000000000,2026-09-20T08:01:00Z,free response,1.915,6.329,8.17,8.17,0.0,297.13,16.27,11.82,69.12,1,Starting,1500.0,774.06
1789891320000000000,2026-09-20T08:02:00Z,free response,1.983,6.266,8.91,8.91,0.0,297.12,16.25,11.95,74.56,1,Starting,1500.0,791.75
1789891380000000000,2026-09-20T08:03:00Z,free response,1.983,6.326,9.52,9.52,0.0,297.11,16.22,11.28,84.4,1,Starting,1500.0,812.88
1789891440000000000,2026-09-20T08:04:00Z,free response,1.961,6.358,9.91,9.91,0.0,297.11,16.21,11.57,85.65,3,Starting,1500.0,818.92
1789891500000000000,2026-09-20T08:05:00Z,free response,1.985,6.371,10.27,10.27,0.0,297.1,16.19,13.51,76.02,2,Starting,1500.0,847.07
1789891560000000000,2026-09-20T08:06:00Z,free response,1.969,6.34,11.24,11.24,0.0,297.09,16.18,11.94,94.14,3,Starting,1496.69,835.07
1789891620000000000,2026-09-20T08:07:00Z,free response,1.933,6.285,11.61,11.61,0.0,297.08,16.16,12.02,96.59,1,Starting,1500.0,833.93
1789891680000000000,2026-09-20T08:08:00Z,free response,1.941,6.36,11.81,11.81,0.0,297.06,16.13,12.44,94.94,2,Starting,1500.0,860.58
1789891740000000000,2026-09-20T08:09:00Z,free response,2.002,6.356,12.02,12.02,0.0,297.06,16.13,13.57,88.58,1,Starting,1500.0,833.45
1789891800000000000,2026-09-20T08:10:00Z,free response,2.007,6.407,12.26,12.26,0.0,297.06,16.11,12.5,98.08,1,Starting,1500.0,861.95
1789891860000000000,2026-09-20T08:11:00Z,free response,2.013,6.316,11.41,11.41,0.0,297.04,16.08,13.16,86.7,3,Starting,1500.0,863.57
1789891920000000000,2026-09-20T08:12:00Z,free response,2.135,6.356,10.95,10.95,0.0,297.04,16.07,15.06,72.71,1,Starting,1500.0,870.9
1789891980000000000,2026-09-20T08:13:00Z,free response,2.136,6.431,11.58,11.58,0.0,297.02,16.05,14.89,77.77,3,Starting,1500.0,896.92
1789892040000000000,2026-09-20T08:14:00Z,free response,2.112,6.55,10.83,10.83,0.0,297.01,16.02,15.16,71.44,1,Starting,1500.0,878.92
1789892100000000000,2026-09-20T08:15:00Z,free response,2.118,6.582,10.14,10.14,0.0,297.0,16.0,14.27,71.06,2,Starting,1500.0,885.96
1789892160000000000,2026-09-20T08:16:00Z,free response,2.114,6.502,9.44,9.44,0.0,296.99,15.97,13.95,67.67,1,Starting,1329.89,592.56
1789892220000000000,2026-09-20T08:17:00Z,free response,2.104,6.481,9.84,9.84,0.0,296.98,15.96,15.61,63.04,3,Starting,1307.08,599.68
1789892280000000000,2026-09-20T08:18:00Z,free response,2.078,6.456,9.6,9.6,0.0,296.98,15.95,13.17,72.89,2,Starting,1336.21,609.42
1789892340000000000,2026-09-20T08:19:00Z,free response,2.106,6.376,9.7,9.7,0.0,296.97,15.94,13.28,73.04,1,Starting,1352.5,589.27
1789892400000000000,2026-09-20T08:20:00Z,free response,2.113,6.322,9.5,9.5,0.0,296.96,15.93,13.45,70.63,1,Starting,1334.86,598.63
1789892460000000000,2026-09-20T08:21:00Z,free response,2.107,6.32,9.06,9.06,0.0,296.96,15.92,13.07,69.32,3,Starting,1376.97,597.08
1789892520000000000,2026-09-20T08:22:00Z,free response,2.102,6.302,9.51,9.51,0.0,296.95,15.9,13.43,70.81,2,Starting,1411.74,603.71
1789892580000000000,2026-09-20T08:23:00Z,free response,2.195,6.261,10.35,10.35,0.0,296.94,15.88,14.69,70.46,2,Starting,1069.96,742.15
1789892640000000000,2026-09-20T08:24:00Z,free response,2.21,6.202,10.93,10.93,0.0,296.93,15.86,16.64,65.69,1,Starting,1081.31,745.83
1789892700000000000,2026-09-20T08:25:00Z,free response,2.179,6.171,11.4,11.4,0.0,296.92,15.83,13.61,83.76,3,Starting,1129.26,727.65
1789892760000000000,2026-09-20T08:26:00Z,free response,2.186,6.216,11.48,11.48,0.0,296.91,15.82,16.12,71.22,2,Starting,1133.05,750.77
1789892820000000000,2026-09-20T08:27:00Z,free response,2.145,6.165,11.18,11.18,0.0,296.89,15.79,13.15,85.02,3,Starting,1181.63,767.45
1789892880000000000,2026-09-20T08:28:00Z,free response,2.104,6.199,12.25,12.25,0.0,296.88,15.77,12.97,94.45,3,Starting,1211.94,786.86
1789892940000000000,2026-09-20T08:29:00Z,free response,2.151,6.217,12.25,12.25,0.0,296.88,15.75,14.04,87.25,1,Starting,1170.3,767.39
1789893000000000000,2026-09-20T08:30:00Z,free response,2.152,6.179,13.42,13.42,0.0,296.87,15.74,13.52,99.26,1,Starting,1185.04,788.46
1789893060000000000,2026-09-20T08:31:00Z,free response,2.13,6.14,13.51,13.51,0.0,296.86,15.71,13.71,98.54,1,Starting,1146.77,807.19
1789893120000000000,2026-09-20T08:32:00Z,free response,2.136,6.099,13.19,13.19,0.0,296.85,15.69,13.69,96.35,2,Starting,1187.06,821.49
1789893180000000000,2026-09-20T08:33:00Z,free response,2.118,6.109,12.59,12.59,0.0,296.84,15.68,14.98,84.05,2,Starting,1209.13,847.85
1789893240000000000,2026-09-20T08:34:00Z,free response,2.101,6.083,11.49,11.49,0.0,296.82,15.65,12.14,94.65,3,Starting,973.94,614.81
1789893300000000000,2026-09-20T08:35:00Z,free response,2.135,6.111,12.54,12.54,0.0,296.81,15.63,12.89,97.28,2,Starting,980.58,608.55
1789893360000000000,2026-09-20T08:36:00Z,free response,2.188,6.138,12.02,12.02,0.0,296.8,15.6,15.35,78.31,3,Starting,974.09,619.57
1789893420000000000,2026-09-20T08:37:00Z,free response,2.185,6.119,11.25,11.25,0.0,296.8,15.59,14.39,78.18,1,Starting,1012.82,614.44
1789893480000000000,2026-09-20T08:38:00Z,free response,2.188,6.084,11.65,11.65,0.0,296.79,15.57,15.28,76.24,1,Starting,1049.31,640.66
1789893540000000000,2026-09-20T08:39:00Z,free response,2.243,6.165,10.83,10.83,0.0,296.78,15.56,15.98,67.77,3,Starting,1373.27,551.35
1789893600000000000,2026-09-20T08:40:00Z,free response,2.222,6.098,10.89,10.89,0.0,296.77,15.55,15.93,68.36,2,Starting,1417.76,528.52
1789893660000000000,2026-09-20T08:41:00Z,free response,2.304,6.097,10.7,10.7,0.0,296.77,15.54,15.57,68.72,2,Starting,1412.51,525.24
1789893720000000000,2026-09-20T08:42:00Z,free response,2.271,6.072,10.6,10.6,0.0,296.76,15.52,16.73,63.36,2,Starting,1388.62,520.39
1789893780000000000,2026-09-20T08:43:00Z,free response,2.229,6.144,11.39,11.39,0.0,296.75,15.51,14.41,79.04,3,Starting,1409.23,506.02
1789893840000000000,2026-09-20T08:44:00Z,free response,2.272,6.02,11.48,11.48,0.0,296.75,15.49,15.6,73.59,3,Starting,1398.24,515.48
1789893900000000000,2026-09-20T08:45:00Z,free response,2.217,6.03,10.64,10.64,0.0,296.74,15.47,16.27,65.4,1,Starting,1379.55,502.28
1789893960000000000,2026-09-20T08:46:00Z,free response,2.178,5.981,10.86,10.86,0.0,296.72,15.44,13.16,82.52,1,Starting,932.93,596.35
1789894020000000000,2026-09-20T08:47:00Z,free response,2.207,5.962,11.08,11.08,0.0,296.7,15.4,14.86,74.56,2,Starting,912.62,600.15
1789894080000000000,2026-09-20T08:48:00Z,free response,2.161,5.921,11.82,11.82,0.0,296.69,15.38,12.46,94.86,2,Starting,911.0,582.66
1789894140000000000,2026-09-20T08:49:00Z,free response,2.173,5.944,11.33,11.33,0.0,296.68,15.35,14.91,75.99,1,Starting,921.94,556.21
1789894200000000000,2026-09-20T08:50:00Z,free response,2.219,5.838,10.8,10.8,0.0,296.66,15.32,15.38,70.22,2,Starting,968.33,535.61
1789894260000000000,2026-09-20T08:51:00Z,free response,2.148,5.915,10.95,10.95,0.0,296.65,15.3,14.13,77.49,2,On,958.49,560.96
1789894320000000000,2026-09-20T08:52:00Z,free response,2.112,5.82,10.72,10.72,0.0,296.64,15.28,12.95,82.78,2,On,965.2,554.28
1789894380000000000,2026-09-20T08:53:00Z,free response,2.232,5.855,10.53,10.53,0.0,296.63,15.26,14.59,72.17,2,On,997.19,551.28
1789894440000000000,2026-09-20T08:54:00Z,free response,2.245,5.849,10.31,10.31,0.0,296.62,15.24,14.61,70.57,3,On,1043.77,571.32
1789894500000000000,2026-09-20T08:55:00Z,free response,2.282,5.856,10.64,10.64,0.0,296.61,15.22,15.25,69.77,1,On,1090.66,552.46
1789894560000000000,2026-09-20T08:56:00Z,free response,2.225,5.813,11.52,11.52,0.0,296.6,15.2,14.37,80.17,1,On,1122.0,555.52
1789894620000000000,2026-09-20T08:57:00Z,free response,2.198,5.794,12.05,12.05,0.0,296.58,15.17,15.22,79.17,3,On,1078.85,570.82
1789894680000000000,2026-09-20T08:58:00Z,free response,2.232,5.805,13.23,13.23,0.0,296.57,15.15,15.42,85.8,1,On,1126.15,556.15
1789894740000000000,2026-09-20T08:59:00Z,free response,2.192,5.705,12.63,12.63,0.0,296.56,15.13,12.4,101.85,3,On,1089.6,575.74
1789894800000000000,2026-09-20T09:00:00Z,free response,2.084,5.697,11.5,11.5,0.0,296.55,15.1,11.18,102.86,1,On,1063.98,560.62
1789894860000000000,2026-09-20T09:01:00Z,free response,2.058,5.791,12.14,12.14,0.0,296.54,15.08,12.6,96.35,2,On,1062.0,534.27
1789894920000000000,2026-09-20T09:02:00Z,free response,2.02,5.811,12.27,12.27,0.0,296.52,15.05,11.31,108.49,3,On,1052.55,552.76
1789894980000000000,2026-09-20T09:03:00Z,free response,2.062,5.901,11.92,11.92,0.0,296.52,15.05,11.42,104.38,2,On,1060.41,523.14
1789895040000000000,2026-09-20T09:04:00Z,free response,2.081,5.978,10.81,10.81,0.0,296.51,15.03,13.2,81.89,2,On,1040.25,500.39
1789895100000000000,2026-09-20T09:05:00Z,free response,2.128,6.017,11.85,11.85,0.0,296.51,15.02,12.3,96.34,1,On,1016.28,520.15
1789895160000000000,2026-09-20T09:06:00Z,free response,2.109,5.964,11.05,11.05,0.0,296.5,14.99,12.05,91.7,3,On,977.36,547.95
1789895220000000000,2026-09-20T09:07:00Z,free response,2.15,6.023,10.74,10.74,0.0,296.49,14.97,14.52,73.97,3,On,961.44,572.23
1789895280000000000,2026-09-20T09:08:00Z,free response,2.211,5.971,11.52,11.52,0.0,296.48,14.96,15.1,76.29,1,On,934.59,593.31
1789895340000000000,2026-09-20T09:09:00Z,free response,2.193,5.944,11.41,11.41,0.0,296.47,14.94,14.67,77.78,1,On,923.12,572.34
1789895400000000000,2026-09-20T09:10:00Z,free response,2.225,5.934,11.33,11.33,0.0,296.46,14.92,13.4,84.55,1,On,894.06,550.36
1789895460000000000,2026-09-20T09:11:00Z,free response,2.246,5.923,11.82,11.82,0.0,296.45,14.9,13.54,87.3,2,On,901.57,555.12
1789895520000000000,2026-09-20T09:12:00Z,free response,2.253,5.941,11.25,11.25,0.0,296.44,14.89,14.74,76.32,3,On,873.55,561.67
1789895580000000000,2026-09-20T09:13:00Z,free response,2.155,5.862,10.85,10.85,0.0,296.44,14.88,14.64,74.11,1,On,847.12,568.97
1789895640000000000,2026-09-20T09:14:00Z,free response,2.143,5.841,11.93,11.93,0.0,296.43,14.86,12.19,97.87,2,On,859.48,565.27
1789895700000000000,2026-09-20T09:15:00Z,free response,2.012,5.816,11.91,11.91,0.0,296.42,14.83,12.11,98.35,2,On,823.4,538.97
1789895760000000000,2026-09-20T09:16:00Z,free response,1.909,5.849,12.54,12.54,0.0,296.41,14.82,10.38,120.81,3,On,1026.19,619.69
1789895820000000000,2026-09-20T09:17:00Z,free response,1.91,5.783,12.17,12.17,0.0,296.4,14.8,11.1,109.64,2,On,978.52,643.71
1789895880000000000,2026-09-20T09:18:00Z,free response,1.971,5.728,11.24,11.24,0.0,296.38,14.77,11.76,95.58,2,On,972.02,639.16
1789895940000000000,2026-09-20T09:19:00Z,free response,1.979,5.734,10.75,10.75,0.0,296.38,14.76,11.72,91.72,3,On,923.81,638.09
1789896000000000000,2026-09-20T09:20:00Z,free response,1.981,5.788,9.72,9.72,0.0,296.37,14.73,10.49,92.66,3,On,927.32,622.6
1789896060000000000,2026-09-20T09:21:00Z,free response,1.998,5.798,8.97,8.97,0.0,296.37,14.73,11.85,75.7,1,On,920.87,626.37
1789896120000000000,2026-09-20T09:22:00Z,free response,2.079,5.78,8.6,8.6,0.0,296.36,14.71,12.16,70.72,1,On,655.98,419.2
1789896180000000000,2026-09-20T09:23:00Z,free response,2.145,5.757,8.95,8.95,0.0,296.34,14.68,12.42,72.06,2,On,650.97,438.94
1789896240000000000,2026-09-20T09:24:00Z,free response,2.197,5.891,8.78,8.78,0.0,296.32,14.65,15.58,56.35,2,On,692.99,431.13
1789896300000000000,2026-09-20T09:25:00Z,free response,2.133,5.809,8.77,8.77,0.0,296.32,14.64,11.9,73.7,2,On,684.65,424.34
1789896360000000000,2026-09-20T09:26:00Z,free response,2.055,5.772,8.09,8.09,0.0,296.31,14.63,12.53,64.57,1,On,1397.94,862.53
1789896420000000000,2026-09-20T09:27:00Z,free response,2.05,5.736,8.3,8.3,0.0,296.3,14.59,11.52,72.05,1,On,1382.08,886.63
1789896480000000000,2026-09-20T09:28:00Z,free response,2.13,5.701,9.11,9.11,0.0,296.29,14.58,14.16,64.34,2,On,1353.98,863.81
1789896540000000000,2026-09-20T09:29:00Z,free response,2.066,5.704,9.15,9.15,0.0,296.29,14.57,11.18,81.84,3,On,1338.51,854.64
1789896600000000000,2026-09-20T09:30:00Z,free response,2.035,5.722,9.35,9.35,0.0,296.27,14.55,10.75,86.98,2,On,1308.72,875.97
1789896660000000000,2026-09-20T09:31:00Z,free response,1.997,5.785,10.24,10.24,0.0,296.26,14.52,10.56,96.97,2,On,1357.71,880.56
1789896720000000000,2026-09-20T09:32:00Z,free response,2.032,5.775,9.97,9.97,0.0,296.25,14.49,12.11,82.33,2,On,1308.69,871.77
1789896780000000000,2026-09-20T09:33:00Z,free response,1.957,5.679,10.18,10.18,0.0,296.24,14.48,10.85,93.82,2,On,1330.39,849.23
1789896840000000000,2026-09-20T09:34:00Z,free response,1.94,5.765,9.49,9.49,0.0,296.23,14.46,10.94,86.75,2,On,1365.91,852.44
1789896900000000000,2026-09-20T09:35:00Z,free response,1.9,5.727,8.96,8.96,0.0,296.21,14.43,10.06,89.07,3,On,1361.58,858.71
1789896960000000000,2026-09-20T09:36:00Z,free response,1.82,5.794,8.35,8.35,0.0,296.21,14.42,10.35,80.68,1,On,1386.74,840.93
1789897020000000000,2026-09-20T09:37:00Z,free response,1.782,5.838,7.77,7.77,0.0,296.19,14.39,9.49,81.88,1,On,1422.49,855.62
1789897080000000000,2026-09-20T09:38:00Z,free response,1.842,5.846,7.84,7.84,0.0,296.18,14.36,10.64,73.68,2,On,1432.52,861.93
1789897140000000000,2026-09-20T09:39:00Z,free response,1.92,5.88,7.43,7.43,0.0,296.17,14.34,10.88,68.29,2,On,1470.29,868.55
1789897200000000000,2026-09-20T09:40:00Z,free response,1.945,5.881,7.01,7.01,0.0,296.17,14.34,10.8,64.91,1,On,1427.37,897.31
1789897260000000000,2026-09-20T09:41:00Z,free response,1.987,5.855,7.4,7.4,0.0,296.16,14.32,10.51,70.41,1,On,1401.38,899.82
1789897320000000000,2026-09-20T09:42:00Z,free response,2.06,5.851,7.6,7.6,0.0,296.14,14.29,11.29,67.32,1,On,1405.95,925.14
1789897380000000000,2026-09-20T09:43:00Z,free response,2.074,5.779,7.0,7.0,0.0,296.14,14.28,12.3,56.91,1,On,1388.8,933.66
1789897440000000000,2026-09-20T09:44:00Z,free response,2.149,5.732,7.0,7.0,0.0,296.12,14.25,14.28,49.02,2,On,1395.09,923.23
1789897500000000000,2026-09-20T09:45:00Z,free response,2.201,5.709,7.13,7.13,0.0,296.11,14.21,13.85,51.48,3,On,1413.23,914.06
1789897560000000000,2026-09-20T09:46:00Z,free response,2.181,5.762,6.85,6.85,0.0,296.09,14.18,12.89,53.14,1,On,1435.43,928.48
1789897620000000000,2026-09-20T09:47:00Z,free response,2.212,5.711,6.61,6.61,0.0,296.07,14.15,14.15,46.71,2,On,1471.75,929.26
1789897680000000000,2026-09-20T09:48:00Z,free response,2.172,5.668,6.74,6.74,0.0,296.06,14.12,12.54,53.75,2,On,1492.83,921.21
1789897740000000000,2026-09-20T09:49:00Z,free response,2.219,5.578,6.8,6.8,0.0,296.05,14.09,14.96,45.45,2,On,1500.0,938.02
1789897800000000000,2026-09-20T09:50:00Z,free response,2.261,5.594,6.45,6.45,0.0,296.05,14.09,15.13,42.63,1,On,1469.2,964.87
1789897860000000000,2026-09-20T09:51:00Z,free response,2.168,5.494,6.85,6.85,0.0,296.03,14.06,11.86,57.76,3,On,1500.0,957.33
1789897920000000000,2026-09-20T09:52:00Z,free response,2.15,5.513,7.12,7.12,0.0,296.02,14.05,11.65,61.12,1,On,1482.84,961.42
1789897980000000000,2026-09-20T09:53:00Z,free response,2.11,5.556,6.52,6.52,0.0,296.01,14.03,12.94,50.39,1,On,1447.61,974.73
1789898040000000000,2026-09-20T09:54:00Z,free response,2.072,5.444,6.89,6.89,0.0,296.0,14.0,11.73,58.74,2,On,1414.9,979.99
1789898100000000000,2026-09-20T09:55:00Z,free response,2.077,5.52,7.27,7.27,0.0,296.0,13.99,11.64,62.46,3,On,1461.74,993.79
1789898160000000000,2026-09-20T09:56:00Z,free response,2.072,5.556,7.4,7.4,0.0,295.99,13.97,12.28,60.26,2,On,1471.7,990.16
1789898220000000000,2026-09-20T09:57:00Z,free response,2.07,5.6,7.29,7.29,0.0,295.98,13.96,12.54,58.13,2,On,1500.0,984.13
1789898280000000000,2026-09-20T09:58:00Z,free response,2.073,5.534,7.81,7.81,0.0,295.98,13.95,12.46,62.68,1,On,1500.0,1000.0
1789898340000000000,2026-09-20T09:59:00Z,free response,2.026,5.675,7.38,7.38,0.0,295.97,13.94,12.43,59.37,3,On,1500.0,1000.0
1789898400000000000,2026-09-20T10:00:00Z,free response,1.964,5.675,6.73,6.73,0.0,295.96,13.93,10.1,66.63,2,On,890.98,857.13
1789898460000000000,2026-09-20T10:01:00Z,free response,1.865,5.568,6.99,6.99,0.0,295.95,13.9,9.28,75.32,3,On,859.42,865.75
1789898520000000000,2026-09-20T10:02:00Z,free response,1.831,5.589,7.21,7.21,0.0,295.94,13.89,10.08,71.53,1,On,853.9,881.79
1789898580000000000,2026-09-20T10:03:00Z,free response,1.829,5.618,6.53,6.53,0.0,295.94,13.88,8.6,75.93,3,On,816.42,908.12
1789898640000000000,2026-09-20T10:04:00Z,free response,1.826,5.61,5.98,5.98,0.0,295.94,13.87,9.13,65.5,2,On,802.18,917.83
1789898700000000000,2026-09-20T10:05:00Z,free response,1.796,5.646,6.19,6.19,0.0,295.94,13.87,8.85,69.94,3,On,754.7,942.73
1789898760000000000,2026-09-20T10:06:00Z,free response,1.848,5.56,6.59,6.59,0.0,295.93,13.85,9.1,72.42,2,On,773.82,965.28
1789898820000000000,2026-09-20T10:07:00Z,free response,1.803,5.579,6.3,6.3,0.0,295.92,13.84,8.38,75.18,1,On,773.46,991.89
1789898880000000000,2026-09-20T10:08:00Z,free response,1.713,5.582,6.43,6.43,0.0,295.91,13.82,7.89,81.5,2,On,761.92,992.44
1789898940000000000,2026-09-20T10:09:00Z,free response,1.731,5.603,6.9,6.9,0.0,295.9,13.8,8.44,81.75,2,On,806.15,994.25
1789899000000000000,2026-09-20T10:10:00Z,free response,1.762,5.525,7.0,7.0,0.0,295.89,13.79,8.22,85.16,2,On,767.61,965.34
1789899060000000000,2026-09-20T10:11:00Z,free response,1.725,5.511,7.7,7.7,0.0,295.89,13.78,7.48,102.94,1,On,932.08,660.81
1789899120000000000,2026-09-20T10:12:00Z,free response,1.747,5.522,8.36,8.36,0.0,295.88,13.77,9.19,90.97,2,On,895.12,638.26
1789899180000000000,2026-09-20T10:13:00Z,free response,1.816,5.458,9.0,9.0,0.0,295.87,13.74,8.31,108.3,2,On,902.42,625.49
1789899240000000000,2026-09-20T10:14:00Z,free response,1.788,5.522,8.87,8.87,0.0,295.86,13.72,8.68,102.19,2,On,940.52,596.58
1789899300000000000,2026-09-20T10:15:00Z,free response,1.72,5.471,9.7,9.7,0.0,295.86,13.71,8.19,118.44,1,On,921.56,610.82
1789899360000000000,2026-09-20T10:16:00Z,free response,1.711,5.488,9.3,9.3,0.0,295.85,13.69,8.3,112.05,2,On,935.38,606.47
1789899420000000000,2026-09-20T10:17:00Z,free response,1.774,5.435,9.36,9.36,0.0,295.83,13.67,8.26,113.32,2,On,916.31,585.57
1789899480000000000,2026-09-20T10:18:00Z,free response,1.79,5.404,9.7,9.7,0.0,295.82,13.64,9.16,105.9,2,On,931.74,577.71
1789899540000000000,2026-09-20T10:19:00Z,free response,1.77,5.408,8.9,8.9,0.0,295.81,13.61,8.81,101.02,1,On,884.06,601.61
1789899600000000000,2026-09-20T10:20:00Z,free response,1.758,5.454,9.25,9.25,0.0,295.8,13.59,7.79,118.74,1,On,878.74,613.5
1789899660000000000,2026-09-20T10:21:00Z,free response,1.794,5.452,8.44,8.44,0.0,295.78,13.56,8.91,94.73,3,On,853.59,599.61
1789899720000000000,2026-09-20T10:22:00Z,free response,1.821,5.489,8.5,8.5,0.0,295.77,13.55,8.86,95.94,2,On,878.14,580.61
1789899780000000000,2026-09-20T10:23:00Z,free response,1.801,5.449,9.25,9.25,0.0,295.76,13.52,8.0,115.62,1,On,918.91,551.19
1789899840000000000,2026-09-20T10:24:00Z,free response,1.793,5.403,9.55,9.55,0.0,295.74,13.48,8.63,110.66,3,On,879.0,579.22
1789899900000000000,2026-09-20T10:25:00Z,free response,1.8,5.416,9.22,9.22,0.0,295.73,13.46,8.85,104.18,3,On,884.41,604.82
1789899960000000000,2026-09-20T10:26:00Z,free response,1.865,5.326,8.5,8.5,0.0,295.71,13.43,8.6,98.84,1,On,877.35,610.31
1789900020000000000,2026-09-20T10:27:00Z,free response,1.948,5.294,8.54,8.54,0.0,295.7,13.4,10.83,78.86,1,On,871.79,623.97
1789900080000000000,2026-09-20T10:28:00Z,free response,1.937,5.296,8.1,8.1,0.0,295.69,13.38,10.27,78.87,3,On,637.32,675.26
1789900140000000000,2026-09-20T10:29:00Z,free response,1.962,5.303,8.08,8.08,0.0,295.69,13.38,10.99,73.52,2,On,655.49,668.5
1789900200000000000,2026-09-20T10:30:00Z,free response,1.954,5.342,7.47,7.47,0.0,295.68,13.35,10.49,71.21,3,On,674.21,696.28
1789900260000000000,2026-09-20T10:31:00Z,free response,1.966,5.314,8.12,8.12,0.0,295.67,13.33,9.51,85.38,2,On,665.15,722.61
1789900320000000000,2026-09-20T10:32:00Z,free response,1.935,5.32,7.63,7.63,0.0,295.66,13.32,9.75,78.26,2,On,615.28,713.36
1789900380000000000,2026-09-20T10:33:00Z,free response,1.908,5.188,8.26,8.26,0.0,295.65,13.3,9.39,87.97,3,On,592.68,705.88
1789900440000000000,2026-09-20T10:34:00Z,free response,1.876,5.14,8.4,8.4,0.0,295.64,13.28,9.21,91.21,2,On,625.15,699.15
1789900500000000000,2026-09-20T10:35:00Z,free response,1.849,5.071,9.07,9.07,0.0,295.62,13.25,8.3,109.28,3,On,664.09,682.94
1789900560000000000,2026-09-20T10:36:00Z,free response,1.788,5.144,8.49,8.49,0.0,295.62,13.23,7.81,108.71,3,On,631.4,706.26
1789900620000000000,2026-09-20T10:37:00Z,free response,1.759,5.117,8.84,8.84,0.0,295.62,13.23,7.83,112.9,3,On,592.99,701.5
1789900680000000000,2026-09-20T10:38:00Z,free response,1.774,5.08,8.67,8.67,0.0,295.61,13.22,8.22,105.47,1,On,607.18,714.09
1789900740000000000,2026-09-20T10:39:00Z,free response,1.786,5.027,9.0,9.0,0.0,295.6,13.19,7.63,117.96,2,Off,643.82,716.43
1789900800000000000,2026-09-20T10:40:00Z,free response,1.727,5.046,9.44,9.44,0.0,295.58,13.16,7.1,132.96,3,Off,730.84,727.9
1789900860000000000,2026-09-20T10:41:00Z,free response,1.706,4.99,9.05,9.05,0.0,295.56,13.13,6.66,135.89,2,Off,745.22,741.75
1789900920000000000,2026-09-20T10:42:00Z,free response,1.68,5.007,9.55,9.55,0.0,295.56,13.12,7.27,131.36,1,Off,733.31,751.18
1789900980000000000,2026-09-20T10:43:00Z,free response,1.678,5.017,9.72,9.72,0.0,295.56,13.11,7.2,135.0,3,Off,719.44,752.02
1789901040000000000,2026-09-20T10:44:00Z,free response,1.686,5.14,9.15,9.15,0.0,295.54,13.08,7.26,126.03,3,Off,683.01,736.95
1789901100000000000,2026-09-20T10:45:00Z,free response,1.739,5.18,8.63,8.63,0.0,295.53,13.06,7.52,114.76,1,Off,835.25,629.63
1789901160000000000,2026-09-20T10:46:00Z,free response,1.702,5.094,9.49,9.49,0.0,295.52,13.05,6.65,142.71,1,Off,868.86,620.3
1789901220000000000,2026-09-20T10:47:00Z,free response,1.701,5.056,9.94,9.94,0.0,295.52,13.04,7.85,126.62,2,Off,821.34,637.63
1789901280000000000,2026-09-20T10:48:00Z,free response,1.663,5.168,9.16,9.16,0.0,295.51,13.03,7.53,121.65,3,Off,788.96,650.66
1789901340000000000,2026-09-20T10:49:00Z,free response,1.651,5.207,9.81,9.81,0.0,295.5,13.01,7.56,129.76,3,Off,767.77,677.03
1789901400000000000,2026-09-20T10:50:00Z,free response,1.646,5.309,8.98,8.98,0.0,295.5,13.0,6.53,137.52,1,Off,758.76,666.57
1789901460000000000,2026-09-20T10:51:00Z,free response,1.633,5.36,9.53,9.53,0.0,295.5,12.99,6.95,137.12,2,Off,728.83,690.45
1789901520000000000,2026-09-20T10:52:00Z,free response,1.659,5.378,8.98,8.98,0.0,295.49,12.97,7.2,124.72,2,Off,693.93,694.55
1789901580000000000,2026-09-20T10:53:00Z,free response,1.651,5.398,8.25,8.25,0.0,295.48,12.96,6.62,124.62,1,Off,689.43,696.0
1789901640000000000,2026-09-20T10:54:00Z,free response,1.559,5.332,7.52,7.52,0.0,295.47,12.94,6.7,112.24,3,Off,712.08,696.79
1789901700000000000,2026-09-20T10:55:00Z,free response,1.484,5.32,7.03,7.03,0.0,295.46,12.93,5.8,121.21,1,Off,759.3,721.32
1789901760000000000,2026-09-20T10:56:00Z,free response,1.512,5.217,6.66,6.66,0.0,295.45,12.9,5.51,120.87,2,Off,758.54,691.49
1789901820000000000,2026-09-20T10:57:00Z,free response,1.534,5.273,6.54,6.54,0.0,295.44,12.89,6.14,106.51,1,Off,749.47,699.27
1789901880000000000,2026-09-20T10:58:00Z,free response,1.512,5.357,6.02,6.02,0.0,295.44,12.89,5.71,105.43,1,Off,763.8,726.12
1789901940000000000,2026-09-20T10:59:00Z,free response,1.485,5.346,6.04,6.04,0.0,295.44,12.87,5.36,112.69,3,Off,761.61,726.39
1789902000000000000,2026-09-20T11:00:00Z,free response,1.526,5.405,6.45,6.45,0.0,295.43,12.85,6.15,104.88,3,Off,738.19,738.35
1789902060000000000,2026-09-20T11:01:00Z,free response,1.536,5.396,6.38,6.38,0.0,295.42,12.84,6.55,97.4,2,Off,780.18,762.83
1789902120000000000,2026-09-20T11:02:00Z,free response,1.544,5.425,5.79,5.79,0.0,295.42,12.83,6.13,94.45,1,Off,821.77,741.13
1789902180000000000,2026-09-20T11:03:00Z,free response,1.46,5.465,5.91,5.91,0.0,295.41,12.82,5.82,101.55,2,Off,843.21,736.98
1789902240000000000,2026-09-20T11:04:00Z,free response,1.48,5.495,6.04,6.04,0.0,295.4,12.81,5.86,103.07,3,Off,805.31,727.5
1789902300000000000,2026-09-20T11:05:00Z,free response,1.529,5.566,5.72,5.72,0.0,295.4,12.8,6.53,87.6,2,Off,850.3,739.44
1789902360000000000,2026-09-20T11:06:00Z,free response,1.471,5.491,5.78,5.78,0.0,295.39,12.78,5.68,101.76,2,Off,898.89,760.39
1789902420000000000,2026-09-20T11:07:00Z,free response,1.526,5.508,5.74,5.74,0.0,295.38,12.77,6.56,87.5,2,Off,904.58,745.67
1789902480000000000,2026-09-20T11:08:00Z,free response,1.494,5.529,6.18,6.18,0.0,295.37,12.73,5.86,105.46,3,Off,858.78,722.42
1789902540000000000,2026-09-20T11:09:00Z,free response,1.496,5.581,6.51,6.51,0.0,295.36,12.71,6.08,107.07,2,Off,899.95,744.26
1789902600000000000,2026-09-20T11:10:00Z,free response,1.555,5.554,6.4,6.4,0.0,295.35,12.7,6.84,93.57,2,Off,863.96,725.81
1789902660000000000,2026-09-20T11:11:00Z,free response,1.572,5.509,7.01,7.01,0.0,295.34,12.68,6.33,110.74,1,Off,825.72,722.31
1789902720000000000,2026-09-20T11:12:00Z,free response,1.589,5.478,7.17,7.17,0.0,295.34,12.68,6.98,102.72,3,Off,803.83,699.36
1789902780000000000,2026-09-20T11:13:00Z,free response,1.523,5.473,6.99,6.99,0.0,295.33,12.66,5.79,120.73,2,Off,766.87,688.56
1789902840000000000,2026-09-20T11:14:00Z,free response,1.516,5.535,7.04,7.04,0.0,295.31,12.63,6.84,102.92,2,Off,758.44,699.99
1789902900000000000,2026-09-20T11:15:00Z,free response,1.53,5.614,7.24,7.24,0.0,295.31,12.61,6.07,119.28,3,Off,741.14,728.08
1789902960000000000,2026-09-20T11:16:00Z,free response,1.556,5.534,7.33,7.33,0.0,295.29,12.57,6.81,107.64,3,Off,724.34,712.33
1789903020000000000,2026-09-20T11:17:00Z,free response,1.553,5.417,7.26,7.26,0.0,295.27,12.54,7.16,101.4,3,Off,693.74,709.84
1789903080000000000,2026-09-20T11:18:00Z,free response,1.62,5.482,7.76,7.76,0.0,295.26,12.52,7.6,102.11,2,Off,743.1,695.27
1789903140000000000,2026-09-20T11:19:00Z,free response,1.657,5.423,7.46,7.46,0.0,295.25,12.5,6.71,111.18,2,Off,716.22,709.02
1789903200000000000,2026-09-20T11:20:00Z,free response,1.626,5.483,7.37,7.37,0.0,295.24,12.48,7.25,101.66,2,Off,688.19,701.92
1789903260000000000,2026-09-20T11:21:00Z,free response,1.639,5.435,6.74,6.74,0.0,295.23,12.45,7.83,86.08,3,Off,736.36,686.01
1789903320000000000,2026-09-20T11:22:00Z,free response,1.652,5.451,7.33,7.33,0.0,295.21,12.43,7.49,97.86,2,Off,719.1,705.5
1789903380000000000,2026-09-20T11:23:00Z,free response,1.658,5.427,7.59,7.59,0.0,295.2,12.41,6.79,111.78,2,Off,763.25,695.22
1789903440000000000,2026-09-20T11:24:00Z,free response,1.623,5.396,7.11,7.11,0.0,295.19,12.38,7.07,100.57,2,Off,757.87,717.09
1789903500000000000,2026-09-20T11:25:00Z,free response,1.672,5.438,7.49,7.49,0.0,295.18,12.36,7.58,98.81,3,Off,725.41,721.07
1789903560000000000,2026-09-20T11:26:00Z,free response,1.698,5.494,6.79,6.79,0.0,295.18,12.36,7.39,91.88,2,Off,767.4,696.64
1789903620000000000,2026-09-20T11:27:00Z,free response,1.732,5.505,7.36,7.36,0.0,295.17,12.34,8.97,82.05,3,Off,732.55,697.27
1789903680000000000,2026-09-20T11:28:00Z,free response,1.758,5.493,6.69,6.69,0.0,295.17,12.33,8.29,80.7,3,Off,717.7,681.33
1789903740000000000,2026-09-20T11:29:00Z,free response,1.82,5.6,6.07,6.07,0.0,295.15,12.3,9.01,67.37,2,Off,726.78,699.2
1789903800000000000,2026-09-20T11:30:00Z,free response,1.861,5.565,6.1,6.1,0.0,295.14,12.28,10.37,58.82,1,Off,757.73,709.99
1789903860000000000,2026-09-20T11:31:00Z,free response,1.799,5.645,6.54,6.54,0.0,295.13,12.26,9.8,66.73,2,Off,727.79,686.53
1789903920000000000,2026-09-20T11:32:00Z,free response,1.795,5.647,6.0,6.0,0.0,295.12,12.23,9.12,65.79,3,Off,759.06,706.75
1789903980000000000,2026-09-20T11:33:00Z,free response,1.762,5.588,5.71,5.71,0.0,295.11,12.21,9.5,60.11,2,Off,713.79,691.38
1789904040000000000,2026-09-20T11:34:00Z,free response,1.682,5.468,5.97,5.97,0.0,295.09,12.18,7.15,83.5,3,Off,701.54,713.42
1789904100000000000,2026-09-20T11:35:00Z,free response,1.723,5.374,6.21,6.21,0.0,295.08,12.17,7.6,81.71,3,Off,1148.09,922.89
1789904160000000000,2026-09-20T11:36:00Z,free response,1.66,5.445,6.72,6.72,0.0,295.08,12.16,7.55,89.01,2,Off,1178.61,894.29
1789904220000000000,2026-09-20T11:37:00Z,free response,1.701,5.452,6.73,6.73,0.0,295.07,12.14,7.13,94.39,1,Starting,1133.57,918.77
1789904280000000000,2026-09-20T11:38:00Z,free response,1.655,5.464,6.96,6.96,0.0,295.06,12.11,7.68,90.62,1,Starting,1165.67,913.29
1789904340000000000,2026-09-20T11:39:00Z,free response,1.564,5.484,6.93,6.93,0.0,295.05,12.09,6.39,108.45,1,Starting,1203.03,940.58
1789904400000000000,2026-09-20T11:40:00Z,free response,1.577,5.482,6.74,6.74,0.0,295.04,12.07,7.29,92.46,3,Starting,1230.24,961.01
1789904460000000000,2026-09-20T11:41:00Z,free response,1.618,5.417,6.87,6.87,0.0,295.04,12.07,6.42,107.01,1,Starting,1231.52,988.69
1789904520000000000,2026-09-20T11:42:00Z,free response,1.546,5.461,6.8,6.8,0.0,295.03,12.06,6.79,100.15,1,Starting,1267.07,988.81
1789904580000000000,2026-09-20T11:43:00Z,free response,1.534,5.537,7.33,7.33,0.0,295.01,12.03,6.25,117.28,1,Starting,1286.0,1000.0
1789904640000000000,2026-09-20T11:44:00Z,free response,1.498,5.651,7.93,7.93,0.0,295.01,12.02,6.19,128.11,2,Starting,1434.29,876.08
1789904700000000000,2026-09-20T11:45:00Z,free response,1.487,5.555,7.71,7.71,0.0,295.0,12.01,5.7,135.26,2,Starting,1416.31,877.91
1789904760000000000,2026-09-20T11:46:00Z,free response,1.45,5.467,7.05,7.05,0.0,295.0,12.0,5.23,134.8,3,Starting,1446.58,885.44
1789904820000000000,2026-09-20T11:47:00Z,free response,1.499,5.532,7.69,7.69,0.0,295.0,11.99,6.78,113.42,2,Starting,1410.54,899.22
1789904880000000000,2026-09-20T11:48:00Z,free response,1.469,5.468,8.19,8.19,0.0,294.99,11.97,5.36,152.8,1,Starting,1459.95,912.05
1789904940000000000,2026-09-20T11:49:00Z,free response,1.449,5.416,8.02,8.02,0.0,294.98,11.96,5.58,143.73,1,Starting,1464.83,894.51
1789905000000000000,2026-09-20T11:50:00Z,free response,1.509,5.423,7.24,7.24,0.0,294.96,11.93,5.8,124.83,1,Starting,1440.72,906.04
1789905060000000000,2026-09-20T11:51:00Z,free response,1.58,5.371,6.56,6.56,0.0,294.95,11.91,6.75,97.19,1,Starting,1473.48,919.31
1789905120000000000,2026-09-20T11:52:00Z,free response,1.549,5.448,6.0,6.0,0.0,294.94,11.88,6.22,96.46,1,Starting,1439.21,927.29
1789905180000000000,2026-09-20T11:53:00Z,free response,1.525,5.389,5.96,5.96,0.0,294.93,11.85,5.76,103.47,2,Starting,1443.31,919.0
1789905240000000000,2026-09-20T11:54:00Z,free response,1.552,5.332,5.68,5.68,0.0,294.91,11.82,6.85,82.92,2,Starting,1484.8,929.27
1789905300000000000,2026-09-20T11:55:00Z,free response,1.58,5.38,5.36,5.36,0.0,294.9,11.8,6.89,77.79,2,Starting,1453.35,952.77
1789905360000000000,2026-09-20T11:56:00Z,free response,1.641,5.341,5.19,5.19,0.0,294.89,11.78,6.71,77.35,2,Starting,1459.19,961.83
1789905420000000000,2026-09-20T11:57:00Z,free response,1.606,5.347,5.69,5.69,0.0,294.88,11.76,6.45,88.22,3,Starting,1451.88,955.63
1789905480000000000,2026-09-20T11:58:00Z,free response,1.673,5.385,5.52,5.52,0.0,294.87,11.73,7.54,73.21,3,Starting,1472.2,954.29
1789905540000000000,2026-09-20T11:59:00Z,free response,1.693,5.4,5.73,5.73,0.0,294.85,11.7,7.9,72.53,3,Starting,980.55,568.52
1789905600000000000,2026-09-20T12:00:00Z,free response,1.714,5.442,5.94,5.94,0.0,294.84,11.68,7.61,78.06,1,Starting,943.55,568.51
1789905660000000000,2026-09-20T12:01:00Z,free response,1.718,5.376,5.41,5.41,0.0,294.83,11.66,8.41,64.33,1,Starting,985.75,563.96
1789905720000000000,2026-09-20T12:02:00Z,free response,1.656,5.364,5.12,5.12,0.0,294.82,11.64,7.38,69.38,3,Starting,1029.37,560.49
1789905780000000000,2026-09-20T12:03:00Z,free response,1.756,5.417,4.68,4.68,0.0,294.81,11.62,8.98,52.12,2,Starting,999.39,552.58
1789905840000000000,2026-09-20T12:04:00Z,free response,1.79,5.45,5.08,5.08,0.0,294.8,11.59,8.38,60.62,2,Starting,951.6,573.19
1789905900000000000,2026-09-20T12:05:00Z,free response,1.78,5.483,5.39,5.39,0.0,294.79,11.57,9.47,56.92,1,Starting,971.8,548.13
1789905960000000000,2026-09-20T12:06:00Z,free response,1.748,5.458,5.24,5.24,0.0,294.77,11.54,8.8,59.55,2,Starting,969.18,564.76
1789906020000000000,2026-09-20T12:07:00Z,free response,1.835,5.486,4.92,4.92,0.0,294.76,11.53,8.73,56.36,1,Starting,958.79,554.67
1789906080000000000,2026-09-20T12:08:00Z,free response,1.859,5.502,4.78,4.78,0.0,294.75,11.5,9.36,51.07,3,Starting,927.41,546.62
1789906140000000000,2026-09-20T12:09:00Z,free response,1.851,5.388,4.79,4.79,0.0,294.75,11.49,8.72,54.93,3,Starting,950.91,572.1
1789906200000000000,2026-09-20T12:10:00Z,free response,1.88,5.344,5.2,5.2,0.0,294.74,11.48,10.0,52.0,1,Starting,912.38,554.89
1789906260000000000,2026-09-20T12:11:00Z,free response,1.939,5.337,5.14,5.14,0.0,294.73,11.46,9.54,53.88,2,Starting,944.69,550.9
1789906320000000000,2026-09-20T12:12:00Z,free response,2.007,5.325,5.16,5.16,0.0,294.72,11.44,10.47,49.28,3,Starting,899.53,552.94
1789906380000000000,2026-09-20T12:13:00Z,free response,2.035,5.409,5.19,5.19,0.0,294.71,11.43,10.94,47.44,2,Starting,918.02,538.47
1789906440000000000,2026-09-20T12:14:00Z,free response,2.02,5.518,5.22,5.22,0.0,294.71,11.42,11.15,46.82,2,Starting,914.27,511.27
1789906500000000000,2026-09-20T12:15:00Z,free response,1.971,5.475,4.74,4.74,0.0,294.7,11.41,10.12,46.84,2,Starting,892.6,481.89
1789906560000000000,2026-09-20T12:16:00Z,free response,1.892,5.479,4.61,4.61,0.0,294.69,11.38,10.24,45.02,1,Starting,871.63,506.94
1789906620000000000,2026-09-20T12:17:00Z,free response,1.855,5.539,4.91,4.91,0.0,294.68,11.36,8.64,56.83,1,Starting,894.14,514.49
1789906680000000000,2026-09-20T12:18:00Z,free response,1.888,5.515,4.73,4.73,0.0,294.68,11.35,9.35,50.59,2,Starting,912.92,491.4
1789906740000000000,2026-09-20T12:19:00Z,free response,1.902,5.542,5.02,5.02,0.0,294.67,11.34,9.68,51.86,1,Starting,886.3,493.04
1789906800000000000,2026-09-20T12:20:00Z,free response,1.889,5.398,5.27,5.27,0.0,294.65,11.31,9.04,58.3,1,Starting,863.84,491.07
1789906860000000000,2026-09-20T12:21:00Z,free response,1.853,5.472,5.1,5.1,0.0,294.64,11.28,10.29,49.56,1,Starting,837.96,469.61
1789906920000000000,2026-09-20T12:22:00Z,free response,1.709,5.569,5.21,5.21,0.0,294.62,11.25,7.44,70.03,2,Starting,790.25,497.5
1789906980000000000,2026-09-20T12:23:00Z,free response,1.775,5.467,5.16,5.16,0.0,294.62,11.23,8.68,59.45,1,Starting,791.06,523.33
1789907040000000000,2026-09-20T12:24:00Z,free response,1.818,5.558,4.85,4.85,0.0,294.61,11.22,8.53,56.86,2,Starting,1444.06,352.56
1789907100000000000,2026-09-20T12:25:00Z,free response,1.891,5.62,5.27,5.27,0.0,294.61,11.21,10.4,50.67,2,Starting,1486.65,339.04
1789907160000000000,2026-09-20T12:26:00Z,free response,1.887,5.587,5.44,5.44,0.0,294.6,11.2,9.75,55.79,2,Starting,1437.0,335.18
1789907220000000000,2026-09-20T12:27:00Z,free response,1.902,5.663,5.65,5.65,0.0,294.58,11.17,10.94,51.65,3,Starting,1410.67,337.65
1789907280000000000,2026-09-20T12:28:00Z,free response,1.833,5.612,5.61,5.61,0.0,294.58,11.17,10.22,54.89,2,Starting,1389.49,323.18
1789907340000000000,2026-09-20T12:29:00Z,free response,1.802,5.615,5.51,5.51,0.0,294.57,11.15,9.11,60.48,3,Starting,1343.64,353.01
1789907400000000000,2026-09-20T12:30:00Z,free response,1.8,5.564,5.23,5.23,0.0,294.56,11.12,9.54,54.82,1,Starting,1299.21,366.73
1789907460000000000,2026-09-20T12:31:00Z,free response,1.772,5.596,5.72,5.72,0.0,294.56,11.11,8.39,68.18,2,Starting,1314.6,347.28
1789907520000000000,2026-09-20T12:32:00Z,free response,1.791,5.626,5.85,5.85,0.0,294.56,11.11,8.2,71.34,2,Starting,1269.16,331.57
1789907580000000000,2026-09-20T12:33:00Z,free response,1.796,5.621,5.55,5.55,0.0,294.55,11.09,9.76,56.86,2,Starting,1315.05,308.97
1789907640000000000,2026-09-20T12:34:00Z,free response,1.848,5.619,5.15,5.15,0.0,294.53,11.06,9.84,52.34,1,Starting,854.23,527.51
1789907700000000000,2026-09-20T12:35:00Z,free response,1.82,5.608,5.09,5.09,0.0,294.52,11.05,8.91,57.13,1,Starting,1345.73,647.78
1789907760000000000,2026-09-20T12:36:00Z,free response,1.75,5.646,4.86,4.86,0.0,294.51,11.03,8.17,59.49,3,Starting,1377.51,656.42
1789907820000000000,2026-09-20T12:37:00Z,free response,1.789,5.797,5.2,5.2,0.0,294.51,11.02,9.96,52.21,2,Starting,1327.85,648.18
1789907880000000000,2026-09-20T12:38:00Z,free response,1.871,5.788,5.68,5.68,0.0,294.49,10.98,9.19,61.81,1,Starting,1368.78,633.96
1789907940000000000,2026-09-20T12:39:00Z,free response,1.829,5.719,5.78,5.78,0.0,294.49,10.97,9.66,59.83,2,Starting,1344.37,625.13
1789908000000000000,2026-09-20T12:40:00Z,free response,1.746,5.679,6.26,6.26,0.0,294.48,10.96,9.48,66.03,3,Starting,1315.94,595.97
1789908060000000000,2026-09-20T12:41:00Z,free response,1.723,5.636,6.29,6.29,0.0,294.46,10.92,8.45,74.44,1,Starting,764.38,536.9
1789908120000000000,2026-09-20T12:42:00Z,free response,1.757,5.65,6.54,6.54,0.0,294.45,10.91,9.09,71.95,2,Starting,716.22,560.18
1789908180000000000,2026-09-20T12:43:00Z,free response,1.782,5.62,6.1,6.1,0.0,294.44,10.89,8.54,71.43,1,Starting,744.35,582.3
1789908240000000000,2026-09-20T12:44:00Z,free response,1.77,5.646,5.69,5.69,0.0,294.44,10.88,9.18,61.98,3,Starting,780.29,598.84
1789908300000000000,2026-09-20T12:45:00Z,free response,1.671,5.525,6.16,6.16,0.0,294.43,10.85,8.43,73.07,1,Starting,759.45,622.01
1789908360000000000,2026-09-20T12:46:00Z,free response,1.643,5.59,6.27,6.27,0.0,294.42,10.83,7.68,81.64,2,Starting,770.83,639.8
1789908420000000000,2026-09-20T12:47:00Z,free response,1.632,5.598,6.11,6.11,0.0,294.41,10.82,7.15,85.45,1,Starting,733.75,667.21
1789908480000000000,2026-09-20T12:48:00Z,free response,1.562,5.522,6.01,6.01,0.0,294.4,10.81,6.52,92.18,1,Starting,745.65,646.72
1789908540000000000,2026-09-20T12:49:00Z,free response,1.621,5.49,5.96,5.96,0.0,294.39,10.79,6.93,86.0,2,Starting,741.51,618.05
1789908600000000000,2026-09-20T12:50:00Z,free response,1.63,5.401,6.17,6.17,0.0,294.39,10.78,7.46,82.71,2,Starting,720.99,596.64
1789908660000000000,2026-09-20T12:51:00Z,free response,1.575,5.503,6.11,6.11,0.0,294.38,10.76,6.75,90.52,2,Starting,743.83,590.94
1789908720000000000,2026-09-20T12:52:00Z,free response,1.567,5.476,6.28,6.28,0.0,294.38,10.75,6.62,94.86,3,Starting,755.73,611.88
1789908780000000000,2026-09-20T12:53:00Z,free response,1.54,5.387,6.13,6.13,0.0,294.36,10.72,6.83,89.75,3,Starting,838.2,716.84
1789908840000000000,2026-09-20T12:54:00Z,free response,1.553,5.408,5.7,5.7,0.0,294.36,10.71,5.89,96.77,2,Starting,868.73,717.29
1789908900000000000,2026-09-20T12:55:00Z,free response,1.613,5.467,6.13,6.13,0.0,294.34,10.68,6.88,89.1,1,Starting,889.67,724.8
1789908960000000000,2026-09-20T12:56:00Z,free response,1.622,5.523,6.73,6.73,0.0,294.34,10.68,7.39,91.07,3,Starting,914.68,751.07
1789909020000000000,2026-09-20T12:57:00Z,free response,1.545,5.636,6.87,6.87,0.0,294.33,10.67,7.29,94.24,3,Starting,849.07,505.09
1789909080000000000,2026-09-20T12:58:00Z,free response,1.547,5.649,6.83,6.83,0.0,294.33,10.66,6.1,111.97,2,Starting,826.24,497.29
1789909140000000000,2026-09-20T12:59:00Z,free response,1.508,5.644,7.46,7.46,0.0,294.32,10.64,6.16,121.1,3,Starting,807.61,473.27
1789909200000000000,2026-09-20T13:00:00Z,free response,1.535,5.575,6.87,6.87,0.0,294.31,10.61,6.53,105.21,1,Starting,799.33,493.84
1789909260000000000,2026-09-20T13:01:00Z,free response,1.525,5.579,6.25,6.25,0.0,294.3,10.6,6.97,89.67,1,Starting,848.29,492.24
1789909320000000000,2026-09-20T13:02:00Z,free response,1.529,5.638,6.08,6.08,0.0,294.29,10.57,6.03,100.83,3,Starting,833.96,497.64
1789909380000000000,2026-09-20T13:03:00Z,free response,1.495,5.669,5.6,5.6,0.0,294.27,10.54,5.78,96.89,1,Starting,808.07,522.14
1789909440000000000,2026-09-20T13:04:00Z,free response,1.463,5.686,5.74,5.74,0.0,294.26,10.53,6.5,88.31,2,Starting,795.08,521.29
1789909500000000000,2026-09-20T13:05:00Z,free response,1.498,5.77,6.18,6.18,0.0,294.25,10.5,7.02,88.03,1,Starting,797.56,539.08
1789909560000000000,2026-09-20T13:06:00Z,free response,1.442,5.765,5.96,5.96,0.0,294.24,10.48,6.19,96.28,3,Starting,757.06,560.31
1789909620000000000,2026-09-20T13:07:00Z,free response,1.442,5.7,5.99,5.99,0.0,294.22,10.44,6.17,97.08,3,Starting,718.71,545.97
1789909680000000000,2026-09-20T13:08:00Z,free response,1.437,5.687,6.19,6.19,0.0,294.22,10.44,5.39,114.84,3,Starting,680.29,571.33
1789909740000000000,2026-09-20T13:09:00Z,free response,1.484,5.68,6.48,6.48,0.0,294.21,10.43,6.4,101.25,3,Starting,710.0,585.38
1789909800000000000,2026-09-20T13:10:00Z,free response,1.461,5.778,5.88,5.88,0.0,294.2,10.4,6.65,88.42,2,Starting,676.86,611.58
1789909860000000000,2026-09-20T13:11:00Z,free response,1.496,5.685,5.34,5.34,0.0,294.19,10.39,6.97,76.61,3,Starting,673.45,600.21
1789909920000000000,2026-09-20T13:12:00Z,free response,1.481,5.731,5.76,5.76,0.0,294.19,10.37,6.87,83.84,1,Starting,636.61,575.26
1789909980000000000,2026-09-20T13:13:00Z,free response,1.459,5.757,5.25,5.25,0.0,294.18,10.35,6.66,78.83,3,Starting,670.36,587.5
1789910040000000000,2026-09-20T13:14:00Z,free response,1.468,5.804,4.73,4.73,0.0,294.16,10.32,6.51,72.66,3,Starting,710.27,560.33
1789910100000000000,2026-09-20T13:15:00Z,free response,1.489,5.852,4.98,4.98,0.0,294.14,10.29,6.7,74.33,3,Starting,735.56,556.42
1789910160000000000,2026-09-20T13:16:00Z,free response,1.543,5.905,5.48,5.48,0.0,294.14,10.28,7.38,74.25,2,Starting,785.29,554.1
1789910220000000000,2026-09-20T13:17:00Z,free response,1.598,5.924,5.31,5.31,0.0,294.13,10.26,7.89,67.3,2,Starting,789.99,567.88
1789910280000000000,2026-09-20T13:18:00Z,free response,1.559,5.891,5.43,5.43,0.0,294.12,10.24,7.82,69.44,1,Starting,838.37,547.11
1789910340000000000,2026-09-20T13:19:00Z,free response,1.546,5.936,5.37,5.37,0.0,294.12,10.23,7.09,75.74,1,Starting,821.03,539.14
1789910400000000000,2026-09-20T13:20:00Z,free response,1.581,5.926,5.86,5.86,0.0,294.11,10.22,7.85,74.65,1,Starting,791.12,515.64
1789910460000000000,2026-09-20T13:21:00Z,free response,1.496,5.937,6.36,6.36,0.0,294.11,10.21,6.43,98.91,3,Starting,745.8,544.94
1789910520000000000,2026-09-20T13:22:00Z,free response,1.461,5.941,6.69,6.69,0.0,294.1,10.2,6.47,103.4,2,Starting,743.92,534.02
1789910580000000000,2026-09-20T13:23:00Z,free response,1.422,5.898,6.7,6.7,0.0,294.08,10.16,5.39,124.3,2,Starting,701.52,542.73
1789910640000000000,2026-09-20T13:24:00Z,free response,1.335,5.894,7.37,7.37,0.0,294.07,10.15,5.02,146.81,2,Starting,745.76,516.56
1789910700000000000,2026-09-20T13:25:00Z,free response,1.328,5.784,7.99,7.99,0.0,294.06,10.12,4.77,167.51,1,Starting,699.14,519.24
1789910760000000000,2026-09-20T13:26:00Z,free response,1.338,5.849,8.66,8.66,0.0,294.05,10.1,4.88,177.46,1,Starting,693.33,533.58
1789910820000000000,2026-09-20T13:27:00Z,free response,1.376,5.848,8.24,8.24,0.0,294.04,10.08,5.83,141.34,3,Starting,650.55,555.33
1789910880000000000,2026-09-20T13:28:00Z,free response,1.347,5.887,8.13,8.13,0.0,294.02,10.05,5.59,145.44,2,Starting,632.59,558.27
1789910940000000000,2026-09-20T13:29:00Z,free response,1.346,5.908,7.48,7.48,0.0,294.02,10.04,5.77,129.64,1,Starting,601.14,532.31
1789911000000000000,2026-09-20T13:30:00Z,free response,1.311,5.854,7.65,7.65,0.0,294.01,10.03,5.06,151.19,1,Starting,598.76,526.49
1789911060000000000,2026-09-20T13:31:00Z,free response,1.361,5.792,6.94,6.94,0.0,294.0,10.01,5.78,120.07,2,Starting,560.45,548.38
1789911120000000000,2026-09-20T13:32:00Z,free response,1.393,5.789,6.58,6.58,0.0,293.99,9.98,5.88,111.9,2,On,586.81,573.06
1789911180000000000,2026-09-20T13:33:00Z,free response,1.346,5.771,6.36,6.36,0.0,293.98,9.96,5.42,117.34,1,On,579.0,546.52
1789911240000000000,2026-09-20T13:34:00Z,free response,1.335,5.715,6.94,6.94,0.0,293.97,9.95,5.42,128.04,1,On,1199.04,739.57
1789911300000000000,2026-09-20T13:35:00Z,free response,1.337,5.735,7.22,7.22,0.0,293.97,9.95,5.13,140.74,2,On,1160.06,745.04
1789911360000000000,2026-09-20T13:36:00Z,free response,1.381,5.868,6.53,6.53,0.0,293.95,9.92,6.09,107.22,2,On,1121.85,726.97
1789911420000000000,2026-09-20T13:37:00Z,free response,1.4,5.835,6.11,6.11,0.0,293.93,9.89,6.27,97.45,2,On,1085.84,742.78
1789911480000000000,2026-09-20T13:38:00Z,free response,1.35,5.773,6.5,6.5,0.0,293.93,9.88,5.07,128.21,1,On,1134.79,719.32
1789911540000000000,2026-09-20T13:39:00Z,free response,1.346,5.836,6.9,6.9,0.0,293.92,9.86,5.7,121.05,1,On,1112.89,720.32
1789911600000000000,2026-09-20T13:40:00Z,free response,1.32,5.841,6.43,6.43,0.0,293.9,9.83,4.84,132.85,2,On,1150.17,723.28
1789911660000000000,2026-09-20T13:41:00Z,free response,1.341,5.776,5.81,5.81,0.0,293.88,9.8,5.0,116.2,2,On,1131.5,698.25
1789911720000000000,2026-09-20T13:42:00Z,free response,1.343,5.893,5.46,5.46,0.0,293.87,9.78,5.11,106.85,3,On,1181.37,712.82
1789911780000000000,2026-09-20T13:43:00Z,free response,1.348,5.929,5.0,5.0,0.0,293.85,9.75,4.89,102.25,3,On,1226.5,729.64
1789911840000000000,2026-09-20T13:44:00Z,free response,1.331,5.863,4.79,4.79,0.0,293.84,9.74,5.7,84.04,2,On,1210.61,739.13
1789911900000000000,2026-09-20T13:45:00Z,free response,1.309,5.947,4.44,4.44,0.0,293.83,9.72,4.7,94.47,2,On,1251.35,729.5
1789911960000000000,2026-09-20T13:46:00Z,free response,1.331,5.861,4.07,4.07,0.0,293.83,9.71,5.51,73.87,3,On,1268.62,723.85
1789912020000000000,2026-09-20T13:47:00Z,free response,1.303,5.964,3.87,3.87,0.0,293.81,9.69,5.56,69.6,1,On,1290.18,720.47
1789912080000000000,2026-09-20T13:48:00Z,free response,1.321,6.026,3.59,3.59,0.0,293.8,9.67,5.54,64.8,2,On,1309.66,748.9
1789912140000000000,2026-09-20T13:49:00Z,free response,1.391,6.002,3.6,3.6,0.0,293.78,9.64,5.61,64.17,3,On,1339.59,759.89
1789912200000000000,2026-09-20T13:50:00Z,free response,1.396,6.094,3.77,3.77,0.0,293.78,9.63,5.35,70.47,3,On,1297.38,732.02
1789912260000000000,2026-09-20T13:51:00Z,free response,1.435,5.999,3.4,3.4,0.0,293.77,9.62,6.12,55.56,3,On,1333.35,753.9
1789912320000000000,2026-09-20T13:52:00Z,free response,1.48,5.859,3.6,3.6,0.0,293.75,9.59,6.91,52.1,1,On,726.08,854.02
1789912380000000000,2026-09-20T13:53:00Z,free response,1.46,5.817,3.26,3.26,0.0,293.74,9.57,5.91,55.16,1,On,763.62,839.87
1789912440000000000,2026-09-20T13:54:00Z,free response,1.41,5.832,2.96,2.96,0.0,293.74,9.56,6.18,47.9,2,On,745.43,842.7
1789912500000000000,2026-09-20T13:55:00Z,free response,1.447,5.958,2.95,2.95,0.0,293.74,9.56,5.76,51.22,1,On,1339.18,800.04
1789912560000000000,2026-09-20T13:56:00Z,free response,1.383,6.011,2.83,2.83,0.0,293.71,9.52,5.65,50.09,1,On,1034.86,480.94
1789912620000000000,2026-09-20T13:57:00Z,free response,1.417,6.149,2.83,2.83,0.0,293.7,9.5,6.66,42.49,3,On,1100.93,404.23
1789912680000000000,2026-09-20T13:58:00Z,free response,1.438,6.047,2.84,2.84,0.0,293.69,9.49,5.98,47.49,1,On,1113.15,413.02
1789912740000000000,2026-09-20T13:59:00Z,free response,1.469,6.027,2.84,2.84,0.0,293.68,9.47,6.57,43.23,3,On,604.91,690.56
1789912800000000000,2026-09-20T14:00:00Z,free response,1.473,5.958,2.82,2.82,0.0,293.67,9.45,7.04,40.06,1,On,635.67,694.97
1789912860000000000,2026-09-20T14:01:00Z,free response,1.486,6.079,2.56,2.56,0.0,293.66,9.43,7.17,35.7,2,On,961.4,875.39
1789912920000000000,2026-09-20T14:02:00Z,free response,1.56,6.129,2.78,2.78,0.0,293.65,9.42,7.16,38.83,3,On,944.06,892.07
1789912980000000000,2026-09-20T14:03:00Z,free response,1.557,6.155,2.63,2.63,0.0,293.65,9.41,6.89,38.17,2,On,894.94,877.64
1789913040000000000,2026-09-20T14:04:00Z,free response,1.571,6.062,2.61,2.61,0.0,293.63,9.38,7.05,37.02,3,On,885.45,857.94
1789913100000000000,2026-09-20T14:05:00Z,free response,1.583,6.067,2.49,2.49,0.0,293.62,9.37,7.2,34.58,2,On,849.94,853.08
1789913160000000000,2026-09-20T14:06:00Z,free response,1.576,6.212,2.38,2.38,0.0,293.6,9.33,8.2,29.02,2,On,850.64,823.96
1789913220000000000,2026-09-20T14:07:00Z,free response,1.538,6.121,2.43,2.43,0.0,293.58,9.3,6.54,37.16,2,On,845.02,798.71
1789913280000000000,2026-09-20T14:08:00Z,free response,1.528,6.096,2.42,2.42,0.0,293.57,9.29,6.52,37.12,3,On,795.12,810.93
1789913340000000000,2026-09-20T14:09:00Z,free response,1.561,6.065,2.49,2.49,0.0,293.57,9.28,6.79,36.67,1,On,760.67,799.29
1789913400000000000,2026-09-20T14:10:00Z,free response,1.6,6.132,2.72,2.72,0.0,293.56,9.27,8.6,31.63,2,On,1367.7,812.83
1789913460000000000,2026-09-20T14:11:00Z,free response,1.628,6.088,2.73,2.73,0.0,293.55,9.25,8.24,33.13,2,Off,1340.31,829.34
1789913520000000000,2026-09-20T14:12:00Z,free response,1.626,6.014,2.47,2.47,0.0,293.54,9.23,7.84,31.51,3,Off,1324.62,810.37
1789913580000000000,2026-09-20T14:13:00Z,free response,1.627,6.023,2.27,2.27,0.0,293.53,9.22,7.71,29.44,2,Off,1355.59,794.74
1789913640000000000,2026-09-20T14:14:00Z,free response,1.665,5.919,2.47,2.47,0.0,293.51,9.19,8.4,29.4,3,Off,1353.21,784.86
1789913700000000000,2026-09-20T14:15:00Z,free response,1.676,5.86,2.63,2.63,0.0,293.5,9.17,7.77,33.85,3,Off,1388.33,774.84
1789913760000000000,2026-09-20T14:16:00Z,free response,1.598,5.785,2.4,2.4,0.0,293.49,9.15,8.02,29.93,2,Off,1392.99,770.48
1789913820000000000,2026-09-20T14:17:00Z,free response,1.594,5.768,2.36,2.36,0.0,293.47,9.12,8.01,29.46,3,Off,1371.6,742.71
1789913880000000000,2026-09-20T14:18:00Z,free response,1.665,5.722,2.56,2.56,0.0,293.45,9.09,7.27,35.21,1,Off,1394.59,755.8
1789913940000000000,2026-09-20T14:19:00Z,free response,1.668,5.694,2.75,2.75,0.0,293.44,9.06,7.38,37.26,2,Off,1378.74,758.43
1789914000000000000,2026-09-20T14:20:00Z,free response,1.704,5.78,2.59,2.59,0.0,293.42,9.03,7.99,32.42,2,Off,1395.38,728.74
1789914060000000000,2026-09-20T14:21:00Z,free response,1.771,5.84,2.49,2.49,0.0,293.41,9.01,10.01,24.88,2,Off,1400.86,712.49
1789914120000000000,2026-09-20T14:22:00Z,free response,1.799,5.78,2.59,2.59,0.0,293.39,8.99,9.17,28.24,3,Off,600.5,684.38
1789914180000000000,2026-09-20T14:23:00Z,free response,1.734,5.857,2.79,2.79,0.0,293.38,8.96,8.26,33.78,1,Off,570.06,704.66
1789914240000000000,2026-09-20T14:24:00Z,free response,1.678,5.735,2.8,2.8,0.0,293.38,8.96,7.47,37.48,1,Off,617.35,709.87
1789914300000000000,2026-09-20T14:25:00Z,free response,1.696,5.689,2.68,2.68,0.0,293.36,8.94,8.58,31.24,2,Off,615.81,686.61
1789914360000000000,2026-09-20T14:26:00Z,free response,1.705,5.714,2.53,2.53,0.0,293.36,8.93,8.72,29.01,3,Off,569.43,657.87
1789914420000000000,2026-09-20T14:27:00Z,free response,1.715,5.735,2.45,2.45,0.0,293.34,8.9,9.02,27.16,2,Off,534.64,665.36
1789914480000000000,2026-09-20T14:28:00Z,free response,1.703,5.777,2.45,2.45,0.0,293.33,8.89,8.83,27.75,3,Off,511.56,658.37
1789914540000000000,2026-09-20T14:29:00Z,free response,1.723,5.749,2.35,2.35,0.0,293.32,8.87,9.35,25.13,1,Off,489.78,685.33
1789914600000000000,2026-09-20T14:30:00Z,free response,1.671,5.788,2.13,2.13,0.0,293.31,8.85,7.67,27.77,1,Off,471.15,714.72
1789914660000000000,2026-09-20T14:31:00Z,free response,1.64,5.797,2.18,2.18,0.0,293.29,8.82,8.46,25.77,2,Off,447.35,696.41
1789914720000000000,2026-09-20T14:32:00Z,free response,1.678,5.86,2.17,2.17,0.0,293.29,8.81,7.89,27.5,3,Off,472.28,669.24
1789914780000000000,2026-09-20T14:33:00Z,free response,1.615,5.895,2.07,2.07,0.0,293.27,8.78,7.86,26.34,2,Off,519.55,657.22
1789914840000000000,2026-09-20T14:34:00Z,free response,1.676,6.009,2.05,2.05,0.0,293.26,8.77,8.4,24.4,3,Off,497.46,642.75
1789914900000000000,2026-09-20T14:35:00Z,free response,1.707,6.02,2.12,2.12,0.0,293.24,8.73,9.57,22.15,1,Off,494.71,663.07
1789914960000000000,2026-09-20T14:36:00Z,free response,1.803,6.139,2.33,2.33,0.0,293.22,8.7,9.23,25.24,2,Off,1057.19,324.02
1789915020000000000,2026-09-20T14:37:00Z,free response,1.73,6.052,2.13,2.13,0.0,293.21,8.69,9.14,23.3,3,Off,1035.13,336.48
1789915080000000000,2026-09-20T14:38:00Z,free response,1.793,6.124,1.98,1.98,0.0,293.2,8.67,10.25,19.32,3,Off,1030.33,330.7
1789915140000000000,2026-09-20T14:39:00Z,free response,1.701,6.167,2.05,2.05,0.0,293.19,8.65,8.51,24.09,1,Off,984.49,333.7
1789915200000000000,2026-09-20T14:40:00Z,free response,1.804,6.13,2.18,2.18,0.0,293.18,8.63,10.22,21.33,1,Off,980.01,349.7
1789915260000000000,2026-09-20T14:41:00Z,free response,1.765,6.051,2.28,2.28,0.0,293.16,8.6,9.58,23.8,3,Off,955.93,363.82
1789915320000000000,2026-09-20T14:42:00Z,free response,1.791,6.049,2.19,2.19,0.0,293.15,8.58,9.96,21.99,2,Off,957.39,361.41
1789915380000000000,2026-09-20T14:43:00Z,free response,1.753,5.937,2.18,2.18,0.0,293.14,8.56,8.88,24.55,2,Off,938.4,352.56
1789915440000000000,2026-09-20T14:44:00Z,free response,1.756,5.843,2.36,2.36,0.0,293.13,8.55,8.13,29.03,3,Off,912.95,348.27
1789915500000000000,2026-09-20T14:45:00Z,free response,1.774,5.841,2.2,2.2,0.0,293.12,8.53,9.19,23.94,2,Off,944.76,327.79
1789915560000000000,2026-09-20T14:46:00Z,free response,1.792,5.795,2.12,2.12,0.0,293.1,8.5,9.08,23.35,1,Off,949.8,342.12
1789915620000000000,2026-09-20T14:47:00Z,free response,1.881,5.766,2.27,2.27,0.0,293.09,8.49,11.12,20.41,1,Off,961.66,356.67
1789915680000000000,2026-09-20T14:48:00Z,free response,1.869,5.76,2.25,2.25,0.0,293.08,8.47,10.25,21.95,1,Off,784.93,449.95
1789915740000000000,2026-09-20T14:49:00Z,free response,1.933,5.612,2.33,2.33,0.0,293.07,8.45,10.52,22.15,2,Off,823.68,442.94
1789915800000000000,2026-09-20T14:50:00Z,free response,1.898,5.658,2.17,2.17,0.0,293.06,8.44,10.75,20.19,2,Off,796.31,455.35
1789915860000000000,2026-09-20T14:51:00Z,free response,1.92,5.56,1.97,1.97,0.0,293.05,8.42,11.14,17.68,2,Off,817.27,429.48
1789915920000000000,2026-09-20T14:52:00Z,free response,1.878,5.585,2.12,2.12,0.0,293.05,8.41,9.12,23.25,3,Off,771.6,432.81
1789915980000000000,2026-09-20T14:53:00Z,free response,1.848,5.632,2.0,2.0,0.0,293.02,8.37,9.33,21.44,3,On,771.01,429.98
1789916040000000000,2026-09-20T14:54:00Z,free response,1.824,5.782,2.05,2.05,0.0,293.02,8.37,10.03,20.44,3,On,819.56,430.77
1789916100000000000,2026-09-20T14:55:00Z,free response,1.841,5.796,1.91,1.91,0.0,293.0,8.34,10.4,18.37,1,On,811.57,402.37
1789916160000000000,2026-09-20T14:56:00Z,free response,1.907,5.718,1.95,1.95,0.0,292.98,8.3,9.67,20.17,3,On,823.62,394.38
1789916220000000000,2026-09-20T14:57:00Z,free response,1.804,5.794,1.89,1.89,0.0,292.96,8.27,9.19,20.57,2,On,781.92,391.08
1789916280000000000,2026-09-20T14:58:00Z,free response,1.895,5.853,1.79,1.79,0.0,292.96,8.26,10.52,17.02,1,On,808.15,389.47
1789916340000000000,2026-09-20T14:59:00Z,free response,1.886,5.876,1.91,1.91,0.0,292.94,8.23,11.38,16.78,1,On,848.71,360.23
1789916400000000000,2026-09-20T15:00:00Z,free response,1.884,5.982,2.05,2.05,0.0,292.93,8.21,10.53,19.47,3,On,879.68,354.03
1789916460000000000,2026-09-20T15:01:00Z,free response,1.836,5.989,2.21,2.21,0.0,292.92,8.2,9.42,23.46,3,On,831.1,363.23
1789916520000000000,2026-09-20T15:02:00Z,free response,1.904,5.951,2.28,2.28,0.0,292.9,8.16,10.18,22.4,3,On,804.67,350.29
1789916580000000000,2026-09-20T15:03:00Z,free response,1.857,5.903,2.12,2.12,0.0,292.9,8.16,9.24,22.94,1,On,835.47,379.08
1789916640000000000,2026-09-20T15:04:00Z,free response,1.758,5.816,2.06,2.06,0.0,292.88,8.13,9.44,21.82,2,On,786.37,407.44
1789916700000000000,2026-09-20T15:05:00Z,free response,1.778,5.849,2.04,2.04,0.0,292.87,8.12,9.91,20.59,1,On,818.09,387.24
1789916760000000000,2026-09-20T15:06:00Z,free response,1.825,5.827,1.84,1.84,0.0,292.85,8.08,8.82,20.86,2,On,820.07,398.45
1789916820000000000,2026-09-20T15:07:00Z,free response,1.87,5.791,2.0,2.0,0.0,292.84,8.06,10.22,19.57,2,On,777.86,388.5
1789916880000000000,2026-09-20T15:08:00Z,free response,1.791,5.777,2.19,2.19,0.0,292.82,8.03,10.07,21.75,3,On,738.18,361.23
1789916940000000000,2026-09-20T15:09:00Z,free response,1.798,5.787,2.0,2.0,0.0,292.81,8.02,9.8,20.41,2,On,768.02,372.8
1789917000000000000,2026-09-20T15:10:00Z,free response,1.818,5.706,1.82,1.82,0.0,292.81,8.01,10.11,18.0,3,On,782.58,382.98
1789917060000000000,2026-09-20T15:11:00Z,free response,1.708,5.674,1.85,1.85,0.0,292.8,8.0,8.7,21.26,3,On,756.92,371.35
1789917120000000000,2026-09-20T15:12:00Z,free response,1.643,5.713,1.89,1.89,0.0,292.79,7.98,7.51,25.17,2,On,799.65,353.7
1789917180000000000,2026-09-20T15:13:00Z,free response,1.655,5.799,1.83,1.83,0.0,292.79,7.98,8.44,21.68,2,On,938.24,951.31
1789917240000000000,2026-09-20T15:14:00Z,free response,1.608,5.847,1.78,1.78,0.0,292.77,7.95,7.46,23.86,2,On,931.15,927.85
1789917300000000000,2026-09-20T15:15:00Z,free response,1.585,5.895,1.61,1.61,0.0,292.76,7.93,6.96,23.13,3,On,975.31,942.69
1789917360000000000,2026-09-20T15:16:00Z,free response,1.538,5.902,1.52,1.52,0.0,292.75,7.91,6.38,23.82,3,On,979.18,928.88
1789917420000000000,2026-09-20T15:17:00Z,free response,1.533,5.887,1.42,1.42,0.0,292.73,7.88,6.36,22.33,1,On,1004.03,919.27
1789917480000000000,2026-09-20T15:18:00Z,free response,1.542,5.904,1.44,1.44,0.0,292.72,7.86,7.33,19.65,3,On,1003.18,890.59
1789917540000000000,2026-09-20T15:19:00Z,free response,1.601,5.906,1.42,1.42,0.0,292.7,7.83,6.97,20.37,2,On,986.09,918.38
1789917600000000000,2026-09-20T15:20:00Z,free response,1.632,5.932,1.5,1.5,0.0,292.69,7.82,7.85,19.11,3,On,1352.01,470.67
1789917660000000000,2026-09-20T15:21:00Z,free response,1.69,5.929,1.53,1.53,0.0,292.69,7.81,8.8,17.39,1,On,1305.83,474.28
1789917720000000000,2026-09-20T15:22:00Z,free response,1.643,6.026,1.56,1.56,0.0,292.67,7.78,8.75,17.83,3,On,1281.81,498.75
1789917780000000000,2026-09-20T15:23:00Z,free response,1.607,5.966,1.44,1.44,0.0,292.66,7.76,8.12,17.73,2,On,1267.39,509.94
1789917840000000000,2026-09-20T15:24:00Z,free response,1.626,6.032,1.51,1.51,0.0,292.64,7.74,7.83,19.28,3,On,1265.18,536.61
1789917900000000000,2026-09-20T15:25:00Z,free response,1.609,6.126,1.65,1.65,0.0,292.63,7.72,8.67,19.03,3,On,1246.42,553.93
1789917960000000000,2026-09-20T15:26:00Z,free response,1.546,6.071,1.8,1.8,0.0,292.63,7.71,6.71,26.83,2,On,1284.74,527.15
1789918020000000000,2026-09-20T15:27:00Z,free response,1.509,6.043,1.75,1.75,0.0,292.62,7.7,6.45,27.13,1,On,1318.64,555.56
1789918080000000000,2026-09-20T15:28:00Z,free response,1.495,6.088,1.71,1.71,0.0,292.6,7.67,7.4,23.11,1,On,1326.5,578.32
1789918140000000000,2026-09-20T15:29:00Z,free response,1.503,6.182,1.79,1.79,0.0,292.59,7.65,7.43,24.09,3,On,1366.23,605.1
1789918200000000000,2026-09-20T15:30:00Z,free response,1.545,6.114,1.77,1.77,0.0,292.58,7.64,6.91,25.62,3,On,1330.94,599.43
1789918260000000000,2026-09-20T15:31:00Z,free response,1.507,6.016,1.69,1.69,0.0,292.57,7.61,6.86,24.64,3,On,1128.07,515.63
1789918320000000000,2026-09-20T15:32:00Z,free response,1.464,6.064,1.83,1.83,0.0,292.55,7.58,7.14,25.63,3,On,1105.92,543.13
1789918380000000000,2026-09-20T15:33:00Z,free response,1.426,6.086,1.99,1.99,0.0,292.54,7.56,6.7,29.7,2,On,1089.12,531.19
1789918440000000000,2026-09-20T15:34:00Z,free response,1.443,6.102,1.98,1.98,0.0,292.52,7.53,5.8,34.14,2,On,1040.01,503.12
1789918500000000000,2026-09-20T15:35:00Z,free response,1.486,6.096,1.95,1.95,0.0,292.51,7.51,6.66,29.28,3,On,1048.92,515.49
1789918560000000000,2026-09-20T15:36:00Z,free response,1.529,6.067,1.84,1.84,0.0,292.49,7.49,6.81,27.02,1,On,1079.6,510.06
1789918620000000000,2026-09-20T15:37:00Z,free response,1.533,6.047,2.01,2.01,0.0,292.48,7.47,7.52,26.73,3,On,1126.05,485.46
1789918680000000000,2026-09-20T15:38:00Z,free response,1.556,6.047,1.87,1.87,0.0,292.47,7.45,7.46,25.07,1,On,1160.72,468.45
1789918740000000000,2026-09-20T15:39:00Z,free response,1.55,6.039,1.73,1.73,0.0,292.46,7.43,7.1,24.37,1,On,1210.51,443.97
1789918800000000000,2026-09-20T15:40:00Z,free response,1.621,6.035,1.85,1.85,0.0,292.45,7.42,7.45,24.83,1,On,1163.59,456.96
1789918860000000000,2026-09-20T15:41:00Z,free response,1.631,6.03,1.83,1.83,0.0,292.45,7.41,8.67,21.11,1,On,1192.05,451.67
1789918920000000000,2026-09-20T15:42:00Z,free response,1.641,6.046,2.01,2.01,0.0,292.43,7.39,8.82,22.79,2,On,1204.7,480.18
1789918980000000000,2026-09-20T15:43:00Z,free response,1.642,6.114,2.14,2.14,0.0,292.43,7.38,8.46,25.3,3,On,1172.56,482.45
1789919040000000000,2026-09-20T15:44:00Z,free response,1.655,6.108,1.99,1.99,0.0,292.41,7.35,8.4,23.69,3,On,1202.39,466.19
1789919100000000000,2026-09-20T15:45:00Z,free response,1.668,6.063,1.94,1.94,0.0,292.39,7.32,9.23,21.02,2,On,1217.83,471.28
1789919160000000000,2026-09-20T15:46:00Z,free response,1.686,6.069,2.12,2.12,0.0,292.38,7.3,8.51,24.91,1,On,1174.07,445.87
1789919220000000000,2026-09-20T15:47:00Z,free response,1.667,6.005,2.02,2.02,0.0,292.37,7.28,8.26,24.46,2,On,1189.15,440.45
1789919280000000000,2026-09-20T15:48:00Z,free response,1.695,5.95,1.96,1.96,0.0,292.36,7.27,8.74,22.43,3,On,1177.84,433.75
1789919340000000000,2026-09-20T15:49:00Z,free response,1.723,5.847,1.81,1.81,0.0,292.34,7.24,7.9,22.91,2,On,1153.23,457.17
1789919400000000000,2026-09-20T15:50:00Z,free response,1.676,5.805,1.69,1.69,0.0,292.33,7.21,8.95,18.88,1,On,1140.33,446.84
1789919460000000000,2026-09-20T15:51:00Z,free response,1.649,5.921,1.6,1.6,0.0,292.31,7.18,8.54,18.74,3,On,1092.12,446.33
1789919520000000000,2026-09-20T15:52:00Z,free response,1.672,5.983,1.49,1.49,0.0,292.29,7.15,8.56,17.41,3,On,1443.66,724.16
1789919580000000000,2026-09-20T15:53:00Z,free response,1.642,5.974,1.58,1.58,0.0,292.28,7.13,8.26,19.13,1,On,1430.57,703.88
1789919640000000000,2026-09-20T15:54:00Z,free response,1.649,5.986,1.56,1.56,0.0,292.26,7.1,7.71,20.23,1,On,1480.52,676.72
1789919700000000000,2026-09-20T15:55:00Z,free response,1.647,5.954,1.58,1.58,0.0,292.25,7.09,7.5,21.07,2,On,1500.0,690.41
1789919760000000000,2026-09-20T15:56:00Z,free response,1.629,5.987,1.69,1.69,0.0,292.25,7.09,8.59,19.67,2,On,1500.0,714.54
1789919820000000000,2026-09-20T15:57:00Z,free response,1.618,6.027,1.6,1.6,0.0,292.25,7.08,8.25,19.39,1,On,1500.0,707.09
1789919880000000000,2026-09-20T15:58:00Z,free response,1.606,5.993,1.49,1.49,0.0,292.23,7.05,8.42,17.7,3,On,1500.0,721.43
1789919940000000000,2026-09-20T15:59:00Z,free response,1.573,5.978,1.6,1.6,0.0,292.22,7.04,7.27,22.01,1,On,1500.0,724.92
1789920000000000000,2026-09-20T16:00:00Z,free response,1.617,5.946,1.74,1.74,0.0,292.21,7.02,8.19,21.25,1,On,1500.0,740.2
1789920060000000000,2026-09-20T16:01:00Z,free response,1.652,5.86,1.67,1.67,0.0,292.21,7.01,7.28,22.94,3,On,1500.0,744.88
1789920120000000000,2026-09-20T16:02:00Z,free response,1.669,5.864,1.57,1.57,0.0,292.2,7.0,7.88,19.92,3,On,1500.0,751.03
1789920180000000000,2026-09-20T16:03:00Z,free response,1.67,5.894,1.63,1.63,0.0,292.19,6.98,8.92,18.27,2,On,1500.0,757.44
1789920240000000000,2026-09-20T16:04:00Z,free response,1.664,5.878,1.57,1.57,0.0,292.18,6.97,7.67,20.47,3,On,567.95,799.05
1789920300000000000,2026-09-20T16:05:00Z,free response,1.568,5.841,1.71,1.71,0.0,292.18,6.96,7.03,24.32,3,On,596.99,813.29
1789920360000000000,2026-09-20T16:06:00Z,free response,1.614,5.79,1.55,1.55,0.0,292.16,6.93,7.62,20.34,2,On,580.62,834.41
1789920420000000000,2026-09-20T16:07:00Z,free response,1.659,5.835,1.66,1.66,0.0,292.15,6.92,8.19,20.27,1,On,535.98,852.23
1789920480000000000,2026-09-20T16:08:00Z,free response,1.722,5.856,1.81,1.81,0.0,292.14,6.9,9.06,19.98,1,On,557.83,835.87
1789920540000000000,2026-09-20T16:09:00Z,free response,1.735,5.864,1.9,1.9,0.0,292.12,6.87,8.89,21.37,1,On,587.22,844.99
1789920600000000000,2026-09-20T16:10:00Z,free response,1.807,5.865,2.02,2.02,0.0,292.11,6.85,10.04,20.12,3,On,569.89,831.1
1789920660000000000,2026-09-20T16:11:00Z,free response,1.816,5.827,1.9,1.9,0.0,292.1,6.83,8.77,21.66,2,On,571.64,802.96
1789920720000000000,2026-09-20T16:12:00Z,free response,1.741,5.841,2.0,2.0,0.0,292.09,6.82,8.68,23.04,2,On,546.36,796.34
1789920780000000000,2026-09-20T16:13:00Z,free response,1.724,5.962,1.87,1.87,0.0,292.09,6.81,8.7,21.49,2,On,591.38,786.83
1789920840000000000,2026-09-20T16:14:00Z,free response,1.622,5.99,1.9,1.9,0.0,292.07,6.79,8.08,23.51,2,On,609.78,799.74
1789920900000000000,2026-09-20T16:15:00Z,free response,1.649,6.08,2.02,2.02,0.0,292.07,6.78,7.57,26.68,2,On,596.11,810.55
1789920960000000000,2026-09-20T16:16:00Z,free response,1.681,6.135,2.15,2.15,0.0,292.06,6.76,8.93,24.08,3,On,571.32,807.7
1789921020000000000,2026-09-20T16:17:00Z,free response,1.739,6.128,2.08,2.08,0.0,292.04,6.73,9.54,21.8,3,On,608.81,816.11
1789921080000000000,2026-09-20T16:18:00Z,free response,1.729,6.168,2.04,2.04,0.0,292.03,6.72,8.87,23.0,2,On,651.9,798.24
1789921140000000000,2026-09-20T16:19:00Z,free response,1.826,6.067,1.98,1.98,0.0,292.01,6.68,10.62,18.64,1,On,607.46,785.08
1789921200000000000,2026-09-20T16:20:00Z,free response,1.848,6.075,1.98,1.98,0.0,292.0,6.66,10.92,18.13,3,On,576.81,788.08
1789921260000000000,2026-09-20T16:21:00Z,free response,1.871,6.135,1.96,1.96,0.0,291.98,6.64,10.4,18.85,3,On,584.0,800.48
1789921320000000000,2026-09-20T16:22:00Z,free response,1.906,6.209,2.11,2.11,0.0,291.97,6.62,11.5,18.35,1,On,540.29,808.06
1789921380000000000,2026-09-20T16:23:00Z,free response,1.847,6.16,2.13,2.13,0.0,291.97,6.61,10.62,20.06,2,On,1143.05,877.39
1789921440000000000,2026-09-20T16:24:00Z,free response,1.806,6.12,2.13,2.13,0.0,291.95,6.59,9.3,22.9,2,On,1158.51,896.47
1789921500000000000,2026-09-20T16:25:00Z,free response,1.807,6.117,2.34,2.34,0.0,291.94,6.56,9.99,23.42,1,On,1155.95,889.92
1789921560000000000,2026-09-20T16:26:00Z,free response,1.771,6.185,2.34,2.34,0.0,291.92,6.54,9.16,25.55,2,On,1140.43,915.89
1789921620000000000,2026-09-20T16:27:00Z,free response,1.837,6.228,2.42,2.42,0.0,291.91,6.52,11.24,21.53,3,On,1176.39,929.36
1789921680000000000,2026-09-20T16:28:00Z,free response,1.821,6.247,2.66,2.66,0.0,291.91,6.52,10.28,25.88,1,On,1126.59,938.39
1789921740000000000,2026-09-20T16:29:00Z,free response,1.792,6.401,2.6,2.6,0.0,291.91,6.51,10.31,25.22,2,On,1083.96,934.25
1789921800000000000,2026-09-20T16:30:00Z,free response,1.742,6.423,2.51,2.51,0.0,291.89,6.49,8.78,28.59,1,On,1064.36,940.2
1789921860000000000,2026-09-20T16:31:00Z,free response,1.7,6.477,2.59,2.59,0.0,291.89,6.48,10.25,25.27,2,On,1015.99,922.43
1789921920000000000,2026-09-20T16:32:00Z,free response,1.737,6.527,2.54,2.54,0.0,291.88,6.46,9.31,27.28,2,On,1044.12,916.1
1789921980000000000,2026-09-20T16:33:00Z,free response,1.713,6.454,2.65,2.65,0.0,291.86,6.44,9.29,28.53,2,On,997.27,938.58
1789922040000000000,2026-09-20T16:34:00Z,free response,1.648,6.395,2.91,2.91,0.0,291.85,6.41,8.46,34.4,1,On,982.9,952.91
1789922100000000000,2026-09-20T16:35:00Z,free response,1.719,6.37,3.1,3.1,0.0,291.83,6.39,8.98,34.52,3,On,960.28,897.62
1789922160000000000,2026-09-20T16:36:00Z,free response,1.719,6.277,3.26,3.26,0.0,291.82,6.36,8.78,37.13,2,On,971.89,875.27
1789922220000000000,2026-09-20T16:37:00Z,free response,1.72,6.43,3.48,3.48,0.0,291.8,6.33,9.41,36.98,3,On,994.62,857.92
1789922280000000000,2026-09-20T16:38:00Z,free response,1.724,6.484,3.39,3.39,0.0,291.79,6.32,10.32,32.85,1,On,1014.43,882.11
1789922340000000000,2026-09-20T16:39:00Z,free response,1.755,6.397,3.29,3.29,0.0,291.78,6.3,9.99,32.93,3,On,1012.19,896.91
1789922400000000000,2026-09-20T16:40:00Z,free response,1.727,6.267,3.19,3.19,0.0,291.77,6.28,8.95,35.64,2,On,1005.27,888.8
1789922460000000000,2026-09-20T16:41:00Z,free response,1.709,6.323,2.92,2.92,0.0,291.76,6.27,8.4,34.76,3,On,1050.25,869.21
1789922520000000000,2026-09-20T16:42:00Z,free response,1.741,6.346,3.16,3.16,0.0,291.75,6.25,9.66,32.71,1,On,1054.5,849.04
1789922580000000000,2026-09-20T16:43:00Z,free response,1.779,6.387,3.24,3.24,0.0,291.74,6.23,9.34,34.69,1,On,554.86,932.97
1789922640000000000,2026-09-20T16:44:00Z,free response,1.792,6.291,3.0,3.0,0.0,291.73,6.21,9.37,32.02,2,On,539.91,955.04
1789922700000000000,2026-09-20T16:45:00Z,free response,1.776,6.361,2.88,2.88,0.0,291.71,6.18,9.05,31.82,2,On,502.53,983.43
1789922760000000000,2026-09-20T16:46:00Z,free response,1.847,6.293,2.87,2.87,0.0,291.7,6.17,11.59,24.76,3,On,521.44,991.9
1789922820000000000,2026-09-20T16:47:00Z,free response,1.855,6.093,3.06,3.06,0.0,291.7,6.16,10.03,30.51,2,On,491.69,1000.0
1789922880000000000,2026-09-20T16:48:00Z,free response,1.859,6.125,3.16,3.16,0.0,291.69,6.15,11.54,27.38,2,On,540.58,991.31
1789922940000000000,2026-09-20T16:49:00Z,free response,1.908,6.146,3.4,3.4,0.0,291.68,6.14,10.6,32.08,1,On,577.92,1000.0
1789923000000000000,2026-09-20T16:50:00Z,free response,1.91,6.141,3.11,3.11,0.0,291.67,6.11,11.1,28.02,2,On,539.06,1000.0
1789923060000000000,2026-09-20T16:51:00Z,free response,1.932,6.068,3.01,3.01,0.0,291.64,6.07,12.34,24.39,3,On,520.91,1000.0
1789923120000000000,2026-09-20T16:52:00Z,free response,1.92,6.059,3.26,3.26,0.0,291.62,6.04,10.13,32.18,1,On,499.52,1000.0
1789923180000000000,2026-09-20T16:53:00Z,free response,1.879,6.149,3.49,3.49,0.0,291.62,6.03,10.18,34.28,1,On,543.17,1000.0
1789923240000000000,2026-09-20T16:54:00Z,free response,1.857,6.114,3.63,3.63,0.0,291.61,6.01,11.19,32.44,1,On,565.84,1000.0
1789923300000000000,2026-09-20T16:55:00Z,free response,1.859,6.143,3.44,3.44,0.0,291.58,5.97,9.58,35.91,2,On,574.36,1000.0
1789923360000000000,2026-09-20T16:56:00Z,free response,1.837,6.189,3.13,3.13,0.0,291.58,5.97,10.64,29.42,1,On,585.53,1000.0
1789923420000000000,2026-09-20T16:57:00Z,free response,1.825,6.158,3.13,3.13,0.0,291.56,5.94,9.29,33.69,3,On,542.75,1000.0
1789923480000000000,2026-09-20T16:58:00Z,free response,1.725,6.182,3.11,3.11,0.0,291.56,5.94,9.3,33.44,3,On,551.76,1000.0
1789923540000000000,2026-09-20T16:59:00Z,free response,1.752,6.165,3.17,3.17,0.0,291.55,5.92,9.43,33.62,1,On,561.05,1000.0
1789923600000000000,2026-09-20T17:00:00Z,free response,1.703,6.18,3.14,3.14,0.0,291.53,5.89,9.44,33.26,2,On,584.97,1000.0
1789923660000000000,2026-09-20T17:01:00Z,free response,1.67,6.285,3.37,3.37,0.0,291.52,5.86,9.09,37.07,2,On,535.22,1000.0
1789923720000000000,2026-09-20T17:02:00Z,free response,1.534,6.387,3.17,3.17,0.0,291.51,5.85,8.24,38.47,3,On,577.05,1000.0
1789923780000000000,2026-09-20T17:03:00Z,free response,1.502,6.388,3.17,3.17,0.0,291.49,5.82,7.78,40.75,1,On,1273.32,620.49
1789923840000000000,2026-09-20T17:04:00Z,free response,1.528,6.382,3.14,3.14,0.0,291.48,5.8,7.86,39.95,2,On,1229.92,604.03
1789923900000000000,2026-09-20T17:05:00Z,free response,1.545,6.262,3.0,3.0,0.0,291.46,5.77,8.03,37.36,3,On,1196.16,615.83
1789923960000000000,2026-09-20T17:06:00Z,free response,1.54,6.275,2.83,2.83,0.0,291.45,5.75,6.93,40.84,2,On,1169.65,627.21
1789924020000000000,2026-09-20T17:07:00Z,free response,1.574,6.272,2.72,2.72,0.0,291.44,5.74,7.98,34.09,2,On,1156.55,485.77
1789924080000000000,2026-09-20T17:08:00Z,free response,1.587,6.231,2.54,2.54,0.0,291.43,5.71,7.28,34.89,3,On,1144.85,513.47
1789924140000000000,2026-09-20T17:09:00Z,free response,1.607,6.197,2.66,2.66,0.0,291.41,5.69,8.47,31.4,3,On,1171.95,513.32
1789924200000000000,2026-09-20T17:10:00Z,free response,1.655,6.193,2.59,2.59,0.0,291.41,5.68,8.25,31.39,3,On,1156.17,529.47
1789924260000000000,2026-09-20T17:11:00Z,free response,1.706,6.222,2.35,2.35,0.0,291.39,5.65,9.1,25.82,2,On,1199.95,514.71
1789924320000000000,2026-09-20T17:12:00Z,free response,1.717,6.317,2.16,2.16,0.0,291.37,5.62,10.17,21.24,1,On,1186.51,526.12
1789924380000000000,2026-09-20T17:13:00Z,free response,1.743,6.45,1.97,1.97,0.0,291.35,5.59,9.61,20.5,1,On,1148.18,512.21
1789924440000000000,2026-09-20T17:14:00Z,free response,1.844,6.579,2.05,2.05,0.0,291.35,5.58,11.18,18.34,2,On,1169.51,485.65
1789924500000000000,2026-09-20T17:15:00Z,free response,1.868,6.555,2.13,2.13,0.0,291.34,5.56,10.94,19.47,2,On,1197.17,481.0
1789924560000000000,2026-09-20T17:16:00Z,free response,1.855,6.467,2.25,2.25,0.0,291.32,5.54,11.86,18.97,3,On,1123.33,610.76
1789924620000000000,2026-09-20T17:17:00Z,free response,1.891,6.421,2.13,2.13,0.0,291.31,5.52,12.09,17.62,1,On,1079.23,620.19
1789924680000000000,2026-09-20T17:18:00Z,free response,1.884,6.458,2.18,2.18,0.0,291.29,5.49,12.52,17.41,2,On,1040.41,594.05
1789924740000000000,2026-09-20T17:19:00Z,free response,2.031,6.483,2.23,2.23,0.0,291.29,5.49,12.67,17.6,3,On,1006.56,565.14
1789924800000000000,2026-09-20T17:20:00Z,free response,2.068,6.385,2.08,2.08,0.0,291.28,5.47,12.95,16.06,1,On,957.68,573.63
1789924860000000000,2026-09-20T17:21:00Z,free response,1.895,6.467,1.92,1.92,0.0,291.26,5.44,10.53,18.23,2,On,950.31,559.84
1789924920000000000,2026-09-20T17:22:00Z,free response,1.834,6.586,1.85,1.85,0.0,291.24,5.4,10.83,17.08,3,On,969.92,529.95
1789924980000000000,2026-09-20T17:23:00Z,free response,1.795,6.543,1.98,1.98,0.0,291.23,5.39,10.07,19.66,2,On,961.1,546.03
1789925040000000000,2026-09-20T17:24:00Z,free response,1.789,6.57,2.04,2.04,0.0,291.23,5.38,10.88,18.75,3,On,987.25,573.54
1789925100000000000,2026-09-20T17:25:00Z,free response,1.804,6.585,1.94,1.94,0.0,291.22,5.37,10.65,18.22,1,On,974.94,564.34
1789925160000000000,2026-09-20T17:26:00Z,free response,1.798,6.667,1.95,1.95,0.0,291.2,5.34,10.86,17.96,2,On,1014.93,536.14
1789925220000000000,2026-09-20T17:27:00Z,free response,1.757,6.639,1.76,1.76,0.0,291.2,5.33,10.26,17.15,2,On,1012.99,563.41
1789925280000000000,2026-09-20T17:28:00Z,free response,1.794,6.654,1.87,1.87,0.0,291.19,5.32,9.67,19.34,1,On,991.52,573.6
1789925340000000000,2026-09-20T17:29:00Z,free response,1.872,6.549,1.8,1.8,0.0,291.18,5.3,10.84,16.61,2,On,945.79,566.7
1789925400000000000,2026-09-20T17:30:00Z,free response,1.884,6.55,1.69,1.69,0.0,291.16,5.27,11.29,14.97,2,On,962.64,581.28
1789925460000000000,2026-09-20T17:31:00Z,free response,1.917,6.495,1.83,1.83,0.0,291.15,5.25,10.78,16.98,1,On,928.26,582.97
1789925520000000000,2026-09-20T17:32:00Z,free response,1.964,6.518,1.84,1.84,0.0,291.14,5.23,11.79,15.61,3,On,923.77,601.77
1789925580000000000,2026-09-20T17:33:00Z,free response,1.944,6.545,1.88,1.88,0.0,291.13,5.21,12.71,14.79,1,On,933.44,601.27
1789925640000000000,2026-09-20T17:34:00Z,free response,1.818,6.505,1.82,1.82,0.0,291.11,5.19,11.47,15.87,2,On,949.26,613.01
1789925700000000000,2026-09-20T17:35:00Z,free response,1.878,6.554,1.76,1.76,0.0,291.1,5.16,10.89,16.16,3,On,905.73,626.84
1789925760000000000,2026-09-20T17:36:00Z,free response,1.793,6.473,1.65,1.65,0.0,291.08,5.14,11.33,14.56,1,On,906.82,604.19
1789925820000000000,2026-09-20T17:37:00Z,free response,1.74,6.525,1.64,1.64,0.0,291.08,5.13,9.67,16.96,2,On,926.53,587.92
1789925880000000000,2026-09-20T17:38:00Z,free response,1.703,6.563,1.53,1.53,0.0,291.07,5.11,9.19,16.65,2,On,922.64,612.91
1789925940000000000,2026-09-20T17:39:00Z,free response,1.714,6.523,1.68,1.68,0.0,291.05,5.09,8.9,18.88,2,On,946.17,614.35
1789926000000000000,2026-09-20T17:40:00Z,free response,1.749,6.59,1.68,1.68,0.0,291.05,5.08,11.01,15.26,2,On,925.49,614.05
1789926060000000000,2026-09-20T17:41:00Z,free response,1.76,6.543,1.81,1.81,0.0,291.02,5.04,10.95,16.53,3,On,940.84,600.89
1789926120000000000,2026-09-20T17:42:00Z,free response,1.83,6.569,1.95,1.95,0.0,291.02,5.03,11.39,17.12,2,On,971.01,593.27
1789926180000000000,2026-09-20T17:43:00Z,free response,1.846,6.451,2.02,2.02,0.0,291.01,5.01,10.68,18.91,1,On,1001.36,585.03
1789926240000000000,2026-09-20T17:44:00Z,free response,1.849,6.415,1.96,1.96,0.0,290.99,4.98,10.26,19.1,2,On,701.18,306.17
1789926300000000000,2026-09-20T17:45:00Z,free response,1.869,6.326,1.98,1.98,0.0,290.98,4.97,11.85,16.71,1,On,671.68,301.97
1789926360000000000,2026-09-20T17:46:00Z,free response,1.817,6.371,1.89,1.89,0.0,290.96,4.94,11.25,16.8,1,On,651.16,329.68
1789926420000000000,2026-09-20T17:47:00Z,free response,1.805,6.484,1.95,1.95,0.0,290.95,4.91,9.87,19.76,2,On,604.88,324.71
1789926480000000000,2026-09-20T17:48:00Z,free response,1.771,6.559,1.89,1.89,0.0,290.93,4.89,10.94,17.28,2,On,598.76,320.31
1789926540000000000,2026-09-20T17:49:00Z,free response,1.816,6.532,1.91,1.91,0.0,290.92,4.86,10.01,19.08,3,On,644.22,347.97
1789926600000000000,2026-09-20T17:50:00Z,free response,1.805,6.469,1.96,1.96,0.0,290.9,4.84,11.47,17.09,1,On,665.16,324.97
1789926660000000000,2026-09-20T17:51:00Z,free response,1.842,6.46,2.08,2.08,0.0,290.89,4.82,10.19,20.41,3,On,657.97,345.36
1789926720000000000,2026-09-20T17:52:00Z,free response,1.803,6.4,2.06,2.06,0.0,290.87,4.79,10.02,20.56,1,On,623.97,373.42
1789926780000000000,2026-09-20T17:53:00Z,free response,1.785,6.49,2.1,2.1,0.0,290.87,4.78,10.58,19.85,1,On,669.64,395.25
1789926840000000000,2026-09-20T17:54:00Z,free response,1.86,6.49,2.28,2.28,0.0,290.86,4.76,11.21,20.34,1,On,623.72,395.37
1789926900000000000,2026-09-20T17:55:00Z,free response,1.839,6.617,2.06,2.06,0.0,290.84,4.74,11.07,18.61,3,On,640.32,414.49
1789926960000000000,2026-09-20T17:56:00Z,free response,1.811,6.603,2.09,2.09,0.0,290.83,4.72,11.79,17.73,2,On,658.65,387.77
1789927020000000000,2026-09-20T17:57:00Z,free response,1.844,6.578,1.91,1.91,0.0,290.82,4.7,11.08,17.24,1,On,649.94,376.04
1789927080000000000,2026-09-20T17:58:00Z,free response,1.837,6.594,2.06,2.06,0.0,290.81,4.69,10.21,20.18,3,On,621.99,353.58
1789927140000000000,2026-09-20T17:59:00Z,free response,1.819,6.526,1.88,1.88,0.0,290.8,4.66,11.37,16.53,2,On,658.41,371.81
1789927200000000000,2026-09-20T18:00:00Z,free response,1.828,6.439,1.78,1.78,0.0,290.78,4.63,10.75,16.56,3,On,646.68,376.11
1789927260000000000,2026-09-20T18:01:00Z,free response,1.743,6.35,1.9,1.9,0.0,290.75,4.59,10.51,18.08,1,On,670.34,375.7
1789927320000000000,2026-09-20T18:02:00Z,free response,1.733,6.32,1.89,1.89,0.0,290.75,4.58,9.81,19.27,3,On,688.65,389.61
1789927380000000000,2026-09-20T18:03:00Z,free response,1.67,6.344,1.8,1.8,0.0,290.74,4.57,8.22,21.9,2,On,709.89,401.11
1789927440000000000,2026-09-20T18:04:00Z,free response,1.786,6.319,1.84,1.84,0.0,290.73,4.55,10.09,18.24,2,On,738.6,383.86
1789927500000000000,2026-09-20T18:05:00Z,free response,1.804,6.376,2.01,2.01,0.0,290.72,4.54,10.7,18.79,2,On,773.88,397.39
1789927560000000000,2026-09-20T18:06:00Z,free response,1.843,6.409,2.07,2.07,0.0,290.71,4.52,11.69,17.71,3,On,781.75,396.46
1789927620000000000,2026-09-20T18:07:00Z,free response,1.773,6.437,2.0,2.0,0.0,290.71,4.51,10.01,19.98,1,On,805.03,395.9
1789927680000000000,2026-09-20T18:08:00Z,free response,1.829,6.241,1.93,1.93,0.0,290.7,4.5,9.74,19.82,1,On,755.81,406.32
1789927740000000000,2026-09-20T18:09:00Z,free response,1.821,6.303,2.09,2.09,0.0,290.69,4.49,10.03,20.84,1,On,762.94,431.75
1789927800000000000,2026-09-20T18:10:00Z,free response,1.801,6.289,2.21,2.21,0.0,290.68,4.46,10.25,21.56,2,On,760.16,442.17
1789927860000000000,2026-09-20T18:11:00Z,free response,1.831,6.231,2.01,2.01,0.0,290.66,4.43,10.74,18.72,1,On,766.18,417.46
1789927920000000000,2026-09-20T18:12:00Z,free response,1.78,6.286,1.95,1.95,0.0,290.65,4.42,9.52,20.48,2,On,788.84,424.12
1789927980000000000,2026-09-20T18:13:00Z,free response,1.752,6.259,1.87,1.87,0.0,290.64,4.4,8.71,21.47,2,On,745.11,406.22
1789928040000000000,2026-09-20T18:14:00Z,free response,1.77,6.281,2.0,2.0,0.0,290.63,4.39,9.49,21.07,2,On,697.45,420.61
1789928100000000000,2026-09-20T18:15:00Z,free response,1.766,6.384,1.88,1.88,0.0,290.63,4.39,9.63,19.52,2,On,1085.28,808.3
1789928160000000000,2026-09-20T18:16:00Z,free response,1.824,6.306,1.99,1.99,0.0,290.62,4.37,9.6,20.73,2,On,1072.17,793.7
1789928220000000000,2026-09-20T18:17:00Z,free response,1.848,6.196,2.18,2.18,0.0,290.6,4.34,10.81,20.17,1,On,1110.06,797.78
1789928280000000000,2026-09-20T18:18:00Z,free response,1.922,6.036,2.14,2.14,0.0,290.59,4.32,10.99,19.47,1,On,1127.65,792.47
1789928340000000000,2026-09-20T18:19:00Z,free response,1.895,6.097,1.94,1.94,0.0,290.58,4.3,11.03,17.59,3,On,1133.6,788.81
1789928400000000000,2026-09-20T18:20:00Z,free response,1.915,6.039,2.08,2.08,0.0,290.57,4.29,10.84,19.19,2,On,1102.03,814.42
1789928460000000000,2026-09-20T18:21:00Z,free response,1.893,6.071,2.13,2.13,0.0,290.56,4.27,10.42,20.44,1,On,1112.97,804.22
1789928520000000000,2026-09-20T18:22:00Z,free response,1.959,6.196,2.07,2.07,0.0,290.55,4.25,12.83,16.13,2,On,1115.42,823.0
1789928580000000000,2026-09-20T18:23:00Z,free response,1.966,6.191,2.19,2.19,0.0,290.54,4.24,12.06,18.16,2,On,1121.0,798.39
1789928640000000000,2026-09-20T18:24:00Z,free response,1.957,6.198,2.07,2.07,0.0,290.54,4.23,12.69,16.31,1,On,1081.91,806.25
1789928700000000000,2026-09-20T18:25:00Z,free response,1.881,6.135,2.01,2.01,0.0,290.52,4.2,11.15,18.03,1,On,1077.99,809.86
1789928760000000000,2026-09-20T18:26:00Z,free response,1.859,6.102,2.2,2.2,0.0,290.5,4.17,10.56,20.83,1,On,1099.19,818.42
1789928820000000000,2026-09-20T18:27:00Z,free response,1.824,6.061,2.28,2.28,0.0,290.5,4.16,10.29,22.16,2,On,1109.15,847.16
1789928880000000000,2026-09-20T18:28:00Z,free response,1.844,6.102,2.46,2.46,0.0,290.48,4.14,9.66,25.47,1,On,1139.94,838.14
1789928940000000000,2026-09-20T18:29:00Z,free response,1.88,6.05,2.66,2.66,0.0,290.48,4.13,11.26,23.62,1,On,1185.48,820.87
1789929000000000000,2026-09-20T18:30:00Z,free response,1.854,6.062,2.48,2.48,0.0,290.47,4.12,9.73,25.49,1,On,1176.65,809.14
1789929060000000000,2026-09-20T18:31:00Z,free response,1.942,6.075,2.35,2.35,0.0,290.46,4.1,11.45,20.52,2,On,1140.05,798.3
1789929120000000000,2026-09-20T18:32:00Z,free response,1.955,6.056,2.17,2.17,0.0,290.44,4.07,11.68,18.58,3,On,1099.29,784.8
1789929180000000000,2026-09-20T18:33:00Z,free response,1.989,6.081,2.09,2.09,0.0,290.43,4.05,11.49,18.19,1,On,1090.67,794.91
1789929240000000000,2026-09-20T18:34:00Z,free response,1.946,6.125,2.18,2.18,0.0,290.43,4.05,11.93,18.27,2,On,1156.23,683.87
1789929300000000000,2026-09-20T18:35:00Z,free response,1.994,6.03,2.2,2.2,0.0,290.41,4.02,11.64,18.9,1,On,1158.15,675.89
1789929360000000000,2026-09-20T18:36:00Z,free response,1.985,6.0,2.0,2.0,0.0,290.4,4.0,12.51,15.99,2,On,1108.92,674.2
1789929420000000000,2026-09-20T18:37:00Z,free response,1.945,5.964,1.92,1.92,0.0,290.38,3.97,10.2,18.82,1,On,1137.52,674.36
1789929480000000000,2026-09-20T18:38:00Z,free response,1.989,6.039,1.78,1.78,0.0,290.37,3.95,11.97,14.87,2,On,588.89,366.11
1789929540000000000,2026-09-20T18:39:00Z,free response,2.006,5.989,1.94,1.94,0.0,290.35,3.92,11.05,17.56,2,On,551.3,364.64
1789929600000000000,2026-09-20T18:40:00Z,free response,2.038,6.07,1.81,1.81,0.0,290.35,3.92,12.67,14.29,1,On,516.28,380.92
1789929660000000000,2026-09-20T18:41:00Z,free response,1.965,6.018,1.87,1.87,0.0,290.34,3.9,12.29,15.22,1,On,506.52,352.27
1789929720000000000,2026-09-20T18:42:00Z,free response,1.886,6.031,2.01,2.01,0.0,290.32,3.87,11.02,18.24,3,On,461.08,381.12
1789929780000000000,2026-09-20T18:43:00Z,free response,1.949,5.979,1.89,1.89,0.0,290.31,3.85,11.04,17.12,3,On,759.94,694.32
1789929840000000000,2026-09-20T18:44:00Z,free response,1.89,5.93,1.82,1.82,0.0,290.3,3.83,10.24,17.77,1,On,722.37,717.28
1789929900000000000,2026-09-20T18:45:00Z,free response,1.923,5.981,1.74,1.74,0.0,290.28,3.8,11.0,15.82,3,On,785.47,882.25
1789929960000000000,2026-09-20T18:46:00Z,free response,1.914,6.063,1.74,1.74,0.0,290.26,3.77,10.63,16.37,2,On,834.36,709.01
1789930020000000000,2026-09-20T18:47:00Z,free response,1.94,6.006,1.81,1.81,0.0,290.26,3.76,12.17,14.87,3,On,806.76,738.77
1789930080000000000,2026-09-20T18:48:00Z,free response,1.902,5.92,1.7,1.7,0.0,290.24,3.74,10.88,15.62,3,On,783.51,712.78
1789930140000000000,2026-09-20T18:49:00Z,free response,2.01,5.922,1.79,1.79,0.0,290.24,3.73,11.02,16.24,2,On,790.96,709.63
1789930200000000000,2026-09-20T18:50:00Z,free response,2.031,5.965,1.72,1.72,0.0,290.23,3.72,13.06,13.17,3,On,773.56,717.52
1789930260000000000,2026-09-20T18:51:00Z,free response,2.095,5.845,1.83,1.83,0.0,290.22,3.7,11.59,15.79,1,On,774.02,721.65
1789930320000000000,2026-09-20T18:52:00Z,free response,2.176,5.837,1.89,1.89,0.0,290.21,3.69,14.36,13.16,2,On,783.74,695.22
1789930380000000000,2026-09-20T18:53:00Z,free response,2.181,5.873,1.9,1.9,0.0,290.2,3.66,13.54,14.03,2,On,760.0,677.79
1789930440000000000,2026-09-20T18:54:00Z,free response,2.111,5.795,1.72,1.72,0.0,290.18,3.64,12.26,14.03,3,On,714.27,647.82
1789930500000000000,2026-09-20T18:55:00Z,free response,2.141,5.755,1.85,1.85,0.0,290.17,3.61,14.15,13.07,1,On,706.76,668.86
1789930560000000000,2026-09-20T18:56:00Z,free response,2.17,5.714,1.77,1.77,0.0,290.15,3.59,14.7,12.04,2,On,693.17,695.87
1789930620000000000,2026-09-20T18:57:00Z,free response,2.22,5.763,1.66,1.66,0.0,290.14,3.56,14.87,11.16,1,On,729.2,723.9
1789930680000000000,2026-09-20T18:58:00Z,free response,2.245,5.764,1.56,1.56,0.0,290.12,3.54,13.95,11.18,1,On,686.9,728.87
1789930740000000000,2026-09-20T18:59:00Z,free response,2.26,5.848,1.5,1.5,0.0,290.12,3.53,14.98,10.01,3,On,728.83,718.47
1789930800000000000,2026-09-20T19:00:00Z,free response,2.196,5.828,1.56,1.56,0.0,290.11,3.52,13.3,11.73,3,On,700.25,689.33
1789930860000000000,2026-09-20T19:01:00Z,free response,2.234,5.743,1.45,1.45,0.0,290.1,3.5,15.2,9.54,1,On,735.21,665.68
1789930920000000000,2026-09-20T19:02:00Z,free response,2.174,5.659,1.4,1.4,0.0,290.09,3.49,13.42,10.43,3,On,778.12,644.63
1789930980000000000,2026-09-20T19:03:00Z,free response,2.06,5.642,1.33,1.33,0.0,290.08,3.47,12.3,10.81,2,On,770.71,619.87
1789931040000000000,2026-09-20T19:04:00Z,free response,2.154,5.617,1.22,1.22,0.0,290.08,3.46,13.58,8.98,1,On,733.85,603.58
1789931100000000000,2026-09-20T19:05:00Z,free response,2.219,5.633,1.2,1.2,0.0,290.07,3.45,13.91,8.63,2,On,774.84,630.97
1789931160000000000,2026-09-20T19:06:00Z,free response,2.168,5.704,1.08,1.08,0.0,290.06,3.43,13.77,7.84,1,On,796.16,659.0
1789931220000000000,2026-09-20T19:07:00Z,free response,2.204,5.642,1.11,1.11,0.0,290.05,3.42,14.5,7.66,3,On,842.36,654.18
1789931280000000000,2026-09-20T19:08:00Z,free response,2.131,5.625,1.17,1.17,0.0,290.03,3.39,13.18,8.88,3,On,872.86,666.46
1789931340000000000,2026-09-20T19:09:00Z,free response,2.137,5.63,1.13,1.13,0.0,290.03,3.38,12.7,8.9,2,On,892.63,647.52
1789931400000000000,2026-09-20T19:10:00Z,free response,2.135,5.61,1.17,1.17,0.0,290.03,3.38,13.63,8.58,3,On,907.88,633.92
1789931460000000000,2026-09-20T19:11:00Z,free response,2.166,5.625,1.29,1.29,0.0,290.01,3.35,12.01,10.74,3,On,889.28,652.87
1789931520000000000,2026-09-20T19:12:00Z,free response,2.044,5.585,1.18,1.18,0.0,290.0,3.33,11.14,10.59,2,On,853.34,682.21
1789931580000000000,2026-09-20T19:13:00Z,free response,2.015,5.654,1.1,1.1,0.0,289.99,3.32,11.15,9.87,3,On,833.58,704.88
1789931640000000000,2026-09-20T19:14:00Z,free response,1.901,5.595,1.19,1.19,0.0,289.97,3.29,9.36,12.71,3,On,819.92,703.6
1789931700000000000,2026-09-20T19:15:00Z,free response,1.893,5.612,1.21,1.21,0.0,289.96,3.26,10.47,11.56,3,On,835.47,674.05
1789931760000000000,2026-09-20T19:16:00Z,free response,1.864,5.621,1.12,1.12,0.0,289.94,3.24,10.14,11.05,2,On,864.49,644.92
1789931820000000000,2026-09-20T19:17:00Z,free response,1.849,5.638,1.08,1.08,0.0,289.93,3.22,9.21,11.73,3,On,835.32,634.11
1789931880000000000,2026-09-20T19:18:00Z,free response,1.896,5.654,1.16,1.16,0.0,289.92,3.2,10.55,11.0,2,On,863.35,651.96
1789931940000000000,2026-09-20T19:19:00Z,free response,1.879,5.629,1.06,1.06,0.0,289.9,3.16,9.91,10.7,1,On,822.51,650.23
1789932000000000000,2026-09-20T19:20:00Z,free response,1.892,5.503,0.98,0.98,0.0,289.88,3.13,9.78,10.02,3,On,793.38,649.78
1789932060000000000,2026-09-20T19:21:00Z,free response,1.934,5.515,0.95,0.95,0.0,289.87,3.11,11.33,8.38,3,On,791.32,654.84
1789932120000000000,2026-09-20T19:22:00Z,free response,1.903,5.587,1.01,1.01,0.0,289.85,3.09,11.07,9.12,2,On,800.91,673.83
1789932180000000000,2026-09-20T19:23:00Z,free response,1.827,5.572,1.09,1.09,0.0,289.85,3.08,9.56,11.4,3,On,833.55,681.74
1789932240000000000,2026-09-20T19:24:00Z,free response,1.841,5.682,1.08,1.08,0.0,289.84,3.07,10.41,10.37,1,On,841.4,679.95
1789932300000000000,2026-09-20T19:25:00Z,free response,1.842,5.617,1.13,1.13,0.0,289.84,3.06,9.49,11.91,1,On,857.1,658.84
1789932360000000000,2026-09-20T19:26:00Z,free response,1.829,5.587,1.22,1.22,0.0,289.82,3.04,9.55,12.77,2,On,848.66,658.31
1789932420000000000,2026-09-20T19:27:00Z,free response,1.834,5.547,1.2,1.2,0.0,289.82,3.03,8.67,13.84,3,On,838.17,679.82
1789932480000000000,2026-09-20T19:28:00Z,free response,1.826,5.507,1.31,1.31,0.0,289.81,3.01,9.16,14.3,1,On,847.66,695.33
1789932540000000000,2026-09-20T19:29:00Z,free response,1.789,5.519,1.42,1.42,0.0,289.78,2.97,9.48,14.98,3,On,827.98,677.31
1789932600000000000,2026-09-20T19:30:00Z,free response,1.742,5.56,1.49,1.49,0.0,289.78,2.96,7.72,19.3,1,On,861.16,662.77
1789932660000000000,2026-09-20T19:31:00Z,free response,1.752,5.608,1.39,1.39,0.0,289.76,2.94,8.57,16.22,3,On,818.65,658.14
1789932720000000000,2026-09-20T19:32:00Z,free response,1.738,5.601,1.46,1.46,0.0,289.75,2.92,8.32,17.55,3,On,829.44,668.98
1789932780000000000,2026-09-20T19:33:00Z,free response,1.682,5.466,1.32,1.32,0.0,289.73,2.89,7.48,17.65,3,On,781.94,656.07
1789932840000000000,2026-09-20T19:34:00Z,free response,1.744,5.395,1.21,1.21,0.0,289.73,2.88,9.0,13.44,3,On,768.22,630.14
1789932900000000000,2026-09-20T19:35:00Z,free response,1.688,5.411,1.22,1.22,0.0,289.71,2.85,7.61,16.03,1,On,779.71,637.48
1789932960000000000,2026-09-20T19:36:00Z,free response,1.704,5.473,1.34,1.34,0.0,289.69,2.82,7.44,18.01,1,On,754.14,639.85
1789933020000000000,2026-09-20T19:37:00Z,free response,1.691,5.55,1.28,1.28,0.0,289.68,2.8,7.79,16.43,3,On,760.62,649.32
1789933080000000000,2026-09-20T19:38:00Z,free response,1.593,5.622,1.21,1.21,0.0,289.66,2.77,6.69,18.09,1,On,799.29,654.39
1789933140000000000,2026-09-20T19:39:00Z,free response,1.541,5.554,1.28,1.28,0.0,289.64,2.74,7.02,18.23,3,On,784.82,682.14
1789933200000000000,2026-09-20T19:40:00Z,free response,1.554,5.562,1.38,1.38,0.0,289.63,2.72,7.19,19.19,1,On,746.47,668.34
1789933260000000000,2026-09-20T19:41:00Z,free response,1.489,5.61,1.42,1.42,0.0,289.61,2.69,6.81,20.85,3,On,698.05,649.91
1789933320000000000,2026-09-20T19:42:00Z,free response,1.493,5.643,1.56,1.56,0.0,289.6,2.67,5.76,27.08,2,On,694.58,677.57
1789933380000000000,2026-09-20T19:43:00Z,free response,1.552,5.591,1.54,1.54,0.0,289.58,2.64,6.39,24.1,2,On,727.91,702.91
1789933440000000000,2026-09-20T19:44:00Z,free response,1.55,5.533,1.51,1.51,0.0,289.57,2.62,6.19,24.39,1,On,771.28,682.06
1789933500000000000,2026-09-20T19:45:00Z,free response,1.495,5.435,1.59,1.59,0.0,289.55,2.59,6.13,25.94,3,On,770.2,706.86
1789933560000000000,2026-09-20T19:46:00Z,free response,1.448,5.48,1.55,1.55,0.0,289.55,2.58,5.88,26.36,1,On,721.52,731.42
1789933620000000000,2026-09-20T19:47:00Z,free response,1.451,5.508,1.63,1.63,0.0,289.53,2.55,5.79,28.15,1,On,709.01,706.65
1789933680000000000,2026-09-20T19:48:00Z,free response,1.452,5.431,1.65,1.65,0.0,289.51,2.52,5.67,29.1,3,On,728.49,696.89
1789933740000000000,2026-09-20T19:49:00Z,free response,1.45,5.528,1.67,1.67,0.0,289.5,2.5,5.32,31.39,1,On,740.37,701.67
1789933800000000000,2026-09-20T19:50:00Z,free response,1.406,5.461,1.65,1.65,0.0,289.49,2.49,5.1,32.35,3,On,744.95,711.45
1789933860000000000,2026-09-20T19:51:00Z,free response,1.435,5.411,1.53,1.53,0.0,289.49,2.48,5.26,29.09,3,On,786.11,693.95
1789933920000000000,2026-09-20T19:52:00Z,free response,1.463,5.376,1.64,1.64,0.0,289.47,2.45,5.37,30.54,3,On,831.9,708.55
1789933980000000000,2026-09-20T19:53:00Z,free response,1.522,5.4,1.62,1.62,0.0,289.46,2.44,6.19,26.17,2,On,845.13,728.66
1789934040000000000,2026-09-20T19:54:00Z,free response,1.59,5.3,1.51,1.51,0.0,289.45,2.41,6.53,23.12,1,On,830.11,707.63
1789934100000000000,2026-09-20T19:55:00Z,free response,1.586,5.332,1.66,1.66,0.0,289.43,2.39,6.76,24.56,1,On,850.48,692.45
1789934160000000000,2026-09-20T19:56:00Z,free response,1.568,5.259,1.57,1.57,0.0,289.42,2.36,6.05,25.95,1,On,875.86,677.71
1789934220000000000,2026-09-20T19:57:00Z,free response,1.603,5.407,1.44,1.44,0.0,289.41,2.35,7.61,18.92,3,On,842.97,653.99
1789934280000000000,2026-09-20T19:58:00Z,free response,1.609,5.461,1.31,1.31,0.0,289.4,2.33,6.69,19.58,2,On,835.58,676.39
1789934340000000000,2026-09-20T19:59:00Z,free response,1.497,5.407,1.23,1.23,0.0,289.39,2.32,5.75,21.39,1,On,811.59,650.22
1789934400000000000,2026-09-20T20:00:00Z,free response,1.461,5.405,1.17,1.17,0.0,289.38,2.3,6.18,18.93,2,Starting,790.94,675.05
1789934460000000000,2026-09-20T20:01:00Z,free response,1.516,5.341,1.25,1.25,0.0,289.37,2.29,5.63,22.2,3,Starting,792.37,662.95
1789934520000000000,2026-09-20T20:02:00Z,free response,1.506,5.352,1.33,1.33,0.0,289.36,2.26,5.65,23.54,1,Starting,806.26,684.73
1789934580000000000,2026-09-20T20:03:00Z,free response,1.474,5.378,1.21,1.21,0.0,289.34,2.24,6.15,19.67,3,Starting,836.44,695.35
1789934640000000000,2026-09-20T20:04:00Z,free response,1.447,5.433,1.2,1.2,0.0,289.32,2.2,5.15,23.3,2,Starting,864.55,703.72
1789934700000000000,2026-09-20T20:05:00Z,free response,1.437,5.437,1.2,1.2,0.0,289.31,2.18,5.77,20.8,3,Starting,872.63,696.88
1789934760000000000,2026-09-20T20:06:00Z,free response,1.432,5.336,1.16,1.16,0.0,289.3,2.16,5.55,20.9,3,Starting,846.06,673.21
1789934820000000000,2026-09-20T20:07:00Z,free response,1.392,5.333,1.11,1.11,0.0,289.29,2.15,5.64,19.68,2,Starting,838.28,692.12
1789934880000000000,2026-09-20T20:08:00Z,free response,1.395,5.446,1.04,1.04,0.0,289.28,2.14,5.12,20.31,3,Starting,859.83,567.41
1789934940000000000,2026-09-20T20:09:00Z,free response,1.415,5.428,1.02,1.02,0.0,289.28,2.13,4.99,20.44,3,Starting,850.0,575.31
1789935000000000000,2026-09-20T20:10:00Z,free response,1.398,5.493,0.95,0.95,0.0,289.27,2.11,5.02,18.92,3,Starting,883.32,572.21
1789935060000000000,2026-09-20T20:11:00Z,free response,1.397,5.55,0.9,0.9,0.0,289.25,2.08,5.09,17.68,3,Starting,853.54,564.54
1789935120000000000,2026-09-20T20:12:00Z,free response,1.455,5.478,0.82,0.82,0.0,289.25,2.08,5.5,14.91,3,Starting,826.26,538.8
1789935180000000000,2026-09-20T20:13:00Z,free response,1.518,5.507,0.88,0.88,0.0,289.23,2.05,6.21,14.17,1,Starting,866.89,526.27
1789935240000000000,2026-09-20T20:14:00Z,free response,1.533,5.453,0.94,0.94,0.0,289.22,2.03,6.77,13.88,2,Starting,851.99,549.99
1789935300000000000,2026-09-20T20:15:00Z,free response,1.516,5.417,0.86,0.86,0.0,289.21,2.02,6.84,12.57,1,Starting,835.89,548.89
1789935360000000000,2026-09-20T20:16:00Z,free response,1.518,5.544,0.93,0.93,0.0,289.2,2.0,6.71,13.86,2,Starting,832.21,537.89
1789935420000000000,2026-09-20T20:17:00Z,free response,1.525,5.473,0.85,0.85,0.0,289.19,1.98,6.24,13.62,3,Starting,868.17,515.29
1789935480000000000,2026-09-20T20:18:00Z,free response,1.535,5.41,0.83,0.83,0.0,289.17,1.95,5.74,14.46,2,Starting,818.45,542.48
1789935540000000000,2026-09-20T20:19:00Z,free response,1.566,5.391,0.81,0.81,0.0,289.15,1.92,7.01,11.55,2,Starting,776.2,524.01
1789935600000000000,2026-09-20T20:20:00Z,free response,1.555,5.466,0.89,0.89,0.0,289.14,1.9,5.95,14.96,1,Starting,728.42,531.73
1789935660000000000,2026-09-20T20:21:00Z,free response,1.58,5.538,0.94,0.94,0.0,289.12,1.86,7.25,12.97,1,Starting,719.21,502.69
1789935720000000000,2026-09-20T20:22:00Z,free response,1.665,5.501,0.86,0.86,0.0,289.11,1.85,7.3,11.78,1,Starting,682.53,484.03
1789935780000000000,2026-09-20T20:23:00Z,free response,1.706,5.562,0.78,0.78,0.0,289.1,1.84,8.57,9.1,3,Starting,659.45,459.39
1789935840000000000,2026-09-20T20:24:00Z,free response,1.622,5.502,0.79,0.79,0.0,289.09,1.82,6.85,11.53,2,Starting,617.28,469.84
1789935900000000000,2026-09-20T20:25:00Z,free response,1.668,5.465,0.72,0.72,0.0,289.07,1.78,8.27,8.71,2,Starting,1382.9,329.66
1789935960000000000,2026-09-20T20:26:00Z,free response,1.727,5.388,0.71,0.71,0.0,289.07,1.78,8.19,8.67,2,Starting,1370.9,348.34
1789936020000000000,2026-09-20T20:27:00Z,free response,1.722,5.39,0.66,0.66,0.0,289.05,1.75,7.87,8.39,3,Starting,1332.96,363.89
1789936080000000000,2026-09-20T20:28:00Z,free response,1.756,5.373,0.63,0.63,0.0,289.04,1.74,8.41,7.49,1,Starting,1342.89,385.5
1789936140000000000,2026-09-20T20:29:00Z,free response,1.754,5.397,0.67,0.67,0.0,289.04,1.73,9.04,7.41,2,Starting,1318.31,407.73
1789936200000000000,2026-09-20T20:30:00Z,free response,1.759,5.358,0.64,0.64,0.0,289.01,1.69,8.8,7.27,3,Starting,1328.05,384.18
1789936260000000000,2026-09-20T20:31:00Z,free response,1.712,5.31,0.6,0.6,0.0,289.01,1.68,7.78,7.71,1,Starting,1338.89,391.07
1789936320000000000,2026-09-20T20:32:00Z,free response,1.596,5.322,0.55,0.55,0.0,288.99,1.65,6.38,8.62,3,Starting,1371.32,400.63
1789936380000000000,2026-09-20T20:33:00Z,free response,1.624,5.33,0.53,0.53,0.0,288.97,1.62,7.65,6.93,1,Starting,1411.12,426.41
1789936440000000000,2026-09-20T20:34:00Z,free response,1.618,5.372,0.48,0.48,0.0,288.97,1.61,6.77,7.09,1,Starting,1441.19,405.28
1789936500000000000,2026-09-20T20:35:00Z,free response,1.665,5.342,0.45,0.45,0.0,288.95,1.59,7.68,5.86,1,Starting,1410.25,403.82
1789936560000000000,2026-09-20T20:36:00Z,free response,1.665,5.389,0.4,0.4,0.0,288.95,1.58,6.87,5.82,3,Starting,1443.48,398.37
1789936620000000000,2026-09-20T20:37:00Z,free response,1.617,5.341,0.37,0.37,0.0,288.94,1.56,6.79,5.45,3,Starting,1399.01,393.13
1789936680000000000,2026-09-20T20:38:00Z,free response,1.617,5.394,0.36,0.36,0.0,288.93,1.55,7.72,4.66,1,Starting,1414.05,416.05
1789936740000000000,2026-09-20T20:39:00Z,free response,1.606,5.341,0.39,0.39,0.0,288.91,1.52,6.6,5.91,1,Starting,1377.22,430.03
1789936800000000000,2026-09-20T20:40:00Z,free response,1.561,5.289,0.42,0.42,0.0,288.91,1.51,6.18,6.8,3,Starting,1401.74,407.5
1789936860000000000,2026-09-20T20:41:00Z,free response,1.502,5.246,0.42,0.42,0.0,288.89,1.48,5.59,7.51,2,Starting,1403.64,380.13
1789936920000000000,2026-09-20T20:42:00Z,free response,1.474,5.273,0.43,0.43,0.0,288.88,1.46,5.82,7.39,2,Starting,1445.78,364.75
1789936980000000000,2026-09-20T20:43:00Z,free response,1.552,5.258,0.41,0.41,0.0,288.86,1.43,5.82,7.04,2,Starting,1429.63,351.08
1789937040000000000,2026-09-20T20:44:00Z,free response,1.53,5.347,0.37,0.37,0.0,288.85,1.41,5.7,6.49,3,Starting,1419.97,346.97
1789937100000000000,2026-09-20T20:45:00Z,free response,1.588,5.326,0.35,0.35,0.0,288.83,1.39,7.01,4.99,3,Starting,1447.36,347.9
1789937160000000000,2026-09-20T20:46:00Z,free response,1.579,5.3,0.36,0.36,0.0,288.82,1.37,6.81,5.29,2,Starting,1405.98,344.0
1789937220000000000,2026-09-20T20:47:00Z,free response,1.606,5.297,0.37,0.37,0.0,288.8,1.34,6.77,5.47,3,Starting,1451.2,345.45
1789937280000000000,2026-09-20T20:48:00Z,free response,1.59,5.304,0.35,0.35,0.0,288.79,1.31,6.53,5.36,1,Starting,906.0,433.78
1789937340000000000,2026-09-20T20:49:00Z,free response,1.589,5.359,0.34,0.34,0.0,288.76,1.27,6.2,5.48,3,Starting,920.55,438.27
1789937400000000000,2026-09-20T20:50:00Z,free response,1.596,5.37,0.36,0.36,0.0,288.76,1.26,6.19,5.82,3,Starting,912.36,456.58
1789937460000000000,2026-09-20T20:51:00Z,free response,1.538,5.413,0.33,0.33,0.0,288.74,1.23,6.9,4.78,3,Starting,955.03,458.9
1789937520000000000,2026-09-20T20:52:00Z,free response,1.544,5.306,0.37,0.37,0.0,288.73,1.21,6.73,5.5,3,Starting,945.77,471.65
1789937580000000000,2026-09-20T20:53:00Z,free response,1.563,5.279,0.37,0.37,0.0,288.71,1.18,6.31,5.86,3,Starting,957.5,455.73
1789937640000000000,2026-09-20T20:54:00Z,free response,1.598,5.295,0.4,0.4,0.0,288.69,1.15,6.89,5.81,1,Starting,961.88,476.65
1789937700000000000,2026-09-20T20:55:00Z,free response,1.589,5.365,0.44,0.44,0.0,288.67,1.12,6.85,6.42,3,Starting,961.86,473.73
1789937760000000000,2026-09-20T20:56:00Z,free response,1.567,5.353,0.42,0.42,0.0,288.67,1.11,6.35,6.61,1,Starting,1006.57,453.63
1789937820000000000,2026-09-20T20:57:00Z,free response,1.565,5.309,0.46,0.46,0.0,288.72,1.2,6.07,7.58,2,On,1033.56,451.73
1789937880000000000,2026-09-20T20:58:00Z,free response,1.563,5.313,0.43,0.43,0.0,288.76,1.26,6.9,6.23,2,On,1072.84,427.15
1789937940000000000,2026-09-20T20:59:00Z,free response,1.507,5.323,0.45,0.45,0.0,288.78,1.3,5.87,7.67,3,On,1044.72,445.12
1789938000000000000,2026-09-20T21:00:00Z,free response,1.487,5.328,0.48,0.48,0.0,288.81,1.35,5.83,8.23,3,On,1025.04,465.19
1789938060000000000,2026-09-20T21:01:00Z,free response,1.535,5.371,0.49,0.49,0.0,288.84,1.4,6.76,7.25,1,On,500.63,592.31
1789938120000000000,2026-09-20T21:02:00Z,free response,1.54,5.406,0.54,0.54,0.0,288.86,1.43,5.87,9.2,2,On,544.42,562.52
1789938180000000000,2026-09-20T21:03:00Z,free response,1.545,5.453,0.51,0.51,0.0,288.88,1.47,6.35,8.03,3,On,593.94,539.37
1789938240000000000,2026-09-20T21:04:00Z,free response,1.481,5.586,0.56,0.56,0.0,288.94,1.56,6.56,8.54,1,On,564.39,539.85
1789938300000000000,2026-09-20T21:05:00Z,free response,1.566,5.657,0.53,0.53,0.0,288.98,1.63,6.83,7.76,2,On,599.5,550.13
1789938360000000000,2026-09-20T21:06:00Z,free response,1.599,5.7,0.51,0.51,0.0,289.03,1.71,6.92,7.37,2,On,1458.76,862.69
1789938420000000000,2026-09-20T21:07:00Z,free response,1.601,5.637,0.47,0.47,0.0,289.07,1.78,7.67,6.13,1,On,1470.34,875.44
1789938480000000000,2026-09-20T21:08:00Z,free response,1.589,5.674,0.52,0.52,0.0,289.09,1.82,6.89,7.55,3,On,1477.37,902.57
1789938540000000000,2026-09-20T21:09:00Z,free response,1.639,5.613,0.55,0.55,0.0,289.13,1.88,7.96,6.91,2,On,1500.0,922.0
1789938600000000000,2026-09-20T21:10:00Z,free response,1.717,5.636,0.56,0.56,0.0,289.17,1.95,7.67,7.3,3,On,1500.0,903.45
1789938660000000000,2026-09-20T21:11:00Z,free response,1.707,5.647,0.55,0.55,0.0,289.22,2.03,7.86,7.0,3,On,1490.16,896.75
1789938720000000000,2026-09-20T21:12:00Z,free response,1.643,5.689,0.51,0.51,0.0,289.24,2.07,8.21,6.21,1,On,1500.0,915.68
1789938780000000000,2026-09-20T21:13:00Z,free response,1.619,5.601,0.53,0.53,0.0,289.27,2.12,6.66,7.96,2,On,1500.0,890.35
1789938840000000000,2026-09-20T21:14:00Z,free response,1.673,5.659,0.56,0.56,0.0,289.32,2.2,8.4,6.67,2,On,1500.0,910.01
1789938900000000000,2026-09-20T21:15:00Z,free response,1.633,5.71,0.59,0.59,0.0,289.35,2.25,7.61,7.75,2,On,1500.0,918.07
1789938960000000000,2026-09-20T21:16:00Z,free response,1.627,5.703,0.61,0.61,0.0,289.37,2.29,7.53,8.1,1,On,1500.0,906.39
1789939020000000000,2026-09-20T21:17:00Z,free response,1.559,5.645,0.6,0.6,0.0,289.42,2.37,6.41,9.36,1,On,1500.0,932.58
1789939080000000000,2026-09-20T21:18:00Z,free response,1.527,5.691,0.61,0.61,0.0,289.43,2.39,6.67,9.15,2,On,1500.0,950.69
1789939140000000000,2026-09-20T21:19:00Z,free response,1.555,5.773,0.64,0.64,0.0,289.47,2.45,6.63,9.65,1,On,1500.0,943.98
1789939200000000000,2026-09-20T21:20:00Z,free response,1.62,5.743,0.63,0.63,0.0,289.52,2.53,7.44,8.47,1,On,1208.96,605.78
1789939260000000000,2026-09-20T21:21:00Z,free response,1.593,5.681,0.63,0.63,0.0,289.57,2.62,6.83,9.22,3,On,1175.38,616.71
1789939320000000000,2026-09-20T21:22:00Z,free response,1.54,5.756,0.6,0.6,0.0,289.6,2.67,7.07,8.49,1,On,1165.5,624.76
1789939380000000000,2026-09-20T21:23:00Z,free response,1.589,5.773,0.56,0.56,0.0,289.63,2.72,6.93,8.08,3,On,1198.92,601.61
1789939440000000000,2026-09-20T21:24:00Z,free response,1.593,5.685,0.56,0.56,0.0,289.69,2.81,6.51,8.6,3,On,1149.46,628.19
1789939500000000000,2026-09-20T21:25:00Z,free response,1.625,5.825,0.51,0.51,0.0,289.72,2.86,7.31,6.98,1,On,1158.52,641.94
1789939560000000000,2026-09-20T21:26:00Z,free response,1.702,5.86,0.52,0.52,0.0,289.73,2.88,8.21,6.33,1,On,1136.62,649.33
1789939620000000000,2026-09-20T21:27:00Z,free response,1.739,5.866,0.52,0.52,0.0,289.78,2.97,8.71,5.97,1,On,1350.48,646.79
1789939680000000000,2026-09-20T21:28:00Z,free response,1.722,5.787,0.56,0.56,0.0,289.81,3.01,8.32,6.73,3,On,1375.09,621.47
1789939740000000000,2026-09-20T21:29:00Z,free response,1.734,5.644,0.59,0.59,0.0,289.84,3.06,9.1,6.48,1,On,1409.97,649.88
1789939800000000000,2026-09-20T21:30:00Z,free response,1.73,5.621,0.53,0.53,0.0,289.87,3.12,9.18,5.77,3,On,1459.9,764.66
1789939860000000000,2026-09-20T21:31:00Z,free response,1.767,5.607,0.49,0.49,0.0,289.89,3.15,8.99,5.45,2,On,1453.95,737.1
1789939920000000000,2026-09-20T21:32:00Z,free response,1.729,5.694,0.53,0.53,0.0,289.93,3.22,8.68,6.11,2,On,1422.05,757.85
1789939980000000000,2026-09-20T21:33:00Z,free response,1.806,5.727,0.5,0.5,0.0,289.97,3.28,8.66,5.77,3,On,1417.05,752.02
1789940040000000000,2026-09-20T21:34:00Z,free response,1.776,5.753,0.5,0.5,0.0,290.0,3.34,9.64,5.19,1,On,1399.14,775.24
1789940100000000000,2026-09-20T21:35:00Z,free response,1.825,5.714,0.55,0.55,0.0,290.02,3.37,8.91,6.17,3,On,1417.35,802.25
1789940160000000000,2026-09-20T21:36:00Z,free response,1.836,5.727,0.58,0.58,0.0,290.05,3.41,10.09,5.75,3,On,1433.67,815.36
1789940220000000000,2026-09-20T21:37:00Z,free response,1.907,5.735,0.63,0.63,0.0,290.08,3.47,10.48,6.01,3,On,1427.98,810.76
1789940280000000000,2026-09-20T21:38:00Z,free response,1.894,5.752,0.67,0.67,0.0,290.13,3.55,10.08,6.65,1,On,1459.68,803.0
1789940340000000000,2026-09-20T21:39:00Z,free response,1.908,5.825,0.72,0.72,0.0,290.17,3.62,10.78,6.68,1,On,1481.07,832.77
1789940400000000000,2026-09-20T21:40:00Z,free response,1.983,5.791,0.7,0.7,0.0,290.19,3.65,11.27,6.21,3,On,1476.34,856.98
1789940460000000000,2026-09-20T21:41:00Z,free response,1.995,5.738,0.7,0.7,0.0,290.23,3.72,10.71,6.54,3,On,1498.86,872.63
1789940520000000000,2026-09-20T21:42:00Z,free response,2.04,5.871,0.73,0.73,0.0,290.28,3.8,12.72,5.74,2,On,520.78,688.32
1789940580000000000,2026-09-20T21:43:00Z,free response,1.978,5.82,0.71,0.71,0.0,290.33,3.88,10.85,6.54,2,On,550.34,711.47
1789940640000000000,2026-09-20T21:44:00Z,free response,1.979,5.9,0.7,0.7,0.0,290.35,3.92,12.04,5.81,2,On,595.84,709.72
1789940700000000000,2026-09-20T21:45:00Z,free response,1.998,5.956,0.73,0.73,0.0,290.38,3.96,12.24,5.96,3,On,609.49,693.47
1789940760000000000,2026-09-20T21:46:00Z,free response,2.015,5.861,0.71,0.71,0.0,290.4,4.0,12.48,5.69,3,On,584.06,704.53
1789940820000000000,2026-09-20T21:47:00Z,free response,2.012,5.896,0.73,0.73,0.0,290.45,4.09,10.81,6.75,2,On,566.53,712.16
1789940880000000000,2026-09-20T21:48:00Z,free response,1.976,5.919,0.8,0.8,0.0,290.5,4.16,11.06,7.23,3,On,576.54,694.91
1789940940000000000,2026-09-20T21:49:00Z,free response,1.995,6.015,0.85,0.85,0.0,290.55,4.25,12.49,6.81,1,On,561.81,695.3
1789941000000000000,2026-09-20T21:50:00Z,free response,1.94,6.069,0.82,0.82,0.0,290.58,4.3,10.97,7.47,3,On,580.14,688.39
1789941060000000000,2026-09-20T21:51:00Z,free response,1.889,6.018,0.77,0.77,0.0,290.63,4.38,10.04,7.67,2,On,572.39,703.89
1789941120000000000,2026-09-20T21:52:00Z,free response,1.98,5.994,0.73,0.73,0.0,290.65,4.41,11.31,6.45,3,On,546.07,689.82
1789941180000000000,2026-09-20T21:53:00Z,free response,1.984,5.874,0.76,0.76,0.0,290.66,4.43,12.03,6.32,2,On,539.14,674.41
1789941240000000000,2026-09-20T21:54:00Z,free response,1.939,5.781,0.78,0.78,0.0,290.69,4.49,11.71,6.66,3,On,585.6,689.16
1789941300000000000,2026-09-20T21:55:00Z,free response,1.875,5.785,0.82,0.82,0.0,290.71,4.52,10.45,7.85,1,On,561.38,669.41
1789941360000000000,2026-09-20T21:56:00Z,free response,1.953,5.746,0.78,0.78,0.0,290.75,4.59,11.19,6.97,1,On,568.11,667.08
1789941420000000000,2026-09-20T21:57:00Z,free response,1.95,5.828,0.74,0.74,0.0,290.78,4.63,10.74,6.89,2,On,596.91,639.69
1789941480000000000,2026-09-20T21:58:00Z,free response,1.962,5.794,0.81,0.81,0.0,290.81,4.68,12.03,6.73,2,On,588.34,623.09
1789941540000000000,2026-09-20T21:59:00Z,free response,1.892,5.838,0.76,0.76,0.0,290.84,4.74,9.65,7.88,2,On,1316.42,920.57
1789941600000000000,2026-09-20T22:00:00Z,free response,1.88,5.847,0.79,0.79,0.0,290.87,4.79,10.61,7.45,2,On,1280.64,897.59
1789941660000000000,2026-09-20T22:01:00Z,free response,1.888,5.695,0.81,0.81,0.0,290.92,4.86,9.86,8.22,3,On,1275.7,920.26
1789941720000000000,2026-09-20T22:02:00Z,free response,1.857,5.661,0.87,0.87,0.0,290.96,4.93,9.08,9.58,3,On,1320.7,924.27
1789941780000000000,2026-09-20T22:03:00Z,free response,1.866,5.683,0.85,0.85,0.0,291.01,5.02,10.75,7.91,1,On,1270.99,902.63
1789941840000000000,2026-09-20T22:04:00Z,free response,1.781,5.61,0.77,0.77,0.0,291.05,5.09,8.49,9.07,2,On,1230.58,885.55
1789941900000000000,2026-09-20T22:05:00Z,free response,1.771,5.574,0.71,0.71,0.0,291.07,5.12,8.15,8.71,2,On,1216.46,896.83
1789941960000000000,2026-09-20T22:06:00Z,free response,1.738,5.628,0.74,0.74,0.0,291.1,5.16,8.68,8.53,2,On,1182.38,871.46
1789942020000000000,2026-09-20T22:07:00Z,free response,1.766,5.6,0.76,0.76,0.0,291.14,5.23,9.22,8.24,2,On,1172.29,898.62
1789942080000000000,2026-09-20T22:08:00Z,free response,1.71,5.62,0.79,0.79,0.0,291.19,5.31,8.54,9.25,2,On,1181.56,920.06
1789942140000000000,2026-09-20T22:09:00Z,free response,1.76,5.691,0.81,0.81,0.0,291.22,5.36,8.0,10.12,3,On,1137.8,920.21
1789942200000000000,2026-09-20T22:10:00Z,free response,1.814,5.788,0.77,0.77,0.0,291.25,5.41,8.67,8.88,1,On,1154.28,910.76
1789942260000000000,2026-09-20T22:11:00Z,free response,1.893,5.803,0.74,0.74,0.0,291.3,5.5,10.55,7.01,2,On,1130.12,938.46
1789942320000000000,2026-09-20T22:12:00Z,free response,1.82,5.761,0.75,0.75,0.0,291.34,5.57,10.22,7.34,1,On,1154.14,948.98
1789942380000000000,2026-09-20T22:13:00Z,free response,1.833,5.626,0.79,0.79,0.0,291.36,5.6,9.14,8.64,1,On,1131.67,939.16
1789942440000000000,2026-09-20T22:14:00Z,free response,1.823,5.631,0.79,0.79,0.0,291.38,5.64,9.43,8.38,1,On,1178.61,930.17
1789942500000000000,2026-09-20T22:15:00Z,free response,1.896,5.584,0.71,0.71,0.0,291.4,5.66,9.75,7.28,2,On,1173.94,902.0
1789942560000000000,2026-09-20T22:16:00Z,free response,1.882,5.575,0.76,0.76,0.0,291.41,5.69,10.76,7.06,2,On,1169.37,873.2
1789942620000000000,2026-09-20T22:17:00Z,free response,1.894,5.708,0.74,0.74,0.0,291.46,5.77,10.6,6.98,2,On,1148.21,871.35
1789942680000000000,2026-09-20T22:18:00Z,free response,1.971,5.674,0.73,0.73,0.0,291.51,5.85,10.84,6.73,3,On,1124.18,875.89
1789942740000000000,2026-09-20T22:19:00Z,free response,1.98,5.681,0.76,0.76,0.0,291.53,5.88,11.65,6.52,1,On,1077.0,865.9
1789942800000000000,2026-09-20T22:20:00Z,free response,2.007,5.64,0.77,0.77,0.0,291.55,5.92,10.57,7.28,1,On,1050.46,864.63
1789942860000000000,2026-09-20T22:21:00Z,free response,1.925,5.648,0.75,0.75,0.0,291.58,5.96,11.04,6.79,1,On,1039.32,871.42
1789942920000000000,2026-09-20T22:22:00Z,free response,2.046,5.636,0.74,0.74,0.0,291.62,6.03,12.87,5.75,2,On,1077.25,865.87
1789942980000000000,2026-09-20T22:23:00Z,free response,2.003,5.602,0.68,0.68,0.0,291.67,6.11,10.14,6.71,3,On,1113.76,840.04
1789943040000000000,2026-09-20T22:24:00Z,free response,2.026,5.599,0.66,0.66,0.0,291.7,6.17,10.55,6.26,2,On,1110.89,834.44
1789943100000000000,2026-09-20T22:25:00Z,free response,2.041,5.7,0.69,0.69,0.0,291.75,6.25,12.37,5.58,3,On,1091.26,852.05
1789943160000000000,2026-09-20T22:26:00Z,free response,1.98,5.699,0.63,0.63,0.0,291.79,6.32,11.67,5.4,2,Off,1093.21,837.86
1789943220000000000,2026-09-20T22:27:00Z,free response,1.998,5.662,0.63,0.63,0.0,291.81,6.35,10.3,6.12,2,Off,1124.49,853.88
1789943280000000000,2026-09-20T22:28:00Z,free response,2.016,5.655,0.6,0.6,0.0,291.83,6.39,10.44,5.75,3,Off,1091.87,842.55
1789943340000000000,2026-09-20T22:29:00Z,free response,2.053,5.642,0.65,0.65,0.0,291.86,6.43,11.88,5.47,1,Off,1126.47,867.68
1789943400000000000,2026-09-20T22:30:00Z,free response,2.046,5.702,0.7,0.7,0.0,291.9,6.5,13.07,5.36,2,Off,1127.65,839.87
1789943460000000000,2026-09-20T22:31:00Z,free response,2.044,5.881,0.73,0.73,0.0,291.94,6.57,11.14,6.55,3,Off,1112.3,863.65
1789943520000000000,2026-09-20T22:32:00Z,free response,2.067,5.923,0.68,0.68,0.0,291.98,6.64,12.31,5.52,3,Off,1130.86,856.01
1789943580000000000,2026-09-20T22:33:00Z,free response,2.047,5.885,0.64,0.64,0.0,292.0,6.67,11.68,5.48,3,Off,1095.95,866.03
1789943640000000000,2026-09-20T22:34:00Z,free response,2.041,5.912,0.63,0.63,0.0,292.02,6.7,11.6,5.43,1,Off,1107.14,858.13
1789943700000000000,2026-09-20T22:35:00Z,free response,1.995,6.006,0.62,0.62,0.0,292.04,6.73,11.59,5.35,1,Off,1151.03,858.42
1789943760000000000,2026-09-20T22:36:00Z,free response,1.863,6.025,0.6,0.6,0.0,292.08,6.8,10.23,5.87,1,Off,1149.26,868.75
1789943820000000000,2026-09-20T22:37:00Z,free response,1.898,6.034,0.65,0.65,0.0,292.13,6.89,9.97,6.52,3,Off,1162.66,840.02
1789943880000000000,2026-09-20T22:38:00Z,free response,2.006,6.184,0.63,0.63,0.0,292.18,6.97,12.17,5.18,2,Off,1172.13,822.8
1789943940000000000,2026-09-20T22:39:00Z,free response,1.971,6.132,0.59,0.59,0.0,292.21,7.02,11.4,5.18,3,Off,1207.23,824.09
1789944000000000000,2026-09-20T22:40:00Z,free response,1.884,6.178,0.57,0.57,0.0,292.24,7.06,11.44,4.98,1,Off,1200.52,839.51
1789944060000000000,2026-09-20T22:41:00Z,free response,1.896,6.235,0.54,0.54,0.0,292.26,7.1,12.12,4.46,2,Off,1171.77,819.05
1789944120000000000,2026-09-20T22:42:00Z,free response,1.907,6.198,0.57,0.57,0.0,292.29,7.15,10.64,5.36,3,Off,1184.48,829.5
1789944180000000000,2026-09-20T22:43:00Z,free response,1.939,6.194,0.6,0.6,0.0,292.34,7.23,11.62,5.16,2,Off,1176.6,838.22
1789944240000000000,2026-09-20T22:44:00Z,free response,1.998,6.105,0.61,0.61,0.0,292.38,7.3,12.98,4.7,3,Off,1167.64,854.25
1789944300000000000,2026-09-20T22:45:00Z,free response,2.047,6.093,0.67,0.67,0.0,292.43,7.38,12.03,5.57,1,Off,1154.18,855.67
1789944360000000000,2026-09-20T22:46:00Z,free response,2.02,6.045,0.66,0.66,0.0,292.47,7.45,11.38,5.8,2,Off,1174.35,856.82
1789944420000000000,2026-09-20T22:47:00Z,free response,1.96,5.937,0.61,0.61,0.0,292.49,7.48,11.92,5.12,2,Off,1167.93,858.18
1789944480000000000,2026-09-20T22:48:00Z,free response,1.914,5.968,0.65,0.65,0.0,292.52,7.53,12.01,5.41,3,Off,1209.92,862.2
1789944540000000000,2026-09-20T22:49:00Z,free response,1.929,5.976,0.62,0.62,0.0,292.56,7.6,11.05,5.61,2,Off,1184.33,889.93
1789944600000000000,2026-09-20T22:50:00Z,free response,1.938,5.879,0.65,0.65,0.0,292.58,7.64,11.5,5.65,3,Off,1196.52,877.99
1789944660000000000,2026-09-20T22:51:00Z,free response,2.03,5.875,0.62,0.62,0.0,292.64,7.73,11.34,5.47,2,Off,1237.66,857.96
1789944720000000000,2026-09-20T22:52:00Z,free response,1.98,5.891,0.65,0.65,0.0,292.66,7.76,12.29,5.29,2,Off,1276.55,829.17
1789944780000000000,2026-09-20T22:53:00Z,free response,1.941,5.85,0.66,0.66,0.0,292.68,7.8,10.97,6.02,1,Off,1236.78,842.08
1789944840000000000,2026-09-20T22:54:00Z,free response,1.878,5.889,0.68,0.68,0.0,292.72,7.87,11.09,6.13,3,Off,1263.55,819.07
1789944900000000000,2026-09-20T22:55:00Z,free response,1.861,5.871,0.65,0.65,0.0,292.77,7.95,10.03,6.48,1,Off,1253.81,805.85
1789944960000000000,2026-09-20T22:56:00Z,free response,1.782,5.94,0.69,0.69,0.0,292.79,7.99,8.57,8.05,1,Off,1216.0,796.18
1789945020000000000,2026-09-20T22:57:00Z,free response,1.751,5.955,0.66,0.66,0.0,292.82,8.04,9.34,7.07,3,Off,1183.7,795.41
1789945080000000000,2026-09-20T22:58:00Z,free response,1.793,5.809,0.65,0.65,0.0,292.85,8.08,9.73,6.68,3,Off,1225.96,778.32
1789945140000000000,2026-09-20T22:59:00Z,free response,1.784,5.775,0.61,0.61,0.0,292.88,8.14,8.46,7.21,2,Off,1235.28,762.36
1789945200000000000,2026-09-20T23:00:00Z,free response,1.755,5.705,0.63,0.63,0.0,292.93,8.21,9.09,6.93,2,Off,1251.71,764.4
1789945260000000000,2026-09-20T23:01:00Z,free response,1.704,5.718,0.65,0.65,0.0,292.95,8.25,9.03,7.2,1,Off,1260.64,734.96
1789945320000000000,2026-09-20T23:02:00Z,free response,1.703,5.578,0.67,0.67,0.0,292.98,8.3,7.45,8.99,2,Off,1243.22,745.12
1789945380000000000,2026-09-20T23:03:00Z,free response,1.639,5.535,0.68,0.68,0.0,293.0,8.33,6.7,10.15,1,Off,1229.6,733.01
1789945440000000000,2026-09-20T23:04:00Z,free response,1.647,5.541,0.64,0.64,0.0,293.03,8.39,6.77,9.45,3,Off,1268.64,721.93
1789945500000000000,2026-09-20T23:05:00Z,free response,1.754,5.546,0.67,0.67,0.0,293.06,8.43,7.9,8.48,1,Off,1269.12,704.29
1789945560000000000,2026-09-20T23:06:00Z,free response,1.702,5.493,0.6,0.6,0.0,293.08,8.47,8.59,6.98,2,Off,1283.57,698.46
1789945620000000000,2026-09-20T23:07:00Z,free response,1.778,5.642,0.6,0.6,0.0,293.13,8.55,8.33,7.2,3,Off,1247.97,700.38
1789945680000000000,2026-09-20T23:08:00Z,free response,1.806,5.613,0.55,0.55,0.0,293.18,8.63,9.48,5.8,1,Off,1230.57,687.49
1789945740000000000,2026-09-20T23:09:00Z,free response,1.837,5.633,0.55,0.55,0.0,293.22,8.7,8.71,6.31,3,Off,1071.55,768.04
1789945800000000000,2026-09-20T23:10:00Z,free response,1.875,5.659,0.52,0.52,0.0,293.26,8.76,10.33,5.03,1,Off,1116.81,788.92
1789945860000000000,2026-09-20T23:11:00Z,free response,1.927,5.6,0.55,0.55,0.0,293.3,8.84,10.0,5.5,1,Off,1078.2,816.23
1789945920000000000,2026-09-20T23:12:00Z,free response,1.931,5.594,0.51,0.51,0.0,293.33,8.89,9.91,5.15,1,Off,1029.23,834.59
1789945980000000000,2026-09-20T23:13:00Z,free response,1.937,5.691,0.49,0.49,0.0,293.36,8.94,10.67,4.59,3,Off,1239.55,335.2
1789946040000000000,2026-09-20T23:14:00Z,free response,1.887,5.711,0.5,0.5,0.0,293.39,8.99,9.47,5.28,1,Off,1203.83,337.71
1789946100000000000,2026-09-20T23:15:00Z,free response,1.91,5.756,0.48,0.48,0.0,293.44,9.06,9.78,4.91,2,Off,1174.83,345.04
1789946160000000000,2026-09-20T23:16:00Z,free response,1.909,5.835,0.5,0.5,0.0,293.49,9.15,9.84,5.08,1,Off,1190.32,316.94
1789946220000000000,2026-09-20T23:17:00Z,free response,1.843,5.865,0.48,0.48,0.0,293.51,9.18,9.28,5.17,1,Off,1207.66,305.3
1789946280000000000,2026-09-20T23:18:00Z,free response,1.855,5.891,0.51,0.51,0.0,293.53,9.21,10.0,5.1,2,Off,1185.07,330.6
1789946340000000000,2026-09-20T23:19:00Z,free response,1.887,5.936,0.54,0.54,0.0,293.56,9.26,11.37,4.75,1,Off,1183.63,358.04
1789946400000000000,2026-09-20T23:20:00Z,free response,1.832,5.879,0.53,0.53,0.0,293.59,9.31,9.15,5.79,2,Off,1194.9,372.07
1789946460000000000,2026-09-20T23:21:00Z,free response,1.831,5.847,0.51,0.51,0.0,293.6,9.34,9.17,5.56,3,Off,1173.69,353.97
1789946520000000000,2026-09-20T23:22:00Z,free response,1.813,5.79,0.53,0.53,0.0,293.63,9.38,8.58,6.18,3,Off,1155.46,342.18
1789946580000000000,2026-09-20T23:23:00Z,free response,1.756,5.788,0.56,0.56,0.0,293.68,9.46,8.58,6.53,1,Off,1184.07,329.3
1789946640000000000,2026-09-20T23:24:00Z,free response,1.761,5.758,0.55,0.55,0.0,293.71,9.52,9.57,5.75,3,Off,1192.62,350.3
1789946700000000000,2026-09-20T23:25:00Z,free response,1.715,5.721,0.53,0.53,0.0,293.74,9.56,8.35,6.35,1,Off,1187.38,341.11
1789946760000000000,2026-09-20T23:26:00Z,free response,1.786,5.683,0.52,0.52,0.0,293.76,9.6,9.36,5.56,2,Off,1184.11,341.86
1789946820000000000,2026-09-20T23:27:00Z,free response,1.824,5.782,0.55,0.55,0.0,293.8,9.66,8.92,6.17,2,Off,1151.12,360.22
1789946880000000000,2026-09-20T23:28:00Z,free response,1.916,5.741,0.55,0.55,0.0,293.81,9.69,10.47,5.25,1,Off,1123.45,351.61
1789946940000000000,2026-09-20T23:29:00Z,free response,1.906,5.738,0.52,0.52,0.0,293.84,9.74,11.28,4.61,2,Off,1171.27,340.36
1789947000000000000,2026-09-20T23:30:00Z,free response,1.951,5.82,0.55,0.55,0.0,293.89,9.81,11.93,4.61,3,Off,1130.76,319.12
1789947060000000000,2026-09-20T23:31:00Z,free response,1.957,5.79,0.56,0.56,0.0,293.92,9.87,10.42,5.37,2,Off,1107.02,322.76
1789947120000000000,2026-09-20T23:32:00Z,free response,1.901,5.746,0.61,0.61,0.0,293.97,9.95,10.75,5.67,2,Off,584.33,757.18
1789947180000000000,2026-09-20T23:33:00Z,free response,1.844,5.833,0.63,0.63,0.0,294.0,10.01,10.82,5.82,1,Off,539.48,746.16
1789947240000000000,2026-09-20T23:34:00Z,free response,1.886,5.806,0.61,0.61,0.0,294.02,10.04,10.9,5.6,2,Off,498.44,758.14
1789947300000000000,2026-09-20T23:35:00Z,free response,1.775,5.729,0.66,0.66,0.0,294.06,10.11,9.89,6.67,3,Off,507.35,774.03
1789947360000000000,2026-09-20T23:36:00Z,free response,1.766,5.777,0.67,0.67,0.0,294.09,10.18,8.63,7.76,2,Off,554.02,770.99
1789947420000000000,2026-09-20T23:37:00Z,free response,1.795,5.796,0.7,0.7,0.0,294.11,10.22,8.76,7.99,1,Off,519.88,767.1
1789947480000000000,2026-09-20T23:38:00Z,free response,1.849,5.804,0.75,0.75,0.0,294.15,10.3,8.96,8.37,2,Off,554.86,787.08
1789947540000000000,2026-09-20T23:39:00Z,free response,1.765,5.784,0.79,0.79,0.0,294.19,10.37,9.37,8.43,3,Off,586.21,814.09
1789947600000000000,2026-09-20T23:40:00Z,free response,1.836,5.872,0.76,0.76,0.0,294.2,10.41,10.22,7.44,2,Off,593.9,791.17
1789947660000000000,2026-09-20T23:41:00Z,free response,1.813,5.853,0.72,0.72,0.0,294.24,10.48,9.39,7.67,1,Off,586.19,791.19
1789947720000000000,2026-09-20T23:42:00Z,free response,1.873,5.859,0.67,0.67,0.0,294.25,10.51,9.75,6.87,1,Off,627.59,808.78
1789947780000000000,2026-09-20T23:43:00Z,free response,1.833,5.918,0.65,0.65,0.0,294.29,10.58,9.41,6.91,3,Off,592.95,803.31
1789947840000000000,2026-09-20T23:44:00Z,free response,1.831,5.92,0.6,0.6,0.0,294.32,10.65,9.11,6.59,3,Off,575.26,812.85
1789947900000000000,2026-09-20T23:45:00Z,free response,1.821,5.99,0.64,0.64,0.0,294.36,10.72,10.47,6.11,2,Off,542.58,785.05
1789947960000000000,2026-09-20T23:46:00Z,free response,1.824,5.913,0.6,0.6,0.0,294.38,10.77,10.74,5.59,3,Off,1276.91,449.46
1789948020000000000,2026-09-20T23:47:00Z,free response,1.852,5.938,0.64,0.64,0.0,294.43,10.86,10.43,6.14,1,Off,1270.35,460.55
1789948080000000000,2026-09-20T23:48:00Z,free response,1.871,5.968,0.65,0.65,0.0,294.46,10.92,9.79,6.64,1,Off,1278.9,454.4
1789948140000000000,2026-09-20T23:49:00Z,free response,1.824,5.921,0.71,0.71,0.0,294.5,11.01,10.31,6.89,1,Off,1234.5,458.75
1789948200000000000,2026-09-20T23:50:00Z,free response,1.787,5.939,0.66,0.66,0.0,294.54,11.07,10.27,6.43,3,Off,1259.19,438.19
1789948260000000000,2026-09-20T23:51:00Z,free response,1.791,5.95,0.61,0.61,0.0,294.57,11.14,8.84,6.9,1,Off,1245.61,436.57
1789948320000000000,2026-09-20T23:52:00Z,free response,1.798,5.88,0.64,0.64,0.0,294.61,11.21,9.54,6.71,1,Off,1236.77,407.91
1789948380000000000,2026-09-20T23:53:00Z,free response,1.796,5.841,0.63,0.63,0.0,294.64,11.29,8.66,7.27,1,Off,1189.19,405.06
1789948440000000000,2026-09-20T23:54:00Z,free response,1.824,5.735,0.6,0.6,0.0,294.69,11.38,9.36,6.41,3,Off,1221.93,393.06
1789948500000000000,2026-09-20T23:55:00Z,free response,1.725,5.642,0.63,0.63,0.0,294.7,11.41,8.38,7.52,1,Off,1247.22,402.33
1789948560000000000,2026-09-20T23:56:00Z,free response,1.691,5.672,0.62,0.62,0.0,294.72,11.44,8.15,7.61,2,Off,1224.25,404.52
1789948620000000000,2026-09-20T23:57:00Z,free response,1.696,5.651,0.63,0.63,0.0,294.75,11.5,7.36,8.56,2,Off,1217.6,377.25
1789948680000000000,2026-09-20T23:58:00Z,free response,1.715,5.669,0.58,0.58,0.0,294.77,11.55,8.51,6.82,1,Off,1192.29,405.27
1789948740000000000,2026-09-20T23:59:00Z,free response,1.765,5.735,0.63,0.63,0.0,294.8,11.6,8.66,7.27,2,Off,1203.68,385.05
