timestamp_ns,timestamp_iso,controller,hs,tp,avg_power,power_in,power_out,battery_pct,sea_state_energy,efficiency,peaks,nextwave,nextwave_error,nextwave_error_2
1792540800000000000,2026-10-21T00:00:00Z,controller 1,2.38,6.494,127.61,47.15,257.94,9.68,17.06,100.0,2,Off,450.19,384.14
1792540860000000000,2026-10-21T00:01:00Z,controller 2,2.42,6.588,56.37,304.17,114.6,9.74,19.12,100.0,3,Off,435.77,389.43
1792540920000000000,2026-10-21T00:02:00Z,free response,2.367,7.103,-16.51,269.11,110.78,9.81,20.68,100.0,3,Off,436.45,361.42
1792540980000000000,2026-10-21T00:03:00Z,controller 1,2.458,6.575,10.71,40.74,89.85,9.86,20.87,100.0,3,Starting,481.1,348.9
1792541040000000000,2026-10-21T00:04:00Z,controller 2,2.487,6.529,27.47,216.74,123.52,9.9,19.25,100.0,2,Starting,451.78,346.19
1792541100000000000,2026-10-21T00:05:00Z,controller 2,2.414,6.888,161.16,443.23,345.02,9.93,19.87,100.0,3,Starting,409.49,329.67
1792541160000000000,2026-10-21T00:06:00Z,controller 1,2.424,6.781,178.32,114.51,313.6,10.01,19.61,100.0,1,Starting,450.28,349.84
1792541220000000000,2026-10-21T00:07:00Z,controller 1,2.483,6.847,181.47,3.74,440.26,10.04,23.15,100.0,3,Starting,434.87,361.24
1792541280000000000,2026-10-21T00:08:00Z,controller 2,2.36,6.487,49.98,422.5,63.05,10.11,19.62,100.0,1,Starting,409.73,378.45
1792541340000000000,2026-10-21T00:09:00Z,controller 2,2.411,6.919,99.39,442.86,142.08,10.15,18.31,100.0,3,Starting,447.4,375.24
1792541400000000000,2026-10-21T00:10:00Z,controller 2,2.425,6.632,100.95,248.9,567.54,10.2,21.0,100.0,1,Starting,419.86,368.05
1792541460000000000,2026-10-21T00:11:00Z,controller 2,2.477,6.729,88.55,181.01,30.06,10.24,22.71,100.0,1,Starting,441.78,383.49
1792541520000000000,2026-10-21T00:12:00Z,controller 1,2.372,6.947,118.39,12.62,433.6,10.28,20.33,100.0,1,Starting,401.49,395.07
1792541580000000000,2026-10-21T00:13:00Z,free response,2.467,6.395,146.57,85.07,99.02,10.32,18.36,100.0,3,Starting,444.49,404.68
1792541640000000000,2026-10-21T00:14:00Z,free response,2.377,6.332,12.24,359.1,149.08,10.37,16.73,100.0,2,Starting,489.59,402.26
1792541700000000000,2026-10-21T00:15:00Z,free response,2.451,6.887,62.84,52.99,112.13,10.44,19.25,100.0,2,Starting,491.69,406.83
1792541760000000000,2026-10-21T00:16:00Z,controller 2,2.486,6.336,49.06,447.78,448.11,10.52,18.76,100.0,2,Starting,488.16,387.28
1792541820000000000,2026-10-21T00:17:00Z,controller 2,2.329,7.098,154.58,294.83,562.61,10.57,20.34,100.0,1,Starting,448.34,398.5
1792541880000000000,2026-10-21T00:18:00Z,controller 1,2.408,6.429,169.56,196.77,490.82,10.59,17.69,100.0,2,Starting,428.72,409.2
1792541940000000000,2026-10-21T00:19:00Z,free response,2.427,6.84,128.24,391.45,126.87,10.64,19.17,100.0,2,Starting,467.98,432.56
1792542000000000000,2026-10-21T00:20:00Z,free response,2.31,6.441,16.12,302.9,123.31,10.68,16.55,100.0,1,Starting,504.86,449.52
1792542060000000000,2026-10-21T00:21:00Z,controller 2,2.412,6.895,181.76,292.75,205.42,10.76,18.88,100.0,1,Starting,517.96,419.88
1792542120000000000,2026-10-21T00:22:00Z,free response,2.429,6.866,89.82,230.78,270.84,10.84,19.76,100.0,3,Starting,522.23,423.05
1792542180000000000,2026-10-21T00:23:00Z,free response,2.391,6.874,-20.63,102.35,542.22,10.91,20.01,100.0,3,Starting,531.66,398.98
1792542240000000000,2026-10-21T00:24:00Z,controller 1,2.415,6.777,162.36,34.51,224.95,10.96,21.03,100.0,2,Starting,568.83,396.16
1792542300000000000,2026-10-21T00:25:00Z,free response,2.333,7.039,195.84,378.09,367.43,11.02,18.36,100.0,1,Starting,547.45,393.71
1792542360000000000,2026-10-21T00:26:00Z,controller 1,2.428,6.411,71.62,89.97,35.99,11.08,20.41,100.0,1,Starting,592.18,371.83
1792542420000000000,2026-10-21T00:27:00Z,free response,2.364,6.369,22.14,41.8,374.3,11.13,16.5,100.0,2,Starting,545.24,397.79
1792542480000000000,2026-10-21T00:28:00Z,controller 2,2.463,6.978,132.46,8.95,28.56,11.18,19.87,100.0,2,Starting,532.23,402.36
1792542540000000000,2026-10-21T00:29:00Z,free response,2.441,7.067,87.15,121.53,229.2,11.26,22.75,100.0,3,Starting,552.49,382.56
1792542600000000000,2026-10-21T00:30:00Z,controller 1,1.833,11.354,110.0,438.99,108.87,11.29,17.58,100.0,1,Starting,572.99,366.48
1792542660000000000,2026-10-21T00:31:00Z,free response,1.725,11.412,0.33,175.57,97.96,11.35,15.28,100.0,2,Starting,599.49,375.6
1792542720000000000,2026-10-21T00:32:00Z,controller 2,1.682,11.624,94.0,311.56,493.52,11.4,17.35,100.0,3,Starting,622.18,356.91
1792542780000000000,2026-10-21T00:33:00Z,controller 1,1.703,10.961,83.3,325.82,253.38,11.45,15.68,100.0,3,Starting,678.91,813.67
1792542840000000000,2026-10-21T00:34:00Z,free response,1.753,11.566,164.45,368.63,325.17,11.53,16.46,100.0,2,Starting,711.72,801.99
1792542900000000000,2026-10-21T00:35:00Z,controller 2,1.747,11.226,187.42,433.04,122.54,11.6,17.46,100.0,3,Starting,718.43,830.06
1792542960000000000,2026-10-21T00:36:00Z,controller 1,1.73,11.439,87.48,401.31,432.54,11.68,16.92,100.0,1,Starting,738.51,814.04
1792543020000000000,2026-10-21T00:37:00Z,free response,1.716,11.641,111.84,67.68,320.36,11.75,16.66,100.0,2,Starting,700.04,840.73
1792543080000000000,2026-10-21T00:38:00Z,controller 2,1.777,11.417,42.42,331.58,104.52,11.84,16.92,100.0,1,Starting,673.49,866.72
1792543140000000000,2026-10-21T00:39:00Z,controller 2,1.74,11.614,165.79,71.86,159.86,11.87,17.54,100.0,2,Starting,668.51,867.21
1792543200000000000,2026-10-21T00:40:00Z,controller 1,1.759,11.594,178.62,367.24,229.5,11.92,19.1,100.0,1,Starting,640.52,845.55
1792543260000000000,2026-10-21T00:41:00Z,controller 1,1.679,11.576,63.46,216.76,196.01,11.98,16.56,100.0,3,Starting,688.13,865.13
1792543320000000000,2026-10-21T00:42:00Z,controller 2,1.796,10.992,157.35,364.26,16.04,12.02,17.92,89.51,3,Starting,717.75,878.15
1792543380000000000,2026-10-21T00:43:00Z,controller 1,1.739,11.261,75.91,276.61,541.67,12.1,17.76,100.0,1,Starting,681.34,855.14
1792543440000000000,2026-10-21T00:44:00Z,controller 1,1.772,11.104,-22.76,365.06,482.63,12.15,18.23,100.0,1,Starting,645.18,827.22
1792543500000000000,2026-10-21T00:45:00Z,free response,1.673,11.42,103.02,268.38,357.24,12.24,15.91,100.0,3,Starting,660.37,827.94
1792543560000000000,2026-10-21T00:46:00Z,controller 1,1.743,11.106,135.02,46.83,11.51,12.29,17.37,66.26,3,Starting,633.39,837.27
1792543620000000000,2026-10-21T00:47:00Z,free response,1.76,11.571,-14.9,49.57,573.75,12.32,17.05,100.0,3,Starting,654.21,830.91
1792543680000000000,2026-10-21T00:48:00Z,controller 1,1.773,11.274,-29.46,109.66,61.98,12.36,19.1,100.0,1,Starting,673.38,820.09
1792543740000000000,2026-10-21T00:49:00Z,controller 2,1.699,11.235,32.67,436.12,126.93,12.39,15.11,100.0,1,Starting,688.83,792.63
1792543800000000000,2026-10-21T00:50:00Z,controller 1,1.76,11.293,82.8,397.18,387.59,12.44,16.35,100.0,2,Starting,658.0,779.24
1792543860000000000,2026-10-21T00:51:00Z,controller 2,1.731,11.131,-12.71,84.99,375.03,12.52,15.62,100.0,3,Starting,674.25,780.77
1792543920000000000,2026-10-21T00:52:00Z,controller 1,1.685,11.229,96.29,2.77,300.78,12.55,16.8,100.0,2,Starting,642.87,759.62
1792543980000000000,2026-10-21T00:53:00Z,controller 1,1.684,11.695,21.04,149.12,268.53,12.63,16.22,100.0,3,Starting,660.23,779.99
1792544040000000000,2026-10-21T00:54:00Z,controller 2,1.716,11.296,78.81,111.69,513.49,12.68,17.83,100.0,2,Starting,702.82,800.9
1792544100000000000,2026-10-21T00:55:00Z,free response,1.81,11.37,131.41,15.39,244.83,12.71,16.96,100.0,1,Starting,675.36,803.3
1792544160000000000,2026-10-21T00:56:00Z,free response,1.821,11.401,138.15,383.79,280.53,12.75,20.08,100.0,2,Starting,693.95,826.2
1792544220000000000,2026-10-21T00:57:00Z,controller 2,1.829,11.699,102.42,379.34,0.04,12.83,20.47,0.2,3,Starting,724.95,817.14
1792544280000000000,2026-10-21T00:58:00Z,free response,1.672,11.605,198.69,364.72,325.27,12.88,15.53,100.0,3,Starting,759.45,832.2
1792544340000000000,2026-10-21T00:59:00Z,controller 1,1.687,11.461,100.11,308.43,434.6,12.9,16.28,100.0,2,Starting,795.57,836.76
1792544400000000000,2026-10-21T01:00:00Z,controller 2,2.226,10.324,186.82,331.45,553.71,12.98,26.91,100.0,2,Starting,747.79,843.03
1792544460000000000,2026-10-21T01:01:00Z,free response,2.175,10.375,156.76,94.92,536.31,13.05,25.1,100.0,3,Starting,701.94,852.78
1792544520000000000,2026-10-21T01:02:00Z,controller 1,2.139,10.647,182.72,357.32,1.68,13.11,25.28,6.65,2,Starting,662.79,863.76
1792544580000000000,2026-10-21T01:03:00Z,free response,2.173,10.991,18.43,318.68,46.32,13.16,26.99,100.0,1,Starting,1402.98,624.41
1792544640000000000,2026-10-21T01:04:00Z,controller 2,2.183,10.598,171.13,73.03,130.36,13.19,27.04,100.0,2,Starting,1422.55,645.73
1792544700000000000,2026-10-21T01:05:00Z,controller 1,2.11,10.448,-6.76,266.13,433.67,13.28,21.99,100.0,3,Starting,1461.48,664.05
1792544760000000000,2026-10-21T01:06:00Z,controller 2,2.222,10.335,111.19,117.6,198.69,13.31,24.25,100.0,3,Starting,1423.14,680.14
1792544820000000000,2026-10-21T01:07:00Z,controller 2,2.188,10.466,-4.28,382.89,130.47,13.4,27.53,100.0,2,Starting,1449.54,692.38
1792544880000000000,2026-10-21T01:08:00Z,controller 2,2.143,10.93,152.23,293.62,376.31,13.46,23.37,100.0,3,Starting,1418.63,669.95
1792544940000000000,2026-10-21T01:09:00Z,free response,2.074,10.56,125.1,395.21,568.2,13.53,20.7,100.0,2,Starting,1402.52,663.27
1792545000000000000,2026-10-21T01:10:00Z,controller 1,2.086,10.582,52.73,86.75,342.85,13.62,21.1,100.0,3,Starting,1406.69,651.88
1792545060000000000,2026-10-21T01:11:00Z,controller 1,2.219,10.412,144.56,207.17,372.44,13.68,26.75,100.0,1,Starting,1361.67,674.36
1792545120000000000,2026-10-21T01:12:00Z,controller 1,2.197,10.57,49.04,281.91,183.61,13.72,25.74,100.0,1,Starting,974.74,487.92
1792545180000000000,2026-10-21T01:13:00Z,controller 2,2.171,10.841,97.88,225.83,5.73,13.79,25.82,22.19,1,Starting,975.62,459.62
1792545240000000000,2026-10-21T01:14:00Z,controller 1,2.123,10.276,104.94,128.66,457.66,13.82,22.45,100.0,2,Starting,1409.64,819.22
1792545300000000000,2026-10-21T01:15:00Z,controller 1,2.17,10.917,127.5,363.77,520.12,13.88,24.33,100.0,1,Starting,1375.73,796.31
1792545360000000000,2026-10-21T01:16:00Z,controller 1,2.226,10.465,5.7,285.4,154.11,13.94,26.15,100.0,2,Starting,1415.22,814.01
1792545420000000000,2026-10-21T01:17:00Z,controller 2,2.19,10.886,128.71,392.01,416.03,13.99,24.72,100.0,2,Starting,1086.72,725.13
1792545480000000000,2026-10-21T01:18:00Z,free response,2.2,10.423,28.38,258.16,129.84,14.07,26.87,100.0,2,Starting,1057.27,727.72
1792545540000000000,2026-10-21T01:19:00Z,free response,2.093,10.457,59.14,387.54,496.2,14.12,25.17,100.0,3,Starting,1013.64,705.13
1792545600000000000,2026-10-21T01:20:00Z,controller 2,2.2,10.642,25.09,357.42,325.51,14.15,27.01,100.0,3,Starting,1009.41,719.36
1792545660000000000,2026-10-21T01:21:00Z,controller 1,2.178,10.463,129.83,326.19,538.48,14.19,25.97,100.0,2,Starting,1018.03,722.44
1792545720000000000,2026-10-21T01:22:00Z,free response,2.09,10.379,98.88,369.18,275.48,14.26,22.17,100.0,3,Starting,975.14,708.7
1792545780000000000,2026-10-21T01:23:00Z,controller 2,2.178,10.233,-19.41,124.84,145.03,14.3,21.86,100.0,1,Starting,967.55,691.88
1792545840000000000,2026-10-21T01:24:00Z,controller 1,2.105,10.388,106.96,29.76,489.61,14.34,20.97,100.0,3,Starting,970.41,700.99
1792545900000000000,2026-10-21T01:25:00Z,controller 1,2.192,10.395,28.94,327.77,476.68,14.4,25.79,100.0,1,Starting,982.63,710.32
1792545960000000000,2026-10-21T01:26:00Z,controller 2,2.2,10.801,71.35,445.96,409.96,14.43,25.58,100.0,3,Starting,1010.89,689.83
1792546020000000000,2026-10-21T01:27:00Z,controller 2,2.133,10.959,-29.79,102.87,441.0,14.47,22.56,100.0,2,Starting,989.1,718.84
1792546080000000000,2026-10-21T01:28:00Z,free response,2.137,10.474,-26.73,138.73,211.6,14.56,25.54,100.0,2,Starting,953.98,699.37
1792546140000000000,2026-10-21T01:29:00Z,controller 1,2.171,10.697,99.72,414.87,103.03,14.61,24.52,100.0,1,Starting,1000.25,699.92
1792546200000000000,2026-10-21T01:30:00Z,free response,2.145,13.445,153.17,427.58,203.9,14.64,29.94,100.0,2,Starting,1010.67,692.72
1792546260000000000,2026-10-21T01:31:00Z,controller 1,2.163,13.454,82.49,175.92,54.4,14.68,34.55,100.0,1,Starting,999.51,678.59
1792546320000000000,2026-10-21T01:32:00Z,controller 1,2.123,13.492,17.62,50.87,331.5,14.75,29.62,100.0,3,Starting,1019.36,676.06
1792546380000000000,2026-10-21T01:33:00Z,controller 1,2.066,12.969,13.7,372.19,443.45,14.82,25.09,100.0,3,Starting,1031.05,687.16
1792546440000000000,2026-10-21T01:34:00Z,controller 1,2.054,13.116,98.19,201.82,325.42,14.86,26.89,100.0,2,Starting,1073.97,673.24
1792546500000000000,2026-10-21T01:35:00Z,controller 2,2.041,13.417,140.04,130.94,106.78,14.91,27.73,100.0,2,Starting,1040.82,668.32
1792546560000000000,2026-10-21T01:36:00Z,free response,2.195,13.286,71.55,421.5,309.61,14.96,29.81,100.0,1,Starting,1060.97,688.04
1792546620000000000,2026-10-21T01:37:00Z,controller 2,2.028,13.055,156.3,11.67,416.53,14.98,24.27,100.0,1,Starting,1107.37,698.35
1792546680000000000,2026-10-21T01:38:00Z,controller 2,2.077,12.881,41.0,413.46,197.13,15.05,27.4,100.0,3,Starting,864.95,650.92
1792546740000000000,2026-10-21T01:39:00Z,controller 2,2.024,12.773,17.6,258.89,100.4,15.13,27.51,100.0,1,Starting,881.76,626.26
1792546800000000000,2026-10-21T01:40:00Z,free response,2.133,12.829,168.35,242.99,440.9,15.18,29.43,100.0,3,Starting,894.28,612.86
1792546860000000000,2026-10-21T01:41:00Z,controller 2,2.129,13.124,59.19,412.24,76.38,15.24,28.69,100.0,2,Starting,881.37,592.18
1792546920000000000,2026-10-21T01:42:00Z,free response,2.125,12.823,43.91,419.14,30.69,15.33,28.57,100.0,3,Starting,851.38,570.59
1792546980000000000,2026-10-21T01:43:00Z,free response,2.022,13.312,102.44,104.64,592.57,15.41,29.84,100.0,1,Starting,812.15,593.0
1792547040000000000,2026-10-21T01:44:00Z,free response,2.14,13.261,158.43,35.12,0.93,15.5,31.87,2.92,1,Starting,847.9,577.35
1792547100000000000,2026-10-21T01:45:00Z,free response,2.155,13.192,12.15,201.34,207.79,15.58,28.05,100.0,3,Starting,1235.45,678.38
1792547160000000000,2026-10-21T01:46:00Z,controller 2,2.091,13.261,142.3,279.65,168.85,15.61,27.76,100.0,2,Starting,1203.71,657.25
1792547220000000000,2026-10-21T01:47:00Z,controller 1,2.192,13.429,85.22,104.63,488.49,15.65,29.81,100.0,3,Starting,1250.12,666.86
1792547280000000000,2026-10-21T01:48:00Z,controller 1,2.078,13.279,153.74,313.14,131.75,15.7,28.83,100.0,1,Starting,1232.97,661.18
1792547340000000000,2026-10-21T01:49:00Z,controller 2,2.06,13.486,24.3,257.85,10.66,15.78,30.76,34.66,2,Starting,1210.33,663.95
1792547400000000000,2026-10-21T01:50:00Z,free response,2.037,13.444,49.43,193.88,495.23,15.84,30.54,100.0,1,Starting,1198.7,654.52
1792547460000000000,2026-10-21T01:51:00Z,controller 2,2.16,12.878,68.15,117.37,193.68,15.89,31.51,100.0,1,Starting,1242.14,642.81
1792547520000000000,2026-10-21T01:52:00Z,free response,2.102,13.489,68.85,67.05,402.21,15.95,31.14,100.0,1,Starting,1241.93,655.84
1792547580000000000,2026-10-21T01:53:00Z,controller 1,2.119,13.108,167.11,120.94,301.88,16.04,30.22,100.0,2,Starting,1277.23,632.15
1792547640000000000,2026-10-21T01:54:00Z,free response,2.091,13.114,180.01,4.54,296.3,16.07,30.48,100.0,3,Starting,1306.09,650.32
1792547700000000000,2026-10-21T01:55:00Z,free response,2.054,13.034,197.81,281.45,563.83,16.12,28.48,100.0,1,Starting,1348.83,672.95
1792547760000000000,2026-10-21T01:56:00Z,controller 1,2.093,12.878,179.15,88.04,68.92,16.21,27.67,100.0,3,Starting,1373.11,654.14
1792547820000000000,2026-10-21T01:57:00Z,controller 2,2.076,12.741,160.71,439.54,327.3,16.29,25.31,100.0,3,Starting,513.51,502.98
1792547880000000000,2026-10-21T01:58:00Z,controller 2,2.023,13.195,90.43,337.0,159.51,16.37,26.34,100.0,3,Starting,479.83,521.96
1792547940000000000,2026-10-21T01:59:00Z,controller 2,2.125,13.363,7.07,400.95,446.04,16.4,28.96,100.0,1,On,509.88,516.5
1792548000000000000,2026-10-21T02:00:00Z,free response,1.218,11.266,-9.59,50.28,352.45,16.44,8.35,100.0,2,On,479.74,504.79
1792548060000000000,2026-10-21T02:01:00Z,controller 2,1.155,11.313,150.91,244.28,413.89,16.49,7.05,100.0,3,On,460.26,520.98
1792548120000000000,2026-10-21T02:02:00Z,controller 1,1.135,11.249,94.46,118.88,250.66,16.56,7.63,100.0,2,On,440.63,534.83
1792548180000000000,2026-10-21T02:03:00Z,controller 1,1.15,10.817,-22.76,33.79,48.36,16.64,7.23,100.0,1,On,489.3,522.93
1792548240000000000,2026-10-21T02:04:00Z,free response,1.255,11.142,184.67,107.75,495.08,16.7,8.09,100.0,1,On,490.15,552.68
1792548300000000000,2026-10-21T02:05:00Z,controller 2,1.17,11.53,186.98,196.96,55.74,16.79,7.77,100.0,3,On,511.55,571.65
1792548360000000000,2026-10-21T02:06:00Z,free response,1.202,11.251,136.26,398.3,138.16,16.86,7.59,100.0,1,On,552.08,552.93
1792548420000000000,2026-10-21T02:07:00Z,controller 2,1.135,11.445,15.54,272.41,555.99,16.92,7.56,100.0,1,On,502.45,563.88
1792548480000000000,2026-10-21T02:08:00Z,controller 1,1.261,11.24,175.99,104.98,300.51,16.95,8.55,100.0,1,On,500.94,548.19
1792548540000000000,2026-10-21T02:09:00Z,free response,1.131,11.402,81.89,68.2,392.46,16.92,7.77,100.0,1,On,493.84,539.73
1792548600000000000,2026-10-21T02:10:00Z,controller 1,1.162,10.788,9.35,420.36,286.35,16.88,6.98,100.0,2,On,490.18,563.54
1792548660000000000,2026-10-21T02:11:00Z,controller 1,1.276,11.302,181.81,415.63,126.09,16.86,10.02,100.0,2,On,503.26,542.42
1792548720000000000,2026-10-21T02:12:00Z,free response,1.184,11.166,47.55,217.74,246.38,16.83,8.48,100.0,2,On,552.73,536.25
1792548780000000000,2026-10-21T02:13:00Z,free response,1.127,11.37,92.18,319.8,393.13,16.8,7.21,100.0,2,On,561.25,554.2
1792548840000000000,2026-10-21T02:14:00Z,controller 2,1.217,10.84,121.86,109.92,472.38,16.78,7.27,100.0,2,On,516.53,559.26
1792548900000000000,2026-10-21T02:15:00Z,controller 1,1.282,11.251,35.16,165.27,490.91,16.76,9.94,100.0,3,On,525.97,574.88
1792548960000000000,2026-10-21T02:16:00Z,free response,1.225,10.836,29.1,441.77,143.04,16.74,8.77,100.0,2,On,482.0,578.9
1792549020000000000,2026-10-21T02:17:00Z,controller 1,1.155,11.139,16.68,156.08,103.43,16.73,7.27,100.0,1,On,488.77,583.83
1792549080000000000,2026-10-21T02:18:00Z,controller 2,1.21,11.501,11.36,278.47,211.15,16.72,9.13,100.0,3,On,508.37,579.15
1792549140000000000,2026-10-21T02:19:00Z,free response,1.123,10.882,174.37,402.75,244.13,16.69,7.36,100.0,3,On,526.14,581.8
1792549200000000000,2026-10-21T02:20:00Z,controller 2,1.206,10.779,8.2,340.69,583.5,16.69,7.39,100.0,2,On,541.62,556.2
1792549260000000000,2026-10-21T02:21:00Z,controller 1,1.187,11.126,-24.5,280.36,259.85,16.65,8.48,100.0,3,On,566.72,542.89
1792549320000000000,2026-10-21T02:22:00Z,controller 2,1.27,11.021,147.02,174.51,207.76,16.63,8.86,100.0,1,On,531.2,548.23
1792549380000000000,2026-10-21T02:23:00Z,controller 1,1.181,11.03,171.38,237.99,417.01,16.62,6.98,100.0,2,On,498.02,534.76
1792549440000000000,2026-10-21T02:24:00Z,free response,1.209,11.307,67.08,309.68,91.09,16.59,8.71,100.0,2,On,462.73,561.71
1792549500000000000,2026-10-21T02:25:00Z,controller 1,1.198,10.889,15.47,363.85,34.04,16.57,8.29,100.0,1,On,493.53,546.55
1792549560000000000,2026-10-21T02:26:00Z,controller 1,1.153,10.892,4.62,227.63,443.85,16.55,7.91,100.0,1,On,1043.05,634.15
1792549620000000000,2026-10-21T02:27:00Z,controller 1,1.152,10.946,171.18,148.01,20.68,16.53,7.64,100.0,1,On,1052.42,656.04
1792549680000000000,2026-10-21T02:28:00Z,controller 1,1.274,10.76,93.74,170.9,136.16,16.52,9.09,100.0,2,On,1124.92,821.04
1792549740000000000,2026-10-21T02:29:00Z,controller 2,1.142,11.223,158.06,91.29,540.82,16.51,7.96,100.0,3,On,1097.1,809.94
1792549800000000000,2026-10-21T02:30:00Z,controller 2,1.382,10.71,125.91,107.84,212.78,16.48,10.46,100.0,2,On,1048.42,826.56
1792549860000000000,2026-10-21T02:31:00Z,controller 2,1.352,10.178,158.57,130.73,452.25,16.47,9.14,100.0,2,On,1079.52,851.17
1792549920000000000,2026-10-21T02:32:00Z,controller 1,1.375,10.309,79.86,29.72,496.48,16.45,9.67,100.0,3,On,1056.35,828.38
1792549980000000000,2026-10-21T02:33:00Z,controller 1,1.346,10.416,38.76,147.86,505.34,16.45,8.75,100.0,1,On,1050.81,829.18
1792550040000000000,2026-10-21T02:34:00Z,controller 2,1.262,10.638,52.85,388.3,529.09,16.42,8.56,100.0,1,On,1067.15,844.46
1792550100000000000,2026-10-21T02:35:00Z,controller 2,1.415,10.725,151.04,106.77,103.28,16.41,10.79,100.0,3,On,1045.76,873.46
1792550160000000000,2026-10-21T02:36:00Z,free response,1.365,10.727,-12.14,98.91,79.31,16.4,10.78,100.0,1,On,1321.64,453.78
1792550220000000000,2026-10-21T02:37:00Z,controller 2,1.296,10.293,174.52,34.93,385.25,16.38,8.2,100.0,3,On,1333.18,475.23
1792550280000000000,2026-10-21T02:38:00Z,controller 2,1.26,10.489,53.29,279.25,441.48,16.36,8.68,100.0,3,On,1293.4,458.11
1792550340000000000,2026-10-21T02:39:00Z,controller 1,1.355,10.163,81.87,401.48,418.06,16.35,8.44,100.0,2,On,1343.16,483.17
1792550400000000000,2026-10-21T02:40:00Z,controller 2,1.273,10.308,33.84,313.58,251.89,16.31,8.84,100.0,3,On,1390.26,466.3
1792550460000000000,2026-10-21T02:41:00Z,controller 2,1.28,10.051,28.35,41.91,280.53,16.28,8.34,100.0,3,On,1354.52,448.88
1792550520000000000,2026-10-21T02:42:00Z,free response,1.351,10.363,81.91,12.63,161.58,16.27,10.13,100.0,2,On,1397.04,422.43
1792550580000000000,2026-10-21T02:43:00Z,free response,1.321,10.461,84.22,7.41,424.91,16.26,9.45,100.0,1,On,1376.48,402.52
1792550640000000000,2026-10-21T02:44:00Z,controller 2,1.38,10.343,55.72,308.37,529.05,16.22,9.83,100.0,1,On,1353.45,394.86
1792550700000000000,2026-10-21T02:45:00Z,controller 2,1.406,10.573,48.69,165.25,314.36,16.21,10.78,100.0,2,On,1304.92,423.07
1792550760000000000,2026-10-21T02:46:00Z,controller 2,1.385,10.622,154.75,294.52,447.0,16.18,9.91,100.0,3,On,1341.13,407.81
1792550820000000000,2026-10-21T02:47:00Z,free response,1.358,10.629,138.52,184.47,346.12,16.15,9.01,100.0,2,On,1330.31,380.67
1792550880000000000,2026-10-21T02:48:00Z,free response,1.304,10.206,185.2,414.22,396.86,16.13,8.78,100.0,3,On,1281.48,361.91
1792550940000000000,2026-10-21T02:49:00Z,controller 2,1.286,10.403,79.02,287.68,182.7,16.09,8.98,100.0,1,On,1282.1,391.08
1792551000000000000,2026-10-21T02:50:00Z,controller 1,1.278,10.679,-11.49,81.53,262.96,16.06,9.2,100.0,1,On,1277.63,368.27
1792551060000000000,2026-10-21T02:51:00Z,free response,1.323,10.675,136.88,199.96,546.31,16.05,9.17,100.0,2,On,1268.23,343.94
1792551120000000000,2026-10-21T02:52:00Z,controller 1,1.277,10.594,24.22,283.99,240.14,16.03,8.18,100.0,2,On,1236.51,344.44
1792551180000000000,2026-10-21T02:53:00Z,controller 1,1.255,10.326,135.95,412.14,107.8,16.02,7.56,100.0,3,On,1199.01,317.89
1792551240000000000,2026-10-21T02:54:00Z,controller 1,1.26,10.67,-14.28,309.47,477.9,16.0,8.09,100.0,3,On,1208.48,298.92
1792551300000000000,2026-10-21T02:55:00Z,controller 2,1.288,10.094,6.81,378.09,324.16,15.98,8.69,100.0,2,On,1178.07,273.39
1792551360000000000,2026-10-21T02:56:00Z,controller 1,1.254,10.676,175.86,319.8,92.61,15.95,8.56,100.0,2,On,1209.65,270.47
1792551420000000000,2026-10-21T02:57:00Z,controller 2,1.319,10.395,-21.22,208.9,495.17,15.92,8.28,100.0,3,On,1252.33,273.52
1792551480000000000,2026-10-21T02:58:00Z,controller 2,1.331,10.354,35.4,77.4,61.02,15.9,9.77,100.0,3,On,1204.79,277.85
1792551540000000000,2026-10-21T02:59:00Z,controller 2,1.255,10.295,23.75,422.48,530.25,15.89,8.25,100.0,1,On,1155.1,276.52
1792551600000000000,2026-10-21T03:00:00Z,controller 1,0.935,7.406,6.38,426.57,248.82,15.87,3.55,100.0,2,On,1134.55,270.41
1792551660000000000,2026-10-21T03:01:00Z,free response,1.01,7.343,126.47,340.3,326.98,15.85,4.12,100.0,2,On,1098.93,254.04
1792551720000000000,2026-10-21T03:02:00Z,controller 1,1.001,7.588,10.1,60.35,304.26,15.82,3.99,100.0,1,On,1056.86,274.61
1792551780000000000,2026-10-21T03:03:00Z,controller 1,1.003,7.536,-25.19,75.53,254.06,15.79,4.02,100.0,3,On,1029.68,258.56
1792551840000000000,2026-10-21T03:04:00Z,controller 1,0.907,7.069,63.36,57.44,162.27,15.78,3.09,100.0,3,On,1050.26,246.66
1792551900000000000,2026-10-21T03:05:00Z,free response,0.899,6.962,-8.18,299.34,296.9,15.75,2.93,100.0,1,On,1020.36,223.75
1792551960000000000,2026-10-21T03:06:00Z,controller 2,0.907,6.94,117.69,207.61,3.24,15.74,2.65,100.0,1,On,1068.44,233.82
1792552020000000000,2026-10-21T03:07:00Z,controller 1,0.905,7.066,-3.08,302.16,541.29,15.72,3.04,100.0,2,On,1022.52,225.74
1792552080000000000,2026-10-21T03:08:00Z,controller 1,1.048,6.844,90.03,296.66,220.49,15.7,4.02,100.0,3,On,1048.28,227.16
1792552140000000000,2026-10-21T03:09:00Z,controller 2,0.908,7.508,85.58,186.02,14.51,15.66,2.99,100.0,2,On,1048.53,243.9
1792552200000000000,2026-10-21T03:10:00Z,controller 1,0.909,7.225,56.97,222.38,358.56,15.64,2.74,100.0,2,On,1068.0,268.75
1792552260000000000,2026-10-21T03:11:00Z,controller 1,1.046,6.862,146.02,169.73,281.27,15.63,3.52,100.0,3,On,1067.49,285.66
1792552320000000000,2026-10-21T03:12:00Z,free response,1.024,7.469,142.59,129.23,381.86,15.6,3.8,100.0,2,On,1045.66,296.35
1792552380000000000,2026-10-21T03:13:00Z,controller 2,1.046,7.144,35.04,134.33,484.44,15.57,3.8,100.0,1,On,516.7,689.88
1792552440000000000,2026-10-21T03:14:00Z,free response,1.001,7.435,68.06,163.33,558.5,15.57,3.43,100.0,1,On,484.21,662.59
1792552500000000000,2026-10-21T03:15:00Z,controller 1,1.061,7.551,176.98,45.24,125.7,15.56,4.45,100.0,2,On,512.62,658.52
1792552560000000000,2026-10-21T03:16:00Z,controller 1,1.011,7.38,151.65,146.31,184.33,15.53,3.88,100.0,2,On,903.54,546.01
1792552620000000000,2026-10-21T03:17:00Z,controller 2,0.916,7.42,192.81,443.79,478.58,15.5,3.3,100.0,3,On,854.91,548.94
1792552680000000000,2026-10-21T03:18:00Z,free response,0.914,7.263,-6.37,70.42,22.18,15.48,2.88,100.0,1,On,817.8,551.25
1792552740000000000,2026-10-21T03:19:00Z,controller 1,1.012,7.32,176.56,368.77,374.39,15.45,3.61,100.0,3,On,846.34,553.45
1792552800000000000,2026-10-21T03:20:00Z,controller 1,0.99,7.258,179.91,17.7,8.41,15.43,3.21,100.0,2,On,809.5,571.57
1792552860000000000,2026-10-21T03:21:00Z,controller 2,1.011,6.978,78.17,71.01,89.08,15.41,3.67,100.0,3,On,820.2,561.81
1792552920000000000,2026-10-21T03:22:00Z,controller 1,1.036,7.39,183.12,152.4,536.96,15.39,3.99,100.0,1,On,773.83,573.64
1792552980000000000,2026-10-21T03:23:00Z,controller 1,1.013,7.261,151.8,292.31,427.33,15.38,3.66,100.0,1,On,781.35,568.55
1792553040000000000,2026-10-21T03:24:00Z,free response,0.978,7.562,184.32,428.48,376.84,15.37,3.37,100.0,1,On,830.16,555.27
1792553100000000000,2026-10-21T03:25:00Z,controller 2,1.06,7.54,180.47,76.2,53.24,15.35,4.41,100.0,1,On,852.13,533.52
1792553160000000000,2026-10-21T03:26:00Z,free response,0.911,7.119,104.13,107.74,572.89,15.33,3.03,100.0,1,On,817.86,513.57
1792553220000000000,2026-10-21T03:27:00Z,free response,0.952,7.234,152.07,379.02,7.78,15.31,3.09,100.0,3,On,854.3,525.91
1792553280000000000,2026-10-21T03:28:00Z,controller 2,1.032,7.119,59.89,335.4,260.14,15.3,3.79,100.0,1,On,867.27,527.31
1792553340000000000,2026-10-21T03:29:00Z,controller 1,0.975,7.381,79.2,220.83,177.96,15.27,3.29,100.0,2,On,906.85,542.76
1792553400000000000,2026-10-21T03:30:00Z,controller 2,1.199,8.901,-21.72,82.11,139.96,15.26,6.59,100.0,1,On,949.6,529.77
1792553460000000000,2026-10-21T03:31:00Z,free response,1.122,9.279,57.58,108.7,415.06,15.25,5.71,100.0,2,On,1406.39,927.29
1792553520000000000,2026-10-21T03:32:00Z,controller 1,1.079,9.351,55.87,222.16,268.75,15.22,5.91,100.0,2,On,1449.04,906.4
1792553580000000000,2026-10-21T03:33:00Z,controller 1,1.232,9.057,9.73,238.47,24.49,15.21,6.43,100.0,2,On,1452.91,925.48
1792553640000000000,2026-10-21T03:34:00Z,controller 2,1.224,9.402,195.32,90.0,77.55,15.2,6.6,100.0,2,On,1470.45,933.99
1792553700000000000,2026-10-21T03:35:00Z,free response,1.218,9.342,87.27,358.43,300.12,15.2,7.08,100.0,3,On,1452.2,913.09
1792553760000000000,2026-10-21T03:36:00Z,controller 2,1.211,8.94,-4.63,439.2,49.04,15.19,6.41,100.0,2,On,1428.51,939.0
1792553820000000000,2026-10-21T03:37:00Z,free response,1.215,9.383,16.33,334.34,262.76,15.17,7.36,100.0,1,On,1432.08,909.05
1792553880000000000,2026-10-21T03:38:00Z,controller 1,1.172,9.423,43.54,375.25,325.92,15.14,5.91,100.0,2,On,1409.82,910.42
1792553940000000000,2026-10-21T03:39:00Z,free response,1.227,8.905,115.73,134.12,212.08,15.13,7.07,100.0,3,On,1437.45,929.56
1792554000000000000,2026-10-21T03:40:00Z,controller 2,1.215,9.031,19.24,182.32,431.83,15.1,6.72,100.0,1,On,1263.13,638.95
1792554060000000000,2026-10-21T03:41:00Z,controller 1,1.168,8.937,7.24,141.77,500.51,15.09,6.4,100.0,3,On,1254.67,628.97
1792554120000000000,2026-10-21T03:42:00Z,controller 2,1.198,9.287,24.32,137.38,110.94,15.07,6.67,100.0,1,On,1253.99,603.03
1792554180000000000,2026-10-21T03:43:00Z,free response,1.168,9.288,168.83,188.21,294.83,15.05,6.6,100.0,1,On,1255.37,596.5
1792554240000000000,2026-10-21T03:44:00Z,controller 2,1.199,9.164,4.61,441.26,56.37,15.03,6.45,100.0,1,On,1218.03,585.14
1792554300000000000,2026-10-21T03:45:00Z,free response,1.141,9.33,112.45,435.91,229.54,15.0,5.57,100.0,3,On,1264.95,611.76
1792554360000000000,2026-10-21T03:46:00Z,controller 1,1.136,9.202,73.59,32.17,566.86,14.97,5.99,100.0,2,On,1248.5,608.79
1792554420000000000,2026-10-21T03:47:00Z,controller 1,1.244,8.714,15.62,56.47,568.12,14.95,6.29,100.0,1,On,1237.8,623.82
1792554480000000000,2026-10-21T03:48:00Z,free response,1.104,8.818,156.69,183.3,133.84,14.92,5.09,100.0,3,On,1233.13,605.06
1792554540000000000,2026-10-21T03:49:00Z,free response,1.074,8.84,152.18,388.45,521.09,14.91,4.68,100.0,1,On,1212.88,584.68
1792554600000000000,2026-10-21T03:50:00Z,free response,1.076,9.017,171.1,375.9,428.2,14.88,5.73,100.0,2,On,1183.69,598.74
1792554660000000000,2026-10-21T03:51:00Z,controller 1,1.102,9.156,123.4,199.74,89.68,14.87,5.9,100.0,2,On,1175.38,606.93
1792554720000000000,2026-10-21T03:52:00Z,free response,1.093,9.269,193.43,284.47,365.34,14.84,5.44,100.0,3,On,1183.15,622.17
1792554780000000000,2026-10-21T03:53:00Z,controller 1,1.108,8.776,87.54,2.63,151.33,14.83,5.07,100.0,3,Off,1208.46,595.38
1792554840000000000,2026-10-21T03:54:00Z,free response,1.161,9.271,178.59,162.83,579.85,14.82,6.69,100.0,2,Off,1244.03,570.35
1792554900000000000,2026-10-21T03:55:00Z,controller 1,1.215,8.858,25.86,414.37,327.0,14.8,6.16,100.0,1,Off,1194.65,592.01
1792554960000000000,2026-10-21T03:56:00Z,controller 2,1.188,8.86,171.88,445.32,168.87,14.77,6.32,100.0,1,Off,1184.16,587.06
1792555020000000000,2026-10-21T03:57:00Z,free response,1.168,9.085,34.19,283.73,300.33,14.75,5.61,100.0,2,Off,1189.1,577.24
1792555080000000000,2026-10-21T03:58:00Z,free response,1.224,8.837,185.32,96.24,269.44,14.72,7.23,100.0,3,Off,1224.7,563.34
1792555140000000000,2026-10-21T03:59:00Z,controller 2,1.142,9.427,168.85,403.8,247.43,14.68,6.11,100.0,3,Off,1252.34,583.59
1792555200000000000,2026-10-21T04:00:00Z,free response,0.638,3.223,164.2,331.23,259.84,14.65,0.68,100.0,3,Off,1256.42,578.72
1792555260000000000,2026-10-21T04:01:00Z,free response,0.643,2.762,99.36,440.56,434.77,14.64,0.59,100.0,3,Off,1291.24,550.17
1792555320000000000,2026-10-21T04:02:00Z,free response,0.573,3.015,75.09,23.56,367.96,14.62,0.48,100.0,3,Off,1277.85,560.56
1792555380000000000,2026-10-21T04:03:00Z,controller 1,0.637,2.805,59.51,12.8,384.57,14.6,0.52,100.0,1,Off,1276.89,552.81
1792555440000000000,2026-10-21T04:04:00Z,controller 1,0.592,2.782,28.61,435.99,298.83,14.57,0.5,100.0,1,Off,1307.24,568.33
1792555500000000000,2026-10-21T04:05:00Z,free response,0.682,3.203,-22.17,79.57,126.71,14.54,0.68,100.0,3,Off,1324.77,554.46
1792555560000000000,2026-10-21T04:06:00Z,controller 2,0.618,3.501,-8.65,74.15,18.91,14.53,0.62,100.0,2,Off,1297.53,564.96
1792555620000000000,2026-10-21T04:07:00Z,free response,0.685,3.279,50.36,324.96,276.35,14.52,0.69,100.0,2,Off,1278.63,564.51
1792555680000000000,2026-10-21T04:08:00Z,free response,0.596,3.499,150.86,185.93,357.69,14.5,0.56,100.0,1,Off,1235.76,549.89
1792555740000000000,2026-10-21T04:09:00Z,free response,0.692,3.232,78.58,93.49,1.68,14.48,0.8,100.0,3,Off,1259.01,574.26
1792555800000000000,2026-10-21T04:10:00Z,controller 2,0.62,3.495,-9.57,4.53,25.98,14.46,0.71,100.0,2,Off,1209.89,579.22
1792555860000000000,2026-10-21T04:11:00Z,controller 1,0.563,3.372,57.82,58.81,210.36,14.44,0.55,100.0,1,Off,1249.02,607.78
1792555920000000000,2026-10-21T04:12:00Z,controller 1,0.581,3.376,151.06,368.66,51.18,14.43,0.54,100.0,1,Off,1261.36,583.2
1792555980000000000,2026-10-21T04:13:00Z,controller 2,0.56,2.77,-3.33,168.92,245.86,14.4,0.44,100.0,3,Off,1254.0,553.69
1792556040000000000,2026-10-21T04:14:00Z,controller 1,0.698,3.201,38.34,159.04,408.18,14.37,0.83,100.0,3,Off,1269.38,557.65
1792556100000000000,2026-10-21T04:15:00Z,controller 2,0.573,2.945,79.06,176.87,165.11,14.36,0.53,100.0,3,Off,1240.0,554.1
1792556160000000000,2026-10-21T04:16:00Z,controller 2,0.559,3.378,1.57,407.37,327.91,14.34,0.49,100.0,3,Off,1201.0,579.13
1792556220000000000,2026-10-21T04:17:00Z,controller 1,0.545,3.5,132.38,55.37,253.06,14.32,0.49,100.0,2,Off,1186.7,591.37
1792556280000000000,2026-10-21T04:18:00Z,free response,0.606,2.825,-14.55,334.25,206.08,14.29,0.49,100.0,1,Off,1219.18,576.84
1792556340000000000,2026-10-21T04:19:00Z,free response,0.557,2.877,190.33,320.9,55.68,14.26,0.47,100.0,1,Off,1221.05,554.96
1792556400000000000,2026-10-21T04:20:00Z,controller 1,0.673,2.869,40.33,37.38,346.27,14.25,0.64,100.0,2,Off,1251.97,566.72
1792556460000000000,2026-10-21T04:21:00Z,free response,0.68,2.948,82.87,20.26,261.99,14.23,0.62,100.0,2,Off,1214.15,596.02
1792556520000000000,2026-10-21T04:22:00Z,controller 2,0.709,3.147,142.17,55.65,418.46,14.2,0.74,100.0,1,Off,1256.58,595.77
1792556580000000000,2026-10-21T04:23:00Z,free response,0.58,2.828,23.46,228.09,491.6,14.17,0.44,100.0,1,Off,1247.01,578.71
1792556640000000000,2026-10-21T04:24:00Z,controller 1,0.599,3.11,157.14,134.34,485.72,14.16,0.6,100.0,3,Off,1259.27,599.99
1792556700000000000,2026-10-21T04:25:00Z,free response,0.704,3.42,175.85,196.03,460.01,14.13,0.88,100.0,3,Off,1230.52,584.54
1792556760000000000,2026-10-21T04:26:00Z,controller 2,0.623,2.849,46.87,388.13,90.74,14.11,0.61,100.0,1,Off,1260.78,577.7
1792556820000000000,2026-10-21T04:27:00Z,free response,0.571,3.414,189.86,197.37,147.39,14.1,0.53,100.0,1,Off,1286.18,599.42
1792556880000000000,2026-10-21T04:28:00Z,controller 1,0.634,3.107,-29.08,311.77,206.33,14.07,0.62,100.0,2,Off,1299.41,588.25
1792556940000000000,2026-10-21T04:29:00Z,free response,0.663,3.082,71.6,10.3,400.76,14.05,0.68,100.0,2,Off,1341.1,585.71
1792557000000000000,2026-10-21T04:30:00Z,controller 2,0.751,5.233,-29.94,142.04,420.6,14.02,1.53,100.0,1,Off,1340.72,592.35
1792557060000000000,2026-10-21T04:31:00Z,controller 1,0.791,5.471,175.4,200.02,424.65,14.0,1.79,100.0,1,Off,1316.43,607.67
1792557120000000000,2026-10-21T04:32:00Z,free response,0.875,5.215,29.36,387.43,271.05,13.99,2.07,100.0,3,Off,1348.3,618.44
1792557180000000000,2026-10-21T04:33:00Z,controller 1,0.759,5.439,-6.0,236.04,562.82,13.97,1.63,100.0,2,Off,1359.19,633.74
1792557240000000000,2026-10-21T04:34:00Z,free response,0.867,5.934,189.36,301.52,317.44,13.96,2.12,100.0,3,Off,1329.13,645.28
1792557300000000000,2026-10-21T04:35:00Z,free response,0.752,5.946,101.63,443.06,325.67,13.95,1.72,100.0,1,Off,1365.73,622.15
1792557360000000000,2026-10-21T04:36:00Z,controller 1,0.858,5.757,78.15,80.5,177.5,13.94,1.97,100.0,2,Off,1412.63,601.65
1792557420000000000,2026-10-21T04:37:00Z,controller 2,0.857,5.939,134.86,9.47,444.11,13.91,2.35,100.0,2,Off,1394.29,620.85
1792557480000000000,2026-10-21T04:38:00Z,free response,0.85,5.429,36.07,104.3,516.58,13.9,1.77,100.0,2,Off,1429.33,647.27
1792557540000000000,2026-10-21T04:39:00Z,free response,0.907,5.878,23.72,342.51,489.71,13.89,2.42,100.0,1,Off,1426.94,645.01
1792557600000000000,2026-10-21T04:40:00Z,controller 1,0.765,5.494,160.75,232.96,108.79,13.88,1.67,100.0,3,Off,1458.1,624.19
1792557660000000000,2026-10-21T04:41:00Z,free response,0.892,5.35,132.81,213.39,423.77,13.86,2.22,100.0,3,Off,1500.0,629.28
1792557720000000000,2026-10-21T04:42:00Z,controller 1,0.767,5.325,38.52,37.43,338.75,13.83,1.68,100.0,1,Off,1451.53,625.52
1792557780000000000,2026-10-21T04:43:00Z,controller 1,0.849,5.623,145.27,314.69,85.01,13.8,2.19,100.0,2,Off,1467.1,599.02
1792557840000000000,2026-10-21T04:44:00Z,controller 2,0.895,5.818,100.65,2.58,52.13,13.79,2.56,100.0,1,Off,1500.0,607.8
1792557900000000000,2026-10-21T04:45:00Z,free response,0.779,5.45,194.12,166.03,402.79,13.77,1.64,100.0,3,Off,1500.0,583.67
1792557960000000000,2026-10-21T04:46:00Z,free response,0.781,5.42,84.93,192.48,280.13,13.75,1.72,100.0,1,Off,1482.08,607.14
1792558020000000000,2026-10-21T04:47:00Z,controller 2,0.81,5.333,147.14,225.09,487.2,13.72,1.76,100.0,3,Off,1496.74,617.42
1792558080000000000,2026-10-21T04:48:00Z,controller 2,0.899,5.734,100.31,124.72,430.1,13.7,2.2,100.0,1,Off,1479.42,606.2
1792558140000000000,2026-10-21T04:49:00Z,controller 1,0.83,5.327,148.56,233.09,176.28,13.69,1.73,100.0,2,Off,1439.18,634.03
1792558200000000000,2026-10-21T04:50:00Z,free response,0.768,5.603,-3.89,184.1,68.1,13.66,1.49,100.0,2,Off,1432.8,661.57
1792558260000000000,2026-10-21T04:51:00Z,free response,0.737,5.204,3.23,152.26,434.32,13.63,1.39,100.0,1,Off,1406.02,632.18
1792558320000000000,2026-10-21T04:52:00Z,free response,0.751,5.561,179.75,36.66,426.27,13.6,1.43,100.0,1,Off,1339.72,836.72
1792558380000000000,2026-10-21T04:53:00Z,controller 2,0.794,5.295,96.44,169.41,103.29,13.57,1.69,100.0,3,Off,1355.41,837.05
1792558440000000000,2026-10-21T04:54:00Z,controller 1,0.834,5.893,176.69,65.37,244.54,13.56,2.15,100.0,3,Off,1371.05,832.58
1792558500000000000,2026-10-21T04:55:00Z,controller 1,0.839,5.53,160.81,119.86,593.64,13.56,1.96,100.0,2,Off,1405.82,814.45
1792558560000000000,2026-10-21T04:56:00Z,controller 1,0.767,5.801,76.15,23.94,109.02,13.55,1.71,100.0,3,Off,1454.53,839.07
1792558620000000000,2026-10-21T04:57:00Z,free response,0.766,5.759,50.55,193.97,401.66,13.52,1.78,100.0,1,Off,1484.47,814.42
1792558680000000000,2026-10-21T04:58:00Z,free response,0.779,5.341,85.09,186.75,487.45,13.5,1.62,100.0,1,Off,1446.27,786.52
1792558740000000000,2026-10-21T04:59:00Z,controller 2,0.788,5.859,168.99,297.88,132.42,13.48,1.96,100.0,3,Off,1494.1,765.46
1792558800000000000,2026-10-21T05:00:00Z,controller 2,2.378,2.348,146.77,398.24,434.01,13.45,7.22,100.0,3,Off,1448.01,744.79
1792558860000000000,2026-10-21T05:01:00Z,controller 2,2.305,2.687,177.02,43.42,125.22,13.45,6.67,100.0,2,Off,1454.02,757.97
1792558920000000000,2026-10-21T05:02:00Z,controller 2,2.342,2.107,153.18,336.13,181.34,13.44,5.57,100.0,1,Off,1486.25,735.31
1792558980000000000,2026-10-21T05:03:00Z,free response,2.329,2.268,160.18,197.5,168.61,13.42,5.7,100.0,2,Off,1500.0,721.47
1792559040000000000,2026-10-21T05:04:00Z,controller 2,2.329,2.375,69.36,179.71,399.6,13.4,6.39,100.0,2,Off,1490.9,695.77
1792559100000000000,2026-10-21T05:05:00Z,controller 1,2.267,2.593,65.81,194.65,583.46,13.37,6.67,100.0,1,Off,1448.45,679.79
1792559160000000000,2026-10-21T05:06:00Z,free response,2.354,2.435,140.68,211.35,211.79,13.36,6.68,100.0,3,Off,1469.37,689.96
1792559220000000000,2026-10-21T05:07:00Z,controller 2,2.304,2.478,-0.91,394.17,391.57,13.36,6.88,100.0,1,Off,943.17,589.47
1792559280000000000,2026-10-21T05:08:00Z,controller 2,2.296,2.397,24.17,56.5,350.7,13.33,6.08,100.0,1,Off,988.48,583.96
1792559340000000000,2026-10-21T05:09:00Z,controller 1,2.235,2.352,116.03,192.01,112.14,13.31,5.7,100.0,3,Off,960.19,556.68
1792559400000000000,2026-10-21T05:10:00Z,controller 2,2.397,2.113,4.27,94.83,453.21,13.31,6.05,100.0,2,Off,958.1,555.1
1792559460000000000,2026-10-21T05:11:00Z,controller 2,2.336,2.484,177.54,423.76,395.3,13.29,6.35,100.0,3,Off,970.61,525.77
1792559520000000000,2026-10-21T05:12:00Z,controller 2,2.299,1.954,-23.79,425.65,67.04,13.28,5.57,100.0,1,Off,1013.59,520.7
1792559580000000000,2026-10-21T05:13:00Z,free response,2.334,2.056,181.08,281.05,558.51,13.25,5.57,100.0,1,Off,1006.43,546.91
1792559640000000000,2026-10-21T05:14:00Z,free response,2.243,2.185,24.93,347.49,593.77,13.23,5.19,100.0,1,Off,1010.56,563.6
1792559700000000000,2026-10-21T05:15:00Z,controller 2,2.389,2.453,160.88,64.27,557.05,13.19,6.95,100.0,1,Off,1014.87,585.18
1792559760000000000,2026-10-21T05:16:00Z,controller 2,2.365,2.412,24.63,327.98,245.07,13.16,7.39,100.0,1,Starting,783.59,789.88
1792559820000000000,2026-10-21T05:17:00Z,controller 1,2.227,2.193,178.8,329.5,471.08,13.16,5.5,100.0,3,Starting,814.44,787.11
1792559880000000000,2026-10-21T05:18:00Z,controller 2,2.382,2.54,97.57,145.51,578.49,13.14,7.56,100.0,1,Starting,832.45,763.69
1792559940000000000,2026-10-21T05:19:00Z,controller 1,2.302,2.18,16.92,340.83,255.58,13.11,6.04,100.0,3,Starting,785.61,757.31
1792560000000000000,2026-10-21T05:20:00Z,free response,2.28,2.68,188.56,82.65,53.16,13.08,6.73,100.0,1,Starting,771.63,749.08
1792560060000000000,2026-10-21T05:21:00Z,controller 1,2.328,2.259,95.08,357.84,418.68,13.06,5.68,100.0,2,Starting,762.5,758.18
1792560120000000000,2026-10-21T05:22:00Z,free response,2.272,2.234,108.66,198.69,273.53,13.05,5.75,100.0,1,Starting,797.66,771.63
1792560180000000000,2026-10-21T05:23:00Z,controller 1,2.292,2.118,67.46,111.61,473.69,13.04,5.93,100.0,1,Starting,1030.76,671.51
1792560240000000000,2026-10-21T05:24:00Z,free response,2.291,1.995,169.71,79.76,107.06,13.02,4.72,100.0,1,Starting,1053.4,682.44
1792560300000000000,2026-10-21T05:25:00Z,controller 2,2.252,2.644,77.84,354.36,138.7,12.99,6.61,100.0,3,Starting,1073.19,655.03
1792560360000000000,2026-10-21T05:26:00Z,controller 1,2.32,2.451,91.38,20.47,212.9,12.97,7.01,100.0,1,Starting,1032.72,645.23
1792560420000000000,2026-10-21T05:27:00Z,free response,2.289,2.152,-16.52,301.5,523.03,12.95,5.54,100.0,1,Starting,1064.64,619.45
1792560480000000000,2026-10-21T05:28:00Z,controller 1,2.267,2.526,130.63,327.2,317.21,12.94,6.51,100.0,2,Starting,1040.63,632.69
1792560540000000000,2026-10-21T05:29:00Z,controller 2,2.35,2.215,77.71,352.74,57.08,12.92,6.29,100.0,1,Starting,1001.69,641.46
1792560600000000000,2026-10-21T05:30:00Z,controller 1,0.783,6.946,132.11,171.31,152.09,12.91,2.07,100.0,2,Starting,956.01,641.5
1792560660000000000,2026-10-21T05:31:00Z,controller 1,0.63,6.532,94.81,296.53,466.29,12.89,1.3,100.0,1,Starting,916.02,627.04
1792560720000000000,2026-10-21T05:32:00Z,controller 2,0.799,6.853,35.81,33.58,0.16,12.86,2.33,6.87,2,Starting,923.28,607.04
1792560780000000000,2026-10-21T05:33:00Z,free response,0.659,6.669,-14.27,119.3,585.3,12.85,1.4,100.0,2,Starting,903.29,613.02
1792560840000000000,2026-10-21T05:34:00Z,controller 1,0.7,7.087,60.88,411.33,46.95,12.85,1.89,100.0,1,Starting,916.14,635.7
1792560900000000000,2026-10-21T05:35:00Z,controller 2,0.739,6.881,76.48,203.78,186.82,12.83,1.71,100.0,1,Starting,900.21,611.64
1792560960000000000,2026-10-21T05:36:00Z,controller 2,0.74,6.346,61.25,328.38,82.83,12.8,1.69,100.0,2,Starting,903.17,612.52
1792561020000000000,2026-10-21T05:37:00Z,controller 1,0.708,6.669,175.98,386.86,47.53,12.77,1.7,100.0,1,Starting,926.11,625.44
1792561080000000000,2026-10-21T05:38:00Z,free response,0.66,6.882,45.02,353.62,21.85,12.74,1.49,100.0,3,Starting,976.05,653.83
1792561140000000000,2026-10-21T05:39:00Z,controller 1,0.712,6.824,161.76,356.27,421.16,12.73,1.78,100.0,2,Starting,1010.31,665.53
1792561200000000000,2026-10-21T05:40:00Z,controller 2,0.782,6.996,52.64,199.32,573.18,12.71,2.22,100.0,1,Starting,1060.28,640.74
1792561260000000000,2026-10-21T05:41:00Z,controller 2,0.767,7.049,159.87,41.67,350.45,12.7,2.18,100.0,3,Starting,1051.18,641.63
1792561320000000000,2026-10-21T05:42:00Z,controller 2,0.786,6.432,185.11,307.79,184.05,12.68,2.14,100.0,2,Starting,1031.92,670.94
1792561380000000000,2026-10-21T05:43:00Z,free response,0.735,6.78,17.35,318.91,532.76,12.68,1.65,100.0,3,Starting,1006.36,682.5
1792561440000000000,2026-10-21T05:44:00Z,free response,0.785,6.501,16.0,296.04,315.57,12.66,1.88,100.0,2,Starting,986.63,710.22
1792561500000000000,2026-10-21T05:45:00Z,controller 2,0.738,6.628,11.1,269.06,257.61,12.63,1.65,100.0,3,Starting,966.36,704.72
1792561560000000000,2026-10-21T05:46:00Z,controller 2,0.788,6.577,185.16,71.09,95.12,12.61,2.23,100.0,1,Starting,979.84,705.16
1792561620000000000,2026-10-21T05:47:00Z,free response,0.663,6.508,152.17,439.48,448.45,12.6,1.51,100.0,3,Starting,1178.98,459.0
1792561680000000000,2026-10-21T05:48:00Z,controller 1,0.71,6.468,113.98,190.88,266.7,12.57,1.5,100.0,1,Starting,1199.5,484.93
1792561740000000000,2026-10-21T05:49:00Z,free response,0.725,7.023,-15.07,303.67,455.12,12.53,1.69,100.0,1,Starting,1247.02,510.87
1792561800000000000,2026-10-21T05:50:00Z,controller 1,0.806,6.965,130.89,178.61,388.04,12.51,2.17,100.0,2,Starting,1220.48,487.91
1792561860000000000,2026-10-21T05:51:00Z,free response,0.784,6.89,164.76,245.19,34.1,12.48,1.95,100.0,3,Starting,1178.39,493.38
1792561920000000000,2026-10-21T05:52:00Z,controller 1,0.756,7.032,104.98,412.62,514.54,12.45,1.85,100.0,2,Starting,1171.41,522.3
1792561980000000000,2026-10-21T05:53:00Z,free response,0.705,6.583,183.37,321.38,24.35,12.43,1.51,100.0,3,Starting,1130.37,492.62
1792562040000000000,2026-10-21T05:54:00Z,free response,0.808,6.974,-2.84,274.38,456.02,12.41,2.11,100.0,1,Starting,1174.26,495.84
1792562100000000000,2026-10-21T05:55:00Z,controller 2,0.74,6.467,6.03,437.33,151.61,12.39,1.76,100.0,1,Starting,1137.66,503.03
1792562160000000000,2026-10-21T05:56:00Z,controller 1,0.66,6.467,-6.54,382.45,273.14,12.38,1.52,100.0,2,Starting,1438.59,957.58
1792562220000000000,2026-10-21T05:57:00Z,free response,0.703,6.536,-3.38,82.19,14.98,12.35,1.74,100.0,3,Starting,1170.5,852.21
1792562280000000000,2026-10-21T05:58:00Z,free response,0.739,7.078,45.59,234.27,34.03,12.32,1.75,100.0,1,Starting,1004.6,552.77
1792562340000000000,2026-10-21T05:59:00Z,controller 2,0.729,6.626,2.32,305.28,488.24,12.31,1.8,100.0,2,Starting,973.62,536.49
1792562400000000000,2026-10-21T06:00:00Z,controller 2,2.647,13.04,94.03,221.7,65.0,12.28,45.73,100.0,2,Starting,1023.48,529.99
1792562460000000000,2026-10-21T06:01:00Z,controller 2,2.684,12.698,164.27,225.68,429.12,12.25,43.02,100.0,1,Starting,1006.97,557.56
1792562520000000000,2026-10-21T06:02:00Z,free response,2.647,13.359,123.57,132.23,225.55,12.22,47.05,100.0,3,Starting,997.3,533.05
1792562580000000000,2026-10-21T06:03:00Z,controller 2,2.666,12.985,-14.78,394.81,238.3,12.22,48.05,100.0,1,Starting,1003.47,527.48
1792562640000000000,2026-10-21T06:04:00Z,free response,2.534,13.275,7.63,314.39,402.52,12.21,44.81,100.0,2,Starting,1014.96,517.74
1792562700000000000,2026-10-21T06:05:00Z,free response,2.68,13.441,-16.85,131.39,49.34,12.2,50.49,97.72,1,Starting,1011.35,543.17
1792562760000000000,2026-10-21T06:06:00Z,controller 2,2.561,13.268,58.32,134.67,424.38,12.18,43.41,100.0,3,Starting,1049.3,530.5
1792562820000000000,2026-10-21T06:07:00Z,controller 2,2.554,13.346,116.42,440.25,592.8,12.15,43.97,100.0,3,Starting,1041.52,559.7
1792562880000000000,2026-10-21T06:08:00Z,controller 2,2.576,13.464,-15.63,191.24,599.2,12.12,47.49,100.0,2,Starting,1015.63,587.29
1792562940000000000,2026-10-21T06:09:00Z,free response,2.59,13.226,185.89,239.84,72.04,12.09,44.4,100.0,1,Starting,960.97,424.4
1792563000000000000,2026-10-21T06:10:00Z,controller 2,2.585,12.883,13.02,165.08,473.37,12.06,44.46,100.0,2,Starting,768.33,506.34
1792563060000000000,2026-10-21T06:11:00Z,controller 1,2.688,13.372,185.12,155.54,127.53,12.05,48.07,100.0,2,Starting,768.71,504.92
1792563120000000000,2026-10-21T06:12:00Z,controller 2,2.544,12.995,3.13,113.98,233.85,12.02,44.13,100.0,2,Starting,772.09,512.61
1792563180000000000,2026-10-21T06:13:00Z,controller 1,2.539,13.055,110.84,296.92,285.74,12.0,40.35,100.0,1,Starting,850.06,879.75
1792563240000000000,2026-10-21T06:14:00Z,free response,2.576,12.906,3.25,424.81,230.92,11.99,43.92,100.0,3,Starting,899.82,867.57
1792563300000000000,2026-10-21T06:15:00Z,controller 1,2.536,13.132,191.73,166.72,437.9,11.99,43.82,100.0,2,Starting,918.98,882.8
1792563360000000000,2026-10-21T06:16:00Z,controller 2,2.53,12.867,71.04,267.74,272.19,11.95,41.54,100.0,2,Starting,953.39,906.74
1792563420000000000,2026-10-21T06:17:00Z,controller 2,2.57,12.998,-8.6,291.13,170.33,11.93,45.51,100.0,3,Starting,982.55,933.33
1792563480000000000,2026-10-21T06:18:00Z,controller 1,2.572,13.032,161.05,360.11,527.99,11.91,39.56,100.0,1,Starting,1010.25,961.16
1792563540000000000,2026-10-21T06:19:00Z,free response,2.681,13.323,4.43,60.7,571.18,11.9,43.78,100.0,1,Starting,1004.34,970.8
1792563600000000000,2026-10-21T06:20:00Z,free response,2.577,13.47,149.98,363.39,327.44,11.89,45.82,100.0,1,Starting,1006.03,994.02
1792563660000000000,2026-10-21T06:21:00Z,controller 2,2.589,13.423,127.01,66.05,212.62,11.87,44.87,100.0,3,Starting,998.3,1000.0
1792563720000000000,2026-10-21T06:22:00Z,controller 2,2.585,13.371,59.06,436.73,398.42,11.86,47.11,100.0,1,Starting,950.01,1000.0
1792563780000000000,2026-10-21T06:23:00Z,controller 1,2.624,13.043,57.82,162.98,577.29,11.84,47.86,100.0,2,Starting,975.77,1000.0
1792563840000000000,2026-10-21T06:24:00Z,free response,2.624,13.042,51.38,409.62,538.87,11.81,44.32,100.0,1,Starting,961.76,1000.0
1792563900000000000,2026-10-21T06:25:00Z,controller 1,2.555,12.961,168.51,207.68,256.11,11.79,38.26,100.0,2,Starting,955.66,970.77
1792563960000000000,2026-10-21T06:26:00Z,controller 1,2.537,13.436,92.15,119.61,187.04,11.77,47.24,100.0,3,Starting,947.9,976.49
1792564020000000000,2026-10-21T06:27:00Z,free response,2.548,13.3,4.07,219.37,401.28,11.75,45.58,100.0,1,Starting,927.1,956.71
1792564080000000000,2026-10-21T06:28:00Z,controller 2,2.669,12.92,-26.65,357.12,509.64,11.71,49.45,100.0,1,Starting,898.38,978.42
1792564140000000000,2026-10-21T06:29:00Z,controller 1,2.656,12.978,141.65,159.02,556.38,11.7,48.22,100.0,1,Starting,859.4,955.51
1792564200000000000,2026-10-21T06:30:00Z,controller 1,0.954,5.121,37.39,106.45,418.8,11.69,2.33,100.0,1,Starting,818.6,962.17
1792564260000000000,2026-10-21T06:31:00Z,controller 1,0.992,4.743,184.29,321.65,59.16,11.68,2.35,100.0,1,Starting,846.47,943.16
1792564320000000000,2026-10-21T06:32:00Z,controller 2,0.94,5.335,130.78,433.41,151.42,11.67,2.39,100.0,2,Starting,890.79,926.91
1792564380000000000,2026-10-21T06:33:00Z,controller 2,0.988,5.272,64.08,427.32,390.4,11.66,2.6,100.0,3,Starting,876.12,920.45
1792564440000000000,2026-10-21T06:34:00Z,controller 1,1.021,4.999,147.67,329.5,256.42,11.65,2.37,100.0,2,Starting,921.94,902.47
1792564500000000000,2026-10-21T06:35:00Z,free response,1.083,4.786,148.98,394.4,530.96,11.62,2.59,100.0,3,Starting,893.19,912.07
1792564560000000000,2026-10-21T06:36:00Z,controller 1,0.939,5.19,11.28,425.39,268.45,11.62,2.19,100.0,1,Starting,931.5,921.37
1792564620000000000,2026-10-21T06:37:00Z,free response,0.973,4.887,158.07,40.87,136.46,11.61,2.18,100.0,1,Starting,952.98,939.81
1792564680000000000,2026-10-21T06:38:00Z,controller 2,1.056,5.197,-25.6,249.3,202.6,11.58,2.76,100.0,3,Starting,979.59,954.35
1792564740000000000,2026-10-21T06:39:00Z,free response,0.926,4.91,43.22,264.47,199.6,11.57,2.05,100.0,3,Starting,959.54,955.86
1792564800000000000,2026-10-21T06:40:00Z,controller 1,0.942,5.21,105.9,134.25,181.39,11.54,2.22,100.0,1,Starting,913.55,949.88
1792564860000000000,2026-10-21T06:41:00Z,free response,1.024,4.977,35.25,96.95,91.34,11.52,2.52,100.0,3,Starting,883.34,951.38
1792564920000000000,2026-10-21T06:42:00Z,controller 2,0.925,4.777,175.28,402.58,2.3,11.51,2.18,100.0,1,Starting,835.83,977.56
1792564980000000000,2026-10-21T06:43:00Z,free response,0.946,5.116,120.62,384.33,218.98,11.5,2.31,100.0,1,Starting,828.58,982.96
1792565040000000000,2026-10-21T06:44:00Z,controller 2,1.099,4.806,45.02,97.82,252.26,11.48,3.12,100.0,2,Starting,840.28,989.74
1792565100000000000,2026-10-21T06:45:00Z,controller 1,0.94,4.913,149.91,139.25,552.22,11.46,2.06,100.0,3,Starting,811.25,999.66
1792565160000000000,2026-10-21T06:46:00Z,free response,1.027,4.685,116.84,36.32,7.77,11.45,2.59,100.0,3,Starting,781.86,1000.0
1792565220000000000,2026-10-21T06:47:00Z,free response,0.932,5.207,163.86,41.78,132.98,11.44,2.18,100.0,1,Starting,827.7,1000.0
1792565280000000000,2026-10-21T06:48:00Z,controller 2,1.002,4.905,140.25,126.81,411.95,11.41,2.36,100.0,3,Starting,857.42,979.16
1792565340000000000,2026-10-21T06:49:00Z,free response,0.992,5.22,63.51,39.61,30.04,11.39,2.35,100.0,1,Starting,884.07,991.5
1792565400000000000,2026-10-21T06:50:00Z,controller 1,0.961,4.805,174.63,365.2,45.11,11.37,2.12,100.0,3,Starting,930.01,963.32
1792565460000000000,2026-10-21T06:51:00Z,free response,1.016,4.664,165.08,404.49,533.97,11.34,2.24,100.0,3,Starting,912.25,953.55
1792565520000000000,2026-10-21T06:52:00Z,controller 2,1.021,5.325,1.06,271.93,129.43,11.31,2.9,100.0,2,Starting,944.87,946.68
1792565580000000000,2026-10-21T06:53:00Z,free response,0.978,4.981,126.31,153.03,293.85,11.3,2.53,100.0,2,Starting,977.02,928.18
1792565640000000000,2026-10-21T06:54:00Z,free response,1.061,4.914,136.12,239.94,437.4,11.28,2.95,100.0,2,Starting,957.17,920.36
1792565700000000000,2026-10-21T06:55:00Z,controller 1,0.957,4.886,38.03,357.22,351.92,11.26,2.23,100.0,3,Starting,965.74,916.54
1792565760000000000,2026-10-21T06:56:00Z,controller 1,1.081,5.083,60.86,73.12,181.9,11.25,3.21,100.0,3,On,969.12,944.53
1792565820000000000,2026-10-21T06:57:00Z,controller 1,1.01,4.618,47.34,352.63,167.57,11.23,2.48,100.0,1,On,944.68,966.5
1792565880000000000,2026-10-21T06:58:00Z,free response,1.063,4.566,-1.53,420.31,535.92,11.22,2.35,100.0,3,On,985.24,954.28
1792565940000000000,2026-10-21T06:59:00Z,controller 2,0.999,4.937,174.4,215.85,109.89,11.19,2.63,100.0,1,On,1023.48,959.17
1792566000000000000,2026-10-21T07:00:00Z,controller 2,0.979,13.05,147.31,32.01,464.08,11.16,5.8,100.0,1,On,1007.57,930.51
1792566060000000000,2026-10-21T07:01:00Z,controller 1,0.923,13.008,122.71,84.28,67.43,11.15,5.18,100.0,3,On,720.66,876.23
1792566120000000000,2026-10-21T07:02:00Z,controller 2,1.023,12.725,15.82,10.15,7.57,11.13,6.07,100.0,2,On,682.13,876.21
1792566180000000000,2026-10-21T07:03:00Z,free response,0.891,12.99,-21.35,81.53,439.48,11.1,4.73,100.0,2,On,1333.58,312.97
1792566240000000000,2026-10-21T07:04:00Z,controller 1,1.007,12.296,146.46,22.91,5.99,11.09,6.52,91.87,3,On,1341.43,289.77
1792566300000000000,2026-10-21T07:05:00Z,free response,0.952,12.445,108.23,14.45,92.03,11.07,5.75,100.0,3,On,1377.29,316.68
1792566360000000000,2026-10-21T07:06:00Z,free response,1.057,12.384,-5.1,2.59,199.3,11.04,7.05,100.0,2,On,1419.35,294.51
1792566420000000000,2026-10-21T07:07:00Z,controller 2,0.978,12.677,92.35,376.49,549.51,11.02,5.52,100.0,1,On,1447.46,265.47
1792566480000000000,2026-10-21T07:08:00Z,controller 2,0.998,12.587,-7.7,61.08,216.24,11.02,6.63,100.0,2,On,805.68,408.63
1792566540000000000,2026-10-21T07:09:00Z,controller 1,0.893,12.88,-1.22,174.54,483.3,11.0,5.29,100.0,3,On,807.39,430.83
1792566600000000000,2026-10-21T07:10:00Z,controller 2,0.928,12.791,86.57,381.88,329.84,10.99,5.08,100.0,2,On,849.09,457.05
1792566660000000000,2026-10-21T07:11:00Z,free response,1.013,12.883,190.52,214.75,337.02,10.96,6.91,100.0,2,On,844.43,453.81
1792566720000000000,2026-10-21T07:12:00Z,controller 1,0.914,13.043,139.67,347.51,492.0,10.94,5.39,100.0,3,On,865.9,473.14
1792566780000000000,2026-10-21T07:13:00Z,controller 2,1.036,12.487,52.07,65.99,261.69,10.91,6.64,100.0,3,On,892.61,464.02
1792566840000000000,2026-10-21T07:14:00Z,controller 1,1.049,12.618,15.24,156.45,100.97,10.89,6.25,100.0,3,On,924.41,478.73
1792566900000000000,2026-10-21T07:15:00Z,controller 1,1.039,12.514,104.57,24.14,105.84,10.87,6.12,100.0,3,On,937.1,479.71
1792566960000000000,2026-10-21T07:16:00Z,controller 1,0.893,12.936,5.59,293.9,155.99,10.85,5.58,100.0,2,On,950.29,498.38
1792567020000000000,2026-10-21T07:17:00Z,controller 1,0.946,12.495,176.03,156.54,100.07,10.82,5.81,100.0,2,On,948.74,526.31
1792567080000000000,2026-10-21T07:18:00Z,controller 2,1.05,13.028,179.67,382.09,487.92,10.82,7.57,100.0,2,On,988.75,520.47
1792567140000000000,2026-10-21T07:19:00Z,controller 2,1.048,13.021,13.21,147.23,531.67,10.79,7.16,100.0,1,On,958.26,524.64
1792567200000000000,2026-10-21T07:20:00Z,controller 2,1.046,12.891,-17.05,114.33,102.64,10.78,6.68,100.0,1,On,969.79,524.45
1792567260000000000,2026-10-21T07:21:00Z,controller 2,0.921,12.788,38.5,209.41,581.05,10.77,5.17,100.0,2,On,1000.41,548.36
1792567320000000000,2026-10-21T07:22:00Z,free response,0.883,12.523,5.49,399.25,499.46,10.76,4.85,100.0,3,On,1035.84,553.41
1792567380000000000,2026-10-21T07:23:00Z,free response,1.027,12.453,-29.96,205.14,146.99,10.74,6.46,100.0,2,On,1012.14,551.2
1792567440000000000,2026-10-21T07:24:00Z,controller 2,1.015,12.823,123.0,221.78,535.24,10.73,6.68,100.0,3,On,973.1,529.04
1792567500000000000,2026-10-21T07:25:00Z,controller 1,1.039,12.404,-17.45,420.95,574.74,10.71,6.92,100.0,2,On,1010.52,504.34
1792567560000000000,2026-10-21T07:26:00Z,free response,1.043,12.721,6.54,175.44,342.89,10.68,6.58,100.0,3,On,963.04,484.82
1792567620000000000,2026-10-21T07:27:00Z,controller 1,0.897,12.818,99.67,79.98,353.94,10.65,5.05,100.0,1,On,950.99,514.14
1792567680000000000,2026-10-21T07:28:00Z,free response,0.887,12.682,199.37,438.59,139.19,10.64,5.12,100.0,3,On,901.21,524.86
1792567740000000000,2026-10-21T07:29:00Z,free response,0.926,12.497,9.62,65.11,241.69,10.61,5.54,100.0,2,On,889.25,552.15
1792567800000000000,2026-10-21T07:30:00Z,controller 2,2.64,11.096,79.34,308.57,45.18,10.6,35.25,100.0,3,On,907.16,560.7
1792567860000000000,2026-10-21T07:31:00Z,controller 1,2.679,11.064,63.89,356.46,420.78,10.59,37.53,100.0,2,On,926.31,554.37
1792567920000000000,2026-10-21T07:32:00Z,controller 2,2.563,10.972,113.05,194.99,104.35,10.56,36.97,100.0,2,On,941.94,578.98
1792567980000000000,2026-10-21T07:33:00Z,controller 1,2.683,10.923,146.04,369.65,570.51,10.53,38.96,100.0,2,On,981.9,594.38
1792568040000000000,2026-10-21T07:34:00Z,controller 1,2.554,11.457,53.63,335.03,159.64,10.52,40.31,100.0,2,On,986.45,586.43
1792568100000000000,2026-10-21T07:35:00Z,controller 2,2.529,11.421,45.78,31.55,340.28,10.51,34.97,100.0,1,On,985.12,603.48
1792568160000000000,2026-10-21T07:36:00Z,free response,2.572,11.223,24.92,313.19,264.12,10.48,34.57,100.0,2,On,1008.93,598.39
1792568220000000000,2026-10-21T07:37:00Z,free response,2.517,10.917,-19.42,263.68,58.86,10.46,31.4,100.0,2,On,996.99,600.01
1792568280000000000,2026-10-21T07:38:00Z,controller 2,2.508,11.444,69.65,357.18,257.4,10.43,35.37,100.0,1,On,980.25,613.5
1792568340000000000,2026-10-21T07:39:00Z,controller 1,2.684,11.108,31.51,48.28,182.61,10.4,36.74,100.0,2,On,956.52,618.83
1792568400000000000,2026-10-21T07:40:00Z,free response,2.632,11.157,122.24,316.52,72.93,10.39,39.87,100.0,3,On,1457.08,651.67
1792568460000000000,2026-10-21T07:41:00Z,controller 2,2.618,11.184,61.43,43.29,127.13,10.37,39.67,100.0,3,On,1435.45,644.72
1792568520000000000,2026-10-21T07:42:00Z,controller 1,2.517,11.593,-16.73,354.13,553.36,10.34,35.01,100.0,1,On,1471.53,635.75
1792568580000000000,2026-10-21T07:43:00Z,free response,2.523,11.118,25.13,220.48,20.18,10.33,37.08,54.42,1,On,1428.56,626.58
1792568640000000000,2026-10-21T07:44:00Z,free response,2.613,11.589,47.71,289.82,16.6,10.31,43.22,38.41,3,On,1415.6,632.34
1792568700000000000,2026-10-21T07:45:00Z,controller 1,2.682,11.362,186.59,141.03,303.65,10.28,37.97,100.0,1,On,1410.86,604.06
1792568760000000000,2026-10-21T07:46:00Z,controller 2,2.592,11.062,171.82,91.06,8.34,10.25,38.88,21.45,3,On,1389.75,611.06
1792568820000000000,2026-10-21T07:47:00Z,controller 1,2.518,11.427,14.51,433.31,470.85,10.22,33.28,100.0,3,On,1393.4,616.56
1792568880000000000,2026-10-21T07:48:00Z,free response,2.61,11.167,111.23,380.66,141.21,10.2,40.48,100.0,3,On,1348.01,600.51
1792568940000000000,2026-10-21T07:49:00Z,controller 2,2.51,11.034,189.97,428.5,383.74,10.17,35.97,100.0,1,On,1336.62,612.99
1792569000000000000,2026-10-21T07:50:00Z,controller 2,2.517,11.006,199.12,282.7,529.93,10.16,36.69,100.0,1,On,1309.25,618.95
1792569060000000000,2026-10-21T07:51:00Z,free response,2.662,11.426,48.95,60.88,150.16,10.14,38.55,100.0,3,On,1316.35,599.12
1792569120000000000,2026-10-21T07:52:00Z,controller 1,2.56,11.433,54.19,223.13,111.19,10.13,35.7,100.0,1,On,807.85,411.9
1792569180000000000,2026-10-21T07:53:00Z,controller 2,2.655,11.186,175.61,403.67,167.17,10.12,41.2,100.0,3,On,773.28,413.52
1792569240000000000,2026-10-21T07:54:00Z,controller 2,2.667,11.262,67.91,305.65,301.83,10.11,43.02,100.0,2,On,741.17,407.82
1792569300000000000,2026-10-21T07:55:00Z,controller 1,2.613,11.394,-18.58,271.92,94.87,10.08,42.27,100.0,3,On,728.42,430.26
1792569360000000000,2026-10-21T07:56:00Z,controller 1,2.648,11.108,39.81,64.34,362.06,10.05,39.28,100.0,3,On,749.04,400.3
1792569420000000000,2026-10-21T07:57:00Z,controller 1,2.657,11.212,23.05,0.15,570.22,10.04,42.73,100.0,2,On,796.19,422.4
1792569480000000000,2026-10-21T07:58:00Z,controller 2,2.647,11.338,14.1,16.77,272.95,10.01,38.84,100.0,3,On,821.48,410.13
1792569540000000000,2026-10-21T07:59:00Z,free response,2.605,11.432,65.92,219.41,591.87,9.97,37.3,100.0,2,On,775.35,431.53
1792569600000000000,2026-10-21T08:00:00Z,free response,2.904,13.719,102.29,264.92,523.1,9.97,62.5,100.0,1,On,727.78,446.75
1792569660000000000,2026-10-21T08:01:00Z,free response,2.925,13.486,196.07,320.41,443.21,9.96,59.45,100.0,3,On,690.73,468.67
1792569720000000000,2026-10-21T08:02:00Z,controller 2,2.885,13.994,-10.82,257.71,212.04,9.94,60.01,100.0,2,On,1134.93,801.21
1792569780000000000,2026-10-21T08:03:00Z,controller 1,2.849,13.799,17.27,48.81,456.7,9.93,52.84,100.0,3,On,1122.7,790.48
1792569840000000000,2026-10-21T08:04:00Z,controller 2,2.959,13.489,37.28,113.82,185.03,9.91,61.46,100.0,1,On,1108.18,807.0
1792569900000000000,2026-10-21T08:05:00Z,controller 1,2.973,14,164.81,431.28,496.1,9.9,57.59,100.0,2,On,1120.06,814.91
1792569960000000000,2026-10-21T08:06:00Z,controller 2,2.818,13.986,1.73,56.49,187.67,9.87,57.91,100.0,2,On,1113.64,797.58
1792570020000000000,2026-10-21T08:07:00Z,controller 2,2.957,14,98.69,257.72,340.19,9.85,63.31,100.0,2,On,1064.02,780.8
1792570080000000000,2026-10-21T08:08:00Z,controller 2,2.945,13.99,79.33,52.0,432.03,9.81,55.06,100.0,1,On,1105.9,798.99
1792570140000000000,2026-10-21T08:09:00Z,controller 2,2.892,13.951,57.97,180.18,376.43,9.8,54.02,100.0,1,On,1142.77,777.77
1792570200000000000,2026-10-21T08:10:00Z,controller 2,2.928,13.381,6.04,241.61,326.63,9.78,54.67,100.0,1,On,1137.32,793.36
1792570260000000000,2026-10-21T08:11:00Z,free response,2.815,13.938,0.68,93.75,530.79,9.77,50.56,100.0,1,On,1136.88,804.92
1792570320000000000,2026-10-21T08:12:00Z,free response,2.967,13.807,177.94,39.11,415.35,9.75,58.01,100.0,3,On,1118.27,805.73
1792570380000000000,2026-10-21T08:13:00Z,free response,2.821,13.964,37.59,358.37,170.96,9.73,51.64,100.0,2,On,1120.56,825.96
1792570440000000000,2026-10-21T08:14:00Z,controller 2,2.923,13.973,90.51,75.31,360.76,9.71,59.91,100.0,2,On,1139.56,821.63
1792570500000000000,2026-10-21T08:15:00Z,free response,2.817,13.76,154.52,155.37,580.52,9.68,55.85,100.0,2,On,1111.97,843.15
1792570560000000000,2026-10-21T08:16:00Z,controller 1,2.844,13.715,159.2,139.11,178.05,9.65,60.12,100.0,3,On,1139.65,843.07
1792570620000000000,2026-10-21T08:17:00Z,free response,2.915,14,192.76,259.3,37.94,9.63,60.05,63.18,2,On,1289.16,376.45
1792570680000000000,2026-10-21T08:18:00Z,free response,2.852,13.86,12.8,116.07,372.97,9.62,50.74,100.0,3,On,1319.04,388.83
1792570740000000000,2026-10-21T08:19:00Z,controller 1,2.896,13.73,100.88,76.5,340.96,9.61,55.27,100.0,1,On,1291.4,369.95
1792570800000000000,2026-10-21T08:20:00Z,controller 2,2.924,13.824,62.34,243.15,547.06,9.61,58.56,100.0,3,On,1338.38,350.94
1792570860000000000,2026-10-21T08:21:00Z,controller 2,2.886,13.638,188.78,201.45,325.05,9.58,56.49,100.0,1,On,1321.13,336.15
1792570920000000000,2026-10-21T08:22:00Z,controller 1,2.843,13.581,136.51,160.61,68.11,9.57,54.06,100.0,1,On,1291.06,344.16
1792570980000000000,2026-10-21T08:23:00Z,controller 1,2.914,14,12.47,23.78,294.0,9.54,64.59,100.0,1,On,516.32,978.19
1792571040000000000,2026-10-21T08:24:00Z,free response,2.863,13.64,62.96,64.45,553.58,9.52,55.14,100.0,3,On,502.31,952.72
1792571100000000000,2026-10-21T08:25:00Z,free response,2.885,13.754,66.63,85.81,319.78,9.51,54.34,100.0,3,On,468.47,980.98
1792571160000000000,2026-10-21T08:26:00Z,controller 2,2.887,14,97.27,305.49,248.65,9.48,62.3,100.0,2,On,444.41,1000.0
1792571220000000000,2026-10-21T08:27:00Z,controller 1,2.948,13.879,72.14,290.17,172.93,9.47,66.06,100.0,2,On,403.16,1000.0
1792571280000000000,2026-10-21T08:28:00Z,free response,2.808,13.997,128.2,367.49,470.64,9.45,50.15,100.0,1,On,437.1,1000.0
1792571340000000000,2026-10-21T08:29:00Z,controller 2,2.887,13.83,165.67,122.07,500.26,9.44,56.63,100.0,1,On,882.29,959.85
1792571400000000000,2026-10-21T08:30:00Z,free response,1.322,7.585,18.91,435.91,592.34,9.41,6.89,100.0,3,On,839.5,935.44
1792571460000000000,2026-10-21T08:31:00Z,controller 2,1.251,8.007,16.17,305.77,369.74,9.38,5.99,100.0,2,On,838.28,918.11
1792571520000000000,2026-10-21T08:32:00Z,controller 2,1.343,8.099,2.74,283.09,70.52,9.36,6.59,100.0,2,On,827.78,901.59
1792571580000000000,2026-10-21T08:33:00Z,free response,1.271,7.866,-14.78,112.14,28.97,9.35,5.92,100.0,2,On,831.71,925.71
1792571640000000000,2026-10-21T08:34:00Z,controller 2,1.365,8.121,-2.12,56.4,11.39,9.34,7.62,100.0,1,On,820.95,897.3
1792571700000000000,2026-10-21T08:35:00Z,controller 2,1.355,8.019,164.34,110.95,336.12,9.31,7.52,100.0,2,On,866.92,918.33
1792571760000000000,2026-10-21T08:36:00Z,free response,1.268,8.153,47.99,372.2,54.6,9.3,7.02,100.0,1,On,903.83,892.21
1792571820000000000,2026-10-21T08:37:00Z,controller 1,1.401,8.125,6.33,449.26,501.47,9.27,7.84,100.0,3,On,968.62,469.61
1792571880000000000,2026-10-21T08:38:00Z,controller 2,1.3,8.209,178.13,245.97,584.12,9.24,6.87,100.0,1,On,980.2,462.7
1792571940000000000,2026-10-21T08:39:00Z,free response,1.248,8.167,78.96,341.24,219.6,9.23,5.86,100.0,3,On,1006.94,482.73
1792572000000000000,2026-10-21T08:40:00Z,controller 2,1.391,7.748,134.96,328.0,10.61,9.21,7.02,100.0,2,On,593.95,584.11
1792572060000000000,2026-10-21T08:41:00Z,controller 2,1.266,8.107,78.12,402.93,256.31,9.19,7.03,100.0,1,On,575.6,612.38
1792572120000000000,2026-10-21T08:42:00Z,controller 2,1.29,7.801,136.72,2.71,61.57,9.16,6.03,100.0,2,On,784.66,756.64
1792572180000000000,2026-10-21T08:43:00Z,controller 1,1.286,7.849,159.86,82.94,257.99,9.14,6.32,100.0,1,On,825.61,760.43
1792572240000000000,2026-10-21T08:44:00Z,free response,1.314,7.706,52.14,255.09,319.25,9.13,6.39,100.0,2,On,837.8,783.7
1792572300000000000,2026-10-21T08:45:00Z,free response,1.272,8.201,63.3,132.04,38.3,9.11,6.35,100.0,2,On,817.58,801.66
1792572360000000000,2026-10-21T08:46:00Z,controller 1,1.363,7.914,84.55,287.41,145.34,9.08,7.46,100.0,3,On,832.49,810.53
1792572420000000000,2026-10-21T08:47:00Z,free response,1.378,7.575,151.86,297.15,468.98,9.07,7.19,100.0,1,Starting,822.26,836.21
1792572480000000000,2026-10-21T08:48:00Z,controller 1,1.401,7.574,85.02,291.58,131.81,9.04,8.11,100.0,2,Starting,819.55,842.01
1792572540000000000,2026-10-21T08:49:00Z,free response,1.391,8.002,118.69,441.56,82.25,9.01,7.94,100.0,1,Starting,852.01,839.93
1792572600000000000,2026-10-21T08:50:00Z,controller 1,1.371,8.152,59.32,331.52,546.85,9.01,7.93,100.0,2,Starting,857.63,814.94
1792572660000000000,2026-10-21T08:51:00Z,controller 1,1.403,7.899,108.82,86.71,517.83,8.99,8.28,100.0,1,Starting,862.81,826.19
1792572720000000000,2026-10-21T08:52:00Z,free response,1.332,7.656,144.02,100.54,593.11,8.97,6.15,100.0,1,Starting,866.48,805.12
1792572780000000000,2026-10-21T08:53:00Z,controller 1,1.281,7.717,62.48,44.66,165.63,8.96,6.67,100.0,3,Starting,839.29,829.78
1792572840000000000,2026-10-21T08:54:00Z,free response,1.255,8.167,109.74,359.87,88.4,8.95,6.01,100.0,2,Starting,790.8,853.14
1792572900000000000,2026-10-21T08:55:00Z,free response,1.244,7.874,191.33,193.32,191.05,8.91,6.48,100.0,2,Starting,765.49,824.72
1792572960000000000,2026-10-21T08:56:00Z,controller 1,1.301,7.798,196.0,352.96,180.7,8.9,6.65,100.0,2,Starting,799.96,806.63
1792573020000000000,2026-10-21T08:57:00Z,controller 1,1.309,7.491,192.6,236.33,224.84,8.87,6.18,100.0,2,Starting,768.8,807.81
1792573080000000000,2026-10-21T08:58:00Z,free response,1.27,7.521,145.74,400.23,91.17,8.86,6.54,100.0,2,Starting,772.95,795.9
1792573140000000000,2026-10-21T08:59:00Z,free response,1.308,8.027,147.12,436.24,383.92,8.85,6.27,100.0,1,Starting,742.98,798.96
1792573200000000000,2026-10-21T09:00:00Z,controller 2,0.739,3.656,143.09,17.85,304.68,8.83,0.98,100.0,2,Starting,697.92,776.9
1792573260000000000,2026-10-21T09:01:00Z,controller 2,0.723,3.453,-5.15,346.75,23.63,8.82,0.9,100.0,3,Starting,665.95,791.61
1792573320000000000,2026-10-21T09:02:00Z,free response,0.622,3.544,-20.31,355.86,49.23,8.78,0.67,100.0,2,Starting,705.65,770.03
1792573380000000000,2026-10-21T09:03:00Z,free response,0.704,3.343,118.92,110.41,168.57,8.76,0.77,100.0,3,Starting,668.44,744.2
1792573440000000000,2026-10-21T09:04:00Z,controller 1,0.613,3.656,104.13,148.13,506.3,8.74,0.67,100.0,2,Starting,660.17,758.87
1792573500000000000,2026-10-21T09:05:00Z,controller 2,0.688,3.946,-14.07,316.19,135.31,8.73,0.86,100.0,1,Starting,660.09,753.59
1792573560000000000,2026-10-21T09:06:00Z,controller 2,0.634,3.771,127.6,22.83,311.31,8.72,0.75,100.0,2,Starting,695.41,748.33
1792573620000000000,2026-10-21T09:07:00Z,controller 2,0.618,3.616,-15.98,272.21,551.02,8.72,0.74,100.0,2,Starting,668.59,724.02
1792573680000000000,2026-10-21T09:08:00Z,controller 2,0.579,3.732,69.2,421.13,226.35,8.7,0.63,100.0,1,Starting,679.51,746.59
1792573740000000000,2026-10-21T09:09:00Z,free response,0.738,3.636,75.05,172.7,96.9,8.66,0.94,100.0,1,Starting,673.77,745.96
1792573800000000000,2026-10-21T09:10:00Z,free response,0.581,3.949,160.03,126.46,359.29,8.63,0.69,100.0,1,Starting,631.65,770.62
1792573860000000000,2026-10-21T09:11:00Z,controller 1,0.719,3.99,7.74,49.38,298.43,8.61,1.08,100.0,3,Starting,597.96,787.86
1792573920000000000,2026-10-21T09:12:00Z,controller 1,0.718,3.516,142.65,386.85,24.99,8.59,0.87,100.0,1,Starting,578.08,796.46
1792573980000000000,2026-10-21T09:13:00Z,controller 2,0.704,3.399,-26.91,385.2,24.5,8.56,0.9,100.0,1,Starting,576.37,802.43
1792574040000000000,2026-10-21T09:14:00Z,controller 1,0.662,3.904,79.02,361.05,276.91,8.55,0.93,100.0,3,Starting,581.99,781.93
1792574100000000000,2026-10-21T09:15:00Z,controller 2,0.584,3.639,-24.44,356.53,160.21,8.54,0.65,100.0,3,Starting,590.3,773.2
1792574160000000000,2026-10-21T09:16:00Z,free response,0.71,3.818,185.37,64.19,357.44,8.51,1.0,100.0,2,Starting,552.65,800.55
1792574220000000000,2026-10-21T09:17:00Z,free response,0.702,3.726,105.63,268.27,302.37,8.48,0.94,100.0,3,Starting,567.64,812.53
1792574280000000000,2026-10-21T09:18:00Z,free response,0.62,3.285,27.54,391.18,276.38,8.47,0.64,100.0,3,Starting,598.69,818.54
1792574340000000000,2026-10-21T09:19:00Z,controller 1,0.648,4.047,50.64,367.7,444.89,8.46,0.8,100.0,3,Starting,866.4,415.93
1792574400000000000,2026-10-21T09:20:00Z,free response,0.626,3.64,185.99,43.77,164.5,8.44,0.73,100.0,2,Starting,853.41,444.0
1792574460000000000,2026-10-21T09:21:00Z,free response,0.747,3.378,-4.62,269.77,316.38,8.41,0.9,100.0,3,Starting,898.73,445.71
1792574520000000000,2026-10-21T09:22:00Z,controller 1,0.629,3.747,41.7,241.18,258.87,8.39,0.75,100.0,3,Starting,710.7,945.08
1792574580000000000,2026-10-21T09:23:00Z,controller 2,0.609,3.472,-24.08,105.49,172.37,8.38,0.6,100.0,1,Starting,679.77,945.24
1792574640000000000,2026-10-21T09:24:00Z,free response,0.723,3.985,27.86,306.71,501.89,8.35,1.13,100.0,3,Starting,669.37,943.48
1792574700000000000,2026-10-21T09:25:00Z,controller 1,0.654,3.463,38.67,295.86,62.21,8.34,0.77,100.0,2,Starting,673.04,921.32
1792574760000000000,2026-10-21T09:26:00Z,controller 1,0.699,3.288,101.17,439.68,349.64,8.32,0.77,100.0,2,Starting,623.23,949.29
1792574820000000000,2026-10-21T09:27:00Z,free response,0.678,3.578,98.22,188.68,360.69,8.31,0.8,100.0,2,Starting,660.79,964.61
1792574880000000000,2026-10-21T09:28:00Z,controller 2,0.602,3.796,164.03,278.58,93.95,8.3,0.74,100.0,2,Starting,636.39,938.46
1792574940000000000,2026-10-21T09:29:00Z,free response,0.733,4.022,123.18,235.32,177.49,8.3,1.14,100.0,3,Starting,682.22,934.85
1792575000000000000,2026-10-21T09:30:00Z,controller 2,2.383,7.639,18.78,70.56,596.99,8.27,21.98,100.0,1,Starting,726.62,960.11
1792575060000000000,2026-10-21T09:31:00Z,controller 2,2.38,7.593,97.04,61.72,302.57,8.24,19.49,100.0,1,Starting,749.58,938.97
1792575120000000000,2026-10-21T09:32:00Z,controller 2,2.327,7.508,53.29,127.98,380.98,8.21,18.53,100.0,1,Starting,734.65,949.45
1792575180000000000,2026-10-21T09:33:00Z,free response,2.237,7.277,123.88,435.49,590.15,8.19,19.64,100.0,3,Starting,774.99,944.54
1792575240000000000,2026-10-21T09:34:00Z,controller 2,2.305,7.279,-5.47,164.31,94.81,8.17,17.72,100.0,1,Starting,760.6,956.78
1792575300000000000,2026-10-21T09:35:00Z,controller 1,2.251,7.421,75.04,377.38,376.64,8.15,18.32,100.0,2,Starting,722.88,941.68
1792575360000000000,2026-10-21T09:36:00Z,controller 2,2.279,7.514,59.55,285.37,505.66,8.14,19.97,100.0,2,Starting,696.56,970.99
1792575420000000000,2026-10-21T09:37:00Z,free response,2.262,7.171,180.46,283.99,127.12,8.11,19.24,100.0,1,Starting,686.15,974.95
1792575480000000000,2026-10-21T09:38:00Z,free response,2.363,7.377,131.57,205.4,395.37,8.09,21.13,100.0,2,Starting,678.27,960.91
1792575540000000000,2026-10-21T09:39:00Z,controller 1,2.373,7.04,100.86,35.01,547.52,8.06,18.1,100.0,3,Starting,673.09,955.28
1792575600000000000,2026-10-21T09:40:00Z,free response,2.357,7.579,14.04,407.48,441.2,8.04,22.79,100.0,3,Starting,653.4,931.07
1792575660000000000,2026-10-21T09:41:00Z,controller 2,2.283,7.327,39.58,103.86,370.54,8.02,17.38,100.0,2,Starting,670.86,905.81
1792575720000000000,2026-10-21T09:42:00Z,free response,2.361,7.045,-29.54,318.65,464.3,7.99,19.05,100.0,1,Starting,694.1,908.98
1792575780000000000,2026-10-21T09:43:00Z,controller 2,2.291,7.436,169.48,399.66,563.51,7.98,17.82,100.0,3,Starting,730.5,907.68
1792575840000000000,2026-10-21T09:44:00Z,free response,2.268,7.321,144.33,310.72,146.69,7.95,19.55,100.0,2,Starting,752.05,914.96
1792575900000000000,2026-10-21T09:45:00Z,free response,2.253,7.604,-11.38,183.41,121.88,7.93,19.92,100.0,2,Starting,726.2,888.94
1792575960000000000,2026-10-21T09:46:00Z,free response,2.253,7.648,68.09,12.61,70.0,7.9,18.24,100.0,2,Starting,754.29,869.46
1792576020000000000,2026-10-21T09:47:00Z,controller 2,2.244,7.186,38.48,24.33,268.73,7.88,16.59,100.0,2,Starting,705.43,884.8
1792576080000000000,2026-10-21T09:48:00Z,controller 2,2.278,7.145,87.66,366.09,469.34,7.86,17.76,100.0,3,Starting,703.62,862.92
1792576140000000000,2026-10-21T09:49:00Z,controller 1,2.302,7.065,2.72,443.79,524.89,7.85,19.91,100.0,1,Starting,719.46,853.39
1792576200000000000,2026-10-21T09:50:00Z,controller 2,2.218,7.584,18.33,376.81,88.12,7.81,20.1,100.0,2,Starting,741.6,867.77
1792576260000000000,2026-10-21T09:51:00Z,controller 2,2.284,7.087,197.08,157.09,75.79,7.79,18.28,100.0,2,Starting,787.11,848.11
1792576320000000000,2026-10-21T09:52:00Z,controller 2,2.341,7.339,23.81,163.33,266.19,7.77,19.04,100.0,3,Starting,789.99,822.59
1792576380000000000,2026-10-21T09:53:00Z,free response,2.318,7.051,195.37,218.35,279.65,7.76,20.22,100.0,3,Starting,779.82,794.71
1792576440000000000,2026-10-21T09:54:00Z,free response,2.256,7.468,-2.29,94.15,547.64,7.72,20.59,100.0,3,Starting,814.15,818.31
1792576500000000000,2026-10-21T09:55:00Z,controller 1,2.374,7.189,29.5,219.71,319.21,7.69,21.2,100.0,3,Starting,852.19,825.72
1792576560000000000,2026-10-21T09:56:00Z,controller 1,2.331,7.599,37.21,385.73,318.18,7.66,20.89,100.0,2,Starting,826.26,843.21
1792576620000000000,2026-10-21T09:57:00Z,free response,2.379,7.557,35.1,369.28,469.12,7.65,19.54,100.0,2,Starting,862.79,857.29
1792576680000000000,2026-10-21T09:58:00Z,controller 2,2.346,6.988,40.94,35.09,348.57,7.62,18.84,100.0,2,Starting,815.46,884.67
1792576740000000000,2026-10-21T09:59:00Z,controller 2,2.336,7.198,-8.17,203.72,120.1,7.59,18.54,100.0,2,Starting,837.02,892.39
1792576800000000000,2026-10-21T10:00:00Z,controller 2,0.466,12.014,184.35,425.87,488.44,7.56,1.23,100.0,1,Starting,792.75,909.9
1792576860000000000,2026-10-21T10:01:00Z,controller 1,0.42,12.071,97.87,306.12,130.4,7.55,1.0,100.0,1,Starting,747.24,894.33
1792576920000000000,2026-10-21T10:02:00Z,controller 2,0.427,11.869,-19.92,217.92,189.67,7.54,1.1,100.0,2,Starting,702.49,901.33
1792576980000000000,2026-10-21T10:03:00Z,controller 2,0.383,11.934,109.09,320.2,351.26,7.52,0.93,100.0,1,Starting,737.38,927.04
1792577040000000000,2026-10-21T10:04:00Z,free response,0.446,11.727,159.02,173.72,374.67,7.5,1.14,100.0,3,Starting,1418.08,846.32
1792577100000000000,2026-10-21T10:05:00Z,controller 2,0.422,12.23,91.84,304.02,385.88,7.47,1.0,100.0,3,Starting,1424.37,857.22
1792577160000000000,2026-10-21T10:06:00Z,free response,0.451,12.107,101.25,247.65,24.84,7.46,1.2,100.0,2,Starting,1387.92,838.14
1792577220000000000,2026-10-21T10:07:00Z,free response,0.398,11.505,50.73,244.99,215.78,7.45,0.94,100.0,2,Starting,799.35,763.98
1792577280000000000,2026-10-21T10:08:00Z,free response,0.561,11.513,35.48,352.26,175.36,7.44,1.67,100.0,2,Starting,779.57,785.01
1792577340000000000,2026-10-21T10:09:00Z,controller 2,0.534,11.875,195.15,339.21,464.92,7.43,1.62,100.0,3,Starting,824.77,775.25
1792577400000000000,2026-10-21T10:10:00Z,controller 2,0.433,12.081,195.21,243.13,508.0,7.41,1.15,100.0,2,Starting,839.25,748.41
1792577460000000000,2026-10-21T10:11:00Z,free response,0.517,12.153,75.22,300.74,404.63,7.39,1.51,100.0,1,Starting,876.18,721.42
1792577520000000000,2026-10-21T10:12:00Z,free response,0.453,12.176,147.75,93.59,369.17,7.36,1.25,100.0,3,Starting,843.66,718.69
1792577580000000000,2026-10-21T10:13:00Z,controller 2,0.508,11.526,15.59,76.38,110.11,7.35,1.34,100.0,3,Starting,840.92,728.85
1792577640000000000,2026-10-21T10:14:00Z,controller 1,0.473,12.064,-6.84,251.56,388.65,7.32,1.35,100.0,2,Starting,820.08,750.81
1792577700000000000,2026-10-21T10:15:00Z,free response,0.42,12.109,35.78,387.33,408.16,7.29,1.03,100.0,3,Starting,798.25,745.2
1792577760000000000,2026-10-21T10:16:00Z,free response,0.557,12.033,145.99,436.17,319.68,7.28,2.03,100.0,3,Starting,807.86,722.24
1792577820000000000,2026-10-21T10:17:00Z,free response,0.471,11.507,123.45,318.68,367.84,7.26,1.37,100.0,3,Starting,767.67,727.58
1792577880000000000,2026-10-21T10:18:00Z,controller 2,0.537,12.037,46.71,177.52,369.23,7.23,1.78,100.0,1,Starting,756.42,726.27
1792577940000000000,2026-10-21T10:19:00Z,controller 2,0.462,11.989,23.89,21.72,429.64,7.23,1.19,100.0,2,Starting,789.2,734.41
1792578000000000000,2026-10-21T10:20:00Z,controller 2,0.526,11.643,33.43,42.6,152.5,7.21,1.52,100.0,1,Starting,750.3,705.96
1792578060000000000,2026-10-21T10:21:00Z,free response,0.522,11.584,127.17,255.57,187.4,7.19,1.62,100.0,3,Starting,742.92,698.66
1792578120000000000,2026-10-21T10:22:00Z,free response,0.403,11.68,-20.77,399.17,381.65,7.18,0.89,100.0,3,Starting,724.34,726.91
1792578180000000000,2026-10-21T10:23:00Z,controller 2,0.451,11.537,-1.07,258.59,434.2,7.17,1.26,100.0,2,Starting,692.24,737.12
1792578240000000000,2026-10-21T10:24:00Z,controller 1,0.46,11.514,35.32,46.8,543.96,7.15,1.23,100.0,3,Starting,718.59,760.91
1792578300000000000,2026-10-21T10:25:00Z,controller 1,0.445,11.809,24.19,16.14,121.95,7.13,1.14,100.0,3,Starting,729.82,770.8
1792578360000000000,2026-10-21T10:26:00Z,free response,0.448,11.517,187.91,243.15,394.34,7.1,1.09,100.0,1,Starting,683.22,756.65
1792578420000000000,2026-10-21T10:27:00Z,controller 2,0.477,12.128,155.34,328.88,205.95,7.08,1.43,100.0,1,Starting,677.79,763.9
1792578480000000000,2026-10-21T10:28:00Z,free response,0.513,11.478,56.69,162.11,226.72,7.08,1.44,100.0,2,Starting,693.53,784.74
1792578540000000000,2026-10-21T10:29:00Z,controller 1,0.549,11.493,170.49,286.96,493.42,7.06,1.8,100.0,1,Off,718.25,771.35
1792578600000000000,2026-10-21T10:30:00Z,controller 2,1.34,12.479,184.29,382.18,260.74,7.04,12.28,100.0,3,Off,725.57,782.14
1792578660000000000,2026-10-21T10:31:00Z,controller 2,1.326,11.965,149.69,145.57,374.15,7.03,9.8,100.0,1,Off,707.38,763.22
1792578720000000000,2026-10-21T10:32:00Z,controller 2,1.408,12.515,118.31,206.13,386.96,7.02,11.94,100.0,3,Off,712.53,744.38
1792578780000000000,2026-10-21T10:33:00Z,controller 2,1.409,12.587,89.14,81.9,385.97,7.0,12.01,100.0,3,Off,747.26,766.74
1792578840000000000,2026-10-21T10:34:00Z,controller 2,1.456,12.182,9.84,376.06,363.34,6.99,13.64,100.0,2,Off,1467.88,776.22
1792578900000000000,2026-10-21T10:35:00Z,controller 1,1.309,12.183,86.99,413.59,6.34,6.96,11.41,55.57,2,Off,1439.69,746.64
1792578960000000000,2026-10-21T10:36:00Z,controller 1,1.385,12.645,-15.24,398.47,449.68,6.94,12.41,100.0,2,Off,1417.23,762.26
1792579020000000000,2026-10-21T10:37:00Z,free response,1.37,12.388,28.98,120.02,512.94,6.94,11.46,100.0,1,Off,1417.72,780.4
1792579080000000000,2026-10-21T10:38:00Z,controller 1,1.437,11.988,166.94,82.8,324.11,6.9,12.73,100.0,3,Off,1396.8,772.66
1792579140000000000,2026-10-21T10:39:00Z,free response,1.311,12.635,154.53,278.3,139.71,6.9,10.43,100.0,1,Off,1377.06,756.18
1792579200000000000,2026-10-21T10:40:00Z,controller 1,1.472,11.965,65.31,348.07,108.96,6.87,13.43,100.0,2,Off,1360.77,747.47
1792579260000000000,2026-10-21T10:41:00Z,controller 1,1.355,12.576,152.21,278.27,348.51,6.86,10.53,100.0,2,Off,1403.47,726.03
1792579320000000000,2026-10-21T10:42:00Z,controller 2,1.368,12.169,15.44,256.14,532.26,6.85,10.68,100.0,3,Off,1366.33,753.15
1792579380000000000,2026-10-21T10:43:00Z,controller 2,1.472,12.193,13.98,40.22,273.53,6.83,14.53,100.0,3,Off,1351.2,768.24
1792579440000000000,2026-10-21T10:44:00Z,controller 2,1.361,12.445,77.04,440.01,570.79,6.8,12.3,100.0,2,Off,1358.06,766.56
1792579500000000000,2026-10-21T10:45:00Z,free response,1.37,12.639,185.0,69.42,290.49,6.78,11.01,100.0,1,Off,1328.54,770.32
1792579560000000000,2026-10-21T10:46:00Z,controller 1,1.378,11.982,114.67,132.9,253.9,6.76,11.08,100.0,2,Off,1374.79,785.84
1792579620000000000,2026-10-21T10:47:00Z,free response,1.353,12.305,173.69,29.1,144.02,6.74,11.1,100.0,2,Off,1340.35,766.13
1792579680000000000,2026-10-21T10:48:00Z,controller 2,1.43,12.642,141.1,321.32,597.24,6.72,12.14,100.0,2,Off,758.8,458.46
1792579740000000000,2026-10-21T10:49:00Z,controller 2,1.37,11.949,91.84,59.56,243.5,6.7,11.95,100.0,3,Off,763.13,445.53
1792579800000000000,2026-10-21T10:50:00Z,controller 2,1.349,12.518,99.8,138.08,300.14,6.67,11.49,100.0,2,Off,1324.47,864.79
1792579860000000000,2026-10-21T10:51:00Z,controller 2,1.452,12.528,80.75,54.0,518.88,6.64,14.21,100.0,1,Off,1321.33,846.88
1792579920000000000,2026-10-21T10:52:00Z,controller 1,1.421,12.01,187.58,388.11,265.84,6.6,12.83,100.0,3,Off,1309.52,829.84
1792579980000000000,2026-10-21T10:53:00Z,controller 2,1.362,12.162,157.19,72.66,117.56,6.57,12.14,100.0,3,Off,1341.43,825.9
1792580040000000000,2026-10-21T10:54:00Z,free response,1.407,12.188,-7.12,370.44,427.69,6.54,12.22,100.0,1,Off,1339.5,814.22
1792580100000000000,2026-10-21T10:55:00Z,free response,1.323,12.662,194.13,341.29,587.16,6.51,11.12,100.0,3,Off,1387.62,822.03
1792580160000000000,2026-10-21T10:56:00Z,controller 2,1.361,12.441,124.62,292.54,8.51,6.49,11.7,72.74,3,Off,1401.49,795.37
1792580220000000000,2026-10-21T10:57:00Z,free response,1.382,12.557,-22.35,319.13,105.55,6.47,13.13,100.0,1,Off,1393.58,769.62
1792580280000000000,2026-10-21T10:58:00Z,free response,1.334,12.16,66.33,315.03,526.53,6.46,10.12,100.0,3,Off,1391.76,789.49
1792580340000000000,2026-10-21T10:59:00Z,controller 1,1.431,12.69,75.98,250.22,212.1,6.45,13.42,100.0,2,On,1436.19,812.65
1792580400000000000,2026-10-21T11:00:00Z,controller 2,1.754,7.786,105.08,70.2,14.8,6.44,12.31,100.0,1,On,1433.44,787.43
1792580460000000000,2026-10-21T11:01:00Z,free response,1.707,7.53,152.24,323.06,221.62,6.42,11.52,100.0,1,On,1478.53,801.31
1792580520000000000,2026-10-21T11:02:00Z,free response,1.682,7.679,107.09,362.17,118.46,6.4,10.36,100.0,2,On,1480.46,794.36
1792580580000000000,2026-10-21T11:03:00Z,controller 1,1.718,7.555,134.09,5.13,196.87,6.37,11.59,100.0,2,On,1094.71,680.43
1792580640000000000,2026-10-21T11:04:00Z,free response,1.749,8.011,174.52,174.56,248.11,6.36,12.76,100.0,3,On,1137.01,656.75
1792580700000000000,2026-10-21T11:05:00Z,controller 1,1.697,7.995,149.62,304.76,339.88,6.36,12.53,100.0,1,On,1115.79,650.14
1792580760000000000,2026-10-21T11:06:00Z,free response,1.705,7.513,-20.31,427.36,570.33,6.34,10.04,100.0,3,On,1120.73,638.24
1792580820000000000,2026-10-21T11:07:00Z,controller 1,1.721,7.818,113.88,278.32,345.83,6.32,11.8,100.0,1,On,1134.27,646.8
1792580880000000000,2026-10-21T11:08:00Z,controller 1,1.701,7.845,96.51,225.83,345.87,6.31,11.83,100.0,2,On,1088.82,648.61
1792580940000000000,2026-10-21T11:09:00Z,controller 1,1.691,7.863,77.26,131.08,393.01,6.3,12.17,100.0,3,On,1099.72,675.39
1792581000000000000,2026-10-21T11:10:00Z,free response,1.73,7.602,-23.49,175.06,138.93,6.27,12.35,100.0,2,On,1121.57,703.9
1792581060000000000,2026-10-21T11:11:00Z,free response,1.644,7.503,-21.08,184.07,468.65,6.25,9.27,100.0,2,On,1133.85,696.42
1792581120000000000,2026-10-21T11:12:00Z,controller 1,1.68,7.836,178.5,44.9,158.27,6.22,10.5,100.0,1,On,1119.36,701.85
1792581180000000000,2026-10-21T11:13:00Z,controller 2,1.75,7.594,137.1,151.62,456.33,6.21,11.38,100.0,1,On,1074.81,722.39
1792581240000000000,2026-10-21T11:14:00Z,controller 1,1.658,8.028,-14.38,59.08,273.43,6.2,11.7,100.0,3,On,1104.11,698.23
1792581300000000000,2026-10-21T11:15:00Z,free response,1.779,7.783,166.04,149.63,67.26,6.19,12.04,100.0,2,On,1090.53,679.95
1792581360000000000,2026-10-21T11:16:00Z,controller 1,1.662,7.99,181.91,416.53,358.18,6.17,11.65,100.0,1,On,1060.0,708.21
1792581420000000000,2026-10-21T11:17:00Z,free response,1.785,8.054,21.44,367.64,74.95,6.15,12.94,100.0,2,On,1037.23,683.09
1792581480000000000,2026-10-21T11:18:00Z,controller 2,1.72,7.479,61.46,420.83,305.97,6.13,11.47,100.0,1,On,1022.15,704.61
1792581540000000000,2026-10-21T11:19:00Z,free response,1.743,8.111,194.84,325.17,403.41,6.1,12.59,100.0,2,On,1029.45,687.76
1792581600000000000,2026-10-21T11:20:00Z,free response,1.718,8.0,159.48,203.81,272.85,6.09,12.96,100.0,3,On,1020.91,681.78
1792581660000000000,2026-10-21T11:21:00Z,controller 1,1.795,7.942,74.13,158.52,261.62,6.07,13.02,100.0,1,On,999.58,677.38
1792581720000000000,2026-10-21T11:22:00Z,free response,1.802,7.739,45.24,364.61,396.95,6.07,11.9,100.0,1,On,962.66,651.97
1792581780000000000,2026-10-21T11:23:00Z,controller 2,1.643,7.769,-19.37,273.91,519.03,6.05,9.82,100.0,1,On,966.17,676.67
1792581840000000000,2026-10-21T11:24:00Z,controller 2,1.65,7.656,111.61,133.8,242.12,6.03,11.28,100.0,3,On,956.81,690.02
1792581900000000000,2026-10-21T11:25:00Z,controller 2,1.786,7.49,110.58,294.78,483.52,6.02,11.81,100.0,2,On,1006.7,683.8
1792581960000000000,2026-10-21T11:26:00Z,controller 1,1.683,7.81,132.71,423.93,517.03,6.0,10.52,100.0,3,On,1011.99,696.77
1792582020000000000,2026-10-21T11:27:00Z,controller 1,1.78,8.111,65.22,19.72,524.49,5.98,12.98,100.0,1,On,1061.31,691.33
1792582080000000000,2026-10-21T11:28:00Z,controller 2,1.801,7.995,94.16,167.93,17.8,5.96,13.22,100.0,1,On,1057.47,690.33
1792582140000000000,2026-10-21T11:29:00Z,controller 1,1.645,7.769,131.67,160.59,430.04,5.94,11.18,100.0,3,On,1075.67,693.58
1792582200000000000,2026-10-21T11:30:00Z,controller 1,1.658,6.646,115.5,351.08,572.09,5.92,8.47,100.0,2,On,1087.58,690.85
1792582260000000000,2026-10-21T11:31:00Z,free response,1.614,6.766,8.01,347.1,86.17,5.9,9.0,100.0,2,On,1078.14,673.87
1792582320000000000,2026-10-21T11:32:00Z,free response,1.555,6.336,28.99,351.07,392.91,5.87,8.19,100.0,1,On,1072.83,661.81
1792582380000000000,2026-10-21T11:33:00Z,controller 1,1.597,6.688,-22.77,303.14,29.6,5.87,8.0,100.0,1,On,1092.96,688.3
1792582440000000000,2026-10-21T11:34:00Z,controller 2,1.657,6.704,17.9,46.75,314.81,5.85,9.89,100.0,3,On,1063.8,675.85
1792582500000000000,2026-10-21T11:35:00Z,free response,1.681,6.412,109.72,61.95,596.93,5.84,9.34,100.0,1,On,1029.09,695.47
1792582560000000000,2026-10-21T11:36:00Z,controller 2,1.689,6.793,24.0,79.65,561.01,5.81,9.54,100.0,3,On,765.19,384.39
1792582620000000000,2026-10-21T11:37:00Z,controller 1,1.574,6.893,-8.93,57.82,133.17,5.8,8.03,100.0,1,On,766.33,403.68
1792582680000000000,2026-10-21T11:38:00Z,controller 2,1.657,6.824,182.72,264.99,114.16,5.78,9.29,100.0,1,On,716.46,384.35
1792582740000000000,2026-10-21T11:39:00Z,controller 1,1.701,6.458,91.6,232.33,406.28,5.76,8.52,100.0,3,On,723.08,368.33
1792582800000000000,2026-10-21T11:40:00Z,controller 1,1.649,6.657,69.96,196.91,546.11,5.74,8.38,100.0,3,On,709.33,383.26
1792582860000000000,2026-10-21T11:41:00Z,free response,1.572,6.846,189.42,369.24,598.86,5.73,9.01,100.0,2,On,757.17,407.14
1792582920000000000,2026-10-21T11:42:00Z,free response,1.573,6.406,193.31,244.92,583.29,5.72,8.1,100.0,2,Starting,729.1,395.73
1792582980000000000,2026-10-21T11:43:00Z,free response,1.635,6.77,165.84,426.15,307.31,5.71,8.82,100.0,2,Starting,710.61,409.12
1792583040000000000,2026-10-21T11:44:00Z,free response,1.612,6.375,62.08,325.63,161.67,5.69,8.07,100.0,1,Starting,700.03,436.95
1792583100000000000,2026-10-21T11:45:00Z,free response,1.711,6.441,163.0,223.46,450.47,5.68,9.49,100.0,1,Starting,714.75,432.47
1792583160000000000,2026-10-21T11:46:00Z,controller 2,1.553,7.051,187.74,178.19,95.03,5.66,8.56,100.0,2,Starting,750.48,440.66
1792583220000000000,2026-10-21T11:47:00Z,free response,1.606,6.809,52.5,430.7,116.16,5.64,8.29,100.0,3,Starting,716.79,457.77
1792583280000000000,2026-10-21T11:48:00Z,controller 1,1.621,6.487,95.76,55.1,533.98,5.63,9.08,100.0,3,Starting,736.28,469.82
1792583340000000000,2026-10-21T11:49:00Z,controller 1,1.564,6.564,103.06,439.19,366.82,5.61,8.11,100.0,3,Starting,749.85,445.2
1792583400000000000,2026-10-21T11:50:00Z,free response,1.547,6.372,-17.51,81.16,283.39,5.6,7.76,100.0,3,Starting,741.61,426.52
1792583460000000000,2026-10-21T11:51:00Z,controller 2,1.553,6.538,33.4,238.19,2.43,5.57,7.32,33.2,1,Starting,752.48,443.87
1792583520000000000,2026-10-21T11:52:00Z,free response,1.718,6.579,80.75,196.31,32.63,5.55,9.94,100.0,1,Starting,1445.97,892.88
1792583580000000000,2026-10-21T11:53:00Z,controller 2,1.721,6.562,5.74,140.45,315.35,5.55,9.99,100.0,2,Starting,1485.51,915.01
1792583640000000000,2026-10-21T11:54:00Z,controller 1,1.696,7.026,68.03,36.17,237.43,5.51,10.35,100.0,1,Starting,1500.0,887.36
1792583700000000000,2026-10-21T11:55:00Z,controller 2,1.545,6.606,71.31,120.61,233.57,5.51,7.65,100.0,3,Starting,1500.0,888.39
1792583760000000000,2026-10-21T11:56:00Z,controller 2,1.683,7.038,132.54,160.98,35.42,5.48,9.17,100.0,1,Starting,1471.82,913.2
1792583820000000000,2026-10-21T11:57:00Z,controller 2,1.621,6.742,-14.17,266.23,304.09,5.48,9.67,100.0,2,Starting,1478.08,908.08
1792583880000000000,2026-10-21T11:58:00Z,free response,1.559,6.489,-15.48,162.16,21.63,5.46,8.18,100.0,1,Starting,1486.78,910.17
1792583940000000000,2026-10-21T11:59:00Z,free response,1.679,6.481,92.48,305.31,417.26,5.42,8.41,100.0,1,Starting,1500.0,900.4
1792584000000000000,2026-10-21T12:00:00Z,controller 2,0.758,13.031,167.71,281.74,592.29,5.41,3.52,100.0,1,Starting,1500.0,901.49
1792584060000000000,2026-10-21T12:01:00Z,controller 1,0.753,13.463,167.18,61.63,6.86,5.39,3.85,100.0,2,Starting,1481.7,871.91
1792584120000000000,2026-10-21T12:02:00Z,free response,0.806,12.93,119.86,305.88,499.29,5.37,4.43,100.0,3,Starting,1500.0,851.52
1792584180000000000,2026-10-21T12:03:00Z,controller 2,0.745,13.243,155.46,284.81,585.11,5.35,3.75,100.0,2,Starting,1484.38,867.72
1792584240000000000,2026-10-21T12:04:00Z,free response,0.798,13.33,81.22,123.23,543.21,5.32,3.98,100.0,2,Starting,1472.08,846.32
1792584300000000000,2026-10-21T12:05:00Z,controller 1,0.765,12.923,40.46,336.51,559.86,5.29,4.09,100.0,3,Starting,1475.65,866.54
1792584360000000000,2026-10-21T12:06:00Z,controller 2,0.711,13.067,148.57,195.8,499.78,5.28,3.13,100.0,1,Starting,1473.92,881.61
1792584420000000000,2026-10-21T12:07:00Z,free response,0.816,13.208,60.91,151.38,484.76,5.25,4.7,100.0,3,Starting,1500.0,873.43
1792584480000000000,2026-10-21T12:08:00Z,controller 2,0.832,12.79,121.65,264.73,274.38,5.25,4.36,100.0,3,Starting,1500.0,879.02
1792584540000000000,2026-10-21T12:09:00Z,controller 2,0.857,13.474,140.0,133.35,597.39,5.24,5.39,100.0,1,Starting,1469.42,868.03
1792584600000000000,2026-10-21T12:10:00Z,controller 2,0.861,12.827,113.75,242.89,457.77,5.2,4.54,100.0,1,Starting,1438.29,850.55
1792584660000000000,2026-10-21T12:11:00Z,controller 2,0.865,13.215,10.21,176.03,238.79,5.18,4.67,100.0,3,Starting,1436.66,853.77
1792584720000000000,2026-10-21T12:12:00Z,controller 1,0.758,13.03,146.05,317.27,325.13,5.18,3.59,100.0,2,Starting,1482.59,860.88
1792584780000000000,2026-10-21T12:13:00Z,free response,0.807,12.821,104.03,401.54,165.49,5.15,4.39,100.0,1,Starting,1472.44,886.92
1792584840000000000,2026-10-21T12:14:00Z,controller 1,0.818,12.817,158.65,60.5,237.82,5.13,4.14,100.0,1,Starting,1480.3,911.63
1792584900000000000,2026-10-21T12:15:00Z,controller 2,0.83,13.188,195.83,90.0,521.35,5.12,4.57,100.0,3,Starting,1451.04,933.16
1792584960000000000,2026-10-21T12:16:00Z,controller 1,0.76,13.284,140.23,132.64,543.12,5.1,3.68,100.0,2,Starting,1437.41,927.86
1792585020000000000,2026-10-21T12:17:00Z,controller 1,0.699,12.811,25.52,165.27,259.69,5.09,3.32,100.0,1,Starting,1397.96,935.38
1792585080000000000,2026-10-21T12:18:00Z,controller 1,0.851,13.279,-29.44,330.08,490.52,5.08,4.36,100.0,2,Starting,1404.76,948.99
1792585140000000000,2026-10-21T12:19:00Z,controller 2,0.715,12.78,-28.88,264.75,459.99,5.05,3.58,100.0,1,Starting,1355.99,961.79
1792585200000000000,2026-10-21T12:20:00Z,free response,0.754,13.481,124.15,127.5,324.15,5.04,3.84,100.0,3,Starting,1326.9,988.41
1792585260000000000,2026-10-21T12:21:00Z,controller 2,0.73,12.752,3.5,217.97,150.11,5.03,3.11,100.0,1,Starting,1302.55,1000.0
1792585320000000000,2026-10-21T12:22:00Z,free response,0.79,13.329,127.61,174.26,113.92,5.01,3.92,100.0,2,Starting,1346.38,985.38
1792585380000000000,2026-10-21T12:23:00Z,free response,0.854,12.947,12.96,0.43,304.18,4.99,4.9,100.0,2,Starting,1370.68,992.61
1792585440000000000,2026-10-21T12:24:00Z,free response,0.759,13.367,197.03,312.59,154.35,4.97,3.92,100.0,1,Starting,1363.98,990.56
1792585500000000000,2026-10-21T12:25:00Z,free response,0.764,13.369,176.26,25.7,308.61,4.95,3.74,100.0,1,Starting,1327.96,989.92
1792585560000000000,2026-10-21T12:26:00Z,controller 2,0.763,12.873,63.7,258.8,443.02,4.93,3.92,100.0,1,Starting,1302.71,989.25
1792585620000000000,2026-10-21T12:27:00Z,controller 1,0.818,13.23,-6.24,94.54,315.38,4.92,4.77,100.0,3,Starting,1330.36,966.62
1792585680000000000,2026-10-21T12:28:00Z,free response,0.744,13.408,40.65,290.01,209.74,4.9,3.4,100.0,3,Starting,1378.58,986.39
1792585740000000000,2026-10-21T12:29:00Z,controller 2,0.742,13.356,1.2,43.4,475.05,4.89,4.01,100.0,3,Starting,1369.38,1000.0
1792585800000000000,2026-10-21T12:30:00Z,controller 1,1.951,10.493,36.77,279.57,339.87,4.88,21.45,100.0,2,Starting,1410.53,1000.0
1792585860000000000,2026-10-21T12:31:00Z,controller 1,2.015,11.195,69.86,142.95,317.29,4.85,23.91,100.0,2,Starting,1458.97,988.51
1792585920000000000,2026-10-21T12:32:00Z,controller 2,1.947,10.795,85.91,430.94,209.71,4.85,20.62,100.0,1,Starting,750.56,382.9
1792585980000000000,2026-10-21T12:33:00Z,free response,1.943,10.704,14.05,250.53,375.78,4.84,18.93,100.0,2,Starting,796.79,391.48
1792586040000000000,2026-10-21T12:34:00Z,free response,1.873,10.925,118.07,186.11,163.19,4.82,19.12,100.0,3,Starting,836.1,361.98
1792586100000000000,2026-10-21T12:35:00Z,controller 1,2.038,10.918,109.91,226.15,511.73,4.8,21.36,100.0,2,Starting,787.02,375.85
1792586160000000000,2026-10-21T12:36:00Z,controller 1,2.028,10.756,0.74,19.9,374.05,4.79,21.96,100.0,1,Starting,752.7,361.75
1792586220000000000,2026-10-21T12:37:00Z,controller 2,1.939,10.515,52.65,207.0,414.55,4.76,18.24,100.0,3,Starting,762.77,388.81
1792586280000000000,2026-10-21T12:38:00Z,controller 1,1.99,11.206,-18.98,74.45,158.65,4.74,20.27,100.0,1,Starting,797.13,383.31
1792586340000000000,2026-10-21T12:39:00Z,controller 1,1.97,10.808,12.99,11.46,301.52,4.72,21.05,100.0,2,Starting,778.67,362.68
1792586400000000000,2026-10-21T12:40:00Z,controller 2,1.993,10.732,36.02,145.47,127.1,4.7,20.3,100.0,2,Starting,1100.11,758.1
1792586460000000000,2026-10-21T12:41:00Z,controller 2,1.993,10.725,107.52,26.3,70.36,4.69,20.57,100.0,3,Starting,1131.21,759.66
1792586520000000000,2026-10-21T12:42:00Z,free response,1.99,10.601,83.31,64.46,178.79,4.67,19.35,100.0,1,Starting,1128.24,741.82
1792586580000000000,2026-10-21T12:43:00Z,free response,1.875,10.743,195.28,14.72,47.57,4.65,18.74,100.0,2,Starting,1133.56,765.84
1792586640000000000,2026-10-21T12:44:00Z,controller 2,1.931,11.192,7.27,86.35,38.22,4.64,21.27,100.0,1,Starting,1091.01,786.71
1792586700000000000,2026-10-21T12:45:00Z,controller 1,1.974,11.172,121.41,380.34,398.53,4.6,20.36,100.0,2,Starting,1059.53,782.04
1792586760000000000,2026-10-21T12:46:00Z,free response,1.871,11.192,119.89,188.33,125.05,4.59,20.89,100.0,1,Starting,1019.26,783.47
1792586820000000000,2026-10-21T12:47:00Z,controller 2,1.963,11.18,53.08,262.01,46.49,4.56,19.99,100.0,1,Starting,978.55,759.81
1792586880000000000,2026-10-21T12:48:00Z,free response,2.041,10.574,14.2,393.92,177.78,4.55,22.72,100.0,2,Starting,947.52,777.12
1792586940000000000,2026-10-21T12:49:00Z,controller 2,1.882,11.246,145.87,422.09,11.93,4.54,20.7,57.63,3,Starting,971.61,747.23
1792587000000000000,2026-10-21T12:50:00Z,free response,1.878,11.11,159.04,128.08,590.54,4.54,20.08,100.0,3,Starting,964.56,731.8
1792587060000000000,2026-10-21T12:51:00Z,free response,2.022,10.537,184.61,15.25,342.52,4.5,23.0,100.0,1,Starting,1009.08,716.73
1792587120000000000,2026-10-21T12:52:00Z,controller 1,1.955,10.75,9.01,80.97,101.05,4.48,19.6,100.0,1,Starting,1036.96,720.47
1792587180000000000,2026-10-21T12:53:00Z,controller 2,1.916,11.011,131.98,256.47,187.91,4.45,19.55,100.0,3,Starting,990.13,725.44
1792587240000000000,2026-10-21T12:54:00Z,controller 2,1.96,10.662,105.57,374.62,547.99,4.42,22.04,100.0,3,Starting,1032.86,710.43
1792587300000000000,2026-10-21T12:55:00Z,controller 2,1.977,11.05,38.82,317.21,571.01,4.41,19.44,100.0,1,Starting,986.39,681.39
1792587360000000000,2026-10-21T12:56:00Z,free response,1.92,10.62,185.08,346.51,359.47,4.38,18.51,100.0,1,Starting,957.01,669.64
1792587420000000000,2026-10-21T12:57:00Z,free response,1.888,11.193,4.93,162.21,340.25,4.35,21.75,100.0,1,Starting,951.61,669.3
1792587480000000000,2026-10-21T12:58:00Z,controller 2,1.952,10.557,109.6,410.08,139.79,4.32,19.73,100.0,1,Starting,928.52,651.29
1792587540000000000,2026-10-21T12:59:00Z,controller 1,1.87,10.653,171.72,229.0,562.88,4.29,17.19,100.0,3,Starting,956.08,631.29
1792587600000000000,2026-10-21T13:00:00Z,free response,1.359,1.279,112.2,297.78,581.32,4.29,1.17,100.0,1,Starting,969.45,605.04
1792587660000000000,2026-10-21T13:01:00Z,controller 1,1.44,1.514,5.38,361.14,386.4,4.27,1.55,100.0,3,Starting,964.2,588.8
1792587720000000000,2026-10-21T13:02:00Z,controller 2,1.439,1.314,-28.52,120.82,267.94,4.24,1.38,100.0,1,Starting,946.55,576.66
1792587780000000000,2026-10-21T13:03:00Z,controller 1,1.515,1.507,17.07,385.3,414.83,4.22,1.77,100.0,3,Starting,941.28,558.24
1792587840000000000,2026-10-21T13:04:00Z,controller 1,1.517,1.406,-15.63,203.87,480.91,4.21,1.71,100.0,2,Starting,898.13,574.02
1792587900000000000,2026-10-21T13:05:00Z,free response,1.471,1.131,115.65,155.64,439.63,4.18,1.13,100.0,2,Starting,874.92,544.26
1792587960000000000,2026-10-21T13:06:00Z,free response,1.431,1.057,198.28,403.66,415.31,4.15,1.17,100.0,2,Starting,899.44,564.65
1792588020000000000,2026-10-21T13:07:00Z,controller 2,1.451,1.303,173.64,149.88,541.78,4.13,1.3,100.0,2,Starting,948.01,557.97
1792588080000000000,2026-10-21T13:08:00Z,controller 1,1.472,1.214,131.44,53.75,170.96,4.12,1.19,100.0,2,Starting,963.96,545.79
1792588140000000000,2026-10-21T13:09:00Z,controller 1,1.41,1.52,194.03,116.59,400.44,4.11,1.56,100.0,2,Starting,992.69,552.28
1792588200000000000,2026-10-21T13:10:00Z,controller 2,1.422,1.5,80.15,54.48,533.91,4.08,1.67,100.0,1,Starting,991.85,542.79
1792588260000000000,2026-10-21T13:11:00Z,free response,1.512,1,44.27,383.77,257.41,4.05,1.15,100.0,1,Starting,1332.55,571.53
1792588320000000000,2026-10-21T13:12:00Z,controller 2,1.441,1.198,162.48,327.72,371.74,4.03,1.33,100.0,1,Starting,1320.68,574.12
1792588380000000000,2026-10-21T13:13:00Z,controller 2,1.474,1,121.3,298.36,544.54,4.01,1.16,100.0,1,Starting,1342.01,594.02
1792588440000000000,2026-10-21T13:14:00Z,free response,1.513,1.36,170.8,8.89,187.19,3.97,1.51,100.0,1,Starting,1295.1,602.79
1792588500000000000,2026-10-21T13:15:00Z,free response,1.36,1.356,182.53,250.75,155.88,3.97,1.24,100.0,2,Starting,1308.72,615.14
1792588560000000000,2026-10-21T13:16:00Z,controller 2,1.374,1.039,98.36,379.94,255.57,3.96,1.06,100.0,2,Starting,1285.94,600.97
1792588620000000000,2026-10-21T13:17:00Z,free response,1.485,1.099,125.54,432.23,323.31,3.94,1.24,100.0,2,Starting,1237.62,606.74
1792588680000000000,2026-10-21T13:18:00Z,free response,1.475,1.112,116.09,74.1,149.73,3.93,1.12,100.0,3,Starting,1207.61,605.03
1792588740000000000,2026-10-21T13:19:00Z,controller 1,1.501,1.54,188.45,44.38,469.86,3.9,1.73,100.0,1,Starting,1239.83,634.29
1792588800000000000,2026-10-21T13:20:00Z,controller 2,1.43,1,140.55,155.45,179.17,3.88,1.08,100.0,1,Starting,1273.72,607.11
1792588860000000000,2026-10-21T13:21:00Z,controller 2,1.354,1,196.72,395.56,393.03,3.86,0.95,100.0,2,Starting,1275.02,613.56
1792588920000000000,2026-10-21T13:22:00Z,controller 1,1.368,1,141.42,126.33,567.46,3.84,0.93,100.0,1,Starting,1292.74,633.05
1792588980000000000,2026-10-21T13:23:00Z,free response,1.481,1.088,153.16,377.8,61.95,3.82,1.08,100.0,3,Starting,1325.67,605.37
1792589040000000000,2026-10-21T13:24:00Z,controller 1,1.396,1.014,99.46,195.44,108.4,3.8,0.91,100.0,3,Starting,1362.02,584.1
1792589100000000000,2026-10-21T13:25:00Z,controller 1,1.387,1,78.28,381.38,78.26,3.79,0.97,100.0,2,Starting,1317.25,557.73
1792589160000000000,2026-10-21T13:26:00Z,free response,1.373,1,38.2,320.8,366.4,3.78,0.88,100.0,1,Starting,1319.51,572.58
1792589220000000000,2026-10-21T13:27:00Z,controller 2,1.473,1.115,169.9,361.21,318.6,3.76,1.3,100.0,1,Starting,1307.25,587.56
1792589280000000000,2026-10-21T13:28:00Z,controller 2,1.376,1,160.89,169.26,307.01,3.73,0.9,100.0,1,On,1111.82,838.6
1792589340000000000,2026-10-21T13:29:00Z,controller 2,1.435,1,53.9,339.49,306.97,3.7,1.05,100.0,3,On,1154.14,814.75
1792589400000000000,2026-10-21T13:30:00Z,controller 1,0.922,9.495,131.15,256.32,242.68,3.67,4.32,100.0,1,On,1150.46,795.88
1792589460000000000,2026-10-21T13:31:00Z,controller 1,0.915,9.287,9.67,139.03,19.25,3.65,4.27,100.0,1,On,631.42,370.85
1792589520000000000,2026-10-21T13:32:00Z,controller 1,1.002,9.618,17.01,19.2,372.29,3.65,5.05,100.0,2,On,626.3,363.27
1792589580000000000,2026-10-21T13:33:00Z,controller 1,0.968,9.325,80.54,195.03,252.91,3.62,4.51,100.0,3,On,585.51,378.28
1792589640000000000,2026-10-21T13:34:00Z,controller 1,0.964,9.319,176.68,244.79,179.23,3.59,4.16,100.0,1,On,573.93,380.13
1792589700000000000,2026-10-21T13:35:00Z,controller 1,0.986,9.371,84.96,79.28,243.79,3.55,4.4,100.0,2,On,537.22,389.85
1792589760000000000,2026-10-21T13:36:00Z,controller 2,0.96,9.367,146.04,414.44,102.96,3.55,4.7,100.0,2,On,527.13,416.51
1792589820000000000,2026-10-21T13:37:00Z,controller 1,0.983,9.234,168.74,366.58,75.94,3.53,4.76,100.0,1,On,533.32,401.88
1792589880000000000,2026-10-21T13:38:00Z,controller 1,0.892,9.494,17.6,449.47,302.14,3.51,3.44,100.0,3,On,579.12,401.77
1792589940000000000,2026-10-21T13:39:00Z,free response,0.877,8.929,42.04,85.13,184.64,3.49,3.42,100.0,1,On,568.52,394.91
1792590000000000000,2026-10-21T13:40:00Z,controller 1,0.967,9.217,82.3,433.56,364.72,3.47,4.14,100.0,3,On,582.77,384.81
1792590060000000000,2026-10-21T13:41:00Z,controller 2,0.875,9.18,92.68,124.16,13.55,3.46,3.24,100.0,3,On,627.43,391.55
1792590120000000000,2026-10-21T13:42:00Z,free response,0.877,9.598,181.93,295.34,330.57,3.45,3.37,100.0,3,On,669.28,394.51
1792590180000000000,2026-10-21T13:43:00Z,controller 2,0.967,9.363,63.85,432.39,284.92,3.43,4.69,100.0,3,On,675.8,383.93
1792590240000000000,2026-10-21T13:44:00Z,free response,0.876,9.049,82.85,173.49,326.09,3.41,3.29,100.0,1,On,649.39,394.62
1792590300000000000,2026-10-21T13:45:00Z,controller 2,0.963,9.403,-2.98,361.78,403.74,3.41,3.96,100.0,3,On,623.07,400.48
1792590360000000000,2026-10-21T13:46:00Z,controller 2,0.94,9.356,123.84,26.39,324.08,3.38,4.23,100.0,3,On,590.81,397.88
1792590420000000000,2026-10-21T13:47:00Z,free response,0.972,9.275,122.87,3.92,40.27,3.36,4.36,100.0,3,On,596.14,408.38
1792590480000000000,2026-10-21T13:48:00Z,free response,0.919,9.178,162.18,351.68,565.49,3.35,4.13,100.0,2,On,609.57,419.37
1792590540000000000,2026-10-21T13:49:00Z,free response,0.869,9.262,38.13,444.39,236.71,3.34,3.4,100.0,3,On,579.49,399.31
1792590600000000000,2026-10-21T13:50:00Z,controller 2,1.014,9.618,142.61,187.99,92.25,3.31,4.66,100.0,3,On,584.52,419.6
1792590660000000000,2026-10-21T13:51:00Z,free response,0.931,9.454,75.01,265.42,109.18,3.31,3.84,100.0,2,On,734.24,595.78
1792590720000000000,2026-10-21T13:52:00Z,free response,0.856,9.079,74.83,165.31,381.22,3.28,3.03,100.0,3,On,689.51,601.55
1792590780000000000,2026-10-21T13:53:00Z,free response,0.98,8.985,171.71,11.02,361.99,3.25,3.92,100.0,1,On,735.73,578.33
1792590840000000000,2026-10-21T13:54:00Z,free response,0.975,9.13,181.0,47.43,570.96,3.23,4.43,100.0,3,On,767.51,549.05
1792590900000000000,2026-10-21T13:55:00Z,controller 2,0.999,9.129,143.37,437.7,117.46,3.22,4.93,100.0,3,On,774.65,571.57
1792590960000000000,2026-10-21T13:56:00Z,controller 2,0.978,9.644,188.96,249.92,155.4,3.21,4.94,100.0,1,On,788.98,557.98
1792591020000000000,2026-10-21T13:57:00Z,controller 1,0.881,9.663,138.2,400.01,521.39,3.2,3.85,100.0,2,On,836.52,543.37
1792591080000000000,2026-10-21T13:58:00Z,controller 2,0.874,8.921,107.14,378.32,19.07,3.2,3.34,100.0,3,On,856.52,527.38
1792591140000000000,2026-10-21T13:59:00Z,controller 2,0.897,8.984,58.96,140.01,16.27,3.17,3.53,100.0,1,On,836.21,549.95
1792591200000000000,2026-10-21T14:00:00Z,controller 1,0.782,3.193,151.36,121.64,498.29,3.15,0.94,100.0,3,On,793.35,549.56
1792591260000000000,2026-10-21T14:01:00Z,controller 1,0.769,3.641,69.67,246.2,213.77,3.13,1.06,100.0,1,On,766.81,530.69
1792591320000000000,2026-10-21T14:02:00Z,controller 1,0.784,3.366,19.93,352.81,597.16,3.11,0.95,100.0,2,On,729.63,551.86
1792591380000000000,2026-10-21T14:03:00Z,controller 1,0.742,3.296,5.57,18.03,434.43,3.08,0.93,100.0,3,On,749.34,577.33
1792591440000000000,2026-10-21T14:04:00Z,controller 2,0.855,3.803,-17.16,307.35,493.43,3.05,1.45,100.0,3,On,736.51,590.38
1792591500000000000,2026-10-21T14:05:00Z,controller 2,0.767,3.809,16.77,369.36,146.32,3.03,1.09,100.0,3,On,741.56,589.75
1792591560000000000,2026-10-21T14:06:00Z,free response,0.875,3.369,136.76,91.26,507.81,3.0,1.19,100.0,3,On,709.01,616.65
1792591620000000000,2026-10-21T14:07:00Z,free response,0.806,3.581,184.85,369.58,22.23,2.99,1.25,100.0,1,On,687.2,627.15
1792591680000000000,2026-10-21T14:08:00Z,controller 2,0.792,3.164,14.75,238.02,322.91,2.97,1.09,100.0,2,On,637.65,646.67
1792591740000000000,2026-10-21T14:09:00Z,free response,0.879,3.797,109.57,258.02,514.92,2.95,1.52,100.0,3,On,609.36,645.13
1792591800000000000,2026-10-21T14:10:00Z,controller 2,0.764,3.237,165.81,413.58,304.0,2.92,0.94,100.0,2,On,637.9,657.96
1792591860000000000,2026-10-21T14:11:00Z,controller 1,0.847,3.883,185.31,37.31,19.16,2.9,1.39,100.0,1,On,630.84,676.9
1792591920000000000,2026-10-21T14:12:00Z,controller 2,0.742,3.192,188.95,67.14,313.29,2.89,0.9,100.0,3,On,617.67,672.34
1792591980000000000,2026-10-21T14:13:00Z,controller 1,0.825,3.878,46.84,79.29,280.8,2.87,1.33,100.0,1,On,582.98,664.2
1792592040000000000,2026-10-21T14:14:00Z,controller 2,0.794,3.695,51.25,296.75,391.54,2.85,1.25,100.0,1,On,584.19,644.37
1792592100000000000,2026-10-21T14:15:00Z,controller 2,0.82,3.793,18.22,331.8,263.74,2.82,1.2,100.0,1,On,604.47,643.09
1792592160000000000,2026-10-21T14:16:00Z,controller 1,0.822,3.488,21.9,149.57,104.52,2.79,1.26,100.0,2,On,573.32,670.63
1792592220000000000,2026-10-21T14:17:00Z,controller 1,0.84,3.542,-29.76,57.22,476.29,2.78,1.29,100.0,2,On,605.66,661.78
1792592280000000000,2026-10-21T14:18:00Z,controller 1,0.726,3.442,76.52,350.59,169.1,2.76,0.93,100.0,2,On,642.65,669.35
1792592340000000000,2026-10-21T14:19:00Z,controller 1,0.764,3.619,43.14,229.5,360.27,2.75,1.0,100.0,3,On,660.52,670.93
1792592400000000000,2026-10-21T14:20:00Z,free response,0.867,3.531,111.43,200.89,209.55,2.74,1.34,100.0,2,On,645.18,674.55
1792592460000000000,2026-10-21T14:21:00Z,controller 2,0.764,3.755,-2.95,108.3,516.02,2.72,1.12,100.0,2,On,638.2,649.27
1792592520000000000,2026-10-21T14:22:00Z,controller 1,0.857,3.477,71.32,357.89,574.69,2.69,1.25,100.0,2,On,540.97,635.24
1792592580000000000,2026-10-21T14:23:00Z,controller 1,0.758,3.601,5.26,237.37,229.78,2.67,1.06,100.0,1,On,528.34,618.7
1792592640000000000,2026-10-21T14:24:00Z,controller 1,0.802,3.314,2.28,261.52,279.65,2.64,1.08,100.0,1,On,565.36,614.35
1792592700000000000,2026-10-21T14:25:00Z,controller 2,0.814,3.265,176.04,76.6,206.0,2.62,1.03,100.0,1,On,542.19,603.81
1792592760000000000,2026-10-21T14:26:00Z,controller 1,0.86,3.415,-11.72,147.93,403.18,2.61,1.27,100.0,3,On,499.83,617.19
1792592820000000000,2026-10-21T14:27:00Z,controller 1,0.828,3.898,-13.67,235.11,340.74,2.6,1.36,100.0,3,On,473.8,646.79
1792592880000000000,2026-10-21T14:28:00Z,controller 1,0.799,3.197,62.18,406.77,92.53,2.58,1.03,100.0,2,On,457.52,628.13
1792592940000000000,2026-10-21T14:29:00Z,free response,0.844,3.198,102.72,185.11,297.38,2.57,1.24,100.0,1,On,410.84,630.98
1792593000000000000,2026-10-21T14:30:00Z,free response,1.283,1.115,-6.36,134.83,551.37,2.55,0.94,100.0,3,On,452.61,629.14
1792593060000000000,2026-10-21T14:31:00Z,controller 1,1.211,1.241,34.25,188.38,41.13,2.53,0.91,100.0,2,On,471.85,635.35
1792593120000000000,2026-10-21T14:32:00Z,controller 2,1.338,1.414,-8.66,165.87,5.61,2.51,1.2,100.0,1,On,431.16,612.44
1792593180000000000,2026-10-21T14:33:00Z,free response,1.328,1,73.74,25.3,298.62,2.49,0.8,100.0,3,On,477.21,586.03
1792593240000000000,2026-10-21T14:34:00Z,controller 2,1.22,1.44,-15.26,175.76,425.7,2.46,1.1,100.0,3,On,523.81,557.64
1792593300000000000,2026-10-21T14:35:00Z,controller 2,1.294,1.562,4.79,246.67,238.3,2.44,1.39,100.0,3,On,502.13,563.51
1792593360000000000,2026-10-21T14:36:00Z,controller 2,1.332,1.687,-21.15,96.87,368.04,2.42,1.57,100.0,1,On,457.11,550.78
1792593420000000000,2026-10-21T14:37:00Z,controller 1,1.223,1,43.95,405.81,260.36,2.41,0.82,100.0,3,On,414.33,567.96
1792593480000000000,2026-10-21T14:38:00Z,free response,1.214,1.348,104.68,216.2,3.27,2.39,0.95,100.0,1,On,456.6,571.2
1792593540000000000,2026-10-21T14:39:00Z,controller 1,1.179,1.323,36.87,282.3,49.09,2.38,0.96,100.0,3,On,466.79,581.01
1792593600000000000,2026-10-21T14:40:00Z,free response,1.277,1.089,23.77,391.07,524.61,2.36,0.85,100.0,1,On,495.71,557.84
1792593660000000000,2026-10-21T14:41:00Z,free response,1.287,1.074,-3.35,363.19,493.6,2.33,0.91,100.0,3,On,487.21,574.85
1792593720000000000,2026-10-21T14:42:00Z,controller 1,1.171,1.528,100.79,247.25,113.74,2.31,1.04,100.0,3,On,513.68,569.67
1792593780000000000,2026-10-21T14:43:00Z,controller 1,1.234,1.506,58.89,388.0,256.8,2.29,1.14,100.0,2,On,521.34,541.96
1792593840000000000,2026-10-21T14:44:00Z,controller 2,1.317,1.06,-6.53,358.29,20.95,2.26,0.98,100.0,2,On,494.95,565.8
1792593900000000000,2026-10-21T14:45:00Z,controller 2,1.33,1.698,-23.15,354.36,22.91,2.24,1.42,100.0,3,On,538.01,536.82
1792593960000000000,2026-10-21T14:46:00Z,controller 2,1.279,1.065,28.53,363.18,35.14,2.23,0.84,100.0,2,On,566.93,551.0
1792594020000000000,2026-10-21T14:47:00Z,free response,1.269,1,145.13,0.87,425.74,2.2,0.77,100.0,1,On,614.31,540.36
1792594080000000000,2026-10-21T14:48:00Z,free response,1.23,1.08,194.8,12.53,278.39,2.17,0.76,100.0,3,On,624.64,516.85
1792594140000000000,2026-10-21T14:49:00Z,controller 2,1.238,1.022,159.27,421.72,534.54,2.14,0.75,100.0,1,On,668.41,539.41
1792594200000000000,2026-10-21T14:50:00Z,free response,1.336,1.568,8.56,20.56,587.0,2.12,1.33,100.0,1,On,717.95,543.69
1792594260000000000,2026-10-21T14:51:00Z,controller 1,1.348,1.664,189.6,20.05,100.41,2.09,1.6,100.0,1,On,732.23,518.31
1792594320000000000,2026-10-21T14:52:00Z,free response,1.306,1.09,30.63,33.45,22.85,2.07,0.97,100.0,1,On,738.12,538.37
1792594380000000000,2026-10-21T14:53:00Z,controller 1,1.252,1.247,117.26,430.53,114.88,2.05,1.04,100.0,1,On,783.89,522.3
1792594440000000000,2026-10-21T14:54:00Z,controller 1,1.209,1.199,-21.24,437.95,574.39,2.02,0.89,100.0,1,On,745.63,525.99
1792594500000000000,2026-10-21T14:55:00Z,controller 2,1.234,1.569,167.58,274.96,173.88,2.0,1.08,100.0,3,On,720.44,543.67
1792594560000000000,2026-10-21T14:56:00Z,controller 2,1.199,1,40.9,165.49,231.55,2.0,0.71,100.0,1,On,709.53,517.73
1792594620000000000,2026-10-21T14:57:00Z,controller 1,1.311,1.53,-6.41,342.66,481.24,1.97,1.42,100.0,2,On,661.48,509.23
1792594680000000000,2026-10-21T14:58:00Z,controller 2,1.259,1.178,76.05,161.31,19.85,1.94,0.93,100.0,2,On,633.66,509.5
1792594740000000000,2026-10-21T14:59:00Z,controller 1,1.304,1.74,-28.92,98.92,574.15,1.92,1.5,100.0,2,On,612.18,480.87
1792594800000000000,2026-10-21T15:00:00Z,controller 2,2.862,13.754,-11.54,34.81,301.15,1.9,60.2,100.0,2,On,597.92,453.77
1792594860000000000,2026-10-21T15:01:00Z,controller 1,2.95,13.763,197.38,253.61,408.72,1.88,54.07,100.0,2,On,550.72,426.27
1792594920000000000,2026-10-21T15:02:00Z,controller 1,2.862,14,101.76,178.64,227.08,1.87,54.74,100.0,2,On,524.82,419.33
1792594980000000000,2026-10-21T15:03:00Z,controller 2,2.851,14,30.23,98.27,560.08,1.83,55.77,100.0,1,On,526.4,405.45
1792595040000000000,2026-10-21T15:04:00Z,controller 1,2.928,14,71.68,2.53,492.06,1.83,54.94,100.0,2,On,493.35,427.21
1792595100000000000,2026-10-21T15:05:00Z,controller 1,2.841,13.817,-18.98,402.53,69.0,1.8,55.57,100.0,2,On,508.07,401.83
1792595160000000000,2026-10-21T15:06:00Z,controller 2,2.866,13.942,136.3,81.5,185.64,1.77,54.44,100.0,3,On,494.65,420.37
1792595220000000000,2026-10-21T15:07:00Z,controller 2,2.948,13.452,194.71,186.69,44.3,1.76,59.05,75.02,3,On,448.44,431.45
1792595280000000000,2026-10-21T15:08:00Z,controller 2,2.954,13.679,68.81,194.54,151.02,1.74,58.62,100.0,3,On,484.48,445.51
1792595340000000000,2026-10-21T15:09:00Z,controller 2,2.997,13.766,102.36,166.06,378.23,1.71,65.08,100.0,2,On,467.08,437.27
1792595400000000000,2026-10-21T15:10:00Z,free response,2.879,13.56,116.58,128.4,268.53,1.69,59.13,100.0,3,On,428.54,452.58
1792595460000000000,2026-10-21T15:11:00Z,controller 1,2.994,14,-9.54,233.61,101.55,1.66,59.89,100.0,1,On,471.25,430.0
1792595520000000000,2026-10-21T15:12:00Z,controller 2,2.979,14,43.93,340.03,155.54,1.65,65.82,100.0,1,On,457.9,414.16
1792595580000000000,2026-10-21T15:13:00Z,free response,2.876,13.473,165.42,335.79,218.99,1.65,53.53,100.0,3,On,476.41,395.17
1792595640000000000,2026-10-21T15:14:00Z,free response,2.992,13.612,3.5,145.64,364.17,1.62,65.63,100.0,2,On,455.56,395.31
1792595700000000000,2026-10-21T15:15:00Z,free response,2.88,13.594,125.17,140.66,109.14,1.6,51.97,100.0,1,On,441.16,415.29
1792595760000000000,2026-10-21T15:16:00Z,controller 2,2.922,13.438,126.95,150.38,246.52,1.56,59.31,100.0,1,On,424.81,414.74
1792595820000000000,2026-10-21T15:17:00Z,free response,2.948,13.886,29.52,28.47,303.25,1.53,66.14,100.0,1,On,439.38,434.64
1792595880000000000,2026-10-21T15:18:00Z,controller 1,2.929,14,105.4,272.2,365.93,1.52,62.72,100.0,1,On,451.0,426.22
1792595940000000000,2026-10-21T15:19:00Z,free response,2.916,13.875,33.22,118.54,290.61,1.49,59.91,100.0,1,On,413.42,406.41
1792596000000000000,2026-10-21T15:20:00Z,free response,2.856,13.913,50.65,355.76,327.0,1.48,61.71,100.0,2,On,439.14,397.66
1792596060000000000,2026-10-21T15:21:00Z,free response,2.883,14,-13.97,258.52,312.39,1.45,55.28,100.0,1,On,415.81,395.53
1792596120000000000,2026-10-21T15:22:00Z,controller 2,2.99,13.818,168.39,203.18,212.23,1.44,55.92,100.0,2,On,379.34,381.9
1792596180000000000,2026-10-21T15:23:00Z,controller 1,2.943,14,126.32,233.48,27.07,1.42,64.73,41.82,3,Starting,334.23,381.35
1792596240000000000,2026-10-21T15:24:00Z,controller 2,2.988,13.873,83.39,323.46,435.42,1.39,58.81,100.0,1,Starting,364.16,354.68
1792596300000000000,2026-10-21T15:25:00Z,controller 1,2.985,13.528,166.14,302.67,370.02,1.39,55.58,100.0,1,Starting,315.84,336.21
1792596360000000000,2026-10-21T15:26:00Z,free response,2.968,14,-3.71,287.69,571.38,1.38,61.62,100.0,1,Starting,277.82,347.98
1792596420000000000,2026-10-21T15:27:00Z,controller 1,2.856,13.791,63.39,340.64,224.59,1.37,56.35,100.0,2,Starting,308.25,319.71
1792596480000000000,2026-10-21T15:28:00Z,controller 1,2.925,13.437,110.45,165.67,14.57,1.34,58.15,25.06,2,Starting,266.15,321.63
1792596540000000000,2026-10-21T15:29:00Z,controller 2,2.968,13.779,58.37,344.4,350.97,1.32,65.21,100.0,2,Starting,665.85,755.25
1792596600000000000,2026-10-21T15:30:00Z,free response,1.483,2.475,-23.75,320.18,342.39,1.29,2.66,100.0,3,Starting,617.12,763.65
1792596660000000000,2026-10-21T15:31:00Z,free response,1.522,2.748,61.31,312.92,111.46,1.27,3.49,100.0,2,Starting,577.56,773.83
1792596720000000000,2026-10-21T15:32:00Z,controller 1,1.558,2.962,173.24,168.39,227.76,1.24,3.91,100.0,1,Starting,600.78,767.81
1792596780000000000,2026-10-21T15:33:00Z,controller 2,1.561,2.361,169.09,333.27,385.4,1.23,2.77,100.0,3,Starting,587.19,744.96
1792596840000000000,2026-10-21T15:34:00Z,free response,1.632,2.926,8.83,267.75,451.56,1.22,4.02,100.0,3,Starting,612.38,744.45
1792596900000000000,2026-10-21T15:35:00Z,free response,1.594,2.426,24.85,283.82,481.38,1.2,3.24,100.0,1,Starting,633.13,757.72
1792596960000000000,2026-10-21T15:36:00Z,controller 1,1.622,2.661,155.0,214.13,482.34,1.17,3.7,100.0,1,Starting,647.65,777.43
1792597020000000000,2026-10-21T15:37:00Z,free response,1.485,2.955,23.12,197.49,566.17,1.14,3.12,100.0,2,Starting,645.03,755.09
1792597080000000000,2026-10-21T15:38:00Z,controller 1,1.654,3.006,89.91,185.47,197.85,1.13,4.4,100.0,1,Starting,694.13,743.14
1792597140000000000,2026-10-21T15:39:00Z,controller 2,1.565,2.949,36.2,354.62,280.49,1.1,3.69,100.0,3,Starting,692.93,714.95
1792597200000000000,2026-10-21T15:40:00Z,controller 1,1.613,2.924,-29.1,249.33,184.37,1.08,3.96,100.0,1,Starting,720.76,715.49
1792597260000000000,2026-10-21T15:41:00Z,controller 2,1.552,2.314,70.18,244.3,396.96,1.05,2.64,100.0,3,Starting,748.97,722.82
1792597320000000000,2026-10-21T15:42:00Z,controller 2,1.651,2.588,123.28,126.16,137.88,1.04,3.59,100.0,1,Starting,773.93,700.71
1792597380000000000,2026-10-21T15:43:00Z,free response,1.612,2.3,14.34,318.42,103.18,1.02,3.09,100.0,3,Starting,781.48,681.03
1792597440000000000,2026-10-21T15:44:00Z,free response,1.518,2.633,38.78,91.68,116.28,1.0,3.06,100.0,2,Starting,776.59,701.95
1792597500000000000,2026-10-21T15:45:00Z,controller 1,1.611,2.332,197.2,354.67,223.33,0.99,3.22,100.0,1,Starting,814.15,719.83
1792597560000000000,2026-10-21T15:46:00Z,controller 2,1.553,2.277,145.28,388.0,332.54,0.95,2.63,100.0,2,Starting,810.58,700.98
1792597620000000000,2026-10-21T15:47:00Z,free response,1.483,2.761,99.72,37.57,430.82,0.94,3.02,100.0,1,Starting,825.38,727.06
1792597680000000000,2026-10-21T15:48:00Z,controller 2,1.541,2.399,68.78,279.36,203.01,0.91,3.05,100.0,1,Starting,811.11,709.97
1792597740000000000,2026-10-21T15:49:00Z,free response,1.612,2.734,174.26,301.69,376.32,0.9,3.2,100.0,2,Starting,771.47,688.74
1792597800000000000,2026-10-21T15:50:00Z,controller 1,1.592,2.95,4.34,400.43,83.88,0.89,3.71,100.0,1,Starting,746.67,716.69
1792597860000000000,2026-10-21T15:51:00Z,free response,1.482,2.859,-21.99,190.07,505.55,0.86,3.41,100.0,3,Starting,765.43,727.09
1792597920000000000,2026-10-21T15:52:00Z,controller 1,1.484,2.787,3.12,334.93,496.95,0.84,3.37,100.0,3,Starting,796.2,733.66
1792597980000000000,2026-10-21T15:53:00Z,controller 2,1.627,2.47,82.63,390.13,20.46,0.82,3.1,100.0,3,Starting,830.83,717.47
1792598040000000000,2026-10-21T15:54:00Z,controller 2,1.611,2.984,-17.36,338.86,273.42,0.79,4.15,100.0,1,Starting,835.0,707.97
1792598100000000000,2026-10-21T15:55:00Z,controller 2,1.564,2.743,54.48,156.95,120.53,0.78,3.5,100.0,2,Starting,812.33,726.09
1792598160000000000,2026-10-21T15:56:00Z,free response,1.639,3.028,175.18,71.98,505.45,0.77,4.07,100.0,3,Starting,766.78,721.54
1792598220000000000,2026-10-21T15:57:00Z,controller 2,1.635,2.885,30.43,29.89,566.71,0.74,3.99,100.0,3,Starting,794.05,730.42
1792598280000000000,2026-10-21T15:58:00Z,controller 2,1.542,2.368,9.24,259.86,564.91,0.72,3.08,100.0,3,Starting,798.24,748.37
1792598340000000000,2026-10-21T15:59:00Z,controller 1,1.562,2.627,103.54,79.43,114.38,0.69,3.19,100.0,3,Starting,767.81,750.89
1792598400000000000,2026-10-21T16:00:00Z,free response,1.638,10.799,38.88,381.73,134.81,0.68,15.75,100.0,2,Starting,754.91,721.75
1792598460000000000,2026-10-21T16:01:00Z,free response,1.495,10.851,133.34,336.05,587.8,0.66,11.84,100.0,3,Starting,715.96,707.48
1792598520000000000,2026-10-21T16:02:00Z,free response,1.563,10.738,114.01,345.48,333.65,0.64,11.91,100.0,2,Starting,714.14,707.49
1792598580000000000,2026-10-21T16:03:00Z,controller 2,1.505,10.407,134.75,183.6,160.75,0.63,12.46,100.0,1,Starting,756.3,718.69
1792598640000000000,2026-10-21T16:04:00Z,free response,1.528,10.665,170.61,199.43,25.28,0.6,12.97,100.0,3,Starting,791.38,737.95
1792598700000000000,2026-10-21T16:05:00Z,controller 2,1.525,10.65,97.01,336.51,314.07,0.57,12.79,100.0,1,Starting,754.04,749.5
1792598760000000000,2026-10-21T16:06:00Z,free response,1.567,10.651,192.56,320.94,316.88,0.55,12.31,100.0,2,Starting,796.07,762.67
1792598820000000000,2026-10-21T16:07:00Z,free response,1.607,10.193,69.0,436.65,248.65,0.53,14.33,100.0,2,Starting,782.47,762.49
1792598880000000000,2026-10-21T16:08:00Z,controller 1,1.619,10.848,124.53,85.74,390.58,0.51,13.28,100.0,2,Starting,830.65,785.97
1792598940000000000,2026-10-21T16:09:00Z,controller 2,1.662,10.191,-25.4,11.34,212.38,0.5,13.61,100.0,1,Starting,815.22,802.75
1792599000000000000,2026-10-21T16:10:00Z,free response,1.506,10.187,82.05,25.14,55.75,0.48,10.78,100.0,3,Starting,793.86,788.92
1792599060000000000,2026-10-21T16:11:00Z,controller 2,1.656,10.763,45.93,398.8,75.61,0.46,15.39,100.0,2,Starting,753.95,763.76
1792599120000000000,2026-10-21T16:12:00Z,free response,1.5,10.794,82.35,393.79,388.45,0.44,13.34,100.0,1,Starting,754.34,763.7
1792599180000000000,2026-10-21T16:13:00Z,controller 1,1.494,10.847,191.61,140.57,367.57,0.41,12.13,100.0,3,Starting,793.3,769.51
1792599240000000000,2026-10-21T16:14:00Z,controller 1,1.512,10.683,70.28,431.69,554.12,0.38,13.13,100.0,3,Starting,747.63,776.84
1792599300000000000,2026-10-21T16:15:00Z,controller 2,1.652,10.494,99.26,241.22,238.16,0.38,13.55,100.0,3,Starting,717.88,769.49
1792599360000000000,2026-10-21T16:16:00Z,controller 2,1.527,10.157,137.66,248.87,425.81,0.36,12.64,100.0,1,Off,706.96,768.7
1792599420000000000,2026-10-21T16:17:00Z,controller 2,1.548,10.184,-3.62,333.68,398.65,0.35,13.04,100.0,2,Off,747.12,789.14
1792599480000000000,2026-10-21T16:18:00Z,controller 1,1.551,10.449,54.29,227.51,116.64,0.33,12.99,100.0,1,Off,743.89,803.63
1792599540000000000,2026-10-21T16:19:00Z,free response,1.637,10.601,164.65,248.96,208.07,0.3,13.61,100.0,2,Off,782.38,788.28
1792599600000000000,2026-10-21T16:20:00Z,free response,1.656,10.113,-12.31,83.23,23.36,0.29,13.43,100.0,3,Off,789.01,795.76
1792599660000000000,2026-10-21T16:21:00Z,controller 1,1.647,10.799,-12.54,410.2,507.79,0.28,14.66,100.0,2,Off,764.67,794.32
1792599720000000000,2026-10-21T16:22:00Z,controller 2,1.649,10.609,101.89,166.64,16.47,0.25,13.23,100.0,2,Off,876.56,972.11
1792599780000000000,2026-10-21T16:23:00Z,free response,1.493,10.319,68.9,102.65,52.28,0.24,10.64,100.0,2,Off,892.19,956.52
1792599840000000000,2026-10-21T16:24:00Z,controller 1,1.559,10.659,108.52,283.74,406.92,0.22,13.54,100.0,3,Off,846.25,945.16
1792599900000000000,2026-10-21T16:25:00Z,free response,1.55,10.306,157.46,272.4,72.95,0.19,12.45,100.0,1,Off,804.76,949.68
1792599960000000000,2026-10-21T16:26:00Z,free response,1.564,10.426,-1.0,334.74,493.26,0.16,13.86,100.0,3,Off,767.04,928.08
1792600020000000000,2026-10-21T16:27:00Z,controller 2,1.558,10.193,-3.85,195.96,521.84,0.15,11.3,100.0,2,Off,796.34,937.27
1792600080000000000,2026-10-21T16:28:00Z,free response,1.531,10.819,163.63,332.9,365.84,0.15,12.66,100.0,3,Off,755.61,927.72
1792600140000000000,2026-10-21T16:29:00Z,controller 2,1.526,10.859,25.2,31.84,18.44,0.14,12.09,100.0,1,Off,748.56,902.95
1792600200000000000,2026-10-21T16:30:00Z,controller 1,0.572,3.848,192.91,93.44,468.79,0.12,0.67,100.0,3,Off,767.22,931.32
1792600260000000000,2026-10-21T16:31:00Z,controller 1,0.567,4.099,127.59,25.4,421.37,0.1,0.69,100.0,3,Off,797.08,907.17
1792600320000000000,2026-10-21T16:32:00Z,free response,0.628,3.611,193.95,398.87,566.97,0.07,0.75,100.0,1,Off,821.47,883.19
1792600380000000000,2026-10-21T16:33:00Z,controller 1,0.585,4.05,90.33,187.32,13.15,0.04,0.63,100.0,3,Off,775.96,901.74
1792600440000000000,2026-10-21T16:34:00Z,controller 2,0.595,3.913,90.35,273.46,325.31,0.03,0.73,100.0,1,Off,1368.06,995.36
1792600500000000000,2026-10-21T16:35:00Z,controller 2,0.619,4.134,2.42,179.21,428.8,0.02,0.73,100.0,3,Off,1385.91,1000.0
1792600560000000000,2026-10-21T16:36:00Z,controller 2,0.612,3.867,186.32,274.46,201.62,0.0,0.79,100.0,3,Off,1390.98,1000.0
1792600620000000000,2026-10-21T16:37:00Z,controller 2,0.569,4.039,82.22,271.54,363.68,0.0,0.59,100.0,3,Off,1394.33,1000.0
1792600680000000000,2026-10-21T16:38:00Z,free response,0.691,3.51,171.22,379.36,351.01,0.0,0.9,100.0,2,Off,1392.85,1000.0
1792600740000000000,2026-10-21T16:39:00Z,controller 1,0.729,3.542,60.52,425.81,132.22,0.0,1.02,100.0,1,Off,1366.93,1000.0
1792600800000000000,2026-10-21T16:40:00Z,controller 2,0.68,3.695,28.07,425.65,54.62,0.0,0.82,100.0,1,Off,1351.41,985.12
1792600860000000000,2026-10-21T16:41:00Z,controller 1,0.573,3.782,128.91,103.25,597.04,0.0,0.58,100.0,1,Off,1305.2,983.2
1792600920000000000,2026-10-21T16:42:00Z,controller 2,0.574,3.779,128.36,309.94,596.96,0.0,0.6,100.0,2,Off,1337.64,960.88
1792600980000000000,2026-10-21T16:43:00Z,controller 2,0.716,3.49,196.96,97.11,379.96,0.0,0.94,100.0,3,Off,1332.93,953.15
1792601040000000000,2026-10-21T16:44:00Z,controller 2,0.732,3.999,50.85,51.96,289.59,0.0,1.01,100.0,1,Off,1325.63,936.34
1792601100000000000,2026-10-21T16:45:00Z,controller 2,0.616,3.657,122.46,376.51,570.58,0.0,0.75,100.0,2,Off,1318.2,925.28
1792601160000000000,2026-10-21T16:46:00Z,free response,0.669,3.742,42.51,118.67,157.0,0.0,0.92,100.0,1,Off,1363.95,897.6
1792601220000000000,2026-10-21T16:47:00Z,free response,0.617,3.619,137.91,42.67,55.8,0.0,0.67,100.0,3,Off,1393.19,902.65
1792601280000000000,2026-10-21T16:48:00Z,free response,0.687,3.664,-1.84,250.5,343.01,0.0,0.84,100.0,3,Off,882.9,757.43
1792601340000000000,2026-10-21T16:49:00Z,controller 2,0.702,3.885,178.94,150.6,249.79,0.0,1.02,100.0,2,Off,932.13,755.37
1792601400000000000,2026-10-21T16:50:00Z,free response,0.567,4.164,45.04,82.56,269.26,0.0,0.64,100.0,1,Off,943.58,730.06
1792601460000000000,2026-10-21T16:51:00Z,free response,0.731,3.931,155.04,404.29,46.15,0.0,1.14,100.0,1,Off,917.74,719.78
1792601520000000000,2026-10-21T16:52:00Z,controller 1,0.739,4.059,-27.09,227.98,253.82,0.0,1.14,100.0,3,Off,899.13,748.58
1792601580000000000,2026-10-21T16:53:00Z,free response,0.72,3.765,163.45,210.86,20.92,0.0,1.06,100.0,3,Off,871.57,737.51
1792601640000000000,2026-10-21T16:54:00Z,controller 1,0.609,3.897,-20.84,309.25,152.0,0.0,0.76,100.0,3,Off,950.92,866.7
1792601700000000000,2026-10-21T16:55:00Z,controller 2,0.734,4.019,-12.45,298.02,555.32,0.0,1.19,100.0,3,Off,992.72,854.65
1792601760000000000,2026-10-21T16:56:00Z,controller 2,0.575,4.201,-7.9,169.82,70.3,0.0,0.7,100.0,2,Off,983.23,831.47
1792601820000000000,2026-10-21T16:57:00Z,controller 1,0.726,3.437,148.1,30.68,56.34,0.0,0.92,100.0,1,Off,991.24,856.85
1792601880000000000,2026-10-21T16:58:00Z,controller 2,0.687,4.177,85.71,413.25,34.67,0.0,1.03,100.0,2,Starting,986.64,864.58
1792601940000000000,2026-10-21T16:59:00Z,controller 1,0.733,3.925,3.45,71.73,566.79,0.0,1.11,100.0,2,Starting,1026.61,847.36
1792602000000000000,2026-10-21T17:00:00Z,controller 2,1.476,11.781,2.16,338.07,67.7,0.0,13.12,100.0,2,Starting,1030.75,819.0
1792602060000000000,2026-10-21T17:01:00Z,controller 2,1.494,11.698,-6.17,410.58,51.86,0.0,12.04,100.0,1,Starting,1072.79,826.92
1792602120000000000,2026-10-21T17:02:00Z,controller 1,1.457,11.38,97.04,219.62,207.18,0.0,12.7,100.0,3,Starting,1024.89,855.07
1792602180000000000,2026-10-21T17:03:00Z,free response,1.552,11.334,142.57,77.86,370.76,0.0,13.59,100.0,1,Starting,1037.26,856.07
1792602240000000000,2026-10-21T17:04:00Z,controller 1,1.541,11.307,170.43,378.12,94.23,0.0,13.58,100.0,2,Starting,1083.32,873.01
1792602300000000000,2026-10-21T17:05:00Z,free response,1.524,11.774,179.45,258.21,105.21,0.0,14.11,100.0,3,Starting,1068.22,901.68
1792602360000000000,2026-10-21T17:06:00Z,controller 1,1.534,11.633,129.96,300.43,444.35,0.0,14.77,100.0,3,Starting,1022.65,890.83
1792602420000000000,2026-10-21T17:07:00Z,controller 1,1.448,11.564,150.03,309.88,512.19,0.0,13.22,100.0,2,Starting,1062.34,914.15
1792602480000000000,2026-10-21T17:08:00Z,controller 1,1.576,11.282,179.57,195.96,466.07,0.0,14.4,100.0,3,Starting,1064.65,937.05
1792602540000000000,2026-10-21T17:09:00Z,free response,1.559,11.306,160.73,114.75,544.03,0.0,13.1,100.0,2,Starting,1037.2,955.89
1792602600000000000,2026-10-21T17:10:00Z,controller 1,1.606,11.496,142.3,326.69,591.75,0.0,14.76,100.0,1,Starting,1012.32,957.88
1792602660000000000,2026-10-21T17:11:00Z,controller 1,1.451,11.7,-29.65,160.16,64.79,0.0,12.64,100.0,1,Starting,994.96,957.27
1792602720000000000,2026-10-21T17:12:00Z,free response,1.573,11.123,171.7,356.56,13.75,0.0,13.09,100.0,2,Starting,1042.93,986.42
1792602780000000000,2026-10-21T17:13:00Z,controller 1,1.503,11.756,152.81,13.71,385.02,0.0,12.46,100.0,3,Starting,1090.78,982.14
1792602840000000000,2026-10-21T17:14:00Z,controller 1,1.52,11.445,196.83,327.8,151.27,0.0,12.63,100.0,1,Starting,1317.75,546.76
1792602900000000000,2026-10-21T17:15:00Z,controller 1,1.604,11.851,-29.54,432.49,320.62,0.0,14.92,100.0,1,Starting,1328.13,525.79
1792602960000000000,2026-10-21T17:16:00Z,free response,1.606,11.155,139.19,384.25,275.43,0.0,13.36,100.0,3,Starting,1285.11,514.16
1792603020000000000,2026-10-21T17:17:00Z,controller 1,1.484,11.587,132.05,287.71,188.78,0.0,12.2,100.0,2,Starting,1006.77,368.21
1792603080000000000,2026-10-21T17:18:00Z,controller 1,1.552,11.526,86.12,419.49,104.75,0.0,13.02,100.0,2,Starting,1015.11,373.98
1792603140000000000,2026-10-21T17:19:00Z,free response,1.531,11.479,-27.28,30.72,63.57,0.0,12.75,100.0,2,Starting,987.28,400.41
1792603200000000000,2026-10-21T17:20:00Z,free response,1.484,11.854,-22.23,134.87,287.26,0.0,12.12,100.0,3,Starting,974.64,416.08
1792603260000000000,2026-10-21T17:21:00Z,free response,1.549,11.443,6.37,393.46,163.19,0.0,14.95,100.0,2,Starting,1007.81,404.19
1792603320000000000,2026-10-21T17:22:00Z,free response,1.622,11.844,20.86,338.97,154.05,0.0,16.48,100.0,3,Starting,965.67,432.74
1792603380000000000,2026-10-21T17:23:00Z,controller 2,1.615,11.265,138.54,5.24,15.13,0.0,13.88,100.0,1,Starting,1011.23,418.56
1792603440000000000,2026-10-21T17:24:00Z,controller 2,1.457,11.365,122.2,437.09,562.34,0.0,12.21,100.0,1,Starting,1028.15,394.83
1792603500000000000,2026-10-21T17:25:00Z,controller 1,1.493,11.291,68.07,209.38,372.67,0.0,12.83,100.0,1,Starting,1056.58,370.32
1792603560000000000,2026-10-21T17:26:00Z,free response,1.587,11.822,75.25,306.4,500.91,0.0,14.83,100.0,2,Starting,1038.64,388.12
1792603620000000000,2026-10-21T17:27:00Z,controller 1,1.58,11.566,171.49,270.01,526.99,0.0,13.08,100.0,1,Starting,1058.34,411.5
1792603680000000000,2026-10-21T17:28:00Z,controller 2,1.554,11.186,1.15,365.56,232.64,0.0,13.68,100.0,1,Starting,1064.68,402.19
1792603740000000000,2026-10-21T17:29:00Z,controller 1,1.57,11.174,-10.75,417.18,92.35,0.0,14.17,100.0,3,Starting,1110.02,374.73
1792603800000000000,2026-10-21T17:30:00Z,free response,0.224,2.402,-0.14,397.23,437.18,0.0,0.06,100.0,2,Starting,604.07,709.09
1792603860000000000,2026-10-21T17:31:00Z,controller 1,0.333,2.445,194.15,430.27,509.02,0.0,0.14,100.0,2,Starting,556.66,727.33
1792603920000000000,2026-10-21T17:32:00Z,free response,0.346,2.523,123.02,65.68,306.27,0.0,0.14,100.0,1,Starting,550.81,724.35
1792603980000000000,2026-10-21T17:33:00Z,controller 1,0.339,2.362,71.72,180.56,567.75,0.0,0.13,100.0,3,Starting,920.08,936.99
1792604040000000000,2026-10-21T17:34:00Z,controller 1,0.358,2.413,102.75,53.16,463.77,0.0,0.16,100.0,3,Starting,946.79,932.06
1792604100000000000,2026-10-21T17:35:00Z,controller 2,0.266,2.166,1.46,102.93,312.27,0.0,0.08,100.0,3,On,914.56,957.7
1792604160000000000,2026-10-21T17:36:00Z,controller 2,0.346,2.351,64.49,252.16,581.89,0.0,0.14,100.0,1,On,880.18,937.01
1792604220000000000,2026-10-21T17:37:00Z,controller 1,0.294,2.444,133.46,110.53,96.81,0.0,0.11,100.0,1,On,854.76,930.25
1792604280000000000,2026-10-21T17:38:00Z,controller 2,0.322,2.296,178.06,121.55,321.08,0.0,0.12,100.0,1,On,806.11,923.47
1792604340000000000,2026-10-21T17:39:00Z,controller 2,0.324,1.874,164.42,156.12,178.25,0.0,0.09,100.0,1,On,847.98,910.74
1792604400000000000,2026-10-21T17:40:00Z,free response,0.243,1.92,116.1,29.86,333.4,0.0,0.06,100.0,3,On,877.89,924.28
1792604460000000000,2026-10-21T17:41:00Z,controller 1,0.28,2.388,-23.8,288.93,478.89,0.0,0.1,100.0,1,On,854.95,941.19
1792604520000000000,2026-10-21T17:42:00Z,controller 2,0.351,1.818,26.0,279.11,514.58,0.0,0.1,100.0,1,On,891.01,933.83
1792604580000000000,2026-10-21T17:43:00Z,controller 2,0.296,2.512,43.69,42.47,499.38,0.0,0.1,100.0,3,On,923.46,935.17
1792604640000000000,2026-10-21T17:44:00Z,free response,0.195,1.802,4.54,289.81,414.63,0.0,0.03,100.0,1,On,944.02,917.63
1792604700000000000,2026-10-21T17:45:00Z,free response,0.282,2.44,113.19,292.96,344.69,0.0,0.1,100.0,3,On,982.05,888.72
1792604760000000000,2026-10-21T17:46:00Z,controller 2,0.195,1.889,-11.77,175.11,65.03,0.0,0.03,100.0,2,On,1024.66,884.69
1792604820000000000,2026-10-21T17:47:00Z,controller 2,0.25,2.314,105.6,417.22,170.77,0.0,0.07,100.0,2,On,982.49,883.54
1792604880000000000,2026-10-21T17:48:00Z,controller 2,0.315,2.282,-2.2,344.52,582.75,0.0,0.11,100.0,2,On,967.59,908.27
1792604940000000000,2026-10-21T17:49:00Z,controller 2,0.358,2.408,97.69,328.61,347.47,0.0,0.14,100.0,2,On,947.35,929.3
1792605000000000000,2026-10-21T17:50:00Z,controller 1,0.339,1.759,78.57,299.19,493.26,0.0,0.11,100.0,1,On,924.7,921.41
1792605060000000000,2026-10-21T17:51:00Z,controller 2,0.202,2.09,138.63,331.77,277.32,0.0,0.05,100.0,1,On,878.16,921.42
1792605120000000000,2026-10-21T17:52:00Z,controller 1,0.343,2.189,56.8,294.65,520.16,0.0,0.12,100.0,3,On,752.41,985.69
1792605180000000000,2026-10-21T17:53:00Z,controller 2,0.243,2.047,87.17,243.33,70.34,0.0,0.06,100.0,3,On,765.22,959.19
1792605240000000000,2026-10-21T17:54:00Z,controller 1,0.287,2.035,145.83,45.33,391.86,0.0,0.09,100.0,2,On,789.4,979.06
1792605300000000000,2026-10-21T17:55:00Z,controller 2,0.272,2.479,-6.01,197.84,402.73,0.0,0.09,100.0,3,On,769.67,978.35
1792605360000000000,2026-10-21T17:56:00Z,free response,0.258,2.078,-7.09,19.64,267.95,0.0,0.08,100.0,2,On,814.04,997.75
1792605420000000000,2026-10-21T17:57:00Z,free response,0.217,2.039,92.79,290.36,144.21,0.0,0.05,100.0,3,On,856.08,989.95
1792605480000000000,2026-10-21T17:58:00Z,controller 1,0.238,2.45,166.08,185.74,28.46,0.0,0.07,100.0,2,On,895.66,964.21
1792605540000000000,2026-10-21T17:59:00Z,controller 2,0.338,1.805,-14.81,143.28,38.17,0.0,0.11,100.0,2,On,869.04,976.56
1792605600000000000,2026-10-21T18:00:00Z,free response,1.67,8.162,36.47,304.42,403.17,0.0,11.32,100.0,2,On,911.4,970.0
1792605660000000000,2026-10-21T18:01:00Z,free response,1.585,8.135,170.46,400.71,480.25,0.0,9.59,100.0,3,On,943.23,983.62
1792605720000000000,2026-10-21T18:02:00Z,free response,1.592,7.664,21.75,337.48,424.88,0.0,9.65,100.0,3,On,986.74,957.27
1792605780000000000,2026-10-21T18:03:00Z,free response,1.533,7.762,88.47,15.62,443.21,0.0,8.52,100.0,3,On,938.21,956.33
1792605840000000000,2026-10-21T18:04:00Z,controller 2,1.658,8.061,37.31,326.43,61.2,0.0,11.21,100.0,1,On,986.15,927.03
1792605900000000000,2026-10-21T18:05:00Z,controller 2,1.543,8.145,22.96,222.81,299.72,0.0,8.85,100.0,3,On,958.95,909.48
1792605960000000000,2026-10-21T18:06:00Z,controller 1,1.572,8.283,140.12,446.68,142.62,0.0,10.99,100.0,2,On,930.65,896.31
1792606020000000000,2026-10-21T18:07:00Z,controller 1,1.549,7.634,78.75,308.34,584.33,0.0,10.02,100.0,3,On,921.66,869.29
1792606080000000000,2026-10-21T18:08:00Z,controller 2,1.51,7.967,9.1,276.89,240.26,0.0,8.26,100.0,1,On,934.38,870.07
1792606140000000000,2026-10-21T18:09:00Z,controller 2,1.523,7.708,9.18,31.35,59.18,0.0,9.42,100.0,3,On,895.86,881.55
1792606200000000000,2026-10-21T18:10:00Z,controller 1,1.649,7.615,141.69,115.73,225.01,0.0,10.44,100.0,1,On,846.72,882.04
1792606260000000000,2026-10-21T18:11:00Z,controller 2,1.518,7.977,82.15,72.08,517.92,0.0,8.45,100.0,2,On,886.72,876.81
1792606320000000000,2026-10-21T18:12:00Z,controller 1,1.641,8.291,-5.37,144.99,510.65,0.0,10.25,100.0,2,On,871.96,902.26
1792606380000000000,2026-10-21T18:13:00Z,controller 2,1.608,7.65,174.45,336.35,67.4,0.0,9.77,100.0,2,On,873.52,925.86
1792606440000000000,2026-10-21T18:14:00Z,controller 1,1.571,7.82,11.31,225.36,502.35,0.0,10.6,100.0,2,On,867.87,927.73
1792606500000000000,2026-10-21T18:15:00Z,free response,1.514,7.696,164.19,10.89,197.23,0.0,8.76,100.0,3,On,842.6,922.78
1792606560000000000,2026-10-21T18:16:00Z,free response,1.682,8.185,-18.39,242.75,566.57,0.0,10.53,100.0,2,On,846.06,924.67
1792606620000000000,2026-10-21T18:17:00Z,controller 2,1.553,7.849,-0.93,350.77,262.28,0.0,8.67,100.0,3,On,830.58,938.01
1792606680000000000,2026-10-21T18:18:00Z,controller 2,1.536,7.56,-20.81,281.37,128.59,0.0,9.12,100.0,1,On,874.27,954.48
1792606740000000000,2026-10-21T18:19:00Z,free response,1.645,8.232,102.81,103.27,530.32,0.0,11.83,100.0,3,On,850.31,950.41
1792606800000000000,2026-10-21T18:20:00Z,free response,1.673,7.865,27.79,25.05,594.0,0.0,11.73,100.0,3,On,868.38,941.86
1792606860000000000,2026-10-21T18:21:00Z,controller 2,1.67,8.278,67.21,119.83,82.35,0.0,10.57,100.0,1,On,851.58,939.9
1792606920000000000,2026-10-21T18:22:00Z,controller 1,1.664,7.799,121.07,371.07,26.59,0.0,9.79,100.0,3,On,810.48,930.75
1792606980000000000,2026-10-21T18:23:00Z,controller 1,1.624,7.705,110.68,109.93,76.47,0.0,10.65,100.0,3,On,856.17,937.46
1792607040000000000,2026-10-21T18:24:00Z,controller 2,1.597,7.671,-22.85,436.32,208.58,0.0,9.44,100.0,1,On,635.15,777.04
1792607100000000000,2026-10-21T18:25:00Z,free response,1.672,8.246,-5.04,152.29,343.86,0.0,11.2,100.0,2,On,624.83,765.35
1792607160000000000,2026-10-21T18:26:00Z,free response,1.599,7.741,152.39,111.41,425.77,0.0,9.11,100.0,1,On,668.56,791.71
1792607220000000000,2026-10-21T18:27:00Z,controller 1,1.54,7.763,119.76,16.17,200.39,0.0,8.82,100.0,2,On,631.85,781.72
1792607280000000000,2026-10-21T18:28:00Z,controller 2,1.585,7.589,45.88,270.79,381.2,0.0,9.25,100.0,1,On,594.83,774.64
1792607340000000000,2026-10-21T18:29:00Z,controller 1,1.671,7.881,93.46,298.63,122.47,0.0,9.95,100.0,1,On,620.48,775.27
1792607400000000000,2026-10-21T18:30:00Z,controller 1,1.638,6.168,75.35,49.46,251.43,0.0,8.92,100.0,2,On,641.25,778.53
1792607460000000000,2026-10-21T18:31:00Z,controller 1,1.638,6.009,167.19,3.62,28.57,0.0,8.73,100.0,3,On,594.03,803.62
1792607520000000000,2026-10-21T18:32:00Z,free response,1.668,6.394,-14.92,242.28,483.7,0.0,8.5,100.0,3,On,581.64,774.53
1792607580000000000,2026-10-21T18:33:00Z,controller 2,1.693,6.117,149.28,438.57,88.94,0.0,7.95,100.0,3,On,596.86,777.23
1792607640000000000,2026-10-21T18:34:00Z,controller 2,1.565,6.224,193.25,439.6,43.74,0.0,7.6,100.0,2,On,621.01,781.84
1792607700000000000,2026-10-21T18:35:00Z,controller 1,1.559,6.306,65.81,268.39,93.25,0.0,6.92,100.0,2,On,663.42,761.14
1792607760000000000,2026-10-21T18:36:00Z,controller 2,1.619,6.642,164.33,226.48,512.43,0.0,8.94,100.0,3,On,663.02,780.07
1792607820000000000,2026-10-21T18:37:00Z,controller 1,1.688,6.199,105.87,9.31,113.68,0.0,8.16,100.0,2,On,617.55,756.89
1792607880000000000,2026-10-21T18:38:00Z,free response,1.534,6.697,106.96,299.0,551.56,0.0,7.64,100.0,1,On,757.51,636.27
1792607940000000000,2026-10-21T18:39:00Z,controller 1,1.617,6.116,112.61,306.98,458.56,0.0,7.39,100.0,3,On,775.67,617.27
1792608000000000000,2026-10-21T18:40:00Z,controller 1,1.612,5.968,191.47,375.41,328.61,0.0,8.25,100.0,1,On,751.82,643.03
1792608060000000000,2026-10-21T18:41:00Z,free response,1.541,6.297,-27.47,251.0,499.76,0.0,6.9,100.0,1,On,743.5,642.2
1792608120000000000,2026-10-21T18:42:00Z,controller 2,1.543,6.211,39.82,282.04,340.02,0.0,8.02,100.0,3,On,732.32,627.34
1792608180000000000,2026-10-21T18:43:00Z,controller 2,1.682,6.2,25.45,117.24,38.85,0.0,9.64,100.0,3,On,723.56,628.09
1792608240000000000,2026-10-21T18:44:00Z,controller 2,1.627,6.008,-5.92,77.99,240.7,0.0,8.4,100.0,2,On,703.75,614.38
1792608300000000000,2026-10-21T18:45:00Z,controller 2,1.537,6.511,0.18,108.52,122.54,0.0,8.16,100.0,2,On,672.93,611.26
1792608360000000000,2026-10-21T18:46:00Z,controller 2,1.598,6.648,15.4,298.17,499.57,0.0,8.26,100.0,2,On,685.74,606.08
1792608420000000000,2026-10-21T18:47:00Z,free response,1.693,6.687,160.31,55.56,22.98,0.0,9.38,100.0,1,On,680.08,624.51
1792608480000000000,2026-10-21T18:48:00Z,free response,1.563,5.996,10.96,387.43,520.09,0.0,7.23,100.0,2,On,648.72,605.91
1792608540000000000,2026-10-21T18:49:00Z,controller 2,1.592,6.19,41.24,136.87,538.85,0.0,7.37,100.0,1,On,613.45,610.01
1792608600000000000,2026-10-21T18:50:00Z,free response,1.571,6.366,177.78,179.5,222.88,0.0,8.16,100.0,3,On,622.91,595.57
1792608660000000000,2026-10-21T18:51:00Z,controller 2,1.576,6.526,152.67,243.77,565.79,0.0,7.38,100.0,3,On,610.32,606.89
1792608720000000000,2026-10-21T18:52:00Z,controller 2,1.65,6.446,-2.94,75.47,326.11,0.0,9.33,100.0,2,On,609.84,615.4
1792608780000000000,2026-10-21T18:53:00Z,controller 1,1.604,6.073,136.59,385.65,87.05,0.0,7.8,100.0,1,On,647.22,608.34
1792608840000000000,2026-10-21T18:54:00Z,controller 2,1.679,5.957,168.92,344.68,589.35,0.0,9.06,100.0,2,On,684.54,594.33
1792608900000000000,2026-10-21T18:55:00Z,controller 2,1.578,6.388,69.22,168.69,143.37,0.0,7.41,100.0,2,On,687.8,590.28
1792608960000000000,2026-10-21T18:56:00Z,controller 1,1.688,6.566,5.83,263.99,263.84,0.0,9.64,100.0,2,On,672.99,590.93
1792609020000000000,2026-10-21T18:57:00Z,free response,1.65,6.518,171.21,449.65,376.15,0.0,9.02,100.0,2,On,697.27,602.6
1792609080000000000,2026-10-21T18:58:00Z,controller 2,1.699,6.679,-0.14,228.83,378.86,0.0,9.35,100.0,3,On,651.93,632.17
1792609140000000000,2026-10-21T18:59:00Z,controller 1,1.633,6.002,46.02,131.49,553.18,0.0,8.11,100.0,3,On,1143.23,801.0
1792609200000000000,2026-10-21T19:00:00Z,controller 2,2.63,11.075,-24.94,12.99,89.08,0.0,39.74,100.0,2,On,1107.19,788.76
1792609260000000000,2026-10-21T19:01:00Z,free response,2.76,10.634,56.81,226.75,289.8,0.0,37.3,100.0,3,On,1137.43,791.94
1792609320000000000,2026-10-21T19:02:00Z,free response,2.743,10.582,63.32,173.45,183.0,0.0,40.36,100.0,3,On,1117.49,814.4
1792609380000000000,2026-10-21T19:03:00Z,controller 2,2.728,10.572,188.78,58.74,77.47,0.0,36.16,100.0,3,On,1154.3,791.9
1792609440000000000,2026-10-21T19:04:00Z,controller 1,2.717,10.677,35.85,147.94,237.23,0.0,36.87,100.0,1,On,1161.39,816.82
1792609500000000000,2026-10-21T19:05:00Z,free response,2.595,10.877,183.09,448.53,325.82,0.0,35.17,100.0,2,On,1201.09,834.28
1792609560000000000,2026-10-21T19:06:00Z,controller 1,2.667,10.745,175.04,41.53,404.72,0.0,36.25,100.0,1,On,1174.15,817.96
1792609620000000000,2026-10-21T19:07:00Z,controller 2,2.656,10.451,198.91,44.5,93.12,0.0,35.85,100.0,2,On,1136.35,817.75
1792609680000000000,2026-10-21T19:08:00Z,controller 2,2.74,10.495,123.19,79.41,163.44,0.0,42.99,100.0,1,On,1141.65,807.89
1792609740000000000,2026-10-21T19:09:00Z,controller 2,2.761,11.103,-20.19,347.83,34.54,0.0,46.28,74.63,3,On,1092.77,798.03
1792609800000000000,2026-10-21T19:10:00Z,free response,2.758,10.892,151.96,160.32,32.55,0.0,38.92,83.63,3,On,1054.33,794.47
1792609860000000000,2026-10-21T19:11:00Z,free response,2.681,10.967,-26.53,76.45,130.11,0.0,36.58,100.0,3,On,1020.98,791.91
1792609920000000000,2026-10-21T19:12:00Z,free response,2.638,10.912,-1.44,180.68,221.01,0.0,35.48,100.0,1,On,975.72,771.81
1792609980000000000,2026-10-21T19:13:00Z,controller 1,2.702,10.402,20.94,251.66,207.83,0.0,38.01,100.0,2,On,1020.39,769.17
1792610040000000000,2026-10-21T19:14:00Z,controller 2,2.76,10.573,21.71,150.63,476.02,0.0,39.77,100.0,1,On,992.31,763.53
1792610100000000000,2026-10-21T19:15:00Z,free response,2.628,10.905,17.74,58.21,116.9,0.0,40.27,100.0,2,On,1028.33,752.75
1792610160000000000,2026-10-21T19:16:00Z,controller 1,2.592,11.068,86.67,203.79,292.78,0.0,39.86,100.0,3,On,1034.57,751.65
1792610220000000000,2026-10-21T19:17:00Z,controller 1,2.615,10.956,9.1,296.22,362.67,0.0,36.4,100.0,3,On,1062.41,756.91
1792610280000000000,2026-10-21T19:18:00Z,controller 2,2.595,10.956,-4.72,166.77,115.73,0.0,36.21,100.0,2,On,1075.13,753.2
1792610340000000000,2026-10-21T19:19:00Z,controller 2,2.64,10.602,175.08,1.64,420.03,0.0,37.83,100.0,3,On,1108.07,737.51
1792610400000000000,2026-10-21T19:20:00Z,controller 2,2.675,10.697,151.82,131.01,78.65,0.0,40.13,100.0,1,On,1156.44,746.74
1792610460000000000,2026-10-21T19:21:00Z,controller 1,2.73,10.89,186.88,213.96,473.41,0.0,39.12,100.0,3,On,1187.59,767.53
1792610520000000000,2026-10-21T19:22:00Z,controller 1,2.616,10.587,185.68,235.13,190.84,0.0,34.99,100.0,2,On,1230.32,741.19
1792610580000000000,2026-10-21T19:23:00Z,controller 2,2.659,11.07,-20.77,421.9,6.2,0.0,38.08,16.28,3,On,1212.45,737.75
1792610640000000000,2026-10-21T19:24:00Z,free response,2.659,10.547,-25.92,33.66,400.2,0.0,35.26,100.0,3,On,1216.34,725.86
1792610700000000000,2026-10-21T19:25:00Z,free response,2.613,10.746,162.62,198.7,239.2,0.0,36.88,100.0,3,On,1233.31,730.71
1792610760000000000,2026-10-21T19:26:00Z,controller 1,2.745,10.819,84.57,334.72,534.15,0.0,43.97,100.0,1,On,1273.02,739.51
1792610820000000000,2026-10-21T19:27:00Z,controller 2,2.584,10.391,26.21,134.83,479.12,0.0,31.66,100.0,3,On,1283.14,743.25
1792610880000000000,2026-10-21T19:28:00Z,controller 1,2.695,10.567,82.99,335.38,237.59,0.0,35.55,100.0,2,On,1316.3,768.36
1792610940000000000,2026-10-21T19:29:00Z,free response,2.734,10.838,32.92,148.18,475.14,0.0,41.44,100.0,2,On,1276.24,797.45
1792611000000000000,2026-10-21T19:30:00Z,controller 1,2.01,6.618,108.68,22.11,472.29,0.0,12.72,100.0,1,On,1271.33,809.64
1792611060000000000,2026-10-21T19:31:00Z,free response,2.114,6.847,141.72,425.34,501.55,0.0,16.44,100.0,3,On,1297.58,815.22
1792611120000000000,2026-10-21T19:32:00Z,free response,1.987,6.928,-28.83,378.85,26.66,0.0,13.62,100.0,2,On,1316.02,810.72
1792611180000000000,2026-10-21T19:33:00Z,controller 2,2.084,6.956,178.92,257.95,47.21,0.0,15.4,100.0,3,On,1266.66,832.48
1792611240000000000,2026-10-21T19:34:00Z,controller 2,1.997,6.765,39.18,426.3,9.0,0.0,12.85,70.04,3,On,1276.93,822.06
1792611300000000000,2026-10-21T19:35:00Z,controller 2,2.013,6.481,93.41,405.83,156.47,0.0,12.23,100.0,2,On,1229.31,838.11
1792611360000000000,2026-10-21T19:36:00Z,controller 2,2.015,6.399,-6.02,302.14,70.81,0.0,13.0,100.0,1,On,1271.44,808.63
1792611420000000000,2026-10-21T19:37:00Z,free response,2.027,6.97,69.65,261.74,5.0,0.0,14.05,35.59,1,On,1255.22,815.53
1792611480000000000,2026-10-21T19:38:00Z,free response,2.068,6.791,183.52,6.0,475.81,0.0,14.42,100.0,3,On,1291.34,819.57
1792611540000000000,2026-10-21T19:39:00Z,free response,2.138,6.393,121.04,323.01,354.95,0.0,14.9,100.0,1,On,1262.22,816.38
1792611600000000000,2026-10-21T19:40:00Z,free response,2.035,6.346,-15.77,120.67,440.35,0.0,12.76,100.0,3,On,1275.87,834.47
1792611660000000000,2026-10-21T19:41:00Z,free response,2.072,6.935,-28.3,159.27,449.12,0.0,14.9,100.0,3,On,1285.74,828.99
1792611720000000000,2026-10-21T19:42:00Z,controller 1,2.093,6.643,23.64,300.76,107.67,0.0,15.7,100.0,2,On,1315.55,833.3
1792611780000000000,2026-10-21T19:43:00Z,free response,1.97,7.042,120.73,141.08,17.69,0.0,14.14,100.0,3,On,1273.2,809.19
1792611840000000000,2026-10-21T19:44:00Z,controller 2,2.013,6.352,130.49,403.42,510.59,0.0,13.12,100.0,1,On,1271.33,834.87
1792611900000000000,2026-10-21T19:45:00Z,controller 1,2.095,6.767,98.73,367.73,460.38,0.0,14.96,100.0,2,On,1240.3,858.15
1792611960000000000,2026-10-21T19:46:00Z,free response,2.113,6.953,186.27,419.78,253.56,0.0,15.53,100.0,2,On,1275.82,867.3
1792612020000000000,2026-10-21T19:47:00Z,controller 2,2.05,6.531,-6.25,210.01,507.68,0.0,12.55,100.0,1,On,1309.79,860.72
1792612080000000000,2026-10-21T19:48:00Z,controller 1,2.125,6.745,156.14,345.67,379.1,0.0,15.11,100.0,1,On,1279.94,834.22
1792612140000000000,2026-10-21T19:49:00Z,controller 1,2.094,6.737,23.11,169.04,373.83,0.0,14.84,100.0,1,On,1243.32,842.23
1792612200000000000,2026-10-21T19:50:00Z,controller 1,2.014,6.388,13.31,302.37,348.61,0.0,13.25,100.0,3,On,1222.76,836.15
1792612260000000000,2026-10-21T19:51:00Z,controller 1,2.123,7.054,28.25,210.31,100.0,0.0,15.55,100.0,1,On,1197.4,820.02
1792612320000000000,2026-10-21T19:52:00Z,controller 1,2.14,7.019,102.48,408.98,418.71,0.0,16.84,100.0,3,On,1239.37,798.88
1792612380000000000,2026-10-21T19:53:00Z,free response,2.061,6.641,-1.31,59.39,208.53,0.0,13.96,100.0,1,On,1211.96,813.82
1792612440000000000,2026-10-21T19:54:00Z,controller 2,2.067,6.441,-10.72,317.6,530.21,0.0,12.88,100.0,2,On,1245.91,809.69
1792612500000000000,2026-10-21T19:55:00Z,controller 1,2.106,6.844,126.25,249.99,81.3,0.0,15.15,100.0,1,On,1207.99,826.96
1792612560000000000,2026-10-21T19:56:00Z,free response,1.961,6.857,33.35,335.61,440.66,0.0,13.25,100.0,1,On,1203.2,851.53
1792612620000000000,2026-10-21T19:57:00Z,controller 1,2.034,6.819,67.81,359.98,266.92,0.0,15.45,100.0,3,On,1242.49,831.7
1792612680000000000,2026-10-21T19:58:00Z,controller 1,1.976,6.846,181.87,59.87,344.4,0.0,14.14,100.0,3,On,1287.16,816.39
1792612740000000000,2026-10-21T19:59:00Z,controller 2,2.022,6.407,138.37,246.46,61.15,0.0,11.89,100.0,2,On,1238.49,810.0
1792612800000000000,2026-10-21T20:00:00Z,controller 1,0.386,8.735,53.13,355.0,321.54,0.0,0.64,100.0,3,On,1275.55,795.91
1792612860000000000,2026-10-21T20:01:00Z,free response,0.468,8.279,101.48,180.91,115.01,0.0,0.94,100.0,2,On,1249.54,774.85
1792612920000000000,2026-10-21T20:02:00Z,free response,0.465,8.567,136.25,266.59,99.76,0.0,1.01,100.0,3,On,1299.2,771.06
1792612980000000000,2026-10-21T20:03:00Z,free response,0.343,8.267,85.92,220.03,94.78,0.0,0.48,100.0,2,On,1314.78,781.24
1792613040000000000,2026-10-21T20:04:00Z,controller 1,0.442,8.3,165.48,249.97,303.34,0.0,0.73,100.0,3,On,1353.64,786.62
1792613100000000000,2026-10-21T20:05:00Z,controller 1,0.482,8.652,63.65,187.87,404.31,0.0,0.95,100.0,3,On,1334.94,784.49
1792613160000000000,2026-10-21T20:06:00Z,controller 2,0.453,8.774,130.94,105.69,73.78,0.0,0.88,100.0,2,On,1292.93,768.29
1792613220000000000,2026-10-21T20:07:00Z,controller 2,0.453,8.642,34.92,294.1,33.08,0.0,0.97,100.0,3,On,1332.82,759.49
1792613280000000000,2026-10-21T20:08:00Z,controller 1,0.415,8.457,74.12,322.22,219.33,0.0,0.77,100.0,2,On,1286.87,757.65
1792613340000000000,2026-10-21T20:09:00Z,free response,0.357,8.54,155.1,383.55,568.64,0.0,0.5,100.0,2,On,1279.34,770.2
1792613400000000000,2026-10-21T20:10:00Z,free response,0.427,8.309,81.69,262.44,270.88,0.0,0.77,100.0,2,On,1322.86,765.85
1792613460000000000,2026-10-21T20:11:00Z,controller 2,0.39,8.746,-25.8,24.5,284.46,0.0,0.69,100.0,2,On,1291.05,757.35
1792613520000000000,2026-10-21T20:12:00Z,free response,0.358,8.838,189.78,33.47,227.65,0.0,0.61,100.0,1,On,1255.93,737.13
1792613580000000000,2026-10-21T20:13:00Z,free response,0.489,8.467,61.84,341.32,403.64,0.0,1.09,100.0,1,On,1298.69,735.71
1792613640000000000,2026-10-21T20:14:00Z,controller 2,0.491,8.397,183.26,343.35,319.26,0.0,0.93,100.0,1,On,1325.29,762.04
1792613700000000000,2026-10-21T20:15:00Z,controller 2,0.329,8.95,46.6,197.44,566.47,0.0,0.47,100.0,1,On,1362.36,766.73
1792613760000000000,2026-10-21T20:16:00Z,controller 2,0.355,8.715,79.06,446.33,583.43,0.0,0.56,100.0,1,On,1332.54,754.94
1792613820000000000,2026-10-21T20:17:00Z,controller 2,0.315,8.991,155.6,196.69,106.78,0.0,0.48,100.0,1,On,1342.3,781.68
1792613880000000000,2026-10-21T20:18:00Z,free response,0.386,8.738,81.37,222.0,223.71,0.0,0.69,100.0,1,On,1362.05,808.66
1792613940000000000,2026-10-21T20:19:00Z,free response,0.328,8.622,138.88,200.44,220.35,0.0,0.47,100.0,3,On,1328.33,832.8
1792614000000000000,2026-10-21T20:20:00Z,free response,0.317,8.442,8.93,315.22,438.5,0.0,0.43,100.0,2,On,1333.26,837.91
1792614060000000000,2026-10-21T20:21:00Z,controller 1,0.331,8.863,196.71,397.28,546.79,0.0,0.53,100.0,3,On,1345.95,849.93
1792614120000000000,2026-10-21T20:22:00Z,free response,0.469,8.727,194.21,155.86,163.49,0.0,0.87,100.0,2,On,1303.49,829.97
1792614180000000000,2026-10-21T20:23:00Z,free response,0.422,8.982,-9.4,411.4,333.69,0.0,0.79,100.0,1,On,1333.11,853.46
1792614240000000000,2026-10-21T20:24:00Z,free response,0.381,8.84,69.19,91.78,207.02,0.0,0.69,100.0,1,On,1335.65,852.55
1792614300000000000,2026-10-21T20:25:00Z,controller 2,0.387,8.469,184.58,209.43,179.9,0.0,0.58,100.0,1,On,1297.21,878.48
1792614360000000000,2026-10-21T20:26:00Z,controller 1,0.437,8.665,53.81,362.67,221.05,0.0,0.9,100.0,3,On,1306.04,866.36
1792614420000000000,2026-10-21T20:27:00Z,controller 1,0.356,8.237,102.26,380.54,54.83,0.0,0.52,100.0,2,On,1266.96,844.96
1792614480000000000,2026-10-21T20:28:00Z,controller 2,0.328,8.925,71.26,420.94,314.75,0.0,0.45,100.0,2,On,1244.04,818.51
1792614540000000000,2026-10-21T20:29:00Z,controller 2,0.486,8.353,191.1,219.25,94.64,0.0,1.01,100.0,2,On,1292.42,831.48
1792614600000000000,2026-10-21T20:30:00Z,free response,2.912,5.815,62.76,122.55,296.55,0.0,24.74,100.0,3,On,1338.21,814.07
1792614660000000000,2026-10-21T20:31:00Z,free response,2.993,5.861,28.23,437.78,368.07,0.0,24.69,100.0,2,On,1364.41,838.53
1792614720000000000,2026-10-21T20:32:00Z,controller 1,3,6.337,6.86,422.55,380.65,0.0,30.85,100.0,3,On,1324.89,839.51
1792614780000000000,2026-10-21T20:33:00Z,controller 2,2.885,5.78,20.52,266.04,377.73,0.0,25.32,100.0,2,On,1286.34,838.29
1792614840000000000,2026-10-21T20:34:00Z,controller 2,2.949,5.999,57.55,73.63,192.36,0.0,23.63,100.0,3,On,1269.01,829.61
1792614900000000000,2026-10-21T20:35:00Z,free response,2.864,6.03,34.02,143.02,5.47,0.0,25.45,21.49,3,On,1241.69,814.94
1792614960000000000,2026-10-21T20:36:00Z,controller 2,2.897,6.072,60.7,170.21,447.48,0.0,26.46,100.0,3,On,1247.65,796.38
1792615020000000000,2026-10-21T20:37:00Z,controller 2,2.863,5.693,166.57,106.69,482.82,0.0,22.67,100.0,3,On,519.7,382.44
1792615080000000000,2026-10-21T20:38:00Z,controller 1,2.924,5.734,198.12,211.72,107.04,0.0,22.17,100.0,3,On,550.32,404.78
1792615140000000000,2026-10-21T20:39:00Z,free response,2.994,5.711,194.65,160.84,135.41,0.0,26.62,100.0,3,On,597.82,384.17
1792615200000000000,2026-10-21T20:40:00Z,controller 2,2.969,5.82,111.89,41.87,24.04,0.0,26.12,92.04,3,On,594.08,385.13
1792615260000000000,2026-10-21T20:41:00Z,controller 2,2.862,6.033,25.07,210.2,480.8,0.0,25.16,100.0,2,On,617.39,414.89
1792615320000000000,2026-10-21T20:42:00Z,controller 2,2.909,5.841,6.31,245.5,71.92,0.0,24.01,100.0,2,On,592.07,425.63
1792615380000000000,2026-10-21T20:43:00Z,controller 1,2.927,5.861,7.76,384.38,400.37,0.0,23.93,100.0,1,On,585.18,401.17
1792615440000000000,2026-10-21T20:44:00Z,controller 1,2.892,5.734,-20.05,13.23,528.98,0.0,24.99,100.0,1,On,597.18,423.47
1792615500000000000,2026-10-21T20:45:00Z,controller 2,2.89,5.618,79.96,217.83,560.12,0.0,25.51,100.0,1,On,596.16,394.74
1792615560000000000,2026-10-21T20:46:00Z,free response,2.97,6.199,177.73,138.27,362.13,0.0,26.31,100.0,2,On,634.19,366.02
1792615620000000000,2026-10-21T20:47:00Z,controller 2,2.879,5.912,19.51,245.39,224.35,0.0,22.36,100.0,2,On,624.05,345.02
1792615680000000000,2026-10-21T20:48:00Z,free response,2.948,6.123,151.64,169.16,517.56,0.0,25.04,100.0,2,On,623.72,362.7
1792615740000000000,2026-10-21T20:49:00Z,free response,2.856,5.827,87.15,398.54,204.08,0.0,25.36,100.0,2,On,630.05,376.7
1792615800000000000,2026-10-21T20:50:00Z,controller 1,2.956,6.095,144.75,255.89,212.93,0.0,28.14,100.0,2,On,650.75,372.38
1792615860000000000,2026-10-21T20:51:00Z,free response,2.911,6.233,99.15,93.02,140.51,0.0,24.18,100.0,3,On,699.79,402.05
1792615920000000000,2026-10-21T20:52:00Z,controller 1,2.886,6.126,139.79,40.65,593.55,0.0,25.08,100.0,1,On,749.56,405.63
1792615980000000000,2026-10-21T20:53:00Z,free response,2.901,5.916,90.06,259.25,208.3,0.0,24.11,100.0,2,On,795.88,434.45
1792616040000000000,2026-10-21T20:54:00Z,controller 2,2.898,5.845,91.31,336.01,416.4,0.0,26.24,100.0,3,On,841.62,437.57
1792616100000000000,2026-10-21T20:55:00Z,controller 1,2.888,6.287,17.5,211.59,354.92,0.0,23.93,100.0,2,On,845.73,415.67
1792616160000000000,2026-10-21T20:56:00Z,free response,2.947,5.87,-5.56,67.11,298.39,0.0,26.83,100.0,1,On,811.04,435.78
1792616220000000000,2026-10-21T20:57:00Z,controller 2,2.993,6.357,65.47,430.51,347.05,0.0,29.26,100.0,1,On,832.45,437.56
1792616280000000000,2026-10-21T20:58:00Z,controller 2,2.946,5.82,108.94,309.38,311.14,0.0,25.68,100.0,3,On,795.06,415.63
1792616340000000000,2026-10-21T20:59:00Z,free response,2.871,6.027,10.69,123.44,436.09,0.0,22.45,100.0,1,On,804.56,411.36
1792616400000000000,2026-10-21T21:00:00Z,free response,1.061,3.379,37.56,170.7,259.26,0.0,2.01,100.0,1,On,783.61,420.78
1792616460000000000,2026-10-21T21:01:00Z,free response,1.156,3.423,178.56,388.27,320.84,0.0,2.14,100.0,3,On,813.7,445.98
1792616520000000000,2026-10-21T21:02:00Z,controller 2,1.188,4.032,93.28,331.5,515.65,0.0,2.98,100.0,1,On,859.9,459.12
1792616580000000000,2026-10-21T21:03:00Z,controller 2,1.127,3.423,174.49,174.21,411.6,0.0,2.13,100.0,3,On,895.48,462.7
1792616640000000000,2026-10-21T21:04:00Z,free response,1.134,3.771,99.76,431.98,486.3,0.0,2.25,100.0,3,On,859.03,478.47
1792616700000000000,2026-10-21T21:05:00Z,controller 1,1.068,3.855,21.13,29.05,537.15,0.0,2.02,100.0,1,On,858.16,506.08
1792616760000000000,2026-10-21T21:06:00Z,controller 1,1.117,3.55,103.46,336.87,404.26,0.0,2.04,100.0,1,On,907.51,528.33
1792616820000000000,2026-10-21T21:07:00Z,controller 1,1.041,3.733,96.37,79.96,403.84,0.0,2.18,100.0,2,On,868.64,514.67
1792616880000000000,2026-10-21T21:08:00Z,controller 1,1.193,3.885,143.13,210.16,203.54,0.0,2.55,100.0,1,On,865.85,532.78
1792616940000000000,2026-10-21T21:09:00Z,controller 1,1.146,4.035,144.96,384.31,292.48,0.0,2.68,100.0,3,On,855.35,557.74
1792617000000000000,2026-10-21T21:10:00Z,controller 1,1.187,3.688,104.13,301.58,571.57,0.0,2.5,100.0,2,On,836.8,527.98
1792617060000000000,2026-10-21T21:11:00Z,controller 1,1.173,3.648,3.8,355.25,111.46,0.0,2.62,100.0,1,On,844.75,543.39
1792617120000000000,2026-10-21T21:12:00Z,controller 1,1.06,3.478,166.09,104.42,388.01,0.0,1.92,100.0,2,On,866.96,561.82
1792617180000000000,2026-10-21T21:13:00Z,controller 1,1.138,3.69,101.67,418.95,365.18,0.0,2.26,100.0,2,On,897.2,552.04
1792617240000000000,2026-10-21T21:14:00Z,controller 2,1.174,3.664,102.13,327.21,36.78,0.0,2.5,100.0,2,On,943.57,579.76
1792617300000000000,2026-10-21T21:15:00Z,controller 1,1.131,3.667,37.1,277.24,229.2,0.0,2.3,100.0,3,On,908.46,556.86
1792617360000000000,2026-10-21T21:16:00Z,free response,1.049,4.102,-22.98,192.84,69.47,0.0,2.1,100.0,3,On,859.97,536.58
1792617420000000000,2026-10-21T21:17:00Z,controller 1,1.158,4.031,177.96,442.37,580.19,0.0,2.64,100.0,1,On,903.49,541.66
1792617480000000000,2026-10-21T21:18:00Z,free response,1.136,3.79,-28.46,103.7,73.06,0.0,2.45,100.0,2,On,907.02,567.53
1792617540000000000,2026-10-21T21:19:00Z,controller 2,1.038,3.386,115.89,198.88,370.24,0.0,1.96,100.0,1,On,951.64,558.69
1792617600000000000,2026-10-21T21:20:00Z,controller 2,1.152,3.972,-1.55,43.02,243.9,0.0,2.44,100.0,3,On,912.8,566.77
1792617660000000000,2026-10-21T21:21:00Z,free response,1.124,3.863,171.79,246.53,24.42,0.04,2.36,100.0,3,On,952.61,563.76
1792617720000000000,2026-10-21T21:22:00Z,free response,1.136,3.998,-24.52,243.03,527.0,0.09,2.56,100.0,2,On,971.68,552.32
1792617780000000000,2026-10-21T21:23:00Z,free response,1.033,4.111,32.95,54.04,206.29,0.15,2.14,100.0,2,On,1012.31,524.31
1792617840000000000,2026-10-21T21:24:00Z,controller 2,1.171,3.375,85.25,358.5,575.88,0.21,2.09,100.0,1,On,999.42,507.74
1792617900000000000,2026-10-21T21:25:00Z,controller 1,1.132,3.374,38.49,283.68,116.0,0.26,2.15,100.0,1,On,964.96,514.99
1792617960000000000,2026-10-21T21:26:00Z,controller 2,1.133,3.901,45.95,162.26,149.7,0.32,2.46,100.0,3,On,963.07,491.64
1792618020000000000,2026-10-21T21:27:00Z,controller 2,1.044,3.761,7.7,118.04,439.36,0.37,2.06,100.0,2,On,1013.05,487.62
1792618080000000000,2026-10-21T21:28:00Z,controller 2,1.176,3.903,187.87,144.02,293.55,0.41,2.74,100.0,2,On,975.04,494.52
1792618140000000000,2026-10-21T21:29:00Z,controller 1,1.085,3.395,42.82,49.26,69.61,0.48,2.03,100.0,3,On,994.14,514.22
1792618200000000000,2026-10-21T21:30:00Z,free response,1.322,13.815,80.47,281.02,193.87,0.57,11.77,100.0,3,On,963.08,490.93
1792618260000000000,2026-10-21T21:31:00Z,controller 1,1.276,13.844,186.91,56.67,425.0,0.62,10.34,100.0,1,On,972.93,515.55
1792618320000000000,2026-10-21T21:32:00Z,free response,1.298,13.364,-11.61,206.48,518.66,0.65,11.25,100.0,2,On,976.11,503.15
1792618380000000000,2026-10-21T21:33:00Z,controller 1,1.308,13.701,137.66,333.91,238.12,0.73,11.93,100.0,3,On,930.63,518.03
1792618440000000000,2026-10-21T21:34:00Z,controller 2,1.287,13.336,51.68,244.54,160.4,0.81,10.75,100.0,2,On,958.93,510.83
1792618500000000000,2026-10-21T21:35:00Z,controller 1,1.311,13.68,104.9,438.25,8.04,0.86,12.43,64.68,1,On,933.41,540.52
1792618560000000000,2026-10-21T21:36:00Z,controller 2,1.344,13.636,196.79,202.1,404.91,0.93,12.39,100.0,2,On,909.99,540.9
1792618620000000000,2026-10-21T21:37:00Z,free response,1.429,14,156.51,82.05,32.67,1.01,13.12,100.0,3,On,875.46,531.05
1792618680000000000,2026-10-21T21:38:00Z,controller 1,1.363,13.884,67.3,48.97,541.18,1.04,13.07,100.0,3,On,901.52,502.19
1792618740000000000,2026-10-21T21:39:00Z,free response,1.265,13.31,174.96,371.71,193.4,1.09,10.64,100.0,3,On,936.92,528.85
1792618800000000000,2026-10-21T21:40:00Z,free response,1.419,13.875,90.84,243.38,44.9,1.12,14.54,100.0,3,On,963.14,521.01
1792618860000000000,2026-10-21T21:41:00Z,controller 1,1.396,13.552,137.97,200.37,411.13,1.2,13.38,100.0,1,On,974.56,498.11
1792618920000000000,2026-10-21T21:42:00Z,controller 2,1.376,14,83.25,149.25,241.66,1.28,12.17,100.0,1,On,937.98,521.13
1792618980000000000,2026-10-21T21:43:00Z,controller 2,1.407,14,69.48,121.28,397.23,1.34,14.54,100.0,1,On,794.27,506.79
1792619040000000000,2026-10-21T21:44:00Z,controller 2,1.276,13.93,-19.32,268.93,419.36,1.4,10.98,100.0,3,On,770.33,492.6
1792619100000000000,2026-10-21T21:45:00Z,controller 2,1.416,13.671,90.85,364.11,505.86,1.49,14.79,100.0,1,On,817.41,508.66
1792619160000000000,2026-10-21T21:46:00Z,controller 2,1.268,13.934,-7.46,6.37,577.7,1.55,12.07,100.0,1,On,821.45,530.26
1792619220000000000,2026-10-21T21:47:00Z,controller 1,1.378,13.422,117.13,292.39,554.08,1.63,12.72,100.0,2,On,836.38,535.47
1792619280000000000,2026-10-21T21:48:00Z,controller 2,1.27,13.569,0.89,110.82,337.54,1.66,10.55,100.0,3,On,791.49,508.85
1792619340000000000,2026-10-21T21:49:00Z,controller 1,1.266,13.776,116.1,304.37,501.92,1.7,9.97,100.0,1,On,761.34,531.05
1792619400000000000,2026-10-21T21:50:00Z,controller 1,1.391,13.77,185.26,101.94,423.78,1.79,13.86,100.0,3,On,778.85,525.65
1792619460000000000,2026-10-21T21:51:00Z,controller 1,1.442,13.675,124.02,27.12,506.06,1.86,15.2,100.0,1,On,758.17,509.4
1792619520000000000,2026-10-21T21:52:00Z,controller 1,1.327,13.754,1.66,29.47,423.44,1.92,10.97,100.0,3,On,733.06,534.86
1792619580000000000,2026-10-21T21:53:00Z,controller 1,1.434,13.727,155.88,149.91,423.25,2.0,14.85,100.0,3,On,689.41,554.07
1792619640000000000,2026-10-21T21:54:00Z,controller 1,1.342,13.281,193.77,127.21,182.43,2.03,10.87,100.0,2,On,669.67,554.04
1792619700000000000,2026-10-21T21:55:00Z,controller 2,1.288,13.621,110.67,15.37,408.87,2.1,11.9,100.0,3,On,691.93,543.02
1792619760000000000,2026-10-21T21:56:00Z,free response,1.349,13.266,54.8,367.71,508.63,2.17,11.75,100.0,3,On,711.6,540.31
1792619820000000000,2026-10-21T21:57:00Z,controller 1,1.331,13.421,179.34,169.35,442.53,2.24,11.05,100.0,3,On,661.63,553.0
1792619880000000000,2026-10-21T21:58:00Z,free response,1.438,13.295,157.01,72.26,452.02,2.32,15.07,100.0,3,On,681.47,559.56
1792619940000000000,2026-10-21T21:59:00Z,free response,1.39,13.917,28.79,53.31,185.01,2.34,12.49,100.0,1,On,693.0,540.61
1792620000000000000,2026-10-21T22:00:00Z,free response,1.497,11.846,-18.32,312.87,551.12,2.42,14.14,100.0,1,On,682.68,550.1
1792620060000000000,2026-10-21T22:01:00Z,controller 1,1.514,11.971,144.09,13.99,208.62,2.5,14.79,100.0,3,On,718.05,549.13
1792620120000000000,2026-10-21T22:02:00Z,controller 2,1.528,11.703,52.89,448.56,25.3,2.56,13.18,100.0,3,On,751.65,551.2
1792620180000000000,2026-10-21T22:03:00Z,free response,1.57,12.407,178.17,386.72,305.53,2.6,16.48,100.0,2,On,768.36,540.32
1792620240000000000,2026-10-21T22:04:00Z,controller 2,1.58,11.938,153.25,259.67,530.69,2.64,15.22,100.0,2,On,808.61,542.15
1792620300000000000,2026-10-21T22:05:00Z,controller 1,1.612,12.407,98.53,272.93,590.45,2.69,17.7,100.0,3,On,846.34,550.15
1792620360000000000,2026-10-21T22:06:00Z,controller 2,1.463,12.025,155.79,164.76,533.25,2.76,12.55,100.0,1,On,833.4,555.76
1792620420000000000,2026-10-21T22:07:00Z,free response,1.583,12.274,162.66,421.89,314.23,2.79,15.84,100.0,2,On,860.85,558.95
1792620480000000000,2026-10-21T22:08:00Z,controller 1,1.522,11.929,-7.76,16.82,363.0,2.82,14.79,100.0,2,On,863.15,554.63
1792620540000000000,2026-10-21T22:09:00Z,controller 1,1.507,12.046,-3.01,136.89,582.1,2.88,14.4,100.0,3,On,902.99,566.07
1792620600000000000,2026-10-21T22:10:00Z,controller 1,1.501,12.119,86.53,273.84,131.29,2.91,12.73,100.0,1,On,939.65,593.08
1792620660000000000,2026-10-21T22:11:00Z,controller 2,1.62,11.856,156.06,427.4,223.1,2.96,15.56,100.0,1,On,944.87,593.15
1792620720000000000,2026-10-21T22:12:00Z,free response,1.5,12.386,99.05,398.71,344.88,3.05,14.16,100.0,2,On,904.38,578.4
1792620780000000000,2026-10-21T22:13:00Z,controller 1,1.468,11.717,129.66,320.93,433.42,3.11,12.15,100.0,2,On,935.41,608.09
1792620840000000000,2026-10-21T22:14:00Z,controller 1,1.453,12.112,24.3,15.43,52.83,3.16,12.16,100.0,2,On,982.48,618.94
1792620900000000000,2026-10-21T22:15:00Z,controller 2,1.623,11.875,19.9,186.4,251.38,3.25,15.75,100.0,2,On,962.05,627.97
1792620960000000000,2026-10-21T22:16:00Z,controller 2,1.505,12.056,143.49,114.1,512.6,3.3,12.45,100.0,1,On,971.44,621.57
1792621020000000000,2026-10-21T22:17:00Z,controller 2,1.478,12.227,176.47,202.69,210.16,3.35,13.33,100.0,1,On,926.46,619.92
1792621080000000000,2026-10-21T22:18:00Z,controller 2,1.601,11.832,192.87,310.66,492.54,3.4,16.24,100.0,1,On,945.31,622.19
1792621140000000000,2026-10-21T22:19:00Z,free response,1.542,12.118,36.35,372.05,200.88,3.45,15.22,100.0,3,On,921.0,593.08
1792621200000000000,2026-10-21T22:20:00Z,free response,1.541,11.784,-8.34,378.23,393.08,3.54,14.06,100.0,2,On,878.95,578.43
1792621260000000000,2026-10-21T22:21:00Z,controller 2,1.476,12.247,186.49,323.58,396.43,3.6,12.06,100.0,1,On,862.49,573.76
1792621320000000000,2026-10-21T22:22:00Z,controller 2,1.489,11.84,41.5,166.27,35.57,3.69,14.1,100.0,1,On,814.21,562.62
1792621380000000000,2026-10-21T22:23:00Z,controller 1,1.488,12.223,-14.69,346.78,478.79,3.77,13.62,100.0,2,On,769.8,579.55
1792621440000000000,2026-10-21T22:24:00Z,controller 1,1.545,11.868,95.56,108.74,245.11,3.82,13.47,100.0,1,On,805.47,563.33
1792621500000000000,2026-10-21T22:25:00Z,free response,1.608,12.308,111.29,304.5,521.61,3.87,14.56,100.0,2,On,840.84,592.12
1792621560000000000,2026-10-21T22:26:00Z,free response,1.58,11.993,115.67,307.55,345.68,3.95,14.86,100.0,1,On,885.08,572.76
1792621620000000000,2026-10-21T22:27:00Z,controller 1,1.463,12.396,144.17,220.47,495.82,4.01,12.66,100.0,3,On,928.21,586.72
1792621680000000000,2026-10-21T22:28:00Z,controller 2,1.572,12.312,44.91,295.84,506.57,4.06,15.36,100.0,3,On,926.1,585.92
1792621740000000000,2026-10-21T22:29:00Z,controller 1,1.565,12.237,1.28,338.37,452.09,4.15,13.6,100.0,1,On,930.05,596.57
1792621800000000000,2026-10-21T22:30:00Z,controller 2,1.449,8.066,30.72,191.02,557.79,4.2,7.77,100.0,1,On,900.43,618.44
1792621860000000000,2026-10-21T22:31:00Z,controller 1,1.461,8.092,59.4,123.16,474.69,4.26,8.57,100.0,1,On,883.89,607.79
1792621920000000000,2026-10-21T22:32:00Z,controller 2,1.611,7.851,197.78,286.67,55.47,4.29,10.61,100.0,2,On,891.27,585.78
1792621980000000000,2026-10-21T22:33:00Z,controller 1,1.467,8.132,14.33,244.68,325.75,4.34,8.93,100.0,3,On,869.77,602.07
1792622040000000000,2026-10-21T22:34:00Z,free response,1.608,7.884,197.27,193.59,409.65,4.39,9.34,100.0,2,On,722.1,608.53
1792622100000000000,2026-10-21T22:35:00Z,controller 1,1.586,8.007,93.0,294.44,473.51,4.42,9.94,100.0,1,On,758.74,620.3
1792622160000000000,2026-10-21T22:36:00Z,controller 2,1.538,8.172,-23.17,169.36,494.19,4.48,8.88,100.0,3,On,761.99,631.04
1792622220000000000,2026-10-21T22:37:00Z,controller 2,1.497,7.881,75.89,154.12,98.36,4.54,9.28,100.0,1,On,759.2,646.83
1792622280000000000,2026-10-21T22:38:00Z,controller 2,1.474,7.896,-5.12,246.02,130.34,4.63,9.08,100.0,1,On,718.5,622.14
1792622340000000000,2026-10-21T22:39:00Z,controller 2,1.566,7.947,43.66,92.92,293.43,4.69,10.32,100.0,1,On,694.97,638.8
1792622400000000000,2026-10-21T22:40:00Z,controller 1,1.559,7.981,70.03,12.74,513.43,4.77,9.08,100.0,3,On,690.45,649.83
1792622460000000000,2026-10-21T22:41:00Z,free response,1.586,7.837,140.61,362.65,259.29,4.81,10.74,100.0,1,On,694.38,638.26
1792622520000000000,2026-10-21T22:42:00Z,controller 1,1.515,7.469,51.83,164.57,232.43,4.84,8.48,100.0,1,Off,1410.51,646.34
1792622580000000000,2026-10-21T22:43:00Z,free response,1.609,8.205,-15.15,16.61,104.99,4.9,10.77,100.0,1,Off,1447.83,645.33
1792622640000000000,2026-10-21T22:44:00Z,free response,1.455,8.124,100.99,124.1,288.47,4.95,9.34,100.0,1,Off,1438.72,671.84
1792622700000000000,2026-10-21T22:45:00Z,free response,1.574,7.862,173.39,198.03,235.78,5.02,10.3,100.0,3,Off,1464.21,644.99
1792622760000000000,2026-10-21T22:46:00Z,controller 1,1.468,8.141,52.5,448.94,44.69,5.05,9.49,100.0,2,Off,1472.48,656.38
1792622820000000000,2026-10-21T22:47:00Z,controller 2,1.612,7.946,48.95,30.33,175.41,5.12,11.21,100.0,3,Off,1434.38,670.99
1792622880000000000,2026-10-21T22:48:00Z,controller 2,1.475,7.443,150.22,252.4,327.34,5.17,8.34,100.0,1,Off,1423.46,659.05
1792622940000000000,2026-10-21T22:49:00Z,controller 1,1.615,7.912,-1.48,251.15,136.55,5.22,10.84,100.0,3,Off,1440.08,686.61
1792623000000000000,2026-10-21T22:50:00Z,controller 1,1.613,8.112,79.28,263.85,306.49,5.28,10.6,100.0,1,Off,1441.71,681.26
1792623060000000000,2026-10-21T22:51:00Z,controller 1,1.467,8.155,154.14,449.51,314.81,5.32,8.07,100.0,2,Off,1483.56,696.44
1792623120000000000,2026-10-21T22:52:00Z,controller 2,1.467,7.664,81.46,20.17,121.41,5.35,8.77,100.0,2,Off,1475.26,720.34
1792623180000000000,2026-10-21T22:53:00Z,free response,1.582,8.047,181.19,320.37,186.94,5.39,11.01,100.0,2,Off,1456.84,718.77
1792623240000000000,2026-10-21T22:54:00Z,controller 2,1.605,8.15,31.25,250.14,429.85,5.42,11.46,100.0,1,Off,1444.82,721.76
1792623300000000000,2026-10-21T22:55:00Z,controller 1,1.505,7.499,23.58,121.65,420.15,5.45,8.22,100.0,2,Off,1418.41,731.7
1792623360000000000,2026-10-21T22:56:00Z,controller 1,1.455,7.446,23.05,74.51,406.83,5.49,7.62,100.0,2,Off,1425.78,720.87
1792623420000000000,2026-10-21T22:57:00Z,controller 2,1.492,8.136,77.3,18.22,508.48,5.56,8.66,100.0,2,Off,1470.1,698.66
1792623480000000000,2026-10-21T22:58:00Z,controller 2,1.536,7.571,194.65,283.93,36.85,5.63,8.25,100.0,2,Off,1431.68,711.21
1792623540000000000,2026-10-21T22:59:00Z,controller 2,1.577,7.492,31.06,349.13,140.68,5.71,9.34,100.0,3,Off,1411.21,700.91
1792623600000000000,2026-10-21T23:00:00Z,controller 2,0.55,4.025,121.39,56.82,461.43,5.78,0.58,100.0,3,Off,1375.87,688.25
1792623660000000000,2026-10-21T23:01:00Z,free response,0.488,4.2,-25.77,413.05,509.47,5.81,0.52,100.0,2,Off,1391.77,677.97
1792623720000000000,2026-10-21T23:02:00Z,controller 2,0.508,3.998,11.7,319.54,155.28,5.87,0.56,100.0,2,Off,894.43,583.8
1792623780000000000,2026-10-21T23:03:00Z,free response,0.529,4.366,39.77,240.4,274.16,5.93,0.57,100.0,3,Off,866.86,578.46
1792623840000000000,2026-10-21T23:04:00Z,free response,0.627,3.995,-1.27,235.54,168.06,6.02,0.8,100.0,2,Off,910.17,584.98
1792623900000000000,2026-10-21T23:05:00Z,controller 2,0.603,3.976,149.61,87.96,504.74,6.04,0.68,100.0,1,Off,926.52,582.6
1792623960000000000,2026-10-21T23:06:00Z,free response,0.631,4.071,124.67,351.17,103.49,6.07,0.85,100.0,1,Off,951.63,599.15
1792624020000000000,2026-10-21T23:07:00Z,controller 1,0.636,3.941,21.81,426.69,484.8,6.1,0.84,100.0,1,Off,922.83,576.3
1792624080000000000,2026-10-21T23:08:00Z,controller 2,0.626,4.194,160.33,345.44,571.55,6.18,0.81,100.0,3,Off,916.29,582.58
1792624140000000000,2026-10-21T23:09:00Z,free response,0.5,3.945,19.41,61.42,311.8,6.21,0.53,100.0,1,Off,959.92,584.73
1792624200000000000,2026-10-21T23:10:00Z,free response,0.474,4.478,54.14,283.32,587.81,6.3,0.47,100.0,3,Off,977.03,558.02
1792624260000000000,2026-10-21T23:11:00Z,free response,0.637,4.3,168.28,301.8,89.54,6.33,0.82,100.0,1,Off,942.47,551.33
1792624320000000000,2026-10-21T23:12:00Z,controller 1,0.556,4.505,-14.39,150.53,406.27,6.38,0.63,100.0,2,Off,982.21,571.36
1792624380000000000,2026-10-21T23:13:00Z,free response,0.46,3.807,172.47,171.15,598.79,6.42,0.39,100.0,1,Off,996.61,570.99
1792624440000000000,2026-10-21T23:14:00Z,controller 1,0.496,4.119,197.3,401.18,324.77,6.46,0.47,100.0,3,Off,964.66,563.27
1792624500000000000,2026-10-21T23:15:00Z,controller 1,0.512,4.418,122.63,272.53,64.75,6.51,0.56,100.0,3,Off,980.97,588.48
1792624560000000000,2026-10-21T23:16:00Z,free response,0.534,4.495,90.89,203.1,334.31,6.56,0.7,100.0,2,Off,978.5,603.37
1792624620000000000,2026-10-21T23:17:00Z,controller 2,0.589,4.489,170.7,359.32,242.95,6.58,0.73,100.0,2,Off,972.41,624.35
1792624680000000000,2026-10-21T23:18:00Z,controller 1,0.508,4.008,18.5,105.29,154.45,6.67,0.52,100.0,1,Off,923.65,618.75
1792624740000000000,2026-10-21T23:19:00Z,controller 2,0.602,4.438,153.46,138.38,459.97,6.74,0.72,100.0,3,Off,964.67,603.98
1792624800000000000,2026-10-21T23:20:00Z,free response,0.622,4.019,8.47,142.89,311.64,6.77,0.82,100.0,3,Off,964.87,591.36
1792624860000000000,2026-10-21T23:21:00Z,free response,0.527,3.957,-1.64,254.58,465.35,6.81,0.52,100.0,1,Off,939.54,570.14
1792624920000000000,2026-10-21T23:22:00Z,controller 2,0.486,4.089,48.57,9.2,67.44,6.88,0.44,100.0,3,Off,978.09,556.21
1792624980000000000,2026-10-21T23:23:00Z,controller 2,0.503,3.772,183.1,419.67,67.65,6.92,0.44,100.0,2,Off,943.64,571.26
1792625040000000000,2026-10-21T23:24:00Z,controller 1,0.6,3.909,137.51,382.59,388.68,6.99,0.74,100.0,2,Off,913.74,557.65
1792625100000000000,2026-10-21T23:25:00Z,controller 1,0.499,4.025,13.3,281.61,334.69,7.05,0.51,100.0,3,Off,956.25,543.33
1792625160000000000,2026-10-21T23:26:00Z,free response,0.473,4.275,106.8,441.05,461.16,7.09,0.48,100.0,1,Off,970.9,558.93
1792625220000000000,2026-10-21T23:27:00Z,free response,0.615,3.811,33.42,309.57,31.38,7.16,0.79,100.0,1,Off,973.92,533.34
1792625280000000000,2026-10-21T23:28:00Z,controller 2,0.472,4.481,174.37,51.63,268.77,7.23,0.52,100.0,1,Off,948.1,503.59
1792625340000000000,2026-10-21T23:29:00Z,free response,0.59,4.395,5.55,399.34,72.66,7.32,0.72,100.0,3,Off,969.91,480.28
1792625400000000000,2026-10-21T23:30:00Z,controller 1,0.663,3.513,98.05,307.11,367.05,7.36,0.72,100.0,1,Off,948.22,453.47
1792625460000000000,2026-10-21T23:31:00Z,controller 1,0.776,3.477,96.46,392.4,593.51,7.42,1.02,100.0,3,Off,1220.35,719.96
1792625520000000000,2026-10-21T23:32:00Z,controller 1,0.739,3.563,110.92,337.53,89.66,7.48,0.98,100.0,3,Off,1334.42,468.82
1792625580000000000,2026-10-21T23:33:00Z,controller 1,0.679,3.906,73.85,233.5,429.13,7.51,0.93,100.0,3,Off,1382.47,465.18
1792625640000000000,2026-10-21T23:34:00Z,free response,0.731,3.542,90.05,263.07,483.98,7.56,0.97,100.0,2,Off,1418.15,440.13
1792625700000000000,2026-10-21T23:35:00Z,controller 1,0.655,3.442,14.69,58.81,3.53,7.62,0.74,100.0,1,Off,1425.61,434.05
1792625760000000000,2026-10-21T23:36:00Z,controller 2,0.769,3.584,5.09,39.86,67.12,7.64,1.06,100.0,2,Off,1396.46,427.45
1792625820000000000,2026-10-21T23:37:00Z,controller 1,0.664,3.744,135.59,250.52,33.71,7.73,0.84,100.0,1,Off,1383.05,400.35
1792625880000000000,2026-10-21T23:38:00Z,controller 1,0.753,3.418,120.42,138.58,416.06,7.76,0.98,100.0,2,Off,1426.87,380.57
1792625940000000000,2026-10-21T23:39:00Z,controller 2,0.769,3.65,-22.3,192.08,131.93,7.82,1.08,100.0,3,Off,1385.04,364.24
1792626000000000000,2026-10-21T23:40:00Z,free response,0.665,3.324,94.7,215.27,429.67,7.9,0.69,100.0,3,Off,1392.09,389.14
1792626060000000000,2026-10-21T23:41:00Z,free response,0.719,3.861,165.23,74.19,399.84,7.95,0.96,100.0,2,Off,1344.4,409.72
1792626120000000000,2026-10-21T23:42:00Z,controller 2,0.742,3.952,128.34,18.95,403.93,8.0,0.99,100.0,2,Off,1326.38,419.13
1792626180000000000,2026-10-21T23:43:00Z,controller 2,0.708,3.304,48.37,35.17,362.09,8.04,0.75,100.0,3,Off,1363.37,415.94
1792626240000000000,2026-10-21T23:44:00Z,controller 2,0.768,3.916,163.99,393.15,150.97,8.08,1.22,100.0,3,Off,1390.82,402.07
1792626300000000000,2026-10-21T23:45:00Z,controller 2,0.65,3.664,70.93,315.09,14.44,8.17,0.72,100.0,3,Off,1431.23,419.03
1792626360000000000,2026-10-21T23:46:00Z,controller 1,0.718,3.536,108.75,428.68,551.07,8.22,0.85,100.0,1,Off,1453.42,416.68
1792626420000000000,2026-10-21T23:47:00Z,controller 2,0.698,3.537,115.71,46.03,398.07,8.29,0.87,100.0,1,Off,1500.0,436.16
1792626480000000000,2026-10-21T23:48:00Z,controller 2,0.735,3.876,2.09,192.71,595.1,8.37,1.13,100.0,3,Off,1463.33,445.6
1792626540000000000,2026-10-21T23:49:00Z,controller 1,0.77,3.925,41.27,331.62,146.83,8.45,1.16,100.0,1,Off,1500.0,469.7
1792626600000000000,2026-10-21T23:50:00Z,controller 2,0.706,3.353,2.98,318.81,377.54,8.49,0.84,100.0,1,Off,1500.0,494.44
1792626660000000000,2026-10-21T23:51:00Z,free response,0.655,3.488,126.28,360.34,150.31,8.57,0.69,100.0,2,Off,1500.0,489.76
1792626720000000000,2026-10-21T23:52:00Z,controller 2,0.742,3.892,28.0,121.1,166.71,8.61,1.09,100.0,3,Off,1459.27,499.39
1792626780000000000,2026-10-21T23:53:00Z,free response,0.762,3.797,74.68,187.84,492.14,8.64,1.09,100.0,3,Off,1146.33,757.71
1792626840000000000,2026-10-21T23:54:00Z,free response,0.685,3.437,107.98,310.77,569.55,8.68,0.77,100.0,2,Off,1162.9,749.47
1792626900000000000,2026-10-21T23:55:00Z,controller 2,0.613,3.261,126.24,322.55,301.99,8.77,0.58,100.0,3,Off,1160.1,777.37
1792626960000000000,2026-10-21T23:56:00Z,free response,0.774,3.413,-0.23,260.37,185.45,8.83,0.97,100.0,3,Off,1125.0,784.76
1792627020000000000,2026-10-21T23:57:00Z,controller 2,0.628,3.763,-3.25,404.24,253.17,8.86,0.81,100.0,2,Off,1126.92,805.15
1792627080000000000,2026-10-21T23:58:00Z,free response,0.777,3.716,8.43,386.8,232.52,8.89,1.05,100.0,3,Off,1123.46,822.23
1792627140000000000,2026-10-21T23:59:00Z,free response,0.657,3.585,173.32,347.02,37.02,8.97,0.81,100.0,2,Off,1153.37,798.03
