timestamp_ns,timestamp_iso,controller,hs,tp,avg_power,power_in,power_to_controller,battery_voltage,battery_pct,sea_state_energy,efficiency,peaks,nextwave,nextwave_error,nextwave_error_2
1789776000000000000,2026-09-19T00:00:00Z,synthetic_stepwise_integrated_bounded,1.772,5.598,0.25,0.25,0.0,288.0,0.0,8.62,2.9,2,Starting,1233.69,529.06
1789776060000000000,2026-09-19T00:01:00Z,synthetic_stepwise_integrated_bounded,1.703,5.613,0.23,0.23,0.0,288.0,0.0,8.45,2.72,1,Starting,1233.75,505.45
1789776120000000000,2026-09-19T00:02:00Z,synthetic_stepwise_integrated_bounded,1.734,5.619,0.21,0.21,0.0,288.0,0.0,9.24,2.27,2,Starting,1283.24,483.1
1789776180000000000,2026-09-19T00:03:00Z,synthetic_stepwise_integrated_bounded,1.737,5.481,0.22,0.22,0.0,288.0,0.0,7.59,2.9,1,Starting,1277.27,466.28
1789776240000000000,2026-09-19T00:04:00Z,synthetic_stepwise_integrated_bounded,1.849,5.479,0.2,0.2,0.0,288.0,0.0,9.44,2.12,3,Starting,1316.39,446.5
1789776300000000000,2026-09-19T00:05:00Z,synthetic_stepwise_integrated_bounded,1.83,5.443,0.2,0.2,0.0,288.0,0.0,9.05,2.21,2,Starting,1284.47,444.74
1789776360000000000,2026-09-19T00:06:00Z,synthetic_stepwise_integrated_bounded,1.837,5.429,0.19,0.19,0.0,288.0,0.0,9.66,1.97,3,Starting,1239.92,471.1
1789776420000000000,2026-09-19T00:07:00Z,synthetic_stepwise_integrated_bounded,1.898,5.448,0.19,0.19,0.0,288.0,0.0,9.12,2.08,1,Starting,1244.89,495.63
1789776480000000000,2026-09-19T00:08:00Z,synthetic_stepwise_integrated_bounded,1.861,5.431,0.17,0.17,0.0,288.0,0.0,8.71,1.95,2,Starting,1196.24,500.47
1789776540000000000,2026-09-19T00:09:00Z,synthetic_stepwise_integrated_bounded,1.907,5.47,0.19,0.19,0.0,288.0,0.0,9.96,1.91,2,Starting,1203.93,481.32
1789776600000000000,2026-09-19T00:10:00Z,synthetic_stepwise_integrated_bounded,1.833,5.454,0.18,0.18,0.0,288.0,0.0,9.0,2.0,2,Starting,1250.07,508.45
1789776660000000000,2026-09-19T00:11:00Z,synthetic_stepwise_integrated_bounded,1.794,5.38,0.19,0.19,0.0,288.0,0.0,8.36,2.27,3,Starting,1265.43,361.3
1789776720000000000,2026-09-19T00:12:00Z,synthetic_stepwise_integrated_bounded,1.799,5.424,0.19,0.19,0.0,288.0,0.0,9.0,2.11,3,Starting,1305.1,339.07
1789776780000000000,2026-09-19T00:13:00Z,synthetic_stepwise_integrated_bounded,1.771,5.438,0.18,0.18,0.0,288.0,0.0,8.55,2.11,2,Starting,1278.0,356.32
1789776840000000000,2026-09-19T00:14:00Z,synthetic_stepwise_integrated_bounded,1.805,5.428,0.17,0.17,0.0,288.0,0.0,8.43,2.02,2,Starting,1299.43,378.2
1789776900000000000,2026-09-19T00:15:00Z,synthetic_stepwise_integrated_bounded,1.859,5.451,0.17,0.17,0.0,288.0,0.0,10.19,1.67,3,Starting,1277.14,390.49
1789776960000000000,2026-09-19T00:16:00Z,synthetic_stepwise_integrated_bounded,1.862,5.461,0.18,0.18,0.0,288.0,0.0,10.24,1.76,3,Starting,1234.14,402.48
1789777020000000000,2026-09-19T00:17:00Z,synthetic_stepwise_integrated_bounded,1.929,5.417,0.19,0.19,0.0,288.0,0.0,9.55,1.99,3,Starting,1241.07,385.3
1789777080000000000,2026-09-19T00:18:00Z,synthetic_stepwise_integrated_bounded,1.906,5.33,0.17,0.17,0.0,288.0,0.0,9.52,1.79,3,Starting,1255.42,414.7
1789777140000000000,2026-09-19T00:19:00Z,synthetic_stepwise_integrated_bounded,2.021,5.32,0.16,0.16,0.0,288.0,0.0,11.7,1.37,2,Starting,1287.31,428.04
1789777200000000000,2026-09-19T00:20:00Z,synthetic_stepwise_integrated_bounded,1.98,5.338,0.17,0.17,0.0,288.0,0.0,9.66,1.76,1,Starting,1312.07,411.37
1789777260000000000,2026-09-19T00:21:00Z,synthetic_stepwise_integrated_bounded,1.905,5.415,0.17,0.17,0.0,288.0,0.0,8.88,1.91,3,Starting,1309.43,428.59
1789777320000000000,2026-09-19T00:22:00Z,synthetic_stepwise_integrated_bounded,1.905,5.423,0.16,0.16,0.0,288.0,0.0,9.93,1.61,2,Starting,1357.66,425.24
1789777380000000000,2026-09-19T00:23:00Z,synthetic_stepwise_integrated_bounded,1.931,5.483,0.15,0.15,0.0,288.0,0.0,9.29,1.61,2,Starting,1344.64,420.5
1789777440000000000,2026-09-19T00:24:00Z,synthetic_stepwise_integrated_bounded,1.946,5.455,0.16,0.16,0.0,288.0,0.0,9.69,1.65,1,Starting,1339.16,415.28
1789777500000000000,2026-09-19T00:25:00Z,synthetic_stepwise_integrated_bounded,1.94,5.443,0.17,0.17,0.0,288.0,0.0,10.45,1.63,2,Starting,1365.09,428.35
1789777560000000000,2026-09-19T00:26:00Z,synthetic_stepwise_integrated_bounded,2.014,5.433,0.16,0.16,0.0,288.0,0.0,10.21,1.57,3,Starting,1402.24,455.33
1789777620000000000,2026-09-19T00:27:00Z,synthetic_stepwise_integrated_bounded,1.999,5.387,0.16,0.16,0.0,288.0,0.0,11.08,1.44,2,Starting,1365.33,464.33
1789777680000000000,2026-09-19T00:28:00Z,synthetic_stepwise_integrated_bounded,2.082,5.369,0.16,0.16,0.0,288.0,0.0,11.4,1.4,1,Starting,1393.76,475.7
1789777740000000000,2026-09-19T00:29:00Z,synthetic_stepwise_integrated_bounded,2.003,5.322,0.18,0.18,0.0,288.0,0.0,10.22,1.76,1,Starting,1431.89,449.47
1789777800000000000,2026-09-19T00:30:00Z,synthetic_stepwise_integrated_bounded,2.045,5.4,0.19,0.19,0.0,288.0,0.0,11.16,1.7,1,Starting,1481.68,464.01
1789777860000000000,2026-09-19T00:31:00Z,synthetic_stepwise_integrated_bounded,2.129,5.405,0.18,0.18,0.0,288.0,0.0,12.64,1.42,1,Starting,1500.0,452.72
1789777920000000000,2026-09-19T00:32:00Z,synthetic_stepwise_integrated_bounded,2.198,5.422,0.18,0.18,0.0,288.0,0.0,13.75,1.31,2,Starting,1156.41,507.72
1789777980000000000,2026-09-19T00:33:00Z,synthetic_stepwise_integrated_bounded,2.108,5.498,0.19,0.19,0.0,288.0,0.0,12.65,1.5,1,Starting,1192.14,529.17
1789778040000000000,2026-09-19T00:34:00Z,synthetic_stepwise_integrated_bounded,2.151,5.512,0.2,0.2,0.0,288.0,0.0,13.14,1.52,2,Starting,1146.69,538.54
1789778100000000000,2026-09-19T00:35:00Z,synthetic_stepwise_integrated_bounded,2.064,5.47,0.22,0.22,0.0,288.0,0.0,12.57,1.75,3,Starting,1154.22,565.81
1789778160000000000,2026-09-19T00:36:00Z,synthetic_stepwise_integrated_bounded,1.999,5.421,0.21,0.21,0.0,288.0,0.0,11.72,1.79,1,Starting,1196.33,579.18
1789778220000000000,2026-09-19T00:37:00Z,synthetic_stepwise_integrated_bounded,1.973,5.423,0.2,0.2,0.0,288.0,0.0,9.86,2.03,3,Starting,1147.26,554.83
1789778280000000000,2026-09-19T00:38:00Z,synthetic_stepwise_integrated_bounded,2.043,5.47,0.19,0.19,0.0,288.0,0.0,12.36,1.54,3,Starting,1116.47,576.41
1789778340000000000,2026-09-19T00:39:00Z,synthetic_stepwise_integrated_bounded,2.068,5.369,0.18,0.18,0.0,288.0,0.0,10.68,1.69,2,Starting,1095.89,587.88
1789778400000000000,2026-09-19T00:40:00Z,synthetic_stepwise_integrated_bounded,2.024,5.269,0.17,0.17,0.0,288.0,0.0,10.68,1.59,3,Starting,1136.14,605.46
1789778460000000000,2026-09-19T00:41:00Z,synthetic_stepwise_integrated_bounded,2.051,5.291,0.16,0.16,0.0,288.0,0.0,11.0,1.45,1,Starting,1137.1,596.53
1789778520000000000,2026-09-19T00:42:00Z,synthetic_stepwise_integrated_bounded,2.142,5.31,0.17,0.17,0.0,288.0,0.0,12.04,1.41,3,Starting,1168.57,606.04
1789778580000000000,2026-09-19T00:43:00Z,synthetic_stepwise_integrated_bounded,2.093,5.324,0.18,0.18,0.0,288.0,0.0,10.87,1.66,2,Starting,1211.6,600.02
1789778640000000000,2026-09-19T00:44:00Z,synthetic_stepwise_integrated_bounded,2.141,5.309,0.19,0.19,0.0,288.0,0.0,12.64,1.5,3,Starting,1166.81,594.19
1789778700000000000,2026-09-19T00:45:00Z,synthetic_stepwise_integrated_bounded,2.145,5.346,0.17,0.17,0.0,288.0,0.0,11.19,1.52,2,Starting,1134.94,574.96
1789778760000000000,2026-09-19T00:46:00Z,synthetic_stepwise_integrated_bounded,2.135,5.359,0.16,0.16,0.0,288.0,0.0,12.02,1.33,3,Starting,1177.73,552.57
1789778820000000000,2026-09-19T00:47:00Z,synthetic_stepwise_integrated_bounded,2.183,5.409,0.17,0.17,0.0,288.0,0.0,13.51,1.26,3,Starting,1205.32,582.21
1789778880000000000,2026-09-19T00:48:00Z,synthetic_stepwise_integrated_bounded,2.167,5.352,0.18,0.18,0.0,288.0,0.0,13.06,1.38,2,Starting,1180.05,600.42
1789778940000000000,2026-09-19T00:49:00Z,synthetic_stepwise_integrated_bounded,2.127,5.282,0.18,0.18,0.0,288.0,0.0,12.68,1.42,3,Starting,1210.62,575.27
1789779000000000000,2026-09-19T00:50:00Z,synthetic_stepwise_integrated_bounded,2.053,5.346,0.18,0.18,0.0,288.0,0.0,10.83,1.66,3,Starting,1241.35,575.87
1789779060000000000,2026-09-19T00:51:00Z,synthetic_stepwise_integrated_bounded,2.114,5.387,0.19,0.19,0.0,288.0,0.0,11.44,1.66,2,Starting,1277.36,597.67
1789779120000000000,2026-09-19T00:52:00Z,synthetic_stepwise_integrated_bounded,2.085,5.324,0.18,0.18,0.0,288.0,0.0,11.77,1.53,3,Starting,1298.43,604.74
1789779180000000000,2026-09-19T00:53:00Z,synthetic_stepwise_integrated_bounded,2.106,5.239,0.17,0.17,0.0,288.0,0.0,10.51,1.62,2,Starting,1310.93,595.84
1789779240000000000,2026-09-19T00:54:00Z,synthetic_stepwise_integrated_bounded,2.148,5.174,0.19,0.19,0.0,288.0,0.0,12.65,1.5,2,Starting,1352.42,600.74
1789779300000000000,2026-09-19T00:55:00Z,synthetic_stepwise_integrated_bounded,2.191,5.246,0.21,0.21,0.0,288.0,0.0,13.64,1.54,1,Starting,1314.79,591.42
1789779360000000000,2026-09-19T00:56:00Z,synthetic_stepwise_integrated_bounded,2.174,5.308,0.21,0.21,0.0,288.0,0.0,12.13,1.73,1,Starting,1357.95,582.17
1789779420000000000,2026-09-19T00:57:00Z,synthetic_stepwise_integrated_bounded,2.217,5.351,0.23,0.23,0.0,288.0,0.0,13.27,1.73,2,On,1382.08,608.42
1789779480000000000,2026-09-19T00:58:00Z,synthetic_stepwise_integrated_bounded,2.189,5.334,0.24,0.24,0.0,288.0,0.0,13.14,1.83,1,On,1424.8,613.75
1789779540000000000,2026-09-19T00:59:00Z,synthetic_stepwise_integrated_bounded,2.098,5.461,0.24,0.24,0.0,288.0,0.0,11.31,2.12,3,On,1403.33,627.53
1789779600000000000,2026-09-19T01:00:00Z,synthetic_stepwise_integrated_bounded,2.217,5.501,0.22,0.22,0.0,288.0,0.0,12.84,1.71,2,On,1435.13,626.64
1789779660000000000,2026-09-19T01:01:00Z,synthetic_stepwise_integrated_bounded,2.284,5.522,0.21,0.21,0.0,288.0,0.0,14.36,1.46,2,On,1470.57,610.98
1789779720000000000,2026-09-19T01:02:00Z,synthetic_stepwise_integrated_bounded,2.231,5.594,0.2,0.2,0.0,288.0,0.0,12.74,1.57,1,On,1481.68,628.21
1789779780000000000,2026-09-19T01:03:00Z,synthetic_stepwise_integrated_bounded,2.239,5.501,0.21,0.21,0.0,288.0,0.0,14.88,1.41,2,On,1432.59,628.59
1789779840000000000,2026-09-19T01:04:00Z,synthetic_stepwise_integrated_bounded,2.21,5.593,0.22,0.22,0.0,288.0,0.0,14.84,1.48,3,On,1480.96,648.17
1789779900000000000,2026-09-19T01:05:00Z,synthetic_stepwise_integrated_bounded,2.266,5.608,0.22,0.22,0.0,288.0,0.0,15.76,1.4,2,On,1462.59,628.76
1789779960000000000,2026-09-19T01:06:00Z,synthetic_stepwise_integrated_bounded,2.271,5.603,0.24,0.24,0.0,288.0,0.0,13.58,1.77,2,On,1500.0,649.43
1789780020000000000,2026-09-19T01:07:00Z,synthetic_stepwise_integrated_bounded,2.26,5.636,0.25,0.25,0.0,288.0,0.0,14.85,1.68,2,On,1500.0,641.15
1789780080000000000,2026-09-19T01:08:00Z,synthetic_stepwise_integrated_bounded,2.174,5.59,0.28,0.28,0.0,288.0,0.0,12.9,2.17,3,On,1500.0,618.91
1789780140000000000,2026-09-19T01:09:00Z,synthetic_stepwise_integrated_bounded,2.189,5.687,0.29,0.29,0.0,288.0,0.0,14.82,1.96,1,On,1500.0,592.72
1789780200000000000,2026-09-19T01:10:00Z,synthetic_stepwise_integrated_bounded,2.188,5.644,0.3,0.3,0.0,288.0,0.0,13.69,2.19,1,On,1500.0,593.2
1789780260000000000,2026-09-19T01:11:00Z,synthetic_stepwise_integrated_bounded,2.102,5.681,0.29,0.29,0.0,288.0,0.0,11.31,2.56,2,On,1500.0,572.64
1789780320000000000,2026-09-19T01:12:00Z,synthetic_stepwise_integrated_bounded,2.124,5.638,0.31,0.31,0.0,288.0,0.0,13.07,2.37,1,On,1500.0,586.2
1789780380000000000,2026-09-19T01:13:00Z,synthetic_stepwise_integrated_bounded,2.094,5.522,0.3,0.3,0.0,288.0,0.0,12.96,2.31,2,On,1500.0,573.78
1789780440000000000,2026-09-19T01:14:00Z,synthetic_stepwise_integrated_bounded,2.123,5.568,0.32,0.32,0.0,288.0,0.0,11.52,2.78,1,On,1500.0,548.07
1789780500000000000,2026-09-19T01:15:00Z,synthetic_stepwise_integrated_bounded,2.143,5.495,0.31,0.31,0.0,288.0,0.0,11.59,2.67,2,On,1500.0,526.58
1789780560000000000,2026-09-19T01:16:00Z,synthetic_stepwise_integrated_bounded,2.112,5.418,0.29,0.29,0.0,288.0,0.0,12.16,2.38,2,On,1500.0,525.89
1789780620000000000,2026-09-19T01:17:00Z,synthetic_stepwise_integrated_bounded,1.994,5.442,0.29,0.29,0.0,288.0,0.0,11.53,2.52,3,On,1500.0,516.08
1789780680000000000,2026-09-19T01:18:00Z,synthetic_stepwise_integrated_bounded,1.986,5.497,0.27,0.27,0.0,288.0,0.0,10.44,2.59,3,On,1500.0,523.94
1789780740000000000,2026-09-19T01:19:00Z,synthetic_stepwise_integrated_bounded,2.023,5.477,0.25,0.25,0.0,288.0,0.0,10.59,2.36,2,On,1500.0,549.77
1789780800000000000,2026-09-19T01:20:00Z,synthetic_stepwise_integrated_bounded,2.014,5.379,0.27,0.27,0.0,288.0,0.0,10.25,2.63,1,On,1500.0,547.57
1789780860000000000,2026-09-19T01:21:00Z,synthetic_stepwise_integrated_bounded,1.999,5.396,0.24,0.24,0.0,288.0,0.0,10.1,2.38,3,On,1500.0,528.79
1789780920000000000,2026-09-19T01:22:00Z,synthetic_stepwise_integrated_bounded,1.982,5.347,0.24,0.24,0.0,288.0,0.0,9.7,2.47,2,On,1500.0,536.65
1789780980000000000,2026-09-19T01:23:00Z,synthetic_stepwise_integrated_bounded,2.002,5.321,0.25,0.25,0.0,288.0,0.0,10.22,2.45,1,On,1500.0,519.8
1789781040000000000,2026-09-19T01:24:00Z,synthetic_stepwise_integrated_bounded,2.005,5.343,0.27,0.27,0.0,288.0,0.0,11.12,2.43,3,On,1500.0,501.96
1789781100000000000,2026-09-19T01:25:00Z,synthetic_stepwise_integrated_bounded,2.053,5.29,0.26,0.26,0.0,288.0,0.0,12.03,2.16,2,On,1500.0,484.79
1789781160000000000,2026-09-19T01:26:00Z,synthetic_stepwise_integrated_bounded,2.048,5.229,0.26,0.26,0.0,288.0,0.0,11.57,2.25,3,On,1500.0,489.9
1789781220000000000,2026-09-19T01:27:00Z,synthetic_stepwise_integrated_bounded,2.011,5.207,0.28,0.28,0.0,288.0,0.0,9.87,2.84,1,On,1500.0,513.35
1789781280000000000,2026-09-19T01:28:00Z,synthetic_stepwise_integrated_bounded,2.022,5.18,0.28,0.28,0.0,288.0,0.0,10.96,2.55,1,On,1500.0,498.3
1789781340000000000,2026-09-19T01:29:00Z,synthetic_stepwise_integrated_bounded,2.02,5.072,0.28,0.28,0.0,288.0,0.0,9.99,2.8,3,On,1500.0,482.16
1789781400000000000,2026-09-19T01:30:00Z,synthetic_stepwise_integrated_bounded,2.048,5.12,0.29,0.29,0.0,288.0,0.0,10.13,2.86,2,On,1500.0,459.7
1789781460000000000,2026-09-19T01:31:00Z,synthetic_stepwise_integrated_bounded,1.996,5.116,0.3,0.3,0.0,288.0,0.0,9.31,3.22,3,On,1500.0,470.06
1789781520000000000,2026-09-19T01:32:00Z,synthetic_stepwise_integrated_bounded,1.97,5.176,0.29,0.29,0.0,288.0,0.0,10.34,2.8,3,On,1500.0,450.88
1789781580000000000,2026-09-19T01:33:00Z,synthetic_stepwise_integrated_bounded,2.035,5.184,0.28,0.28,0.0,288.0,0.0,11.26,2.49,3,On,1500.0,457.34
1789781640000000000,2026-09-19T01:34:00Z,synthetic_stepwise_integrated_bounded,1.985,5.23,0.29,0.29,0.0,288.0,0.0,10.5,2.76,1,On,1500.0,436.03
1789781700000000000,2026-09-19T01:35:00Z,synthetic_stepwise_integrated_bounded,1.922,5.257,0.3,0.3,0.0,288.0,0.0,9.76,3.07,1,On,1500.0,452.61
1789781760000000000,2026-09-19T01:36:00Z,synthetic_stepwise_integrated_bounded,1.853,5.199,0.29,0.29,0.0,288.0,0.0,9.78,2.97,3,On,1500.0,468.4
1789781820000000000,2026-09-19T01:37:00Z,synthetic_stepwise_integrated_bounded,1.899,5.141,0.3,0.3,0.0,288.0,0.0,9.59,3.13,2,On,1500.0,485.71
1789781880000000000,2026-09-19T01:38:00Z,synthetic_stepwise_integrated_bounded,1.866,5.184,0.33,0.33,0.0,288.0,0.0,9.91,3.33,3,On,1500.0,464.4
1789781940000000000,2026-09-19T01:39:00Z,synthetic_stepwise_integrated_bounded,1.78,5.224,0.3,0.3,0.0,288.0,0.0,8.04,3.73,1,On,1500.0,440.27
1789782000000000000,2026-09-19T01:40:00Z,synthetic_stepwise_integrated_bounded,1.764,5.306,0.32,0.32,0.0,288.0,0.0,8.72,3.67,2,On,1120.09,397.5
1789782060000000000,2026-09-19T01:41:00Z,synthetic_stepwise_integrated_bounded,1.732,5.331,0.32,0.32,0.0,288.0,0.0,7.76,4.12,1,On,1130.38,416.25
1789782120000000000,2026-09-19T01:42:00Z,synthetic_stepwise_integrated_bounded,1.716,5.257,0.29,0.29,0.0,288.0,0.0,7.95,3.65,3,On,1162.88,437.78
1789782180000000000,2026-09-19T01:43:00Z,synthetic_stepwise_integrated_bounded,1.679,5.199,0.26,0.26,0.0,288.0,0.0,7.63,3.41,1,On,1113.18,415.26
1789782240000000000,2026-09-19T01:44:00Z,synthetic_stepwise_integrated_bounded,1.652,5.18,0.25,0.25,0.0,288.0,0.0,6.74,3.71,1,On,1102.11,391.84
1789782300000000000,2026-09-19T01:45:00Z,synthetic_stepwise_integrated_bounded,1.617,5.245,0.25,0.25,0.0,288.0,0.0,6.48,3.86,1,On,1144.26,388.28
1789782360000000000,2026-09-19T01:46:00Z,synthetic_stepwise_integrated_bounded,1.614,5.292,0.25,0.25,0.0,288.0,0.0,7.19,3.48,1,On,1165.85,371.46
1789782420000000000,2026-09-19T01:47:00Z,synthetic_stepwise_integrated_bounded,1.575,5.32,0.27,0.27,0.0,288.0,0.0,6.69,4.04,3,On,1138.98,387.25
1789782480000000000,2026-09-19T01:48:00Z,synthetic_stepwise_integrated_bounded,1.519,5.363,0.26,0.26,0.0,288.0,0.0,6.04,4.3,3,On,1167.13,367.17
1789782540000000000,2026-09-19T01:49:00Z,synthetic_stepwise_integrated_bounded,1.553,5.416,0.29,0.29,0.0,288.0,0.0,6.4,4.53,1,On,1150.46,380.52
1789782600000000000,2026-09-19T01:50:00Z,synthetic_stepwise_integrated_bounded,1.572,5.397,0.28,0.28,0.0,288.0,0.0,6.11,4.58,1,On,1193.07,385.85
1789782660000000000,2026-09-19T01:51:00Z,synthetic_stepwise_integrated_bounded,1.595,5.363,0.3,0.3,0.0,288.0,0.0,7.24,4.14,1,On,1160.07,395.46
1789782720000000000,2026-09-19T01:52:00Z,synthetic_stepwise_integrated_bounded,1.585,5.323,0.28,0.28,0.0,288.0,0.0,6.93,4.04,2,On,1198.18,391.85
1789782780000000000,2026-09-19T01:53:00Z,synthetic_stepwise_integrated_bounded,1.541,5.37,0.25,0.25,0.0,288.0,0.0,5.92,4.22,1,On,1174.39,415.37
1789782840000000000,2026-09-19T01:54:00Z,synthetic_stepwise_integrated_bounded,1.644,5.364,0.27,0.27,0.0,288.0,0.0,6.98,3.87,2,On,1208.1,403.06
1789782900000000000,2026-09-19T01:55:00Z,synthetic_stepwise_integrated_bounded,1.666,5.24,0.27,0.27,0.0,288.0,0.0,7.97,3.39,3,On,1159.17,432.35
1789782960000000000,2026-09-19T01:56:00Z,synthetic_stepwise_integrated_bounded,1.754,5.158,0.27,0.27,0.0,288.0,0.0,8.4,3.21,3,On,1193.53,427.54
1789783020000000000,2026-09-19T01:57:00Z,synthetic_stepwise_integrated_bounded,1.686,5.224,0.25,0.25,0.0,288.0,0.0,7.68,3.26,3,On,1193.6,420.86
1789783080000000000,2026-09-19T01:58:00Z,synthetic_stepwise_integrated_bounded,1.704,5.287,0.25,0.25,0.0,288.0,0.0,7.83,3.19,2,On,1210.9,441.25
1789783140000000000,2026-09-19T01:59:00Z,synthetic_stepwise_integrated_bounded,1.716,5.403,0.28,0.28,0.0,288.0,0.0,7.39,3.79,1,On,1203.98,470.73
1789783200000000000,2026-09-19T02:00:00Z,synthetic_stepwise_integrated_bounded,1.773,5.398,0.26,0.26,0.0,288.0,0.0,8.22,3.16,1,On,1223.93,460.12
1789783260000000000,2026-09-19T02:01:00Z,synthetic_stepwise_integrated_bounded,1.759,5.332,0.25,0.25,0.0,288.0,0.0,8.28,3.02,3,On,1179.51,473.93
1789783320000000000,2026-09-19T02:02:00Z,synthetic_stepwise_integrated_bounded,1.738,5.388,0.24,0.24,0.0,288.0,0.0,8.93,2.69,2,On,1203.41,503.05
1789783380000000000,2026-09-19T02:03:00Z,synthetic_stepwise_integrated_bounded,1.719,5.446,0.26,0.26,0.0,288.0,0.0,8.7,2.99,2,On,1194.81,475.55
1789783440000000000,2026-09-19T02:04:00Z,synthetic_stepwise_integrated_bounded,1.739,5.425,0.27,0.27,0.0,288.0,0.0,8.9,3.03,3,On,1171.29,472.4
1789783500000000000,2026-09-19T02:05:00Z,synthetic_stepwise_integrated_bounded,1.77,5.426,0.3,0.3,0.0,288.0,0.0,9.12,3.29,1,On,1195.12,458.16
1789783560000000000,2026-09-19T02:06:00Z,synthetic_stepwise_integrated_bounded,1.851,5.453,0.32,0.32,0.0,288.0,0.0,9.83,3.26,3,On,1203.43,444.66
1789783620000000000,2026-09-19T02:07:00Z,synthetic_stepwise_integrated_bounded,1.9,5.359,0.34,0.34,0.0,288.0,0.0,9.3,3.66,3,On,1207.21,457.13
1789783680000000000,2026-09-19T02:08:00Z,synthetic_stepwise_integrated_bounded,1.847,5.461,0.31,0.31,0.0,288.0,0.0,9.45,3.28,1,On,1185.92,444.98
1789783740000000000,2026-09-19T02:09:00Z,synthetic_stepwise_integrated_bounded,1.82,5.493,0.34,0.34,0.0,288.0,0.0,9.7,3.51,2,On,1203.26,464.96
1789783800000000000,2026-09-19T02:10:00Z,synthetic_stepwise_integrated_bounded,1.864,5.449,0.34,0.34,0.0,288.0,0.0,10.24,3.32,3,On,1214.26,475.52
1789783860000000000,2026-09-19T02:11:00Z,synthetic_stepwise_integrated_bounded,1.781,5.411,0.35,0.35,0.0,288.0,0.0,8.64,4.05,1,On,1217.32,449.05
1789783920000000000,2026-09-19T02:12:00Z,synthetic_stepwise_integrated_bounded,1.801,5.473,0.37,0.37,0.0,288.0,0.0,9.56,3.87,1,On,1262.42,437.46
1789783980000000000,2026-09-19T02:13:00Z,synthetic_stepwise_integrated_bounded,1.841,5.438,0.39,0.39,0.0,288.0,0.0,8.89,4.39,1,On,1219.07,453.22
1789784040000000000,2026-09-19T02:14:00Z,synthetic_stepwise_integrated_bounded,1.834,5.416,0.41,0.41,0.0,288.0,0.0,8.46,4.85,1,On,1178.38,429.75
1789784100000000000,2026-09-19T02:15:00Z,synthetic_stepwise_integrated_bounded,1.749,5.453,0.43,0.43,0.0,288.0,0.0,7.7,5.58,3,On,1159.68,402.6
1789784160000000000,2026-09-19T02:16:00Z,synthetic_stepwise_integrated_bounded,1.745,5.435,0.45,0.45,0.0,288.0,0.0,8.19,5.49,3,On,1129.88,400.23
1789784220000000000,2026-09-19T02:17:00Z,synthetic_stepwise_integrated_bounded,1.727,5.424,0.43,0.43,0.0,288.0,0.0,8.53,5.04,1,On,1136.16,423.97
1789784280000000000,2026-09-19T02:18:00Z,synthetic_stepwise_integrated_bounded,1.758,5.448,0.42,0.42,0.0,288.0,0.0,8.0,5.25,2,On,1135.94,409.64
1789784340000000000,2026-09-19T02:19:00Z,synthetic_stepwise_integrated_bounded,1.803,5.459,0.45,0.45,0.0,288.0,0.0,8.09,5.56,3,On,1120.88,582.54
1789784400000000000,2026-09-19T02:20:00Z,synthetic_stepwise_integrated_bounded,1.821,5.49,0.43,0.43,0.0,288.0,0.0,9.19,4.68,3,On,1158.98,559.79
1789784460000000000,2026-09-19T02:21:00Z,synthetic_stepwise_integrated_bounded,1.786,5.484,0.45,0.45,0.0,288.0,0.0,8.44,5.33,1,On,1139.59,548.9
1789784520000000000,2026-09-19T02:22:00Z,synthetic_stepwise_integrated_bounded,1.78,5.47,0.46,0.46,0.0,288.0,0.0,7.8,5.9,1,On,1178.46,574.79
1789784580000000000,2026-09-19T02:23:00Z,synthetic_stepwise_integrated_bounded,1.75,5.541,0.5,0.5,0.0,288.0,0.0,8.0,6.25,1,On,1216.26,579.98
1789784640000000000,2026-09-19T02:24:00Z,synthetic_stepwise_integrated_bounded,1.738,5.54,0.51,0.51,0.0,288.0,0.0,9.01,5.66,3,On,1213.15,569.43
1789784700000000000,2026-09-19T02:25:00Z,synthetic_stepwise_integrated_bounded,1.759,5.528,0.49,0.49,0.0,288.0,0.0,9.22,5.31,3,On,1179.21,598.97
1789784760000000000,2026-09-19T02:26:00Z,synthetic_stepwise_integrated_bounded,1.734,5.518,0.47,0.47,0.0,288.0,0.0,8.65,5.43,1,On,1194.39,592.5
1789784820000000000,2026-09-19T02:27:00Z,synthetic_stepwise_integrated_bounded,1.752,5.427,0.42,0.42,0.0,288.0,0.0,7.75,5.42,1,On,1155.6,605.7
1789784880000000000,2026-09-19T02:28:00Z,synthetic_stepwise_integrated_bounded,1.743,5.514,0.46,0.46,0.0,288.0,0.0,7.7,5.97,3,On,1141.58,596.03
1789784940000000000,2026-09-19T02:29:00Z,synthetic_stepwise_integrated_bounded,1.802,5.6,0.47,0.47,0.0,288.0,0.0,9.19,5.11,3,On,1163.59,606.33
1789785000000000000,2026-09-19T02:30:00Z,synthetic_stepwise_integrated_bounded,1.758,5.699,0.5,0.5,0.0,288.0,0.0,8.96,5.58,1,On,1138.02,627.69
1789785060000000000,2026-09-19T02:31:00Z,synthetic_stepwise_integrated_bounded,1.765,5.703,0.46,0.46,0.0,288.0,0.0,8.34,5.52,1,On,1178.82,625.61
1789785120000000000,2026-09-19T02:32:00Z,synthetic_stepwise_integrated_bounded,1.821,5.717,0.43,0.43,0.0,288.0,0.0,9.42,4.56,2,On,1209.46,626.28
1789785180000000000,2026-09-19T02:33:00Z,synthetic_stepwise_integrated_bounded,1.71,5.694,0.41,0.41,0.0,288.0,0.0,7.68,5.34,3,On,1191.88,636.46
1789785240000000000,2026-09-19T02:34:00Z,synthetic_stepwise_integrated_bounded,1.692,5.714,0.38,0.38,0.0,288.0,0.0,8.34,4.56,2,On,1214.27,626.55
1789785300000000000,2026-09-19T02:35:00Z,synthetic_stepwise_integrated_bounded,1.74,5.722,0.41,0.41,0.0,288.0,0.0,8.22,4.99,1,On,1233.02,646.72
1789785360000000000,2026-09-19T02:36:00Z,synthetic_stepwise_integrated_bounded,1.713,5.732,0.43,0.43,0.0,288.0,0.0,8.82,4.88,2,On,1267.6,662.13
1789785420000000000,2026-09-19T02:37:00Z,synthetic_stepwise_integrated_bounded,1.626,5.656,0.42,0.42,0.0,288.0,0.0,6.92,6.07,1,On,1286.52,665.56
1789785480000000000,2026-09-19T02:38:00Z,synthetic_stepwise_integrated_bounded,1.67,5.642,0.39,0.39,0.0,288.0,0.0,7.12,5.48,2,On,1247.63,668.56
1789785540000000000,2026-09-19T02:39:00Z,synthetic_stepwise_integrated_bounded,1.691,5.663,0.36,0.36,0.0,288.0,0.0,8.58,4.2,2,On,1239.65,665.9
1789785600000000000,2026-09-19T02:40:00Z,synthetic_stepwise_integrated_bounded,1.711,5.719,0.34,0.34,0.0,288.0,0.0,7.84,4.34,1,On,1273.18,647.72
1789785660000000000,2026-09-19T02:41:00Z,synthetic_stepwise_integrated_bounded,1.664,5.712,0.35,0.35,0.0,288.0,0.0,8.07,4.34,2,On,1290.18,633.75
1789785720000000000,2026-09-19T02:42:00Z,synthetic_stepwise_integrated_bounded,1.646,5.709,0.34,0.34,0.0,288.0,0.0,7.54,4.51,3,On,1337.51,644.7
1789785780000000000,2026-09-19T02:43:00Z,synthetic_stepwise_integrated_bounded,1.675,5.795,0.32,0.32,0.0,288.0,0.0,7.77,4.12,3,On,1351.28,652.91
1789785840000000000,2026-09-19T02:44:00Z,synthetic_stepwise_integrated_bounded,1.657,5.757,0.29,0.29,0.0,288.0,0.0,8.52,3.4,3,On,1260.18,383.83
1789785900000000000,2026-09-19T02:45:00Z,synthetic_stepwise_integrated_bounded,1.685,5.777,0.28,0.28,0.0,288.0,0.0,7.7,3.64,1,On,1297.0,376.8
1789785960000000000,2026-09-19T02:46:00Z,synthetic_stepwise_integrated_bounded,1.731,5.791,0.3,0.3,0.0,288.0,0.0,7.9,3.8,1,On,1344.66,353.7
1789786020000000000,2026-09-19T02:47:00Z,synthetic_stepwise_integrated_bounded,1.715,5.843,0.31,0.31,0.0,288.0,0.0,8.19,3.79,2,On,1358.23,359.6
1789786080000000000,2026-09-19T02:48:00Z,synthetic_stepwise_integrated_bounded,1.756,5.924,0.31,0.31,0.0,288.0,0.0,8.54,3.63,3,On,1348.81,348.66
1789786140000000000,2026-09-19T02:49:00Z,synthetic_stepwise_integrated_bounded,1.689,5.903,0.33,0.33,0.0,288.0,0.0,9.11,3.62,3,On,1334.98,351.59
1789786200000000000,2026-09-19T02:50:00Z,synthetic_stepwise_integrated_bounded,1.72,5.988,0.32,0.32,0.0,288.0,0.0,8.87,3.61,3,On,1334.61,365.78
1789786260000000000,2026-09-19T02:51:00Z,synthetic_stepwise_integrated_bounded,1.699,5.898,0.34,0.34,0.0,288.0,0.0,8.16,4.17,1,On,1294.5,394.83
1789786320000000000,2026-09-19T02:52:00Z,synthetic_stepwise_integrated_bounded,1.742,5.93,0.32,0.32,0.0,288.0,0.0,8.46,3.78,3,On,1302.8,370.17
1789786380000000000,2026-09-19T02:53:00Z,synthetic_stepwise_integrated_bounded,1.76,5.944,0.33,0.33,0.0,288.0,0.0,8.36,3.95,3,On,1292.44,382.83
1789786440000000000,2026-09-19T02:54:00Z,synthetic_stepwise_integrated_bounded,1.803,5.898,0.35,0.35,0.0,288.0,0.0,9.87,3.55,1,Starting,1249.95,362.03
1789786500000000000,2026-09-19T02:55:00Z,synthetic_stepwise_integrated_bounded,1.764,6.002,0.38,0.38,0.0,288.0,0.0,9.4,4.04,3,Starting,1209.52,388.11
1789786560000000000,2026-09-19T02:56:00Z,synthetic_stepwise_integrated_bounded,1.755,5.956,0.39,0.39,0.0,288.0,0.0,8.4,4.64,1,Starting,1215.9,372.69
1789786620000000000,2026-09-19T02:57:00Z,synthetic_stepwise_integrated_bounded,1.684,5.939,0.36,0.36,0.0,288.0,0.0,7.65,4.71,3,Starting,1208.02,380.97
1789786680000000000,2026-09-19T02:58:00Z,synthetic_stepwise_integrated_bounded,1.67,5.804,0.36,0.36,0.0,288.0,0.0,8.22,4.38,3,Starting,949.89,411.05
1789786740000000000,2026-09-19T02:59:00Z,synthetic_stepwise_integrated_bounded,1.674,5.872,0.34,0.34,0.0,288.0,0.0,7.99,4.26,2,Starting,990.87,415.91
1789786800000000000,2026-09-19T03:00:00Z,synthetic_stepwise_integrated_bounded,1.692,5.782,0.35,0.35,0.0,288.0,0.0,8.87,3.95,3,Starting,946.86,422.33
1789786860000000000,2026-09-19T03:01:00Z,synthetic_stepwise_integrated_bounded,1.644,5.851,0.37,0.37,0.0,288.0,0.0,7.29,5.08,1,Starting,932.72,427.87
1789786920000000000,2026-09-19T03:02:00Z,synthetic_stepwise_integrated_bounded,1.648,5.915,0.38,0.38,0.0,288.0,0.0,7.76,4.9,2,Starting,947.22,413.05
1789786980000000000,2026-09-19T03:03:00Z,synthetic_stepwise_integrated_bounded,1.646,5.964,0.39,0.39,0.0,288.0,0.0,8.74,4.46,2,Starting,997.21,412.61
1789787040000000000,2026-09-19T03:04:00Z,synthetic_stepwise_integrated_bounded,1.639,5.888,0.37,0.37,0.0,288.0,0.0,8.03,4.61,1,Starting,1345.48,910.95
1789787100000000000,2026-09-19T03:05:00Z,synthetic_stepwise_integrated_bounded,1.694,5.832,0.37,0.37,0.0,288.0,0.0,8.52,4.34,3,Starting,1375.27,898.63
1789787160000000000,2026-09-19T03:06:00Z,synthetic_stepwise_integrated_bounded,1.669,5.814,0.34,0.34,0.0,288.0,0.0,7.78,4.37,1,Starting,1395.66,919.96
1789787220000000000,2026-09-19T03:07:00Z,synthetic_stepwise_integrated_bounded,1.664,5.733,0.31,0.31,0.0,288.0,0.0,7.83,3.96,2,Starting,1408.67,908.93
1789787280000000000,2026-09-19T03:08:00Z,synthetic_stepwise_integrated_bounded,1.591,5.748,0.3,0.3,0.0,288.0,0.0,7.74,3.88,1,Starting,1388.6,937.45
1789787340000000000,2026-09-19T03:09:00Z,synthetic_stepwise_integrated_bounded,1.536,5.787,0.29,0.29,0.0,288.0,0.0,7.43,3.9,1,Starting,1422.51,967.17
1789787400000000000,2026-09-19T03:10:00Z,synthetic_stepwise_integrated_bounded,1.588,5.745,0.28,0.28,0.0,288.0,0.0,7.32,3.83,2,Starting,762.3,509.73
1789787460000000000,2026-09-19T03:11:00Z,synthetic_stepwise_integrated_bounded,1.502,5.764,0.27,0.27,0.0,288.0,0.0,6.03,4.48,1,Starting,749.68,506.0
1789787520000000000,2026-09-19T03:12:00Z,synthetic_stepwise_integrated_bounded,1.494,5.86,0.29,0.29,0.0,288.0,0.0,6.74,4.3,2,Starting,765.14,533.25
1789787580000000000,2026-09-19T03:13:00Z,synthetic_stepwise_integrated_bounded,1.47,5.861,0.31,0.31,0.0,288.0,0.0,6.28,4.94,1,Starting,764.93,544.33
1789787640000000000,2026-09-19T03:14:00Z,synthetic_stepwise_integrated_bounded,1.448,5.951,0.29,0.29,0.0,288.0,0.0,6.72,4.32,3,Starting,741.74,546.27
1789787700000000000,2026-09-19T03:15:00Z,synthetic_stepwise_integrated_bounded,1.46,5.906,0.31,0.31,0.0,288.0,0.0,6.87,4.51,3,Starting,763.99,564.36
1789787760000000000,2026-09-19T03:16:00Z,synthetic_stepwise_integrated_bounded,1.501,5.957,0.33,0.33,0.0,288.0,0.0,6.34,5.21,1,Starting,810.77,544.59
1789787820000000000,2026-09-19T03:17:00Z,synthetic_stepwise_integrated_bounded,1.476,6.008,0.34,0.34,0.0,288.0,0.0,6.22,5.47,2,Starting,792.02,550.31
1789787880000000000,2026-09-19T03:18:00Z,synthetic_stepwise_integrated_bounded,1.49,6.009,0.32,0.32,0.0,288.0,0.0,6.86,4.66,2,Starting,782.81,528.72
1789787940000000000,2026-09-19T03:19:00Z,synthetic_stepwise_integrated_bounded,1.487,5.966,0.31,0.31,0.0,288.0,0.0,6.03,5.14,3,Starting,812.57,509.73
1789788000000000000,2026-09-19T03:20:00Z,synthetic_stepwise_integrated_bounded,1.494,5.958,0.28,0.28,0.0,288.0,0.0,7.11,3.94,1,Starting,840.51,482.24
1789788060000000000,2026-09-19T03:21:00Z,synthetic_stepwise_integrated_bounded,1.496,5.934,0.29,0.29,0.0,288.0,0.0,6.53,4.44,1,Starting,816.89,472.73
1789788120000000000,2026-09-19T03:22:00Z,synthetic_stepwise_integrated_bounded,1.474,5.869,0.3,0.3,0.0,288.0,0.0,6.61,4.54,2,Starting,813.28,471.65
1789788180000000000,2026-09-19T03:23:00Z,synthetic_stepwise_integrated_bounded,1.521,5.83,0.33,0.33,0.0,288.0,0.0,6.12,5.39,1,Starting,853.86,448.1
1789788240000000000,2026-09-19T03:24:00Z,synthetic_stepwise_integrated_bounded,1.538,5.772,0.32,0.32,0.0,288.0,0.0,6.98,4.58,3,Starting,832.58,425.06
1789788300000000000,2026-09-19T03:25:00Z,synthetic_stepwise_integrated_bounded,1.537,5.679,0.29,0.29,0.0,288.0,0.0,6.11,4.75,1,Starting,783.5,404.86
1789788360000000000,2026-09-19T03:26:00Z,synthetic_stepwise_integrated_bounded,1.496,5.672,0.3,0.3,0.0,288.0,0.0,6.38,4.7,1,Starting,775.84,425.91
1789788420000000000,2026-09-19T03:27:00Z,synthetic_stepwise_integrated_bounded,1.491,5.702,0.28,0.28,0.0,288.0,0.0,6.53,4.29,1,Starting,813.47,443.79
1789788480000000000,2026-09-19T03:28:00Z,synthetic_stepwise_integrated_bounded,1.467,5.657,0.3,0.3,0.0,288.0,0.0,5.64,5.32,2,Starting,799.96,419.75
1789788540000000000,2026-09-19T03:29:00Z,synthetic_stepwise_integrated_bounded,1.473,5.644,0.28,0.28,0.0,288.0,0.0,5.93,4.72,2,Starting,759.72,441.2
1789788600000000000,2026-09-19T03:30:00Z,synthetic_stepwise_integrated_bounded,1.527,5.639,0.28,0.28,0.0,288.0,0.0,6.01,4.66,3,Starting,741.0,462.08
1789788660000000000,2026-09-19T03:31:00Z,synthetic_stepwise_integrated_bounded,1.569,5.709,0.28,0.28,0.0,288.0,0.0,7.06,3.97,2,Starting,959.96,499.02
1789788720000000000,2026-09-19T03:32:00Z,synthetic_stepwise_integrated_bounded,1.594,5.744,0.25,0.25,0.0,288.0,0.0,7.02,3.56,2,Starting,963.49,470.75
1789788780000000000,2026-09-19T03:33:00Z,synthetic_stepwise_integrated_bounded,1.527,5.792,0.25,0.25,0.0,288.0,0.0,6.61,3.78,1,Starting,1001.14,476.98
1789788840000000000,2026-09-19T03:34:00Z,synthetic_stepwise_integrated_bounded,1.551,5.694,0.26,0.26,0.0,288.0,0.0,7.2,3.61,1,Starting,966.86,447.33
1789788900000000000,2026-09-19T03:35:00Z,synthetic_stepwise_integrated_bounded,1.555,5.625,0.26,0.26,0.0,288.0,0.0,6.37,4.08,3,Starting,928.03,430.19
1789788960000000000,2026-09-19T03:36:00Z,synthetic_stepwise_integrated_bounded,1.522,5.521,0.26,0.26,0.0,288.0,0.0,6.18,4.21,3,Starting,900.45,428.47
1789789020000000000,2026-09-19T03:37:00Z,synthetic_stepwise_integrated_bounded,1.496,5.535,0.24,0.24,0.0,288.0,0.0,6.16,3.9,1,Starting,917.92,411.09
1789789080000000000,2026-09-19T03:38:00Z,synthetic_stepwise_integrated_bounded,1.535,5.524,0.26,0.26,0.0,288.0,0.0,6.13,4.24,3,Starting,964.92,414.39
1789789140000000000,2026-09-19T03:39:00Z,synthetic_stepwise_integrated_bounded,1.579,5.43,0.23,0.23,0.0,288.0,0.0,6.09,3.78,2,Starting,930.86,415.53
1789789200000000000,2026-09-19T03:40:00Z,synthetic_stepwise_integrated_bounded,1.542,5.489,0.25,0.25,0.0,288.0,0.0,6.23,4.01,3,Starting,963.8,416.92
1789789260000000000,2026-09-19T03:41:00Z,synthetic_stepwise_integrated_bounded,1.51,5.474,0.25,0.25,0.0,288.0,0.0,5.76,4.34,3,Off,955.34,444.97
1789789320000000000,2026-09-19T03:42:00Z,synthetic_stepwise_integrated_bounded,1.553,5.494,0.25,0.25,0.0,288.0,0.0,7.09,3.53,3,Off,957.96,427.77
1789789380000000000,2026-09-19T03:43:00Z,synthetic_stepwise_integrated_bounded,1.622,5.576,0.25,0.25,0.0,288.0,0.0,7.51,3.33,3,Off,959.85,417.08
1789789440000000000,2026-09-19T03:44:00Z,synthetic_stepwise_integrated_bounded,1.626,5.538,0.24,0.24,0.0,288.0,0.0,8.03,2.99,3,Off,1009.03,421.23
1789789500000000000,2026-09-19T03:45:00Z,synthetic_stepwise_integrated_bounded,1.607,5.444,0.24,0.24,0.0,288.0,0.0,7.66,3.13,2,Off,1033.64,425.84
1789789560000000000,2026-09-19T03:46:00Z,synthetic_stepwise_integrated_bounded,1.547,5.49,0.23,0.23,0.0,288.0,0.0,6.47,3.55,1,Off,1055.64,435.71
1789789620000000000,2026-09-19T03:47:00Z,synthetic_stepwise_integrated_bounded,1.469,5.498,0.24,0.24,0.0,288.0,0.0,5.59,4.29,1,Off,1056.5,451.19
1789789680000000000,2026-09-19T03:48:00Z,synthetic_stepwise_integrated_bounded,1.421,5.437,0.25,0.25,0.0,288.0,0.0,5.81,4.3,1,Off,1040.77,457.31
1789789740000000000,2026-09-19T03:49:00Z,synthetic_stepwise_integrated_bounded,1.371,5.442,0.24,0.24,0.0,288.0,0.0,5.31,4.52,2,Off,1041.03,435.81
1789789800000000000,2026-09-19T03:50:00Z,synthetic_stepwise_integrated_bounded,1.399,5.461,0.23,0.23,0.0,288.0,0.0,5.85,3.93,2,Off,995.48,419.7
1789789860000000000,2026-09-19T03:51:00Z,synthetic_stepwise_integrated_bounded,1.455,5.492,0.24,0.24,0.0,288.0,0.0,5.93,4.05,2,Off,979.17,407.97
1789789920000000000,2026-09-19T03:52:00Z,synthetic_stepwise_integrated_bounded,1.432,5.551,0.24,0.24,0.0,288.0,0.0,6.19,3.88,1,Off,962.91,392.13
1789789980000000000,2026-09-19T03:53:00Z,synthetic_stepwise_integrated_bounded,1.409,5.608,0.22,0.22,0.0,288.0,0.0,5.69,3.87,1,Off,944.77,417.42
1789790040000000000,2026-09-19T03:54:00Z,synthetic_stepwise_integrated_bounded,1.421,5.554,0.2,0.2,0.0,288.0,0.0,5.44,3.68,1,Off,929.28,399.63
1789790100000000000,2026-09-19T03:55:00Z,synthetic_stepwise_integrated_bounded,1.403,5.566,0.19,0.19,0.0,288.0,0.0,5.64,3.37,3,Off,901.61,384.52
1789790160000000000,2026-09-19T03:56:00Z,synthetic_stepwise_integrated_bounded,1.415,5.59,0.17,0.17,0.0,288.0,0.0,5.19,3.28,2,Off,852.18,361.9
1789790220000000000,2026-09-19T03:57:00Z,synthetic_stepwise_integrated_bounded,1.447,5.521,0.16,0.16,0.0,288.0,0.0,5.49,2.91,2,Off,843.06,353.68
1789790280000000000,2026-09-19T03:58:00Z,synthetic_stepwise_integrated_bounded,1.468,5.449,0.16,0.16,0.0,288.0,0.0,6.44,2.48,1,Off,870.83,334.27
1789790340000000000,2026-09-19T03:59:00Z,synthetic_stepwise_integrated_bounded,1.538,5.496,0.16,0.16,0.0,288.0,0.0,5.87,2.73,2,Off,870.51,320.88
1789790400000000000,2026-09-19T04:00:00Z,synthetic_stepwise_integrated_bounded,1.516,5.417,0.15,0.15,0.0,288.0,0.0,6.69,2.24,2,Off,828.3,347.42
1789790460000000000,2026-09-19T04:01:00Z,synthetic_stepwise_integrated_bounded,1.469,5.402,0.16,0.16,0.0,288.0,0.0,5.45,2.94,3,Off,824.0,326.17
1789790520000000000,2026-09-19T04:02:00Z,synthetic_stepwise_integrated_bounded,1.475,5.368,0.15,0.15,0.0,288.0,0.0,5.84,2.57,1,Off,807.1,338.89
1789790580000000000,2026-09-19T04:03:00Z,synthetic_stepwise_integrated_bounded,1.473,5.345,0.14,0.14,0.0,288.0,0.0,6.11,2.29,2,Off,773.22,363.56
1789790640000000000,2026-09-19T04:04:00Z,synthetic_stepwise_integrated_bounded,1.454,5.266,0.14,0.14,0.0,288.0,0.0,5.81,2.41,3,Off,758.65,334.12
1789790700000000000,2026-09-19T04:05:00Z,synthetic_stepwise_integrated_bounded,1.409,5.272,0.14,0.14,0.0,288.0,0.0,5.37,2.61,1,Off,765.25,306.43
1789790760000000000,2026-09-19T04:06:00Z,synthetic_stepwise_integrated_bounded,1.38,5.341,0.13,0.13,0.0,288.0,0.0,4.63,2.81,1,Off,811.49,335.64
1789790820000000000,2026-09-19T04:07:00Z,synthetic_stepwise_integrated_bounded,1.431,5.385,0.13,0.13,0.0,288.0,0.0,5.8,2.24,2,Off,847.4,321.33
1789790880000000000,2026-09-19T04:08:00Z,synthetic_stepwise_integrated_bounded,1.447,5.327,0.12,0.12,0.0,288.0,0.0,5.1,2.35,1,Off,822.27,295.96
1789790940000000000,2026-09-19T04:09:00Z,synthetic_stepwise_integrated_bounded,1.419,5.22,0.12,0.12,0.0,288.0,0.0,5.0,2.4,3,Off,821.75,309.7
1789791000000000000,2026-09-19T04:10:00Z,synthetic_stepwise_integrated_bounded,1.463,5.233,0.13,0.13,0.0,288.0,0.0,5.76,2.26,2,Off,813.94,325.66
1789791060000000000,2026-09-19T04:11:00Z,synthetic_stepwise_integrated_bounded,1.481,5.194,0.14,0.14,0.0,288.0,0.0,5.22,2.68,1,Off,796.55,346.94
1789791120000000000,2026-09-19T04:12:00Z,synthetic_stepwise_integrated_bounded,1.517,5.172,0.14,0.14,0.0,288.0,0.0,5.84,2.4,2,Off,1290.1,921.6
1789791180000000000,2026-09-19T04:13:00Z,synthetic_stepwise_integrated_bounded,1.516,5.181,0.14,0.14,0.0,288.0,0.0,5.6,2.5,3,Off,1248.78,945.54
1789791240000000000,2026-09-19T04:14:00Z,synthetic_stepwise_integrated_bounded,1.58,5.237,0.14,0.14,0.0,288.0,0.0,7.0,2.0,2,Off,1262.8,918.76
1789791300000000000,2026-09-19T04:15:00Z,synthetic_stepwise_integrated_bounded,1.643,5.195,0.15,0.15,0.0,288.0,0.0,6.4,2.34,3,Off,1229.18,947.2
1789791360000000000,2026-09-19T04:16:00Z,synthetic_stepwise_integrated_bounded,1.662,5.232,0.14,0.14,0.0,288.0,0.0,7.18,1.95,3,Off,1215.61,920.79
1789791420000000000,2026-09-19T04:17:00Z,synthetic_stepwise_integrated_bounded,1.683,5.272,0.15,0.15,0.0,288.0,0.0,8.01,1.87,2,Off,1263.31,904.49
1789791480000000000,2026-09-19T04:18:00Z,synthetic_stepwise_integrated_bounded,1.623,5.267,0.14,0.14,0.0,288.0,0.0,6.8,2.06,3,Off,1242.08,882.75
1789791540000000000,2026-09-19T04:19:00Z,synthetic_stepwise_integrated_bounded,1.643,5.255,0.14,0.14,0.0,288.0,0.0,7.62,1.84,1,Off,1269.2,904.09
1789791600000000000,2026-09-19T04:20:00Z,synthetic_stepwise_integrated_bounded,1.59,5.287,0.15,0.15,0.0,288.0,0.0,6.37,2.35,1,Off,1261.79,909.88
1789791660000000000,2026-09-19T04:21:00Z,synthetic_stepwise_integrated_bounded,1.615,5.32,0.14,0.14,0.0,288.0,0.0,7.01,2.0,2,Off,1283.59,925.21
1789791720000000000,2026-09-19T04:22:00Z,synthetic_stepwise_integrated_bounded,1.61,5.246,0.14,0.14,0.0,288.0,0.0,7.24,1.93,2,Off,1261.86,942.94
1789791780000000000,2026-09-19T04:23:00Z,synthetic_stepwise_integrated_bounded,1.638,5.202,0.15,0.15,0.0,288.0,0.0,6.72,2.23,2,Off,1283.61,922.42
1789791840000000000,2026-09-19T04:24:00Z,synthetic_stepwise_integrated_bounded,1.611,5.211,0.13,0.13,0.0,288.0,0.0,7.24,1.8,1,Off,1322.4,946.51
1789791900000000000,2026-09-19T04:25:00Z,synthetic_stepwise_integrated_bounded,1.591,5.226,0.14,0.14,0.0,288.0,0.0,7.08,1.98,1,Off,1306.14,936.78
1789791960000000000,2026-09-19T04:26:00Z,synthetic_stepwise_integrated_bounded,1.516,5.251,0.13,0.13,0.0,288.0,0.0,5.88,2.21,2,Off,1355.46,953.42
1789792020000000000,2026-09-19T04:27:00Z,synthetic_stepwise_integrated_bounded,1.515,5.26,0.13,0.13,0.0,288.0,0.0,6.53,1.99,3,Off,1315.21,925.6
1789792080000000000,2026-09-19T04:28:00Z,synthetic_stepwise_integrated_bounded,1.506,5.276,0.12,0.12,0.0,288.0,0.0,5.85,2.05,1,Off,1360.09,950.8
1789792140000000000,2026-09-19T04:29:00Z,synthetic_stepwise_integrated_bounded,1.499,5.249,0.11,0.11,0.0,288.0,0.0,5.96,1.85,1,Off,1360.21,978.83
1789792200000000000,2026-09-19T04:30:00Z,synthetic_stepwise_integrated_bounded,1.491,5.408,0.1,0.1,0.0,288.0,0.0,5.78,1.73,1,Off,1388.85,985.86
1789792260000000000,2026-09-19T04:31:00Z,synthetic_stepwise_integrated_bounded,1.523,5.393,0.1,0.1,0.0,288.0,0.0,6.42,1.56,1,Off,1367.39,964.76
1789792320000000000,2026-09-19T04:32:00Z,synthetic_stepwise_integrated_bounded,1.474,5.406,0.09,0.09,0.0,288.0,0.0,5.67,1.59,2,Off,1337.57,954.51
1789792380000000000,2026-09-19T04:33:00Z,synthetic_stepwise_integrated_bounded,1.486,5.362,0.09,0.09,0.0,288.0,0.0,6.29,1.43,1,Off,1330.38,975.06
1789792440000000000,2026-09-19T04:34:00Z,synthetic_stepwise_integrated_bounded,1.502,5.321,0.09,0.09,0.0,288.0,0.0,6.39,1.41,1,Off,1321.64,960.96
1789792500000000000,2026-09-19T04:35:00Z,synthetic_stepwise_integrated_bounded,1.479,5.324,0.09,0.09,0.0,288.0,0.0,5.66,1.59,3,Off,1299.39,948.32
1789792560000000000,2026-09-19T04:36:00Z,synthetic_stepwise_integrated_bounded,1.465,5.339,0.09,0.09,0.0,288.0,0.0,5.58,1.61,1,Off,1305.31,966.18
1789792620000000000,2026-09-19T04:37:00Z,synthetic_stepwise_integrated_bounded,1.431,5.374,0.08,0.08,0.0,288.0,0.0,5.54,1.44,1,Off,1305.55,952.06
1789792680000000000,2026-09-19T04:38:00Z,synthetic_stepwise_integrated_bounded,1.466,5.406,0.09,0.09,0.0,288.0,0.0,5.51,1.63,1,Off,1335.73,976.91
1789792740000000000,2026-09-19T04:39:00Z,synthetic_stepwise_integrated_bounded,1.508,5.465,0.09,0.09,0.0,288.0,0.0,6.02,1.5,2,Off,1367.26,988.89
1789792800000000000,2026-09-19T04:40:00Z,synthetic_stepwise_integrated_bounded,1.516,5.516,0.08,0.08,0.0,288.0,0.0,6.13,1.31,3,Off,1378.86,999.43
1789792860000000000,2026-09-19T04:41:00Z,synthetic_stepwise_integrated_bounded,1.564,5.554,0.08,0.08,0.0,288.0,0.0,6.48,1.23,1,Off,1364.18,1000.0
1789792920000000000,2026-09-19T04:42:00Z,synthetic_stepwise_integrated_bounded,1.523,5.605,0.09,0.09,0.0,288.0,0.0,6.51,1.38,2,Off,1323.94,1000.0
1789792980000000000,2026-09-19T04:43:00Z,synthetic_stepwise_integrated_bounded,1.495,5.592,0.09,0.09,0.0,288.0,0.0,5.97,1.51,2,Off,1347.68,1000.0
1789793040000000000,2026-09-19T04:44:00Z,synthetic_stepwise_integrated_bounded,1.491,5.627,0.09,0.09,0.0,288.0,0.0,5.99,1.5,3,Off,760.57,819.88
1789793100000000000,2026-09-19T04:45:00Z,synthetic_stepwise_integrated_bounded,1.505,5.609,0.1,0.1,0.0,288.0,0.0,6.88,1.45,3,Off,1033.97,525.55
1789793160000000000,2026-09-19T04:46:00Z,synthetic_stepwise_integrated_bounded,1.531,5.474,0.09,0.09,0.0,288.0,0.0,6.74,1.34,3,Off,1102.22,458.62
1789793220000000000,2026-09-19T04:47:00Z,synthetic_stepwise_integrated_bounded,1.502,5.473,0.09,0.09,0.0,288.0,0.0,5.63,1.6,3,Off,1115.39,449.49
1789793280000000000,2026-09-19T04:48:00Z,synthetic_stepwise_integrated_bounded,1.479,5.422,0.1,0.1,0.0,288.0,0.0,6.31,1.58,3,Off,1150.28,461.49
1789793340000000000,2026-09-19T04:49:00Z,synthetic_stepwise_integrated_bounded,1.557,5.437,0.11,0.11,0.0,288.0,0.0,6.47,1.7,1,Off,1131.85,467.59
1789793400000000000,2026-09-19T04:50:00Z,synthetic_stepwise_integrated_bounded,1.57,5.505,0.1,0.1,0.0,288.0,0.0,6.24,1.6,2,Off,1140.66,473.75
1789793460000000000,2026-09-19T04:51:00Z,synthetic_stepwise_integrated_bounded,1.577,5.456,0.1,0.1,0.0,288.0,0.0,6.6,1.52,1,Off,1188.14,499.8
1789793520000000000,2026-09-19T04:52:00Z,synthetic_stepwise_integrated_bounded,1.527,5.326,0.1,0.1,0.0,288.0,0.0,6.14,1.63,2,Off,1177.95,479.12
1789793580000000000,2026-09-19T04:53:00Z,synthetic_stepwise_integrated_bounded,1.57,5.328,0.1,0.1,0.0,288.0,0.0,6.2,1.61,3,Off,1165.14,459.56
1789793640000000000,2026-09-19T04:54:00Z,synthetic_stepwise_integrated_bounded,1.563,5.288,0.11,0.11,0.0,288.0,0.0,6.76,1.63,1,Off,1374.44,401.46
1789793700000000000,2026-09-19T04:55:00Z,synthetic_stepwise_integrated_bounded,1.541,5.314,0.1,0.1,0.0,288.0,0.0,5.79,1.73,2,Off,1389.64,374.81
1789793760000000000,2026-09-19T04:56:00Z,synthetic_stepwise_integrated_bounded,1.537,5.32,0.1,0.1,0.0,288.0,0.0,6.21,1.61,3,Off,1425.03,396.94
1789793820000000000,2026-09-19T04:57:00Z,synthetic_stepwise_integrated_bounded,1.547,5.263,0.1,0.1,0.0,288.0,0.0,6.58,1.52,3,Off,1466.59,401.55
1789793880000000000,2026-09-19T04:58:00Z,synthetic_stepwise_integrated_bounded,1.567,5.313,0.1,0.1,0.0,288.0,0.0,6.55,1.53,3,Off,1490.41,400.76
1789793940000000000,2026-09-19T04:59:00Z,synthetic_stepwise_integrated_bounded,1.557,5.294,0.09,0.09,0.0,288.0,0.0,5.88,1.53,2,Off,1500.0,403.88
1789794000000000000,2026-09-19T05:00:00Z,synthetic_stepwise_integrated_bounded,1.566,5.407,0.09,0.09,0.0,288.0,0.0,7.22,1.25,2,Off,1500.0,393.65
1789794060000000000,2026-09-19T05:01:00Z,synthetic_stepwise_integrated_bounded,1.614,5.38,0.08,0.08,0.0,288.0,0.0,7.52,1.06,2,Off,1500.0,407.49
1789794120000000000,2026-09-19T05:02:00Z,synthetic_stepwise_integrated_bounded,1.644,5.39,0.07,0.07,0.0,288.0,0.0,6.92,1.01,1,Off,1500.0,435.0
1789794180000000000,2026-09-19T05:03:00Z,synthetic_stepwise_integrated_bounded,1.665,5.4,0.08,0.08,0.0,288.0,0.0,6.88,1.16,2,Off,1500.0,410.47
1789794240000000000,2026-09-19T05:04:00Z,synthetic_stepwise_integrated_bounded,1.69,5.427,0.08,0.08,0.0,288.0,0.0,7.12,1.12,2,Off,1500.0,430.66
1789794300000000000,2026-09-19T05:05:00Z,synthetic_stepwise_integrated_bounded,1.702,5.531,0.08,0.08,0.0,288.0,0.0,8.26,0.97,3,Off,1500.0,436.24
1789794360000000000,2026-09-19T05:06:00Z,synthetic_stepwise_integrated_bounded,1.692,5.554,0.08,0.08,0.0,288.0,0.0,8.55,0.94,3,Off,1500.0,457.16
1789794420000000000,2026-09-19T05:07:00Z,synthetic_stepwise_integrated_bounded,1.694,5.54,0.08,0.08,0.0,288.0,0.0,8.64,0.93,3,Off,1500.0,440.47
1789794480000000000,2026-09-19T05:08:00Z,synthetic_stepwise_integrated_bounded,1.712,5.597,0.09,0.09,0.0,288.0,0.0,8.76,1.03,1,Off,1500.0,447.58
1789794540000000000,2026-09-19T05:09:00Z,synthetic_stepwise_integrated_bounded,1.74,5.584,0.08,0.08,0.0,288.0,0.0,8.69,0.92,2,Off,1500.0,455.19
1789794600000000000,2026-09-19T05:10:00Z,synthetic_stepwise_integrated_bounded,1.774,5.543,0.08,0.08,0.0,288.0,0.0,8.34,0.96,2,Off,1500.0,468.44
1789794660000000000,2026-09-19T05:11:00Z,synthetic_stepwise_integrated_bounded,1.734,5.532,0.09,0.09,0.0,288.0,0.0,7.8,1.15,1,Off,1500.0,476.44
1789794720000000000,2026-09-19T05:12:00Z,synthetic_stepwise_integrated_bounded,1.699,5.485,0.08,0.08,0.0,288.0,0.0,8.66,0.92,2,Off,1500.0,463.52
1789794780000000000,2026-09-19T05:13:00Z,synthetic_stepwise_integrated_bounded,1.76,5.482,0.09,0.09,0.0,288.0,0.0,8.04,1.12,1,Off,1500.0,445.77
1789794840000000000,2026-09-19T05:14:00Z,synthetic_stepwise_integrated_bounded,1.713,5.438,0.08,0.08,0.0,288.0,0.0,7.59,1.05,3,Off,1500.0,448.58
1789794900000000000,2026-09-19T05:15:00Z,synthetic_stepwise_integrated_bounded,1.73,5.552,0.07,0.07,0.0,288.0,0.0,8.7,0.8,2,Off,1500.0,469.02
1789794960000000000,2026-09-19T05:16:00Z,synthetic_stepwise_integrated_bounded,1.71,5.538,0.07,0.07,0.0,288.0,0.0,7.98,0.88,1,Off,1500.0,449.34
1789795020000000000,2026-09-19T05:17:00Z,synthetic_stepwise_integrated_bounded,1.749,5.583,0.07,0.07,0.0,288.0,0.0,9.05,0.77,1,Off,1500.0,477.61
1789795080000000000,2026-09-19T05:18:00Z,synthetic_stepwise_integrated_bounded,1.721,5.613,0.07,0.07,0.0,288.0,0.0,8.08,0.87,1,Off,1500.0,471.97
1789795140000000000,2026-09-19T05:19:00Z,synthetic_stepwise_integrated_bounded,1.809,5.62,0.06,0.06,0.0,288.0,0.0,9.94,0.6,1,Off,1500.0,475.88
1789795200000000000,2026-09-19T05:20:00Z,synthetic_stepwise_integrated_bounded,1.819,5.608,0.06,0.06,0.0,288.0,0.0,10.12,0.59,3,Off,1500.0,469.55
1789795260000000000,2026-09-19T05:21:00Z,synthetic_stepwise_integrated_bounded,1.867,5.579,0.06,0.06,0.0,288.0,0.0,9.71,0.62,2,Off,1500.0,483.5
1789795320000000000,2026-09-19T05:22:00Z,synthetic_stepwise_integrated_bounded,1.886,5.588,0.06,0.06,0.0,288.0,0.0,9.31,0.64,2,Off,1500.0,497.84
1789795380000000000,2026-09-19T05:23:00Z,synthetic_stepwise_integrated_bounded,1.834,5.617,0.07,0.07,0.0,288.0,0.0,9.52,0.74,3,Off,1500.0,500.42
1789795440000000000,2026-09-19T05:24:00Z,synthetic_stepwise_integrated_bounded,1.854,5.542,0.06,0.06,0.0,288.0,0.0,9.7,0.62,2,Off,1500.0,515.46
1789795500000000000,2026-09-19T05:25:00Z,synthetic_stepwise_integrated_bounded,1.905,5.545,0.06,0.06,0.0,288.0,0.0,9.74,0.62,2,Off,1500.0,499.51
1789795560000000000,2026-09-19T05:26:00Z,synthetic_stepwise_integrated_bounded,1.886,5.6,0.06,0.06,0.0,288.0,0.0,10.74,0.56,1,Off,1500.0,477.02
1789795620000000000,2026-09-19T05:27:00Z,synthetic_stepwise_integrated_bounded,1.917,5.613,0.06,0.06,0.0,288.0,0.0,9.67,0.62,3,Off,1500.0,486.22
1789795680000000000,2026-09-19T05:28:00Z,synthetic_stepwise_integrated_bounded,1.954,5.645,0.06,0.06,0.0,288.0,0.0,10.9,0.55,2,Off,1500.0,475.02
1789795740000000000,2026-09-19T05:29:00Z,synthetic_stepwise_integrated_bounded,1.856,5.546,0.06,0.06,0.0,288.0,0.0,9.75,0.62,3,Off,1500.0,474.18
1789795800000000000,2026-09-19T05:30:00Z,synthetic_stepwise_integrated_bounded,1.866,5.562,0.06,0.06,0.0,288.0,0.0,9.14,0.66,2,Off,1500.0,463.45
1789795860000000000,2026-09-19T05:31:00Z,synthetic_stepwise_integrated_bounded,1.877,5.631,0.05,0.05,0.0,288.0,0.0,10.32,0.48,2,Off,1500.0,442.31
1789795920000000000,2026-09-19T05:32:00Z,synthetic_stepwise_integrated_bounded,1.969,5.546,0.06,0.06,0.0,288.0,0.0,11.38,0.53,1,Off,1500.0,467.32
1789795980000000000,2026-09-19T05:33:00Z,synthetic_stepwise_integrated_bounded,1.905,5.484,0.05,0.05,0.0,288.0,0.0,10.82,0.46,1,Off,1500.0,488.61
1789796040000000000,2026-09-19T05:34:00Z,synthetic_stepwise_integrated_bounded,1.955,5.512,0.05,0.05,0.0,288.0,0.0,11.46,0.44,1,Off,1500.0,517.33
1789796100000000000,2026-09-19T05:35:00Z,synthetic_stepwise_integrated_bounded,1.941,5.441,0.05,0.05,0.0,288.0,0.0,9.34,0.54,2,Off,1500.0,512.24
1789796160000000000,2026-09-19T05:36:00Z,synthetic_stepwise_integrated_bounded,1.879,5.489,0.05,0.05,0.0,288.0,0.0,10.44,0.48,1,Off,1500.0,536.18
1789796220000000000,2026-09-19T05:37:00Z,synthetic_stepwise_integrated_bounded,1.812,5.442,0.04,0.04,0.0,288.0,0.0,8.31,0.48,3,Off,1500.0,523.08
1789796280000000000,2026-09-19T05:38:00Z,synthetic_stepwise_integrated_bounded,1.886,5.433,0.04,0.04,0.0,288.0,0.0,10.0,0.4,3,Off,1500.0,514.95
1789796340000000000,2026-09-19T05:39:00Z,synthetic_stepwise_integrated_bounded,1.855,5.35,0.04,0.04,0.0,288.0,0.0,9.74,0.41,1,Off,1494.6,497.79
1789796400000000000,2026-09-19T05:40:00Z,synthetic_stepwise_integrated_bounded,1.822,5.415,0.03,0.03,0.0,288.0,0.0,9.49,0.32,2,Off,1483.71,499.08
1789796460000000000,2026-09-19T05:41:00Z,synthetic_stepwise_integrated_bounded,1.85,5.474,0.04,0.04,0.0,288.0,0.0,8.75,0.46,1,Off,1440.17,511.92
1789796520000000000,2026-09-19T05:42:00Z,synthetic_stepwise_integrated_bounded,1.927,5.482,0.04,0.04,0.0,288.0,0.0,9.46,0.42,1,Off,1393.53,541.13
1789796580000000000,2026-09-19T05:43:00Z,synthetic_stepwise_integrated_bounded,1.985,5.509,0.04,0.04,0.0,288.0,0.0,10.06,0.4,1,Off,1358.13,564.14
1789796640000000000,2026-09-19T05:44:00Z,synthetic_stepwise_integrated_bounded,2.025,5.436,0.03,0.03,0.0,288.0,0.0,11.84,0.25,2,Off,1368.99,586.38
1789796700000000000,2026-09-19T05:45:00Z,synthetic_stepwise_integrated_bounded,2.078,5.388,0.04,0.04,0.0,288.0,0.0,11.54,0.35,2,Off,1339.38,600.72
1789796760000000000,2026-09-19T05:46:00Z,synthetic_stepwise_integrated_bounded,1.946,5.323,0.03,0.03,0.0,288.0,0.0,9.47,0.32,1,Off,1320.78,628.08
1789796820000000000,2026-09-19T05:47:00Z,synthetic_stepwise_integrated_bounded,1.967,5.361,0.03,0.03,0.0,288.0,0.0,9.34,0.32,1,Off,1306.35,619.65
1789796880000000000,2026-09-19T05:48:00Z,synthetic_stepwise_integrated_bounded,2.001,5.251,0.03,0.03,0.0,288.0,0.0,11.36,0.26,2,Off,1331.14,612.37
1789796940000000000,2026-09-19T05:49:00Z,synthetic_stepwise_integrated_bounded,2.019,5.321,0.03,0.03,0.0,288.0,0.0,10.09,0.3,3,Off,1336.72,584.47
1789797000000000000,2026-09-19T05:50:00Z,synthetic_stepwise_integrated_bounded,2.044,5.33,0.03,0.03,0.0,288.0,0.0,11.55,0.26,2,Off,1335.06,601.39
1789797060000000000,2026-09-19T05:51:00Z,synthetic_stepwise_integrated_bounded,2.054,5.343,0.03,0.03,0.0,288.0,0.0,10.39,0.29,2,Off,1317.04,584.59
1789797120000000000,2026-09-19T05:52:00Z,synthetic_stepwise_integrated_bounded,1.989,5.31,0.03,0.03,0.0,288.0,0.0,10.71,0.28,1,Off,1332.26,566.21
1789797180000000000,2026-09-19T05:53:00Z,synthetic_stepwise_integrated_bounded,2.01,5.24,0.03,0.03,0.0,288.0,0.0,10.24,0.29,2,Off,1334.88,579.18
1789797240000000000,2026-09-19T05:54:00Z,synthetic_stepwise_integrated_bounded,1.989,5.24,0.03,0.03,0.0,288.0,0.0,11.28,0.27,2,Off,761.55,853.35
1789797300000000000,2026-09-19T05:55:00Z,synthetic_stepwise_integrated_bounded,1.972,5.239,0.03,0.03,0.0,288.0,0.0,11.17,0.27,2,Off,811.33,842.97
1789797360000000000,2026-09-19T05:56:00Z,synthetic_stepwise_integrated_bounded,1.942,5.188,0.03,0.03,0.0,288.0,0.0,10.69,0.28,1,Off,785.62,820.32
1789797420000000000,2026-09-19T05:57:00Z,synthetic_stepwise_integrated_bounded,1.953,5.207,0.03,0.03,0.0,288.0,0.0,9.79,0.31,3,Off,803.71,831.05
1789797480000000000,2026-09-19T05:58:00Z,synthetic_stepwise_integrated_bounded,1.923,5.101,0.03,0.03,0.0,288.0,0.0,9.35,0.32,3,Off,782.44,832.11
1789797540000000000,2026-09-19T05:59:00Z,synthetic_stepwise_integrated_bounded,1.972,5.117,0.03,0.03,0.0,288.0,0.0,10.31,0.29,1,Off,745.79,815.09
1789797600000000000,2026-09-19T06:00:00Z,synthetic_stepwise_integrated_bounded,1.978,5.064,0.03,0.03,0.0,288.0,0.0,9.14,0.33,3,Off,733.95,805.78
1789797660000000000,2026-09-19T06:01:00Z,synthetic_stepwise_integrated_bounded,1.988,5.152,0.03,0.03,0.0,288.0,0.0,11.04,0.27,2,Off,724.34,787.44
1789797720000000000,2026-09-19T06:02:00Z,synthetic_stepwise_integrated_bounded,1.956,5.097,0.03,0.03,0.0,288.0,0.0,10.65,0.28,2,Off,752.9,764.8
1789797780000000000,2026-09-19T06:03:00Z,synthetic_stepwise_integrated_bounded,2.004,5.038,0.04,0.04,0.0,288.0,0.0,9.8,0.41,2,Off,755.59,783.41
1789797840000000000,2026-09-19T06:04:00Z,synthetic_stepwise_integrated_bounded,1.898,5.044,0.03,0.03,0.0,288.0,0.0,9.52,0.32,2,Off,756.57,777.98
1789797900000000000,2026-09-19T06:05:00Z,synthetic_stepwise_integrated_bounded,1.821,5.06,0.03,0.03,0.0,288.0,0.0,9.1,0.33,1,Off,729.94,753.07
1789797960000000000,2026-09-19T06:06:00Z,synthetic_stepwise_integrated_bounded,1.784,5.054,0.03,0.03,0.0,288.0,0.0,8.5,0.35,1,Off,739.46,767.5
1789798020000000000,2026-09-19T06:07:00Z,synthetic_stepwise_integrated_bounded,1.758,5.047,0.03,0.03,0.0,288.0,0.0,8.22,0.36,2,Off,765.37,784.97
1789798080000000000,2026-09-19T06:08:00Z,synthetic_stepwise_integrated_bounded,1.75,5.033,0.03,0.03,0.0,288.0,0.0,7.34,0.41,1,Off,767.58,785.5
1789798140000000000,2026-09-19T06:09:00Z,synthetic_stepwise_integrated_bounded,1.736,5.111,0.03,0.03,0.0,288.0,0.0,8.47,0.35,2,Off,780.44,813.8
1789798200000000000,2026-09-19T06:10:00Z,synthetic_stepwise_integrated_bounded,1.809,5.103,0.03,0.03,0.0,288.0,0.0,7.98,0.38,3,Off,765.93,794.41
1789798260000000000,2026-09-19T06:11:00Z,synthetic_stepwise_integrated_bounded,1.874,5.035,0.03,0.03,0.0,288.0,0.0,8.32,0.36,3,Off,768.86,783.26
1789798320000000000,2026-09-19T06:12:00Z,synthetic_stepwise_integrated_bounded,1.855,4.995,0.03,0.03,0.0,288.0,0.0,8.5,0.35,1,Off,758.35,790.16
1789798380000000000,2026-09-19T06:13:00Z,synthetic_stepwise_integrated_bounded,1.803,4.984,0.03,0.03,0.0,288.0,0.0,7.85,0.38,3,Off,757.09,797.2
1789798440000000000,2026-09-19T06:14:00Z,synthetic_stepwise_integrated_bounded,1.828,4.923,0.03,0.03,0.0,288.0,0.0,8.44,0.36,3,Off,723.44,778.72
1789798500000000000,2026-09-19T06:15:00Z,synthetic_stepwise_integrated_bounded,1.812,4.864,0.03,0.03,0.0,288.0,0.0,7.7,0.39,3,Off,681.86,757.74
1789798560000000000,2026-09-19T06:16:00Z,synthetic_stepwise_integrated_bounded,1.794,4.933,0.03,0.03,0.0,288.0,0.0,7.52,0.4,3,Off,686.27,765.28
1789798620000000000,2026-09-19T06:17:00Z,synthetic_stepwise_integrated_bounded,1.707,4.869,0.03,0.03,0.0,288.0,0.0,6.44,0.47,2,Off,727.05,760.13
1789798680000000000,2026-09-19T06:18:00Z,synthetic_stepwise_integrated_bounded,1.71,4.89,0.03,0.03,0.0,288.0,0.0,7.44,0.4,3,Off,754.67,757.94
1789798740000000000,2026-09-19T06:19:00Z,synthetic_stepwise_integrated_bounded,1.733,4.889,0.03,0.03,0.0,288.0,0.0,7.12,0.42,3,Off,738.56,755.5
1789798800000000000,2026-09-19T06:20:00Z,synthetic_stepwise_integrated_bounded,1.76,4.861,0.03,0.03,0.0,288.0,0.0,8.18,0.37,1,Off,1220.92,721.29
1789798860000000000,2026-09-19T06:21:00Z,synthetic_stepwise_integrated_bounded,1.778,4.902,0.03,0.03,0.0,288.0,0.0,7.1,0.42,2,Off,1225.4,704.63
1789798920000000000,2026-09-19T06:22:00Z,synthetic_stepwise_integrated_bounded,1.762,4.878,0.03,0.03,0.0,288.0,0.0,8.15,0.37,1,Off,1177.73,716.01
1789798980000000000,2026-09-19T06:23:00Z,synthetic_stepwise_integrated_bounded,1.828,4.842,0.03,0.03,0.0,288.0,0.0,7.98,0.38,3,Off,1214.31,697.05
1789799040000000000,2026-09-19T06:24:00Z,synthetic_stepwise_integrated_bounded,1.799,4.918,0.03,0.03,0.0,288.0,0.0,8.54,0.35,3,Off,1318.93,412.77
1789799100000000000,2026-09-19T06:25:00Z,synthetic_stepwise_integrated_bounded,1.815,5.025,0.03,0.03,0.0,288.0,0.0,8.44,0.36,1,Off,1301.14,438.23
1789799160000000000,2026-09-19T06:26:00Z,synthetic_stepwise_integrated_bounded,1.76,5.041,0.03,0.03,0.0,288.0,0.0,7.39,0.41,1,Off,1320.69,415.55
1789799220000000000,2026-09-19T06:27:00Z,synthetic_stepwise_integrated_bounded,1.807,5.028,0.03,0.03,0.0,288.0,0.0,8.41,0.36,2,Off,1337.1,438.23
1789799280000000000,2026-09-19T06:28:00Z,synthetic_stepwise_integrated_bounded,1.793,4.978,0.03,0.03,0.0,288.0,0.0,8.14,0.37,2,Off,1378.34,458.04
1789799340000000000,2026-09-19T06:29:00Z,synthetic_stepwise_integrated_bounded,1.789,5.024,0.03,0.03,0.0,288.0,0.0,7.76,0.39,2,Off,1391.99,463.63
1789799400000000000,2026-09-19T06:30:00Z,synthetic_stepwise_integrated_bounded,1.805,5.029,0.03,0.03,0.0,288.0,0.0,8.99,0.33,3,Off,1366.85,337.82
1789799460000000000,2026-09-19T06:31:00Z,synthetic_stepwise_integrated_bounded,1.781,4.981,0.03,0.03,0.0,288.0,0.0,8.0,0.38,1,Off,1359.13,339.34
1789799520000000000,2026-09-19T06:32:00Z,synthetic_stepwise_integrated_bounded,1.729,4.956,0.03,0.03,0.0,288.0,0.0,6.68,0.45,1,Off,1408.3,363.59
1789799580000000000,2026-09-19T06:33:00Z,synthetic_stepwise_integrated_bounded,1.649,5.016,0.03,0.03,0.0,288.0,0.0,6.66,0.45,2,Off,1389.53,365.0
1789799640000000000,2026-09-19T06:34:00Z,synthetic_stepwise_integrated_bounded,1.642,5.023,0.03,0.03,0.0,288.0,0.0,6.67,0.45,2,Off,1395.41,336.64
1789799700000000000,2026-09-19T06:35:00Z,synthetic_stepwise_integrated_bounded,1.653,4.999,0.03,0.03,0.0,288.0,0.0,6.34,0.47,3,Off,1380.0,317.58
1789799760000000000,2026-09-19T06:36:00Z,synthetic_stepwise_integrated_bounded,1.708,5.083,0.03,0.03,0.0,288.0,0.0,7.56,0.4,2,Off,1338.25,325.58
1789799820000000000,2026-09-19T06:37:00Z,synthetic_stepwise_integrated_bounded,1.683,5.047,0.03,0.03,0.0,288.0,0.0,7.57,0.4,1,Off,1358.57,326.9
1789799880000000000,2026-09-19T06:38:00Z,synthetic_stepwise_integrated_bounded,1.696,5.08,0.03,0.03,0.0,288.0,0.0,7.67,0.39,1,Off,1386.6,342.3
1789799940000000000,2026-09-19T06:39:00Z,synthetic_stepwise_integrated_bounded,1.712,5.094,0.03,0.03,0.0,288.0,0.0,7.22,0.42,1,Off,1411.73,362.31
1789800000000000000,2026-09-19T06:40:00Z,synthetic_stepwise_integrated_bounded,1.761,5.09,0.03,0.03,0.0,288.0,0.0,7.8,0.38,1,Off,1404.93,351.9
1789800060000000000,2026-09-19T06:41:00Z,synthetic_stepwise_integrated_bounded,1.716,5.148,0.03,0.03,0.0,288.0,0.0,8.32,0.36,1,Off,1438.81,368.39
1789800120000000000,2026-09-19T06:42:00Z,synthetic_stepwise_integrated_bounded,1.697,5.085,0.03,0.03,0.0,288.0,0.0,7.75,0.39,1,Off,1392.05,380.17
1789800180000000000,2026-09-19T06:43:00Z,synthetic_stepwise_integrated_bounded,1.737,5.034,0.03,0.03,0.0,288.0,0.0,6.88,0.44,3,On,1434.53,383.23
1789800240000000000,2026-09-19T06:44:00Z,synthetic_stepwise_integrated_bounded,1.681,4.942,0.03,0.03,0.0,288.0,0.0,6.7,0.45,2,On,1463.81,402.93
1789800300000000000,2026-09-19T06:45:00Z,synthetic_stepwise_integrated_bounded,1.63,4.968,0.03,0.03,0.0,288.0,0.0,6.84,0.44,2,On,548.74,860.44
1789800360000000000,2026-09-19T06:46:00Z,synthetic_stepwise_integrated_bounded,1.637,4.971,0.03,0.03,0.0,288.0,0.0,7.02,0.43,1,On,551.01,888.5
1789800420000000000,2026-09-19T06:47:00Z,synthetic_stepwise_integrated_bounded,1.589,4.968,0.02,0.02,0.0,288.0,0.0,5.91,0.34,1,On,587.27,864.75
1789800480000000000,2026-09-19T06:48:00Z,synthetic_stepwise_integrated_bounded,1.62,5.047,0.03,0.03,0.0,288.0,0.0,6.16,0.49,2,On,629.62,874.38
1789800540000000000,2026-09-19T06:49:00Z,synthetic_stepwise_integrated_bounded,1.703,5.051,0.03,0.03,0.0,288.0,0.0,6.95,0.43,3,On,635.56,902.27
1789800600000000000,2026-09-19T06:50:00Z,synthetic_stepwise_integrated_bounded,1.768,5.039,0.03,0.03,0.0,288.0,0.0,7.29,0.41,2,On,614.29,914.02
1789800660000000000,2026-09-19T06:51:00Z,synthetic_stepwise_integrated_bounded,1.78,5.031,0.03,0.03,0.0,288.0,0.0,7.52,0.4,1,On,587.44,907.25
1789800720000000000,2026-09-19T06:52:00Z,synthetic_stepwise_integrated_bounded,1.742,5.109,0.02,0.02,0.0,288.0,0.0,8.1,0.25,2,On,612.44,910.27
1789800780000000000,2026-09-19T06:53:00Z,synthetic_stepwise_integrated_bounded,1.775,5.129,0.03,0.03,0.0,288.0,0.0,7.71,0.39,3,On,618.9,926.74
1789800840000000000,2026-09-19T06:54:00Z,synthetic_stepwise_integrated_bounded,1.738,5.126,0.02,0.02,0.0,288.0,0.0,8.02,0.25,3,On,591.57,949.46
1789800900000000000,2026-09-19T06:55:00Z,synthetic_stepwise_integrated_bounded,1.724,5.024,0.02,0.02,0.0,288.0,0.0,7.87,0.25,2,On,606.22,933.45
1789800960000000000,2026-09-19T06:56:00Z,synthetic_stepwise_integrated_bounded,1.7,5.069,0.02,0.02,0.0,288.0,0.0,7.92,0.25,1,On,640.44,963.17
1789801020000000000,2026-09-19T06:57:00Z,synthetic_stepwise_integrated_bounded,1.664,5.107,0.02,0.02,0.0,288.0,0.0,6.8,0.29,2,On,669.86,982.78
1789801080000000000,2026-09-19T06:58:00Z,synthetic_stepwise_integrated_bounded,1.691,5.094,0.02,0.02,0.0,288.0,0.0,7.15,0.28,2,On,681.01,989.45
1789801140000000000,2026-09-19T06:59:00Z,synthetic_stepwise_integrated_bounded,1.711,5.086,0.02,0.02,0.0,288.0,0.0,7.86,0.25,3,On,654.12,1000.0
1789801200000000000,2026-09-19T07:00:00Z,synthetic_stepwise_integrated_bounded,1.739,5.187,0.02,0.02,0.0,288.0,0.0,7.8,0.26,2,On,660.63,1000.0
1789801260000000000,2026-09-19T07:01:00Z,synthetic_stepwise_integrated_bounded,1.77,5.193,0.02,0.02,0.0,288.0,0.0,7.87,0.25,3,On,695.95,1000.0
1789801320000000000,2026-09-19T07:02:00Z,synthetic_stepwise_integrated_bounded,1.716,5.212,0.02,0.02,0.0,288.0,0.0,7.11,0.28,2,On,736.27,1000.0
1789801380000000000,2026-09-19T07:03:00Z,synthetic_stepwise_integrated_bounded,1.721,5.165,0.02,0.02,0.0,288.0,0.0,7.95,0.25,2,On,736.7,1000.0
1789801440000000000,2026-09-19T07:04:00Z,synthetic_stepwise_integrated_bounded,1.722,5.203,0.02,0.02,0.0,288.0,0.0,7.99,0.25,2,On,772.53,1000.0
1789801500000000000,2026-09-19T07:05:00Z,synthetic_stepwise_integrated_bounded,1.74,5.169,0.02,0.02,0.0,288.0,0.0,7.12,0.28,3,On,790.29,1000.0
1789801560000000000,2026-09-19T07:06:00Z,synthetic_stepwise_integrated_bounded,1.784,5.123,0.02,0.02,0.0,288.0,0.0,8.03,0.25,2,On,760.43,1000.0
1789801620000000000,2026-09-19T07:07:00Z,synthetic_stepwise_integrated_bounded,1.806,5.159,0.02,0.02,0.0,288.0,0.0,8.74,0.23,2,On,728.18,1000.0
1789801680000000000,2026-09-19T07:08:00Z,synthetic_stepwise_integrated_bounded,1.76,5.225,0.02,0.02,0.0,288.0,0.0,8.89,0.22,1,On,685.58,1000.0
1789801740000000000,2026-09-19T07:09:00Z,synthetic_stepwise_integrated_bounded,1.753,5.208,0.02,0.02,0.0,288.0,0.0,7.3,0.27,3,On,698.51,1000.0
1789801800000000000,2026-09-19T07:10:00Z,synthetic_stepwise_integrated_bounded,1.758,5.253,0.02,0.02,0.0,288.0,0.0,8.8,0.23,1,On,660.78,1000.0
1789801860000000000,2026-09-19T07:11:00Z,synthetic_stepwise_integrated_bounded,1.783,5.314,0.02,0.02,0.0,288.0,0.0,8.92,0.22,3,On,654.84,1000.0
1789801920000000000,2026-09-19T07:12:00Z,synthetic_stepwise_integrated_bounded,1.823,5.29,0.02,0.02,0.0,288.0,0.0,8.7,0.23,2,On,673.34,1000.0
1789801980000000000,2026-09-19T07:13:00Z,synthetic_stepwise_integrated_bounded,1.806,5.26,0.02,0.02,0.0,288.0,0.0,8.87,0.23,2,On,637.28,1000.0
1789802040000000000,2026-09-19T07:14:00Z,synthetic_stepwise_integrated_bounded,1.829,5.242,0.02,0.02,0.0,288.0,0.0,8.97,0.22,1,On,635.37,1000.0
1789802100000000000,2026-09-19T07:15:00Z,synthetic_stepwise_integrated_bounded,1.802,5.14,0.02,0.02,0.0,288.0,0.0,7.7,0.26,2,On,643.32,1000.0
1789802160000000000,2026-09-19T07:16:00Z,synthetic_stepwise_integrated_bounded,1.797,5.153,0.02,0.02,0.0,288.0,0.0,8.6,0.23,1,On,678.38,1000.0
1789802220000000000,2026-09-19T07:17:00Z,synthetic_stepwise_integrated_bounded,1.85,5.156,0.02,0.02,0.0,288.0,0.0,8.5,0.24,2,On,688.32,1000.0
1789802280000000000,2026-09-19T07:18:00Z,synthetic_stepwise_integrated_bounded,1.832,5.114,0.02,0.02,0.0,288.0,0.0,8.01,0.25,1,On,664.14,1000.0
1789802340000000000,2026-09-19T07:19:00Z,synthetic_stepwise_integrated_bounded,1.82,5.081,0.02,0.02,0.0,288.0,0.0,7.69,0.26,2,On,1441.75,755.6
1789802400000000000,2026-09-19T07:20:00Z,synthetic_stepwise_integrated_bounded,1.826,5.073,0.02,0.02,0.0,288.0,0.0,8.98,0.22,1,On,1463.74,785.43
1789802460000000000,2026-09-19T07:21:00Z,synthetic_stepwise_integrated_bounded,1.91,5.071,0.02,0.02,0.0,288.0,0.0,9.53,0.21,1,On,1496.77,807.1
1789802520000000000,2026-09-19T07:22:00Z,synthetic_stepwise_integrated_bounded,2.009,5.143,0.02,0.02,0.0,288.0,0.0,11.31,0.18,2,On,1476.24,786.86
1789802580000000000,2026-09-19T07:23:00Z,synthetic_stepwise_integrated_bounded,1.944,5.05,0.02,0.02,0.0,288.0,0.0,9.33,0.21,2,On,1480.53,807.86
1789802640000000000,2026-09-19T07:24:00Z,synthetic_stepwise_integrated_bounded,1.976,5.095,0.02,0.02,0.0,288.0,0.0,10.68,0.19,3,On,1500.0,827.77
1789802700000000000,2026-09-19T07:25:00Z,synthetic_stepwise_integrated_bounded,2.004,5.109,0.02,0.02,0.0,288.0,0.0,10.97,0.18,1,On,1500.0,810.8
1789802760000000000,2026-09-19T07:26:00Z,synthetic_stepwise_integrated_bounded,2.055,5.066,0.02,0.02,0.0,288.0,0.0,11.55,0.17,2,On,1500.0,802.5
1789802820000000000,2026-09-19T07:27:00Z,synthetic_stepwise_integrated_bounded,2.071,5.009,0.02,0.02,0.0,288.0,0.0,11.78,0.17,2,On,1500.0,819.53
1789802880000000000,2026-09-19T07:28:00Z,synthetic_stepwise_integrated_bounded,2.097,5.01,0.02,0.02,0.0,288.0,0.0,10.48,0.19,3,On,1500.0,803.54
1789802940000000000,2026-09-19T07:29:00Z,synthetic_stepwise_integrated_bounded,2.07,5.005,0.02,0.02,0.0,288.0,0.0,11.68,0.17,1,On,1455.09,785.91
1789803000000000000,2026-09-19T07:30:00Z,synthetic_stepwise_integrated_bounded,2.083,4.922,0.02,0.02,0.0,288.0,0.0,10.75,0.19,3,On,1412.93,793.2
1789803060000000000,2026-09-19T07:31:00Z,synthetic_stepwise_integrated_bounded,1.993,4.845,0.02,0.02,0.0,288.0,0.0,9.9,0.2,2,On,1442.77,769.5
1789803120000000000,2026-09-19T07:32:00Z,synthetic_stepwise_integrated_bounded,2.02,4.839,0.02,0.02,0.0,288.0,0.0,9.48,0.21,1,On,1476.13,769.55
1789803180000000000,2026-09-19T07:33:00Z,synthetic_stepwise_integrated_bounded,1.982,4.849,0.02,0.02,0.0,288.0,0.0,10.02,0.2,2,On,1500.0,769.53
1789803240000000000,2026-09-19T07:34:00Z,synthetic_stepwise_integrated_bounded,1.954,4.8,0.02,0.02,0.0,288.0,0.0,9.53,0.21,2,On,1500.0,797.36
1789803300000000000,2026-09-19T07:35:00Z,synthetic_stepwise_integrated_bounded,1.945,4.845,0.02,0.02,0.0,288.0,0.0,8.86,0.23,1,On,1500.0,776.29
1789803360000000000,2026-09-19T07:36:00Z,synthetic_stepwise_integrated_bounded,1.915,4.832,0.02,0.02,0.0,288.0,0.0,8.14,0.25,3,On,1500.0,773.74
1789803420000000000,2026-09-19T07:37:00Z,synthetic_stepwise_integrated_bounded,1.932,4.895,0.03,0.03,0.0,288.0,0.0,9.02,0.33,1,On,1500.0,792.67
1789803480000000000,2026-09-19T07:38:00Z,synthetic_stepwise_integrated_bounded,1.917,4.93,0.03,0.03,0.0,288.0,0.0,8.67,0.35,1,On,1500.0,822.08
1789803540000000000,2026-09-19T07:39:00Z,synthetic_stepwise_integrated_bounded,1.913,4.948,0.03,0.03,0.0,288.0,0.0,8.2,0.37,3,On,1500.0,815.63
1789803600000000000,2026-09-19T07:40:00Z,synthetic_stepwise_integrated_bounded,1.903,4.954,0.02,0.02,0.0,288.0,0.0,9.84,0.2,1,On,1500.0,810.43
1789803660000000000,2026-09-19T07:41:00Z,synthetic_stepwise_integrated_bounded,1.855,4.934,0.03,0.03,0.0,288.0,0.0,9.12,0.33,2,On,1500.0,808.11
1789803720000000000,2026-09-19T07:42:00Z,synthetic_stepwise_integrated_bounded,1.836,4.989,0.03,0.03,0.0,288.0,0.0,8.81,0.34,2,On,1500.0,788.75
1789803780000000000,2026-09-19T07:43:00Z,synthetic_stepwise_integrated_bounded,1.801,4.998,0.03,0.03,0.0,288.0,0.0,7.95,0.38,1,On,1500.0,766.0
1789803840000000000,2026-09-19T07:44:00Z,synthetic_stepwise_integrated_bounded,1.744,5.082,0.03,0.03,0.0,288.0,0.0,7.42,0.4,1,On,1500.0,761.7
1789803900000000000,2026-09-19T07:45:00Z,synthetic_stepwise_integrated_bounded,1.745,5.047,0.03,0.03,0.0,288.0,0.0,7.77,0.39,3,On,1500.0,731.84
1789803960000000000,2026-09-19T07:46:00Z,synthetic_stepwise_integrated_bounded,1.751,5.055,0.03,0.03,0.0,288.0,0.0,7.83,0.38,2,On,1500.0,730.42
1789804020000000000,2026-09-19T07:47:00Z,synthetic_stepwise_integrated_bounded,1.772,5.092,0.03,0.03,0.0,288.0,0.0,8.74,0.34,3,On,1500.0,748.95
1789804080000000000,2026-09-19T07:48:00Z,synthetic_stepwise_integrated_bounded,1.843,5.072,0.03,0.03,0.0,288.0,0.0,9.3,0.32,2,On,1500.0,773.66
1789804140000000000,2026-09-19T07:49:00Z,synthetic_stepwise_integrated_bounded,1.891,5.122,0.03,0.03,0.0,288.0,0.0,9.89,0.3,1,On,1500.0,775.31
1789804200000000000,2026-09-19T07:50:00Z,synthetic_stepwise_integrated_bounded,1.909,5.152,0.03,0.03,0.0,288.0,0.0,9.11,0.33,2,On,1500.0,760.59
1789804260000000000,2026-09-19T07:51:00Z,synthetic_stepwise_integrated_bounded,1.933,5.155,0.03,0.03,0.0,288.0,0.0,9.26,0.32,1,On,1500.0,733.9
1789804320000000000,2026-09-19T07:52:00Z,synthetic_stepwise_integrated_bounded,1.93,5.184,0.03,0.03,0.0,288.0,0.0,8.82,0.34,3,On,1500.0,751.91
1789804380000000000,2026-09-19T07:53:00Z,synthetic_stepwise_integrated_bounded,1.881,5.2,0.03,0.03,0.0,288.0,0.0,9.9,0.3,3,On,1500.0,776.73
1789804440000000000,2026-09-19T07:54:00Z,synthetic_stepwise_integrated_bounded,1.86,5.184,0.03,0.03,0.0,288.0,0.0,8.28,0.36,1,On,1500.0,793.07
1789804500000000000,2026-09-19T07:55:00Z,synthetic_stepwise_integrated_bounded,1.919,5.261,0.03,0.03,0.0,288.0,0.0,8.87,0.34,2,On,1500.0,805.3
1789804560000000000,2026-09-19T07:56:00Z,synthetic_stepwise_integrated_bounded,1.962,5.299,0.03,0.03,0.0,288.0,0.0,10.64,0.28,2,On,1500.0,808.89
1789804620000000000,2026-09-19T07:57:00Z,synthetic_stepwise_integrated_bounded,1.895,5.288,0.03,0.03,0.0,288.0,0.0,10.14,0.3,1,On,1500.0,817.36
1789804680000000000,2026-09-19T07:58:00Z,synthetic_stepwise_integrated_bounded,1.863,5.263,0.03,0.03,0.0,288.0,0.0,10.04,0.3,3,On,1500.0,804.24
1789804740000000000,2026-09-19T07:59:00Z,synthetic_stepwise_integrated_bounded,1.92,5.222,0.03,0.03,0.0,288.0,0.0,10.0,0.3,1,On,1500.0,798.96
1789804800000000000,2026-09-19T08:00:00Z,synthetic_stepwise_integrated_bounded,1.957,5.177,0.03,0.03,0.0,288.0,0.0,9.97,0.3,2,On,1500.0,801.19
1789804860000000000,2026-09-19T08:01:00Z,synthetic_stepwise_integrated_bounded,1.872,5.141,0.03,0.03,0.0,288.0,0.0,8.28,0.36,2,On,1500.0,812.59
1789804920000000000,2026-09-19T08:02:00Z,synthetic_stepwise_integrated_bounded,1.888,5.102,0.03,0.03,0.0,288.0,0.0,8.31,0.36,1,On,1500.0,810.66
1789804980000000000,2026-09-19T08:03:00Z,synthetic_stepwise_integrated_bounded,1.98,5.086,0.03,0.03,0.0,288.0,0.0,9.14,0.33,1,On,1500.0,781.04
1789805040000000000,2026-09-19T08:04:00Z,synthetic_stepwise_integrated_bounded,2.081,5.09,0.03,0.03,0.0,288.0,0.0,10.31,0.29,1,On,1500.0,773.47
1789805100000000000,2026-09-19T08:05:00Z,synthetic_stepwise_integrated_bounded,2.055,5.023,0.03,0.03,0.0,288.0,0.0,10.98,0.27,3,On,1500.0,784.76
1789805160000000000,2026-09-19T08:06:00Z,synthetic_stepwise_integrated_bounded,2.097,5.086,0.03,0.03,0.0,288.0,0.0,11.57,0.26,2,On,1500.0,757.52
1789805220000000000,2026-09-19T08:07:00Z,synthetic_stepwise_integrated_bounded,2.086,5.159,0.02,0.02,0.0,288.0,0.0,11.94,0.17,1,On,1500.0,762.74
1789805280000000000,2026-09-19T08:08:00Z,synthetic_stepwise_integrated_bounded,2.105,5.211,0.02,0.02,0.0,288.0,0.0,11.35,0.18,1,On,1500.0,784.38
1789805340000000000,2026-09-19T08:09:00Z,synthetic_stepwise_integrated_bounded,2.074,5.318,0.02,0.02,0.0,288.0,0.0,12.15,0.16,1,On,1500.0,760.85
1789805400000000000,2026-09-19T08:10:00Z,synthetic_stepwise_integrated_bounded,2.049,5.273,0.02,0.02,0.0,288.0,0.0,11.24,0.18,3,On,1500.0,733.2
1789805460000000000,2026-09-19T08:11:00Z,synthetic_stepwise_integrated_bounded,2.103,5.323,0.02,0.02,0.0,288.0,0.0,10.66,0.19,1,On,1500.0,724.41
1789805520000000000,2026-09-19T08:12:00Z,synthetic_stepwise_integrated_bounded,2.082,5.373,0.03,0.03,0.0,288.0,0.0,11.04,0.27,1,On,1500.0,743.75
1789805580000000000,2026-09-19T08:13:00Z,synthetic_stepwise_integrated_bounded,2.169,5.327,0.02,0.02,0.0,288.0,0.0,13.53,0.15,1,On,1500.0,754.53
1789805640000000000,2026-09-19T08:14:00Z,synthetic_stepwise_integrated_bounded,2.086,5.325,0.02,0.02,0.0,288.0,0.0,10.73,0.19,1,On,1500.0,726.73
1789805700000000000,2026-09-19T08:15:00Z,synthetic_stepwise_integrated_bounded,2.099,5.355,0.02,0.02,0.0,288.0,0.0,12.55,0.16,1,On,1500.0,727.0
1789805760000000000,2026-09-19T08:16:00Z,synthetic_stepwise_integrated_bounded,2.045,5.4,0.02,0.02,0.0,288.0,0.0,12.12,0.17,1,On,1026.15,953.83
1789805820000000000,2026-09-19T08:17:00Z,synthetic_stepwise_integrated_bounded,1.945,5.414,0.02,0.02,0.0,288.0,0.0,10.93,0.18,2,On,1074.3,963.63
1789805880000000000,2026-09-19T08:18:00Z,synthetic_stepwise_integrated_bounded,1.886,5.364,0.02,0.02,0.0,288.0,0.0,8.72,0.23,1,On,1079.32,949.06
1789805940000000000,2026-09-19T08:19:00Z,synthetic_stepwise_integrated_bounded,1.824,5.336,0.03,0.03,0.0,288.0,0.0,9.3,0.32,2,On,1078.21,978.64
1789806000000000000,2026-09-19T08:20:00Z,synthetic_stepwise_integrated_bounded,1.855,5.358,0.02,0.02,0.0,288.0,0.0,8.59,0.23,3,On,1465.46,664.86
1789806060000000000,2026-09-19T08:21:00Z,synthetic_stepwise_integrated_bounded,1.843,5.359,0.03,0.03,0.0,288.0,0.0,9.34,0.32,3,On,1457.22,647.33
1789806120000000000,2026-09-19T08:22:00Z,synthetic_stepwise_integrated_bounded,1.852,5.33,0.03,0.03,0.0,288.0,0.0,8.5,0.35,2,On,1442.84,635.78
1789806180000000000,2026-09-19T08:23:00Z,synthetic_stepwise_integrated_bounded,1.849,5.271,0.03,0.03,0.0,288.0,0.0,8.51,0.35,1,On,1455.78,658.44
1789806240000000000,2026-09-19T08:24:00Z,synthetic_stepwise_integrated_bounded,1.809,5.186,0.03,0.03,0.0,288.0,0.0,9.01,0.33,1,On,1486.81,673.07
1789806300000000000,2026-09-19T08:25:00Z,synthetic_stepwise_integrated_bounded,1.777,5.17,0.03,0.03,0.0,288.0,0.0,8.8,0.34,2,On,1456.2,644.34
1789806360000000000,2026-09-19T08:26:00Z,synthetic_stepwise_integrated_bounded,1.763,5.184,0.02,0.02,0.0,288.0,0.0,7.54,0.27,1,On,1411.44,616.05
1789806420000000000,2026-09-19T08:27:00Z,synthetic_stepwise_integrated_bounded,1.704,5.197,0.03,0.03,0.0,288.0,0.0,7.75,0.39,3,On,1361.99,641.39
1789806480000000000,2026-09-19T08:28:00Z,synthetic_stepwise_integrated_bounded,1.709,5.093,0.03,0.03,0.0,288.0,0.0,6.86,0.44,3,On,1392.97,649.31
1789806540000000000,2026-09-19T08:29:00Z,synthetic_stepwise_integrated_bounded,1.761,5.109,0.03,0.03,0.0,288.0,0.0,7.9,0.38,1,On,1423.91,642.14
1789806600000000000,2026-09-19T08:30:00Z,synthetic_stepwise_integrated_bounded,1.775,5.15,0.03,0.03,0.0,288.0,0.0,8.58,0.35,3,On,1430.63,646.27
1789806660000000000,2026-09-19T08:31:00Z,synthetic_stepwise_integrated_bounded,1.778,5.22,0.03,0.03,0.0,288.0,0.0,8.11,0.37,1,On,1443.64,672.26
1789806720000000000,2026-09-19T08:32:00Z,synthetic_stepwise_integrated_bounded,1.774,5.263,0.03,0.03,0.0,288.0,0.0,8.89,0.34,1,On,1442.41,684.34
1789806780000000000,2026-09-19T08:33:00Z,synthetic_stepwise_integrated_bounded,1.758,5.25,0.03,0.03,0.0,288.0,0.0,8.89,0.34,3,On,1425.65,678.34
1789806840000000000,2026-09-19T08:34:00Z,synthetic_stepwise_integrated_bounded,1.735,5.26,0.03,0.03,0.0,288.0,0.0,7.36,0.41,2,On,1038.4,936.54
1789806900000000000,2026-09-19T08:35:00Z,synthetic_stepwise_integrated_bounded,1.693,5.267,0.03,0.03,0.0,288.0,0.0,7.57,0.4,2,On,995.3,940.33
1789806960000000000,2026-09-19T08:36:00Z,synthetic_stepwise_integrated_bounded,1.693,5.272,0.04,0.04,0.0,288.0,0.0,7.39,0.54,3,Starting,951.5,930.81
1789807020000000000,2026-09-19T08:37:00Z,synthetic_stepwise_integrated_bounded,1.684,5.341,0.03,0.03,0.0,288.0,0.0,6.94,0.43,2,Starting,955.14,955.59
1789807080000000000,2026-09-19T08:38:00Z,synthetic_stepwise_integrated_bounded,1.672,5.318,0.03,0.03,0.0,288.0,0.0,7.83,0.38,1,Starting,1002.48,962.88
1789807140000000000,2026-09-19T08:39:00Z,synthetic_stepwise_integrated_bounded,1.676,5.339,0.03,0.03,0.0,288.0,0.0,8.2,0.37,2,Starting,1001.57,962.7
1789807200000000000,2026-09-19T08:40:00Z,synthetic_stepwise_integrated_bounded,1.652,5.383,0.03,0.03,0.0,288.0,0.0,6.78,0.44,3,Starting,1000.1,977.3
1789807260000000000,2026-09-19T08:41:00Z,synthetic_stepwise_integrated_bounded,1.685,5.428,0.03,0.03,0.0,288.0,0.0,7.73,0.39,1,Starting,964.52,954.01
1789807320000000000,2026-09-19T08:42:00Z,synthetic_stepwise_integrated_bounded,1.623,5.563,0.03,0.03,0.0,288.0,0.0,6.72,0.45,3,Starting,932.2,943.97
1789807380000000000,2026-09-19T08:43:00Z,synthetic_stepwise_integrated_bounded,1.622,5.589,0.03,0.03,0.0,288.0,0.0,7.75,0.39,3,Starting,921.96,952.81
1789807440000000000,2026-09-19T08:44:00Z,synthetic_stepwise_integrated_bounded,1.587,5.578,0.03,0.03,0.0,288.0,0.0,7.03,0.43,2,Starting,943.76,938.12
1789807500000000000,2026-09-19T08:45:00Z,synthetic_stepwise_integrated_bounded,1.594,5.553,0.04,0.04,0.0,288.0,0.0,7.18,0.56,3,Starting,989.79,965.37
1789807560000000000,2026-09-19T08:46:00Z,synthetic_stepwise_integrated_bounded,1.587,5.564,0.03,0.03,0.0,288.0,0.0,7.53,0.4,1,Starting,967.33,948.46
1789807620000000000,2026-09-19T08:47:00Z,synthetic_stepwise_integrated_bounded,1.558,5.526,0.03,0.03,0.0,288.0,0.0,6.27,0.48,2,Starting,976.18,932.42
1789807680000000000,2026-09-19T08:48:00Z,synthetic_stepwise_integrated_bounded,1.593,5.53,0.03,0.03,0.0,288.0,0.0,6.79,0.44,2,Starting,1013.46,943.98
1789807740000000000,2026-09-19T08:49:00Z,synthetic_stepwise_integrated_bounded,1.534,5.469,0.03,0.03,0.0,288.0,0.0,6.34,0.47,2,Starting,563.64,514.42
1789807800000000000,2026-09-19T08:50:00Z,synthetic_stepwise_integrated_bounded,1.492,5.486,0.03,0.03,0.0,288.0,0.0,5.52,0.54,2,Starting,534.45,498.63
1789807860000000000,2026-09-19T08:51:00Z,synthetic_stepwise_integrated_bounded,1.577,5.362,0.03,0.03,0.0,288.0,0.0,6.93,0.43,3,Starting,535.16,497.93
1789807920000000000,2026-09-19T08:52:00Z,synthetic_stepwise_integrated_bounded,1.646,5.428,0.04,0.04,0.0,288.0,0.0,7.58,0.53,1,Starting,555.37,477.73
1789807980000000000,2026-09-19T08:53:00Z,synthetic_stepwise_integrated_bounded,1.691,5.46,0.04,0.04,0.0,288.0,0.0,7.81,0.51,1,Starting,540.34,456.07
1789808040000000000,2026-09-19T08:54:00Z,synthetic_stepwise_integrated_bounded,1.8,5.496,0.03,0.03,0.0,288.0,0.0,8.78,0.34,1,Starting,540.93,464.17
1789808100000000000,2026-09-19T08:55:00Z,synthetic_stepwise_integrated_bounded,1.815,5.522,0.04,0.04,0.0,288.0,0.0,8.37,0.48,2,Starting,574.85,455.5
1789808160000000000,2026-09-19T08:56:00Z,synthetic_stepwise_integrated_bounded,1.822,5.483,0.04,0.04,0.0,288.0,0.0,9.12,0.44,3,Starting,598.97,450.77
1789808220000000000,2026-09-19T08:57:00Z,synthetic_stepwise_integrated_bounded,1.885,5.604,0.04,0.04,0.0,288.0,0.0,10.36,0.39,1,Starting,592.07,478.81
1789808280000000000,2026-09-19T08:58:00Z,synthetic_stepwise_integrated_bounded,1.802,5.541,0.04,0.04,0.0,288.0,0.0,9.66,0.41,2,Starting,594.48,450.49
1789808340000000000,2026-09-19T08:59:00Z,synthetic_stepwise_integrated_bounded,1.796,5.628,0.04,0.04,0.0,288.0,0.0,8.76,0.46,3,Starting,625.02,449.43
1789808400000000000,2026-09-19T09:00:00Z,synthetic_stepwise_integrated_bounded,1.795,5.654,0.04,0.04,0.0,288.0,0.0,8.72,0.46,2,Starting,584.82,442.1
1789808460000000000,2026-09-19T09:01:00Z,synthetic_stepwise_integrated_bounded,1.81,5.633,0.04,0.04,0.0,288.0,0.0,9.01,0.44,3,Starting,624.38,469.74
1789808520000000000,2026-09-19T09:02:00Z,synthetic_stepwise_integrated_bounded,1.873,5.574,0.03,0.03,0.0,288.0,0.0,10.42,0.29,2,Starting,592.89,485.82
1789808580000000000,2026-09-19T09:03:00Z,synthetic_stepwise_integrated_bounded,1.81,5.674,0.03,0.03,0.0,288.0,0.0,9.11,0.33,3,Starting,622.89,459.54
1789808640000000000,2026-09-19T09:04:00Z,synthetic_stepwise_integrated_bounded,1.83,5.703,0.03,0.03,0.0,288.0,0.0,10.08,0.3,2,Starting,612.04,466.06
1789808700000000000,2026-09-19T09:05:00Z,synthetic_stepwise_integrated_bounded,1.823,5.681,0.03,0.03,0.0,288.0,0.0,9.23,0.33,1,Starting,626.98,477.05
1789808760000000000,2026-09-19T09:06:00Z,synthetic_stepwise_integrated_bounded,1.891,5.76,0.03,0.03,0.0,288.0,0.0,10.79,0.28,3,Starting,583.72,466.72
1789808820000000000,2026-09-19T09:07:00Z,synthetic_stepwise_integrated_bounded,1.876,5.824,0.03,0.03,0.0,288.0,0.0,10.19,0.29,2,Starting,633.7,474.05
1789808880000000000,2026-09-19T09:08:00Z,synthetic_stepwise_integrated_bounded,1.802,5.889,0.03,0.03,0.0,288.0,0.0,10.28,0.29,3,Starting,678.78,459.33
1789808940000000000,2026-09-19T09:09:00Z,synthetic_stepwise_integrated_bounded,1.774,5.932,0.03,0.03,0.0,288.0,0.0,10.07,0.3,1,Starting,659.58,451.25
1789809000000000000,2026-09-19T09:10:00Z,synthetic_stepwise_integrated_bounded,1.774,5.844,0.03,0.03,0.0,288.0,0.0,9.8,0.31,1,Starting,661.78,421.45
1789809060000000000,2026-09-19T09:11:00Z,synthetic_stepwise_integrated_bounded,1.785,5.769,0.03,0.03,0.0,288.0,0.0,9.27,0.32,1,Starting,626.3,400.02
1789809120000000000,2026-09-19T09:12:00Z,synthetic_stepwise_integrated_bounded,1.78,5.819,0.03,0.03,0.0,288.0,0.0,8.48,0.35,1,Starting,668.02,376.7
1789809180000000000,2026-09-19T09:13:00Z,synthetic_stepwise_integrated_bounded,1.815,5.786,0.03,0.03,0.0,288.0,0.0,10.38,0.29,3,Starting,671.62,351.99
1789809240000000000,2026-09-19T09:14:00Z,synthetic_stepwise_integrated_bounded,1.721,5.741,0.03,0.03,0.0,288.0,0.0,8.4,0.36,2,Starting,688.29,331.21
1789809300000000000,2026-09-19T09:15:00Z,synthetic_stepwise_integrated_bounded,1.763,5.807,0.03,0.03,0.0,288.0,0.0,8.19,0.37,3,Starting,714.56,355.27
1789809360000000000,2026-09-19T09:16:00Z,synthetic_stepwise_integrated_bounded,1.797,5.749,0.03,0.03,0.0,288.0,0.0,9.78,0.31,3,Starting,759.42,349.81
1789809420000000000,2026-09-19T09:17:00Z,synthetic_stepwise_integrated_bounded,1.784,5.806,0.03,0.03,0.0,288.0,0.0,9.97,0.3,2,Starting,741.95,373.39
1789809480000000000,2026-09-19T09:18:00Z,synthetic_stepwise_integrated_bounded,1.771,5.832,0.03,0.03,0.0,288.0,0.0,9.13,0.33,3,Starting,749.38,382.28
1789809540000000000,2026-09-19T09:19:00Z,synthetic_stepwise_integrated_bounded,1.748,5.808,0.03,0.03,0.0,288.0,0.0,9.23,0.33,2,Starting,768.05,356.6
1789809600000000000,2026-09-19T09:20:00Z,synthetic_stepwise_integrated_bounded,1.679,5.83,0.03,0.03,0.0,288.0,0.0,7.87,0.38,2,Starting,786.98,354.6
1789809660000000000,2026-09-19T09:21:00Z,synthetic_stepwise_integrated_bounded,1.646,5.814,0.04,0.04,0.0,288.0,0.0,8.41,0.48,3,Starting,830.58,335.5
1789809720000000000,2026-09-19T09:22:00Z,synthetic_stepwise_integrated_bounded,1.634,5.808,0.04,0.04,0.0,288.0,0.0,8.45,0.47,3,Starting,810.03,305.72
1789809780000000000,2026-09-19T09:23:00Z,synthetic_stepwise_integrated_bounded,1.548,5.805,0.04,0.04,0.0,288.0,0.0,6.8,0.59,1,Starting,847.13,301.3
1789809840000000000,2026-09-19T09:24:00Z,synthetic_stepwise_integrated_bounded,1.525,5.845,0.04,0.04,0.0,288.0,0.0,6.98,0.57,2,Starting,879.65,303.5
1789809900000000000,2026-09-19T09:25:00Z,synthetic_stepwise_integrated_bounded,1.523,5.955,0.03,0.03,0.0,288.0,0.0,7.6,0.39,1,Starting,832.37,315.31
1789809960000000000,2026-09-19T09:26:00Z,synthetic_stepwise_integrated_bounded,1.587,5.912,0.03,0.03,0.0,288.0,0.0,7.8,0.38,1,Starting,812.47,291.15
1789810020000000000,2026-09-19T09:27:00Z,synthetic_stepwise_integrated_bounded,1.615,5.877,0.04,0.04,0.0,288.0,0.0,7.79,0.51,2,Starting,784.7,284.73
1789810080000000000,2026-09-19T09:28:00Z,synthetic_stepwise_integrated_bounded,1.581,5.885,0.03,0.03,0.0,288.0,0.0,7.54,0.4,1,Starting,821.05,273.51
1789810140000000000,2026-09-19T09:29:00Z,synthetic_stepwise_integrated_bounded,1.553,5.869,0.04,0.04,0.0,288.0,0.0,6.38,0.63,3,Starting,845.35,262.73
1789810200000000000,2026-09-19T09:30:00Z,synthetic_stepwise_integrated_bounded,1.568,5.823,0.04,0.04,0.0,288.0,0.0,7.7,0.52,1,Starting,852.4,256.02
1789810260000000000,2026-09-19T09:31:00Z,synthetic_stepwise_integrated_bounded,1.653,5.855,0.04,0.04,0.0,288.0,0.0,7.73,0.52,1,Starting,824.92,252.68
1789810320000000000,2026-09-19T09:32:00Z,synthetic_stepwise_integrated_bounded,1.633,5.892,0.04,0.04,0.0,288.0,0.0,7.3,0.55,3,Starting,867.37,233.75
1789810380000000000,2026-09-19T09:33:00Z,synthetic_stepwise_integrated_bounded,1.716,5.903,0.03,0.03,0.0,288.0,0.0,9.22,0.33,3,Starting,893.47,246.84
1789810440000000000,2026-09-19T09:34:00Z,synthetic_stepwise_integrated_bounded,1.766,5.923,0.04,0.04,0.0,288.0,0.0,9.09,0.44,2,Starting,909.07,262.55
1789810500000000000,2026-09-19T09:35:00Z,synthetic_stepwise_integrated_bounded,1.82,5.96,0.04,0.04,0.0,288.0,0.0,10.82,0.37,1,Starting,947.77,270.07
1789810560000000000,2026-09-19T09:36:00Z,synthetic_stepwise_integrated_bounded,1.832,5.981,0.04,0.04,0.0,288.0,0.0,9.05,0.44,3,Starting,955.92,246.46
1789810620000000000,2026-09-19T09:37:00Z,synthetic_stepwise_integrated_bounded,1.783,5.958,0.04,0.04,0.0,288.0,0.0,9.62,0.42,1,Starting,937.6,232.25
1789810680000000000,2026-09-19T09:38:00Z,synthetic_stepwise_integrated_bounded,1.779,6.017,0.04,0.04,0.0,288.0,0.0,9.45,0.42,1,Starting,938.73,257.07
1789810740000000000,2026-09-19T09:39:00Z,synthetic_stepwise_integrated_bounded,1.747,5.974,0.04,0.04,0.0,288.0,0.0,8.49,0.47,1,Off,921.8,285.74
1789810800000000000,2026-09-19T09:40:00Z,synthetic_stepwise_integrated_bounded,1.713,5.922,0.04,0.04,0.0,288.0,0.0,8.32,0.48,3,Off,912.55,259.03
1789810860000000000,2026-09-19T09:41:00Z,synthetic_stepwise_integrated_bounded,1.754,5.974,0.04,0.04,0.0,288.0,0.0,9.33,0.43,1,Off,892.57,279.78
1789810920000000000,2026-09-19T09:42:00Z,synthetic_stepwise_integrated_bounded,1.709,5.907,0.04,0.04,0.0,288.0,0.0,9.35,0.43,1,Off,880.43,250.91
1789810980000000000,2026-09-19T09:43:00Z,synthetic_stepwise_integrated_bounded,1.796,5.792,0.03,0.03,0.0,288.0,0.0,8.72,0.34,1,Off,873.27,275.97
1789811040000000000,2026-09-19T09:44:00Z,synthetic_stepwise_integrated_bounded,1.701,5.818,0.04,0.04,0.0,288.0,0.0,7.9,0.51,3,Off,872.96,281.32
1789811100000000000,2026-09-19T09:45:00Z,synthetic_stepwise_integrated_bounded,1.734,5.702,0.03,0.03,0.0,288.0,0.0,8.79,0.34,2,Off,828.26,293.93
1789811160000000000,2026-09-19T09:46:00Z,synthetic_stepwise_integrated_bounded,1.759,5.651,0.04,0.04,0.0,288.0,0.0,9.2,0.43,3,Off,810.06,299.98
1789811220000000000,2026-09-19T09:47:00Z,synthetic_stepwise_integrated_bounded,1.827,5.722,0.04,0.04,0.0,288.0,0.0,10.17,0.39,1,Off,767.77,304.91
1789811280000000000,2026-09-19T09:48:00Z,synthetic_stepwise_integrated_bounded,1.844,5.764,0.04,0.04,0.0,288.0,0.0,9.15,0.44,1,Off,779.47,276.55
1789811340000000000,2026-09-19T09:49:00Z,synthetic_stepwise_integrated_bounded,1.85,5.708,0.04,0.04,0.0,288.0,0.0,9.18,0.44,1,Off,805.6,267.52
1789811400000000000,2026-09-19T09:50:00Z,synthetic_stepwise_integrated_bounded,1.807,5.791,0.04,0.04,0.0,288.0,0.0,8.64,0.46,1,Off,768.25,297.4
1789811460000000000,2026-09-19T09:51:00Z,synthetic_stepwise_integrated_bounded,1.754,5.74,0.04,0.04,0.0,288.0,0.0,8.6,0.47,3,Off,813.28,298.52
1789811520000000000,2026-09-19T09:52:00Z,synthetic_stepwise_integrated_bounded,1.755,5.72,0.05,0.05,0.0,288.0,0.0,8.66,0.58,2,Off,855.09,300.24
1789811580000000000,2026-09-19T09:53:00Z,synthetic_stepwise_integrated_bounded,1.704,5.813,0.04,0.04,0.0,288.0,0.0,8.66,0.46,3,Off,882.18,306.0
1789811640000000000,2026-09-19T09:54:00Z,synthetic_stepwise_integrated_bounded,1.762,5.829,0.04,0.04,0.0,288.0,0.0,8.81,0.45,3,Off,851.56,281.32
1789811700000000000,2026-09-19T09:55:00Z,synthetic_stepwise_integrated_bounded,1.677,5.791,0.04,0.04,0.0,288.0,0.0,7.88,0.51,2,Off,810.03,262.74
1789811760000000000,2026-09-19T09:56:00Z,synthetic_stepwise_integrated_bounded,1.591,5.746,0.04,0.04,0.0,288.0,0.0,7.74,0.52,3,Off,850.07,269.37
1789811820000000000,2026-09-19T09:57:00Z,synthetic_stepwise_integrated_bounded,1.604,5.74,0.04,0.04,0.0,288.0,0.0,7.95,0.5,2,Off,869.14,287.35
1789811880000000000,2026-09-19T09:58:00Z,synthetic_stepwise_integrated_bounded,1.683,5.76,0.04,0.04,0.0,288.0,0.0,8.74,0.46,3,Off,858.05,262.23
1789811940000000000,2026-09-19T09:59:00Z,synthetic_stepwise_integrated_bounded,1.68,5.715,0.05,0.05,0.0,288.0,0.0,7.95,0.63,1,Off,845.39,246.39
1789812000000000000,2026-09-19T10:00:00Z,synthetic_stepwise_integrated_bounded,1.698,5.748,0.05,0.05,0.0,288.0,0.0,7.68,0.65,3,Off,852.82,238.82
1789812060000000000,2026-09-19T10:01:00Z,synthetic_stepwise_integrated_bounded,1.689,5.753,0.05,0.05,0.0,288.0,0.0,8.07,0.62,1,Off,818.88,238.32
1789812120000000000,2026-09-19T10:02:00Z,synthetic_stepwise_integrated_bounded,1.619,5.734,0.05,0.05,0.0,288.0,0.0,7.21,0.69,2,Off,784.56,235.39
1789812180000000000,2026-09-19T10:03:00Z,synthetic_stepwise_integrated_bounded,1.659,5.732,0.05,0.05,0.0,288.0,0.0,7.38,0.68,3,Off,518.88,843.83
1789812240000000000,2026-09-19T10:04:00Z,synthetic_stepwise_integrated_bounded,1.717,5.685,0.05,0.05,0.0,288.0,0.0,8.63,0.58,2,Off,521.45,835.03
1789812300000000000,2026-09-19T10:05:00Z,synthetic_stepwise_integrated_bounded,1.66,5.631,0.05,0.05,0.0,288.0,0.0,8.39,0.6,2,Off,536.06,820.71
1789812360000000000,2026-09-19T10:06:00Z,synthetic_stepwise_integrated_bounded,1.648,5.665,0.05,0.05,0.0,288.0,0.0,7.51,0.67,3,Off,571.54,850.57
1789812420000000000,2026-09-19T10:07:00Z,synthetic_stepwise_integrated_bounded,1.741,5.508,0.05,0.05,0.0,288.0,0.0,8.81,0.57,1,Off,543.11,834.15
1789812480000000000,2026-09-19T10:08:00Z,synthetic_stepwise_integrated_bounded,1.747,5.533,0.05,0.05,0.0,288.0,0.0,8.75,0.57,2,Off,531.16,843.04
1789812540000000000,2026-09-19T10:09:00Z,synthetic_stepwise_integrated_bounded,1.756,5.569,0.05,0.05,0.0,288.0,0.0,9.06,0.55,2,Off,549.05,833.3
1789812600000000000,2026-09-19T10:10:00Z,synthetic_stepwise_integrated_bounded,1.803,5.579,0.06,0.06,0.0,288.0,0.0,8.65,0.69,3,Off,535.8,853.13
1789812660000000000,2026-09-19T10:11:00Z,synthetic_stepwise_integrated_bounded,1.844,5.437,0.06,0.06,0.0,288.0,0.0,9.25,0.65,3,Off,553.34,845.53
1789812720000000000,2026-09-19T10:12:00Z,synthetic_stepwise_integrated_bounded,1.997,5.41,0.05,0.05,0.0,288.0,0.0,9.96,0.5,3,Off,568.26,861.57
1789812780000000000,2026-09-19T10:13:00Z,synthetic_stepwise_integrated_bounded,2.008,5.411,0.06,0.06,0.0,288.0,0.0,10.85,0.55,1,Off,544.48,840.74
1789812840000000000,2026-09-19T10:14:00Z,synthetic_stepwise_integrated_bounded,2.04,5.496,0.05,0.05,0.0,288.0,0.0,12.0,0.42,2,Off,549.38,859.17
1789812900000000000,2026-09-19T10:15:00Z,synthetic_stepwise_integrated_bounded,2.0,5.454,0.05,0.05,0.0,288.0,0.0,11.75,0.43,1,Off,581.68,848.86
1789812960000000000,2026-09-19T10:16:00Z,synthetic_stepwise_integrated_bounded,2.043,5.345,0.05,0.05,0.0,288.0,0.0,11.22,0.45,3,Off,1076.22,926.1
1789813020000000000,2026-09-19T10:17:00Z,synthetic_stepwise_integrated_bounded,2.015,5.279,0.05,0.05,0.0,288.0,0.0,10.51,0.48,3,Off,1068.68,903.44
1789813080000000000,2026-09-19T10:18:00Z,synthetic_stepwise_integrated_bounded,1.962,5.299,0.05,0.05,0.0,288.0,0.0,9.66,0.52,3,Off,1026.48,892.17
1789813140000000000,2026-09-19T10:19:00Z,synthetic_stepwise_integrated_bounded,2.0,5.277,0.05,0.05,0.0,288.0,0.0,11.59,0.43,3,Off,1072.01,913.65
1789813200000000000,2026-09-19T10:20:00Z,synthetic_stepwise_integrated_bounded,2.005,5.259,0.04,0.04,0.0,288.0,0.0,10.8,0.37,3,Off,1025.05,890.15
1789813260000000000,2026-09-19T10:21:00Z,synthetic_stepwise_integrated_bounded,2.063,5.314,0.04,0.04,0.0,288.0,0.0,11.63,0.34,3,Off,1028.15,871.27
1789813320000000000,2026-09-19T10:22:00Z,synthetic_stepwise_integrated_bounded,2.031,5.314,0.04,0.04,0.0,288.0,0.0,10.23,0.39,2,Off,1050.46,878.8
1789813380000000000,2026-09-19T10:23:00Z,synthetic_stepwise_integrated_bounded,2.079,5.26,0.04,0.04,0.0,288.0,0.0,11.83,0.34,3,Off,1078.26,891.63
1789813440000000000,2026-09-19T10:24:00Z,synthetic_stepwise_integrated_bounded,2.03,5.324,0.04,0.04,0.0,288.0,0.0,11.45,0.35,3,Off,1110.63,890.59
1789813500000000000,2026-09-19T10:25:00Z,synthetic_stepwise_integrated_bounded,2.041,5.352,0.04,0.04,0.0,288.0,0.0,11.05,0.36,3,Off,1064.6,909.78
1789813560000000000,2026-09-19T10:26:00Z,synthetic_stepwise_integrated_bounded,1.982,5.456,0.03,0.03,0.0,288.0,0.0,11.39,0.26,1,Off,1043.5,898.62
1789813620000000000,2026-09-19T10:27:00Z,synthetic_stepwise_integrated_bounded,1.953,5.465,0.03,0.03,0.0,288.0,0.0,11.36,0.26,2,Off,1069.59,921.88
1789813680000000000,2026-09-19T10:28:00Z,synthetic_stepwise_integrated_bounded,1.974,5.485,0.03,0.03,0.0,288.0,0.0,10.53,0.28,3,Off,668.86,933.87
1789813740000000000,2026-09-19T10:29:00Z,synthetic_stepwise_integrated_bounded,1.966,5.5,0.03,0.03,0.0,288.0,0.0,10.61,0.28,1,Off,638.64,953.97
1789813800000000000,2026-09-19T10:30:00Z,synthetic_stepwise_integrated_bounded,1.965,5.499,0.03,0.03,0.0,288.0,0.0,10.15,0.3,1,Off,658.25,939.29
1789813860000000000,2026-09-19T10:31:00Z,synthetic_stepwise_integrated_bounded,2.058,5.437,0.03,0.03,0.0,288.0,0.0,10.37,0.29,1,Off,696.12,957.47
1789813920000000000,2026-09-19T10:32:00Z,synthetic_stepwise_integrated_bounded,2.132,5.327,0.03,0.03,0.0,288.0,0.0,12.58,0.24,3,Off,698.58,943.7
1789813980000000000,2026-09-19T10:33:00Z,synthetic_stepwise_integrated_bounded,2.111,5.384,0.03,0.03,0.0,288.0,0.0,11.45,0.26,1,Off,695.41,919.19
1789814040000000000,2026-09-19T10:34:00Z,synthetic_stepwise_integrated_bounded,2.162,5.415,0.03,0.03,0.0,288.0,0.0,13.0,0.23,2,Off,679.7,947.22
1789814100000000000,2026-09-19T10:35:00Z,synthetic_stepwise_integrated_bounded,2.211,5.458,0.02,0.02,0.0,288.0,0.0,14.36,0.14,1,Off,629.86,951.35
1789814160000000000,2026-09-19T10:36:00Z,synthetic_stepwise_integrated_bounded,2.221,5.503,0.02,0.02,0.0,288.0,0.0,14.56,0.14,1,Off,658.82,958.12
1789814220000000000,2026-09-19T10:37:00Z,synthetic_stepwise_integrated_bounded,2.202,5.528,0.02,0.02,0.0,288.0,0.0,12.41,0.16,2,Off,701.14,961.93
1789814280000000000,2026-09-19T10:38:00Z,synthetic_stepwise_integrated_bounded,2.184,5.484,0.03,0.03,0.0,288.0,0.0,13.39,0.22,3,Off,749.22,955.18
1789814340000000000,2026-09-19T10:39:00Z,synthetic_stepwise_integrated_bounded,2.111,5.503,0.03,0.03,0.0,288.0,0.0,13.11,0.23,3,Off,729.18,977.05
1789814400000000000,2026-09-19T10:40:00Z,synthetic_stepwise_integrated_bounded,2.165,5.526,0.02,0.02,0.0,288.0,0.0,13.06,0.15,2,Off,732.85,997.14
1789814460000000000,2026-09-19T10:41:00Z,synthetic_stepwise_integrated_bounded,2.14,5.477,0.02,0.02,0.0,288.0,0.0,11.5,0.17,3,Off,729.78,997.29
1789814520000000000,2026-09-19T10:42:00Z,synthetic_stepwise_integrated_bounded,2.138,5.443,0.02,0.02,0.0,288.0,0.0,11.53,0.17,1,Off,693.16,1000.0
1789814580000000000,2026-09-19T10:43:00Z,synthetic_stepwise_integrated_bounded,2.075,5.449,0.02,0.02,0.0,288.0,0.0,12.12,0.17,3,Off,643.3,1000.0
1789814640000000000,2026-09-19T10:44:00Z,synthetic_stepwise_integrated_bounded,2.064,5.449,0.02,0.02,0.0,288.0,0.0,11.05,0.18,3,Off,624.17,1000.0
1789814700000000000,2026-09-19T10:45:00Z,synthetic_stepwise_integrated_bounded,2.038,5.364,0.02,0.02,0.0,288.0,0.0,12.17,0.16,2,Off,581.91,1000.0
1789814760000000000,2026-09-19T10:46:00Z,synthetic_stepwise_integrated_bounded,1.949,5.376,0.02,0.02,0.0,288.0,0.0,10.57,0.19,2,Off,600.6,1000.0
1789814820000000000,2026-09-19T10:47:00Z,synthetic_stepwise_integrated_bounded,1.9,5.425,0.02,0.02,0.0,288.0,0.0,9.44,0.21,1,Off,606.6,1000.0
1789814880000000000,2026-09-19T10:48:00Z,synthetic_stepwise_integrated_bounded,1.927,5.494,0.02,0.02,0.0,288.0,0.0,11.21,0.18,2,Off,569.96,1000.0
1789814940000000000,2026-09-19T10:49:00Z,synthetic_stepwise_integrated_bounded,1.883,5.382,0.02,0.02,0.0,288.0,0.0,8.68,0.23,2,Off,550.27,1000.0
1789815000000000000,2026-09-19T10:50:00Z,synthetic_stepwise_integrated_bounded,1.829,5.362,0.02,0.02,0.0,288.0,0.0,8.12,0.25,3,Off,547.75,1000.0
1789815060000000000,2026-09-19T10:51:00Z,synthetic_stepwise_integrated_bounded,1.728,5.28,0.01,0.01,0.0,288.0,0.0,8.53,0.12,2,Off,539.64,1000.0
1789815120000000000,2026-09-19T10:52:00Z,synthetic_stepwise_integrated_bounded,1.759,5.247,0.01,0.01,0.0,288.0,0.0,8.5,0.12,1,Off,538.96,1000.0
1789815180000000000,2026-09-19T10:53:00Z,synthetic_stepwise_integrated_bounded,1.729,5.279,0.02,0.02,0.0,288.0,0.0,8.46,0.24,2,Off,534.88,1000.0
1789815240000000000,2026-09-19T10:54:00Z,synthetic_stepwise_integrated_bounded,1.703,5.244,0.02,0.02,0.0,288.0,0.0,7.49,0.27,3,Off,583.74,1000.0
1789815300000000000,2026-09-19T10:55:00Z,synthetic_stepwise_integrated_bounded,1.649,5.335,0.02,0.02,0.0,288.0,0.0,7.91,0.25,3,Off,557.98,1000.0
1789815360000000000,2026-09-19T10:56:00Z,synthetic_stepwise_integrated_bounded,1.698,5.441,0.02,0.02,0.0,288.0,0.0,7.32,0.27,2,Off,537.83,1000.0
1789815420000000000,2026-09-19T10:57:00Z,synthetic_stepwise_integrated_bounded,1.729,5.462,0.02,0.02,0.0,288.0,0.0,8.74,0.23,2,Off,1186.81,677.66
1789815480000000000,2026-09-19T10:58:00Z,synthetic_stepwise_integrated_bounded,1.738,5.477,0.02,0.02,0.0,288.0,0.0,8.24,0.24,1,Off,1179.97,670.23
1789815540000000000,2026-09-19T10:59:00Z,synthetic_stepwise_integrated_bounded,1.683,5.497,0.02,0.02,0.0,288.0,0.0,7.05,0.28,2,Off,1171.5,677.38
1789815600000000000,2026-09-19T11:00:00Z,synthetic_stepwise_integrated_bounded,1.643,5.492,0.02,0.02,0.0,288.0,0.0,7.81,0.26,1,Off,1134.66,663.11
1789815660000000000,2026-09-19T11:01:00Z,synthetic_stepwise_integrated_bounded,1.63,5.572,0.02,0.02,0.0,288.0,0.0,7.99,0.25,2,Off,1157.86,633.48
1789815720000000000,2026-09-19T11:02:00Z,synthetic_stepwise_integrated_bounded,1.652,5.534,0.02,0.02,0.0,288.0,0.0,7.54,0.27,3,Off,1174.59,630.88
1789815780000000000,2026-09-19T11:03:00Z,synthetic_stepwise_integrated_bounded,1.565,5.526,0.02,0.02,0.0,288.0,0.0,6.15,0.33,1,Off,1186.05,614.48
1789815840000000000,2026-09-19T11:04:00Z,synthetic_stepwise_integrated_bounded,1.606,5.557,0.02,0.02,0.0,288.0,0.0,7.82,0.26,1,Off,1213.43,587.71
1789815900000000000,2026-09-19T11:05:00Z,synthetic_stepwise_integrated_bounded,1.577,5.564,0.02,0.02,0.0,288.0,0.0,7.43,0.27,2,Off,1178.18,558.83
1789815960000000000,2026-09-19T11:06:00Z,synthetic_stepwise_integrated_bounded,1.544,5.498,0.02,0.02,0.0,288.0,0.0,6.95,0.29,3,Off,1205.55,536.33
1789816020000000000,2026-09-19T11:07:00Z,synthetic_stepwise_integrated_bounded,1.498,5.4,0.02,0.02,0.0,288.0,0.0,6.21,0.32,3,Off,1178.8,533.09
1789816080000000000,2026-09-19T11:08:00Z,synthetic_stepwise_integrated_bounded,1.493,5.408,0.02,0.02,0.0,288.0,0.0,6.13,0.33,3,Off,1217.54,526.1
1789816140000000000,2026-09-19T11:09:00Z,synthetic_stepwise_integrated_bounded,1.458,5.403,0.02,0.02,0.0,288.0,0.0,6.14,0.33,3,Off,1181.3,549.41
1789816200000000000,2026-09-19T11:10:00Z,synthetic_stepwise_integrated_bounded,1.48,5.457,0.02,0.02,0.0,288.0,0.0,5.43,0.37,2,Off,1133.86,557.3
1789816260000000000,2026-09-19T11:11:00Z,synthetic_stepwise_integrated_bounded,1.393,5.455,0.02,0.02,0.0,288.0,0.0,4.99,0.4,2,Off,1118.95,579.04
1789816320000000000,2026-09-19T11:12:00Z,synthetic_stepwise_integrated_bounded,1.344,5.44,0.02,0.02,0.0,288.0,0.0,5.31,0.38,1,Off,1114.92,583.66
1789816380000000000,2026-09-19T11:13:00Z,synthetic_stepwise_integrated_bounded,1.334,5.513,0.02,0.02,0.0,288.0,0.0,4.57,0.44,3,Off,1149.37,559.59
1789816440000000000,2026-09-19T11:14:00Z,synthetic_stepwise_integrated_bounded,1.338,5.502,0.02,0.02,0.0,288.0,0.0,5.3,0.38,1,Off,1149.76,544.58
1789816500000000000,2026-09-19T11:15:00Z,synthetic_stepwise_integrated_bounded,1.336,5.536,0.02,0.02,0.0,288.0,0.0,4.81,0.42,1,Off,1104.74,552.91
1789816560000000000,2026-09-19T11:16:00Z,synthetic_stepwise_integrated_bounded,1.343,5.581,0.02,0.02,0.0,288.0,0.0,4.56,0.44,2,Off,1117.52,525.04
1789816620000000000,2026-09-19T11:17:00Z,synthetic_stepwise_integrated_bounded,1.341,5.563,0.02,0.02,0.0,288.0,0.0,5.0,0.4,1,Off,1165.65,535.71
1789816680000000000,2026-09-19T11:18:00Z,synthetic_stepwise_integrated_bounded,1.322,5.589,0.02,0.02,0.0,288.0,0.0,4.67,0.43,1,Off,1180.73,506.92
1789816740000000000,2026-09-19T11:19:00Z,synthetic_stepwise_integrated_bounded,1.389,5.604,0.02,0.02,0.0,288.0,0.0,5.91,0.34,3,Off,1215.06,523.74
1789816800000000000,2026-09-19T11:20:00Z,synthetic_stepwise_integrated_bounded,1.429,5.662,0.02,0.02,0.0,288.0,0.0,5.64,0.35,2,Off,1167.23,534.88
1789816860000000000,2026-09-19T11:21:00Z,synthetic_stepwise_integrated_bounded,1.507,5.631,0.02,0.02,0.0,288.0,0.0,6.35,0.31,3,Off,1117.75,515.47
1789816920000000000,2026-09-19T11:22:00Z,synthetic_stepwise_integrated_bounded,1.513,5.617,0.02,0.02,0.0,288.0,0.0,6.86,0.29,3,Off,788.0,728.27
1789816980000000000,2026-09-19T11:23:00Z,synthetic_stepwise_integrated_bounded,1.518,5.651,0.02,0.02,0.0,288.0,0.0,6.59,0.3,3,Off,763.15,736.71
1789817040000000000,2026-09-19T11:24:00Z,synthetic_stepwise_integrated_bounded,1.48,5.704,0.02,0.02,0.0,288.0,0.0,6.75,0.3,2,Off,754.15,715.92
1789817100000000000,2026-09-19T11:25:00Z,synthetic_stepwise_integrated_bounded,1.469,5.664,0.02,0.02,0.0,288.0,0.0,6.63,0.3,3,Off,794.98,745.08
1789817160000000000,2026-09-19T11:26:00Z,synthetic_stepwise_integrated_bounded,1.496,5.599,0.02,0.02,0.0,288.0,0.0,5.88,0.34,1,Off,766.35,753.42
1789817220000000000,2026-09-19T11:27:00Z,synthetic_stepwise_integrated_bounded,1.441,5.628,0.02,0.02,0.0,288.0,0.0,5.7,0.35,2,Off,740.98,761.5
1789817280000000000,2026-09-19T11:28:00Z,synthetic_stepwise_integrated_bounded,1.471,5.648,0.02,0.02,0.0,288.0,0.0,5.56,0.36,1,Off,1396.59,800.68
1789817340000000000,2026-09-19T11:29:00Z,synthetic_stepwise_integrated_bounded,1.447,5.667,0.02,0.02,0.0,288.0,0.0,5.55,0.36,3,Off,1402.82,792.97
1789817400000000000,2026-09-19T11:30:00Z,synthetic_stepwise_integrated_bounded,1.457,5.651,0.02,0.02,0.0,288.0,0.0,5.95,0.34,2,Off,1377.01,766.1
1789817460000000000,2026-09-19T11:31:00Z,synthetic_stepwise_integrated_bounded,1.469,5.638,0.02,0.02,0.0,288.0,0.0,6.65,0.3,2,Off,1414.59,751.77
1789817520000000000,2026-09-19T11:32:00Z,synthetic_stepwise_integrated_bounded,1.452,5.695,0.02,0.02,0.0,288.0,0.0,6.53,0.31,2,Off,1427.69,750.76
1789817580000000000,2026-09-19T11:33:00Z,synthetic_stepwise_integrated_bounded,1.476,5.67,0.02,0.02,0.0,288.0,0.0,5.78,0.35,1,Off,1411.55,749.59
1789817640000000000,2026-09-19T11:34:00Z,synthetic_stepwise_integrated_bounded,1.487,5.583,0.02,0.02,0.0,288.0,0.0,6.25,0.32,2,Off,1437.34,773.9
1789817700000000000,2026-09-19T11:35:00Z,synthetic_stepwise_integrated_bounded,1.495,5.528,0.02,0.02,0.0,288.0,0.0,6.67,0.3,2,Off,1457.41,799.43
1789817760000000000,2026-09-19T11:36:00Z,synthetic_stepwise_integrated_bounded,1.474,5.439,0.02,0.02,0.0,288.0,0.0,5.64,0.35,3,Off,1448.78,772.16
1789817820000000000,2026-09-19T11:37:00Z,synthetic_stepwise_integrated_bounded,1.504,5.398,0.02,0.02,0.0,288.0,0.0,5.74,0.35,2,Off,1475.58,752.12
1789817880000000000,2026-09-19T11:38:00Z,synthetic_stepwise_integrated_bounded,1.484,5.427,0.01,0.01,0.0,288.0,0.0,5.78,0.17,1,Off,1500.0,767.15
1789817940000000000,2026-09-19T11:39:00Z,synthetic_stepwise_integrated_bounded,1.371,5.356,0.02,0.02,0.0,288.0,0.0,4.8,0.42,1,Off,1486.68,791.57
1789818000000000000,2026-09-19T11:40:00Z,synthetic_stepwise_integrated_bounded,1.402,5.211,0.02,0.02,0.0,288.0,0.0,5.06,0.4,1,Off,1448.38,796.56
1789818060000000000,2026-09-19T11:41:00Z,synthetic_stepwise_integrated_bounded,1.406,5.231,0.02,0.02,0.0,288.0,0.0,5.24,0.38,2,Off,1421.15,775.46
1789818120000000000,2026-09-19T11:42:00Z,synthetic_stepwise_integrated_bounded,1.372,5.197,0.01,0.01,0.0,288.0,0.0,4.79,0.21,2,Off,1436.18,778.97
1789818180000000000,2026-09-19T11:43:00Z,synthetic_stepwise_integrated_bounded,1.338,5.255,0.02,0.02,0.0,288.0,0.0,4.84,0.41,1,Off,1470.7,765.21
1789818240000000000,2026-09-19T11:44:00Z,synthetic_stepwise_integrated_bounded,1.361,5.354,0.02,0.02,0.0,288.0,0.0,5.44,0.37,3,Off,1500.0,743.81
1789818300000000000,2026-09-19T11:45:00Z,synthetic_stepwise_integrated_bounded,1.338,5.233,0.02,0.02,0.0,288.02,0.04,4.95,0.4,1,Off,1482.29,721.75
1789818360000000000,2026-09-19T11:46:00Z,synthetic_stepwise_integrated_bounded,1.303,5.239,0.02,0.02,0.0,288.07,0.11,4.36,0.46,1,Off,1473.4,692.13
1789818420000000000,2026-09-19T11:47:00Z,synthetic_stepwise_integrated_bounded,1.283,5.29,0.02,0.02,0.0,288.09,0.15,4.74,0.42,1,Off,1437.45,676.91
1789818480000000000,2026-09-19T11:48:00Z,synthetic_stepwise_integrated_bounded,1.285,5.253,0.02,0.02,0.0,288.11,0.19,4.67,0.43,2,Off,1472.11,651.51
1789818540000000000,2026-09-19T11:49:00Z,synthetic_stepwise_integrated_bounded,1.271,5.269,0.02,0.02,0.0,288.15,0.25,4.46,0.45,1,Off,1444.1,672.07
1789818600000000000,2026-09-19T11:50:00Z,synthetic_stepwise_integrated_bounded,1.323,5.388,0.02,0.02,0.0,288.18,0.3,4.51,0.44,2,Off,1439.17,669.55
1789818660000000000,2026-09-19T11:51:00Z,synthetic_stepwise_integrated_bounded,1.344,5.397,0.02,0.02,0.0,288.2,0.34,4.9,0.41,2,Off,1414.58,673.44
1789818720000000000,2026-09-19T11:52:00Z,synthetic_stepwise_integrated_bounded,1.339,5.359,0.02,0.02,0.0,288.24,0.4,4.38,0.46,1,Off,1437.29,681.39
1789818780000000000,2026-09-19T11:53:00Z,synthetic_stepwise_integrated_bounded,1.409,5.31,0.02,0.02,0.0,288.29,0.48,5.19,0.39,3,Off,1462.26,692.23
1789818840000000000,2026-09-19T11:54:00Z,synthetic_stepwise_integrated_bounded,1.347,5.33,0.02,0.02,0.0,288.31,0.51,5.26,0.38,2,Off,1418.16,672.73
1789818900000000000,2026-09-19T11:55:00Z,synthetic_stepwise_integrated_bounded,1.394,5.331,0.02,0.02,0.0,288.35,0.59,4.82,0.41,3,Off,1417.32,662.74
1789818960000000000,2026-09-19T11:56:00Z,synthetic_stepwise_integrated_bounded,1.427,5.363,0.02,0.02,0.0,288.4,0.66,5.48,0.36,2,Off,1368.76,663.52
1789819020000000000,2026-09-19T11:57:00Z,synthetic_stepwise_integrated_bounded,1.464,5.417,0.02,0.02,0.0,288.44,0.74,5.76,0.35,2,Off,1403.64,641.19
1789819080000000000,2026-09-19T11:58:00Z,synthetic_stepwise_integrated_bounded,1.48,5.448,0.02,0.02,0.0,288.47,0.78,6.32,0.32,1,Off,1414.22,635.99
1789819140000000000,2026-09-19T11:59:00Z,synthetic_stepwise_integrated_bounded,1.474,5.421,0.01,0.01,0.0,288.51,0.85,5.72,0.17,3,Off,1391.34,665.91
1789819200000000000,2026-09-19T12:00:00Z,synthetic_stepwise_integrated_bounded,1.413,5.424,0.01,0.01,0.0,288.54,0.9,5.56,0.18,1,Off,1342.23,694.02
1789819260000000000,2026-09-19T12:01:00Z,synthetic_stepwise_integrated_bounded,1.467,5.479,0.01,0.01,0.0,288.58,0.97,5.66,0.18,2,Off,1381.03,721.26
1789819320000000000,2026-09-19T12:02:00Z,synthetic_stepwise_integrated_bounded,1.507,5.5,0.01,0.01,0.0,288.61,1.01,6.34,0.16,2,Off,1419.82,723.81
1789819380000000000,2026-09-19T12:03:00Z,synthetic_stepwise_integrated_bounded,1.475,5.502,0.01,0.01,0.0,288.65,1.09,6.3,0.16,2,Off,1415.97,717.26
1789819440000000000,2026-09-19T12:04:00Z,synthetic_stepwise_integrated_bounded,1.438,5.568,0.02,0.02,0.0,288.7,1.17,5.29,0.38,2,Off,1374.77,722.81
1789819500000000000,2026-09-19T12:05:00Z,synthetic_stepwise_integrated_bounded,1.401,5.526,0.01,0.01,0.0,288.71,1.19,5.93,0.17,2,Off,1344.99,751.54
1789819560000000000,2026-09-19T12:06:00Z,synthetic_stepwise_integrated_bounded,1.358,5.508,0.01,0.01,0.0,288.74,1.23,4.6,0.22,1,Off,1308.85,730.51
1789819620000000000,2026-09-19T12:07:00Z,synthetic_stepwise_integrated_bounded,1.381,5.537,0.01,0.01,0.0,288.76,1.26,4.94,0.2,3,Off,1124.35,391.75
1789819680000000000,2026-09-19T12:08:00Z,synthetic_stepwise_integrated_bounded,1.391,5.476,0.01,0.01,0.0,288.81,1.35,5.15,0.19,1,Off,1094.85,374.7
1789819740000000000,2026-09-19T12:09:00Z,synthetic_stepwise_integrated_bounded,1.446,5.564,0.01,0.01,0.0,288.86,1.43,6.02,0.17,3,Off,1053.55,402.27
1789819800000000000,2026-09-19T12:10:00Z,synthetic_stepwise_integrated_bounded,1.494,5.517,0.01,0.01,0.0,288.9,1.5,6.35,0.16,2,Off,1100.95,409.78
1789819860000000000,2026-09-19T12:11:00Z,synthetic_stepwise_integrated_bounded,1.468,5.591,0.01,0.01,0.0,288.94,1.56,6.05,0.17,2,Off,1098.88,408.57
1789819920000000000,2026-09-19T12:12:00Z,synthetic_stepwise_integrated_bounded,1.518,5.626,0.01,0.01,0.0,288.98,1.64,6.24,0.16,2,Off,1121.15,405.0
1789819980000000000,2026-09-19T12:13:00Z,synthetic_stepwise_integrated_bounded,1.522,5.672,0.01,0.01,0.0,289.03,1.72,6.6,0.15,3,Off,1150.35,380.28
1789820040000000000,2026-09-19T12:14:00Z,synthetic_stepwise_integrated_bounded,1.516,5.726,0.01,0.01,0.0,289.01,1.69,6.61,0.15,1,Off,1197.55,383.15
1789820100000000000,2026-09-19T12:15:00Z,synthetic_stepwise_integrated_bounded,1.477,5.76,0.01,0.01,0.0,289.01,1.68,6.82,0.15,1,Off,1230.63,381.3
1789820160000000000,2026-09-19T12:16:00Z,synthetic_stepwise_integrated_bounded,1.513,5.843,0.01,0.01,0.0,289.0,1.66,6.46,0.15,1,Off,1231.15,386.23
1789820220000000000,2026-09-19T12:17:00Z,synthetic_stepwise_integrated_bounded,1.502,5.849,0.01,0.01,0.0,288.98,1.63,6.99,0.14,3,Off,1198.04,392.6
1789820280000000000,2026-09-19T12:18:00Z,synthetic_stepwise_integrated_bounded,1.502,5.738,0.01,0.01,0.0,288.96,1.6,6.38,0.16,1,Off,1316.0,385.24
1789820340000000000,2026-09-19T12:19:00Z,synthetic_stepwise_integrated_bounded,1.53,5.617,0.01,0.01,0.0,288.94,1.57,6.39,0.16,3,Off,1287.38,397.56
1789820400000000000,2026-09-19T12:20:00Z,synthetic_stepwise_integrated_bounded,1.547,5.582,0.01,0.01,0.0,288.93,1.55,6.03,0.17,2,Off,1312.61,399.55
1789820460000000000,2026-09-19T12:21:00Z,synthetic_stepwise_integrated_bounded,1.565,5.559,0.01,0.01,0.0,288.92,1.54,6.95,0.14,2,Off,1318.28,385.57
1789820520000000000,2026-09-19T12:22:00Z,synthetic_stepwise_integrated_bounded,1.51,5.6,0.02,0.02,0.0,288.91,1.51,5.85,0.34,1,Off,1304.68,410.47
1789820580000000000,2026-09-19T12:23:00Z,synthetic_stepwise_integrated_bounded,1.511,5.537,0.02,0.02,0.0,288.89,1.49,6.13,0.33,3,Off,1260.79,423.18
1789820640000000000,2026-09-19T12:24:00Z,synthetic_stepwise_integrated_bounded,1.481,5.485,0.01,0.01,0.0,288.88,1.46,6.16,0.16,1,Off,1214.4,440.78
1789820700000000000,2026-09-19T12:25:00Z,synthetic_stepwise_integrated_bounded,1.521,5.486,0.01,0.01,0.0,288.86,1.44,6.2,0.16,1,Off,1210.6,423.69
1789820760000000000,2026-09-19T12:26:00Z,synthetic_stepwise_integrated_bounded,1.519,5.432,0.01,0.01,0.0,288.86,1.43,6.75,0.15,2,Off,1183.5,399.56
1789820820000000000,2026-09-19T12:27:00Z,synthetic_stepwise_integrated_bounded,1.489,5.375,0.01,0.01,0.0,288.84,1.4,6.5,0.15,1,Off,1180.46,417.36
1789820880000000000,2026-09-19T12:28:00Z,synthetic_stepwise_integrated_bounded,1.507,5.423,0.01,0.01,0.0,288.82,1.37,6.51,0.15,2,Off,1205.25,417.6
1789820940000000000,2026-09-19T12:29:00Z,synthetic_stepwise_integrated_bounded,1.52,5.381,0.01,0.01,0.0,288.8,1.34,6.78,0.15,3,Off,1236.65,394.35
1789821000000000000,2026-09-19T12:30:00Z,synthetic_stepwise_integrated_bounded,1.557,5.391,0.01,0.01,0.0,288.79,1.32,6.16,0.16,1,Off,1197.2,407.04
1789821060000000000,2026-09-19T12:31:00Z,synthetic_stepwise_integrated_bounded,1.602,5.336,0.01,0.01,0.0,288.79,1.31,7.49,0.13,3,Off,1170.46,393.52
1789821120000000000,2026-09-19T12:32:00Z,synthetic_stepwise_integrated_bounded,1.635,5.283,0.01,0.01,0.0,288.78,1.3,6.85,0.15,3,Off,1288.23,588.43
1789821180000000000,2026-09-19T12:33:00Z,synthetic_stepwise_integrated_bounded,1.598,5.307,0.01,0.01,0.0,288.77,1.28,6.31,0.16,2,Off,1311.98,563.72
1789821240000000000,2026-09-19T12:34:00Z,synthetic_stepwise_integrated_bounded,1.59,5.296,0.01,0.01,0.0,288.75,1.25,6.84,0.15,2,Off,1342.09,575.63
1789821300000000000,2026-09-19T12:35:00Z,synthetic_stepwise_integrated_bounded,1.621,5.369,0.01,0.01,0.0,288.74,1.24,7.46,0.13,2,Off,1325.76,552.68
1789821360000000000,2026-09-19T12:36:00Z,synthetic_stepwise_integrated_bounded,1.559,5.411,0.01,0.01,0.0,288.73,1.22,6.41,0.16,1,Off,1288.25,580.2
1789821420000000000,2026-09-19T12:37:00Z,synthetic_stepwise_integrated_bounded,1.569,5.569,0.01,0.01,0.0,288.73,1.21,7.18,0.14,1,Off,1254.06,556.47
1789821480000000000,2026-09-19T12:38:00Z,synthetic_stepwise_integrated_bounded,1.657,5.515,0.01,0.01,0.0,288.71,1.19,7.93,0.13,2,Off,1268.54,536.38
1789821540000000000,2026-09-19T12:39:00Z,synthetic_stepwise_integrated_bounded,1.67,5.578,0.01,0.01,0.0,288.7,1.16,8.44,0.12,3,Off,1306.69,557.89
1789821600000000000,2026-09-19T12:40:00Z,synthetic_stepwise_integrated_bounded,1.664,5.493,0.01,0.01,0.0,288.67,1.12,7.34,0.14,3,Off,1267.93,580.51
1789821660000000000,2026-09-19T12:41:00Z,synthetic_stepwise_integrated_bounded,1.661,5.478,0.01,0.01,0.0,288.67,1.11,7.16,0.14,3,Off,1263.09,552.52
1789821720000000000,2026-09-19T12:42:00Z,synthetic_stepwise_integrated_bounded,1.694,5.415,0.01,0.01,0.0,288.65,1.09,7.59,0.13,3,Off,1294.18,572.32
1789821780000000000,2026-09-19T12:43:00Z,synthetic_stepwise_integrated_bounded,1.678,5.397,0.01,0.01,0.0,288.64,1.07,7.74,0.13,2,Off,1332.22,592.21
1789821840000000000,2026-09-19T12:44:00Z,synthetic_stepwise_integrated_bounded,1.713,5.492,0.01,0.01,0.0,288.62,1.04,8.33,0.12,3,Off,1313.46,619.98
1789821900000000000,2026-09-19T12:45:00Z,synthetic_stepwise_integrated_bounded,1.749,5.528,0.01,0.01,0.0,288.62,1.03,8.16,0.12,1,Off,1339.15,635.46
1789821960000000000,2026-09-19T12:46:00Z,synthetic_stepwise_integrated_bounded,1.789,5.528,0.01,0.01,0.0,288.61,1.01,8.77,0.11,2,Off,1375.83,648.76
1789822020000000000,2026-09-19T12:47:00Z,synthetic_stepwise_integrated_bounded,1.735,5.591,0.01,0.01,0.0,288.59,0.98,8.88,0.11,2,Off,1422.75,640.82
1789822080000000000,2026-09-19T12:48:00Z,synthetic_stepwise_integrated_bounded,1.71,5.622,0.01,0.01,0.0,288.58,0.97,7.81,0.13,1,Off,1429.27,634.21
1789822140000000000,2026-09-19T12:49:00Z,synthetic_stepwise_integrated_bounded,1.684,5.606,0.01,0.01,0.0,288.58,0.96,8.25,0.12,3,Off,1412.92,624.36
1789822200000000000,2026-09-19T12:50:00Z,synthetic_stepwise_integrated_bounded,1.671,5.611,0.01,0.01,0.0,288.56,0.93,7.55,0.13,2,Off,1434.05,626.75
1789822260000000000,2026-09-19T12:51:00Z,synthetic_stepwise_integrated_bounded,1.625,5.627,0.01,0.01,0.0,288.54,0.9,6.98,0.14,1,Off,1437.99,602.98
1789822320000000000,2026-09-19T12:52:00Z,synthetic_stepwise_integrated_bounded,1.652,5.558,0.01,0.01,0.0,288.52,0.86,7.87,0.13,1,Off,1411.88,588.62
1789822380000000000,2026-09-19T12:53:00Z,synthetic_stepwise_integrated_bounded,1.566,5.541,0.01,0.01,0.0,288.5,0.84,6.73,0.15,3,Off,1392.6,579.14
1789822440000000000,2026-09-19T12:54:00Z,synthetic_stepwise_integrated_bounded,1.54,5.484,0.01,0.01,0.0,288.5,0.83,6.53,0.15,2,Off,1429.81,558.55
1789822500000000000,2026-09-19T12:55:00Z,synthetic_stepwise_integrated_bounded,1.476,5.484,0.01,0.01,0.0,288.48,0.8,5.83,0.17,3,Off,1479.8,547.19
1789822560000000000,2026-09-19T12:56:00Z,synthetic_stepwise_integrated_bounded,1.478,5.489,0.01,0.01,0.0,288.46,0.76,5.75,0.17,1,Off,1500.0,548.7
1789822620000000000,2026-09-19T12:57:00Z,synthetic_stepwise_integrated_bounded,1.574,5.459,0.01,0.01,0.0,288.45,0.75,6.6,0.15,3,Off,1477.82,554.3
1789822680000000000,2026-09-19T12:58:00Z,synthetic_stepwise_integrated_bounded,1.6,5.504,0.01,0.01,0.0,288.43,0.72,7.08,0.14,3,Off,1498.31,540.07
1789822740000000000,2026-09-19T12:59:00Z,synthetic_stepwise_integrated_bounded,1.622,5.568,0.01,0.01,0.0,288.43,0.71,7.96,0.13,2,Off,1500.0,526.25
1789822800000000000,2026-09-19T13:00:00Z,synthetic_stepwise_integrated_bounded,1.619,5.719,0.01,0.01,0.0,288.42,0.7,7.04,0.14,3,Off,1500.0,550.88
1789822860000000000,2026-09-19T13:01:00Z,synthetic_stepwise_integrated_bounded,1.597,5.751,0.01,0.01,0.0,288.4,0.67,8.06,0.12,2,Off,1487.46,542.37
1789822920000000000,2026-09-19T13:02:00Z,synthetic_stepwise_integrated_bounded,1.565,5.729,0.01,0.01,0.0,288.39,0.65,7.6,0.13,3,Off,1446.01,542.46
1789822980000000000,2026-09-19T13:03:00Z,synthetic_stepwise_integrated_bounded,1.526,5.768,0.01,0.01,0.0,288.37,0.62,6.19,0.16,3,Off,1450.06,543.79
1789823040000000000,2026-09-19T13:04:00Z,synthetic_stepwise_integrated_bounded,1.494,5.747,0.01,0.01,0.0,288.36,0.6,6.55,0.15,1,Off,1103.06,334.78
1789823100000000000,2026-09-19T13:05:00Z,synthetic_stepwise_integrated_bounded,1.535,5.824,0.01,0.01,0.0,288.35,0.59,6.2,0.16,1,Off,1135.24,340.62
1789823160000000000,2026-09-19T13:06:00Z,synthetic_stepwise_integrated_bounded,1.544,5.882,0.01,0.01,0.0,288.34,0.57,7.48,0.13,1,Off,1156.68,338.23
1789823220000000000,2026-09-19T13:07:00Z,synthetic_stepwise_integrated_bounded,1.541,5.96,0.01,0.01,0.0,288.34,0.56,6.66,0.15,2,Off,1159.64,344.79
1789823280000000000,2026-09-19T13:08:00Z,synthetic_stepwise_integrated_bounded,1.535,5.976,0.01,0.01,0.0,288.32,0.54,6.43,0.16,3,Off,1109.81,360.57
1789823340000000000,2026-09-19T13:09:00Z,synthetic_stepwise_integrated_bounded,1.492,5.865,0.01,0.01,0.0,288.32,0.53,6.27,0.16,3,Off,1080.67,359.66
1789823400000000000,2026-09-19T13:10:00Z,synthetic_stepwise_integrated_bounded,1.525,5.979,0.01,0.01,0.0,288.31,0.51,6.68,0.15,1,Off,1092.94,345.32
1789823460000000000,2026-09-19T13:11:00Z,synthetic_stepwise_integrated_bounded,1.572,5.916,0.01,0.01,0.0,288.3,0.5,7.03,0.14,3,Off,1067.67,350.47
1789823520000000000,2026-09-19T13:12:00Z,synthetic_stepwise_integrated_bounded,1.582,5.925,0.01,0.01,0.0,288.29,0.48,7.33,0.14,3,Off,1062.82,360.0
1789823580000000000,2026-09-19T13:13:00Z,synthetic_stepwise_integrated_bounded,1.611,5.962,0.01,0.01,0.0,288.28,0.46,7.36,0.14,1,Off,1097.6,361.87
1789823640000000000,2026-09-19T13:14:00Z,synthetic_stepwise_integrated_bounded,1.615,5.986,0.01,0.01,0.0,288.25,0.42,7.32,0.14,3,Off,1054.02,335.28
1789823700000000000,2026-09-19T13:15:00Z,synthetic_stepwise_integrated_bounded,1.69,5.978,0.01,0.01,0.0,288.23,0.39,8.86,0.11,3,Off,1068.4,360.74
1789823760000000000,2026-09-19T13:16:00Z,synthetic_stepwise_integrated_bounded,1.698,5.92,0.01,0.01,0.0,288.23,0.38,8.76,0.11,2,Off,1095.34,373.86
1789823820000000000,2026-09-19T13:17:00Z,synthetic_stepwise_integrated_bounded,1.652,6.028,0.01,0.01,0.0,288.22,0.36,7.92,0.13,2,Off,1106.4,354.51
1789823880000000000,2026-09-19T13:18:00Z,synthetic_stepwise_integrated_bounded,1.7,6.124,0.01,0.01,0.0,288.2,0.33,8.77,0.11,3,Off,1133.31,338.2
1789823940000000000,2026-09-19T13:19:00Z,synthetic_stepwise_integrated_bounded,1.663,6.076,0.01,0.01,0.0,288.19,0.32,8.89,0.11,2,Off,1151.12,310.94
1789824000000000000,2026-09-19T13:20:00Z,synthetic_stepwise_integrated_bounded,1.65,5.978,0.01,0.01,0.0,288.19,0.31,7.84,0.13,2,Off,1107.08,297.84
1789824060000000000,2026-09-19T13:21:00Z,synthetic_stepwise_integrated_bounded,1.651,5.98,0.01,0.01,0.0,288.18,0.3,7.52,0.13,1,Off,1126.33,295.9
1789824120000000000,2026-09-19T13:22:00Z,synthetic_stepwise_integrated_bounded,1.618,5.898,0.01,0.01,0.0,288.16,0.27,7.82,0.13,2,Off,1087.13,283.05
1789824180000000000,2026-09-19T13:23:00Z,synthetic_stepwise_integrated_bounded,1.56,5.892,0.01,0.01,0.0,288.16,0.26,7.73,0.13,2,Off,1040.07,294.45
1789824240000000000,2026-09-19T13:24:00Z,synthetic_stepwise_integrated_bounded,1.556,5.982,0.01,0.01,0.0,288.14,0.24,7.57,0.13,3,Off,1064.3,324.35
1789824300000000000,2026-09-19T13:25:00Z,synthetic_stepwise_integrated_bounded,1.561,5.999,0.01,0.01,0.0,288.13,0.22,7.56,0.13,3,Off,1053.01,298.57
1789824360000000000,2026-09-19T13:26:00Z,synthetic_stepwise_integrated_bounded,1.565,6.005,0.01,0.01,0.0,288.11,0.19,7.04,0.14,2,Off,1019.36,301.96
1789824420000000000,2026-09-19T13:27:00Z,synthetic_stepwise_integrated_bounded,1.669,6.078,0.01,0.01,0.0,288.11,0.18,7.93,0.13,1,Off,985.96,317.37
1789824480000000000,2026-09-19T13:28:00Z,synthetic_stepwise_integrated_bounded,1.722,5.99,0.01,0.01,0.0,288.1,0.16,9.76,0.1,1,Off,993.14,290.15
1789824540000000000,2026-09-19T13:29:00Z,synthetic_stepwise_integrated_bounded,1.772,5.995,0.01,0.01,0.0,288.08,0.13,9.29,0.11,2,Off,954.15,278.07
1789824600000000000,2026-09-19T13:30:00Z,synthetic_stepwise_integrated_bounded,1.796,5.974,0.01,0.01,0.0,288.06,0.1,9.69,0.1,2,Off,951.33,291.57
1789824660000000000,2026-09-19T13:31:00Z,synthetic_stepwise_integrated_bounded,1.756,5.949,0.01,0.01,0.0,288.05,0.09,9.13,0.11,2,Off,950.55,283.04
1789824720000000000,2026-09-19T13:32:00Z,synthetic_stepwise_integrated_bounded,1.786,5.89,0.01,0.01,0.0,288.04,0.07,8.71,0.11,1,Off,932.88,278.67
1789824780000000000,2026-09-19T13:33:00Z,synthetic_stepwise_integrated_bounded,1.784,5.857,0.01,0.01,0.0,288.04,0.06,8.48,0.12,1,Off,909.22,295.6
1789824840000000000,2026-09-19T13:34:00Z,synthetic_stepwise_integrated_bounded,1.801,5.872,0.01,0.01,0.0,288.03,0.05,9.93,0.1,3,Off,920.06,278.39
1789824900000000000,2026-09-19T13:35:00Z,synthetic_stepwise_integrated_bounded,1.84,5.834,0.01,0.01,0.0,288.01,0.02,9.55,0.1,2,Off,664.31,374.54
1789824960000000000,2026-09-19T13:36:00Z,synthetic_stepwise_integrated_bounded,1.885,5.845,0.01,0.01,0.0,288.0,0.0,11.06,0.09,1,Off,677.19,398.45
1789825020000000000,2026-09-19T13:37:00Z,synthetic_stepwise_integrated_bounded,1.872,5.818,0.01,0.01,0.0,288.0,0.0,11.2,0.09,3,Off,717.55,416.02
1789825080000000000,2026-09-19T13:38:00Z,synthetic_stepwise_integrated_bounded,1.836,5.723,0.01,0.01,0.0,288.0,0.0,9.7,0.1,1,Off,765.7,408.31
1789825140000000000,2026-09-19T13:39:00Z,synthetic_stepwise_integrated_bounded,1.836,5.814,0.01,0.01,0.0,288.0,0.0,10.65,0.09,3,Off,795.42,393.04
1789825200000000000,2026-09-19T13:40:00Z,synthetic_stepwise_integrated_bounded,1.857,5.8,0.01,0.01,0.0,288.0,0.0,9.28,0.11,2,Starting,805.44,370.56
1789825260000000000,2026-09-19T13:41:00Z,synthetic_stepwise_integrated_bounded,1.85,5.777,0.01,0.01,0.0,288.0,0.0,10.24,0.1,2,Starting,825.14,364.8
1789825320000000000,2026-09-19T13:42:00Z,synthetic_stepwise_integrated_bounded,1.901,5.733,0.01,0.01,0.0,288.0,0.0,9.35,0.11,1,Starting,864.44,356.4
1789825380000000000,2026-09-19T13:43:00Z,synthetic_stepwise_integrated_bounded,1.874,5.743,0.01,0.01,0.0,288.0,0.0,10.84,0.09,2,Starting,868.91,374.45
1789825440000000000,2026-09-19T13:44:00Z,synthetic_stepwise_integrated_bounded,1.903,5.81,0.01,0.01,0.0,288.0,0.0,9.82,0.1,3,Starting,893.46,384.57
1789825500000000000,2026-09-19T13:45:00Z,synthetic_stepwise_integrated_bounded,1.904,5.841,0.01,0.01,0.0,288.0,0.0,10.84,0.09,2,Starting,514.29,656.22
1789825560000000000,2026-09-19T13:46:00Z,synthetic_stepwise_integrated_bounded,1.865,5.889,0.01,0.01,0.0,288.0,0.0,10.55,0.09,1,Starting,557.93,663.34
1789825620000000000,2026-09-19T13:47:00Z,synthetic_stepwise_integrated_bounded,1.908,5.791,0.01,0.01,0.0,288.0,0.0,9.97,0.1,3,Starting,534.89,680.52
1789825680000000000,2026-09-19T13:48:00Z,synthetic_stepwise_integrated_bounded,1.843,5.755,0.01,0.01,0.0,288.0,0.0,9.69,0.1,1,Starting,574.41,704.72
1789825740000000000,2026-09-19T13:49:00Z,synthetic_stepwise_integrated_bounded,1.828,5.767,0.01,0.01,0.0,288.0,0.0,9.68,0.1,3,Starting,544.93,701.19
1789825800000000000,2026-09-19T13:50:00Z,synthetic_stepwise_integrated_bounded,1.729,5.859,0.01,0.01,0.0,288.0,0.0,8.11,0.12,3,Starting,568.73,706.12
1789825860000000000,2026-09-19T13:51:00Z,synthetic_stepwise_integrated_bounded,1.753,5.85,0.01,0.01,0.0,288.0,0.0,8.33,0.12,1,Starting,533.82,727.1
1789825920000000000,2026-09-19T13:52:00Z,synthetic_stepwise_integrated_bounded,1.778,5.816,0.01,0.01,0.0,288.0,0.0,9.16,0.11,3,Starting,554.33,738.89
1789825980000000000,2026-09-19T13:53:00Z,synthetic_stepwise_integrated_bounded,1.816,5.885,0.01,0.01,0.0,288.0,0.0,10.63,0.09,3,Starting,505.87,730.93
1789826040000000000,2026-09-19T13:54:00Z,synthetic_stepwise_integrated_bounded,1.772,5.826,0.01,0.01,0.0,288.0,0.0,8.46,0.12,2,Starting,484.05,732.52
1789826100000000000,2026-09-19T13:55:00Z,synthetic_stepwise_integrated_bounded,1.79,5.809,0.01,0.01,0.0,288.0,0.0,8.54,0.12,3,Starting,485.07,740.89
1789826160000000000,2026-09-19T13:56:00Z,synthetic_stepwise_integrated_bounded,1.764,5.859,0.01,0.01,0.0,288.0,0.0,8.48,0.12,3,Starting,505.08,740.02
1789826220000000000,2026-09-19T13:57:00Z,synthetic_stepwise_integrated_bounded,1.791,5.974,0.01,0.01,0.0,288.0,0.0,8.83,0.11,3,Starting,470.23,767.89
1789826280000000000,2026-09-19T13:58:00Z,synthetic_stepwise_integrated_bounded,1.749,6.002,0.01,0.01,0.0,288.0,0.0,9.72,0.1,3,Starting,507.64,781.86
1789826340000000000,2026-09-19T13:59:00Z,synthetic_stepwise_integrated_bounded,1.687,6.045,0.01,0.01,0.0,288.0,0.0,8.65,0.12,2,Starting,524.41,753.6
1789826400000000000,2026-09-19T14:00:00Z,synthetic_stepwise_integrated_bounded,1.78,5.99,0.01,0.01,0.0,288.0,0.0,10.34,0.1,3,Starting,513.96,766.7
1789826460000000000,2026-09-19T14:01:00Z,synthetic_stepwise_integrated_bounded,1.76,6.058,0.01,0.01,0.0,288.0,0.0,8.93,0.11,1,Starting,470.2,760.85
1789826520000000000,2026-09-19T14:02:00Z,synthetic_stepwise_integrated_bounded,1.655,6.16,0.01,0.01,0.0,288.0,0.0,7.69,0.13,3,Starting,1106.72,567.46
1789826580000000000,2026-09-19T14:03:00Z,synthetic_stepwise_integrated_bounded,1.648,6.16,0.01,0.01,0.0,288.0,0.0,8.76,0.11,2,Starting,1109.84,593.16
1789826640000000000,2026-09-19T14:04:00Z,synthetic_stepwise_integrated_bounded,1.602,6.017,0.01,0.01,0.0,288.0,0.0,7.84,0.13,3,Starting,1109.02,583.94
1789826700000000000,2026-09-19T14:05:00Z,synthetic_stepwise_integrated_bounded,1.591,6.032,0.01,0.01,0.0,288.0,0.0,6.87,0.15,2,Starting,1064.63,593.41
1789826760000000000,2026-09-19T14:06:00Z,synthetic_stepwise_integrated_bounded,1.558,5.901,0.01,0.01,0.0,288.0,0.0,7.25,0.14,1,Starting,1029.73,568.64
1789826820000000000,2026-09-19T14:07:00Z,synthetic_stepwise_integrated_bounded,1.578,5.812,0.01,0.01,0.0,288.0,0.0,6.91,0.14,3,Starting,1074.28,544.7
1789826880000000000,2026-09-19T14:08:00Z,synthetic_stepwise_integrated_bounded,1.576,5.812,0.01,0.01,0.0,288.0,0.0,6.97,0.14,1,Starting,1054.43,517.1
1789826940000000000,2026-09-19T14:09:00Z,synthetic_stepwise_integrated_bounded,1.527,5.759,0.01,0.01,0.0,288.0,0.0,6.34,0.16,1,Starting,1025.28,509.62
1789827000000000000,2026-09-19T14:10:00Z,synthetic_stepwise_integrated_bounded,1.574,5.755,0.01,0.01,0.0,288.0,0.0,7.01,0.14,2,Starting,1010.3,494.76
1789827060000000000,2026-09-19T14:11:00Z,synthetic_stepwise_integrated_bounded,1.573,5.808,0.01,0.01,0.0,288.0,0.0,7.6,0.13,1,Starting,1034.48,524.43
1789827120000000000,2026-09-19T14:12:00Z,synthetic_stepwise_integrated_bounded,1.575,5.786,0.01,0.01,0.0,288.0,0.0,7.26,0.14,2,Starting,1022.41,543.63
1789827180000000000,2026-09-19T14:13:00Z,synthetic_stepwise_integrated_bounded,1.545,5.773,0.01,0.01,0.0,288.0,0.0,6.34,0.16,3,Starting,858.64,678.68
1789827240000000000,2026-09-19T14:14:00Z,synthetic_stepwise_integrated_bounded,1.51,5.777,0.01,0.01,0.0,288.0,0.0,6.53,0.15,2,Starting,863.72,694.29
1789827300000000000,2026-09-19T14:15:00Z,synthetic_stepwise_integrated_bounded,1.51,5.835,0.01,0.01,0.0,288.0,0.0,7.27,0.14,2,Starting,875.13,712.25
1789827360000000000,2026-09-19T14:16:00Z,synthetic_stepwise_integrated_bounded,1.53,5.799,0.01,0.01,0.0,288.0,0.0,6.99,0.14,3,Starting,837.39,706.89
1789827420000000000,2026-09-19T14:17:00Z,synthetic_stepwise_integrated_bounded,1.535,5.79,0.01,0.01,0.0,288.0,0.0,6.84,0.15,3,Starting,802.16,693.17
1789827480000000000,2026-09-19T14:18:00Z,synthetic_stepwise_integrated_bounded,1.543,5.78,0.01,0.01,0.0,288.0,0.0,7.29,0.14,3,Starting,795.37,713.88
1789827540000000000,2026-09-19T14:19:00Z,synthetic_stepwise_integrated_bounded,1.574,5.753,0.01,0.01,0.0,288.0,0.0,6.61,0.15,3,Starting,796.71,721.38
1789827600000000000,2026-09-19T14:20:00Z,synthetic_stepwise_integrated_bounded,1.558,5.809,0.01,0.01,0.0,288.0,0.0,6.97,0.14,2,Starting,839.97,699.61
1789827660000000000,2026-09-19T14:21:00Z,synthetic_stepwise_integrated_bounded,1.642,5.815,0.01,0.01,0.0,288.0,0.0,8.22,0.12,1,Starting,803.64,724.22
1789827720000000000,2026-09-19T14:22:00Z,synthetic_stepwise_integrated_bounded,1.654,5.777,0.01,0.01,0.0,288.0,0.0,8.55,0.12,3,Starting,827.61,738.01
1789827780000000000,2026-09-19T14:23:00Z,synthetic_stepwise_integrated_bounded,1.712,5.746,0.01,0.01,0.0,288.0,0.0,9.08,0.11,1,Starting,864.53,759.88
1789827840000000000,2026-09-19T14:24:00Z,synthetic_stepwise_integrated_bounded,1.741,5.771,0.01,0.01,0.0,288.0,0.0,9.07,0.11,3,Starting,911.05,751.77
1789827900000000000,2026-09-19T14:25:00Z,synthetic_stepwise_integrated_bounded,1.749,5.823,0.01,0.01,0.0,288.0,0.0,8.87,0.11,1,Starting,953.48,779.4
1789827960000000000,2026-09-19T14:26:00Z,synthetic_stepwise_integrated_bounded,1.727,5.851,0.01,0.01,0.0,288.0,0.0,9.58,0.1,3,Starting,992.12,754.71
1789828020000000000,2026-09-19T14:27:00Z,synthetic_stepwise_integrated_bounded,1.713,5.741,0.01,0.01,0.0,288.0,0.0,8.6,0.12,3,Starting,960.04,759.16
1789828080000000000,2026-09-19T14:28:00Z,synthetic_stepwise_integrated_bounded,1.694,5.626,0.01,0.01,0.0,288.0,0.0,7.96,0.13,3,Starting,920.51,768.31
1789828140000000000,2026-09-19T14:29:00Z,synthetic_stepwise_integrated_bounded,1.705,5.532,0.01,0.01,0.0,288.0,0.0,8.36,0.12,3,Starting,880.52,747.26
1789828200000000000,2026-09-19T14:30:00Z,synthetic_stepwise_integrated_bounded,1.689,5.532,0.01,0.01,0.0,288.0,0.0,7.22,0.14,3,Starting,874.73,761.98
1789828260000000000,2026-09-19T14:31:00Z,synthetic_stepwise_integrated_bounded,1.668,5.57,0.01,0.01,0.0,288.0,0.0,8.17,0.12,1,Starting,854.17,775.12
1789828320000000000,2026-09-19T14:32:00Z,synthetic_stepwise_integrated_bounded,1.687,5.568,0.01,0.01,0.0,288.0,0.0,8.58,0.12,2,Starting,888.32,768.69
1789828380000000000,2026-09-19T14:33:00Z,synthetic_stepwise_integrated_bounded,1.78,5.707,0.01,0.01,0.0,288.0,0.0,9.44,0.11,2,Starting,907.4,784.38
1789828440000000000,2026-09-19T14:34:00Z,synthetic_stepwise_integrated_bounded,1.697,5.744,0.01,0.01,0.0,288.0,0.0,8.93,0.11,3,Starting,921.71,799.1
1789828500000000000,2026-09-19T14:35:00Z,synthetic_stepwise_integrated_bounded,1.706,5.757,0.01,0.01,0.0,288.0,0.0,8.55,0.12,1,Starting,907.57,805.85
1789828560000000000,2026-09-19T14:36:00Z,synthetic_stepwise_integrated_bounded,1.68,5.756,0.01,0.01,0.0,288.0,0.0,8.6,0.12,3,Starting,901.16,811.54
1789828620000000000,2026-09-19T14:37:00Z,synthetic_stepwise_integrated_bounded,1.691,5.729,0.01,0.01,0.0,288.0,0.0,8.37,0.12,3,Starting,903.64,790.98
1789828680000000000,2026-09-19T14:38:00Z,synthetic_stepwise_integrated_bounded,1.666,5.736,0.01,0.01,0.0,288.0,0.0,7.7,0.13,2,Starting,865.65,807.37
1789828740000000000,2026-09-19T14:39:00Z,synthetic_stepwise_integrated_bounded,1.746,5.747,0.01,0.01,0.0,288.0,0.0,9.21,0.11,2,Starting,822.12,788.83
1789828800000000000,2026-09-19T14:40:00Z,synthetic_stepwise_integrated_bounded,1.684,5.721,0.01,0.01,0.0,288.0,0.0,8.27,0.12,1,Starting,822.91,765.67
1789828860000000000,2026-09-19T14:41:00Z,synthetic_stepwise_integrated_bounded,1.737,5.755,0.01,0.01,0.0,288.0,0.0,9.38,0.11,1,Starting,773.02,738.57
1789828920000000000,2026-09-19T14:42:00Z,synthetic_stepwise_integrated_bounded,1.77,5.761,0.01,0.01,0.0,288.0,0.0,9.36,0.11,1,Starting,804.41,728.02
1789828980000000000,2026-09-19T14:43:00Z,synthetic_stepwise_integrated_bounded,1.784,5.775,0.01,0.01,0.0,288.0,0.0,8.65,0.12,1,Starting,817.15,734.89
1789829040000000000,2026-09-19T14:44:00Z,synthetic_stepwise_integrated_bounded,1.712,5.799,0.01,0.01,0.0,288.0,0.0,8.67,0.12,2,Starting,813.15,741.03
1789829100000000000,2026-09-19T14:45:00Z,synthetic_stepwise_integrated_bounded,1.72,5.839,0.01,0.01,0.0,288.0,0.0,7.8,0.13,2,Starting,796.0,759.84
1789829160000000000,2026-09-19T14:46:00Z,synthetic_stepwise_integrated_bounded,1.725,5.827,0.01,0.01,0.0,288.0,0.0,8.7,0.11,2,Starting,799.78,735.71
1789829220000000000,2026-09-19T14:47:00Z,synthetic_stepwise_integrated_bounded,1.67,5.887,0.01,0.01,0.0,288.0,0.0,7.84,0.13,1,Starting,795.66,763.07
1789829280000000000,2026-09-19T14:48:00Z,synthetic_stepwise_integrated_bounded,1.602,5.937,0.01,0.01,0.0,288.0,0.0,7.05,0.14,1,Starting,749.7,760.03
1789829340000000000,2026-09-19T14:49:00Z,synthetic_stepwise_integrated_bounded,1.64,6.022,0.01,0.01,0.0,288.0,0.0,8.02,0.12,1,Starting,1492.95,560.44
1789829400000000000,2026-09-19T14:50:00Z,synthetic_stepwise_integrated_bounded,1.616,5.977,0.01,0.01,0.0,288.0,0.0,7.75,0.13,1,Starting,1460.23,556.75
1789829460000000000,2026-09-19T14:51:00Z,synthetic_stepwise_integrated_bounded,1.705,5.912,0.01,0.01,0.0,288.0,0.0,8.95,0.11,1,Starting,1500.0,583.14
1789829520000000000,2026-09-19T14:52:00Z,synthetic_stepwise_integrated_bounded,1.696,5.872,0.01,0.01,0.0,288.0,0.0,7.76,0.13,1,Starting,1500.0,553.73
1789829580000000000,2026-09-19T14:53:00Z,synthetic_stepwise_integrated_bounded,1.722,5.854,0.01,0.01,0.0,288.0,0.0,8.66,0.12,2,Starting,1473.39,566.31
1789829640000000000,2026-09-19T14:54:00Z,synthetic_stepwise_integrated_bounded,1.695,5.807,0.01,0.01,0.0,288.0,0.0,7.69,0.13,1,Starting,1493.3,550.07
1789829700000000000,2026-09-19T14:55:00Z,synthetic_stepwise_integrated_bounded,1.664,5.715,0.01,0.01,0.0,288.0,0.0,8.51,0.12,3,Starting,1465.37,573.53
1789829760000000000,2026-09-19T14:56:00Z,synthetic_stepwise_integrated_bounded,1.654,5.78,0.01,0.01,0.0,288.0,0.0,8.01,0.12,1,Starting,1446.36,580.25
1789829820000000000,2026-09-19T14:57:00Z,synthetic_stepwise_integrated_bounded,1.662,5.81,0.01,0.01,0.0,288.0,0.0,8.44,0.12,2,Starting,1478.99,585.23
1789829880000000000,2026-09-19T14:58:00Z,synthetic_stepwise_integrated_bounded,1.742,5.75,0.01,0.01,0.0,288.0,0.0,9.31,0.11,1,Starting,1500.0,598.85
1789829940000000000,2026-09-19T14:59:00Z,synthetic_stepwise_integrated_bounded,1.695,5.767,0.01,0.01,0.0,288.0,0.0,8.72,0.11,3,Starting,1487.74,573.0
1789830000000000000,2026-09-19T15:00:00Z,synthetic_stepwise_integrated_bounded,1.617,5.717,0.01,0.01,0.0,288.0,0.0,7.26,0.14,2,Starting,1500.0,565.28
1789830060000000000,2026-09-19T15:01:00Z,synthetic_stepwise_integrated_bounded,1.61,5.761,0.01,0.01,0.0,288.0,0.0,6.74,0.15,1,Starting,1500.0,539.47
1789830120000000000,2026-09-19T15:02:00Z,synthetic_stepwise_integrated_bounded,1.68,5.805,0.01,0.01,0.0,288.0,0.0,8.66,0.12,3,Starting,1500.0,552.33
1789830180000000000,2026-09-19T15:03:00Z,synthetic_stepwise_integrated_bounded,1.67,5.787,0.01,0.01,0.0,288.0,0.0,8.37,0.12,1,Starting,1475.61,538.49
1789830240000000000,2026-09-19T15:04:00Z,synthetic_stepwise_integrated_bounded,1.735,5.753,0.01,0.01,0.0,288.0,0.0,8.8,0.11,2,Starting,1497.15,540.96
1789830300000000000,2026-09-19T15:05:00Z,synthetic_stepwise_integrated_bounded,1.767,5.724,0.01,0.01,0.0,288.0,0.0,8.2,0.12,2,Starting,1500.0,515.69
1789830360000000000,2026-09-19T15:06:00Z,synthetic_stepwise_integrated_bounded,1.848,5.76,0.01,0.01,0.0,288.0,0.0,10.36,0.1,1,Starting,807.45,833.6
1789830420000000000,2026-09-19T15:07:00Z,synthetic_stepwise_integrated_bounded,1.779,5.77,0.01,0.01,0.0,288.0,0.0,8.51,0.12,2,Starting,789.02,853.73
1789830480000000000,2026-09-19T15:08:00Z,synthetic_stepwise_integrated_bounded,1.751,5.723,0.01,0.01,0.0,288.0,0.0,8.79,0.11,2,Starting,755.89,852.43
1789830540000000000,2026-09-19T15:09:00Z,synthetic_stepwise_integrated_bounded,1.752,5.706,0.01,0.01,0.0,288.0,0.0,8.02,0.12,3,Starting,761.0,833.59
1789830600000000000,2026-09-19T15:10:00Z,synthetic_stepwise_integrated_bounded,1.723,5.879,0.01,0.01,0.0,288.0,0.0,9.29,0.11,2,Starting,793.18,841.51
1789830660000000000,2026-09-19T15:11:00Z,synthetic_stepwise_integrated_bounded,1.662,5.891,0.01,0.01,0.0,288.0,0.0,7.95,0.13,1,Starting,754.88,826.14
1789830720000000000,2026-09-19T15:12:00Z,synthetic_stepwise_integrated_bounded,1.641,5.899,0.01,0.01,0.0,288.0,0.0,7.99,0.13,2,Starting,779.61,801.15
1789830780000000000,2026-09-19T15:13:00Z,synthetic_stepwise_integrated_bounded,1.627,5.838,0.01,0.01,0.0,288.0,0.0,8.1,0.12,2,Starting,733.49,818.98
1789830840000000000,2026-09-19T15:14:00Z,synthetic_stepwise_integrated_bounded,1.625,5.968,0.01,0.01,0.0,288.0,0.0,8.05,0.12,3,Starting,736.44,804.53
1789830900000000000,2026-09-19T15:15:00Z,synthetic_stepwise_integrated_bounded,1.579,5.981,0.01,0.01,0.0,288.0,0.0,7.8,0.13,1,Starting,782.34,811.73
1789830960000000000,2026-09-19T15:16:00Z,synthetic_stepwise_integrated_bounded,1.593,5.923,0.01,0.01,0.0,288.0,0.0,7.05,0.14,2,Starting,805.03,347.25
1789831020000000000,2026-09-19T15:17:00Z,synthetic_stepwise_integrated_bounded,1.589,6.05,0.01,0.01,0.0,288.0,0.0,8.01,0.12,1,Starting,781.81,336.87
1789831080000000000,2026-09-19T15:18:00Z,synthetic_stepwise_integrated_bounded,1.561,6.097,0.01,0.01,0.0,288.0,0.0,8.08,0.12,1,Starting,760.81,359.15
1789831140000000000,2026-09-19T15:19:00Z,synthetic_stepwise_integrated_bounded,1.541,6.02,0.01,0.01,0.0,288.0,0.0,6.67,0.15,3,Starting,769.82,354.15
1789831200000000000,2026-09-19T15:20:00Z,synthetic_stepwise_integrated_bounded,1.507,5.933,0.01,0.01,0.0,288.0,0.0,6.66,0.15,3,Starting,759.19,365.71
1789831260000000000,2026-09-19T15:21:00Z,synthetic_stepwise_integrated_bounded,1.51,5.987,0.01,0.01,0.0,288.0,0.0,7.39,0.14,1,Starting,794.49,370.26
1789831320000000000,2026-09-19T15:22:00Z,synthetic_stepwise_integrated_bounded,1.48,5.99,0.01,0.01,0.0,288.0,0.0,6.22,0.16,3,Starting,793.81,371.08
1789831380000000000,2026-09-19T15:23:00Z,synthetic_stepwise_integrated_bounded,1.471,6.071,0.01,0.01,0.0,288.0,0.0,6.15,0.16,3,Starting,840.75,368.27
1789831440000000000,2026-09-19T15:24:00Z,synthetic_stepwise_integrated_bounded,1.505,6.02,0.01,0.01,0.0,288.0,0.0,7.04,0.14,2,Starting,808.3,348.95
1789831500000000000,2026-09-19T15:25:00Z,synthetic_stepwise_integrated_bounded,1.519,6.069,0.01,0.01,0.0,288.0,0.0,6.96,0.14,3,Starting,762.98,343.66
1789831560000000000,2026-09-19T15:26:00Z,synthetic_stepwise_integrated_bounded,1.522,6.152,0.01,0.01,0.0,288.0,0.0,6.88,0.15,3,Starting,714.64,349.79
1789831620000000000,2026-09-19T15:27:00Z,synthetic_stepwise_integrated_bounded,1.564,6.087,0.01,0.01,0.0,288.0,0.0,7.02,0.14,3,Starting,740.71,346.08
1789831680000000000,2026-09-19T15:28:00Z,synthetic_stepwise_integrated_bounded,1.582,6.088,0.01,0.01,0.0,288.0,0.0,7.58,0.13,1,Starting,777.37,373.61
1789831740000000000,2026-09-19T15:29:00Z,synthetic_stepwise_integrated_bounded,1.566,6.063,0.01,0.01,0.0,288.0,0.0,7.5,0.13,1,Starting,827.33,367.24
1789831800000000000,2026-09-19T15:30:00Z,synthetic_stepwise_integrated_bounded,1.542,6.074,0.01,0.01,0.0,288.0,0.0,6.54,0.15,1,Starting,781.11,389.1
1789831860000000000,2026-09-19T15:31:00Z,synthetic_stepwise_integrated_bounded,1.577,6.068,0.01,0.01,0.0,288.0,0.0,7.91,0.13,1,Starting,775.96,414.51
1789831920000000000,2026-09-19T15:32:00Z,synthetic_stepwise_integrated_bounded,1.571,6.032,0.01,0.01,0.0,288.0,0.0,7.49,0.13,1,Starting,767.12,423.22
1789831980000000000,2026-09-19T15:33:00Z,synthetic_stepwise_integrated_bounded,1.497,6.068,0.01,0.01,0.0,288.0,0.0,7.18,0.14,2,Starting,722.82,447.98
1789832040000000000,2026-09-19T15:34:00Z,synthetic_stepwise_integrated_bounded,1.452,6.109,0.01,0.01,0.0,288.0,0.0,6.83,0.15,2,Starting,702.63,424.7
1789832100000000000,2026-09-19T15:35:00Z,synthetic_stepwise_integrated_bounded,1.534,6.032,0.01,0.01,0.0,288.0,0.0,7.52,0.13,3,Starting,674.21,453.04
1789832160000000000,2026-09-19T15:36:00Z,synthetic_stepwise_integrated_bounded,1.573,6.019,0.01,0.01,0.0,288.0,0.0,6.92,0.14,3,Starting,651.83,458.0
1789832220000000000,2026-09-19T15:37:00Z,synthetic_stepwise_integrated_bounded,1.557,5.956,0.01,0.01,0.0,288.0,0.0,7.66,0.13,3,Starting,674.44,430.08
1789832280000000000,2026-09-19T15:38:00Z,synthetic_stepwise_integrated_bounded,1.59,5.826,0.01,0.01,0.0,288.0,0.0,6.81,0.15,1,Starting,645.15,450.06
1789832340000000000,2026-09-19T15:39:00Z,synthetic_stepwise_integrated_bounded,1.587,5.908,0.01,0.01,0.0,288.0,0.0,7.27,0.14,3,Starting,627.66,461.58
1789832400000000000,2026-09-19T15:40:00Z,synthetic_stepwise_integrated_bounded,1.597,5.911,0.01,0.01,0.0,288.0,0.0,7.58,0.13,1,Starting,592.76,487.64
1789832460000000000,2026-09-19T15:41:00Z,synthetic_stepwise_integrated_bounded,1.562,5.903,0.01,0.01,0.0,288.0,0.0,7.74,0.13,3,Starting,580.21,469.91
1789832520000000000,2026-09-19T15:42:00Z,synthetic_stepwise_integrated_bounded,1.568,5.915,0.01,0.01,0.0,288.0,0.0,6.78,0.15,1,Starting,553.23,461.79
1789832580000000000,2026-09-19T15:43:00Z,synthetic_stepwise_integrated_bounded,1.588,5.891,0.01,0.01,0.0,288.0,0.0,7.58,0.13,3,Starting,580.7,488.62
1789832640000000000,2026-09-19T15:44:00Z,synthetic_stepwise_integrated_bounded,1.629,5.853,0.01,0.01,0.0,288.0,0.0,7.73,0.13,1,Starting,540.89,461.61
1789832700000000000,2026-09-19T15:45:00Z,synthetic_stepwise_integrated_bounded,1.579,5.845,0.01,0.01,0.0,288.0,0.0,8.01,0.12,3,Starting,523.75,478.29
1789832760000000000,2026-09-19T15:46:00Z,synthetic_stepwise_integrated_bounded,1.564,5.86,0.01,0.01,0.0,288.0,0.0,7.21,0.14,3,Starting,568.59,491.08
1789832820000000000,2026-09-19T15:47:00Z,synthetic_stepwise_integrated_bounded,1.575,5.94,0.01,0.01,0.0,288.0,0.0,7.52,0.13,1,Starting,525.97,512.44
1789832880000000000,2026-09-19T15:48:00Z,synthetic_stepwise_integrated_bounded,1.514,5.945,0.01,0.01,0.0,288.0,0.0,6.22,0.16,3,Starting,570.18,503.39
1789832940000000000,2026-09-19T15:49:00Z,synthetic_stepwise_integrated_bounded,1.519,6.031,0.01,0.01,0.0,288.0,0.0,6.93,0.14,1,Starting,583.98,494.81
1789833000000000000,2026-09-19T15:50:00Z,synthetic_stepwise_integrated_bounded,1.617,6.052,0.01,0.01,0.0,288.0,0.0,8.28,0.12,1,Starting,615.7,510.33
1789833060000000000,2026-09-19T15:51:00Z,synthetic_stepwise_integrated_bounded,1.607,6.232,0.01,0.01,0.0,288.0,0.0,8.29,0.12,3,Starting,658.46,487.33
1789833120000000000,2026-09-19T15:52:00Z,synthetic_stepwise_integrated_bounded,1.572,6.299,0.01,0.01,0.0,288.0,0.0,7.25,0.14,1,Starting,699.94,513.09
1789833180000000000,2026-09-19T15:53:00Z,synthetic_stepwise_integrated_bounded,1.627,6.235,0.01,0.01,0.0,288.0,0.0,8.09,0.12,2,Starting,667.59,520.13
1789833240000000000,2026-09-19T15:54:00Z,synthetic_stepwise_integrated_bounded,1.626,6.186,0.01,0.01,0.0,288.0,0.0,8.5,0.12,2,Starting,697.33,502.5
1789833300000000000,2026-09-19T15:55:00Z,synthetic_stepwise_integrated_bounded,1.651,6.192,0.01,0.01,0.0,288.0,0.0,8.36,0.12,3,Starting,695.76,478.69
1789833360000000000,2026-09-19T15:56:00Z,synthetic_stepwise_integrated_bounded,1.696,6.18,0.01,0.01,0.0,288.0,0.0,8.39,0.12,3,Starting,671.55,466.86
1789833420000000000,2026-09-19T15:57:00Z,synthetic_stepwise_integrated_bounded,1.664,6.222,0.01,0.01,0.0,288.0,0.0,9.32,0.11,1,Starting,683.68,479.2
1789833480000000000,2026-09-19T15:58:00Z,synthetic_stepwise_integrated_bounded,1.686,6.198,0.01,0.01,0.0,288.0,0.0,9.34,0.11,1,Starting,689.5,474.12
1789833540000000000,2026-09-19T15:59:00Z,synthetic_stepwise_integrated_bounded,1.71,6.101,0.01,0.01,0.0,288.0,0.0,8.99,0.11,2,Starting,649.69,457.91
1789833600000000000,2026-09-19T16:00:00Z,synthetic_stepwise_integrated_bounded,1.75,6.079,0.01,0.01,0.0,288.0,0.0,9.92,0.1,2,Starting,675.22,431.68
1789833660000000000,2026-09-19T16:01:00Z,synthetic_stepwise_integrated_bounded,1.799,6.023,0.01,0.01,0.0,288.0,0.0,9.76,0.1,3,Starting,695.53,420.02
1789833720000000000,2026-09-19T16:02:00Z,synthetic_stepwise_integrated_bounded,1.75,6.081,0.01,0.01,0.0,288.0,0.0,9.38,0.11,3,Starting,650.99,396.02
1789833780000000000,2026-09-19T16:03:00Z,synthetic_stepwise_integrated_bounded,1.705,6.136,0.01,0.01,0.0,288.0,0.0,8.53,0.12,2,Starting,664.02,393.89
1789833840000000000,2026-09-19T16:04:00Z,synthetic_stepwise_integrated_bounded,1.747,6.191,0.01,0.01,0.0,288.0,0.0,9.79,0.1,3,Starting,628.19,389.42
1789833900000000000,2026-09-19T16:05:00Z,synthetic_stepwise_integrated_bounded,1.716,6.186,0.01,0.01,0.0,288.0,0.0,8.99,0.11,1,Starting,581.82,369.69
1789833960000000000,2026-09-19T16:06:00Z,synthetic_stepwise_integrated_bounded,1.772,6.225,0.01,0.01,0.0,288.0,0.0,10.3,0.1,1,Starting,582.68,381.75
1789834020000000000,2026-09-19T16:07:00Z,synthetic_stepwise_integrated_bounded,1.777,6.157,0.01,0.01,0.0,288.0,0.0,10.45,0.1,1,Starting,993.66,601.98
1789834080000000000,2026-09-19T16:08:00Z,synthetic_stepwise_integrated_bounded,1.724,6.064,0.02,0.02,0.0,288.0,0.0,9.82,0.2,3,Starting,976.13,611.95
1789834140000000000,2026-09-19T16:09:00Z,synthetic_stepwise_integrated_bounded,1.745,6.041,0.01,0.01,0.0,288.0,0.0,8.95,0.11,1,Starting,936.21,637.97
1789834200000000000,2026-09-19T16:10:00Z,synthetic_stepwise_integrated_bounded,1.651,5.952,0.01,0.01,0.0,288.0,0.0,8.5,0.12,1,Starting,919.71,616.06
1789834260000000000,2026-09-19T16:11:00Z,synthetic_stepwise_integrated_bounded,1.728,5.869,0.01,0.01,0.0,288.0,0.0,7.89,0.13,2,Starting,897.35,622.78
1789834320000000000,2026-09-19T16:12:00Z,synthetic_stepwise_integrated_bounded,1.75,5.883,0.01,0.01,0.0,288.0,0.0,8.87,0.11,1,Starting,851.91,619.15
1789834380000000000,2026-09-19T16:13:00Z,synthetic_stepwise_integrated_bounded,1.774,5.853,0.01,0.01,0.0,288.0,0.0,8.89,0.11,1,Starting,844.57,635.27
1789834440000000000,2026-09-19T16:14:00Z,synthetic_stepwise_integrated_bounded,1.814,5.85,0.01,0.01,0.0,288.0,0.0,10.47,0.1,2,Starting,815.23,777.93
1789834500000000000,2026-09-19T16:15:00Z,synthetic_stepwise_integrated_bounded,1.861,5.879,0.01,0.01,0.0,288.0,0.0,10.91,0.09,3,Starting,821.62,774.5
1789834560000000000,2026-09-19T16:16:00Z,synthetic_stepwise_integrated_bounded,1.883,5.963,0.01,0.01,0.0,288.0,0.0,10.46,0.1,2,Starting,946.74,968.75
1789834620000000000,2026-09-19T16:17:00Z,synthetic_stepwise_integrated_bounded,1.905,5.871,0.01,0.01,0.0,288.0,0.0,10.77,0.09,1,Starting,948.13,993.04
1789834680000000000,2026-09-19T16:18:00Z,synthetic_stepwise_integrated_bounded,1.964,5.815,0.01,0.01,0.0,288.0,0.0,11.29,0.09,2,Starting,949.14,1000.0
1789834740000000000,2026-09-19T16:19:00Z,synthetic_stepwise_integrated_bounded,1.962,5.765,0.01,0.01,0.0,288.0,0.0,11.14,0.09,2,Starting,984.78,1000.0
1789834800000000000,2026-09-19T16:20:00Z,synthetic_stepwise_integrated_bounded,1.956,5.818,0.01,0.01,0.0,288.0,0.0,11.97,0.08,3,Starting,953.44,998.3
1789834860000000000,2026-09-19T16:21:00Z,synthetic_stepwise_integrated_bounded,1.974,5.874,0.01,0.01,0.0,288.0,0.0,11.33,0.09,2,Starting,1272.04,302.58
1789834920000000000,2026-09-19T16:22:00Z,synthetic_stepwise_integrated_bounded,1.932,5.837,0.01,0.01,0.0,288.0,0.0,10.04,0.1,1,Starting,1256.0,318.88
1789834980000000000,2026-09-19T16:23:00Z,synthetic_stepwise_integrated_bounded,1.869,5.876,0.01,0.01,0.0,288.0,0.0,10.72,0.09,1,Starting,1249.65,305.86
1789835040000000000,2026-09-19T16:24:00Z,synthetic_stepwise_integrated_bounded,1.919,5.965,0.01,0.01,0.0,288.0,0.0,10.46,0.1,2,Starting,1231.17,296.09
1789835100000000000,2026-09-19T16:25:00Z,synthetic_stepwise_integrated_bounded,1.962,6.015,0.01,0.01,0.0,288.0,0.0,10.6,0.09,2,Starting,1191.44,273.88
1789835160000000000,2026-09-19T16:26:00Z,synthetic_stepwise_integrated_bounded,1.893,6.069,0.01,0.01,0.0,288.0,0.0,10.48,0.1,3,Starting,1239.46,290.73
1789835220000000000,2026-09-19T16:27:00Z,synthetic_stepwise_integrated_bounded,1.904,6.098,0.01,0.01,0.0,288.0,0.0,11.83,0.08,2,Starting,1283.58,268.26
1789835280000000000,2026-09-19T16:28:00Z,synthetic_stepwise_integrated_bounded,1.854,6.054,0.01,0.01,0.0,288.0,0.0,9.76,0.1,1,Starting,1235.14,277.98
1789835340000000000,2026-09-19T16:29:00Z,synthetic_stepwise_integrated_bounded,1.896,6.007,0.01,0.01,0.0,288.0,0.0,9.98,0.1,1,Starting,1206.66,280.78
1789835400000000000,2026-09-19T16:30:00Z,synthetic_stepwise_integrated_bounded,1.937,5.977,0.01,0.01,0.0,288.0,0.0,10.25,0.1,3,Starting,1227.95,279.97
1789835460000000000,2026-09-19T16:31:00Z,synthetic_stepwise_integrated_bounded,1.932,6.06,0.01,0.01,0.0,288.0,0.0,11.26,0.09,1,Starting,1214.1,303.42
1789835520000000000,2026-09-19T16:32:00Z,synthetic_stepwise_integrated_bounded,1.931,6.136,0.01,0.01,0.0,288.0,0.0,11.81,0.08,3,Starting,1181.45,284.41
1789835580000000000,2026-09-19T16:33:00Z,synthetic_stepwise_integrated_bounded,1.979,6.17,0.01,0.01,0.0,288.0,0.0,12.73,0.08,3,Starting,1212.5,262.06
1789835640000000000,2026-09-19T16:34:00Z,synthetic_stepwise_integrated_bounded,1.968,6.24,0.01,0.01,0.0,288.0,0.0,11.79,0.08,2,Starting,1231.04,276.54
1789835700000000000,2026-09-19T16:35:00Z,synthetic_stepwise_integrated_bounded,1.986,6.352,0.01,0.01,0.0,288.0,0.0,11.83,0.08,3,Starting,1184.21,299.08
1789835760000000000,2026-09-19T16:36:00Z,synthetic_stepwise_integrated_bounded,1.973,6.342,0.01,0.01,0.0,288.0,0.0,12.88,0.08,2,Starting,1191.2,299.54
1789835820000000000,2026-09-19T16:37:00Z,synthetic_stepwise_integrated_bounded,1.872,6.313,0.01,0.01,0.0,288.0,0.0,11.75,0.09,1,Starting,755.86,758.24
1789835880000000000,2026-09-19T16:38:00Z,synthetic_stepwise_integrated_bounded,1.9,6.279,0.01,0.01,0.0,288.0,0.0,10.44,0.1,2,Starting,724.43,769.94
1789835940000000000,2026-09-19T16:39:00Z,synthetic_stepwise_integrated_bounded,1.874,6.148,0.01,0.01,0.0,288.0,0.0,11.33,0.09,1,Starting,680.09,775.82
1789836000000000000,2026-09-19T16:40:00Z,synthetic_stepwise_integrated_bounded,1.878,6.098,0.01,0.01,0.0,288.0,0.0,11.82,0.08,3,Starting,652.08,781.78
1789836060000000000,2026-09-19T16:41:00Z,synthetic_stepwise_integrated_bounded,1.869,6.191,0.01,0.01,0.0,288.0,0.0,11.03,0.09,3,Starting,672.91,770.48
1789836120000000000,2026-09-19T16:42:00Z,synthetic_stepwise_integrated_bounded,1.897,6.216,0.01,0.01,0.0,288.0,0.0,11.68,0.09,1,Starting,690.83,763.78
1789836180000000000,2026-09-19T16:43:00Z,synthetic_stepwise_integrated_bounded,1.87,6.264,0.01,0.01,0.0,288.0,0.0,10.25,0.1,2,Starting,683.84,790.03
1789836240000000000,2026-09-19T16:44:00Z,synthetic_stepwise_integrated_bounded,1.867,6.244,0.01,0.01,0.0,288.04,0.06,9.93,0.1,1,Starting,641.25,794.53
1789836300000000000,2026-09-19T16:45:00Z,synthetic_stepwise_integrated_bounded,1.786,6.244,0.01,0.01,0.0,288.07,0.11,9.94,0.1,1,Starting,658.68,810.72
1789836360000000000,2026-09-19T16:46:00Z,synthetic_stepwise_integrated_bounded,1.752,6.26,0.01,0.01,0.0,288.1,0.17,10.13,0.1,1,Starting,1360.61,501.06
1789836420000000000,2026-09-19T16:47:00Z,synthetic_stepwise_integrated_bounded,1.73,6.192,0.01,0.01,0.0,288.14,0.23,8.61,0.12,1,Starting,725.62,944.58
1789836480000000000,2026-09-19T16:48:00Z,synthetic_stepwise_integrated_bounded,1.71,6.182,0.01,0.01,0.0,288.17,0.28,9.44,0.11,3,Starting,698.7,952.07
1789836540000000000,2026-09-19T16:49:00Z,synthetic_stepwise_integrated_bounded,1.749,6.215,0.01,0.01,0.0,288.19,0.32,9.38,0.11,3,Starting,670.96,971.06
1789836600000000000,2026-09-19T16:50:00Z,synthetic_stepwise_integrated_bounded,1.836,6.31,0.01,0.01,0.0,288.25,0.41,9.76,0.1,3,Starting,648.31,994.45
1789836660000000000,2026-09-19T16:51:00Z,synthetic_stepwise_integrated_bounded,1.894,6.267,0.01,0.01,0.0,288.29,0.49,12.08,0.08,1,Starting,664.86,1000.0
1789836720000000000,2026-09-19T16:52:00Z,synthetic_stepwise_integrated_bounded,1.774,6.161,0.01,0.01,0.0,288.32,0.53,10.22,0.1,2,Starting,642.09,1000.0
1789836780000000000,2026-09-19T16:53:00Z,synthetic_stepwise_integrated_bounded,1.779,6.262,0.01,0.01,0.0,288.34,0.57,10.43,0.1,3,Starting,619.15,1000.0
1789836840000000000,2026-09-19T16:54:00Z,synthetic_stepwise_integrated_bounded,1.768,6.228,0.01,0.01,0.0,288.36,0.6,10.41,0.1,2,Starting,653.34,996.06
1789836900000000000,2026-09-19T16:55:00Z,synthetic_stepwise_integrated_bounded,1.705,6.244,0.01,0.01,0.0,288.38,0.63,9.02,0.11,2,Starting,686.35,999.4
1789836960000000000,2026-09-19T16:56:00Z,synthetic_stepwise_integrated_bounded,1.648,6.246,0.01,0.01,0.0,288.41,0.68,9.14,0.11,1,Starting,641.46,991.41
1789837020000000000,2026-09-19T16:57:00Z,synthetic_stepwise_integrated_bounded,1.613,6.167,0.01,0.01,0.0,288.44,0.74,7.68,0.13,1,Starting,664.41,996.13
1789837080000000000,2026-09-19T16:58:00Z,synthetic_stepwise_integrated_bounded,1.613,6.117,0.01,0.01,0.0,288.5,0.83,7.96,0.13,1,Starting,662.31,1000.0
1789837140000000000,2026-09-19T16:59:00Z,synthetic_stepwise_integrated_bounded,1.666,6.221,0.01,0.01,0.0,288.52,0.87,9.08,0.11,1,Starting,696.86,993.81
1789837200000000000,2026-09-19T17:00:00Z,synthetic_stepwise_integrated_bounded,1.626,6.185,0.01,0.01,0.0,288.56,0.93,8.88,0.11,3,Starting,708.49,1000.0
1789837260000000000,2026-09-19T17:01:00Z,synthetic_stepwise_integrated_bounded,1.661,6.22,0.01,0.01,0.0,288.61,1.02,8.93,0.11,1,Starting,738.36,988.93
1789837320000000000,2026-09-19T17:02:00Z,synthetic_stepwise_integrated_bounded,1.651,6.191,0.01,0.01,0.0,288.64,1.06,7.95,0.13,3,Starting,705.86,982.52
1789837380000000000,2026-09-19T17:03:00Z,synthetic_stepwise_integrated_bounded,1.691,6.274,0.01,0.01,0.0,288.69,1.15,9.01,0.11,2,Starting,732.36,987.89
1789837440000000000,2026-09-19T17:04:00Z,synthetic_stepwise_integrated_bounded,1.696,6.246,0.01,0.01,0.0,288.73,1.21,8.23,0.12,1,Starting,738.57,968.23
1789837500000000000,2026-09-19T17:05:00Z,synthetic_stepwise_integrated_bounded,1.692,6.314,0.01,0.01,0.0,288.76,1.27,9.14,0.11,3,Starting,785.76,983.05
1789837560000000000,2026-09-19T17:06:00Z,synthetic_stepwise_integrated_bounded,1.638,6.216,0.01,0.01,0.0,288.8,1.34,8.83,0.11,2,Starting,757.37,986.71
1789837620000000000,2026-09-19T17:07:00Z,synthetic_stepwise_integrated_bounded,1.677,6.239,0.01,0.01,0.0,288.83,1.39,9.26,0.11,2,Starting,775.8,993.27
1789837680000000000,2026-09-19T17:08:00Z,synthetic_stepwise_integrated_bounded,1.695,6.223,0.01,0.01,0.0,288.88,1.47,9.64,0.1,1,Starting,759.94,996.37
1789837740000000000,2026-09-19T17:09:00Z,synthetic_stepwise_integrated_bounded,1.764,6.16,0.01,0.01,0.0,288.9,1.5,10.46,0.1,2,Starting,770.63,983.1
1789837800000000000,2026-09-19T17:10:00Z,synthetic_stepwise_integrated_bounded,1.74,6.12,0.01,0.01,0.0,288.92,1.53,8.55,0.12,1,Starting,1105.02,518.15
1789837860000000000,2026-09-19T17:11:00Z,synthetic_stepwise_integrated_bounded,1.743,6.019,0.01,0.01,0.0,288.97,1.61,8.31,0.12,3,Starting,682.29,542.46
1789837920000000000,2026-09-19T17:12:00Z,synthetic_stepwise_integrated_bounded,1.75,6.04,0.01,0.01,0.0,289.01,1.68,8.95,0.11,2,Starting,662.35,533.83
1789837980000000000,2026-09-19T17:13:00Z,synthetic_stepwise_integrated_bounded,1.705,6.037,0.01,0.01,0.0,289.04,1.73,9.33,0.11,2,Starting,637.93,524.15
1789838040000000000,2026-09-19T17:14:00Z,synthetic_stepwise_integrated_bounded,1.764,6.173,0.01,0.01,0.0,289.06,1.77,9.34,0.11,2,Starting,604.97,511.37
1789838100000000000,2026-09-19T17:15:00Z,synthetic_stepwise_integrated_bounded,1.785,6.111,0.01,0.01,0.0,289.12,1.86,10.61,0.09,2,Starting,621.9,529.42
1789838160000000000,2026-09-19T17:16:00Z,synthetic_stepwise_integrated_bounded,1.772,6.155,0.01,0.01,0.0,289.16,1.93,10.33,0.1,1,Starting,573.68,499.47
1789838220000000000,2026-09-19T17:17:00Z,synthetic_stepwise_integrated_bounded,1.816,6.192,0.01,0.01,0.0,289.21,2.01,10.58,0.09,1,Starting,544.51,489.48
1789838280000000000,2026-09-19T17:18:00Z,synthetic_stepwise_integrated_bounded,1.823,6.142,0.01,0.01,0.0,289.25,2.08,9.4,0.11,1,Starting,569.16,492.69
1789838340000000000,2026-09-19T17:19:00Z,synthetic_stepwise_integrated_bounded,1.866,6.123,0.01,0.01,0.0,289.27,2.11,9.7,0.1,2,Starting,554.01,483.45
1789838400000000000,2026-09-19T17:20:00Z,synthetic_stepwise_integrated_bounded,1.93,6.079,0.01,0.01,0.0,289.3,2.17,11.73,0.09,2,Starting,556.29,453.99
1789838460000000000,2026-09-19T17:21:00Z,synthetic_stepwise_integrated_bounded,2.009,6.076,0.01,0.01,0.0,289.33,2.21,11.93,0.08,1,Starting,567.6,466.62
1789838520000000000,2026-09-19T17:22:00Z,synthetic_stepwise_integrated_bounded,1.944,6.041,0.01,0.01,0.0,289.37,2.29,11.59,0.09,1,Starting,560.14,443.04
1789838580000000000,2026-09-19T17:23:00Z,synthetic_stepwise_integrated_bounded,1.867,6.086,0.01,0.01,0.0,289.41,2.35,10.69,0.09,2,Starting,593.23,456.99
1789838640000000000,2026-09-19T17:24:00Z,synthetic_stepwise_integrated_bounded,1.807,6.122,0.01,0.01,0.0,289.45,2.42,9.75,0.1,2,Starting,594.35,456.01
1789838700000000000,2026-09-19T17:25:00Z,synthetic_stepwise_integrated_bounded,1.761,6.105,0.01,0.01,0.0,289.48,2.47,9.06,0.11,1,Starting,638.76,441.13
1789838760000000000,2026-09-19T17:26:00Z,synthetic_stepwise_integrated_bounded,1.681,6.144,0.01,0.01,0.0,289.53,2.55,8.53,0.12,1,Starting,603.94,458.66
1789838820000000000,2026-09-19T17:27:00Z,synthetic_stepwise_integrated_bounded,1.699,6.193,0.01,0.01,0.0,289.57,2.61,8.56,0.12,3,Starting,584.83,470.55
1789838880000000000,2026-09-19T17:28:00Z,synthetic_stepwise_integrated_bounded,1.633,6.198,0.01,0.01,0.0,289.58,2.64,8.29,0.12,1,Starting,558.21,491.5
1789838940000000000,2026-09-19T17:29:00Z,synthetic_stepwise_integrated_bounded,1.633,6.258,0.01,0.01,0.0,289.6,2.67,7.97,0.13,2,Starting,551.49,495.65
1789839000000000000,2026-09-19T17:30:00Z,synthetic_stepwise_integrated_bounded,1.621,6.25,0.01,0.01,0.0,289.63,2.72,8.27,0.12,3,Starting,599.66,489.19
1789839060000000000,2026-09-19T17:31:00Z,synthetic_stepwise_integrated_bounded,1.617,6.249,0.01,0.01,0.0,289.66,2.77,7.99,0.13,1,Starting,591.98,488.32
1789839120000000000,2026-09-19T17:32:00Z,synthetic_stepwise_integrated_bounded,1.741,6.297,0.01,0.01,0.0,289.7,2.83,9.66,0.1,1,Starting,1453.33,991.3
1789839180000000000,2026-09-19T17:33:00Z,synthetic_stepwise_integrated_bounded,1.753,6.272,0.02,0.02,0.0,289.72,2.86,10.2,0.2,1,Starting,1001.86,725.13
1789839240000000000,2026-09-19T17:34:00Z,synthetic_stepwise_integrated_bounded,1.761,6.346,0.02,0.02,0.0,289.77,2.95,10.44,0.19,1,Starting,1050.44,731.22
1789839300000000000,2026-09-19T17:35:00Z,synthetic_stepwise_integrated_bounded,1.821,6.181,0.02,0.02,0.0,289.81,3.01,9.56,0.21,1,Starting,1009.22,745.9
1789839360000000000,2026-09-19T17:36:00Z,synthetic_stepwise_integrated_bounded,1.859,6.174,0.02,0.02,0.0,289.84,3.06,10.83,0.18,2,Starting,1019.03,764.08
1789839420000000000,2026-09-19T17:37:00Z,synthetic_stepwise_integrated_bounded,1.882,6.18,0.02,0.02,0.0,289.87,3.11,11.85,0.17,2,Starting,1046.37,789.77
1789839480000000000,2026-09-19T17:38:00Z,synthetic_stepwise_integrated_bounded,1.912,6.192,0.02,0.02,0.0,289.9,3.17,12.04,0.17,2,Starting,1090.58,797.11
1789839540000000000,2026-09-19T17:39:00Z,synthetic_stepwise_integrated_bounded,1.871,6.205,0.02,0.02,0.0,289.94,3.24,10.61,0.19,3,Starting,1094.92,794.09
1789839600000000000,2026-09-19T17:40:00Z,synthetic_stepwise_integrated_bounded,1.867,6.201,0.02,0.02,0.0,290.0,3.33,9.91,0.2,2,Starting,1091.96,765.27
1789839660000000000,2026-09-19T17:41:00Z,synthetic_stepwise_integrated_bounded,1.877,6.161,0.02,0.02,0.0,290.02,3.37,10.14,0.2,2,Starting,1058.0,783.51
1789839720000000000,2026-09-19T17:42:00Z,synthetic_stepwise_integrated_bounded,1.911,6.145,0.02,0.02,0.0,290.06,3.44,12.17,0.16,3,Starting,1093.87,804.97
1789839780000000000,2026-09-19T17:43:00Z,synthetic_stepwise_integrated_bounded,1.936,6.183,0.02,0.02,0.0,290.08,3.47,11.7,0.17,2,Starting,1087.56,819.12
1789839840000000000,2026-09-19T17:44:00Z,synthetic_stepwise_integrated_bounded,2.011,6.288,0.02,0.02,0.0,290.11,3.52,13.76,0.15,3,Starting,1103.19,834.62
1789839900000000000,2026-09-19T17:45:00Z,synthetic_stepwise_integrated_bounded,2.074,6.219,0.02,0.02,0.0,290.15,3.59,14.19,0.14,2,Starting,1078.05,832.29
1789839960000000000,2026-09-19T17:46:00Z,synthetic_stepwise_integrated_bounded,2.088,6.242,0.02,0.02,0.0,290.18,3.64,14.54,0.14,1,Starting,1101.77,805.25
1789840020000000000,2026-09-19T17:47:00Z,synthetic_stepwise_integrated_bounded,2.094,6.282,0.02,0.02,0.0,290.23,3.72,14.52,0.14,3,Starting,1099.4,821.22
1789840080000000000,2026-09-19T17:48:00Z,synthetic_stepwise_integrated_bounded,2.208,6.353,0.02,0.02,0.0,290.26,3.77,15.65,0.13,1,Starting,1135.47,805.09
1789840140000000000,2026-09-19T17:49:00Z,synthetic_stepwise_integrated_bounded,2.291,6.378,0.02,0.02,0.0,290.31,3.85,17.46,0.11,1,Starting,1129.63,819.18
1789840200000000000,2026-09-19T17:50:00Z,synthetic_stepwise_integrated_bounded,2.347,6.33,0.02,0.02,0.0,290.34,3.9,18.15,0.11,2,Starting,1081.99,819.44
1789840260000000000,2026-09-19T17:51:00Z,synthetic_stepwise_integrated_bounded,2.374,6.346,0.02,0.02,0.0,290.36,3.93,17.04,0.12,1,Starting,1084.25,840.16
1789840320000000000,2026-09-19T17:52:00Z,synthetic_stepwise_integrated_bounded,2.245,6.389,0.02,0.02,0.0,290.4,4.0,16.41,0.12,1,Starting,1117.38,853.71
1789840380000000000,2026-09-19T17:53:00Z,synthetic_stepwise_integrated_bounded,2.168,6.407,0.02,0.02,0.0,290.44,4.07,14.26,0.14,1,Starting,1124.65,829.91
1789840440000000000,2026-09-19T17:54:00Z,synthetic_stepwise_integrated_bounded,2.061,6.399,0.02,0.02,0.0,290.48,4.13,13.03,0.15,2,Starting,1118.21,859.67
1789840500000000000,2026-09-19T17:55:00Z,synthetic_stepwise_integrated_bounded,2.022,6.483,0.02,0.02,0.0,290.53,4.22,12.58,0.16,2,Starting,1077.83,829.67
1789840560000000000,2026-09-19T17:56:00Z,synthetic_stepwise_integrated_bounded,2.033,6.573,0.02,0.02,0.0,290.56,4.27,12.85,0.16,1,Starting,1035.21,824.11
1789840620000000000,2026-09-19T17:57:00Z,synthetic_stepwise_integrated_bounded,2.015,6.54,0.02,0.02,0.0,290.61,4.35,12.08,0.17,2,Starting,1008.66,805.66
1789840680000000000,2026-09-19T17:58:00Z,synthetic_stepwise_integrated_bounded,1.946,6.641,0.02,0.02,0.0,290.63,4.38,12.01,0.17,3,Starting,999.55,799.82
1789840740000000000,2026-09-19T17:59:00Z,synthetic_stepwise_integrated_bounded,2.025,6.733,0.02,0.02,0.0,290.68,4.47,13.66,0.15,3,Starting,975.71,781.62
1789840800000000000,2026-09-19T18:00:00Z,synthetic_stepwise_integrated_bounded,2.026,6.63,0.02,0.02,0.0,290.72,4.53,12.97,0.15,2,Starting,928.9,779.99
1789840860000000000,2026-09-19T18:01:00Z,synthetic_stepwise_integrated_bounded,1.951,6.471,0.02,0.02,0.0,290.75,4.59,12.54,0.16,3,Starting,915.24,766.74
1789840920000000000,2026-09-19T18:02:00Z,synthetic_stepwise_integrated_bounded,1.952,6.349,0.02,0.02,0.0,290.78,4.63,12.31,0.16,1,Starting,921.2,775.56
1789840980000000000,2026-09-19T18:03:00Z,synthetic_stepwise_integrated_bounded,1.87,6.314,0.03,0.03,0.0,290.8,4.67,10.83,0.28,1,Starting,922.36,803.79
1789841040000000000,2026-09-19T18:04:00Z,synthetic_stepwise_integrated_bounded,1.817,6.355,0.03,0.03,0.0,290.83,4.72,10.53,0.28,3,Starting,941.28,805.77
1789841100000000000,2026-09-19T18:05:00Z,synthetic_stepwise_integrated_bounded,1.794,6.423,0.03,0.03,0.0,290.86,4.76,10.38,0.29,3,Starting,947.09,827.89
1789841160000000000,2026-09-19T18:06:00Z,synthetic_stepwise_integrated_bounded,1.817,6.356,0.03,0.03,0.0,290.9,4.84,11.53,0.26,3,Starting,552.7,315.92
1789841220000000000,2026-09-19T18:07:00Z,synthetic_stepwise_integrated_bounded,1.793,6.415,0.03,0.03,0.0,290.95,4.92,10.23,0.29,3,Starting,535.83,331.07
1789841280000000000,2026-09-19T18:08:00Z,synthetic_stepwise_integrated_bounded,1.786,6.414,0.03,0.03,0.0,290.99,4.99,10.57,0.28,2,Starting,491.15,354.15
1789841340000000000,2026-09-19T18:09:00Z,synthetic_stepwise_integrated_bounded,1.786,6.318,0.03,0.03,0.0,291.04,5.06,10.28,0.29,1,Starting,524.88,370.4
1789841400000000000,2026-09-19T18:10:00Z,synthetic_stepwise_integrated_bounded,1.747,6.29,0.03,0.03,0.0,291.08,5.13,9.49,0.32,3,Starting,498.27,387.8
1789841460000000000,2026-09-19T18:11:00Z,synthetic_stepwise_integrated_bounded,1.736,6.182,0.03,0.03,0.0,291.13,5.22,9.12,0.33,1,Starting,538.1,369.87
1789841520000000000,2026-09-19T18:12:00Z,synthetic_stepwise_integrated_bounded,1.761,6.238,0.03,0.03,0.0,291.18,5.3,9.01,0.33,2,Starting,490.3,349.91
1789841580000000000,2026-09-19T18:13:00Z,synthetic_stepwise_integrated_bounded,1.838,6.2,0.03,0.03,0.0,291.21,5.35,11.4,0.26,1,Starting,538.63,343.47
1789841640000000000,2026-09-19T18:14:00Z,synthetic_stepwise_integrated_bounded,1.891,6.202,0.03,0.03,0.0,291.24,5.4,10.92,0.27,3,Starting,557.22,339.49
1789841700000000000,2026-09-19T18:15:00Z,synthetic_stepwise_integrated_bounded,1.875,6.158,0.03,0.03,0.0,291.28,5.46,10.77,0.28,1,Starting,535.81,368.1
1789841760000000000,2026-09-19T18:16:00Z,synthetic_stepwise_integrated_bounded,1.835,6.244,0.03,0.03,0.0,291.3,5.5,11.2,0.27,1,Starting,496.43,395.16
1789841820000000000,2026-09-19T18:17:00Z,synthetic_stepwise_integrated_bounded,1.852,6.326,0.04,0.04,0.0,291.32,5.54,10.84,0.37,3,Starting,489.55,373.62
1789841880000000000,2026-09-19T18:18:00Z,synthetic_stepwise_integrated_bounded,1.853,6.239,0.04,0.04,0.0,291.37,5.61,10.16,0.39,2,Starting,492.12,365.3
1789841940000000000,2026-09-19T18:19:00Z,synthetic_stepwise_integrated_bounded,1.879,6.163,0.04,0.04,0.0,291.4,5.66,11.0,0.36,2,Starting,518.88,347.3
1789842000000000000,2026-09-19T18:20:00Z,synthetic_stepwise_integrated_bounded,1.865,6.168,0.04,0.04,0.0,291.43,5.71,9.85,0.41,3,Starting,485.66,346.05
1789842060000000000,2026-09-19T18:21:00Z,synthetic_stepwise_integrated_bounded,1.891,6.069,0.04,0.04,0.0,291.46,5.76,9.98,0.4,1,Starting,529.06,354.96
1789842120000000000,2026-09-19T18:22:00Z,synthetic_stepwise_integrated_bounded,1.885,6.071,0.04,0.04,0.0,291.48,5.8,10.35,0.39,3,Starting,1247.84,685.05
1789842180000000000,2026-09-19T18:23:00Z,synthetic_stepwise_integrated_bounded,1.843,6.025,0.04,0.04,0.0,291.52,5.87,10.58,0.38,2,Starting,1256.33,696.99
1789842240000000000,2026-09-19T18:24:00Z,synthetic_stepwise_integrated_bounded,1.792,5.991,0.04,0.04,0.0,291.57,5.95,10.07,0.4,1,Starting,1298.24,722.13
1789842300000000000,2026-09-19T18:25:00Z,synthetic_stepwise_integrated_bounded,1.78,6.055,0.04,0.04,0.0,291.58,5.97,9.5,0.42,3,Starting,1315.38,700.41
1789842360000000000,2026-09-19T18:26:00Z,synthetic_stepwise_integrated_bounded,1.715,6.069,0.04,0.04,0.0,291.62,6.03,8.33,0.48,2,Starting,1309.4,672.64
1789842420000000000,2026-09-19T18:27:00Z,synthetic_stepwise_integrated_bounded,1.658,6.079,0.04,0.04,0.0,291.67,6.11,8.12,0.49,1,Starting,1301.34,653.36
1789842480000000000,2026-09-19T18:28:00Z,synthetic_stepwise_integrated_bounded,1.636,6.111,0.04,0.04,0.0,291.7,6.17,8.95,0.45,2,Starting,1293.97,665.17
1789842540000000000,2026-09-19T18:29:00Z,synthetic_stepwise_integrated_bounded,1.656,6.148,0.04,0.04,0.0,291.73,6.22,7.87,0.51,1,Starting,1336.63,693.84
1789842600000000000,2026-09-19T18:30:00Z,synthetic_stepwise_integrated_bounded,1.622,6.208,0.04,0.04,0.0,291.78,6.3,7.71,0.52,1,Starting,1328.66,690.53
1789842660000000000,2026-09-19T18:31:00Z,synthetic_stepwise_integrated_bounded,1.675,6.239,0.04,0.04,0.0,291.83,6.38,8.01,0.5,2,Starting,1286.49,690.57
1789842720000000000,2026-09-19T18:32:00Z,synthetic_stepwise_integrated_bounded,1.643,6.311,0.03,0.03,0.0,291.86,6.43,8.57,0.35,1,Starting,1319.28,691.88
1789842780000000000,2026-09-19T18:33:00Z,synthetic_stepwise_integrated_bounded,1.658,6.353,0.03,0.03,0.0,291.89,6.49,8.14,0.37,1,Starting,1346.51,664.41
1789842840000000000,2026-09-19T18:34:00Z,synthetic_stepwise_integrated_bounded,1.68,6.348,0.03,0.03,0.0,291.95,6.58,9.16,0.33,1,Starting,1301.95,692.5
1789842900000000000,2026-09-19T18:35:00Z,synthetic_stepwise_integrated_bounded,1.739,6.319,0.03,0.03,0.0,291.98,6.64,8.98,0.33,2,Starting,1295.22,684.28
1789842960000000000,2026-09-19T18:36:00Z,synthetic_stepwise_integrated_bounded,1.816,6.339,0.03,0.03,0.0,292.01,6.68,10.91,0.27,3,Starting,1317.85,656.89
1789843020000000000,2026-09-19T18:37:00Z,synthetic_stepwise_integrated_bounded,1.822,6.346,0.03,0.03,0.0,292.04,6.73,10.65,0.28,1,Starting,1311.9,642.89
1789843080000000000,2026-09-19T18:38:00Z,synthetic_stepwise_integrated_bounded,1.844,6.38,0.03,0.03,0.0,292.08,6.8,10.16,0.3,3,Starting,1291.16,639.68
1789843140000000000,2026-09-19T18:39:00Z,synthetic_stepwise_integrated_bounded,1.834,6.429,0.03,0.03,0.0,292.13,6.88,10.11,0.3,2,Starting,1255.72,640.14
1789843200000000000,2026-09-19T18:40:00Z,synthetic_stepwise_integrated_bounded,1.896,6.364,0.03,0.03,0.0,292.18,6.96,11.64,0.26,2,Starting,1272.77,641.18
1789843260000000000,2026-09-19T18:41:00Z,synthetic_stepwise_integrated_bounded,1.875,6.365,0.03,0.03,0.0,292.22,7.03,11.08,0.27,2,Starting,1286.57,630.04
1789843320000000000,2026-09-19T18:42:00Z,synthetic_stepwise_integrated_bounded,1.793,6.333,0.02,0.02,0.0,292.27,7.11,9.89,0.2,3,Starting,1284.9,627.46
1789843380000000000,2026-09-19T18:43:00Z,synthetic_stepwise_integrated_bounded,1.814,6.33,0.02,0.02,0.0,292.28,7.14,11.19,0.18,1,Starting,1236.34,621.65
1789843440000000000,2026-09-19T18:44:00Z,synthetic_stepwise_integrated_bounded,1.865,6.273,0.02,0.02,0.0,292.33,7.21,10.11,0.2,3,Starting,1224.99,644.53
1789843500000000000,2026-09-19T18:45:00Z,synthetic_stepwise_integrated_bounded,1.917,6.291,0.02,0.02,0.0,292.38,7.3,10.54,0.19,2,Starting,1242.14,670.11
1789843560000000000,2026-09-19T18:46:00Z,synthetic_stepwise_integrated_bounded,1.882,6.401,0.02,0.02,0.0,292.42,7.36,10.89,0.18,1,Starting,1247.5,645.35
1789843620000000000,2026-09-19T18:47:00Z,synthetic_stepwise_integrated_bounded,1.857,6.315,0.02,0.02,0.0,292.46,7.44,10.01,0.2,1,Starting,1297.15,630.02
1789843680000000000,2026-09-19T18:48:00Z,synthetic_stepwise_integrated_bounded,1.872,6.353,0.02,0.02,0.0,292.51,7.51,11.64,0.17,2,Starting,1297.44,624.81
1789843740000000000,2026-09-19T18:49:00Z,synthetic_stepwise_integrated_bounded,1.931,6.348,0.02,0.02,0.0,292.55,7.59,12.62,0.16,2,Starting,817.15,973.26
1789843800000000000,2026-09-19T18:50:00Z,synthetic_stepwise_integrated_bounded,1.967,6.364,0.02,0.02,0.0,292.58,7.64,12.96,0.15,3,Starting,785.07,943.59
1789843860000000000,2026-09-19T18:51:00Z,synthetic_stepwise_integrated_bounded,1.946,6.383,0.02,0.02,0.0,292.63,7.71,11.03,0.18,2,Starting,825.27,970.95
1789843920000000000,2026-09-19T18:52:00Z,synthetic_stepwise_integrated_bounded,1.898,6.358,0.02,0.02,0.0,292.66,7.76,11.57,0.17,2,Starting,794.59,960.65
1789843980000000000,2026-09-19T18:53:00Z,synthetic_stepwise_integrated_bounded,1.88,6.44,0.02,0.02,0.0,292.68,7.8,11.99,0.17,3,Starting,747.59,937.58
1789844040000000000,2026-09-19T18:54:00Z,synthetic_stepwise_integrated_bounded,1.805,6.379,0.02,0.02,0.0,292.72,7.86,9.77,0.2,1,Starting,728.2,910.68
1789844100000000000,2026-09-19T18:55:00Z,synthetic_stepwise_integrated_bounded,1.726,6.37,0.02,0.02,0.0,292.74,7.9,10.23,0.2,2,Starting,710.69,933.48
1789844160000000000,2026-09-19T18:56:00Z,synthetic_stepwise_integrated_bounded,1.713,6.437,0.02,0.02,0.0,292.77,7.95,8.89,0.22,3,Starting,705.78,926.48
1789844220000000000,2026-09-19T18:57:00Z,synthetic_stepwise_integrated_bounded,1.747,6.397,0.02,0.02,0.0,292.79,7.98,9.07,0.22,2,Starting,710.45,951.99
1789844280000000000,2026-09-19T18:58:00Z,synthetic_stepwise_integrated_bounded,1.761,6.338,0.02,0.02,0.0,292.83,8.05,10.51,0.19,3,Starting,670.62,964.73
1789844340000000000,2026-09-19T18:59:00Z,synthetic_stepwise_integrated_bounded,1.791,6.309,0.02,0.02,0.0,292.86,8.1,10.68,0.19,3,Starting,707.43,955.83
1789844400000000000,2026-09-19T19:00:00Z,synthetic_stepwise_integrated_bounded,1.798,6.173,0.02,0.02,0.0,292.88,8.14,9.23,0.22,2,Starting,750.5,963.39
1789844460000000000,2026-09-19T19:01:00Z,synthetic_stepwise_integrated_bounded,1.814,6.074,0.02,0.02,0.0,292.91,8.19,10.54,0.19,3,Starting,788.94,953.68
1789844520000000000,2026-09-19T19:02:00Z,synthetic_stepwise_integrated_bounded,1.821,6.01,0.02,0.02,0.0,292.93,8.21,10.32,0.19,2,Starting,796.26,947.51
1789844580000000000,2026-09-19T19:03:00Z,synthetic_stepwise_integrated_bounded,1.85,6.036,0.02,0.02,0.0,292.97,8.28,10.8,0.19,2,Starting,773.73,942.37
1789844640000000000,2026-09-19T19:04:00Z,synthetic_stepwise_integrated_bounded,1.854,6.079,0.02,0.02,0.0,293.0,8.33,11.48,0.17,3,Starting,771.18,960.52
1789844700000000000,2026-09-19T19:05:00Z,synthetic_stepwise_integrated_bounded,1.922,6.112,0.02,0.02,0.0,293.03,8.38,10.46,0.19,2,Starting,747.38,960.79
1789844760000000000,2026-09-19T19:06:00Z,synthetic_stepwise_integrated_bounded,1.913,6.111,0.02,0.02,0.0,293.05,8.41,11.41,0.18,1,Starting,729.28,931.49
1789844820000000000,2026-09-19T19:07:00Z,synthetic_stepwise_integrated_bounded,1.89,6.093,0.02,0.02,0.0,293.06,8.44,10.21,0.2,2,Starting,751.48,932.81
1789844880000000000,2026-09-19T19:08:00Z,synthetic_stepwise_integrated_bounded,1.866,6.095,0.02,0.02,0.0,293.1,8.5,10.83,0.18,2,Starting,705.32,936.48
1789844940000000000,2026-09-19T19:09:00Z,synthetic_stepwise_integrated_bounded,1.789,6.123,0.02,0.02,0.0,293.14,8.57,9.99,0.2,2,Starting,707.33,944.95
1789845000000000000,2026-09-19T19:10:00Z,synthetic_stepwise_integrated_bounded,1.793,6.167,0.02,0.02,0.0,293.18,8.64,9.92,0.2,3,Starting,1107.33,579.81
1789845060000000000,2026-09-19T19:11:00Z,synthetic_stepwise_integrated_bounded,1.765,6.154,0.02,0.02,0.0,293.21,8.68,9.25,0.22,2,Starting,1130.24,572.14
1789845120000000000,2026-09-19T19:12:00Z,synthetic_stepwise_integrated_bounded,1.728,6.135,0.02,0.02,0.0,293.26,8.76,8.45,0.24,3,Starting,1139.15,568.11
1789845180000000000,2026-09-19T19:13:00Z,synthetic_stepwise_integrated_bounded,1.688,6.086,0.02,0.02,0.0,293.3,8.84,9.15,0.22,3,Starting,1183.09,594.88
1789845240000000000,2026-09-19T19:14:00Z,synthetic_stepwise_integrated_bounded,1.675,6.047,0.02,0.02,0.0,293.35,8.91,9.17,0.22,3,Starting,1203.41,612.41
1789845300000000000,2026-09-19T19:15:00Z,synthetic_stepwise_integrated_bounded,1.646,6.083,0.02,0.02,0.0,293.38,8.97,8.64,0.23,1,Starting,1166.06,586.39
1789845360000000000,2026-09-19T19:16:00Z,synthetic_stepwise_integrated_bounded,1.648,6.056,0.02,0.02,0.0,293.43,9.05,8.73,0.23,2,Starting,1144.67,615.17
1789845420000000000,2026-09-19T19:17:00Z,synthetic_stepwise_integrated_bounded,1.639,5.935,0.01,0.01,0.0,293.48,9.14,8.57,0.12,1,Starting,1159.05,600.36
1789845480000000000,2026-09-19T19:18:00Z,synthetic_stepwise_integrated_bounded,1.62,5.901,0.02,0.02,0.0,293.51,9.19,7.37,0.27,1,Starting,1159.26,609.62
1789845540000000000,2026-09-19T19:19:00Z,synthetic_stepwise_integrated_bounded,1.645,5.866,0.02,0.02,0.0,293.53,9.22,8.15,0.25,2,Starting,1161.87,635.8
1789845600000000000,2026-09-19T19:20:00Z,synthetic_stepwise_integrated_bounded,1.73,5.926,0.02,0.02,0.0,293.57,9.28,8.11,0.25,2,Starting,1134.25,663.34
1789845660000000000,2026-09-19T19:21:00Z,synthetic_stepwise_integrated_bounded,1.778,5.984,0.01,0.01,0.0,293.61,9.35,8.81,0.11,1,Off,1141.84,667.99
1789845720000000000,2026-09-19T19:22:00Z,synthetic_stepwise_integrated_bounded,1.733,5.993,0.02,0.02,0.0,293.66,9.44,8.55,0.23,1,Off,1135.74,663.49
1789845780000000000,2026-09-19T19:23:00Z,synthetic_stepwise_integrated_bounded,1.713,6.066,0.02,0.02,0.0,293.7,9.5,9.16,0.22,2,Off,1185.72,651.65
1789845840000000000,2026-09-19T19:24:00Z,synthetic_stepwise_integrated_bounded,1.741,6.096,0.02,0.02,0.0,293.75,9.58,8.37,0.24,3,Off,1171.73,644.38
1789845900000000000,2026-09-19T19:25:00Z,synthetic_stepwise_integrated_bounded,1.762,6.203,0.02,0.02,0.0,293.8,9.66,9.06,0.22,2,Off,1186.38,625.16
1789845960000000000,2026-09-19T19:26:00Z,synthetic_stepwise_integrated_bounded,1.764,6.286,0.02,0.02,0.0,293.84,9.74,10.44,0.19,1,Off,1152.07,626.87
1789846020000000000,2026-09-19T19:27:00Z,synthetic_stepwise_integrated_bounded,1.76,6.217,0.02,0.02,0.0,293.88,9.8,8.81,0.23,3,Off,1122.83,597.13
1789846080000000000,2026-09-19T19:28:00Z,synthetic_stepwise_integrated_bounded,1.731,6.28,0.02,0.02,0.0,293.93,9.88,9.25,0.22,2,Off,1106.88,592.23
1789846140000000000,2026-09-19T19:29:00Z,synthetic_stepwise_integrated_bounded,1.724,6.392,0.02,0.02,0.0,293.96,9.94,9.6,0.21,1,Off,1147.71,605.09
1789846200000000000,2026-09-19T19:30:00Z,synthetic_stepwise_integrated_bounded,1.762,6.445,0.02,0.02,0.0,293.98,9.97,10.32,0.19,1,Off,1162.74,611.87
1789846260000000000,2026-09-19T19:31:00Z,synthetic_stepwise_integrated_bounded,1.81,6.442,0.02,0.02,0.0,294.0,10.0,9.56,0.21,3,Off,1118.19,589.71
1789846320000000000,2026-09-19T19:32:00Z,synthetic_stepwise_integrated_bounded,1.806,6.402,0.02,0.02,0.0,294.02,10.05,10.0,0.2,1,Off,1069.15,597.47
1789846380000000000,2026-09-19T19:33:00Z,synthetic_stepwise_integrated_bounded,1.804,6.569,0.02,0.02,0.0,294.06,10.11,11.43,0.17,1,Off,1021.95,582.52
1789846440000000000,2026-09-19T19:34:00Z,synthetic_stepwise_integrated_bounded,1.796,6.525,0.02,0.02,0.0,294.1,10.19,10.71,0.19,3,Off,1067.54,569.23
1789846500000000000,2026-09-19T19:35:00Z,synthetic_stepwise_integrated_bounded,1.787,6.578,0.03,0.03,0.0,294.13,10.27,10.65,0.28,1,Off,1050.37,560.17
1789846560000000000,2026-09-19T19:36:00Z,synthetic_stepwise_integrated_bounded,1.828,6.471,0.03,0.03,0.0,294.15,10.31,10.19,0.29,2,Off,1036.75,559.35
1789846620000000000,2026-09-19T19:37:00Z,synthetic_stepwise_integrated_bounded,1.845,6.424,0.03,0.03,0.0,294.19,10.37,11.39,0.26,3,Off,705.24,318.13
1789846680000000000,2026-09-19T19:38:00Z,synthetic_stepwise_integrated_bounded,1.781,6.487,0.02,0.02,0.0,294.2,10.4,9.86,0.2,1,Off,741.75,308.24
1789846740000000000,2026-09-19T19:39:00Z,synthetic_stepwise_integrated_bounded,1.659,6.451,0.03,0.03,0.0,294.23,10.45,9.2,0.33,1,Off,718.05,286.71
1789846800000000000,2026-09-19T19:40:00Z,synthetic_stepwise_integrated_bounded,1.632,6.422,0.03,0.03,0.0,294.26,10.52,9.13,0.33,3,Off,679.41,301.79
1789846860000000000,2026-09-19T19:41:00Z,synthetic_stepwise_integrated_bounded,1.562,6.423,0.03,0.03,0.0,294.29,10.57,7.65,0.39,3,Off,639.1,295.28
1789846920000000000,2026-09-19T19:42:00Z,synthetic_stepwise_integrated_bounded,1.563,6.317,0.02,0.02,0.0,294.31,10.61,7.65,0.26,3,Off,667.91,299.22
1789846980000000000,2026-09-19T19:43:00Z,synthetic_stepwise_integrated_bounded,1.568,6.338,0.02,0.02,0.0,294.35,10.69,7.33,0.27,3,Off,665.66,312.5
1789847040000000000,2026-09-19T19:44:00Z,synthetic_stepwise_integrated_bounded,1.565,6.347,0.02,0.02,0.0,294.38,10.77,8.54,0.23,2,Off,678.33,322.15
1789847100000000000,2026-09-19T19:45:00Z,synthetic_stepwise_integrated_bounded,1.597,6.322,0.02,0.02,0.0,294.42,10.83,7.72,0.26,2,Off,710.83,319.36
1789847160000000000,2026-09-19T19:46:00Z,synthetic_stepwise_integrated_bounded,1.636,6.31,0.02,0.02,0.0,294.45,10.91,9.14,0.22,3,Off,665.35,331.24
1789847220000000000,2026-09-19T19:47:00Z,synthetic_stepwise_integrated_bounded,1.601,6.304,0.02,0.02,0.0,294.48,10.96,7.6,0.26,2,Off,711.41,330.75
1789847280000000000,2026-09-19T19:48:00Z,synthetic_stepwise_integrated_bounded,1.626,6.378,0.02,0.02,0.0,294.51,11.02,8.3,0.24,2,Off,708.42,326.91
1789847340000000000,2026-09-19T19:49:00Z,synthetic_stepwise_integrated_bounded,1.698,6.204,0.02,0.02,0.0,294.55,11.1,9.32,0.21,2,Off,719.67,350.88
1789847400000000000,2026-09-19T19:50:00Z,synthetic_stepwise_integrated_bounded,1.717,6.152,0.02,0.02,0.0,294.57,11.14,9.91,0.2,2,Off,673.47,345.04
1789847460000000000,2026-09-19T19:51:00Z,synthetic_stepwise_integrated_bounded,1.686,6.268,0.02,0.02,0.0,294.58,11.17,8.67,0.23,2,Off,654.53,326.47
1789847520000000000,2026-09-19T19:52:00Z,synthetic_stepwise_integrated_bounded,1.717,6.282,0.02,0.02,0.0,294.6,11.2,9.32,0.21,2,Off,630.61,302.39
1789847580000000000,2026-09-19T19:53:00Z,synthetic_stepwise_integrated_bounded,1.662,6.303,0.02,0.02,0.0,294.64,11.29,9.09,0.22,3,Off,657.86,283.77
1789847640000000000,2026-09-19T19:54:00Z,synthetic_stepwise_integrated_bounded,1.66,6.277,0.02,0.02,0.0,294.68,11.36,8.36,0.24,1,Off,660.62,311.02
1789847700000000000,2026-09-19T19:55:00Z,synthetic_stepwise_integrated_bounded,1.657,6.329,0.02,0.02,0.0,294.73,11.45,8.6,0.23,1,Off,683.5,324.37
1789847760000000000,2026-09-19T19:56:00Z,synthetic_stepwise_integrated_bounded,1.65,6.315,0.02,0.02,0.0,294.75,11.5,8.67,0.23,1,Off,687.28,347.28
1789847820000000000,2026-09-19T19:57:00Z,synthetic_stepwise_integrated_bounded,1.711,6.283,0.02,0.02,0.0,294.79,11.57,9.87,0.2,2,Off,702.47,363.45
1789847880000000000,2026-09-19T19:58:00Z,synthetic_stepwise_integrated_bounded,1.724,6.292,0.02,0.02,0.0,294.81,11.61,8.47,0.24,1,Off,672.07,389.18
1789847940000000000,2026-09-19T19:59:00Z,synthetic_stepwise_integrated_bounded,1.737,6.401,0.02,0.02,0.0,294.85,11.69,9.48,0.21,2,Off,645.89,372.02
1789848000000000000,2026-09-19T20:00:00Z,synthetic_stepwise_integrated_bounded,1.783,6.349,0.02,0.02,0.0,294.87,11.73,9.76,0.2,1,Off,647.33,375.43
1789848060000000000,2026-09-19T20:01:00Z,synthetic_stepwise_integrated_bounded,1.721,6.343,0.02,0.02,0.0,294.88,11.75,9.41,0.21,2,Off,607.52,360.75
1789848120000000000,2026-09-19T20:02:00Z,synthetic_stepwise_integrated_bounded,1.694,6.303,0.02,0.02,0.0,294.92,11.84,9.08,0.22,2,Off,565.93,360.16
1789848180000000000,2026-09-19T20:03:00Z,synthetic_stepwise_integrated_bounded,1.637,6.409,0.02,0.02,0.0,294.94,11.88,8.41,0.24,2,Off,610.2,373.94
1789848240000000000,2026-09-19T20:04:00Z,synthetic_stepwise_integrated_bounded,1.67,6.363,0.02,0.02,0.0,294.96,11.93,9.47,0.21,3,Off,579.63,348.23
1789848300000000000,2026-09-19T20:05:00Z,synthetic_stepwise_integrated_bounded,1.672,6.41,0.02,0.02,0.0,295.0,12.01,9.77,0.2,2,Off,629.02,320.45
1789848360000000000,2026-09-19T20:06:00Z,synthetic_stepwise_integrated_bounded,1.695,6.47,0.02,0.02,0.0,295.04,12.08,10.08,0.2,3,Off,581.54,293.48
1789848420000000000,2026-09-19T20:07:00Z,synthetic_stepwise_integrated_bounded,1.741,6.438,0.02,0.02,0.0,295.05,12.1,9.88,0.2,3,Off,580.99,296.05
1789848480000000000,2026-09-19T20:08:00Z,synthetic_stepwise_integrated_bounded,1.723,6.529,0.02,0.02,0.0,295.06,12.13,9.26,0.22,3,Off,591.59,324.14
1789848540000000000,2026-09-19T20:09:00Z,synthetic_stepwise_integrated_bounded,1.757,6.444,0.02,0.02,0.0,295.08,12.16,8.98,0.22,2,Off,621.31,331.47
1789848600000000000,2026-09-19T20:10:00Z,synthetic_stepwise_integrated_bounded,1.746,6.466,0.02,0.02,0.0,295.1,12.19,10.44,0.19,1,Off,668.32,337.86
1789848660000000000,2026-09-19T20:11:00Z,synthetic_stepwise_integrated_bounded,1.695,6.368,0.02,0.02,0.0,295.11,12.22,9.6,0.21,1,Off,695.07,351.03
1789848720000000000,2026-09-19T20:12:00Z,synthetic_stepwise_integrated_bounded,1.738,6.39,0.02,0.02,0.0,295.13,12.27,9.86,0.2,1,Off,647.89,354.02
1789848780000000000,2026-09-19T20:13:00Z,synthetic_stepwise_integrated_bounded,1.812,6.439,0.03,0.03,0.0,295.18,12.36,9.65,0.31,2,Off,663.68,351.72
1789848840000000000,2026-09-19T20:14:00Z,synthetic_stepwise_integrated_bounded,1.849,6.359,0.02,0.02,0.0,295.2,12.4,10.46,0.19,2,Off,688.31,360.23
1789848900000000000,2026-09-19T20:15:00Z,synthetic_stepwise_integrated_bounded,1.866,6.418,0.02,0.02,0.0,295.21,12.42,11.27,0.18,1,Off,699.38,367.97
1789848960000000000,2026-09-19T20:16:00Z,synthetic_stepwise_integrated_bounded,1.834,6.415,0.03,0.03,0.0,295.25,12.49,10.91,0.27,3,Off,735.27,355.45
1789849020000000000,2026-09-19T20:17:00Z,synthetic_stepwise_integrated_bounded,1.81,6.403,0.02,0.02,0.0,295.28,12.56,11.12,0.18,2,Off,757.16,326.67
1789849080000000000,2026-09-19T20:18:00Z,synthetic_stepwise_integrated_bounded,1.814,6.384,0.02,0.02,0.0,295.32,12.64,10.75,0.19,2,Off,778.37,337.83
1789849140000000000,2026-09-19T20:19:00Z,synthetic_stepwise_integrated_bounded,1.827,6.395,0.02,0.02,0.0,295.33,12.67,11.73,0.17,3,Off,773.25,360.14
1789849200000000000,2026-09-19T20:20:00Z,synthetic_stepwise_integrated_bounded,1.805,6.439,0.02,0.02,0.0,295.36,12.71,9.82,0.2,2,Off,749.5,384.45
1789849260000000000,2026-09-19T20:21:00Z,synthetic_stepwise_integrated_bounded,1.724,6.348,0.02,0.02,0.0,295.37,12.74,9.06,0.22,3,Off,744.71,371.53
1789849320000000000,2026-09-19T20:22:00Z,synthetic_stepwise_integrated_bounded,1.843,6.252,0.02,0.02,0.0,295.39,12.79,10.17,0.2,3,Off,731.61,397.35
1789849380000000000,2026-09-19T20:23:00Z,synthetic_stepwise_integrated_bounded,1.839,6.287,0.02,0.02,0.0,295.44,12.87,10.44,0.19,3,Off,733.53,376.63
1789849440000000000,2026-09-19T20:24:00Z,synthetic_stepwise_integrated_bounded,1.896,6.359,0.03,0.03,0.0,295.48,12.96,11.28,0.27,3,Off,734.72,387.49
1789849500000000000,2026-09-19T20:25:00Z,synthetic_stepwise_integrated_bounded,1.928,6.43,0.03,0.03,0.0,295.51,13.03,11.21,0.27,3,Off,699.4,415.12
1789849560000000000,2026-09-19T20:26:00Z,synthetic_stepwise_integrated_bounded,1.943,6.382,0.03,0.03,0.0,295.54,13.08,11.88,0.25,3,Off,718.04,429.72
1789849620000000000,2026-09-19T20:27:00Z,synthetic_stepwise_integrated_bounded,2.005,6.311,0.02,0.02,0.0,295.56,13.12,11.82,0.17,3,Off,755.81,435.72
1789849680000000000,2026-09-19T20:28:00Z,synthetic_stepwise_integrated_bounded,2.044,6.162,0.02,0.02,0.0,295.61,13.21,12.87,0.16,2,Off,717.62,406.84
1789849740000000000,2026-09-19T20:29:00Z,synthetic_stepwise_integrated_bounded,1.976,6.187,0.02,0.02,0.0,295.64,13.28,11.56,0.17,1,Off,723.62,394.18
1789849800000000000,2026-09-19T20:30:00Z,synthetic_stepwise_integrated_bounded,2.073,6.179,0.02,0.02,0.0,295.67,13.33,12.79,0.16,2,Off,737.95,420.8
1789849860000000000,2026-09-19T20:31:00Z,synthetic_stepwise_integrated_bounded,2.132,6.089,0.02,0.02,0.0,295.68,13.36,14.13,0.14,1,Off,759.28,427.58
1789849920000000000,2026-09-19T20:32:00Z,synthetic_stepwise_integrated_bounded,2.125,6.047,0.02,0.02,0.0,295.69,13.39,12.81,0.16,2,Off,753.86,399.09
1789849980000000000,2026-09-19T20:33:00Z,synthetic_stepwise_integrated_bounded,2.041,6.115,0.02,0.02,0.0,295.73,13.46,13.58,0.15,3,Off,737.19,409.57
1789850040000000000,2026-09-19T20:34:00Z,synthetic_stepwise_integrated_bounded,2.034,6.114,0.02,0.02,0.0,295.76,13.53,13.55,0.15,1,Off,693.39,413.25
1789850100000000000,2026-09-19T20:35:00Z,synthetic_stepwise_integrated_bounded,2.006,6.109,0.02,0.02,0.0,295.79,13.58,11.6,0.17,2,Off,679.7,423.24
1789850160000000000,2026-09-19T20:36:00Z,synthetic_stepwise_integrated_bounded,2.001,6.111,0.03,0.03,0.0,295.81,13.63,12.58,0.24,2,Off,634.0,436.89
1789850220000000000,2026-09-19T20:37:00Z,synthetic_stepwise_integrated_bounded,2.015,6.136,0.03,0.03,0.0,295.83,13.66,13.25,0.23,1,Off,664.65,459.74
1789850280000000000,2026-09-19T20:38:00Z,synthetic_stepwise_integrated_bounded,2.006,6.087,0.03,0.03,0.0,295.87,13.73,11.71,0.26,3,Off,667.63,483.04
1789850340000000000,2026-09-19T20:39:00Z,synthetic_stepwise_integrated_bounded,1.939,6.093,0.03,0.03,0.0,295.88,13.77,12.11,0.25,1,Off,676.63,469.32
1789850400000000000,2026-09-19T20:40:00Z,synthetic_stepwise_integrated_bounded,1.922,6.133,0.03,0.03,0.0,295.93,13.85,10.41,0.29,1,Off,700.39,480.9
1789850460000000000,2026-09-19T20:41:00Z,synthetic_stepwise_integrated_bounded,1.961,6.103,0.03,0.03,0.0,295.95,13.91,12.53,0.24,3,Off,668.84,482.13
1789850520000000000,2026-09-19T20:42:00Z,synthetic_stepwise_integrated_bounded,1.934,6.135,0.03,0.03,0.0,295.98,13.96,12.55,0.24,2,Off,640.59,465.43
1789850580000000000,2026-09-19T20:43:00Z,synthetic_stepwise_integrated_bounded,1.992,6.063,0.03,0.03,0.0,296.0,14.0,11.86,0.25,3,Off,646.8,474.93
1789850640000000000,2026-09-19T20:44:00Z,synthetic_stepwise_integrated_bounded,2.058,6.01,0.03,0.03,0.0,296.02,14.04,11.72,0.26,1,Off,637.05,483.94
1789850700000000000,2026-09-19T20:45:00Z,synthetic_stepwise_integrated_bounded,2.063,6.106,0.03,0.03,0.0,296.06,14.12,12.95,0.23,3,Off,630.61,456.96
1789850760000000000,2026-09-19T20:46:00Z,synthetic_stepwise_integrated_bounded,2.107,6.016,0.02,0.02,0.0,296.07,14.15,13.9,0.14,1,Off,587.99,462.79
1789850820000000000,2026-09-19T20:47:00Z,synthetic_stepwise_integrated_bounded,2.077,5.956,0.02,0.02,0.0,296.11,14.22,13.36,0.15,2,Off,587.69,471.85
1789850880000000000,2026-09-19T20:48:00Z,synthetic_stepwise_integrated_bounded,2.042,5.946,0.02,0.02,0.0,296.14,14.28,13.52,0.15,1,Off,628.52,486.77
1789850940000000000,2026-09-19T20:49:00Z,synthetic_stepwise_integrated_bounded,2.0,5.973,0.03,0.03,0.0,296.16,14.32,12.45,0.24,3,Off,631.61,496.39
1789851000000000000,2026-09-19T20:50:00Z,synthetic_stepwise_integrated_bounded,1.916,6.009,0.02,0.02,0.0,296.19,14.39,11.36,0.18,1,Off,650.38,502.82
1789851060000000000,2026-09-19T20:51:00Z,synthetic_stepwise_integrated_bounded,1.873,5.963,0.03,0.03,0.0,296.24,14.47,9.82,0.31,3,Off,631.64,512.67
1789851120000000000,2026-09-19T20:52:00Z,synthetic_stepwise_integrated_bounded,1.905,6.03,0.03,0.03,0.0,296.26,14.52,10.18,0.29,1,Off,659.22,519.77
1789851180000000000,2026-09-19T20:53:00Z,synthetic_stepwise_integrated_bounded,1.875,6.018,0.03,0.03,0.0,296.25,14.49,9.85,0.3,3,Off,681.49,496.77
1789851240000000000,2026-09-19T20:54:00Z,synthetic_stepwise_integrated_bounded,1.883,6.063,0.03,0.03,0.0,296.24,14.47,11.46,0.26,3,Off,650.63,493.08
1789851300000000000,2026-09-19T20:55:00Z,synthetic_stepwise_integrated_bounded,1.84,6.084,0.03,0.03,0.0,296.22,14.44,9.58,0.31,3,Off,675.22,475.4
1789851360000000000,2026-09-19T20:56:00Z,synthetic_stepwise_integrated_bounded,1.805,6.045,0.02,0.02,0.0,296.21,14.42,9.47,0.21,2,Off,723.18,491.38
1789851420000000000,2026-09-19T20:57:00Z,synthetic_stepwise_integrated_bounded,1.792,6.041,0.03,0.03,0.0,296.2,14.4,8.84,0.34,3,Off,673.59,472.7
1789851480000000000,2026-09-19T20:58:00Z,synthetic_stepwise_integrated_bounded,1.825,6.089,0.03,0.03,0.0,296.19,14.38,11.05,0.27,1,Off,679.05,501.1
1789851540000000000,2026-09-19T20:59:00Z,synthetic_stepwise_integrated_bounded,1.913,6.106,0.03,0.03,0.0,296.18,14.36,12.28,0.24,1,Off,650.36,518.36
1789851600000000000,2026-09-19T21:00:00Z,synthetic_stepwise_integrated_bounded,1.791,6.049,0.03,0.03,0.0,296.17,14.34,10.44,0.29,2,Off,618.31,506.98
1789851660000000000,2026-09-19T21:01:00Z,synthetic_stepwise_integrated_bounded,1.76,5.989,0.03,0.03,0.0,296.17,14.33,8.93,0.34,1,Off,667.12,487.56
1789851720000000000,2026-09-19T21:02:00Z,synthetic_stepwise_integrated_bounded,1.776,5.941,0.02,0.02,0.0,296.15,14.31,10.09,0.2,1,Off,711.87,510.08
1789851780000000000,2026-09-19T21:03:00Z,synthetic_stepwise_integrated_bounded,1.868,5.998,0.02,0.02,0.0,296.14,14.29,11.38,0.18,1,Off,719.38,497.13
1789851840000000000,2026-09-19T21:04:00Z,synthetic_stepwise_integrated_bounded,1.832,5.973,0.03,0.03,0.0,296.13,14.26,10.29,0.29,1,Off,757.17,515.57
1789851900000000000,2026-09-19T21:05:00Z,synthetic_stepwise_integrated_bounded,1.766,5.902,0.02,0.02,0.0,296.12,14.24,9.25,0.22,3,Off,796.0,542.34
1789851960000000000,2026-09-19T21:06:00Z,synthetic_stepwise_integrated_bounded,1.745,5.962,0.02,0.02,0.0,296.12,14.23,8.84,0.23,1,Off,792.82,540.33
1789852020000000000,2026-09-19T21:07:00Z,synthetic_stepwise_integrated_bounded,1.694,5.894,0.03,0.03,0.0,296.1,14.2,7.84,0.38,3,Off,842.35,516.61
1789852080000000000,2026-09-19T21:08:00Z,synthetic_stepwise_integrated_bounded,1.712,5.838,0.03,0.03,0.0,296.09,14.18,8.66,0.35,3,Off,859.17,526.94
1789852140000000000,2026-09-19T21:09:00Z,synthetic_stepwise_integrated_bounded,1.701,5.904,0.03,0.03,0.0,296.08,14.16,9.19,0.33,2,Off,839.48,544.3
1789852200000000000,2026-09-19T21:10:00Z,synthetic_stepwise_integrated_bounded,1.62,5.82,0.03,0.03,0.0,296.07,14.14,7.64,0.39,1,Off,818.86,311.29
1789852260000000000,2026-09-19T21:11:00Z,synthetic_stepwise_integrated_bounded,1.604,5.88,0.03,0.03,0.0,296.06,14.11,6.99,0.43,2,Off,792.77,327.94
1789852320000000000,2026-09-19T21:12:00Z,synthetic_stepwise_integrated_bounded,1.629,5.858,0.03,0.03,0.0,296.04,14.08,7.13,0.42,1,Off,826.99,306.01
1789852380000000000,2026-09-19T21:13:00Z,synthetic_stepwise_integrated_bounded,1.621,5.853,0.02,0.02,0.0,296.02,14.05,7.4,0.27,2,Off,781.37,309.42
1789852440000000000,2026-09-19T21:14:00Z,synthetic_stepwise_integrated_bounded,1.583,5.878,0.02,0.02,0.0,296.01,14.02,7.22,0.28,1,Off,787.43,331.84
1789852500000000000,2026-09-19T21:15:00Z,synthetic_stepwise_integrated_bounded,1.648,5.879,0.02,0.02,0.0,296.0,14.0,8.01,0.25,2,Off,829.02,353.24
1789852560000000000,2026-09-19T21:16:00Z,synthetic_stepwise_integrated_bounded,1.595,5.847,0.02,0.02,0.0,295.99,13.98,7.74,0.26,1,Off,843.93,364.61
1789852620000000000,2026-09-19T21:17:00Z,synthetic_stepwise_integrated_bounded,1.685,5.903,0.02,0.02,0.0,295.99,13.97,8.99,0.22,1,Off,883.92,342.06
1789852680000000000,2026-09-19T21:18:00Z,synthetic_stepwise_integrated_bounded,1.659,5.969,0.02,0.02,0.0,295.97,13.94,8.57,0.23,3,Off,887.1,337.15
1789852740000000000,2026-09-19T21:19:00Z,synthetic_stepwise_integrated_bounded,1.575,5.919,0.02,0.02,0.0,295.97,13.94,7.78,0.26,3,Off,918.44,312.69
1789852800000000000,2026-09-19T21:20:00Z,synthetic_stepwise_integrated_bounded,1.562,5.925,0.02,0.02,0.0,295.96,13.93,7.25,0.28,3,Off,896.36,330.25
1789852860000000000,2026-09-19T21:21:00Z,synthetic_stepwise_integrated_bounded,1.588,5.916,0.02,0.02,0.0,295.96,13.92,6.92,0.29,1,Off,902.34,335.54
1789852920000000000,2026-09-19T21:22:00Z,synthetic_stepwise_integrated_bounded,1.569,5.898,0.02,0.02,0.0,295.95,13.9,6.66,0.3,1,Off,910.72,320.94
1789852980000000000,2026-09-19T21:23:00Z,synthetic_stepwise_integrated_bounded,1.527,5.852,0.02,0.02,0.0,295.94,13.89,7.38,0.27,2,Off,882.26,317.21
1789853040000000000,2026-09-19T21:24:00Z,synthetic_stepwise_integrated_bounded,1.522,5.854,0.02,0.02,0.0,295.94,13.87,7.38,0.27,1,Off,889.84,319.87
1789853100000000000,2026-09-19T21:25:00Z,synthetic_stepwise_integrated_bounded,1.5,5.796,0.02,0.02,0.0,295.92,13.84,7.04,0.28,3,Off,890.64,309.3
1789853160000000000,2026-09-19T21:26:00Z,synthetic_stepwise_integrated_bounded,1.534,5.839,0.02,0.02,0.0,295.92,13.83,7.24,0.28,3,Off,916.51,331.32
1789853220000000000,2026-09-19T21:27:00Z,synthetic_stepwise_integrated_bounded,1.545,5.881,0.02,0.02,0.0,295.9,13.8,6.92,0.29,3,Off,954.59,347.58
1789853280000000000,2026-09-19T21:28:00Z,synthetic_stepwise_integrated_bounded,1.495,5.895,0.02,0.02,0.0,295.89,13.79,6.67,0.3,2,Off,969.71,325.38
1789853340000000000,2026-09-19T21:29:00Z,synthetic_stepwise_integrated_bounded,1.509,5.957,0.02,0.02,0.0,295.89,13.79,6.57,0.3,1,Off,856.87,516.37
1789853400000000000,2026-09-19T21:30:00Z,synthetic_stepwise_integrated_bounded,1.484,5.899,0.02,0.02,0.0,295.89,13.78,6.14,0.33,3,Off,833.96,526.89
1789853460000000000,2026-09-19T21:31:00Z,synthetic_stepwise_integrated_bounded,1.496,5.904,0.02,0.02,0.0,295.88,13.77,6.23,0.32,3,Off,819.32,528.41
1789853520000000000,2026-09-19T21:32:00Z,synthetic_stepwise_integrated_bounded,1.467,5.845,0.02,0.02,0.0,295.88,13.76,6.29,0.32,3,Off,852.17,551.6
1789853580000000000,2026-09-19T21:33:00Z,synthetic_stepwise_integrated_bounded,1.441,5.913,0.02,0.02,0.0,295.88,13.75,6.34,0.32,2,Off,870.8,521.8
1789853640000000000,2026-09-19T21:34:00Z,synthetic_stepwise_integrated_bounded,1.371,5.955,0.02,0.02,0.0,295.86,13.72,5.74,0.35,3,Off,826.84,525.68
1789853700000000000,2026-09-19T21:35:00Z,synthetic_stepwise_integrated_bounded,1.38,5.873,0.02,0.02,0.0,295.85,13.69,5.9,0.34,1,Off,820.55,517.0
1789853760000000000,2026-09-19T21:36:00Z,synthetic_stepwise_integrated_bounded,1.379,5.84,0.02,0.02,0.0,295.83,13.66,5.59,0.36,2,Off,779.68,494.39
1789853820000000000,2026-09-19T21:37:00Z,synthetic_stepwise_integrated_bounded,1.346,5.843,0.02,0.02,0.0,295.81,13.63,4.79,0.42,1,Off,816.45,514.02
1789853880000000000,2026-09-19T21:38:00Z,synthetic_stepwise_integrated_bounded,1.367,5.863,0.02,0.02,0.0,295.81,13.62,5.71,0.35,3,Off,815.04,539.36
1789853940000000000,2026-09-19T21:39:00Z,synthetic_stepwise_integrated_bounded,1.354,5.852,0.02,0.02,0.0,295.81,13.61,5.36,0.37,2,Off,770.67,561.23
1789854000000000000,2026-09-19T21:40:00Z,synthetic_stepwise_integrated_bounded,1.36,5.862,0.02,0.02,0.0,295.8,13.59,5.27,0.38,2,Off,732.01,569.95
1789854060000000000,2026-09-19T21:41:00Z,synthetic_stepwise_integrated_bounded,1.397,6.009,0.02,0.02,0.0,295.78,13.56,5.37,0.37,1,Off,732.5,568.66
1789854120000000000,2026-09-19T21:42:00Z,synthetic_stepwise_integrated_bounded,1.377,6.001,0.02,0.02,0.0,295.76,13.53,6.0,0.33,2,Off,684.42,587.61
1789854180000000000,2026-09-19T21:43:00Z,synthetic_stepwise_integrated_bounded,1.398,6.103,0.02,0.02,0.0,295.76,13.52,6.26,0.32,2,Off,671.86,587.14
1789854240000000000,2026-09-19T21:44:00Z,synthetic_stepwise_integrated_bounded,1.41,6.181,0.02,0.02,0.0,295.75,13.51,5.57,0.36,2,Off,635.08,600.51
1789854300000000000,2026-09-19T21:45:00Z,synthetic_stepwise_integrated_bounded,1.398,6.159,0.02,0.02,0.0,295.74,13.48,6.22,0.32,2,Off,678.14,625.6
1789854360000000000,2026-09-19T21:46:00Z,synthetic_stepwise_integrated_bounded,1.371,6.051,0.02,0.02,0.0,295.73,13.46,6.11,0.33,2,Off,652.46,643.45
1789854420000000000,2026-09-19T21:47:00Z,synthetic_stepwise_integrated_bounded,1.349,6.078,0.02,0.02,0.0,295.71,13.43,5.54,0.36,1,Off,639.64,670.74
1789854480000000000,2026-09-19T21:48:00Z,synthetic_stepwise_integrated_bounded,1.355,6.098,0.02,0.02,0.0,295.7,13.41,5.06,0.4,1,Off,675.65,687.4
1789854540000000000,2026-09-19T21:49:00Z,synthetic_stepwise_integrated_bounded,1.35,6.043,0.02,0.02,0.0,295.7,13.4,5.09,0.39,3,Off,701.69,671.17
1789854600000000000,2026-09-19T21:50:00Z,synthetic_stepwise_integrated_bounded,1.377,6.152,0.02,0.02,0.0,295.69,13.39,5.32,0.38,1,Off,995.38,435.22
1789854660000000000,2026-09-19T21:51:00Z,synthetic_stepwise_integrated_bounded,1.391,6.208,0.03,0.03,0.0,295.69,13.37,5.56,0.54,3,Off,1017.92,405.46
1789854720000000000,2026-09-19T21:52:00Z,synthetic_stepwise_integrated_bounded,1.415,6.061,0.03,0.03,0.0,295.67,13.34,6.14,0.49,2,Off,1036.24,400.14
1789854780000000000,2026-09-19T21:53:00Z,synthetic_stepwise_integrated_bounded,1.406,6.01,0.03,0.03,0.0,295.65,13.3,6.19,0.48,1,Off,1048.33,428.77
1789854840000000000,2026-09-19T21:54:00Z,synthetic_stepwise_integrated_bounded,1.436,5.992,0.03,0.03,0.0,295.63,13.27,5.74,0.52,1,Off,1020.93,452.37
1789854900000000000,2026-09-19T21:55:00Z,synthetic_stepwise_integrated_bounded,1.422,5.993,0.03,0.03,0.0,295.62,13.25,5.73,0.52,1,Off,1001.33,423.91
1789854960000000000,2026-09-19T21:56:00Z,synthetic_stepwise_integrated_bounded,1.43,6.139,0.03,0.03,0.0,295.62,13.24,6.19,0.48,2,Off,1004.84,396.55
1789855020000000000,2026-09-19T21:57:00Z,synthetic_stepwise_integrated_bounded,1.452,6.015,0.03,0.03,0.0,295.61,13.21,6.33,0.47,3,Off,1051.67,367.23
1789855080000000000,2026-09-19T21:58:00Z,synthetic_stepwise_integrated_bounded,1.484,5.989,0.03,0.03,0.0,295.6,13.2,6.38,0.47,3,Off,1060.96,371.46
1789855140000000000,2026-09-19T21:59:00Z,synthetic_stepwise_integrated_bounded,1.469,5.991,0.03,0.03,0.0,295.58,13.17,6.8,0.44,1,Off,1065.13,365.69
1789855200000000000,2026-09-19T22:00:00Z,synthetic_stepwise_integrated_bounded,1.457,5.967,0.03,0.03,0.0,295.58,13.16,5.95,0.5,3,Off,1069.76,362.09
1789855260000000000,2026-09-19T22:01:00Z,synthetic_stepwise_integrated_bounded,1.469,5.947,0.03,0.03,0.0,295.57,13.14,6.88,0.44,1,Off,1028.51,390.33
1789855320000000000,2026-09-19T22:02:00Z,synthetic_stepwise_integrated_bounded,1.484,5.936,0.03,0.03,0.0,295.56,13.11,7.05,0.43,3,Off,995.66,365.08
1789855380000000000,2026-09-19T22:03:00Z,synthetic_stepwise_integrated_bounded,1.562,6.047,0.03,0.03,0.0,295.55,13.1,7.77,0.39,1,Off,993.05,343.1
1789855440000000000,2026-09-19T22:04:00Z,synthetic_stepwise_integrated_bounded,1.582,6.032,0.03,0.03,0.0,295.54,13.08,7.28,0.41,2,Off,970.82,336.39
1789855500000000000,2026-09-19T22:05:00Z,synthetic_stepwise_integrated_bounded,1.596,5.968,0.03,0.03,0.0,295.54,13.07,7.01,0.43,2,Off,921.03,355.22
1789855560000000000,2026-09-19T22:06:00Z,synthetic_stepwise_integrated_bounded,1.56,5.866,0.03,0.03,0.0,295.52,13.05,6.59,0.46,1,Off,932.7,330.21
1789855620000000000,2026-09-19T22:07:00Z,synthetic_stepwise_integrated_bounded,1.661,5.767,0.03,0.03,0.0,295.52,13.04,7.62,0.39,1,Off,968.72,320.69
1789855680000000000,2026-09-19T22:08:00Z,synthetic_stepwise_integrated_bounded,1.635,5.814,0.03,0.03,0.0,295.51,13.03,8.41,0.36,2,Off,970.97,326.21
1789855740000000000,2026-09-19T22:09:00Z,synthetic_stepwise_integrated_bounded,1.653,5.775,0.03,0.03,0.0,295.5,13.01,7.95,0.38,3,Off,708.35,797.29
1789855800000000000,2026-09-19T22:10:00Z,synthetic_stepwise_integrated_bounded,1.728,5.852,0.03,0.03,0.0,295.5,12.99,8.28,0.36,2,Off,747.57,780.99
1789855860000000000,2026-09-19T22:11:00Z,synthetic_stepwise_integrated_bounded,1.698,5.793,0.03,0.03,0.0,295.48,12.96,9.18,0.33,3,Off,776.07,756.38
1789855920000000000,2026-09-19T22:12:00Z,synthetic_stepwise_integrated_bounded,1.732,5.803,0.03,0.03,0.0,295.48,12.95,8.7,0.34,3,Off,825.16,742.23
1789855980000000000,2026-09-19T22:13:00Z,synthetic_stepwise_integrated_bounded,1.754,5.697,0.03,0.03,0.0,295.45,12.91,8.21,0.37,2,Off,787.97,743.16
1789856040000000000,2026-09-19T22:14:00Z,synthetic_stepwise_integrated_bounded,1.752,5.674,0.03,0.03,0.0,295.44,12.88,8.96,0.33,2,Off,775.04,739.92
1789856100000000000,2026-09-19T22:15:00Z,synthetic_stepwise_integrated_bounded,1.816,5.7,0.03,0.03,0.0,295.43,12.85,8.62,0.35,2,Off,730.79,747.45
1789856160000000000,2026-09-19T22:16:00Z,synthetic_stepwise_integrated_bounded,1.769,5.783,0.03,0.03,0.0,295.42,12.84,8.68,0.35,1,Off,692.65,721.32
1789856220000000000,2026-09-19T22:17:00Z,synthetic_stepwise_integrated_bounded,1.756,5.707,0.03,0.03,0.0,295.41,12.82,8.81,0.34,2,Off,652.09,719.26
1789856280000000000,2026-09-19T22:18:00Z,synthetic_stepwise_integrated_bounded,1.711,5.711,0.03,0.03,0.0,295.4,12.81,8.48,0.35,3,Off,647.1,745.58
1789856340000000000,2026-09-19T22:19:00Z,synthetic_stepwise_integrated_bounded,1.732,5.752,0.03,0.03,0.0,295.39,12.79,9.28,0.32,3,Off,635.2,747.27
1789856400000000000,2026-09-19T22:20:00Z,synthetic_stepwise_integrated_bounded,1.636,5.784,0.03,0.03,0.0,295.38,12.77,7.07,0.42,3,Off,652.77,770.73
1789856460000000000,2026-09-19T22:21:00Z,synthetic_stepwise_integrated_bounded,1.611,5.812,0.03,0.03,0.0,295.38,12.76,8.07,0.37,3,Off,632.45,791.3
1789856520000000000,2026-09-19T22:22:00Z,synthetic_stepwise_integrated_bounded,1.623,5.809,0.03,0.03,0.0,295.37,12.73,7.61,0.39,3,Off,606.55,795.92
1789856580000000000,2026-09-19T22:23:00Z,synthetic_stepwise_integrated_bounded,1.635,5.825,0.03,0.03,0.0,295.36,12.71,7.24,0.41,2,Off,591.55,784.11
1789856640000000000,2026-09-19T22:24:00Z,synthetic_stepwise_integrated_bounded,1.671,5.937,0.03,0.03,0.0,295.35,12.69,7.6,0.39,1,Off,625.11,770.21
1789856700000000000,2026-09-19T22:25:00Z,synthetic_stepwise_integrated_bounded,1.722,5.833,0.03,0.03,0.0,295.34,12.68,8.72,0.34,1,Off,612.02,799.37
1789856760000000000,2026-09-19T22:26:00Z,synthetic_stepwise_integrated_bounded,1.747,5.746,0.03,0.03,0.0,295.33,12.67,9.37,0.32,1,On,594.31,797.49
1789856820000000000,2026-09-19T22:27:00Z,synthetic_stepwise_integrated_bounded,1.707,5.78,0.03,0.03,0.0,295.33,12.66,8.51,0.35,2,On,582.41,790.25
1789856880000000000,2026-09-19T22:28:00Z,synthetic_stepwise_integrated_bounded,1.695,5.86,0.04,0.04,0.0,295.32,12.65,8.04,0.5,2,On,607.3,786.4
1789856940000000000,2026-09-19T22:29:00Z,synthetic_stepwise_integrated_bounded,1.744,5.91,0.04,0.04,0.0,295.32,12.64,9.22,0.43,1,On,619.91,780.48
1789857000000000000,2026-09-19T22:30:00Z,synthetic_stepwise_integrated_bounded,1.752,5.884,0.04,0.04,0.0,295.31,12.62,8.98,0.45,1,On,664.63,795.11
1789857060000000000,2026-09-19T22:31:00Z,synthetic_stepwise_integrated_bounded,1.645,5.903,0.04,0.04,0.0,295.3,12.6,7.88,0.51,1,On,692.85,824.45
1789857120000000000,2026-09-19T22:32:00Z,synthetic_stepwise_integrated_bounded,1.608,6.002,0.04,0.04,0.0,295.29,12.58,8.4,0.48,3,On,645.21,815.34
1789857180000000000,2026-09-19T22:33:00Z,synthetic_stepwise_integrated_bounded,1.626,5.999,0.04,0.04,0.0,295.27,12.55,7.65,0.52,2,On,612.63,799.4
1789857240000000000,2026-09-19T22:34:00Z,synthetic_stepwise_integrated_bounded,1.637,6.116,0.03,0.03,0.0,295.27,12.54,7.43,0.4,1,On,569.89,786.58
1789857300000000000,2026-09-19T22:35:00Z,synthetic_stepwise_integrated_bounded,1.694,6.114,0.03,0.03,0.0,295.26,12.53,8.68,0.35,1,On,540.74,763.61
1789857360000000000,2026-09-19T22:36:00Z,synthetic_stepwise_integrated_bounded,1.671,6.192,0.03,0.03,0.0,295.26,12.53,8.21,0.37,2,On,534.62,768.78
1789857420000000000,2026-09-19T22:37:00Z,synthetic_stepwise_integrated_bounded,1.612,6.128,0.03,0.03,0.0,295.25,12.51,7.9,0.38,2,On,569.68,754.67
1789857480000000000,2026-09-19T22:38:00Z,synthetic_stepwise_integrated_bounded,1.598,6.15,0.03,0.03,0.0,295.24,12.48,7.58,0.4,2,On,595.76,743.79
1789857540000000000,2026-09-19T22:39:00Z,synthetic_stepwise_integrated_bounded,1.645,6.079,0.03,0.03,0.0,295.23,12.46,8.73,0.34,1,On,568.62,755.87
1789857600000000000,2026-09-19T22:40:00Z,synthetic_stepwise_integrated_bounded,1.675,6.089,0.03,0.03,0.0,295.22,12.44,9.27,0.32,3,On,588.14,737.76
1789857660000000000,2026-09-19T22:41:00Z,synthetic_stepwise_integrated_bounded,1.641,6.024,0.03,0.03,0.0,295.2,12.41,8.65,0.35,3,On,608.18,742.45
1789857720000000000,2026-09-19T22:42:00Z,synthetic_stepwise_integrated_bounded,1.646,6.022,0.03,0.03,0.0,295.19,12.39,8.77,0.34,1,On,634.74,741.49
1789857780000000000,2026-09-19T22:43:00Z,synthetic_stepwise_integrated_bounded,1.708,6.074,0.02,0.02,0.0,295.18,12.35,8.54,0.23,3,On,641.33,759.57
1789857840000000000,2026-09-19T22:44:00Z,synthetic_stepwise_integrated_bounded,1.782,6.086,0.02,0.02,0.0,295.16,12.32,9.07,0.22,1,On,646.87,787.6
1789857900000000000,2026-09-19T22:45:00Z,synthetic_stepwise_integrated_bounded,1.762,5.965,0.02,0.02,0.0,295.14,12.29,9.09,0.22,3,On,653.81,772.57
1789857960000000000,2026-09-19T22:46:00Z,synthetic_stepwise_integrated_bounded,1.826,5.992,0.02,0.02,0.0,295.14,12.28,10.81,0.19,1,On,642.74,779.52
1789858020000000000,2026-09-19T22:47:00Z,synthetic_stepwise_integrated_bounded,1.812,6.014,0.02,0.02,0.0,295.13,12.27,10.23,0.2,2,On,618.54,778.73
1789858080000000000,2026-09-19T22:48:00Z,synthetic_stepwise_integrated_bounded,1.895,5.954,0.02,0.02,0.0,295.12,12.25,9.95,0.2,2,On,702.54,719.35
1789858140000000000,2026-09-19T22:49:00Z,synthetic_stepwise_integrated_bounded,1.907,5.977,0.02,0.02,0.0,295.11,12.22,11.35,0.18,3,On,696.84,716.34
1789858200000000000,2026-09-19T22:50:00Z,synthetic_stepwise_integrated_bounded,1.913,6.016,0.02,0.02,0.0,295.11,12.21,11.5,0.17,1,On,664.44,728.28
1789858260000000000,2026-09-19T22:51:00Z,synthetic_stepwise_integrated_bounded,1.931,5.996,0.02,0.02,0.0,295.09,12.18,11.62,0.17,1,On,702.19,739.73
1789858320000000000,2026-09-19T22:52:00Z,synthetic_stepwise_integrated_bounded,1.954,6.05,0.02,0.02,0.0,295.09,12.18,11.6,0.17,3,On,721.78,722.99
1789858380000000000,2026-09-19T22:53:00Z,synthetic_stepwise_integrated_bounded,2.014,5.927,0.02,0.02,0.0,295.07,12.15,12.3,0.16,1,On,725.09,724.34
1789858440000000000,2026-09-19T22:54:00Z,synthetic_stepwise_integrated_bounded,2.018,6.068,0.02,0.02,0.0,295.06,12.12,11.93,0.17,1,On,696.06,700.34
1789858500000000000,2026-09-19T22:55:00Z,synthetic_stepwise_integrated_bounded,2.005,6.028,0.02,0.02,0.0,295.05,12.09,11.97,0.17,2,On,691.61,671.01
1789858560000000000,2026-09-19T22:56:00Z,synthetic_stepwise_integrated_bounded,2.078,6.066,0.02,0.02,0.0,295.03,12.06,12.13,0.16,3,On,525.89,441.42
1789858620000000000,2026-09-19T22:57:00Z,synthetic_stepwise_integrated_bounded,2.012,5.996,0.02,0.02,0.0,295.02,12.04,12.77,0.16,2,On,929.49,733.93
1789858680000000000,2026-09-19T22:58:00Z,synthetic_stepwise_integrated_bounded,1.898,6.027,0.02,0.02,0.0,295.0,12.01,11.55,0.17,2,On,888.3,705.06
1789858740000000000,2026-09-19T22:59:00Z,synthetic_stepwise_integrated_bounded,1.87,6.103,0.02,0.02,0.0,295.0,11.99,10.37,0.19,3,On,864.29,734.58
1789858800000000000,2026-09-19T23:00:00Z,synthetic_stepwise_integrated_bounded,1.781,6.156,0.02,0.02,0.0,294.98,11.96,10.24,0.2,2,On,899.13,752.56
1789858860000000000,2026-09-19T23:01:00Z,synthetic_stepwise_integrated_bounded,1.816,6.123,0.02,0.02,0.0,294.97,11.94,10.45,0.19,3,On,881.06,754.26
1789858920000000000,2026-09-19T23:02:00Z,synthetic_stepwise_integrated_bounded,1.847,6.124,0.02,0.02,0.0,294.96,11.92,10.78,0.19,1,On,839.34,777.21
1789858980000000000,2026-09-19T23:03:00Z,synthetic_stepwise_integrated_bounded,1.817,6.138,0.02,0.02,0.0,294.94,11.88,10.19,0.2,3,On,795.2,795.23
1789859040000000000,2026-09-19T23:04:00Z,synthetic_stepwise_integrated_bounded,1.809,6.004,0.02,0.02,0.0,294.94,11.87,8.91,0.22,3,On,802.91,796.78
1789859100000000000,2026-09-19T23:05:00Z,synthetic_stepwise_integrated_bounded,1.788,6.004,0.02,0.02,0.0,294.93,11.85,9.57,0.21,2,On,820.58,812.24
1789859160000000000,2026-09-19T23:06:00Z,synthetic_stepwise_integrated_bounded,1.781,5.963,0.02,0.02,0.0,294.92,11.84,8.97,0.22,1,On,818.3,802.89
1789859220000000000,2026-09-19T23:07:00Z,synthetic_stepwise_integrated_bounded,1.765,5.935,0.02,0.02,0.0,294.92,11.84,9.72,0.21,1,On,854.45,821.94
1789859280000000000,2026-09-19T23:08:00Z,synthetic_stepwise_integrated_bounded,1.788,5.909,0.02,0.02,0.0,294.9,11.81,9.48,0.21,1,On,867.5,824.73
1789859340000000000,2026-09-19T23:09:00Z,synthetic_stepwise_integrated_bounded,1.807,5.84,0.02,0.02,0.0,294.9,11.8,9.84,0.2,3,On,880.31,823.78
1789859400000000000,2026-09-19T23:10:00Z,synthetic_stepwise_integrated_bounded,1.813,5.803,0.02,0.02,0.0,294.88,11.77,10.24,0.2,2,On,836.27,842.16
1789859460000000000,2026-09-19T23:11:00Z,synthetic_stepwise_integrated_bounded,1.831,5.753,0.02,0.02,0.0,294.87,11.74,9.84,0.2,1,On,798.49,871.32
1789859520000000000,2026-09-19T23:12:00Z,synthetic_stepwise_integrated_bounded,1.773,5.858,0.02,0.02,0.0,294.87,11.73,9.49,0.21,3,On,808.81,901.09
1789859580000000000,2026-09-19T23:13:00Z,synthetic_stepwise_integrated_bounded,1.777,5.831,0.02,0.02,0.0,294.86,11.72,9.91,0.2,2,On,787.54,930.93
1789859640000000000,2026-09-19T23:14:00Z,synthetic_stepwise_integrated_bounded,1.815,5.865,0.02,0.02,0.0,294.85,11.69,9.32,0.21,1,On,832.41,904.33
1789859700000000000,2026-09-19T23:15:00Z,synthetic_stepwise_integrated_bounded,1.79,5.834,0.02,0.02,0.0,294.83,11.66,9.81,0.2,2,On,811.74,874.56
1789859760000000000,2026-09-19T23:16:00Z,synthetic_stepwise_integrated_bounded,1.84,5.854,0.02,0.02,0.0,294.81,11.63,10.58,0.19,1,On,772.87,874.67
1789859820000000000,2026-09-19T23:17:00Z,synthetic_stepwise_integrated_bounded,1.812,5.872,0.02,0.02,0.0,294.8,11.59,9.67,0.21,1,On,755.01,902.22
1789859880000000000,2026-09-19T23:18:00Z,synthetic_stepwise_integrated_bounded,1.83,5.865,0.02,0.02,0.0,294.8,11.59,10.6,0.19,1,On,758.58,902.13
1789859940000000000,2026-09-19T23:19:00Z,synthetic_stepwise_integrated_bounded,1.812,5.838,0.02,0.02,0.0,294.79,11.58,9.89,0.2,1,On,803.79,909.13
1789860000000000000,2026-09-19T23:20:00Z,synthetic_stepwise_integrated_bounded,1.875,5.862,0.02,0.02,0.0,294.78,11.56,10.29,0.19,2,On,842.92,885.66
1789860060000000000,2026-09-19T23:21:00Z,synthetic_stepwise_integrated_bounded,1.871,5.834,0.03,0.03,0.0,294.78,11.56,10.74,0.28,1,On,840.97,855.69
1789860120000000000,2026-09-19T23:22:00Z,synthetic_stepwise_integrated_bounded,1.878,5.816,0.02,0.02,0.0,294.77,11.55,10.11,0.2,3,On,810.52,866.11
1789860180000000000,2026-09-19T23:23:00Z,synthetic_stepwise_integrated_bounded,1.886,5.731,0.03,0.03,0.0,294.76,11.53,10.63,0.28,2,On,849.16,883.0
1789860240000000000,2026-09-19T23:24:00Z,synthetic_stepwise_integrated_bounded,1.889,5.71,0.02,0.02,0.0,294.75,11.5,10.91,0.18,2,On,862.04,911.97
1789860300000000000,2026-09-19T23:25:00Z,synthetic_stepwise_integrated_bounded,1.918,5.72,0.02,0.02,0.0,294.75,11.49,10.08,0.2,1,On,879.43,941.43
1789860360000000000,2026-09-19T23:26:00Z,synthetic_stepwise_integrated_bounded,1.942,5.749,0.02,0.02,0.0,294.74,11.47,10.38,0.19,2,On,901.92,913.78
1789860420000000000,2026-09-19T23:27:00Z,synthetic_stepwise_integrated_bounded,2.009,5.667,0.02,0.02,0.0,294.73,11.45,12.02,0.17,2,On,929.08,933.58
1789860480000000000,2026-09-19T23:28:00Z,synthetic_stepwise_integrated_bounded,2.024,5.713,0.02,0.02,0.0,294.72,11.44,12.61,0.16,1,On,945.91,955.87
1789860540000000000,2026-09-19T23:29:00Z,synthetic_stepwise_integrated_bounded,2.032,5.647,0.02,0.02,0.0,294.71,11.43,12.67,0.16,3,On,982.51,960.63
1789860600000000000,2026-09-19T23:30:00Z,synthetic_stepwise_integrated_bounded,1.98,5.725,0.03,0.03,0.0,294.7,11.4,12.06,0.25,3,On,1019.06,971.29
1789860660000000000,2026-09-19T23:31:00Z,synthetic_stepwise_integrated_bounded,1.996,5.721,0.02,0.02,0.0,294.69,11.37,11.42,0.18,3,On,782.82,880.3
1789860720000000000,2026-09-19T23:32:00Z,synthetic_stepwise_integrated_bounded,2.069,5.691,0.02,0.02,0.0,294.68,11.35,12.73,0.16,2,On,733.39,902.02
1789860780000000000,2026-09-19T23:33:00Z,synthetic_stepwise_integrated_bounded,2.052,5.644,0.02,0.02,0.0,294.65,11.31,11.48,0.17,2,On,737.16,911.43
1789860840000000000,2026-09-19T23:34:00Z,synthetic_stepwise_integrated_bounded,2.1,5.772,0.02,0.02,0.0,294.64,11.28,11.78,0.17,1,On,739.96,894.53
1789860900000000000,2026-09-19T23:35:00Z,synthetic_stepwise_integrated_bounded,2.145,5.697,0.02,0.02,0.0,294.63,11.26,12.8,0.16,2,On,715.79,871.37
1789860960000000000,2026-09-19T23:36:00Z,synthetic_stepwise_integrated_bounded,2.16,5.727,0.02,0.02,0.0,294.62,11.24,13.54,0.15,2,On,1204.55,932.83
1789861020000000000,2026-09-19T23:37:00Z,synthetic_stepwise_integrated_bounded,2.18,5.733,0.02,0.02,0.0,294.62,11.23,14.38,0.14,1,On,1227.91,926.5
1789861080000000000,2026-09-19T23:38:00Z,synthetic_stepwise_integrated_bounded,2.297,5.737,0.02,0.02,0.0,294.61,11.21,14.4,0.14,3,On,1218.41,943.45
1789861140000000000,2026-09-19T23:39:00Z,synthetic_stepwise_integrated_bounded,2.322,5.781,0.02,0.02,0.0,294.6,11.19,16.53,0.12,2,On,1245.66,936.07
1789861200000000000,2026-09-19T23:40:00Z,synthetic_stepwise_integrated_bounded,2.416,5.748,0.02,0.02,0.0,294.58,11.16,15.25,0.13,3,On,1251.83,953.18
1789861260000000000,2026-09-19T23:41:00Z,synthetic_stepwise_integrated_bounded,2.485,5.738,0.02,0.02,0.0,294.56,11.13,19.23,0.1,1,On,1269.03,970.96
1789861320000000000,2026-09-19T23:42:00Z,synthetic_stepwise_integrated_bounded,2.426,5.748,0.02,0.02,0.0,294.55,11.09,15.66,0.13,2,On,1237.56,981.23
1789861380000000000,2026-09-19T23:43:00Z,synthetic_stepwise_integrated_bounded,2.456,5.741,0.02,0.02,0.0,294.54,11.08,16.48,0.12,1,On,1248.93,959.62
1789861440000000000,2026-09-19T23:44:00Z,synthetic_stepwise_integrated_bounded,2.423,5.69,0.01,0.01,0.0,294.54,11.07,16.7,0.06,2,On,1243.85,983.11
1789861500000000000,2026-09-19T23:45:00Z,synthetic_stepwise_integrated_bounded,2.273,5.694,0.01,0.01,0.0,294.53,11.06,15.51,0.06,3,On,1220.72,953.41
1789861560000000000,2026-09-19T23:46:00Z,synthetic_stepwise_integrated_bounded,2.179,5.702,0.01,0.01,0.0,294.52,11.05,14.44,0.07,3,On,1228.95,943.56
1789861620000000000,2026-09-19T23:47:00Z,synthetic_stepwise_integrated_bounded,2.222,5.707,0.01,0.01,0.0,294.51,11.03,13.83,0.07,1,On,1209.92,930.59
1789861680000000000,2026-09-19T23:48:00Z,synthetic_stepwise_integrated_bounded,2.24,5.761,0.01,0.01,0.0,294.51,11.02,13.13,0.08,2,On,1199.96,919.23
1789861740000000000,2026-09-19T23:49:00Z,synthetic_stepwise_integrated_bounded,2.044,5.78,0.01,0.01,0.0,294.49,10.98,13.15,0.08,1,On,1171.56,921.82
1789861800000000000,2026-09-19T23:50:00Z,synthetic_stepwise_integrated_bounded,1.984,5.837,0.01,0.01,0.0,294.49,10.97,11.99,0.08,3,On,1138.28,930.75
1789861860000000000,2026-09-19T23:51:00Z,synthetic_stepwise_integrated_bounded,1.956,5.822,0.01,0.01,0.0,294.47,10.94,10.16,0.1,3,On,1111.98,909.23
1789861920000000000,2026-09-19T23:52:00Z,synthetic_stepwise_integrated_bounded,1.91,5.919,0.01,0.01,0.0,294.46,10.93,10.21,0.1,3,On,1068.48,918.53
1789861980000000000,2026-09-19T23:53:00Z,synthetic_stepwise_integrated_bounded,1.837,5.964,0.01,0.01,0.0,294.46,10.92,10.35,0.1,3,On,1018.71,930.86
1789862040000000000,2026-09-19T23:54:00Z,synthetic_stepwise_integrated_bounded,1.856,5.976,0.01,0.01,0.0,294.45,10.91,10.75,0.09,3,On,971.83,931.57
1789862100000000000,2026-09-19T23:55:00Z,synthetic_stepwise_integrated_bounded,1.868,5.978,0.01,0.01,0.0,294.44,10.88,10.87,0.09,1,On,970.64,958.01
1789862160000000000,2026-09-19T23:56:00Z,synthetic_stepwise_integrated_bounded,1.845,6.075,0.01,0.01,0.0,294.44,10.87,9.76,0.1,1,On,974.58,947.36
1789862220000000000,2026-09-19T23:57:00Z,synthetic_stepwise_integrated_bounded,1.798,6.088,0.01,0.01,0.0,294.43,10.85,9.5,0.11,3,On,951.76,957.47
1789862280000000000,2026-09-19T23:58:00Z,synthetic_stepwise_integrated_bounded,1.799,6.13,0.01,0.01,0.0,294.42,10.83,10.39,0.1,2,On,981.5,949.57
1789862340000000000,2026-09-19T23:59:00Z,synthetic_stepwise_integrated_bounded,1.766,6.225,0.01,0.01,0.0,294.4,10.8,9.16,0.11,3,Starting,958.94,929.96
