timestamp_ns,timestamp_iso,controller,hs,tp,avg_power,power_in,power_out,battery_pct,sea_state_energy,efficiency,peaks,nextwave,nextwave_error,nextwave_error_2
1792886400000000000,2026-10-25T00:00:00Z,controller 1,0.505,5.22,30.3,400.81,215.47,21.38,0.63,100.0,2,Starting,1428.11,604.64
1792886460000000000,2026-10-25T00:01:00Z,controller 2,0.596,5.305,164.73,342.92,205.52,21.35,0.95,100.0,3,Starting,1470.83,620.04
1792886520000000000,2026-10-25T00:02:00Z,controller 1,0.45,5.347,9.42,334.96,33.16,21.33,0.54,100.0,3,Starting,1424.32,601.99
1792886580000000000,2026-10-25T00:03:00Z,controller 1,0.493,5.792,-25.36,134.58,83.19,21.32,0.73,100.0,2,Starting,1458.16,605.18
1792886640000000000,2026-10-25T00:04:00Z,free response,0.437,5.481,67.43,430.13,482.92,21.3,0.48,100.0,3,Starting,1077.36,405.8
1792886700000000000,2026-10-25T00:05:00Z,controller 2,0.468,5.788,13.17,141.18,36.88,21.28,0.67,100.0,1,Starting,1078.9,376.95
1792886760000000000,2026-10-25T00:06:00Z,controller 1,0.509,5.354,86.74,197.61,240.04,21.28,0.7,100.0,3,Starting,1083.78,362.22
1792886820000000000,2026-10-25T00:07:00Z,controller 2,0.547,5.33,0.65,327.82,93.61,21.27,0.81,100.0,2,Starting,1120.68,381.35
1792886880000000000,2026-10-25T00:08:00Z,controller 1,0.46,5.887,194.07,435.03,428.68,21.24,0.6,100.0,3,Starting,1118.68,385.61
1792886940000000000,2026-10-25T00:09:00Z,free response,0.456,5.978,-27.5,381.58,500.61,21.22,0.68,100.0,1,Starting,1165.67,375.13
1792887000000000000,2026-10-25T00:10:00Z,free response,0.56,5.597,-28.67,443.8,43.84,21.19,0.85,100.0,1,Starting,1134.69,347.94
1792887060000000000,2026-10-25T00:11:00Z,controller 2,0.463,5.639,-8.13,445.46,360.61,21.18,0.65,100.0,2,Starting,1179.46,357.54
1792887120000000000,2026-10-25T00:12:00Z,free response,0.521,5.535,178.17,342.12,425.53,21.16,0.73,100.0,3,Starting,1191.62,329.5
1792887180000000000,2026-10-25T00:13:00Z,free response,0.527,5.41,12.41,25.64,555.82,21.13,0.7,100.0,3,Starting,1195.18,334.58
1792887240000000000,2026-10-25T00:14:00Z,free response,0.539,5.851,179.52,222.82,348.22,21.11,0.79,100.0,2,Starting,1190.53,334.3
1792887300000000000,2026-10-25T00:15:00Z,controller 2,0.571,5.937,39.37,91.85,58.49,21.09,0.87,100.0,1,Starting,1236.37,306.92
1792887360000000000,2026-10-25T00:16:00Z,free response,0.525,5.305,97.67,156.49,252.43,21.07,0.77,100.0,1,Starting,1207.75,293.89
1792887420000000000,2026-10-25T00:17:00Z,free response,0.471,5.794,-27.04,202.47,383.61,21.04,0.61,100.0,3,Starting,1202.82,322.25
1792887480000000000,2026-10-25T00:18:00Z,controller 2,0.514,5.848,79.78,355.55,314.99,21.03,0.76,100.0,2,Starting,1237.34,340.53
1792887540000000000,2026-10-25T00:19:00Z,controller 2,0.586,5.748,118.76,441.39,174.21,21.01,1.0,100.0,2,Starting,1254.99,345.94
1792887600000000000,2026-10-25T00:20:00Z,controller 2,0.558,5.381,31.18,222.89,53.73,20.99,0.8,100.0,1,Starting,1260.84,338.18
1792887660000000000,2026-10-25T00:21:00Z,controller 1,0.478,5.515,-4.6,242.86,226.18,20.98,0.69,100.0,1,Starting,1236.97,363.77
1792887720000000000,2026-10-25T00:22:00Z,controller 2,0.559,5.509,-1.3,48.8,524.15,20.96,0.81,100.0,1,Starting,1254.5,377.47
1792887780000000000,2026-10-25T00:23:00Z,controller 2,0.516,5.823,139.67,320.84,262.83,20.93,0.8,100.0,1,Starting,1286.84,384.41
1792887840000000000,2026-10-25T00:24:00Z,free response,0.491,5.436,173.14,223.04,352.46,20.92,0.61,100.0,2,Starting,1274.94,401.73
1792887900000000000,2026-10-25T00:25:00Z,controller 1,0.494,5.469,69.58,435.26,401.56,20.91,0.64,100.0,1,Starting,1293.66,380.95
1792887960000000000,2026-10-25T00:26:00Z,free response,0.518,5.509,142.02,129.46,25.36,20.9,0.7,100.0,1,Starting,1324.11,367.36
1792888020000000000,2026-10-25T00:27:00Z,free response,0.503,5.84,38.78,101.29,148.52,20.88,0.75,100.0,1,Starting,1327.92,345.92
1792888080000000000,2026-10-25T00:28:00Z,controller 1,0.462,5.354,82.18,6.3,332.62,20.84,0.55,100.0,3,On,1321.36,360.24
1792888140000000000,2026-10-25T00:29:00Z,controller 1,0.451,5.597,-12.69,370.26,376.29,20.83,0.56,100.0,3,On,1301.81,346.51
1792888200000000000,2026-10-25T00:30:00Z,free response,1.14,2.663,106.05,389.22,277.24,20.82,1.81,100.0,2,On,1260.88,358.26
1792888260000000000,2026-10-25T00:31:00Z,free response,1.237,2.256,13.54,227.71,29.15,20.78,1.88,100.0,3,On,1230.43,386.42
1792888320000000000,2026-10-25T00:32:00Z,controller 2,1.302,2.299,153.9,347.09,113.93,20.75,1.89,100.0,1,On,1406.06,401.69
1792888380000000000,2026-10-25T00:33:00Z,controller 1,1.275,2.056,50.59,296.66,211.35,20.73,1.61,100.0,3,On,1367.0,395.49
1792888440000000000,2026-10-25T00:34:00Z,free response,1.247,2.3,163.01,333.18,591.13,20.72,1.84,100.0,2,On,1333.36,397.0
1792888500000000000,2026-10-25T00:35:00Z,controller 1,1.255,2.333,19.44,255.5,158.73,20.68,1.85,100.0,1,On,1379.91,380.37
1792888560000000000,2026-10-25T00:36:00Z,controller 1,1.3,2.044,153.75,111.66,282.51,20.66,1.73,100.0,3,On,1410.44,370.1
1792888620000000000,2026-10-25T00:37:00Z,controller 2,1.15,2.493,17.78,431.92,434.13,20.63,1.53,100.0,2,On,1410.92,362.91
1792888680000000000,2026-10-25T00:38:00Z,controller 1,1.135,2.504,122.14,86.28,75.77,20.62,1.71,100.0,3,On,1427.33,379.12
1792888740000000000,2026-10-25T00:39:00Z,free response,1.259,2.08,-21.78,132.05,54.02,20.6,1.59,100.0,2,On,1469.47,382.15
1792888800000000000,2026-10-25T00:40:00Z,controller 2,1.22,2.464,-5.47,205.25,460.07,20.59,1.88,100.0,3,On,1500.0,363.43
1792888860000000000,2026-10-25T00:41:00Z,free response,1.193,1.981,62.73,194.16,596.55,20.55,1.3,100.0,3,On,1500.0,379.48
1792888920000000000,2026-10-25T00:42:00Z,controller 2,1.252,2.588,-4.86,47.42,510.33,20.52,1.95,100.0,3,On,1500.0,395.42
1792888980000000000,2026-10-25T00:43:00Z,controller 2,1.224,2.738,183.1,161.18,591.66,20.49,2.14,100.0,2,On,1497.98,382.03
1792889040000000000,2026-10-25T00:44:00Z,free response,1.17,2.56,15.61,207.43,560.45,20.49,1.81,100.0,2,On,1454.88,376.26
1792889100000000000,2026-10-25T00:45:00Z,controller 2,1.227,2.303,18.39,215.56,172.87,20.46,1.83,100.0,2,On,1447.47,389.76
1792889160000000000,2026-10-25T00:46:00Z,controller 1,1.21,2.455,4.24,205.58,186.6,20.44,1.66,100.0,2,On,1410.55,377.1
1792889220000000000,2026-10-25T00:47:00Z,free response,1.241,2.615,139.37,49.1,250.08,20.41,1.91,100.0,3,On,1372.64,356.66
1792889280000000000,2026-10-25T00:48:00Z,controller 1,1.194,2.29,126.73,38.24,385.48,20.4,1.54,100.0,3,On,1383.1,342.38
1792889340000000000,2026-10-25T00:49:00Z,free response,1.152,2.156,188.39,63.26,37.13,20.37,1.34,100.0,1,On,1398.37,371.57
1792889400000000000,2026-10-25T00:50:00Z,free response,1.218,2.377,109.46,276.01,227.9,20.36,1.65,100.0,3,On,1378.19,358.07
1792889460000000000,2026-10-25T00:51:00Z,free response,1.211,2.487,106.14,428.31,213.63,20.33,1.67,100.0,2,On,1403.83,382.6
1792889520000000000,2026-10-25T00:52:00Z,free response,1.159,2.303,64.76,36.21,18.48,20.3,1.5,100.0,3,On,1446.38,400.47
1792889580000000000,2026-10-25T00:53:00Z,free response,1.268,2.125,52.87,46.53,520.54,20.29,1.82,100.0,1,On,1441.66,418.25
1792889640000000000,2026-10-25T00:54:00Z,controller 2,1.256,2.028,150.77,366.13,275.79,20.27,1.59,100.0,2,On,1412.95,432.25
1792889700000000000,2026-10-25T00:55:00Z,free response,1.177,2.099,-2.45,182.29,474.97,20.27,1.5,100.0,3,On,1386.09,404.62
1792889760000000000,2026-10-25T00:56:00Z,free response,1.178,2.443,157.33,421.93,203.77,20.25,1.72,100.0,1,On,1354.72,418.49
1792889820000000000,2026-10-25T00:57:00Z,free response,1.197,2.621,26.14,225.38,354.51,20.25,1.88,100.0,2,On,1357.11,439.47
1792889880000000000,2026-10-25T00:58:00Z,free response,1.227,2.683,88.88,107.95,414.52,20.22,1.96,100.0,1,On,909.18,479.76
1792889940000000000,2026-10-25T00:59:00Z,controller 2,1.288,1.993,71.87,6.28,186.86,20.2,1.52,100.0,3,On,953.91,502.73
1792890000000000000,2026-10-25T01:00:00Z,controller 1,2.674,3.508,0.33,251.55,28.46,20.19,13.06,100.0,2,On,802.47,841.69
1792890060000000000,2026-10-25T01:01:00Z,free response,2.752,3.416,107.56,322.58,419.42,20.17,13.82,100.0,3,On,810.06,825.48
1792890120000000000,2026-10-25T01:02:00Z,controller 2,2.623,3.149,15.72,27.53,165.18,20.16,10.12,100.0,1,On,828.68,805.09
1792890180000000000,2026-10-25T01:03:00Z,controller 1,2.683,3.45,174.16,185.21,337.4,20.14,11.32,100.0,3,On,844.03,830.83
1792890240000000000,2026-10-25T01:04:00Z,controller 1,2.705,3.707,3.84,111.59,479.57,20.1,12.88,100.0,2,On,867.87,836.29
1792890300000000000,2026-10-25T01:05:00Z,controller 1,2.754,3.69,97.74,281.41,255.69,20.08,12.83,100.0,1,On,847.81,818.04
1792890360000000000,2026-10-25T01:06:00Z,controller 2,2.745,3.712,117.9,255.42,123.37,20.05,13.81,100.0,3,On,799.5,791.02
1792890420000000000,2026-10-25T01:07:00Z,controller 2,2.671,3.438,117.4,288.3,111.43,20.02,11.09,100.0,3,On,846.1,764.6
1792890480000000000,2026-10-25T01:08:00Z,controller 2,2.764,3.705,63.57,357.81,3.31,19.99,14.5,22.83,1,On,836.74,752.16
1792890540000000000,2026-10-25T01:09:00Z,free response,2.705,3.57,107.64,263.29,165.9,19.96,12.94,100.0,1,On,838.31,729.45
1792890600000000000,2026-10-25T01:10:00Z,free response,2.7,3.104,13.31,445.66,141.83,19.94,11.58,100.0,3,On,794.16,722.74
1792890660000000000,2026-10-25T01:11:00Z,free response,2.708,3.254,138.24,429.77,306.33,19.92,10.85,100.0,1,On,779.08,734.84
1792890720000000000,2026-10-25T01:12:00Z,free response,2.713,3.407,10.93,433.26,68.28,19.9,13.15,100.0,1,On,787.56,760.75
1792890780000000000,2026-10-25T01:13:00Z,controller 2,2.669,3.431,113.84,37.66,288.61,19.89,12.66,100.0,2,On,830.55,776.78
1792890840000000000,2026-10-25T01:14:00Z,controller 1,2.7,3.063,-13.78,145.25,463.2,19.86,12.16,100.0,3,On,831.39,800.05
1792890900000000000,2026-10-25T01:15:00Z,controller 2,2.711,3.745,128.48,246.81,367.92,19.86,13.66,100.0,3,On,843.86,818.35
1792890960000000000,2026-10-25T01:16:00Z,controller 1,2.676,3.202,199.29,158.57,147.06,19.85,12.13,100.0,3,On,847.74,847.88
1792891020000000000,2026-10-25T01:17:00Z,controller 1,2.679,3.392,73.36,425.35,3.01,19.83,11.14,27.02,3,On,845.04,855.27
1792891080000000000,2026-10-25T01:18:00Z,free response,2.72,3.588,-17.33,385.44,173.45,19.8,14.15,100.0,1,On,838.06,832.91
1792891140000000000,2026-10-25T01:19:00Z,free response,2.72,3.687,-15.27,352.23,525.2,19.8,13.16,100.0,3,On,836.18,862.22
1792891200000000000,2026-10-25T01:20:00Z,controller 2,2.698,3.445,116.33,129.74,592.61,19.77,13.26,100.0,1,On,879.4,873.3
1792891260000000000,2026-10-25T01:21:00Z,controller 1,2.645,3.641,-2.69,49.82,475.65,19.76,13.44,100.0,1,On,897.72,896.51
1792891320000000000,2026-10-25T01:22:00Z,free response,2.605,3.111,43.87,135.06,329.18,19.74,10.43,100.0,1,On,854.23,925.75
1792891380000000000,2026-10-25T01:23:00Z,controller 1,2.603,3.448,70.06,274.08,282.68,19.7,12.83,100.0,1,On,882.26,933.5
1792891440000000000,2026-10-25T01:24:00Z,controller 2,2.705,3.214,155.07,188.64,463.12,19.67,10.9,100.0,3,On,1434.33,830.34
1792891500000000000,2026-10-25T01:25:00Z,controller 2,2.624,3.249,184.59,13.4,122.91,19.67,10.18,100.0,1,On,1403.32,839.88
1792891560000000000,2026-10-25T01:26:00Z,free response,2.742,3.083,154.15,249.12,454.27,19.65,11.78,100.0,1,On,1377.98,848.29
1792891620000000000,2026-10-25T01:27:00Z,controller 2,2.703,3.577,2.7,400.44,397.66,19.63,12.99,100.0,1,On,1333.31,860.19
1792891680000000000,2026-10-25T01:28:00Z,controller 1,2.766,3.149,151.74,60.59,11.05,19.61,12.15,90.95,2,On,1351.39,836.04
1792891740000000000,2026-10-25T01:29:00Z,controller 2,2.759,3.345,122.49,41.14,52.59,19.6,11.53,100.0,1,On,1380.69,826.11
1792891800000000000,2026-10-25T01:30:00Z,controller 2,2.148,2.976,-2.55,332.48,200.42,19.58,6.58,100.0,1,On,1336.06,853.58
1792891860000000000,2026-10-25T01:31:00Z,free response,2.078,2.97,190.41,351.64,284.86,19.56,6.69,100.0,2,On,1315.93,847.33
1792891920000000000,2026-10-25T01:32:00Z,free response,2.137,2.949,53.11,110.29,134.99,19.55,6.21,100.0,3,On,1289.39,849.68
1792891980000000000,2026-10-25T01:33:00Z,controller 1,2.174,2.969,145.66,348.64,258.89,19.53,6.49,100.0,1,On,1253.08,824.94
1792892040000000000,2026-10-25T01:34:00Z,free response,2.094,2.653,-18.8,432.13,368.62,19.5,5.85,100.0,3,On,1210.83,798.36
1792892100000000000,2026-10-25T01:35:00Z,free response,2.112,3.09,111.87,262.38,144.58,19.47,7.16,100.0,2,On,1162.22,787.25
1792892160000000000,2026-10-25T01:36:00Z,free response,2.171,2.939,36.41,295.0,279.92,19.55,6.91,100.0,2,On,1136.39,798.65
1792892220000000000,2026-10-25T01:37:00Z,free response,2.085,2.527,56.12,207.71,289.2,19.61,5.43,100.0,1,On,1120.49,770.63
1792892280000000000,2026-10-25T01:38:00Z,controller 1,2.219,2.592,155.51,435.21,133.72,19.65,6.07,100.0,3,On,1140.32,760.56
1792892340000000000,2026-10-25T01:39:00Z,controller 2,2.2,2.509,-4.39,231.8,110.07,19.72,5.65,100.0,3,On,1132.09,782.24
1792892400000000000,2026-10-25T01:40:00Z,free response,2.229,2.863,194.67,66.24,274.34,19.81,7.59,100.0,2,On,1122.58,758.34
1792892460000000000,2026-10-25T01:41:00Z,controller 1,2.157,2.58,76.44,311.61,530.68,19.87,5.5,100.0,3,On,1119.84,771.23
1792892520000000000,2026-10-25T01:42:00Z,controller 1,2.063,2.932,130.91,76.15,178.99,19.94,5.63,100.0,2,Starting,1147.12,785.28
1792892580000000000,2026-10-25T01:43:00Z,controller 1,2.081,2.963,191.96,10.46,251.07,20.03,6.72,100.0,1,Starting,639.65,970.85
1792892640000000000,2026-10-25T01:44:00Z,free response,2.079,2.784,-21.45,83.08,281.09,20.07,5.78,100.0,2,Starting,654.97,950.1
1792892700000000000,2026-10-25T01:45:00Z,free response,2.171,2.706,-29.35,428.69,519.93,20.16,6.14,100.0,2,Starting,617.22,937.67
1792892760000000000,2026-10-25T01:46:00Z,controller 2,2.061,2.373,160.23,89.54,36.64,20.21,4.85,100.0,1,Starting,644.22,932.62
1792892820000000000,2026-10-25T01:47:00Z,controller 2,2.197,2.598,154.63,48.95,64.6,20.25,6.62,100.0,1,Starting,597.1,961.32
1792892880000000000,2026-10-25T01:48:00Z,controller 1,2.117,2.938,62.53,325.73,429.99,20.34,6.76,100.0,1,Starting,645.95,968.26
1792892940000000000,2026-10-25T01:49:00Z,controller 1,2.204,2.507,64.84,347.17,319.93,20.42,5.7,100.0,1,Starting,642.97,940.48
1792893000000000000,2026-10-25T01:50:00Z,controller 2,2.198,2.606,53.73,26.77,223.29,20.48,5.76,100.0,1,Starting,665.62,957.85
1792893060000000000,2026-10-25T01:51:00Z,controller 1,2.152,3.093,122.66,175.15,550.59,20.57,6.62,100.0,1,Starting,654.57,969.28
1792893120000000000,2026-10-25T01:52:00Z,controller 2,2.198,2.641,100.47,59.49,527.29,20.63,5.82,100.0,3,Starting,615.38,995.82
1792893180000000000,2026-10-25T01:53:00Z,free response,2.112,2.862,126.54,294.78,226.0,20.68,6.56,100.0,1,Starting,577.16,984.51
1792893240000000000,2026-10-25T01:54:00Z,free response,2.183,3.004,-26.53,383.66,397.12,20.74,7.46,100.0,3,Starting,611.78,969.64
1792893300000000000,2026-10-25T01:55:00Z,free response,2.113,2.653,88.36,345.43,594.99,20.79,5.7,100.0,3,Starting,571.77,991.33
1792893360000000000,2026-10-25T01:56:00Z,controller 2,2.239,2.378,83.43,436.5,106.38,20.86,5.86,100.0,2,Starting,601.73,978.39
1792893420000000000,2026-10-25T01:57:00Z,controller 2,2.195,2.717,157.13,35.79,578.82,20.95,6.98,100.0,3,Starting,637.65,976.9
1792893480000000000,2026-10-25T01:58:00Z,controller 1,2.147,2.903,132.51,319.76,476.98,21.03,6.59,100.0,1,Starting,1011.14,505.65
1792893540000000000,2026-10-25T01:59:00Z,free response,2.166,3.06,-0.79,13.36,387.85,21.08,7.34,100.0,2,Starting,999.09,492.97
1792893600000000000,2026-10-25T02:00:00Z,free response,2.895,13.341,-10.62,428.01,85.39,21.11,59.38,100.0,2,Starting,1018.92,467.25
1792893660000000000,2026-10-25T02:01:00Z,controller 1,2.798,13.217,108.84,272.25,377.3,21.18,47.73,100.0,2,Starting,1059.75,477.21
1792893720000000000,2026-10-25T02:02:00Z,controller 1,2.763,12.973,166.73,277.39,197.06,21.24,52.4,100.0,2,Starting,1093.02,481.99
1792893780000000000,2026-10-25T02:03:00Z,controller 2,2.798,13.114,108.23,205.79,457.67,21.29,49.41,100.0,2,Starting,1078.94,468.48
1792893840000000000,2026-10-25T02:04:00Z,controller 1,2.802,13.137,5.91,111.8,388.25,21.36,51.61,100.0,2,Starting,1056.02,483.67
1792893900000000000,2026-10-25T02:05:00Z,controller 1,2.881,13.318,161.45,55.83,147.83,21.4,50.8,100.0,1,Starting,1079.85,457.54
1792893960000000000,2026-10-25T02:06:00Z,controller 2,2.805,13.069,131.73,424.44,369.9,21.44,47.37,100.0,3,Starting,1080.12,475.55
1792894020000000000,2026-10-25T02:07:00Z,controller 1,2.933,13.557,195.68,252.56,341.2,21.47,53.23,100.0,1,Starting,1064.94,448.85
1792894080000000000,2026-10-25T02:08:00Z,controller 1,2.899,13.163,-6.29,246.31,451.31,21.56,54.4,100.0,3,Starting,1060.93,454.58
1792894140000000000,2026-10-25T02:09:00Z,free response,2.894,12.959,108.23,417.13,547.64,21.63,49.91,100.0,2,Starting,1048.01,472.44
1792894200000000000,2026-10-25T02:10:00Z,controller 2,2.912,12.97,23.45,432.26,402.04,21.69,56.19,100.0,1,Starting,1031.18,455.88
1792894260000000000,2026-10-25T02:11:00Z,free response,2.78,13.521,-29.4,93.32,25.84,21.75,56.88,45.43,1,Starting,989.49,437.21
1792894320000000000,2026-10-25T02:12:00Z,controller 2,2.797,13.163,-0.04,375.32,23.25,21.77,52.36,44.4,3,Starting,1011.12,426.93
1792894380000000000,2026-10-25T02:13:00Z,controller 1,2.83,13.618,65.55,7.47,203.44,21.86,50.72,100.0,1,Starting,1028.44,449.94
1792894440000000000,2026-10-25T02:14:00Z,controller 1,2.885,13.385,16.57,123.72,381.49,21.91,59.1,100.0,1,Starting,1029.87,430.47
1792894500000000000,2026-10-25T02:15:00Z,free response,2.893,13.036,138.46,89.11,271.87,21.99,59.98,100.0,1,Off,1058.31,451.8
1792894560000000000,2026-10-25T02:16:00Z,controller 2,2.852,13.31,114.44,318.54,332.42,22.03,58.8,100.0,1,Off,1076.4,455.13
1792894620000000000,2026-10-25T02:17:00Z,free response,2.891,13.051,8.39,1.59,316.03,22.06,56.96,100.0,3,Off,1050.72,433.61
1792894680000000000,2026-10-25T02:18:00Z,free response,2.818,12.922,-16.25,436.93,458.29,22.1,49.34,100.0,3,Off,1029.81,403.91
1792894740000000000,2026-10-25T02:19:00Z,free response,2.772,13.407,-17.02,361.73,336.92,22.14,47.1,100.0,1,Off,1029.59,377.42
1792894800000000000,2026-10-25T02:20:00Z,free response,2.821,13.479,-22.76,446.09,455.73,22.2,56.62,100.0,2,Off,1026.87,363.19
1792894860000000000,2026-10-25T02:21:00Z,free response,2.856,13.258,188.14,363.99,100.69,22.28,51.62,100.0,3,Off,1070.22,342.69
1792894920000000000,2026-10-25T02:22:00Z,free response,2.876,12.974,183.18,376.69,357.03,22.36,50.59,100.0,1,Off,1058.51,368.98
1792894980000000000,2026-10-25T02:23:00Z,controller 1,2.85,13.325,124.07,429.34,10.0,22.45,50.44,19.83,1,Off,1058.66,393.94
1792895040000000000,2026-10-25T02:24:00Z,controller 2,2.878,13.209,34.98,86.06,399.33,22.5,54.82,100.0,2,Off,1054.43,416.97
1792895100000000000,2026-10-25T02:25:00Z,controller 1,2.852,13.567,25.34,359.63,297.44,22.53,50.95,100.0,3,Off,1046.03,388.12
1792895160000000000,2026-10-25T02:26:00Z,controller 1,2.942,13.011,170.0,20.08,279.14,22.56,55.45,100.0,2,Off,1011.04,376.26
1792895220000000000,2026-10-25T02:27:00Z,controller 2,2.824,13.43,94.66,185.92,541.83,22.59,51.98,100.0,3,Off,964.53,367.9
1792895280000000000,2026-10-25T02:28:00Z,controller 2,2.831,13.668,59.51,49.08,50.95,22.63,57.65,88.38,1,Off,973.29,341.34
1792895340000000000,2026-10-25T02:29:00Z,controller 2,2.817,13.524,129.65,293.84,248.94,22.67,56.14,100.0,3,Off,971.16,315.72
1792895400000000000,2026-10-25T02:30:00Z,controller 1,1.07,2.783,174.39,204.89,524.12,22.7,1.57,100.0,3,Off,1016.25,326.92
1792895460000000000,2026-10-25T02:31:00Z,free response,1.003,3.16,143.45,153.29,139.68,22.73,1.65,100.0,2,Off,1026.16,341.42
1792895520000000000,2026-10-25T02:32:00Z,controller 1,1.012,3.322,75.18,340.0,128.52,22.82,1.59,100.0,2,Off,727.38,544.23
1792895580000000000,2026-10-25T02:33:00Z,free response,1.063,3.065,6.7,126.32,554.46,22.89,1.83,100.0,1,Off,747.56,527.54
1792895640000000000,2026-10-25T02:34:00Z,controller 1,1.045,2.783,53.92,163.39,508.85,22.94,1.57,100.0,2,Off,756.53,554.29
1792895700000000000,2026-10-25T02:35:00Z,free response,1.091,2.698,-12.91,401.33,537.96,23.01,1.52,100.0,2,Off,791.52,542.8
1792895760000000000,2026-10-25T02:36:00Z,controller 2,1.05,2.683,-20.22,35.32,25.47,23.06,1.36,100.0,3,Off,836.85,550.92
1792895820000000000,2026-10-25T02:37:00Z,free response,1.114,3.203,158.44,177.2,420.59,23.15,1.97,100.0,3,Off,873.83,550.02
1792895880000000000,2026-10-25T02:38:00Z,controller 1,1.136,2.647,50.47,237.78,265.21,23.22,1.72,100.0,3,Off,825.79,542.1
1792895940000000000,2026-10-25T02:39:00Z,free response,1.018,3.175,94.15,90.94,307.53,23.27,1.72,100.0,2,Off,852.86,553.8
1792896000000000000,2026-10-25T02:40:00Z,controller 1,1.148,2.795,-28.79,169.38,596.71,23.34,1.85,100.0,3,Off,846.66,568.56
1792896060000000000,2026-10-25T02:41:00Z,controller 2,1.036,2.801,166.67,412.02,234.57,23.38,1.47,100.0,2,Off,815.05,562.45
1792896120000000000,2026-10-25T02:42:00Z,controller 2,1.065,3.205,63.87,328.74,156.36,23.42,1.99,100.0,1,Off,838.63,572.36
1792896180000000000,2026-10-25T02:43:00Z,controller 2,0.995,3.151,92.15,404.21,530.38,23.49,1.49,100.0,3,Off,800.04,559.99
1792896240000000000,2026-10-25T02:44:00Z,controller 2,1.142,2.915,83.58,378.08,428.01,23.52,2.02,100.0,1,Off,842.3,530.59
1792896300000000000,2026-10-25T02:45:00Z,controller 2,1.099,2.691,-6.78,318.58,377.94,23.59,1.49,100.0,2,Off,815.05,541.09
1792896360000000000,2026-10-25T02:46:00Z,free response,1.118,3.242,153.66,187.03,590.53,23.67,1.98,100.0,3,Off,796.19,547.75
1792896420000000000,2026-10-25T02:47:00Z,controller 2,1.038,2.663,151.05,221.74,570.7,23.74,1.43,100.0,1,Off,768.74,553.15
1792896480000000000,2026-10-25T02:48:00Z,free response,1.14,2.968,184.07,52.6,547.37,23.8,1.77,100.0,3,Off,761.13,551.27
1792896540000000000,2026-10-25T02:49:00Z,controller 2,1.017,2.944,21.15,269.12,443.22,23.88,1.53,100.0,1,Off,786.37,554.44
1792896600000000000,2026-10-25T02:50:00Z,controller 2,0.979,3.088,143.71,375.32,466.34,23.96,1.52,100.0,3,Off,751.4,693.67
1792896660000000000,2026-10-25T02:51:00Z,free response,0.996,2.764,44.27,4.02,47.37,24.01,1.32,100.0,3,Off,785.41,708.42
1792896720000000000,2026-10-25T02:52:00Z,controller 1,1.111,3.017,167.25,5.96,473.4,24.05,1.98,100.0,3,Off,817.55,692.48
1792896780000000000,2026-10-25T02:53:00Z,controller 1,0.984,2.987,191.04,174.49,50.24,24.1,1.49,100.0,2,Off,792.13,672.64
1792896840000000000,2026-10-25T02:54:00Z,controller 2,1.045,3.013,174.99,281.0,334.67,24.18,1.68,100.0,3,Off,768.79,659.48
1792896900000000000,2026-10-25T02:55:00Z,controller 1,1.154,2.777,121.08,233.56,510.45,24.23,2.02,100.0,3,Off,1377.34,339.79
1792896960000000000,2026-10-25T02:56:00Z,controller 2,0.98,3.102,81.59,395.03,78.86,24.29,1.45,100.0,2,Off,1337.37,360.85
1792897020000000000,2026-10-25T02:57:00Z,free response,1.03,2.854,172.23,152.9,119.08,24.38,1.43,100.0,1,Off,1367.38,348.35
1792897080000000000,2026-10-25T02:58:00Z,controller 2,1.146,2.911,47.12,317.68,567.26,24.43,2.0,100.0,2,Off,1386.37,328.22
1792897140000000000,2026-10-25T02:59:00Z,free response,1.047,3.3,129.45,332.42,148.95,24.47,1.72,100.0,1,Off,1352.74,314.09
1792897200000000000,2026-10-25T03:00:00Z,free response,1.572,3.188,142.09,304.62,381.99,24.51,4.02,100.0,1,Off,1382.99,318.37
1792897260000000000,2026-10-25T03:01:00Z,free response,1.588,3.124,195.56,350.85,109.56,24.57,3.89,100.0,2,Off,1396.99,339.84
1792897320000000000,2026-10-25T03:02:00Z,controller 2,1.541,2.899,-10.13,43.35,537.67,24.66,3.7,100.0,2,Off,1412.32,329.63
1792897380000000000,2026-10-25T03:03:00Z,free response,1.592,3.147,-10.34,449.97,65.1,24.69,4.27,100.0,2,Off,1414.53,339.17
1792897440000000000,2026-10-25T03:04:00Z,controller 2,1.596,3.305,48.22,226.61,209.45,24.72,4.52,100.0,1,Off,1437.03,311.02
1792897500000000000,2026-10-25T03:05:00Z,controller 1,1.605,2.875,-26.52,200.85,173.26,24.8,4.04,100.0,3,Off,1462.51,320.22
1792897560000000000,2026-10-25T03:06:00Z,controller 1,1.519,2.838,177.96,410.95,37.52,24.87,3.01,100.0,3,Off,1417.2,290.25
1792897620000000000,2026-10-25T03:07:00Z,controller 1,1.463,3.149,145.93,177.39,306.99,24.9,3.18,100.0,1,Off,1387.82,268.93
1792897680000000000,2026-10-25T03:08:00Z,controller 2,1.506,2.8,4.52,91.04,14.54,24.96,3.08,100.0,1,Off,1431.86,288.24
1792897740000000000,2026-10-25T03:09:00Z,free response,1.476,2.641,145.15,402.17,278.08,25.0,2.97,100.0,3,Off,1427.41,283.84
1792897800000000000,2026-10-25T03:10:00Z,controller 2,1.454,3.061,-11.57,108.41,411.46,25.03,3.01,100.0,2,Off,1407.12,258.35
1792897860000000000,2026-10-25T03:11:00Z,controller 2,1.586,2.934,163.22,246.95,337.7,25.07,3.49,100.0,2,Off,1428.53,257.6
1792897920000000000,2026-10-25T03:12:00Z,free response,1.582,2.687,53.52,121.73,153.94,25.14,3.1,100.0,2,Off,1434.37,249.25
1792897980000000000,2026-10-25T03:13:00Z,controller 1,1.543,3.019,88.56,187.0,460.58,25.17,3.35,100.0,3,Off,1432.6,228.1
1792898040000000000,2026-10-25T03:14:00Z,controller 1,1.472,2.958,76.18,411.66,64.61,25.2,3.3,100.0,1,Off,1404.46,235.97
1792898100000000000,2026-10-25T03:15:00Z,free response,1.563,2.736,168.6,423.38,519.91,25.28,3.37,100.0,3,Off,1443.82,260.24
1792898160000000000,2026-10-25T03:16:00Z,controller 1,1.493,2.951,199.32,53.9,181.96,25.36,3.44,100.0,3,Off,1435.71,231.74
1792898220000000000,2026-10-25T03:17:00Z,controller 2,1.475,3.403,18.1,388.84,226.33,25.45,3.68,100.0,2,Off,1467.73,225.05
1792898280000000000,2026-10-25T03:18:00Z,controller 2,1.593,2.683,190.8,387.21,388.18,25.53,3.07,100.0,3,Off,1500.0,234.31
1792898340000000000,2026-10-25T03:19:00Z,controller 1,1.494,2.948,32.41,7.85,93.15,25.61,3.06,100.0,1,Off,1498.0,250.98
1792898400000000000,2026-10-25T03:20:00Z,controller 1,1.553,2.71,89.1,303.96,243.28,25.64,3.0,100.0,3,Off,1500.0,275.65
1792898460000000000,2026-10-25T03:21:00Z,controller 1,1.567,3.312,-23.61,301.84,132.96,25.72,3.78,100.0,3,Off,1016.85,740.13
1792898520000000000,2026-10-25T03:22:00Z,controller 1,1.455,3.134,20.21,315.2,125.23,25.75,3.47,100.0,1,Off,1035.26,767.41
1792898580000000000,2026-10-25T03:23:00Z,controller 2,1.522,3.264,17.84,409.78,233.28,25.84,3.47,100.0,3,Off,1016.1,793.23
1792898640000000000,2026-10-25T03:24:00Z,controller 2,1.485,2.915,51.54,331.25,71.5,25.9,3.23,100.0,2,Off,1044.73,778.16
1792898700000000000,2026-10-25T03:25:00Z,controller 1,1.524,3.262,-15.03,326.14,372.3,25.93,3.5,100.0,2,Off,1044.49,760.44
1792898760000000000,2026-10-25T03:26:00Z,free response,1.522,3.259,77.03,149.29,481.11,25.96,3.59,100.0,2,Off,1082.52,788.71
1792898820000000000,2026-10-25T03:27:00Z,free response,1.455,3.346,196.66,298.25,425.43,26.03,3.69,100.0,1,Off,1117.15,809.26
1792898880000000000,2026-10-25T03:28:00Z,controller 1,1.539,2.797,2.5,63.4,71.66,26.11,3.37,100.0,2,Off,1130.62,818.97
1792898940000000000,2026-10-25T03:29:00Z,controller 1,1.601,3.005,111.82,359.91,523.29,26.17,3.96,100.0,1,Off,1142.43,814.36
1792899000000000000,2026-10-25T03:30:00Z,controller 2,1.179,7.303,106.2,279.65,53.82,26.24,5.26,100.0,2,Off,1150.89,814.02
1792899060000000000,2026-10-25T03:31:00Z,controller 1,1.285,7.287,186.9,104.19,85.55,26.33,6.3,100.0,1,Off,1143.35,816.57
1792899120000000000,2026-10-25T03:32:00Z,free response,1.315,7.244,-11.73,101.68,326.29,26.41,5.77,100.0,3,Off,1155.98,807.76
1792899180000000000,2026-10-25T03:33:00Z,controller 1,1.264,7.76,-27.17,396.42,524.39,26.44,6.4,100.0,1,Off,1116.31,811.81
1792899240000000000,2026-10-25T03:34:00Z,controller 2,1.151,7.254,91.79,380.65,564.58,26.51,4.41,100.0,3,Off,1088.82,819.41
1792899300000000000,2026-10-25T03:35:00Z,controller 2,1.209,7.584,92.13,7.29,54.26,26.54,5.44,100.0,2,Off,1498.99,387.01
1792899360000000000,2026-10-25T03:36:00Z,controller 2,1.179,7.119,-21.28,301.06,84.58,26.6,4.89,100.0,1,Off,1495.96,401.81
1792899420000000000,2026-10-25T03:37:00Z,controller 1,1.157,7.694,69.47,384.92,57.06,26.63,5.04,100.0,3,Off,1446.69,394.33
1792899480000000000,2026-10-25T03:38:00Z,controller 1,1.295,7.263,26.23,170.85,210.91,26.66,6.37,100.0,1,Off,1425.56,371.92
1792899540000000000,2026-10-25T03:39:00Z,free response,1.186,7.762,74.89,234.37,519.36,26.71,5.32,100.0,3,Off,1379.92,360.62
1792899600000000000,2026-10-25T03:40:00Z,controller 2,1.262,7.543,-27.64,26.41,336.86,26.76,6.57,100.0,2,Off,1355.1,360.55
1792899660000000000,2026-10-25T03:41:00Z,controller 2,1.188,7.59,26.22,437.08,439.75,26.78,4.98,100.0,3,Off,1362.15,371.35
1792899720000000000,2026-10-25T03:42:00Z,controller 1,1.3,7.187,116.1,346.47,321.45,26.81,5.87,100.0,1,Off,1361.38,349.23
1792899780000000000,2026-10-25T03:43:00Z,controller 2,1.322,7.364,2.15,338.05,514.08,26.85,6.46,100.0,2,Off,1403.47,368.35
1792899840000000000,2026-10-25T03:44:00Z,controller 2,1.208,7.792,-12.51,166.71,185.65,26.91,6.13,100.0,1,Off,1373.14,378.79
1792899900000000000,2026-10-25T03:45:00Z,controller 2,1.263,7.107,191.54,426.59,383.9,26.98,5.11,100.0,3,Off,1400.09,366.13
1792899960000000000,2026-10-25T03:46:00Z,free response,1.238,7.741,132.17,331.32,524.51,27.02,5.77,100.0,2,Off,1440.5,355.76
1792900020000000000,2026-10-25T03:47:00Z,controller 2,1.33,7.793,60.07,324.79,55.18,27.05,6.63,100.0,2,Off,1444.68,381.4
1792900080000000000,2026-10-25T03:48:00Z,controller 1,1.265,7.801,10.57,305.23,140.09,27.13,6.16,100.0,2,Off,1483.72,409.32
1792900140000000000,2026-10-25T03:49:00Z,free response,1.209,7.81,123.0,104.99,178.98,27.2,5.17,100.0,1,Off,1495.11,386.12
1792900200000000000,2026-10-25T03:50:00Z,controller 1,1.22,7.788,30.63,251.96,406.4,27.26,5.74,100.0,3,Off,1459.9,365.97
1792900260000000000,2026-10-25T03:51:00Z,controller 2,1.201,7.471,76.6,15.41,260.31,27.35,4.86,100.0,1,Off,1417.37,348.41
1792900320000000000,2026-10-25T03:52:00Z,free response,1.232,7.345,-14.36,104.67,382.57,27.41,5.18,100.0,2,Off,1421.32,336.56
1792900380000000000,2026-10-25T03:53:00Z,controller 1,1.255,7.146,29.07,239.22,166.74,27.46,6.06,100.0,1,Off,1447.7,345.41
1792900440000000000,2026-10-25T03:54:00Z,controller 2,1.201,7.411,75.16,211.02,499.11,27.49,5.34,100.0,1,Off,1457.52,371.89
1792900500000000000,2026-10-25T03:55:00Z,controller 2,1.22,7.614,14.79,214.3,508.68,27.58,6.04,100.0,2,Off,1413.16,367.25
1792900560000000000,2026-10-25T03:56:00Z,controller 2,1.158,7.4,70.88,404.56,510.62,27.63,4.52,100.0,2,Off,1409.18,358.65
1792900620000000000,2026-10-25T03:57:00Z,controller 1,1.213,7.158,-13.14,73.18,292.16,27.7,4.86,100.0,3,Off,1407.32,339.44
1792900680000000000,2026-10-25T03:58:00Z,controller 1,1.209,7.637,57.28,338.24,98.06,27.73,5.56,100.0,3,Off,1430.23,357.73
1792900740000000000,2026-10-25T03:59:00Z,controller 1,1.29,7.057,79.09,189.37,364.08,27.76,5.93,100.0,1,Off,966.06,548.36
1792900800000000000,2026-10-25T04:00:00Z,controller 1,2.421,7.307,0.63,80.03,145.39,27.84,19.33,100.0,3,Off,936.84,544.24
1792900860000000000,2026-10-25T04:01:00Z,controller 2,2.391,7.217,19.37,79.7,8.38,27.88,21.41,39.14,3,Off,953.88,546.51
1792900920000000000,2026-10-25T04:02:00Z,controller 1,2.309,7.538,121.32,192.83,428.48,27.92,21.19,100.0,3,Off,933.12,539.81
1792900980000000000,2026-10-25T04:03:00Z,controller 2,2.398,7.377,169.01,91.5,466.1,27.97,22.64,100.0,2,Off,974.45,534.39
1792901040000000000,2026-10-25T04:04:00Z,free response,2.294,7.601,118.48,105.01,255.09,28.04,19.44,100.0,3,Off,999.93,527.18
1792901100000000000,2026-10-25T04:05:00Z,free response,2.439,7.278,11.76,108.75,324.5,28.09,22.9,100.0,1,Off,1040.39,551.7
1792901160000000000,2026-10-25T04:06:00Z,controller 1,2.406,7.755,3.44,289.45,342.26,28.13,23.49,100.0,3,Off,1064.55,571.16
1792901220000000000,2026-10-25T04:07:00Z,free response,2.324,7.385,136.12,395.69,299.1,28.18,21.31,100.0,3,Off,1072.85,575.05
1792901280000000000,2026-10-25T04:08:00Z,free response,2.342,7.305,69.55,288.6,598.45,28.25,22.02,100.0,3,Off,1032.58,603.27
1792901340000000000,2026-10-25T04:09:00Z,free response,2.332,7.487,11.49,333.44,241.57,28.28,21.92,100.0,3,Off,989.5,605.14
1792901400000000000,2026-10-25T04:10:00Z,free response,2.341,7.792,21.0,332.04,278.84,28.32,21.0,100.0,2,Off,962.08,617.91
1792901460000000000,2026-10-25T04:11:00Z,controller 2,2.407,7.464,128.29,283.94,472.87,28.36,21.0,100.0,3,Off,959.45,620.16
1792901520000000000,2026-10-25T04:12:00Z,free response,2.309,7.772,27.99,248.76,177.92,28.4,19.32,100.0,3,Off,954.89,618.69
1792901580000000000,2026-10-25T04:13:00Z,controller 1,2.293,7.923,108.43,371.66,153.98,28.47,21.52,100.0,3,Off,940.8,635.59
1792901640000000000,2026-10-25T04:14:00Z,free response,2.432,7.635,56.86,4.97,130.61,28.51,23.72,100.0,1,Off,903.18,648.12
1792901700000000000,2026-10-25T04:15:00Z,free response,2.436,7.937,74.63,134.3,397.92,28.57,23.81,100.0,3,Off,999.5,405.33
1792901760000000000,2026-10-25T04:16:00Z,free response,2.428,7.32,4.63,395.52,100.89,28.65,20.04,100.0,3,Off,1036.6,403.69
1792901820000000000,2026-10-25T04:17:00Z,free response,2.316,7.6,19.37,347.03,318.3,28.69,20.97,100.0,3,Off,1027.94,426.34
1792901880000000000,2026-10-25T04:18:00Z,controller 1,2.291,7.292,36.7,278.37,189.44,28.75,20.27,100.0,1,Off,1010.55,426.31
1792901940000000000,2026-10-25T04:19:00Z,controller 2,2.41,7.847,-29.96,239.1,501.64,28.8,23.74,100.0,3,Off,1013.09,447.98
1792902000000000000,2026-10-25T04:20:00Z,controller 2,2.427,7.373,47.25,229.14,571.25,28.86,21.58,100.0,3,Off,968.75,453.32
1792902060000000000,2026-10-25T04:21:00Z,controller 1,2.408,7.954,115.34,0.67,384.96,28.91,23.44,100.0,3,Off,1002.88,464.16
1792902120000000000,2026-10-25T04:22:00Z,controller 2,2.402,7.632,68.02,124.13,2.83,29.0,22.51,12.57,3,Off,1051.35,484.03
1792902180000000000,2026-10-25T04:23:00Z,free response,2.29,7.523,-12.82,261.97,532.49,29.08,19.71,100.0,1,On,1074.92,500.45
1792902240000000000,2026-10-25T04:24:00Z,controller 2,2.327,7.885,175.05,238.08,30.66,29.15,22.01,100.0,2,On,1078.97,474.77
1792902300000000000,2026-10-25T04:25:00Z,controller 2,2.433,7.941,97.74,288.54,46.41,29.17,25.64,100.0,2,On,1116.68,455.97
1792902360000000000,2026-10-25T04:26:00Z,controller 1,2.442,7.274,150.59,9.22,6.66,29.22,23.34,28.53,2,On,1102.91,445.03
1792902420000000000,2026-10-25T04:27:00Z,free response,2.354,7.643,96.08,141.36,278.26,29.26,19.62,100.0,1,On,1078.6,429.38
1792902480000000000,2026-10-25T04:28:00Z,controller 1,2.349,7.535,103.03,203.6,440.12,29.33,20.88,100.0,1,On,1069.39,425.85
1792902540000000000,2026-10-25T04:29:00Z,controller 1,2.36,7.388,-9.88,199.33,329.11,29.38,20.57,100.0,2,On,1037.24,452.75
1792902600000000000,2026-10-25T04:30:00Z,controller 2,1.594,11.808,-10.8,221.35,563.87,29.41,15.1,100.0,1,On,1084.37,441.03
1792902660000000000,2026-10-25T04:31:00Z,controller 2,1.617,11.371,195.21,37.39,342.84,29.46,13.85,100.0,3,On,1078.12,432.66
1792902720000000000,2026-10-25T04:32:00Z,free response,1.57,11.247,-25.24,401.14,50.77,29.5,13.6,100.0,3,On,1071.45,442.58
1792902780000000000,2026-10-25T04:33:00Z,controller 2,1.568,11.777,26.57,389.68,475.55,29.56,13.09,100.0,3,On,1046.87,422.04
1792902840000000000,2026-10-25T04:34:00Z,controller 1,1.595,11.719,86.25,223.82,91.84,29.62,14.65,100.0,3,On,1092.68,443.38
1792902900000000000,2026-10-25T04:35:00Z,controller 2,1.475,11.327,163.05,435.05,326.03,29.68,11.75,100.0,1,On,1091.37,421.58
1792902960000000000,2026-10-25T04:36:00Z,free response,1.619,11.671,148.36,198.8,277.7,29.71,15.01,100.0,3,On,1042.94,427.45
1792903020000000000,2026-10-25T04:37:00Z,controller 1,1.517,11.773,59.04,204.18,416.84,29.75,14.28,100.0,1,On,1060.57,401.04
1792903080000000000,2026-10-25T04:38:00Z,free response,1.524,11.823,89.62,433.77,336.41,29.78,13.83,100.0,1,On,1069.99,381.19
1792903140000000000,2026-10-25T04:39:00Z,free response,1.521,11.916,67.05,125.7,167.89,29.87,12.42,100.0,1,On,1090.7,384.0
1792903200000000000,2026-10-25T04:40:00Z,controller 2,1.608,11.664,26.35,71.45,592.75,29.92,15.47,100.0,2,On,1097.36,359.04
1792903260000000000,2026-10-25T04:41:00Z,controller 1,1.468,11.732,75.1,355.57,458.8,30.0,12.62,100.0,1,On,1123.76,354.89
1792903320000000000,2026-10-25T04:42:00Z,controller 1,1.608,11.957,133.08,191.89,568.98,30.07,16.36,100.0,3,On,1111.72,356.32
1792903380000000000,2026-10-25T04:43:00Z,controller 2,1.473,11.589,26.96,299.01,10.46,30.15,12.03,86.95,3,On,1123.75,380.54
1792903440000000000,2026-10-25T04:44:00Z,controller 1,1.553,11.379,84.65,439.36,268.01,30.23,13.06,100.0,2,On,1159.07,377.77
1792903500000000000,2026-10-25T04:45:00Z,free response,1.639,11.27,87.62,256.26,548.91,30.3,13.78,100.0,3,On,1134.92,365.05
1792903560000000000,2026-10-25T04:46:00Z,free response,1.607,11.71,177.46,251.89,237.71,30.36,14.91,100.0,2,On,1105.14,352.8
1792903620000000000,2026-10-25T04:47:00Z,controller 2,1.567,11.423,115.09,430.12,214.08,30.41,13.8,100.0,2,On,1148.38,329.24
1792903680000000000,2026-10-25T04:48:00Z,controller 1,1.586,11.193,-12.71,97.0,474.41,30.47,13.18,100.0,3,On,1109.94,323.03
1792903740000000000,2026-10-25T04:49:00Z,controller 1,1.541,11.589,89.93,211.42,77.96,30.51,13.8,100.0,2,On,1060.59,329.59
1792903800000000000,2026-10-25T04:50:00Z,controller 1,1.619,11.877,36.91,251.5,192.04,30.59,15.71,100.0,1,On,1088.49,357.93
1792903860000000000,2026-10-25T04:51:00Z,controller 2,1.522,11.565,54.34,189.16,421.48,30.62,12.95,100.0,3,On,1064.57,342.08
1792903920000000000,2026-10-25T04:52:00Z,free response,1.489,11.855,57.08,77.82,207.99,30.66,12.86,100.0,2,On,1044.2,363.21
1792903980000000000,2026-10-25T04:53:00Z,controller 1,1.615,11.722,197.08,200.55,479.12,30.69,16.24,100.0,1,On,1083.15,386.38
1792904040000000000,2026-10-25T04:54:00Z,controller 2,1.572,11.773,93.21,93.83,55.12,30.77,14.15,100.0,2,On,1123.4,411.15
1792904100000000000,2026-10-25T04:55:00Z,controller 1,1.56,11.358,171.52,172.34,193.51,30.8,13.1,100.0,3,On,1127.31,422.81
1792904160000000000,2026-10-25T04:56:00Z,free response,1.607,11.825,-27.38,17.55,259.62,30.87,16.54,100.0,1,On,1119.47,405.7
1792904220000000000,2026-10-25T04:57:00Z,controller 2,1.48,11.739,46.92,103.47,239.44,30.95,12.25,100.0,3,On,1140.17,426.77
1792904280000000000,2026-10-25T04:58:00Z,controller 1,1.517,11.578,38.98,11.51,500.31,31.0,13.95,100.0,1,On,1150.2,431.46
1792904340000000000,2026-10-25T04:59:00Z,controller 1,1.624,11.885,-5.08,426.62,525.04,31.09,14.35,100.0,1,On,1151.76,435.87
1792904400000000000,2026-10-25T05:00:00Z,free response,2.505,6.102,-20.46,360.59,590.33,31.16,19.18,100.0,1,On,1162.73,427.71
1792904460000000000,2026-10-25T05:01:00Z,controller 1,2.405,5.553,-25.36,36.75,265.37,31.23,14.48,100.0,1,On,1183.63,405.29
1792904520000000000,2026-10-25T05:02:00Z,free response,2.511,5.736,162.44,192.34,62.64,31.27,18.61,100.0,3,On,1157.72,421.19
1792904580000000000,2026-10-25T05:03:00Z,controller 2,2.422,5.935,109.55,300.27,166.7,31.32,17.05,100.0,3,On,1136.42,443.73
1792904640000000000,2026-10-25T05:04:00Z,controller 1,2.483,5.995,-4.2,423.26,83.42,31.36,18.54,100.0,1,On,1124.03,427.87
1792904700000000000,2026-10-25T05:05:00Z,controller 1,2.422,5.443,48.67,341.31,14.44,31.44,14.89,96.98,3,On,1158.47,419.08
1792904760000000000,2026-10-25T05:06:00Z,controller 2,2.492,6.045,103.73,380.61,379.95,31.52,19.94,100.0,2,On,1167.28,415.96
1792904820000000000,2026-10-25T05:07:00Z,free response,2.497,5.467,117.62,442.61,313.0,31.55,18.22,100.0,2,On,1156.24,413.82
1792904880000000000,2026-10-25T05:08:00Z,free response,2.428,5.55,169.92,299.25,252.68,31.62,14.8,100.0,2,On,1176.01,426.46
1792904940000000000,2026-10-25T05:09:00Z,controller 1,2.5,5.996,103.95,415.86,165.72,31.68,19.78,100.0,1,On,1130.22,418.68
1792905000000000000,2026-10-25T05:10:00Z,controller 1,2.523,5.345,-1.25,297.62,429.64,31.74,15.64,100.0,3,On,1129.04,417.32
1792905060000000000,2026-10-25T05:11:00Z,controller 1,2.457,5.664,163.71,287.44,353.33,31.77,15.86,100.0,2,On,1296.67,356.19
1792905120000000000,2026-10-25T05:12:00Z,controller 2,2.398,5.668,193.58,267.01,90.88,31.82,16.88,100.0,3,On,1306.92,337.98
1792905180000000000,2026-10-25T05:13:00Z,controller 2,2.379,5.803,140.08,446.92,52.45,31.9,14.92,100.0,3,On,1260.13,354.41
1792905240000000000,2026-10-25T05:14:00Z,controller 1,2.442,5.816,165.88,143.47,398.11,31.94,16.54,100.0,1,On,1222.59,375.95
1792905300000000000,2026-10-25T05:15:00Z,free response,2.538,5.919,158.16,184.15,550.56,32.0,20.81,100.0,3,On,1246.54,349.49
1792905360000000000,2026-10-25T05:16:00Z,controller 2,2.439,5.438,55.89,317.78,395.05,32.05,16.3,100.0,1,On,1288.9,359.58
1792905420000000000,2026-10-25T05:17:00Z,controller 2,2.526,6.024,75.0,291.95,232.1,32.14,19.21,100.0,2,On,1244.85,375.36
1792905480000000000,2026-10-25T05:18:00Z,free response,2.5,5.783,-4.29,107.17,563.39,32.2,17.83,100.0,3,On,1199.5,355.98
1792905540000000000,2026-10-25T05:19:00Z,controller 1,2.397,5.961,193.8,261.69,119.78,32.24,18.33,100.0,1,On,1200.89,382.75
1792905600000000000,2026-10-25T05:20:00Z,controller 2,2.442,6.04,118.22,282.38,142.62,32.27,19.44,100.0,3,On,1221.31,355.93
1792905660000000000,2026-10-25T05:21:00Z,free response,2.446,5.73,176.31,80.81,66.08,32.36,16.99,100.0,1,On,1264.54,340.93
1792905720000000000,2026-10-25T05:22:00Z,controller 1,2.474,5.859,148.69,389.96,575.33,32.43,18.59,100.0,3,On,1255.7,329.68
1792905780000000000,2026-10-25T05:23:00Z,controller 1,2.435,5.903,150.79,386.09,282.96,32.49,19.21,100.0,3,On,1245.21,330.96
1792905840000000000,2026-10-25T05:24:00Z,free response,2.474,6.066,190.46,135.71,422.02,32.53,18.32,100.0,2,On,1211.84,308.55
1792905900000000000,2026-10-25T05:25:00Z,controller 1,2.505,5.328,-12.98,203.78,197.31,32.57,15.15,100.0,1,On,1170.38,285.26
1792905960000000000,2026-10-25T05:26:00Z,controller 2,2.48,6.059,122.17,358.8,119.49,32.64,17.37,100.0,3,On,1181.48,279.6
1792906020000000000,2026-10-25T05:27:00Z,controller 1,2.437,5.747,105.98,291.41,565.09,32.71,17.08,100.0,1,On,1144.47,271.56
1792906080000000000,2026-10-25T05:28:00Z,controller 1,2.507,5.686,82.41,84.98,492.91,32.75,17.66,100.0,3,On,1177.6,259.91
1792906140000000000,2026-10-25T05:29:00Z,free response,2.432,5.369,-11.37,111.19,288.73,32.83,14.8,100.0,3,On,1224.19,229.91
1792906200000000000,2026-10-25T05:30:00Z,controller 2,2.59,6.282,93.4,394.34,356.29,32.88,20.99,100.0,2,On,1207.02,203.8
1792906260000000000,2026-10-25T05:31:00Z,free response,2.556,6.671,39.69,366.43,200.56,32.93,22.13,100.0,1,On,1212.42,178.36
1792906320000000000,2026-10-25T05:32:00Z,free response,2.475,6.032,63.56,426.4,30.2,32.97,18.71,100.0,1,Starting,1167.1,199.51
1792906380000000000,2026-10-25T05:33:00Z,controller 2,2.497,6.127,-25.18,21.77,435.46,33.01,19.71,100.0,1,Starting,1192.82,195.58
1792906440000000000,2026-10-25T05:34:00Z,controller 2,2.463,6.491,185.69,42.86,12.24,33.09,19.85,61.66,3,Starting,1161.94,174.92
1792906500000000000,2026-10-25T05:35:00Z,controller 2,2.524,6.329,33.33,45.93,276.12,33.16,19.83,100.0,2,Starting,1324.3,582.47
1792906560000000000,2026-10-25T05:36:00Z,free response,2.598,6.316,145.66,95.02,415.94,33.25,20.14,100.0,3,Starting,1324.47,570.66
1792906620000000000,2026-10-25T05:37:00Z,controller 2,2.594,6.305,20.76,36.99,405.26,33.32,21.95,100.0,3,Starting,1291.81,592.43
1792906680000000000,2026-10-25T05:38:00Z,controller 1,2.609,6.059,34.02,293.19,272.25,33.4,22.57,100.0,3,Starting,1322.76,597.39
1792906740000000000,2026-10-25T05:39:00Z,free response,2.444,6.467,-18.78,115.46,211.58,33.45,19.98,100.0,2,Starting,1278.36,576.32
1792906800000000000,2026-10-25T05:40:00Z,controller 1,2.527,6.201,194.44,70.03,199.39,33.48,20.91,100.0,1,Starting,1283.2,602.84
1792906860000000000,2026-10-25T05:41:00Z,controller 1,2.546,6.603,24.07,154.91,544.62,33.55,21.27,100.0,3,Starting,1286.53,592.38
1792906920000000000,2026-10-25T05:42:00Z,controller 2,2.544,6.517,151.04,138.22,458.28,33.59,19.43,100.0,3,Starting,1345.72,478.24
1792906980000000000,2026-10-25T05:43:00Z,controller 1,2.605,6.326,28.24,272.76,508.21,33.63,22.77,100.0,3,Starting,1359.64,449.73
1792907040000000000,2026-10-25T05:44:00Z,controller 2,2.491,6.457,84.2,95.64,175.22,33.68,19.53,100.0,3,Starting,1321.11,449.94
1792907100000000000,2026-10-25T05:45:00Z,free response,2.54,6.559,1.96,117.9,272.69,33.73,21.47,100.0,3,Starting,1343.06,434.86
1792907160000000000,2026-10-25T05:46:00Z,controller 1,2.53,5.919,31.23,343.28,139.0,33.75,17.57,100.0,2,Starting,1371.9,462.47
1792907220000000000,2026-10-25T05:47:00Z,controller 1,2.517,6.553,-6.85,288.72,533.3,33.8,22.24,100.0,2,Starting,1360.89,453.9
1792907280000000000,2026-10-25T05:48:00Z,free response,2.494,6.269,90.3,338.0,221.85,33.87,20.29,100.0,3,Starting,1405.69,434.5
1792907340000000000,2026-10-25T05:49:00Z,controller 2,2.572,6.116,197.78,47.11,353.37,33.92,21.51,100.0,2,Starting,1446.27,424.25
1792907400000000000,2026-10-25T05:50:00Z,free response,2.611,6.41,-26.99,385.86,212.28,33.98,22.83,100.0,2,Starting,1480.08,446.46
1792907460000000000,2026-10-25T05:51:00Z,free response,2.599,6.09,189.57,317.08,332.33,34.04,18.66,100.0,3,Starting,1500.0,462.66
1792907520000000000,2026-10-25T05:52:00Z,controller 1,2.456,6.095,32.6,444.22,187.8,34.09,16.95,100.0,2,Starting,1494.35,447.47
1792907580000000000,2026-10-25T05:53:00Z,controller 2,2.558,6.359,182.49,278.44,213.9,34.16,21.93,100.0,2,Starting,1500.0,431.66
1792907640000000000,2026-10-25T05:54:00Z,controller 1,2.517,6.449,149.15,79.31,266.92,34.24,18.45,100.0,1,Starting,1495.58,421.13
1792907700000000000,2026-10-25T05:55:00Z,free response,2.544,5.904,194.93,238.47,165.56,34.29,17.54,100.0,2,Starting,1500.0,410.51
1792907760000000000,2026-10-25T05:56:00Z,controller 2,2.601,6.218,116.52,49.06,435.75,34.33,19.21,100.0,2,Starting,1494.47,405.81
1792907820000000000,2026-10-25T05:57:00Z,controller 2,2.569,6.148,-10.17,131.99,343.76,34.38,20.45,100.0,3,Starting,1461.62,414.43
1792907880000000000,2026-10-25T05:58:00Z,controller 1,2.537,6.575,-19.47,112.57,554.62,34.43,21.77,100.0,1,Starting,1416.38,438.12
1792907940000000000,2026-10-25T05:59:00Z,controller 1,2.457,6.379,142.41,127.99,352.81,34.46,20.83,100.0,1,Starting,1456.43,458.6
1792908000000000000,2026-10-25T06:00:00Z,controller 2,1.652,1.61,7.95,68.78,594.92,34.53,1.98,100.0,3,Starting,1459.87,441.9
1792908060000000000,2026-10-25T06:01:00Z,controller 2,1.706,1.451,-28.55,74.0,274.39,34.57,2.11,100.0,3,Starting,1466.25,448.88
1792908120000000000,2026-10-25T06:02:00Z,controller 2,1.699,1.919,10.17,424.56,55.01,34.6,2.63,100.0,3,Starting,1447.78,423.13
1792908180000000000,2026-10-25T06:03:00Z,free response,1.635,1.549,36.21,178.87,463.86,34.58,2.15,100.0,2,Starting,1474.79,418.96
1792908240000000000,2026-10-25T06:04:00Z,controller 1,1.545,1.638,-21.9,354.1,591.36,34.57,1.87,100.0,1,Starting,1464.3,447.33
1792908300000000000,2026-10-25T06:05:00Z,controller 2,1.624,2.019,62.93,385.34,433.37,34.56,2.62,100.0,3,Starting,1500.0,461.73
1792908360000000000,2026-10-25T06:06:00Z,controller 1,1.534,1.464,166.81,243.31,371.72,34.52,1.87,100.0,3,Starting,1484.01,449.28
1792908420000000000,2026-10-25T06:07:00Z,controller 2,1.565,1.905,60.32,33.93,324.27,34.51,2.48,100.0,3,Starting,1500.0,434.65
1792908480000000000,2026-10-25T06:08:00Z,free response,1.56,1.867,19.8,291.09,85.6,34.49,2.47,100.0,3,Starting,1500.0,456.92
1792908540000000000,2026-10-25T06:09:00Z,controller 2,1.568,1.431,101.6,320.29,550.75,34.46,1.87,100.0,1,Starting,1500.0,443.58
1792908600000000000,2026-10-25T06:10:00Z,controller 2,1.535,1.762,172.07,139.24,184.56,34.45,1.97,100.0,1,Starting,1500.0,464.18
1792908660000000000,2026-10-25T06:11:00Z,controller 1,1.54,1.999,-24.66,275.58,280.38,34.42,2.28,100.0,1,Starting,1470.14,477.52
1792908720000000000,2026-10-25T06:12:00Z,free response,1.576,1.62,-21.5,226.75,316.42,34.4,1.93,100.0,2,Starting,1500.0,499.2
1792908780000000000,2026-10-25T06:13:00Z,controller 2,1.688,1.808,40.84,62.38,233.56,34.39,2.8,100.0,2,Starting,1486.4,518.07
1792908840000000000,2026-10-25T06:14:00Z,controller 2,1.612,1.928,187.71,187.15,524.87,34.35,2.49,100.0,3,Starting,1474.96,506.72
1792908900000000000,2026-10-25T06:15:00Z,controller 2,1.538,2.13,2.43,99.02,493.66,34.33,2.27,100.0,1,Starting,1440.59,504.5
1792908960000000000,2026-10-25T06:16:00Z,free response,1.692,1.865,84.76,282.6,238.06,34.31,2.45,100.0,1,Starting,1472.51,487.59
1792909020000000000,2026-10-25T06:17:00Z,controller 2,1.604,1.388,192.42,104.53,65.3,34.28,1.88,100.0,1,Starting,1442.83,459.35
1792909080000000000,2026-10-25T06:18:00Z,controller 1,1.563,1.654,184.37,193.12,82.66,34.25,1.89,100.0,1,Starting,1408.34,460.08
1792909140000000000,2026-10-25T06:19:00Z,controller 2,1.668,1.944,190.2,108.13,471.68,34.23,2.93,100.0,3,Starting,1457.05,488.43
1792909200000000000,2026-10-25T06:20:00Z,controller 1,1.599,1.715,-5.4,152.48,566.88,34.22,2.26,100.0,3,Starting,1473.15,477.99
1792909260000000000,2026-10-25T06:21:00Z,controller 2,1.682,1.616,199.03,334.94,512.9,34.19,2.43,100.0,2,Starting,1500.0,469.48
1792909320000000000,2026-10-25T06:22:00Z,free response,1.687,1.926,123.18,251.87,269.21,34.17,2.72,100.0,1,Starting,1500.0,471.42
1792909380000000000,2026-10-25T06:23:00Z,controller 2,1.551,2.077,40.56,297.97,544.55,34.16,2.37,100.0,3,Starting,1458.67,470.9
1792909440000000000,2026-10-25T06:24:00Z,controller 2,1.595,2.146,41.94,300.64,506.87,34.13,2.72,100.0,2,Starting,1418.74,484.95
1792909500000000000,2026-10-25T06:25:00Z,controller 2,1.619,1.464,189.5,155.48,344.08,34.1,1.82,100.0,3,Starting,1380.95,483.66
1792909560000000000,2026-10-25T06:26:00Z,controller 2,1.555,2.016,60.81,309.82,460.71,34.07,2.38,100.0,2,Starting,1366.61,496.19
1792909620000000000,2026-10-25T06:27:00Z,controller 1,1.563,1.784,-17.26,166.02,278.79,34.06,2.23,100.0,1,Starting,1348.8,482.92
1792909680000000000,2026-10-25T06:28:00Z,controller 1,1.675,1.538,1.08,121.68,114.43,34.05,2.27,100.0,1,Starting,1331.2,466.64
1792909740000000000,2026-10-25T06:29:00Z,controller 1,1.7,1.746,90.04,169.57,97.88,34.03,2.36,100.0,2,Starting,1322.98,493.54
1792909800000000000,2026-10-25T06:30:00Z,controller 1,2.993,4.421,-13.89,0.88,63.11,34.01,21.05,100.0,3,Starting,1287.82,521.53
1792909860000000000,2026-10-25T06:31:00Z,controller 2,2.993,4.185,79.73,386.35,189.37,33.99,17.33,100.0,1,Starting,1256.3,540.73
1792909920000000000,2026-10-25T06:32:00Z,controller 2,2.912,4.384,90.92,118.15,562.45,33.98,18.76,100.0,3,Starting,1290.63,526.72
1792909980000000000,2026-10-25T06:33:00Z,controller 2,2.946,4.445,106.17,356.51,306.15,33.95,19.86,100.0,2,Starting,1242.81,510.29
1792910040000000000,2026-10-25T06:34:00Z,controller 2,3,4.006,23.26,240.32,293.25,33.94,17.42,100.0,3,Starting,1227.52,485.51
1792910100000000000,2026-10-25T06:35:00Z,free response,3,4.246,164.91,414.68,48.02,33.92,19.25,100.0,2,Starting,1237.55,486.03
1792910160000000000,2026-10-25T06:36:00Z,free response,2.945,4.267,2.7,266.01,573.62,33.9,17.87,100.0,2,Starting,1265.16,494.12
1792910220000000000,2026-10-25T06:37:00Z,controller 2,3,4.08,112.94,196.03,340.57,33.86,20.14,100.0,1,Starting,1289.1,489.19
1792910280000000000,2026-10-25T06:38:00Z,controller 1,2.909,4.279,150.09,135.51,336.39,33.85,18.0,100.0,3,Starting,1266.96,512.44
1792910340000000000,2026-10-25T06:39:00Z,free response,2.988,3.946,40.11,61.51,449.08,33.83,15.93,100.0,1,Starting,1248.68,512.71
1792910400000000000,2026-10-25T06:40:00Z,controller 2,3,4.447,57.57,176.55,213.09,33.81,20.68,100.0,2,Starting,1270.86,491.79
1792910460000000000,2026-10-25T06:41:00Z,controller 1,2.923,4.054,53.49,201.41,276.88,33.78,17.44,100.0,2,Starting,1225.97,479.26
1792910520000000000,2026-10-25T06:42:00Z,free response,2.901,3.778,84.2,389.05,211.26,33.77,15.71,100.0,1,Starting,1200.59,473.02
1792910580000000000,2026-10-25T06:43:00Z,free response,2.992,4.105,-6.79,145.88,384.48,33.73,18.71,100.0,2,Starting,1222.75,459.7
1792910640000000000,2026-10-25T06:44:00Z,free response,2.965,4.276,-16.45,208.52,408.17,33.72,18.42,100.0,3,Starting,1270.77,461.66
1792910700000000000,2026-10-25T06:45:00Z,controller 1,3,3.808,127.84,263.91,457.33,33.71,17.14,100.0,3,Starting,1240.1,449.29
1792910760000000000,2026-10-25T06:46:00Z,free response,2.903,4.388,84.28,233.01,516.26,33.69,16.97,100.0,3,Starting,1197.8,448.33
1792910820000000000,2026-10-25T06:47:00Z,controller 2,3,4.539,190.57,121.07,367.09,33.68,20.69,100.0,1,Starting,1201.75,457.94
1792910880000000000,2026-10-25T06:48:00Z,free response,3,4.54,62.76,63.81,435.78,33.65,19.88,100.0,1,Starting,1191.84,455.8
1792910940000000000,2026-10-25T06:49:00Z,controller 2,2.968,4.172,19.74,231.87,503.55,33.64,17.1,100.0,1,Starting,1214.31,472.01
1792911000000000000,2026-10-25T06:50:00Z,free response,2.914,4.315,36.1,356.14,68.07,33.63,19.12,100.0,2,Starting,1184.42,470.61
1792911060000000000,2026-10-25T06:51:00Z,free response,2.993,3.904,104.11,206.86,300.98,33.6,18.4,100.0,3,Starting,1145.65,449.47
1792911120000000000,2026-10-25T06:52:00Z,controller 2,3,4.292,25.98,283.32,329.5,33.59,20.46,100.0,2,Starting,1117.95,430.89
1792911180000000000,2026-10-25T06:53:00Z,controller 2,3,4.452,34.77,395.76,212.84,33.56,19.25,100.0,1,Starting,1087.89,421.69
1792911240000000000,2026-10-25T06:54:00Z,controller 1,3,4.481,33.83,15.51,307.98,33.55,18.78,100.0,1,Starting,1068.9,451.53
1792911300000000000,2026-10-25T06:55:00Z,free response,2.938,4.275,59.95,120.04,437.03,33.53,20.19,100.0,1,Starting,1106.48,464.32
1792911360000000000,2026-10-25T06:56:00Z,controller 2,2.904,4.049,53.03,225.23,381.8,33.52,18.2,100.0,3,Starting,1085.06,444.34
1792911420000000000,2026-10-25T06:57:00Z,controller 1,3,4.024,62.52,219.66,221.52,33.49,17.98,100.0,1,Starting,1036.1,428.33
1792911480000000000,2026-10-25T06:58:00Z,controller 1,2.953,4.022,166.59,290.32,379.22,33.47,17.91,100.0,1,Starting,1071.68,419.3
1792911540000000000,2026-10-25T06:59:00Z,controller 1,3,3.941,174.14,411.67,16.69,33.46,16.4,100.0,3,Starting,1065.12,438.27
1792911600000000000,2026-10-25T07:00:00Z,free response,2.947,1.662,167.35,331.59,42.16,33.43,7.7,100.0,1,Starting,1068.71,447.19
1792911660000000000,2026-10-25T07:01:00Z,controller 2,2.928,1.307,81.21,336.6,552.09,33.41,5.59,100.0,3,Starting,1043.86,432.25
1792911720000000000,2026-10-25T07:02:00Z,controller 1,2.903,1.638,95.81,171.88,213.6,33.4,6.64,100.0,1,Starting,1074.19,461.69
1792911780000000000,2026-10-25T07:03:00Z,controller 1,2.984,1.595,155.16,29.21,177.36,33.39,6.93,100.0,2,Starting,1098.45,476.84
1792911840000000000,2026-10-25T07:04:00Z,controller 2,2.878,1.518,73.12,354.8,139.69,33.38,5.87,100.0,1,Starting,1089.54,487.48
1792911900000000000,2026-10-25T07:05:00Z,controller 2,2.91,1.232,157.75,153.36,81.5,33.36,5.27,100.0,1,Starting,1085.69,465.39
1792911960000000000,2026-10-25T07:06:00Z,controller 2,3,1.445,48.49,244.79,290.59,33.33,6.97,100.0,3,Starting,1134.9,439.3
1792912020000000000,2026-10-25T07:07:00Z,controller 2,2.885,1.71,81.55,84.31,76.73,33.31,7.45,100.0,1,Starting,1180.67,459.47
1792912080000000000,2026-10-25T07:08:00Z,free response,2.988,1.933,114.54,102.98,151.19,33.29,9.01,100.0,1,Starting,1174.46,448.99
1792912140000000000,2026-10-25T07:09:00Z,controller 1,2.968,1.276,1.29,370.73,350.96,33.26,5.14,100.0,2,Starting,1148.96,467.46
1792912200000000000,2026-10-25T07:10:00Z,controller 2,3,1.817,86.14,434.54,460.06,33.23,8.89,100.0,1,Starting,1125.89,469.83
1792912260000000000,2026-10-25T07:11:00Z,controller 2,2.916,1.695,-1.76,138.36,304.14,33.21,6.91,100.0,3,Starting,1118.51,454.08
1792912320000000000,2026-10-25T07:12:00Z,controller 1,2.992,1.344,-4.91,314.4,153.31,33.18,5.8,100.0,1,Starting,1117.79,481.13
1792912380000000000,2026-10-25T07:13:00Z,controller 2,2.936,1.856,90.31,28.67,478.38,33.17,7.48,100.0,1,Starting,1083.01,487.26
1792912440000000000,2026-10-25T07:14:00Z,free response,2.869,1.664,22.4,399.95,168.24,33.17,6.83,100.0,2,Off,1110.16,483.37
1792912500000000000,2026-10-25T07:15:00Z,controller 1,2.944,1.579,189.19,97.3,396.86,33.15,6.69,100.0,1,Off,1091.04,496.43
1792912560000000000,2026-10-25T07:16:00Z,controller 1,2.956,1.703,14.33,411.2,548.6,33.12,6.81,100.0,2,Off,1064.34,475.41
1792912620000000000,2026-10-25T07:17:00Z,controller 1,3,1.277,163.0,350.99,175.49,33.11,5.31,100.0,2,Off,1079.01,491.05
1792912680000000000,2026-10-25T07:18:00Z,controller 1,2.87,1.322,29.54,296.42,470.33,33.08,5.41,100.0,3,Off,1111.93,495.07
1792912740000000000,2026-10-25T07:19:00Z,free response,3,1.931,119.21,43.5,550.38,33.06,8.74,100.0,3,Off,1089.8,498.04
1792912800000000000,2026-10-25T07:20:00Z,controller 2,2.882,1.594,154.42,395.37,498.41,33.05,6.26,100.0,2,Off,1056.84,520.86
1792912860000000000,2026-10-25T07:21:00Z,controller 2,3,1.398,171.41,376.63,273.51,33.03,6.55,100.0,3,Off,1039.65,516.38
1792912920000000000,2026-10-25T07:22:00Z,controller 2,2.93,1.865,165.27,294.67,434.04,33.01,8.49,100.0,3,Off,1143.44,328.16
1792912980000000000,2026-10-25T07:23:00Z,controller 2,2.939,1.463,161.45,313.87,285.68,32.99,6.53,100.0,2,Off,1155.93,308.18
1792913040000000000,2026-10-25T07:24:00Z,controller 1,2.894,1.912,38.59,172.06,538.95,32.97,7.51,100.0,2,Off,1141.3,292.37
1792913100000000000,2026-10-25T07:25:00Z,controller 2,2.924,1.543,63.17,57.12,573.37,32.96,6.26,100.0,3,Off,1174.24,273.33
1792913160000000000,2026-10-25T07:26:00Z,controller 1,2.88,1.512,14.89,63.93,454.87,32.95,6.6,100.0,1,Off,1400.79,696.57
1792913220000000000,2026-10-25T07:27:00Z,controller 1,3,1.996,10.35,345.7,534.79,32.94,9.5,100.0,2,Off,1436.89,672.65
1792913280000000000,2026-10-25T07:28:00Z,controller 1,2.947,1.655,125.76,63.43,560.39,32.93,6.91,100.0,1,Off,1429.48,692.13
1792913340000000000,2026-10-25T07:29:00Z,controller 1,2.898,1.51,196.5,362.58,315.33,32.9,5.91,100.0,3,Off,1479.4,714.92
1792913400000000000,2026-10-25T07:30:00Z,controller 2,2.307,4.648,85.1,200.3,29.8,32.88,11.18,100.0,1,Off,1197.21,487.35
1792913460000000000,2026-10-25T07:31:00Z,free response,2.258,4.954,68.36,281.5,415.57,32.87,11.48,100.0,1,Off,1197.95,496.03
1792913520000000000,2026-10-25T07:32:00Z,free response,2.416,5.274,46.39,15.3,592.08,32.85,16.05,100.0,3,Off,1214.3,514.95
1792913580000000000,2026-10-25T07:33:00Z,free response,2.375,4.99,49.11,334.51,273.15,32.81,13.51,100.0,2,Off,1204.3,497.98
1792913640000000000,2026-10-25T07:34:00Z,free response,2.414,5.04,-27.31,197.5,133.36,32.8,15.94,100.0,2,Off,1177.51,509.66
1792913700000000000,2026-10-25T07:35:00Z,free response,2.291,4.865,146.62,302.76,56.94,32.78,13.04,100.0,2,Off,1221.83,512.98
1792913760000000000,2026-10-25T07:36:00Z,controller 1,2.306,4.888,153.91,157.4,43.41,32.77,12.86,100.0,1,Off,1176.05,523.13
1792913820000000000,2026-10-25T07:37:00Z,free response,2.344,5.35,33.19,27.88,461.42,32.75,13.59,100.0,3,Off,1151.13,526.19
1792913880000000000,2026-10-25T07:38:00Z,controller 1,2.326,4.807,0.71,19.83,286.38,32.73,12.51,100.0,2,Off,1195.37,525.56
1792913940000000000,2026-10-25T07:39:00Z,controller 1,2.276,4.858,-18.55,190.24,210.58,32.69,13.12,100.0,3,Off,1236.34,529.7
1792914000000000000,2026-10-25T07:40:00Z,free response,2.267,5.283,87.02,154.5,148.53,32.67,13.63,100.0,3,Off,1194.11,558.27
1792914060000000000,2026-10-25T07:41:00Z,controller 2,2.386,5.128,52.32,101.22,479.22,32.66,13.59,100.0,1,Off,1204.98,541.78
1792914120000000000,2026-10-25T07:42:00Z,controller 1,2.356,4.843,-27.51,227.48,531.15,32.63,14.57,100.0,2,Off,1185.92,518.61
1792914180000000000,2026-10-25T07:43:00Z,controller 1,2.403,4.969,11.1,298.64,240.07,32.6,13.21,100.0,2,Off,1185.52,512.8
1792914240000000000,2026-10-25T07:44:00Z,free response,2.376,5.145,66.12,159.71,398.2,32.58,15.01,100.0,2,Off,1225.19,516.02
1792914300000000000,2026-10-25T07:45:00Z,free response,2.294,5.366,185.53,363.91,324.47,32.58,14.47,100.0,1,Off,1256.16,503.95
1792914360000000000,2026-10-25T07:46:00Z,controller 2,2.349,5.117,11.64,52.78,193.01,32.56,15.43,100.0,3,Off,1216.58,477.89
1792914420000000000,2026-10-25T07:47:00Z,controller 1,2.271,4.923,142.34,246.58,24.32,32.53,13.87,100.0,2,Off,1210.93,504.27
1792914480000000000,2026-10-25T07:48:00Z,controller 1,2.339,5.172,-17.66,408.85,74.64,32.5,15.41,100.0,1,Off,1230.74,526.8
1792914540000000000,2026-10-25T07:49:00Z,controller 1,2.395,4.678,137.89,425.73,149.96,32.48,14.23,100.0,3,Off,1276.08,509.36
1792914600000000000,2026-10-25T07:50:00Z,controller 2,2.373,4.669,-10.44,307.92,534.73,32.44,12.92,100.0,3,Off,1255.15,534.95
1792914660000000000,2026-10-25T07:51:00Z,controller 2,2.318,5.373,-4.62,249.99,532.55,32.41,13.61,100.0,2,Off,1232.03,525.05
1792914720000000000,2026-10-25T07:52:00Z,free response,2.282,5.175,63.43,190.52,464.28,32.39,12.83,100.0,1,Off,1189.63,530.53
1792914780000000000,2026-10-25T07:53:00Z,controller 1,2.303,4.687,97.3,270.08,549.65,32.36,13.04,100.0,3,Off,1194.5,519.88
1792914840000000000,2026-10-25T07:54:00Z,free response,2.238,4.658,-24.98,92.67,298.01,32.34,12.56,100.0,1,Off,1167.31,508.71
1792914900000000000,2026-10-25T07:55:00Z,controller 1,2.323,4.868,162.5,392.33,504.55,32.33,13.88,100.0,2,Off,1176.12,507.43
1792914960000000000,2026-10-25T07:56:00Z,controller 1,2.394,4.846,163.05,265.44,370.2,32.32,12.56,100.0,2,Off,1126.45,513.24
1792915020000000000,2026-10-25T07:57:00Z,controller 2,2.289,5.043,100.37,179.45,366.9,32.29,14.43,100.0,3,Off,1152.77,502.48
1792915080000000000,2026-10-25T07:58:00Z,controller 2,2.364,5.043,-13.6,260.39,266.46,32.27,13.83,100.0,2,Off,1120.07,497.23
1792915140000000000,2026-10-25T07:59:00Z,controller 2,2.318,4.953,146.04,424.4,26.62,32.24,13.01,100.0,3,Off,1091.68,523.65
1792915200000000000,2026-10-25T08:00:00Z,controller 2,2.24,2.644,115.94,423.45,455.77,32.22,6.74,100.0,1,Off,1087.03,529.58
1792915260000000000,2026-10-25T08:01:00Z,controller 2,2.212,2.779,28.93,397.25,120.54,32.21,7.02,100.0,2,Off,1084.2,545.62
1792915320000000000,2026-10-25T08:02:00Z,controller 1,2.129,2.228,166.2,91.75,541.4,32.19,5.25,100.0,2,Off,1095.15,519.43
1792915380000000000,2026-10-25T08:03:00Z,controller 1,2.287,2.392,15.94,151.83,70.7,32.18,5.99,100.0,2,Off,1052.84,510.18
1792915440000000000,2026-10-25T08:04:00Z,free response,2.239,2.817,47.38,155.65,539.15,32.18,7.25,100.0,1,Off,1094.4,486.42
1792915500000000000,2026-10-25T08:05:00Z,controller 2,2.247,2.575,105.91,156.74,202.91,32.15,7.09,100.0,1,Off,1105.33,473.29
1792915560000000000,2026-10-25T08:06:00Z,controller 2,2.291,2.216,-7.24,56.0,333.88,32.13,5.79,100.0,3,Off,1078.21,494.16
1792915620000000000,2026-10-25T08:07:00Z,free response,2.173,2.217,127.74,399.33,182.6,32.13,5.36,100.0,2,Off,1104.18,505.66
1792915680000000000,2026-10-25T08:08:00Z,controller 2,2.266,2.904,75.54,394.23,106.84,32.09,6.97,100.0,3,Off,1080.34,520.08
1792915740000000000,2026-10-25T08:09:00Z,controller 1,2.221,2.492,63.74,125.64,409.91,32.08,6.24,100.0,1,Off,1070.39,516.74
1792915800000000000,2026-10-25T08:10:00Z,controller 1,2.156,2.712,-25.83,75.03,551.01,32.05,6.76,100.0,3,Off,1106.98,508.24
1792915860000000000,2026-10-25T08:11:00Z,controller 2,2.185,2.46,148.7,129.05,400.52,32.02,5.6,100.0,1,Off,1125.35,484.34
1792915920000000000,2026-10-25T08:12:00Z,controller 1,2.237,2.405,136.48,73.97,307.43,32.01,6.12,100.0,2,Off,1171.93,482.13
1792915980000000000,2026-10-25T08:13:00Z,controller 2,2.128,2.85,95.52,105.99,199.18,32.0,6.9,100.0,3,Off,1206.34,497.08
1792916040000000000,2026-10-25T08:14:00Z,controller 1,2.289,2.767,170.51,212.42,19.71,31.97,7.18,100.0,2,Off,1192.86,523.29
1792916100000000000,2026-10-25T08:15:00Z,controller 2,2.283,2.702,-6.14,222.87,385.33,31.96,7.37,100.0,3,Off,1207.52,527.79
1792916160000000000,2026-10-25T08:16:00Z,free response,2.26,2.302,191.07,285.26,431.51,31.93,6.43,100.0,3,Off,1230.67,538.94
1792916220000000000,2026-10-25T08:17:00Z,controller 2,2.287,2.306,49.32,73.95,368.19,31.92,5.53,100.0,2,Off,1280.41,565.0
1792916280000000000,2026-10-25T08:18:00Z,controller 2,2.234,2.574,-17.09,403.85,470.39,31.91,6.08,100.0,1,Off,1307.39,579.84
1792916340000000000,2026-10-25T08:19:00Z,controller 2,2.168,2.254,194.22,238.97,71.32,31.89,5.06,100.0,2,Off,1328.95,560.34
1792916400000000000,2026-10-25T08:20:00Z,controller 1,2.285,2.538,-15.95,300.07,138.14,31.87,6.08,100.0,1,Off,1329.28,584.55
1792916460000000000,2026-10-25T08:21:00Z,controller 1,2.208,2.785,-22.95,185.4,501.85,31.86,7.17,100.0,3,On,1348.91,587.91
1792916520000000000,2026-10-25T08:22:00Z,controller 1,2.215,2.332,105.73,110.1,318.27,31.85,5.68,100.0,3,On,1308.67,565.85
1792916580000000000,2026-10-25T08:23:00Z,free response,2.286,2.42,23.28,286.34,345.65,31.83,5.97,100.0,2,On,1339.79,574.85
1792916640000000000,2026-10-25T08:24:00Z,free response,2.211,2.802,109.86,449.9,32.16,31.8,6.74,100.0,1,On,1389.65,599.05
1792916700000000000,2026-10-25T08:25:00Z,controller 1,2.276,2.219,41.7,28.94,474.95,31.78,5.87,100.0,1,On,1364.59,582.94
1792916760000000000,2026-10-25T08:26:00Z,free response,2.196,2.776,112.62,103.42,368.41,31.76,6.22,100.0,1,On,1363.99,558.46
1792916820000000000,2026-10-25T08:27:00Z,controller 2,2.26,2.743,101.78,174.22,125.81,31.74,6.6,100.0,2,On,1409.92,545.03
1792916880000000000,2026-10-25T08:28:00Z,controller 2,2.274,2.825,163.68,294.21,306.41,31.7,6.79,100.0,2,On,1434.35,518.25
1792916940000000000,2026-10-25T08:29:00Z,controller 2,2.158,2.768,32.68,99.06,592.89,31.7,6.23,100.0,2,On,1446.65,516.97
1792917000000000000,2026-10-25T08:30:00Z,free response,2.325,4.84,185.48,338.86,584.5,31.66,11.8,100.0,3,On,1489.68,540.91
1792917060000000000,2026-10-25T08:31:00Z,controller 2,2.292,4.758,126.31,315.73,460.52,31.64,12.44,100.0,2,On,643.25,784.7
1792917120000000000,2026-10-25T08:32:00Z,free response,2.299,4.779,4.01,170.58,464.28,31.64,12.55,100.0,1,On,636.72,773.77
1792917180000000000,2026-10-25T08:33:00Z,controller 2,2.316,5.324,45.94,394.68,294.07,31.62,15.52,100.0,2,On,595.34,771.66
1792917240000000000,2026-10-25T08:34:00Z,controller 2,2.387,4.665,113.73,406.55,336.69,31.59,14.06,100.0,2,On,556.9,786.24
1792917300000000000,2026-10-25T08:35:00Z,controller 1,2.371,4.788,-2.39,148.03,230.34,31.58,12.14,100.0,1,On,606.46,810.23
1792917360000000000,2026-10-25T08:36:00Z,controller 1,2.342,5.218,68.16,208.27,195.87,31.56,14.69,100.0,3,On,595.3,828.3
1792917420000000000,2026-10-25T08:37:00Z,controller 1,2.335,4.758,158.98,273.37,238.52,31.54,13.48,100.0,2,On,601.9,807.18
1792917480000000000,2026-10-25T08:38:00Z,free response,2.35,5.386,23.34,250.2,246.4,31.52,13.62,100.0,3,On,567.84,779.34
1792917540000000000,2026-10-25T08:39:00Z,controller 2,2.447,4.968,187.02,1.74,226.44,31.49,14.99,100.0,3,On,577.05,798.81
1792917600000000000,2026-10-25T08:40:00Z,controller 1,2.41,4.806,42.88,202.57,68.56,31.47,13.32,100.0,2,On,562.99,774.29
1792917660000000000,2026-10-25T08:41:00Z,controller 1,2.399,4.849,-20.0,367.9,16.32,31.45,13.62,100.0,1,On,568.82,780.45
1792917720000000000,2026-10-25T08:42:00Z,free response,2.444,5.366,133.04,303.86,184.66,31.42,17.38,100.0,3,On,563.39,805.24
1792917780000000000,2026-10-25T08:43:00Z,free response,2.416,5.318,39.5,160.05,582.77,31.41,14.29,100.0,1,On,544.42,824.24
1792917840000000000,2026-10-25T08:44:00Z,controller 1,2.357,4.891,177.28,55.79,460.2,31.4,14.58,100.0,3,On,555.22,847.84
1792917900000000000,2026-10-25T08:45:00Z,controller 2,2.447,5.102,-17.08,65.24,413.34,31.38,14.2,100.0,1,On,516.72,831.11
1792917960000000000,2026-10-25T08:46:00Z,free response,2.394,4.863,88.54,325.75,306.58,31.36,13.84,100.0,1,On,546.64,806.69
1792918020000000000,2026-10-25T08:47:00Z,controller 2,2.398,4.82,-18.52,320.52,501.28,31.34,12.88,100.0,1,On,505.6,789.56
1792918080000000000,2026-10-25T08:48:00Z,free response,2.434,4.975,28.81,127.76,597.97,31.33,15.36,100.0,1,On,475.1,803.73
1792918140000000000,2026-10-25T08:49:00Z,free response,2.437,5.005,14.6,66.46,156.47,31.32,15.73,100.0,1,On,470.63,818.12
1792918200000000000,2026-10-25T08:50:00Z,controller 2,2.452,4.849,145.81,22.99,414.02,31.29,14.12,100.0,1,On,504.04,796.29
1792918260000000000,2026-10-25T08:51:00Z,controller 2,2.389,5.077,17.6,166.6,39.53,31.28,14.68,100.0,2,On,486.79,785.95
1792918320000000000,2026-10-25T08:52:00Z,free response,2.369,5.128,96.9,200.53,567.32,31.26,15.78,100.0,2,On,498.88,793.37
1792918380000000000,2026-10-25T08:53:00Z,controller 1,2.416,4.709,139.81,109.26,108.91,31.25,12.99,100.0,2,On,455.67,809.31
1792918440000000000,2026-10-25T08:54:00Z,free response,2.345,5.418,9.14,364.59,194.18,31.22,15.07,100.0,3,On,478.53,823.32
1792918500000000000,2026-10-25T08:55:00Z,free response,2.329,5.261,-26.26,61.64,365.71,31.2,15.13,100.0,2,On,460.08,803.3
1792918560000000000,2026-10-25T08:56:00Z,controller 1,2.416,4.823,125.56,82.37,179.44,31.17,14.6,100.0,1,On,499.35,829.76
1792918620000000000,2026-10-25T08:57:00Z,free response,2.328,5.406,192.36,12.89,172.14,31.16,15.22,100.0,2,On,535.69,834.33
1792918680000000000,2026-10-25T08:58:00Z,free response,2.319,5.401,36.46,126.99,381.0,31.13,15.41,100.0,3,On,568.82,821.14
1792918740000000000,2026-10-25T08:59:00Z,free response,2.447,5.318,76.05,210.6,347.78,31.12,14.53,100.0,2,On,603.09,803.99
1792918800000000000,2026-10-25T09:00:00Z,controller 1,1.209,3.257,195.71,277.97,481.22,31.1,2.43,100.0,1,On,642.1,796.41
1792918860000000000,2026-10-25T09:01:00Z,controller 2,1.22,2.9,122.53,214.06,385.4,31.07,2.21,100.0,3,On,608.9,776.5
1792918920000000000,2026-10-25T09:02:00Z,controller 2,1.098,2.994,111.67,214.32,194.16,31.05,1.64,100.0,2,On,628.7,757.82
1792918980000000000,2026-10-25T09:03:00Z,free response,1.142,3.131,30.88,243.07,55.65,31.04,1.91,100.0,1,On,591.0,741.84
1792919040000000000,2026-10-25T09:04:00Z,controller 1,1.168,2.763,184.28,54.35,25.42,31.0,1.9,100.0,1,On,628.4,750.64
1792919100000000000,2026-10-25T09:05:00Z,controller 2,1.108,3.164,41.45,380.44,470.75,30.98,2.0,100.0,3,On,617.89,754.3
1792919160000000000,2026-10-25T09:06:00Z,controller 1,1.229,3.076,19.09,92.01,276.4,30.94,2.2,100.0,1,On,615.51,725.53
1792919220000000000,2026-10-25T09:07:00Z,free response,1.248,3.16,193.8,115.81,460.22,30.91,2.65,100.0,2,On,652.93,721.88
1792919280000000000,2026-10-25T09:08:00Z,controller 1,1.26,2.955,164.48,275.58,163.72,30.89,2.42,100.0,2,On,675.18,701.63
1792919340000000000,2026-10-25T09:09:00Z,controller 2,1.192,3.105,61.99,247.12,430.04,30.86,2.34,100.0,2,On,720.65,686.79
1792919400000000000,2026-10-25T09:10:00Z,controller 2,1.169,3.064,98.29,310.74,454.44,30.85,1.92,100.0,2,On,757.99,686.33
1792919460000000000,2026-10-25T09:11:00Z,controller 2,1.16,3.291,59.22,136.25,512.01,30.85,2.22,100.0,3,On,771.69,704.59
1792919520000000000,2026-10-25T09:12:00Z,controller 1,1.11,2.838,107.4,237.69,243.74,30.81,1.8,100.0,2,On,816.56,716.34
1792919580000000000,2026-10-25T09:13:00Z,controller 2,1.259,3.211,-5.09,340.61,123.22,30.8,2.37,100.0,2,On,830.25,688.28
1792919640000000000,2026-10-25T09:14:00Z,controller 2,1.113,2.917,147.57,205.03,274.36,30.79,1.95,100.0,3,On,811.15,686.56
1792919700000000000,2026-10-25T09:15:00Z,controller 1,1.094,3.179,-20.04,306.65,75.66,30.77,1.73,100.0,3,On,762.16,684.81
1792919760000000000,2026-10-25T09:16:00Z,controller 2,1.097,2.765,51.56,132.52,303.23,30.77,1.66,100.0,3,On,754.12,668.69
1792919820000000000,2026-10-25T09:17:00Z,free response,1.139,3.081,29.81,112.68,90.4,30.74,2.12,100.0,2,On,1217.89,415.33
1792919880000000000,2026-10-25T09:18:00Z,controller 1,1.247,2.652,62.56,223.75,553.05,30.73,2.0,100.0,3,On,1228.98,411.1
1792919940000000000,2026-10-25T09:19:00Z,controller 2,1.225,3.122,148.35,409.81,498.43,30.7,2.45,100.0,2,On,1239.06,434.46
1792920000000000000,2026-10-25T09:20:00Z,free response,1.136,3.141,165.44,99.09,252.43,30.66,2.14,100.0,3,On,1189.61,457.63
1792920060000000000,2026-10-25T09:21:00Z,controller 1,1.21,2.704,123.78,389.74,510.59,30.66,1.88,100.0,1,On,1168.44,445.95
1792920120000000000,2026-10-25T09:22:00Z,controller 2,1.175,3.27,136.3,369.8,485.92,30.63,2.08,100.0,3,On,1201.56,430.2
1792920180000000000,2026-10-25T09:23:00Z,controller 2,1.097,3.241,7.18,291.68,41.62,30.63,2.03,100.0,1,On,1185.8,450.49
1792920240000000000,2026-10-25T09:24:00Z,controller 2,1.094,3.347,-25.14,316.93,5.02,30.61,2.06,100.0,1,On,1234.16,425.68
1792920300000000000,2026-10-25T09:25:00Z,free response,1.215,3.382,-23.81,47.75,318.26,30.59,2.28,100.0,1,On,1283.99,450.61
1792920360000000000,2026-10-25T09:26:00Z,controller 1,1.258,2.756,79.48,181.78,511.31,30.56,2.23,100.0,1,On,1259.38,421.94
1792920420000000000,2026-10-25T09:27:00Z,free response,1.218,2.848,-3.11,315.5,465.81,30.53,2.1,100.0,3,On,1277.93,392.01
1792920480000000000,2026-10-25T09:28:00Z,free response,1.161,2.734,59.8,219.85,85.65,30.52,1.71,100.0,1,Starting,1264.67,410.8
1792920540000000000,2026-10-25T09:29:00Z,free response,1.192,3.395,113.52,339.26,206.28,30.5,2.35,100.0,1,Starting,1285.14,410.31
1792920600000000000,2026-10-25T09:30:00Z,controller 1,0.142,11.107,95.16,253.08,101.74,30.49,0.1,100.0,2,Starting,1310.15,404.88
1792920660000000000,2026-10-25T09:31:00Z,free response,0.151,11.454,199.48,446.58,1.91,30.46,0.12,100.0,3,Starting,1273.82,425.85
1792920720000000000,2026-10-25T09:32:00Z,free response,0.168,11.512,32.72,88.49,427.69,30.45,0.16,100.0,2,Starting,1287.73,450.87
1792920780000000000,2026-10-25T09:33:00Z,free response,0.086,10.797,91.45,356.97,212.7,30.45,0.04,100.0,3,Starting,1337.49,440.83
1792920840000000000,2026-10-25T09:34:00Z,free response,0.076,10.971,171.91,68.48,482.74,30.43,0.03,100.0,2,Starting,1314.45,411.0
1792920900000000000,2026-10-25T09:35:00Z,controller 1,0.136,11.061,73.35,447.54,361.29,30.41,0.11,100.0,2,Starting,1354.23,405.12
1792920960000000000,2026-10-25T09:36:00Z,controller 2,0.077,11.371,46.42,231.9,109.04,30.4,0.03,100.0,2,Starting,1402.81,417.46
1792921020000000000,2026-10-25T09:37:00Z,controller 1,0.017,10.957,-26.33,144.01,352.68,30.39,0.0,0.0,1,Starting,1448.29,404.0
1792921080000000000,2026-10-25T09:38:00Z,controller 1,0.084,10.952,107.99,272.06,544.67,30.38,0.04,100.0,3,Starting,1418.03,413.54
1792921140000000000,2026-10-25T09:39:00Z,controller 1,0.03,11.517,-10.8,91.97,213.62,30.37,0.01,100.0,3,Starting,1373.22,408.22
1792921200000000000,2026-10-25T09:40:00Z,controller 1,0.103,11.355,160.69,48.26,463.63,30.36,0.06,100.0,1,Starting,1348.47,417.91
1792921260000000000,2026-10-25T09:41:00Z,free response,0.021,10.868,7.98,193.49,228.53,30.34,0.0,0.0,2,Starting,1358.19,394.58
1792921320000000000,2026-10-25T09:42:00Z,free response,0.014,11.13,29.71,176.67,189.54,30.32,0.0,0.0,3,Starting,1310.72,404.9
1792921380000000000,2026-10-25T09:43:00Z,controller 1,0.066,11.027,-8.87,266.2,425.41,30.3,0.03,100.0,2,Starting,1267.98,405.74
1792921440000000000,2026-10-25T09:44:00Z,controller 2,0.022,11.008,-24.95,316.48,589.75,30.29,0.0,0.0,1,Starting,1255.33,397.14
1792921500000000000,2026-10-25T09:45:00Z,free response,0.028,11.113,13.35,32.24,363.74,30.29,0.0,0.0,1,Starting,1247.31,387.34
1792921560000000000,2026-10-25T09:46:00Z,controller 2,0.05,11.075,64.29,372.24,158.6,30.27,0.01,100.0,2,Starting,1214.34,676.99
1792921620000000000,2026-10-25T09:47:00Z,controller 2,0.113,11.426,76.81,106.05,175.52,30.24,0.07,100.0,1,Starting,1376.05,983.34
1792921680000000000,2026-10-25T09:48:00Z,free response,0.126,10.764,18.23,169.22,216.76,30.22,0.08,100.0,1,Starting,1422.08,988.38
1792921740000000000,2026-10-25T09:49:00Z,controller 1,0.068,10.932,119.59,34.47,31.86,30.22,0.03,100.0,1,Starting,1452.51,986.04
1792921800000000000,2026-10-25T09:50:00Z,free response,0.145,11.33,55.22,265.73,371.59,30.19,0.12,100.0,1,Starting,1468.68,975.28
1792921860000000000,2026-10-25T09:51:00Z,controller 1,0.078,10.907,0.42,308.46,2.04,30.15,0.03,100.0,1,Starting,1494.1,1000.0
1792921920000000000,2026-10-25T09:52:00Z,controller 2,0.168,11.212,179.22,48.78,211.52,30.13,0.15,100.0,3,Starting,1500.0,1000.0
1792921980000000000,2026-10-25T09:53:00Z,controller 2,0.102,11.156,191.03,235.42,405.46,30.1,0.06,100.0,3,Starting,1474.27,974.61
1792922040000000000,2026-10-25T09:54:00Z,free response,0.14,11.164,78.48,447.86,163.79,30.08,0.12,100.0,1,Starting,1428.41,971.38
1792922100000000000,2026-10-25T09:55:00Z,controller 1,0.054,11.417,-13.36,128.2,20.12,30.07,0.02,100.0,3,Starting,1412.51,973.48
1792922160000000000,2026-10-25T09:56:00Z,controller 2,0.026,10.806,102.44,153.04,13.72,30.05,0.0,0.0,1,Starting,1366.96,949.47
1792922220000000000,2026-10-25T09:57:00Z,controller 2,0,11.225,46.69,346.83,74.22,30.03,0.0,0.0,1,Starting,1355.66,946.5
1792922280000000000,2026-10-25T09:58:00Z,controller 1,0.081,10.935,182.27,342.97,26.38,30.01,0.04,100.0,2,Starting,1370.0,948.78
1792922340000000000,2026-10-25T09:59:00Z,controller 1,0.166,11.099,73.25,289.86,114.79,29.99,0.15,100.0,1,Starting,1389.64,969.21
1792922400000000000,2026-10-25T10:00:00Z,controller 1,2.8,8.636,110.62,322.87,263.45,29.98,34.11,100.0,1,Starting,1356.43,943.4
1792922460000000000,2026-10-25T10:01:00Z,controller 1,2.854,9.031,49.69,208.86,315.93,29.97,37.19,100.0,1,Starting,1376.18,937.83
1792922520000000000,2026-10-25T10:02:00Z,controller 2,2.746,8.686,38.78,136.89,75.37,29.93,34.71,100.0,1,Starting,1420.93,966.59
1792922580000000000,2026-10-25T10:03:00Z,controller 2,2.814,8.737,193.66,179.59,295.92,29.91,32.66,100.0,2,On,1443.7,986.27
1792922640000000000,2026-10-25T10:04:00Z,free response,2.71,8.701,171.52,275.46,253.74,29.88,29.92,100.0,2,On,1489.8,977.72
1792922700000000000,2026-10-25T10:05:00Z,controller 2,2.684,8.985,195.62,140.11,442.26,29.86,31.95,100.0,3,On,1500.0,973.21
1792922760000000000,2026-10-25T10:06:00Z,free response,2.826,8.65,173.93,83.12,291.91,29.83,34.71,100.0,1,On,1500.0,1000.0
1792922820000000000,2026-10-25T10:07:00Z,controller 1,2.692,9.088,17.64,355.17,133.71,29.81,33.76,100.0,3,On,1475.41,1000.0
1792922880000000000,2026-10-25T10:08:00Z,controller 1,2.686,9.289,107.54,54.1,305.34,29.77,33.92,100.0,1,On,1437.95,972.36
1792922940000000000,2026-10-25T10:09:00Z,controller 1,2.76,8.596,119.8,207.59,210.37,29.75,31.2,100.0,2,On,1396.67,942.61
1792923000000000000,2026-10-25T10:10:00Z,free response,2.786,9.13,100.79,257.24,195.23,29.73,32.22,100.0,2,On,1382.32,966.97
1792923060000000000,2026-10-25T10:11:00Z,controller 2,2.725,9.088,121.56,3.14,522.28,29.7,31.19,100.0,3,On,1359.23,947.42
1792923120000000000,2026-10-25T10:12:00Z,controller 1,2.798,9.114,82.32,187.79,98.06,29.68,35.16,100.0,2,On,1319.13,928.4
1792923180000000000,2026-10-25T10:13:00Z,free response,2.812,8.711,-16.21,103.58,254.92,29.64,35.28,100.0,2,On,1305.93,958.36
1792923240000000000,2026-10-25T10:14:00Z,free response,2.764,8.822,47.37,101.5,233.88,29.61,35.05,100.0,2,On,1284.01,954.15
1792923300000000000,2026-10-25T10:15:00Z,free response,2.771,8.863,-27.59,185.87,156.11,29.6,35.41,100.0,1,On,1321.69,930.18
1792923360000000000,2026-10-25T10:16:00Z,controller 1,2.768,9.06,88.19,132.37,210.67,29.58,31.39,100.0,1,On,1276.42,929.25
1792923420000000000,2026-10-25T10:17:00Z,controller 1,2.712,9.296,-5.84,184.72,219.01,29.57,35.24,100.0,2,On,1310.98,916.28
1792923480000000000,2026-10-25T10:18:00Z,controller 1,2.787,9.127,45.28,252.45,369.67,29.56,33.22,100.0,2,On,1358.29,920.86
1792923540000000000,2026-10-25T10:19:00Z,controller 1,2.833,8.674,-23.05,393.93,70.78,29.53,32.4,100.0,2,On,1337.5,942.01
1792923600000000000,2026-10-25T10:20:00Z,controller 1,2.837,9.208,111.86,118.77,115.8,29.51,38.34,100.0,2,On,1365.76,956.23
1792923660000000000,2026-10-25T10:21:00Z,free response,2.745,9.053,98.39,342.54,499.3,29.49,31.94,100.0,2,On,1385.21,983.18
1792923720000000000,2026-10-25T10:22:00Z,controller 1,2.703,9.292,-24.77,283.56,499.88,29.48,31.73,100.0,2,On,1377.04,1000.0
1792923780000000000,2026-10-25T10:23:00Z,controller 2,2.837,9.132,181.77,32.42,468.33,29.46,36.24,100.0,2,On,1385.24,1000.0
1792923840000000000,2026-10-25T10:24:00Z,controller 2,2.765,8.661,-10.73,350.06,23.25,29.44,30.93,75.17,3,On,1407.09,1000.0
1792923900000000000,2026-10-25T10:25:00Z,controller 2,2.805,9.262,49.14,179.79,169.82,29.43,36.73,100.0,1,On,1394.51,1000.0
1792923960000000000,2026-10-25T10:26:00Z,controller 2,2.682,8.758,-0.02,322.84,349.03,29.42,30.49,100.0,2,On,1437.47,984.35
1792924020000000000,2026-10-25T10:27:00Z,free response,2.793,8.945,-7.0,311.74,460.33,29.38,32.22,100.0,1,On,1388.67,993.72
1792924080000000000,2026-10-25T10:28:00Z,controller 2,2.712,8.733,41.11,291.41,492.02,29.35,31.71,100.0,1,On,1426.09,979.53
1792924140000000000,2026-10-25T10:29:00Z,free response,2.855,8.856,198.34,423.12,219.67,29.32,39.31,100.0,1,On,1415.52,418.59
1792924200000000000,2026-10-25T10:30:00Z,controller 2,0.61,9.7,39.97,39.53,94.09,29.31,1.8,100.0,3,On,1406.67,433.94
1792924260000000000,2026-10-25T10:31:00Z,controller 2,0.456,9.728,47.14,438.32,99.15,29.29,0.95,100.0,3,On,1369.47,443.26
1792924320000000000,2026-10-25T10:32:00Z,controller 2,0.491,9.915,189.2,206.13,273.41,29.27,1.25,100.0,1,On,1333.1,435.31
1792924380000000000,2026-10-25T10:33:00Z,free response,0.499,9.453,19.69,9.49,106.93,29.24,1.25,100.0,3,On,1356.1,459.64
1792924440000000000,2026-10-25T10:34:00Z,free response,0.622,9.199,186.51,406.98,526.66,29.23,1.92,100.0,2,On,1310.79,442.21
1792924500000000000,2026-10-25T10:35:00Z,controller 2,0.473,9.194,19.96,208.09,472.0,29.2,1.0,100.0,2,On,1278.54,435.93
1792924560000000000,2026-10-25T10:36:00Z,free response,0.616,9.621,80.18,156.19,289.53,29.17,1.9,100.0,2,On,1283.61,447.53
1792924620000000000,2026-10-25T10:37:00Z,free response,0.487,9.221,128.22,41.34,478.34,29.14,1.0,100.0,3,On,1247.89,473.92
1792924680000000000,2026-10-25T10:38:00Z,controller 1,0.502,9.86,70.87,100.11,518.19,29.11,1.21,100.0,1,On,1209.97,470.88
1792924740000000000,2026-10-25T10:39:00Z,controller 2,0.531,9.608,159.8,191.18,359.0,29.11,1.44,100.0,2,On,1242.91,480.7
1792924800000000000,2026-10-25T10:40:00Z,controller 1,0.605,9.382,59.13,207.53,522.17,29.08,1.61,100.0,3,On,1278.0,493.97
1792924860000000000,2026-10-25T10:41:00Z,free response,0.545,9.613,103.29,302.84,515.64,29.06,1.47,100.0,2,On,1245.58,484.73
1792924920000000000,2026-10-25T10:42:00Z,free response,0.561,9.348,170.52,367.41,546.19,29.04,1.4,100.0,1,On,1290.49,493.66
1792924980000000000,2026-10-25T10:43:00Z,controller 2,0.492,9.372,187.74,163.65,61.16,29.03,1.18,100.0,3,On,1285.37,494.74
1792925040000000000,2026-10-25T10:44:00Z,free response,0.624,9.415,191.63,29.45,382.57,29.0,1.8,100.0,3,On,1283.18,506.15
1792925100000000000,2026-10-25T10:45:00Z,controller 2,0.59,9.801,112.22,38.07,345.67,29.0,1.75,100.0,1,On,1270.39,483.13
1792925160000000000,2026-10-25T10:46:00Z,controller 1,0.472,9.396,126.41,280.52,63.76,28.97,1.06,100.0,1,On,939.05,497.44
1792925220000000000,2026-10-25T10:47:00Z,controller 2,0.54,9.531,76.47,332.96,236.75,28.96,1.48,100.0,2,On,940.67,509.61
1792925280000000000,2026-10-25T10:48:00Z,free response,0.526,9.668,-10.9,136.05,194.02,28.93,1.36,100.0,3,On,944.37,530.52
1792925340000000000,2026-10-25T10:49:00Z,controller 2,0.561,9.957,198.52,252.36,159.89,28.92,1.66,100.0,2,On,993.36,537.24
1792925400000000000,2026-10-25T10:50:00Z,controller 2,0.559,9.522,131.65,178.56,317.25,28.9,1.51,100.0,2,On,955.1,566.68
1792925460000000000,2026-10-25T10:51:00Z,controller 2,0.619,9.739,32.9,211.18,177.57,28.87,1.92,100.0,3,On,968.07,586.8
1792925520000000000,2026-10-25T10:52:00Z,controller 1,0.47,9.967,70.03,404.13,310.66,28.84,1.0,100.0,2,On,1015.96,610.69
1792925580000000000,2026-10-25T10:53:00Z,controller 1,0.511,9.353,53.9,315.02,446.67,28.82,1.13,100.0,3,On,1039.63,621.07
1792925640000000000,2026-10-25T10:54:00Z,free response,0.49,9.816,124.97,273.97,476.52,28.78,1.23,100.0,2,On,1004.42,616.55
1792925700000000000,2026-10-25T10:55:00Z,controller 2,0.475,9.629,59.55,111.09,524.25,28.75,1.16,100.0,3,On,973.81,637.8
1792925760000000000,2026-10-25T10:56:00Z,controller 2,0.521,9.884,74.33,287.17,367.09,28.73,1.32,100.0,1,On,942.11,626.99
1792925820000000000,2026-10-25T10:57:00Z,controller 1,0.592,9.677,197.36,94.41,223.56,28.71,1.64,100.0,2,On,895.12,629.81
1792925880000000000,2026-10-25T10:58:00Z,free response,0.559,9.236,55.29,392.36,344.99,28.69,1.52,100.0,2,On,859.13,652.58
1792925940000000000,2026-10-25T10:59:00Z,controller 2,0.496,9.949,39.43,436.8,87.96,28.66,1.18,100.0,3,On,817.49,636.11
1792926000000000000,2026-10-25T11:00:00Z,free response,0.5,1.614,20.48,269.76,464.81,28.63,0.2,100.0,1,On,833.48,608.65
1792926060000000000,2026-10-25T11:01:00Z,controller 1,0.425,2.14,14.42,36.43,541.35,28.62,0.18,100.0,3,On,943.68,855.39
1792926120000000000,2026-10-25T11:02:00Z,controller 1,0.495,2.184,-16.61,311.68,47.65,28.6,0.28,100.0,3,On,903.52,825.75
1792926180000000000,2026-10-25T11:03:00Z,controller 2,0.427,1.602,-16.97,57.7,432.8,28.59,0.14,100.0,1,On,887.8,835.43
1792926240000000000,2026-10-25T11:04:00Z,controller 1,0.406,1.626,136.17,184.4,499.69,28.57,0.12,100.0,1,On,902.54,820.52
1792926300000000000,2026-10-25T11:05:00Z,controller 2,0.524,1.682,114.22,13.15,449.46,28.56,0.25,100.0,2,On,939.96,839.41
1792926360000000000,2026-10-25T11:06:00Z,controller 2,0.416,2.229,125.32,283.93,307.87,28.54,0.19,100.0,3,On,915.96,809.97
1792926420000000000,2026-10-25T11:07:00Z,controller 2,0.515,1.598,96.96,444.17,540.73,28.52,0.19,100.0,2,On,950.1,837.35
1792926480000000000,2026-10-25T11:08:00Z,controller 1,0.557,2.069,89.08,78.73,12.78,28.48,0.32,100.0,2,Off,963.27,826.56
1792926540000000000,2026-10-25T11:09:00Z,controller 2,0.531,2.131,33.67,125.2,247.51,28.47,0.33,100.0,1,Off,923.44,842.87
1792926600000000000,2026-10-25T11:10:00Z,free response,0.563,2.032,193.05,41.32,597.34,28.54,0.29,100.0,2,Off,935.92,842.22
1792926660000000000,2026-10-25T11:11:00Z,controller 1,0.433,1.664,-17.44,195.09,93.24,28.62,0.16,100.0,2,Off,948.0,865.73
1792926720000000000,2026-10-25T11:12:00Z,controller 2,0.432,1.987,97.65,197.99,596.42,28.67,0.18,100.0,2,Off,945.48,837.73
1792926780000000000,2026-10-25T11:13:00Z,controller 2,0.415,1.503,-29.12,149.87,32.57,28.76,0.12,100.0,1,Off,914.3,811.59
1792926840000000000,2026-10-25T11:14:00Z,free response,0.564,2.139,167.34,0.96,588.67,28.83,0.36,100.0,2,Off,891.48,835.91
1792926900000000000,2026-10-25T11:15:00Z,controller 2,0.579,1.589,-22.04,104.94,287.57,28.9,0.27,100.0,2,Off,885.38,854.05
1792926960000000000,2026-10-25T11:16:00Z,free response,0.509,1.464,41.84,229.21,157.92,28.98,0.2,100.0,2,Off,842.24,879.85
1792927020000000000,2026-10-25T11:17:00Z,controller 2,0.431,1.788,163.97,301.28,4.07,29.03,0.17,100.0,2,Off,871.09,868.4
1792927080000000000,2026-10-25T11:18:00Z,controller 2,0.537,2.029,180.86,249.99,329.18,29.11,0.29,100.0,2,Off,865.28,871.63
1792927140000000000,2026-10-25T11:19:00Z,controller 1,0.528,1.476,161.2,321.34,545.15,29.2,0.21,100.0,3,Off,903.11,876.62
1792927200000000000,2026-10-25T11:20:00Z,controller 2,0.579,2.046,168.27,323.57,388.77,29.25,0.32,100.0,3,Off,939.29,884.64
1792927260000000000,2026-10-25T11:21:00Z,free response,0.415,2.006,12.75,98.67,467.35,29.29,0.16,100.0,2,Off,920.66,911.8
1792927320000000000,2026-10-25T11:22:00Z,controller 1,0.468,1.63,51.57,397.75,53.29,29.32,0.17,100.0,2,Off,922.21,920.07
1792927380000000000,2026-10-25T11:23:00Z,controller 1,0.472,1.488,159.76,349.59,583.36,29.35,0.15,100.0,1,Off,926.86,894.91
1792927440000000000,2026-10-25T11:24:00Z,free response,0.546,1.653,95.57,66.16,361.48,29.38,0.24,100.0,3,Off,947.47,868.86
1792927500000000000,2026-10-25T11:25:00Z,free response,0.428,2.024,-29.84,351.89,478.75,29.47,0.2,100.0,1,Off,903.53,869.37
1792927560000000000,2026-10-25T11:26:00Z,controller 1,0.58,1.558,108.61,106.04,254.39,29.54,0.28,100.0,1,Off,941.36,898.76
1792927620000000000,2026-10-25T11:27:00Z,controller 1,0.468,1.533,43.43,442.63,567.68,29.57,0.15,100.0,1,Off,976.64,870.73
1792927680000000000,2026-10-25T11:28:00Z,controller 2,0.552,2.11,114.56,265.44,159.44,29.64,0.34,100.0,2,Off,990.94,845.62
1792927740000000000,2026-10-25T11:29:00Z,free response,0.452,2.018,174.29,404.76,578.11,29.71,0.21,100.0,3,Off,1036.75,870.54
1792927800000000000,2026-10-25T11:30:00Z,controller 2,2.424,11.632,107.09,426.7,46.92,29.8,33.64,100.0,2,Off,1056.09,842.77
1792927860000000000,2026-10-25T11:31:00Z,controller 1,2.385,11.497,153.19,389.21,12.25,29.87,31.16,39.31,3,Off,1099.36,841.14
1792927920000000000,2026-10-25T11:32:00Z,controller 2,2.388,10.993,107.0,120.18,591.87,29.92,30.86,100.0,2,Off,1144.87,837.91
1792927980000000000,2026-10-25T11:33:00Z,free response,2.464,11.615,53.57,134.71,395.68,30.0,37.9,100.0,2,Off,1192.35,866.98
1792928040000000000,2026-10-25T11:34:00Z,controller 1,2.491,11.062,161.2,182.4,108.85,30.08,34.99,100.0,3,Off,1142.9,886.29
1792928100000000000,2026-10-25T11:35:00Z,controller 1,2.45,11.71,153.48,80.09,20.11,30.12,32.18,62.49,2,Off,1275.87,445.25
1792928160000000000,2026-10-25T11:36:00Z,free response,2.391,11.231,141.68,361.47,256.38,30.16,34.11,100.0,1,Off,1241.59,473.14
1792928220000000000,2026-10-25T11:37:00Z,controller 2,2.376,11.574,-27.56,404.79,79.08,30.23,29.54,100.0,1,Off,1278.95,446.86
1792928280000000000,2026-10-25T11:38:00Z,controller 2,2.316,10.989,146.36,411.23,190.53,30.3,27.04,100.0,3,Off,1306.69,420.46
1792928340000000000,2026-10-25T11:39:00Z,controller 1,2.458,11.083,-13.94,6.33,551.85,30.38,35.69,100.0,1,Off,1279.16,432.96
1792928400000000000,2026-10-25T11:40:00Z,controller 2,2.466,11.519,177.09,386.26,473.57,30.43,35.87,100.0,1,Off,1312.25,432.44
1792928460000000000,2026-10-25T11:41:00Z,free response,2.357,11.148,-29.96,361.51,565.84,30.5,28.43,100.0,2,Off,1270.43,438.5
1792928520000000000,2026-10-25T11:42:00Z,free response,2.463,11.332,195.09,356.41,439.72,30.53,32.83,100.0,2,Off,1227.45,423.77
1792928580000000000,2026-10-25T11:43:00Z,controller 1,2.444,11.003,65.66,303.2,410.25,30.58,35.82,100.0,3,Off,1181.63,403.49
1792928640000000000,2026-10-25T11:44:00Z,controller 2,2.404,11.525,-23.1,174.47,100.57,30.62,36.47,100.0,1,Off,1144.39,395.84
1792928700000000000,2026-10-25T11:45:00Z,controller 2,2.48,11.199,38.86,268.82,576.43,30.68,36.94,100.0,2,Off,1111.92,413.23
1792928760000000000,2026-10-25T11:46:00Z,controller 1,2.444,11.041,5.71,307.32,593.1,30.72,30.13,100.0,1,Off,1131.58,420.11
1792928820000000000,2026-10-25T11:47:00Z,free response,2.334,11.336,159.04,375.85,272.78,30.76,29.22,100.0,1,Off,1156.3,448.76
1792928880000000000,2026-10-25T11:48:00Z,free response,2.398,11.351,143.64,173.54,370.7,30.82,31.43,100.0,3,Off,1111.0,447.32
1792928940000000000,2026-10-25T11:49:00Z,controller 2,2.343,10.976,-19.29,428.34,512.25,30.86,31.81,100.0,2,Off,1084.27,465.92
1792929000000000000,2026-10-25T11:50:00Z,controller 1,2.426,11.412,31.07,181.72,255.36,30.93,34.5,100.0,1,Off,1130.5,487.33
1792929060000000000,2026-10-25T11:51:00Z,controller 2,2.39,11.384,10.24,128.09,179.57,30.98,32.47,100.0,2,Off,1096.32,470.39
1792929120000000000,2026-10-25T11:52:00Z,free response,2.477,11.2,19.43,222.89,510.02,31.04,33.56,100.0,3,Off,1065.13,447.72
1792929180000000000,2026-10-25T11:53:00Z,controller 2,2.34,10.967,165.25,314.01,590.6,31.13,27.41,100.0,2,Off,1043.74,465.43
1792929240000000000,2026-10-25T11:54:00Z,controller 2,2.389,11.145,102.81,54.48,435.13,31.15,30.12,100.0,1,Off,1073.87,482.06
1792929300000000000,2026-10-25T11:55:00Z,controller 2,2.491,11.423,191.81,212.44,192.67,31.21,32.3,100.0,1,Off,1109.75,468.49
1792929360000000000,2026-10-25T11:56:00Z,free response,2.37,11.508,98.11,351.13,435.28,31.25,32.67,100.0,1,Off,1101.17,484.49
1792929420000000000,2026-10-25T11:57:00Z,free response,2.428,11.293,149.37,146.05,484.34,31.3,30.61,100.0,1,Off,1084.58,508.6
1792929480000000000,2026-10-25T11:58:00Z,free response,2.489,11.032,167.54,327.71,109.48,31.35,35.0,100.0,1,Off,1035.95,485.94
1792929540000000000,2026-10-25T11:59:00Z,controller 2,2.415,11.065,79.31,20.8,8.14,31.42,30.7,26.51,2,Off,1081.39,506.48
1792929600000000000,2026-10-25T12:00:00Z,controller 2,0.573,11.532,67.33,313.1,388.11,31.48,1.77,100.0,2,Off,1080.33,479.74
1792929660000000000,2026-10-25T12:01:00Z,free response,0.523,11.428,-0.43,109.98,346.81,31.56,1.6,100.0,1,Off,1075.42,494.94
1792929720000000000,2026-10-25T12:02:00Z,controller 1,0.474,11.472,48.66,310.76,13.59,31.61,1.41,100.0,3,Off,1123.53,496.81
1792929780000000000,2026-10-25T12:03:00Z,free response,0.635,11.577,-10.11,224.21,421.14,31.66,2.4,100.0,2,Off,1171.42,496.13
1792929840000000000,2026-10-25T12:04:00Z,free response,0.627,11.456,157.81,160.06,541.28,31.72,2.15,100.0,2,Off,1191.61,516.1
1792929900000000000,2026-10-25T12:05:00Z,controller 1,0.521,11.873,51.98,89.4,116.91,31.79,1.64,100.0,1,Off,1236.68,519.6
1792929960000000000,2026-10-25T12:06:00Z,controller 1,0.601,11.436,4.0,409.02,131.89,31.83,2.23,100.0,2,Off,1230.35,502.87
1792930020000000000,2026-10-25T12:07:00Z,controller 2,0.542,11.787,43.05,390.79,245.33,31.91,1.73,100.0,2,Off,1209.41,510.14
1792930080000000000,2026-10-25T12:08:00Z,free response,0.459,11.592,62.55,282.15,530.53,31.96,1.15,100.0,3,Off,1177.95,487.39
1792930140000000000,2026-10-25T12:09:00Z,free response,0.552,12.037,90.29,247.89,165.74,32.04,1.78,100.0,1,Off,1134.79,517.08
1792930200000000000,2026-10-25T12:10:00Z,free response,0.505,11.906,172.56,374.51,166.97,32.11,1.59,100.0,1,Off,830.35,995.67
1792930260000000000,2026-10-25T12:11:00Z,controller 1,0.625,11.898,198.43,204.48,513.49,32.14,2.48,100.0,2,Off,851.14,969.85
1792930320000000000,2026-10-25T12:12:00Z,controller 1,0.561,11.558,-25.56,289.04,133.22,32.17,1.77,100.0,1,Off,804.7,985.09
1792930380000000000,2026-10-25T12:13:00Z,controller 1,0.608,11.4,-27.02,191.69,536.53,32.23,2.19,100.0,2,Off,854.01,989.02
1792930440000000000,2026-10-25T12:14:00Z,controller 1,0.607,11.382,107.69,244.9,249.77,32.26,2.21,100.0,2,Off,878.05,1000.0
1792930500000000000,2026-10-25T12:15:00Z,controller 2,0.488,11.706,167.09,310.88,538.81,32.29,1.28,100.0,3,Off,856.56,1000.0
1792930560000000000,2026-10-25T12:16:00Z,controller 1,0.501,11.392,168.77,429.83,314.09,32.32,1.35,100.0,3,Off,897.11,992.9
1792930620000000000,2026-10-25T12:17:00Z,controller 1,0.542,11.681,114.37,299.65,139.05,32.4,1.82,100.0,3,Off,871.57,981.53
1792930680000000000,2026-10-25T12:18:00Z,controller 2,0.478,11.573,117.28,194.75,365.11,32.48,1.41,100.0,1,Off,824.54,960.36
1792930740000000000,2026-10-25T12:19:00Z,controller 2,0.575,11.932,34.91,449.21,455.95,32.51,2.1,100.0,2,Off,814.05,978.0
1792930800000000000,2026-10-25T12:20:00Z,free response,0.475,11.736,-9.37,238.83,183.4,32.57,1.21,100.0,3,Off,826.22,988.8
1792930860000000000,2026-10-25T12:21:00Z,controller 2,0.581,11.468,31.04,213.58,587.12,32.64,1.8,100.0,1,Off,862.71,991.0
1792930920000000000,2026-10-25T12:22:00Z,controller 2,0.48,11.511,147.22,285.16,85.37,32.7,1.4,100.0,3,Off,838.95,1000.0
1792930980000000000,2026-10-25T12:23:00Z,controller 2,0.492,11.383,77.9,432.33,245.34,32.79,1.37,100.0,3,Off,863.0,979.45
1792931040000000000,2026-10-25T12:24:00Z,free response,0.611,11.724,192.9,365.58,551.68,32.82,2.3,100.0,2,Off,834.62,984.98
1792931100000000000,2026-10-25T12:25:00Z,controller 1,0.604,11.436,13.02,339.84,245.23,32.88,2.28,100.0,3,Off,857.87,961.69
1792931160000000000,2026-10-25T12:26:00Z,controller 1,0.537,11.863,112.55,297.07,359.12,32.97,1.67,100.0,3,Off,859.0,981.35
1792931220000000000,2026-10-25T12:27:00Z,free response,0.62,12.102,17.5,307.39,409.49,33.03,2.28,100.0,2,Off,836.68,1000.0
1792931280000000000,2026-10-25T12:28:00Z,free response,0.505,11.588,84.9,160.08,65.47,33.09,1.44,100.0,1,Off,796.26,1000.0
1792931340000000000,2026-10-25T12:29:00Z,controller 2,0.516,11.924,180.37,344.45,500.6,33.17,1.66,100.0,1,Off,820.82,976.25
1792931400000000000,2026-10-25T12:30:00Z,controller 1,0.508,3.651,22.14,125.87,504.92,33.23,0.48,100.0,1,Off,797.65,946.74
1792931460000000000,2026-10-25T12:31:00Z,free response,0.486,4.342,182.84,411.66,340.53,33.31,0.49,100.0,3,Starting,803.41,973.96
1792931520000000000,2026-10-25T12:32:00Z,controller 2,0.372,3.952,171.65,245.15,478.21,33.35,0.25,100.0,2,Starting,825.5,974.23
1792931580000000000,2026-10-25T12:33:00Z,free response,0.497,3.903,151.62,201.39,319.57,33.41,0.46,100.0,1,Starting,842.41,956.26
1792931640000000000,2026-10-25T12:34:00Z,controller 2,0.403,4.016,79.05,386.16,410.06,33.46,0.3,100.0,1,Starting,815.83,951.04
1792931700000000000,2026-10-25T12:35:00Z,controller 2,0.374,3.811,166.11,337.1,316.97,33.54,0.29,100.0,3,Starting,767.07,927.24
1792931760000000000,2026-10-25T12:36:00Z,free response,0.448,3.92,124.77,344.39,159.41,33.63,0.38,100.0,3,Starting,747.48,935.34
1792931820000000000,2026-10-25T12:37:00Z,free response,0.398,4.287,97.99,44.5,540.07,33.66,0.36,100.0,2,Starting,779.95,952.44
1792931880000000000,2026-10-25T12:38:00Z,controller 1,0.468,4.186,89.52,322.43,360.97,33.7,0.5,100.0,3,Starting,812.86,957.19
1792931940000000000,2026-10-25T12:39:00Z,controller 1,0.475,4.149,191.75,219.65,453.6,33.75,0.51,100.0,2,Starting,791.49,978.22
1792932000000000000,2026-10-25T12:40:00Z,controller 1,0.398,3.892,-10.38,112.6,291.05,33.79,0.29,100.0,3,Starting,798.34,995.58
1792932060000000000,2026-10-25T12:41:00Z,controller 2,0.527,3.936,-23.79,28.33,460.98,33.84,0.52,100.0,1,Starting,785.22,992.71
1792932120000000000,2026-10-25T12:42:00Z,free response,0.46,4.264,30.15,377.72,184.04,33.89,0.43,100.0,2,Starting,818.65,990.15
1792932180000000000,2026-10-25T12:43:00Z,controller 2,0.46,4.092,89.87,390.77,227.08,33.96,0.4,100.0,2,Starting,824.43,998.93
1792932240000000000,2026-10-25T12:44:00Z,controller 1,0.481,3.894,69.33,277.67,150.19,34.02,0.45,100.0,2,Starting,1090.53,943.02
1792932300000000000,2026-10-25T12:45:00Z,controller 1,0.376,3.601,20.1,67.94,525.78,34.11,0.25,100.0,1,Starting,1115.19,939.68
1792932360000000000,2026-10-25T12:46:00Z,free response,0.492,3.669,143.84,24.63,479.17,34.15,0.45,100.0,3,Starting,1141.79,929.03
1792932420000000000,2026-10-25T12:47:00Z,controller 2,0.528,3.671,21.86,276.59,433.58,34.19,0.56,100.0,2,Starting,1145.18,915.64
1792932480000000000,2026-10-25T12:48:00Z,controller 1,0.372,3.673,78.42,129.47,577.92,34.26,0.27,100.0,2,Starting,1148.65,921.71
1792932540000000000,2026-10-25T12:49:00Z,controller 2,0.477,4.111,112.14,200.99,213.69,34.34,0.51,100.0,3,Starting,1115.36,946.58
1792932600000000000,2026-10-25T12:50:00Z,free response,0.396,3.914,135.78,197.55,484.29,34.37,0.32,100.0,2,Starting,1126.55,973.51
1792932660000000000,2026-10-25T12:51:00Z,free response,0.506,4.346,72.56,332.0,51.76,34.43,0.53,100.0,2,Starting,1078.66,987.96
1792932720000000000,2026-10-25T12:52:00Z,free response,0.391,3.737,59.91,262.39,170.54,34.47,0.31,100.0,1,Starting,1094.56,1000.0
1792932780000000000,2026-10-25T12:53:00Z,controller 2,0.374,4.184,-24.06,277.72,402.71,34.5,0.3,100.0,1,Starting,1108.08,987.82
1792932840000000000,2026-10-25T12:54:00Z,free response,0.398,3.633,23.69,394.19,120.9,34.59,0.27,100.0,1,Starting,1138.21,986.13
1792932900000000000,2026-10-25T12:55:00Z,controller 2,0.473,3.778,120.97,79.92,136.7,34.63,0.4,100.0,2,Starting,1092.93,1000.0
1792932960000000000,2026-10-25T12:56:00Z,free response,0.403,3.647,-19.08,323.67,63.99,34.72,0.28,100.0,2,Starting,1053.64,1000.0
1792933020000000000,2026-10-25T12:57:00Z,controller 2,0.492,4.154,58.36,43.1,34.8,34.78,0.46,100.0,3,Starting,1086.73,998.66
1792933080000000000,2026-10-25T12:58:00Z,controller 2,0.453,3.927,116.23,220.51,514.36,34.84,0.41,100.0,2,Starting,1056.65,1000.0
1792933140000000000,2026-10-25T12:59:00Z,controller 1,0.419,4.204,125.16,24.32,359.52,34.91,0.35,100.0,3,Starting,1066.72,982.94
1792933200000000000,2026-10-25T13:00:00Z,controller 1,2.8,8.984,28.23,155.6,171.16,34.99,32.19,100.0,1,Starting,1054.71,978.81
1792933260000000000,2026-10-25T13:01:00Z,controller 1,2.893,8.512,139.44,101.7,172.55,35.06,38.59,100.0,3,Starting,1017.27,985.28
1792933320000000000,2026-10-25T13:02:00Z,controller 1,2.739,8.842,-17.25,121.68,165.34,35.1,35.52,100.0,2,Starting,1028.83,973.92
1792933380000000000,2026-10-25T13:03:00Z,free response,2.748,8.661,1.26,438.69,582.66,35.16,34.27,100.0,2,Starting,1062.83,948.32
1792933440000000000,2026-10-25T13:04:00Z,controller 1,2.892,8.706,134.8,413.37,597.49,35.19,35.35,100.0,2,Starting,1107.67,953.42
1792933500000000000,2026-10-25T13:05:00Z,controller 2,2.853,8.722,140.9,154.67,471.07,35.24,32.64,100.0,2,Starting,1106.74,931.47
1792933560000000000,2026-10-25T13:06:00Z,controller 2,2.87,8.69,182.04,385.24,31.12,35.29,32.25,96.5,1,Starting,1119.01,939.12
1792933620000000000,2026-10-25T13:07:00Z,free response,2.788,8.92,34.02,46.33,212.07,35.37,37.23,100.0,1,Starting,1160.71,943.92
1792933680000000000,2026-10-25T13:08:00Z,controller 1,2.867,9.108,62.31,333.76,425.41,35.41,35.07,100.0,1,Starting,1126.6,938.7
1792933740000000000,2026-10-25T13:09:00Z,controller 2,2.815,8.449,184.58,163.27,462.42,35.45,35.64,100.0,1,Starting,1099.52,948.76
1792933800000000000,2026-10-25T13:10:00Z,free response,2.759,9.146,50.89,315.01,418.65,35.53,35.4,100.0,3,Starting,1062.15,920.32
1792933860000000000,2026-10-25T13:11:00Z,controller 1,2.79,8.402,-0.97,177.45,543.07,35.59,35.63,100.0,1,Starting,1111.16,904.57
1792933920000000000,2026-10-25T13:12:00Z,controller 1,2.861,8.633,10.47,195.96,378.94,35.68,36.07,100.0,2,Starting,1071.53,892.66
1792933980000000000,2026-10-25T13:13:00Z,controller 2,2.871,8.504,115.1,380.23,249.13,35.74,36.52,100.0,1,Starting,1025.27,881.33
1792934040000000000,2026-10-25T13:14:00Z,controller 1,2.751,8.85,12.74,170.05,340.64,35.76,35.46,100.0,2,Starting,1020.42,908.16
1792934100000000000,2026-10-25T13:15:00Z,controller 1,2.757,8.57,58.24,277.0,550.34,35.8,31.93,100.0,1,Starting,1004.1,895.46
1792934160000000000,2026-10-25T13:16:00Z,controller 1,2.853,8.88,156.1,159.27,60.77,35.85,34.12,100.0,1,Starting,1032.67,900.56
1792934220000000000,2026-10-25T13:17:00Z,free response,2.856,8.73,-23.16,37.54,319.5,35.93,34.62,100.0,3,Starting,1067.82,902.85
1792934280000000000,2026-10-25T13:18:00Z,controller 1,2.867,8.821,109.82,253.67,184.51,35.98,35.85,100.0,2,Starting,1081.61,881.47
1792934340000000000,2026-10-25T13:19:00Z,controller 1,2.736,8.609,32.57,317.82,362.58,36.04,30.6,100.0,1,Starting,1067.0,860.12
1792934400000000000,2026-10-25T13:20:00Z,free response,2.815,8.87,141.64,118.42,130.65,36.1,34.02,100.0,2,Starting,1095.81,832.85
1792934460000000000,2026-10-25T13:21:00Z,controller 2,2.833,8.734,125.74,404.62,31.55,36.16,36.43,86.6,2,Starting,1081.62,822.23
1792934520000000000,2026-10-25T13:22:00Z,controller 2,2.802,8.988,42.54,62.02,182.43,36.24,33.48,100.0,3,Starting,1035.65,802.52
1792934580000000000,2026-10-25T13:23:00Z,free response,2.808,8.506,83.77,19.23,323.05,36.28,35.26,100.0,3,Starting,1001.03,788.69
1792934640000000000,2026-10-25T13:24:00Z,free response,2.727,8.781,85.89,134.67,554.15,36.34,31.55,100.0,2,Starting,1035.35,816.06
1792934700000000000,2026-10-25T13:25:00Z,controller 1,2.868,8.758,-29.01,355.29,599.21,36.43,34.6,100.0,1,Starting,1077.89,813.86
1792934760000000000,2026-10-25T13:26:00Z,controller 2,2.796,9.159,161.11,156.73,61.0,36.46,32.61,100.0,3,Starting,1081.21,822.02
1792934820000000000,2026-10-25T13:27:00Z,controller 1,2.764,8.749,170.41,342.01,25.06,36.49,31.77,78.88,1,Starting,1320.82,554.12
1792934880000000000,2026-10-25T13:28:00Z,controller 1,2.807,8.668,84.83,159.75,342.34,36.55,32.18,100.0,1,Starting,1290.96,579.37
1792934940000000000,2026-10-25T13:29:00Z,controller 1,2.766,8.68,-11.65,9.48,12.76,36.63,32.1,39.75,3,Starting,1248.42,590.11
1792935000000000000,2026-10-25T13:30:00Z,controller 1,1.955,11.68,155.2,362.54,563.42,36.67,22.64,100.0,3,Starting,1280.05,580.56
1792935060000000000,2026-10-25T13:31:00Z,controller 1,1.915,12.025,76.21,133.61,597.27,36.7,22.69,100.0,3,Starting,1323.11,551.34
1792935120000000000,2026-10-25T13:32:00Z,controller 2,1.944,11.632,180.69,80.63,57.19,36.78,23.99,100.0,1,Starting,1363.11,544.63
1792935180000000000,2026-10-25T13:33:00Z,free response,1.899,12.017,126.18,326.29,398.82,36.81,21.4,100.0,2,Starting,1398.82,554.09
1792935240000000000,2026-10-25T13:34:00Z,free response,1.986,11.487,76.62,75.11,382.22,36.85,20.42,100.0,2,Starting,1430.0,527.9
1792935300000000000,2026-10-25T13:35:00Z,controller 1,1.907,11.614,122.78,439.43,494.48,36.94,21.77,100.0,2,Starting,956.01,839.4
1792935360000000000,2026-10-25T13:36:00Z,controller 1,2.049,12.095,-10.31,160.62,378.64,36.98,25.96,100.0,2,Starting,924.88,816.33
1792935420000000000,2026-10-25T13:37:00Z,controller 2,1.916,11.897,41.56,39.38,428.94,37.05,23.09,100.0,1,Starting,945.17,839.85
1792935480000000000,2026-10-25T13:38:00Z,controller 1,1.911,11.826,60.2,47.87,457.76,37.1,22.93,100.0,1,Starting,955.42,847.76
1792935540000000000,2026-10-25T13:39:00Z,controller 2,2.052,11.926,63.81,282.21,530.35,37.15,24.0,100.0,1,Starting,942.46,833.64
1792935600000000000,2026-10-25T13:40:00Z,free response,1.998,11.83,106.46,120.15,199.67,37.23,24.1,100.0,1,Starting,916.51,857.39
1792935660000000000,2026-10-25T13:41:00Z,controller 2,1.955,12.172,119.44,135.93,352.6,37.27,23.77,100.0,1,Starting,912.04,863.02
1792935720000000000,2026-10-25T13:42:00Z,controller 2,2.037,11.532,65.77,368.04,302.0,37.32,25.23,100.0,2,Starting,878.7,851.02
1792935780000000000,2026-10-25T13:43:00Z,controller 1,1.976,11.773,141.07,333.38,593.39,37.36,22.16,100.0,1,Starting,831.15,855.22
1792935840000000000,2026-10-25T13:44:00Z,free response,1.937,12.006,126.37,64.53,465.07,37.44,23.88,100.0,2,Starting,786.64,882.73
1792935900000000000,2026-10-25T13:45:00Z,controller 2,2.037,11.691,159.93,402.1,55.39,37.52,23.28,100.0,3,Starting,1050.35,825.14
1792935960000000000,2026-10-25T13:46:00Z,controller 1,1.949,11.791,96.75,304.7,116.16,37.56,20.36,100.0,2,Starting,1030.35,835.79
1792936020000000000,2026-10-25T13:47:00Z,controller 2,1.937,11.88,46.93,214.17,294.28,37.63,24.34,100.0,2,Starting,1046.68,844.5
1792936080000000000,2026-10-25T13:48:00Z,free response,1.955,11.784,88.08,117.22,385.23,37.7,24.69,100.0,3,Starting,1087.32,833.61
1792936140000000000,2026-10-25T13:49:00Z,controller 1,2.064,11.755,75.55,419.02,71.01,37.74,26.19,100.0,2,Starting,1129.66,858.82
1792936200000000000,2026-10-25T13:50:00Z,controller 1,2.015,11.497,-24.26,343.59,125.97,37.78,24.55,100.0,2,Starting,1155.63,829.5
1792936260000000000,2026-10-25T13:51:00Z,free response,2.022,12.052,40.5,29.58,251.4,37.85,22.95,100.0,1,Starting,1135.47,827.97
1792936320000000000,2026-10-25T13:52:00Z,controller 1,1.946,11.638,183.63,257.16,141.78,37.91,22.8,100.0,2,Starting,1105.72,820.34
1792936380000000000,2026-10-25T13:53:00Z,controller 2,1.901,11.464,24.07,338.43,488.07,37.95,20.04,100.0,1,Starting,1101.06,832.29
1792936440000000000,2026-10-25T13:54:00Z,controller 2,2.022,11.498,144.46,269.94,516.49,38.01,23.89,100.0,3,Starting,1138.68,836.55
1792936500000000000,2026-10-25T13:55:00Z,controller 1,1.954,11.873,123.44,427.54,99.8,38.07,24.43,100.0,3,Starting,1186.51,855.71
1792936560000000000,2026-10-25T13:56:00Z,controller 2,1.966,11.795,156.23,343.97,343.95,38.14,24.81,100.0,3,Starting,1192.59,838.21
1792936620000000000,2026-10-25T13:57:00Z,controller 1,1.891,12.096,143.49,89.52,248.02,38.19,21.7,100.0,1,Starting,1241.7,832.32
1792936680000000000,2026-10-25T13:58:00Z,controller 2,1.91,12.121,-10.25,10.46,597.74,38.24,22.11,100.0,1,Starting,1281.55,861.28
1792936740000000000,2026-10-25T13:59:00Z,controller 1,1.958,11.467,30.91,37.49,551.86,38.32,20.39,100.0,3,Starting,1299.6,856.8
1792936800000000000,2026-10-25T14:00:00Z,controller 2,0.87,4.558,115.7,67.2,362.87,38.36,1.77,100.0,3,Starting,1282.25,856.83
1792936860000000000,2026-10-25T14:01:00Z,controller 1,0.856,4.509,137.42,209.19,325.95,38.39,1.77,100.0,2,Starting,1284.39,841.93
1792936920000000000,2026-10-25T14:02:00Z,controller 2,0.903,4.924,25.28,341.96,495.05,38.42,1.98,100.0,1,Starting,1279.48,842.43
1792936980000000000,2026-10-25T14:03:00Z,controller 2,0.955,4.386,128.21,87.02,191.22,38.48,1.86,100.0,3,Starting,1484.63,946.22
1792937040000000000,2026-10-25T14:04:00Z,controller 1,0.921,4.817,76.83,232.28,513.37,38.56,2.05,100.0,3,Starting,1500.0,962.94
1792937100000000000,2026-10-25T14:05:00Z,controller 1,0.903,4.785,145.01,307.23,177.53,38.59,2.1,100.0,1,Starting,1500.0,979.76
1792937160000000000,2026-10-25T14:06:00Z,free response,1.005,4.392,94.13,248.56,113.66,38.64,2.2,100.0,2,Starting,1461.25,983.29
1792937220000000000,2026-10-25T14:07:00Z,controller 2,0.972,4.73,116.92,219.0,164.18,38.73,2.02,100.0,2,Starting,1464.05,979.66
1792937280000000000,2026-10-25T14:08:00Z,controller 1,0.89,4.503,74.92,40.74,1.15,38.79,1.61,71.43,1,Starting,1432.5,1000.0
1792937340000000000,2026-10-25T14:09:00Z,free response,1.003,4.33,-29.66,227.11,500.39,38.84,2.38,100.0,3,Starting,1425.98,996.51
1792937400000000000,2026-10-25T14:10:00Z,controller 2,0.878,4.919,177.45,116.05,105.51,38.88,1.95,100.0,2,Starting,1378.95,1000.0
1792937460000000000,2026-10-25T14:11:00Z,free response,0.889,4.44,88.47,104.6,465.76,38.92,1.87,100.0,3,Starting,1369.04,970.56
1792937520000000000,2026-10-25T14:12:00Z,free response,0.941,4.795,63.55,214.86,221.64,39.0,1.96,100.0,3,Starting,541.54,477.76
1792937580000000000,2026-10-25T14:13:00Z,controller 1,0.968,4.924,183.56,406.65,278.8,39.08,2.42,100.0,3,Starting,550.06,492.08
1792937640000000000,2026-10-25T14:14:00Z,free response,0.963,4.773,63.61,244.5,161.52,39.13,2.2,100.0,2,Starting,529.19,485.24
1792937700000000000,2026-10-25T14:15:00Z,controller 1,0.956,4.387,35.39,447.37,223.23,39.21,2.09,100.0,3,Starting,482.88,488.79
1792937760000000000,2026-10-25T14:16:00Z,controller 1,1.012,4.853,67.3,72.71,129.22,39.24,2.6,100.0,1,Starting,480.09,475.45
1792937820000000000,2026-10-25T14:17:00Z,controller 1,0.976,4.746,3.04,125.11,276.78,39.32,2.29,100.0,1,Starting,440.24,474.44
1792937880000000000,2026-10-25T14:18:00Z,free response,0.96,4.729,135.58,150.76,540.92,39.4,2.34,100.0,2,Starting,391.86,447.05
1792937940000000000,2026-10-25T14:19:00Z,controller 1,0.933,4.487,31.29,116.25,333.4,39.45,2.0,100.0,1,Starting,387.95,445.57
1792938000000000000,2026-10-25T14:20:00Z,free response,0.944,4.394,156.52,298.74,7.02,39.48,1.81,100.0,1,Starting,391.58,456.69
1792938060000000000,2026-10-25T14:21:00Z,controller 1,1.002,4.264,24.16,39.63,121.27,39.53,2.12,100.0,3,Starting,395.82,477.12
1792938120000000000,2026-10-25T14:22:00Z,controller 1,0.908,4.616,84.81,19.54,519.6,39.58,1.85,100.0,2,Starting,435.68,461.75
1792938180000000000,2026-10-25T14:23:00Z,controller 2,0.953,4.219,168.94,388.74,519.99,39.63,1.97,100.0,2,Starting,459.46,478.56
1792938240000000000,2026-10-25T14:24:00Z,controller 1,0.97,4.894,69.6,125.4,124.0,39.67,2.52,100.0,1,Starting,428.58,477.12
1792938300000000000,2026-10-25T14:25:00Z,controller 2,0.946,4.901,124.75,253.22,348.16,39.7,2.35,100.0,1,Starting,457.6,469.27
1792938360000000000,2026-10-25T14:26:00Z,controller 2,1.019,4.461,62.26,350.19,389.8,39.75,2.13,100.0,2,Starting,443.08,466.58
1792938420000000000,2026-10-25T14:27:00Z,free response,0.984,4.23,-12.65,372.11,26.15,39.79,2.09,100.0,2,Starting,413.72,476.74
1792938480000000000,2026-10-25T14:28:00Z,controller 1,0.874,4.302,140.33,122.46,350.6,39.84,1.8,100.0,1,Starting,405.82,494.8
1792938540000000000,2026-10-25T14:29:00Z,controller 2,0.946,4.547,-16.65,192.05,181.31,39.92,2.24,100.0,1,Starting,366.24,516.98
1792938600000000000,2026-10-25T14:30:00Z,controller 1,1.982,13.667,191.18,341.28,412.97,39.98,25.92,100.0,3,Starting,364.86,526.69
1792938660000000000,2026-10-25T14:31:00Z,free response,1.954,13.643,112.53,72.59,543.23,40.06,25.08,100.0,3,Starting,362.02,514.31
1792938720000000000,2026-10-25T14:32:00Z,free response,2.021,13.236,88.96,400.52,571.76,40.13,25.87,100.0,2,Starting,340.49,503.72
1792938780000000000,2026-10-25T14:33:00Z,free response,1.971,13.546,31.09,77.05,38.73,40.18,26.87,100.0,1,Starting,303.73,513.54
1792938840000000000,2026-10-25T14:34:00Z,free response,2.016,13.178,142.89,199.83,581.48,40.26,24.76,100.0,1,Starting,276.06,500.37
1792938900000000000,2026-10-25T14:35:00Z,controller 1,1.951,13.389,83.74,21.57,249.8,40.32,26.29,100.0,2,Starting,285.6,498.98
1792938960000000000,2026-10-25T14:36:00Z,controller 2,2.107,13.305,0.95,272.76,374.0,40.37,30.59,100.0,1,Starting,788.29,665.19
1792939020000000000,2026-10-25T14:37:00Z,controller 2,1.971,13.358,74.88,300.8,568.69,40.44,25.74,100.0,3,Starting,833.92,679.68
1792939080000000000,2026-10-25T14:38:00Z,controller 2,2.084,13.387,181.95,95.69,330.38,40.46,31.72,100.0,2,Starting,829.45,690.13
1792939140000000000,2026-10-25T14:39:00Z,controller 2,2.088,13.896,132.1,18.52,277.35,40.55,31.3,100.0,3,Starting,788.28,681.55
1792939200000000000,2026-10-25T14:40:00Z,free response,2.086,13.392,70.99,145.91,12.46,40.6,28.61,43.55,3,Starting,788.68,670.53
1792939260000000000,2026-10-25T14:41:00Z,controller 2,2.08,13.514,59.01,49.0,75.7,40.66,29.67,100.0,2,Starting,739.7,694.81
1792939320000000000,2026-10-25T14:42:00Z,controller 2,2.079,13.361,99.28,299.18,185.72,40.74,26.49,100.0,2,Starting,1108.64,604.99
1792939380000000000,2026-10-25T14:43:00Z,free response,1.965,13.683,177.53,288.32,385.91,40.79,27.56,100.0,1,Starting,1099.88,597.68
1792939440000000000,2026-10-25T14:44:00Z,controller 2,2.05,13.285,4.43,386.34,108.44,40.84,30.43,100.0,3,Starting,1121.29,595.68
1792939500000000000,2026-10-25T14:45:00Z,free response,2.022,13.891,82.98,123.89,567.73,40.9,31.07,100.0,1,Starting,1074.99,613.16
1792939560000000000,2026-10-25T14:46:00Z,controller 1,2.085,13.236,-2.92,71.84,403.21,40.93,29.38,100.0,1,Starting,1093.81,599.42
1792939620000000000,2026-10-25T14:47:00Z,controller 2,2.097,13.722,32.51,55.77,335.58,40.97,32.15,100.0,3,Starting,1139.93,600.6
1792939680000000000,2026-10-25T14:48:00Z,controller 2,2.105,13.916,53.57,446.95,524.39,41.02,28.34,100.0,2,Starting,1105.54,610.73
1792939740000000000,2026-10-25T14:49:00Z,controller 2,1.952,13.651,132.94,110.61,530.25,41.06,23.61,100.0,3,Starting,1085.56,617.07
1792939800000000000,2026-10-25T14:50:00Z,free response,1.977,13.452,55.98,154.83,29.11,41.13,25.68,100.0,1,Starting,1085.71,639.82
1792939860000000000,2026-10-25T14:51:00Z,controller 2,1.935,13.665,116.49,54.68,283.53,41.17,26.27,100.0,3,Starting,1103.46,632.96
1792939920000000000,2026-10-25T14:52:00Z,controller 1,2.049,13.754,89.22,215.02,412.17,41.22,29.23,100.0,1,Starting,1110.57,400.19
1792939980000000000,2026-10-25T14:53:00Z,controller 1,1.934,13.915,187.45,242.52,455.11,41.28,26.58,100.0,3,Starting,1123.65,377.38
1792940040000000000,2026-10-25T14:54:00Z,controller 1,2.015,13.227,50.66,126.47,451.05,41.31,26.92,100.0,1,Starting,1460.41,797.86
1792940100000000000,2026-10-25T14:55:00Z,controller 2,1.955,13.35,7.16,412.05,104.29,41.39,24.55,100.0,1,Starting,1436.7,772.57
1792940160000000000,2026-10-25T14:56:00Z,controller 1,1.951,13.772,136.97,205.22,212.64,41.47,27.03,100.0,3,Starting,1387.42,786.89
1792940220000000000,2026-10-25T14:57:00Z,free response,1.956,13.568,176.58,375.33,111.39,41.54,25.0,100.0,3,Starting,1345.25,783.35
1792940280000000000,2026-10-25T14:58:00Z,free response,2.022,13.455,8.26,105.41,35.28,41.63,29.75,100.0,3,Starting,1334.41,807.01
1792940340000000000,2026-10-25T14:59:00Z,free response,2.071,13.194,89.22,440.55,552.42,41.67,29.08,100.0,2,Starting,1322.73,783.78
1792940400000000000,2026-10-25T15:00:00Z,free response,2.49,9.896,139.25,67.6,165.61,41.71,29.5,100.0,3,Starting,1348.94,760.43
1792940460000000000,2026-10-25T15:01:00Z,controller 2,2.549,9.525,61.24,68.79,116.9,41.77,31.86,100.0,3,Starting,1323.6,784.72
1792940520000000000,2026-10-25T15:02:00Z,free response,2.52,9.976,189.71,396.83,233.1,41.83,32.35,100.0,1,Starting,1364.49,798.51
1792940580000000000,2026-10-25T15:03:00Z,free response,2.602,9.999,99.7,141.39,329.44,41.89,36.14,100.0,1,Starting,1332.02,826.17
1792940640000000000,2026-10-25T15:04:00Z,controller 2,2.594,9.434,14.61,10.6,99.97,41.95,33.74,100.0,2,Starting,908.77,378.89
1792940700000000000,2026-10-25T15:05:00Z,controller 2,2.556,9.645,65.66,433.45,364.98,41.98,34.43,100.0,2,Starting,908.92,381.71
1792940760000000000,2026-10-25T15:06:00Z,free response,2.527,9.703,80.05,7.68,410.77,42.01,30.66,100.0,1,Starting,882.79,396.74
1792940820000000000,2026-10-25T15:07:00Z,controller 1,2.617,9.477,5.56,263.74,27.1,42.07,31.08,87.19,3,Starting,897.05,380.53
1792940880000000000,2026-10-25T15:08:00Z,controller 2,2.554,9.558,61.46,245.49,62.77,42.14,28.85,100.0,3,Starting,857.03,398.46
1792940940000000000,2026-10-25T15:09:00Z,controller 2,2.598,10.016,179.96,369.43,450.7,42.18,31.98,100.0,3,Starting,852.39,422.25
1792941000000000000,2026-10-25T15:10:00Z,controller 1,2.561,9.574,43.43,322.63,387.41,42.24,32.06,100.0,1,Starting,829.67,432.52
1792941060000000000,2026-10-25T15:11:00Z,free response,2.569,9.923,20.49,116.06,549.27,42.29,31.94,100.0,1,Starting,846.86,418.82
1792941120000000000,2026-10-25T15:12:00Z,controller 2,2.49,9.426,130.84,428.5,22.42,42.37,26.47,84.7,1,Starting,848.21,404.95
1792941180000000000,2026-10-25T15:13:00Z,free response,2.482,9.801,84.92,126.44,13.0,42.4,31.49,41.28,3,Starting,801.45,396.65
1792941240000000000,2026-10-25T15:14:00Z,controller 2,2.488,9.438,127.56,325.11,329.08,42.46,32.11,100.0,3,Starting,797.41,406.36
1792941300000000000,2026-10-25T15:15:00Z,free response,2.587,9.637,137.69,29.63,131.11,42.5,34.46,100.0,3,Starting,749.34,383.45
1792941360000000000,2026-10-25T15:16:00Z,free response,2.577,9.618,161.24,32.24,355.79,42.58,28.95,100.0,1,Starting,711.26,377.95
1792941420000000000,2026-10-25T15:17:00Z,free response,2.501,9.624,-26.25,216.97,427.4,42.65,30.63,100.0,1,Starting,705.04,400.71
1792941480000000000,2026-10-25T15:18:00Z,controller 1,2.519,9.467,5.19,325.75,335.41,42.68,28.31,100.0,2,Starting,743.62,404.71
1792941540000000000,2026-10-25T15:19:00Z,controller 2,2.514,9.617,112.09,355.18,344.57,42.71,33.13,100.0,2,Starting,729.63,396.81
1792941600000000000,2026-10-25T15:20:00Z,controller 1,2.503,9.706,114.83,70.96,416.96,42.76,28.88,100.0,1,Starting,687.97,385.0
1792941660000000000,2026-10-25T15:21:00Z,controller 1,2.597,9.83,9.58,407.8,18.59,42.79,35.93,51.74,3,Starting,730.8,401.75
1792941720000000000,2026-10-25T15:22:00Z,free response,2.481,9.618,-29.93,446.91,560.05,42.87,31.25,100.0,3,Starting,749.52,404.23
1792941780000000000,2026-10-25T15:23:00Z,free response,2.613,9.774,73.32,189.08,589.87,42.92,32.4,100.0,3,Starting,798.96,395.2
1792941840000000000,2026-10-25T15:24:00Z,controller 1,2.445,9.494,44.56,201.25,288.31,42.96,29.82,100.0,1,Starting,798.41,387.84
1792941900000000000,2026-10-25T15:25:00Z,free response,2.559,9.964,21.21,264.65,585.48,43.0,31.02,100.0,1,Starting,763.12,412.63
1792941960000000000,2026-10-25T15:26:00Z,free response,2.558,10.041,-3.0,125.49,261.24,43.04,30.69,100.0,1,Starting,796.27,427.23
1792942020000000000,2026-10-25T15:27:00Z,controller 2,2.602,9.611,157.95,222.35,61.66,43.03,35.21,100.0,3,Starting,773.22,401.85
1792942080000000000,2026-10-25T15:28:00Z,free response,2.454,9.374,41.46,213.2,311.46,43.02,28.78,100.0,3,Starting,730.01,422.57
1792942140000000000,2026-10-25T15:29:00Z,controller 2,2.605,9.414,153.69,293.88,105.38,43.0,32.88,100.0,1,Starting,773.78,434.55
1792942200000000000,2026-10-25T15:30:00Z,controller 2,2.898,10.594,62.76,340.11,396.44,42.97,40.29,100.0,3,Starting,882.49,649.11
1792942260000000000,2026-10-25T15:31:00Z,controller 2,2.916,10.636,-17.86,327.54,287.0,42.95,41.65,100.0,1,Starting,885.48,669.96
1792942320000000000,2026-10-25T15:32:00Z,controller 2,2.872,9.996,154.54,342.15,590.13,42.92,39.82,100.0,2,Starting,919.51,640.59
1792942380000000000,2026-10-25T15:33:00Z,controller 1,2.841,10.398,174.79,25.41,563.9,42.89,40.59,100.0,3,Starting,889.35,617.03
1792942440000000000,2026-10-25T15:34:00Z,controller 1,2.933,10.343,135.95,2.38,95.74,42.87,43.73,100.0,3,Starting,857.52,646.99
1792942500000000000,2026-10-25T15:35:00Z,free response,2.771,9.949,85.37,50.35,451.65,42.86,37.62,100.0,3,Starting,821.01,664.67
1792942560000000000,2026-10-25T15:36:00Z,controller 1,2.821,9.985,176.75,206.27,249.34,42.84,42.27,100.0,1,Starting,831.51,678.57
1792942620000000000,2026-10-25T15:37:00Z,controller 2,2.841,10.505,171.79,202.22,396.9,42.81,45.99,100.0,1,Starting,790.34,648.75
1792942680000000000,2026-10-25T15:38:00Z,controller 1,2.891,10.208,15.86,46.38,106.51,42.78,43.88,100.0,2,Starting,787.13,643.91
1792942740000000000,2026-10-25T15:39:00Z,controller 2,2.886,10.047,184.68,273.16,346.08,42.76,42.57,100.0,3,Starting,739.86,665.43
1792942800000000000,2026-10-25T15:40:00Z,free response,2.854,10.212,161.86,394.33,282.94,42.75,39.71,100.0,3,Starting,713.82,659.18
1792942860000000000,2026-10-25T15:41:00Z,controller 2,2.764,10.025,129.05,68.9,134.0,42.73,34.63,100.0,3,Starting,721.49,666.59
1792942920000000000,2026-10-25T15:42:00Z,controller 2,2.875,9.919,113.97,31.88,151.35,42.71,44.22,100.0,2,Starting,754.44,645.54
1792942980000000000,2026-10-25T15:43:00Z,controller 2,2.802,9.975,34.33,109.01,64.14,42.69,35.66,100.0,1,Starting,777.08,650.33
1792943040000000000,2026-10-25T15:44:00Z,free response,2.878,10.468,9.32,207.51,78.64,42.66,43.94,100.0,1,Starting,799.3,641.85
1792943100000000000,2026-10-25T15:45:00Z,free response,2.789,10.072,-4.64,367.58,392.65,42.65,40.0,100.0,2,Starting,799.44,664.58
1792943160000000000,2026-10-25T15:46:00Z,controller 1,2.872,10.136,140.2,74.68,453.04,42.62,41.94,100.0,1,Starting,764.37,647.08
1792943220000000000,2026-10-25T15:47:00Z,controller 2,2.824,10.284,126.21,219.62,182.54,42.6,43.25,100.0,1,Starting,800.04,624.93
1792943280000000000,2026-10-25T15:48:00Z,controller 2,2.818,9.961,20.54,193.65,265.0,42.58,39.15,100.0,1,Starting,821.94,608.7
1792943340000000000,2026-10-25T15:49:00Z,controller 1,2.808,10.194,-10.13,116.77,266.27,42.57,36.93,100.0,3,Starting,854.82,589.81
1792943400000000000,2026-10-25T15:50:00Z,free response,2.926,10.144,-24.87,322.73,167.81,42.54,40.65,100.0,3,Starting,815.47,607.47
1792943460000000000,2026-10-25T15:51:00Z,controller 2,2.896,10.095,103.82,374.18,575.25,42.51,40.17,100.0,3,Starting,799.99,620.02
1792943520000000000,2026-10-25T15:52:00Z,free response,2.85,10.123,131.69,417.64,129.95,42.5,44.97,100.0,3,Starting,833.86,601.24
1792943580000000000,2026-10-25T15:53:00Z,controller 2,2.871,10.636,41.37,444.9,28.88,42.48,45.35,63.68,1,Starting,835.32,574.99
1792943640000000000,2026-10-25T15:54:00Z,controller 2,2.893,10.332,154.88,14.47,67.16,42.45,42.74,100.0,1,Starting,848.93,587.52
1792943700000000000,2026-10-25T15:55:00Z,controller 1,2.892,10.24,53.29,163.4,495.53,42.44,46.48,100.0,1,Starting,832.92,600.61
1792943760000000000,2026-10-25T15:56:00Z,free response,2.843,10.272,4.36,412.13,13.37,42.42,39.11,34.19,1,Starting,800.26,612.33
1792943820000000000,2026-10-25T15:57:00Z,controller 2,2.78,10.464,1.77,79.66,243.37,42.4,37.44,100.0,1,Starting,839.73,612.98
1792943880000000000,2026-10-25T15:58:00Z,controller 2,2.854,10.613,184.55,90.89,169.47,42.36,40.98,100.0,3,Starting,883.59,584.51
1792943940000000000,2026-10-25T15:59:00Z,controller 2,2.776,10.002,-25.37,82.2,89.53,42.33,37.82,100.0,3,Starting,877.55,597.82
1792944000000000000,2026-10-25T16:00:00Z,free response,2.463,7.978,-2.44,204.13,136.99,42.32,22.49,100.0,1,Starting,877.26,608.86
1792944060000000000,2026-10-25T16:01:00Z,controller 2,2.513,7.637,-1.21,120.7,519.19,42.3,25.76,100.0,3,Starting,861.93,634.48
1792944120000000000,2026-10-25T16:02:00Z,controller 2,2.361,7.654,-8.18,248.07,314.72,42.29,22.68,100.0,2,Starting,909.75,644.49
1792944180000000000,2026-10-25T16:03:00Z,controller 2,2.49,7.495,147.91,346.46,162.62,42.28,23.15,100.0,2,Starting,871.4,655.69
1792944240000000000,2026-10-25T16:04:00Z,controller 2,2.506,7.753,85.42,212.14,196.24,42.26,26.06,100.0,2,Starting,894.97,635.94
1792944300000000000,2026-10-25T16:05:00Z,controller 2,2.34,7.357,-11.64,320.29,201.83,42.24,18.53,100.0,2,Starting,868.11,638.5
1792944360000000000,2026-10-25T16:06:00Z,controller 2,2.463,7.791,109.89,179.51,277.63,42.23,24.39,100.0,2,Starting,1427.9,440.1
1792944420000000000,2026-10-25T16:07:00Z,controller 2,2.453,8.059,189.48,346.02,165.29,42.23,22.52,100.0,3,Starting,1418.76,418.87
1792944480000000000,2026-10-25T16:08:00Z,free response,2.401,7.795,67.87,94.86,505.59,42.21,23.72,100.0,2,Starting,1404.07,428.32
1792944540000000000,2026-10-25T16:09:00Z,free response,2.504,7.568,146.04,351.93,559.31,42.17,22.02,100.0,3,Starting,1428.77,453.41
1792944600000000000,2026-10-25T16:10:00Z,free response,2.403,7.755,72.78,237.49,568.42,42.16,23.54,100.0,3,Starting,1384.94,432.3
1792944660000000000,2026-10-25T16:11:00Z,controller 2,2.419,7.556,170.72,362.26,410.8,42.13,23.36,100.0,3,Starting,1390.07,461.97
1792944720000000000,2026-10-25T16:12:00Z,controller 2,2.378,8.053,110.18,206.75,500.5,42.11,20.52,100.0,1,Starting,1404.77,461.77
1792944780000000000,2026-10-25T16:13:00Z,free response,2.493,8.111,92.69,152.7,175.69,42.08,27.04,100.0,1,Off,1445.36,447.06
1792944840000000000,2026-10-25T16:14:00Z,controller 2,2.377,7.548,154.91,102.44,349.11,42.06,21.0,100.0,2,Off,1450.36,438.2
1792944900000000000,2026-10-25T16:15:00Z,controller 2,2.481,7.529,177.49,232.39,383.26,42.03,25.2,100.0,2,Off,1499.16,436.25
1792944960000000000,2026-10-25T16:16:00Z,controller 1,2.498,7.39,74.39,316.33,402.92,42.01,21.21,100.0,3,Off,1489.01,455.41
1792945020000000000,2026-10-25T16:17:00Z,controller 2,2.498,7.656,63.8,364.18,418.45,42.0,24.72,100.0,3,Off,1474.9,476.8
1792945080000000000,2026-10-25T16:18:00Z,controller 2,2.391,7.836,101.21,252.36,288.59,41.97,22.88,100.0,2,Off,1500.0,502.42
1792945140000000000,2026-10-25T16:19:00Z,free response,2.445,7.562,-10.59,133.77,513.37,41.95,20.55,100.0,1,Off,1500.0,493.35
1792945200000000000,2026-10-25T16:20:00Z,controller 1,2.49,7.42,138.21,306.89,32.59,41.93,21.76,100.0,1,Off,1500.0,486.01
1792945260000000000,2026-10-25T16:21:00Z,free response,2.498,8.093,136.39,393.94,322.65,41.9,23.39,100.0,2,Off,1500.0,462.85
1792945320000000000,2026-10-25T16:22:00Z,controller 2,2.451,7.681,64.66,262.91,230.66,41.87,21.75,100.0,2,Off,1500.0,455.57
1792945380000000000,2026-10-25T16:23:00Z,controller 1,2.406,8.079,-16.28,271.25,512.88,41.84,22.85,100.0,1,Off,1497.28,452.54
1792945440000000000,2026-10-25T16:24:00Z,controller 1,2.435,7.623,51.43,438.56,219.82,41.81,23.36,100.0,3,Off,1470.57,427.84
1792945500000000000,2026-10-25T16:25:00Z,free response,2.39,7.909,-24.5,9.16,294.51,41.79,20.48,100.0,1,Off,1434.72,424.67
1792945560000000000,2026-10-25T16:26:00Z,controller 1,2.475,7.991,152.41,162.7,115.78,41.76,24.15,100.0,2,Off,1459.56,408.17
1792945620000000000,2026-10-25T16:27:00Z,free response,2.384,7.409,-14.05,322.15,200.47,41.74,21.46,100.0,1,Off,1458.66,394.38
1792945680000000000,2026-10-25T16:28:00Z,controller 1,2.43,8.019,110.27,420.04,588.58,41.71,24.52,100.0,1,Off,1418.17,409.25
1792945740000000000,2026-10-25T16:29:00Z,controller 2,2.415,7.39,7.4,296.97,412.07,41.68,20.45,100.0,1,Off,1377.08,385.89
1792945800000000000,2026-10-25T16:30:00Z,controller 1,2.827,10.864,2.71,426.24,497.41,41.66,42.03,100.0,3,Off,1416.75,365.21
1792945860000000000,2026-10-25T16:31:00Z,controller 1,2.848,10.57,193.88,369.88,562.71,41.63,43.01,100.0,1,Off,1381.03,394.83
1792945920000000000,2026-10-25T16:32:00Z,controller 1,2.85,10.249,-8.68,13.68,176.97,41.61,39.67,100.0,2,Off,1398.58,414.38
1792945980000000000,2026-10-25T16:33:00Z,controller 1,2.883,10.453,186.73,378.18,247.56,41.59,47.26,100.0,2,Off,1427.33,385.61
1792946040000000000,2026-10-25T16:34:00Z,controller 2,2.799,10.155,199.23,154.13,55.54,41.56,43.52,100.0,2,Off,1377.47,403.46
1792946100000000000,2026-10-25T16:35:00Z,free response,2.826,10.848,48.64,202.33,497.08,41.52,40.26,100.0,2,Off,1420.28,382.68
1792946160000000000,2026-10-25T16:36:00Z,controller 2,2.77,10.748,135.94,99.89,180.94,41.5,41.98,100.0,1,Off,1415.54,398.64
1792946220000000000,2026-10-25T16:37:00Z,free response,2.939,10.613,140.51,322.78,192.66,41.48,43.22,100.0,3,Off,1462.08,410.29
1792946280000000000,2026-10-25T16:38:00Z,controller 2,2.779,10.186,65.3,360.2,365.73,41.47,37.02,100.0,1,Off,1500.0,411.22
1792946340000000000,2026-10-25T16:39:00Z,controller 2,2.797,10.492,-7.42,308.25,239.45,41.43,41.75,100.0,3,Off,1450.97,403.86
1792946400000000000,2026-10-25T16:40:00Z,free response,2.818,10.731,117.99,416.73,123.46,41.4,42.82,100.0,3,Off,1442.88,402.56
1792946460000000000,2026-10-25T16:41:00Z,controller 2,2.922,10.526,129.02,401.67,4.16,41.39,43.19,9.63,2,Off,1413.6,404.15
1792946520000000000,2026-10-25T16:42:00Z,controller 2,2.788,10.693,59.49,290.34,385.45,41.36,43.28,100.0,3,Off,1396.55,390.66
1792946580000000000,2026-10-25T16:43:00Z,free response,2.78,10.212,172.92,441.55,206.87,41.34,42.19,100.0,1,Off,1349.46,393.66
1792946640000000000,2026-10-25T16:44:00Z,controller 1,2.821,10.144,43.05,307.42,497.78,41.32,38.62,100.0,2,Off,1387.84,397.91
1792946700000000000,2026-10-25T16:45:00Z,controller 1,2.841,10.75,87.25,61.02,21.49,41.28,41.89,51.3,3,Off,1370.76,410.08
1792946760000000000,2026-10-25T16:46:00Z,controller 1,2.82,10.478,175.9,284.81,42.99,41.25,39.4,100.0,2,Off,1378.11,412.61
1792946820000000000,2026-10-25T16:47:00Z,controller 1,2.848,10.495,5.33,236.77,424.86,41.22,45.8,100.0,2,Off,1417.61,425.47
1792946880000000000,2026-10-25T16:48:00Z,free response,2.799,10.712,147.37,406.37,53.99,41.2,41.34,100.0,1,Off,1392.46,400.18
1792946940000000000,2026-10-25T16:49:00Z,controller 1,2.791,10.563,114.64,357.52,261.74,41.19,39.05,100.0,3,Off,1375.57,422.5
1792947000000000000,2026-10-25T16:50:00Z,controller 2,2.883,10.386,182.17,97.13,30.86,41.16,39.41,78.3,3,Off,1352.73,449.32
1792947060000000000,2026-10-25T16:51:00Z,free response,2.845,10.229,125.41,293.72,165.78,41.15,37.28,100.0,1,Off,1054.31,488.31
1792947120000000000,2026-10-25T16:52:00Z,controller 1,2.91,10.789,8.54,206.92,587.78,41.14,43.7,100.0,2,Off,1074.09,479.46
1792947180000000000,2026-10-25T16:53:00Z,free response,2.849,10.517,59.48,295.1,282.57,41.13,38.56,100.0,1,Off,1120.41,466.52
1792947240000000000,2026-10-25T16:54:00Z,free response,2.89,10.411,93.4,253.52,219.75,41.11,41.92,100.0,2,Off,1159.35,448.87
1792947300000000000,2026-10-25T16:55:00Z,controller 1,2.768,10.531,19.08,418.21,542.37,41.09,38.44,100.0,2,Off,1144.85,433.24
1792947360000000000,2026-10-25T16:56:00Z,controller 1,2.889,10.342,196.35,420.0,540.53,41.06,40.29,100.0,2,Off,1270.11,421.71
1792947420000000000,2026-10-25T16:57:00Z,controller 1,2.8,10.167,-19.82,189.77,24.69,41.03,38.35,64.38,2,Off,1238.6,438.45
1792947480000000000,2026-10-25T16:58:00Z,free response,2.767,10.628,154.73,384.07,170.02,41.01,37.16,100.0,3,Off,1216.12,451.11
1792947540000000000,2026-10-25T16:59:00Z,free response,2.857,10.6,7.2,54.84,359.76,40.98,43.84,100.0,3,Off,1184.76,462.66
1792947600000000000,2026-10-25T17:00:00Z,controller 1,2.837,13.433,52.9,218.28,22.11,40.95,51.07,43.29,1,Off,569.35,729.24
1792947660000000000,2026-10-25T17:01:00Z,controller 2,2.903,13.815,161.78,376.36,533.34,40.94,54.2,100.0,3,Off,602.8,728.0
1792947720000000000,2026-10-25T17:02:00Z,controller 2,2.925,13.808,73.2,193.53,349.83,40.93,54.82,100.0,2,Off,608.61,746.79
1792947780000000000,2026-10-25T17:03:00Z,free response,2.881,13.691,71.11,261.75,371.65,40.9,59.53,100.0,3,Off,657.03,729.1
1792947840000000000,2026-10-25T17:04:00Z,free response,2.83,13.762,185.16,114.93,391.49,40.87,50.28,100.0,3,Off,633.63,726.45
1792947900000000000,2026-10-25T17:05:00Z,controller 1,2.863,13.844,171.8,416.46,125.16,40.84,51.81,100.0,3,Off,1099.25,873.42
1792947960000000000,2026-10-25T17:06:00Z,controller 2,2.862,13.883,180.04,236.34,276.43,40.82,54.33,100.0,2,Starting,1109.79,866.94
1792948020000000000,2026-10-25T17:07:00Z,controller 1,2.83,13.698,111.37,363.09,588.96,40.8,57.22,100.0,1,Starting,1102.43,848.45
1792948080000000000,2026-10-25T17:08:00Z,controller 1,2.784,13.838,87.76,36.79,527.24,40.77,56.8,100.0,1,Starting,1066.7,877.49
1792948140000000000,2026-10-25T17:09:00Z,free response,2.776,13.391,8.94,97.1,396.25,40.76,55.51,100.0,1,Starting,1068.82,875.28
1792948200000000000,2026-10-25T17:10:00Z,free response,2.858,13.923,93.01,213.88,323.05,40.73,61.07,100.0,3,Starting,1019.49,901.45
1792948260000000000,2026-10-25T17:11:00Z,free response,2.878,13.362,91.99,101.07,317.52,40.7,51.32,100.0,1,Starting,1030.89,872.15
1792948320000000000,2026-10-25T17:12:00Z,controller 2,2.796,13.855,186.61,152.65,368.16,40.68,58.16,100.0,1,Starting,1068.74,855.98
1792948380000000000,2026-10-25T17:13:00Z,controller 1,2.775,13.377,170.36,367.34,429.28,40.66,48.17,100.0,2,Starting,1037.46,884.85
1792948440000000000,2026-10-25T17:14:00Z,controller 2,2.783,13.243,199.25,342.06,150.69,40.66,49.21,100.0,1,Starting,1085.23,857.07
1792948500000000000,2026-10-25T17:15:00Z,controller 1,2.748,13.217,10.77,235.11,265.16,40.65,49.46,100.0,1,Starting,1081.1,856.2
1792948560000000000,2026-10-25T17:16:00Z,controller 2,2.896,13.682,137.32,201.02,444.8,40.64,58.22,100.0,1,Starting,1114.94,880.44
1792948620000000000,2026-10-25T17:17:00Z,free response,2.881,13.812,45.83,133.5,234.68,40.62,52.9,100.0,2,Starting,1106.76,856.44
1792948680000000000,2026-10-25T17:18:00Z,controller 1,2.874,13.911,148.51,192.44,0.91,40.6,62.08,1.47,1,Starting,1076.65,843.54
1792948740000000000,2026-10-25T17:19:00Z,controller 2,2.815,13.722,145.65,148.85,520.1,40.57,51.55,100.0,1,Starting,1057.33,856.92
1792948800000000000,2026-10-25T17:20:00Z,controller 1,2.846,13.595,98.84,89.31,355.4,40.56,56.49,100.0,3,Starting,1041.71,886.52
1792948860000000000,2026-10-25T17:21:00Z,controller 2,2.763,13.648,27.84,236.36,547.66,40.53,57.19,100.0,2,Starting,1039.43,886.6
1792948920000000000,2026-10-25T17:22:00Z,controller 2,2.779,13.911,10.99,268.63,301.06,40.52,50.8,100.0,2,Starting,1081.85,862.95
1792948980000000000,2026-10-25T17:23:00Z,free response,2.778,13.312,135.49,173.55,201.67,40.51,46.32,100.0,1,Starting,1097.32,841.34
1792949040000000000,2026-10-25T17:24:00Z,controller 1,2.909,13.376,18.96,380.73,14.81,40.49,60.37,24.53,3,Starting,1065.52,848.82
1792949100000000000,2026-10-25T17:25:00Z,free response,2.762,13.776,163.94,317.26,443.22,40.46,50.52,100.0,1,Starting,1077.92,853.22
1792949160000000000,2026-10-25T17:26:00Z,free response,2.802,13.217,16.13,285.69,357.18,40.43,53.71,100.0,2,Starting,1089.89,867.22
1792949220000000000,2026-10-25T17:27:00Z,controller 2,2.882,13.779,147.84,306.79,202.41,40.4,60.92,100.0,2,Starting,1107.22,881.84
1792949280000000000,2026-10-25T17:28:00Z,controller 2,2.759,13.204,155.3,79.85,142.31,40.39,55.23,100.0,1,Starting,1130.4,891.54
1792949340000000000,2026-10-25T17:29:00Z,free response,2.759,13.28,80.18,265.64,66.61,40.36,54.21,100.0,2,Starting,1116.9,918.27
1792949400000000000,2026-10-25T17:30:00Z,controller 1,1.102,6.527,28.77,318.28,555.88,40.35,4.23,100.0,3,Starting,1151.55,933.93
1792949460000000000,2026-10-25T17:31:00Z,controller 1,1.059,6.468,164.82,208.14,246.77,40.34,3.47,100.0,2,Starting,1123.36,961.28
1792949520000000000,2026-10-25T17:32:00Z,controller 1,1.13,6.591,185.07,214.47,227.61,40.33,4.48,100.0,1,Starting,1116.11,975.59
1792949580000000000,2026-10-25T17:33:00Z,free response,1.11,6.519,-20.65,208.99,596.33,40.32,3.66,100.0,1,Starting,1080.9,967.38
1792949640000000000,2026-10-25T17:34:00Z,free response,1.113,6.645,34.27,388.82,48.69,40.29,4.4,100.0,2,Starting,1033.99,966.69
1792949700000000000,2026-10-25T17:35:00Z,controller 1,1.053,6.685,2.65,70.19,435.0,40.28,3.45,100.0,1,Starting,1012.38,942.26
1792949760000000000,2026-10-25T17:36:00Z,controller 2,1.088,6.415,34.99,161.57,405.48,40.26,4.06,100.0,2,Starting,1037.75,958.39
1792949820000000000,2026-10-25T17:37:00Z,free response,1.082,6.863,38.23,279.0,466.54,40.24,4.09,100.0,2,Starting,1070.77,969.18
1792949880000000000,2026-10-25T17:38:00Z,controller 1,1.057,7.143,-27.5,329.82,518.92,40.22,3.74,100.0,1,Starting,1094.04,960.95
1792949940000000000,2026-10-25T17:39:00Z,controller 2,1.03,6.942,153.8,124.53,153.11,40.21,3.86,100.0,2,Starting,1107.28,986.03
1792950000000000000,2026-10-25T17:40:00Z,controller 2,1.123,6.611,47.12,342.69,592.67,40.2,4.55,100.0,2,Starting,1074.78,1000.0
1792950060000000000,2026-10-25T17:41:00Z,controller 2,1.064,6.369,-28.45,305.44,564.83,40.2,3.6,100.0,3,Starting,1075.0,1000.0
1792950120000000000,2026-10-25T17:42:00Z,controller 2,1.052,6.644,76.6,8.9,285.25,40.19,3.6,100.0,2,Starting,1072.95,979.51
1792950180000000000,2026-10-25T17:43:00Z,controller 1,1.113,6.404,71.86,162.02,557.8,40.17,4.31,100.0,3,On,1077.27,960.72
1792950240000000000,2026-10-25T17:44:00Z,free response,1.163,7.116,195.56,368.39,387.93,40.16,5.09,100.0,3,On,1040.31,941.98
1792950300000000000,2026-10-25T17:45:00Z,controller 2,1.044,7.068,61.93,299.83,80.35,40.13,3.88,100.0,3,On,1040.21,965.39
1792950360000000000,2026-10-25T17:46:00Z,controller 1,1.039,6.553,146.02,323.23,288.97,40.11,3.68,100.0,2,On,1236.74,599.05
1792950420000000000,2026-10-25T17:47:00Z,controller 2,1.114,6.477,128.66,59.79,376.11,40.1,3.92,100.0,1,On,1245.18,604.4
1792950480000000000,2026-10-25T17:48:00Z,controller 1,1.104,6.681,-1.76,119.24,195.56,40.08,3.72,100.0,2,On,1222.67,628.75
1792950540000000000,2026-10-25T17:49:00Z,controller 1,1.026,6.706,114.69,369.06,249.51,40.08,3.18,100.0,3,On,1258.59,653.23
1792950600000000000,2026-10-25T17:50:00Z,controller 1,1.175,6.934,14.65,28.49,387.56,40.06,4.69,100.0,3,On,1275.09,649.22
1792950660000000000,2026-10-25T17:51:00Z,controller 1,1.006,6.677,22.28,341.19,7.31,40.04,3.38,100.0,2,On,1292.9,622.54
1792950720000000000,2026-10-25T17:52:00Z,free response,1.005,6.418,191.77,49.06,467.61,40.03,3.32,100.0,1,On,1304.83,610.46
1792950780000000000,2026-10-25T17:53:00Z,controller 1,1.145,6.505,135.41,339.32,293.94,40.02,4.47,100.0,1,On,1320.52,637.63
1792950840000000000,2026-10-25T17:54:00Z,free response,1.067,6.406,102.63,322.0,368.74,39.99,3.72,100.0,1,On,1364.41,651.79
1792950900000000000,2026-10-25T17:55:00Z,free response,1.164,6.475,113.66,2.89,239.99,39.99,4.34,100.0,2,On,1314.76,626.98
1792950960000000000,2026-10-25T17:56:00Z,controller 2,1.116,6.757,160.15,72.68,387.38,39.96,4.55,100.0,2,On,1335.52,653.79
1792951020000000000,2026-10-25T17:57:00Z,controller 2,1.054,6.475,173.02,200.09,517.28,39.93,3.65,100.0,2,On,1290.68,659.0
1792951080000000000,2026-10-25T17:58:00Z,controller 1,1.171,6.678,-11.63,106.03,514.58,39.92,4.27,100.0,3,On,1332.22,674.02
1792951140000000000,2026-10-25T17:59:00Z,free response,1.157,6.586,167.3,93.08,10.08,39.91,4.34,100.0,3,On,1367.37,697.39
1792951200000000000,2026-10-25T18:00:00Z,controller 2,2.388,11.623,23.73,122.61,229.02,39.88,31.08,100.0,1,On,1351.03,713.73
1792951260000000000,2026-10-25T18:01:00Z,free response,2.43,11.848,73.1,423.59,198.36,39.87,32.81,100.0,1,On,1397.9,715.72
1792951320000000000,2026-10-25T18:02:00Z,controller 1,2.31,12.176,193.76,326.18,561.99,39.85,31.42,100.0,1,On,1431.09,726.81
1792951380000000000,2026-10-25T18:03:00Z,free response,2.301,12.037,52.29,309.56,404.76,39.83,32.55,100.0,2,On,1400.08,753.53
1792951440000000000,2026-10-25T18:04:00Z,controller 1,2.39,12.172,54.83,172.35,458.96,39.8,32.98,100.0,1,On,1414.83,783.32
1792951500000000000,2026-10-25T18:05:00Z,controller 2,2.393,11.978,46.57,63.62,318.98,39.78,35.85,100.0,2,On,1418.36,766.3
1792951560000000000,2026-10-25T18:06:00Z,free response,2.297,11.916,77.02,110.58,296.19,39.78,30.26,100.0,3,On,1467.43,740.91
1792951620000000000,2026-10-25T18:07:00Z,free response,2.298,12.0,162.13,345.48,541.21,39.75,29.26,100.0,3,On,1431.18,760.26
1792951680000000000,2026-10-25T18:08:00Z,controller 1,2.386,11.944,10.26,372.94,80.26,39.72,36.53,100.0,3,On,1468.49,766.44
1792951740000000000,2026-10-25T18:09:00Z,controller 1,2.331,11.515,-24.46,96.45,519.52,39.7,32.68,100.0,1,On,1500.0,787.36
1792951800000000000,2026-10-25T18:10:00Z,controller 1,2.38,11.547,182.5,406.72,390.61,39.68,32.58,100.0,2,On,1498.99,758.9
1792951860000000000,2026-10-25T18:11:00Z,controller 2,2.443,12.038,139.2,184.55,336.25,39.65,36.81,100.0,3,On,1500.0,742.91
1792951920000000000,2026-10-25T18:12:00Z,controller 2,2.423,11.419,0.18,263.97,310.81,39.63,35.58,100.0,1,On,1487.0,767.54
1792951980000000000,2026-10-25T18:13:00Z,controller 2,2.397,12.12,182.72,353.42,529.46,39.62,32.1,100.0,3,On,1484.66,790.01
1792952040000000000,2026-10-25T18:14:00Z,free response,2.422,11.418,138.83,12.85,441.29,39.59,31.93,100.0,2,On,1470.33,815.57
1792952100000000000,2026-10-25T18:15:00Z,controller 2,2.393,11.642,10.1,18.34,175.57,39.57,30.02,100.0,1,On,1469.68,826.37
1792952160000000000,2026-10-25T18:16:00Z,controller 1,2.421,11.603,183.29,377.89,240.91,39.53,33.59,100.0,1,On,1500.0,845.52
1792952220000000000,2026-10-25T18:17:00Z,controller 1,2.295,11.697,134.06,273.89,94.63,39.51,30.9,100.0,1,On,1457.55,842.93
1792952280000000000,2026-10-25T18:18:00Z,controller 1,2.43,12.097,-19.38,327.45,385.51,39.49,37.75,100.0,2,On,1489.84,857.25
1792952340000000000,2026-10-25T18:19:00Z,controller 1,2.396,11.946,64.63,124.98,487.75,39.46,37.38,100.0,1,On,1479.66,865.88
1792952400000000000,2026-10-25T18:20:00Z,controller 2,2.349,11.423,47.21,122.23,336.41,39.52,29.73,100.0,3,On,1431.8,863.43
1792952460000000000,2026-10-25T18:21:00Z,controller 1,2.452,11.714,164.06,170.02,474.84,39.57,34.68,100.0,3,On,1384.63,870.2
1792952520000000000,2026-10-25T18:22:00Z,controller 2,2.291,11.999,17.12,196.86,45.4,39.59,33.65,100.0,2,On,1394.28,849.37
1792952580000000000,2026-10-25T18:23:00Z,free response,2.328,11.862,144.84,206.8,568.36,39.64,30.45,100.0,3,On,1360.85,824.35
1792952640000000000,2026-10-25T18:24:00Z,free response,2.387,11.871,80.66,11.62,323.32,39.71,34.37,100.0,2,On,1381.62,808.6
1792952700000000000,2026-10-25T18:25:00Z,controller 2,2.413,11.594,186.04,121.47,357.55,39.79,36.42,100.0,2,On,1423.69,820.25
1792952760000000000,2026-10-25T18:26:00Z,free response,2.408,11.42,-28.95,305.12,393.28,39.85,31.87,100.0,3,On,1471.01,849.97
1792952820000000000,2026-10-25T18:27:00Z,controller 1,2.4,11.839,153.34,3.92,220.11,39.94,37.18,100.0,3,On,1483.39,839.43
1792952880000000000,2026-10-25T18:28:00Z,controller 2,2.426,11.918,20.79,71.19,360.43,39.99,33.33,100.0,1,On,1470.23,827.7
1792952940000000000,2026-10-25T18:29:00Z,free response,2.446,11.725,90.49,25.32,476.79,40.02,38.24,100.0,2,On,1436.0,812.56
1792953000000000000,2026-10-25T18:30:00Z,controller 2,0.538,12.401,156.99,24.43,112.04,40.08,1.91,100.0,1,On,1389.73,805.5
1792953060000000000,2026-10-25T18:31:00Z,controller 2,0.455,12.237,152.31,64.86,592.85,40.16,1.25,100.0,1,On,1375.71,805.55
1792953120000000000,2026-10-25T18:32:00Z,controller 1,0.514,12.168,106.94,58.11,555.27,40.23,1.62,100.0,1,On,1417.96,798.8
1792953180000000000,2026-10-25T18:33:00Z,controller 1,0.512,12.645,99.63,124.43,203.62,40.31,1.56,100.0,2,On,1395.46,824.77
1792953240000000000,2026-10-25T18:34:00Z,controller 2,0.402,12.663,-26.32,413.47,357.52,40.38,0.93,100.0,2,On,1423.43,824.96
1792953300000000000,2026-10-25T18:35:00Z,free response,0.499,12.377,129.98,91.85,514.22,40.45,1.44,100.0,2,On,1017.05,972.68
1792953360000000000,2026-10-25T18:36:00Z,free response,0.394,12.19,37.29,120.66,0.75,40.52,0.89,84.27,2,On,1041.42,973.32
1792953420000000000,2026-10-25T18:37:00Z,free response,0.515,12.17,158.56,120.0,473.31,40.59,1.57,100.0,3,On,1019.41,1000.0
1792953480000000000,2026-10-25T18:38:00Z,controller 2,0.427,12.505,44.13,20.6,312.04,40.63,1.18,100.0,2,On,1030.63,1000.0
1792953540000000000,2026-10-25T18:39:00Z,controller 1,0.547,12.634,44.62,13.5,350.09,40.67,1.92,100.0,3,On,1017.87,1000.0
1792953600000000000,2026-10-25T18:40:00Z,free response,0.549,12.069,106.34,161.25,595.18,40.75,1.73,100.0,1,On,1055.15,1000.0
1792953660000000000,2026-10-25T18:41:00Z,controller 2,0.419,12.345,66.78,296.44,86.61,40.82,1.07,100.0,3,On,1092.05,998.09
1792953720000000000,2026-10-25T18:42:00Z,free response,0.508,12.449,162.17,308.07,242.54,40.87,1.71,100.0,2,On,1136.43,1000.0
1792953780000000000,2026-10-25T18:43:00Z,controller 1,0.545,12.493,60.46,61.54,234.18,40.9,1.7,100.0,2,On,1162.65,970.78
1792953840000000000,2026-10-25T18:44:00Z,controller 2,0.391,12.084,88.2,177.89,280.6,40.93,0.94,100.0,3,On,1202.19,987.33
1792953900000000000,2026-10-25T18:45:00Z,free response,0.534,12.278,90.9,69.36,571.31,41.0,1.74,100.0,2,On,1211.91,1000.0
1792953960000000000,2026-10-25T18:46:00Z,controller 1,0.471,12.253,170.65,40.47,535.08,41.07,1.41,100.0,3,On,1208.12,1000.0
1792954020000000000,2026-10-25T18:47:00Z,free response,0.433,12.099,98.49,366.29,71.73,41.14,1.22,100.0,2,On,1161.02,1000.0
1792954080000000000,2026-10-25T18:48:00Z,free response,0.545,12.333,77.13,334.15,81.07,41.22,1.79,100.0,3,On,1210.74,1000.0
1792954140000000000,2026-10-25T18:49:00Z,controller 2,0.41,12.487,-0.43,204.28,231.37,41.29,1.01,100.0,1,On,1166.25,973.82
1792954200000000000,2026-10-25T18:50:00Z,free response,0.516,12.128,-13.51,237.63,388.75,41.32,1.74,100.0,1,On,1154.27,986.88
1792954260000000000,2026-10-25T18:51:00Z,free response,0.414,12.665,137.26,222.01,181.72,41.38,0.99,100.0,1,On,1197.17,957.69
1792954320000000000,2026-10-25T18:52:00Z,free response,0.506,12.14,142.25,271.62,188.92,41.41,1.46,100.0,2,On,1192.92,982.49
1792954380000000000,2026-10-25T18:53:00Z,controller 2,0.443,12.761,33.05,185.82,377.21,41.46,1.18,100.0,1,On,1237.86,959.12
1792954440000000000,2026-10-25T18:54:00Z,controller 1,0.538,12.473,161.27,273.73,57.4,41.52,1.79,100.0,2,On,1269.92,974.33
1792954500000000000,2026-10-25T18:55:00Z,controller 2,0.501,12.443,161.53,77.53,196.29,41.56,1.57,100.0,3,On,1284.19,987.32
1792954560000000000,2026-10-25T18:56:00Z,free response,0.488,12.176,108.53,25.84,546.86,41.6,1.45,100.0,1,On,1303.66,981.52
1792954620000000000,2026-10-25T18:57:00Z,free response,0.501,12.318,48.85,445.81,414.81,41.67,1.4,100.0,2,On,1327.12,1000.0
1792954680000000000,2026-10-25T18:58:00Z,controller 2,0.54,12.708,86.1,35.4,402.0,41.7,1.82,100.0,3,On,1318.28,1000.0
1792954740000000000,2026-10-25T18:59:00Z,controller 1,0.486,12.097,-29.75,28.68,31.97,41.74,1.48,100.0,3,On,1350.91,1000.0
1792954800000000000,2026-10-25T19:00:00Z,free response,2.355,13.449,183.84,118.22,189.11,41.79,38.58,100.0,2,On,1378.5,1000.0
1792954860000000000,2026-10-25T19:01:00Z,controller 2,2.395,12.964,84.54,92.86,380.07,41.82,33.69,100.0,2,On,1395.45,997.27
1792954920000000000,2026-10-25T19:02:00Z,controller 1,2.528,13.459,179.05,314.54,318.73,41.9,41.93,100.0,1,On,1437.6,980.83
1792954980000000000,2026-10-25T19:03:00Z,controller 1,2.441,13.198,176.88,255.29,244.85,41.93,41.27,100.0,1,On,1460.73,960.12
1792955040000000000,2026-10-25T19:04:00Z,controller 1,2.444,13.087,-15.59,398.45,47.24,41.98,37.37,100.0,3,On,1500.0,985.14
1792955100000000000,2026-10-25T19:05:00Z,controller 2,2.402,13.529,25.92,358.07,323.56,42.02,39.62,100.0,1,On,1470.58,976.99
1792955160000000000,2026-10-25T19:06:00Z,free response,2.36,13.26,74.77,392.03,231.48,42.05,40.27,100.0,2,On,1488.71,967.63
1792955220000000000,2026-10-25T19:07:00Z,free response,2.407,13.392,187.1,6.46,405.22,42.09,39.75,100.0,3,On,1500.0,995.27
1792955280000000000,2026-10-25T19:08:00Z,free response,2.409,13.155,95.73,250.99,506.28,42.17,38.77,100.0,2,On,1500.0,1000.0
1792955340000000000,2026-10-25T19:09:00Z,controller 1,2.377,12.982,190.88,428.26,171.28,42.23,39.76,100.0,3,On,1500.0,1000.0
1792955400000000000,2026-10-25T19:10:00Z,controller 1,2.431,13.482,-28.83,364.33,503.43,42.3,40.31,100.0,1,On,1490.86,1000.0
1792955460000000000,2026-10-25T19:11:00Z,free response,2.444,13.557,71.06,327.78,337.08,42.36,41.81,100.0,1,On,1493.89,1000.0
1792955520000000000,2026-10-25T19:12:00Z,controller 1,2.457,13.512,119.94,5.82,342.55,42.41,41.92,100.0,2,On,1469.98,986.96
1792955580000000000,2026-10-25T19:13:00Z,controller 1,2.442,13.37,26.17,66.47,77.46,42.46,37.05,100.0,2,On,1476.91,979.69
1792955640000000000,2026-10-25T19:14:00Z,free response,2.393,13.185,173.85,446.21,473.79,42.54,38.39,100.0,1,On,969.14,407.39
1792955700000000000,2026-10-25T19:15:00Z,free response,2.523,13.326,59.6,160.95,483.65,42.58,44.61,100.0,1,On,925.46,418.25
1792955760000000000,2026-10-25T19:16:00Z,controller 2,2.412,13.084,175.67,358.89,101.96,42.63,38.2,100.0,1,On,925.37,440.57
1792955820000000000,2026-10-25T19:17:00Z,free response,2.425,13.382,111.29,378.68,150.97,42.7,43.25,100.0,1,On,923.83,418.61
1792955880000000000,2026-10-25T19:18:00Z,free response,2.444,13.074,154.55,221.3,574.85,42.78,40.55,100.0,3,On,890.42,394.95
1792955940000000000,2026-10-25T19:19:00Z,controller 2,2.423,13.346,72.37,311.43,547.97,42.85,36.94,100.0,2,On,844.27,407.2
1792956000000000000,2026-10-25T19:20:00Z,free response,2.502,13.232,10.78,404.15,242.17,42.92,43.27,100.0,1,Starting,877.97,392.29
1792956060000000000,2026-10-25T19:21:00Z,controller 2,2.457,13.045,125.47,326.47,423.57,42.99,37.43,100.0,3,Starting,884.21,419.0
1792956120000000000,2026-10-25T19:22:00Z,controller 2,2.463,13.068,40.63,316.96,475.89,43.06,37.71,100.0,1,Starting,895.76,439.5
1792956180000000000,2026-10-25T19:23:00Z,controller 2,2.519,13.259,163.52,215.71,584.55,43.12,42.19,100.0,2,Starting,941.28,462.87
1792956240000000000,2026-10-25T19:24:00Z,controller 2,2.499,13.212,-6.95,341.12,427.59,43.16,37.67,100.0,1,Starting,895.69,491.77
1792956300000000000,2026-10-25T19:25:00Z,controller 2,2.424,13.225,62.51,283.89,158.36,43.24,36.78,100.0,1,Starting,928.21,481.84
1792956360000000000,2026-10-25T19:26:00Z,controller 2,2.417,13.293,60.77,307.82,472.32,43.27,40.95,100.0,2,Starting,940.27,496.34
1792956420000000000,2026-10-25T19:27:00Z,controller 2,2.389,13.258,9.66,425.11,280.71,43.33,36.45,100.0,3,Starting,961.05,469.84
1792956480000000000,2026-10-25T19:28:00Z,controller 1,2.463,13.356,164.34,280.51,84.56,43.41,37.94,100.0,3,Starting,974.18,454.13
1792956540000000000,2026-10-25T19:29:00Z,controller 1,2.424,13.342,137.57,329.37,364.67,43.5,38.87,100.0,1,Starting,976.26,432.93
1792956600000000000,2026-10-25T19:30:00Z,controller 2,2.884,2.572,31.98,159.57,311.17,43.55,11.33,100.0,2,Starting,946.37,446.59
1792956660000000000,2026-10-25T19:31:00Z,controller 2,2.928,2.867,89.74,117.52,322.41,43.61,12.97,100.0,1,Starting,984.71,437.52
1792956720000000000,2026-10-25T19:32:00Z,controller 2,2.905,2.886,181.41,277.49,189.11,43.65,11.8,100.0,3,Starting,1020.26,414.59
1792956780000000000,2026-10-25T19:33:00Z,free response,2.906,2.859,105.24,137.6,363.29,43.72,12.69,100.0,3,Starting,978.78,428.95
1792956840000000000,2026-10-25T19:34:00Z,controller 1,2.825,2.825,105.74,77.34,35.48,43.76,10.19,100.0,2,Starting,952.0,399.18
1792956900000000000,2026-10-25T19:35:00Z,controller 2,2.906,2.954,134.96,435.17,297.2,43.79,12.65,100.0,3,Starting,933.62,417.85
1792956960000000000,2026-10-25T19:36:00Z,controller 1,2.844,2.836,-6.18,38.22,8.98,43.86,12.12,74.09,1,Starting,1029.75,316.91
1792957020000000000,2026-10-25T19:37:00Z,free response,2.878,2.967,110.67,54.71,173.51,43.93,12.12,100.0,2,Starting,918.91,402.16
1792957080000000000,2026-10-25T19:38:00Z,controller 1,2.811,2.355,131.81,440.36,507.06,43.98,10.11,100.0,2,Starting,916.17,430.91
1792957140000000000,2026-10-25T19:39:00Z,controller 1,2.909,2.735,65.33,108.28,238.3,44.03,11.35,100.0,2,Starting,922.37,404.34
1792957200000000000,2026-10-25T19:40:00Z,controller 2,2.858,2.753,36.39,206.18,73.95,44.1,11.17,100.0,1,Starting,968.51,418.7
1792957260000000000,2026-10-25T19:41:00Z,free response,2.817,2.801,138.26,391.26,501.22,44.12,10.32,100.0,1,Starting,927.23,428.61
1792957320000000000,2026-10-25T19:42:00Z,controller 1,2.887,2.666,115.37,319.17,313.12,44.18,10.15,100.0,2,Starting,910.71,409.4
1792957380000000000,2026-10-25T19:43:00Z,free response,2.83,2.552,-10.91,293.98,321.02,44.22,9.63,100.0,2,Starting,899.73,436.22
1792957440000000000,2026-10-25T19:44:00Z,controller 2,2.793,2.928,63.58,188.56,279.9,44.28,11.72,100.0,1,Starting,864.68,422.41
1792957500000000000,2026-10-25T19:45:00Z,controller 1,2.779,2.621,76.29,448.04,364.25,44.36,10.04,100.0,2,Starting,885.11,443.83
1792957560000000000,2026-10-25T19:46:00Z,controller 2,2.881,2.698,175.11,199.36,394.68,44.41,11.76,100.0,1,Starting,839.01,454.64
1792957620000000000,2026-10-25T19:47:00Z,controller 1,2.908,2.804,142.88,331.41,474.77,44.46,11.53,100.0,1,Starting,873.19,448.43
1792957680000000000,2026-10-25T19:48:00Z,controller 1,2.842,2.594,29.23,26.27,570.23,44.5,11.4,100.0,2,Starting,861.73,471.17
1792957740000000000,2026-10-25T19:49:00Z,controller 1,2.882,2.888,79.32,100.82,21.33,44.58,12.07,100.0,2,Starting,816.22,488.34
1792957800000000000,2026-10-25T19:50:00Z,controller 1,2.787,2.472,54.78,18.53,430.69,44.62,9.47,100.0,1,Starting,788.43,510.53
1792957860000000000,2026-10-25T19:51:00Z,free response,2.829,2.649,144.19,62.48,321.96,44.65,10.83,100.0,1,Starting,796.56,506.73
1792957920000000000,2026-10-25T19:52:00Z,controller 2,2.827,2.569,187.98,123.72,345.28,44.71,9.24,100.0,3,Starting,832.91,515.41
1792957980000000000,2026-10-25T19:53:00Z,controller 2,2.851,2.753,55.87,11.81,596.75,44.75,12.0,100.0,3,Starting,832.85,525.69
1792958040000000000,2026-10-25T19:54:00Z,free response,2.922,2.672,89.62,314.46,199.59,44.82,11.75,100.0,3,Starting,881.67,508.79
1792958100000000000,2026-10-25T19:55:00Z,controller 1,2.771,2.328,146.58,5.28,598.67,44.85,8.11,100.0,2,Starting,923.89,499.77
1792958160000000000,2026-10-25T19:56:00Z,free response,2.894,2.24,-21.0,345.66,262.59,44.93,9.74,100.0,2,Starting,936.67,503.3
1792958220000000000,2026-10-25T19:57:00Z,free response,2.855,2.564,20.58,199.23,473.05,44.97,10.25,100.0,3,Starting,1093.04,417.69
1792958280000000000,2026-10-25T19:58:00Z,controller 2,2.872,2.245,65.68,58.74,150.23,45.01,8.5,100.0,3,Starting,1138.55,429.68
1792958340000000000,2026-10-25T19:59:00Z,controller 2,2.932,2.353,68.91,308.61,381.81,45.06,9.45,100.0,1,Starting,1108.8,406.35
1792958400000000000,2026-10-25T20:00:00Z,controller 1,0.789,2.455,-5.85,401.25,356.34,45.14,0.81,100.0,1,Starting,1073.84,380.09
1792958460000000000,2026-10-25T20:01:00Z,free response,0.736,2.165,136.1,63.58,146.05,45.2,0.6,100.0,2,Starting,1122.51,361.49
1792958520000000000,2026-10-25T20:02:00Z,free response,0.75,2.318,95.61,8.1,203.66,45.27,0.64,100.0,3,Starting,1122.59,370.53
1792958580000000000,2026-10-25T20:03:00Z,controller 2,0.69,2.534,94.38,31.89,83.23,45.33,0.56,100.0,1,Starting,1123.7,374.95
1792958640000000000,2026-10-25T20:04:00Z,controller 2,0.767,2.331,10.82,44.81,151.44,45.38,0.69,100.0,1,Starting,1107.45,389.94
1792958700000000000,2026-10-25T20:05:00Z,free response,0.709,2.232,30.76,329.76,88.57,45.43,0.55,100.0,2,Starting,1075.18,410.62
1792958760000000000,2026-10-25T20:06:00Z,free response,0.674,2.124,99.32,334.18,81.11,45.51,0.45,100.0,1,Starting,1125.09,425.48
1792958820000000000,2026-10-25T20:07:00Z,controller 1,0.659,2.072,76.97,301.81,145.39,45.54,0.47,100.0,3,Starting,1157.01,455.09
1792958880000000000,2026-10-25T20:08:00Z,controller 2,0.675,2.363,-3.25,436.99,77.0,45.62,0.57,100.0,1,Off,1117.86,429.19
1792958940000000000,2026-10-25T20:09:00Z,free response,0.685,2.378,149.74,232.43,64.92,45.7,0.52,100.0,2,Off,1083.6,446.2
1792959000000000000,2026-10-25T20:10:00Z,controller 2,0.696,2.629,40.82,388.79,597.85,45.76,0.65,100.0,2,Off,1064.79,463.09
1792959060000000000,2026-10-25T20:11:00Z,controller 2,0.67,2.248,16.97,348.76,252.5,45.83,0.55,100.0,2,Off,1097.22,467.81
1792959120000000000,2026-10-25T20:12:00Z,controller 1,0.71,1.944,52.58,258.99,386.08,45.91,0.48,100.0,1,Off,1081.77,455.91
1792959180000000000,2026-10-25T20:13:00Z,controller 2,0.619,2.16,184.65,250.96,36.8,45.94,0.43,100.0,1,Off,1102.2,445.81
1792959240000000000,2026-10-25T20:14:00Z,controller 2,0.717,2.06,53.49,287.27,487.03,46.0,0.58,100.0,1,Off,1126.84,425.43
1792959300000000000,2026-10-25T20:15:00Z,controller 2,0.774,2.6,114.56,145.26,159.19,46.05,0.79,100.0,1,Off,1123.22,424.37
1792959360000000000,2026-10-25T20:16:00Z,controller 2,0.616,2.211,47.42,4.22,71.48,46.08,0.39,100.0,2,Off,1086.85,403.58
1792959420000000000,2026-10-25T20:17:00Z,controller 2,0.659,2.358,41.18,41.38,50.25,46.16,0.55,100.0,3,Off,1087.4,419.15
1792959480000000000,2026-10-25T20:18:00Z,free response,0.617,2.001,38.34,72.07,569.07,46.22,0.4,100.0,2,Off,569.0,327.3
1792959540000000000,2026-10-25T20:19:00Z,free response,0.649,2.516,131.46,110.12,429.33,46.28,0.5,100.0,1,Off,603.79,345.74
1792959600000000000,2026-10-25T20:20:00Z,free response,0.67,2.253,146.54,2.78,321.8,46.33,0.47,100.0,3,Off,580.6,363.81
1792959660000000000,2026-10-25T20:21:00Z,controller 1,0.635,2.503,181.74,257.92,380.69,46.38,0.52,100.0,2,Off,532.66,392.06
1792959720000000000,2026-10-25T20:22:00Z,controller 1,0.655,2.505,138.04,207.63,340.48,46.46,0.58,100.0,1,Off,533.2,367.17
1792959780000000000,2026-10-25T20:23:00Z,free response,0.766,1.953,-12.88,395.69,302.64,46.54,0.63,100.0,2,Off,575.31,383.86
1792959840000000000,2026-10-25T20:24:00Z,controller 1,0.644,1.942,112.99,178.62,357.9,46.56,0.37,100.0,3,Off,622.37,373.84
1792959900000000000,2026-10-25T20:25:00Z,controller 1,0.684,2.183,142.87,138.96,306.99,46.61,0.53,100.0,1,Off,603.5,353.49
1792959960000000000,2026-10-25T20:26:00Z,free response,0.719,2.612,115.35,26.42,404.84,46.65,0.69,100.0,2,Off,569.17,359.03
1792960020000000000,2026-10-25T20:27:00Z,controller 1,0.671,2.498,180.44,154.4,136.66,46.72,0.58,100.0,3,Off,605.55,343.37
1792960080000000000,2026-10-25T20:28:00Z,controller 1,0.628,2.145,1.23,207.03,264.99,46.81,0.4,100.0,2,Off,644.41,356.98
1792960140000000000,2026-10-25T20:29:00Z,controller 2,0.715,2.091,5.26,330.68,193.87,46.87,0.54,100.0,3,Off,669.45,362.48
1792960200000000000,2026-10-25T20:30:00Z,controller 2,0.153,7.655,18.73,356.43,196.92,46.94,0.1,100.0,3,Off,671.82,391.56
1792960260000000000,2026-10-25T20:31:00Z,controller 1,0.268,7.843,82.91,296.18,157.46,47.0,0.31,100.0,1,Off,692.74,402.85
1792960320000000000,2026-10-25T20:32:00Z,controller 2,0.163,7.633,-16.53,322.59,55.73,47.07,0.1,100.0,2,Off,741.76,383.17
1792960380000000000,2026-10-25T20:33:00Z,controller 2,0.159,8.088,36.17,89.82,457.51,47.12,0.11,100.0,1,Off,725.83,412.88
1792960440000000000,2026-10-25T20:34:00Z,controller 1,0.203,8.106,35.24,144.58,163.05,47.18,0.18,100.0,1,Off,774.59,867.0
1792960500000000000,2026-10-25T20:35:00Z,controller 1,0.264,7.825,81.91,274.98,531.38,47.25,0.28,100.0,2,Off,793.79,889.31
1792960560000000000,2026-10-25T20:36:00Z,free response,0.295,7.653,1.44,347.4,166.12,47.28,0.33,100.0,3,Off,799.04,887.42
1792960620000000000,2026-10-25T20:37:00Z,controller 1,0.281,7.694,143.62,96.09,556.82,47.36,0.29,100.0,3,Off,777.34,898.85
1792960680000000000,2026-10-25T20:38:00Z,controller 2,0.176,7.716,-8.69,366.6,77.96,47.44,0.13,100.0,2,Off,746.61,875.06
1792960740000000000,2026-10-25T20:39:00Z,free response,0.144,7.644,127.67,306.65,506.0,47.5,0.08,100.0,3,Off,730.89,877.41
1792960800000000000,2026-10-25T20:40:00Z,controller 1,0.246,7.806,43.33,16.48,382.0,47.56,0.25,100.0,3,Off,705.19,854.05
1792960860000000000,2026-10-25T20:41:00Z,controller 2,0.15,7.761,-2.35,202.0,378.33,47.64,0.09,100.0,3,Off,724.28,829.19
1792960920000000000,2026-10-25T20:42:00Z,controller 1,0.152,7.893,162.86,230.61,169.8,47.7,0.09,100.0,3,Off,734.77,811.0
1792960980000000000,2026-10-25T20:43:00Z,controller 2,0.236,7.959,70.17,195.74,541.73,47.75,0.23,100.0,1,Off,693.87,818.09
1792961040000000000,2026-10-25T20:44:00Z,controller 1,0.244,7.607,-1.19,191.41,347.62,47.8,0.22,100.0,1,Off,669.38,834.31
1792961100000000000,2026-10-25T20:45:00Z,free response,0.174,7.801,6.26,90.56,273.26,47.86,0.12,100.0,3,Off,692.29,850.64
1792961160000000000,2026-10-25T20:46:00Z,controller 1,0.269,7.612,-10.71,26.44,488.27,47.89,0.27,100.0,1,Off,728.23,826.43
1792961220000000000,2026-10-25T20:47:00Z,free response,0.135,8.014,155.63,292.89,225.67,47.94,0.07,100.0,3,Off,683.44,827.04
1792961280000000000,2026-10-25T20:48:00Z,free response,0.146,7.725,-26.52,374.33,345.51,48.03,0.08,100.0,2,Off,974.26,477.97
1792961340000000000,2026-10-25T20:49:00Z,controller 2,0.279,7.625,18.79,14.05,41.53,48.07,0.28,100.0,2,Off,953.89,448.35
1792961400000000000,2026-10-25T20:50:00Z,controller 1,0.184,7.543,42.6,123.47,289.8,48.1,0.12,100.0,1,Off,984.34,707.37
1792961460000000000,2026-10-25T20:51:00Z,controller 1,0.181,7.608,191.36,126.93,437.97,48.15,0.11,100.0,3,Off,994.64,679.74
1792961520000000000,2026-10-25T20:52:00Z,free response,0.282,8.113,182.64,142.3,585.37,48.19,0.35,100.0,2,Off,978.13,686.23
1792961580000000000,2026-10-25T20:53:00Z,free response,0.263,8.025,126.64,336.78,519.37,48.24,0.29,100.0,2,Off,970.49,696.77
1792961640000000000,2026-10-25T20:54:00Z,free response,0.285,7.86,155.0,73.49,77.21,48.27,0.3,100.0,2,Off,987.49,706.57
1792961700000000000,2026-10-25T20:55:00Z,free response,0.3,7.908,183.45,384.54,280.1,48.31,0.37,100.0,2,Off,986.35,691.68
1792961760000000000,2026-10-25T20:56:00Z,free response,0.238,7.727,158.18,260.67,496.66,48.34,0.24,100.0,1,Off,939.91,696.65
1792961820000000000,2026-10-25T20:57:00Z,controller 2,0.303,8.105,186.55,353.79,378.82,48.42,0.36,100.0,1,Off,892.46,724.12
1792961880000000000,2026-10-25T20:58:00Z,controller 1,0.148,7.736,106.5,417.53,25.46,48.48,0.08,100.0,3,Off,895.0,696.83
1792961940000000000,2026-10-25T20:59:00Z,free response,0.206,7.886,0.09,216.41,354.21,48.53,0.17,100.0,3,Off,902.94,697.49
1792962000000000000,2026-10-25T21:00:00Z,free response,1.878,10.162,156.57,26.43,176.0,48.58,18.32,100.0,1,Off,884.05,721.06
1792962060000000000,2026-10-25T21:01:00Z,controller 2,1.833,10.432,95.38,109.01,573.78,48.64,17.43,100.0,1,Off,857.26,719.26
1792962120000000000,2026-10-25T21:02:00Z,controller 2,1.728,10.062,126.16,358.35,367.22,48.72,15.95,100.0,2,Off,871.99,719.06
1792962180000000000,2026-10-25T21:03:00Z,free response,1.813,10.531,148.34,53.76,381.83,48.79,15.79,100.0,1,Off,847.83,711.62
1792962240000000000,2026-10-25T21:04:00Z,free response,1.74,10.736,176.12,263.49,577.55,48.84,17.59,100.0,3,Off,814.95,698.51
1792962300000000000,2026-10-25T21:05:00Z,free response,1.711,10.229,56.2,428.65,340.77,48.89,14.05,100.0,2,Off,828.65,680.64
1792962360000000000,2026-10-25T21:06:00Z,free response,1.794,10.424,53.25,130.83,281.35,48.95,15.89,100.0,3,Off,800.8,659.27
1792962420000000000,2026-10-25T21:07:00Z,controller 1,1.778,10.609,109.28,359.68,304.92,49.04,17.85,100.0,3,Off,823.09,632.1
1792962480000000000,2026-10-25T21:08:00Z,controller 2,1.827,10.191,155.52,196.36,36.08,49.1,17.44,100.0,2,Off,859.55,626.42
1792962540000000000,2026-10-25T21:09:00Z,controller 1,1.747,10.584,27.95,134.9,567.14,49.15,15.24,100.0,3,Off,905.03,644.58
1792962600000000000,2026-10-25T21:10:00Z,controller 2,1.846,10.321,56.11,288.03,219.18,49.22,16.68,100.0,3,Off,911.79,634.6
1792962660000000000,2026-10-25T21:11:00Z,free response,1.801,10.275,24.64,167.45,439.61,49.25,16.55,100.0,1,Off,946.76,611.85
1792962720000000000,2026-10-25T21:12:00Z,controller 2,1.811,10.39,135.19,7.92,500.1,49.3,15.72,100.0,1,Off,935.96,637.55
1792962780000000000,2026-10-25T21:13:00Z,controller 1,1.822,10.412,-25.15,1.61,305.64,49.38,18.77,100.0,1,Off,809.32,413.05
1792962840000000000,2026-10-25T21:14:00Z,controller 2,1.825,10.515,173.79,323.71,449.13,49.43,18.43,100.0,2,Off,849.57,437.9
1792962900000000000,2026-10-25T21:15:00Z,controller 1,1.781,10.046,51.5,57.18,562.26,49.5,16.95,100.0,2,Off,879.84,461.53
1792962960000000000,2026-10-25T21:16:00Z,controller 2,1.767,10.272,80.93,354.65,376.46,49.54,16.28,100.0,2,Off,845.36,482.93
1792963020000000000,2026-10-25T21:17:00Z,free response,1.766,10.779,21.04,299.39,518.26,49.58,18.39,100.0,1,Off,840.97,470.33
1792963080000000000,2026-10-25T21:18:00Z,controller 1,1.723,10.08,41.63,324.57,580.71,49.66,16.43,100.0,3,Off,879.47,459.52
1792963140000000000,2026-10-25T21:19:00Z,controller 1,1.743,10.145,132.36,47.38,382.68,49.74,14.64,100.0,2,Off,915.37,472.04
1792963200000000000,2026-10-25T21:20:00Z,controller 2,1.864,10.572,192.97,416.12,154.41,49.81,19.13,100.0,2,Off,962.14,477.1
1792963260000000000,2026-10-25T21:21:00Z,free response,1.751,10.052,164.79,211.73,289.7,49.85,15.34,100.0,3,Off,1264.73,681.18
1792963320000000000,2026-10-25T21:22:00Z,controller 1,1.823,10.323,107.21,82.11,477.55,49.93,18.2,100.0,3,Off,1279.62,658.84
1792963380000000000,2026-10-25T21:23:00Z,free response,1.767,10.755,128.96,63.79,500.7,50.0,15.37,100.0,3,Off,1306.4,630.03
1792963440000000000,2026-10-25T21:24:00Z,free response,1.851,10.702,-9.64,79.78,209.93,50.05,17.78,100.0,1,Off,1285.96,649.14
1792963500000000000,2026-10-25T21:25:00Z,controller 1,1.841,10.349,-15.94,76.29,428.21,50.08,18.53,100.0,3,Off,1295.48,663.64
1792963560000000000,2026-10-25T21:26:00Z,controller 2,1.81,10.246,194.58,2.85,590.31,50.13,16.08,100.0,2,Off,1310.77,670.31
1792963620000000000,2026-10-25T21:27:00Z,controller 1,1.767,10.071,132.74,273.22,590.78,50.21,15.17,100.0,3,Off,1294.22,685.13
1792963680000000000,2026-10-25T21:28:00Z,free response,1.766,10.345,-15.21,257.32,599.83,50.27,15.55,100.0,3,Off,1330.63,661.7
1792963740000000000,2026-10-25T21:29:00Z,free response,1.771,10.658,158.18,148.84,429.23,50.35,16.48,100.0,3,Off,689.35,923.58
1792963800000000000,2026-10-25T21:30:00Z,free response,0.346,7.528,146.95,366.09,50.43,50.41,0.42,100.0,3,Off,673.65,895.71
1792963860000000000,2026-10-25T21:31:00Z,free response,0.281,7.255,-6.07,230.46,89.37,50.46,0.31,100.0,2,Off,692.64,883.47
1792963920000000000,2026-10-25T21:32:00Z,free response,0.396,7.287,104.8,138.29,11.1,50.52,0.53,100.0,3,Off,705.58,877.57
1792963980000000000,2026-10-25T21:33:00Z,controller 2,0.285,7.662,191.74,329.53,452.68,50.6,0.32,100.0,3,Off,715.81,888.78
1792964040000000000,2026-10-25T21:34:00Z,free response,0.411,7.805,83.98,226.69,91.7,50.65,0.67,100.0,1,Off,714.54,898.64
1792964100000000000,2026-10-25T21:35:00Z,controller 2,0.438,7.305,192.77,135.76,459.3,50.68,0.66,100.0,1,Off,708.62,910.61
1792964160000000000,2026-10-25T21:36:00Z,controller 1,0.411,7.654,171.47,21.06,436.39,50.66,0.64,100.0,2,Off,666.85,908.64
1792964220000000000,2026-10-25T21:37:00Z,free response,0.346,7.767,12.37,407.55,226.33,50.63,0.43,100.0,1,Off,629.31,911.68
1792964280000000000,2026-10-25T21:38:00Z,free response,0.344,7.618,2.89,81.04,555.12,50.61,0.48,100.0,1,Off,586.8,909.87
1792964340000000000,2026-10-25T21:39:00Z,controller 1,0.408,7.127,166.41,2.56,304.17,50.6,0.65,100.0,1,Off,605.2,882.61
1792964400000000000,2026-10-25T21:40:00Z,controller 2,0.433,7.76,198.85,237.83,487.36,50.59,0.79,100.0,1,Off,763.79,521.0
1792964460000000000,2026-10-25T21:41:00Z,free response,0.411,7.156,187.15,203.03,541.02,50.57,0.61,100.0,3,Off,770.12,506.02
1792964520000000000,2026-10-25T21:42:00Z,free response,0.45,7.615,154.09,422.54,312.22,50.55,0.78,100.0,3,Off,819.75,516.12
1792964580000000000,2026-10-25T21:43:00Z,controller 2,0.402,7.307,-21.75,63.16,523.97,50.52,0.57,100.0,2,Off,825.77,529.64
1792964640000000000,2026-10-25T21:44:00Z,controller 2,0.352,7.065,27.45,433.07,475.69,50.49,0.43,100.0,1,Off,692.33,996.94
1792964700000000000,2026-10-25T21:45:00Z,controller 1,0.28,7.74,169.16,53.43,559.04,50.47,0.33,100.0,1,Off,696.02,1000.0
1792964760000000000,2026-10-25T21:46:00Z,controller 2,0.323,7.578,132.86,342.98,19.65,50.46,0.41,100.0,1,Off,646.7,989.25
1792964820000000000,2026-10-25T21:47:00Z,controller 1,0.415,7.618,161.26,425.05,359.96,50.45,0.64,100.0,1,Off,669.49,973.64
1792964880000000000,2026-10-25T21:48:00Z,free response,0.281,7.777,157.33,211.24,98.3,50.42,0.32,100.0,1,Off,623.54,982.28
1792964940000000000,2026-10-25T21:49:00Z,controller 2,0.34,7.627,116.38,7.43,123.72,50.39,0.47,100.0,3,Off,641.11,995.91
1792965000000000000,2026-10-25T21:50:00Z,free response,0.282,7.514,154.35,100.21,219.95,50.37,0.28,100.0,3,Off,669.54,1000.0
1792965060000000000,2026-10-25T21:51:00Z,controller 2,0.426,7.484,173.76,239.37,285.47,50.34,0.74,100.0,2,Off,690.12,970.54
1792965120000000000,2026-10-25T21:52:00Z,controller 1,0.436,7.7,38.54,340.64,29.87,50.32,0.67,100.0,2,Off,704.94,962.81
1792965180000000000,2026-10-25T21:53:00Z,free response,0.337,7.282,-15.74,302.31,382.04,50.3,0.38,100.0,1,Off,803.71,392.97
1792965240000000000,2026-10-25T21:54:00Z,free response,0.358,7.472,158.85,50.02,291.78,50.27,0.48,100.0,1,Off,836.1,413.72
1792965300000000000,2026-10-25T21:55:00Z,controller 2,0.274,7.736,88.32,57.13,555.63,50.26,0.31,100.0,1,Off,819.78,436.32
1792965360000000000,2026-10-25T21:56:00Z,controller 1,0.334,7.066,40.19,241.15,439.36,50.24,0.37,100.0,3,Off,802.63,456.66
1792965420000000000,2026-10-25T21:57:00Z,controller 2,0.365,7.281,158.94,237.9,447.53,50.22,0.45,100.0,3,Off,814.73,447.26
1792965480000000000,2026-10-25T21:58:00Z,controller 2,0.322,7.198,-4.12,24.46,473.32,50.2,0.34,100.0,2,Off,829.98,476.54
1792965540000000000,2026-10-25T21:59:00Z,controller 1,0.398,7.433,20.81,439.72,287.34,50.16,0.56,100.0,3,Off,795.33,502.64
1792965600000000000,2026-10-25T22:00:00Z,controller 1,0.759,12.039,103.81,94.47,526.2,50.16,3.32,100.0,1,Off,754.51,483.65
1792965660000000000,2026-10-25T22:01:00Z,free response,0.71,12.27,121.81,360.75,1.77,50.14,3.07,57.65,3,Off,792.52,461.44
1792965720000000000,2026-10-25T22:02:00Z,controller 2,0.756,12.711,-29.44,308.82,416.46,50.12,3.88,100.0,1,Off,824.95,452.82
1792965780000000000,2026-10-25T22:03:00Z,controller 2,0.761,12.111,40.49,225.78,357.56,50.1,3.38,100.0,1,Off,835.57,464.52
1792965840000000000,2026-10-25T22:04:00Z,controller 2,0.647,12.472,171.53,91.54,8.29,50.09,2.57,100.0,1,Off,846.04,449.75
1792965900000000000,2026-10-25T22:05:00Z,controller 1,0.755,12.365,94.04,235.66,258.87,50.05,3.82,100.0,1,Off,809.3,466.72
1792965960000000000,2026-10-25T22:06:00Z,free response,0.697,12.31,155.25,272.78,319.29,50.05,2.88,100.0,2,Off,815.87,476.87
1792966020000000000,2026-10-25T22:07:00Z,controller 2,0.714,12.782,68.87,116.5,211.97,50.01,3.18,100.0,2,Off,798.88,506.6
1792966080000000000,2026-10-25T22:08:00Z,free response,0.682,12.721,192.25,415.03,259.42,49.98,3.08,100.0,1,Off,848.82,502.99
1792966140000000000,2026-10-25T22:09:00Z,controller 2,0.646,12.582,65.77,261.53,103.08,49.97,2.41,100.0,3,Off,1096.37,418.46
1792966200000000000,2026-10-25T22:10:00Z,free response,0.804,12.221,192.79,376.12,141.59,49.95,3.71,100.0,3,Off,1110.82,389.94
1792966260000000000,2026-10-25T22:11:00Z,controller 1,0.662,12.627,28.36,80.88,183.77,49.94,2.67,100.0,1,Off,1144.06,389.62
1792966320000000000,2026-10-25T22:12:00Z,controller 2,0.8,12.72,162.69,128.19,239.97,49.91,4.28,100.0,3,Off,1107.43,418.96
1792966380000000000,2026-10-25T22:13:00Z,controller 1,0.807,12.493,-22.63,231.36,371.77,49.88,4.38,100.0,3,Off,1087.49,429.27
1792966440000000000,2026-10-25T22:14:00Z,controller 1,0.709,12.584,135.4,204.51,198.44,49.86,3.07,100.0,3,Off,1084.05,401.57
1792966500000000000,2026-10-25T22:15:00Z,free response,0.73,12.267,188.22,18.01,3.43,49.85,3.49,98.28,3,Off,1060.42,381.39
1792966560000000000,2026-10-25T22:16:00Z,free response,0.699,12.344,185.19,442.3,188.99,49.83,2.9,100.0,1,Off,1036.95,377.43
1792966620000000000,2026-10-25T22:17:00Z,free response,0.707,12.133,110.73,99.16,424.29,49.82,2.95,100.0,3,Off,1048.68,405.48
1792966680000000000,2026-10-25T22:18:00Z,controller 1,0.729,12.332,175.65,231.26,501.68,49.81,3.33,100.0,2,Off,1046.99,391.35
1792966740000000000,2026-10-25T22:19:00Z,free response,0.742,12.507,11.53,198.27,83.12,49.79,3.33,100.0,1,Off,1089.47,364.12
1792966800000000000,2026-10-25T22:20:00Z,controller 1,0.688,12.64,64.52,158.65,130.07,49.76,3.09,100.0,3,Off,1115.73,340.27
1792966860000000000,2026-10-25T22:21:00Z,controller 1,0.774,12.769,41.21,362.56,590.77,49.73,4.13,100.0,2,Off,1114.01,317.1
1792966920000000000,2026-10-25T22:22:00Z,controller 2,0.736,12.702,-18.64,211.6,251.55,49.71,3.77,100.0,2,Off,1083.38,305.99
1792966980000000000,2026-10-25T22:23:00Z,controller 2,0.756,12.687,87.46,254.15,366.35,49.7,3.89,100.0,2,Off,1083.38,280.99
1792967040000000000,2026-10-25T22:24:00Z,controller 2,0.761,12.785,146.83,154.57,48.65,49.69,4.03,100.0,3,Off,1037.85,290.95
1792967100000000000,2026-10-25T22:25:00Z,free response,0.727,12.582,34.24,41.21,531.25,49.66,3.65,100.0,1,Off,1084.43,298.28
1792967160000000000,2026-10-25T22:26:00Z,controller 2,0.815,12.471,-21.84,72.86,131.85,49.64,4.16,100.0,2,Off,1129.34,305.89
1792967220000000000,2026-10-25T22:27:00Z,free response,0.814,12.653,24.9,24.37,277.5,49.62,3.87,100.0,3,Off,1158.47,309.57
1792967280000000000,2026-10-25T22:28:00Z,controller 1,0.735,12.285,6.59,440.67,487.17,49.59,3.26,100.0,3,Off,1153.19,681.49
1792967340000000000,2026-10-25T22:29:00Z,free response,0.798,12.04,20.71,110.12,218.38,49.57,3.45,100.0,1,Off,1159.55,702.69
1792967400000000000,2026-10-25T22:30:00Z,controller 1,2.266,13.471,10.75,133.34,478.28,49.55,36.25,100.0,1,Off,1114.61,722.67
1792967460000000000,2026-10-25T22:31:00Z,controller 2,2.386,13.952,144.35,444.06,513.85,49.54,38.92,100.0,1,Off,1110.66,731.73
1792967520000000000,2026-10-25T22:32:00Z,controller 2,2.35,13.819,62.26,398.62,194.48,49.5,34.49,100.0,1,Off,1119.41,735.25
1792967580000000000,2026-10-25T22:33:00Z,controller 2,2.302,14,189.67,84.48,279.47,49.49,33.47,100.0,1,Off,1104.42,740.73
1792967640000000000,2026-10-25T22:34:00Z,controller 1,2.33,13.839,12.66,277.33,457.2,49.47,35.94,100.0,3,Off,1140.7,746.46
1792967700000000000,2026-10-25T22:35:00Z,controller 1,2.35,14,149.95,28.48,487.26,49.45,38.36,100.0,2,Off,1143.35,750.58
1792967760000000000,2026-10-25T22:36:00Z,free response,2.384,13.472,47.56,263.26,393.08,49.44,35.13,100.0,3,Off,1106.78,769.43
1792967820000000000,2026-10-25T22:37:00Z,controller 1,2.353,14,-18.32,154.25,373.68,49.43,37.57,100.0,3,Off,1120.97,783.75
1792967880000000000,2026-10-25T22:38:00Z,controller 1,2.318,13.606,58.3,417.54,543.94,49.4,36.45,100.0,1,Off,1165.83,787.96
1792967940000000000,2026-10-25T22:39:00Z,free response,2.394,13.925,143.73,144.05,294.29,49.39,38.2,100.0,1,Off,1194.27,778.46
1792968000000000000,2026-10-25T22:40:00Z,controller 2,2.418,14,89.86,219.24,309.41,49.36,40.73,100.0,1,Off,1214.03,755.34
1792968060000000000,2026-10-25T22:41:00Z,controller 2,2.269,14,23.47,268.51,485.35,49.32,39.02,100.0,3,Off,1167.46,781.01
1792968120000000000,2026-10-25T22:42:00Z,free response,2.344,13.888,53.45,376.85,248.17,49.31,34.76,100.0,2,Off,1175.95,771.12
1792968180000000000,2026-10-25T22:43:00Z,controller 1,2.277,13.968,108.16,16.32,193.02,49.29,35.73,100.0,3,Off,1138.38,755.24
1792968240000000000,2026-10-25T22:44:00Z,controller 2,2.399,13.67,103.09,22.28,358.58,49.27,37.32,100.0,2,Starting,1102.33,782.75
1792968300000000000,2026-10-25T22:45:00Z,free response,2.396,13.608,168.6,291.32,595.92,49.26,37.68,100.0,1,Starting,1055.47,802.97
1792968360000000000,2026-10-25T22:46:00Z,free response,2.355,14,18.17,356.11,113.51,49.25,42.06,100.0,3,Starting,1101.38,802.85
1792968420000000000,2026-10-25T22:47:00Z,free response,2.348,13.468,107.49,52.38,265.99,49.22,39.88,100.0,2,Starting,1091.92,831.08
1792968480000000000,2026-10-25T22:48:00Z,controller 2,2.429,13.55,177.06,241.25,212.75,49.18,40.58,100.0,3,Starting,1113.89,850.62
1792968540000000000,2026-10-25T22:49:00Z,controller 1,2.407,13.979,129.15,68.81,359.27,49.16,42.09,100.0,3,Starting,1134.45,869.37
1792968600000000000,2026-10-25T22:50:00Z,free response,2.429,13.659,22.53,335.09,549.8,49.15,38.55,100.0,3,Starting,1140.95,863.16
1792968660000000000,2026-10-25T22:51:00Z,controller 1,2.41,14,187.26,277.07,137.98,49.15,37.32,100.0,3,Starting,1116.98,850.59
1792968720000000000,2026-10-25T22:52:00Z,free response,2.295,14,183.02,9.08,227.78,49.13,33.4,100.0,3,Starting,1148.36,875.62
1792968780000000000,2026-10-25T22:53:00Z,controller 1,2.288,13.475,88.51,413.36,329.26,49.1,32.37,100.0,1,Starting,1151.86,882.32
1792968840000000000,2026-10-25T22:54:00Z,free response,2.288,13.768,137.54,343.46,470.97,49.07,38.52,100.0,3,Starting,1166.06,895.46
1792968900000000000,2026-10-25T22:55:00Z,controller 2,2.26,13.733,30.94,222.65,319.81,49.06,35.39,100.0,3,Starting,1157.65,873.08
1792968960000000000,2026-10-25T22:56:00Z,controller 1,2.352,13.844,136.23,76.34,141.8,49.03,34.57,100.0,1,Starting,1166.53,847.28
1792969020000000000,2026-10-25T22:57:00Z,controller 1,2.354,13.788,148.89,211.9,430.5,49.02,34.59,100.0,1,Starting,1336.04,796.28
1792969080000000000,2026-10-25T22:58:00Z,controller 1,2.351,13.849,-22.98,369.75,494.32,49.01,34.72,100.0,1,Starting,1316.01,821.16
1792969140000000000,2026-10-25T22:59:00Z,free response,2.422,13.842,83.16,406.43,138.85,48.99,43.83,100.0,2,Starting,1325.76,818.24
1792969200000000000,2026-10-25T23:00:00Z,free response,0.175,13.594,133.52,437.0,216.54,48.97,0.19,100.0,3,Starting,1354.17,829.84
1792969260000000000,2026-10-25T23:01:00Z,free response,0.162,13.925,18.69,365.76,1.51,48.97,0.19,100.0,3,Starting,1310.11,829.99
1792969320000000000,2026-10-25T23:02:00Z,free response,0.175,13.894,187.8,12.94,222.37,48.95,0.2,100.0,1,Starting,1288.25,848.2
1792969380000000000,2026-10-25T23:03:00Z,controller 2,0.186,13.566,76.43,223.66,404.91,48.94,0.22,100.0,1,Starting,1313.43,845.75
1792969440000000000,2026-10-25T23:04:00Z,controller 1,0.281,13.775,80.75,390.36,140.53,48.91,0.57,100.0,1,Starting,1313.53,830.58
1792969500000000000,2026-10-25T23:05:00Z,controller 2,0.119,13.487,187.77,18.85,394.73,48.88,0.09,100.0,2,Starting,1263.84,845.21
1792969560000000000,2026-10-25T23:06:00Z,controller 2,0.216,13.819,114.29,273.79,72.47,48.85,0.33,100.0,3,Starting,1244.43,868.01
1792969620000000000,2026-10-25T23:07:00Z,controller 2,0.259,13.708,141.27,15.94,289.62,48.84,0.49,100.0,3,Starting,1220.54,857.1
1792969680000000000,2026-10-25T23:08:00Z,free response,0.185,13.547,168.78,10.63,415.77,48.82,0.24,100.0,2,Starting,1322.19,457.5
1792969740000000000,2026-10-25T23:09:00Z,controller 2,0.24,13.416,143.33,168.01,140.61,48.79,0.4,100.0,2,Starting,1365.93,448.36
1792969800000000000,2026-10-25T23:10:00Z,controller 2,0.111,13.823,49.01,315.98,593.45,48.78,0.09,100.0,1,Starting,634.12,676.54
1792969860000000000,2026-10-25T23:11:00Z,free response,0.132,13.416,34.86,122.38,362.06,48.75,0.13,100.0,3,Starting,602.28,683.98
1792969920000000000,2026-10-25T23:12:00Z,controller 1,0.194,14,-2.66,340.62,205.21,48.73,0.28,100.0,1,Starting,646.66,687.97
1792969980000000000,2026-10-25T23:13:00Z,free response,0.274,13.365,149.71,129.84,580.49,48.72,0.53,100.0,3,Starting,672.42,686.94
1792970040000000000,2026-10-25T23:14:00Z,controller 2,0.282,14,162.21,202.34,486.87,48.72,0.56,100.0,3,Starting,629.62,713.12
1792970100000000000,2026-10-25T23:15:00Z,free response,0.253,13.403,-14.02,259.04,278.54,48.7,0.45,100.0,3,Starting,640.7,741.99
1792970160000000000,2026-10-25T23:16:00Z,free response,0.26,13.463,79.33,355.07,168.86,48.69,0.44,100.0,2,Starting,609.84,747.96
1792970220000000000,2026-10-25T23:17:00Z,free response,0.163,13.765,186.72,214.57,454.07,48.65,0.17,100.0,2,Starting,588.85,734.63
1792970280000000000,2026-10-25T23:18:00Z,controller 2,0.121,13.532,87.61,230.06,590.97,48.65,0.11,100.0,1,Starting,1178.62,978.92
1792970340000000000,2026-10-25T23:19:00Z,controller 2,0.144,13.561,125.46,399.13,433.22,48.64,0.13,100.0,1,Starting,1172.72,970.77
1792970400000000000,2026-10-25T23:20:00Z,controller 2,0.117,13.862,58.78,263.73,452.45,48.61,0.09,100.0,1,Starting,1142.94,959.17
1792970460000000000,2026-10-25T23:21:00Z,controller 1,0.161,13.378,68.23,15.8,467.38,48.6,0.18,100.0,2,Starting,1130.8,957.45
1792970520000000000,2026-10-25T23:22:00Z,free response,0.115,13.887,121.74,25.53,305.19,48.57,0.09,100.0,3,Starting,1121.49,936.4
1792970580000000000,2026-10-25T23:23:00Z,controller 1,0.232,13.851,83.46,123.12,429.15,48.54,0.36,100.0,1,Starting,1128.06,914.4
1792970640000000000,2026-10-25T23:24:00Z,controller 1,0.213,13.805,195.28,31.74,479.63,48.52,0.33,100.0,1,Starting,1161.77,909.99
1792970700000000000,2026-10-25T23:25:00Z,controller 1,0.266,13.812,173.64,384.5,19.75,48.51,0.5,100.0,2,Starting,1173.2,932.84
1792970760000000000,2026-10-25T23:26:00Z,controller 2,0.121,13.92,13.54,261.23,516.84,48.48,0.1,100.0,3,Starting,1156.64,912.03
1792970820000000000,2026-10-25T23:27:00Z,free response,0.152,14,15.69,132.2,539.63,48.46,0.16,100.0,2,Starting,1191.29,902.15
1792970880000000000,2026-10-25T23:28:00Z,controller 2,0.283,13.504,191.33,172.95,397.41,48.45,0.57,100.0,1,Starting,1224.78,930.43
1792970940000000000,2026-10-25T23:29:00Z,controller 2,0.251,13.357,88.86,5.66,46.82,48.44,0.42,100.0,3,Starting,1234.71,910.04
1792971000000000000,2026-10-25T23:30:00Z,free response,1.37,13.063,103.73,64.1,73.44,48.41,13.48,100.0,2,Starting,1241.33,908.91
1792971060000000000,2026-10-25T23:31:00Z,controller 2,1.315,12.78,169.4,280.85,370.17,48.4,11.46,100.0,1,Off,1286.82,898.83
1792971120000000000,2026-10-25T23:32:00Z,controller 2,1.358,12.964,-26.5,311.15,438.34,48.4,11.6,100.0,1,Off,1308.65,882.55
1792971180000000000,2026-10-25T23:33:00Z,controller 2,1.262,12.597,54.4,318.78,223.42,48.36,10.17,100.0,2,Off,1344.68,890.66
1792971240000000000,2026-10-25T23:34:00Z,controller 1,1.242,13.037,25.87,63.77,569.53,48.33,9.76,100.0,2,Off,1297.49,877.62
1792971300000000000,2026-10-25T23:35:00Z,controller 1,1.231,12.717,128.86,224.28,239.89,48.3,9.66,100.0,1,Off,1289.94,887.92
1792971360000000000,2026-10-25T23:36:00Z,controller 2,1.303,12.942,182.2,410.19,332.29,48.29,11.45,100.0,3,Off,1277.38,870.68
1792971420000000000,2026-10-25T23:37:00Z,free response,1.294,12.584,168.11,130.29,16.38,48.28,10.7,100.0,3,Off,609.17,313.2
1792971480000000000,2026-10-25T23:38:00Z,controller 2,1.264,12.599,-5.96,206.89,565.44,48.27,10.47,100.0,2,Off,621.28,293.77
1792971540000000000,2026-10-25T23:39:00Z,controller 2,1.284,13.139,191.28,416.32,103.04,48.26,10.15,100.0,1,Off,642.21,276.6
1792971600000000000,2026-10-25T23:40:00Z,controller 1,1.243,13.089,184.98,44.09,519.25,48.25,9.21,100.0,1,Off,627.65,277.6
1792971660000000000,2026-10-25T23:41:00Z,controller 1,1.276,13.192,61.02,397.42,503.44,48.22,10.23,100.0,2,Off,639.13,253.06
1792971720000000000,2026-10-25T23:42:00Z,controller 1,1.287,12.988,114.61,169.77,130.33,48.2,10.32,100.0,2,Off,1105.16,581.12
1792971780000000000,2026-10-25T23:43:00Z,free response,1.261,12.558,28.11,30.2,472.7,48.18,10.72,100.0,3,Off,1089.27,584.69
1792971840000000000,2026-10-25T23:44:00Z,controller 2,1.281,12.964,119.61,186.91,81.07,48.16,10.57,100.0,2,Off,1197.83,604.97
1792971900000000000,2026-10-25T23:45:00Z,controller 2,1.253,12.474,63.63,270.85,251.33,48.13,9.98,100.0,2,Off,1234.81,595.23
1792971960000000000,2026-10-25T23:46:00Z,controller 2,1.36,12.477,19.72,135.06,199.86,48.12,12.23,100.0,1,Off,1217.87,589.92
1792972020000000000,2026-10-25T23:47:00Z,controller 2,1.317,12.566,134.75,162.14,571.02,48.1,11.36,100.0,3,Off,1198.75,589.08
1792972080000000000,2026-10-25T23:48:00Z,controller 1,1.302,12.668,-29.47,35.6,572.77,48.07,10.36,100.0,3,Off,1163.02,578.88
1792972140000000000,2026-10-25T23:49:00Z,controller 2,1.323,12.719,195.59,14.88,395.34,48.05,11.17,100.0,1,Off,1169.63,573.87
1792972200000000000,2026-10-25T23:50:00Z,free response,1.347,13.144,165.79,2.68,260.25,48.04,12.64,100.0,2,Off,1214.72,580.72
1792972260000000000,2026-10-25T23:51:00Z,free response,1.261,12.997,198.07,137.74,87.69,48.02,9.62,100.0,3,Off,1229.26,570.26
1792972320000000000,2026-10-25T23:52:00Z,controller 2,1.352,12.938,78.11,307.85,459.14,48.0,12.55,100.0,2,Off,1234.58,584.7
1792972380000000000,2026-10-25T23:53:00Z,controller 2,1.213,12.835,3.71,386.95,19.52,47.99,9.39,100.0,1,Off,1238.48,588.86
1792972440000000000,2026-10-25T23:54:00Z,controller 1,1.219,12.642,115.26,255.09,579.86,47.97,9.12,100.0,1,Off,1243.08,578.76
1792972500000000000,2026-10-25T23:55:00Z,controller 1,1.243,13.08,-4.08,389.77,61.46,47.94,9.56,100.0,1,Off,1239.03,580.56
1792972560000000000,2026-10-25T23:56:00Z,controller 1,1.366,13.097,54.31,264.53,415.77,47.91,11.99,100.0,2,Off,1238.5,570.62
1792972620000000000,2026-10-25T23:57:00Z,controller 1,1.244,12.73,124.09,87.68,392.51,47.89,10.57,100.0,3,Off,1213.65,564.58
1792972680000000000,2026-10-25T23:58:00Z,free response,1.26,13.111,30.58,297.45,510.11,47.88,10.94,100.0,1,Off,1247.57,573.23
1792972740000000000,2026-10-25T23:59:00Z,free response,1.251,13.233,97.26,271.19,343.93,47.87,10.81,100.0,3,Off,1269.63,559.94
