timestamp_ns,timestamp_iso,controller,hs,tp,avg_power,power_in,power_out,battery_pct,sea_state_energy,efficiency,peaks,nextwave,nextwave_error,nextwave_error_2
1792713600000000000,2026-10-23T00:00:00Z,controller 1,0.851,9.05,-28.73,65.61,114.65,0.0,3.22,100.0,1,On,1365.44,797.05
1792713660000000000,2026-10-23T00:01:00Z,controller 1,0.681,9.103,122.95,353.97,83.63,0.0,2.12,100.0,2,On,1390.39,783.41
1792713720000000000,2026-10-23T00:02:00Z,controller 2,0.747,9.301,169.8,7.74,55.99,0.0,2.85,100.0,1,On,1391.36,784.22
1792713780000000000,2026-10-23T00:03:00Z,controller 2,0.797,8.736,23.89,222.6,134.83,0.0,2.65,100.0,1,On,1361.37,763.61
1792713840000000000,2026-10-23T00:04:00Z,free response,0.749,8.867,102.71,133.84,152.29,0.0,2.35,100.0,2,On,1348.15,755.57
1792713900000000000,2026-10-23T00:05:00Z,controller 2,0.804,9.171,10.74,55.88,323.26,0.0,2.73,100.0,1,On,1365.78,738.69
1792713960000000000,2026-10-23T00:06:00Z,controller 2,0.762,8.864,192.9,321.85,181.77,0.0,2.47,100.0,2,On,1356.2,724.12
1792714020000000000,2026-10-23T00:07:00Z,controller 1,0.741,9.102,-16.8,94.21,453.63,0.0,2.73,100.0,1,On,1314.49,729.25
1792714080000000000,2026-10-23T00:08:00Z,free response,0.795,9.389,156.21,268.49,535.76,0.0,2.97,100.0,2,On,1336.83,712.09
1792714140000000000,2026-10-23T00:09:00Z,controller 1,0.824,9.329,171.86,309.57,345.79,0.0,3.01,100.0,2,On,1360.29,696.76
1792714200000000000,2026-10-23T00:10:00Z,controller 1,0.769,9.37,-24.86,423.77,375.24,0.0,2.75,100.0,1,On,1409.72,693.82
1792714260000000000,2026-10-23T00:11:00Z,controller 2,0.805,8.74,96.56,35.48,63.17,0.0,3.09,100.0,1,On,1440.7,666.67
1792714320000000000,2026-10-23T00:12:00Z,controller 1,0.828,8.784,13.06,197.79,306.02,0.0,3.09,100.0,1,On,1472.19,649.17
1792714380000000000,2026-10-23T00:13:00Z,free response,0.847,8.966,77.53,322.61,541.12,0.0,3.25,100.0,1,On,1488.82,668.32
1792714440000000000,2026-10-23T00:14:00Z,controller 1,0.718,8.746,33.06,28.96,25.41,0.0,2.14,100.0,2,On,1500.0,642.36
1792714500000000000,2026-10-23T00:15:00Z,controller 2,0.714,9.012,91.62,24.78,280.51,0.0,2.43,100.0,3,On,1489.92,615.6
1792714560000000000,2026-10-23T00:16:00Z,free response,0.695,8.723,51.5,354.97,470.71,0.0,2.3,100.0,1,On,1473.57,642.41
1792714620000000000,2026-10-23T00:17:00Z,controller 2,0.689,9.349,-15.54,189.61,598.59,0.0,2.12,100.0,3,On,1500.0,616.63
1792714680000000000,2026-10-23T00:18:00Z,controller 2,0.689,9.269,100.58,12.0,73.74,0.0,2.32,100.0,3,On,1500.0,639.02
1792714740000000000,2026-10-23T00:19:00Z,controller 2,0.774,8.711,186.94,49.79,496.78,0.0,2.38,100.0,3,On,1479.74,643.18
1792714800000000000,2026-10-23T00:20:00Z,free response,0.853,9.083,76.56,195.11,77.37,0.0,3.24,100.0,1,On,1458.66,616.51
1792714860000000000,2026-10-23T00:21:00Z,free response,0.811,9.189,51.99,336.33,281.07,0.0,3.15,100.0,3,On,1446.11,614.23
1792714920000000000,2026-10-23T00:22:00Z,free response,0.68,8.64,155.15,437.27,34.82,0.0,1.99,100.0,2,On,1427.41,632.39
1792714980000000000,2026-10-23T00:23:00Z,controller 1,0.712,9.046,-24.94,117.76,561.02,0.0,2.39,100.0,2,On,1433.49,612.53
1792715040000000000,2026-10-23T00:24:00Z,free response,0.769,8.886,38.76,136.8,501.52,0.0,2.58,100.0,2,On,1434.08,592.91
1792715100000000000,2026-10-23T00:25:00Z,controller 1,0.822,9.084,114.8,285.43,52.81,0.0,3.02,100.0,3,On,1413.09,600.54
1792715160000000000,2026-10-23T00:26:00Z,controller 1,0.786,9.378,8.28,274.13,311.68,0.0,3.12,100.0,2,On,1446.47,600.71
1792715220000000000,2026-10-23T00:27:00Z,free response,0.721,8.82,-6.75,237.32,307.07,0.0,2.4,100.0,1,On,1433.07,619.49
1792715280000000000,2026-10-23T00:28:00Z,controller 2,0.744,9.293,68.43,217.15,255.17,0.0,2.66,100.0,3,On,1481.6,607.93
1792715340000000000,2026-10-23T00:29:00Z,controller 2,0.743,8.726,75.78,166.14,217.33,0.0,2.23,100.0,3,On,1440.7,616.35
1792715400000000000,2026-10-23T00:30:00Z,controller 1,1.259,11.418,21.79,112.88,574.98,0.0,9.69,100.0,3,On,1399.79,617.92
1792715460000000000,2026-10-23T00:31:00Z,controller 1,1.146,11.398,147.07,258.62,383.58,0.0,7.3,100.0,2,On,1379.33,590.45
1792715520000000000,2026-10-23T00:32:00Z,controller 2,1.129,11.336,93.94,310.04,537.69,0.0,6.85,100.0,1,On,1337.52,613.1
1792715580000000000,2026-10-23T00:33:00Z,controller 2,1.146,11.608,-4.98,138.25,207.41,0.0,7.73,100.0,3,On,1365.2,623.05
1792715640000000000,2026-10-23T00:34:00Z,controller 1,1.128,11.517,21.77,145.87,322.97,0.0,7.15,100.0,1,On,1381.63,628.34
1792715700000000000,2026-10-23T00:35:00Z,controller 2,1.244,11.951,9.43,203.48,548.73,0.0,9.17,100.0,3,On,1337.73,649.87
1792715760000000000,2026-10-23T00:36:00Z,free response,1.149,11.404,4.1,43.01,588.39,0.0,7.06,100.0,1,On,1221.37,636.29
1792715820000000000,2026-10-23T00:37:00Z,controller 2,1.147,11.47,32.94,197.1,98.46,0.0,7.74,100.0,1,On,1237.73,650.5
1792715880000000000,2026-10-23T00:38:00Z,controller 1,1.225,12.076,82.43,255.55,112.99,0.0,8.55,100.0,1,On,1274.94,643.16
1792715940000000000,2026-10-23T00:39:00Z,controller 2,1.18,11.904,162.52,235.28,45.03,0.0,8.94,100.0,2,On,1290.32,655.09
1792716000000000000,2026-10-23T00:40:00Z,free response,1.196,11.767,181.77,180.7,123.59,0.0,8.19,100.0,3,On,1330.26,637.88
1792716060000000000,2026-10-23T00:41:00Z,controller 2,1.274,12.033,-8.7,368.97,469.75,0.0,8.96,100.0,1,On,1371.4,609.6
1792716120000000000,2026-10-23T00:42:00Z,controller 1,1.144,11.595,195.55,342.52,72.12,0.0,7.77,100.0,1,On,1412.1,580.91
1792716180000000000,2026-10-23T00:43:00Z,controller 2,1.109,11.451,143.8,187.64,266.34,0.0,6.54,100.0,3,On,1408.9,557.48
1792716240000000000,2026-10-23T00:44:00Z,controller 2,1.197,11.486,131.04,157.4,27.01,0.0,8.5,100.0,3,On,1364.42,586.03
1792716300000000000,2026-10-23T00:45:00Z,controller 1,1.241,11.713,10.97,20.71,440.74,0.0,8.81,100.0,3,On,1413.44,608.5
1792716360000000000,2026-10-23T00:46:00Z,controller 2,1.208,11.356,188.04,208.9,180.02,0.0,8.3,100.0,2,On,1403.29,632.48
1792716420000000000,2026-10-23T00:47:00Z,controller 1,1.213,11.497,158.12,296.14,542.21,0.0,8.23,100.0,1,On,1395.37,628.07
1792716480000000000,2026-10-23T00:48:00Z,free response,1.251,11.348,71.55,222.72,359.2,0.0,9.22,100.0,3,On,1422.27,643.84
1792716540000000000,2026-10-23T00:49:00Z,controller 2,1.117,11.594,89.44,223.46,509.46,0.0,6.85,100.0,3,On,518.88,658.46
1792716600000000000,2026-10-23T00:50:00Z,controller 2,1.168,11.473,-1.43,367.67,197.48,0.0,7.99,100.0,1,On,523.37,658.51
1792716660000000000,2026-10-23T00:51:00Z,free response,1.261,11.919,5.19,31.73,200.63,0.0,9.46,100.0,1,On,569.15,661.09
1792716720000000000,2026-10-23T00:52:00Z,free response,1.199,11.826,180.34,253.51,253.23,0.0,8.05,100.0,1,On,593.81,688.74
1792716780000000000,2026-10-23T00:53:00Z,controller 1,1.122,11.96,50.68,254.02,316.29,0.0,7.56,100.0,2,On,605.14,668.91
1792716840000000000,2026-10-23T00:54:00Z,controller 2,1.247,12.008,-24.4,167.29,453.38,0.0,9.83,100.0,1,On,580.12,680.78
1792716900000000000,2026-10-23T00:55:00Z,free response,1.223,11.678,130.72,40.04,473.96,0.0,8.76,100.0,1,On,558.97,686.66
1792716960000000000,2026-10-23T00:56:00Z,free response,1.275,11.52,17.04,162.19,89.9,0.0,9.69,100.0,1,On,516.0,682.09
1792717020000000000,2026-10-23T00:57:00Z,free response,1.169,12.007,-0.66,231.97,73.79,0.0,8.27,100.0,1,On,562.37,699.05
1792717080000000000,2026-10-23T00:58:00Z,controller 1,1.253,12.096,-27.41,122.41,505.29,0.0,10.23,100.0,3,On,552.12,685.22
1792717140000000000,2026-10-23T00:59:00Z,controller 2,1.271,11.941,75.69,440.31,356.24,0.0,9.67,100.0,1,On,568.05,656.04
1792717200000000000,2026-10-23T01:00:00Z,controller 1,2.545,1.032,141.18,383.46,215.18,0.0,3.39,100.0,2,On,566.93,680.75
1792717260000000000,2026-10-23T01:01:00Z,controller 2,2.606,1.547,55.64,385.95,249.65,0.0,5.64,100.0,2,Starting,559.45,707.19
1792717320000000000,2026-10-23T01:02:00Z,controller 1,2.469,1.238,78.62,300.42,562.08,0.0,3.42,100.0,3,Starting,581.49,717.69
1792717380000000000,2026-10-23T01:03:00Z,controller 2,2.589,1.197,-29.96,240.17,482.32,0.0,3.85,100.0,1,Starting,583.95,697.01
1792717440000000000,2026-10-23T01:04:00Z,controller 1,2.564,1.538,3.48,250.39,118.15,0.0,5.16,100.0,1,Starting,540.03,726.5
1792717500000000000,2026-10-23T01:05:00Z,free response,2.632,1.182,93.47,286.04,270.21,0.0,4.23,100.0,1,Starting,1026.33,357.11
1792717560000000000,2026-10-23T01:06:00Z,controller 1,2.569,1,186.55,153.23,466.78,0.0,3.02,100.0,1,Starting,1059.97,372.56
1792717620000000000,2026-10-23T01:07:00Z,controller 1,2.521,1.56,86.37,204.97,401.44,0.0,4.49,100.0,2,Starting,1069.76,392.0
1792717680000000000,2026-10-23T01:08:00Z,free response,2.466,1.091,179.28,325.99,224.01,0.0,3.29,100.0,3,Starting,1114.71,376.29
1792717740000000000,2026-10-23T01:09:00Z,controller 1,2.629,1.377,172.99,432.33,160.74,0.0,4.37,100.0,1,Starting,1163.68,358.19
1792717800000000000,2026-10-23T01:10:00Z,controller 1,2.515,1.368,39.47,234.63,489.24,0.0,4.35,100.0,2,Starting,1169.3,370.38
1792717860000000000,2026-10-23T01:11:00Z,controller 1,2.597,1.256,96.34,66.52,254.49,0.0,4.19,100.0,1,Starting,1163.91,341.55
1792717920000000000,2026-10-23T01:12:00Z,controller 2,2.469,1.513,113.38,21.09,496.14,0.0,4.76,100.0,3,Starting,1136.86,320.46
1792717980000000000,2026-10-23T01:13:00Z,controller 1,2.588,1.301,26.54,424.39,53.9,0.0,4.4,100.0,2,Starting,1149.75,311.21
1792718040000000000,2026-10-23T01:14:00Z,controller 2,2.618,1.321,140.31,65.55,335.73,0.0,4.26,100.0,1,Starting,1195.47,334.43
1792718100000000000,2026-10-23T01:15:00Z,controller 2,2.493,1.234,30.74,206.35,34.73,0.0,3.69,100.0,3,Starting,1168.05,322.42
1792718160000000000,2026-10-23T01:16:00Z,controller 2,2.595,1.045,81.48,349.78,22.47,0.0,3.32,100.0,3,Starting,1141.75,306.49
1792718220000000000,2026-10-23T01:17:00Z,controller 1,2.635,1.272,42.46,19.78,540.52,0.0,4.28,100.0,1,Starting,1105.6,290.6
1792718280000000000,2026-10-23T01:18:00Z,controller 2,2.551,1,151.17,88.05,147.31,0.0,2.94,100.0,1,Starting,1074.11,271.74
1792718340000000000,2026-10-23T01:19:00Z,controller 1,2.512,1.063,-3.76,89.42,204.54,0.0,3.12,100.0,3,Starting,1036.15,277.91
1792718400000000000,2026-10-23T01:20:00Z,controller 2,2.623,1,99.35,247.96,479.15,0.0,3.48,100.0,1,Starting,1060.55,307.06
1792718460000000000,2026-10-23T01:21:00Z,controller 2,2.51,1.382,21.19,76.23,306.17,0.0,3.94,100.0,2,Starting,1067.52,302.85
1792718520000000000,2026-10-23T01:22:00Z,controller 2,2.639,1.361,-8.9,128.86,34.28,0.0,5.14,100.0,3,Starting,1041.89,326.07
1792718580000000000,2026-10-23T01:23:00Z,controller 2,2.496,1,106.25,254.69,165.81,0.0,3.18,100.0,1,Starting,1049.82,297.2
1792718640000000000,2026-10-23T01:24:00Z,free response,2.569,1.51,101.35,23.94,32.77,0.0,4.92,100.0,3,Starting,1065.26,307.44
1792718700000000000,2026-10-23T01:25:00Z,controller 2,2.508,1.313,146.1,187.68,417.26,0.0,4.1,100.0,1,Starting,1038.16,298.61
1792718760000000000,2026-10-23T01:26:00Z,controller 1,2.62,1.051,73.64,409.09,62.51,0.0,3.42,100.0,2,Starting,1032.77,281.13
1792718820000000000,2026-10-23T01:27:00Z,controller 2,2.567,1.406,44.48,324.62,184.28,0.0,4.25,100.0,2,Starting,1020.81,309.42
1792718880000000000,2026-10-23T01:28:00Z,controller 2,2.473,1.42,89.6,220.69,552.37,0.0,3.97,100.0,1,Starting,989.64,297.97
1792718940000000000,2026-10-23T01:29:00Z,controller 1,2.492,1,158.7,382.19,549.84,0.0,3.34,100.0,1,Starting,975.61,287.99
1792719000000000000,2026-10-23T01:30:00Z,free response,2.382,9.757,174.8,371.07,144.03,0.0,27.93,100.0,3,Starting,980.1,282.42
1792719060000000000,2026-10-23T01:31:00Z,controller 2,2.273,9.6,129.5,182.45,124.46,0.0,25.32,100.0,3,Starting,1018.64,253.84
1792719120000000000,2026-10-23T01:32:00Z,controller 2,2.368,9.707,101.59,420.31,326.5,0.0,26.25,100.0,2,Starting,923.97,472.42
1792719180000000000,2026-10-23T01:33:00Z,controller 2,2.294,9.393,90.91,392.8,483.28,0.0,22.94,100.0,2,Starting,889.84,451.44
1792719240000000000,2026-10-23T01:34:00Z,controller 2,2.314,9.866,49.93,321.44,394.79,0.0,28.19,100.0,2,Starting,924.98,464.22
1792719300000000000,2026-10-23T01:35:00Z,controller 2,2.246,9.597,187.41,6.19,23.41,0.0,23.38,100.0,3,Starting,928.97,445.12
1792719360000000000,2026-10-23T01:36:00Z,controller 1,2.341,9.6,24.95,70.19,92.56,0.0,27.26,100.0,1,Starting,962.52,474.23
1792719420000000000,2026-10-23T01:37:00Z,free response,2.267,9.408,92.65,381.92,207.34,0.0,24.31,100.0,1,Starting,951.59,466.1
1792719480000000000,2026-10-23T01:38:00Z,controller 2,2.35,9.675,91.08,425.5,586.56,0.0,25.28,100.0,2,Starting,984.66,473.02
1792719540000000000,2026-10-23T01:39:00Z,controller 2,2.235,9.244,150.3,297.27,135.11,0.0,24.6,100.0,1,Starting,1320.48,904.01
1792719600000000000,2026-10-23T01:40:00Z,free response,2.305,9.635,-4.11,104.25,128.53,0.0,24.28,100.0,2,Starting,1276.66,889.51
1792719660000000000,2026-10-23T01:41:00Z,controller 2,2.386,9.32,118.12,103.19,31.32,0.0,26.55,100.0,3,Starting,1272.76,870.66
1792719720000000000,2026-10-23T01:42:00Z,controller 1,2.268,9.827,103.9,149.32,149.38,0.0,27.49,100.0,3,Starting,1299.62,855.59
1792719780000000000,2026-10-23T01:43:00Z,controller 1,2.25,9.641,95.6,63.05,274.87,0.0,23.25,100.0,3,Starting,1281.81,844.38
1792719840000000000,2026-10-23T01:44:00Z,free response,2.377,9.651,178.97,209.5,371.23,0.0,24.87,100.0,2,Starting,1234.56,823.69
1792719900000000000,2026-10-23T01:45:00Z,controller 2,2.407,9.417,139.55,180.72,528.79,0.0,25.93,100.0,3,Starting,1192.21,806.72
1792719960000000000,2026-10-23T01:46:00Z,controller 2,2.328,9.448,-13.2,132.22,474.36,0.0,23.13,100.0,1,Starting,1148.65,787.25
1792720020000000000,2026-10-23T01:47:00Z,free response,2.379,9.349,109.75,407.25,536.83,0.0,26.78,100.0,2,Starting,1176.44,809.37
1792720080000000000,2026-10-23T01:48:00Z,free response,2.288,9.532,93.92,177.83,11.29,0.0,25.31,44.61,1,Starting,1217.88,800.48
1792720140000000000,2026-10-23T01:49:00Z,controller 2,2.381,9.364,169.06,340.97,211.76,0.0,28.01,100.0,2,Starting,1256.53,783.69
1792720200000000000,2026-10-23T01:50:00Z,controller 2,2.36,9.818,155.94,160.24,146.41,0.0,25.01,100.0,3,Starting,1268.31,769.91
1792720260000000000,2026-10-23T01:51:00Z,controller 1,2.386,9.227,-6.55,40.98,282.37,0.0,24.99,100.0,1,Starting,1221.68,787.02
1792720320000000000,2026-10-23T01:52:00Z,controller 1,2.29,9.62,8.2,311.4,29.26,0.0,23.56,100.0,2,Starting,1200.06,798.65
1792720380000000000,2026-10-23T01:53:00Z,controller 2,2.241,9.131,-14.0,302.66,405.92,0.0,22.0,100.0,2,Starting,1192.47,806.29
1792720440000000000,2026-10-23T01:54:00Z,controller 1,2.309,9.236,165.11,260.88,404.55,0.0,23.92,100.0,1,Starting,1199.72,820.15
1792720500000000000,2026-10-23T01:55:00Z,controller 2,2.234,9.409,133.58,264.49,366.88,0.0,24.27,100.0,3,Starting,1185.89,799.32
1792720560000000000,2026-10-23T01:56:00Z,free response,2.332,9.756,14.65,311.33,580.72,0.0,27.16,100.0,2,Starting,1145.32,812.27
1792720620000000000,2026-10-23T01:57:00Z,free response,2.369,9.162,194.46,18.4,516.93,0.0,28.22,100.0,2,Starting,1121.07,835.45
1792720680000000000,2026-10-23T01:58:00Z,controller 1,2.333,9.676,1.99,446.43,260.51,0.0,25.07,100.0,2,Starting,1099.69,854.83
1792720740000000000,2026-10-23T01:59:00Z,controller 2,2.248,9.469,145.25,15.47,90.93,0.0,25.5,100.0,3,Starting,1077.14,861.62
1792720800000000000,2026-10-23T02:00:00Z,controller 1,1.166,5.552,181.78,373.25,200.55,0.0,3.97,100.0,2,Starting,1081.55,874.28
1792720860000000000,2026-10-23T02:01:00Z,free response,1.103,5.434,148.18,345.91,150.3,0.0,3.34,100.0,2,Starting,1090.49,876.84
1792720920000000000,2026-10-23T02:02:00Z,controller 1,1.24,5.073,158.5,71.95,311.72,0.0,3.68,100.0,1,Starting,1112.96,879.94
1792720980000000000,2026-10-23T02:03:00Z,free response,1.112,5.579,-21.36,381.09,528.73,0.0,3.73,100.0,1,Starting,1065.74,871.5
1792721040000000000,2026-10-23T02:04:00Z,controller 1,1.119,5.253,46.96,140.15,88.05,0.0,3.2,100.0,2,Starting,1108.59,880.33
1792721100000000000,2026-10-23T02:05:00Z,free response,1.229,5.203,-2.41,275.84,572.32,0.0,3.59,100.0,3,Starting,1102.64,856.32
1792721160000000000,2026-10-23T02:06:00Z,free response,1.09,5.201,-1.46,190.32,28.35,0.0,3.29,100.0,2,Starting,1126.87,886.31
1792721220000000000,2026-10-23T02:07:00Z,controller 1,1.236,5.14,79.93,205.84,557.43,0.0,4.08,100.0,3,Starting,1153.36,881.36
1792721280000000000,2026-10-23T02:08:00Z,controller 2,1.214,5.316,39.61,221.34,189.72,0.0,4.09,100.0,3,Starting,788.58,495.9
1792721340000000000,2026-10-23T02:09:00Z,controller 2,1.146,5.332,-23.28,156.96,1.79,0.0,3.72,48.12,2,Starting,792.48,511.52
1792721400000000000,2026-10-23T02:10:00Z,free response,1.206,5.445,148.22,151.64,7.49,0.0,4.08,100.0,1,Starting,743.29,487.16
1792721460000000000,2026-10-23T02:11:00Z,controller 2,1.156,5.006,79.16,424.03,232.4,0.0,3.22,100.0,1,Starting,739.41,457.48
1792721520000000000,2026-10-23T02:12:00Z,free response,1.089,5.145,17.2,111.88,436.71,0.0,3.35,100.0,2,Starting,738.64,461.46
1792721580000000000,2026-10-23T02:13:00Z,controller 1,1.154,5.245,1.22,49.0,198.73,0.0,3.38,100.0,1,Starting,700.06,462.22
1792721640000000000,2026-10-23T02:14:00Z,controller 1,1.142,5.512,-11.87,0.35,281.42,0.0,3.6,100.0,1,Starting,711.98,440.02
1792721700000000000,2026-10-23T02:15:00Z,free response,1.2,5.397,45.04,251.56,570.52,0.0,3.5,100.0,1,Starting,741.0,451.06
1792721760000000000,2026-10-23T02:16:00Z,free response,1.149,5.556,-7.08,303.99,66.7,0.0,3.76,100.0,2,Starting,768.58,421.32
1792721820000000000,2026-10-23T02:17:00Z,controller 1,1.234,4.894,196.96,375.73,200.61,0.0,3.44,100.0,1,Starting,766.1,424.13
1792721880000000000,2026-10-23T02:18:00Z,controller 2,1.075,5.622,118.57,197.06,592.73,0.0,3.42,100.0,3,Starting,798.89,426.9
1792721940000000000,2026-10-23T02:19:00Z,controller 2,1.178,5.628,179.54,102.31,351.82,0.0,4.01,100.0,3,Starting,846.0,416.68
1792722000000000000,2026-10-23T02:20:00Z,controller 2,1.135,5.519,99.65,52.65,330.94,0.0,3.77,100.0,2,Starting,832.5,432.72
1792722060000000000,2026-10-23T02:21:00Z,free response,1.172,5.568,18.33,425.8,333.94,0.0,3.62,100.0,1,Starting,797.11,405.17
1792722120000000000,2026-10-23T02:22:00Z,controller 2,1.131,5.574,73.65,198.83,436.39,0.0,3.66,100.0,1,Starting,806.05,396.2
1792722180000000000,2026-10-23T02:23:00Z,controller 2,1.158,5.421,123.84,299.11,42.46,0.0,3.91,100.0,1,Starting,794.83,375.87
1792722240000000000,2026-10-23T02:24:00Z,controller 1,1.129,5.185,77.3,447.55,447.85,0.0,3.08,100.0,3,Starting,828.96,398.3
1792722300000000000,2026-10-23T02:25:00Z,free response,1.089,5.517,122.3,99.03,595.34,0.0,3.31,100.0,2,Starting,866.79,380.81
1792722360000000000,2026-10-23T02:26:00Z,controller 2,1.169,4.875,84.36,230.87,162.92,0.0,3.19,100.0,3,Starting,819.11,396.68
1792722420000000000,2026-10-23T02:27:00Z,free response,1.152,4.976,6.53,2.0,352.21,0.0,3.59,100.0,2,Starting,858.73,417.37
1792722480000000000,2026-10-23T02:28:00Z,controller 1,1.199,5.437,10.42,382.79,493.66,0.0,3.92,100.0,3,Starting,904.42,420.19
1792722540000000000,2026-10-23T02:29:00Z,controller 1,1.204,5.156,155.51,307.16,298.37,0.0,3.47,100.0,1,Starting,909.62,420.24
1792722600000000000,2026-10-23T02:30:00Z,free response,1.347,4.977,191.87,29.78,415.21,0.0,4.12,100.0,1,Starting,949.94,412.94
1792722660000000000,2026-10-23T02:31:00Z,free response,1.464,4.962,148.06,224.01,68.29,0.0,5.39,100.0,1,Starting,945.75,386.17
1792722720000000000,2026-10-23T02:32:00Z,controller 2,1.375,4.962,-7.28,136.21,99.75,0.0,4.76,100.0,3,Starting,958.84,374.59
1792722780000000000,2026-10-23T02:33:00Z,controller 1,1.466,5.095,111.08,34.38,88.94,0.0,5.34,100.0,2,Starting,956.04,378.94
1792722840000000000,2026-10-23T02:34:00Z,free response,1.312,5.504,0.09,5.57,160.68,0.0,4.31,100.0,1,Starting,940.83,374.09
1792722900000000000,2026-10-23T02:35:00Z,controller 2,1.36,5.231,19.75,120.99,140.66,0.0,4.85,100.0,3,Starting,905.08,353.57
1792722960000000000,2026-10-23T02:36:00Z,free response,1.447,5.012,105.24,80.6,439.29,0.0,5.33,100.0,1,Starting,937.37,382.35
1792723020000000000,2026-10-23T02:37:00Z,free response,1.463,4.823,115.91,416.74,145.46,0.0,5.31,100.0,1,Starting,964.11,389.01
1792723080000000000,2026-10-23T02:38:00Z,controller 1,1.314,5.185,13.01,1.91,338.54,0.0,4.87,100.0,2,Starting,1159.87,704.52
1792723140000000000,2026-10-23T02:39:00Z,controller 1,1.324,5.065,117.21,420.32,6.14,0.0,4.77,100.0,2,Starting,1119.43,728.54
1792723200000000000,2026-10-23T02:40:00Z,controller 1,1.421,5.343,102.67,304.29,589.74,0.0,4.95,100.0,2,Starting,1168.62,699.4
1792723260000000000,2026-10-23T02:41:00Z,controller 1,1.335,4.88,101.75,413.63,478.61,0.0,4.17,100.0,2,Starting,1133.25,696.72
1792723320000000000,2026-10-23T02:42:00Z,controller 1,1.349,5.38,107.16,45.99,20.4,0.0,4.61,100.0,1,Starting,1138.01,669.66
1792723380000000000,2026-10-23T02:43:00Z,controller 1,1.383,4.926,57.55,69.08,391.75,0.0,4.32,100.0,2,Starting,1126.68,664.01
1792723440000000000,2026-10-23T02:44:00Z,controller 2,1.313,5.002,141.98,125.67,326.03,0.0,4.64,100.0,1,Starting,1140.47,689.42
1792723500000000000,2026-10-23T02:45:00Z,controller 1,1.362,5.557,154.26,358.93,487.4,0.0,5.11,100.0,2,Starting,1161.69,707.0
1792723560000000000,2026-10-23T02:46:00Z,controller 2,1.479,5.43,41.79,197.55,75.43,0.0,5.64,100.0,2,Starting,1204.73,684.86
1792723620000000000,2026-10-23T02:47:00Z,controller 2,1.403,4.992,177.59,392.43,360.04,0.0,4.51,100.0,3,Starting,1244.89,671.32
1792723680000000000,2026-10-23T02:48:00Z,controller 1,1.365,5.511,73.9,313.69,583.55,0.0,5.16,100.0,1,Starting,1210.53,679.57
1792723740000000000,2026-10-23T02:49:00Z,free response,1.335,5.095,143.4,202.13,221.73,0.0,4.16,100.0,2,Starting,1174.93,697.62
1792723800000000000,2026-10-23T02:50:00Z,controller 2,1.352,4.91,-15.59,141.46,218.19,0.0,4.67,100.0,1,Starting,1212.33,706.72
1792723860000000000,2026-10-23T02:51:00Z,controller 2,1.468,5.41,178.45,328.43,373.51,0.0,5.3,100.0,2,Starting,1215.46,700.29
1792723920000000000,2026-10-23T02:52:00Z,controller 2,1.434,5.054,129.72,75.23,346.57,0.0,5.48,100.0,2,Starting,1189.53,692.42
1792723980000000000,2026-10-23T02:53:00Z,free response,1.449,5.557,138.62,180.68,79.07,0.0,5.68,100.0,1,Starting,1202.21,674.29
1792724040000000000,2026-10-23T02:54:00Z,controller 1,1.471,5.518,-26.13,271.36,84.16,0.0,6.43,100.0,2,Starting,1232.33,652.72
1792724100000000000,2026-10-23T02:55:00Z,controller 2,1.363,5.569,26.99,391.05,309.4,0.0,4.67,100.0,1,Starting,1251.03,650.0
1792724160000000000,2026-10-23T02:56:00Z,controller 2,1.455,5.36,165.55,204.72,207.24,0.0,6.18,100.0,2,Starting,1217.94,678.24
1792724220000000000,2026-10-23T02:57:00Z,controller 2,1.333,4.913,173.08,307.71,435.52,0.0,4.26,100.0,1,Starting,1193.65,667.86
1792724280000000000,2026-10-23T02:58:00Z,controller 1,1.348,5.167,33.81,425.98,116.68,0.0,4.69,100.0,2,Starting,1184.92,635.44
1792724340000000000,2026-10-23T02:59:00Z,controller 1,1.328,5.277,17.81,316.53,256.64,0.0,4.32,100.0,1,Off,1188.25,633.22
1792724400000000000,2026-10-23T03:00:00Z,controller 1,0.497,7.684,18.36,344.95,553.95,0.0,0.96,100.0,3,Off,1197.43,612.81
1792724460000000000,2026-10-23T03:01:00Z,controller 1,0.517,8.002,151.76,67.8,447.13,0.0,1.01,100.0,3,Off,1215.06,590.32
1792724520000000000,2026-10-23T03:02:00Z,controller 1,0.478,7.81,25.01,310.15,50.09,0.0,0.89,100.0,2,Off,1170.85,603.6
1792724580000000000,2026-10-23T03:03:00Z,free response,0.409,7.725,129.6,228.71,199.68,0.0,0.61,100.0,1,Off,1206.61,576.86
1792724640000000000,2026-10-23T03:04:00Z,controller 2,0.36,7.907,-20.84,227.13,495.65,0.0,0.55,100.0,2,Off,1227.26,555.87
1792724700000000000,2026-10-23T03:05:00Z,controller 1,0.368,7.425,117.36,120.91,24.42,0.0,0.46,100.0,1,Off,1261.08,547.95
1792724760000000000,2026-10-23T03:06:00Z,controller 2,0.526,7.679,161.97,432.5,369.7,0.0,1.02,100.0,3,Off,1305.51,546.31
1792724820000000000,2026-10-23T03:07:00Z,controller 2,0.517,7.446,141.83,58.87,376.49,0.0,0.9,100.0,3,Off,1352.23,559.3
1792724880000000000,2026-10-23T03:08:00Z,free response,0.439,7.526,40.49,151.35,581.51,0.0,0.75,100.0,3,Off,1353.47,558.64
1792724940000000000,2026-10-23T03:09:00Z,controller 2,0.434,7.332,171.74,150.62,12.56,0.0,0.76,100.0,1,Off,1367.6,565.73
1792725000000000000,2026-10-23T03:10:00Z,controller 1,0.443,7.656,47.07,106.4,522.46,0.0,0.72,100.0,3,Off,1410.76,576.23
1792725060000000000,2026-10-23T03:11:00Z,controller 1,0.442,7.938,61.37,215.78,34.85,0.0,0.78,100.0,3,Off,1456.58,600.7
1792725120000000000,2026-10-23T03:12:00Z,controller 1,0.456,7.901,127.8,129.14,458.88,0.0,0.82,100.0,3,Off,1500.0,590.61
1792725180000000000,2026-10-23T03:13:00Z,controller 1,0.36,7.511,3.09,171.97,67.89,0.0,0.45,100.0,3,Off,1465.25,561.61
1792725240000000000,2026-10-23T03:14:00Z,free response,0.521,7.77,177.6,14.4,8.53,0.0,0.97,100.0,1,Off,1429.48,571.35
1792725300000000000,2026-10-23T03:15:00Z,controller 1,0.36,7.968,160.7,55.0,1.55,0.0,0.5,100.0,2,Off,1448.89,572.8
1792725360000000000,2026-10-23T03:16:00Z,free response,0.443,7.307,165.11,7.41,67.28,0.0,0.67,100.0,2,Off,1498.64,560.41
1792725420000000000,2026-10-23T03:17:00Z,free response,0.452,7.658,191.13,150.01,225.38,0.0,0.78,100.0,2,Off,1496.96,540.14
1792725480000000000,2026-10-23T03:18:00Z,free response,0.444,7.266,69.04,196.45,376.49,0.0,0.74,100.0,1,Off,1473.11,564.56
1792725540000000000,2026-10-23T03:19:00Z,free response,0.464,7.774,103.88,153.24,596.88,0.0,0.8,100.0,1,Off,1494.32,537.91
1792725600000000000,2026-10-23T03:20:00Z,controller 2,0.486,7.71,154.11,83.09,26.76,0.0,0.94,100.0,1,Off,1500.0,567.65
1792725660000000000,2026-10-23T03:21:00Z,controller 1,0.5,7.754,73.65,7.71,18.59,0.0,1.0,100.0,1,Off,1473.9,592.23
1792725720000000000,2026-10-23T03:22:00Z,controller 1,0.409,7.88,180.25,341.11,555.43,0.0,0.7,100.0,3,Off,1099.52,556.39
1792725780000000000,2026-10-23T03:23:00Z,free response,0.426,7.903,4.36,166.58,249.39,0.0,0.72,100.0,1,Off,1123.29,585.87
1792725840000000000,2026-10-23T03:24:00Z,controller 1,0.433,7.847,63.77,216.48,284.5,0.0,0.68,100.0,3,Off,1096.6,612.84
1792725900000000000,2026-10-23T03:25:00Z,controller 2,0.473,7.254,73.68,265.85,383.17,0.0,0.83,100.0,3,Off,1060.18,593.96
1792725960000000000,2026-10-23T03:26:00Z,controller 1,0.355,7.74,195.58,206.27,400.8,0.0,0.45,100.0,1,Off,1023.29,598.25
1792726020000000000,2026-10-23T03:27:00Z,controller 1,0.495,7.837,19.02,32.21,443.14,0.0,0.98,100.0,2,Off,1001.87,588.11
1792726080000000000,2026-10-23T03:28:00Z,controller 2,0.366,7.735,96.65,447.16,495.9,0.0,0.56,100.0,1,Off,721.88,516.9
1792726140000000000,2026-10-23T03:29:00Z,free response,0.456,7.418,-12.91,82.32,457.62,0.0,0.72,100.0,1,Off,681.82,487.75
1792726200000000000,2026-10-23T03:30:00Z,controller 1,2.054,5.964,38.7,291.69,173.4,0.0,13.56,100.0,2,Off,727.37,458.26
1792726260000000000,2026-10-23T03:31:00Z,free response,2.091,5.793,189.49,448.88,301.25,0.0,11.5,100.0,1,Off,763.55,460.13
1792726320000000000,2026-10-23T03:32:00Z,controller 2,2.074,5.782,93.44,249.78,319.62,0.0,12.41,100.0,3,Off,793.27,489.17
1792726380000000000,2026-10-23T03:33:00Z,controller 2,2.171,6.5,143.7,293.66,401.78,0.0,15.0,100.0,2,Off,797.91,461.01
1792726440000000000,2026-10-23T03:34:00Z,free response,2.184,5.824,62.19,377.49,173.75,0.0,14.22,100.0,1,Off,788.86,460.65
1792726500000000000,2026-10-23T03:35:00Z,controller 2,2.101,5.77,159.92,109.86,566.46,0.0,13.14,100.0,3,Off,783.86,486.09
1792726560000000000,2026-10-23T03:36:00Z,controller 1,2.186,5.825,49.12,186.78,524.01,0.0,12.55,100.0,1,Off,784.2,476.02
1792726620000000000,2026-10-23T03:37:00Z,controller 1,2.148,6.348,18.1,75.34,258.49,0.0,13.23,100.0,3,Off,789.53,502.65
1792726680000000000,2026-10-23T03:38:00Z,controller 2,2.19,6.49,66.46,339.85,498.02,0.0,15.31,100.0,3,Off,795.09,526.81
1792726740000000000,2026-10-23T03:39:00Z,free response,2.116,5.949,62.58,186.14,346.29,0.0,14.04,100.0,2,Off,1093.67,651.71
1792726800000000000,2026-10-23T03:40:00Z,controller 1,2.055,6.419,31.15,90.07,191.07,0.0,14.37,100.0,2,Off,1138.71,659.55
1792726860000000000,2026-10-23T03:41:00Z,controller 1,2.032,6.438,54.21,276.82,161.75,0.0,12.87,100.0,1,Off,1095.39,679.43
1792726920000000000,2026-10-23T03:42:00Z,free response,2.113,6.021,171.68,395.94,461.14,0.0,13.76,100.0,1,Off,1113.08,688.19
1792726980000000000,2026-10-23T03:43:00Z,controller 2,2.024,6.084,126.68,392.04,351.29,0.0,13.53,100.0,1,Off,1158.44,675.64
1792727040000000000,2026-10-23T03:44:00Z,controller 1,2.054,6.304,125.29,23.84,361.23,0.0,12.32,100.0,3,Off,1161.31,695.71
1792727100000000000,2026-10-23T03:45:00Z,free response,2.087,6.029,173.09,382.62,86.92,0.0,13.85,100.0,3,Off,1153.36,613.71
1792727160000000000,2026-10-23T03:46:00Z,free response,2.051,5.84,152.04,148.1,158.76,0.0,12.27,100.0,1,Off,1126.67,587.52
1792727220000000000,2026-10-23T03:47:00Z,free response,2.111,6.141,169.41,234.17,321.42,0.0,13.26,100.0,2,Off,1077.74,617.29
1792727280000000000,2026-10-23T03:48:00Z,free response,2.156,5.941,0.41,273.31,433.25,0.0,12.7,100.0,1,Off,1052.29,631.35
1792727340000000000,2026-10-23T03:49:00Z,controller 2,2.175,5.772,-6.78,154.98,170.17,0.0,13.31,100.0,2,Off,1061.63,620.05
1792727400000000000,2026-10-23T03:50:00Z,controller 2,2.129,6.0,83.85,201.17,342.92,0.0,12.4,100.0,3,Off,1092.46,626.21
1792727460000000000,2026-10-23T03:51:00Z,controller 2,2.025,6.462,22.16,154.82,116.7,0.0,14.5,100.0,1,Off,1075.29,651.75
1792727520000000000,2026-10-23T03:52:00Z,free response,2.158,5.892,149.12,40.73,96.18,0.0,14.22,100.0,3,Off,1055.34,668.08
1792727580000000000,2026-10-23T03:53:00Z,free response,2.137,6.294,-6.25,248.6,499.05,0.0,15.6,100.0,1,Off,1045.93,667.08
1792727640000000000,2026-10-23T03:54:00Z,controller 1,2.193,6.193,141.44,366.32,549.16,0.0,13.75,100.0,1,Off,1060.41,682.68
1792727700000000000,2026-10-23T03:55:00Z,controller 1,2.045,5.889,24.88,46.24,378.52,0.0,13.0,100.0,2,Off,1100.77,668.28
1792727760000000000,2026-10-23T03:56:00Z,controller 2,2.11,5.851,-1.76,224.63,484.61,0.0,13.62,100.0,2,Off,1116.62,675.1
1792727820000000000,2026-10-23T03:57:00Z,controller 1,2.026,6.287,161.62,433.88,318.54,0.0,13.46,100.0,1,Off,1166.6,652.69
1792727880000000000,2026-10-23T03:58:00Z,controller 2,2.147,6.293,-0.29,240.32,368.52,0.0,15.85,100.0,3,Off,1204.19,675.02
1792727940000000000,2026-10-23T03:59:00Z,free response,2.184,6.253,22.26,393.04,131.46,0.0,15.15,100.0,2,Off,1184.91,655.1
1792728000000000000,2026-10-23T04:00:00Z,controller 1,0.789,1,198.69,140.18,457.62,0.0,0.3,100.0,1,Off,1146.14,634.23
1792728060000000000,2026-10-23T04:01:00Z,controller 1,0.796,1,39.88,162.18,280.21,0.0,0.29,100.0,2,Off,883.99,496.0
1792728120000000000,2026-10-23T04:02:00Z,free response,0.745,1.086,-4.77,316.27,333.7,0.0,0.28,100.0,2,Off,865.54,478.64
1792728180000000000,2026-10-23T04:03:00Z,controller 2,0.829,1.032,120.88,233.77,599.22,0.0,0.38,100.0,2,Off,852.0,487.72
1792728240000000000,2026-10-23T04:04:00Z,free response,0.733,1.253,55.14,28.8,25.87,0.0,0.37,100.0,1,Off,869.73,470.14
1792728300000000000,2026-10-23T04:05:00Z,free response,0.777,1.005,79.94,268.83,84.25,0.0,0.3,100.0,2,Off,876.41,483.61
1792728360000000000,2026-10-23T04:06:00Z,free response,0.815,1.106,87.37,118.73,264.9,0.0,0.4,100.0,3,Off,868.35,489.76
1792728420000000000,2026-10-23T04:07:00Z,free response,0.757,1.044,85.5,35.4,204.47,0.0,0.31,100.0,1,Off,852.6,493.11
1792728480000000000,2026-10-23T04:08:00Z,free response,0.762,1,-11.99,110.03,527.78,0.0,0.3,100.0,1,Off,811.87,469.08
1792728540000000000,2026-10-23T04:09:00Z,controller 1,0.806,1,2.13,149.91,465.71,0.0,0.34,100.0,3,Off,774.46,448.13
1792728600000000000,2026-10-23T04:10:00Z,free response,0.696,1.237,121.8,69.53,446.85,0.0,0.33,100.0,2,Off,785.44,457.23
1792728660000000000,2026-10-23T04:11:00Z,controller 1,0.721,1.4,113.32,440.94,393.58,0.0,0.36,100.0,1,Off,820.63,473.01
1792728720000000000,2026-10-23T04:12:00Z,free response,0.831,1.292,-27.87,343.17,216.29,0.0,0.48,100.0,2,Off,775.29,468.41
1792728780000000000,2026-10-23T04:13:00Z,controller 1,0.727,1,16.75,134.31,405.66,0.0,0.27,100.0,2,Off,800.68,462.62
1792728840000000000,2026-10-23T04:14:00Z,controller 1,0.711,1,169.86,282.0,71.12,0.0,0.25,100.0,2,Off,775.24,442.08
1792728900000000000,2026-10-23T04:15:00Z,controller 2,0.693,1.34,87.82,272.05,573.01,0.0,0.34,100.0,1,Off,793.79,449.91
1792728960000000000,2026-10-23T04:16:00Z,controller 1,0.811,1.477,16.86,323.48,259.93,0.0,0.47,100.0,3,Off,804.12,429.17
1792729020000000000,2026-10-23T04:17:00Z,free response,0.783,1.022,111.18,294.44,413.97,0.0,0.31,100.0,1,Off,790.83,416.53
1792729080000000000,2026-10-23T04:18:00Z,free response,0.754,1,111.71,442.32,435.96,0.0,0.31,100.0,3,Off,761.32,410.2
1792729140000000000,2026-10-23T04:19:00Z,free response,0.781,1.294,2.9,3.51,37.48,0.0,0.39,100.0,3,Off,1059.64,333.63
1792729200000000000,2026-10-23T04:20:00Z,controller 2,0.825,1,6.11,32.18,421.84,0.0,0.35,100.0,3,Off,1099.14,331.34
1792729260000000000,2026-10-23T04:21:00Z,controller 2,0.828,1.085,-11.15,315.18,160.77,0.0,0.35,100.0,1,Off,1083.73,328.17
1792729320000000000,2026-10-23T04:22:00Z,controller 1,0.852,1.246,190.59,60.72,194.74,0.0,0.43,100.0,3,Off,1080.45,310.35
1792729380000000000,2026-10-23T04:23:00Z,controller 1,0.692,1.373,52.75,149.93,132.36,0.0,0.34,100.0,3,Off,1071.14,317.54
1792729440000000000,2026-10-23T04:24:00Z,free response,0.821,1.259,157.09,89.03,97.88,0.0,0.43,100.0,3,Off,1070.09,345.78
1792729500000000000,2026-10-23T04:25:00Z,controller 2,0.749,1.205,174.59,25.03,19.72,0.0,0.32,100.0,2,Off,1030.61,355.86
1792729560000000000,2026-10-23T04:26:00Z,controller 1,0.801,1.229,104.9,8.73,194.17,0.0,0.42,100.0,1,Off,1054.46,370.27
1792729620000000000,2026-10-23T04:27:00Z,free response,0.809,1.426,183.33,128.63,383.83,0.0,0.46,100.0,1,Off,1089.46,547.79
1792729680000000000,2026-10-23T04:28:00Z,free response,0.779,1.077,-15.85,346.16,480.42,0.0,0.32,100.0,3,Off,1084.01,546.34
1792729740000000000,2026-10-23T04:29:00Z,controller 2,0.822,1.189,9.45,179.8,514.38,0.0,0.4,100.0,2,Off,1104.58,551.09
1792729800000000000,2026-10-23T04:30:00Z,controller 2,0.599,3.874,194.67,274.87,4.86,0.0,0.64,100.0,2,Off,1123.56,569.32
1792729860000000000,2026-10-23T04:31:00Z,free response,0.713,4.249,80.16,71.17,200.71,0.0,1.01,100.0,3,Off,1101.55,598.85
1792729920000000000,2026-10-23T04:32:00Z,free response,0.609,4.055,115.59,82.16,387.56,0.0,0.69,100.0,3,Off,1110.05,584.42
1792729980000000000,2026-10-23T04:33:00Z,controller 2,0.686,4.369,30.4,299.54,520.01,0.0,0.96,100.0,1,Off,1070.65,558.95
1792730040000000000,2026-10-23T04:34:00Z,controller 2,0.678,4.36,186.21,125.18,378.62,0.0,1.1,100.0,3,Off,1072.72,583.64
1792730100000000000,2026-10-23T04:35:00Z,controller 2,0.758,3.886,134.74,327.87,463.87,0.0,1.05,100.0,1,Off,1035.92,589.94
1792730160000000000,2026-10-23T04:36:00Z,controller 2,0.688,4.229,78.97,111.86,284.07,0.0,1.08,100.0,3,Off,1003.27,604.02
1792730220000000000,2026-10-23T04:37:00Z,controller 1,0.595,4.161,117.34,121.1,139.06,0.0,0.72,100.0,1,Off,1023.86,619.72
1792730280000000000,2026-10-23T04:38:00Z,controller 2,0.714,4.338,-5.31,178.6,533.42,0.0,1.18,100.0,3,Off,1014.34,618.89
1792730340000000000,2026-10-23T04:39:00Z,controller 1,0.638,4.376,147.67,339.34,534.44,0.0,0.87,100.0,3,Off,995.51,626.53
1792730400000000000,2026-10-23T04:40:00Z,controller 1,0.692,4.018,117.96,303.59,305.93,0.0,0.94,100.0,2,Off,1017.53,612.54
1792730460000000000,2026-10-23T04:41:00Z,controller 1,0.597,4.444,118.79,99.27,380.96,0.0,0.78,100.0,1,Off,1037.85,597.72
1792730520000000000,2026-10-23T04:42:00Z,controller 2,0.588,4.328,117.21,185.81,446.97,0.0,0.76,100.0,2,Off,1045.16,580.7
1792730580000000000,2026-10-23T04:43:00Z,controller 2,0.732,4.406,58.12,341.57,306.16,0.0,1.15,100.0,3,Off,1092.07,567.22
1792730640000000000,2026-10-23T04:44:00Z,free response,0.609,4.101,139.77,411.85,532.93,0.0,0.81,100.0,1,Off,1129.75,585.81
1792730700000000000,2026-10-23T04:45:00Z,controller 1,0.62,4.476,-25.12,10.89,177.29,0.0,0.94,100.0,1,Off,1080.99,603.76
1792730760000000000,2026-10-23T04:46:00Z,controller 2,0.589,3.946,176.58,440.12,169.39,0.0,0.62,100.0,1,Off,1035.76,613.1
1792730820000000000,2026-10-23T04:47:00Z,controller 1,0.654,3.99,137.79,337.11,479.07,0.0,0.84,100.0,3,Off,1005.21,608.17
1792730880000000000,2026-10-23T04:48:00Z,controller 2,0.745,3.798,7.71,89.39,559.38,0.0,1.16,100.0,1,Off,967.03,635.23
1792730940000000000,2026-10-23T04:49:00Z,controller 2,0.608,4.353,58.01,165.59,194.79,0.0,0.87,100.0,1,Off,1014.97,650.55
1792731000000000000,2026-10-23T04:50:00Z,free response,0.672,4.356,-14.73,136.54,400.65,0.0,0.91,100.0,1,Off,1009.73,645.91
1792731060000000000,2026-10-23T04:51:00Z,controller 2,0.74,4.356,102.16,4.79,409.64,0.0,1.25,100.0,1,Off,1057.12,621.04
1792731120000000000,2026-10-23T04:52:00Z,free response,0.61,4.287,148.79,435.49,348.66,0.0,0.78,100.0,1,Off,1032.33,623.51
1792731180000000000,2026-10-23T04:53:00Z,controller 2,0.714,4.072,195.87,52.59,399.48,0.0,1.03,100.0,1,Off,1018.04,639.59
1792731240000000000,2026-10-23T04:54:00Z,free response,0.586,3.867,147.9,83.07,434.38,0.0,0.61,100.0,2,Off,1006.92,628.3
1792731300000000000,2026-10-23T04:55:00Z,free response,0.75,4.169,-9.87,5.92,423.63,0.0,1.23,100.0,2,Off,1001.77,622.32
1792731360000000000,2026-10-23T04:56:00Z,free response,0.698,4.086,111.46,303.99,291.33,0.0,0.9,100.0,3,Off,955.21,622.43
1792731420000000000,2026-10-23T04:57:00Z,controller 1,0.648,3.934,-14.0,102.87,542.76,0.0,0.75,100.0,3,Off,988.29,640.95
1792731480000000000,2026-10-23T04:58:00Z,controller 2,0.707,3.917,199.38,124.73,4.46,0.0,0.93,100.0,3,Off,981.75,652.76
1792731540000000000,2026-10-23T04:59:00Z,controller 2,0.696,3.962,67.58,175.57,369.17,0.0,0.94,100.0,2,Off,983.22,630.73
1792731600000000000,2026-10-23T05:00:00Z,controller 1,1.292,9.664,32.07,57.58,444.44,0.0,7.63,100.0,2,Off,1021.23,631.15
1792731660000000000,2026-10-23T05:01:00Z,controller 1,1.394,9.813,144.51,422.18,580.12,0.0,9.0,100.0,3,Off,1050.49,646.33
1792731720000000000,2026-10-23T05:02:00Z,controller 2,1.318,9.486,182.34,221.06,470.1,0.0,8.88,100.0,3,Off,1070.43,650.52
1792731780000000000,2026-10-23T05:03:00Z,controller 1,1.389,10.115,178.82,297.16,541.27,0.0,10.35,100.0,1,Off,1073.84,672.75
1792731840000000000,2026-10-23T05:04:00Z,controller 1,1.255,9.87,120.91,431.72,196.91,0.0,7.11,100.0,2,Off,1049.69,684.15
1792731900000000000,2026-10-23T05:05:00Z,free response,1.26,10.009,-12.68,155.36,375.0,0.0,8.7,100.0,3,Off,1089.6,687.69
1792731960000000000,2026-10-23T05:06:00Z,controller 2,1.352,10.109,172.76,114.69,197.16,0.0,9.21,100.0,2,Off,1050.14,672.99
1792732020000000000,2026-10-23T05:07:00Z,controller 1,1.352,9.728,119.99,310.23,154.02,0.0,9.69,100.0,3,Off,1119.5,648.47
1792732080000000000,2026-10-23T05:08:00Z,controller 2,1.237,9.474,19.24,46.49,598.08,0.0,7.46,100.0,1,Off,1143.13,655.97
1792732140000000000,2026-10-23T05:09:00Z,controller 2,1.39,9.634,1.81,260.93,498.87,0.0,8.55,100.0,1,Off,1179.94,678.03
1792732200000000000,2026-10-23T05:10:00Z,free response,1.323,9.395,-28.45,323.29,278.84,0.0,7.48,100.0,1,Off,1156.36,659.21
1792732260000000000,2026-10-23T05:11:00Z,free response,1.393,9.74,21.84,218.15,123.78,0.0,9.99,100.0,3,Off,1120.64,667.34
1792732320000000000,2026-10-23T05:12:00Z,controller 2,1.257,9.662,80.97,175.54,414.36,0.0,6.97,100.0,3,Off,1121.25,685.9
1792732380000000000,2026-10-23T05:13:00Z,controller 1,1.269,9.764,141.64,398.91,181.92,0.0,7.11,100.0,2,Off,1138.48,713.48
1792732440000000000,2026-10-23T05:14:00Z,controller 2,1.223,9.967,122.76,99.28,421.53,0.0,7.28,100.0,1,Off,1146.63,721.71
1792732500000000000,2026-10-23T05:15:00Z,free response,1.244,10.15,82.16,36.28,122.68,0.0,7.99,100.0,2,Off,1185.07,707.9
1792732560000000000,2026-10-23T05:16:00Z,controller 2,1.334,9.82,57.59,323.54,599.21,0.0,8.26,100.0,1,Off,1231.6,709.88
1792732620000000000,2026-10-23T05:17:00Z,controller 2,1.265,10.018,157.98,440.4,385.75,0.0,8.6,100.0,2,Off,1231.46,719.06
1792732680000000000,2026-10-23T05:18:00Z,controller 1,1.325,9.859,94.22,73.32,46.71,0.0,8.9,100.0,1,Off,1263.52,705.17
1792732740000000000,2026-10-23T05:19:00Z,controller 1,1.221,9.458,162.89,28.22,447.18,0.0,6.72,100.0,2,Off,1309.29,728.76
1792732800000000000,2026-10-23T05:20:00Z,controller 1,1.345,10.097,50.02,102.95,186.67,0.0,9.05,100.0,1,Off,1320.1,725.66
1792732860000000000,2026-10-23T05:21:00Z,controller 1,1.345,9.698,134.44,103.88,376.07,0.0,9.11,100.0,2,Off,1355.97,753.77
1792732920000000000,2026-10-23T05:22:00Z,controller 2,1.253,9.965,84.32,369.43,411.77,0.0,8.34,100.0,3,Off,1307.17,747.31
1792732980000000000,2026-10-23T05:23:00Z,free response,1.369,9.899,108.29,195.29,3.12,0.0,8.98,34.74,2,Off,1344.41,759.45
1792733040000000000,2026-10-23T05:24:00Z,controller 2,1.333,9.901,19.28,346.2,482.95,0.0,9.49,100.0,1,Off,1329.29,784.6
1792733100000000000,2026-10-23T05:25:00Z,free response,1.339,9.586,87.66,62.22,163.28,0.0,7.78,100.0,2,Off,1288.01,810.23
1792733160000000000,2026-10-23T05:26:00Z,free response,1.275,9.482,100.73,316.26,145.98,0.0,7.84,100.0,2,Off,1294.92,794.87
1792733220000000000,2026-10-23T05:27:00Z,controller 1,1.227,9.512,-12.15,173.37,596.26,0.0,6.91,100.0,1,Off,1311.84,811.75
1792733280000000000,2026-10-23T05:28:00Z,free response,1.375,9.47,34.23,119.3,562.17,0.0,9.79,100.0,2,Off,1289.08,799.6
1792733340000000000,2026-10-23T05:29:00Z,controller 2,1.349,9.88,-19.94,79.15,562.29,0.0,9.66,100.0,3,Off,1241.53,819.12
1792733400000000000,2026-10-23T05:30:00Z,controller 1,1.129,3.979,129.31,112.69,348.7,0.0,2.42,100.0,3,Off,1284.04,841.27
1792733460000000000,2026-10-23T05:31:00Z,controller 1,1.258,3.687,162.32,368.84,547.82,0.0,2.85,100.0,3,Off,1282.61,816.01
1792733520000000000,2026-10-23T05:32:00Z,controller 1,1.124,3.7,33.7,20.93,286.94,0.0,2.23,100.0,2,Off,1281.52,819.04
1792733580000000000,2026-10-23T05:33:00Z,controller 2,1.213,3.619,127.64,376.73,402.44,0.0,2.51,100.0,1,Off,1292.26,801.42
1792733640000000000,2026-10-23T05:34:00Z,controller 1,1.247,3.739,112.22,408.02,532.38,0.0,3.19,100.0,3,Off,1339.52,774.65
1792733700000000000,2026-10-23T05:35:00Z,controller 1,1.184,3.692,191.48,214.32,23.48,0.0,2.81,100.0,3,Off,1381.99,772.37
1792733760000000000,2026-10-23T05:36:00Z,controller 1,1.175,3.671,118.62,79.48,311.24,0.0,2.73,100.0,2,Off,1425.38,749.91
1792733820000000000,2026-10-23T05:37:00Z,free response,1.296,3.891,4.89,441.56,279.18,0.0,3.55,100.0,2,Off,1412.06,770.37
1792733880000000000,2026-10-23T05:38:00Z,controller 2,1.121,4.028,198.87,86.11,509.42,0.0,2.76,100.0,1,Off,1458.78,769.87
1792733940000000000,2026-10-23T05:39:00Z,free response,1.137,4.101,114.06,333.9,270.8,0.0,2.83,100.0,1,Off,1424.65,768.23
1792734000000000000,2026-10-23T05:40:00Z,free response,1.203,3.65,168.15,85.96,233.91,0.0,2.42,100.0,1,Off,1394.25,773.98
1792734060000000000,2026-10-23T05:41:00Z,controller 1,1.238,3.515,7.64,347.79,433.57,0.0,2.48,100.0,1,Off,1386.72,780.1
1792734120000000000,2026-10-23T05:42:00Z,free response,1.241,3.667,110.19,38.21,584.59,0.0,2.99,100.0,1,Off,1426.23,764.99
1792734180000000000,2026-10-23T05:43:00Z,controller 1,1.188,3.945,110.6,338.28,179.26,0.0,2.75,100.0,1,Off,1444.49,735.83
1792734240000000000,2026-10-23T05:44:00Z,free response,1.209,4.002,40.47,292.95,114.55,0.0,2.7,100.0,1,Off,1458.09,745.64
1792734300000000000,2026-10-23T05:45:00Z,free response,1.237,3.394,44.37,332.69,362.85,0.0,2.68,100.0,2,Off,1493.91,739.97
1792734360000000000,2026-10-23T05:46:00Z,controller 2,1.145,3.871,46.23,117.44,285.66,0.0,2.37,100.0,2,Off,1500.0,740.5
1792734420000000000,2026-10-23T05:47:00Z,free response,1.164,4.103,35.34,441.65,215.65,0.0,2.69,100.0,3,Off,1457.23,747.41
1792734480000000000,2026-10-23T05:48:00Z,controller 2,1.143,3.94,114.48,144.28,35.85,0.0,2.57,100.0,3,Off,1440.53,773.13
1792734540000000000,2026-10-23T05:49:00Z,controller 1,1.2,4.043,77.96,275.19,479.06,0.0,2.71,100.0,1,Off,1200.97,881.71
1792734600000000000,2026-10-23T05:50:00Z,controller 1,1.2,4.041,4.42,25.66,376.93,0.0,2.77,100.0,3,Off,1161.84,887.84
1792734660000000000,2026-10-23T05:51:00Z,free response,1.13,3.624,60.2,192.77,211.28,0.0,2.49,100.0,2,Off,1149.49,875.23
1792734720000000000,2026-10-23T05:52:00Z,controller 1,1.278,3.337,59.71,143.91,425.98,0.0,2.72,100.0,2,Off,1109.55,847.36
1792734780000000000,2026-10-23T05:53:00Z,controller 1,1.127,3.701,-16.74,327.52,153.24,0.0,2.25,100.0,3,Off,1137.38,817.82
1792734840000000000,2026-10-23T05:54:00Z,free response,1.249,3.946,14.08,234.6,463.5,0.0,2.95,100.0,2,Off,1207.57,746.75
1792734900000000000,2026-10-23T05:55:00Z,controller 1,1.121,3.97,101.55,248.21,118.39,0.0,2.52,100.0,2,Off,1225.29,747.55
1792734960000000000,2026-10-23T05:56:00Z,free response,1.223,3.359,120.21,96.69,316.81,0.0,2.46,100.0,3,Off,1247.19,730.46
1792735020000000000,2026-10-23T05:57:00Z,controller 2,1.216,4.085,82.73,197.45,583.68,0.0,3.07,100.0,3,Off,1241.96,700.7
1792735080000000000,2026-10-23T05:58:00Z,controller 2,1.258,3.441,131.61,263.69,572.31,0.0,2.87,100.0,2,Off,1255.15,730.01
1792735140000000000,2026-10-23T05:59:00Z,controller 1,1.249,3.716,47.35,379.19,321.21,0.0,2.63,100.0,1,Off,1215.94,700.68
1792735200000000000,2026-10-23T06:00:00Z,controller 2,1.741,1.051,-18.34,329.57,462.98,0.0,1.56,100.0,1,Off,1244.86,679.39
1792735260000000000,2026-10-23T06:01:00Z,controller 2,1.856,1.215,182.83,46.3,273.39,0.0,2.28,100.0,1,Off,1276.82,661.71
1792735320000000000,2026-10-23T06:02:00Z,free response,1.825,1.011,16.19,150.45,452.52,0.0,1.55,100.0,2,Off,1289.8,664.87
1792735380000000000,2026-10-23T06:03:00Z,controller 2,1.825,1.236,71.05,55.21,349.31,0.0,1.89,100.0,3,Off,1329.07,690.21
1792735440000000000,2026-10-23T06:04:00Z,controller 1,1.709,1.145,108.38,210.0,151.6,0.0,1.59,100.0,3,Off,1361.95,662.76
1792735500000000000,2026-10-23T06:05:00Z,controller 2,1.768,1,20.97,60.18,517.68,0.0,1.72,100.0,1,Off,1330.17,664.71
1792735560000000000,2026-10-23T06:06:00Z,controller 2,1.786,1.048,23.01,134.52,53.64,0.0,1.6,100.0,2,Off,1332.25,640.53
1792735620000000000,2026-10-23T06:07:00Z,controller 2,1.749,1.29,-25.78,431.58,448.96,0.0,2.11,100.0,1,Off,1293.94,639.17
1792735680000000000,2026-10-23T06:08:00Z,controller 1,1.756,1.47,72.41,316.97,29.49,0.0,2.06,100.0,3,Off,1251.24,614.09
1792735740000000000,2026-10-23T06:09:00Z,controller 2,1.781,1.408,57.88,91.36,107.95,0.0,2.15,100.0,3,Off,1249.58,612.93
1792735800000000000,2026-10-23T06:10:00Z,controller 2,1.864,1,118.86,302.06,537.06,0.0,1.78,100.0,3,Off,1243.92,627.52
1792735860000000000,2026-10-23T06:11:00Z,controller 1,1.789,1.223,-23.29,249.73,403.46,0.0,1.79,100.0,3,Off,1202.06,617.36
1792735920000000000,2026-10-23T06:12:00Z,controller 2,1.842,1.089,131.63,425.09,331.3,0.0,1.71,100.0,3,Off,1214.04,633.9
1792735980000000000,2026-10-23T06:13:00Z,free response,1.855,1,110.22,63.05,392.05,0.0,1.8,100.0,1,Off,1169.09,632.67
1792736040000000000,2026-10-23T06:14:00Z,controller 2,1.809,1.325,163.57,31.13,337.45,0.0,1.96,100.0,1,Off,1210.09,635.44
1792736100000000000,2026-10-23T06:15:00Z,controller 2,1.804,1.05,28.91,312.06,174.18,0.0,1.77,100.0,3,Off,1199.78,621.33
1792736160000000000,2026-10-23T06:16:00Z,controller 2,1.785,1.487,-10.26,256.31,371.45,0.0,2.2,100.0,3,Off,1224.3,647.17
1792736220000000000,2026-10-23T06:17:00Z,free response,1.784,1.24,87.92,281.17,434.27,0.0,1.96,100.0,1,Off,1226.34,665.91
1792736280000000000,2026-10-23T06:18:00Z,controller 2,1.887,1.514,116.55,78.37,90.37,0.0,2.81,100.0,2,Off,773.17,443.13
1792736340000000000,2026-10-23T06:19:00Z,controller 1,1.851,1,28.38,184.71,324.34,0.0,1.71,100.0,1,Off,746.78,449.87
1792736400000000000,2026-10-23T06:20:00Z,controller 1,1.8,1.223,34.9,382.36,300.19,0.0,1.89,100.0,3,Off,787.72,438.55
1792736460000000000,2026-10-23T06:21:00Z,controller 2,1.835,1.01,49.86,14.23,305.78,0.0,1.78,100.0,2,Off,795.61,419.98
1792736520000000000,2026-10-23T06:22:00Z,free response,1.863,1.291,-20.76,60.35,377.72,0.0,2.09,100.0,2,Off,833.02,393.54
1792736580000000000,2026-10-23T06:23:00Z,controller 1,1.749,1.294,164.91,431.36,549.22,0.0,1.93,100.0,2,Off,851.64,373.42
1792736640000000000,2026-10-23T06:24:00Z,free response,1.764,1.37,61.45,299.32,555.92,0.0,1.94,100.0,1,Off,803.86,350.11
1792736700000000000,2026-10-23T06:25:00Z,free response,1.817,1.015,129.61,202.73,462.6,0.0,1.72,100.0,2,Off,703.15,749.98
1792736760000000000,2026-10-23T06:26:00Z,controller 1,1.803,1.192,191.67,86.74,166.97,0.0,1.97,100.0,3,Off,698.24,775.53
1792736820000000000,2026-10-23T06:27:00Z,controller 1,1.82,1.189,63.78,300.54,552.43,0.0,1.93,100.0,2,Off,690.16,765.84
1792736880000000000,2026-10-23T06:28:00Z,controller 2,1.872,1.19,173.75,286.86,27.26,0.0,2.22,100.0,3,Off,718.44,758.06
1792736940000000000,2026-10-23T06:29:00Z,free response,1.759,1.097,90.93,418.26,80.88,0.0,1.57,100.0,2,Off,693.24,752.77
1792737000000000000,2026-10-23T06:30:00Z,controller 1,0.594,10.756,128.94,36.09,254.28,0.0,2.02,100.0,3,Off,694.76,758.78
1792737060000000000,2026-10-23T06:31:00Z,controller 1,0.564,10.44,79.95,17.61,78.42,0.0,1.76,100.0,3,Off,686.6,756.69
1792737120000000000,2026-10-23T06:32:00Z,free response,0.531,10.785,-14.7,174.83,505.08,0.0,1.61,100.0,1,Off,649.08,752.2
1792737180000000000,2026-10-23T06:33:00Z,free response,0.568,10.395,53.47,145.21,543.0,0.0,1.64,100.0,2,Off,612.79,735.54
1792737240000000000,2026-10-23T06:34:00Z,controller 1,0.478,10.65,197.06,428.32,119.35,0.0,1.18,100.0,2,Off,615.63,752.41
1792737300000000000,2026-10-23T06:35:00Z,free response,0.622,10.576,86.42,283.46,339.49,0.0,2.09,100.0,3,Off,623.21,767.34
1792737360000000000,2026-10-23T06:36:00Z,controller 2,0.58,10.824,167.71,60.24,420.88,0.0,1.69,100.0,1,Off,593.17,758.84
1792737420000000000,2026-10-23T06:37:00Z,controller 1,0.479,10.775,181.97,121.11,240.07,0.0,1.13,100.0,1,Off,586.38,750.6
1792737480000000000,2026-10-23T06:38:00Z,free response,0.604,10.818,-11.86,281.24,340.04,0.0,2.01,100.0,3,Off,555.05,728.85
1792737540000000000,2026-10-23T06:39:00Z,free response,0.585,10.367,86.4,60.44,229.1,0.0,1.78,100.0,2,Off,589.47,701.86
1792737600000000000,2026-10-23T06:40:00Z,controller 2,0.571,10.741,19.98,439.52,386.55,0.0,1.61,100.0,2,Off,545.2,698.53
1792737660000000000,2026-10-23T06:41:00Z,controller 2,0.616,10.397,144.47,120.8,191.63,0.0,2.06,100.0,1,Off,532.93,692.2
1792737720000000000,2026-10-23T06:42:00Z,free response,0.58,10.94,-8.34,205.78,344.4,0.0,2.01,100.0,1,Off,547.23,694.94
1792737780000000000,2026-10-23T06:43:00Z,controller 2,0.572,10.846,5.91,63.71,535.12,0.0,1.9,100.0,2,Off,528.4,718.84
1792737840000000000,2026-10-23T06:44:00Z,controller 2,0.535,10.455,159.02,279.74,88.98,0.0,1.35,100.0,3,Off,509.25,746.61
1792737900000000000,2026-10-23T06:45:00Z,controller 2,0.486,10.637,127.57,447.34,87.34,0.0,1.15,100.0,2,Off,503.45,763.83
1792737960000000000,2026-10-23T06:46:00Z,free response,0.617,10.701,154.44,92.24,268.15,0.0,1.91,100.0,1,Off,467.41,755.54
1792738020000000000,2026-10-23T06:47:00Z,free response,0.592,10.746,-20.7,13.91,481.05,0.0,1.9,100.0,2,Off,424.46,771.78
1792738080000000000,2026-10-23T06:48:00Z,free response,0.585,10.895,16.6,320.75,115.74,0.0,1.82,100.0,3,Off,422.33,755.36
1792738140000000000,2026-10-23T06:49:00Z,controller 2,0.531,10.311,73.01,357.0,342.79,0.0,1.54,100.0,1,Off,421.75,726.41
1792738200000000000,2026-10-23T06:50:00Z,controller 2,0.547,10.679,64.68,284.35,119.32,0.0,1.53,100.0,3,Off,403.11,719.25
1792738260000000000,2026-10-23T06:51:00Z,controller 2,0.655,10.798,98.11,164.55,497.85,0.0,2.44,100.0,3,Off,451.05,738.2
1792738320000000000,2026-10-23T06:52:00Z,controller 1,0.626,10.648,156.16,320.26,577.71,0.0,2.19,100.0,1,On,489.66,760.49
1792738380000000000,2026-10-23T06:53:00Z,controller 2,0.504,10.463,115.8,417.44,490.99,0.0,1.45,100.0,1,On,522.09,745.92
1792738440000000000,2026-10-23T06:54:00Z,controller 2,0.546,10.598,91.25,113.47,415.51,0.0,1.72,100.0,1,On,545.68,747.5
1792738500000000000,2026-10-23T06:55:00Z,controller 1,0.516,10.306,134.78,222.42,421.39,0.0,1.33,100.0,1,On,534.65,755.2
1792738560000000000,2026-10-23T06:56:00Z,controller 2,0.521,10.912,94.75,109.39,29.45,0.0,1.54,100.0,1,On,536.83,761.61
1792738620000000000,2026-10-23T06:57:00Z,controller 1,0.621,10.923,46.06,435.98,212.57,0.0,2.13,100.0,2,On,518.37,755.43
1792738680000000000,2026-10-23T06:58:00Z,free response,0.57,10.923,16.55,157.68,553.65,0.0,1.63,100.0,3,On,474.89,783.99
1792738740000000000,2026-10-23T06:59:00Z,free response,0.524,10.961,170.83,77.79,407.23,0.0,1.6,100.0,1,On,473.19,780.37
1792738800000000000,2026-10-23T07:00:00Z,controller 1,2.602,4.509,126.66,31.66,572.69,0.0,14.11,100.0,1,On,521.63,806.86
1792738860000000000,2026-10-23T07:01:00Z,controller 2,2.683,4.756,51.03,69.31,44.05,0.0,15.59,100.0,2,On,543.31,833.64
1792738920000000000,2026-10-23T07:02:00Z,controller 2,2.7,4.086,0.64,82.99,408.67,0.0,15.69,100.0,3,On,499.72,839.75
1792738980000000000,2026-10-23T07:03:00Z,free response,2.734,4.575,184.24,6.05,297.86,0.0,17.01,100.0,1,On,507.32,823.24
1792739040000000000,2026-10-23T07:04:00Z,controller 1,2.692,4.252,179.34,307.84,184.54,0.0,16.25,100.0,3,On,555.89,815.65
1792739100000000000,2026-10-23T07:05:00Z,controller 2,2.587,4.027,91.28,173.03,337.32,0.0,14.28,100.0,1,On,543.93,822.8
1792739160000000000,2026-10-23T07:06:00Z,controller 2,2.671,4.179,162.15,322.88,352.93,0.0,15.5,100.0,2,On,541.14,807.76
1792739220000000000,2026-10-23T07:07:00Z,controller 2,2.587,4.736,-6.43,67.97,415.7,0.0,15.66,100.0,3,On,493.18,797.36
1792739280000000000,2026-10-23T07:08:00Z,free response,2.561,4.374,-28.91,408.09,476.83,0.0,15.35,100.0,2,On,799.65,372.18
1792739340000000000,2026-10-23T07:09:00Z,controller 2,2.626,4.509,-0.21,227.29,336.97,0.0,16.57,100.0,3,On,839.27,376.46
1792739400000000000,2026-10-23T07:10:00Z,controller 1,2.666,4.537,34.4,10.01,30.34,0.0,17.73,100.0,3,On,888.95,384.93
1792739460000000000,2026-10-23T07:11:00Z,controller 1,2.588,4.79,31.36,334.37,544.54,0.0,14.64,100.0,3,On,910.96,402.62
1792739520000000000,2026-10-23T07:12:00Z,controller 1,2.716,4.323,18.93,264.76,331.95,0.0,14.9,100.0,1,On,939.72,400.46
1792739580000000000,2026-10-23T07:13:00Z,controller 2,2.706,4.418,121.53,409.63,467.56,0.0,16.01,100.0,2,On,914.03,429.24
1792739640000000000,2026-10-23T07:14:00Z,controller 1,2.708,4.6,52.67,331.61,300.53,0.0,17.9,100.0,2,On,865.09,401.23
1792739700000000000,2026-10-23T07:15:00Z,controller 2,2.647,4.138,191.49,379.53,418.14,0.0,14.91,100.0,3,On,879.33,385.38
1792739760000000000,2026-10-23T07:16:00Z,controller 2,2.649,4.297,176.13,149.87,492.92,0.0,15.8,100.0,1,On,835.06,390.47
1792739820000000000,2026-10-23T07:17:00Z,controller 2,2.663,4.675,166.58,419.52,522.29,0.0,15.19,100.0,3,On,760.62,335.12
1792739880000000000,2026-10-23T07:18:00Z,controller 2,2.636,4.083,69.84,350.0,316.15,0.0,13.81,100.0,1,On,711.21,363.06
1792739940000000000,2026-10-23T07:19:00Z,controller 2,2.666,4.015,82.36,253.24,322.14,0.0,13.52,100.0,3,On,684.92,336.2
1792740000000000000,2026-10-23T07:20:00Z,controller 2,2.648,4.511,23.58,214.41,342.32,0.0,16.95,100.0,3,On,658.8,333.06
1792740060000000000,2026-10-23T07:21:00Z,free response,2.564,4.319,94.6,350.1,552.22,0.0,13.64,100.0,3,On,620.85,360.3
1792740120000000000,2026-10-23T07:22:00Z,free response,2.621,4.62,81.21,333.46,308.98,0.0,17.07,100.0,2,On,591.65,339.74
1792740180000000000,2026-10-23T07:23:00Z,controller 2,2.717,4.49,100.36,136.57,158.98,0.0,16.68,100.0,1,On,636.38,328.38
1792740240000000000,2026-10-23T07:24:00Z,controller 2,2.654,4.543,89.86,137.03,420.65,0.0,14.45,100.0,2,On,636.0,327.68
1792740300000000000,2026-10-23T07:25:00Z,free response,2.72,4.35,1.07,140.59,268.25,0.0,16.31,100.0,2,On,620.29,338.47
1792740360000000000,2026-10-23T07:26:00Z,controller 2,2.71,4.793,126.97,287.6,258.82,0.0,19.07,100.0,1,On,584.28,309.18
1792740420000000000,2026-10-23T07:27:00Z,controller 1,2.558,4.286,104.12,91.47,392.5,0.0,14.58,100.0,3,On,615.59,308.09
1792740480000000000,2026-10-23T07:28:00Z,free response,2.702,4.394,-11.56,153.29,368.64,0.0,14.53,100.0,2,On,616.25,332.78
1792740540000000000,2026-10-23T07:29:00Z,controller 1,2.563,4.326,176.23,121.85,58.77,0.0,13.77,100.0,1,On,787.1,907.07
1792740600000000000,2026-10-23T07:30:00Z,controller 2,1.932,9.361,40.46,71.72,31.11,0.0,17.84,100.0,2,On,740.74,879.05
1792740660000000000,2026-10-23T07:31:00Z,controller 1,1.983,9.375,-0.67,355.27,260.05,0.0,17.42,100.0,3,On,707.99,902.13
1792740720000000000,2026-10-23T07:32:00Z,controller 2,2.0,9.348,110.89,112.17,514.05,0.0,19.17,100.0,1,On,679.15,923.02
1792740780000000000,2026-10-23T07:33:00Z,controller 2,1.836,9.4,2.89,423.92,151.93,0.0,14.27,100.0,3,On,691.47,936.73
1792740840000000000,2026-10-23T07:34:00Z,controller 2,1.879,9.04,20.07,1.85,487.63,0.0,16.51,100.0,3,On,660.99,910.04
1792740900000000000,2026-10-23T07:35:00Z,controller 2,1.882,8.967,-8.9,419.5,352.69,0.0,15.02,100.0,2,On,689.48,900.04
1792740960000000000,2026-10-23T07:36:00Z,controller 1,1.978,9.336,-27.02,419.45,491.19,0.0,18.32,100.0,3,On,657.31,874.49
1792741020000000000,2026-10-23T07:37:00Z,controller 1,1.926,8.695,142.38,424.96,82.51,0.0,16.06,100.0,2,On,671.86,848.05
1792741080000000000,2026-10-23T07:38:00Z,free response,1.876,9.166,20.38,432.21,505.93,0.0,14.99,100.0,3,On,701.33,839.32
1792741140000000000,2026-10-23T07:39:00Z,free response,1.935,8.672,88.77,326.07,71.84,0.0,16.93,100.0,3,On,984.0,436.61
1792741200000000000,2026-10-23T07:40:00Z,controller 2,1.835,8.828,178.55,433.98,253.81,0.0,16.12,100.0,1,On,944.67,420.26
1792741260000000000,2026-10-23T07:41:00Z,free response,1.928,9.118,165.53,417.0,532.02,0.0,17.04,100.0,1,On,941.6,418.39
1792741320000000000,2026-10-23T07:42:00Z,controller 1,1.894,8.695,124.06,151.81,109.99,0.0,14.1,100.0,2,On,925.83,409.42
1792741380000000000,2026-10-23T07:43:00Z,controller 2,1.96,9.383,58.29,144.5,588.68,0.0,16.59,100.0,1,On,886.12,386.22
1792741440000000000,2026-10-23T07:44:00Z,controller 2,1.924,9.212,80.51,156.55,578.25,0.0,17.92,100.0,2,Starting,883.77,386.81
1792741500000000000,2026-10-23T07:45:00Z,controller 1,1.975,9.224,165.61,401.24,379.64,0.0,17.65,100.0,1,Starting,871.58,375.73
1792741560000000000,2026-10-23T07:46:00Z,free response,1.862,8.676,-5.08,267.95,110.52,0.0,13.57,100.0,3,Starting,886.35,369.94
1792741620000000000,2026-10-23T07:47:00Z,free response,1.97,8.925,119.1,423.82,240.93,0.0,18.64,100.0,1,Starting,928.79,383.77
1792741680000000000,2026-10-23T07:48:00Z,controller 2,1.862,9.051,115.5,443.38,246.1,0.0,14.48,100.0,3,Starting,957.02,406.61
1792741740000000000,2026-10-23T07:49:00Z,controller 1,1.86,8.685,58.34,299.8,187.84,0.0,14.3,100.0,3,Starting,942.08,392.59
1792741800000000000,2026-10-23T07:50:00Z,controller 2,1.995,8.901,108.21,175.37,288.61,0.0,18.61,100.0,3,Starting,899.82,384.72
1792741860000000000,2026-10-23T07:51:00Z,controller 1,1.833,9.342,130.09,4.89,525.72,0.0,16.06,100.0,1,Starting,1440.6,755.96
1792741920000000000,2026-10-23T07:52:00Z,controller 1,2.004,9.204,179.95,178.51,257.4,0.0,19.49,100.0,1,Starting,1467.65,730.52
1792741980000000000,2026-10-23T07:53:00Z,free response,1.892,8.73,39.28,241.89,145.1,0.0,15.88,100.0,1,Starting,1442.93,731.07
1792742040000000000,2026-10-23T07:54:00Z,controller 1,1.927,8.762,74.96,151.35,21.62,0.0,15.69,100.0,1,Starting,1411.38,755.56
1792742100000000000,2026-10-23T07:55:00Z,free response,1.966,8.736,12.52,315.32,39.53,0.0,17.34,100.0,2,Starting,1371.28,769.89
1792742160000000000,2026-10-23T07:56:00Z,controller 2,1.993,8.683,67.76,405.83,173.63,0.0,15.71,100.0,2,Starting,1338.49,763.23
1792742220000000000,2026-10-23T07:57:00Z,free response,1.835,9.23,115.58,309.02,507.17,0.0,15.87,100.0,1,Starting,1306.32,759.76
1792742280000000000,2026-10-23T07:58:00Z,free response,1.979,8.691,-27.65,421.79,267.45,0.0,15.61,100.0,3,Starting,1266.09,773.52
1792742340000000000,2026-10-23T07:59:00Z,controller 2,1.94,9.138,162.44,45.32,585.46,0.0,16.58,100.0,2,Starting,1252.91,790.74
1792742400000000000,2026-10-23T08:00:00Z,free response,1.032,5.111,179.54,15.26,563.82,0.0,2.78,100.0,1,Starting,1203.43,802.27
1792742460000000000,2026-10-23T08:01:00Z,free response,1.001,5.447,16.55,178.41,389.98,0.0,2.89,100.0,3,Starting,1230.57,816.66
1792742520000000000,2026-10-23T08:02:00Z,free response,1.091,5.69,2.17,257.84,423.82,0.0,3.34,100.0,3,Starting,1220.68,842.92
1792742580000000000,2026-10-23T08:03:00Z,free response,1.14,5.385,188.27,262.89,82.36,0.0,3.73,100.0,3,Starting,1267.24,815.98
1792742640000000000,2026-10-23T08:04:00Z,free response,1.088,5.705,163.82,448.28,513.49,0.0,3.15,100.0,2,Starting,1220.82,826.6
1792742700000000000,2026-10-23T08:05:00Z,controller 1,1.041,5.715,197.75,386.68,294.38,0.0,3.06,100.0,2,Starting,1222.67,855.71
1792742760000000000,2026-10-23T08:06:00Z,controller 2,0.977,5.348,185.89,20.41,366.21,0.0,2.71,100.0,1,Starting,1258.4,861.87
1792742820000000000,2026-10-23T08:07:00Z,controller 1,1.106,5.244,58.02,370.37,148.39,0.0,3.51,100.0,2,Starting,1221.69,841.26
1792742880000000000,2026-10-23T08:08:00Z,free response,1.143,5.217,-9.81,153.3,432.42,0.0,3.32,100.0,2,Starting,1205.43,827.58
1792742940000000000,2026-10-23T08:09:00Z,free response,1.089,5.452,159.1,21.39,33.93,0.0,3.44,100.0,3,Starting,897.11,305.44
1792743000000000000,2026-10-23T08:10:00Z,controller 2,1.135,5.092,123.94,432.59,180.43,0.0,3.47,100.0,2,Starting,864.11,330.66
1792743060000000000,2026-10-23T08:11:00Z,free response,1.004,5.019,92.13,217.52,341.53,0.0,2.3,100.0,3,Starting,827.82,304.56
1792743120000000000,2026-10-23T08:12:00Z,free response,1.064,5.469,69.53,125.54,78.73,0.0,2.85,100.0,2,Starting,838.47,314.88
1792743180000000000,2026-10-23T08:13:00Z,controller 2,1.048,5.408,105.83,380.55,524.53,0.0,3.2,100.0,1,Starting,867.35,916.53
1792743240000000000,2026-10-23T08:14:00Z,controller 1,1.064,5.216,181.73,181.06,333.18,0.0,2.67,100.0,2,Starting,893.2,926.67
1792743300000000000,2026-10-23T08:15:00Z,controller 1,0.975,5.444,43.15,378.98,48.64,0.0,2.52,100.0,1,Starting,901.23,921.76
1792743360000000000,2026-10-23T08:16:00Z,controller 2,1.129,5.051,-18.34,382.66,503.49,0.0,3.39,100.0,1,Starting,886.29,944.02
1792743420000000000,2026-10-23T08:17:00Z,free response,1.118,5.317,19.64,37.68,82.74,0.0,3.12,100.0,1,Starting,867.76,951.13
1792743480000000000,2026-10-23T08:18:00Z,controller 1,1.052,5.226,61.38,201.15,212.77,0.0,3.18,100.0,3,Starting,899.86,925.51
1792743540000000000,2026-10-23T08:19:00Z,controller 2,1.123,5.455,86.75,84.39,579.77,0.0,3.1,100.0,3,Starting,856.22,902.37
1792743600000000000,2026-10-23T08:20:00Z,controller 1,1.138,5.275,46.27,351.15,380.65,0.0,3.23,100.0,3,Starting,848.65,921.49
1792743660000000000,2026-10-23T08:21:00Z,controller 2,1.039,5.356,84.59,285.17,420.39,0.0,2.85,100.0,2,Starting,801.39,935.25
1792743720000000000,2026-10-23T08:22:00Z,controller 1,1.014,5.127,4.96,298.63,56.56,0.0,2.86,100.0,2,Starting,795.76,911.62
1792743780000000000,2026-10-23T08:23:00Z,controller 2,0.986,5.244,168.53,285.56,173.09,0.0,2.51,100.0,2,Starting,770.61,882.03
1792743840000000000,2026-10-23T08:24:00Z,free response,1.028,5.214,34.25,196.92,68.04,0.0,2.74,100.0,2,Starting,769.09,902.34
1792743900000000000,2026-10-23T08:25:00Z,controller 1,1.114,5.055,87.94,84.78,303.87,0.0,3.3,100.0,3,Starting,743.49,918.19
1792743960000000000,2026-10-23T08:26:00Z,controller 1,1.142,5.644,166.28,206.77,589.8,0.0,3.74,100.0,1,Starting,742.1,899.39
1792744020000000000,2026-10-23T08:27:00Z,controller 1,1.137,5.487,99.0,391.07,118.84,0.0,3.53,100.0,3,Starting,740.64,903.79
1792744080000000000,2026-10-23T08:28:00Z,controller 1,1.043,5.632,86.12,262.6,313.21,0.0,3.15,100.0,2,Starting,707.96,888.47
1792744140000000000,2026-10-23T08:29:00Z,controller 1,1.039,5.667,21.73,3.42,309.6,0.0,2.92,100.0,2,Starting,691.49,883.0
1792744200000000000,2026-10-23T08:30:00Z,controller 1,1.226,5.403,51.9,181.83,98.89,0.0,4.05,100.0,3,Starting,646.43,874.03
1792744260000000000,2026-10-23T08:31:00Z,controller 2,1.305,5.361,11.61,327.77,283.87,0.0,4.37,100.0,2,Starting,889.58,592.26
1792744320000000000,2026-10-23T08:32:00Z,controller 1,1.286,5.798,96.49,348.31,134.2,0.0,4.4,100.0,2,Starting,841.92,609.09
1792744380000000000,2026-10-23T08:33:00Z,controller 2,1.24,5.295,20.74,395.86,173.12,0.0,4.34,100.0,1,Starting,873.28,613.03
1792744440000000000,2026-10-23T08:34:00Z,controller 1,1.345,5.433,49.72,2.48,33.72,0.0,4.87,100.0,1,Starting,917.64,635.14
1792744500000000000,2026-10-23T08:35:00Z,controller 2,1.34,5.347,63.43,340.03,82.76,0.0,5.2,100.0,3,Starting,938.7,644.72
1792744560000000000,2026-10-23T08:36:00Z,controller 2,1.3,5.814,167.38,356.84,562.09,0.0,5.17,100.0,1,Starting,896.39,642.11
1792744620000000000,2026-10-23T08:37:00Z,controller 2,1.184,5.487,72.39,382.76,128.52,0.0,3.95,100.0,2,Starting,909.75,649.23
1792744680000000000,2026-10-23T08:38:00Z,controller 2,1.208,5.913,30.22,325.81,558.06,0.0,4.58,100.0,1,Starting,914.23,624.21
1792744740000000000,2026-10-23T08:39:00Z,controller 2,1.178,5.409,104.11,296.58,196.75,0.0,3.79,100.0,2,Starting,906.25,614.51
1792744800000000000,2026-10-23T08:40:00Z,controller 1,1.212,5.823,113.5,59.04,362.44,0.0,4.2,100.0,3,Starting,935.76,636.54
1792744860000000000,2026-10-23T08:41:00Z,controller 2,1.179,5.525,80.01,141.63,558.05,0.0,3.58,100.0,3,Starting,897.12,627.34
1792744920000000000,2026-10-23T08:42:00Z,free response,1.169,5.938,9.21,171.13,286.09,0.0,4.24,100.0,1,Starting,927.28,649.11
1792744980000000000,2026-10-23T08:43:00Z,controller 1,1.244,5.385,37.9,146.18,220.54,0.0,4.4,100.0,1,Starting,900.28,659.19
1792745040000000000,2026-10-23T08:44:00Z,controller 1,1.232,5.915,185.05,4.74,420.82,0.0,4.15,100.0,1,Starting,864.22,639.46
1792745100000000000,2026-10-23T08:45:00Z,controller 2,1.216,5.569,87.11,108.89,402.51,0.0,4.52,100.0,2,Starting,900.42,639.36
1792745160000000000,2026-10-23T08:46:00Z,free response,1.311,5.577,85.5,185.82,284.9,0.0,4.81,100.0,1,On,1164.75,622.09
1792745220000000000,2026-10-23T08:47:00Z,free response,1.182,5.617,121.04,156.42,66.79,0.0,3.79,100.0,1,On,1144.99,622.7
1792745280000000000,2026-10-23T08:48:00Z,controller 2,1.265,5.897,57.43,295.89,513.74,0.0,4.31,100.0,1,On,1108.03,596.73
1792745340000000000,2026-10-23T08:49:00Z,controller 1,1.332,5.865,191.0,226.0,218.28,0.0,5.44,100.0,1,On,1114.62,598.01
1792745400000000000,2026-10-23T08:50:00Z,controller 1,1.242,5.517,7.59,210.96,116.19,0.0,4.22,100.0,3,On,1067.6,611.18
1792745460000000000,2026-10-23T08:51:00Z,controller 2,1.345,5.298,180.57,45.56,319.62,0.0,4.96,100.0,1,On,1038.71,597.39
1792745520000000000,2026-10-23T08:52:00Z,controller 2,1.238,5.663,43.92,9.73,442.5,0.0,4.19,100.0,3,On,1028.38,590.4
1792745580000000000,2026-10-23T08:53:00Z,free response,1.289,5.862,166.19,110.66,566.03,0.0,5.32,100.0,1,On,1053.08,613.26
1792745640000000000,2026-10-23T08:54:00Z,free response,1.264,5.699,149.49,48.16,381.26,0.0,4.85,100.0,3,On,1093.88,589.04
1792745700000000000,2026-10-23T08:55:00Z,free response,1.182,5.364,-6.6,89.65,75.87,0.0,4.05,100.0,1,On,1106.78,608.58
1792745760000000000,2026-10-23T08:56:00Z,controller 1,1.259,5.82,45.56,319.78,246.16,0.0,4.43,100.0,2,On,1099.79,624.2
1792745820000000000,2026-10-23T08:57:00Z,controller 2,1.281,5.652,123.07,194.13,38.68,0.0,4.72,100.0,3,On,1126.28,598.46
1792745880000000000,2026-10-23T08:58:00Z,controller 1,1.272,5.749,132.39,255.51,532.45,0.0,4.47,100.0,2,On,1115.15,597.63
1792745940000000000,2026-10-23T08:59:00Z,controller 1,1.203,6.036,70.83,150.52,295.76,0.0,4.15,100.0,3,On,1153.12,593.51
1792746000000000000,2026-10-23T09:00:00Z,free response,0.367,5.726,2.51,237.09,199.85,0.0,0.37,100.0,2,On,1124.39,569.69
1792746060000000000,2026-10-23T09:01:00Z,controller 2,0.264,6.06,140.67,414.71,402.21,0.0,0.23,100.0,3,On,1095.0,571.87
1792746120000000000,2026-10-23T09:02:00Z,controller 2,0.3,5.724,146.03,446.39,509.55,0.0,0.23,100.0,2,On,1056.75,553.26
1792746180000000000,2026-10-23T09:03:00Z,controller 1,0.388,5.808,-29.91,296.39,311.11,0.0,0.42,100.0,1,On,1081.88,555.96
1792746240000000000,2026-10-23T09:04:00Z,controller 1,0.341,5.602,143.74,378.17,93.47,0.0,0.35,100.0,3,On,1101.18,577.55
1792746300000000000,2026-10-23T09:05:00Z,controller 2,0.235,5.801,158.38,353.4,587.3,0.0,0.15,100.0,2,On,1090.62,575.02
1792746360000000000,2026-10-23T09:06:00Z,controller 1,0.294,5.77,97.16,249.62,283.19,0.0,0.25,100.0,3,On,1073.27,554.59
1792746420000000000,2026-10-23T09:07:00Z,controller 1,0.24,5.848,106.06,376.72,367.14,0.0,0.16,100.0,3,On,1027.83,548.11
1792746480000000000,2026-10-23T09:08:00Z,free response,0.251,6.123,22.24,168.9,71.75,0.0,0.2,100.0,3,On,1044.1,522.87
1792746540000000000,2026-10-23T09:09:00Z,free response,0.285,5.798,168.27,34.16,357.08,0.0,0.24,100.0,2,On,1029.44,542.47
1792746600000000000,2026-10-23T09:10:00Z,controller 1,0.357,5.792,30.64,58.54,183.24,0.0,0.33,100.0,3,On,1023.56,567.98
1792746660000000000,2026-10-23T09:11:00Z,controller 2,0.252,6.338,123.44,406.65,180.49,0.0,0.2,100.0,1,On,1071.9,572.51
1792746720000000000,2026-10-23T09:12:00Z,free response,0.247,6.106,29.56,124.63,188.86,0.0,0.18,100.0,1,On,1106.29,584.16
1792746780000000000,2026-10-23T09:13:00Z,controller 2,0.325,6.151,-13.44,264.46,208.09,0.0,0.33,100.0,3,On,1127.38,609.53
1792746840000000000,2026-10-23T09:14:00Z,controller 2,0.34,5.652,103.7,267.03,192.98,0.0,0.34,100.0,3,On,1091.4,628.74
1792746900000000000,2026-10-23T09:15:00Z,controller 2,0.338,5.786,-24.56,391.19,176.39,0.0,0.33,100.0,3,On,1057.88,609.71
1792746960000000000,2026-10-23T09:16:00Z,controller 2,0.253,5.951,116.63,99.77,390.85,0.0,0.19,100.0,1,On,1091.47,581.19
1792747020000000000,2026-10-23T09:17:00Z,free response,0.279,6.332,-13.79,185.84,28.83,0.0,0.23,100.0,2,On,1138.03,582.56
1792747080000000000,2026-10-23T09:18:00Z,free response,0.323,6.009,193.14,398.99,281.0,0.0,0.33,100.0,1,On,1102.64,607.4
1792747140000000000,2026-10-23T09:19:00Z,free response,0.382,5.758,151.31,222.01,8.33,0.0,0.41,100.0,1,On,1097.63,598.59
1792747200000000000,2026-10-23T09:20:00Z,controller 2,0.311,6.04,98.94,298.58,373.45,0.0,0.3,100.0,1,On,1440.3,538.9
1792747260000000000,2026-10-23T09:21:00Z,controller 1,0.287,5.997,124.06,173.77,224.79,0.0,0.26,100.0,3,On,1460.14,531.83
1792747320000000000,2026-10-23T09:22:00Z,controller 2,0.365,5.995,186.81,5.84,307.96,0.0,0.4,100.0,3,On,1494.02,522.75
1792747380000000000,2026-10-23T09:23:00Z,free response,0.303,5.9,95.49,292.23,21.52,0.0,0.27,100.0,1,On,1500.0,541.55
1792747440000000000,2026-10-23T09:24:00Z,free response,0.235,6.235,45.17,339.14,170.69,0.0,0.18,100.0,3,On,1500.0,514.2
1792747500000000000,2026-10-23T09:25:00Z,controller 2,0.362,5.809,127.18,213.68,398.53,0.0,0.37,100.0,2,On,1500.0,510.42
1792747560000000000,2026-10-23T09:26:00Z,controller 1,0.23,5.672,54.66,348.93,229.98,0.0,0.15,100.0,3,On,1495.49,504.89
1792747620000000000,2026-10-23T09:27:00Z,controller 1,0.255,6.146,135.77,370.17,30.52,0.0,0.19,100.0,2,On,1465.38,523.24
1792747680000000000,2026-10-23T09:28:00Z,free response,0.257,5.66,193.07,245.28,560.9,0.0,0.18,100.0,2,On,1487.23,505.06
1792747740000000000,2026-10-23T09:29:00Z,free response,0.294,5.879,102.71,417.63,501.57,0.0,0.24,100.0,3,On,1455.59,493.5
1792747800000000000,2026-10-23T09:30:00Z,controller 1,0.278,7.565,72.64,145.42,524.46,0.0,0.28,100.0,3,On,1489.82,515.3
1792747860000000000,2026-10-23T09:31:00Z,controller 2,0.284,7.673,152.03,358.52,79.76,0.0,0.31,100.0,2,On,1442.33,504.75
1792747920000000000,2026-10-23T09:32:00Z,free response,0.317,7.386,20.11,299.61,243.79,0.0,0.4,100.0,2,On,1469.92,496.28
1792747980000000000,2026-10-23T09:33:00Z,free response,0.371,7.799,11.8,275.84,519.35,0.0,0.58,100.0,2,On,1477.14,502.08
1792748040000000000,2026-10-23T09:34:00Z,free response,0.361,7.686,-12.7,285.93,371.86,0.0,0.46,100.0,1,On,1485.08,500.21
1792748100000000000,2026-10-23T09:35:00Z,controller 2,0.285,7.969,-18.91,43.44,431.19,0.0,0.32,100.0,1,On,1499.78,472.02
1792748160000000000,2026-10-23T09:36:00Z,free response,0.328,7.453,199.17,272.39,37.16,0.0,0.39,100.0,3,On,1500.0,457.45
1792748220000000000,2026-10-23T09:37:00Z,controller 1,0.355,7.988,42.81,369.13,310.09,0.0,0.47,100.0,3,On,1500.0,468.54
1792748280000000000,2026-10-23T09:38:00Z,controller 1,0.31,7.443,117.65,322.8,567.62,0.0,0.36,100.0,2,On,1479.49,462.98
1792748340000000000,2026-10-23T09:39:00Z,free response,0.393,7.821,197.88,424.2,340.22,0.0,0.58,100.0,1,On,1439.22,473.26
1792748400000000000,2026-10-23T09:40:00Z,controller 1,0.233,8.013,189.09,327.45,532.89,0.0,0.23,100.0,1,On,1487.86,478.73
1792748460000000000,2026-10-23T09:41:00Z,controller 2,0.255,7.61,101.46,354.6,41.91,0.0,0.23,100.0,1,On,1500.0,503.89
1792748520000000000,2026-10-23T09:42:00Z,controller 1,0.28,7.463,53.68,185.78,56.19,0.0,0.28,100.0,1,On,1469.08,532.06
1792748580000000000,2026-10-23T09:43:00Z,controller 1,0.269,7.502,55.6,360.34,491.31,0.0,0.27,100.0,2,On,1425.43,528.53
1792748640000000000,2026-10-23T09:44:00Z,controller 2,0.346,8.014,23.65,278.82,251.99,0.0,0.43,100.0,3,On,1457.34,520.69
1792748700000000000,2026-10-23T09:45:00Z,controller 2,0.279,7.493,71.35,305.21,74.29,0.0,0.3,100.0,3,On,1438.83,516.75
1792748760000000000,2026-10-23T09:46:00Z,controller 1,0.295,8.055,60.98,299.25,13.29,0.0,0.33,100.0,2,On,1436.87,527.77
1792748820000000000,2026-10-23T09:47:00Z,controller 1,0.347,8.086,74.7,71.96,52.43,0.0,0.51,100.0,3,On,1407.37,520.06
1792748880000000000,2026-10-23T09:48:00Z,free response,0.34,7.527,172.76,154.25,71.04,0.0,0.41,100.0,3,On,1395.22,495.54
1792748940000000000,2026-10-23T09:49:00Z,controller 2,0.29,7.905,34.21,18.52,511.73,0.0,0.35,100.0,1,On,1416.21,495.19
1792749000000000000,2026-10-23T09:50:00Z,controller 2,0.265,7.989,199.22,211.84,352.07,0.0,0.26,100.0,3,On,1406.94,508.1
1792749060000000000,2026-10-23T09:51:00Z,controller 1,0.345,8.068,97.57,384.03,216.28,0.0,0.46,100.0,2,On,1404.2,498.42
1792749120000000000,2026-10-23T09:52:00Z,controller 2,0.39,7.885,157.11,100.8,337.36,0.0,0.61,100.0,3,On,1373.79,490.02
1792749180000000000,2026-10-23T09:53:00Z,controller 2,0.391,8.112,14.72,90.27,467.28,0.0,0.61,100.0,2,On,1366.27,503.84
1792749240000000000,2026-10-23T09:54:00Z,controller 1,0.279,7.577,22.85,115.62,3.96,0.0,0.3,100.0,3,On,1334.36,502.0
1792749300000000000,2026-10-23T09:55:00Z,controller 2,0.354,7.814,100.63,281.02,216.42,0.0,0.54,100.0,2,On,1322.91,492.71
1792749360000000000,2026-10-23T09:56:00Z,controller 2,0.4,7.49,-6.42,4.38,341.26,0.0,0.56,100.0,3,On,1354.75,474.99
1792749420000000000,2026-10-23T09:57:00Z,controller 2,0.373,7.778,93.12,425.9,107.72,0.0,0.58,100.0,3,On,1395.83,491.04
1792749480000000000,2026-10-23T09:58:00Z,free response,0.336,7.672,109.47,373.63,70.52,0.0,0.41,100.0,2,On,1370.96,489.57
1792749540000000000,2026-10-23T09:59:00Z,controller 2,0.402,7.419,112.84,147.49,572.85,0.0,0.63,100.0,2,On,1328.47,490.75
1792749600000000000,2026-10-23T10:00:00Z,controller 1,1.669,4.764,157.25,441.09,232.19,0.0,7.28,100.0,1,On,1316.31,490.78
1792749660000000000,2026-10-23T10:01:00Z,free response,1.573,4.555,38.14,132.62,512.51,0.0,5.79,100.0,1,On,1295.42,518.84
1792749720000000000,2026-10-23T10:02:00Z,controller 1,1.514,4.572,176.64,343.76,116.08,0.0,4.81,100.0,2,On,1316.58,526.95
1792749780000000000,2026-10-23T10:03:00Z,free response,1.538,5.003,12.35,160.83,279.21,0.0,6.02,100.0,2,On,1303.29,522.82
1792749840000000000,2026-10-23T10:04:00Z,controller 1,1.602,5.209,43.65,253.29,137.0,0.0,7.12,100.0,3,On,1270.3,544.3
1792749900000000000,2026-10-23T10:05:00Z,controller 2,1.635,4.625,107.96,413.16,501.38,0.0,5.9,100.0,1,On,1223.87,570.35
1792749960000000000,2026-10-23T10:06:00Z,free response,1.594,4.956,152.97,25.98,190.97,0.0,6.4,100.0,1,On,1228.57,547.45
1792750020000000000,2026-10-23T10:07:00Z,free response,1.569,4.962,169.14,272.9,188.21,0.0,6.43,100.0,2,On,1180.06,534.09
1792750080000000000,2026-10-23T10:08:00Z,free response,1.553,5.179,38.61,222.42,187.44,0.0,6.72,100.0,3,On,1132.89,515.1
1792750140000000000,2026-10-23T10:09:00Z,free response,1.58,4.835,45.41,184.91,47.34,0.0,6.1,100.0,3,On,1088.41,491.24
1792750200000000000,2026-10-23T10:10:00Z,free response,1.523,4.955,44.04,32.55,193.49,0.0,5.7,100.0,2,On,1117.17,503.88
1792750260000000000,2026-10-23T10:11:00Z,controller 1,1.6,5.115,-25.43,81.14,281.7,0.0,6.13,100.0,2,On,1083.26,477.38
1792750320000000000,2026-10-23T10:12:00Z,free response,1.566,4.933,101.07,260.89,164.08,0.0,6.56,100.0,2,On,1109.11,490.79
1792750380000000000,2026-10-23T10:13:00Z,free response,1.583,4.797,102.89,62.24,473.45,0.0,6.02,100.0,2,On,1064.57,477.67
1792750440000000000,2026-10-23T10:14:00Z,controller 1,1.546,5.039,73.01,248.82,307.19,0.0,6.0,100.0,3,On,1110.93,475.64
1792750500000000000,2026-10-23T10:15:00Z,free response,1.646,4.668,140.23,392.6,198.88,0.0,6.65,100.0,1,On,1103.49,473.17
1792750560000000000,2026-10-23T10:16:00Z,controller 2,1.588,4.472,198.08,382.25,270.65,0.0,5.32,100.0,3,On,1095.56,450.35
1792750620000000000,2026-10-23T10:17:00Z,free response,1.525,4.55,5.86,395.91,259.85,0.0,5.2,100.0,1,On,1058.16,429.24
1792750680000000000,2026-10-23T10:18:00Z,controller 2,1.627,5.041,82.48,27.38,535.7,0.0,7.34,100.0,3,On,1031.92,407.83
1792750740000000000,2026-10-23T10:19:00Z,free response,1.546,5.21,171.96,190.91,490.7,0.0,6.47,100.0,3,On,1059.6,430.1
1792750800000000000,2026-10-23T10:20:00Z,controller 2,1.637,4.819,71.83,286.3,50.03,0.0,6.24,100.0,1,On,1015.35,446.98
1792750860000000000,2026-10-23T10:21:00Z,free response,1.5,4.777,13.6,126.6,54.36,0.0,5.65,100.0,1,On,979.24,424.81
1792750920000000000,2026-10-23T10:22:00Z,controller 2,1.531,5.045,100.69,268.58,51.51,0.0,5.51,100.0,1,On,984.98,431.43
1792750980000000000,2026-10-23T10:23:00Z,free response,1.559,4.538,70.38,335.84,191.1,0.0,4.98,100.0,3,On,998.92,436.62
1792751040000000000,2026-10-23T10:24:00Z,controller 1,1.555,5.184,176.28,232.29,564.43,0.0,6.28,100.0,3,On,1044.6,429.98
1792751100000000000,2026-10-23T10:25:00Z,controller 1,1.51,5.196,184.34,431.75,324.91,0.0,5.53,100.0,3,On,1024.59,403.87
1792751160000000000,2026-10-23T10:26:00Z,controller 2,1.644,4.547,154.93,34.48,418.42,0.0,5.66,100.0,3,On,1020.82,407.58
1792751220000000000,2026-10-23T10:27:00Z,free response,1.613,4.701,51.21,38.76,273.74,0.0,6.4,100.0,1,On,1027.64,383.24
1792751280000000000,2026-10-23T10:28:00Z,controller 2,1.579,4.763,115.24,377.16,466.34,0.0,5.99,100.0,3,On,1050.82,361.75
1792751340000000000,2026-10-23T10:29:00Z,controller 2,1.584,4.744,38.91,294.28,374.94,0.0,6.05,100.0,3,On,1068.52,388.27
1792751400000000000,2026-10-23T10:30:00Z,controller 2,2.287,13.862,22.72,327.48,5.71,0.0,38.4,14.87,3,On,1052.68,388.53
1792751460000000000,2026-10-23T10:31:00Z,free response,2.285,13.335,15.05,48.4,83.49,0.0,33.19,100.0,2,On,1013.22,371.17
1792751520000000000,2026-10-23T10:32:00Z,controller 1,2.248,13.634,149.47,108.24,357.64,0.0,31.07,100.0,2,On,1026.73,365.57
1792751580000000000,2026-10-23T10:33:00Z,free response,2.286,13.814,136.5,392.09,406.45,0.0,33.12,100.0,1,On,745.43,871.02
1792751640000000000,2026-10-23T10:34:00Z,controller 2,2.227,13.321,-11.4,430.37,574.31,0.0,34.31,100.0,1,Starting,735.63,893.23
1792751700000000000,2026-10-23T10:35:00Z,controller 2,2.218,13.93,73.03,302.07,355.54,0.0,35.44,100.0,3,Starting,696.42,876.79
1792751760000000000,2026-10-23T10:36:00Z,controller 2,2.25,13.889,192.5,267.58,359.98,0.0,32.22,100.0,1,Starting,705.83,851.48
1792751820000000000,2026-10-23T10:37:00Z,controller 2,2.362,13.336,-27.93,92.53,66.65,0.0,35.0,100.0,2,Starting,725.45,821.84
1792751880000000000,2026-10-23T10:38:00Z,free response,2.344,13.301,96.55,172.06,418.25,0.0,37.81,100.0,3,Starting,715.01,840.72
1792751940000000000,2026-10-23T10:39:00Z,controller 2,2.378,13.28,47.17,433.4,192.18,0.0,38.06,100.0,1,Starting,720.62,843.38
1792752000000000000,2026-10-23T10:40:00Z,controller 2,2.342,13.925,161.57,167.48,18.59,0.0,39.39,47.19,2,Starting,720.42,583.13
1792752060000000000,2026-10-23T10:41:00Z,controller 1,2.331,13.684,194.56,19.73,189.54,0.0,40.32,100.0,2,Starting,734.76,573.15
1792752120000000000,2026-10-23T10:42:00Z,controller 1,2.381,13.681,121.06,377.61,537.23,0.0,38.34,100.0,3,Starting,774.69,558.12
1792752180000000000,2026-10-23T10:43:00Z,controller 2,2.375,13.662,34.16,301.18,517.78,0.0,40.68,100.0,1,Starting,787.98,538.17
1792752240000000000,2026-10-23T10:44:00Z,controller 2,2.349,14,136.56,14.37,383.55,0.0,39.67,100.0,1,Starting,808.75,560.68
1792752300000000000,2026-10-23T10:45:00Z,free response,2.245,13.739,59.46,410.72,529.52,0.0,36.47,100.0,3,Starting,773.56,563.35
1792752360000000000,2026-10-23T10:46:00Z,free response,2.277,13.893,144.04,149.45,308.2,0.0,35.71,100.0,2,Starting,756.59,566.76
1792752420000000000,2026-10-23T10:47:00Z,controller 2,2.385,13.508,164.45,201.78,578.68,0.0,37.7,100.0,2,Starting,732.57,542.67
1792752480000000000,2026-10-23T10:48:00Z,controller 1,2.355,13.379,154.66,177.86,43.29,0.0,34.32,100.0,1,Starting,759.15,555.15
1792752540000000000,2026-10-23T10:49:00Z,controller 1,2.342,13.587,79.17,95.43,85.83,0.0,37.12,100.0,2,Starting,750.27,564.63
1792752600000000000,2026-10-23T10:50:00Z,controller 1,2.321,13.834,108.79,422.29,12.94,0.0,40.87,31.66,3,Starting,716.09,539.93
1792752660000000000,2026-10-23T10:51:00Z,free response,2.248,13.821,83.95,227.08,167.52,0.0,32.79,100.0,2,Starting,740.56,511.54
1792752720000000000,2026-10-23T10:52:00Z,controller 1,2.288,13.841,-20.76,278.11,144.08,0.0,36.11,100.0,2,Starting,775.13,536.0
1792752780000000000,2026-10-23T10:53:00Z,controller 2,2.253,13.283,49.59,305.14,409.88,0.0,36.71,100.0,1,Starting,778.71,564.92
1792752840000000000,2026-10-23T10:54:00Z,controller 1,2.316,13.778,144.24,309.17,557.86,0.0,36.59,100.0,1,Starting,745.13,543.2
1792752900000000000,2026-10-23T10:55:00Z,controller 2,2.241,13.328,153.48,17.81,176.92,0.0,32.3,100.0,3,Starting,697.87,515.08
1792752960000000000,2026-10-23T10:56:00Z,controller 1,2.285,13.986,124.95,432.7,456.39,0.0,39.15,100.0,1,Starting,706.78,541.0
1792753020000000000,2026-10-23T10:57:00Z,controller 1,2.249,13.622,44.29,106.07,275.21,0.0,32.99,100.0,1,Starting,699.99,549.83
1792753080000000000,2026-10-23T10:58:00Z,controller 1,2.296,13.605,3.92,319.94,175.56,0.0,39.3,100.0,2,Starting,673.21,558.15
1792753140000000000,2026-10-23T10:59:00Z,free response,2.346,13.653,132.22,351.77,588.57,0.0,38.73,100.0,3,Starting,672.57,534.98
1792753200000000000,2026-10-23T11:00:00Z,controller 1,2.032,8.381,-1.7,255.43,408.81,0.0,18.9,100.0,1,Starting,628.62,528.71
1792753260000000000,2026-10-23T11:01:00Z,controller 1,1.983,9.051,102.98,40.64,490.8,0.0,16.8,100.0,3,Starting,631.45,516.56
1792753320000000000,2026-10-23T11:02:00Z,free response,1.965,8.469,164.8,334.3,207.18,0.0,14.96,100.0,1,Starting,653.77,510.4
1792753380000000000,2026-10-23T11:03:00Z,free response,1.913,8.534,194.0,439.49,199.59,0.0,15.25,100.0,3,Starting,667.3,496.18
1792753440000000000,2026-10-23T11:04:00Z,free response,1.973,8.626,142.76,300.07,316.29,0.0,15.22,100.0,2,Starting,682.96,511.54
1792753500000000000,2026-10-23T11:05:00Z,controller 2,1.932,8.941,150.32,330.87,140.71,0.0,17.57,100.0,3,Starting,729.62,533.53
1792753560000000000,2026-10-23T11:06:00Z,controller 2,1.911,8.909,7.63,55.77,32.35,0.0,17.01,100.0,2,Starting,747.54,554.05
1792753620000000000,2026-10-23T11:07:00Z,controller 1,1.997,8.751,90.96,336.65,208.54,0.0,16.77,100.0,3,Starting,714.85,540.57
1792753680000000000,2026-10-23T11:08:00Z,controller 2,2.015,8.529,196.4,308.36,71.66,0.0,18.52,100.0,3,Starting,736.88,545.65
1792753740000000000,2026-10-23T11:09:00Z,free response,1.989,8.366,129.92,129.19,299.98,0.0,17.54,100.0,3,Starting,767.32,548.81
1792753800000000000,2026-10-23T11:10:00Z,controller 1,1.915,8.594,7.96,408.67,366.97,0.0,15.45,100.0,2,Starting,730.89,528.07
1792753860000000000,2026-10-23T11:11:00Z,controller 1,1.936,8.435,13.27,204.2,201.7,0.0,16.62,100.0,2,Starting,1053.91,924.16
1792753920000000000,2026-10-23T11:12:00Z,controller 1,1.932,8.941,14.49,297.26,222.7,0.0,16.85,100.0,2,Starting,1060.97,949.15
1792753980000000000,2026-10-23T11:13:00Z,free response,1.909,8.893,20.63,334.65,393.09,0.0,16.2,100.0,2,Starting,1068.53,978.2
1792754040000000000,2026-10-23T11:14:00Z,free response,1.91,8.569,12.48,171.93,409.19,0.0,16.9,100.0,2,Starting,1104.07,986.5
1792754100000000000,2026-10-23T11:15:00Z,free response,2.043,8.752,160.99,46.41,298.36,0.0,17.5,100.0,3,Starting,1091.15,982.88
1792754160000000000,2026-10-23T11:16:00Z,controller 2,1.951,8.861,116.43,354.52,69.76,0.0,16.14,100.0,3,Starting,1108.91,997.34
1792754220000000000,2026-10-23T11:17:00Z,controller 1,1.946,8.705,38.63,449.99,349.25,0.0,17.41,100.0,3,Starting,1113.92,970.04
1792754280000000000,2026-10-23T11:18:00Z,controller 1,2.03,9.115,113.16,343.57,451.12,0.0,20.21,100.0,2,Starting,1134.7,967.19
1792754340000000000,2026-10-23T11:19:00Z,free response,1.942,9.115,-4.87,299.69,117.67,0.0,17.35,100.0,2,Starting,1128.86,959.82
1792754400000000000,2026-10-23T11:20:00Z,controller 1,2.033,9.04,180.2,416.1,357.16,0.0,20.14,100.0,1,Starting,1144.95,958.07
1792754460000000000,2026-10-23T11:21:00Z,free response,1.989,8.809,46.47,76.27,504.93,0.0,15.83,100.0,3,Starting,1134.39,968.62
1792754520000000000,2026-10-23T11:22:00Z,free response,1.935,8.803,101.1,233.7,327.84,0.0,17.74,100.0,2,Starting,1168.95,952.13
1792754580000000000,2026-10-23T11:23:00Z,controller 1,1.903,8.707,31.59,411.85,64.8,0.0,17.13,100.0,1,Starting,1134.62,971.11
1792754640000000000,2026-10-23T11:24:00Z,controller 1,1.986,8.784,19.21,363.71,583.63,0.0,16.25,100.0,2,Starting,1151.34,963.56
1792754700000000000,2026-10-23T11:25:00Z,free response,2.034,8.719,122.75,448.68,534.65,0.0,16.65,100.0,3,Starting,1129.73,936.26
1792754760000000000,2026-10-23T11:26:00Z,free response,2.065,8.452,178.17,401.83,371.12,0.0,18.94,100.0,1,Starting,1099.57,946.11
1792754820000000000,2026-10-23T11:27:00Z,free response,2.058,8.746,-19.47,376.32,61.17,0.0,18.71,100.0,1,Starting,1106.34,928.34
1792754880000000000,2026-10-23T11:28:00Z,free response,1.949,9.05,-7.95,280.6,293.73,0.0,17.51,100.0,2,Starting,1097.21,951.27
1792754940000000000,2026-10-23T11:29:00Z,controller 2,1.937,8.478,162.22,325.34,553.3,0.0,17.13,100.0,1,Starting,1136.94,921.86
1792755000000000000,2026-10-23T11:30:00Z,free response,1.952,11.979,192.79,165.86,246.55,0.0,23.05,100.0,3,Starting,1138.32,930.43
1792755060000000000,2026-10-23T11:31:00Z,controller 2,2.105,12.234,94.71,72.27,88.91,0.0,29.76,100.0,1,Starting,1139.29,916.29
1792755120000000000,2026-10-23T11:32:00Z,controller 1,2.002,12.278,78.68,435.38,431.35,0.0,25.48,100.0,1,Starting,1163.86,933.99
1792755180000000000,2026-10-23T11:33:00Z,free response,2.02,12.533,83.74,416.14,163.25,0.0,23.71,100.0,1,Starting,1211.23,921.7
1792755240000000000,2026-10-23T11:34:00Z,free response,1.984,12.176,180.72,74.52,44.36,0.0,25.62,100.0,3,Starting,1214.97,947.79
1792755300000000000,2026-10-23T11:35:00Z,controller 2,2.057,11.939,65.55,379.43,141.4,0.0,25.74,100.0,1,Starting,1262.39,918.33
1792755360000000000,2026-10-23T11:36:00Z,controller 1,2.012,12.394,-12.16,289.49,104.21,0.0,23.71,100.0,3,Starting,1309.96,927.24
1792755420000000000,2026-10-23T11:37:00Z,controller 1,2.122,12.294,102.72,442.93,513.97,0.0,28.15,100.0,3,Starting,1279.59,917.69
1792755480000000000,2026-10-23T11:38:00Z,free response,2.07,11.849,93.15,290.07,355.09,0.0,23.46,100.0,3,Starting,1242.94,930.76
1792755540000000000,2026-10-23T11:39:00Z,controller 2,1.979,12.342,97.54,207.1,378.9,0.0,25.53,100.0,3,Starting,1230.45,959.33
1792755600000000000,2026-10-23T11:40:00Z,controller 1,1.962,12.376,145.37,431.45,4.2,0.0,26.19,16.04,1,Starting,1206.49,952.3
1792755660000000000,2026-10-23T11:41:00Z,free response,2.079,11.911,6.88,298.77,371.35,0.0,26.66,100.0,2,Starting,1224.43,934.09
1792755720000000000,2026-10-23T11:42:00Z,controller 1,2.031,12.115,38.83,220.54,234.78,0.0,23.05,100.0,2,Starting,1260.58,915.75
1792755780000000000,2026-10-23T11:43:00Z,free response,2.11,12.565,127.9,127.44,391.45,0.0,27.48,100.0,1,Starting,1288.92,905.15
1792755840000000000,2026-10-23T11:44:00Z,free response,2.032,12.445,161.69,103.99,354.2,0.0,24.76,100.0,2,Starting,1276.04,920.52
1792755900000000000,2026-10-23T11:45:00Z,controller 1,1.993,11.908,4.64,80.9,563.28,0.0,25.27,100.0,3,Starting,1307.1,915.53
1792755960000000000,2026-10-23T11:46:00Z,controller 1,2.042,12.127,-16.7,66.55,78.9,0.0,24.29,100.0,2,Starting,1343.67,916.79
1792756020000000000,2026-10-23T11:47:00Z,controller 2,1.96,12.125,157.98,406.51,530.25,0.0,21.73,100.0,1,Starting,1309.34,901.74
1792756080000000000,2026-10-23T11:48:00Z,controller 2,2.048,12.441,70.36,151.85,562.83,0.0,27.72,100.0,1,Starting,1314.83,905.48
1792756140000000000,2026-10-23T11:49:00Z,controller 1,1.971,11.998,146.03,339.32,291.2,0.0,23.16,100.0,3,Starting,1298.22,915.61
1792756200000000000,2026-10-23T11:50:00Z,controller 1,2.12,12.129,157.23,104.58,204.38,0.0,28.87,100.0,3,Starting,1335.09,931.53
1792756260000000000,2026-10-23T11:51:00Z,controller 1,2.045,12.099,-3.65,354.8,431.03,0.0,27.58,100.0,2,Starting,1292.7,943.36
1792756320000000000,2026-10-23T11:52:00Z,free response,2.096,12.005,105.57,161.58,392.26,0.0,24.04,100.0,1,Starting,1293.49,957.31
1792756380000000000,2026-10-23T11:53:00Z,free response,1.969,12.239,-10.34,96.93,245.36,0.0,21.99,100.0,2,Starting,1319.51,929.86
1792756440000000000,2026-10-23T11:54:00Z,controller 2,1.965,12.594,-15.17,373.65,274.13,0.0,26.08,100.0,3,Starting,1325.34,911.04
1792756500000000000,2026-10-23T11:55:00Z,controller 1,1.992,11.975,176.54,163.25,89.43,0.0,22.73,100.0,2,Starting,1315.23,906.76
1792756560000000000,2026-10-23T11:56:00Z,controller 1,1.987,11.976,71.78,369.18,7.96,0.0,24.7,32.23,1,Starting,1300.29,923.13
1792756620000000000,2026-10-23T11:57:00Z,controller 2,1.968,11.91,47.98,198.7,451.07,0.0,23.71,100.0,1,Starting,1273.07,919.58
1792756680000000000,2026-10-23T11:58:00Z,free response,1.959,12.386,-25.83,155.24,361.02,0.0,26.07,100.0,1,Starting,1309.33,934.8
1792756740000000000,2026-10-23T11:59:00Z,controller 2,2.051,11.939,46.26,204.42,451.84,0.0,24.95,100.0,1,Starting,1328.37,906.6
1792756800000000000,2026-10-23T12:00:00Z,controller 2,2.685,13.132,185.58,205.61,345.71,0.0,44.89,100.0,3,Starting,1358.6,882.81
1792756860000000000,2026-10-23T12:01:00Z,controller 1,2.665,13.134,-3.08,235.81,587.56,0.0,45.62,100.0,1,Starting,1346.91,903.43
1792756920000000000,2026-10-23T12:02:00Z,free response,2.653,13.188,172.13,292.88,566.71,0.0,46.08,100.0,3,Starting,1320.1,915.21
1792756980000000000,2026-10-23T12:03:00Z,controller 1,2.685,13.423,103.14,349.2,190.8,0.0,50.11,100.0,3,Starting,1364.9,916.93
1792757040000000000,2026-10-23T12:04:00Z,free response,2.775,13.306,21.09,145.81,545.21,0.0,51.31,100.0,3,Starting,1353.23,914.89
1792757100000000000,2026-10-23T12:05:00Z,controller 1,2.68,13.328,62.43,410.7,538.94,0.0,45.15,100.0,2,Starting,1347.68,928.58
1792757160000000000,2026-10-23T12:06:00Z,free response,2.763,12.796,130.4,345.64,589.61,0.0,53.38,100.0,2,Starting,1349.84,914.59
1792757220000000000,2026-10-23T12:07:00Z,controller 2,2.826,12.855,33.58,302.83,431.25,0.0,48.55,100.0,3,Starting,1326.36,905.18
1792757280000000000,2026-10-23T12:08:00Z,controller 1,2.799,13.437,113.78,158.27,202.18,0.0,57.03,100.0,3,Starting,1326.39,932.27
1792757340000000000,2026-10-23T12:09:00Z,controller 2,2.703,13.546,187.32,114.68,244.23,0.0,51.31,100.0,2,Starting,1295.54,945.53
1792757400000000000,2026-10-23T12:10:00Z,controller 2,2.707,13.24,115.5,175.04,265.84,0.0,52.11,100.0,3,Starting,1283.5,968.86
1792757460000000000,2026-10-23T12:11:00Z,controller 1,2.652,13.475,85.86,154.19,321.93,0.0,47.7,100.0,3,Starting,1296.15,958.92
1792757520000000000,2026-10-23T12:12:00Z,controller 2,2.647,12.978,40.65,342.2,513.86,0.0,45.91,100.0,1,Starting,1256.17,934.67
1792757580000000000,2026-10-23T12:13:00Z,controller 1,2.721,13.27,49.57,336.13,526.23,0.0,53.05,100.0,2,Starting,1217.38,948.65
1792757640000000000,2026-10-23T12:14:00Z,controller 2,2.793,13.381,69.57,438.62,442.13,0.0,49.46,100.0,2,Starting,1207.44,920.55
1792757700000000000,2026-10-23T12:15:00Z,controller 1,2.76,13.549,18.27,186.21,457.55,0.0,48.95,100.0,2,Starting,1236.29,930.6
1792757760000000000,2026-10-23T12:16:00Z,controller 2,2.755,13.26,183.56,411.12,562.61,0.0,49.2,100.0,3,Starting,1210.58,958.98
1792757820000000000,2026-10-23T12:17:00Z,controller 2,2.67,12.986,-26.88,287.87,241.95,0.0,47.96,100.0,2,Starting,1254.38,936.57
1792757880000000000,2026-10-23T12:18:00Z,controller 1,2.79,12.847,-3.36,73.0,599.11,0.0,47.01,100.0,2,Starting,1232.88,963.49
1792757940000000000,2026-10-23T12:19:00Z,free response,2.686,13.255,139.27,351.63,364.1,0.0,46.94,100.0,2,Starting,1227.42,971.07
1792758000000000000,2026-10-23T12:20:00Z,free response,2.723,13.272,166.06,284.79,89.49,0.0,53.79,100.0,3,Starting,1190.04,983.38
1792758060000000000,2026-10-23T12:21:00Z,free response,2.728,13.159,178.37,95.36,509.68,0.0,52.43,100.0,3,Starting,1056.46,902.93
1792758120000000000,2026-10-23T12:22:00Z,controller 2,2.766,13.52,183.55,436.5,297.31,0.0,52.36,100.0,1,Starting,1099.92,929.77
1792758180000000000,2026-10-23T12:23:00Z,controller 2,2.769,12.83,157.85,279.37,65.97,0.0,50.28,100.0,2,Starting,1058.8,925.15
1792758240000000000,2026-10-23T12:24:00Z,controller 2,2.774,12.877,1.58,357.3,537.69,0.0,50.8,100.0,3,Starting,1078.27,951.11
1792758300000000000,2026-10-23T12:25:00Z,free response,2.776,13.227,180.45,177.16,445.73,0.0,46.41,100.0,2,Starting,1098.86,948.02
1792758360000000000,2026-10-23T12:26:00Z,controller 2,2.775,12.863,138.04,107.31,36.0,0.0,52.31,68.82,2,Starting,1138.07,918.49
1792758420000000000,2026-10-23T12:27:00Z,controller 1,2.698,12.898,42.63,438.66,88.3,0.0,46.23,100.0,3,Starting,1181.11,891.49
1792758480000000000,2026-10-23T12:28:00Z,controller 2,2.658,13.407,26.4,296.2,346.28,0.0,45.87,100.0,1,Starting,1209.86,870.64
1792758540000000000,2026-10-23T12:29:00Z,controller 2,2.823,13.343,97.38,421.83,13.31,0.0,56.41,23.6,3,Starting,1253.42,852.93
1792758600000000000,2026-10-23T12:30:00Z,controller 2,1.707,8.931,130.55,98.4,404.91,0.0,11.94,100.0,2,Starting,1214.06,879.65
1792758660000000000,2026-10-23T12:31:00Z,free response,1.574,8.847,160.38,255.91,579.54,0.0,11.07,100.0,1,Starting,1242.5,882.54
1792758720000000000,2026-10-23T12:32:00Z,controller 1,1.683,9.563,196.16,51.57,200.61,0.0,12.99,100.0,3,Starting,1232.4,885.06
1792758780000000000,2026-10-23T12:33:00Z,controller 1,1.595,9.155,39.33,60.66,37.3,0.0,12.53,100.0,3,Starting,1262.91,891.57
1792758840000000000,2026-10-23T12:34:00Z,free response,1.63,9.448,-23.89,325.02,480.35,0.0,12.04,100.0,1,Starting,1227.14,917.73
1792758900000000000,2026-10-23T12:35:00Z,controller 2,1.574,9.433,134.02,364.69,319.8,0.0,11.11,100.0,1,Starting,1202.05,930.54
1792758960000000000,2026-10-23T12:36:00Z,controller 1,1.664,9.133,-15.48,336.62,201.43,0.0,12.92,100.0,2,Starting,1233.47,944.46
1792759020000000000,2026-10-23T12:37:00Z,free response,1.637,8.938,19.7,417.53,9.53,0.0,12.52,76.12,3,Starting,1226.88,951.1
1792759080000000000,2026-10-23T12:38:00Z,controller 1,1.717,9.302,56.76,215.23,188.32,0.0,14.54,100.0,1,Starting,1414.99,560.6
1792759140000000000,2026-10-23T12:39:00Z,controller 2,1.634,9.387,174.77,257.99,535.54,0.0,13.59,100.0,1,Starting,1368.64,541.92
1792759200000000000,2026-10-23T12:40:00Z,controller 2,1.616,9.247,-20.43,402.59,184.96,0.0,10.95,100.0,3,Starting,1361.69,531.79
1792759260000000000,2026-10-23T12:41:00Z,controller 2,1.7,9.297,-5.33,266.3,526.95,0.0,12.87,100.0,2,Starting,1385.79,513.72
1792759320000000000,2026-10-23T12:42:00Z,controller 2,1.73,9.577,154.93,75.52,401.31,0.0,14.73,100.0,1,Starting,1366.68,525.26
1792759380000000000,2026-10-23T12:43:00Z,controller 1,1.577,9.53,38.44,395.95,110.63,0.0,12.98,100.0,2,Starting,1363.18,505.23
1792759440000000000,2026-10-23T12:44:00Z,controller 1,1.599,9.145,87.62,222.97,548.33,0.0,11.66,100.0,2,Starting,1352.82,499.87
1792759500000000000,2026-10-23T12:45:00Z,controller 2,1.639,9.534,180.66,216.19,120.06,0.0,12.25,100.0,2,Starting,1093.97,870.29
1792759560000000000,2026-10-23T12:46:00Z,controller 1,1.579,9.046,49.42,206.5,395.73,0.0,11.15,100.0,2,Starting,1069.15,864.75
1792759620000000000,2026-10-23T12:47:00Z,free response,1.726,9.373,53.83,51.15,407.03,0.0,13.35,100.0,1,Starting,1065.29,843.53
1792759680000000000,2026-10-23T12:48:00Z,controller 2,1.673,8.857,44.17,169.47,571.95,0.0,12.56,100.0,3,Starting,1086.93,852.71
1792759740000000000,2026-10-23T12:49:00Z,controller 1,1.663,9.411,146.73,442.85,283.68,0.0,13.19,100.0,2,Starting,1126.33,877.7
1792759800000000000,2026-10-23T12:50:00Z,free response,1.597,9.298,175.27,54.83,125.82,0.0,11.83,100.0,2,Starting,1096.21,848.22
1792759860000000000,2026-10-23T12:51:00Z,controller 2,1.569,9.451,81.91,435.36,575.72,0.0,12.64,100.0,2,Starting,1113.68,866.57
1792759920000000000,2026-10-23T12:52:00Z,controller 2,1.735,9.51,166.67,418.32,468.73,0.0,14.13,100.0,2,Starting,1110.48,845.08
1792759980000000000,2026-10-23T12:53:00Z,free response,1.66,9.243,169.59,216.53,470.56,0.0,11.62,100.0,2,Starting,1140.92,863.14
1792760040000000000,2026-10-23T12:54:00Z,controller 1,1.599,8.918,104.06,58.78,284.97,0.0,12.21,100.0,2,Starting,1166.33,875.52
1792760100000000000,2026-10-23T12:55:00Z,free response,1.643,9.192,-9.65,131.22,219.92,0.0,12.54,100.0,2,Starting,1147.63,873.11
1792760160000000000,2026-10-23T12:56:00Z,controller 2,1.701,9.444,99.42,191.89,154.46,0.0,12.68,100.0,1,Starting,1104.31,887.77
1792760220000000000,2026-10-23T12:57:00Z,free response,1.572,9.295,195.99,208.64,124.4,0.0,10.86,100.0,3,Starting,1070.21,904.73
1792760280000000000,2026-10-23T12:58:00Z,controller 1,1.661,9.188,0.97,54.87,473.66,0.0,13.77,100.0,2,Starting,1088.13,912.06
1792760340000000000,2026-10-23T12:59:00Z,controller 2,1.713,9.278,22.77,191.0,578.6,0.0,13.29,100.0,3,Starting,1081.82,889.1
1792760400000000000,2026-10-23T13:00:00Z,controller 1,0.218,9.867,105.44,211.38,410.23,0.0,0.23,100.0,2,Starting,933.39,894.88
1792760460000000000,2026-10-23T13:01:00Z,controller 1,0.307,9.852,143.92,283.8,374.33,0.0,0.48,100.0,1,Starting,960.56,887.21
1792760520000000000,2026-10-23T13:02:00Z,controller 2,0.263,9.359,5.31,434.61,201.44,0.0,0.32,100.0,3,Starting,954.61,874.35
1792760580000000000,2026-10-23T13:03:00Z,controller 2,0.327,9.636,10.67,301.2,243.38,0.0,0.48,100.0,2,Starting,572.82,662.27
1792760640000000000,2026-10-23T13:04:00Z,free response,0.295,9.492,145.65,254.05,21.96,0.0,0.44,100.0,2,Starting,605.22,661.54
1792760700000000000,2026-10-23T13:05:00Z,controller 2,0.181,9.757,-4.7,151.01,4.55,0.0,0.16,100.0,1,Starting,615.71,635.74
1792760760000000000,2026-10-23T13:06:00Z,free response,0.214,9.235,198.53,399.61,396.08,0.0,0.22,100.0,3,Starting,660.11,647.39
1792760820000000000,2026-10-23T13:07:00Z,free response,0.281,9.753,137.94,206.47,496.62,0.0,0.35,100.0,1,Starting,647.77,663.84
1792760880000000000,2026-10-23T13:08:00Z,controller 1,0.318,9.615,156.69,26.23,233.17,0.0,0.45,100.0,3,Starting,631.98,634.99
1792760940000000000,2026-10-23T13:09:00Z,free response,0.319,9.249,103.18,225.88,297.24,0.0,0.5,100.0,1,Starting,651.87,661.73
1792761000000000000,2026-10-23T13:10:00Z,controller 1,0.287,9.789,128.84,260.84,252.3,0.0,0.42,100.0,3,Starting,669.67,638.58
1792761060000000000,2026-10-23T13:11:00Z,controller 1,0.185,9.371,108.95,152.63,279.58,0.0,0.17,100.0,1,Starting,626.95,620.91
1792761120000000000,2026-10-23T13:12:00Z,free response,0.209,9.729,20.3,126.67,215.26,0.0,0.22,100.0,2,Starting,595.44,602.02
1792761180000000000,2026-10-23T13:13:00Z,free response,0.267,9.387,-3.44,264.71,379.9,0.0,0.33,100.0,2,Starting,600.92,577.98
1792761240000000000,2026-10-23T13:14:00Z,controller 2,0.308,9.918,176.78,20.31,100.14,0.0,0.48,100.0,2,Starting,564.08,599.04
1792761300000000000,2026-10-23T13:15:00Z,controller 1,0.181,9.823,199.73,417.92,132.01,0.0,0.16,100.0,1,Starting,584.73,613.7
1792761360000000000,2026-10-23T13:16:00Z,controller 1,0.208,9.88,65.81,50.53,581.33,0.0,0.2,100.0,3,Starting,612.27,641.76
1792761420000000000,2026-10-23T13:17:00Z,controller 2,0.316,9.519,115.13,188.03,194.73,0.0,0.43,100.0,2,Starting,600.29,642.65
1792761480000000000,2026-10-23T13:18:00Z,controller 2,0.182,9.595,171.86,367.44,22.97,0.0,0.16,100.0,3,Starting,558.53,617.59
1792761540000000000,2026-10-23T13:19:00Z,free response,0.27,9.491,123.21,449.86,137.19,0.0,0.34,100.0,1,Starting,561.07,637.51
1792761600000000000,2026-10-23T13:20:00Z,controller 1,0.216,9.876,-28.21,52.54,533.84,0.0,0.22,100.0,2,Starting,546.59,653.05
1792761660000000000,2026-10-23T13:21:00Z,controller 1,0.22,9.593,178.02,92.12,320.27,0.0,0.25,100.0,2,Starting,514.0,678.33
1792761720000000000,2026-10-23T13:22:00Z,controller 2,0.307,9.906,128.18,386.33,23.71,0.0,0.47,100.0,3,Starting,556.61,689.5
1792761780000000000,2026-10-23T13:23:00Z,controller 2,0.196,9.989,169.67,313.76,4.26,0.0,0.17,100.0,2,Starting,576.48,683.27
1792761840000000000,2026-10-23T13:24:00Z,free response,0.316,9.352,122.1,139.4,85.5,0.0,0.51,100.0,2,Starting,580.96,674.01
1792761900000000000,2026-10-23T13:25:00Z,controller 1,0.279,9.682,159.8,330.47,327.44,0.0,0.4,100.0,1,Starting,577.31,665.23
1792761960000000000,2026-10-23T13:26:00Z,controller 2,0.293,9.375,2.83,278.4,383.45,0.0,0.38,100.0,2,Starting,585.14,690.27
1792762020000000000,2026-10-23T13:27:00Z,free response,0.219,9.369,51.29,101.1,527.52,0.0,0.24,100.0,2,Starting,626.42,691.17
1792762080000000000,2026-10-23T13:28:00Z,free response,0.312,9.955,54.04,82.29,42.77,0.0,0.45,100.0,3,Starting,623.94,667.98
1792762140000000000,2026-10-23T13:29:00Z,controller 1,0.179,9.972,66.26,147.02,558.16,0.0,0.15,100.0,1,Starting,576.79,651.93
1792762200000000000,2026-10-23T13:30:00Z,controller 2,2.003,10.2,112.43,235.64,283.54,0.0,20.53,100.0,1,Starting,616.93,666.77
1792762260000000000,2026-10-23T13:31:00Z,controller 2,2.082,9.952,87.45,287.81,211.75,0.0,20.34,100.0,3,Starting,619.35,669.65
1792762320000000000,2026-10-23T13:32:00Z,controller 2,1.984,9.822,67.59,152.52,183.43,0.0,20.3,100.0,2,Starting,622.56,646.03
1792762380000000000,2026-10-23T13:33:00Z,free response,2.078,9.598,-11.16,66.98,228.5,0.0,22.36,100.0,1,Starting,607.36,647.97
1792762440000000000,2026-10-23T13:34:00Z,free response,1.941,10.036,108.35,59.56,545.92,0.0,17.35,100.0,3,Starting,598.19,635.16
1792762500000000000,2026-10-23T13:35:00Z,controller 2,2.05,9.534,127.5,400.7,588.5,0.0,18.78,100.0,3,Starting,570.48,605.42
1792762560000000000,2026-10-23T13:36:00Z,controller 1,2.049,9.835,110.03,7.96,387.9,0.0,20.18,100.0,2,Starting,543.11,634.65
1792762620000000000,2026-10-23T13:37:00Z,free response,1.948,9.948,74.83,138.72,595.57,0.0,18.99,100.0,2,Starting,514.49,638.06
1792762680000000000,2026-10-23T13:38:00Z,controller 1,2.093,9.576,47.72,312.07,210.5,0.0,19.33,100.0,3,Starting,513.16,609.82
1792762740000000000,2026-10-23T13:39:00Z,free response,2.056,9.882,26.79,176.25,397.34,0.0,20.93,100.0,3,Starting,487.75,614.53
1792762800000000000,2026-10-23T13:40:00Z,controller 2,2.057,9.913,132.86,349.07,152.84,0.0,22.22,100.0,3,Starting,461.78,589.48
1792762860000000000,2026-10-23T13:41:00Z,controller 1,2.029,9.643,-24.62,338.79,533.0,0.0,19.62,100.0,1,Starting,467.36,565.11
1792762920000000000,2026-10-23T13:42:00Z,controller 2,1.978,10.178,-23.15,398.42,61.86,0.0,17.92,100.0,3,Starting,504.04,544.76
1792762980000000000,2026-10-23T13:43:00Z,free response,1.941,9.462,186.56,169.13,351.52,0.0,16.38,100.0,1,Starting,509.16,544.92
1792763040000000000,2026-10-23T13:44:00Z,free response,2.051,9.84,127.93,250.6,252.27,0.0,19.72,100.0,2,Starting,523.69,569.34
1792763100000000000,2026-10-23T13:45:00Z,free response,2.018,9.679,14.03,253.59,277.46,0.0,21.47,100.0,1,Starting,528.63,543.83
1792763160000000000,2026-10-23T13:46:00Z,controller 1,1.93,9.611,-0.95,436.64,246.32,0.0,18.47,100.0,1,Starting,525.46,535.0
1792763220000000000,2026-10-23T13:47:00Z,controller 1,2.014,9.639,93.98,409.97,13.67,0.0,21.12,64.73,3,Starting,526.06,539.44
1792763280000000000,2026-10-23T13:48:00Z,controller 1,2.002,9.466,-11.58,155.26,396.48,0.0,19.6,100.0,1,Starting,531.38,510.41
1792763340000000000,2026-10-23T13:49:00Z,controller 2,2.046,9.619,108.74,1.58,469.55,0.0,20.95,100.0,3,Starting,531.73,502.47
1792763400000000000,2026-10-23T13:50:00Z,controller 1,2.007,10.154,171.24,181.01,426.48,0.0,19.92,100.0,2,Starting,489.72,521.05
1792763460000000000,2026-10-23T13:51:00Z,controller 1,1.954,10.027,91.93,235.68,419.3,0.0,18.76,100.0,1,Starting,530.48,529.7
1792763520000000000,2026-10-23T13:52:00Z,controller 2,1.961,9.595,188.39,62.0,514.87,0.0,18.61,100.0,3,Starting,551.79,550.46
1792763580000000000,2026-10-23T13:53:00Z,controller 2,1.996,9.657,20.87,168.49,493.32,0.0,18.95,100.0,3,Starting,589.14,564.82
1792763640000000000,2026-10-23T13:54:00Z,controller 2,2.03,10.067,117.03,89.42,548.73,0.0,20.99,100.0,2,Starting,617.07,562.19
1792763700000000000,2026-10-23T13:55:00Z,controller 1,2.084,9.934,56.68,317.13,334.8,0.0,19.96,100.0,1,Starting,572.83,565.24
1792763760000000000,2026-10-23T13:56:00Z,controller 1,1.957,10.053,61.93,350.4,74.25,0.0,17.56,100.0,3,Starting,601.1,551.02
1792763820000000000,2026-10-23T13:57:00Z,free response,1.964,9.524,173.0,300.46,50.58,0.0,19.57,100.0,3,Starting,567.16,549.05
1792763880000000000,2026-10-23T13:58:00Z,controller 1,1.985,9.703,134.04,193.16,512.72,0.0,17.85,100.0,2,Starting,519.14,527.6
1792763940000000000,2026-10-23T13:59:00Z,controller 1,2.065,10.091,77.96,288.6,72.99,0.0,21.12,100.0,1,Starting,557.29,505.55
1792764000000000000,2026-10-23T14:00:00Z,free response,0.718,1.027,21.48,319.29,460.92,0.0,0.26,100.0,1,Starting,515.41,480.84
1792764060000000000,2026-10-23T14:01:00Z,controller 1,0.677,1,58.73,268.87,579.09,0.0,0.25,100.0,3,Starting,468.41,505.8
1792764120000000000,2026-10-23T14:02:00Z,free response,0.813,1.179,47.78,176.2,186.96,0.0,0.37,100.0,3,Starting,445.93,524.15
1792764180000000000,2026-10-23T14:03:00Z,controller 1,0.811,1.412,-21.73,430.04,434.61,0.0,0.46,100.0,2,Starting,448.23,507.15
1792764240000000000,2026-10-23T14:04:00Z,controller 2,0.683,1.484,141.42,186.62,231.29,0.0,0.36,100.0,2,Starting,427.64,533.25
1792764300000000000,2026-10-23T14:05:00Z,controller 2,0.769,1.121,60.91,175.12,111.76,0.0,0.33,100.0,2,Starting,431.77,521.68
1792764360000000000,2026-10-23T14:06:00Z,free response,0.788,1.02,122.92,127.95,207.51,0.0,0.33,100.0,2,Starting,465.36,509.48
1792764420000000000,2026-10-23T14:07:00Z,controller 2,0.77,1,66.61,129.58,67.42,0.0,0.32,100.0,3,Starting,475.32,501.48
1792764480000000000,2026-10-23T14:08:00Z,free response,0.777,1.257,106.57,389.25,129.73,0.0,0.4,100.0,3,Starting,458.74,476.54
1792764540000000000,2026-10-23T14:09:00Z,controller 2,0.8,1,108.48,246.34,24.08,0.0,0.33,100.0,1,Starting,467.12,491.72
1792764600000000000,2026-10-23T14:10:00Z,controller 2,0.734,1.067,53.37,30.64,278.17,0.0,0.28,100.0,3,Starting,462.95,502.74
1792764660000000000,2026-10-23T14:11:00Z,controller 1,0.791,1.023,30.02,23.1,360.7,0.0,0.32,100.0,3,Starting,458.3,477.88
1792764720000000000,2026-10-23T14:12:00Z,controller 2,0.792,1,25.67,274.52,414.9,0.0,0.33,100.0,3,Starting,425.85,507.64
1792764780000000000,2026-10-23T14:13:00Z,controller 1,0.723,1.268,8.52,128.56,566.12,0.0,0.3,100.0,3,Starting,420.15,503.93
1792764840000000000,2026-10-23T14:14:00Z,controller 2,0.666,1.067,118.68,424.75,71.19,0.0,0.25,100.0,1,Starting,464.82,487.93
1792764900000000000,2026-10-23T14:15:00Z,controller 1,0.824,1,130.9,372.58,208.58,0.0,0.37,100.0,3,Starting,456.32,458.73
1792764960000000000,2026-10-23T14:16:00Z,free response,0.783,1.126,186.88,403.6,512.62,0.0,0.33,100.0,1,Starting,472.65,480.17
1792765020000000000,2026-10-23T14:17:00Z,free response,0.817,1.077,110.61,60.43,357.39,0.0,0.36,100.0,1,Starting,493.79,458.91
1792765080000000000,2026-10-23T14:18:00Z,controller 2,0.726,1.419,-10.96,174.98,150.8,0.0,0.4,100.0,3,Starting,529.82,456.12
1792765140000000000,2026-10-23T14:19:00Z,free response,0.751,1.431,135.87,184.72,462.11,0.0,0.44,100.0,1,Starting,513.24,456.32
1792765200000000000,2026-10-23T14:20:00Z,controller 2,0.714,1,92.67,263.6,107.55,0.0,0.23,100.0,1,Starting,559.65,433.5
1792765260000000000,2026-10-23T14:21:00Z,controller 1,0.679,1,107.96,361.89,358.07,0.0,0.25,100.0,3,Starting,711.82,736.29
1792765320000000000,2026-10-23T14:22:00Z,controller 1,0.843,1.234,49.35,312.32,103.19,0.0,0.4,100.0,2,Starting,742.84,746.13
1792765380000000000,2026-10-23T14:23:00Z,controller 2,0.693,1.012,134.99,28.51,105.2,0.0,0.23,100.0,1,Starting,704.91,736.24
1792765440000000000,2026-10-23T14:24:00Z,free response,0.731,1.119,-16.33,196.01,434.95,0.0,0.29,100.0,2,Starting,709.54,749.43
1792765500000000000,2026-10-23T14:25:00Z,free response,0.826,1.071,89.61,222.88,505.0,0.0,0.33,100.0,3,Starting,1022.13,862.4
1792765560000000000,2026-10-23T14:26:00Z,controller 1,0.78,1,140.24,245.02,149.93,0.0,0.33,100.0,2,Starting,1071.72,852.82
1792765620000000000,2026-10-23T14:27:00Z,free response,0.683,1.286,61.38,253.19,467.79,0.0,0.29,100.0,3,Starting,1049.65,854.23
1792765680000000000,2026-10-23T14:28:00Z,controller 2,0.717,1,123.52,172.05,21.52,0.0,0.23,100.0,3,Starting,1045.39,865.2
1792765740000000000,2026-10-23T14:29:00Z,controller 2,0.701,1.153,158.18,174.8,136.58,0.0,0.27,100.0,1,Starting,1026.03,882.36
1792765800000000000,2026-10-23T14:30:00Z,controller 2,2.513,3.375,5.1,407.92,395.9,0.0,10.71,100.0,2,Starting,1026.03,895.88
1792765860000000000,2026-10-23T14:31:00Z,free response,2.463,3.371,78.91,121.31,24.41,0.0,9.98,100.0,1,Starting,1002.56,900.18
1792765920000000000,2026-10-23T14:32:00Z,free response,2.545,3.751,49.05,161.36,331.94,0.0,11.22,100.0,2,Starting,1022.83,904.22
1792765980000000000,2026-10-23T14:33:00Z,free response,2.518,3.854,-23.89,240.21,243.6,0.0,12.22,100.0,3,Starting,1035.35,888.74
1792766040000000000,2026-10-23T14:34:00Z,controller 1,2.552,3.865,26.55,157.69,18.47,0.0,13.74,100.0,3,Starting,1064.0,898.15
1792766100000000000,2026-10-23T14:35:00Z,controller 2,2.516,3.637,37.59,427.17,483.23,0.0,12.06,100.0,2,Starting,1092.55,886.03
1792766160000000000,2026-10-23T14:36:00Z,free response,2.603,3.713,5.52,441.22,137.36,0.0,12.07,100.0,1,Off,1053.85,892.52
1792766220000000000,2026-10-23T14:37:00Z,free response,2.432,3.816,7.01,148.11,570.78,0.0,10.32,100.0,2,Off,1077.02,887.33
1792766280000000000,2026-10-23T14:38:00Z,controller 2,2.53,3.924,177.53,93.17,548.38,0.0,13.6,100.0,1,Off,804.41,736.22
1792766340000000000,2026-10-23T14:39:00Z,controller 2,2.5,4.044,28.94,309.27,362.76,0.0,13.19,100.0,3,Off,801.65,725.76
1792766400000000000,2026-10-23T14:40:00Z,controller 1,2.499,3.405,53.75,294.39,567.19,0.0,11.43,100.0,1,Off,776.21,728.15
1792766460000000000,2026-10-23T14:41:00Z,controller 2,2.555,3.847,14.13,215.18,496.98,0.0,13.02,100.0,2,Off,780.82,722.55
1792766520000000000,2026-10-23T14:42:00Z,controller 1,2.493,3.844,101.29,332.3,251.99,0.0,10.83,100.0,1,Off,803.74,729.07
1792766580000000000,2026-10-23T14:43:00Z,free response,2.56,3.833,80.38,378.22,194.79,0.0,11.35,100.0,2,Off,838.56,753.09
1792766640000000000,2026-10-23T14:44:00Z,controller 1,2.513,3.824,-26.55,432.49,587.58,0.0,11.26,100.0,3,Off,805.04,725.85
1792766700000000000,2026-10-23T14:45:00Z,free response,2.601,3.321,131.29,293.33,443.36,0.0,10.68,100.0,2,Off,817.94,725.01
1792766760000000000,2026-10-23T14:46:00Z,controller 2,2.454,4.011,95.84,7.59,381.53,0.0,13.06,100.0,3,Off,768.22,710.97
1792766820000000000,2026-10-23T14:47:00Z,free response,2.588,3.515,-6.02,199.6,536.84,0.0,11.04,100.0,3,Off,809.25,706.79
1792766880000000000,2026-10-23T14:48:00Z,controller 2,2.564,3.431,35.29,226.85,77.71,0.0,11.11,100.0,3,Off,845.9,695.07
1792766940000000000,2026-10-23T14:49:00Z,free response,2.599,3.54,184.28,186.13,362.38,0.0,12.9,100.0,1,Off,824.34,722.68
1792767000000000000,2026-10-23T14:50:00Z,controller 1,2.49,3.354,-15.81,4.61,547.6,0.0,9.72,100.0,3,Off,792.57,719.16
1792767060000000000,2026-10-23T14:51:00Z,controller 1,2.547,3.893,91.14,23.85,254.38,0.0,12.09,100.0,3,Off,819.71,746.66
1792767120000000000,2026-10-23T14:52:00Z,controller 1,2.603,3.955,54.08,228.98,13.09,0.0,12.56,100.0,1,Off,840.97,748.86
1792767180000000000,2026-10-23T14:53:00Z,controller 1,2.592,3.466,89.48,392.5,381.89,0.0,12.52,100.0,2,Off,801.36,731.77
1792767240000000000,2026-10-23T14:54:00Z,controller 1,2.553,3.967,158.84,8.74,276.43,0.0,11.71,100.0,1,Off,787.97,750.34
1792767300000000000,2026-10-23T14:55:00Z,controller 2,2.535,3.535,-18.05,226.89,561.47,0.0,11.19,100.0,2,Off,772.29,723.39
1792767360000000000,2026-10-23T14:56:00Z,controller 1,2.56,3.967,107.37,183.73,332.61,0.0,12.55,100.0,3,Off,762.25,739.58
1792767420000000000,2026-10-23T14:57:00Z,controller 2,2.57,3.394,150.02,361.83,115.05,0.0,11.95,100.0,2,Off,774.47,714.86
1792767480000000000,2026-10-23T14:58:00Z,controller 1,2.584,3.708,132.79,220.66,334.98,0.0,11.75,100.0,3,Off,765.23,733.67
1792767540000000000,2026-10-23T14:59:00Z,controller 1,2.553,4.009,196.34,162.58,114.07,0.0,12.47,100.0,2,Off,1133.25,890.24
1792767600000000000,2026-10-23T15:00:00Z,free response,1.211,11.78,60.81,355.17,169.12,0.0,9.14,100.0,1,Off,1153.43,907.29
1792767660000000000,2026-10-23T15:01:00Z,free response,1.325,12.345,64.27,332.05,316.68,0.0,10.66,100.0,2,Off,1138.71,901.57
1792767720000000000,2026-10-23T15:02:00Z,controller 1,1.329,11.9,166.12,325.77,225.53,0.0,10.03,100.0,3,Off,1107.82,882.61
1792767780000000000,2026-10-23T15:03:00Z,free response,1.162,12.315,89.16,140.89,345.22,0.0,7.67,100.0,1,Off,1076.74,908.42
1792767840000000000,2026-10-23T15:04:00Z,controller 1,1.316,12.047,12.32,244.59,422.78,0.0,11.22,100.0,1,Off,1084.7,925.6
1792767900000000000,2026-10-23T15:05:00Z,controller 2,1.222,11.984,189.96,155.1,479.4,0.0,8.96,100.0,3,Off,1068.84,937.87
1792767960000000000,2026-10-23T15:06:00Z,free response,1.218,11.744,131.34,364.06,87.98,0.0,8.71,100.0,3,Off,1049.17,932.08
1792768020000000000,2026-10-23T15:07:00Z,controller 1,1.295,12.156,10.04,255.92,215.9,0.0,9.27,100.0,1,Off,1090.6,939.09
1792768080000000000,2026-10-23T15:08:00Z,free response,1.241,12.322,164.36,232.13,21.3,0.0,9.8,100.0,2,Off,674.21,999.38
1792768140000000000,2026-10-23T15:09:00Z,controller 1,1.307,12.278,192.68,150.93,3.21,0.0,9.73,32.99,1,Off,649.02,983.57
1792768200000000000,2026-10-23T15:10:00Z,free response,1.24,11.894,28.61,326.18,73.52,0.0,8.58,100.0,3,Off,660.86,970.31
1792768260000000000,2026-10-23T15:11:00Z,controller 1,1.336,12.046,29.27,307.04,349.83,0.0,11.07,100.0,3,Off,653.99,961.79
1792768320000000000,2026-10-23T15:12:00Z,free response,1.223,12.235,12.98,386.87,274.6,0.0,9.64,100.0,2,Off,701.79,935.5
1792768380000000000,2026-10-23T15:13:00Z,controller 1,1.317,12.238,13.64,6.82,162.57,0.0,10.29,100.0,2,Off,731.8,908.94
1792768440000000000,2026-10-23T15:14:00Z,controller 2,1.248,11.804,105.0,16.82,405.58,0.0,8.99,100.0,1,Off,730.47,928.16
1792768500000000000,2026-10-23T15:15:00Z,controller 2,1.319,11.763,179.84,129.06,557.45,0.0,10.91,100.0,2,Off,718.23,946.63
1792768560000000000,2026-10-23T15:16:00Z,free response,1.226,12.003,134.92,32.07,88.07,0.0,9.43,100.0,1,Off,671.29,952.13
1792768620000000000,2026-10-23T15:17:00Z,controller 2,1.329,12.198,108.11,255.68,154.88,0.0,11.49,100.0,3,Off,710.97,976.26
1792768680000000000,2026-10-23T15:18:00Z,controller 2,1.257,11.733,171.26,137.12,559.52,0.0,8.88,100.0,1,Off,723.49,951.95
1792768740000000000,2026-10-23T15:19:00Z,controller 1,1.29,11.796,80.34,386.14,562.44,0.0,9.47,100.0,2,Off,749.86,946.58
1792768800000000000,2026-10-23T15:20:00Z,free response,1.296,12.363,152.79,91.62,162.61,0.0,11.39,100.0,1,Off,774.51,923.63
1792768860000000000,2026-10-23T15:21:00Z,controller 2,1.321,12.333,55.01,266.82,421.49,0.0,10.56,100.0,3,Off,729.85,895.55
1792768920000000000,2026-10-23T15:22:00Z,controller 1,1.241,11.703,134.47,337.31,428.74,0.0,9.13,100.0,2,Off,761.85,915.34
1792768980000000000,2026-10-23T15:23:00Z,controller 1,1.322,12.278,-26.42,75.73,516.44,0.0,10.54,100.0,2,Off,721.96,910.32
1792769040000000000,2026-10-23T15:24:00Z,controller 2,1.164,11.801,38.54,446.42,427.3,0.0,8.54,100.0,1,Off,734.41,904.06
1792769100000000000,2026-10-23T15:25:00Z,controller 2,1.23,11.863,169.68,231.99,447.33,0.0,9.01,100.0,2,Off,730.43,896.96
1792769160000000000,2026-10-23T15:26:00Z,controller 1,1.165,12.355,54.75,131.3,435.09,0.0,7.96,100.0,2,Off,710.21,505.6
1792769220000000000,2026-10-23T15:27:00Z,free response,1.188,12.291,78.62,119.72,473.58,0.0,8.66,100.0,2,Off,665.02,502.66
1792769280000000000,2026-10-23T15:28:00Z,controller 2,1.283,12.164,147.78,168.46,97.0,0.0,9.25,100.0,2,Off,689.9,474.62
1792769340000000000,2026-10-23T15:29:00Z,controller 2,1.299,12.18,181.11,195.94,574.55,0.0,9.62,100.0,2,Off,700.01,458.44
1792769400000000000,2026-10-23T15:30:00Z,free response,1.182,1.138,94.9,218.2,77.37,0.0,0.74,100.0,1,Off,738.55,470.84
1792769460000000000,2026-10-23T15:31:00Z,controller 2,1.204,1.013,163.41,140.96,419.35,0.0,0.77,100.0,2,Off,764.37,471.17
1792769520000000000,2026-10-23T15:32:00Z,controller 2,1.111,1.536,100.47,364.82,299.35,0.0,0.9,100.0,1,Off,792.28,478.85
1792769580000000000,2026-10-23T15:33:00Z,free response,1.134,1.209,161.32,292.37,185.36,0.0,0.77,100.0,3,Off,749.12,451.76
1792769640000000000,2026-10-23T15:34:00Z,controller 2,1.13,1.428,146.06,330.34,328.16,0.0,0.93,100.0,2,Off,752.63,442.45
1792769700000000000,2026-10-23T15:35:00Z,controller 2,1.079,1.507,176.2,186.82,237.48,0.0,0.88,100.0,2,Off,775.63,466.65
1792769760000000000,2026-10-23T15:36:00Z,controller 1,1.153,1.584,116.18,359.12,1.38,0.0,1.0,100.0,2,Off,727.81,477.29
1792769820000000000,2026-10-23T15:37:00Z,controller 2,1.066,1.229,190.81,436.12,93.7,0.0,0.66,100.0,3,Off,748.62,478.9
1792769880000000000,2026-10-23T15:38:00Z,controller 2,1.076,1.367,185.76,124.95,153.69,0.0,0.83,100.0,2,Off,787.95,494.81
1792769940000000000,2026-10-23T15:39:00Z,controller 2,1.094,1.125,117.74,333.44,419.47,0.0,0.72,100.0,2,Off,815.18,512.62
1792770000000000000,2026-10-23T15:40:00Z,free response,1.065,1.232,53.51,143.29,287.22,0.0,0.65,100.0,2,Off,771.75,484.15
1792770060000000000,2026-10-23T15:41:00Z,controller 1,1.151,1.241,185.36,55.87,64.63,0.0,0.84,100.0,3,Off,784.89,481.01
1792770120000000000,2026-10-23T15:42:00Z,controller 2,1.081,1.163,127.97,411.09,96.82,0.0,0.68,100.0,2,Off,812.11,730.03
1792770180000000000,2026-10-23T15:43:00Z,free response,1.089,1.272,35.48,151.3,316.81,0.0,0.7,100.0,1,Off,797.11,459.56
1792770240000000000,2026-10-23T15:44:00Z,controller 2,1.073,1.501,116.61,164.74,546.72,0.0,0.84,100.0,2,Off,783.38,473.6
1792770300000000000,2026-10-23T15:45:00Z,controller 1,1.099,1.438,85.26,99.69,496.15,0.0,0.79,100.0,2,Off,795.17,453.16
1792770360000000000,2026-10-23T15:46:00Z,controller 1,1.133,1.12,-28.38,121.86,74.29,0.0,0.67,100.0,2,Off,795.38,476.14
1792770420000000000,2026-10-23T15:47:00Z,free response,1.086,1,191.61,77.36,283.93,0.0,0.62,100.0,1,Off,814.32,454.23
1792770480000000000,2026-10-23T15:48:00Z,controller 1,1.087,1.578,-11.35,66.93,448.09,0.0,0.93,100.0,2,Off,834.8,443.18
1792770540000000000,2026-10-23T15:49:00Z,controller 2,1.205,1,149.21,354.69,439.02,0.0,0.78,100.0,3,Off,830.46,472.6
1792770600000000000,2026-10-23T15:50:00Z,free response,1.128,1,71.07,165.89,96.27,0.0,0.61,100.0,2,Off,1072.02,836.25
1792770660000000000,2026-10-23T15:51:00Z,free response,1.183,1.341,131.44,279.65,350.0,0.0,0.85,100.0,1,Off,1090.11,851.67
1792770720000000000,2026-10-23T15:52:00Z,controller 1,1.164,1.354,20.14,344.38,147.89,0.0,0.85,100.0,2,Off,1129.06,869.38
1792770780000000000,2026-10-23T15:53:00Z,free response,1.151,1.215,61.21,322.2,338.1,0.0,0.86,100.0,2,Off,1110.04,864.01
1792770840000000000,2026-10-23T15:54:00Z,controller 2,1.176,1.447,65.94,131.75,599.93,0.0,1.08,100.0,1,Off,1060.47,887.97
1792770900000000000,2026-10-23T15:55:00Z,free response,1.163,1.374,71.94,420.4,494.59,0.0,0.84,100.0,1,Off,1081.04,887.18
1792770960000000000,2026-10-23T15:56:00Z,free response,1.21,1.236,131.44,34.0,457.35,0.0,0.97,100.0,1,Off,1063.79,909.74
1792771020000000000,2026-10-23T15:57:00Z,free response,1.062,1.569,-11.99,410.08,310.9,0.0,0.9,100.0,1,Off,1032.17,883.05
1792771080000000000,2026-10-23T15:58:00Z,controller 1,1.078,1.006,189.82,140.85,249.22,0.0,0.61,100.0,3,Off,1014.86,883.3
1792771140000000000,2026-10-23T15:59:00Z,controller 2,1.038,1,117.17,58.86,112.24,0.0,0.51,100.0,1,Off,1031.89,867.37
1792771200000000000,2026-10-23T16:00:00Z,controller 2,0.159,9.129,-24.21,161.21,490.22,0.0,0.11,100.0,2,Off,1066.49,889.42
1792771260000000000,2026-10-23T16:01:00Z,controller 1,0.179,8.542,124.65,313.24,442.27,0.0,0.15,100.0,1,Off,1026.1,873.09
1792771320000000000,2026-10-23T16:02:00Z,controller 2,0.153,8.55,55.14,391.27,505.15,0.0,0.11,100.0,2,Off,1055.75,845.86
1792771380000000000,2026-10-23T16:03:00Z,controller 1,0.21,8.873,84.8,142.7,105.4,0.0,0.21,100.0,1,Off,1042.78,817.97
1792771440000000000,2026-10-23T16:04:00Z,controller 1,0.212,8.561,18.36,1.85,512.13,0.0,0.18,100.0,2,Off,1015.36,808.22
1792771500000000000,2026-10-23T16:05:00Z,controller 2,0.211,8.619,84.68,395.63,406.78,0.0,0.18,100.0,2,Off,980.02,787.85
1792771560000000000,2026-10-23T16:06:00Z,controller 2,0.223,8.859,149.39,148.86,139.41,0.0,0.22,100.0,2,Off,1001.37,793.84
1792771620000000000,2026-10-23T16:07:00Z,controller 1,0.124,8.646,117.89,188.65,227.26,0.0,0.07,100.0,1,Off,999.56,318.01
1792771680000000000,2026-10-23T16:08:00Z,controller 1,0.127,8.804,-10.75,198.57,25.32,0.0,0.08,100.0,1,Off,961.93,325.92
1792771740000000000,2026-10-23T16:09:00Z,free response,0.161,8.833,131.65,22.6,375.11,0.0,0.13,100.0,3,Off,923.3,308.3
1792771800000000000,2026-10-23T16:10:00Z,controller 1,0.233,9.129,106.42,346.5,116.26,0.0,0.25,100.0,3,Off,905.12,279.77
1792771860000000000,2026-10-23T16:11:00Z,free response,0.107,8.856,48.19,165.27,4.83,0.0,0.05,100.0,3,Off,898.03,290.26
1792771920000000000,2026-10-23T16:12:00Z,controller 2,0.218,8.551,92.28,416.1,583.9,0.0,0.19,100.0,3,Off,892.56,284.51
1792771980000000000,2026-10-23T16:13:00Z,controller 1,0.16,8.629,116.75,114.89,470.3,0.0,0.12,100.0,1,Off,540.84,591.14
1792772040000000000,2026-10-23T16:14:00Z,controller 2,0.223,9.096,142.15,83.54,399.4,0.0,0.25,100.0,3,Off,508.33,579.91
1792772100000000000,2026-10-23T16:15:00Z,controller 2,0.161,8.463,11.44,347.0,482.44,0.0,0.11,100.0,1,Off,472.67,594.72
1792772160000000000,2026-10-23T16:16:00Z,controller 1,0.217,9.19,104.45,276.26,378.56,0.0,0.2,100.0,2,Off,459.28,569.6
1792772220000000000,2026-10-23T16:17:00Z,controller 1,0.174,8.565,-20.93,354.43,46.13,0.0,0.12,100.0,3,Off,416.54,571.57
1792772280000000000,2026-10-23T16:18:00Z,free response,0.166,8.868,113.17,350.65,232.56,0.0,0.12,100.0,3,Off,432.24,600.39
1792772340000000000,2026-10-23T16:19:00Z,controller 1,0.157,8.511,105.29,186.59,25.05,0.0,0.1,100.0,2,Off,471.34,618.88
1792772400000000000,2026-10-23T16:20:00Z,controller 2,0.116,9.142,69.84,164.98,359.79,0.0,0.07,100.0,1,Off,442.49,606.15
1792772460000000000,2026-10-23T16:21:00Z,free response,0.176,9.148,114.71,116.13,293.19,0.0,0.14,100.0,1,Off,422.16,592.07
1792772520000000000,2026-10-23T16:22:00Z,controller 2,0.059,9.111,167.35,443.24,68.88,0.0,0.02,100.0,3,Off,455.24,594.28
1792772580000000000,2026-10-23T16:23:00Z,controller 1,0.082,8.497,59.11,181.96,593.99,0.0,0.03,100.0,3,Off,406.96,600.27
1792772640000000000,2026-10-23T16:24:00Z,controller 1,0.196,9.128,196.25,229.58,263.02,0.0,0.18,100.0,2,Off,570.64,859.52
1792772700000000000,2026-10-23T16:25:00Z,controller 1,0.097,8.636,-19.15,372.9,318.02,0.0,0.04,100.0,3,Off,587.56,842.89
1792772760000000000,2026-10-23T16:26:00Z,controller 1,0.154,8.524,184.3,69.29,522.09,0.0,0.1,100.0,1,Off,579.77,870.18
1792772820000000000,2026-10-23T16:27:00Z,free response,0.219,8.796,-15.02,203.87,338.74,0.0,0.22,100.0,3,Off,537.69,873.04
1792772880000000000,2026-10-23T16:28:00Z,controller 2,0.15,9.09,-7.39,78.71,149.92,0.0,0.1,100.0,2,Off,512.98,853.09
1792772940000000000,2026-10-23T16:29:00Z,controller 2,0.116,8.582,8.97,88.5,459.32,0.0,0.06,100.0,1,Off,548.88,844.36
1792773000000000000,2026-10-23T16:30:00Z,controller 1,0.316,13.448,15.5,257.09,194.94,0.0,0.69,100.0,2,Off,1038.47,538.55
1792773060000000000,2026-10-23T16:31:00Z,controller 2,0.34,13.691,159.58,331.25,363.43,0.0,0.84,100.0,1,Off,995.68,548.47
1792773120000000000,2026-10-23T16:32:00Z,free response,0.232,13.392,135.73,299.06,132.83,0.0,0.38,100.0,3,Off,1013.54,571.9
1792773180000000000,2026-10-23T16:33:00Z,controller 2,0.302,13.567,178.74,398.21,199.52,0.0,0.67,100.0,2,Off,998.34,565.38
1792773240000000000,2026-10-23T16:34:00Z,controller 2,0.334,13.519,176.12,67.64,259.12,0.0,0.71,100.0,1,Off,995.8,538.34
1792773300000000000,2026-10-23T16:35:00Z,controller 1,0.316,14,56.79,46.02,449.28,0.0,0.71,100.0,3,Off,1022.56,512.4
1792773360000000000,2026-10-23T16:36:00Z,free response,0.334,13.835,164.03,298.53,303.14,0.0,0.78,100.0,2,Off,981.68,487.59
1792773420000000000,2026-10-23T16:37:00Z,controller 1,0.333,13.576,17.7,331.12,400.19,0.0,0.77,100.0,3,Off,970.3,488.56
1792773480000000000,2026-10-23T16:38:00Z,free response,0.283,13.615,15.89,391.53,166.59,0.0,0.53,100.0,3,Off,970.55,482.41
1792773540000000000,2026-10-23T16:39:00Z,controller 1,0.177,13.556,170.7,240.11,373.74,0.0,0.19,100.0,2,Off,1010.64,482.14
1792773600000000000,2026-10-23T16:40:00Z,controller 2,0.31,13.843,108.23,55.97,149.44,0.0,0.67,100.0,1,Off,1021.88,495.11
1792773660000000000,2026-10-23T16:41:00Z,free response,0.266,13.797,-4.37,234.69,180.4,0.0,0.5,100.0,1,Off,1016.96,518.98
1792773720000000000,2026-10-23T16:42:00Z,controller 1,0.201,13.588,136.65,328.2,477.47,0.0,0.27,100.0,3,Off,1014.76,526.96
1792773780000000000,2026-10-23T16:43:00Z,controller 2,0.23,13.434,121.79,6.65,506.38,0.0,0.38,100.0,3,Off,1035.3,527.83
1792773840000000000,2026-10-23T16:44:00Z,free response,0.321,13.43,175.74,372.63,190.89,0.0,0.75,100.0,3,Off,1058.81,554.17
1792773900000000000,2026-10-23T16:45:00Z,free response,0.216,13.511,-7.5,86.38,297.22,0.0,0.3,100.0,1,Off,1030.42,571.19
1792773960000000000,2026-10-23T16:46:00Z,controller 2,0.183,13.875,-29.41,172.68,6.36,0.0,0.24,100.0,2,Off,1033.57,543.6
1792774020000000000,2026-10-23T16:47:00Z,controller 1,0.206,13.72,192.14,401.36,477.93,0.0,0.27,100.0,3,Off,1010.42,531.79
1792774080000000000,2026-10-23T16:48:00Z,controller 2,0.297,13.688,135.02,156.08,290.24,0.0,0.62,100.0,3,Off,1041.4,555.27
1792774140000000000,2026-10-23T16:49:00Z,controller 2,0.185,13.964,162.01,298.53,563.78,0.0,0.23,100.0,2,Off,1013.25,557.0
1792774200000000000,2026-10-23T16:50:00Z,controller 1,0.316,13.807,80.67,209.47,89.53,0.0,0.62,100.0,1,Off,1012.55,574.23
1792774260000000000,2026-10-23T16:51:00Z,controller 2,0.201,14,184.46,73.26,339.05,0.0,0.3,100.0,1,Off,1053.32,561.08
1792774320000000000,2026-10-23T16:52:00Z,free response,0.234,13.472,129.02,443.98,429.72,0.0,0.39,100.0,3,Off,1048.64,560.9
1792774380000000000,2026-10-23T16:53:00Z,controller 2,0.33,13.727,199.63,449.22,550.93,0.0,0.7,100.0,3,Off,1008.14,534.42
1792774440000000000,2026-10-23T16:54:00Z,free response,0.2,13.434,168.57,180.93,306.59,0.0,0.26,100.0,1,Off,970.38,547.61
1792774500000000000,2026-10-23T16:55:00Z,free response,0.311,13.741,159.82,113.23,44.97,0.0,0.64,100.0,3,Off,974.49,529.89
1792774560000000000,2026-10-23T16:56:00Z,free response,0.277,13.898,154.18,220.82,114.57,0.0,0.57,100.0,3,Off,994.27,507.42
1792774620000000000,2026-10-23T16:57:00Z,controller 1,0.237,13.746,-9.43,313.38,585.04,0.0,0.35,100.0,3,Off,1036.02,497.19
1792774680000000000,2026-10-23T16:58:00Z,controller 2,0.327,13.862,123.62,17.47,566.32,0.0,0.78,100.0,3,Off,995.76,520.72
1792774740000000000,2026-10-23T16:59:00Z,free response,0.279,13.634,85.89,53.14,314.39,0.0,0.56,100.0,1,Off,1025.61,527.62
1792774800000000000,2026-10-23T17:00:00Z,controller 1,2.48,3.971,178.5,252.6,286.07,0.0,11.71,100.0,1,Off,1075.33,549.19
1792774860000000000,2026-10-23T17:01:00Z,free response,2.508,3.665,75.09,314.56,504.75,0.0,11.88,100.0,1,Off,1025.52,549.61
1792774920000000000,2026-10-23T17:02:00Z,free response,2.408,4.017,174.25,172.61,494.85,0.0,12.31,100.0,3,Off,1027.27,553.85
1792774980000000000,2026-10-23T17:03:00Z,controller 1,2.538,3.774,-2.32,300.16,466.17,0.0,11.38,100.0,3,Off,1046.43,563.46
1792775040000000000,2026-10-23T17:04:00Z,free response,2.445,3.918,45.91,353.0,389.8,0.0,11.27,100.0,3,Off,1002.49,565.02
1792775100000000000,2026-10-23T17:05:00Z,free response,2.496,4.209,66.0,7.09,457.73,0.0,13.17,100.0,3,Off,988.73,541.35
1792775160000000000,2026-10-23T17:06:00Z,controller 2,2.488,4.008,100.74,6.63,541.7,0.0,11.77,100.0,3,Off,1032.24,547.99
1792775220000000000,2026-10-23T17:07:00Z,free response,2.416,3.602,52.28,215.47,269.6,0.0,10.96,100.0,3,Off,1014.56,542.31
1792775280000000000,2026-10-23T17:08:00Z,controller 2,2.535,3.563,190.31,317.04,45.65,0.0,11.83,100.0,2,Off,1023.07,568.47
1792775340000000000,2026-10-23T17:09:00Z,free response,2.372,3.517,62.45,258.41,517.91,0.0,10.15,100.0,2,Off,1017.66,550.12
1792775400000000000,2026-10-23T17:10:00Z,controller 1,2.393,4.055,184.64,421.91,531.02,0.0,10.81,100.0,3,Off,972.14,554.52
1792775460000000000,2026-10-23T17:11:00Z,controller 2,2.473,3.928,19.15,126.87,592.8,0.0,12.63,100.0,3,Off,944.57,532.51
1792775520000000000,2026-10-23T17:12:00Z,controller 1,2.398,3.56,16.14,42.74,458.02,0.0,9.99,100.0,2,Off,906.2,529.22
1792775580000000000,2026-10-23T17:13:00Z,controller 1,2.523,3.513,26.9,63.76,71.47,0.0,10.16,100.0,3,Off,861.45,530.37
1792775640000000000,2026-10-23T17:14:00Z,controller 1,2.448,4.211,115.12,228.75,63.67,0.0,12.33,100.0,1,Off,905.77,540.39
1792775700000000000,2026-10-23T17:15:00Z,free response,2.425,4.021,76.82,306.3,524.17,0.0,12.58,100.0,2,Off,910.12,516.46
1792775760000000000,2026-10-23T17:16:00Z,controller 2,2.41,3.801,131.12,185.93,229.66,0.0,10.08,100.0,3,Off,870.13,491.41
1792775820000000000,2026-10-23T17:17:00Z,free response,2.535,3.878,137.4,307.77,72.27,0.0,13.02,100.0,3,Off,864.42,482.65
1792775880000000000,2026-10-23T17:18:00Z,controller 2,2.477,4.197,45.78,231.38,487.54,0.0,12.1,100.0,1,Off,903.94,511.64
1792775940000000000,2026-10-23T17:19:00Z,controller 2,2.392,4.015,151.57,118.43,79.02,0.0,10.41,100.0,2,Off,938.28,529.38
1792776000000000000,2026-10-23T17:20:00Z,controller 2,2.544,3.495,6.77,263.95,251.6,0.0,10.89,100.0,3,Off,947.46,548.83
1792776060000000000,2026-10-23T17:21:00Z,free response,2.444,3.48,60.43,422.45,423.3,0.0,10.14,100.0,1,Off,811.46,467.51
1792776120000000000,2026-10-23T17:22:00Z,controller 2,2.436,4.104,86.82,43.69,127.26,0.0,11.96,100.0,2,Off,811.74,449.79
1792776180000000000,2026-10-23T17:23:00Z,free response,2.466,3.816,13.04,439.52,511.41,0.0,11.89,100.0,3,Off,807.82,420.37
1792776240000000000,2026-10-23T17:24:00Z,free response,2.401,3.623,186.37,165.74,189.07,0.0,11.23,100.0,2,Off,837.68,400.15
1792776300000000000,2026-10-23T17:25:00Z,controller 2,2.507,4.111,64.92,151.05,273.1,0.0,13.93,100.0,1,Off,864.03,410.05
1792776360000000000,2026-10-23T17:26:00Z,controller 1,2.441,3.486,173.14,247.37,581.19,0.0,9.98,100.0,1,Off,831.91,434.3
1792776420000000000,2026-10-23T17:27:00Z,controller 1,2.383,3.685,160.35,183.19,40.69,0.0,9.75,100.0,3,Off,808.46,436.24
1792776480000000000,2026-10-23T17:28:00Z,free response,2.377,3.762,23.46,62.63,60.07,0.0,10.97,100.0,2,Off,846.34,441.54
1792776540000000000,2026-10-23T17:29:00Z,controller 1,2.411,3.891,139.02,67.93,83.19,0.0,10.67,100.0,1,Off,800.46,456.61
1792776600000000000,2026-10-23T17:30:00Z,free response,2.24,8.472,76.41,67.21,493.08,0.0,22.86,100.0,3,Off,777.7,452.72
1792776660000000000,2026-10-23T17:31:00Z,controller 2,2.184,8.467,-21.49,211.61,30.28,0.0,22.02,100.0,2,Off,742.94,472.54
1792776720000000000,2026-10-23T17:32:00Z,controller 1,2.189,9.035,-10.37,142.61,206.73,0.0,22.35,100.0,1,Off,705.3,475.69
1792776780000000000,2026-10-23T17:33:00Z,controller 1,2.192,8.438,4.08,162.79,296.23,0.0,19.22,100.0,2,Off,1460.9,610.08
1792776840000000000,2026-10-23T17:34:00Z,controller 2,2.234,8.717,24.43,35.89,167.4,0.0,21.41,100.0,2,Off,1500.0,631.29
1792776900000000000,2026-10-23T17:35:00Z,controller 1,2.179,8.542,47.64,257.68,248.62,0.0,19.27,100.0,1,Off,1456.42,615.82
1792776960000000000,2026-10-23T17:36:00Z,controller 1,2.249,8.462,-18.56,356.48,269.08,0.0,23.33,100.0,3,Off,1500.0,641.68
1792777020000000000,2026-10-23T17:37:00Z,free response,2.333,8.511,175.7,200.12,170.58,0.0,20.98,100.0,1,Off,1500.0,659.33
1792777080000000000,2026-10-23T17:38:00Z,controller 2,2.206,8.909,154.12,66.3,419.49,0.0,23.84,100.0,1,Starting,1500.0,682.57
1792777140000000000,2026-10-23T17:39:00Z,free response,2.314,9.076,52.41,320.86,149.48,0.0,25.02,100.0,1,Starting,637.99,619.36
1792777200000000000,2026-10-23T17:40:00Z,controller 2,2.199,9.084,69.39,152.67,302.16,0.0,21.79,100.0,1,Starting,604.65,643.14
1792777260000000000,2026-10-23T17:41:00Z,controller 1,2.193,9.063,92.93,49.41,462.7,0.0,22.74,100.0,1,Starting,586.29,620.26
1792777320000000000,2026-10-23T17:42:00Z,free response,2.308,8.589,91.01,261.99,574.51,0.0,23.6,100.0,1,Starting,622.69,630.4
1792777380000000000,2026-10-23T17:43:00Z,controller 2,2.313,8.974,181.95,52.04,120.07,0.0,25.0,100.0,1,Starting,652.25,612.81
1792777440000000000,2026-10-23T17:44:00Z,controller 2,2.244,8.555,27.55,439.6,382.7,0.0,19.72,100.0,1,Starting,635.12,630.92
1792777500000000000,2026-10-23T17:45:00Z,controller 1,2.292,9.042,63.87,80.41,294.87,0.0,25.23,100.0,1,Starting,602.07,614.18
1792777560000000000,2026-10-23T17:46:00Z,controller 1,2.182,8.486,-8.82,183.75,44.19,0.0,21.4,100.0,3,Starting,639.92,624.22
1792777620000000000,2026-10-23T17:47:00Z,controller 1,2.222,8.512,189.06,221.29,577.58,0.0,21.96,100.0,1,Starting,638.13,640.26
1792777680000000000,2026-10-23T17:48:00Z,free response,2.182,8.73,-28.2,157.34,121.26,0.0,21.8,100.0,1,Starting,615.23,634.37
1792777740000000000,2026-10-23T17:49:00Z,controller 2,2.189,8.815,174.87,296.53,278.78,0.0,21.59,100.0,2,Starting,589.26,636.75
1792777800000000000,2026-10-23T17:50:00Z,free response,2.268,8.55,7.95,414.95,502.69,0.0,19.86,100.0,3,Starting,592.56,644.29
1792777860000000000,2026-10-23T17:51:00Z,controller 1,2.22,8.872,31.97,402.42,401.12,0.0,20.24,100.0,2,Starting,575.56,663.09
1792777920000000000,2026-10-23T17:52:00Z,controller 2,2.243,8.867,97.08,356.73,486.82,0.0,23.01,100.0,3,Starting,552.81,465.27
1792777980000000000,2026-10-23T17:53:00Z,controller 2,2.336,8.941,158.34,26.72,531.01,0.0,23.2,100.0,2,Starting,572.04,475.92
1792778040000000000,2026-10-23T17:54:00Z,controller 1,2.29,9.11,57.67,292.77,235.05,0.0,21.99,100.0,2,Starting,577.95,475.2
1792778100000000000,2026-10-23T17:55:00Z,controller 1,2.269,9.118,25.36,438.61,330.55,0.0,25.64,100.0,1,Starting,571.0,456.79
1792778160000000000,2026-10-23T17:56:00Z,free response,2.34,8.803,68.19,271.09,357.87,0.0,25.3,100.0,1,Starting,561.27,449.59
1792778220000000000,2026-10-23T17:57:00Z,free response,2.186,8.927,179.82,412.45,282.76,0.0,22.58,100.0,2,Starting,580.98,441.91
1792778280000000000,2026-10-23T17:58:00Z,controller 2,2.287,8.85,137.83,11.09,138.89,0.0,23.88,100.0,1,Starting,547.0,432.37
1792778340000000000,2026-10-23T17:59:00Z,controller 1,2.311,9.107,106.72,28.34,91.56,0.0,23.15,100.0,2,Starting,523.3,417.48
1792778400000000000,2026-10-23T18:00:00Z,free response,1.315,11.319,84.27,330.18,418.18,0.0,10.2,100.0,2,Starting,568.27,401.22
1792778460000000000,2026-10-23T18:01:00Z,controller 2,1.351,11.367,162.48,442.92,123.19,0.0,10.96,100.0,3,Starting,530.52,385.37
1792778520000000000,2026-10-23T18:02:00Z,free response,1.394,11.036,189.43,109.89,425.57,0.0,9.89,100.0,1,Starting,579.69,384.48
1792778580000000000,2026-10-23T18:03:00Z,free response,1.374,11.017,1.63,422.03,94.14,0.0,11.35,100.0,1,Starting,618.09,399.15
1792778640000000000,2026-10-23T18:04:00Z,controller 1,1.31,11.613,95.61,263.45,381.43,0.0,9.74,100.0,3,Starting,568.94,423.73
1792778700000000000,2026-10-23T18:05:00Z,controller 2,1.237,11.073,20.86,128.39,233.82,0.0,9.26,100.0,1,Starting,549.24,437.92
1792778760000000000,2026-10-23T18:06:00Z,controller 2,1.383,11.116,115.69,413.93,49.14,0.0,10.58,100.0,3,Starting,582.99,432.58
1792778820000000000,2026-10-23T18:07:00Z,controller 2,1.39,10.947,133.44,346.4,352.21,0.0,11.49,100.0,3,Starting,542.5,453.05
1792778880000000000,2026-10-23T18:08:00Z,controller 1,1.238,11.59,-29.3,313.58,79.94,0.0,8.11,100.0,2,Starting,582.33,453.26
1792778940000000000,2026-10-23T18:09:00Z,controller 2,1.379,11.208,-24.18,313.41,154.78,0.0,11.44,100.0,2,Starting,620.78,430.19
1792779000000000000,2026-10-23T18:10:00Z,controller 1,1.397,11.239,1.09,415.84,187.14,0.0,12.0,100.0,2,Starting,605.49,434.39
1792779060000000000,2026-10-23T18:11:00Z,free response,1.238,11.411,155.4,321.91,2.64,0.0,8.9,29.66,1,Starting,648.0,438.84
1792779120000000000,2026-10-23T18:12:00Z,controller 1,1.248,11.594,152.9,44.27,294.46,0.0,8.85,100.0,1,Starting,636.96,452.09
1792779180000000000,2026-10-23T18:13:00Z,controller 1,1.396,11.202,183.08,18.61,272.26,0.0,10.13,100.0,3,Starting,641.98,429.81
1792779240000000000,2026-10-23T18:14:00Z,controller 1,1.313,11.456,146.22,127.9,430.71,0.0,10.06,100.0,1,Starting,653.45,414.38
1792779300000000000,2026-10-23T18:15:00Z,controller 2,1.328,11.35,135.33,282.4,167.84,0.0,9.22,100.0,1,Starting,1386.49,682.52
1792779360000000000,2026-10-23T18:16:00Z,controller 1,1.32,10.902,94.9,375.85,419.91,0.0,10.42,100.0,3,Starting,1405.51,658.35
1792779420000000000,2026-10-23T18:17:00Z,controller 1,1.3,10.981,152.38,347.92,500.68,0.0,8.88,100.0,1,Starting,1365.64,654.29
1792779480000000000,2026-10-23T18:18:00Z,controller 2,1.254,11.644,124.25,189.47,464.49,0.0,9.85,100.0,1,Starting,1403.81,681.29
1792779540000000000,2026-10-23T18:19:00Z,controller 1,1.294,11.537,-5.78,158.85,399.13,0.0,10.47,100.0,2,Starting,1399.69,652.25
1792779600000000000,2026-10-23T18:20:00Z,controller 2,1.396,10.955,126.17,6.97,102.3,0.0,10.68,100.0,2,Starting,1427.07,647.52
1792779660000000000,2026-10-23T18:21:00Z,free response,1.36,11.487,178.54,269.96,322.8,0.0,11.1,100.0,1,Starting,1406.84,663.56
1792779720000000000,2026-10-23T18:22:00Z,controller 2,1.395,11.09,22.17,256.6,492.16,0.0,11.63,100.0,1,Starting,1381.02,691.51
1792779780000000000,2026-10-23T18:23:00Z,controller 1,1.225,11.235,98.43,121.8,513.14,0.0,7.68,100.0,3,Starting,738.56,634.94
1792779840000000000,2026-10-23T18:24:00Z,controller 1,1.267,11.413,100.63,115.75,82.86,0.0,8.44,100.0,2,Starting,698.05,647.18
1792779900000000000,2026-10-23T18:25:00Z,controller 1,1.376,11.224,73.43,242.79,354.17,0.0,10.78,100.0,1,Starting,1160.12,637.64
1792779960000000000,2026-10-23T18:26:00Z,free response,1.337,11.353,18.59,333.57,538.26,0.0,9.51,100.0,1,Starting,1140.98,650.22
1792780020000000000,2026-10-23T18:27:00Z,controller 1,1.388,11.452,149.29,233.39,416.23,0.0,10.37,100.0,1,Starting,1171.6,650.21
1792780080000000000,2026-10-23T18:28:00Z,controller 2,1.264,11.531,33.53,342.2,136.97,0.0,8.56,100.0,2,Starting,1180.36,622.76
1792780140000000000,2026-10-23T18:29:00Z,free response,1.307,11.479,162.58,159.68,478.05,0.0,9.61,100.0,3,Starting,1191.13,599.55
1792780200000000000,2026-10-23T18:30:00Z,free response,0.641,10.033,18.92,11.48,514.89,0.0,2.25,100.0,1,Starting,757.07,641.07
1792780260000000000,2026-10-23T18:31:00Z,controller 1,0.635,10.173,46.52,193.19,173.53,0.0,2.07,100.0,2,Starting,721.5,642.01
1792780320000000000,2026-10-23T18:32:00Z,controller 1,0.521,9.952,25.64,124.48,272.77,0.0,1.36,100.0,1,Starting,714.84,669.67
1792780380000000000,2026-10-23T18:33:00Z,controller 2,0.549,10.103,171.8,394.14,162.34,0.0,1.52,100.0,3,Starting,699.88,681.13
1792780440000000000,2026-10-23T18:34:00Z,controller 2,0.569,9.995,160.14,327.09,460.18,0.0,1.55,100.0,1,Starting,549.45,591.07
1792780500000000000,2026-10-23T18:35:00Z,controller 1,0.644,10.127,53.0,68.82,282.09,0.0,2.02,100.0,3,Starting,573.67,586.94
1792780560000000000,2026-10-23T18:36:00Z,controller 1,0.509,9.77,79.29,174.29,326.74,0.0,1.19,100.0,3,Starting,554.52,597.55
1792780620000000000,2026-10-23T18:37:00Z,controller 1,0.665,9.83,153.17,302.61,549.18,0.0,2.02,100.0,3,Starting,513.7,602.78
1792780680000000000,2026-10-23T18:38:00Z,controller 2,0.541,10.102,121.08,209.56,563.7,0.0,1.55,100.0,1,Starting,864.4,885.08
1792780740000000000,2026-10-23T18:39:00Z,free response,0.606,9.669,35.19,141.6,511.47,0.0,1.61,100.0,1,Starting,837.15,904.25
1792780800000000000,2026-10-23T18:40:00Z,controller 1,0.57,9.958,50.88,309.15,295.94,0.0,1.58,100.0,1,Starting,828.53,933.12
1792780860000000000,2026-10-23T18:41:00Z,controller 2,0.564,9.711,60.59,73.56,241.1,0.0,1.5,100.0,2,Starting,839.59,953.1
1792780920000000000,2026-10-23T18:42:00Z,free response,0.574,9.709,119.86,94.37,420.19,0.0,1.68,100.0,3,Starting,836.67,978.69
1792780980000000000,2026-10-23T18:43:00Z,controller 1,0.655,9.45,181.8,360.39,113.73,0.0,2.04,100.0,2,Starting,800.5,961.04
1792781040000000000,2026-10-23T18:44:00Z,controller 2,0.648,9.857,52.2,243.07,304.65,0.0,2.04,100.0,1,Starting,819.78,934.49
1792781100000000000,2026-10-23T18:45:00Z,controller 2,0.554,9.903,14.57,191.06,596.25,0.0,1.52,100.0,2,Starting,773.69,964.38
1792781160000000000,2026-10-23T18:46:00Z,controller 1,0.613,9.778,30.77,199.5,536.99,0.0,1.68,100.0,2,Starting,754.2,945.37
1792781220000000000,2026-10-23T18:47:00Z,controller 1,0.527,9.568,37.31,114.17,437.07,0.0,1.26,100.0,3,Starting,780.01,927.41
1792781280000000000,2026-10-23T18:48:00Z,controller 1,0.488,9.6,67.81,208.51,172.95,0.0,1.06,100.0,1,Starting,816.75,924.2
1792781340000000000,2026-10-23T18:49:00Z,controller 2,0.513,9.596,-4.68,438.86,374.68,0.03,1.22,100.0,2,Starting,789.3,897.43
1792781400000000000,2026-10-23T18:50:00Z,free response,0.497,9.68,145.32,354.94,459.8,0.09,1.15,100.0,1,Starting,755.4,873.3
1792781460000000000,2026-10-23T18:51:00Z,free response,0.588,10.067,-10.2,378.58,99.85,0.17,1.89,100.0,3,Starting,791.44,875.22
1792781520000000000,2026-10-23T18:52:00Z,controller 2,0.488,10.074,152.52,268.16,11.56,0.22,1.18,100.0,3,Starting,763.14,897.03
1792781580000000000,2026-10-23T18:53:00Z,free response,0.601,9.872,38.3,371.87,0.35,0.27,1.93,18.13,1,Starting,757.7,914.49
1792781640000000000,2026-10-23T18:54:00Z,controller 1,0.564,10.225,-12.42,389.6,371.87,0.31,1.49,100.0,1,Starting,806.64,939.3
1792781700000000000,2026-10-23T18:55:00Z,controller 1,0.503,9.659,119.52,408.32,498.61,0.37,1.13,100.0,1,Starting,758.35,954.17
1792781760000000000,2026-10-23T18:56:00Z,controller 2,0.573,9.487,164.19,380.74,363.15,0.41,1.4,100.0,1,Starting,772.82,929.99
1792781820000000000,2026-10-23T18:57:00Z,free response,0.536,10.033,110.54,111.18,25.61,0.48,1.3,100.0,1,Starting,725.44,932.82
1792781880000000000,2026-10-23T18:58:00Z,free response,0.663,9.64,50.27,426.13,182.05,0.55,2.08,100.0,3,Starting,747.45,922.24
1792781940000000000,2026-10-23T18:59:00Z,controller 1,0.599,9.559,129.31,446.3,486.31,0.59,1.79,100.0,3,Starting,718.24,928.1
1792782000000000000,2026-10-23T19:00:00Z,controller 2,0.314,10.108,-26.9,178.98,62.94,0.65,0.51,100.0,3,Starting,735.02,911.79
1792782060000000000,2026-10-23T19:01:00Z,free response,0.304,10.004,97.22,33.85,171.12,0.7,0.47,100.0,3,Starting,701.62,898.68
1792782120000000000,2026-10-23T19:02:00Z,free response,0.376,10.296,94.09,302.02,194.76,0.75,0.77,100.0,1,Starting,675.35,901.49
1792782180000000000,2026-10-23T19:03:00Z,free response,0.381,9.704,67.92,101.89,456.69,0.79,0.74,100.0,2,Starting,627.11,923.91
1792782240000000000,2026-10-23T19:04:00Z,controller 2,0.366,10.087,157.93,77.96,216.59,0.86,0.73,100.0,3,Starting,600.08,898.81
1792782300000000000,2026-10-23T19:05:00Z,free response,0.285,9.722,174.1,115.75,87.95,0.94,0.42,100.0,1,Starting,646.12,913.4
1792782360000000000,2026-10-23T19:06:00Z,free response,0.317,10.235,66.19,297.24,157.06,0.99,0.47,100.0,2,Starting,676.02,927.54
1792782420000000000,2026-10-23T19:07:00Z,free response,0.291,10.234,107.42,173.38,409.75,1.02,0.42,100.0,2,Starting,725.56,925.61
1792782480000000000,2026-10-23T19:08:00Z,controller 2,0.317,10.186,52.62,244.6,552.48,1.07,0.49,100.0,3,Starting,738.79,898.47
1792782540000000000,2026-10-23T19:09:00Z,controller 2,0.402,9.826,75.3,86.64,567.3,1.12,0.84,100.0,3,Starting,726.23,878.6
1792782600000000000,2026-10-23T19:10:00Z,controller 1,0.435,10.289,66.75,165.68,566.05,1.16,1.01,100.0,1,Starting,698.48,899.88
1792782660000000000,2026-10-23T19:11:00Z,free response,0.421,10.414,135.95,101.66,533.86,1.19,0.91,100.0,2,Starting,667.81,905.25
1792782720000000000,2026-10-23T19:12:00Z,free response,0.287,9.819,181.07,376.68,42.66,1.26,0.4,100.0,1,Starting,657.31,928.31
1792782780000000000,2026-10-23T19:13:00Z,controller 2,0.346,10.174,-12.95,334.93,540.29,1.34,0.64,100.0,1,Starting,623.02,955.55
1792782840000000000,2026-10-23T19:14:00Z,free response,0.307,9.974,176.43,437.5,303.12,1.42,0.47,100.0,3,Starting,665.28,981.82
1792782900000000000,2026-10-23T19:15:00Z,free response,0.351,9.856,127.85,246.22,375.56,1.48,0.62,100.0,2,Starting,690.37,1000.0
1792782960000000000,2026-10-23T19:16:00Z,free response,0.39,9.917,157.61,90.95,367.72,1.55,0.71,100.0,2,Starting,678.59,989.69
1792783020000000000,2026-10-23T19:17:00Z,controller 2,0.407,10.346,-29.74,197.87,387.66,1.59,0.77,100.0,2,Starting,681.93,999.91
1792783080000000000,2026-10-23T19:18:00Z,free response,0.449,10.43,2.83,291.83,443.8,1.62,1.05,100.0,3,Starting,696.76,1000.0
1792783140000000000,2026-10-23T19:19:00Z,controller 1,0.321,9.8,47.85,107.81,87.02,1.65,0.48,100.0,2,Starting,710.66,1000.0
1792783200000000000,2026-10-23T19:20:00Z,free response,0.322,10.161,164.34,186.4,0.55,1.74,0.49,100.0,2,Starting,697.26,1000.0
1792783260000000000,2026-10-23T19:21:00Z,controller 1,0.456,10.094,162.55,94.61,342.67,1.78,0.96,100.0,2,Starting,732.97,987.37
1792783320000000000,2026-10-23T19:22:00Z,controller 1,0.312,10.149,85.26,283.03,493.05,1.84,0.5,100.0,2,Starting,706.05,968.33
1792783380000000000,2026-10-23T19:23:00Z,free response,0.305,10.298,137.68,310.58,479.87,1.87,0.5,100.0,1,Starting,727.24,946.52
1792783440000000000,2026-10-23T19:24:00Z,free response,0.369,10.152,167.72,115.53,68.49,1.94,0.73,100.0,2,Starting,742.27,928.4
1792783500000000000,2026-10-23T19:25:00Z,controller 1,0.427,10.018,126.33,70.53,272.14,2.01,0.93,100.0,2,Starting,701.08,957.17
1792783560000000000,2026-10-23T19:26:00Z,free response,0.329,9.704,84.06,434.15,216.29,2.08,0.49,100.0,2,Starting,703.35,933.38
1792783620000000000,2026-10-23T19:27:00Z,controller 1,0.345,10.01,153.3,198.64,64.95,2.12,0.54,100.0,1,Starting,712.32,960.64
1792783680000000000,2026-10-23T19:28:00Z,controller 1,0.42,9.886,6.29,229.48,224.36,2.18,0.83,100.0,2,Starting,726.93,942.14
1792783740000000000,2026-10-23T19:29:00Z,free response,0.373,9.759,127.32,63.96,397.21,2.24,0.62,100.0,1,Starting,692.41,949.16
1792783800000000000,2026-10-23T19:30:00Z,controller 2,1.449,8.518,94.4,60.15,78.12,2.27,8.24,100.0,3,Starting,673.97,924.21
1792783860000000000,2026-10-23T19:31:00Z,free response,1.536,8.844,-24.23,57.39,563.67,2.3,9.88,100.0,3,Starting,1074.33,463.91
1792783920000000000,2026-10-23T19:32:00Z,free response,1.432,8.857,111.04,290.92,527.89,2.34,8.44,100.0,2,Starting,1111.17,485.15
1792783980000000000,2026-10-23T19:33:00Z,controller 2,1.454,8.618,32.1,154.01,360.41,2.38,8.92,100.0,2,Starting,1135.17,490.62
1792784040000000000,2026-10-23T19:34:00Z,controller 1,1.538,8.652,12.04,33.06,38.23,2.43,11.18,100.0,2,Starting,1162.05,480.71
1792784100000000000,2026-10-23T19:35:00Z,controller 2,1.578,8.156,124.59,427.44,481.06,2.46,10.44,100.0,3,Starting,1162.27,491.8
1792784160000000000,2026-10-23T19:36:00Z,controller 2,1.487,8.829,128.45,399.48,491.59,2.5,10.51,100.0,1,Starting,1180.25,504.75
1792784220000000000,2026-10-23T19:37:00Z,controller 2,1.577,8.117,70.66,424.75,71.67,2.56,10.07,100.0,2,Starting,1159.06,517.53
1792784280000000000,2026-10-23T19:38:00Z,controller 2,1.517,8.728,120.01,288.19,397.43,2.64,9.94,100.0,1,Starting,1195.98,490.55
1792784340000000000,2026-10-23T19:39:00Z,free response,1.516,8.586,165.6,76.07,306.75,2.7,9.48,100.0,2,Starting,1187.13,487.88
1792784400000000000,2026-10-23T19:40:00Z,controller 2,1.475,8.798,-11.53,429.11,233.1,2.77,9.48,100.0,1,Starting,1198.84,512.1
1792784460000000000,2026-10-23T19:41:00Z,free response,1.556,8.651,157.86,27.4,245.29,2.81,10.52,100.0,2,Starting,1157.16,504.15
1792784520000000000,2026-10-23T19:42:00Z,controller 1,1.566,8.817,25.83,294.6,129.99,2.86,11.17,100.0,2,Starting,1169.86,508.49
1792784580000000000,2026-10-23T19:43:00Z,controller 1,1.54,8.796,64.27,39.72,124.19,2.9,9.65,100.0,1,Starting,1207.19,497.59
1792784640000000000,2026-10-23T19:44:00Z,controller 1,1.436,8.863,12.38,123.73,304.33,2.93,8.82,100.0,2,Starting,1216.33,477.97
1792784700000000000,2026-10-23T19:45:00Z,controller 1,1.534,8.763,22.08,415.19,570.49,3.0,10.01,100.0,1,Starting,1219.94,474.89
1792784760000000000,2026-10-23T19:46:00Z,controller 2,1.552,8.784,82.76,357.9,507.6,3.06,10.09,100.0,3,On,1195.69,480.51
1792784820000000000,2026-10-23T19:47:00Z,controller 2,1.551,8.783,58.88,224.78,87.93,3.1,9.83,100.0,2,On,1159.42,482.73
1792784880000000000,2026-10-23T19:48:00Z,controller 1,1.461,8.876,108.18,381.84,360.05,3.13,9.53,100.0,2,On,1172.28,488.19
1792784940000000000,2026-10-23T19:49:00Z,controller 1,1.464,8.299,6.2,416.92,147.67,3.19,9.66,100.0,1,On,1196.71,486.05
1792785000000000000,2026-10-23T19:50:00Z,controller 2,1.518,8.562,40.09,411.24,551.73,3.27,10.44,100.0,2,On,1162.74,482.09
1792785060000000000,2026-10-23T19:51:00Z,free response,1.44,8.313,94.23,383.75,261.43,3.34,8.44,100.0,1,On,1145.32,483.73
1792785120000000000,2026-10-23T19:52:00Z,controller 2,1.453,8.765,116.04,342.47,423.33,3.4,8.86,100.0,1,On,1189.72,475.45
1792785180000000000,2026-10-23T19:53:00Z,free response,1.504,8.771,102.28,384.29,312.44,3.49,9.69,100.0,1,On,1224.36,448.36
1792785240000000000,2026-10-23T19:54:00Z,free response,1.412,8.571,61.64,205.84,546.28,3.54,7.7,100.0,1,On,1178.18,455.86
1792785300000000000,2026-10-23T19:55:00Z,free response,1.471,8.584,97.41,163.95,456.42,3.63,9.68,100.0,2,On,1130.65,462.77
1792785360000000000,2026-10-23T19:56:00Z,controller 2,1.491,8.267,-26.09,74.52,596.21,3.67,9.28,100.0,3,On,1147.56,444.21
1792785420000000000,2026-10-23T19:57:00Z,controller 2,1.537,8.467,33.29,263.56,93.07,3.7,10.51,100.0,2,On,1158.17,423.26
1792785480000000000,2026-10-23T19:58:00Z,controller 1,1.578,8.656,160.7,49.49,403.12,3.77,10.27,100.0,3,On,1268.7,548.26
1792785540000000000,2026-10-23T19:59:00Z,controller 2,1.494,8.621,59.7,277.08,216.82,3.85,9.95,100.0,1,On,1240.43,538.69
1792785600000000000,2026-10-23T20:00:00Z,free response,1.911,7.39,4.3,389.64,257.47,3.93,14.51,100.0,1,On,1276.99,566.96
1792785660000000000,2026-10-23T20:01:00Z,controller 1,1.969,7.476,59.16,330.24,341.62,4.01,13.39,100.0,2,On,1319.67,552.25
1792785720000000000,2026-10-23T20:02:00Z,free response,1.88,7.859,156.37,12.6,84.35,4.1,12.53,100.0,3,On,1278.97,575.79
1792785780000000000,2026-10-23T20:03:00Z,controller 1,1.912,7.427,192.64,255.52,226.44,4.14,14.0,100.0,3,On,1318.92,586.75
1792785840000000000,2026-10-23T20:04:00Z,controller 2,1.964,7.798,4.43,101.61,322.87,4.18,14.88,100.0,2,On,1317.9,613.45
1792785900000000000,2026-10-23T20:05:00Z,controller 2,1.908,8.048,47.82,391.6,456.1,4.26,13.76,100.0,1,On,1288.35,624.28
1792785960000000000,2026-10-23T20:06:00Z,controller 1,1.979,7.653,26.39,432.96,2.71,4.32,14.43,18.78,2,On,1315.86,627.31
1792786020000000000,2026-10-23T20:07:00Z,free response,1.924,7.553,65.52,257.2,467.98,4.4,14.59,100.0,1,On,1271.79,617.98
1792786080000000000,2026-10-23T20:08:00Z,controller 1,1.949,8.07,132.1,402.58,424.32,4.46,14.73,100.0,3,On,1249.77,588.93
1792786140000000000,2026-10-23T20:09:00Z,controller 1,1.885,7.901,43.89,116.36,479.53,4.54,13.56,100.0,2,On,1248.14,608.41
1792786200000000000,2026-10-23T20:10:00Z,free response,1.884,7.641,104.66,195.25,127.09,4.58,14.62,100.0,2,On,1287.57,579.77
1792786260000000000,2026-10-23T20:11:00Z,controller 2,1.845,8.137,-9.85,276.68,417.91,4.63,13.91,100.0,2,On,1252.73,586.29
1792786320000000000,2026-10-23T20:12:00Z,controller 2,1.845,7.704,112.02,188.89,221.84,4.66,14.27,100.0,3,On,1272.42,568.76
1792786380000000000,2026-10-23T20:13:00Z,free response,1.885,7.382,104.78,269.35,41.66,4.69,12.33,100.0,3,On,1237.84,579.61
1792786440000000000,2026-10-23T20:14:00Z,controller 1,1.969,7.848,59.15,33.06,82.0,4.75,14.6,100.0,2,On,1270.24,594.98
1792786500000000000,2026-10-23T20:15:00Z,controller 1,1.953,7.525,-7.07,233.23,590.05,4.84,13.79,100.0,3,On,1248.63,592.86
1792786560000000000,2026-10-23T20:16:00Z,controller 1,1.907,8.057,50.63,264.25,418.78,4.91,14.13,100.0,1,On,1268.03,594.09
1792786620000000000,2026-10-23T20:17:00Z,controller 2,1.886,7.515,92.97,354.04,39.31,4.94,13.2,100.0,1,On,1280.17,592.03
1792786680000000000,2026-10-23T20:18:00Z,free response,1.842,7.588,-18.05,129.26,205.82,4.97,14.0,100.0,3,On,1317.23,598.47
1792786740000000000,2026-10-23T20:19:00Z,controller 1,1.888,7.903,-9.57,365.29,291.59,5.02,13.66,100.0,2,On,1358.52,570.72
1792786800000000000,2026-10-23T20:20:00Z,controller 2,1.934,7.531,105.51,398.04,22.37,5.09,13.24,100.0,1,On,1373.61,593.25
1792786860000000000,2026-10-23T20:21:00Z,controller 1,1.831,8.111,145.97,228.81,259.81,5.14,12.59,100.0,1,On,1378.32,616.19
1792786920000000000,2026-10-23T20:22:00Z,free response,1.972,7.853,-8.35,198.11,493.25,5.17,16.09,100.0,2,On,1408.84,644.01
1792786980000000000,2026-10-23T20:23:00Z,controller 2,1.873,7.919,75.41,365.96,48.51,5.26,12.82,100.0,2,On,1442.12,625.98
1792787040000000000,2026-10-23T20:24:00Z,controller 2,1.854,7.526,18.65,164.48,507.09,5.32,12.61,100.0,3,On,1429.9,600.0
1792787100000000000,2026-10-23T20:25:00Z,controller 2,1.933,7.663,126.33,262.72,562.41,5.38,14.95,100.0,3,On,1412.36,594.81
1792787160000000000,2026-10-23T20:26:00Z,free response,1.907,8.05,165.03,60.48,336.01,5.42,13.64,100.0,3,On,1367.5,595.61
1792787220000000000,2026-10-23T20:27:00Z,controller 1,1.898,7.735,78.92,116.65,162.83,5.47,14.02,100.0,1,On,1361.94,566.81
1792787280000000000,2026-10-23T20:28:00Z,controller 2,1.874,7.476,94.88,253.36,355.34,5.56,14.42,100.0,3,On,1337.64,562.48
1792787340000000000,2026-10-23T20:29:00Z,controller 2,1.827,7.968,-24.74,91.22,410.53,5.59,12.49,100.0,2,On,1312.78,561.08
1792787400000000000,2026-10-23T20:30:00Z,controller 2,3,12.802,76.03,317.17,276.95,5.62,61.41,100.0,1,On,1271.62,584.32
1792787460000000000,2026-10-23T20:31:00Z,free response,2.994,12.641,1.09,146.21,446.11,5.69,53.86,100.0,3,On,1224.05,574.37
1792787520000000000,2026-10-23T20:32:00Z,controller 1,2.931,12.96,9.68,270.86,97.91,5.74,60.04,100.0,1,On,1187.27,602.85
1792787580000000000,2026-10-23T20:33:00Z,controller 1,2.88,12.574,161.83,126.28,171.95,5.8,49.67,100.0,1,On,1207.65,572.91
1792787640000000000,2026-10-23T20:34:00Z,controller 2,3,13.244,191.92,275.66,297.65,5.89,59.66,100.0,1,On,1255.64,587.96
1792787700000000000,2026-10-23T20:35:00Z,controller 2,2.884,13.206,133.4,75.3,233.61,5.95,54.34,100.0,2,On,1231.11,567.15
1792787760000000000,2026-10-23T20:36:00Z,free response,2.945,12.782,112.89,73.15,193.35,6.04,59.4,100.0,2,On,1208.2,558.54
1792787820000000000,2026-10-23T20:37:00Z,controller 1,2.892,13.147,0.88,275.74,218.11,6.12,58.39,100.0,2,On,1211.1,539.98
1792787880000000000,2026-10-23T20:38:00Z,controller 1,3,12.487,157.11,208.42,533.18,6.19,59.85,100.0,1,On,1186.71,554.35
1792787940000000000,2026-10-23T20:39:00Z,controller 1,2.957,13.089,145.15,412.22,225.77,6.27,57.52,100.0,1,On,1182.85,569.94
1792788000000000000,2026-10-23T20:40:00Z,controller 2,3,13.017,-21.66,111.78,243.34,6.35,61.92,100.0,3,On,1188.06,547.25
1792788060000000000,2026-10-23T20:41:00Z,controller 1,2.878,13.221,109.87,402.53,58.69,6.39,53.62,100.0,2,On,1172.47,532.43
1792788120000000000,2026-10-23T20:42:00Z,controller 1,2.935,12.876,196.12,263.81,137.29,6.43,53.94,100.0,1,On,1159.42,530.52
1792788180000000000,2026-10-23T20:43:00Z,controller 2,2.996,12.894,165.49,263.36,214.51,6.45,53.86,100.0,3,On,1194.92,544.98
1792788240000000000,2026-10-23T20:44:00Z,free response,3,13.093,47.2,449.21,43.53,6.49,59.2,73.53,1,On,1196.98,528.72
1792788300000000000,2026-10-23T20:45:00Z,controller 1,2.882,12.702,98.26,88.45,55.25,6.52,53.58,100.0,2,On,1210.06,540.2
1792788360000000000,2026-10-23T20:46:00Z,controller 2,2.937,12.73,-8.48,68.83,595.99,6.6,50.43,100.0,2,On,1197.09,543.7
1792788420000000000,2026-10-23T20:47:00Z,controller 2,3,13.217,144.9,211.21,14.68,6.63,56.7,25.89,2,On,1237.5,563.91
1792788480000000000,2026-10-23T20:48:00Z,controller 2,2.926,13.094,97.25,368.18,76.84,6.71,54.17,100.0,2,On,1219.28,551.93
1792788540000000000,2026-10-23T20:49:00Z,controller 1,2.927,12.561,156.09,413.84,7.37,6.77,51.15,14.41,3,On,1230.35,579.59
1792788600000000000,2026-10-23T20:50:00Z,controller 2,2.953,12.813,67.29,405.27,291.32,6.85,60.95,100.0,3,On,1263.38,589.95
1792788660000000000,2026-10-23T20:51:00Z,controller 1,2.987,12.664,141.57,273.67,36.41,6.91,60.56,60.12,2,On,1233.64,608.42
1792788720000000000,2026-10-23T20:52:00Z,controller 2,3,13.141,127.36,24.62,491.63,6.96,55.14,100.0,1,On,1243.37,611.51
1792788780000000000,2026-10-23T20:53:00Z,controller 1,2.942,13.191,85.5,233.39,187.6,7.03,53.32,100.0,2,On,1280.97,583.75
1792788840000000000,2026-10-23T20:54:00Z,controller 2,2.956,12.779,22.52,100.75,288.15,7.07,61.18,100.0,3,On,1240.57,569.29
1792788900000000000,2026-10-23T20:55:00Z,controller 2,3,12.825,83.25,364.61,563.85,7.13,56.24,100.0,3,On,1284.79,553.87
1792788960000000000,2026-10-23T20:56:00Z,controller 2,2.95,12.541,133.46,73.66,439.14,7.17,56.99,100.0,3,On,1274.25,562.2
1792789020000000000,2026-10-23T20:57:00Z,controller 2,2.875,12.569,102.16,71.19,34.76,7.22,49.12,70.77,3,On,1300.62,538.66
1792789080000000000,2026-10-23T20:58:00Z,controller 1,3,13.231,31.88,360.87,477.35,7.27,63.36,100.0,1,On,1346.56,567.77
1792789140000000000,2026-10-23T20:59:00Z,controller 2,2.962,12.672,113.65,150.03,578.18,7.31,51.26,100.0,1,On,1340.81,591.74
1792789200000000000,2026-10-23T21:00:00Z,controller 2,0.505,5.303,74.81,442.61,213.51,7.34,0.71,100.0,2,On,1317.91,577.3
1792789260000000000,2026-10-23T21:01:00Z,controller 1,0.62,5.577,4.28,135.46,81.64,7.36,0.98,100.0,2,On,1357.79,586.38
1792789320000000000,2026-10-23T21:02:00Z,controller 2,0.58,5.563,-17.19,144.28,310.95,7.43,0.87,100.0,1,On,1356.53,570.41
1792789380000000000,2026-10-23T21:03:00Z,controller 2,0.607,5.457,188.82,161.87,220.74,7.48,1.06,100.0,3,On,1457.85,485.84
1792789440000000000,2026-10-23T21:04:00Z,controller 2,0.54,5.544,93.0,54.08,291.74,7.53,0.85,100.0,2,On,1427.39,469.06
1792789500000000000,2026-10-23T21:05:00Z,controller 1,0.518,5.536,121.47,371.8,25.58,7.59,0.76,100.0,1,On,1418.15,470.27
1792789560000000000,2026-10-23T21:06:00Z,controller 2,0.609,5.361,-14.04,15.83,272.43,7.65,1.05,100.0,1,On,1452.07,491.51
1792789620000000000,2026-10-23T21:07:00Z,free response,0.542,5.661,21.67,146.21,81.07,7.73,0.84,100.0,3,On,1414.95,466.57
1792789680000000000,2026-10-23T21:08:00Z,controller 2,0.576,5.881,-17.6,368.24,158.27,7.76,1.03,100.0,2,On,1432.72,436.84
1792789740000000000,2026-10-23T21:09:00Z,free response,0.6,5.946,58.6,120.92,82.37,7.84,1.13,100.0,1,On,1435.25,407.2
1792789800000000000,2026-10-23T21:10:00Z,controller 1,0.534,5.523,-15.86,308.91,354.52,7.88,0.85,100.0,3,On,1403.18,432.08
1792789860000000000,2026-10-23T21:11:00Z,controller 2,0.545,5.381,97.76,229.22,150.23,7.9,0.86,100.0,3,On,1382.08,442.69
1792789920000000000,2026-10-23T21:12:00Z,controller 2,0.52,5.881,-4.21,326.86,584.89,7.95,0.73,100.0,3,On,1405.02,417.12
1792789980000000000,2026-10-23T21:13:00Z,free response,0.6,5.389,13.14,85.76,264.8,8.03,0.98,100.0,1,On,1398.0,445.6
1792790040000000000,2026-10-23T21:14:00Z,free response,0.507,5.972,67.7,292.32,136.89,8.08,0.84,100.0,1,On,1353.79,430.11
1792790100000000000,2026-10-23T21:15:00Z,controller 2,0.54,5.587,174.63,9.59,138.15,8.17,0.86,100.0,1,On,1357.41,408.72
1792790160000000000,2026-10-23T21:16:00Z,controller 1,0.526,5.392,20.37,181.23,512.47,8.23,0.73,100.0,1,On,1347.45,429.31
1792790220000000000,2026-10-23T21:17:00Z,controller 1,0.651,5.816,17.22,64.77,594.1,8.31,1.33,100.0,1,On,1381.3,434.57
1792790280000000000,2026-10-23T21:18:00Z,controller 1,0.612,5.819,28.95,5.59,122.55,8.36,1.07,100.0,1,On,1398.21,419.59
1792790340000000000,2026-10-23T21:19:00Z,free response,0.66,5.512,76.71,45.14,72.03,8.45,1.17,100.0,2,On,1392.0,433.72
1792790400000000000,2026-10-23T21:20:00Z,controller 2,0.519,5.744,44.37,209.14,294.29,8.48,0.78,100.0,2,On,1435.89,406.24
1792790460000000000,2026-10-23T21:21:00Z,free response,0.647,5.417,133.95,258.57,547.83,8.54,1.11,100.0,3,On,1481.58,403.33
1792790520000000000,2026-10-23T21:22:00Z,controller 2,0.598,5.947,-10.49,422.21,190.01,8.62,1.0,100.0,1,On,1437.17,387.99
1792790580000000000,2026-10-23T21:23:00Z,free response,0.519,5.616,172.08,89.46,77.81,8.67,0.78,100.0,1,On,1480.53,413.38
1792790640000000000,2026-10-23T21:24:00Z,controller 2,0.514,5.865,164.58,2.03,573.23,8.75,0.83,100.0,1,On,1466.44,398.15
1792790700000000000,2026-10-23T21:25:00Z,controller 1,0.507,5.989,31.89,108.98,5.71,8.84,0.71,100.0,1,On,1489.59,407.05
1792790760000000000,2026-10-23T21:26:00Z,controller 2,0.67,5.768,93.13,231.56,481.04,8.9,1.23,100.0,3,On,1482.5,413.98
1792790820000000000,2026-10-23T21:27:00Z,controller 2,0.581,5.546,182.39,449.38,121.3,8.96,0.9,100.0,2,On,1500.0,384.06
1792790880000000000,2026-10-23T21:28:00Z,free response,0.628,6.003,143.59,368.18,48.77,8.99,1.15,100.0,3,On,1478.99,354.18
1792790940000000000,2026-10-23T21:29:00Z,free response,0.611,5.802,72.54,220.1,395.26,9.08,1.11,100.0,2,On,1491.0,350.44
1792791000000000000,2026-10-23T21:30:00Z,controller 1,1.999,13.464,126.73,368.18,47.44,9.16,27.96,100.0,3,On,1484.9,345.43
1792791060000000000,2026-10-23T21:31:00Z,controller 2,2.142,13.369,-25.51,78.44,423.67,9.21,30.89,100.0,2,On,1452.89,368.91
1792791120000000000,2026-10-23T21:32:00Z,controller 1,2.127,13.279,53.17,63.63,100.56,9.27,31.89,100.0,1,On,1499.9,384.38
1792791180000000000,2026-10-23T21:33:00Z,controller 2,2.142,13.618,148.8,60.45,90.42,9.34,29.45,100.0,2,On,1483.36,367.41
1792791240000000000,2026-10-23T21:34:00Z,controller 1,1.986,13.094,-12.38,31.12,507.92,9.43,27.81,100.0,3,On,1433.94,348.02
1792791300000000000,2026-10-23T21:35:00Z,free response,2.096,13.194,132.89,448.27,583.16,9.48,26.25,100.0,3,On,1473.69,323.2
1792791360000000000,2026-10-23T21:36:00Z,free response,2.052,13.349,147.37,253.13,183.97,9.51,27.73,100.0,3,On,1440.1,316.89
1792791420000000000,2026-10-23T21:37:00Z,controller 2,2.073,13.482,194.51,264.5,72.82,9.59,30.81,100.0,1,On,1395.09,289.39
1792791480000000000,2026-10-23T21:38:00Z,controller 2,2.071,13.152,22.85,128.25,390.16,9.64,30.63,100.0,3,On,1423.63,296.49
1792791540000000000,2026-10-23T21:39:00Z,controller 2,2.018,13.402,43.09,84.03,536.24,9.71,28.49,100.0,2,On,1441.6,292.44
1792791600000000000,2026-10-23T21:40:00Z,controller 1,2.09,13.255,101.66,296.84,324.84,9.78,27.61,100.0,2,On,1468.84,304.96
1792791660000000000,2026-10-23T21:41:00Z,free response,2.138,12.952,30.73,150.05,157.45,9.84,29.35,100.0,3,On,1500.0,333.26
1792791720000000000,2026-10-23T21:42:00Z,controller 2,2.076,13.459,190.57,241.35,361.0,9.9,26.61,100.0,1,On,993.34,647.83
1792791780000000000,2026-10-23T21:43:00Z,controller 1,2.015,13.022,-10.02,93.7,88.68,9.97,27.62,100.0,3,On,1021.54,660.75
1792791840000000000,2026-10-23T21:44:00Z,free response,2.005,12.92,147.14,251.78,429.87,10.0,27.5,100.0,3,On,1007.43,683.01
1792791900000000000,2026-10-23T21:45:00Z,controller 2,2.073,13.31,86.1,20.86,252.4,10.07,27.92,100.0,2,On,1354.45,921.87
1792791960000000000,2026-10-23T21:46:00Z,free response,2.041,13.238,133.61,124.1,27.14,10.13,27.66,98.12,3,On,1353.0,895.09
1792792020000000000,2026-10-23T21:47:00Z,free response,2.107,12.969,17.28,167.24,345.89,10.19,30.81,100.0,2,On,1323.45,890.29
1792792080000000000,2026-10-23T21:48:00Z,controller 2,2.099,12.93,29.64,227.28,43.96,10.24,30.5,100.0,1,On,1273.47,898.4
1792792140000000000,2026-10-23T21:49:00Z,free response,2.038,13.191,-8.5,88.76,29.87,10.32,29.02,100.0,1,On,1315.61,915.47
1792792200000000000,2026-10-23T21:50:00Z,controller 2,2.04,13.458,121.99,15.95,503.74,10.41,28.04,100.0,3,On,1330.75,922.52
1792792260000000000,2026-10-23T21:51:00Z,controller 2,1.985,13.195,75.56,395.17,296.12,10.43,27.1,100.0,1,On,1295.03,949.78
1792792320000000000,2026-10-23T21:52:00Z,controller 1,1.989,13.569,185.68,290.3,204.96,10.49,29.08,100.0,2,On,1278.0,970.25
1792792380000000000,2026-10-23T21:53:00Z,controller 2,2.081,12.993,83.54,260.28,328.5,10.53,25.54,100.0,2,On,1260.72,955.38
1792792440000000000,2026-10-23T21:54:00Z,controller 1,2.108,12.993,89.26,446.8,533.25,10.57,28.74,100.0,1,On,1246.88,940.1
1792792500000000000,2026-10-23T21:55:00Z,controller 1,2.001,13.592,186.97,355.34,98.46,10.62,25.09,100.0,3,On,1253.04,963.71
1792792560000000000,2026-10-23T21:56:00Z,controller 1,1.998,13.332,14.0,378.91,428.78,10.66,26.53,100.0,2,On,1296.19,981.45
1792792620000000000,2026-10-23T21:57:00Z,controller 2,2.02,13.617,172.9,24.02,215.03,10.71,27.23,100.0,2,On,1336.74,997.44
1792792680000000000,2026-10-23T21:58:00Z,controller 2,1.973,13.445,173.05,141.0,493.32,10.76,28.74,100.0,3,On,1327.9,974.17
1792792740000000000,2026-10-23T21:59:00Z,controller 2,1.989,13.099,-26.78,372.05,284.34,10.8,23.46,100.0,1,On,1368.34,968.17
1792792800000000000,2026-10-23T22:00:00Z,controller 2,2.001,13.257,130.52,67.49,224.76,10.86,25.66,100.0,1,On,1383.05,996.88
1792792860000000000,2026-10-23T22:01:00Z,controller 1,1.974,12.932,129.96,283.9,225.06,10.92,26.25,100.0,2,On,1364.45,1000.0
1792792920000000000,2026-10-23T22:02:00Z,controller 2,2.077,13.237,117.16,410.14,99.43,10.98,26.16,100.0,2,On,1344.43,1000.0
1792792980000000000,2026-10-23T22:03:00Z,free response,1.97,13.339,106.27,337.33,385.63,11.03,23.86,100.0,2,On,1391.32,983.82
1792793040000000000,2026-10-23T22:04:00Z,free response,1.942,13.279,42.53,142.62,437.12,11.07,25.16,100.0,1,On,1415.63,994.86
1792793100000000000,2026-10-23T22:05:00Z,free response,1.993,13.382,41.2,254.53,186.59,11.09,26.35,100.0,3,On,1398.32,980.76
1792793160000000000,2026-10-23T22:06:00Z,controller 1,1.925,13.332,42.76,185.58,431.86,11.13,22.62,100.0,3,On,1413.56,961.35
1792793220000000000,2026-10-23T22:07:00Z,free response,1.989,12.979,106.2,226.43,196.07,11.2,26.04,100.0,2,On,1117.34,713.05
1792793280000000000,2026-10-23T22:08:00Z,controller 1,1.991,13.179,168.88,245.84,183.46,11.24,24.71,100.0,2,On,1116.3,733.74
1792793340000000000,2026-10-23T22:09:00Z,controller 2,1.923,13.393,-10.57,375.86,262.51,11.28,24.88,100.0,3,On,1152.21,720.52
1792793400000000000,2026-10-23T22:10:00Z,free response,1.907,13.605,24.82,281.12,399.34,11.31,25.63,100.0,2,On,1194.41,710.31
1792793460000000000,2026-10-23T22:11:00Z,controller 1,2.053,13.205,157.4,305.43,58.85,11.36,30.02,100.0,2,On,1147.5,693.36
1792793520000000000,2026-10-23T22:12:00Z,controller 2,1.985,13.513,118.21,86.94,500.1,11.43,26.04,100.0,1,On,1122.75,710.59
1792793580000000000,2026-10-23T22:13:00Z,controller 2,1.973,13.256,149.79,347.7,41.94,11.47,23.99,100.0,2,On,1123.89,728.41
1792793640000000000,2026-10-23T22:14:00Z,controller 2,2.033,13.231,73.11,14.9,5.85,11.52,26.82,21.81,3,On,1159.41,714.59
1792793700000000000,2026-10-23T22:15:00Z,free response,1.995,13.395,120.57,184.22,145.89,11.54,26.46,100.0,2,On,1205.37,709.57
1792793760000000000,2026-10-23T22:16:00Z,free response,1.927,12.91,109.29,306.8,12.37,11.6,26.02,47.54,2,On,1215.31,732.23
1792793820000000000,2026-10-23T22:17:00Z,free response,1.954,13.111,47.38,50.49,408.48,11.68,26.41,100.0,2,On,1231.9,737.2
1792793880000000000,2026-10-23T22:18:00Z,controller 1,1.926,12.881,155.35,308.68,330.11,11.75,23.0,100.0,2,On,1198.34,708.15
1792793940000000000,2026-10-23T22:19:00Z,controller 2,1.916,13.202,-16.7,362.04,133.21,11.81,25.46,100.0,3,On,1215.51,684.37
1792794000000000000,2026-10-23T22:20:00Z,free response,2.065,13.01,114.8,447.13,144.26,11.85,26.27,100.0,2,On,1177.24,675.47
1792794060000000000,2026-10-23T22:21:00Z,free response,2.057,13.45,121.15,416.1,436.58,11.94,31.08,100.0,3,On,1212.0,698.79
1792794120000000000,2026-10-23T22:22:00Z,controller 2,2.038,13.312,65.76,404.11,434.64,11.98,28.62,100.0,2,Starting,1235.2,668.84
1792794180000000000,2026-10-23T22:23:00Z,controller 1,1.962,12.877,125.61,400.1,563.81,12.02,27.14,100.0,3,Starting,1242.31,673.48
1792794240000000000,2026-10-23T22:24:00Z,controller 2,1.993,13.236,24.65,41.43,576.89,12.09,24.7,100.0,1,Starting,1271.11,666.66
1792794300000000000,2026-10-23T22:25:00Z,controller 1,2.059,13.328,135.91,0.95,320.33,12.15,29.46,100.0,2,Starting,1272.58,683.97
1792794360000000000,2026-10-23T22:26:00Z,controller 2,1.93,13.376,149.17,362.69,18.74,12.17,26.37,71.07,1,Starting,1296.57,669.46
1792794420000000000,2026-10-23T22:27:00Z,free response,1.991,13.178,-28.9,240.11,457.76,12.26,28.05,100.0,3,Starting,1253.18,679.05
1792794480000000000,2026-10-23T22:28:00Z,controller 1,2.07,13.096,170.61,146.27,523.48,12.31,27.12,100.0,3,Starting,1269.04,673.03
1792794540000000000,2026-10-23T22:29:00Z,controller 1,1.936,13.597,80.79,267.23,546.81,12.39,27.05,100.0,3,Starting,1292.99,682.44
1792794600000000000,2026-10-23T22:30:00Z,controller 1,1.248,6.577,173.91,214.84,89.29,12.42,5.47,100.0,2,Starting,1256.28,686.35
1792794660000000000,2026-10-23T22:31:00Z,free response,1.344,6.958,35.2,296.5,233.47,12.48,5.79,100.0,1,Starting,1268.13,664.07
1792794720000000000,2026-10-23T22:32:00Z,controller 1,1.311,7.015,143.62,307.22,438.75,12.53,6.61,100.0,1,Starting,1292.29,655.61
1792794780000000000,2026-10-23T22:33:00Z,free response,1.369,7.139,105.21,313.44,429.33,12.57,6.28,100.0,3,Starting,1260.04,677.06
1792794840000000000,2026-10-23T22:34:00Z,controller 1,1.377,7.294,195.07,192.8,144.75,12.61,6.82,100.0,3,Starting,1261.36,687.78
1792794900000000000,2026-10-23T22:35:00Z,free response,1.225,7.053,-9.72,399.81,553.45,12.66,5.29,100.0,3,Starting,1261.14,694.01
1792794960000000000,2026-10-23T22:36:00Z,controller 1,1.333,6.68,130.76,21.91,594.31,12.7,6.02,100.0,2,Starting,1214.31,694.33
1792795020000000000,2026-10-23T22:37:00Z,controller 2,1.248,6.688,-3.53,172.04,364.08,12.77,5.65,100.0,2,Starting,1257.51,706.89
1792795080000000000,2026-10-23T22:38:00Z,controller 1,1.276,6.531,163.49,274.9,482.22,12.83,5.78,100.0,2,Starting,1290.7,700.34
1792795140000000000,2026-10-23T22:39:00Z,free response,1.301,7.088,79.89,378.21,592.32,12.9,6.19,100.0,3,Starting,1255.29,707.07
1792795200000000000,2026-10-23T22:40:00Z,free response,1.267,7.271,174.45,20.16,509.19,12.99,5.66,100.0,2,Starting,1297.53,721.37
1792795260000000000,2026-10-23T22:41:00Z,controller 1,1.327,6.536,68.3,272.77,458.56,13.07,5.79,100.0,1,Starting,1255.67,741.74
1792795320000000000,2026-10-23T22:42:00Z,controller 1,1.283,6.735,128.98,187.12,223.28,13.13,5.34,100.0,3,Starting,1214.39,769.36
1792795380000000000,2026-10-23T22:43:00Z,controller 1,1.26,6.91,40.23,212.11,547.44,13.22,5.67,100.0,3,Starting,1259.92,790.14
1792795440000000000,2026-10-23T22:44:00Z,free response,1.336,6.964,114.4,211.79,568.44,13.3,6.11,100.0,2,Starting,1264.38,809.45
1792795500000000000,2026-10-23T22:45:00Z,controller 1,1.307,7.078,192.63,105.95,167.44,13.34,5.93,100.0,2,Starting,1230.06,801.93
1792795560000000000,2026-10-23T22:46:00Z,controller 1,1.291,6.768,54.28,20.66,74.12,13.37,5.6,100.0,1,Starting,1189.39,817.62
1792795620000000000,2026-10-23T22:47:00Z,controller 1,1.239,7.19,172.56,152.59,165.75,13.4,5.47,100.0,2,Starting,1175.3,842.19
1792795680000000000,2026-10-23T22:48:00Z,controller 1,1.233,6.944,105.21,418.87,248.68,13.45,5.33,100.0,2,Starting,1220.65,835.24
1792795740000000000,2026-10-23T22:49:00Z,controller 1,1.271,6.539,29.0,65.98,533.32,13.51,4.95,100.0,2,Starting,1236.78,815.07
1792795800000000000,2026-10-23T22:50:00Z,free response,1.235,6.56,150.71,446.69,285.67,13.57,5.45,100.0,1,Starting,1194.08,818.02
1792795860000000000,2026-10-23T22:51:00Z,controller 1,1.232,6.805,48.13,164.82,24.39,13.64,5.62,100.0,3,Starting,1206.4,845.33
1792795920000000000,2026-10-23T22:52:00Z,controller 1,1.357,7.103,43.12,294.13,315.04,13.7,5.98,100.0,3,Starting,1172.31,620.83
1792795980000000000,2026-10-23T22:53:00Z,controller 2,1.35,6.848,159.84,139.39,198.96,13.79,6.28,100.0,3,Starting,1206.98,618.31
1792796040000000000,2026-10-23T22:54:00Z,controller 1,1.231,6.94,77.5,369.61,341.27,13.82,5.64,100.0,2,Starting,1242.9,612.96
1792796100000000000,2026-10-23T22:55:00Z,free response,1.243,6.74,166.77,211.42,79.98,13.86,5.68,100.0,1,Starting,1231.63,630.41
1792796160000000000,2026-10-23T22:56:00Z,controller 1,1.309,7.169,-9.15,277.85,304.38,13.91,6.38,100.0,1,Starting,1218.34,635.22
1792796220000000000,2026-10-23T22:57:00Z,controller 2,1.383,7.12,-12.42,407.22,100.83,13.98,7.35,100.0,2,Starting,1003.96,914.12
1792796280000000000,2026-10-23T22:58:00Z,controller 2,1.222,6.776,136.75,112.29,153.99,14.02,4.58,100.0,2,Starting,1042.58,907.52
1792796340000000000,2026-10-23T22:59:00Z,free response,1.227,7.298,141.3,113.72,515.74,14.09,5.72,100.0,2,Starting,1009.5,883.25
1792796400000000000,2026-10-23T23:00:00Z,controller 2,1.071,6.788,81.34,156.45,540.78,14.17,4.16,100.0,3,Starting,1014.9,888.23
1792796460000000000,2026-10-23T23:01:00Z,free response,1.1,6.834,199.88,240.73,290.9,14.23,3.88,100.0,2,Starting,591.93,900.66
1792796520000000000,2026-10-23T23:02:00Z,controller 1,1.162,6.573,-23.1,104.95,599.32,14.28,4.71,100.0,1,Starting,617.45,897.2
1792796580000000000,2026-10-23T23:03:00Z,controller 2,1.142,6.82,62.8,420.65,35.64,14.37,4.7,100.0,2,Starting,963.25,798.41
1792796640000000000,2026-10-23T23:04:00Z,free response,1.179,6.56,11.62,36.33,366.61,14.4,4.7,100.0,2,Starting,966.25,816.67
1792796700000000000,2026-10-23T23:05:00Z,controller 2,1.231,6.836,-7.35,379.39,260.52,14.48,5.46,100.0,3,Starting,965.22,795.24
1792796760000000000,2026-10-23T23:06:00Z,controller 1,1.099,7.107,19.99,251.86,200.7,14.54,4.65,100.0,3,Starting,988.26,794.43
1792796820000000000,2026-10-23T23:07:00Z,controller 2,1.156,6.856,190.99,282.68,177.1,14.57,4.64,100.0,2,Starting,1021.31,799.85
1792796880000000000,2026-10-23T23:08:00Z,controller 2,1.129,6.862,130.44,224.04,218.7,14.6,4.34,100.0,3,Starting,990.91,823.87
1792796940000000000,2026-10-23T23:09:00Z,free response,1.12,6.843,19.0,241.79,202.74,14.67,4.56,100.0,1,Starting,1014.9,802.37
1792797000000000000,2026-10-23T23:10:00Z,controller 1,1.174,6.925,198.08,141.02,158.8,14.72,4.84,100.0,3,Starting,965.45,796.11
1792797060000000000,2026-10-23T23:11:00Z,free response,1.215,7.278,197.84,433.09,458.42,14.76,5.17,100.0,1,Starting,968.45,816.03
1792797120000000000,2026-10-23T23:12:00Z,controller 2,1.084,6.538,67.0,162.81,527.3,14.83,4.08,100.0,2,Starting,751.67,521.75
1792797180000000000,2026-10-23T23:13:00Z,free response,1.07,7.019,-12.75,404.31,401.67,14.87,4.23,100.0,1,On,745.19,513.9
1792797240000000000,2026-10-23T23:14:00Z,controller 2,1.223,6.929,145.93,113.68,318.3,14.94,4.82,100.0,2,On,702.47,523.46
1792797300000000000,2026-10-23T23:15:00Z,free response,1.078,7.082,68.91,126.62,350.26,14.97,4.39,100.0,2,On,677.07,499.79
1792797360000000000,2026-10-23T23:16:00Z,controller 1,1.16,7.229,-3.27,446.3,190.92,14.99,4.42,100.0,3,On,633.99,502.31
1792797420000000000,2026-10-23T23:17:00Z,free response,1.224,6.514,50.82,72.51,587.28,15.06,4.4,100.0,1,On,606.34,481.21
1792797480000000000,2026-10-23T23:18:00Z,controller 1,1.19,7.045,181.97,260.32,426.93,15.09,4.84,100.0,3,On,563.78,479.15
1792797540000000000,2026-10-23T23:19:00Z,controller 1,1.19,6.643,118.12,250.0,477.77,15.11,4.5,100.0,2,On,598.3,459.52
1792797600000000000,2026-10-23T23:20:00Z,controller 1,1.211,7.013,198.13,124.26,470.87,15.16,5.66,100.0,3,On,560.97,443.58
1792797660000000000,2026-10-23T23:21:00Z,controller 1,1.156,7.199,149.56,354.22,475.55,15.21,5.0,100.0,2,On,535.06,424.74
1792797720000000000,2026-10-23T23:22:00Z,controller 2,1.114,6.994,68.65,265.53,112.38,15.28,4.31,100.0,1,On,536.41,395.15
1792797780000000000,2026-10-23T23:23:00Z,controller 1,1.111,6.701,180.64,117.73,183.31,15.35,3.99,100.0,1,On,570.05,372.69
1792797840000000000,2026-10-23T23:24:00Z,controller 2,1.176,6.721,186.16,350.27,257.52,15.41,4.42,100.0,1,On,544.52,396.66
1792797900000000000,2026-10-23T23:25:00Z,controller 1,1.142,6.977,126.18,287.06,523.77,15.45,4.15,100.0,3,On,546.52,411.41
1792797960000000000,2026-10-23T23:26:00Z,controller 1,1.213,7.203,51.21,332.04,301.95,15.48,4.84,100.0,1,On,578.84,428.01
1792798020000000000,2026-10-23T23:27:00Z,free response,1.209,6.573,-26.89,99.18,250.32,15.51,5.24,100.0,1,On,559.96,435.18
1792798080000000000,2026-10-23T23:28:00Z,controller 1,1.15,6.973,145.37,197.13,119.78,15.55,4.6,100.0,3,On,571.55,408.45
1792798140000000000,2026-10-23T23:29:00Z,free response,1.125,6.898,19.63,34.43,159.82,15.58,4.12,100.0,3,On,536.75,392.49
1792798200000000000,2026-10-23T23:30:00Z,free response,2.505,3.703,-29.45,176.65,324.16,15.63,12.17,100.0,2,On,585.97,396.28
1792798260000000000,2026-10-23T23:31:00Z,controller 1,2.39,3.752,39.96,389.18,412.98,15.69,10.07,100.0,1,On,602.98,404.19
1792798320000000000,2026-10-23T23:32:00Z,free response,2.497,3.74,32.06,67.61,530.56,15.77,11.24,100.0,1,On,560.91,420.49
1792798380000000000,2026-10-23T23:33:00Z,free response,2.379,3.765,116.4,192.47,590.9,15.81,9.82,100.0,1,On,595.48,404.02
1792798440000000000,2026-10-23T23:34:00Z,controller 1,2.4,3.44,36.75,27.71,467.59,15.85,9.09,100.0,2,On,588.63,421.84
1792798500000000000,2026-10-23T23:35:00Z,controller 1,2.382,3.925,176.95,285.8,3.08,15.91,11.54,26.69,2,On,610.84,418.77
1792798560000000000,2026-10-23T23:36:00Z,free response,2.371,3.956,188.11,194.66,429.94,15.99,10.3,100.0,1,On,619.62,401.99
1792798620000000000,2026-10-23T23:37:00Z,controller 1,2.405,3.893,22.53,377.79,290.85,16.03,11.81,100.0,1,On,627.47,420.58
1792798680000000000,2026-10-23T23:38:00Z,controller 2,2.357,4.009,190.67,353.33,163.98,16.09,10.46,100.0,1,On,851.03,450.19
1792798740000000000,2026-10-23T23:39:00Z,controller 2,2.375,4.098,101.9,171.39,467.59,16.17,10.97,100.0,2,On,885.46,433.94
1792798800000000000,2026-10-23T23:40:00Z,controller 1,2.356,4.106,195.21,170.3,439.92,16.25,10.3,100.0,3,On,900.95,416.58
1792798860000000000,2026-10-23T23:41:00Z,controller 2,2.456,3.829,87.31,320.11,538.36,16.31,11.83,100.0,1,On,873.24,432.08
1792798920000000000,2026-10-23T23:42:00Z,controller 1,2.335,3.451,12.52,32.13,331.79,16.37,10.32,100.0,2,On,861.01,403.73
1792798980000000000,2026-10-23T23:43:00Z,controller 2,2.472,3.816,47.35,427.3,469.85,16.35,11.21,100.0,2,On,834.79,383.95
1792799040000000000,2026-10-23T23:44:00Z,controller 1,2.339,3.385,150.35,140.51,43.27,16.33,8.85,100.0,2,On,848.26,359.12
1792799100000000000,2026-10-23T23:45:00Z,free response,2.483,3.67,165.82,347.33,523.83,16.32,12.4,100.0,3,On,869.85,368.9
1792799160000000000,2026-10-23T23:46:00Z,controller 1,2.376,4.122,128.65,422.28,222.91,16.31,11.56,100.0,3,On,822.88,365.98
1792799220000000000,2026-10-23T23:47:00Z,controller 1,2.382,4.132,139.63,280.92,39.2,16.3,11.17,100.0,2,On,855.86,384.2
1792799280000000000,2026-10-23T23:48:00Z,controller 1,2.385,3.59,148.74,273.54,218.91,16.29,9.48,100.0,1,On,822.69,398.98
1792799340000000000,2026-10-23T23:49:00Z,controller 2,2.361,3.387,119.25,221.9,162.36,16.29,9.12,100.0,2,On,804.4,383.46
1792799400000000000,2026-10-23T23:50:00Z,free response,2.422,4.101,5.35,417.29,427.89,16.28,11.69,100.0,3,On,766.92,365.85
1792799460000000000,2026-10-23T23:51:00Z,controller 2,2.392,3.643,116.36,98.44,574.56,16.26,9.87,100.0,1,On,739.37,359.42
1792799520000000000,2026-10-23T23:52:00Z,free response,2.418,4.001,-3.16,317.79,448.34,16.23,12.13,100.0,3,On,691.86,362.39
1792799580000000000,2026-10-23T23:53:00Z,controller 1,2.426,3.672,138.44,353.19,30.62,16.22,11.72,100.0,3,On,668.12,335.66
1792799640000000000,2026-10-23T23:54:00Z,controller 2,2.43,3.557,188.88,14.64,357.98,16.18,11.31,100.0,1,On,694.59,343.01
1792799700000000000,2026-10-23T23:55:00Z,controller 2,2.418,3.722,-5.48,344.16,291.6,16.15,11.36,100.0,1,On,654.55,335.93
1792799760000000000,2026-10-23T23:56:00Z,free response,2.474,3.399,85.38,275.7,407.95,16.14,10.36,100.0,2,On,611.31,327.64
1792799820000000000,2026-10-23T23:57:00Z,controller 1,2.439,4.136,199.9,155.41,73.93,16.14,12.84,100.0,3,On,642.54,299.82
1792799880000000000,2026-10-23T23:58:00Z,free response,2.369,3.874,60.39,5.46,336.26,16.13,10.53,100.0,1,On,600.03,272.06
1792799940000000000,2026-10-23T23:59:00Z,controller 2,2.388,4.099,58.58,172.75,479.81,16.16,12.35,100.0,1,On,619.27,297.42
