timestamp_ns,timestamp_iso,controller,hs,tp,avg_power,power_in,power_to_controller,battery_voltage,battery_pct,sea_state_energy,efficiency,peaks,nextwave,nextwave_error,nextwave_error_2
1789603200000000000,2026-09-17T00:00:00Z,synthetic_free_response,1.094,5.552,38.48,38.48,0.0,295.45,12.91,3.08,1249.35,3,On,1260.9,870.19
1789603260000000000,2026-09-17T00:01:00Z,synthetic_free_response,1.112,5.573,35.32,35.32,0.0,295.5,12.99,3.6,981.11,1,On,1217.02,877.38
1789603320000000000,2026-09-17T00:02:00Z,synthetic_free_response,1.114,5.633,34.16,34.16,0.0,295.53,13.06,3.56,959.55,3,On,1202.21,860.94
1789603380000000000,2026-09-17T00:03:00Z,synthetic_free_response,1.125,5.608,30.75,30.75,0.0,295.56,13.13,3.19,963.95,1,On,1229.78,881.47
1789603440000000000,2026-09-17T00:04:00Z,synthetic_free_response,1.134,5.624,29.78,29.78,0.0,295.61,13.22,3.31,899.7,3,On,1278.97,911.15
1789603500000000000,2026-09-17T00:05:00Z,synthetic_free_response,1.168,5.567,31.59,31.59,0.0,295.63,13.27,3.77,837.93,3,On,1277.49,929.85
1789603560000000000,2026-09-17T00:06:00Z,synthetic_free_response,1.22,5.601,29.1,29.1,0.0,295.67,13.34,4.36,667.43,2,On,1296.5,916.67
1789603620000000000,2026-09-17T00:07:00Z,synthetic_free_response,1.188,5.708,28.77,28.77,0.0,295.69,13.37,3.93,732.06,1,On,1285.28,902.15
1789603680000000000,2026-09-17T00:08:00Z,synthetic_free_response,1.206,5.76,27.88,27.88,0.0,295.71,13.42,4.49,620.94,2,On,1287.34,894.52
1789603740000000000,2026-09-17T00:09:00Z,synthetic_free_response,1.172,5.859,26.5,26.5,0.0,295.75,13.49,4.3,616.28,2,On,1291.26,911.14
1789603800000000000,2026-09-17T00:10:00Z,synthetic_free_response,1.202,5.867,24.78,24.78,0.0,295.79,13.58,4.6,538.7,2,On,1332.08,916.01
1789603860000000000,2026-09-17T00:11:00Z,synthetic_free_response,1.248,5.844,26.95,26.95,0.0,295.81,13.61,4.15,649.4,2,On,1335.71,933.32
1789603920000000000,2026-09-17T00:12:00Z,synthetic_free_response,1.252,5.855,28.12,28.12,0.0,295.83,13.67,4.32,650.93,1,On,1372.96,941.35
1789603980000000000,2026-09-17T00:13:00Z,synthetic_free_response,1.298,5.929,29.93,29.93,0.0,295.85,13.7,5.33,561.54,3,On,1416.98,950.0
1789604040000000000,2026-09-17T00:14:00Z,synthetic_free_response,1.306,6.049,28.72,28.72,0.0,295.89,13.78,5.28,543.94,2,On,1414.86,961.18
1789604100000000000,2026-09-17T00:15:00Z,synthetic_free_response,1.349,6.059,26.47,26.47,0.0,295.92,13.83,5.6,472.68,3,On,1409.39,969.0
1789604160000000000,2026-09-17T00:16:00Z,synthetic_free_response,1.341,6.103,25.25,25.25,0.0,295.94,13.89,5.99,421.54,1,On,1442.41,985.6
1789604220000000000,2026-09-17T00:17:00Z,synthetic_free_response,1.378,6.016,23.8,23.8,0.0,295.96,13.93,5.54,429.6,1,On,1426.91,990.6
1789604280000000000,2026-09-17T00:18:00Z,synthetic_free_response,1.376,5.952,22.04,22.04,0.0,295.99,13.97,5.98,368.56,1,On,1377.42,969.52
1789604340000000000,2026-09-17T00:19:00Z,synthetic_free_response,1.286,6.042,20.95,20.95,0.0,296.0,14.0,5.16,406.01,2,On,1396.28,979.15
1789604400000000000,2026-09-17T00:20:00Z,synthetic_free_response,1.267,5.965,18.92,18.92,0.0,296.03,14.06,4.75,398.32,2,On,1363.01,967.06
1789604460000000000,2026-09-17T00:21:00Z,synthetic_free_response,1.297,5.904,19.44,19.44,0.0,296.06,14.11,4.58,424.45,1,On,1330.34,939.93
1789604520000000000,2026-09-17T00:22:00Z,synthetic_free_response,1.368,5.972,18.05,18.05,0.0,296.08,14.16,5.75,313.91,1,On,1342.15,925.31
1789604580000000000,2026-09-17T00:23:00Z,synthetic_free_response,1.363,5.932,16.51,16.51,0.0,296.11,14.21,5.73,288.13,1,On,1387.14,917.55
1789604640000000000,2026-09-17T00:24:00Z,synthetic_free_response,1.34,5.894,16.22,16.22,0.0,296.14,14.29,5.7,284.56,2,On,1339.65,900.26
1789604700000000000,2026-09-17T00:25:00Z,synthetic_free_response,1.397,5.905,16.37,16.37,0.0,296.19,14.37,6.05,270.58,2,On,1364.65,914.56
1789604760000000000,2026-09-17T00:26:00Z,synthetic_free_response,1.463,5.884,15.75,15.75,0.0,296.21,14.42,6.12,257.35,3,On,664.96,454.89
1789604820000000000,2026-09-17T00:27:00Z,synthetic_free_response,1.48,5.888,16.84,16.84,0.0,296.24,14.48,6.44,261.49,1,On,713.88,427.29
1789604880000000000,2026-09-17T00:28:00Z,synthetic_free_response,1.457,5.923,18.35,18.35,0.0,296.26,14.52,6.77,271.05,1,On,690.23,405.77
1789604940000000000,2026-09-17T00:29:00Z,synthetic_free_response,1.462,5.89,19.15,19.15,0.0,296.3,14.59,6.68,286.68,1,On,658.1,399.14
1789605000000000000,2026-09-17T00:30:00Z,synthetic_free_response,1.472,5.918,18.24,18.24,0.0,296.32,14.64,7.02,259.83,3,On,636.86,378.23
1789605060000000000,2026-09-17T00:31:00Z,synthetic_free_response,1.506,5.915,17.14,17.14,0.0,296.33,14.66,7.25,236.41,3,On,623.06,386.18
1789605120000000000,2026-09-17T00:32:00Z,synthetic_free_response,1.547,5.844,18.17,18.17,0.0,296.37,14.74,7.01,259.2,2,On,580.17,402.72
1789605180000000000,2026-09-17T00:33:00Z,synthetic_free_response,1.574,5.824,19.13,19.13,0.0,296.38,14.77,6.92,276.45,1,On,620.08,399.94
1789605240000000000,2026-09-17T00:34:00Z,synthetic_free_response,1.578,5.759,19.19,19.19,0.0,296.43,14.86,6.86,279.74,3,On,604.94,404.18
1789605300000000000,2026-09-17T00:35:00Z,synthetic_free_response,1.551,5.854,20.48,20.48,0.0,296.45,14.91,6.67,307.05,3,On,562.02,399.36
1789605360000000000,2026-09-17T00:36:00Z,synthetic_free_response,1.553,5.882,18.77,18.77,0.0,296.49,14.97,7.39,253.99,2,On,563.11,389.59
1789605420000000000,2026-09-17T00:37:00Z,synthetic_free_response,1.572,5.853,20.08,20.08,0.0,296.51,15.02,6.66,301.5,3,On,539.73,371.45
1789605480000000000,2026-09-17T00:38:00Z,synthetic_free_response,1.566,5.836,21.62,21.62,0.0,296.52,15.05,7.52,287.5,2,On,1198.3,821.99
1789605540000000000,2026-09-17T00:39:00Z,synthetic_free_response,1.571,5.936,23.0,23.0,0.0,296.55,15.1,7.04,326.7,2,On,1218.73,792.34
1789605600000000000,2026-09-17T00:40:00Z,synthetic_free_response,1.571,5.96,22.86,22.86,0.0,296.56,15.13,6.96,328.45,1,On,1191.05,764.08
1789605660000000000,2026-09-17T00:41:00Z,synthetic_free_response,1.567,6.001,24.86,24.86,0.0,296.6,15.2,7.59,327.54,2,On,1240.96,761.03
1789605720000000000,2026-09-17T00:42:00Z,synthetic_free_response,1.591,5.989,23.6,23.6,0.0,296.62,15.25,7.73,305.3,1,On,1272.8,780.12
1789605780000000000,2026-09-17T00:43:00Z,synthetic_free_response,1.553,5.962,22.43,22.43,0.0,296.67,15.33,7.86,285.37,3,On,1236.27,803.4
1789605840000000000,2026-09-17T00:44:00Z,synthetic_free_response,1.62,5.944,20.26,20.26,0.0,296.71,15.42,7.2,281.39,3,On,1202.91,807.07
1789605900000000000,2026-09-17T00:45:00Z,synthetic_free_response,1.611,5.976,20.92,20.92,0.0,296.75,15.5,7.49,279.31,1,On,1245.02,834.43
1789605960000000000,2026-09-17T00:46:00Z,synthetic_free_response,1.588,5.985,19.94,19.94,0.0,296.77,15.55,6.9,288.99,3,On,1248.49,836.75
1789606020000000000,2026-09-17T00:47:00Z,synthetic_free_response,1.57,5.968,21.14,21.14,0.0,296.81,15.63,6.76,312.72,1,On,1229.79,866.66
1789606080000000000,2026-09-17T00:48:00Z,synthetic_free_response,1.597,6.017,23.01,23.01,0.0,296.83,15.66,8.12,283.37,1,On,1277.99,843.96
1789606140000000000,2026-09-17T00:49:00Z,synthetic_free_response,1.534,6.132,21.75,21.75,0.0,296.85,15.69,7.57,287.32,2,On,1290.49,839.74
1789606200000000000,2026-09-17T00:50:00Z,synthetic_free_response,1.519,6.048,20.79,20.79,0.0,296.87,15.74,6.89,301.74,3,On,1263.14,822.08
1789606260000000000,2026-09-17T00:51:00Z,synthetic_free_response,1.6,6.084,20.69,20.69,0.0,296.9,15.81,8.14,254.18,3,On,1285.3,849.62
1789606320000000000,2026-09-17T00:52:00Z,synthetic_free_response,1.569,6.129,19.13,19.13,0.0,296.94,15.89,8.26,231.6,2,On,1282.47,876.29
1789606380000000000,2026-09-17T00:53:00Z,synthetic_free_response,1.663,6.169,20.2,20.2,0.0,296.99,15.97,8.34,242.21,3,On,1306.95,889.83
1789606440000000000,2026-09-17T00:54:00Z,synthetic_free_response,1.605,6.252,19.55,19.55,0.0,297.0,16.01,7.87,248.41,1,On,1312.44,892.95
1789606500000000000,2026-09-17T00:55:00Z,synthetic_free_response,1.667,6.251,18.27,18.27,0.0,297.03,16.06,9.09,200.99,3,On,1283.91,863.14
1789606560000000000,2026-09-17T00:56:00Z,synthetic_free_response,1.626,6.265,19.9,19.9,0.0,297.07,16.14,7.69,258.78,2,On,1271.59,873.73
1789606620000000000,2026-09-17T00:57:00Z,synthetic_free_response,1.624,6.205,17.97,17.97,0.0,297.1,16.2,7.94,226.32,1,On,1304.87,892.94
1789606680000000000,2026-09-17T00:58:00Z,synthetic_free_response,1.658,6.205,18.4,18.4,0.0,297.13,16.27,8.72,211.01,1,On,1285.16,892.67
1789606740000000000,2026-09-17T00:59:00Z,synthetic_free_response,1.607,6.286,18.32,18.32,0.0,297.18,16.35,7.37,248.58,1,On,1320.77,900.9
1789606800000000000,2026-09-17T01:00:00Z,synthetic_free_response,1.664,6.218,17.43,17.43,0.0,297.21,16.42,7.83,222.61,3,On,1326.04,929.93
1789606860000000000,2026-09-17T01:01:00Z,synthetic_free_response,1.717,6.306,16.0,16.0,0.0,297.24,16.47,10.16,157.48,1,On,1319.76,921.04
1789606920000000000,2026-09-17T01:02:00Z,synthetic_free_response,1.78,6.257,17.03,17.03,0.0,297.27,16.54,9.53,178.7,2,On,1177.69,773.25
1789606980000000000,2026-09-17T01:03:00Z,synthetic_free_response,1.821,6.323,17.91,17.91,0.0,297.3,16.59,9.94,180.18,2,On,1176.82,764.11
1789607040000000000,2026-09-17T01:04:00Z,synthetic_free_response,1.795,6.389,17.81,17.81,0.0,297.32,16.64,10.71,166.29,2,On,1174.58,787.49
1789607100000000000,2026-09-17T01:05:00Z,synthetic_free_response,1.771,6.451,16.03,16.03,0.0,297.37,16.73,10.72,149.53,2,On,1173.3,796.76
1789607160000000000,2026-09-17T01:06:00Z,synthetic_free_response,1.777,6.527,15.95,15.95,0.0,297.4,16.8,9.81,162.59,3,On,1135.74,809.23
1789607220000000000,2026-09-17T01:07:00Z,synthetic_free_response,1.773,6.395,17.15,17.15,0.0,297.42,16.84,9.53,179.96,2,On,1153.48,805.81
1789607280000000000,2026-09-17T01:08:00Z,synthetic_free_response,1.727,6.359,16.36,16.36,0.0,297.45,16.91,9.88,165.59,2,On,1195.29,828.54
1789607340000000000,2026-09-17T01:09:00Z,synthetic_free_response,1.713,6.363,17.58,17.58,0.0,297.49,16.97,8.78,200.23,1,On,1195.44,810.37
1789607400000000000,2026-09-17T01:10:00Z,synthetic_free_response,1.778,6.366,18.5,18.5,0.0,297.51,17.02,9.16,201.97,2,On,1168.99,813.12
1789607460000000000,2026-09-17T01:11:00Z,synthetic_free_response,1.826,6.292,17.33,17.33,0.0,297.56,17.11,11.34,152.82,1,On,1218.72,835.68
1789607520000000000,2026-09-17T01:12:00Z,synthetic_free_response,1.726,6.251,17.24,17.24,0.0,297.58,17.17,8.9,193.71,3,On,1186.32,861.98
1789607580000000000,2026-09-17T01:13:00Z,synthetic_free_response,1.697,6.233,18.03,18.03,0.0,297.62,17.24,9.59,188.01,2,On,1216.19,832.7
1789607640000000000,2026-09-17T01:14:00Z,synthetic_free_response,1.725,6.208,17.13,17.13,0.0,297.64,17.29,9.09,188.45,1,On,570.04,489.91
1789607700000000000,2026-09-17T01:15:00Z,synthetic_free_response,1.747,6.212,18.14,18.14,0.0,297.69,17.37,9.84,184.35,2,On,554.23,459.91
1789607760000000000,2026-09-17T01:16:00Z,synthetic_free_response,1.758,6.14,19.54,19.54,0.0,297.73,17.45,10.3,189.71,3,On,591.74,435.11
1789607820000000000,2026-09-17T01:17:00Z,synthetic_free_response,1.767,6.093,18.88,18.88,0.0,297.74,17.48,8.92,211.66,2,On,635.17,409.72
1789607880000000000,2026-09-17T01:18:00Z,synthetic_free_response,1.79,6.127,19.15,19.15,0.0,297.76,17.52,9.51,201.37,2,On,585.8,402.74
1789607940000000000,2026-09-17T01:19:00Z,synthetic_free_response,1.776,6.097,20.25,20.25,0.0,297.78,17.56,10.39,194.9,1,On,541.55,394.95
1789608000000000000,2026-09-17T01:20:00Z,synthetic_free_response,1.77,6.105,18.9,18.9,0.0,297.82,17.64,10.47,180.52,2,On,590.4,394.44
1789608060000000000,2026-09-17T01:21:00Z,synthetic_free_response,1.79,6.092,17.73,17.73,0.0,297.85,17.69,8.88,199.66,1,On,566.66,397.69
1789608120000000000,2026-09-17T01:22:00Z,synthetic_free_response,1.845,6.162,18.11,18.11,0.0,297.86,17.72,11.46,158.03,2,On,586.28,402.91
1789608180000000000,2026-09-17T01:23:00Z,synthetic_free_response,1.865,6.069,19.51,19.51,0.0,297.88,17.75,9.67,201.76,3,On,620.04,391.65
1789608240000000000,2026-09-17T01:24:00Z,synthetic_free_response,1.926,6.178,19.32,19.32,0.0,297.92,17.83,10.94,176.6,3,On,596.72,407.82
1789608300000000000,2026-09-17T01:25:00Z,synthetic_free_response,2.007,6.17,19.35,19.35,0.0,297.95,17.9,13.49,143.44,2,On,590.67,397.3
1789608360000000000,2026-09-17T01:26:00Z,synthetic_free_response,2.109,6.281,20.94,20.94,0.0,297.96,17.93,12.82,163.34,1,On,571.94,395.89
1789608420000000000,2026-09-17T01:27:00Z,synthetic_free_response,1.996,6.301,21.29,21.29,0.0,297.99,17.98,13.02,163.52,2,On,606.13,418.67
1789608480000000000,2026-09-17T01:28:00Z,synthetic_free_response,2.031,6.194,19.66,19.66,0.0,298.02,18.05,11.81,166.47,1,On,625.14,439.58
1789608540000000000,2026-09-17T01:29:00Z,synthetic_free_response,2.03,6.175,20.35,20.35,0.0,298.06,18.13,13.56,150.07,2,On,620.09,446.1
1789608600000000000,2026-09-17T01:30:00Z,synthetic_free_response,2.141,6.065,19.24,19.24,0.0,298.11,18.21,13.42,143.37,1,On,617.36,429.7
1789608660000000000,2026-09-17T01:31:00Z,synthetic_free_response,2.209,6.032,19.11,19.11,0.0,298.12,18.25,15.43,123.85,3,On,650.18,431.12
1789608720000000000,2026-09-17T01:32:00Z,synthetic_free_response,2.151,6.033,17.62,17.62,0.0,298.14,18.28,14.8,119.05,1,On,681.59,437.65
1789608780000000000,2026-09-17T01:33:00Z,synthetic_free_response,2.115,5.99,16.36,16.36,0.0,298.17,18.34,13.07,125.17,1,On,836.7,890.2
1789608840000000000,2026-09-17T01:34:00Z,synthetic_free_response,2.099,6.038,17.7,17.7,0.0,298.2,18.4,12.07,146.64,1,On,871.88,898.04
1789608900000000000,2026-09-17T01:35:00Z,synthetic_free_response,2.069,6.0,18.81,18.81,0.0,298.24,18.47,13.92,135.13,1,On,855.87,925.81
1789608960000000000,2026-09-17T01:36:00Z,synthetic_free_response,1.993,5.977,17.66,17.66,0.0,298.28,18.56,11.61,152.11,3,On,1253.86,974.44
1789609020000000000,2026-09-17T01:37:00Z,synthetic_free_response,1.945,5.911,16.83,16.83,0.0,298.32,18.64,10.15,165.81,3,On,1222.88,986.57
1789609080000000000,2026-09-17T01:38:00Z,synthetic_free_response,1.927,5.856,15.93,15.93,0.0,298.37,18.73,11.85,134.43,3,On,1237.6,967.34
1789609140000000000,2026-09-17T01:39:00Z,synthetic_free_response,2.063,5.929,17.44,17.44,0.0,298.39,18.78,12.8,136.25,1,On,1245.06,943.87
1789609200000000000,2026-09-17T01:40:00Z,synthetic_free_response,2.158,5.996,18.76,18.76,0.0,298.42,18.84,13.13,142.88,2,On,1291.88,971.85
1789609260000000000,2026-09-17T01:41:00Z,synthetic_free_response,2.157,6.053,19.28,19.28,0.0,298.46,18.93,13.92,138.51,1,On,1334.92,960.78
1789609320000000000,2026-09-17T01:42:00Z,synthetic_free_response,2.123,6.107,18.82,18.82,0.0,298.5,19.0,14.36,131.06,1,On,1340.92,957.87
1789609380000000000,2026-09-17T01:43:00Z,synthetic_free_response,2.023,6.139,20.65,20.65,0.0,298.51,19.03,11.91,173.38,1,On,1343.51,987.61
1789609440000000000,2026-09-17T01:44:00Z,synthetic_free_response,2.016,6.095,21.22,21.22,0.0,298.55,19.1,12.96,163.73,3,On,1247.01,689.84
1789609500000000000,2026-09-17T01:45:00Z,synthetic_free_response,1.982,6.141,20.26,20.26,0.0,298.56,19.12,11.22,180.57,3,On,657.04,419.71
1789609560000000000,2026-09-17T01:46:00Z,synthetic_free_response,2.025,6.142,21.5,21.5,0.0,298.6,19.2,12.94,166.15,2,On,697.4,437.47
1789609620000000000,2026-09-17T01:47:00Z,synthetic_free_response,2.024,6.094,21.84,21.84,0.0,298.64,19.29,13.24,164.95,2,On,736.83,460.68
1789609680000000000,2026-09-17T01:48:00Z,synthetic_free_response,2.068,6.029,22.02,22.02,0.0,298.67,19.33,13.19,166.94,1,On,759.87,470.38
1789609740000000000,2026-09-17T01:49:00Z,synthetic_free_response,2.149,6.06,19.85,19.85,0.0,298.7,19.41,13.35,148.69,2,On,783.67,484.3
1789609800000000000,2026-09-17T01:50:00Z,synthetic_free_response,2.136,6.019,19.74,19.74,0.0,298.74,19.47,14.5,136.14,1,On,742.11,498.67
1789609860000000000,2026-09-17T01:51:00Z,synthetic_free_response,2.1,6.004,19.8,19.8,0.0,298.75,19.51,14.22,139.24,1,On,731.12,475.13
1789609920000000000,2026-09-17T01:52:00Z,synthetic_free_response,2.125,5.984,19.88,19.88,0.0,298.79,19.58,14.51,137.01,3,On,1321.16,308.68
1789609980000000000,2026-09-17T01:53:00Z,synthetic_free_response,2.159,6.027,20.15,20.15,0.0,298.83,19.66,13.88,145.17,2,On,1284.15,328.06
1789610040000000000,2026-09-17T01:54:00Z,synthetic_free_response,2.178,6.041,20.39,20.39,0.0,298.86,19.71,13.22,154.24,3,On,1258.83,349.28
1789610100000000000,2026-09-17T01:55:00Z,synthetic_free_response,2.132,6.103,19.36,19.36,0.0,298.84,19.68,14.75,131.25,1,On,1242.34,353.96
1789610160000000000,2026-09-17T01:56:00Z,synthetic_free_response,2.069,6.069,19.06,19.06,0.0,298.82,19.65,14.29,133.38,1,On,1192.85,335.1
1789610220000000000,2026-09-17T01:57:00Z,synthetic_free_response,2.087,6.069,18.75,18.75,0.0,298.81,19.62,12.33,152.07,3,On,1232.52,343.55
1789610280000000000,2026-09-17T01:58:00Z,synthetic_free_response,2.1,6.078,19.12,19.12,0.0,298.8,19.6,13.96,136.96,3,On,1235.05,371.32
1789610340000000000,2026-09-17T01:59:00Z,synthetic_free_response,2.092,6.15,18.8,18.8,0.0,298.8,19.59,14.09,133.43,1,On,1188.18,391.0
1789610400000000000,2026-09-17T02:00:00Z,synthetic_free_response,2.116,6.062,19.48,19.48,0.0,298.78,19.56,14.31,136.13,3,On,1184.8,366.73
1789610460000000000,2026-09-17T02:01:00Z,synthetic_free_response,2.096,6.017,20.21,20.21,0.0,298.77,19.55,13.58,148.82,1,On,1160.26,347.63
1789610520000000000,2026-09-17T02:02:00Z,synthetic_free_response,2.08,5.968,20.63,20.63,0.0,298.76,19.52,13.1,157.48,3,On,1172.86,320.46
1789610580000000000,2026-09-17T02:03:00Z,synthetic_free_response,2.058,5.871,21.59,21.59,0.0,298.75,19.49,13.44,160.64,2,On,1196.08,346.88
1789610640000000000,2026-09-17T02:04:00Z,synthetic_free_response,2.026,5.842,20.47,20.47,0.0,298.74,19.48,12.24,167.24,3,On,1170.86,318.39
1789610700000000000,2026-09-17T02:05:00Z,synthetic_free_response,2.012,5.935,21.62,21.62,0.0,298.73,19.45,12.28,176.06,2,On,1161.94,290.93
1789610760000000000,2026-09-17T02:06:00Z,synthetic_free_response,1.984,5.946,20.03,20.03,0.0,298.73,19.45,10.6,188.96,3,On,647.05,721.79
1789610820000000000,2026-09-17T02:07:00Z,synthetic_free_response,2.08,5.892,20.13,20.13,0.0,298.72,19.44,12.29,163.79,2,On,632.01,712.02
1789610880000000000,2026-09-17T02:08:00Z,synthetic_free_response,2.255,5.83,19.69,19.69,0.0,298.7,19.4,15.81,124.54,1,On,627.87,706.31
1789610940000000000,2026-09-17T02:09:00Z,synthetic_free_response,2.317,5.904,21.29,21.29,0.0,298.69,19.39,15.27,139.42,1,On,585.52,725.57
1789611000000000000,2026-09-17T02:10:00Z,synthetic_free_response,2.29,6.016,19.24,19.24,0.0,298.69,19.38,14.66,131.24,3,On,587.6,727.12
1789611060000000000,2026-09-17T02:11:00Z,synthetic_free_response,2.287,5.923,18.48,18.48,0.0,298.68,19.35,15.53,119.0,1,On,617.05,719.66
1789611120000000000,2026-09-17T02:12:00Z,synthetic_free_response,2.266,5.861,17.29,17.29,0.0,298.66,19.32,14.88,116.2,2,On,622.44,714.48
1789611180000000000,2026-09-17T02:13:00Z,synthetic_free_response,2.227,5.861,18.25,18.25,0.0,298.66,19.32,14.02,130.17,2,On,661.53,721.19
1789611240000000000,2026-09-17T02:14:00Z,synthetic_free_response,2.185,5.853,17.88,17.88,0.0,298.64,19.29,14.01,127.62,3,On,689.28,702.02
1789611300000000000,2026-09-17T02:15:00Z,synthetic_free_response,2.124,5.923,17.95,17.95,0.0,298.63,19.26,14.17,126.68,3,On,729.11,705.03
1789611360000000000,2026-09-17T02:16:00Z,synthetic_free_response,2.1,5.949,19.34,19.34,0.0,298.62,19.23,12.89,150.04,3,On,709.65,700.0
1789611420000000000,2026-09-17T02:17:00Z,synthetic_free_response,2.082,5.897,18.9,18.9,0.0,298.61,19.21,13.89,136.07,1,On,682.18,694.96
1789611480000000000,2026-09-17T02:18:00Z,synthetic_free_response,2.137,5.892,18.37,18.37,0.0,298.6,19.19,14.1,130.28,2,On,691.48,713.71
1789611540000000000,2026-09-17T02:19:00Z,synthetic_free_response,2.159,5.901,18.94,18.94,0.0,298.58,19.16,12.72,148.9,1,Off,710.95,718.63
1789611600000000000,2026-09-17T02:20:00Z,synthetic_free_response,2.099,5.832,18.74,18.74,0.0,298.57,19.14,12.59,148.85,3,Off,669.55,739.61
1789611660000000000,2026-09-17T02:21:00Z,synthetic_free_response,2.056,5.768,19.29,19.29,0.0,298.56,19.13,11.67,165.3,1,Off,654.73,716.71
1789611720000000000,2026-09-17T02:22:00Z,synthetic_free_response,2.101,5.81,19.19,19.19,0.0,298.56,19.11,12.75,150.51,2,Off,624.57,721.04
1789611780000000000,2026-09-17T02:23:00Z,synthetic_free_response,2.121,5.704,17.94,17.94,0.0,298.55,19.09,13.9,129.06,3,Off,652.26,746.98
1789611840000000000,2026-09-17T02:24:00Z,synthetic_free_response,2.051,5.84,17.2,17.2,0.0,298.54,19.07,13.08,131.5,2,Off,674.01,773.86
1789611900000000000,2026-09-17T02:25:00Z,synthetic_free_response,2.063,5.862,16.84,16.84,0.0,298.52,19.04,11.69,144.05,3,Off,693.05,747.49
1789611960000000000,2026-09-17T02:26:00Z,synthetic_free_response,2.03,5.929,18.51,18.51,0.0,298.51,19.02,11.9,155.55,2,Off,720.12,769.75
1789612020000000000,2026-09-17T02:27:00Z,synthetic_free_response,1.988,5.857,18.93,18.93,0.0,298.5,19.01,11.33,167.08,3,Off,733.6,740.4
1789612080000000000,2026-09-17T02:28:00Z,synthetic_free_response,2.039,5.768,18.59,18.59,0.0,298.49,18.98,11.08,167.78,3,Off,719.05,729.35
1789612140000000000,2026-09-17T02:29:00Z,synthetic_free_response,2.05,5.749,18.62,18.62,0.0,298.48,18.95,12.37,150.53,2,Off,752.93,735.08
1789612200000000000,2026-09-17T02:30:00Z,synthetic_free_response,2.067,5.783,19.7,19.7,0.0,298.47,18.94,11.89,165.69,1,Off,744.0,752.15
1789612260000000000,2026-09-17T02:31:00Z,synthetic_free_response,1.974,5.789,20.67,20.67,0.0,298.45,18.91,10.88,189.98,1,Off,732.05,730.58
1789612320000000000,2026-09-17T02:32:00Z,synthetic_free_response,1.954,5.817,22.2,22.2,0.0,298.44,18.89,10.27,216.16,1,Off,727.95,721.89
1789612380000000000,2026-09-17T02:33:00Z,synthetic_free_response,2.012,5.778,21.43,21.43,0.0,298.44,18.88,12.44,172.27,1,Off,728.16,704.3
1789612440000000000,2026-09-17T02:34:00Z,synthetic_free_response,1.989,5.769,23.02,23.02,0.0,298.43,18.86,11.57,198.96,1,Off,682.34,683.91
1789612500000000000,2026-09-17T02:35:00Z,synthetic_free_response,2.009,5.817,24.57,24.57,0.0,298.43,18.85,11.01,223.16,2,Off,644.31,654.39
1789612560000000000,2026-09-17T02:36:00Z,synthetic_free_response,2.027,5.815,23.98,23.98,0.0,298.41,18.82,11.05,217.01,2,Off,666.18,681.13
1789612620000000000,2026-09-17T02:37:00Z,synthetic_free_response,2.124,5.835,25.41,25.41,0.0,298.4,18.8,13.34,190.48,3,Off,710.79,653.55
1789612680000000000,2026-09-17T02:38:00Z,synthetic_free_response,2.096,5.881,23.68,23.68,0.0,298.38,18.77,12.42,190.66,3,Off,661.4,949.76
1789612740000000000,2026-09-17T02:39:00Z,synthetic_free_response,2.118,5.895,24.02,24.02,0.0,298.38,18.76,14.05,170.96,1,Off,697.45,934.21
1789612800000000000,2026-09-17T02:40:00Z,synthetic_free_response,2.07,5.871,23.7,23.7,0.0,298.38,18.75,12.47,190.06,3,Off,696.66,930.04
1789612860000000000,2026-09-17T02:41:00Z,synthetic_free_response,1.979,5.888,24.49,24.49,0.0,298.37,18.73,11.66,210.03,3,Off,688.98,954.88
1789612920000000000,2026-09-17T02:42:00Z,synthetic_free_response,1.981,5.915,25.34,25.34,0.0,298.37,18.73,11.52,219.97,3,Off,682.61,973.08
1789612980000000000,2026-09-17T02:43:00Z,synthetic_free_response,1.955,5.982,26.67,26.67,0.0,298.36,18.71,11.22,237.7,3,Off,667.65,992.92
1789613040000000000,2026-09-17T02:44:00Z,synthetic_free_response,1.989,6.058,24.49,24.49,0.0,298.35,18.7,12.89,189.99,2,Off,716.01,1000.0
1789613100000000000,2026-09-17T02:45:00Z,synthetic_free_response,2.017,6.054,23.59,23.59,0.0,298.34,18.68,12.26,192.41,2,Off,672.09,995.92
1789613160000000000,2026-09-17T02:46:00Z,synthetic_free_response,2.086,6.1,23.3,23.3,0.0,298.33,18.66,12.0,194.17,1,Off,710.77,1000.0
1789613220000000000,2026-09-17T02:47:00Z,synthetic_free_response,2.019,6.061,24.78,24.78,0.0,298.32,18.64,11.36,218.13,3,Off,716.67,997.37
1789613280000000000,2026-09-17T02:48:00Z,synthetic_free_response,1.987,6.054,26.42,26.42,0.0,298.31,18.61,11.01,239.96,1,Off,681.82,970.98
1789613340000000000,2026-09-17T02:49:00Z,synthetic_free_response,1.946,6.164,28.93,28.93,0.0,298.29,18.58,10.95,264.2,2,Off,696.9,950.53
1789613400000000000,2026-09-17T02:50:00Z,synthetic_free_response,1.929,6.07,27.87,27.87,0.0,298.28,18.56,11.39,244.69,2,Off,725.44,927.61
1789613460000000000,2026-09-17T02:51:00Z,synthetic_free_response,1.981,6.092,26.6,26.6,0.0,298.27,18.54,12.87,206.68,1,Off,730.2,927.67
1789613520000000000,2026-09-17T02:52:00Z,synthetic_free_response,1.979,6.107,24.77,24.77,0.0,298.26,18.52,10.88,227.67,2,Off,718.58,903.8
1789613580000000000,2026-09-17T02:53:00Z,synthetic_free_response,1.976,6.129,25.39,25.39,0.0,298.24,18.48,13.08,194.11,3,Off,708.5,930.54
1789613640000000000,2026-09-17T02:54:00Z,synthetic_free_response,2.02,6.167,26.79,26.79,0.0,298.23,18.45,12.97,206.55,3,Off,669.29,936.37
1789613700000000000,2026-09-17T02:55:00Z,synthetic_free_response,2.004,6.188,29.0,29.0,0.0,298.23,18.45,12.96,223.77,3,Off,630.34,946.73
1789613760000000000,2026-09-17T02:56:00Z,synthetic_free_response,2.026,6.185,26.71,26.71,0.0,298.2,18.41,13.13,203.43,1,Off,646.02,922.18
1789613820000000000,2026-09-17T02:57:00Z,synthetic_free_response,1.905,6.103,26.46,26.46,0.0,298.19,18.38,11.66,226.93,2,Off,642.68,897.07
1789613880000000000,2026-09-17T02:58:00Z,synthetic_free_response,1.86,6.121,24.64,24.64,0.0,298.18,18.36,9.85,250.15,2,Off,605.27,903.87
1789613940000000000,2026-09-17T02:59:00Z,synthetic_free_response,1.838,6.001,23.79,23.79,0.0,298.18,18.35,10.51,226.36,1,Off,585.55,895.8
1789614000000000000,2026-09-17T03:00:00Z,synthetic_free_response,1.854,6.088,21.91,21.91,0.0,298.17,18.34,10.96,199.91,2,Off,536.61,909.11
1789614060000000000,2026-09-17T03:01:00Z,synthetic_free_response,1.8,6.193,20.76,20.76,0.0,298.17,18.33,9.7,214.02,2,Off,537.8,924.63
1789614120000000000,2026-09-17T03:02:00Z,synthetic_free_response,1.781,6.247,22.66,22.66,0.0,298.16,18.32,9.03,250.94,3,Off,559.1,911.34
1789614180000000000,2026-09-17T03:03:00Z,synthetic_free_response,1.746,6.275,23.59,23.59,0.0,298.15,18.31,8.92,264.46,3,Off,541.16,917.94
1789614240000000000,2026-09-17T03:04:00Z,synthetic_free_response,1.613,6.353,23.51,23.51,0.0,298.14,18.28,8.01,293.51,1,Off,543.47,899.24
1789614300000000000,2026-09-17T03:05:00Z,synthetic_free_response,1.55,6.361,25.66,25.66,0.0,298.13,18.26,8.38,306.21,3,Off,495.69,913.34
1789614360000000000,2026-09-17T03:06:00Z,synthetic_free_response,1.583,6.368,24.0,24.0,0.0,298.12,18.24,7.78,308.48,1,Off,1420.23,962.34
1789614420000000000,2026-09-17T03:07:00Z,synthetic_free_response,1.646,6.405,23.52,23.52,0.0,298.11,18.22,8.11,290.01,2,Off,1455.08,982.28
1789614480000000000,2026-09-17T03:08:00Z,synthetic_free_response,1.703,6.405,24.79,24.79,0.0,298.11,18.21,9.18,270.04,3,Off,1451.19,999.39
1789614540000000000,2026-09-17T03:09:00Z,synthetic_free_response,1.681,6.465,23.88,23.88,0.0,298.1,18.2,9.34,255.67,2,Off,1409.72,1000.0
1789614600000000000,2026-09-17T03:10:00Z,synthetic_free_response,1.657,6.354,21.95,21.95,0.0,298.08,18.17,8.59,255.53,1,Off,1435.27,1000.0
1789614660000000000,2026-09-17T03:11:00Z,synthetic_free_response,1.684,6.382,23.18,23.18,0.0,298.08,18.16,9.38,247.12,2,Off,966.58,687.35
1789614720000000000,2026-09-17T03:12:00Z,synthetic_free_response,1.658,6.241,21.68,21.68,0.0,298.07,18.15,8.9,243.6,1,Off,941.4,815.22
1789614780000000000,2026-09-17T03:13:00Z,synthetic_free_response,1.692,6.218,23.71,23.71,0.0,298.06,18.13,9.56,248.01,2,Off,918.33,822.78
1789614840000000000,2026-09-17T03:14:00Z,synthetic_free_response,1.64,6.09,22.5,22.5,0.0,298.06,18.11,8.65,260.12,2,Off,896.46,813.39
1789614900000000000,2026-09-17T03:15:00Z,synthetic_free_response,1.624,6.024,23.33,23.33,0.0,298.05,18.1,8.07,289.1,1,Off,921.17,796.81
1789614960000000000,2026-09-17T03:16:00Z,synthetic_free_response,1.723,6.092,24.45,24.45,0.0,298.05,18.09,9.81,249.24,1,Off,896.12,790.37
1789615020000000000,2026-09-17T03:17:00Z,synthetic_free_response,1.713,6.163,22.66,22.66,0.0,298.03,18.06,9.0,251.78,3,Off,858.42,765.53
1789615080000000000,2026-09-17T03:18:00Z,synthetic_free_response,1.764,6.159,24.07,24.07,0.0,298.02,18.04,9.83,244.86,1,Off,815.61,786.51
1789615140000000000,2026-09-17T03:19:00Z,synthetic_free_response,1.754,6.091,22.51,22.51,0.0,298.0,18.01,10.11,222.65,1,Off,796.19,770.86
1789615200000000000,2026-09-17T03:20:00Z,synthetic_free_response,1.763,6.006,21.35,21.35,0.0,297.99,17.98,9.0,237.22,1,Off,816.26,787.9
1789615260000000000,2026-09-17T03:21:00Z,synthetic_free_response,1.742,6.051,23.24,23.24,0.0,297.98,17.96,8.57,271.18,3,Off,952.74,571.2
1789615320000000000,2026-09-17T03:22:00Z,synthetic_free_response,1.776,6.087,21.44,21.44,0.0,297.96,17.92,9.05,236.91,2,Off,967.28,589.23
1789615380000000000,2026-09-17T03:23:00Z,synthetic_free_response,1.774,6.046,19.32,19.32,0.0,297.95,17.91,9.59,201.46,1,Off,947.03,600.54
1789615440000000000,2026-09-17T03:24:00Z,synthetic_free_response,1.732,5.913,19.96,19.96,0.0,297.94,17.89,9.44,211.44,1,Off,903.8,625.44
1789615500000000000,2026-09-17T03:25:00Z,synthetic_free_response,1.747,5.884,18.44,18.44,0.0,297.93,17.85,9.74,189.32,1,Off,935.15,651.85
1789615560000000000,2026-09-17T03:26:00Z,synthetic_free_response,1.806,5.909,17.23,17.23,0.0,297.91,17.82,10.58,162.85,1,Off,936.94,637.32
1789615620000000000,2026-09-17T03:27:00Z,synthetic_free_response,1.793,5.869,18.27,18.27,0.0,297.9,17.8,8.54,213.93,1,Off,953.15,639.38
1789615680000000000,2026-09-17T03:28:00Z,synthetic_free_response,1.821,5.867,17.43,17.43,0.0,297.89,17.78,8.81,197.84,3,Off,914.28,637.65
1789615740000000000,2026-09-17T03:29:00Z,synthetic_free_response,1.806,5.905,17.07,17.07,0.0,297.88,17.77,8.77,194.64,3,Off,952.38,631.46
1789615800000000000,2026-09-17T03:30:00Z,synthetic_free_response,1.774,5.821,18.36,18.36,0.0,297.87,17.73,8.41,218.31,3,Off,979.97,619.48
1789615860000000000,2026-09-17T03:31:00Z,synthetic_free_response,1.821,5.787,17.97,17.97,0.0,297.86,17.71,9.18,195.75,3,Off,1027.62,614.29
1789615920000000000,2026-09-17T03:32:00Z,synthetic_free_response,1.854,5.83,16.39,16.39,0.0,297.85,17.7,10.59,154.77,1,Off,1074.62,621.44
1789615980000000000,2026-09-17T03:33:00Z,synthetic_free_response,1.793,5.906,17.11,17.11,0.0,297.85,17.69,9.95,171.96,1,Off,1069.02,637.89
1789616040000000000,2026-09-17T03:34:00Z,synthetic_free_response,1.738,5.943,16.49,16.49,0.0,297.84,17.68,9.11,181.01,1,Off,1112.14,615.92
1789616100000000000,2026-09-17T03:35:00Z,synthetic_free_response,1.702,5.946,18.05,18.05,0.0,297.83,17.66,8.71,207.23,1,Off,1096.21,606.75
1789616160000000000,2026-09-17T03:36:00Z,synthetic_free_response,1.673,6.029,18.3,18.3,0.0,297.82,17.65,8.72,209.86,1,Off,659.2,859.09
1789616220000000000,2026-09-17T03:37:00Z,synthetic_free_response,1.661,6.119,17.48,17.48,0.0,297.81,17.63,9.11,191.88,3,Off,637.15,865.48
1789616280000000000,2026-09-17T03:38:00Z,synthetic_free_response,1.627,6.124,15.78,15.78,0.0,297.81,17.62,7.74,203.88,1,Off,641.06,871.7
1789616340000000000,2026-09-17T03:39:00Z,synthetic_free_response,1.668,6.106,15.92,15.92,0.0,297.81,17.61,8.91,178.68,2,Off,601.94,896.01
1789616400000000000,2026-09-17T03:40:00Z,synthetic_free_response,1.657,6.061,16.49,16.49,0.0,297.79,17.58,8.93,184.66,2,Off,612.07,866.06
1789616460000000000,2026-09-17T03:41:00Z,synthetic_free_response,1.622,6.055,17.53,17.53,0.0,297.79,17.57,8.28,211.71,3,Off,596.43,843.93
1789616520000000000,2026-09-17T03:42:00Z,synthetic_free_response,1.634,6.038,17.03,17.03,0.0,297.76,17.53,8.07,211.03,1,Off,600.6,862.72
1789616580000000000,2026-09-17T03:43:00Z,synthetic_free_response,1.613,6.063,15.42,15.42,0.0,297.75,17.5,8.41,183.35,2,Off,578.65,871.86
1789616640000000000,2026-09-17T03:44:00Z,synthetic_free_response,1.583,6.12,14.66,14.66,0.0,297.74,17.47,7.91,185.34,2,Off,567.28,886.43
1789616700000000000,2026-09-17T03:45:00Z,synthetic_free_response,1.531,6.153,13.86,13.86,0.0,297.74,17.47,7.68,180.47,1,Off,609.91,892.89
1789616760000000000,2026-09-17T03:46:00Z,synthetic_free_response,1.568,6.206,13.51,13.51,0.0,297.73,17.45,7.63,177.06,2,Off,575.55,872.81
1789616820000000000,2026-09-17T03:47:00Z,synthetic_free_response,1.534,6.262,13.88,13.88,0.0,297.71,17.42,7.99,173.72,1,Off,571.02,856.75
1789616880000000000,2026-09-17T03:48:00Z,synthetic_free_response,1.563,6.327,13.83,13.83,0.0,297.69,17.39,7.33,188.68,3,Off,599.95,837.08
1789616940000000000,2026-09-17T03:49:00Z,synthetic_free_response,1.543,6.324,12.64,12.64,0.0,297.69,17.37,7.09,178.28,2,Off,569.21,839.87
1789617000000000000,2026-09-17T03:50:00Z,synthetic_free_response,1.577,6.311,13.08,13.08,0.0,297.68,17.35,7.87,166.2,3,Off,538.18,824.86
1789617060000000000,2026-09-17T03:51:00Z,synthetic_free_response,1.554,6.276,14.17,14.17,0.0,297.65,17.31,6.89,205.66,1,Off,494.55,844.19
1789617120000000000,2026-09-17T03:52:00Z,synthetic_free_response,1.547,6.313,15.42,15.42,0.0,297.65,17.3,7.3,211.23,1,Off,524.26,841.78
1789617180000000000,2026-09-17T03:53:00Z,synthetic_free_response,1.493,6.262,15.29,15.29,0.0,297.63,17.27,7.25,210.9,3,Off,496.85,835.74
1789617240000000000,2026-09-17T03:54:00Z,synthetic_free_response,1.464,6.178,16.7,16.7,0.0,297.63,17.26,6.37,262.17,1,On,460.53,806.78
1789617300000000000,2026-09-17T03:55:00Z,synthetic_free_response,1.442,6.206,15.93,15.93,0.0,297.62,17.24,5.99,265.94,2,On,499.75,795.57
1789617360000000000,2026-09-17T03:56:00Z,synthetic_free_response,1.447,6.386,15.53,15.53,0.0,297.6,17.2,6.87,226.06,1,On,458.91,767.74
1789617420000000000,2026-09-17T03:57:00Z,synthetic_free_response,1.478,6.304,16.23,16.23,0.0,297.6,17.19,6.3,257.62,1,On,415.76,792.75
1789617480000000000,2026-09-17T03:58:00Z,synthetic_free_response,1.471,6.338,17.54,17.54,0.0,297.59,17.18,6.75,259.85,1,On,431.11,806.89
1789617540000000000,2026-09-17T03:59:00Z,synthetic_free_response,1.418,6.302,18.63,18.63,0.0,297.57,17.15,6.29,296.18,2,On,403.21,810.93
1789617600000000000,2026-09-17T04:00:00Z,synthetic_free_response,1.424,6.315,20.24,20.24,0.0,297.56,17.13,6.35,318.74,1,On,381.41,824.41
1789617660000000000,2026-09-17T04:01:00Z,synthetic_free_response,1.434,6.414,19.65,19.65,0.0,297.55,17.1,6.41,306.55,1,On,379.36,816.57
1789617720000000000,2026-09-17T04:02:00Z,synthetic_free_response,1.39,6.366,19.84,19.84,0.0,297.55,17.09,5.63,352.4,3,On,396.11,836.94
1789617780000000000,2026-09-17T04:03:00Z,synthetic_free_response,1.409,6.37,20.38,20.38,0.0,297.53,17.06,6.07,335.75,1,On,412.05,820.82
1789617840000000000,2026-09-17T04:04:00Z,synthetic_free_response,1.361,6.385,19.52,19.52,0.0,297.52,17.05,6.06,322.11,3,On,390.39,791.27
1789617900000000000,2026-09-17T04:05:00Z,synthetic_free_response,1.347,6.243,18.14,18.14,0.0,297.51,17.02,5.19,349.52,3,On,357.69,786.49
1789617960000000000,2026-09-17T04:06:00Z,synthetic_free_response,1.348,6.224,19.18,19.18,0.0,297.5,17.01,5.91,324.53,2,On,397.54,787.55
1789618020000000000,2026-09-17T04:07:00Z,synthetic_free_response,1.403,6.18,19.62,19.62,0.0,297.5,16.99,6.09,322.17,2,On,401.0,789.6
1789618080000000000,2026-09-17T04:08:00Z,synthetic_free_response,1.359,6.122,19.93,19.93,0.0,297.49,16.97,6.14,324.59,2,On,370.18,800.78
1789618140000000000,2026-09-17T04:09:00Z,synthetic_free_response,1.365,6.218,21.91,21.91,0.0,297.48,16.96,5.9,371.36,1,On,358.96,786.94
1789618200000000000,2026-09-17T04:10:00Z,synthetic_free_response,1.38,6.285,23.99,23.99,0.0,297.46,16.92,6.53,367.38,3,On,322.18,806.4
1789618260000000000,2026-09-17T04:11:00Z,synthetic_free_response,1.4,6.31,23.44,23.44,0.0,297.45,16.9,6.58,356.23,1,On,312.95,817.51
1789618320000000000,2026-09-17T04:12:00Z,synthetic_free_response,1.389,6.34,21.98,21.98,0.0,297.44,16.88,5.97,368.17,3,On,347.61,794.22
1789618380000000000,2026-09-17T04:13:00Z,synthetic_free_response,1.488,6.382,24.14,24.14,0.0,297.43,16.86,7.64,315.97,1,On,387.8,815.79
1789618440000000000,2026-09-17T04:14:00Z,synthetic_free_response,1.451,6.198,24.14,24.14,0.0,297.42,16.83,6.82,353.96,3,On,384.27,813.32
1789618500000000000,2026-09-17T04:15:00Z,synthetic_free_response,1.486,6.266,23.49,23.49,0.0,297.4,16.81,6.26,375.24,1,On,388.38,812.29
1789618560000000000,2026-09-17T04:16:00Z,synthetic_free_response,1.512,6.206,22.71,22.71,0.0,297.39,16.79,6.91,328.65,2,On,367.26,835.03
1789618620000000000,2026-09-17T04:17:00Z,synthetic_free_response,1.516,6.175,24.11,24.11,0.0,297.38,16.76,6.53,369.22,2,On,328.67,862.29
1789618680000000000,2026-09-17T04:18:00Z,synthetic_free_response,1.504,6.071,25.01,25.01,0.0,297.37,16.73,6.69,373.84,1,On,327.55,844.93
1789618740000000000,2026-09-17T04:19:00Z,synthetic_free_response,1.46,6.119,24.57,24.57,0.0,297.36,16.72,6.1,402.79,3,On,317.67,819.98
1789618800000000000,2026-09-17T04:20:00Z,synthetic_free_response,1.546,6.083,26.93,26.93,0.0,297.35,16.7,6.92,389.16,1,On,298.05,843.42
1789618860000000000,2026-09-17T04:21:00Z,synthetic_free_response,1.58,6.084,25.06,25.06,0.0,297.35,16.69,7.07,354.46,2,On,322.64,843.5
1789618920000000000,2026-09-17T04:22:00Z,synthetic_free_response,1.672,6.078,27.2,27.2,0.0,297.33,16.66,9.26,293.74,3,On,296.18,819.27
1789618980000000000,2026-09-17T04:23:00Z,synthetic_free_response,1.664,6.066,26.81,26.81,0.0,297.32,16.65,8.15,328.96,3,On,323.79,843.44
1789619040000000000,2026-09-17T04:24:00Z,synthetic_free_response,1.627,6.096,27.03,27.03,0.0,297.31,16.63,8.77,308.21,3,On,304.22,852.87
1789619100000000000,2026-09-17T04:25:00Z,synthetic_free_response,1.634,6.146,25.34,25.34,0.0,297.3,16.6,8.29,305.67,2,On,313.72,852.39
1789619160000000000,2026-09-17T04:26:00Z,synthetic_free_response,1.575,6.045,26.38,26.38,0.0,297.29,16.58,7.69,343.04,1,On,268.86,861.31
1789619220000000000,2026-09-17T04:27:00Z,synthetic_free_response,1.564,6.016,26.86,26.86,0.0,297.29,16.57,7.17,374.62,3,On,258.87,862.59
1789619280000000000,2026-09-17T04:28:00Z,synthetic_free_response,1.515,5.943,25.9,25.9,0.0,297.28,16.56,7.26,356.75,1,On,291.99,836.91
1789619340000000000,2026-09-17T04:29:00Z,synthetic_free_response,1.51,5.921,24.9,24.9,0.0,297.26,16.53,7.11,350.21,3,On,307.05,826.5
1789619400000000000,2026-09-17T04:30:00Z,synthetic_free_response,1.541,5.931,26.16,26.16,0.0,297.25,16.5,6.59,396.97,1,On,330.57,827.38
1789619460000000000,2026-09-17T04:31:00Z,synthetic_free_response,1.482,5.887,27.02,27.02,0.0,297.24,16.47,6.77,399.11,2,On,295.71,825.72
1789619520000000000,2026-09-17T04:32:00Z,synthetic_free_response,1.522,5.843,26.49,26.49,0.0,297.23,16.45,6.93,382.25,3,On,279.97,824.86
1789619580000000000,2026-09-17T04:33:00Z,synthetic_free_response,1.515,5.662,27.64,27.64,0.0,297.22,16.44,6.16,448.7,2,On,321.19,808.98
1789619640000000000,2026-09-17T04:34:00Z,synthetic_free_response,1.496,5.64,27.54,27.54,0.0,297.21,16.43,6.7,411.04,3,On,319.23,789.71
1789619700000000000,2026-09-17T04:35:00Z,synthetic_free_response,1.497,5.756,26.79,26.79,0.0,297.2,16.4,6.79,394.55,3,On,317.81,807.11
1789619760000000000,2026-09-17T04:36:00Z,synthetic_free_response,1.495,5.689,24.89,24.89,0.0,297.19,16.38,6.44,386.49,3,On,290.39,781.31
1789619820000000000,2026-09-17T04:37:00Z,synthetic_free_response,1.511,5.795,22.57,22.57,0.0,297.18,16.35,6.05,373.06,2,On,297.69,763.71
1789619880000000000,2026-09-17T04:38:00Z,synthetic_free_response,1.524,5.703,22.84,22.84,0.0,297.16,16.32,6.87,332.46,1,On,265.1,772.89
1789619940000000000,2026-09-17T04:39:00Z,synthetic_free_response,1.534,5.716,23.6,23.6,0.0,297.15,16.3,6.98,338.11,2,On,272.43,749.17
1789620000000000000,2026-09-17T04:40:00Z,synthetic_free_response,1.461,5.715,24.38,24.38,0.0,297.14,16.28,6.29,387.6,3,On,250.77,753.39
1789620060000000000,2026-09-17T04:41:00Z,synthetic_free_response,1.527,5.717,25.37,25.37,0.0,297.13,16.26,6.35,399.53,2,On,210.61,770.73
1789620120000000000,2026-09-17T04:42:00Z,synthetic_free_response,1.526,5.681,23.28,23.28,0.0,297.12,16.23,6.43,362.05,3,On,228.86,775.51
1789620180000000000,2026-09-17T04:43:00Z,synthetic_free_response,1.523,5.573,24.45,24.45,0.0,297.11,16.21,6.84,357.46,2,On,185.29,766.82
1789620240000000000,2026-09-17T04:44:00Z,synthetic_free_response,1.51,5.492,24.42,24.42,0.0,297.1,16.2,6.65,367.22,1,On,149.88,744.99
1789620300000000000,2026-09-17T04:45:00Z,synthetic_free_response,1.545,5.554,22.02,22.02,0.0,297.08,16.17,6.35,346.77,1,On,104.46,721.05
1789620360000000000,2026-09-17T04:46:00Z,synthetic_free_response,1.619,5.519,24.15,24.15,0.0,297.08,16.16,6.95,347.48,3,On,137.09,697.53
1789620420000000000,2026-09-17T04:47:00Z,synthetic_free_response,1.655,5.605,26.12,26.12,0.0,297.07,16.14,7.51,347.8,3,On,122.59,708.7
1789620480000000000,2026-09-17T04:48:00Z,synthetic_free_response,1.623,5.621,24.69,24.69,0.0,297.06,16.11,7.35,335.92,2,On,109.88,709.92
1789620540000000000,2026-09-17T04:49:00Z,synthetic_free_response,1.586,5.575,24.98,24.98,0.0,297.05,16.09,7.54,331.3,1,On,100.3,690.81
1789620600000000000,2026-09-17T04:50:00Z,synthetic_free_response,1.554,5.586,23.17,23.17,0.0,297.05,16.09,7.03,329.59,3,On,92.83,709.48
1789620660000000000,2026-09-17T04:51:00Z,synthetic_free_response,1.51,5.633,23.25,23.25,0.0,297.03,16.06,6.67,348.58,1,On,44.25,730.37
1789620720000000000,2026-09-17T04:52:00Z,synthetic_free_response,1.541,5.661,24.17,24.17,0.0,297.01,16.03,6.91,349.78,1,On,88.43,725.46
1789620780000000000,2026-09-17T04:53:00Z,synthetic_free_response,1.56,5.808,24.25,24.25,0.0,297.01,16.02,7.5,323.33,3,On,42.19,726.55
1789620840000000000,2026-09-17T04:54:00Z,synthetic_free_response,1.539,5.756,23.11,23.11,0.0,297.0,15.99,6.44,358.85,1,On,0.0,743.21
1789620900000000000,2026-09-17T04:55:00Z,synthetic_free_response,1.494,5.845,23.82,23.82,0.0,296.99,15.97,6.42,371.03,1,On,4.32,758.37
1789620960000000000,2026-09-17T04:56:00Z,synthetic_free_response,1.482,5.892,21.5,21.5,0.0,296.99,15.97,5.99,358.93,2,On,0.0,738.97
1789621020000000000,2026-09-17T04:57:00Z,synthetic_free_response,1.505,5.865,22.49,22.49,0.0,296.98,15.95,6.87,327.37,1,On,0.0,755.96
1789621080000000000,2026-09-17T04:58:00Z,synthetic_free_response,1.515,5.77,21.71,21.71,0.0,296.95,15.91,7.16,303.21,1,On,0.0,742.61
1789621140000000000,2026-09-17T04:59:00Z,synthetic_free_response,1.574,5.854,22.17,22.17,0.0,296.94,15.88,7.75,286.06,2,On,0.0,751.52
1789621200000000000,2026-09-17T05:00:00Z,synthetic_free_response,1.535,5.881,22.85,22.85,0.0,296.93,15.86,7.29,313.44,1,On,0.0,781.23
1789621260000000000,2026-09-17T05:01:00Z,synthetic_free_response,1.518,5.771,23.55,23.55,0.0,296.92,15.83,7.02,335.47,1,On,0.0,764.85
1789621320000000000,2026-09-17T05:02:00Z,synthetic_free_response,1.519,5.758,23.72,23.72,0.0,296.91,15.82,6.77,350.37,1,On,0.0,774.47
1789621380000000000,2026-09-17T05:03:00Z,synthetic_free_response,1.6,5.797,25.58,25.58,0.0,296.9,15.8,7.84,326.28,3,On,0.0,760.72
1789621440000000000,2026-09-17T05:04:00Z,synthetic_free_response,1.648,5.713,25.5,25.5,0.0,296.88,15.77,7.26,351.24,3,On,0.0,780.98
1789621500000000000,2026-09-17T05:05:00Z,synthetic_free_response,1.65,5.666,23.03,23.03,0.0,296.87,15.74,7.59,303.43,1,On,0.0,755.72
1789621560000000000,2026-09-17T05:06:00Z,synthetic_free_response,1.729,5.655,23.78,23.78,0.0,296.86,15.71,8.69,273.65,1,On,0.0,773.94
1789621620000000000,2026-09-17T05:07:00Z,synthetic_free_response,1.714,5.569,25.01,25.01,0.0,296.86,15.71,8.84,282.92,2,On,0.0,803.86
1789621680000000000,2026-09-17T05:08:00Z,synthetic_free_response,1.658,5.662,24.23,24.23,0.0,296.84,15.68,8.47,286.07,1,On,0.0,796.1
1789621740000000000,2026-09-17T05:09:00Z,synthetic_free_response,1.68,5.719,23.91,23.91,0.0,296.82,15.65,7.64,312.96,3,On,0.0,774.08
1789621800000000000,2026-09-17T05:10:00Z,synthetic_free_response,1.68,5.781,21.53,21.53,0.0,296.81,15.62,8.58,250.93,3,On,0.0,753.97
1789621860000000000,2026-09-17T05:11:00Z,synthetic_free_response,1.676,5.756,19.69,19.69,0.0,296.81,15.61,8.02,245.51,3,On,0.0,761.45
1789621920000000000,2026-09-17T05:12:00Z,synthetic_free_response,1.694,5.839,21.51,21.51,0.0,296.8,15.59,7.79,276.12,3,On,0.0,777.28
1789621980000000000,2026-09-17T05:13:00Z,synthetic_free_response,1.684,5.814,21.13,21.13,0.0,296.79,15.57,8.81,239.84,1,On,0.0,781.53
1789622040000000000,2026-09-17T05:14:00Z,synthetic_free_response,1.618,5.79,19.96,19.96,0.0,296.76,15.53,7.57,263.67,3,On,0.0,795.03
1789622100000000000,2026-09-17T05:15:00Z,synthetic_free_response,1.654,5.806,19.49,19.49,0.0,296.76,15.52,8.37,232.86,2,On,0.0,777.14
1789622160000000000,2026-09-17T05:16:00Z,synthetic_free_response,1.699,5.874,19.54,19.54,0.0,296.75,15.51,9.18,212.85,2,On,0.0,766.27
1789622220000000000,2026-09-17T05:17:00Z,synthetic_free_response,1.698,5.945,19.3,19.3,0.0,296.75,15.49,8.23,234.51,2,On,0.0,782.62
1789622280000000000,2026-09-17T05:18:00Z,synthetic_free_response,1.657,5.939,19.46,19.46,0.0,296.74,15.48,8.36,232.78,2,On,0.0,753.33
1789622340000000000,2026-09-17T05:19:00Z,synthetic_free_response,1.664,5.91,19.23,19.23,0.0,296.73,15.45,8.0,240.38,2,On,0.0,737.74
1789622400000000000,2026-09-17T05:20:00Z,synthetic_free_response,1.612,5.914,19.47,19.47,0.0,296.71,15.43,7.38,263.82,2,On,0.0,766.25
1789622460000000000,2026-09-17T05:21:00Z,synthetic_free_response,1.654,5.84,18.23,18.23,0.0,296.71,15.42,7.86,231.93,1,On,0.0,757.13
1789622520000000000,2026-09-17T05:22:00Z,synthetic_free_response,1.738,5.791,18.13,18.13,0.0,296.69,15.39,7.93,228.63,1,On,0.0,767.99
1789622580000000000,2026-09-17T05:23:00Z,synthetic_free_response,1.784,5.773,19.87,19.87,0.0,296.69,15.39,8.43,235.71,1,On,0.0,783.56
1789622640000000000,2026-09-17T05:24:00Z,synthetic_free_response,1.845,5.692,20.78,20.78,0.0,296.68,15.36,10.35,200.77,3,On,0.0,795.93
1789622700000000000,2026-09-17T05:25:00Z,synthetic_free_response,1.888,5.724,20.28,20.28,0.0,296.67,15.33,9.34,217.13,2,On,0.0,811.49
1789622760000000000,2026-09-17T05:26:00Z,synthetic_free_response,1.898,5.736,21.07,21.07,0.0,296.65,15.3,10.86,194.01,1,On,0.0,801.81
1789622820000000000,2026-09-17T05:27:00Z,synthetic_free_response,1.903,5.739,19.41,19.41,0.0,296.64,15.29,11.32,171.47,1,On,0.0,804.61
1789622880000000000,2026-09-17T05:28:00Z,synthetic_free_response,1.804,5.684,19.54,19.54,0.0,296.63,15.26,10.14,192.7,1,On,0.0,824.9
1789622940000000000,2026-09-17T05:29:00Z,synthetic_free_response,1.839,5.668,19.19,19.19,0.0,296.62,15.23,9.52,201.58,2,On,0.0,853.47
1789623000000000000,2026-09-17T05:30:00Z,synthetic_free_response,1.805,5.661,19.35,19.35,0.0,296.62,15.23,9.59,201.77,2,On,0.0,860.09
1789623060000000000,2026-09-17T05:31:00Z,synthetic_free_response,1.848,5.668,18.4,18.4,0.0,296.61,15.21,10.19,180.57,2,On,0.0,858.88
1789623120000000000,2026-09-17T05:32:00Z,synthetic_free_response,1.88,5.724,19.21,19.21,0.0,296.6,15.19,10.37,185.25,1,On,5.63,844.78
1789623180000000000,2026-09-17T05:33:00Z,synthetic_free_response,1.795,5.721,20.54,20.54,0.0,296.58,15.16,9.36,219.44,1,On,0.79,817.17
1789623240000000000,2026-09-17T05:34:00Z,synthetic_free_response,1.716,5.722,19.91,19.91,0.0,296.58,15.16,7.84,253.95,2,On,1.99,791.02
1789623300000000000,2026-09-17T05:35:00Z,synthetic_free_response,1.715,5.783,20.89,20.89,0.0,296.56,15.13,8.63,242.06,1,On,42.69,809.0
1789623360000000000,2026-09-17T05:36:00Z,synthetic_free_response,1.724,5.779,22.52,22.52,0.0,296.56,15.13,8.93,252.18,3,Off,85.0,809.54
1789623420000000000,2026-09-17T05:37:00Z,synthetic_free_response,1.713,5.815,24.23,24.23,0.0,296.56,15.11,9.12,265.68,2,Off,43.98,833.71
1789623480000000000,2026-09-17T05:38:00Z,synthetic_free_response,1.755,5.851,22.24,22.24,0.0,296.55,15.09,8.51,261.34,3,Off,31.35,813.35
1789623540000000000,2026-09-17T05:39:00Z,synthetic_free_response,1.73,5.755,20.1,20.1,0.0,296.54,15.07,9.02,222.84,1,Off,21.78,831.27
1789623600000000000,2026-09-17T05:40:00Z,synthetic_free_response,1.796,5.787,21.07,21.07,0.0,296.52,15.05,9.02,233.59,2,Off,66.58,811.28
1789623660000000000,2026-09-17T05:41:00Z,synthetic_free_response,1.744,5.724,22.89,22.89,0.0,296.51,15.03,9.21,248.53,1,Off,90.54,806.51
1789623720000000000,2026-09-17T05:42:00Z,synthetic_free_response,1.732,5.772,24.56,24.56,0.0,296.5,15.01,8.39,292.73,3,Off,56.87,805.77
1789623780000000000,2026-09-17T05:43:00Z,synthetic_free_response,1.734,5.805,23.05,23.05,0.0,296.49,14.98,8.41,274.08,3,Off,80.89,823.68
1789623840000000000,2026-09-17T05:44:00Z,synthetic_free_response,1.709,5.661,22.72,22.72,0.0,296.49,14.97,8.45,268.88,1,Off,35.72,812.81
1789623900000000000,2026-09-17T05:45:00Z,synthetic_free_response,1.783,5.588,24.05,24.05,0.0,296.48,14.96,9.15,262.84,3,Off,1431.91,363.82
1789623960000000000,2026-09-17T05:46:00Z,synthetic_free_response,1.844,5.615,26.41,26.41,0.0,296.46,14.93,9.91,266.5,2,Off,1390.73,334.51
1789624020000000000,2026-09-17T05:47:00Z,synthetic_free_response,1.761,5.609,24.74,24.74,0.0,296.46,14.92,9.15,270.38,3,Off,1390.57,340.56
1789624080000000000,2026-09-17T05:48:00Z,synthetic_free_response,1.726,5.578,26.48,26.48,0.0,296.45,14.91,7.92,334.34,1,Off,1369.08,361.74
1789624140000000000,2026-09-17T05:49:00Z,synthetic_free_response,1.659,5.608,24.54,24.54,0.0,296.44,14.88,7.57,324.17,1,Off,1335.76,368.54
1789624200000000000,2026-09-17T05:50:00Z,synthetic_free_response,1.737,5.625,22.15,22.15,0.0,296.44,14.87,8.67,255.48,3,Off,1312.0,356.11
1789624260000000000,2026-09-17T05:51:00Z,synthetic_free_response,1.735,5.627,20.72,20.72,0.0,296.42,14.84,8.11,255.49,3,Off,1294.86,368.52
1789624320000000000,2026-09-17T05:52:00Z,synthetic_free_response,1.801,5.662,19.28,19.28,0.0,296.4,14.81,8.9,216.63,2,Off,1266.11,379.18
1789624380000000000,2026-09-17T05:53:00Z,synthetic_free_response,1.745,5.613,18.84,18.84,0.0,296.39,14.78,9.25,203.68,3,Off,1252.88,392.34
1789624440000000000,2026-09-17T05:54:00Z,synthetic_free_response,1.744,5.559,19.01,19.01,0.0,296.37,14.74,7.73,245.92,3,Off,1261.45,374.73
1789624500000000000,2026-09-17T05:55:00Z,synthetic_free_response,1.709,5.371,18.83,18.83,0.0,296.37,14.73,7.15,263.36,1,Off,1243.85,355.69
1789624560000000000,2026-09-17T05:56:00Z,synthetic_free_response,1.712,5.348,17.69,17.69,0.0,296.35,14.7,7.99,221.4,2,Off,1195.17,378.58
1789624620000000000,2026-09-17T05:57:00Z,synthetic_free_response,1.742,5.315,16.84,16.84,0.0,296.35,14.69,8.73,192.9,1,Off,1234.4,361.72
1789624680000000000,2026-09-17T05:58:00Z,synthetic_free_response,1.669,5.322,15.34,15.34,0.0,296.34,14.68,7.63,201.05,2,Off,1277.38,334.29
1789624740000000000,2026-09-17T05:59:00Z,synthetic_free_response,1.664,5.377,14.3,14.3,0.0,296.33,14.67,7.77,184.04,3,Off,1239.24,324.03
1789624800000000000,2026-09-17T06:00:00Z,synthetic_free_response,1.67,5.387,13.9,13.9,0.0,296.32,14.64,7.86,176.84,2,Off,1219.75,315.31
1789624860000000000,2026-09-17T06:01:00Z,synthetic_free_response,1.699,5.489,14.18,14.18,0.0,296.31,14.62,7.26,195.32,1,Off,1267.41,333.49
1789624920000000000,2026-09-17T06:02:00Z,synthetic_free_response,1.684,5.461,14.51,14.51,0.0,296.3,14.59,7.95,182.52,1,Off,1222.57,341.82
1789624980000000000,2026-09-17T06:03:00Z,synthetic_free_response,1.683,5.427,13.97,13.97,0.0,296.27,14.55,7.16,195.11,1,Off,1227.79,345.63
1789625040000000000,2026-09-17T06:04:00Z,synthetic_free_response,1.714,5.391,14.07,14.07,0.0,296.27,14.55,7.78,180.85,1,Off,1182.56,359.09
1789625100000000000,2026-09-17T06:05:00Z,synthetic_free_response,1.613,5.39,15.3,15.3,0.0,296.26,14.53,6.5,235.38,1,Off,1177.94,359.59
1789625160000000000,2026-09-17T06:06:00Z,synthetic_free_response,1.601,5.405,13.8,13.8,0.0,296.26,14.52,6.32,218.35,1,Off,1203.94,384.7
1789625220000000000,2026-09-17T06:07:00Z,synthetic_free_response,1.653,5.395,14.94,14.94,0.0,296.25,14.49,6.72,222.32,2,Off,1198.74,410.45
1789625280000000000,2026-09-17T06:08:00Z,synthetic_free_response,1.664,5.357,15.19,15.19,0.0,296.24,14.47,7.64,198.82,3,Off,1210.48,431.35
1789625340000000000,2026-09-17T06:09:00Z,synthetic_free_response,1.608,5.362,14.32,14.32,0.0,296.22,14.44,6.66,215.02,2,Off,1299.2,449.05
1789625400000000000,2026-09-17T06:10:00Z,synthetic_free_response,1.684,5.392,14.61,14.61,0.0,296.21,14.43,8.1,180.37,1,Off,1326.73,444.57
1789625460000000000,2026-09-17T06:11:00Z,synthetic_free_response,1.755,5.277,14.85,14.85,0.0,296.2,14.4,7.69,193.11,3,Off,1347.32,459.72
1789625520000000000,2026-09-17T06:12:00Z,synthetic_free_response,1.761,5.366,14.4,14.4,0.0,296.19,14.37,9.04,159.29,1,Off,1370.2,440.08
1789625580000000000,2026-09-17T06:13:00Z,synthetic_free_response,1.777,5.323,15.47,15.47,0.0,296.17,14.34,8.18,189.12,1,Off,1351.88,414.43
1789625640000000000,2026-09-17T06:14:00Z,synthetic_free_response,1.719,5.281,15.03,15.03,0.0,296.15,14.31,7.07,212.59,1,Off,1398.48,399.24
1789625700000000000,2026-09-17T06:15:00Z,synthetic_free_response,1.73,5.323,14.83,14.83,0.0,296.14,14.28,8.38,176.97,3,Off,1364.72,369.7
1789625760000000000,2026-09-17T06:16:00Z,synthetic_free_response,1.716,5.357,14.83,14.83,0.0,296.13,14.27,8.01,185.14,2,Off,1389.63,356.61
1789625820000000000,2026-09-17T06:17:00Z,synthetic_free_response,1.702,5.394,14.38,14.38,0.0,296.13,14.26,7.58,189.71,2,Off,1414.92,341.55
1789625880000000000,2026-09-17T06:18:00Z,synthetic_free_response,1.744,5.439,14.67,14.67,0.0,296.12,14.25,8.97,163.55,3,Off,1415.69,360.46
1789625940000000000,2026-09-17T06:19:00Z,synthetic_free_response,1.822,5.454,15.82,15.82,0.0,296.12,14.25,8.64,183.1,2,Off,1376.63,350.24
1789626000000000000,2026-09-17T06:20:00Z,synthetic_free_response,1.875,5.477,15.13,15.13,0.0,296.11,14.21,9.6,157.6,3,Off,1416.0,364.4
1789626060000000000,2026-09-17T06:21:00Z,synthetic_free_response,1.866,5.492,15.97,15.97,0.0,296.1,14.2,10.27,155.5,3,Off,1374.12,373.61
1789626120000000000,2026-09-17T06:22:00Z,synthetic_free_response,1.946,5.494,15.51,15.51,0.0,296.1,14.19,11.19,138.61,2,Off,1405.69,366.7
1789626180000000000,2026-09-17T06:23:00Z,synthetic_free_response,1.882,5.423,15.27,15.27,0.0,296.08,14.17,10.47,145.85,2,Off,1452.2,383.91
1789626240000000000,2026-09-17T06:24:00Z,synthetic_free_response,1.928,5.533,15.09,15.09,0.0,296.08,14.16,10.7,141.03,3,Off,1422.52,399.75
1789626300000000000,2026-09-17T06:25:00Z,synthetic_free_response,1.858,5.498,14.25,14.25,0.0,296.07,14.14,9.28,153.56,3,Off,1449.24,428.64
1789626360000000000,2026-09-17T06:26:00Z,synthetic_free_response,1.839,5.559,13.45,13.45,0.0,296.06,14.11,9.74,138.09,2,Off,1492.2,401.03
1789626420000000000,2026-09-17T06:27:00Z,synthetic_free_response,1.894,5.517,13.32,13.32,0.0,296.05,14.1,10.69,124.6,2,Off,1500.0,415.1
1789626480000000000,2026-09-17T06:28:00Z,synthetic_free_response,1.897,5.572,12.61,12.61,0.0,296.05,14.09,10.36,121.72,3,Off,581.2,699.03
1789626540000000000,2026-09-17T06:29:00Z,synthetic_free_response,1.923,5.567,12.99,12.99,0.0,296.04,14.08,9.89,131.34,2,Off,606.15,721.99
1789626600000000000,2026-09-17T06:30:00Z,synthetic_free_response,1.889,5.507,12.19,12.19,0.0,296.03,14.06,9.93,122.76,1,Off,590.84,734.33
1789626660000000000,2026-09-17T06:31:00Z,synthetic_free_response,1.879,5.395,11.49,11.49,0.0,296.02,14.05,8.82,130.27,3,Off,589.27,754.47
1789626720000000000,2026-09-17T06:32:00Z,synthetic_free_response,1.904,5.481,12.59,12.59,0.0,296.01,14.03,9.11,138.2,3,Off,1418.02,307.82
1789626780000000000,2026-09-17T06:33:00Z,synthetic_free_response,1.896,5.448,13.32,13.32,0.0,296.0,14.01,9.44,141.1,1,Off,1449.84,325.58
1789626840000000000,2026-09-17T06:34:00Z,synthetic_free_response,1.818,5.479,14.45,14.45,0.0,296.0,14.0,8.39,172.23,2,Off,1431.92,351.56
1789626900000000000,2026-09-17T06:35:00Z,synthetic_free_response,1.834,5.554,15.82,15.82,0.0,295.99,13.98,9.86,160.45,1,Off,1468.99,376.99
1789626960000000000,2026-09-17T06:36:00Z,synthetic_free_response,1.836,5.538,16.34,16.34,0.0,295.99,13.97,8.85,184.63,3,Off,1470.44,373.61
1789627020000000000,2026-09-17T06:37:00Z,synthetic_free_response,1.851,5.587,16.35,16.35,0.0,295.96,13.93,9.68,168.9,1,Off,1436.39,351.15
1789627080000000000,2026-09-17T06:38:00Z,synthetic_free_response,1.882,5.594,15.83,15.83,0.0,295.96,13.92,9.05,174.92,2,Off,1456.06,361.83
1789627140000000000,2026-09-17T06:39:00Z,synthetic_free_response,1.923,5.564,16.15,16.15,0.0,295.95,13.9,10.61,152.21,3,Off,1444.85,346.07
1789627200000000000,2026-09-17T06:40:00Z,synthetic_free_response,1.965,5.485,15.64,15.64,0.0,295.95,13.9,11.15,140.27,2,Off,1444.38,355.47
1789627260000000000,2026-09-17T06:41:00Z,synthetic_free_response,1.921,5.457,17.07,17.07,0.0,295.94,13.87,10.74,158.94,2,Off,1452.46,340.16
1789627320000000000,2026-09-17T06:42:00Z,synthetic_free_response,1.926,5.419,15.56,15.56,0.0,295.92,13.84,10.09,154.21,2,Off,1499.27,351.66
1789627380000000000,2026-09-17T06:43:00Z,synthetic_free_response,1.926,5.488,16.31,16.31,0.0,295.92,13.83,11.18,145.89,2,Off,1500.0,339.42
1789627440000000000,2026-09-17T06:44:00Z,synthetic_free_response,1.929,5.516,16.42,16.42,0.0,295.91,13.82,10.39,158.04,1,Off,1500.0,362.8
1789627500000000000,2026-09-17T06:45:00Z,synthetic_free_response,1.997,5.471,14.78,14.78,0.0,295.9,13.81,10.95,134.98,3,Off,1500.0,343.08
1789627560000000000,2026-09-17T06:46:00Z,synthetic_free_response,1.98,5.469,14.43,14.43,0.0,295.89,13.78,11.31,127.59,1,Off,1500.0,346.39
1789627620000000000,2026-09-17T06:47:00Z,synthetic_free_response,1.975,5.426,13.05,13.05,0.0,295.88,13.77,11.16,116.94,3,Off,1500.0,331.15
1789627680000000000,2026-09-17T06:48:00Z,synthetic_free_response,2.007,5.412,12.42,12.42,0.0,295.87,13.74,11.72,105.97,2,Off,1500.0,348.23
1789627740000000000,2026-09-17T06:49:00Z,synthetic_free_response,1.937,5.421,11.89,11.89,0.0,295.86,13.72,10.87,109.38,3,Off,1500.0,330.85
1789627800000000000,2026-09-17T06:50:00Z,synthetic_free_response,1.941,5.528,11.73,11.73,0.0,295.85,13.69,11.14,105.3,1,Off,1500.0,349.0
1789627860000000000,2026-09-17T06:51:00Z,synthetic_free_response,2.026,5.577,12.72,12.72,0.0,295.83,13.67,10.9,116.7,3,Off,1500.0,332.31
1789627920000000000,2026-09-17T06:52:00Z,synthetic_free_response,2.099,5.462,12.43,12.43,0.0,295.83,13.66,11.66,106.6,1,Off,1500.0,346.07
1789627980000000000,2026-09-17T06:53:00Z,synthetic_free_response,2.099,5.422,12.36,12.36,0.0,295.82,13.64,11.62,106.37,3,Off,1500.0,364.13
1789628040000000000,2026-09-17T06:54:00Z,synthetic_free_response,2.17,5.424,12.36,12.36,0.0,295.81,13.63,13.8,89.57,2,Off,1500.0,352.25
1789628100000000000,2026-09-17T06:55:00Z,synthetic_free_response,2.182,5.445,12.16,12.16,0.0,295.81,13.63,12.06,100.83,3,Off,1500.0,369.18
1789628160000000000,2026-09-17T06:56:00Z,synthetic_free_response,2.113,5.459,11.23,11.23,0.0,295.8,13.6,11.32,99.2,1,Off,1500.0,342.7
1789628220000000000,2026-09-17T06:57:00Z,synthetic_free_response,2.035,5.403,11.95,11.95,0.0,295.79,13.57,10.8,110.65,3,Off,1500.0,321.27
1789628280000000000,2026-09-17T06:58:00Z,synthetic_free_response,1.997,5.352,11.09,11.09,0.0,295.78,13.56,11.66,95.11,1,Off,1500.0,349.9
1789628340000000000,2026-09-17T06:59:00Z,synthetic_free_response,1.908,5.38,10.73,10.73,0.0,295.77,13.54,10.63,100.94,2,Off,1500.0,360.8
1789628400000000000,2026-09-17T07:00:00Z,synthetic_free_response,1.86,5.419,10.5,10.5,0.0,295.76,13.53,9.84,106.71,3,Off,1500.0,334.69
1789628460000000000,2026-09-17T07:01:00Z,synthetic_free_response,1.818,5.518,9.98,9.98,0.0,295.75,13.5,9.74,102.46,3,Off,1500.0,347.89
1789628520000000000,2026-09-17T07:02:00Z,synthetic_free_response,1.737,5.525,9.91,9.91,0.0,295.74,13.47,7.84,126.4,2,Off,1500.0,360.64
1789628580000000000,2026-09-17T07:03:00Z,synthetic_free_response,1.743,5.648,10.86,10.86,0.0,295.72,13.44,8.84,122.85,1,Off,1500.0,349.46
1789628640000000000,2026-09-17T07:04:00Z,synthetic_free_response,1.72,5.707,10.99,10.99,0.0,295.71,13.43,7.72,142.36,3,Off,1500.0,331.7
1789628700000000000,2026-09-17T07:05:00Z,synthetic_free_response,1.759,5.735,11.11,11.11,0.0,295.71,13.43,9.56,116.21,3,Off,1500.0,324.41
1789628760000000000,2026-09-17T07:06:00Z,synthetic_free_response,1.785,5.764,11.16,11.16,0.0,295.7,13.4,9.73,114.7,2,Off,1500.0,353.99
1789628820000000000,2026-09-17T07:07:00Z,synthetic_free_response,1.845,5.645,10.87,10.87,0.0,295.69,13.37,9.98,108.92,2,Off,1500.0,346.02
1789628880000000000,2026-09-17T07:08:00Z,synthetic_free_response,1.876,5.639,10.63,10.63,0.0,295.68,13.36,9.3,114.3,1,Off,1500.0,373.0
1789628940000000000,2026-09-17T07:09:00Z,synthetic_free_response,1.848,5.647,9.97,9.97,0.0,295.67,13.34,9.41,105.95,2,Off,1500.0,398.2
1789629000000000000,2026-09-17T07:10:00Z,synthetic_free_response,1.92,5.771,10.78,10.78,0.0,295.65,13.31,11.04,97.64,2,Off,1500.0,428.03
1789629060000000000,2026-09-17T07:11:00Z,synthetic_free_response,1.928,5.721,10.99,10.99,0.0,295.64,13.29,11.28,97.43,3,Off,1500.0,402.4
1789629120000000000,2026-09-17T07:12:00Z,synthetic_free_response,1.969,5.771,10.19,10.19,0.0,295.64,13.28,11.34,89.86,2,On,1500.0,408.61
1789629180000000000,2026-09-17T07:13:00Z,synthetic_free_response,1.947,5.661,10.99,10.99,0.0,295.62,13.25,10.77,102.04,2,On,1500.0,436.92
1789629240000000000,2026-09-17T07:14:00Z,synthetic_free_response,1.935,5.635,10.81,10.81,0.0,295.62,13.23,10.07,107.35,1,On,1500.0,453.72
1789629300000000000,2026-09-17T07:15:00Z,synthetic_free_response,1.946,5.607,10.74,10.74,0.0,295.61,13.21,9.62,111.64,3,On,1500.0,459.32
1789629360000000000,2026-09-17T07:16:00Z,synthetic_free_response,1.9,5.627,11.08,11.08,0.0,295.59,13.18,10.92,101.47,1,On,1500.0,489.01
1789629420000000000,2026-09-17T07:17:00Z,synthetic_free_response,1.881,5.625,10.96,10.96,0.0,295.58,13.16,9.42,116.35,3,On,1500.0,484.86
1789629480000000000,2026-09-17T07:18:00Z,synthetic_free_response,1.788,5.583,11.83,11.83,0.0,295.57,13.14,8.6,137.56,2,On,1500.0,506.07
1789629540000000000,2026-09-17T07:19:00Z,synthetic_free_response,1.746,5.663,12.18,12.18,0.0,295.56,13.13,8.72,139.68,2,On,1500.0,477.81
1789629600000000000,2026-09-17T07:20:00Z,synthetic_free_response,1.86,5.648,10.99,10.99,0.0,295.56,13.12,9.14,120.24,3,On,1500.0,472.8
1789629660000000000,2026-09-17T07:21:00Z,synthetic_free_response,1.92,5.674,11.33,11.33,0.0,295.56,13.11,9.95,113.87,1,On,1500.0,481.4
1789629720000000000,2026-09-17T07:22:00Z,synthetic_free_response,1.92,5.635,10.52,10.52,0.0,295.54,13.08,9.57,109.93,3,On,1500.0,473.58
1789629780000000000,2026-09-17T07:23:00Z,synthetic_free_response,1.966,5.689,10.44,10.44,0.0,295.53,13.06,10.68,97.75,3,On,1500.0,460.71
1789629840000000000,2026-09-17T07:24:00Z,synthetic_free_response,1.915,5.705,9.71,9.71,0.0,295.51,13.03,10.32,94.09,1,On,1500.0,465.75
1789629900000000000,2026-09-17T07:25:00Z,synthetic_free_response,1.857,5.626,9.58,9.58,0.0,295.51,13.02,10.13,94.57,3,On,1500.0,445.85
1789629960000000000,2026-09-17T07:26:00Z,synthetic_free_response,1.878,5.673,9.28,9.28,0.0,295.5,13.01,9.43,98.41,3,On,1500.0,438.85
1789630020000000000,2026-09-17T07:27:00Z,synthetic_free_response,1.881,5.767,9.74,9.74,0.0,295.49,12.98,9.22,105.64,3,On,1500.0,467.11
1789630080000000000,2026-09-17T07:28:00Z,synthetic_free_response,1.864,5.685,9.94,9.94,0.0,295.48,12.96,8.89,111.81,1,On,1500.0,447.19
1789630140000000000,2026-09-17T07:29:00Z,synthetic_free_response,1.837,5.679,9.32,9.32,0.0,295.46,12.93,10.14,91.91,1,On,1500.0,420.23
1789630200000000000,2026-09-17T07:30:00Z,synthetic_free_response,1.874,5.759,8.43,8.43,0.0,295.45,12.9,9.58,88.0,3,On,1500.0,433.69
1789630260000000000,2026-09-17T07:31:00Z,synthetic_free_response,1.896,5.802,8.74,8.74,0.0,295.44,12.87,9.72,89.92,3,On,1500.0,421.66
1789630320000000000,2026-09-17T07:32:00Z,synthetic_free_response,1.922,5.746,9.35,9.35,0.0,295.42,12.84,11.35,82.38,1,On,1500.0,447.97
1789630380000000000,2026-09-17T07:33:00Z,synthetic_free_response,1.901,5.74,10.02,10.02,0.0,295.41,12.82,9.57,104.7,1,On,1500.0,461.91
1789630440000000000,2026-09-17T07:34:00Z,synthetic_free_response,1.926,5.782,9.69,9.69,0.0,295.4,12.81,10.6,91.42,1,On,983.6,637.4
1789630500000000000,2026-09-17T07:35:00Z,synthetic_free_response,1.924,5.77,10.02,10.02,0.0,295.38,12.77,10.13,98.91,2,On,659.18,568.67
1789630560000000000,2026-09-17T07:36:00Z,synthetic_free_response,1.931,5.806,9.41,9.41,0.0,295.38,12.76,9.8,96.02,1,On,694.82,573.82
1789630620000000000,2026-09-17T07:37:00Z,synthetic_free_response,1.871,5.82,9.92,9.92,0.0,295.37,12.74,9.88,100.4,3,On,726.44,573.47
1789630680000000000,2026-09-17T07:38:00Z,synthetic_free_response,1.87,5.831,9.14,9.14,0.0,295.36,12.72,10.98,83.24,1,On,759.43,567.25
1789630740000000000,2026-09-17T07:39:00Z,synthetic_free_response,1.854,5.922,8.98,8.98,0.0,295.35,12.7,10.07,89.18,3,On,807.76,539.87
1789630800000000000,2026-09-17T07:40:00Z,synthetic_free_response,1.862,5.922,8.65,8.65,0.0,295.33,12.67,10.65,81.22,1,On,769.87,569.2
1789630860000000000,2026-09-17T07:41:00Z,synthetic_free_response,1.939,5.927,8.33,8.33,0.0,295.33,12.66,10.27,81.11,2,On,730.93,567.85
1789630920000000000,2026-09-17T07:42:00Z,synthetic_free_response,1.946,5.971,7.96,7.96,0.0,295.31,12.63,12.04,66.11,3,On,707.76,595.37
1789630980000000000,2026-09-17T07:43:00Z,synthetic_free_response,1.951,5.946,7.28,7.28,0.0,295.31,12.62,11.75,61.96,2,On,730.81,588.67
1789631040000000000,2026-09-17T07:44:00Z,synthetic_free_response,1.984,5.981,7.91,7.91,0.0,295.29,12.58,11.63,68.01,1,On,1021.65,525.9
1789631100000000000,2026-09-17T07:45:00Z,synthetic_free_response,1.95,5.938,7.71,7.71,0.0,295.29,12.58,11.65,66.18,1,On,1060.45,501.83
1789631160000000000,2026-09-17T07:46:00Z,synthetic_free_response,1.995,5.961,7.71,7.71,0.0,295.27,12.55,12.64,61.0,3,On,1070.55,486.03
1789631220000000000,2026-09-17T07:47:00Z,synthetic_free_response,2.057,5.977,7.9,7.9,0.0,295.26,12.52,13.0,60.77,3,On,1047.62,461.54
1789631280000000000,2026-09-17T07:48:00Z,synthetic_free_response,2.082,5.999,7.58,7.58,0.0,295.25,12.5,14.29,53.04,1,On,1004.97,479.24
1789631340000000000,2026-09-17T07:49:00Z,synthetic_free_response,2.088,5.945,7.84,7.84,0.0,295.24,12.47,11.78,66.55,2,On,963.95,496.53
1789631400000000000,2026-09-17T07:50:00Z,synthetic_free_response,2.096,5.907,8.38,8.38,0.0,295.23,12.46,11.89,70.48,2,On,961.48,515.59
1789631460000000000,2026-09-17T07:51:00Z,synthetic_free_response,2.036,5.873,8.95,8.95,0.0,295.21,12.43,12.9,69.38,2,On,997.77,495.97
1789631520000000000,2026-09-17T07:52:00Z,synthetic_free_response,2.087,5.886,8.63,8.63,0.0,295.21,12.42,13.44,64.21,1,On,990.41,484.31
1789631580000000000,2026-09-17T07:53:00Z,synthetic_free_response,2.028,5.852,8.27,8.27,0.0,295.2,12.41,12.92,64.01,2,On,999.47,503.54
1789631640000000000,2026-09-17T07:54:00Z,synthetic_free_response,2.095,5.85,8.02,8.02,0.0,295.19,12.38,13.17,60.9,1,On,1029.83,517.78
1789631700000000000,2026-09-17T07:55:00Z,synthetic_free_response,2.071,5.92,8.32,8.32,0.0,295.18,12.36,12.87,64.65,2,On,1039.68,535.11
1789631760000000000,2026-09-17T07:56:00Z,synthetic_free_response,1.999,5.97,7.93,7.93,0.0,295.18,12.35,12.64,62.74,1,On,1012.51,540.04
1789631820000000000,2026-09-17T07:57:00Z,synthetic_free_response,1.993,5.877,8.21,8.21,0.0,295.16,12.32,12.34,66.53,3,On,1010.26,539.25
1789631880000000000,2026-09-17T07:58:00Z,synthetic_free_response,1.987,5.944,7.6,7.6,0.0,295.14,12.29,11.48,66.2,1,On,934.56,446.63
1789631940000000000,2026-09-17T07:59:00Z,synthetic_free_response,2.075,5.933,8.2,8.2,0.0,295.13,12.27,13.06,62.79,3,On,900.19,467.0
1789632000000000000,2026-09-17T08:00:00Z,synthetic_free_response,2.039,5.925,8.48,8.48,0.0,295.12,12.25,13.06,64.93,1,On,526.43,408.68
1789632060000000000,2026-09-17T08:01:00Z,synthetic_free_response,2.04,5.882,8.2,8.2,0.0,295.11,12.22,11.98,68.45,3,On,480.45,416.3
1789632120000000000,2026-09-17T08:02:00Z,synthetic_free_response,2.08,5.863,8.85,8.85,0.0,295.11,12.21,13.36,66.24,2,On,493.56,413.3
1789632180000000000,2026-09-17T08:03:00Z,synthetic_free_response,2.059,5.906,9.09,9.09,0.0,295.1,12.2,11.54,78.77,3,On,486.66,441.69
1789632240000000000,2026-09-17T08:04:00Z,synthetic_free_response,2.035,5.908,9.55,9.55,0.0,295.09,12.18,13.35,71.54,1,On,531.8,469.62
1789632300000000000,2026-09-17T08:05:00Z,synthetic_free_response,1.94,5.897,9.55,9.55,0.0,295.08,12.16,10.95,87.21,3,On,499.93,497.55
1789632360000000000,2026-09-17T08:06:00Z,synthetic_free_response,2.005,5.854,10.41,10.41,0.0,295.06,12.13,11.56,90.05,3,On,539.14,475.49
1789632420000000000,2026-09-17T08:07:00Z,synthetic_free_response,1.965,5.823,10.38,10.38,0.0,295.06,12.11,10.61,97.83,2,On,524.5,463.78
1789632480000000000,2026-09-17T08:08:00Z,synthetic_free_response,1.929,5.757,11.29,11.29,0.0,295.05,12.09,10.04,112.45,1,On,486.16,454.24
1789632540000000000,2026-09-17T08:09:00Z,synthetic_free_response,1.917,5.84,10.74,10.74,0.0,295.03,12.06,9.82,109.37,2,On,507.79,438.71
1789632600000000000,2026-09-17T08:10:00Z,synthetic_free_response,1.899,5.798,11.26,11.26,0.0,295.02,12.05,10.64,105.83,1,On,538.59,455.22
1789632660000000000,2026-09-17T08:11:00Z,synthetic_free_response,1.923,5.78,11.65,11.65,0.0,295.01,12.02,10.45,111.48,2,On,567.89,428.25
1789632720000000000,2026-09-17T08:12:00Z,synthetic_free_response,1.891,5.772,12.19,12.19,0.0,295.0,12.01,9.32,130.79,3,On,608.41,454.27
1789632780000000000,2026-09-17T08:13:00Z,synthetic_free_response,1.832,5.811,11.29,11.29,0.0,295.0,11.99,9.95,113.47,2,On,564.34,474.48
1789632840000000000,2026-09-17T08:14:00Z,synthetic_free_response,1.825,5.834,11.7,11.7,0.0,294.98,11.95,8.77,133.41,2,On,552.09,469.49
1789632900000000000,2026-09-17T08:15:00Z,synthetic_free_response,1.756,5.746,10.9,10.9,0.0,294.97,11.94,9.3,117.2,2,On,582.28,470.15
1789632960000000000,2026-09-17T08:16:00Z,synthetic_free_response,1.785,5.681,11.56,11.56,0.0,294.96,11.93,8.58,134.73,3,On,555.08,453.08
1789633020000000000,2026-09-17T08:17:00Z,synthetic_free_response,1.805,5.61,12.26,12.26,0.0,294.95,11.9,9.73,126.0,3,On,565.02,442.97
1789633080000000000,2026-09-17T08:18:00Z,synthetic_free_response,1.812,5.549,12.46,12.46,0.0,294.94,11.88,9.57,130.2,2,On,587.49,470.23
1789633140000000000,2026-09-17T08:19:00Z,synthetic_free_response,1.795,5.501,12.6,12.6,0.0,294.93,11.86,9.68,130.17,3,On,623.87,464.54
1789633200000000000,2026-09-17T08:20:00Z,synthetic_free_response,1.728,5.503,11.35,11.35,0.0,294.92,11.84,7.52,150.93,2,On,646.6,490.49
1789633260000000000,2026-09-17T08:21:00Z,synthetic_free_response,1.712,5.433,12.48,12.48,0.0,294.92,11.83,8.31,150.18,1,On,601.57,474.64
1789633320000000000,2026-09-17T08:22:00Z,synthetic_free_response,1.616,5.375,12.9,12.9,0.0,294.9,11.8,6.6,195.45,3,On,569.87,500.01
1789633380000000000,2026-09-17T08:23:00Z,synthetic_free_response,1.619,5.37,13.0,13.0,0.0,294.89,11.78,7.71,168.61,3,On,531.95,493.42
1789633440000000000,2026-09-17T08:24:00Z,synthetic_free_response,1.589,5.439,13.6,13.6,0.0,294.88,11.77,7.41,183.54,3,On,493.64,503.36
1789633500000000000,2026-09-17T08:25:00Z,synthetic_free_response,1.643,5.319,13.09,13.09,0.0,294.87,11.74,7.08,184.89,3,On,465.51,528.68
1789633560000000000,2026-09-17T08:26:00Z,synthetic_free_response,1.641,5.341,13.89,13.89,0.0,294.86,11.71,7.51,184.95,1,On,508.39,515.57
1789633620000000000,2026-09-17T08:27:00Z,synthetic_free_response,1.681,5.353,13.69,13.69,0.0,294.85,11.7,7.05,194.18,1,On,466.93,541.47
1789633680000000000,2026-09-17T08:28:00Z,synthetic_free_response,1.752,5.368,15.05,15.05,0.0,294.84,11.68,7.79,193.2,3,On,482.58,566.39
1789633740000000000,2026-09-17T08:29:00Z,synthetic_free_response,1.795,5.347,15.08,15.08,0.0,294.82,11.65,9.41,160.26,3,On,528.26,577.31
1789633800000000000,2026-09-17T08:30:00Z,synthetic_free_response,1.791,5.345,14.6,14.6,0.0,294.81,11.63,8.2,178.05,2,On,692.94,962.31
1789633860000000000,2026-09-17T08:31:00Z,synthetic_free_response,1.857,5.381,14.6,14.6,0.0,294.8,11.6,8.86,164.79,2,On,701.14,981.7
1789633920000000000,2026-09-17T08:32:00Z,synthetic_free_response,1.87,5.329,13.83,13.83,0.0,294.8,11.59,8.75,158.06,2,On,674.03,971.85
1789633980000000000,2026-09-17T08:33:00Z,synthetic_free_response,1.838,5.335,14.02,14.02,0.0,294.8,11.59,9.63,145.59,2,On,717.75,951.0
1789634040000000000,2026-09-17T08:34:00Z,synthetic_free_response,1.813,5.234,12.66,12.66,0.0,294.79,11.58,8.14,155.53,3,On,733.32,953.81
1789634100000000000,2026-09-17T08:35:00Z,synthetic_free_response,1.866,5.329,13.38,13.38,0.0,294.77,11.54,8.44,158.53,2,On,748.56,962.63
1789634160000000000,2026-09-17T08:36:00Z,synthetic_free_response,1.904,5.33,13.33,13.33,0.0,294.75,11.51,9.28,143.64,3,On,721.59,960.01
1789634220000000000,2026-09-17T08:37:00Z,synthetic_free_response,1.921,5.293,14.42,14.42,0.0,294.74,11.48,9.4,153.4,1,On,733.53,935.47
1789634280000000000,2026-09-17T08:38:00Z,synthetic_free_response,1.804,5.297,14.8,14.8,0.0,294.73,11.46,8.42,175.77,1,On,694.65,930.62
1789634340000000000,2026-09-17T08:39:00Z,synthetic_free_response,1.877,5.267,16.01,16.01,0.0,294.71,11.43,9.77,163.87,2,On,677.51,902.17
1789634400000000000,2026-09-17T08:40:00Z,synthetic_free_response,1.965,5.216,14.83,14.83,0.0,294.71,11.42,9.27,159.98,3,On,641.59,896.12
1789634460000000000,2026-09-17T08:41:00Z,synthetic_free_response,2.035,5.204,14.2,14.2,0.0,294.7,11.4,11.31,125.55,2,On,604.8,867.14
1789634520000000000,2026-09-17T08:42:00Z,synthetic_free_response,1.966,5.276,15.21,15.21,0.0,294.69,11.37,9.61,158.27,2,On,639.04,841.64
1789634580000000000,2026-09-17T08:43:00Z,synthetic_free_response,1.928,5.351,15.36,15.36,0.0,294.67,11.34,9.82,156.42,1,On,638.23,856.63
1789634640000000000,2026-09-17T08:44:00Z,synthetic_free_response,1.845,5.377,14.97,14.97,0.0,294.67,11.33,8.55,175.09,3,On,647.23,863.62
1789634700000000000,2026-09-17T08:45:00Z,synthetic_free_response,1.852,5.52,14.29,14.29,0.0,294.64,11.29,9.11,156.86,3,On,599.66,877.18
1789634760000000000,2026-09-17T08:46:00Z,synthetic_free_response,1.884,5.44,14.72,14.72,0.0,294.63,11.27,9.66,152.38,3,On,1449.1,397.14
1789634820000000000,2026-09-17T08:47:00Z,synthetic_free_response,1.917,5.408,14.74,14.74,0.0,294.62,11.24,10.15,145.22,2,On,1430.9,387.52
1789634880000000000,2026-09-17T08:48:00Z,synthetic_free_response,1.913,5.443,14.61,14.61,0.0,294.61,11.21,10.94,133.55,3,On,1418.84,414.79
1789634940000000000,2026-09-17T08:49:00Z,synthetic_free_response,1.913,5.442,14.88,14.88,0.0,294.6,11.19,9.58,155.32,3,On,1435.65,416.33
1789635000000000000,2026-09-17T08:50:00Z,synthetic_free_response,1.978,5.377,16.25,16.25,0.0,294.58,11.17,11.11,146.26,2,On,1482.23,441.79
1789635060000000000,2026-09-17T08:51:00Z,synthetic_free_response,1.957,5.413,17.73,17.73,0.0,294.57,11.14,10.11,175.37,1,On,1500.0,428.94
1789635120000000000,2026-09-17T08:52:00Z,synthetic_free_response,1.945,5.383,18.18,18.18,0.0,294.57,11.14,11.06,164.38,1,On,1500.0,400.95
1789635180000000000,2026-09-17T08:53:00Z,synthetic_free_response,1.921,5.349,19.01,19.01,0.0,294.56,11.11,9.36,203.1,2,On,1500.0,388.29
1789635240000000000,2026-09-17T08:54:00Z,synthetic_free_response,2.008,5.36,19.81,19.81,0.0,294.56,11.11,11.46,172.86,2,On,1500.0,363.53
1789635300000000000,2026-09-17T08:55:00Z,synthetic_free_response,2.055,5.315,20.89,20.89,0.0,294.55,11.09,12.12,172.36,2,On,1500.0,357.7
1789635360000000000,2026-09-17T08:56:00Z,synthetic_free_response,2.024,5.242,21.81,21.81,0.0,294.53,11.06,10.15,214.88,2,On,1500.0,367.87
1789635420000000000,2026-09-17T08:57:00Z,synthetic_free_response,2.034,5.299,20.88,20.88,0.0,294.52,11.05,11.7,178.46,2,On,1500.0,390.1
1789635480000000000,2026-09-17T08:58:00Z,synthetic_free_response,1.971,5.354,22.21,22.21,0.0,294.51,11.03,10.1,219.9,2,On,1500.0,396.15
1789635540000000000,2026-09-17T08:59:00Z,synthetic_free_response,1.996,5.327,22.38,22.38,0.0,294.5,11.0,10.39,215.4,2,On,1500.0,383.94
1789635600000000000,2026-09-17T09:00:00Z,synthetic_free_response,2.026,5.316,22.33,22.33,0.0,294.49,10.97,10.2,218.92,1,On,1500.0,408.29
1789635660000000000,2026-09-17T09:01:00Z,synthetic_free_response,2.116,5.315,21.84,21.84,0.0,294.47,10.94,13.06,167.23,3,On,1500.0,408.61
1789635720000000000,2026-09-17T09:02:00Z,synthetic_free_response,2.183,5.329,22.01,22.01,0.0,294.45,10.91,13.44,163.76,1,On,1500.0,415.71
1789635780000000000,2026-09-17T09:03:00Z,synthetic_free_response,2.254,5.269,21.92,21.92,0.0,294.44,10.88,12.59,174.11,1,On,1500.0,401.86
1789635840000000000,2026-09-17T09:04:00Z,synthetic_free_response,2.205,5.294,22.89,22.89,0.0,294.44,10.88,12.05,189.96,2,On,1500.0,394.09
1789635900000000000,2026-09-17T09:05:00Z,synthetic_free_response,2.263,5.347,24.67,24.67,0.0,294.43,10.85,14.91,165.46,2,On,1500.0,412.78
1789635960000000000,2026-09-17T09:06:00Z,synthetic_free_response,2.234,5.297,24.92,24.92,0.0,294.42,10.83,13.64,182.7,1,On,1500.0,397.26
1789636020000000000,2026-09-17T09:07:00Z,synthetic_free_response,2.204,5.337,25.5,25.5,0.0,294.41,10.82,13.09,194.81,1,On,1500.0,417.37
1789636080000000000,2026-09-17T09:08:00Z,synthetic_free_response,2.185,5.357,27.9,27.9,0.0,294.4,10.8,12.52,222.84,1,On,1500.0,410.0
1789636140000000000,2026-09-17T09:09:00Z,synthetic_free_response,2.177,5.37,29.68,29.68,0.0,294.38,10.77,13.98,212.3,2,On,1500.0,412.59
1789636200000000000,2026-09-17T09:10:00Z,synthetic_free_response,2.094,5.392,30.66,30.66,0.0,294.38,10.75,10.9,281.28,1,On,1500.0,392.2
1789636260000000000,2026-09-17T09:11:00Z,synthetic_free_response,2.098,5.407,31.06,31.06,0.0,294.37,10.73,12.84,241.9,1,On,1500.0,389.77
1789636320000000000,2026-09-17T09:12:00Z,synthetic_free_response,2.112,5.475,32.33,32.33,0.0,294.35,10.7,12.09,267.41,1,On,1500.0,370.97
1789636380000000000,2026-09-17T09:13:00Z,synthetic_free_response,2.175,5.505,32.25,32.25,0.0,294.34,10.68,14.0,230.36,3,On,1500.0,362.73
1789636440000000000,2026-09-17T09:14:00Z,synthetic_free_response,2.105,5.506,31.59,31.59,0.0,294.33,10.67,13.13,240.59,3,On,1500.0,362.23
1789636500000000000,2026-09-17T09:15:00Z,synthetic_free_response,2.095,5.54,32.22,32.22,0.0,294.32,10.64,12.56,256.53,1,On,1500.0,352.35
1789636560000000000,2026-09-17T09:16:00Z,synthetic_free_response,2.035,5.549,31.84,31.84,0.0,294.31,10.61,11.83,269.15,2,On,1500.0,330.88
1789636620000000000,2026-09-17T09:17:00Z,synthetic_free_response,2.116,5.487,32.16,32.16,0.0,294.3,10.6,11.77,273.24,1,On,1500.0,320.95
1789636680000000000,2026-09-17T09:18:00Z,synthetic_free_response,1.997,5.534,35.11,35.11,0.0,294.3,10.59,10.74,326.91,2,On,1500.0,308.5
1789636740000000000,2026-09-17T09:19:00Z,synthetic_free_response,1.938,5.552,33.21,33.21,0.0,294.28,10.56,9.49,349.95,1,On,1500.0,311.63
1789636800000000000,2026-09-17T09:20:00Z,synthetic_free_response,1.939,5.576,31.26,31.26,0.0,294.27,10.55,9.69,322.6,3,On,1500.0,307.57
1789636860000000000,2026-09-17T09:21:00Z,synthetic_free_response,1.918,5.679,34.18,34.18,0.0,294.26,10.52,9.46,361.31,2,On,1500.0,301.96
1789636920000000000,2026-09-17T09:22:00Z,synthetic_free_response,1.883,5.71,32.13,32.13,0.0,294.25,10.49,10.03,320.34,2,On,1500.0,309.91
1789636980000000000,2026-09-17T09:23:00Z,synthetic_free_response,1.964,5.706,29.07,29.07,0.0,294.24,10.48,10.22,284.44,1,On,1500.0,324.54
1789637040000000000,2026-09-17T09:24:00Z,synthetic_free_response,1.957,5.807,31.56,31.56,0.0,294.23,10.45,11.26,280.28,2,On,1500.0,322.87
1789637100000000000,2026-09-17T09:25:00Z,synthetic_free_response,2.025,5.876,31.56,31.56,0.0,294.21,10.43,11.51,274.2,3,On,1500.0,346.84
1789637160000000000,2026-09-17T09:26:00Z,synthetic_free_response,2.015,5.875,29.13,29.13,0.0,294.2,10.4,11.15,261.26,1,On,1500.0,318.71
1789637220000000000,2026-09-17T09:27:00Z,synthetic_free_response,1.982,5.919,29.53,29.53,0.0,294.19,10.39,11.96,246.91,1,On,1500.0,338.61
1789637280000000000,2026-09-17T09:28:00Z,synthetic_free_response,1.987,5.956,31.88,31.88,0.0,294.19,10.38,12.91,246.94,3,On,1500.0,358.26
1789637340000000000,2026-09-17T09:29:00Z,synthetic_free_response,1.982,6.038,29.1,29.1,0.0,294.18,10.35,12.11,240.3,1,On,1500.0,364.8
1789637400000000000,2026-09-17T09:30:00Z,synthetic_free_response,2.061,6.029,29.89,29.89,0.0,294.17,10.34,12.25,244.0,2,On,1500.0,334.86
1789637460000000000,2026-09-17T09:31:00Z,synthetic_free_response,2.102,5.989,27.62,27.62,0.0,294.15,10.31,12.08,228.64,2,On,1500.0,321.03
1789637520000000000,2026-09-17T09:32:00Z,synthetic_free_response,2.061,6.034,25.69,25.69,0.0,294.15,10.3,13.61,188.76,1,On,1500.0,332.34
1789637580000000000,2026-09-17T09:33:00Z,synthetic_free_response,2.059,6.042,24.09,24.09,0.0,294.14,10.28,12.61,191.04,2,On,1500.0,350.37
1789637640000000000,2026-09-17T09:34:00Z,synthetic_free_response,1.987,6.065,23.7,23.7,0.0,294.12,10.25,12.33,192.21,1,On,1500.0,371.88
1789637700000000000,2026-09-17T09:35:00Z,synthetic_free_response,2.012,6.104,22.76,22.76,0.0,294.12,10.24,12.42,183.25,1,On,1500.0,398.18
1789637760000000000,2026-09-17T09:36:00Z,synthetic_free_response,2.01,5.979,21.13,21.13,0.0,294.12,10.23,11.18,189.0,2,On,1500.0,427.62
1789637820000000000,2026-09-17T09:37:00Z,synthetic_free_response,2.032,6.06,22.22,22.22,0.0,294.11,10.22,13.07,170.01,3,On,1500.0,406.4
1789637880000000000,2026-09-17T09:38:00Z,synthetic_free_response,2.086,6.054,22.61,22.61,0.0,294.1,10.19,12.07,187.32,1,On,1500.0,395.45
1789637940000000000,2026-09-17T09:39:00Z,synthetic_free_response,2.047,6.071,24.55,24.55,0.0,294.08,10.17,12.45,197.19,3,On,1500.0,404.0
1789638000000000000,2026-09-17T09:40:00Z,synthetic_free_response,2.052,6.083,26.21,26.21,0.0,294.07,10.15,13.83,189.52,3,On,1500.0,433.89
1789638060000000000,2026-09-17T09:41:00Z,synthetic_free_response,1.993,6.1,24.38,24.38,0.0,294.06,10.12,12.55,194.26,3,On,1500.0,457.8
1789638120000000000,2026-09-17T09:42:00Z,synthetic_free_response,2.06,6.094,22.89,22.89,0.0,294.05,10.1,13.45,170.19,1,On,1500.0,480.11
1789638180000000000,2026-09-17T09:43:00Z,synthetic_free_response,2.035,6.115,21.39,21.39,0.0,294.05,10.09,13.33,160.47,1,On,1500.0,499.02
1789638240000000000,2026-09-17T09:44:00Z,synthetic_free_response,1.993,6.057,22.52,22.52,0.0,294.04,10.07,11.28,199.65,2,On,1500.0,496.87
1789638300000000000,2026-09-17T09:45:00Z,synthetic_free_response,1.864,5.983,22.55,22.55,0.0,294.03,10.06,11.07,203.7,2,On,1500.0,517.6
1789638360000000000,2026-09-17T09:46:00Z,synthetic_free_response,1.813,6.095,20.41,20.41,0.0,294.01,10.03,10.48,194.75,3,On,1500.0,528.62
1789638420000000000,2026-09-17T09:47:00Z,synthetic_free_response,1.8,6.095,19.36,19.36,0.0,294.01,10.02,10.78,179.59,1,On,1500.0,507.06
1789638480000000000,2026-09-17T09:48:00Z,synthetic_free_response,1.861,6.054,18.1,18.1,0.0,294.0,10.0,11.36,159.33,1,On,1500.0,491.23
1789638540000000000,2026-09-17T09:49:00Z,synthetic_free_response,1.88,5.991,18.6,18.6,0.0,293.98,9.97,9.77,190.38,2,On,1500.0,477.67
1789638600000000000,2026-09-17T09:50:00Z,synthetic_free_response,1.896,5.976,17.82,17.82,0.0,293.98,9.96,9.98,178.56,3,On,1500.0,503.09
1789638660000000000,2026-09-17T09:51:00Z,synthetic_free_response,1.931,6.191,16.77,16.77,0.0,293.97,9.95,11.08,151.35,3,On,1500.0,508.11
1789638720000000000,2026-09-17T09:52:00Z,synthetic_free_response,1.939,6.277,15.16,15.16,0.0,293.95,9.92,12.14,124.88,1,On,1500.0,519.75
1789638780000000000,2026-09-17T09:53:00Z,synthetic_free_response,1.977,6.357,14.81,14.81,0.0,293.94,9.9,11.77,125.83,2,On,1500.0,497.49
1789638840000000000,2026-09-17T09:54:00Z,synthetic_free_response,2.03,6.344,13.9,13.9,0.0,293.92,9.87,12.31,112.92,3,On,1500.0,467.73
1789638900000000000,2026-09-17T09:55:00Z,synthetic_free_response,1.929,6.315,13.64,13.64,0.0,293.9,9.84,12.53,108.86,3,On,1500.0,443.7
1789638960000000000,2026-09-17T09:56:00Z,synthetic_free_response,2.003,6.265,14.28,14.28,0.0,293.89,9.81,13.33,107.13,3,On,1500.0,437.94
1789639020000000000,2026-09-17T09:57:00Z,synthetic_free_response,2.042,6.258,13.58,13.58,0.0,293.88,9.8,13.15,103.27,2,On,1500.0,412.63
1789639080000000000,2026-09-17T09:58:00Z,synthetic_free_response,2.128,6.212,14.67,14.67,0.0,293.87,9.79,13.83,106.07,3,On,1500.0,411.42
1789639140000000000,2026-09-17T09:59:00Z,synthetic_free_response,2.113,6.189,14.35,14.35,0.0,293.86,9.76,14.41,99.58,3,On,1500.0,400.61
1789639200000000000,2026-09-17T10:00:00Z,synthetic_free_response,2.076,6.137,14.3,14.3,0.0,293.86,9.76,12.37,115.6,2,On,1500.0,403.01
1789639260000000000,2026-09-17T10:01:00Z,synthetic_free_response,2.061,6.077,13.06,13.06,0.0,293.85,9.75,12.14,107.58,1,On,1500.0,390.43
1789639320000000000,2026-09-17T10:02:00Z,synthetic_free_response,2.031,6.058,12.97,12.97,0.0,293.83,9.71,11.54,112.39,1,On,1500.0,382.26
1789639380000000000,2026-09-17T10:03:00Z,synthetic_free_response,1.874,6.081,14.21,14.21,0.0,293.81,9.68,10.73,132.43,3,On,1500.0,378.44
1789639440000000000,2026-09-17T10:04:00Z,synthetic_free_response,1.846,6.108,12.87,12.87,0.0,293.79,9.65,9.42,136.62,3,On,1500.0,369.8
1789639500000000000,2026-09-17T10:05:00Z,synthetic_free_response,1.894,6.1,12.49,12.49,0.0,293.78,9.63,11.62,107.49,1,On,1500.0,394.13
1789639560000000000,2026-09-17T10:06:00Z,synthetic_free_response,1.902,6.191,11.3,11.3,0.0,293.77,9.61,10.68,105.81,3,On,1500.0,373.03
1789639620000000000,2026-09-17T10:07:00Z,synthetic_free_response,1.898,6.082,10.47,10.47,0.0,293.75,9.59,11.62,90.1,1,On,1500.0,357.65
1789639680000000000,2026-09-17T10:08:00Z,synthetic_free_response,1.915,6.113,11.21,11.21,0.0,293.75,9.58,10.53,106.46,1,On,1500.0,349.24
1789639740000000000,2026-09-17T10:09:00Z,synthetic_free_response,1.923,6.117,10.15,10.15,0.0,293.74,9.56,12.08,84.02,3,On,1500.0,341.52
1789639800000000000,2026-09-17T10:10:00Z,synthetic_free_response,1.835,6.065,10.68,10.68,0.0,293.72,9.54,10.04,106.37,2,On,1500.0,339.7
1789639860000000000,2026-09-17T10:11:00Z,synthetic_free_response,1.837,6.08,10.37,10.37,0.0,293.72,9.53,10.74,96.55,2,On,1500.0,313.52
1789639920000000000,2026-09-17T10:12:00Z,synthetic_free_response,1.863,6.221,10.42,10.42,0.0,293.71,9.52,10.73,97.11,2,On,1500.0,314.66
1789639980000000000,2026-09-17T10:13:00Z,synthetic_free_response,1.893,6.203,10.88,10.88,0.0,293.69,9.48,11.05,98.46,3,On,1500.0,338.71
1789640040000000000,2026-09-17T10:14:00Z,synthetic_free_response,1.898,6.25,11.41,11.41,0.0,293.68,9.47,11.98,95.24,2,On,1500.0,362.74
1789640100000000000,2026-09-17T10:15:00Z,synthetic_free_response,1.934,6.204,10.53,10.53,0.0,293.67,9.45,12.48,84.37,3,On,1500.0,379.18
1789640160000000000,2026-09-17T10:16:00Z,synthetic_free_response,1.925,6.185,9.72,9.72,0.0,293.65,9.42,10.43,93.19,3,On,1500.0,368.46
1789640220000000000,2026-09-17T10:17:00Z,synthetic_free_response,1.985,6.187,10.49,10.49,0.0,293.64,9.4,11.9,88.15,2,On,1500.0,342.72
1789640280000000000,2026-09-17T10:18:00Z,synthetic_stepwise_random_bounded,1.967,6.162,-29.26,0.0,29.26,293.62,9.36,12.82,-228.24,2,On,1500.0,346.7
1789640340000000000,2026-09-17T10:19:00Z,synthetic_stepwise_random_bounded,1.981,6.149,-27.22,0.0,27.22,293.61,9.35,12.54,-217.07,3,On,1500.0,374.7
1789640400000000000,2026-09-17T10:20:00Z,synthetic_stepwise_random_bounded,2.035,6.111,-26.32,0.0,26.32,293.6,9.33,13.04,-201.84,1,On,1500.0,349.35
1789640460000000000,2026-09-17T10:21:00Z,synthetic_stepwise_random_bounded,1.998,6.143,-27.29,0.0,27.29,293.59,9.32,13.41,-203.5,1,On,1486.02,367.67
1789640520000000000,2026-09-17T10:22:00Z,synthetic_stepwise_random_bounded,1.994,6.141,-24.66,0.0,24.66,293.59,9.32,12.19,-202.3,3,On,1437.67,363.68
1789640580000000000,2026-09-17T10:23:00Z,synthetic_stepwise_random_bounded,2.009,6.146,-22.31,0.0,22.31,293.57,9.29,13.61,-163.92,2,On,1440.61,352.37
1789640640000000000,2026-09-17T10:24:00Z,synthetic_stepwise_random_bounded,2.003,6.095,-22.05,0.0,22.05,293.57,9.28,11.78,-187.18,1,On,1400.97,370.33
1789640700000000000,2026-09-17T10:25:00Z,synthetic_stepwise_random_bounded,1.943,6.128,-23.63,0.0,23.63,293.56,9.26,11.67,-202.49,2,On,1388.78,396.9
1789640760000000000,2026-09-17T10:26:00Z,synthetic_stepwise_random_bounded,1.858,6.104,-23.29,0.0,23.29,293.55,9.25,9.63,-241.85,3,On,1414.31,379.37
1789640820000000000,2026-09-17T10:27:00Z,synthetic_stepwise_random_bounded,1.781,6.061,-21.83,0.0,21.83,293.53,9.22,9.17,-238.06,1,On,1365.08,380.9
1789640880000000000,2026-09-17T10:28:00Z,synthetic_stepwise_random_bounded,1.801,6.054,-22.53,0.0,22.53,293.51,9.19,9.03,-249.5,3,On,1376.65,402.0
1789640940000000000,2026-09-17T10:29:00Z,synthetic_stepwise_random_bounded,1.832,6.087,-22.27,0.0,22.27,293.5,9.17,10.76,-206.97,1,On,1379.62,430.36
1789641000000000000,2026-09-17T10:30:00Z,synthetic_stepwise_random_bounded,1.921,6.079,-23.02,0.0,23.02,293.48,9.14,11.85,-194.26,2,On,1384.52,426.53
1789641060000000000,2026-09-17T10:31:00Z,synthetic_stepwise_random_bounded,1.917,6.11,-21.48,0.0,21.48,293.48,9.13,11.1,-193.51,1,On,1382.93,443.96
1789641120000000000,2026-09-17T10:32:00Z,synthetic_stepwise_random_bounded,1.922,6.084,-19.79,0.0,19.79,293.47,9.11,10.13,-195.36,3,On,1432.16,422.78
1789641180000000000,2026-09-17T10:33:00Z,synthetic_stepwise_random_bounded,1.9,5.987,-19.94,0.0,19.94,293.45,9.08,10.42,-191.36,1,On,1382.31,452.7
1789641240000000000,2026-09-17T10:34:00Z,synthetic_stepwise_random_bounded,1.95,5.95,-21.83,0.0,21.83,293.44,9.06,11.45,-190.66,2,On,1381.99,437.57
1789641300000000000,2026-09-17T10:35:00Z,synthetic_stepwise_random_bounded,1.922,5.979,-23.78,0.0,23.78,293.42,9.04,10.67,-222.87,3,On,1346.59,429.23
1789641360000000000,2026-09-17T10:36:00Z,synthetic_stepwise_random_bounded,1.882,5.969,-25.7,0.0,25.7,293.42,9.04,11.19,-229.67,1,On,1335.4,415.88
1789641420000000000,2026-09-17T10:37:00Z,synthetic_stepwise_random_bounded,1.872,5.899,-23.98,0.0,23.98,293.41,9.02,9.62,-249.27,1,On,1356.3,394.85
1789641480000000000,2026-09-17T10:38:00Z,synthetic_stepwise_random_bounded,1.921,5.843,-22.87,0.0,22.87,293.4,9.0,11.61,-196.99,2,On,1321.42,395.49
1789641540000000000,2026-09-17T10:39:00Z,synthetic_stepwise_random_bounded,1.891,5.801,-21.62,0.0,21.62,293.39,8.98,10.55,-204.93,2,On,1279.06,404.58
1789641600000000000,2026-09-17T10:40:00Z,synthetic_stepwise_random_bounded,1.845,5.802,-20.06,0.0,20.06,293.38,8.96,10.84,-185.06,2,On,1252.09,379.65
1789641660000000000,2026-09-17T10:41:00Z,synthetic_stepwise_random_bounded,1.844,5.764,-19.71,0.0,19.71,293.36,8.94,10.42,-189.16,1,On,1233.48,375.86
1789641720000000000,2026-09-17T10:42:00Z,synthetic_stepwise_random_bounded,1.771,5.817,-19.05,0.0,19.05,293.35,8.92,9.55,-199.48,2,On,1274.6,373.97
1789641780000000000,2026-09-17T10:43:00Z,synthetic_stepwise_random_bounded,1.772,5.816,-19.65,0.0,19.65,293.34,8.9,8.23,-238.76,3,On,1289.05,392.95
1789641840000000000,2026-09-17T10:44:00Z,synthetic_stepwise_random_bounded,1.684,5.726,-19.01,0.0,19.01,293.32,8.87,7.88,-241.24,1,On,1284.91,402.93
1789641900000000000,2026-09-17T10:45:00Z,synthetic_stepwise_random_bounded,1.74,5.792,-20.74,0.0,20.74,293.3,8.83,8.76,-236.76,2,On,1290.1,404.89
1789641960000000000,2026-09-17T10:46:00Z,synthetic_stepwise_random_bounded,1.759,5.906,-22.1,0.0,22.1,293.28,8.8,9.89,-223.46,1,On,1286.41,395.11
1789642020000000000,2026-09-17T10:47:00Z,synthetic_stepwise_random_bounded,1.714,5.955,-24.3,0.0,24.3,293.27,8.79,7.98,-304.51,3,On,1253.11,383.35
1789642080000000000,2026-09-17T10:48:00Z,synthetic_stepwise_random_bounded,1.77,5.937,-23.56,0.0,23.56,293.26,8.77,9.06,-260.04,3,On,1273.71,407.11
1789642140000000000,2026-09-17T10:49:00Z,synthetic_stepwise_random_bounded,1.828,5.948,-21.51,0.0,21.51,293.24,8.74,10.91,-197.16,2,On,1300.36,379.57
1789642200000000000,2026-09-17T10:50:00Z,synthetic_stepwise_random_bounded,1.834,5.977,-20.98,0.0,20.98,293.23,8.71,10.99,-190.9,1,On,1286.48,383.43
1789642260000000000,2026-09-17T10:51:00Z,synthetic_stepwise_random_bounded,1.831,5.959,-19.78,0.0,19.78,293.21,8.69,10.8,-183.15,1,On,1245.9,366.67
1789642320000000000,2026-09-17T10:52:00Z,synthetic_stepwise_random_bounded,1.908,5.963,-20.58,0.0,20.58,293.2,8.67,10.55,-195.07,2,On,1258.16,395.82
1789642380000000000,2026-09-17T10:53:00Z,synthetic_stepwise_random_bounded,1.87,5.973,-21.13,0.0,21.13,293.19,8.65,10.64,-198.59,1,On,1238.09,419.78
1789642440000000000,2026-09-17T10:54:00Z,synthetic_stepwise_random_bounded,1.902,5.901,-22.15,0.0,22.15,293.18,8.64,11.57,-191.44,3,On,834.18,535.0
1789642500000000000,2026-09-17T10:55:00Z,synthetic_stepwise_random_bounded,1.912,5.938,-24.25,0.0,24.25,293.18,8.63,10.73,-226.0,2,On,876.83,558.08
1789642560000000000,2026-09-17T10:56:00Z,synthetic_stepwise_random_bounded,1.925,5.871,-24.84,0.0,24.84,293.17,8.61,10.25,-242.34,3,On,914.03,573.15
1789642620000000000,2026-09-17T10:57:00Z,synthetic_stepwise_random_bounded,1.911,5.834,-22.91,0.0,22.91,293.16,8.6,11.17,-205.1,3,On,937.35,596.48
1789642680000000000,2026-09-17T10:58:00Z,synthetic_stepwise_random_bounded,1.936,5.907,-21.14,0.0,21.14,293.15,8.59,11.13,-189.94,3,On,968.64,606.89
1789642740000000000,2026-09-17T10:59:00Z,synthetic_stepwise_random_bounded,1.96,5.951,-19.94,0.0,19.94,293.15,8.58,11.45,-174.15,1,On,1005.77,587.83
1789642800000000000,2026-09-17T11:00:00Z,synthetic_stepwise_random_bounded,1.833,5.917,-18.4,0.0,18.4,293.13,8.55,10.25,-179.51,1,On,1003.97,567.11
1789642860000000000,2026-09-17T11:01:00Z,synthetic_stepwise_random_bounded,1.828,5.914,-19.09,0.0,19.09,293.12,8.53,9.03,-211.41,3,On,1001.04,549.15
1789642920000000000,2026-09-17T11:02:00Z,synthetic_stepwise_random_bounded,1.824,5.825,-19.52,0.0,19.52,293.11,8.52,9.97,-195.79,1,On,1035.63,519.33
1789642980000000000,2026-09-17T11:03:00Z,synthetic_stepwise_random_bounded,1.892,5.883,-19.62,0.0,19.62,293.1,8.5,11.36,-172.71,3,On,1056.76,495.79
1789643040000000000,2026-09-17T11:04:00Z,synthetic_stepwise_random_bounded,1.94,5.77,-20.1,0.0,20.1,293.09,8.48,11.77,-170.77,2,On,1061.37,480.27
1789643100000000000,2026-09-17T11:05:00Z,synthetic_stepwise_random_bounded,1.882,5.711,-20.83,0.0,20.83,293.07,8.45,9.49,-219.49,2,On,1021.45,506.42
1789643160000000000,2026-09-17T11:06:00Z,synthetic_stepwise_random_bounded,1.86,5.696,-22.32,0.0,22.32,293.06,8.44,9.47,-235.69,3,On,1063.45,511.09
1789643220000000000,2026-09-17T11:07:00Z,synthetic_stepwise_random_bounded,1.845,5.666,-21.82,0.0,21.82,293.04,8.4,8.95,-243.8,3,On,1075.35,507.41
1789643280000000000,2026-09-17T11:08:00Z,synthetic_stepwise_random_bounded,1.982,5.636,-20.7,0.0,20.7,293.02,8.37,10.45,-198.09,3,On,1052.82,507.06
1789643340000000000,2026-09-17T11:09:00Z,synthetic_stepwise_random_bounded,1.995,5.606,-22.22,0.0,22.22,293.01,8.35,10.78,-206.12,2,On,1076.37,482.53
1789643400000000000,2026-09-17T11:10:00Z,synthetic_stepwise_random_bounded,2.014,5.581,-23.47,0.0,23.47,293.01,8.35,10.95,-214.34,2,On,1044.04,486.97
1789643460000000000,2026-09-17T11:11:00Z,synthetic_stepwise_random_bounded,1.946,5.566,-24.6,0.0,24.6,292.99,8.32,9.62,-255.72,1,On,1092.33,471.43
1789643520000000000,2026-09-17T11:12:00Z,synthetic_stepwise_random_bounded,2.006,5.556,-26.45,0.0,26.45,292.99,8.31,11.27,-234.69,2,On,1091.33,484.63
1789643580000000000,2026-09-17T11:13:00Z,synthetic_stepwise_random_bounded,1.987,5.563,-26.3,0.0,26.3,292.98,8.3,11.63,-226.14,3,On,1084.45,480.89
1789643640000000000,2026-09-17T11:14:00Z,synthetic_stepwise_random_bounded,1.963,5.508,-26.81,0.0,26.81,292.97,8.28,11.66,-229.93,3,On,1124.99,490.67
1789643700000000000,2026-09-17T11:15:00Z,synthetic_stepwise_random_bounded,1.909,5.561,-25.9,0.0,25.9,292.96,8.27,9.85,-262.94,3,On,1090.19,477.28
1789643760000000000,2026-09-17T11:16:00Z,synthetic_stepwise_random_bounded,1.945,5.553,-23.5,0.0,23.5,292.94,8.24,10.55,-222.75,1,On,1097.75,472.83
1789643820000000000,2026-09-17T11:17:00Z,synthetic_stepwise_random_bounded,1.987,5.552,-25.17,0.0,25.17,292.93,8.22,9.94,-253.22,1,On,1082.95,493.93
1789643880000000000,2026-09-17T11:18:00Z,synthetic_stepwise_random_bounded,1.864,5.526,-25.09,0.0,25.09,292.92,8.2,8.74,-287.07,1,On,1041.93,490.44
1789643940000000000,2026-09-17T11:19:00Z,synthetic_stepwise_random_bounded,1.877,5.555,-24.17,0.0,24.17,292.91,8.18,9.97,-242.43,3,On,1028.66,490.26
1789644000000000000,2026-09-17T11:20:00Z,synthetic_stepwise_random_bounded,1.881,5.537,-23.93,0.0,23.93,292.9,8.16,9.39,-254.85,3,On,1077.83,485.78
1789644060000000000,2026-09-17T11:21:00Z,synthetic_stepwise_random_bounded,1.88,5.576,-23.36,0.0,23.36,292.9,8.16,9.8,-238.37,2,On,1117.19,467.49
1789644120000000000,2026-09-17T11:22:00Z,synthetic_stepwise_random_bounded,1.854,5.575,-22.91,0.0,22.91,292.89,8.15,9.98,-229.56,1,On,1128.58,486.16
1789644180000000000,2026-09-17T11:23:00Z,synthetic_stepwise_random_bounded,1.884,5.579,-23.04,0.0,23.04,292.88,8.13,10.3,-223.69,1,On,1116.25,480.53
1789644240000000000,2026-09-17T11:24:00Z,synthetic_stepwise_random_bounded,1.791,5.729,-24.27,0.0,24.27,292.86,8.1,9.24,-262.66,3,On,1079.5,494.01
1789644300000000000,2026-09-17T11:25:00Z,synthetic_stepwise_random_bounded,1.771,5.701,-23.77,0.0,23.77,292.85,8.08,9.26,-256.7,1,On,1090.4,484.23
1789644360000000000,2026-09-17T11:26:00Z,synthetic_stepwise_random_bounded,1.798,5.622,-26.01,0.0,26.01,292.84,8.07,9.34,-278.48,1,On,1105.99,460.57
1789644420000000000,2026-09-17T11:27:00Z,synthetic_stepwise_random_bounded,1.812,5.599,-26.94,0.0,26.94,292.84,8.06,9.69,-278.02,2,On,1060.92,431.49
1789644480000000000,2026-09-17T11:28:00Z,synthetic_stepwise_random_bounded,1.757,5.617,-29.19,0.0,29.19,292.82,8.03,8.88,-328.72,2,On,1033.28,444.44
1789644540000000000,2026-09-17T11:29:00Z,synthetic_stepwise_random_bounded,1.711,5.456,-31.65,0.0,31.65,292.81,8.02,7.44,-425.4,1,On,1008.96,436.54
1789644600000000000,2026-09-17T11:30:00Z,synthetic_stepwise_random_bounded,1.699,5.497,-33.67,0.0,33.67,292.8,8.0,8.35,-403.23,2,On,961.11,431.7
1789644660000000000,2026-09-17T11:31:00Z,synthetic_stepwise_random_bounded,1.735,5.542,-36.51,0.0,36.51,292.79,7.98,7.58,-481.66,1,On,942.87,432.26
1789644720000000000,2026-09-17T11:32:00Z,synthetic_stepwise_random_bounded,1.721,5.526,-35.97,0.0,35.97,292.78,7.96,8.63,-416.8,1,On,909.68,440.06
1789644780000000000,2026-09-17T11:33:00Z,synthetic_stepwise_random_bounded,1.68,5.455,-33.56,0.0,33.56,292.76,7.94,7.92,-423.74,2,On,948.07,442.26
1789644840000000000,2026-09-17T11:34:00Z,synthetic_stepwise_random_bounded,1.651,5.459,-32.48,0.0,32.48,292.76,7.93,7.61,-426.81,1,On,913.99,416.13
1789644900000000000,2026-09-17T11:35:00Z,synthetic_stepwise_random_bounded,1.655,5.417,-34.23,0.0,34.23,292.74,7.9,7.91,-432.74,3,On,933.52,392.48
1789644960000000000,2026-09-17T11:36:00Z,synthetic_stepwise_random_bounded,1.628,5.384,-33.06,0.0,33.06,292.73,7.88,6.6,-500.91,1,On,901.88,401.47
1789645020000000000,2026-09-17T11:37:00Z,synthetic_stepwise_random_bounded,1.606,5.33,-32.31,0.0,32.31,292.72,7.86,6.61,-488.8,2,On,883.66,379.2
1789645080000000000,2026-09-17T11:38:00Z,synthetic_stepwise_random_bounded,1.621,5.286,-33.64,0.0,33.64,292.7,7.84,6.4,-525.62,2,On,892.51,380.71
1789645140000000000,2026-09-17T11:39:00Z,synthetic_stepwise_random_bounded,1.685,5.252,-32.45,0.0,32.45,292.69,7.81,7.26,-446.97,2,On,895.59,378.01
1789645200000000000,2026-09-17T11:40:00Z,synthetic_stepwise_random_bounded,1.66,5.306,-35.08,0.0,35.08,292.68,7.8,7.39,-474.7,2,On,870.97,352.04
1789645260000000000,2026-09-17T11:41:00Z,synthetic_stepwise_random_bounded,1.653,5.333,-36.92,0.0,36.92,292.66,7.76,7.92,-466.16,2,On,908.17,346.72
1789645320000000000,2026-09-17T11:42:00Z,synthetic_stepwise_random_bounded,1.664,5.383,-40.28,0.0,40.28,292.66,7.76,6.97,-577.91,2,On,873.49,323.97
1789645380000000000,2026-09-17T11:43:00Z,synthetic_stepwise_random_bounded,1.647,5.404,-42.29,0.0,42.29,292.64,7.74,7.97,-530.61,1,On,552.74,987.89
1789645440000000000,2026-09-17T11:44:00Z,synthetic_stepwise_random_bounded,1.655,5.476,-41.46,0.0,41.46,292.63,7.71,6.76,-613.31,3,On,552.4,959.16
1789645500000000000,2026-09-17T11:45:00Z,synthetic_stepwise_random_bounded,1.657,5.523,-42.26,0.0,42.26,292.62,7.7,7.78,-543.19,3,On,819.29,368.83
1789645560000000000,2026-09-17T11:46:00Z,synthetic_stepwise_random_bounded,1.717,5.451,-43.08,0.0,43.08,292.61,7.69,7.26,-593.39,1,On,742.93,657.36
1789645620000000000,2026-09-17T11:47:00Z,synthetic_stepwise_random_bounded,1.758,5.505,-39.63,0.0,39.63,292.61,7.69,8.57,-462.43,2,On,743.16,676.07
1789645680000000000,2026-09-17T11:48:00Z,synthetic_stepwise_random_bounded,1.758,5.529,-39.81,0.0,39.81,292.59,7.65,8.68,-458.64,3,On,714.53,676.79
1789645740000000000,2026-09-17T11:49:00Z,synthetic_stepwise_random_bounded,1.753,5.465,-39.35,0.0,39.35,292.57,7.62,8.32,-472.96,2,On,672.66,674.04
1789645800000000000,2026-09-17T11:50:00Z,synthetic_stepwise_random_bounded,1.719,5.432,-43.24,0.0,43.24,292.57,7.61,7.24,-597.24,3,On,666.07,667.86
1789645860000000000,2026-09-17T11:51:00Z,synthetic_stepwise_random_bounded,1.8,5.469,-43.96,0.0,43.96,292.55,7.59,9.31,-472.18,2,On,700.13,684.06
1789645920000000000,2026-09-17T11:52:00Z,synthetic_stepwise_random_bounded,1.872,5.546,-40.21,0.0,40.21,292.54,7.57,9.47,-424.6,3,On,686.01,666.16
1789645980000000000,2026-09-17T11:53:00Z,synthetic_stepwise_random_bounded,1.897,5.577,-42.92,0.0,42.92,292.52,7.54,9.66,-444.31,3,On,683.29,680.57
1789646040000000000,2026-09-17T11:54:00Z,synthetic_stepwise_random_bounded,1.969,5.586,-38.82,0.0,38.82,292.51,7.52,10.19,-380.96,1,On,685.97,659.31
1789646100000000000,2026-09-17T11:55:00Z,synthetic_stepwise_random_bounded,1.997,5.596,-40.12,0.0,40.12,292.51,7.51,10.09,-397.62,3,On,667.85,674.75
1789646160000000000,2026-09-17T11:56:00Z,synthetic_stepwise_random_bounded,2.015,5.713,-38.86,0.0,38.86,292.49,7.48,11.83,-328.49,2,On,629.94,653.92
1789646220000000000,2026-09-17T11:57:00Z,synthetic_stepwise_random_bounded,2.106,5.678,-42.38,0.0,42.38,292.47,7.45,13.64,-310.7,1,On,619.25,624.33
1789646280000000000,2026-09-17T11:58:00Z,synthetic_stepwise_random_bounded,2.127,5.631,-44.12,0.0,44.12,292.47,7.45,12.81,-344.42,2,On,617.81,625.5
1789646340000000000,2026-09-17T11:59:00Z,synthetic_stepwise_random_bounded,2.075,5.557,-45.53,0.0,45.53,292.45,7.42,12.01,-379.1,3,On,586.31,639.06
1789646400000000000,2026-09-17T12:00:00Z,synthetic_stepwise_random_bounded,2.04,5.613,-45.7,0.0,45.7,292.45,7.41,11.8,-387.29,1,On,589.89,648.46
1789646460000000000,2026-09-17T12:01:00Z,synthetic_stepwise_random_bounded,2.03,5.522,-45.22,0.0,45.22,292.44,7.4,11.37,-397.71,2,On,635.72,653.12
1789646520000000000,2026-09-17T12:02:00Z,synthetic_stepwise_random_bounded,2.046,5.522,-43.15,0.0,43.15,292.42,7.37,12.63,-341.65,1,On,655.04,672.9
1789646580000000000,2026-09-17T12:03:00Z,synthetic_stepwise_random_bounded,2.06,5.493,-44.87,0.0,44.87,292.42,7.36,12.41,-361.56,3,On,699.92,656.04
1789646640000000000,2026-09-17T12:04:00Z,synthetic_stepwise_random_bounded,2.086,5.515,-44.06,0.0,44.06,292.4,7.33,12.53,-351.64,3,On,701.66,633.75
1789646700000000000,2026-09-17T12:05:00Z,synthetic_stepwise_random_bounded,2.135,5.508,-47.15,0.0,47.15,292.4,7.33,13.7,-344.16,2,On,723.38,661.26
1789646760000000000,2026-09-17T12:06:00Z,synthetic_stepwise_random_bounded,2.08,5.491,-44.26,0.0,44.26,292.39,7.32,11.53,-383.87,2,On,738.24,653.99
1789646820000000000,2026-09-17T12:07:00Z,synthetic_stepwise_random_bounded,2.055,5.521,-44.65,0.0,44.65,292.37,7.29,11.38,-392.36,3,On,753.85,627.45
1789646880000000000,2026-09-17T12:08:00Z,synthetic_stepwise_random_bounded,2.042,5.57,-45.66,0.0,45.66,292.36,7.26,10.84,-421.22,2,On,731.67,647.57
1789646940000000000,2026-09-17T12:09:00Z,synthetic_stepwise_random_bounded,2.062,5.539,-43.5,0.0,43.5,292.34,7.24,12.92,-336.69,2,On,715.16,657.94
1789647000000000000,2026-09-17T12:10:00Z,synthetic_stepwise_random_bounded,2.037,5.703,-45.92,0.0,45.92,292.34,7.23,12.76,-359.87,2,On,760.71,629.65
1789647060000000000,2026-09-17T12:11:00Z,synthetic_stepwise_random_bounded,2.092,5.71,-48.99,0.0,48.99,292.32,7.2,11.43,-428.61,1,On,1371.66,985.19
1789647120000000000,2026-09-17T12:12:00Z,synthetic_stepwise_random_bounded,2.119,5.736,-46.62,0.0,46.62,292.3,7.17,13.73,-339.55,2,On,1382.18,968.12
1789647180000000000,2026-09-17T12:13:00Z,synthetic_stepwise_random_bounded,2.134,5.777,-43.56,0.0,43.56,292.29,7.15,13.46,-323.63,3,On,1430.64,993.37
1789647240000000000,2026-09-17T12:14:00Z,synthetic_stepwise_random_bounded,2.124,5.836,-44.44,0.0,44.44,292.27,7.12,13.61,-326.52,1,On,1470.65,1000.0
1789647300000000000,2026-09-17T12:15:00Z,synthetic_stepwise_random_bounded,2.174,5.824,-46.97,0.0,46.97,292.25,7.09,12.52,-375.16,1,On,1496.51,997.31
1789647360000000000,2026-09-17T12:16:00Z,synthetic_stepwise_random_bounded,2.181,5.801,-50.7,0.0,50.7,292.25,7.08,12.48,-406.25,3,On,802.05,727.48
1789647420000000000,2026-09-17T12:17:00Z,synthetic_stepwise_random_bounded,2.154,5.734,-55.02,0.0,55.02,292.24,7.06,12.42,-443.0,2,On,832.83,727.33
1789647480000000000,2026-09-17T12:18:00Z,synthetic_stepwise_random_bounded,2.142,5.79,-50.9,0.0,50.9,292.22,7.04,12.17,-418.24,3,On,796.74,729.32
1789647540000000000,2026-09-17T12:19:00Z,synthetic_stepwise_random_bounded,2.142,5.819,-52.41,0.0,52.41,292.22,7.03,12.73,-411.7,1,On,749.84,707.85
1789647600000000000,2026-09-17T12:20:00Z,synthetic_stepwise_random_bounded,2.139,5.753,-55.42,0.0,55.42,292.2,7.0,12.42,-446.22,2,On,794.17,722.73
1789647660000000000,2026-09-17T12:21:00Z,synthetic_stepwise_random_bounded,2.1,5.751,-53.28,0.0,53.28,292.2,7.0,12.64,-421.52,3,On,823.32,746.56
1789647720000000000,2026-09-17T12:22:00Z,synthetic_stepwise_random_bounded,1.994,5.782,-56.25,0.0,56.25,292.19,6.98,12.3,-457.32,2,Off,777.02,748.83
1789647780000000000,2026-09-17T12:23:00Z,synthetic_stepwise_random_bounded,1.966,5.873,-61.27,0.0,61.27,292.19,6.98,12.19,-502.63,3,Off,745.24,720.75
1789647840000000000,2026-09-17T12:24:00Z,synthetic_stepwise_random_bounded,2.007,5.844,-55.15,0.0,55.15,292.17,6.95,10.8,-510.65,3,Off,724.44,691.44
1789647900000000000,2026-09-17T12:25:00Z,synthetic_stepwise_random_bounded,1.958,5.794,-53.05,0.0,53.05,292.16,6.93,11.51,-460.9,1,Off,682.9,683.63
1789647960000000000,2026-09-17T12:26:00Z,synthetic_stepwise_random_bounded,1.997,5.738,-55.74,0.0,55.74,292.15,6.91,11.0,-506.73,1,Off,690.0,713.21
1789648020000000000,2026-09-17T12:27:00Z,synthetic_stepwise_random_bounded,1.982,5.672,-51.92,0.0,51.92,292.13,6.88,10.07,-515.59,1,Off,690.62,732.8
1789648080000000000,2026-09-17T12:28:00Z,synthetic_stepwise_random_bounded,2.018,5.646,-55.97,0.0,55.97,292.12,6.87,12.54,-446.33,3,Off,668.87,710.52
1789648140000000000,2026-09-17T12:29:00Z,synthetic_stepwise_random_bounded,2.025,5.644,-56.85,0.0,56.85,292.11,6.85,11.96,-475.33,1,Off,644.98,682.44
1789648200000000000,2026-09-17T12:30:00Z,synthetic_stepwise_random_bounded,2.115,5.494,-57.83,0.0,57.83,292.09,6.82,11.95,-483.93,2,Off,684.53,706.39
1789648260000000000,2026-09-17T12:31:00Z,synthetic_stepwise_random_bounded,2.043,5.481,-57.96,0.0,57.96,292.07,6.79,10.66,-543.71,2,Off,641.31,719.58
1789648320000000000,2026-09-17T12:32:00Z,synthetic_stepwise_random_bounded,2.074,5.484,-55.86,0.0,55.86,292.06,6.77,12.7,-439.84,3,Off,659.09,727.43
1789648380000000000,2026-09-17T12:33:00Z,synthetic_stepwise_random_bounded,2.129,5.506,-52.37,0.0,52.37,292.04,6.74,12.23,-428.21,3,Off,643.64,716.36
1789648440000000000,2026-09-17T12:34:00Z,synthetic_stepwise_random_bounded,2.141,5.484,-57.06,0.0,57.06,292.03,6.71,11.91,-479.09,3,Off,643.04,743.45
1789648500000000000,2026-09-17T12:35:00Z,synthetic_stepwise_random_bounded,2.091,5.418,-54.5,0.0,54.5,292.02,6.7,12.48,-436.7,2,Off,1165.25,357.38
1789648560000000000,2026-09-17T12:36:00Z,synthetic_stepwise_random_bounded,2.153,5.508,-51.34,0.0,51.34,292.01,6.68,13.73,-373.93,3,Off,1193.85,364.32
1789648620000000000,2026-09-17T12:37:00Z,synthetic_stepwise_random_bounded,2.226,5.489,-55.0,0.0,55.0,291.99,6.65,13.42,-409.84,2,Off,1172.96,349.26
1789648680000000000,2026-09-17T12:38:00Z,synthetic_stepwise_random_bounded,2.316,5.487,-51.79,0.0,51.79,291.97,6.61,13.83,-374.48,2,Off,1177.49,357.25
1789648740000000000,2026-09-17T12:39:00Z,synthetic_stepwise_random_bounded,2.415,5.577,-48.33,0.0,48.33,291.95,6.59,17.74,-272.44,1,Off,1151.28,382.75
1789648800000000000,2026-09-17T12:40:00Z,synthetic_stepwise_random_bounded,2.48,5.552,-48.63,0.0,48.63,291.95,6.58,16.2,-300.19,2,Off,1151.58,412.49
1789648860000000000,2026-09-17T12:41:00Z,synthetic_stepwise_random_bounded,2.514,5.552,-51.97,0.0,51.97,291.92,6.54,17.02,-305.35,2,Off,1147.61,398.27
1789648920000000000,2026-09-17T12:42:00Z,synthetic_stepwise_random_bounded,2.466,5.52,-53.99,0.0,53.99,291.92,6.54,15.36,-351.5,3,Off,1188.02,400.18
1789648980000000000,2026-09-17T12:43:00Z,synthetic_stepwise_random_bounded,2.497,5.529,-54.68,0.0,54.68,291.9,6.5,15.61,-350.29,1,Off,1170.59,419.57
1789649040000000000,2026-09-17T12:44:00Z,synthetic_stepwise_random_bounded,2.528,5.564,-50.07,0.0,50.07,291.89,6.48,16.69,-300.0,2,Off,1217.76,419.16
1789649100000000000,2026-09-17T12:45:00Z,synthetic_stepwise_random_bounded,2.591,5.519,-51.72,0.0,51.72,291.88,6.46,17.71,-292.04,2,Off,1252.27,434.98
1789649160000000000,2026-09-17T12:46:00Z,synthetic_stepwise_random_bounded,2.596,5.5,-52.2,0.0,52.2,291.87,6.45,18.15,-287.6,2,Off,1256.21,414.31
1789649220000000000,2026-09-17T12:47:00Z,synthetic_stepwise_random_bounded,2.529,5.429,-56.27,0.0,56.27,291.86,6.43,18.28,-307.82,3,Off,1221.46,435.41
1789649280000000000,2026-09-17T12:48:00Z,synthetic_stepwise_random_bounded,2.432,5.348,-58.14,0.0,58.14,291.85,6.41,14.4,-403.75,2,Off,1245.87,444.09
1789649340000000000,2026-09-17T12:49:00Z,synthetic_stepwise_random_bounded,2.331,5.279,-52.36,0.0,52.36,291.84,6.4,15.72,-333.08,2,Off,1287.75,451.7
1789649400000000000,2026-09-17T12:50:00Z,synthetic_stepwise_random_bounded,2.39,5.317,-56.1,0.0,56.1,291.83,6.39,16.37,-342.7,2,Off,1318.57,465.52
1789649460000000000,2026-09-17T12:51:00Z,synthetic_stepwise_random_bounded,2.382,5.306,-52.57,0.0,52.57,291.82,6.37,14.29,-367.88,2,Off,1302.47,485.26
1789649520000000000,2026-09-17T12:52:00Z,synthetic_stepwise_random_bounded,2.282,5.371,-52.04,0.0,52.04,291.81,6.35,14.82,-351.15,2,Off,1294.08,513.93
1789649580000000000,2026-09-17T12:53:00Z,synthetic_stepwise_random_bounded,2.255,5.458,-51.39,0.0,51.39,291.8,6.33,13.95,-368.39,2,Off,1343.72,499.24
1789649640000000000,2026-09-17T12:54:00Z,synthetic_stepwise_random_bounded,2.353,5.508,-53.95,0.0,53.95,291.8,6.33,16.23,-332.41,3,Off,1369.01,523.46
1789649700000000000,2026-09-17T12:55:00Z,synthetic_stepwise_random_bounded,2.396,5.533,-51.8,0.0,51.8,291.79,6.31,17.25,-300.29,1,Off,1343.04,543.06
1789649760000000000,2026-09-17T12:56:00Z,synthetic_stepwise_random_bounded,2.375,5.502,-55.2,0.0,55.2,291.77,6.28,16.8,-328.57,3,Off,1338.24,537.1
1789649820000000000,2026-09-17T12:57:00Z,synthetic_stepwise_random_bounded,2.326,5.558,-51.75,0.0,51.75,291.76,6.26,14.08,-367.54,2,Starting,1308.78,519.2
1789649880000000000,2026-09-17T12:58:00Z,synthetic_stepwise_random_bounded,2.309,5.497,-49.79,0.0,49.79,291.74,6.23,14.04,-354.63,3,Starting,1297.63,622.36
1789649940000000000,2026-09-17T12:59:00Z,synthetic_stepwise_random_bounded,2.295,5.523,-46.91,0.0,46.91,291.72,6.2,14.51,-323.29,2,Starting,1249.05,623.17
1789650000000000000,2026-09-17T13:00:00Z,synthetic_stepwise_random_bounded,2.348,5.575,-51.21,0.0,51.21,291.71,6.19,14.29,-358.36,1,Starting,1294.75,641.19
1789650060000000000,2026-09-17T13:01:00Z,synthetic_stepwise_random_bounded,2.465,5.532,-52.32,0.0,52.32,291.7,6.17,16.48,-317.48,2,Starting,1291.38,640.34
1789650120000000000,2026-09-17T13:02:00Z,synthetic_stepwise_random_bounded,2.483,5.571,-52.41,0.0,52.41,291.7,6.16,16.73,-313.27,2,Starting,1281.92,666.06
1789650180000000000,2026-09-17T13:03:00Z,synthetic_stepwise_random_bounded,2.517,5.597,-48.05,0.0,48.05,291.68,6.13,16.84,-285.33,3,Starting,1247.44,663.94
1789650240000000000,2026-09-17T13:04:00Z,synthetic_stepwise_random_bounded,2.509,5.634,-50.2,0.0,50.2,291.66,6.1,18.29,-274.47,3,Starting,1240.33,665.41
1789650300000000000,2026-09-17T13:05:00Z,synthetic_stepwise_random_bounded,2.481,5.604,-47.06,0.0,47.06,291.64,6.06,16.78,-280.45,1,Starting,1277.97,678.07
1789650360000000000,2026-09-17T13:06:00Z,synthetic_stepwise_random_bounded,2.469,5.662,-50.75,0.0,50.75,291.62,6.03,16.22,-312.89,1,Starting,1256.95,676.22
1789650420000000000,2026-09-17T13:07:00Z,synthetic_stepwise_random_bounded,2.483,5.684,-49.93,0.0,49.93,291.61,6.02,17.17,-290.8,1,Starting,1243.77,695.31
1789650480000000000,2026-09-17T13:08:00Z,synthetic_stepwise_random_bounded,2.429,5.724,-53.59,0.0,53.59,291.6,6.0,17.49,-306.4,3,Starting,1289.46,717.1
1789650540000000000,2026-09-17T13:09:00Z,synthetic_stepwise_random_bounded,2.477,5.715,-58.18,0.0,58.18,291.58,5.96,17.31,-336.11,1,Starting,1293.59,737.82
1789650600000000000,2026-09-17T13:10:00Z,synthetic_stepwise_random_bounded,2.444,5.8,-53.11,0.0,53.11,291.56,5.94,18.39,-288.8,3,Starting,1285.78,743.12
1789650660000000000,2026-09-17T13:11:00Z,synthetic_stepwise_random_bounded,2.347,5.752,-54.28,0.0,54.28,291.56,5.93,17.08,-317.8,3,Starting,1331.67,769.41
1789650720000000000,2026-09-17T13:12:00Z,synthetic_stepwise_random_bounded,2.336,5.78,-50.49,0.0,50.49,291.55,5.92,15.17,-332.83,1,Starting,1346.67,770.47
1789650780000000000,2026-09-17T13:13:00Z,synthetic_stepwise_random_bounded,2.33,5.728,-53.33,0.0,53.33,291.54,5.9,15.27,-349.25,2,Starting,1375.19,799.95
1789650840000000000,2026-09-17T13:14:00Z,synthetic_stepwise_random_bounded,2.335,5.825,-48.49,0.0,48.49,291.53,5.89,15.0,-323.27,3,Starting,1395.26,806.33
1789650900000000000,2026-09-17T13:15:00Z,synthetic_stepwise_random_bounded,2.408,5.868,-48.11,0.0,48.11,291.53,5.88,16.47,-292.11,1,Starting,1372.49,796.46
1789650960000000000,2026-09-17T13:16:00Z,synthetic_stepwise_random_bounded,2.389,5.848,-43.77,0.0,43.77,291.52,5.86,15.19,-288.15,1,Starting,1381.88,792.66
1789651020000000000,2026-09-17T13:17:00Z,synthetic_stepwise_random_bounded,2.286,5.831,-41.46,0.0,41.46,291.51,5.85,15.08,-274.93,1,Starting,1349.11,781.58
1789651080000000000,2026-09-17T13:18:00Z,synthetic_stepwise_random_bounded,2.289,5.816,-37.64,0.0,37.64,291.49,5.82,16.3,-230.92,3,Starting,1356.88,795.21
1789651140000000000,2026-09-17T13:19:00Z,synthetic_stepwise_random_bounded,2.173,5.834,-34.78,0.0,34.78,291.49,5.81,13.86,-250.94,2,Starting,1385.49,807.13
1789651200000000000,2026-09-17T13:20:00Z,synthetic_stepwise_random_bounded,2.114,5.858,-37.25,0.0,37.25,291.46,5.77,13.8,-269.93,3,Starting,1387.59,780.89
1789651260000000000,2026-09-17T13:21:00Z,synthetic_stepwise_random_bounded,2.096,5.887,-39.62,0.0,39.62,291.46,5.76,11.86,-334.06,2,Starting,1377.68,768.25
1789651320000000000,2026-09-17T13:22:00Z,synthetic_stepwise_random_bounded,2.116,5.906,-40.37,0.0,40.37,291.44,5.73,13.79,-292.75,2,Starting,1408.83,742.47
1789651380000000000,2026-09-17T13:23:00Z,synthetic_stepwise_random_bounded,2.157,5.839,-37.33,0.0,37.33,291.41,5.69,13.49,-276.72,3,Starting,1404.53,731.69
1789651440000000000,2026-09-17T13:24:00Z,synthetic_stepwise_random_bounded,2.222,5.799,-40.43,0.0,40.43,291.41,5.68,14.51,-278.64,3,Starting,1448.3,724.1
1789651500000000000,2026-09-17T13:25:00Z,synthetic_stepwise_random_bounded,2.214,5.826,-42.06,0.0,42.06,291.4,5.66,13.17,-319.36,3,Starting,1400.1,710.53
1789651560000000000,2026-09-17T13:26:00Z,synthetic_stepwise_random_bounded,2.236,5.771,-40.75,0.0,40.75,291.38,5.63,15.18,-268.45,2,Starting,1389.82,700.54
1789651620000000000,2026-09-17T13:27:00Z,synthetic_stepwise_random_bounded,2.232,5.737,-41.68,0.0,41.68,291.36,5.6,14.39,-289.65,3,Starting,1406.33,714.31
1789651680000000000,2026-09-17T13:28:00Z,synthetic_stepwise_random_bounded,2.238,5.67,-41.84,0.0,41.84,291.35,5.58,15.31,-273.29,3,Starting,1431.1,720.91
1789651740000000000,2026-09-17T13:29:00Z,synthetic_stepwise_random_bounded,2.349,5.674,-45.77,0.0,45.77,291.34,5.56,14.73,-310.73,1,Starting,1435.28,747.96
1789651800000000000,2026-09-17T13:30:00Z,synthetic_stepwise_random_bounded,2.41,5.702,-43.88,0.0,43.88,291.32,5.54,15.04,-291.76,2,Starting,1389.96,768.22
1789651860000000000,2026-09-17T13:31:00Z,synthetic_stepwise_random_bounded,2.423,5.728,-45.94,0.0,45.94,291.31,5.51,16.71,-274.93,1,Starting,1412.89,739.74
1789651920000000000,2026-09-17T13:32:00Z,synthetic_stepwise_random_bounded,2.374,5.726,-44.7,0.0,44.7,291.3,5.5,14.87,-300.61,1,Starting,1381.23,764.5
1789651980000000000,2026-09-17T13:33:00Z,synthetic_stepwise_random_bounded,2.246,5.75,-47.41,0.0,47.41,291.29,5.48,13.4,-353.81,3,Starting,1400.06,747.05
1789652040000000000,2026-09-17T13:34:00Z,synthetic_stepwise_random_bounded,2.139,5.784,-49.38,0.0,49.38,291.29,5.48,13.89,-355.51,2,Starting,1369.07,771.31
1789652100000000000,2026-09-17T13:35:00Z,synthetic_stepwise_random_bounded,2.081,5.871,-51.62,0.0,51.62,291.28,5.47,13.46,-383.51,2,Starting,1371.61,795.85
1789652160000000000,2026-09-17T13:36:00Z,synthetic_stepwise_random_bounded,2.11,5.823,-53.1,0.0,53.1,291.27,5.45,14.02,-378.74,1,Starting,1350.26,809.94
1789652220000000000,2026-09-17T13:37:00Z,synthetic_stepwise_random_bounded,2.158,5.817,-58.33,0.0,58.33,291.26,5.44,13.74,-424.53,1,Starting,1385.27,826.77
1789652280000000000,2026-09-17T13:38:00Z,synthetic_stepwise_random_bounded,2.186,5.906,-58.36,0.0,58.36,291.24,5.4,14.03,-415.97,2,Starting,1410.26,820.74
1789652340000000000,2026-09-17T13:39:00Z,synthetic_stepwise_random_bounded,2.21,5.898,-58.43,0.0,58.43,291.23,5.39,13.86,-421.57,1,Starting,1437.29,796.22
1789652400000000000,2026-09-17T13:40:00Z,synthetic_stepwise_random_bounded,2.207,5.974,-53.59,0.0,53.59,291.22,5.37,13.33,-402.03,3,Starting,1407.67,825.07
1789652460000000000,2026-09-17T13:41:00Z,synthetic_stepwise_random_bounded,2.238,5.926,-50.72,0.0,50.72,291.2,5.34,15.42,-328.92,1,Starting,1445.13,795.46
1789652520000000000,2026-09-17T13:42:00Z,synthetic_stepwise_random_bounded,2.264,5.932,-50.31,0.0,50.31,291.2,5.33,15.0,-335.4,3,Starting,1402.46,788.29
1789652580000000000,2026-09-17T13:43:00Z,synthetic_stepwise_random_bounded,2.101,6.008,-49.94,0.0,49.94,291.18,5.3,14.52,-343.94,3,Starting,1399.12,770.08
1789652640000000000,2026-09-17T13:44:00Z,synthetic_stepwise_random_bounded,2.136,6.062,-53.25,0.0,53.25,291.17,5.28,12.6,-422.62,1,Starting,1411.34,773.87
1789652700000000000,2026-09-17T13:45:00Z,synthetic_stepwise_random_bounded,2.151,5.924,-57.01,0.0,57.01,291.15,5.25,12.72,-448.19,1,Starting,1436.7,781.98
1789652760000000000,2026-09-17T13:46:00Z,synthetic_stepwise_random_bounded,2.101,5.873,-60.71,0.0,60.71,291.14,5.23,13.17,-460.97,2,Starting,1398.35,664.85
1789652820000000000,2026-09-17T13:47:00Z,synthetic_stepwise_random_bounded,2.058,5.86,-63.37,0.0,63.37,291.13,5.22,11.37,-557.34,2,Starting,1404.77,657.25
1789652880000000000,2026-09-17T13:48:00Z,synthetic_stepwise_random_bounded,2.051,5.938,-65.4,0.0,65.4,291.12,5.2,11.73,-557.54,3,Starting,1427.62,666.53
1789652940000000000,2026-09-17T13:49:00Z,synthetic_stepwise_random_bounded,2.062,5.944,-67.06,0.0,67.06,291.11,5.18,11.53,-581.61,3,Starting,1429.55,692.66
1789653000000000000,2026-09-17T13:50:00Z,synthetic_stepwise_random_bounded,2.131,6.029,-69.47,0.0,69.47,291.09,5.15,14.57,-476.8,3,Starting,1400.53,679.52
1789653060000000000,2026-09-17T13:51:00Z,synthetic_stepwise_random_bounded,2.167,6.065,-74.79,0.0,74.79,291.07,5.12,13.83,-540.78,2,Starting,1370.84,697.22
1789653120000000000,2026-09-17T13:52:00Z,synthetic_stepwise_random_bounded,2.208,6.101,-79.4,0.0,79.4,291.07,5.11,13.78,-576.2,2,Starting,1402.16,721.94
1789653180000000000,2026-09-17T13:53:00Z,synthetic_stepwise_random_bounded,2.19,6.115,-80.76,0.0,80.76,291.05,5.08,13.24,-609.97,1,Starting,1386.12,698.77
1789653240000000000,2026-09-17T13:54:00Z,synthetic_stepwise_random_bounded,2.187,6.131,-83.4,0.0,83.4,291.04,5.06,14.31,-582.81,2,Starting,1374.05,672.87
1789653300000000000,2026-09-17T13:55:00Z,synthetic_stepwise_random_bounded,2.105,6.131,-83.02,0.0,83.02,291.02,5.03,14.93,-556.06,3,Starting,1343.73,667.63
1789653360000000000,2026-09-17T13:56:00Z,synthetic_stepwise_random_bounded,2.132,6.082,-87.94,0.0,87.94,291.01,5.02,13.9,-632.66,2,Starting,1295.14,670.52
1789653420000000000,2026-09-17T13:57:00Z,synthetic_stepwise_random_bounded,2.06,6.051,-88.89,0.0,88.89,290.99,4.99,13.29,-668.85,2,Starting,1268.28,683.47
1789653480000000000,2026-09-17T13:58:00Z,synthetic_stepwise_random_bounded,2.019,6.012,-82.46,0.0,82.46,290.99,4.98,11.16,-738.89,2,Starting,1237.66,667.98
1789653540000000000,2026-09-17T13:59:00Z,synthetic_stepwise_random_bounded,1.98,6.028,-85.21,0.0,85.21,290.98,4.96,10.66,-799.34,1,Starting,1228.78,676.67
1789653600000000000,2026-09-17T14:00:00Z,synthetic_stepwise_random_bounded,1.991,6.046,-86.14,0.0,86.14,290.96,4.94,11.71,-735.61,1,Starting,1185.13,664.75
1789653660000000000,2026-09-17T14:01:00Z,synthetic_stepwise_random_bounded,2.034,6.036,-84.71,0.0,84.71,290.95,4.91,11.98,-707.1,2,Starting,1233.74,679.65
1789653720000000000,2026-09-17T14:02:00Z,synthetic_stepwise_random_bounded,2.084,6.019,-91.77,0.0,91.77,290.93,4.89,13.82,-664.04,1,Starting,1247.15,681.22
1789653780000000000,2026-09-17T14:03:00Z,synthetic_stepwise_random_bounded,2.188,5.932,-100.95,0.0,100.95,290.93,4.88,14.48,-697.17,3,Starting,1226.99,709.16
1789653840000000000,2026-09-17T14:04:00Z,synthetic_stepwise_random_bounded,2.228,5.892,-109.34,0.0,109.34,290.92,4.86,13.48,-811.13,2,Starting,1271.05,712.5
1789653900000000000,2026-09-17T14:05:00Z,synthetic_stepwise_random_bounded,2.205,5.867,-105.44,0.0,105.44,290.9,4.84,13.41,-786.28,1,Starting,1253.68,739.7
1789653960000000000,2026-09-17T14:06:00Z,synthetic_stepwise_random_bounded,2.18,5.917,-95.47,0.0,95.47,290.9,4.83,13.6,-701.99,1,Starting,1270.05,716.66
1789654020000000000,2026-09-17T14:07:00Z,synthetic_stepwise_random_bounded,2.217,6.021,-102.49,0.0,102.49,290.89,4.82,16.01,-640.16,1,Starting,1265.9,727.77
1789654080000000000,2026-09-17T14:08:00Z,synthetic_stepwise_random_bounded,2.159,6.031,-108.81,0.0,108.81,290.88,4.8,14.78,-736.2,3,Starting,1230.73,731.39
1789654140000000000,2026-09-17T14:09:00Z,synthetic_stepwise_random_bounded,2.197,6.043,-108.21,0.0,108.21,290.87,4.78,14.89,-726.73,2,Starting,1188.61,746.93
1789654200000000000,2026-09-17T14:10:00Z,synthetic_stepwise_random_bounded,2.145,6.09,-112.63,0.0,112.63,290.86,4.76,13.1,-859.77,1,Starting,1157.82,762.86
1789654260000000000,2026-09-17T14:11:00Z,synthetic_stepwise_random_bounded,2.039,6.114,-120.19,0.0,120.19,290.84,4.74,13.45,-893.61,1,Starting,1118.34,745.93
1789654320000000000,2026-09-17T14:12:00Z,synthetic_stepwise_random_bounded,2.032,6.093,-110.84,0.0,110.84,290.83,4.72,13.14,-843.53,2,Starting,1146.39,751.47
1789654380000000000,2026-09-17T14:13:00Z,synthetic_stepwise_random_bounded,1.971,6.104,-106.62,0.0,106.62,290.82,4.7,12.23,-871.79,2,Starting,1193.59,744.38
1789654440000000000,2026-09-17T14:14:00Z,synthetic_stepwise_random_bounded,1.943,6.082,-106.61,0.0,106.61,290.81,4.69,11.07,-963.05,1,Starting,1181.01,718.31
1789654500000000000,2026-09-17T14:15:00Z,synthetic_stepwise_random_bounded,1.923,6.065,-113.37,0.0,113.37,290.8,4.67,11.23,-1009.53,3,Starting,1210.47,694.13
1789654560000000000,2026-09-17T14:16:00Z,synthetic_stepwise_random_bounded,1.926,6.038,-117.8,0.0,117.8,290.8,4.66,10.82,-1088.72,1,Starting,851.31,616.73
1789654620000000000,2026-09-17T14:17:00Z,synthetic_stepwise_random_bounded,1.89,5.894,-129.39,0.0,129.39,290.78,4.64,10.1,-1281.09,3,Starting,900.72,601.02
1789654680000000000,2026-09-17T14:18:00Z,synthetic_stepwise_random_bounded,1.901,5.832,-129.72,0.0,129.72,290.77,4.62,10.76,-1205.58,2,Starting,862.04,617.86
1789654740000000000,2026-09-17T14:19:00Z,synthetic_stepwise_random_bounded,1.953,5.783,-118.06,0.0,118.06,290.76,4.6,11.98,-985.48,1,Starting,879.78,597.72
1789654800000000000,2026-09-17T14:20:00Z,synthetic_stepwise_random_bounded,1.911,5.787,-126.46,0.0,126.46,290.74,4.56,11.08,-1141.34,3,Starting,869.86,613.21
1789654860000000000,2026-09-17T14:21:00Z,synthetic_stepwise_random_bounded,1.818,5.852,-129.25,0.0,129.25,290.72,4.54,10.42,-1240.4,2,Starting,856.77,589.82
1789654920000000000,2026-09-17T14:22:00Z,synthetic_stepwise_random_bounded,1.771,5.749,-119.49,0.0,119.49,290.71,4.52,8.85,-1350.17,1,Starting,838.6,584.45
1789654980000000000,2026-09-17T14:23:00Z,synthetic_stepwise_random_bounded,1.771,5.738,-130.25,0.0,130.25,290.71,4.51,9.52,-1368.17,3,Starting,788.73,608.52
1789655040000000000,2026-09-17T14:24:00Z,synthetic_stepwise_random_bounded,1.774,5.745,-141.67,0.0,141.67,290.69,4.48,8.2,-1727.68,1,Starting,802.16,592.32
1789655100000000000,2026-09-17T14:25:00Z,synthetic_stepwise_random_bounded,1.761,5.707,-127.88,0.0,127.88,290.68,4.47,8.46,-1511.58,2,Starting,787.07,614.68
1789655160000000000,2026-09-17T14:26:00Z,synthetic_stepwise_random_bounded,1.803,5.689,-125.37,0.0,125.37,290.67,4.45,8.85,-1416.61,3,Starting,761.25,633.76
1789655220000000000,2026-09-17T14:27:00Z,synthetic_stepwise_random_bounded,1.781,5.621,-124.67,0.0,124.67,290.66,4.43,8.49,-1468.43,3,Starting,722.94,633.43
1789655280000000000,2026-09-17T14:28:00Z,synthetic_stepwise_random_bounded,1.674,5.642,-126.18,0.0,126.18,290.65,4.42,7.95,-1587.17,3,Starting,699.23,621.1
1789655340000000000,2026-09-17T14:29:00Z,synthetic_stepwise_random_bounded,1.588,5.593,-127.94,0.0,127.94,290.64,4.4,6.93,-1846.18,2,Starting,677.65,608.84
1789655400000000000,2026-09-17T14:30:00Z,synthetic_stepwise_random_bounded,1.61,5.558,-137.53,0.0,137.53,290.62,4.37,7.92,-1736.49,1,Starting,725.99,621.42
1789655460000000000,2026-09-17T14:31:00Z,synthetic_stepwise_random_bounded,1.588,5.593,-144.81,0.0,144.81,290.6,4.34,7.01,-2065.76,3,Starting,749.21,633.7
1789655520000000000,2026-09-17T14:32:00Z,synthetic_stepwise_random_bounded,1.626,5.583,-152.73,0.0,152.73,290.6,4.33,7.3,-2092.19,2,Starting,752.7,642.91
1789655580000000000,2026-09-17T14:33:00Z,synthetic_stepwise_random_bounded,1.707,5.627,-147.73,0.0,147.73,290.58,4.3,8.09,-1826.08,3,Starting,740.64,625.59
1789655640000000000,2026-09-17T14:34:00Z,synthetic_stepwise_random_bounded,1.668,5.642,-160.51,0.0,160.51,290.56,4.27,7.98,-2011.4,2,Starting,734.35,630.5
1789655700000000000,2026-09-17T14:35:00Z,synthetic_stepwise_random_bounded,1.628,5.64,-160.03,0.0,160.03,290.56,4.26,6.92,-2312.57,2,Starting,971.36,493.22
1789655760000000000,2026-09-17T14:36:00Z,synthetic_stepwise_random_bounded,1.65,5.673,-165.13,0.0,165.13,290.54,4.23,8.43,-1958.84,1,Starting,972.63,472.34
1789655820000000000,2026-09-17T14:37:00Z,synthetic_stepwise_random_bounded,1.691,5.76,-153.26,0.0,153.26,290.53,4.21,8.62,-1777.96,1,Starting,981.34,472.75
1789655880000000000,2026-09-17T14:38:00Z,synthetic_stepwise_random_bounded,1.684,5.847,-154.72,0.0,154.72,290.51,4.19,8.3,-1864.1,1,Starting,1002.48,487.12
1789655940000000000,2026-09-17T14:39:00Z,synthetic_stepwise_random_bounded,1.721,5.789,-150.63,0.0,150.63,290.5,4.16,8.52,-1767.96,2,Starting,962.35,500.75
1789656000000000000,2026-09-17T14:40:00Z,synthetic_stepwise_random_bounded,1.775,5.749,-145.06,0.0,145.06,290.48,4.14,9.58,-1514.2,3,Starting,912.94,485.65
1789656060000000000,2026-09-17T14:41:00Z,synthetic_stepwise_random_bounded,1.832,5.603,-140.27,0.0,140.27,290.48,4.13,10.31,-1360.52,3,Starting,873.08,512.46
1789656120000000000,2026-09-17T14:42:00Z,synthetic_stepwise_random_bounded,1.809,5.588,-143.98,0.0,143.98,290.47,4.12,9.89,-1455.81,2,Starting,861.17,537.98
1789656180000000000,2026-09-17T14:43:00Z,synthetic_stepwise_random_bounded,1.773,5.551,-134.88,0.0,134.88,290.46,4.1,9.25,-1458.16,3,Starting,836.76,511.63
1789656240000000000,2026-09-17T14:44:00Z,synthetic_stepwise_random_bounded,1.795,5.548,-132.37,0.0,132.37,290.45,4.08,9.78,-1353.48,3,Starting,804.29,517.58
1789656300000000000,2026-09-17T14:45:00Z,synthetic_stepwise_random_bounded,1.743,5.558,-140.15,0.0,140.15,290.43,4.05,7.8,-1796.79,1,Starting,837.71,495.28
1789656360000000000,2026-09-17T14:46:00Z,synthetic_stepwise_random_bounded,1.747,5.656,-127.12,0.0,127.12,290.42,4.03,8.31,-1529.72,3,Starting,874.39,473.75
1789656420000000000,2026-09-17T14:47:00Z,synthetic_stepwise_random_bounded,1.82,5.647,-132.36,0.0,132.36,290.4,4.0,9.77,-1354.76,3,Starting,858.79,475.43
1789656480000000000,2026-09-17T14:48:00Z,synthetic_stepwise_random_bounded,1.876,5.683,-143.07,0.0,143.07,290.39,3.99,9.19,-1556.8,2,On,845.43,465.76
1789656540000000000,2026-09-17T14:49:00Z,synthetic_stepwise_random_bounded,1.884,5.532,-136.81,0.0,136.81,290.38,3.96,10.65,-1284.6,1,On,859.67,481.49
1789656600000000000,2026-09-17T14:50:00Z,synthetic_stepwise_random_bounded,1.956,5.545,-139.72,0.0,139.72,290.36,3.94,10.79,-1294.9,3,On,809.68,488.25
1789656660000000000,2026-09-17T14:51:00Z,synthetic_stepwise_random_bounded,1.873,5.601,-150.56,0.0,150.56,290.35,3.91,9.31,-1617.19,2,On,830.97,481.7
1789656720000000000,2026-09-17T14:52:00Z,synthetic_stepwise_random_bounded,1.837,5.58,-146.84,0.0,146.84,290.34,3.9,9.8,-1498.37,1,On,871.76,502.61
1789656780000000000,2026-09-17T14:53:00Z,synthetic_stepwise_random_bounded,1.924,5.52,-137.45,0.0,137.45,290.33,3.88,10.91,-1259.85,2,On,885.28,511.35
1789656840000000000,2026-09-17T14:54:00Z,synthetic_stepwise_random_bounded,1.878,5.513,-139.46,0.0,139.46,290.32,3.86,9.43,-1478.9,3,On,883.35,514.2
1789656900000000000,2026-09-17T14:55:00Z,synthetic_stepwise_random_bounded,1.866,5.523,-139.66,0.0,139.66,290.31,3.85,10.35,-1349.37,2,On,883.01,489.83
1789656960000000000,2026-09-17T14:56:00Z,synthetic_stepwise_random_bounded,1.83,5.43,-130.08,0.0,130.08,290.3,3.84,9.95,-1307.34,3,On,888.23,489.08
1789657020000000000,2026-09-17T14:57:00Z,synthetic_stepwise_random_bounded,1.819,5.373,-125.26,0.0,125.26,290.29,3.82,8.67,-1444.75,3,On,924.27,481.03
1789657080000000000,2026-09-17T14:58:00Z,synthetic_stepwise_random_bounded,1.866,5.346,-129.17,0.0,129.17,290.28,3.8,8.92,-1448.09,3,On,895.56,480.79
1789657140000000000,2026-09-17T14:59:00Z,synthetic_stepwise_random_bounded,1.899,5.299,-124.06,0.0,124.06,290.27,3.78,9.65,-1285.6,1,On,855.18,480.46
1789657200000000000,2026-09-17T15:00:00Z,synthetic_stepwise_random_bounded,1.923,5.295,-114.52,0.0,114.52,290.26,3.77,9.75,-1174.56,3,On,806.25,503.22
1789657260000000000,2026-09-17T15:01:00Z,synthetic_stepwise_random_bounded,1.824,5.276,-122.52,0.0,122.52,290.26,3.76,8.35,-1467.31,3,On,790.09,484.54
1789657320000000000,2026-09-17T15:02:00Z,synthetic_stepwise_random_bounded,1.798,5.307,-113.92,0.0,113.92,290.24,3.73,8.95,-1272.85,3,On,817.05,478.59
1789657380000000000,2026-09-17T15:03:00Z,synthetic_stepwise_random_bounded,1.706,5.311,-115.22,0.0,115.22,290.22,3.7,7.17,-1606.97,1,On,863.96,487.46
1789657440000000000,2026-09-17T15:04:00Z,synthetic_stepwise_random_bounded,1.782,5.374,-121.3,0.0,121.3,290.21,3.68,9.27,-1308.52,1,On,850.83,495.14
1789657500000000000,2026-09-17T15:05:00Z,synthetic_stepwise_random_bounded,1.771,5.329,-112.86,0.0,112.86,290.2,3.66,8.27,-1364.69,1,On,873.95,486.22
1789657560000000000,2026-09-17T15:06:00Z,synthetic_stepwise_random_bounded,1.76,5.284,-119.74,0.0,119.74,290.19,3.65,7.63,-1569.33,3,On,909.19,513.5
1789657620000000000,2026-09-17T15:07:00Z,synthetic_stepwise_random_bounded,1.667,5.314,-116.79,0.0,116.79,290.18,3.64,6.85,-1704.96,3,On,912.89,505.5
1789657680000000000,2026-09-17T15:08:00Z,synthetic_stepwise_random_bounded,1.687,5.265,-127.62,0.0,127.62,290.17,3.62,7.11,-1794.94,2,On,945.43,528.21
1789657740000000000,2026-09-17T15:09:00Z,synthetic_stepwise_random_bounded,1.691,5.283,-138.64,0.0,138.64,290.17,3.61,7.75,-1788.9,1,On,943.77,520.03
1789657800000000000,2026-09-17T15:10:00Z,synthetic_stepwise_random_bounded,1.716,5.292,-141.05,0.0,141.05,290.15,3.59,8.37,-1685.19,2,On,943.01,517.22
1789657860000000000,2026-09-17T15:11:00Z,synthetic_stepwise_random_bounded,1.722,5.23,-131.44,0.0,131.44,290.13,3.55,7.03,-1869.7,2,On,963.98,524.82
1789657920000000000,2026-09-17T15:12:00Z,synthetic_stepwise_random_bounded,1.75,5.243,-122.49,0.0,122.49,290.12,3.54,8.64,-1417.71,1,On,1004.18,540.71
1789657980000000000,2026-09-17T15:13:00Z,synthetic_stepwise_random_bounded,1.745,5.3,-125.23,0.0,125.23,290.11,3.51,7.48,-1674.2,2,On,1038.32,544.63
1789658040000000000,2026-09-17T15:14:00Z,synthetic_stepwise_random_bounded,1.75,5.365,-121.39,0.0,121.39,290.1,3.5,8.26,-1469.61,3,On,1042.84,573.61
1789658100000000000,2026-09-17T15:15:00Z,synthetic_stepwise_random_bounded,1.732,5.394,-130.67,0.0,130.67,290.09,3.48,7.69,-1699.22,1,On,1077.67,603.42
1789658160000000000,2026-09-17T15:16:00Z,synthetic_stepwise_random_bounded,1.743,5.329,-118.97,0.0,118.97,290.08,3.47,8.0,-1487.12,1,On,1084.43,581.84
1789658220000000000,2026-09-17T15:17:00Z,synthetic_stepwise_random_bounded,1.719,5.331,-110.79,0.0,110.79,290.06,3.44,8.07,-1372.86,1,On,1064.82,584.69
1789658280000000000,2026-09-17T15:18:00Z,synthetic_stepwise_random_bounded,1.744,5.349,-113.46,0.0,113.46,290.05,3.41,8.28,-1370.29,1,On,1073.46,600.9
1789658340000000000,2026-09-17T15:19:00Z,synthetic_stepwise_random_bounded,1.718,5.417,-104.35,0.0,104.35,290.04,3.4,7.81,-1336.11,2,On,1044.04,611.3
1789658400000000000,2026-09-17T15:20:00Z,synthetic_stepwise_random_bounded,1.657,5.44,-113.91,0.0,113.91,290.02,3.37,7.72,-1475.52,1,On,995.42,590.45
1789658460000000000,2026-09-17T15:21:00Z,synthetic_stepwise_random_bounded,1.69,5.464,-113.07,0.0,113.07,290.01,3.35,8.2,-1378.9,3,On,984.51,573.27
1789658520000000000,2026-09-17T15:22:00Z,synthetic_stepwise_random_bounded,1.717,5.503,-119.93,0.0,119.93,290.0,3.34,8.92,-1344.51,1,On,1014.43,562.7
1789658580000000000,2026-09-17T15:23:00Z,synthetic_stepwise_random_bounded,1.633,5.443,-117.87,0.0,117.87,289.99,3.31,7.96,-1480.78,1,On,994.36,539.23
1789658640000000000,2026-09-17T15:24:00Z,synthetic_stepwise_random_bounded,1.616,5.41,-122.11,0.0,122.11,289.97,3.28,7.17,-1703.07,1,On,946.47,565.61
1789658700000000000,2026-09-17T15:25:00Z,synthetic_stepwise_random_bounded,1.619,5.48,-124.44,0.0,124.44,289.95,3.25,7.62,-1633.07,1,On,964.49,538.67
1789658760000000000,2026-09-17T15:26:00Z,synthetic_stepwise_random_bounded,1.595,5.493,-128.42,0.0,128.42,289.94,3.23,7.45,-1723.76,3,On,934.12,568.17
1789658820000000000,2026-09-17T15:27:00Z,synthetic_stepwise_random_bounded,1.626,5.585,-135.34,0.0,135.34,289.92,3.2,7.02,-1927.92,3,On,915.64,549.55
1789658880000000000,2026-09-17T15:28:00Z,synthetic_stepwise_random_bounded,1.565,5.594,-147.79,0.0,147.79,289.91,3.19,6.62,-2232.48,3,On,877.87,567.42
1789658940000000000,2026-09-17T15:29:00Z,synthetic_stepwise_random_bounded,1.599,5.619,-156.33,0.0,156.33,289.91,3.18,6.81,-2295.59,1,On,869.3,577.24
1789659000000000000,2026-09-17T15:30:00Z,synthetic_stepwise_random_bounded,1.609,5.546,-171.73,0.0,171.73,289.9,3.17,7.12,-2411.94,3,On,893.86,548.54
1789659060000000000,2026-09-17T15:31:00Z,synthetic_stepwise_random_bounded,1.566,5.571,-185.4,0.0,185.4,289.89,3.15,6.72,-2758.93,1,On,866.63,554.79
1789659120000000000,2026-09-17T15:32:00Z,synthetic_stepwise_random_bounded,1.614,5.499,-197.72,0.0,197.72,289.87,3.12,7.77,-2544.66,2,On,842.0,551.36
1789659180000000000,2026-09-17T15:33:00Z,synthetic_stepwise_random_bounded,1.571,5.517,-188.2,0.0,188.2,289.86,3.1,7.46,-2522.79,1,On,871.04,577.54
1789659240000000000,2026-09-17T15:34:00Z,synthetic_stepwise_random_bounded,1.52,5.511,-193.65,0.0,193.65,289.86,3.1,6.73,-2877.41,3,On,824.28,591.03
1789659300000000000,2026-09-17T15:35:00Z,synthetic_stepwise_random_bounded,1.51,5.498,-189.04,0.0,189.04,289.84,3.06,6.56,-2881.71,2,On,850.86,619.06
1789659360000000000,2026-09-17T15:36:00Z,synthetic_stepwise_random_bounded,1.56,5.457,-202.87,0.0,202.87,289.82,3.04,6.82,-2974.63,1,On,880.14,634.31
1789659420000000000,2026-09-17T15:37:00Z,synthetic_stepwise_random_bounded,1.688,5.423,-187.25,0.0,187.25,289.81,3.02,8.0,-2340.62,1,On,836.5,651.41
1789659480000000000,2026-09-17T15:38:00Z,synthetic_stepwise_random_bounded,1.673,5.533,-200.03,0.0,200.03,289.81,3.01,8.15,-2454.36,1,On,878.46,630.59
1789659540000000000,2026-09-17T15:39:00Z,synthetic_stepwise_random_bounded,1.681,5.533,-203.06,0.0,203.06,289.79,2.99,8.3,-2446.51,1,On,894.22,602.06
1789659600000000000,2026-09-17T15:40:00Z,synthetic_stepwise_random_bounded,1.699,5.599,-201.87,0.0,201.87,289.78,2.96,7.63,-2645.74,2,On,918.41,600.11
1789659660000000000,2026-09-17T15:41:00Z,synthetic_stepwise_random_bounded,1.725,5.532,-210.18,0.0,210.18,289.77,2.95,7.92,-2653.79,2,On,898.89,577.12
1789659720000000000,2026-09-17T15:42:00Z,synthetic_stepwise_random_bounded,1.713,5.489,-201.08,0.0,201.08,289.76,2.94,7.76,-2591.24,1,On,868.33,569.25
1789659780000000000,2026-09-17T15:43:00Z,synthetic_stepwise_random_bounded,1.687,5.52,-189.59,0.0,189.59,289.75,2.91,8.11,-2337.73,1,On,837.21,584.79
1789659840000000000,2026-09-17T15:44:00Z,synthetic_stepwise_random_bounded,1.614,5.629,-180.42,0.0,180.42,289.74,2.9,7.0,-2577.43,3,On,856.26,566.58
1789659900000000000,2026-09-17T15:45:00Z,synthetic_stepwise_random_bounded,1.614,5.678,-190.62,0.0,190.62,289.73,2.89,7.06,-2700.0,1,On,867.03,589.36
1789659960000000000,2026-09-17T15:46:00Z,synthetic_stepwise_random_bounded,1.622,5.628,-201.62,0.0,201.62,289.72,2.86,7.23,-2788.66,3,On,858.02,608.04
1789660020000000000,2026-09-17T15:47:00Z,synthetic_stepwise_random_bounded,1.639,5.55,-190.81,0.0,190.81,289.71,2.85,7.65,-2494.25,2,On,868.38,601.97
1789660080000000000,2026-09-17T15:48:00Z,synthetic_stepwise_random_bounded,1.615,5.552,-184.98,0.0,184.98,289.69,2.82,6.65,-2781.65,3,On,834.11,589.56
1789660140000000000,2026-09-17T15:49:00Z,synthetic_stepwise_random_bounded,1.542,5.588,-184.47,0.0,184.47,289.68,2.8,6.22,-2965.76,3,On,850.67,567.56
1789660200000000000,2026-09-17T15:50:00Z,synthetic_stepwise_random_bounded,1.549,5.567,-179.33,0.0,179.33,289.67,2.78,6.91,-2595.22,2,On,854.18,557.8
1789660260000000000,2026-09-17T15:51:00Z,synthetic_stepwise_random_bounded,1.548,5.596,-185.3,0.0,185.3,289.66,2.76,6.25,-2964.8,3,On,835.27,534.4
1789660320000000000,2026-09-17T15:52:00Z,synthetic_stepwise_random_bounded,1.599,5.659,-184.17,0.0,184.17,289.65,2.75,7.85,-2346.11,2,On,860.9,561.47
1789660380000000000,2026-09-17T15:53:00Z,synthetic_stepwise_random_bounded,1.636,5.709,-173.11,0.0,173.11,289.63,2.72,6.98,-2480.09,2,On,883.39,545.56
1789660440000000000,2026-09-17T15:54:00Z,synthetic_stepwise_random_bounded,1.691,5.693,-188.48,0.0,188.48,289.62,2.7,7.56,-2493.12,3,On,848.97,516.98
1789660500000000000,2026-09-17T15:55:00Z,synthetic_stepwise_random_bounded,1.712,5.612,-180.59,0.0,180.59,289.61,2.69,8.06,-2240.57,3,On,897.17,497.23
1789660560000000000,2026-09-17T15:56:00Z,synthetic_stepwise_random_bounded,1.738,5.508,-187.43,0.0,187.43,289.6,2.67,8.5,-2205.06,2,On,940.03,525.41
1789660620000000000,2026-09-17T15:57:00Z,synthetic_stepwise_random_bounded,1.716,5.477,-191.68,0.0,191.68,289.59,2.65,8.09,-2369.34,1,On,917.41,525.67
1789660680000000000,2026-09-17T15:58:00Z,synthetic_stepwise_random_bounded,1.653,5.39,-185.84,0.0,185.84,289.58,2.63,7.02,-2647.29,2,On,894.46,512.76
1789660740000000000,2026-09-17T15:59:00Z,synthetic_stepwise_random_bounded,1.664,5.448,-196.03,0.0,196.03,289.57,2.62,7.13,-2749.37,2,On,846.18,503.74
1789660800000000000,2026-09-17T16:00:00Z,synthetic_stepwise_random_bounded,1.679,5.426,-194.55,0.0,194.55,289.57,2.62,7.88,-2468.91,2,On,895.62,532.57
1789660860000000000,2026-09-17T16:01:00Z,synthetic_stepwise_random_bounded,1.696,5.498,-196.14,0.0,196.14,289.56,2.6,7.57,-2591.02,2,On,929.7,402.3
1789660920000000000,2026-09-17T16:02:00Z,synthetic_stepwise_random_bounded,1.72,5.488,-211.17,0.0,211.17,289.55,2.58,7.94,-2659.57,3,On,884.27,431.53
1789660980000000000,2026-09-17T16:03:00Z,synthetic_stepwise_random_bounded,1.735,5.562,-210.28,0.0,210.28,289.53,2.55,8.19,-2567.52,3,On,856.61,437.36
1789661040000000000,2026-09-17T16:04:00Z,synthetic_stepwise_random_bounded,1.713,5.622,-192.28,0.0,192.28,289.52,2.53,8.06,-2385.61,1,On,891.4,445.64
1789661100000000000,2026-09-17T16:05:00Z,synthetic_stepwise_random_bounded,1.782,5.669,-203.74,0.0,203.74,289.51,2.51,8.39,-2428.37,2,On,853.5,451.94
1789661160000000000,2026-09-17T16:06:00Z,synthetic_stepwise_random_bounded,1.771,5.62,-190.41,0.0,190.41,289.49,2.48,9.46,-2012.79,2,On,815.97,422.59
1789661220000000000,2026-09-17T16:07:00Z,synthetic_stepwise_random_bounded,1.855,5.624,-191.29,0.0,191.29,289.48,2.47,8.89,-2151.74,3,On,785.2,447.46
1789661280000000000,2026-09-17T16:08:00Z,synthetic_stepwise_random_bounded,1.847,5.622,-184.68,0.0,184.68,289.47,2.45,9.55,-1933.82,2,On,806.03,441.96
1789661340000000000,2026-09-17T16:09:00Z,synthetic_stepwise_random_bounded,1.84,5.586,-190.52,0.0,190.52,289.45,2.41,9.38,-2031.13,2,On,826.0,415.19
1789661400000000000,2026-09-17T16:10:00Z,synthetic_stepwise_random_bounded,1.851,5.601,-206.99,0.0,206.99,289.44,2.4,9.95,-2080.3,1,On,824.92,433.12
1789661460000000000,2026-09-17T16:11:00Z,synthetic_stepwise_random_bounded,1.782,5.609,-198.65,0.0,198.65,289.42,2.37,8.58,-2315.27,1,On,785.45,448.7
1789661520000000000,2026-09-17T16:12:00Z,synthetic_stepwise_random_bounded,1.822,5.62,-203.34,0.0,203.34,289.4,2.34,8.7,-2337.24,1,On,809.69,468.8
1789661580000000000,2026-09-17T16:13:00Z,synthetic_stepwise_random_bounded,1.858,5.656,-190.45,0.0,190.45,289.4,2.33,9.15,-2081.42,3,On,811.22,469.82
1789661640000000000,2026-09-17T16:14:00Z,synthetic_stepwise_random_bounded,1.912,5.703,-205.88,0.0,205.88,289.39,2.32,10.3,-1998.83,2,On,787.0,483.97
1789661700000000000,2026-09-17T16:15:00Z,synthetic_stepwise_random_bounded,1.849,5.691,-185.62,0.0,185.62,289.38,2.3,10.44,-1777.97,3,On,820.41,459.44
1789661760000000000,2026-09-17T16:16:00Z,synthetic_stepwise_random_bounded,1.865,5.745,-167.37,0.0,167.37,289.37,2.28,10.93,-1531.29,2,On,863.71,460.45
1789661820000000000,2026-09-17T16:17:00Z,synthetic_stepwise_random_bounded,1.89,5.727,-182.79,0.0,182.79,289.36,2.27,9.98,-1831.56,3,On,833.9,432.71
1789661880000000000,2026-09-17T16:18:00Z,synthetic_stepwise_random_bounded,1.872,5.755,-165.32,0.0,165.32,289.34,2.24,9.58,-1725.68,2,On,863.4,423.14
1789661940000000000,2026-09-17T16:19:00Z,synthetic_stepwise_random_bounded,1.861,5.721,-172.33,0.0,172.33,289.34,2.24,9.02,-1910.53,3,On,831.03,418.64
1789662000000000000,2026-09-17T16:20:00Z,synthetic_stepwise_random_bounded,1.85,5.677,-165.84,0.0,165.84,289.33,2.21,10.14,-1635.5,3,On,842.96,432.61
1789662060000000000,2026-09-17T16:21:00Z,synthetic_stepwise_random_bounded,1.833,5.67,-176.9,0.0,176.9,289.32,2.2,9.97,-1774.32,1,On,810.98,416.54
1789662120000000000,2026-09-17T16:22:00Z,synthetic_stepwise_random_bounded,1.801,5.719,-189.84,0.0,189.84,289.31,2.19,8.9,-2133.03,3,On,837.49,429.62
1789662180000000000,2026-09-17T16:23:00Z,synthetic_stepwise_random_bounded,1.819,5.667,-182.98,0.0,182.98,289.31,2.18,9.49,-1928.13,1,On,833.49,423.28
1789662240000000000,2026-09-17T16:24:00Z,synthetic_stepwise_random_bounded,1.749,5.604,-190.54,0.0,190.54,289.3,2.16,7.91,-2408.85,3,On,831.72,420.7
1789662300000000000,2026-09-17T16:25:00Z,synthetic_stepwise_random_bounded,1.77,5.67,-197.52,0.0,197.52,289.28,2.14,9.0,-2194.67,2,On,855.12,416.82
1789662360000000000,2026-09-17T16:26:00Z,synthetic_stepwise_random_bounded,1.729,5.604,-191.61,0.0,191.61,289.27,2.12,8.49,-2256.89,2,On,807.36,423.86
1789662420000000000,2026-09-17T16:27:00Z,synthetic_stepwise_random_bounded,1.725,5.63,-188.86,0.0,188.86,289.26,2.1,8.1,-2331.6,3,On,760.86,448.89
1789662480000000000,2026-09-17T16:28:00Z,synthetic_stepwise_random_bounded,1.649,5.611,-196.99,0.0,196.99,289.24,2.07,6.91,-2850.8,3,On,727.11,447.22
1789662540000000000,2026-09-17T16:29:00Z,synthetic_stepwise_random_bounded,1.605,5.661,-190.8,0.0,190.8,289.23,2.05,7.91,-2412.14,2,Off,755.19,471.17
1789662600000000000,2026-09-17T16:30:00Z,synthetic_stepwise_random_bounded,1.55,5.603,-186.79,0.0,186.79,289.22,2.03,6.26,-2983.87,3,Off,742.12,483.79
1789662660000000000,2026-09-17T16:31:00Z,synthetic_stepwise_random_bounded,1.517,5.621,-170.94,0.0,170.94,289.21,2.01,7.05,-2424.68,3,Off,784.23,479.09
1789662720000000000,2026-09-17T16:32:00Z,synthetic_stepwise_random_bounded,1.492,5.671,-175.1,0.0,175.1,289.19,1.99,6.32,-2770.57,3,Off,829.1,460.48
1789662780000000000,2026-09-17T16:33:00Z,synthetic_stepwise_random_bounded,1.456,5.699,-185.7,0.0,185.7,289.19,1.98,6.07,-3059.31,2,Off,856.36,459.18
1789662840000000000,2026-09-17T16:34:00Z,synthetic_stepwise_random_bounded,1.502,5.722,-201.69,0.0,201.69,289.18,1.97,7.0,-2881.29,2,Off,854.16,471.5
1789662900000000000,2026-09-17T16:35:00Z,synthetic_stepwise_random_bounded,1.484,5.787,-193.85,0.0,193.85,289.18,1.96,6.29,-3081.88,2,Off,879.88,498.2
1789662960000000000,2026-09-17T16:36:00Z,synthetic_stepwise_random_bounded,1.476,5.845,-201.17,0.0,201.17,289.16,1.94,6.24,-3223.88,1,Off,900.9,473.83
1789663020000000000,2026-09-17T16:37:00Z,synthetic_stepwise_random_bounded,1.494,5.836,-210.69,0.0,210.69,289.14,1.9,7.13,-2954.98,2,Off,867.37,485.56
1789663080000000000,2026-09-17T16:38:00Z,synthetic_stepwise_random_bounded,1.493,5.877,-199.78,0.0,199.78,289.13,1.89,6.21,-3217.07,2,Off,888.09,498.94
1789663140000000000,2026-09-17T16:39:00Z,synthetic_stepwise_random_bounded,1.47,5.816,-212.06,0.0,212.06,289.12,1.87,6.23,-3403.85,1,Off,853.75,482.18
1789663200000000000,2026-09-17T16:40:00Z,synthetic_stepwise_random_bounded,1.467,5.853,-211.57,0.0,211.57,289.12,1.86,6.54,-3235.02,2,Off,853.95,497.52
1789663260000000000,2026-09-17T16:41:00Z,synthetic_stepwise_random_bounded,1.496,5.801,-198.12,0.0,198.12,289.1,1.84,5.87,-3375.13,1,Off,879.62,522.41
1789663320000000000,2026-09-17T16:42:00Z,synthetic_stepwise_random_bounded,1.539,5.762,-208.65,0.0,208.65,289.09,1.81,7.23,-2885.89,2,Off,855.66,534.06
1789663380000000000,2026-09-17T16:43:00Z,synthetic_stepwise_random_bounded,1.514,5.758,-214.55,0.0,214.55,289.07,1.79,7.16,-2996.51,1,Off,892.44,514.03
1789663440000000000,2026-09-17T16:44:00Z,synthetic_stepwise_random_bounded,1.631,5.819,-205.19,0.0,205.19,289.06,1.76,7.45,-2754.23,2,Off,927.37,490.52
1789663500000000000,2026-09-17T16:45:00Z,synthetic_stepwise_random_bounded,1.671,5.806,-204.36,0.0,204.36,289.04,1.74,7.3,-2799.45,1,Off,959.78,481.63
1789663560000000000,2026-09-17T16:46:00Z,synthetic_stepwise_random_bounded,1.672,5.759,-211.06,0.0,211.06,289.03,1.72,8.03,-2628.39,2,Off,914.5,508.18
1789663620000000000,2026-09-17T16:47:00Z,synthetic_stepwise_random_bounded,1.635,5.646,-230.28,0.0,230.28,289.01,1.69,7.98,-2885.71,3,Off,914.93,503.68
1789663680000000000,2026-09-17T16:48:00Z,synthetic_stepwise_random_bounded,1.594,5.613,-246.92,0.0,246.92,289.0,1.66,7.77,-3177.86,2,Off,941.06,524.61
1789663740000000000,2026-09-17T16:49:00Z,synthetic_stepwise_random_bounded,1.659,5.658,-265.62,0.0,265.62,288.98,1.64,8.25,-3219.64,3,Off,925.21,549.59
1789663800000000000,2026-09-17T16:50:00Z,synthetic_stepwise_random_bounded,1.619,5.648,-243.86,0.0,243.86,288.98,1.63,6.92,-3523.99,2,Off,875.26,554.74
1789663860000000000,2026-09-17T16:51:00Z,synthetic_stepwise_random_bounded,1.647,5.722,-238.72,0.0,238.72,288.97,1.61,7.48,-3191.44,2,Off,905.29,574.66
1789663920000000000,2026-09-17T16:52:00Z,synthetic_stepwise_random_bounded,1.573,5.681,-246.2,0.0,246.2,288.95,1.58,6.45,-3817.05,3,Off,896.87,555.72
1789663980000000000,2026-09-17T16:53:00Z,synthetic_stepwise_random_bounded,1.541,5.708,-245.41,0.0,245.41,288.94,1.56,7.13,-3441.94,1,Off,908.3,559.7
1789664040000000000,2026-09-17T16:54:00Z,synthetic_stepwise_random_bounded,1.529,5.764,-235.7,0.0,235.7,288.92,1.54,6.4,-3682.81,3,Off,949.73,561.4
1789664100000000000,2026-09-17T16:55:00Z,synthetic_stepwise_random_bounded,1.487,5.753,-232.83,0.0,232.83,288.91,1.51,6.26,-3719.33,3,Off,924.83,555.39
1789664160000000000,2026-09-17T16:56:00Z,synthetic_stepwise_random_bounded,1.514,5.79,-223.67,0.0,223.67,288.89,1.49,6.85,-3265.26,2,Off,914.55,541.88
1789664220000000000,2026-09-17T16:57:00Z,synthetic_stepwise_random_bounded,1.54,5.751,-201.51,0.0,201.51,288.88,1.47,6.98,-2886.96,3,Off,869.4,552.45
1789664280000000000,2026-09-17T16:58:00Z,synthetic_stepwise_random_bounded,1.611,5.782,-217.43,0.0,217.43,288.87,1.45,7.14,-3045.24,1,Off,963.44,419.22
1789664340000000000,2026-09-17T16:59:00Z,synthetic_stepwise_random_bounded,1.591,5.758,-207.78,0.0,207.78,288.86,1.44,7.78,-2670.69,1,Off,948.1,389.39
1789664400000000000,2026-09-17T17:00:00Z,synthetic_stepwise_random_bounded,1.587,5.784,-197.91,0.0,197.91,288.86,1.43,7.36,-2688.99,2,Off,962.64,363.68
1789664460000000000,2026-09-17T17:01:00Z,synthetic_stepwise_random_bounded,1.602,5.784,-197.52,0.0,197.52,288.83,1.39,7.92,-2493.94,2,Off,1010.4,373.18
1789664520000000000,2026-09-17T17:02:00Z,synthetic_stepwise_random_bounded,1.54,5.791,-187.33,0.0,187.33,288.83,1.39,6.8,-2754.85,1,Off,1024.97,395.34
1789664580000000000,2026-09-17T17:03:00Z,synthetic_stepwise_random_bounded,1.547,5.816,-175.18,0.0,175.18,288.83,1.38,6.57,-2666.36,1,Off,1016.04,399.14
1789664640000000000,2026-09-17T17:04:00Z,synthetic_stepwise_random_bounded,1.532,5.893,-189.01,0.0,189.01,288.8,1.34,6.29,-3004.93,1,Off,1022.57,425.05
1789664700000000000,2026-09-17T17:05:00Z,synthetic_stepwise_random_bounded,1.626,5.895,-174.05,0.0,174.05,288.79,1.32,8.08,-2154.08,3,Off,1071.81,437.19
1789664760000000000,2026-09-17T17:06:00Z,synthetic_stepwise_random_bounded,1.641,5.866,-175.98,0.0,175.98,288.77,1.29,7.29,-2413.99,3,Off,1099.48,445.8
1789664820000000000,2026-09-17T17:07:00Z,synthetic_stepwise_random_bounded,1.596,5.77,-167.2,0.0,167.2,288.77,1.28,6.96,-2402.3,3,Off,1056.41,426.02
1789664880000000000,2026-09-17T17:08:00Z,synthetic_stepwise_random_bounded,1.635,5.7,-167.94,0.0,167.94,288.76,1.26,7.46,-2251.21,3,Off,1043.35,438.98
1789664940000000000,2026-09-17T17:09:00Z,synthetic_stepwise_random_bounded,1.631,5.706,-162.14,0.0,162.14,288.74,1.24,8.27,-1960.58,3,Off,1041.55,427.86
1789665000000000000,2026-09-17T17:10:00Z,synthetic_stepwise_random_bounded,1.604,5.702,-157.56,0.0,157.56,288.73,1.22,7.5,-2100.8,3,Off,1072.47,449.3
1789665060000000000,2026-09-17T17:11:00Z,synthetic_stepwise_random_bounded,1.61,5.695,-154.57,0.0,154.57,288.72,1.2,7.63,-2025.82,3,Off,1047.74,476.84
1789665120000000000,2026-09-17T17:12:00Z,synthetic_stepwise_random_bounded,1.656,5.777,-151.08,0.0,151.08,288.7,1.16,8.44,-1790.05,2,Off,1046.99,484.99
1789665180000000000,2026-09-17T17:13:00Z,synthetic_stepwise_random_bounded,1.633,5.875,-136.37,0.0,136.37,288.68,1.14,8.15,-1673.25,2,Off,1091.98,462.94
1789665240000000000,2026-09-17T17:14:00Z,synthetic_stepwise_random_bounded,1.64,5.862,-129.47,0.0,129.47,288.68,1.13,7.77,-1666.28,3,Off,1049.25,460.05
1789665300000000000,2026-09-17T17:15:00Z,synthetic_stepwise_random_bounded,1.625,5.905,-135.6,0.0,135.6,288.67,1.11,7.66,-1770.23,1,Off,1094.11,459.74
1789665360000000000,2026-09-17T17:16:00Z,synthetic_stepwise_random_bounded,1.667,6.001,-135.96,0.0,135.96,288.66,1.1,9.13,-1489.16,3,Off,1047.17,441.28
1789665420000000000,2026-09-17T17:17:00Z,synthetic_stepwise_random_bounded,1.617,5.984,-137.46,0.0,137.46,288.65,1.09,7.05,-1949.79,3,Off,1057.03,449.62
1789665480000000000,2026-09-17T17:18:00Z,synthetic_stepwise_random_bounded,1.627,6.085,-150.65,0.0,150.65,288.64,1.07,8.84,-1704.19,3,Off,1105.63,445.07
1789665540000000000,2026-09-17T17:19:00Z,synthetic_stepwise_random_bounded,1.684,6.106,-144.14,0.0,144.14,288.62,1.04,8.36,-1724.16,3,Off,1068.15,429.55
1789665600000000000,2026-09-17T17:20:00Z,synthetic_stepwise_random_bounded,1.692,6.095,-157.39,0.0,157.39,288.61,1.02,8.82,-1784.47,3,Off,1020.43,428.23
1789665660000000000,2026-09-17T17:21:00Z,synthetic_stepwise_random_bounded,1.726,6.109,-151.91,0.0,151.91,288.61,1.01,9.88,-1537.55,2,Off,1017.85,439.5
1789665720000000000,2026-09-17T17:22:00Z,synthetic_stepwise_random_bounded,1.725,6.111,-161.02,0.0,161.02,288.59,0.99,8.56,-1881.07,3,Off,991.68,466.68
1789665780000000000,2026-09-17T17:23:00Z,synthetic_stepwise_random_bounded,1.688,6.103,-160.65,0.0,160.65,288.58,0.97,8.32,-1930.89,2,Off,1024.92,448.79
1789665840000000000,2026-09-17T17:24:00Z,synthetic_stepwise_random_bounded,1.735,6.021,-173.55,0.0,173.55,288.56,0.94,8.24,-2106.19,1,Off,1058.95,425.82
1789665900000000000,2026-09-17T17:25:00Z,synthetic_stepwise_random_bounded,1.669,5.947,-167.78,0.0,167.78,288.55,0.91,8.07,-2079.06,2,Off,1105.51,453.02
1789665960000000000,2026-09-17T17:26:00Z,synthetic_stepwise_random_bounded,1.689,5.949,-176.76,0.0,176.76,288.54,0.9,8.11,-2179.53,3,Off,1075.65,423.56
1789666020000000000,2026-09-17T17:27:00Z,synthetic_stepwise_random_bounded,1.664,5.989,-162.07,0.0,162.07,288.52,0.87,7.82,-2072.51,1,Off,1054.51,429.41
1789666080000000000,2026-09-17T17:28:00Z,synthetic_stepwise_random_bounded,1.727,5.973,-177.47,0.0,177.47,288.5,0.84,8.63,-2056.43,1,Off,1103.13,442.32
1789666140000000000,2026-09-17T17:29:00Z,synthetic_stepwise_random_bounded,1.728,5.987,-163.61,0.0,163.61,288.49,0.81,9.42,-1736.84,3,Off,1141.64,421.41
1789666200000000000,2026-09-17T17:30:00Z,synthetic_stepwise_random_bounded,1.76,5.986,-150.09,0.0,150.09,288.47,0.78,10.06,-1491.95,3,Off,1124.58,401.8
1789666260000000000,2026-09-17T17:31:00Z,synthetic_stepwise_random_bounded,1.715,5.957,-159.9,0.0,159.9,288.46,0.77,8.17,-1957.16,1,Off,1107.2,389.05
1789666320000000000,2026-09-17T17:32:00Z,synthetic_stepwise_random_bounded,1.677,5.941,-166.67,0.0,166.67,288.46,0.76,7.73,-2156.14,2,Off,1089.99,384.16
1789666380000000000,2026-09-17T17:33:00Z,synthetic_stepwise_random_bounded,1.685,6.114,-176.04,0.0,176.04,288.44,0.74,9.13,-1928.15,1,Off,1117.9,382.41
1789666440000000000,2026-09-17T17:34:00Z,synthetic_stepwise_random_bounded,1.588,6.173,-180.04,0.0,180.04,288.43,0.72,8.22,-2190.27,2,Off,1157.53,410.5
1789666500000000000,2026-09-17T17:35:00Z,synthetic_stepwise_random_bounded,1.643,6.084,-193.07,0.0,193.07,288.43,0.71,7.88,-2450.13,1,Off,1162.65,395.93
1789666560000000000,2026-09-17T17:36:00Z,synthetic_stepwise_random_bounded,1.628,6.078,-192.52,0.0,192.52,288.41,0.69,8.21,-2344.95,2,Off,1155.61,388.22
1789666620000000000,2026-09-17T17:37:00Z,synthetic_stepwise_random_bounded,1.584,6.111,-191.27,0.0,191.27,288.41,0.68,7.2,-2656.53,2,Off,1166.71,389.49
1789666680000000000,2026-09-17T17:38:00Z,synthetic_stepwise_random_bounded,1.594,6.127,-204.67,0.0,204.67,288.4,0.66,7.04,-2907.24,2,Off,1147.95,409.81
1789666740000000000,2026-09-17T17:39:00Z,synthetic_stepwise_random_bounded,1.566,6.184,-200.67,0.0,200.67,288.38,0.64,8.15,-2462.21,2,Off,1100.74,396.43
1789666800000000000,2026-09-17T17:40:00Z,synthetic_stepwise_random_bounded,1.559,6.154,-200.03,0.0,200.03,288.37,0.62,6.76,-2959.02,1,Off,1065.14,563.41
1789666860000000000,2026-09-17T17:41:00Z,synthetic_stepwise_random_bounded,1.572,6.139,-209.02,0.0,209.02,288.36,0.6,7.04,-2969.03,2,Off,1020.53,583.95
1789666920000000000,2026-09-17T17:42:00Z,synthetic_stepwise_random_bounded,1.507,6.171,-199.81,0.0,199.81,288.36,0.6,6.5,-3074.0,3,Off,1032.15,566.44
1789666980000000000,2026-09-17T17:43:00Z,synthetic_stepwise_random_bounded,1.486,6.104,-182.27,0.0,182.27,288.34,0.57,6.56,-2778.51,2,Off,1025.81,548.07
1789667040000000000,2026-09-17T17:44:00Z,synthetic_stepwise_random_bounded,1.449,6.108,-182.17,0.0,182.17,288.34,0.56,6.58,-2768.54,3,Off,1038.09,576.78
1789667100000000000,2026-09-17T17:45:00Z,synthetic_stepwise_random_bounded,1.477,6.121,-183.52,0.0,183.52,288.32,0.54,6.63,-2768.02,1,Off,988.42,554.67
1789667160000000000,2026-09-17T17:46:00Z,synthetic_stepwise_random_bounded,1.483,6.23,-185.41,0.0,185.41,288.31,0.51,6.31,-2938.35,2,Off,1019.44,526.59
1789667220000000000,2026-09-17T17:47:00Z,synthetic_stepwise_random_bounded,1.514,6.249,-188.15,0.0,188.15,288.29,0.49,6.56,-2868.14,3,Off,985.59,532.2
1789667280000000000,2026-09-17T17:48:00Z,synthetic_stepwise_random_bounded,1.61,6.29,-171.02,0.0,171.02,288.28,0.46,7.8,-2192.56,3,Off,973.98,510.52
1789667340000000000,2026-09-17T17:49:00Z,synthetic_stepwise_random_bounded,1.595,6.304,-156.46,0.0,156.46,288.26,0.44,7.69,-2034.59,2,Off,963.14,500.2
1789667400000000000,2026-09-17T17:50:00Z,synthetic_stepwise_random_bounded,1.605,6.23,-162.89,0.0,162.89,288.26,0.43,8.15,-1998.65,2,Off,942.65,521.17
1789667460000000000,2026-09-17T17:51:00Z,synthetic_stepwise_random_bounded,1.633,6.199,-164.1,0.0,164.1,288.25,0.41,8.37,-1960.57,1,Off,948.49,522.67
1789667520000000000,2026-09-17T17:52:00Z,synthetic_stepwise_random_bounded,1.613,6.319,-169.62,0.0,169.62,288.24,0.4,8.23,-2061.0,3,Off,931.77,495.89
1789667580000000000,2026-09-17T17:53:00Z,synthetic_stepwise_random_bounded,1.545,6.324,-163.21,0.0,163.21,288.23,0.39,7.67,-2127.9,3,Off,947.48,501.03
1789667640000000000,2026-09-17T17:54:00Z,synthetic_stepwise_random_bounded,1.554,6.344,-160.96,0.0,160.96,288.22,0.36,7.79,-2066.24,2,Off,979.14,479.52
1789667700000000000,2026-09-17T17:55:00Z,synthetic_stepwise_random_bounded,1.5,6.344,-176.56,0.0,176.56,288.2,0.34,7.68,-2298.96,1,Off,945.27,467.08
1789667760000000000,2026-09-17T17:56:00Z,synthetic_stepwise_random_bounded,1.498,6.283,-191.97,0.0,191.97,288.2,0.33,6.59,-2913.05,1,Off,925.83,440.74
1789667820000000000,2026-09-17T17:57:00Z,synthetic_stepwise_random_bounded,1.513,6.367,-187.35,0.0,187.35,288.19,0.32,7.51,-2494.67,2,Off,926.76,440.88
1789667880000000000,2026-09-17T17:58:00Z,synthetic_stepwise_random_bounded,1.509,6.342,-199.91,0.0,199.91,288.18,0.3,6.68,-2992.66,1,Off,948.58,442.22
1789667940000000000,2026-09-17T17:59:00Z,synthetic_stepwise_random_bounded,1.501,6.355,-219.37,0.0,219.37,288.16,0.27,6.7,-3274.18,2,Off,910.43,466.85
1789668000000000000,2026-09-17T18:00:00Z,synthetic_stepwise_random_bounded,1.523,6.312,-208.7,0.0,208.7,288.15,0.25,6.6,-3162.12,3,Off,885.1,472.27
1789668060000000000,2026-09-17T18:01:00Z,synthetic_stepwise_random_bounded,1.521,6.402,-229.0,0.0,229.0,288.14,0.24,7.51,-3049.27,2,Off,905.76,444.86
1789668120000000000,2026-09-17T18:02:00Z,synthetic_stepwise_random_bounded,1.541,6.294,-235.76,0.0,235.76,288.13,0.22,7.3,-3229.59,2,Off,914.98,451.91
1789668180000000000,2026-09-17T18:03:00Z,synthetic_stepwise_random_bounded,1.546,6.289,-213.18,0.0,213.18,288.12,0.2,7.85,-2715.67,3,Off,925.18,431.34
1789668240000000000,2026-09-17T18:04:00Z,synthetic_stepwise_random_bounded,1.522,6.233,-209.84,0.0,209.84,288.11,0.18,7.05,-2976.45,3,Off,895.75,420.39
1789668300000000000,2026-09-17T18:05:00Z,synthetic_stepwise_random_bounded,1.516,6.36,-209.56,0.0,209.56,288.09,0.15,7.5,-2794.13,1,Off,909.97,433.29
1789668360000000000,2026-09-17T18:06:00Z,synthetic_stepwise_random_bounded,1.545,6.339,-215.61,0.0,215.61,288.08,0.14,7.17,-3007.11,2,Off,947.61,447.58
1789668420000000000,2026-09-17T18:07:00Z,synthetic_stepwise_random_bounded,1.513,6.298,-212.38,0.0,212.38,288.07,0.11,7.34,-2893.46,2,Off,934.26,429.07
1789668480000000000,2026-09-17T18:08:00Z,synthetic_stepwise_random_bounded,1.538,6.286,-207.27,0.0,207.27,288.05,0.09,7.37,-2812.35,3,Off,899.12,405.71
1789668540000000000,2026-09-17T18:09:00Z,synthetic_stepwise_random_bounded,1.631,6.227,-197.2,0.0,197.2,288.04,0.06,7.94,-2483.63,1,Off,885.36,433.79
1789668600000000000,2026-09-17T18:10:00Z,synthetic_stepwise_random_bounded,1.656,6.263,-183.79,0.0,183.79,288.02,0.04,8.6,-2137.09,2,Off,903.24,407.88
1789668660000000000,2026-09-17T18:11:00Z,synthetic_stepwise_random_bounded,1.658,6.211,-177.37,0.0,177.37,288.02,0.03,9.26,-1915.44,3,Off,874.74,378.2
1789668720000000000,2026-09-17T18:12:00Z,synthetic_stepwise_random_bounded,1.6,6.205,-168.18,0.0,168.18,288.0,0.0,7.67,-2192.7,3,Off,845.98,365.66
1789668780000000000,2026-09-17T18:13:00Z,synthetic_stepwise_random_bounded,1.579,6.088,-165.87,0.0,165.87,288.0,0.0,7.12,-2329.63,2,Off,834.67,362.33
1789668840000000000,2026-09-17T18:14:00Z,synthetic_stepwise_random_bounded,1.601,6.099,-152.76,0.0,152.76,288.0,0.0,8.5,-1797.18,1,Off,860.17,343.84
1789668900000000000,2026-09-17T18:15:00Z,synthetic_stepwise_random_bounded,1.697,6.139,-166.6,0.0,166.6,288.0,0.0,9.36,-1779.91,1,Off,827.36,365.86
1789668960000000000,2026-09-17T18:16:00Z,synthetic_stepwise_random_bounded,1.723,6.097,-174.96,0.0,174.96,288.0,0.0,9.43,-1855.36,1,Off,858.04,362.12
1789669020000000000,2026-09-17T18:17:00Z,synthetic_stepwise_random_bounded,1.728,6.0,-165.52,0.0,165.52,288.0,0.0,9.72,-1702.88,2,Off,905.82,388.09
1789669080000000000,2026-09-17T18:18:00Z,synthetic_stepwise_random_bounded,1.698,6.053,-175.86,0.0,175.86,288.0,0.0,8.58,-2049.65,1,Off,894.53,415.48
1789669140000000000,2026-09-17T18:19:00Z,synthetic_stepwise_random_bounded,1.724,6.007,-178.35,0.0,178.35,288.0,0.0,9.77,-1825.49,1,Off,904.58,432.21
1789669200000000000,2026-09-17T18:20:00Z,synthetic_stepwise_random_bounded,1.769,5.974,-167.06,0.0,167.06,288.0,0.0,10.15,-1645.91,3,Off,897.96,424.86
1789669260000000000,2026-09-17T18:21:00Z,synthetic_stepwise_random_bounded,1.745,5.955,-179.05,0.0,179.05,288.0,0.0,8.62,-2077.15,3,Off,905.35,444.31
1789669320000000000,2026-09-17T18:22:00Z,synthetic_stepwise_random_bounded,1.709,5.883,-165.7,0.0,165.7,288.0,0.0,8.08,-2050.74,3,Off,917.43,450.06
1789669380000000000,2026-09-17T18:23:00Z,synthetic_stepwise_random_bounded,1.687,5.898,-176.37,0.0,176.37,288.0,0.0,9.12,-1933.88,3,Off,895.1,448.03
1789669440000000000,2026-09-17T18:24:00Z,synthetic_stepwise_random_bounded,1.697,5.889,-187.09,0.0,187.09,288.0,0.0,8.81,-2123.61,1,Off,910.26,474.3
1789669500000000000,2026-09-17T18:25:00Z,synthetic_stepwise_random_bounded,1.674,5.91,-204.51,0.0,204.51,288.0,0.0,8.66,-2361.55,2,Off,946.61,503.72
1789669560000000000,2026-09-17T18:26:00Z,synthetic_stepwise_random_bounded,1.696,5.816,-199.74,0.0,199.74,288.0,0.0,7.56,-2642.06,3,Off,951.09,517.1
1789669620000000000,2026-09-17T18:27:00Z,synthetic_stepwise_random_bounded,1.776,5.773,-194.36,0.0,194.36,288.0,0.0,9.94,-1955.33,3,Off,959.44,488.14
1789669680000000000,2026-09-17T18:28:00Z,synthetic_stepwise_random_bounded,1.825,5.811,-189.23,0.0,189.23,288.0,0.0,10.02,-1888.52,1,Off,936.49,478.93
1789669740000000000,2026-09-17T18:29:00Z,synthetic_stepwise_random_bounded,1.851,5.897,-194.11,0.0,194.11,288.0,0.0,9.3,-2087.2,1,On,899.95,488.05
1789669800000000000,2026-09-17T18:30:00Z,synthetic_stepwise_random_bounded,1.862,5.943,-177.06,0.0,177.06,288.0,0.0,11.28,-1569.68,3,On,820.31,450.14
1789669860000000000,2026-09-17T18:31:00Z,synthetic_stepwise_random_bounded,1.892,5.863,-181.99,0.0,181.99,288.0,0.0,10.64,-1710.43,2,On,815.57,451.38
1789669920000000000,2026-09-17T18:32:00Z,synthetic_stepwise_random_bounded,1.855,5.828,-170.5,0.0,170.5,288.0,0.0,10.94,-1558.5,3,On,772.27,443.79
1789669980000000000,2026-09-17T18:33:00Z,synthetic_stepwise_random_bounded,1.859,5.904,-154.54,0.0,154.54,288.0,0.0,9.34,-1654.6,2,On,775.58,416.67
1789670040000000000,2026-09-17T18:34:00Z,synthetic_stepwise_random_bounded,1.841,5.882,-158.97,0.0,158.97,288.0,0.0,10.31,-1541.9,3,On,761.8,435.23
1789670100000000000,2026-09-17T18:35:00Z,synthetic_stepwise_random_bounded,1.803,6.002,-164.41,0.0,164.41,288.0,0.0,10.58,-1553.97,2,On,763.95,418.88
1789670160000000000,2026-09-17T18:36:00Z,synthetic_stepwise_random_bounded,1.867,5.986,-156.42,0.0,156.42,288.0,0.0,10.38,-1506.94,1,On,744.02,419.96
1789670220000000000,2026-09-17T18:37:00Z,synthetic_stepwise_random_bounded,1.892,5.995,-157.45,0.0,157.45,288.0,0.0,11.51,-1367.94,2,On,739.03,429.36
1789670280000000000,2026-09-17T18:38:00Z,synthetic_stepwise_random_bounded,1.858,6.043,-142.21,0.0,142.21,288.0,0.0,11.19,-1270.87,2,On,720.69,402.25
1789670340000000000,2026-09-17T18:39:00Z,synthetic_stepwise_random_bounded,1.844,6.038,-146.38,0.0,146.38,288.0,0.0,10.82,-1352.87,3,On,762.4,417.12
1789670400000000000,2026-09-17T18:40:00Z,synthetic_stepwise_random_bounded,1.836,5.994,-141.41,0.0,141.41,288.0,0.0,9.72,-1454.84,2,On,741.13,403.9
1789670460000000000,2026-09-17T18:41:00Z,synthetic_stepwise_random_bounded,1.909,5.998,-144.77,0.0,144.77,288.0,0.0,11.41,-1268.8,1,On,745.26,396.72
1789670520000000000,2026-09-17T18:42:00Z,synthetic_stepwise_random_bounded,1.895,5.956,-130.75,0.0,130.75,288.0,0.0,10.69,-1223.11,2,On,695.9,420.89
1789670580000000000,2026-09-17T18:43:00Z,synthetic_stepwise_random_bounded,1.87,5.888,-138.02,0.0,138.02,288.0,0.0,10.85,-1272.07,3,On,674.89,425.47
1789670640000000000,2026-09-17T18:44:00Z,synthetic_stepwise_random_bounded,1.796,5.822,-146.69,0.0,146.69,288.0,0.0,10.26,-1429.73,1,On,687.61,428.95
1789670700000000000,2026-09-17T18:45:00Z,synthetic_stepwise_random_bounded,1.727,5.868,-158.92,0.0,158.92,288.0,0.0,8.95,-1775.64,2,On,704.06,409.8
1789670760000000000,2026-09-17T18:46:00Z,synthetic_stepwise_random_bounded,1.674,5.827,-144.8,0.0,144.8,288.0,0.0,7.92,-1828.28,2,On,747.55,413.3
1789670820000000000,2026-09-17T18:47:00Z,synthetic_stepwise_random_bounded,1.697,5.837,-142.55,0.0,142.55,288.0,0.0,7.61,-1873.19,1,On,736.15,437.66
1789670880000000000,2026-09-17T18:48:00Z,synthetic_stepwise_random_bounded,1.731,5.858,-137.47,0.0,137.47,288.0,0.0,8.08,-1701.36,2,On,776.81,463.36
1789670940000000000,2026-09-17T18:49:00Z,synthetic_stepwise_random_bounded,1.766,5.812,-127.74,0.0,127.74,288.0,0.0,8.81,-1449.94,2,On,759.94,476.5
1789671000000000000,2026-09-17T18:50:00Z,synthetic_stepwise_random_bounded,1.724,5.856,-125.74,0.0,125.74,288.0,0.0,9.06,-1387.86,2,On,748.24,462.84
1789671060000000000,2026-09-17T18:51:00Z,synthetic_stepwise_random_bounded,1.692,5.849,-118.72,0.0,118.72,288.0,0.0,9.11,-1303.18,3,On,777.5,465.42
1789671120000000000,2026-09-17T18:52:00Z,synthetic_stepwise_random_bounded,1.646,5.731,-106.96,0.0,106.96,288.0,0.0,8.39,-1274.85,3,On,618.44,466.93
1789671180000000000,2026-09-17T18:53:00Z,synthetic_stepwise_random_bounded,1.737,5.708,-103.17,0.0,103.17,288.0,0.0,7.79,-1324.39,3,On,584.37,451.29
1789671240000000000,2026-09-17T18:54:00Z,synthetic_stepwise_random_bounded,1.777,5.649,-110.94,0.0,110.94,288.0,0.0,8.69,-1276.64,3,On,594.95,439.18
1789671300000000000,2026-09-17T18:55:00Z,synthetic_stepwise_random_bounded,1.844,5.666,-113.43,0.0,113.43,288.0,0.0,9.93,-1142.3,1,On,594.54,412.53
1789671360000000000,2026-09-17T18:56:00Z,synthetic_stepwise_random_bounded,1.803,5.656,-117.21,0.0,117.21,288.0,0.0,10.06,-1165.11,1,On,584.66,436.23
1789671420000000000,2026-09-17T18:57:00Z,synthetic_stepwise_random_bounded,1.756,5.72,-109.93,0.0,109.93,288.0,0.0,9.14,-1202.74,1,On,624.06,456.38
1789671480000000000,2026-09-17T18:58:00Z,synthetic_stepwise_random_bounded,1.693,5.789,-112.88,0.0,112.88,288.0,0.0,8.81,-1281.27,3,On,655.27,483.58
1789671540000000000,2026-09-17T18:59:00Z,synthetic_stepwise_random_bounded,1.651,5.8,-103.33,0.0,103.33,288.0,0.0,8.43,-1225.74,2,On,656.27,493.3
1789671600000000000,2026-09-17T19:00:00Z,synthetic_stepwise_random_bounded,1.678,5.773,-99.34,0.0,99.34,288.0,0.0,7.97,-1246.42,3,On,617.45,500.92
1789671660000000000,2026-09-17T19:01:00Z,synthetic_stepwise_random_bounded,1.697,5.711,-98.17,0.0,98.17,288.0,0.0,8.27,-1187.06,3,On,582.21,678.36
1789671720000000000,2026-09-17T19:02:00Z,synthetic_stepwise_random_bounded,1.754,5.727,-107.37,0.0,107.37,288.0,0.0,9.04,-1187.72,1,On,590.24,683.94
1789671780000000000,2026-09-17T19:03:00Z,synthetic_stepwise_random_bounded,1.703,5.788,-101.46,0.0,101.46,288.0,0.0,7.78,-1304.11,2,On,562.71,713.42
1789671840000000000,2026-09-17T19:04:00Z,synthetic_stepwise_random_bounded,1.69,5.73,-101.25,0.0,101.25,288.0,0.0,8.59,-1178.7,3,On,610.82,722.8
1789671900000000000,2026-09-17T19:05:00Z,synthetic_stepwise_random_bounded,1.701,5.698,-100.42,0.0,100.42,288.0,0.0,7.82,-1284.14,3,On,622.45,723.02
1789671960000000000,2026-09-17T19:06:00Z,synthetic_stepwise_random_bounded,1.683,5.669,-105.52,0.0,105.52,288.0,0.0,8.68,-1215.67,2,On,626.51,751.89
1789672020000000000,2026-09-17T19:07:00Z,synthetic_stepwise_random_bounded,1.687,5.672,-112.14,0.0,112.14,288.0,0.0,8.14,-1377.64,3,On,592.85,746.31
1789672080000000000,2026-09-17T19:08:00Z,synthetic_stepwise_random_bounded,1.703,5.686,-119.82,0.0,119.82,288.0,0.0,7.59,-1578.66,2,On,560.31,754.52
1789672140000000000,2026-09-17T19:09:00Z,synthetic_stepwise_random_bounded,1.681,5.75,-123.2,0.0,123.2,288.0,0.0,8.46,-1456.26,1,On,533.75,725.67
1789672200000000000,2026-09-17T19:10:00Z,synthetic_stepwise_random_bounded,1.634,5.804,-135.39,0.0,135.39,288.0,0.0,7.41,-1827.13,1,On,556.87,718.87
1789672260000000000,2026-09-17T19:11:00Z,synthetic_stepwise_random_bounded,1.613,5.732,-134.9,0.0,134.9,288.0,0.0,7.85,-1718.47,2,On,525.19,691.75
1789672320000000000,2026-09-17T19:12:00Z,synthetic_stepwise_random_bounded,1.602,5.678,-132.15,0.0,132.15,288.0,0.0,7.49,-1764.35,2,On,685.05,464.81
1789672380000000000,2026-09-17T19:13:00Z,synthetic_stepwise_random_bounded,1.683,5.631,-119.76,0.0,119.76,288.0,0.0,8.48,-1412.26,1,On,724.71,490.86
1789672440000000000,2026-09-17T19:14:00Z,synthetic_stepwise_random_bounded,1.665,5.639,-125.52,0.0,125.52,288.0,0.0,8.02,-1565.09,2,On,761.23,467.4
1789672500000000000,2026-09-17T19:15:00Z,synthetic_stepwise_random_bounded,1.673,5.632,-116.41,0.0,116.41,288.0,0.0,7.87,-1479.16,1,On,743.85,443.1
1789672560000000000,2026-09-17T19:16:00Z,synthetic_stepwise_random_bounded,1.584,5.669,-123.99,0.0,123.99,288.0,0.0,6.92,-1791.76,1,On,708.23,450.18
1789672620000000000,2026-09-17T19:17:00Z,synthetic_stepwise_random_bounded,1.606,5.758,-130.0,0.0,130.0,288.0,0.0,7.22,-1800.55,2,On,670.13,471.92
1789672680000000000,2026-09-17T19:18:00Z,synthetic_stepwise_random_bounded,1.638,5.806,-121.31,0.0,121.31,288.0,0.0,8.53,-1422.16,2,On,650.46,443.82
1789672740000000000,2026-09-17T19:19:00Z,synthetic_stepwise_random_bounded,1.594,5.785,-127.42,0.0,127.42,288.0,0.0,6.69,-1904.63,2,On,668.41,439.19
1789672800000000000,2026-09-17T19:20:00Z,synthetic_stepwise_random_bounded,1.594,5.856,-121.31,0.0,121.31,288.0,0.0,6.86,-1768.37,1,On,665.28,429.39
1789672860000000000,2026-09-17T19:21:00Z,synthetic_stepwise_random_bounded,1.61,5.788,-117.44,0.0,117.44,288.0,0.0,7.27,-1615.41,2,On,691.74,452.97
1789672920000000000,2026-09-17T19:22:00Z,synthetic_stepwise_random_bounded,1.579,5.901,-115.4,0.0,115.4,288.0,0.0,7.29,-1582.99,1,On,667.14,432.92
1789672980000000000,2026-09-17T19:23:00Z,synthetic_stepwise_random_bounded,1.583,5.859,-116.99,0.0,116.99,288.0,0.0,6.91,-1693.05,3,On,708.58,409.95
1789673040000000000,2026-09-17T19:24:00Z,synthetic_stepwise_random_bounded,1.566,5.9,-122.73,0.0,122.73,288.0,0.0,7.69,-1595.97,1,On,714.43,422.25
1789673100000000000,2026-09-17T19:25:00Z,synthetic_stepwise_random_bounded,1.582,5.885,-122.54,0.0,122.54,288.0,0.0,7.13,-1718.65,3,On,723.36,401.04
1789673160000000000,2026-09-17T19:26:00Z,synthetic_stepwise_random_bounded,1.641,5.914,-119.71,0.0,119.71,288.0,0.0,7.29,-1642.11,1,On,1376.02,643.97
1789673220000000000,2026-09-17T19:27:00Z,synthetic_stepwise_random_bounded,1.695,5.859,-118.69,0.0,118.69,288.0,0.0,9.16,-1295.74,2,On,1347.74,643.93
1789673280000000000,2026-09-17T19:28:00Z,synthetic_stepwise_random_bounded,1.619,5.956,-110.89,0.0,110.89,288.0,0.0,8.13,-1363.96,3,On,1346.14,631.87
1789673340000000000,2026-09-17T19:29:00Z,synthetic_stepwise_random_bounded,1.708,5.911,-115.35,0.0,115.35,288.0,0.0,8.66,-1331.99,3,On,1320.1,630.34
1789673400000000000,2026-09-17T19:30:00Z,synthetic_stepwise_random_bounded,1.716,5.877,-119.51,0.0,119.51,288.0,0.0,9.34,-1279.55,1,On,1312.84,656.82
1789673460000000000,2026-09-17T19:31:00Z,synthetic_stepwise_random_bounded,1.695,5.926,-128.07,0.0,128.07,288.0,0.0,8.13,-1575.28,2,On,563.81,721.89
1789673520000000000,2026-09-17T19:32:00Z,synthetic_stepwise_random_bounded,1.681,5.905,-140.38,0.0,140.38,288.0,0.0,8.19,-1714.04,2,On,612.13,729.58
1789673580000000000,2026-09-17T19:33:00Z,synthetic_stepwise_random_bounded,1.773,5.888,-153.83,0.0,153.83,288.0,0.0,9.95,-1546.03,2,On,610.67,751.18
1789673640000000000,2026-09-17T19:34:00Z,synthetic_stepwise_random_bounded,1.72,6.0,-159.2,0.0,159.2,288.0,0.0,9.24,-1722.94,1,On,594.37,780.61
1789673700000000000,2026-09-17T19:35:00Z,synthetic_stepwise_random_bounded,1.735,6.02,-155.11,0.0,155.11,288.0,0.0,9.39,-1651.86,2,On,559.47,807.61
1789673760000000000,2026-09-17T19:36:00Z,synthetic_stepwise_random_bounded,1.721,5.962,-143.68,0.0,143.68,288.0,0.0,9.7,-1481.24,3,On,536.39,778.96
1789673820000000000,2026-09-17T19:37:00Z,synthetic_stepwise_random_bounded,1.727,5.935,-148.44,0.0,148.44,288.0,0.0,8.16,-1819.12,2,On,557.45,756.04
1789673880000000000,2026-09-17T19:38:00Z,synthetic_stepwise_random_bounded,1.744,5.93,-134.47,0.0,134.47,288.0,0.0,8.8,-1528.07,3,On,509.85,746.73
1789673940000000000,2026-09-17T19:39:00Z,synthetic_stepwise_random_bounded,1.73,5.999,-141.15,0.0,141.15,288.0,0.0,9.81,-1438.84,2,On,510.63,727.69
1789674000000000000,2026-09-17T19:40:00Z,synthetic_stepwise_random_bounded,1.711,5.903,-131.62,0.0,131.62,288.0,0.0,8.16,-1612.99,2,On,520.86,707.51
1789674060000000000,2026-09-17T19:41:00Z,synthetic_stepwise_random_bounded,1.717,5.873,-136.02,0.0,136.02,288.0,0.0,9.38,-1450.11,1,On,512.84,731.22
1789674120000000000,2026-09-17T19:42:00Z,synthetic_stepwise_random_bounded,1.705,5.887,-148.64,0.0,148.64,288.0,0.0,7.78,-1910.54,1,On,478.02,735.6
1789674180000000000,2026-09-17T19:43:00Z,synthetic_stepwise_random_bounded,1.722,5.796,-146.09,0.0,146.09,288.0,0.0,7.8,-1872.95,2,On,511.96,764.55
1789674240000000000,2026-09-17T19:44:00Z,synthetic_stepwise_random_bounded,1.748,5.727,-131.85,0.0,131.85,288.0,0.0,8.88,-1484.8,1,On,496.33,757.32
1789674300000000000,2026-09-17T19:45:00Z,synthetic_stepwise_random_bounded,1.712,5.777,-124.33,0.0,124.33,288.0,0.0,9.03,-1376.85,2,On,504.45,727.56
1789674360000000000,2026-09-17T19:46:00Z,synthetic_stepwise_random_bounded,1.752,5.867,-120.03,0.0,120.03,288.0,0.0,8.12,-1478.2,1,On,523.68,710.25
1789674420000000000,2026-09-17T19:47:00Z,synthetic_stepwise_random_bounded,1.7,5.846,-120.99,0.0,120.99,288.0,0.0,9.13,-1325.19,3,On,542.53,713.22
1789674480000000000,2026-09-17T19:48:00Z,synthetic_stepwise_random_bounded,1.708,5.824,-132.81,0.0,132.81,288.0,0.0,8.18,-1623.59,2,On,521.19,683.86
1789674540000000000,2026-09-17T19:49:00Z,synthetic_stepwise_random_bounded,1.685,5.825,-124.39,0.0,124.39,288.02,0.04,8.1,-1535.68,2,On,532.05,673.0
1789674600000000000,2026-09-17T19:50:00Z,synthetic_stepwise_random_bounded,1.648,5.865,-128.71,0.0,128.71,288.05,0.09,7.26,-1772.87,1,On,516.15,698.31
1789674660000000000,2026-09-17T19:51:00Z,synthetic_stepwise_random_bounded,1.721,5.836,-124.57,0.0,124.57,288.1,0.17,8.57,-1453.56,1,On,494.54,682.29
1789674720000000000,2026-09-17T19:52:00Z,synthetic_stepwise_random_bounded,1.663,5.761,-133.16,0.0,133.16,288.13,0.21,7.35,-1811.7,3,On,496.24,712.02
1789674780000000000,2026-09-17T19:53:00Z,synthetic_stepwise_random_bounded,1.684,5.761,-130.28,0.0,130.28,288.14,0.24,8.68,-1500.92,1,On,452.3,729.48
1789674840000000000,2026-09-17T19:54:00Z,synthetic_stepwise_random_bounded,1.643,5.786,-135.59,0.0,135.59,288.16,0.26,7.67,-1767.8,3,On,476.27,719.85
1789674900000000000,2026-09-17T19:55:00Z,synthetic_stepwise_random_bounded,1.637,5.804,-132.44,0.0,132.44,288.19,0.31,7.56,-1751.85,2,On,506.38,707.79
1789674960000000000,2026-09-17T19:56:00Z,synthetic_stepwise_random_bounded,1.622,5.737,-139.71,0.0,139.71,288.2,0.34,7.87,-1775.22,3,On,518.46,686.55
1789675020000000000,2026-09-17T19:57:00Z,synthetic_stepwise_random_bounded,1.6,5.726,-147.46,0.0,147.46,288.23,0.39,6.8,-2168.53,3,On,542.42,683.96
1789675080000000000,2026-09-17T19:58:00Z,synthetic_stepwise_random_bounded,1.553,5.675,-147.12,0.0,147.12,288.26,0.43,6.45,-2280.93,1,On,498.46,692.57
1789675140000000000,2026-09-17T19:59:00Z,synthetic_stepwise_random_bounded,1.569,5.727,-161.59,0.0,161.59,288.31,0.51,7.46,-2166.09,2,On,449.58,683.77
1789675200000000000,2026-09-17T20:00:00Z,synthetic_stepwise_random_bounded,1.583,5.645,-170.67,0.0,170.67,288.34,0.57,7.53,-2266.53,2,On,484.65,683.42
1789675260000000000,2026-09-17T20:01:00Z,synthetic_stepwise_random_bounded,1.665,5.586,-174.74,0.0,174.74,288.38,0.64,8.3,-2105.3,1,On,499.67,697.59
1789675320000000000,2026-09-17T20:02:00Z,synthetic_stepwise_random_bounded,1.681,5.547,-169.31,0.0,169.31,288.43,0.72,8.11,-2087.67,2,On,473.63,692.83
1789675380000000000,2026-09-17T20:03:00Z,synthetic_stepwise_random_bounded,1.722,5.643,-183.51,0.0,183.51,288.47,0.78,8.82,-2080.61,3,On,523.58,681.56
1789675440000000000,2026-09-17T20:04:00Z,synthetic_stepwise_random_bounded,1.766,5.62,-197.53,0.0,197.53,288.52,0.86,9.3,-2123.98,3,On,521.35,653.19
1789675500000000000,2026-09-17T20:05:00Z,synthetic_stepwise_random_bounded,1.74,5.597,-183.31,0.0,183.31,288.56,0.93,7.85,-2335.16,1,On,521.18,664.56
1789675560000000000,2026-09-17T20:06:00Z,synthetic_stepwise_random_bounded,1.687,5.596,-189.56,0.0,189.56,288.59,0.99,8.23,-2303.28,2,On,563.68,636.09
1789675620000000000,2026-09-17T20:07:00Z,synthetic_stepwise_random_bounded,1.697,5.666,-172.21,0.0,172.21,288.62,1.03,8.3,-2074.82,3,On,602.83,620.21
1789675680000000000,2026-09-17T20:08:00Z,synthetic_stepwise_random_bounded,1.721,5.688,-178.73,0.0,178.73,288.66,1.1,8.1,-2206.54,1,On,966.97,696.22
1789675740000000000,2026-09-17T20:09:00Z,synthetic_stepwise_random_bounded,1.715,5.676,-166.32,0.0,166.32,288.7,1.16,8.31,-2001.44,2,On,1012.27,716.03
1789675800000000000,2026-09-17T20:10:00Z,synthetic_stepwise_random_bounded,1.749,5.782,-180.1,0.0,180.1,288.72,1.2,9.38,-1920.04,2,On,1036.04,737.71
1789675860000000000,2026-09-17T20:11:00Z,synthetic_stepwise_random_bounded,1.759,5.792,-163.48,0.0,163.48,288.74,1.24,8.18,-1998.53,2,On,991.41,763.62
1789675920000000000,2026-09-17T20:12:00Z,synthetic_stepwise_random_bounded,1.713,5.865,-158.92,0.0,158.92,288.79,1.31,9.22,-1723.64,1,On,987.28,765.39
1789675980000000000,2026-09-17T20:13:00Z,synthetic_stepwise_random_bounded,1.692,5.945,-162.71,0.0,162.71,288.83,1.39,8.53,-1907.5,1,On,1027.55,743.09
1789676040000000000,2026-09-17T20:14:00Z,synthetic_stepwise_random_bounded,1.722,5.913,-167.42,0.0,167.42,288.88,1.46,9.47,-1767.9,1,On,1062.23,737.47
1789676100000000000,2026-09-17T20:15:00Z,synthetic_stepwise_random_bounded,1.686,5.949,-168.1,0.0,168.1,288.91,1.51,8.92,-1884.53,1,On,1072.14,765.76
1789676160000000000,2026-09-17T20:16:00Z,synthetic_stepwise_random_bounded,1.7,6.014,-179.54,0.0,179.54,288.92,1.54,8.54,-2102.34,1,On,1038.43,774.85
1789676220000000000,2026-09-17T20:17:00Z,synthetic_stepwise_random_bounded,1.719,6.14,-172.4,0.0,172.4,288.95,1.59,9.41,-1832.09,2,On,1045.6,746.44
1789676280000000000,2026-09-17T20:18:00Z,synthetic_stepwise_random_bounded,1.648,6.158,-170.32,0.0,170.32,289.0,1.66,7.9,-2155.95,3,On,1027.55,723.75
1789676340000000000,2026-09-17T20:19:00Z,synthetic_stepwise_random_bounded,1.637,6.227,-184.8,0.0,184.8,289.03,1.72,8.35,-2213.17,2,On,999.02,701.77
1789676400000000000,2026-09-17T20:20:00Z,synthetic_stepwise_random_bounded,1.644,6.203,-195.97,0.0,195.97,289.06,1.77,8.77,-2234.55,1,On,988.38,705.85
1789676460000000000,2026-09-17T20:21:00Z,synthetic_stepwise_random_bounded,1.652,6.216,-184.01,0.0,184.01,289.12,1.86,8.85,-2079.21,2,On,974.78,711.64
1789676520000000000,2026-09-17T20:22:00Z,synthetic_stepwise_random_bounded,1.679,6.122,-195.57,0.0,195.57,289.13,1.88,7.9,-2475.57,1,On,1200.57,308.3
1789676580000000000,2026-09-17T20:23:00Z,synthetic_stepwise_random_bounded,1.647,6.232,-191.36,0.0,191.36,289.18,1.97,7.76,-2465.98,2,On,1191.16,328.77
1789676640000000000,2026-09-17T20:24:00Z,synthetic_stepwise_random_bounded,1.671,6.207,-206.45,0.0,206.45,289.23,2.05,8.49,-2431.68,1,On,1204.4,321.97
1789676700000000000,2026-09-17T20:25:00Z,synthetic_stepwise_random_bounded,1.621,6.14,-223.83,0.0,223.83,289.25,2.09,8.56,-2614.84,3,On,1206.41,328.89
1789676760000000000,2026-09-17T20:26:00Z,synthetic_stepwise_random_bounded,1.514,6.128,-216.35,0.0,216.35,289.3,2.17,6.38,-3391.07,1,On,1175.1,354.87
1789676820000000000,2026-09-17T20:27:00Z,synthetic_stepwise_random_bounded,1.53,6.13,-233.16,0.0,233.16,289.33,2.22,7.36,-3167.93,1,On,1131.02,344.92
1789676880000000000,2026-09-17T20:28:00Z,synthetic_stepwise_random_bounded,1.58,6.068,-243.7,0.0,243.7,289.36,2.27,7.44,-3275.54,1,On,1098.48,367.05
1789676940000000000,2026-09-17T20:29:00Z,synthetic_stepwise_random_bounded,1.578,6.145,-244.24,0.0,244.24,289.4,2.34,7.61,-3209.46,1,On,612.61,807.7
1789677000000000000,2026-09-17T20:30:00Z,synthetic_stepwise_random_bounded,1.605,6.117,-252.5,0.0,252.5,289.43,2.38,8.21,-3075.52,2,On,607.48,813.7
1789677060000000000,2026-09-17T20:31:00Z,synthetic_stepwise_random_bounded,1.63,6.118,-262.46,0.0,262.46,289.46,2.43,7.49,-3504.14,2,On,623.63,833.77
1789677120000000000,2026-09-17T20:32:00Z,synthetic_stepwise_random_bounded,1.623,6.082,-278.89,0.0,278.89,289.48,2.46,8.49,-3284.92,1,On,661.08,830.27
1789677180000000000,2026-09-17T20:33:00Z,synthetic_stepwise_random_bounded,1.639,6.067,-265.62,0.0,265.62,289.53,2.55,7.57,-3508.85,1,On,692.98,843.7
1789677240000000000,2026-09-17T20:34:00Z,synthetic_stepwise_random_bounded,1.674,5.976,-281.03,0.0,281.03,289.55,2.59,8.34,-3369.66,3,On,706.64,846.5
1789677300000000000,2026-09-17T20:35:00Z,synthetic_stepwise_random_bounded,1.619,6.081,-277.62,0.0,277.62,289.58,2.64,8.54,-3250.82,3,On,665.37,864.31
1789677360000000000,2026-09-17T20:36:00Z,synthetic_stepwise_random_bounded,1.62,6.023,-293.59,0.0,293.59,289.63,2.71,8.6,-3413.84,3,On,724.64,773.05
1789677420000000000,2026-09-17T20:37:00Z,synthetic_stepwise_random_bounded,1.636,6.065,-265.26,0.0,265.26,289.65,2.75,8.63,-3073.7,1,On,680.84,780.77
1789677480000000000,2026-09-17T20:38:00Z,synthetic_stepwise_random_bounded,1.643,5.953,-273.13,0.0,273.13,289.69,2.82,8.32,-3282.81,3,On,682.91,771.48
1789677540000000000,2026-09-17T20:39:00Z,synthetic_stepwise_random_bounded,1.63,6.064,-277.35,0.0,277.35,289.71,2.85,7.56,-3668.65,2,On,693.86,751.02
1789677600000000000,2026-09-17T20:40:00Z,synthetic_stepwise_random_bounded,1.617,6.023,-263.13,0.0,263.13,289.76,2.94,8.4,-3132.5,2,On,702.57,725.01
1789677660000000000,2026-09-17T20:41:00Z,synthetic_stepwise_random_bounded,1.564,6.02,-287.36,0.0,287.36,289.81,3.01,8.04,-3574.13,2,On,968.81,530.8
1789677720000000000,2026-09-17T20:42:00Z,synthetic_stepwise_random_bounded,1.535,5.864,-298.53,0.0,298.53,289.85,3.09,6.93,-4307.79,1,On,981.75,537.39
1789677780000000000,2026-09-17T20:43:00Z,synthetic_stepwise_random_bounded,1.58,5.778,-310.39,0.0,310.39,289.87,3.12,7.76,-3999.87,2,On,1031.28,525.41
1789677840000000000,2026-09-17T20:44:00Z,synthetic_stepwise_random_bounded,1.555,5.681,-336.48,0.0,336.48,289.91,3.19,6.18,-5444.66,1,On,1002.84,550.11
1789677900000000000,2026-09-17T20:45:00Z,synthetic_stepwise_random_bounded,1.574,5.724,-309.96,0.0,309.96,289.94,3.23,7.03,-4409.1,2,On,981.48,541.2
1789677960000000000,2026-09-17T20:46:00Z,synthetic_stepwise_random_bounded,1.517,5.67,-288.43,0.0,288.43,289.99,3.31,7.02,-4108.69,1,On,1005.16,518.54
1789678020000000000,2026-09-17T20:47:00Z,synthetic_stepwise_random_bounded,1.545,5.66,-276.82,0.0,276.82,290.02,3.37,6.28,-4407.96,3,On,1004.59,524.04
1789678080000000000,2026-09-17T20:48:00Z,synthetic_stepwise_random_bounded,1.573,5.681,-268.19,0.0,268.19,290.06,3.44,6.65,-4032.93,1,On,962.94,534.27
1789678140000000000,2026-09-17T20:49:00Z,synthetic_stepwise_random_bounded,1.602,5.769,-241.72,0.0,241.72,290.09,3.49,7.16,-3375.98,1,On,956.99,546.66
1789678200000000000,2026-09-17T20:50:00Z,synthetic_stepwise_random_bounded,1.639,5.674,-233.11,0.0,233.11,290.14,3.56,7.11,-3278.62,1,On,966.05,566.82
1789678260000000000,2026-09-17T20:51:00Z,synthetic_stepwise_random_bounded,1.6,5.741,-218.5,0.0,218.5,290.16,3.6,7.74,-2823.0,2,On,986.2,561.94
1789678320000000000,2026-09-17T20:52:00Z,synthetic_stepwise_random_bounded,1.573,5.769,-217.81,0.0,217.81,290.18,3.64,7.4,-2943.38,3,On,1001.43,590.75
1789678380000000000,2026-09-17T20:53:00Z,synthetic_stepwise_random_bounded,1.586,5.806,-228.38,0.0,228.38,290.22,3.7,6.82,-3348.68,3,On,1042.85,619.17
1789678440000000000,2026-09-17T20:54:00Z,synthetic_stepwise_random_bounded,1.54,5.771,-226.47,0.0,226.47,290.26,3.77,6.85,-3306.13,1,On,1027.2,625.73
1789678500000000000,2026-09-17T20:55:00Z,synthetic_stepwise_random_bounded,1.579,5.787,-244.96,0.0,244.96,290.31,3.85,7.75,-3160.77,3,On,1038.21,615.44
1789678560000000000,2026-09-17T20:56:00Z,synthetic_stepwise_random_bounded,1.565,5.856,-269.11,0.0,269.11,290.35,3.92,7.27,-3701.65,3,On,1041.55,643.98
1789678620000000000,2026-09-17T20:57:00Z,synthetic_stepwise_random_bounded,1.508,5.82,-286.21,0.0,286.21,290.41,4.01,7.14,-4008.54,1,On,1069.43,622.35
1789678680000000000,2026-09-17T20:58:00Z,synthetic_stepwise_random_bounded,1.543,5.861,-297.0,0.0,297.0,290.43,4.05,6.54,-4541.28,3,On,1080.94,643.11
1789678740000000000,2026-09-17T20:59:00Z,synthetic_stepwise_random_bounded,1.482,5.845,-325.67,0.0,325.67,290.47,4.11,6.88,-4733.58,2,On,1055.46,619.74
1789678800000000000,2026-09-17T21:00:00Z,synthetic_stepwise_random_bounded,1.437,5.815,-343.27,0.0,343.27,290.51,4.18,5.53,-6207.41,2,On,1098.29,635.7
1789678860000000000,2026-09-17T21:01:00Z,synthetic_stepwise_random_bounded,1.402,5.789,-330.45,0.0,330.45,290.53,4.22,5.66,-5838.34,1,On,1127.42,641.62
1789678920000000000,2026-09-17T21:02:00Z,synthetic_stepwise_random_bounded,1.388,5.775,-333.08,0.0,333.08,290.56,4.27,5.34,-6237.45,2,On,1106.09,648.8
1789678980000000000,2026-09-17T21:03:00Z,synthetic_stepwise_random_bounded,1.392,5.833,-355.66,0.0,355.66,290.59,4.31,5.16,-6892.64,1,On,1133.95,644.72
1789679040000000000,2026-09-17T21:04:00Z,synthetic_stepwise_random_bounded,1.385,5.886,-385.06,0.0,385.06,290.6,4.34,5.72,-6731.82,3,On,1086.49,647.0
1789679100000000000,2026-09-17T21:05:00Z,synthetic_stepwise_random_bounded,1.345,5.863,-423.56,0.0,423.56,290.65,4.42,5.12,-8272.66,2,On,1086.97,664.57
1789679160000000000,2026-09-17T21:06:00Z,synthetic_stepwise_random_bounded,1.368,5.915,-461.43,0.0,461.43,290.69,4.49,5.96,-7742.11,2,On,1082.98,686.65
1789679220000000000,2026-09-17T21:07:00Z,synthetic_stepwise_random_bounded,1.413,5.971,-473.55,0.0,473.55,290.73,4.55,6.52,-7263.04,2,On,1084.38,671.06
1789679280000000000,2026-09-17T21:08:00Z,synthetic_stepwise_random_bounded,1.442,5.903,-448.01,0.0,448.01,290.78,4.63,5.94,-7542.26,3,On,1063.42,696.73
1789679340000000000,2026-09-17T21:09:00Z,synthetic_stepwise_random_bounded,1.449,5.933,-429.25,0.0,429.25,290.8,4.66,6.19,-6934.57,1,On,1019.0,698.0
1789679400000000000,2026-09-17T21:10:00Z,synthetic_stepwise_random_bounded,1.475,5.913,-460.5,0.0,460.5,290.85,4.75,6.96,-6616.38,2,On,1024.12,703.91
1789679460000000000,2026-09-17T21:11:00Z,synthetic_stepwise_random_bounded,1.478,5.853,-433.92,0.0,433.92,290.87,4.78,5.93,-7317.37,1,On,1004.34,702.83
1789679520000000000,2026-09-17T21:12:00Z,synthetic_stepwise_random_bounded,1.451,5.854,-429.69,0.0,429.69,290.92,4.87,6.69,-6422.87,2,On,1018.08,690.76
1789679580000000000,2026-09-17T21:13:00Z,synthetic_stepwise_random_bounded,1.535,5.813,-427.95,0.0,427.95,290.94,4.9,6.43,-6655.52,2,On,1027.72,671.2
1789679640000000000,2026-09-17T21:14:00Z,synthetic_stepwise_random_bounded,1.481,5.879,-467.42,0.0,467.42,290.98,4.97,6.8,-6873.82,1,On,1001.89,667.65
1789679700000000000,2026-09-17T21:15:00Z,synthetic_stepwise_random_bounded,1.46,5.938,-452.23,0.0,452.23,291.02,5.04,5.91,-7651.95,3,On,672.49,632.03
1789679760000000000,2026-09-17T21:16:00Z,synthetic_stepwise_random_bounded,1.533,5.915,-483.98,0.0,483.98,291.07,5.12,7.26,-6666.39,1,On,648.21,646.12
1789679820000000000,2026-09-17T21:17:00Z,synthetic_stepwise_random_bounded,1.56,5.918,-456.82,0.0,456.82,291.1,5.16,7.39,-6181.6,1,On,667.82,651.54
1789679880000000000,2026-09-17T21:18:00Z,synthetic_stepwise_random_bounded,1.571,5.904,-463.73,0.0,463.73,291.13,5.21,6.56,-7069.05,1,On,670.88,640.18
1789679940000000000,2026-09-17T21:19:00Z,synthetic_stepwise_random_bounded,1.579,5.878,-436.02,0.0,436.02,291.17,5.28,7.83,-5568.58,2,On,720.64,622.39
1789680000000000000,2026-09-17T21:20:00Z,synthetic_stepwise_random_bounded,1.493,5.938,-449.12,0.0,449.12,291.21,5.35,6.18,-7267.31,3,On,730.58,604.3
1789680060000000000,2026-09-17T21:21:00Z,synthetic_stepwise_random_bounded,1.522,5.925,-431.29,0.0,431.29,291.23,5.38,6.74,-6398.96,3,On,732.33,607.38
1789680120000000000,2026-09-17T21:22:00Z,synthetic_stepwise_random_bounded,1.573,5.908,-467.24,0.0,467.24,291.26,5.44,7.3,-6400.55,2,On,755.1,625.7
1789680180000000000,2026-09-17T21:23:00Z,synthetic_stepwise_random_bounded,1.523,5.876,-459.12,0.0,459.12,291.29,5.48,6.78,-6771.68,2,On,765.23,630.1
1789680240000000000,2026-09-17T21:24:00Z,synthetic_stepwise_random_bounded,1.445,5.904,-426.14,0.0,426.14,291.32,5.54,5.73,-7437.0,3,On,811.83,618.13
1789680300000000000,2026-09-17T21:25:00Z,synthetic_stepwise_random_bounded,1.436,5.919,-442.55,0.0,442.55,291.37,5.62,5.84,-7577.91,2,On,785.85,641.56
1789680360000000000,2026-09-17T21:26:00Z,synthetic_stepwise_random_bounded,1.437,5.885,-411.35,0.0,411.35,291.42,5.7,6.03,-6821.72,1,On,737.2,670.47
1789680420000000000,2026-09-17T21:27:00Z,synthetic_stepwise_random_bounded,1.458,5.886,-437.11,0.0,437.11,291.46,5.77,6.65,-6573.08,3,On,769.07,677.26
1789680480000000000,2026-09-17T21:28:00Z,synthetic_stepwise_random_bounded,1.458,5.808,-446.35,0.0,446.35,291.51,5.85,6.25,-7141.6,3,On,784.33,650.06
1789680540000000000,2026-09-17T21:29:00Z,synthetic_stepwise_random_bounded,1.473,5.809,-424.37,0.0,424.37,291.55,5.91,6.45,-6579.38,1,On,768.66,655.53
1789680600000000000,2026-09-17T21:30:00Z,synthetic_stepwise_random_bounded,1.474,5.916,-436.62,0.0,436.62,291.58,5.97,6.38,-6843.57,2,On,800.67,641.36
1789680660000000000,2026-09-17T21:31:00Z,synthetic_stepwise_random_bounded,1.485,5.894,-467.32,0.0,467.32,291.61,6.02,6.23,-7501.12,2,On,808.35,665.59
1789680720000000000,2026-09-17T21:32:00Z,synthetic_stepwise_random_bounded,1.445,5.9,-510.95,0.0,510.95,291.66,6.1,6.65,-7683.46,2,On,787.61,671.16
1789680780000000000,2026-09-17T21:33:00Z,synthetic_stepwise_random_bounded,1.51,5.889,-460.35,0.0,460.35,291.68,6.13,6.58,-6996.2,3,On,770.65,667.14
1789680840000000000,2026-09-17T21:34:00Z,synthetic_stepwise_random_bounded,1.508,5.803,-483.27,0.0,483.27,291.7,6.17,6.37,-7586.66,2,On,726.63,672.24
1789680900000000000,2026-09-17T21:35:00Z,synthetic_stepwise_random_bounded,1.531,5.798,-461.9,0.0,461.9,291.75,6.25,6.3,-7331.75,3,On,738.27,650.13
1789680960000000000,2026-09-17T21:36:00Z,synthetic_stepwise_random_bounded,1.561,5.702,-421.54,0.0,421.54,291.79,6.32,6.84,-6162.87,1,On,765.36,632.84
1789681020000000000,2026-09-17T21:37:00Z,synthetic_stepwise_random_bounded,1.545,5.701,-442.44,0.0,442.44,291.81,6.35,6.79,-6516.05,1,On,794.74,653.38
1789681080000000000,2026-09-17T21:38:00Z,synthetic_stepwise_random_bounded,1.521,5.709,-472.74,0.0,472.74,291.83,6.39,6.07,-7788.14,1,On,817.14,626.54
1789681140000000000,2026-09-17T21:39:00Z,synthetic_stepwise_random_bounded,1.544,5.664,-469.85,0.0,469.85,291.86,6.44,7.16,-6562.15,2,On,858.58,653.77
1789681200000000000,2026-09-17T21:40:00Z,synthetic_stepwise_random_bounded,1.546,5.704,-505.62,0.0,505.62,291.9,6.5,6.82,-7413.78,1,On,823.88,647.09
1789681260000000000,2026-09-17T21:41:00Z,synthetic_stepwise_random_bounded,1.54,5.759,-497.14,0.0,497.14,291.95,6.58,7.2,-6904.72,2,On,819.71,641.02
1789681320000000000,2026-09-17T21:42:00Z,synthetic_stepwise_random_bounded,1.594,5.791,-470.47,0.0,470.47,291.99,6.65,7.68,-6125.91,1,On,781.28,629.31
1789681380000000000,2026-09-17T21:43:00Z,synthetic_stepwise_random_bounded,1.627,5.767,-455.2,0.0,455.2,292.03,6.71,7.6,-5989.47,1,On,792.22,606.71
1789681440000000000,2026-09-17T21:44:00Z,synthetic_stepwise_random_bounded,1.592,5.753,-419.37,0.0,419.37,292.06,6.77,7.67,-5467.67,2,On,801.16,582.36
1789681500000000000,2026-09-17T21:45:00Z,synthetic_stepwise_random_bounded,1.62,5.653,-402.87,0.0,402.87,292.1,6.83,6.88,-5855.67,2,On,786.86,583.42
1789681560000000000,2026-09-17T21:46:00Z,synthetic_stepwise_random_bounded,1.637,5.593,-414.03,0.0,414.03,292.12,6.87,8.22,-5036.86,3,On,796.54,604.87
1789681620000000000,2026-09-17T21:47:00Z,synthetic_stepwise_random_bounded,1.644,5.628,-449.04,0.0,449.04,292.15,6.91,7.28,-6168.13,1,On,761.89,592.06
1789681680000000000,2026-09-17T21:48:00Z,synthetic_stepwise_random_bounded,1.623,5.56,-490.44,0.0,490.44,292.19,6.98,6.97,-7036.44,3,On,720.39,595.44
1789681740000000000,2026-09-17T21:49:00Z,synthetic_stepwise_random_bounded,1.602,5.578,-477.65,0.0,477.65,292.22,7.03,7.38,-6472.22,2,On,679.07,571.96
1789681800000000000,2026-09-17T21:50:00Z,synthetic_stepwise_random_bounded,1.546,5.557,-461.4,0.0,461.4,292.27,7.11,6.04,-7639.07,3,On,724.02,559.03
1789681860000000000,2026-09-17T21:51:00Z,synthetic_stepwise_random_bounded,1.579,5.513,-497.6,0.0,497.6,292.3,7.17,6.3,-7898.41,3,On,705.42,570.81
1789681920000000000,2026-09-17T21:52:00Z,synthetic_stepwise_random_bounded,1.605,5.551,-536.53,0.0,536.53,292.33,7.22,7.48,-7172.86,2,On,719.07,598.99
1789681980000000000,2026-09-17T21:53:00Z,synthetic_stepwise_random_bounded,1.62,5.562,-528.86,0.0,528.86,292.36,7.27,6.97,-7587.66,3,On,676.27,616.9
1789682040000000000,2026-09-17T21:54:00Z,synthetic_stepwise_random_bounded,1.63,5.543,-572.84,0.0,572.84,292.38,7.3,6.76,-8473.96,2,On,633.56,646.59
1789682100000000000,2026-09-17T21:55:00Z,synthetic_stepwise_random_bounded,1.612,5.609,-580.11,0.0,580.11,292.4,7.34,6.99,-8299.14,2,On,671.83,665.99
1789682160000000000,2026-09-17T21:56:00Z,synthetic_stepwise_random_bounded,1.6,5.666,-541.37,0.0,541.37,292.45,7.42,6.78,-7984.81,2,On,673.05,682.94
1789682220000000000,2026-09-17T21:57:00Z,synthetic_stepwise_random_bounded,1.623,5.726,-530.33,0.0,530.33,292.49,7.48,6.91,-7674.82,3,On,687.72,708.4
1789682280000000000,2026-09-17T21:58:00Z,synthetic_stepwise_random_bounded,1.613,5.669,-573.2,0.0,573.2,292.51,7.51,7.17,-7994.42,3,On,646.11,714.47
1789682340000000000,2026-09-17T21:59:00Z,synthetic_stepwise_random_bounded,1.662,5.655,-604.77,0.0,604.77,292.55,7.58,8.37,-7225.45,2,On,643.51,736.51
1789682400000000000,2026-09-17T22:00:00Z,synthetic_stepwise_random_bounded,1.613,5.565,-562.79,0.0,562.79,292.57,7.62,7.91,-7114.92,1,On,674.98,711.14
1789682460000000000,2026-09-17T22:01:00Z,synthetic_stepwise_random_bounded,1.623,5.688,-567.62,0.0,567.62,292.61,7.69,6.88,-8250.29,1,On,674.82,693.62
1789682520000000000,2026-09-17T22:02:00Z,synthetic_stepwise_random_bounded,1.616,5.638,-547.92,0.0,547.92,292.66,7.77,6.88,-7963.95,3,On,718.88,671.84
1789682580000000000,2026-09-17T22:03:00Z,synthetic_stepwise_random_bounded,1.61,5.631,-546.8,0.0,546.8,292.72,7.86,7.66,-7138.38,2,On,748.92,654.86
1789682640000000000,2026-09-17T22:04:00Z,synthetic_stepwise_random_bounded,1.604,5.547,-588.27,0.0,588.27,292.76,7.94,6.68,-8806.44,3,On,702.7,662.18
1789682700000000000,2026-09-17T22:05:00Z,synthetic_stepwise_random_bounded,1.569,5.588,-594.13,0.0,594.13,292.78,7.96,6.31,-9415.69,2,On,727.99,681.12
1789682760000000000,2026-09-17T22:06:00Z,synthetic_stepwise_random_bounded,1.577,5.653,-581.14,0.0,581.14,292.82,8.04,7.05,-8243.12,3,On,684.68,674.0
1789682820000000000,2026-09-17T22:07:00Z,synthetic_stepwise_random_bounded,1.624,5.655,-606.38,0.0,606.38,292.85,8.08,6.88,-8813.66,3,On,652.47,681.39
1789682880000000000,2026-09-17T22:08:00Z,synthetic_stepwise_random_bounded,1.648,5.642,-589.48,0.0,589.48,292.9,8.16,8.41,-7009.27,2,On,700.79,685.5
1789682940000000000,2026-09-17T22:09:00Z,synthetic_stepwise_random_bounded,1.705,5.668,-597.74,0.0,597.74,292.93,8.22,8.57,-6974.8,1,On,674.39,693.54
1789683000000000000,2026-09-17T22:10:00Z,synthetic_stepwise_random_bounded,1.735,5.543,-588.97,0.0,588.97,292.96,8.26,8.01,-7352.93,2,On,692.44,705.73
1789683060000000000,2026-09-17T22:11:00Z,synthetic_stepwise_random_bounded,1.734,5.513,-597.31,0.0,597.31,292.97,8.29,8.52,-7010.68,2,On,718.05,735.47
1789683120000000000,2026-09-17T22:12:00Z,synthetic_stepwise_random_bounded,1.728,5.519,-547.95,0.0,547.95,293.0,8.33,8.64,-6342.01,1,On,704.06,718.64
1789683180000000000,2026-09-17T22:13:00Z,synthetic_stepwise_random_bounded,1.792,5.563,-502.17,0.0,502.17,293.04,8.4,9.74,-5155.75,1,On,699.3,748.54
1789683240000000000,2026-09-17T22:14:00Z,synthetic_stepwise_random_bounded,1.856,5.55,-477.9,0.0,477.9,293.08,8.47,9.48,-5041.14,3,On,712.99,728.64
1789683300000000000,2026-09-17T22:15:00Z,synthetic_stepwise_random_bounded,1.875,5.503,-445.9,0.0,445.9,293.1,8.5,9.41,-4738.58,3,On,748.63,733.58
1789683360000000000,2026-09-17T22:16:00Z,synthetic_stepwise_random_bounded,1.892,5.532,-446.98,0.0,446.98,293.12,8.53,9.22,-4847.94,1,On,736.16,708.28
1789683420000000000,2026-09-17T22:17:00Z,synthetic_stepwise_random_bounded,1.84,5.589,-437.36,0.0,437.36,293.14,8.56,8.97,-4875.81,2,On,731.18,711.61
1789683480000000000,2026-09-17T22:18:00Z,synthetic_stepwise_random_bounded,1.81,5.508,-423.74,0.0,423.74,293.15,8.58,8.15,-5199.26,1,On,1453.13,842.66
1789683540000000000,2026-09-17T22:19:00Z,synthetic_stepwise_random_bounded,1.808,5.429,-386.78,0.0,386.78,293.2,8.66,8.12,-4763.3,1,On,1494.75,815.24
1789683600000000000,2026-09-17T22:20:00Z,synthetic_stepwise_random_bounded,1.861,5.424,-394.54,0.0,394.54,293.21,8.69,9.66,-4084.27,2,On,1500.0,791.28
1789683660000000000,2026-09-17T22:21:00Z,synthetic_stepwise_random_bounded,1.885,5.495,-430.19,0.0,430.19,293.26,8.76,10.63,-4046.94,1,On,1500.0,761.41
1789683720000000000,2026-09-17T22:22:00Z,synthetic_stepwise_random_bounded,1.851,5.404,-442.51,0.0,442.51,293.29,8.81,9.38,-4717.59,1,On,1500.0,775.54
1789683780000000000,2026-09-17T22:23:00Z,synthetic_stepwise_random_bounded,1.817,5.423,-479.6,0.0,479.6,293.3,8.84,9.71,-4939.24,3,On,1500.0,805.41
1789683840000000000,2026-09-17T22:24:00Z,synthetic_stepwise_random_bounded,1.885,5.513,-520.73,0.0,520.73,293.32,8.87,10.34,-5036.07,2,On,1474.55,826.54
1789683900000000000,2026-09-17T22:25:00Z,synthetic_stepwise_random_bounded,1.859,5.508,-490.34,0.0,490.34,293.37,8.95,10.32,-4751.36,2,On,1462.41,826.15
1789683960000000000,2026-09-17T22:26:00Z,synthetic_stepwise_random_bounded,1.944,5.531,-521.56,0.0,521.56,293.39,8.99,9.6,-5432.92,3,On,1433.55,820.9
1789684020000000000,2026-09-17T22:27:00Z,synthetic_stepwise_random_bounded,1.944,5.565,-489.27,0.0,489.27,293.42,9.03,9.62,-5085.97,3,On,1393.6,830.76
1789684080000000000,2026-09-17T22:28:00Z,synthetic_stepwise_random_bounded,2.032,5.636,-517.26,0.0,517.26,293.47,9.11,11.01,-4698.09,3,On,1393.79,825.08
1789684140000000000,2026-09-17T22:29:00Z,synthetic_stepwise_random_bounded,2.164,5.573,-564.34,0.0,564.34,293.45,9.09,13.92,-4054.17,3,On,1441.04,823.19
1789684200000000000,2026-09-17T22:30:00Z,synthetic_stepwise_random_bounded,2.206,5.566,-585.26,0.0,585.26,293.44,9.07,14.22,-4115.75,3,On,1391.69,797.33
1789684260000000000,2026-09-17T22:31:00Z,synthetic_stepwise_random_bounded,2.309,5.528,-638.36,0.0,638.36,293.42,9.04,15.18,-4205.27,1,On,1358.42,773.35
1789684320000000000,2026-09-17T22:32:00Z,synthetic_stepwise_random_bounded,2.405,5.5,-680.56,0.0,680.56,293.4,9.0,15.36,-4430.73,3,On,1358.39,798.18
1789684380000000000,2026-09-17T22:33:00Z,synthetic_stepwise_random_bounded,2.414,5.504,-721.28,0.0,721.28,293.39,8.99,17.28,-4174.07,3,On,1390.35,802.0
1789684440000000000,2026-09-17T22:34:00Z,synthetic_stepwise_random_bounded,2.421,5.467,-717.53,0.0,717.53,293.38,8.97,16.21,-4426.47,3,On,1361.02,785.61
1789684500000000000,2026-09-17T22:35:00Z,synthetic_stepwise_random_bounded,2.377,5.472,-684.93,0.0,684.93,293.36,8.94,16.51,-4148.58,1,On,1320.8,770.1
1789684560000000000,2026-09-17T22:36:00Z,synthetic_stepwise_random_bounded,2.318,5.515,-716.3,0.0,716.3,293.35,8.91,13.87,-5164.38,1,On,1370.16,781.29
1789684620000000000,2026-09-17T22:37:00Z,synthetic_stepwise_random_bounded,2.43,5.531,-718.65,0.0,718.65,293.33,8.88,17.4,-4130.17,1,On,1366.33,797.27
1789684680000000000,2026-09-17T22:38:00Z,synthetic_stepwise_random_bounded,2.447,5.58,-726.76,0.0,726.76,293.32,8.86,17.38,-4181.59,2,On,1408.98,790.57
1789684740000000000,2026-09-17T22:39:00Z,synthetic_stepwise_random_bounded,2.424,5.557,-717.87,0.0,717.87,293.3,8.83,17.27,-4156.75,2,On,1422.41,790.49
1789684800000000000,2026-09-17T22:40:00Z,synthetic_stepwise_random_bounded,2.431,5.564,-664.61,0.0,664.61,293.29,8.81,17.55,-3786.95,3,On,1431.65,771.53
1789684860000000000,2026-09-17T22:41:00Z,synthetic_stepwise_random_bounded,2.413,5.422,-703.42,0.0,703.42,293.27,8.78,16.85,-4174.6,2,On,1471.35,756.32
1789684920000000000,2026-09-17T22:42:00Z,synthetic_stepwise_random_bounded,2.388,5.441,-703.2,0.0,703.2,293.25,8.75,15.08,-4663.13,3,On,1494.91,779.88
1789684980000000000,2026-09-17T22:43:00Z,synthetic_stepwise_random_bounded,2.346,5.496,-680.74,0.0,680.74,293.24,8.73,13.72,-4961.66,2,On,1500.0,795.48
1789685040000000000,2026-09-17T22:44:00Z,synthetic_stepwise_random_bounded,2.247,5.555,-674.03,0.0,674.03,293.22,8.7,14.42,-4674.27,3,On,1500.0,791.37
1789685100000000000,2026-09-17T22:45:00Z,synthetic_stepwise_random_bounded,2.139,5.617,-615.21,0.0,615.21,293.21,8.69,12.28,-5009.85,1,On,1500.0,792.42
1789685160000000000,2026-09-17T22:46:00Z,synthetic_stepwise_random_bounded,2.163,5.627,-649.13,0.0,649.13,293.2,8.67,13.45,-4826.25,2,On,1488.89,807.04
1789685220000000000,2026-09-17T22:47:00Z,synthetic_stepwise_random_bounded,2.18,5.719,-585.61,0.0,585.61,293.2,8.66,13.19,-4439.8,1,On,1454.3,804.65
1789685280000000000,2026-09-17T22:48:00Z,synthetic_stepwise_random_bounded,2.158,5.717,-550.74,0.0,550.74,293.19,8.65,12.44,-4427.17,2,On,1451.93,813.05
1789685340000000000,2026-09-17T22:49:00Z,synthetic_stepwise_random_bounded,2.181,5.65,-511.97,0.0,511.97,293.19,8.65,14.18,-3610.51,2,On,1410.38,829.56
1789685400000000000,2026-09-17T22:50:00Z,synthetic_stepwise_random_bounded,2.256,5.593,-508.47,0.0,508.47,293.17,8.62,13.65,-3725.05,2,On,1375.65,835.05
1789685460000000000,2026-09-17T22:51:00Z,synthetic_stepwise_random_bounded,2.271,5.547,-473.12,0.0,473.12,293.15,8.58,13.54,-3494.24,2,On,1391.02,826.09
1789685520000000000,2026-09-17T22:52:00Z,synthetic_stepwise_random_bounded,2.219,5.592,-499.6,0.0,499.6,293.14,8.56,14.54,-3436.04,1,On,1414.81,800.7
1789685580000000000,2026-09-17T22:53:00Z,synthetic_stepwise_random_bounded,2.271,5.54,-469.02,0.0,469.02,293.13,8.55,13.28,-3531.78,3,On,1425.41,817.01
1789685640000000000,2026-09-17T22:54:00Z,synthetic_stepwise_random_bounded,2.25,5.523,-500.29,0.0,500.29,293.11,8.52,14.83,-3373.5,1,On,1405.31,800.97
1789685700000000000,2026-09-17T22:55:00Z,synthetic_stepwise_random_bounded,2.23,5.521,-484.95,0.0,484.95,293.09,8.49,14.92,-3250.34,2,On,593.37,599.25
1789685760000000000,2026-09-17T22:56:00Z,synthetic_stepwise_random_bounded,2.279,5.543,-461.49,0.0,461.49,293.09,8.48,13.15,-3509.43,2,On,596.24,627.28
1789685820000000000,2026-09-17T22:57:00Z,synthetic_stepwise_random_bounded,2.179,5.535,-476.95,0.0,476.95,293.06,8.44,13.21,-3610.52,1,On,615.85,646.33
1789685880000000000,2026-09-17T22:58:00Z,synthetic_stepwise_random_bounded,2.176,5.505,-481.83,0.0,481.83,293.05,8.41,14.16,-3402.75,2,On,620.59,622.1
1789685940000000000,2026-09-17T22:59:00Z,synthetic_stepwise_random_bounded,2.249,5.528,-440.02,0.0,440.02,293.03,8.38,14.55,-3024.19,2,On,582.96,613.19
1789686000000000000,2026-09-17T23:00:00Z,synthetic_stepwise_random_bounded,2.181,5.584,-426.93,0.0,426.93,293.01,8.35,12.47,-3423.66,3,On,583.02,638.01
1789686060000000000,2026-09-17T23:01:00Z,synthetic_stepwise_random_bounded,2.198,5.677,-406.91,0.0,406.91,292.99,8.32,14.52,-2802.41,3,On,550.81,663.2
1789686120000000000,2026-09-17T23:02:00Z,synthetic_stepwise_random_bounded,2.126,5.769,-380.02,0.0,380.02,292.97,8.29,12.11,-3138.07,2,On,554.27,642.09
1789686180000000000,2026-09-17T23:03:00Z,synthetic_stepwise_random_bounded,2.072,5.926,-366.93,0.0,366.93,292.96,8.26,12.24,-2997.79,1,On,601.24,665.84
1789686240000000000,2026-09-17T23:04:00Z,synthetic_stepwise_random_bounded,2.072,5.911,-387.49,0.0,387.49,292.95,8.25,12.6,-3075.32,3,On,604.98,658.67
1789686300000000000,2026-09-17T23:05:00Z,synthetic_stepwise_random_bounded,2.123,5.97,-360.96,0.0,360.96,292.94,8.24,13.37,-2699.78,2,On,646.25,634.91
1789686360000000000,2026-09-17T23:06:00Z,synthetic_stepwise_random_bounded,2.141,6.036,-395.03,0.0,395.03,292.93,8.21,12.9,-3062.25,1,On,654.94,616.89
1789686420000000000,2026-09-17T23:07:00Z,synthetic_stepwise_random_bounded,2.112,6.095,-380.72,0.0,380.72,292.91,8.18,14.54,-2618.43,2,On,698.97,646.68
1789686480000000000,2026-09-17T23:08:00Z,synthetic_stepwise_random_bounded,2.053,6.061,-368.78,0.0,368.78,292.9,8.16,13.95,-2643.58,1,On,725.66,657.39
1789686540000000000,2026-09-17T23:09:00Z,synthetic_stepwise_random_bounded,2.004,6.063,-334.08,0.0,334.08,292.88,8.14,11.89,-2809.76,2,On,736.64,656.36
1789686600000000000,2026-09-17T23:10:00Z,synthetic_stepwise_random_bounded,2.001,5.982,-321.54,0.0,321.54,292.87,8.11,11.86,-2711.13,1,On,766.61,667.74
1789686660000000000,2026-09-17T23:11:00Z,synthetic_stepwise_random_bounded,1.969,5.997,-348.29,0.0,348.29,292.86,8.1,11.65,-2989.61,1,On,765.52,674.49
1789686720000000000,2026-09-17T23:12:00Z,synthetic_stepwise_random_bounded,1.876,6.028,-366.5,0.0,366.5,292.84,8.07,10.11,-3625.12,1,On,723.98,700.93
1789686780000000000,2026-09-17T23:13:00Z,synthetic_stepwise_random_bounded,1.862,6.084,-370.19,0.0,370.19,292.84,8.06,10.3,-3594.08,1,On,680.34,677.79
1789686840000000000,2026-09-17T23:14:00Z,synthetic_stepwise_random_bounded,1.896,6.079,-394.27,0.0,394.27,292.83,8.05,9.94,-3966.5,3,On,721.08,660.82
1789686900000000000,2026-09-17T23:15:00Z,synthetic_stepwise_random_bounded,1.901,5.971,-422.42,0.0,422.42,292.82,8.04,9.72,-4345.88,1,On,749.48,674.7
1789686960000000000,2026-09-17T23:16:00Z,synthetic_stepwise_random_bounded,1.894,5.897,-418.49,0.0,418.49,292.81,8.02,10.88,-3846.42,3,On,720.37,683.67
1789687020000000000,2026-09-17T23:17:00Z,synthetic_stepwise_random_bounded,1.92,5.862,-426.72,0.0,426.72,292.8,8.0,10.9,-3914.86,1,On,697.4,706.34
1789687080000000000,2026-09-17T23:18:00Z,synthetic_stepwise_random_bounded,1.913,5.784,-455.15,0.0,455.15,292.79,7.98,10.92,-4168.04,2,On,739.5,735.96
1789687140000000000,2026-09-17T23:19:00Z,synthetic_stepwise_random_bounded,1.817,5.743,-446.25,0.0,446.25,292.78,7.96,9.44,-4727.22,1,On,697.77,746.21
1789687200000000000,2026-09-17T23:20:00Z,synthetic_stepwise_random_bounded,1.789,5.79,-446.29,0.0,446.29,292.78,7.96,10.02,-4453.99,3,On,742.94,716.68
1789687260000000000,2026-09-17T23:21:00Z,synthetic_stepwise_random_bounded,1.781,5.703,-463.37,0.0,463.37,292.76,7.93,8.83,-5247.68,2,On,772.36,700.36
1789687320000000000,2026-09-17T23:22:00Z,synthetic_stepwise_random_bounded,1.748,5.779,-473.67,0.0,473.67,292.75,7.91,9.55,-4959.9,3,On,755.86,691.42
1789687380000000000,2026-09-17T23:23:00Z,synthetic_stepwise_random_bounded,1.785,5.694,-479.66,0.0,479.66,292.73,7.89,9.38,-5113.65,3,On,728.64,676.77
1789687440000000000,2026-09-17T23:24:00Z,synthetic_stepwise_random_bounded,1.783,5.715,-443.92,0.0,443.92,292.72,7.86,9.21,-4819.98,1,On,753.28,686.46
1789687500000000000,2026-09-17T23:25:00Z,synthetic_stepwise_random_bounded,1.836,5.634,-485.99,0.0,485.99,292.71,7.85,8.72,-5573.28,2,On,738.14,680.86
1789687560000000000,2026-09-17T23:26:00Z,synthetic_stepwise_random_bounded,1.903,5.63,-492.03,0.0,492.03,292.69,7.82,10.15,-4847.59,3,On,756.77,672.2
1789687620000000000,2026-09-17T23:27:00Z,synthetic_stepwise_random_bounded,1.898,5.529,-481.17,0.0,481.17,292.69,7.82,10.09,-4768.78,2,On,797.37,647.52
1789687680000000000,2026-09-17T23:28:00Z,synthetic_stepwise_random_bounded,1.873,5.514,-437.47,0.0,437.47,292.68,7.8,8.89,-4920.92,1,On,793.56,658.36
1789687740000000000,2026-09-17T23:29:00Z,synthetic_stepwise_random_bounded,1.955,5.521,-406.16,0.0,406.16,292.67,7.79,9.52,-4266.39,3,On,803.83,628.68
1789687800000000000,2026-09-17T23:30:00Z,synthetic_stepwise_random_bounded,2.062,5.531,-413.9,0.0,413.9,292.66,7.77,12.46,-3321.83,1,On,830.46,598.83
1789687860000000000,2026-09-17T23:31:00Z,synthetic_stepwise_random_bounded,2.136,5.385,-453.42,0.0,453.42,292.65,7.75,11.4,-3977.37,1,On,851.06,622.98
1789687920000000000,2026-09-17T23:32:00Z,synthetic_stepwise_random_bounded,2.138,5.467,-438.1,0.0,438.1,292.63,7.72,12.27,-3570.5,3,On,809.38,644.59
1789687980000000000,2026-09-17T23:33:00Z,synthetic_stepwise_random_bounded,2.206,5.485,-447.5,0.0,447.5,292.62,7.7,14.64,-3056.69,1,On,787.67,657.35
1789688040000000000,2026-09-17T23:34:00Z,synthetic_stepwise_random_bounded,2.29,5.516,-423.89,0.0,423.89,292.61,7.68,14.87,-2850.64,1,On,757.83,652.59
1789688100000000000,2026-09-17T23:35:00Z,synthetic_stepwise_random_bounded,2.249,5.465,-426.42,0.0,426.42,292.6,7.66,13.72,-3108.02,2,On,709.56,675.51
1789688160000000000,2026-09-17T23:36:00Z,synthetic_stepwise_random_bounded,2.122,5.448,-387.4,0.0,387.4,292.59,7.65,13.46,-2878.16,2,On,720.69,699.72
1789688220000000000,2026-09-17T23:37:00Z,synthetic_stepwise_random_bounded,2.189,5.459,-418.02,0.0,418.02,292.58,7.63,11.98,-3489.32,2,On,713.64,707.49
1789688280000000000,2026-09-17T23:38:00Z,synthetic_stepwise_random_bounded,2.147,5.502,-381.13,0.0,381.13,292.57,7.61,12.09,-3152.44,3,On,689.61,680.86
1789688340000000000,2026-09-17T23:39:00Z,synthetic_stepwise_random_bounded,2.157,5.513,-368.74,0.0,368.74,292.56,7.6,12.91,-2856.24,2,On,700.05,694.82
1789688400000000000,2026-09-17T23:40:00Z,synthetic_stepwise_random_bounded,2.153,5.631,-391.17,0.0,391.17,292.54,7.57,12.25,-3193.22,2,On,696.56,689.26
1789688460000000000,2026-09-17T23:41:00Z,synthetic_stepwise_random_bounded,2.173,5.65,-425.28,0.0,425.28,292.54,7.56,13.84,-3072.83,1,On,654.59,709.25
1789688520000000000,2026-09-17T23:42:00Z,synthetic_stepwise_random_bounded,2.199,5.712,-419.1,0.0,419.1,292.52,7.54,13.48,-3109.05,1,On,664.96,722.4
1789688580000000000,2026-09-17T23:43:00Z,synthetic_stepwise_random_bounded,2.185,5.655,-453.37,0.0,453.37,292.51,7.52,13.12,-3455.56,3,On,628.63,737.46
1789688640000000000,2026-09-17T23:44:00Z,synthetic_stepwise_random_bounded,2.148,5.621,-478.55,0.0,478.55,292.5,7.5,13.47,-3552.71,3,On,590.36,751.37
1789688700000000000,2026-09-17T23:45:00Z,synthetic_stepwise_random_bounded,2.19,5.622,-470.34,0.0,470.34,292.49,7.48,14.81,-3175.83,1,On,609.92,777.69
1789688760000000000,2026-09-17T23:46:00Z,synthetic_stepwise_random_bounded,2.219,5.689,-475.13,0.0,475.13,292.48,7.47,12.66,-3753.0,3,On,1009.93,768.22
1789688820000000000,2026-09-17T23:47:00Z,synthetic_stepwise_random_bounded,2.178,5.763,-504.69,0.0,504.69,292.47,7.45,12.75,-3958.35,1,On,987.58,795.51
1789688880000000000,2026-09-17T23:48:00Z,synthetic_stepwise_random_bounded,2.149,5.832,-544.53,0.0,544.53,292.45,7.42,14.49,-3757.97,1,On,1022.63,774.27
1789688940000000000,2026-09-17T23:49:00Z,synthetic_stepwise_random_bounded,2.126,5.933,-492.75,0.0,492.75,292.44,7.4,13.89,-3547.52,1,On,973.49,798.78
1789689000000000000,2026-09-17T23:50:00Z,synthetic_stepwise_random_bounded,2.189,6.032,-478.51,0.0,478.51,292.42,7.37,13.58,-3523.64,2,On,986.43,814.09
1789689060000000000,2026-09-17T23:51:00Z,synthetic_stepwise_random_bounded,2.129,5.983,-483.06,0.0,483.06,292.41,7.35,12.87,-3753.38,2,On,993.35,802.07
1789689120000000000,2026-09-17T23:52:00Z,synthetic_stepwise_random_bounded,2.133,6.021,-531.19,0.0,531.19,292.39,7.32,14.45,-3676.06,1,On,1018.93,817.99
1789689180000000000,2026-09-17T23:53:00Z,synthetic_stepwise_random_bounded,2.152,6.031,-504.57,0.0,504.57,292.37,7.29,13.27,-3802.34,2,On,1030.43,419.42
1789689240000000000,2026-09-17T23:54:00Z,synthetic_stepwise_random_bounded,2.136,6.009,-475.63,0.0,475.63,292.37,7.28,14.73,-3228.99,1,On,1011.83,430.81
1789689300000000000,2026-09-17T23:55:00Z,synthetic_stepwise_random_bounded,2.163,6.028,-473.26,0.0,473.26,292.36,7.27,13.33,-3550.34,2,On,1058.63,427.97
1789689360000000000,2026-09-17T23:56:00Z,synthetic_stepwise_random_bounded,2.154,6.088,-440.2,0.0,440.2,292.34,7.24,13.95,-3155.56,3,On,1025.37,447.51
1789689420000000000,2026-09-17T23:57:00Z,synthetic_stepwise_random_bounded,2.224,6.074,-396.68,0.0,396.68,292.32,7.2,14.24,-2785.67,2,On,1042.09,453.68
1789689480000000000,2026-09-17T23:58:00Z,synthetic_stepwise_random_bounded,2.156,6.051,-367.3,0.0,367.3,292.31,7.18,13.98,-2627.32,3,On,1090.56,439.71
1789689540000000000,2026-09-17T23:59:00Z,synthetic_stepwise_random_bounded,2.18,6.084,-391.94,0.0,391.94,292.3,7.16,13.34,-2938.08,3,On,779.72,856.58
