timestamp_ns,timestamp_iso,controller,hs,tp,avg_power,power_in,power_out,battery_pct,sea_state_energy,efficiency,peaks,nextwave,nextwave_error,nextwave_error_2
1794960000000000000,2026-11-18T00:00:00Z,controller 1,0.422,1.049,89.1,214.11,101.1,11.21,0.1,100.0,2,Off,596.43,440.54
1794960060000000000,2026-11-18T00:01:00Z,controller 1,0.502,1.361,58.9,267.13,1.99,11.19,0.19,100.0,1,Off,556.25,466.21
1794960120000000000,2026-11-18T00:02:00Z,free response,0.423,1.31,23.98,421.87,373.86,11.16,0.11,100.0,3,Off,601.95,452.77
1794960180000000000,2026-11-18T00:03:00Z,controller 1,0.502,1.417,19.09,91.97,58.42,11.13,0.17,100.0,2,Off,557.79,440.91
1794960240000000000,2026-11-18T00:04:00Z,free response,0.43,1.347,192.71,35.33,435.94,11.11,0.13,100.0,1,Off,525.85,425.79
1794960300000000000,2026-11-18T00:05:00Z,controller 2,0.415,1.766,150.88,88.05,473.94,11.07,0.16,100.0,2,Off,565.48,437.06
1794960360000000000,2026-11-18T00:06:00Z,controller 2,0.362,1.045,83.07,71.81,424.53,11.05,0.06,100.0,1,Off,599.97,462.18
1794960420000000000,2026-11-18T00:07:00Z,free response,0.429,1.32,92.34,2.84,501.89,11.04,0.13,100.0,2,Off,568.84,484.59
1794960480000000000,2026-11-18T00:08:00Z,controller 2,0.403,1.503,55.92,220.69,430.53,11.03,0.13,100.0,1,Off,606.36,498.32
1794960540000000000,2026-11-18T00:09:00Z,controller 2,0.377,1.632,75.18,148.43,349.56,11.01,0.11,100.0,1,Off,626.77,488.39
1794960600000000000,2026-11-18T00:10:00Z,controller 1,0.366,1.698,189.49,14.88,162.93,11.01,0.11,100.0,3,Off,660.59,474.23
1794960660000000000,2026-11-18T00:11:00Z,controller 1,0.35,1.521,-14.88,398.69,339.77,10.98,0.1,100.0,2,Off,674.26,478.01
1794960720000000000,2026-11-18T00:12:00Z,free response,0.394,1.554,107.06,300.18,549.89,10.98,0.13,100.0,2,Off,698.81,497.39
1794960780000000000,2026-11-18T00:13:00Z,controller 2,0.385,1.258,60.88,150.62,126.0,10.95,0.09,100.0,1,Off,743.85,527.25
1794960840000000000,2026-11-18T00:14:00Z,controller 2,0.431,1.763,-26.13,211.6,429.95,10.92,0.17,100.0,3,Off,706.59,547.77
1794960900000000000,2026-11-18T00:15:00Z,controller 1,0.453,1.681,97.49,342.65,135.96,10.89,0.19,100.0,1,Off,1172.54,352.57
1794960960000000000,2026-11-18T00:16:00Z,free response,0.33,1.163,42.99,138.32,180.62,10.88,0.06,100.0,1,On,1158.69,343.63
1794961020000000000,2026-11-18T00:17:00Z,controller 1,0.421,1.126,98.53,255.92,383.43,10.87,0.1,100.0,1,On,1136.55,322.79
1794961080000000000,2026-11-18T00:18:00Z,controller 1,0.462,1.532,104.43,74.42,115.87,10.86,0.17,100.0,3,On,1158.27,307.63
1794961140000000000,2026-11-18T00:19:00Z,controller 2,0.434,1.552,169.84,323.15,104.7,10.84,0.13,100.0,2,On,1136.63,282.09
1794961200000000000,2026-11-18T00:20:00Z,controller 2,0.48,1.756,21.89,216.49,379.84,10.84,0.22,100.0,3,On,1106.88,272.24
1794961260000000000,2026-11-18T00:21:00Z,controller 1,0.432,1.538,40.45,90.03,193.67,10.81,0.13,100.0,3,On,1106.11,257.68
1794961320000000000,2026-11-18T00:22:00Z,controller 1,0.331,1.613,-12.88,150.12,557.46,10.78,0.09,100.0,1,On,1155.64,236.56
1794961380000000000,2026-11-18T00:23:00Z,controller 2,0.342,1.347,-14.32,224.24,283.83,10.75,0.09,100.0,2,On,1146.74,209.71
1794961440000000000,2026-11-18T00:24:00Z,controller 1,0.414,1.403,16.55,77.09,100.44,10.74,0.12,100.0,1,On,1129.13,218.38
1794961500000000000,2026-11-18T00:25:00Z,free response,0.33,1.649,31.44,416.51,527.33,10.72,0.09,100.0,3,On,1100.26,223.91
1794961560000000000,2026-11-18T00:26:00Z,controller 1,0.35,1.47,138.56,1.71,517.49,10.7,0.1,100.0,3,On,1089.46,239.77
1794961620000000000,2026-11-18T00:27:00Z,controller 2,0.5,1.06,192.2,233.29,575.99,10.67,0.12,100.0,1,On,1054.8,264.31
1794961680000000000,2026-11-18T00:28:00Z,controller 2,0.476,1.406,33.62,153.51,566.17,10.66,0.15,100.0,2,On,1052.01,245.38
1794961740000000000,2026-11-18T00:29:00Z,free response,0.435,1.158,170.82,394.76,503.4,10.65,0.12,100.0,2,On,1058.59,217.69
1794961800000000000,2026-11-18T00:30:00Z,controller 2,0.613,1.494,169.42,375.22,432.69,10.62,0.25,100.0,2,On,1089.11,194.09
1794961860000000000,2026-11-18T00:31:00Z,free response,0.524,2.047,14.94,321.12,100.81,10.61,0.29,100.0,1,On,1097.71,167.88
1794961920000000000,2026-11-18T00:32:00Z,controller 1,0.661,1.708,53.6,149.96,426.25,10.59,0.35,100.0,3,On,1125.97,168.6
1794961980000000000,2026-11-18T00:33:00Z,controller 1,0.578,1.723,-1.98,16.59,241.59,10.57,0.28,100.0,3,On,1172.52,173.81
1794962040000000000,2026-11-18T00:34:00Z,controller 1,0.559,1.894,30.27,318.1,434.0,10.56,0.29,100.0,1,On,1155.9,157.36
1794962100000000000,2026-11-18T00:35:00Z,controller 1,0.629,1.549,100.89,258.32,267.02,10.54,0.29,100.0,3,On,1107.03,156.36
1794962160000000000,2026-11-18T00:36:00Z,controller 1,0.654,2.143,150.23,229.92,22.74,10.52,0.44,100.0,2,On,1145.08,130.71
1794962220000000000,2026-11-18T00:37:00Z,controller 1,0.527,2.201,158.95,437.8,66.6,10.51,0.32,100.0,2,On,1184.4,111.21
1794962280000000000,2026-11-18T00:38:00Z,controller 2,0.542,1.997,48.63,242.41,104.36,10.49,0.27,100.0,1,On,1199.83,125.14
1794962340000000000,2026-11-18T00:39:00Z,free response,0.665,1.857,55.6,429.26,276.44,10.48,0.44,100.0,3,On,1161.59,103.37
1794962400000000000,2026-11-18T00:40:00Z,controller 2,0.589,2.068,117.78,203.44,73.96,10.47,0.36,100.0,1,On,1124.38,127.11
1794962460000000000,2026-11-18T00:41:00Z,free response,0.504,1.728,13.24,126.55,187.3,10.46,0.23,100.0,1,On,1143.18,123.81
1794962520000000000,2026-11-18T00:42:00Z,controller 1,0.59,1.76,111.47,432.76,397.92,10.43,0.33,100.0,2,On,1123.77,125.1
1794962580000000000,2026-11-18T00:43:00Z,controller 1,0.619,1.931,32.47,131.62,94.47,10.42,0.38,100.0,3,On,1153.22,148.4
1794962640000000000,2026-11-18T00:44:00Z,controller 2,0.544,2.145,130.67,216.8,226.02,10.4,0.34,100.0,2,On,1202.93,138.78
1794962700000000000,2026-11-18T00:45:00Z,controller 1,0.533,2.113,-23.6,114.53,269.74,10.39,0.31,100.0,2,On,1236.18,122.87
1794962760000000000,2026-11-18T00:46:00Z,controller 2,0.589,1.545,-27.66,357.5,416.4,10.37,0.25,100.0,1,On,1285.63,146.0
1794962820000000000,2026-11-18T00:47:00Z,free response,0.567,1.667,186.66,214.71,154.35,10.33,0.26,100.0,2,On,1315.17,136.61
1794962880000000000,2026-11-18T00:48:00Z,free response,0.634,1.472,25.41,407.66,530.16,10.31,0.31,100.0,1,On,577.53,468.07
1794962940000000000,2026-11-18T00:49:00Z,controller 2,0.531,1.538,20.09,57.64,500.53,10.3,0.23,100.0,2,On,745.95,330.59
1794963000000000000,2026-11-18T00:50:00Z,controller 2,0.552,1.819,191.29,439.03,243.41,10.29,0.27,100.0,1,On,781.19,317.86
1794963060000000000,2026-11-18T00:51:00Z,controller 1,0.592,2.053,60.29,5.58,254.12,10.26,0.37,100.0,3,On,777.55,340.35
1794963120000000000,2026-11-18T00:52:00Z,controller 2,0.586,1.669,32.84,248.01,197.97,10.22,0.26,100.0,2,On,743.26,352.39
1794963180000000000,2026-11-18T00:53:00Z,controller 2,0.625,1.849,7.26,351.28,41.85,10.2,0.36,100.0,1,On,742.34,331.14
1794963240000000000,2026-11-18T00:54:00Z,free response,0.571,1.442,84.14,14.32,333.21,10.18,0.24,100.0,1,On,728.54,347.53
1794963300000000000,2026-11-18T00:55:00Z,controller 2,0.533,2.21,11.09,370.75,276.06,10.18,0.28,100.0,3,On,774.77,325.32
1794963360000000000,2026-11-18T00:56:00Z,controller 1,0.662,2.061,110.89,252.67,208.25,10.17,0.49,100.0,1,On,742.43,352.26
1794963420000000000,2026-11-18T00:57:00Z,controller 1,0.551,2.102,62.17,133.72,429.41,10.14,0.35,100.0,1,On,785.7,373.79
1794963480000000000,2026-11-18T00:58:00Z,controller 1,0.525,1.557,36.68,398.54,77.68,10.11,0.23,100.0,3,On,750.02,369.67
1794963540000000000,2026-11-18T00:59:00Z,controller 1,0.593,1.864,157.74,131.14,180.44,10.09,0.34,100.0,3,On,705.4,352.77
1794963600000000000,2026-11-18T01:00:00Z,controller 1,1.656,4.613,136.52,216.34,362.28,10.06,6.57,100.0,3,On,753.61,356.2
1794963660000000000,2026-11-18T01:01:00Z,free response,1.683,4.688,38.75,275.35,216.06,10.06,6.95,100.0,1,On,707.46,369.28
1794963720000000000,2026-11-18T01:02:00Z,controller 1,1.756,4.488,14.95,323.26,5.28,10.03,7.53,70.12,1,On,662.62,395.12
1794963780000000000,2026-11-18T01:03:00Z,controller 2,1.663,4.677,21.25,138.36,270.3,10.0,6.6,100.0,1,On,671.14,380.34
1794963840000000000,2026-11-18T01:04:00Z,free response,1.67,4.037,4.9,445.89,91.97,9.99,6.1,100.0,2,On,701.84,407.01
1794963900000000000,2026-11-18T01:05:00Z,controller 1,1.63,4.681,150.36,416.02,509.02,9.95,5.8,100.0,2,On,656.67,381.07
1794963960000000000,2026-11-18T01:06:00Z,free response,1.618,4.711,192.02,237.6,242.59,9.94,6.37,100.0,3,On,662.42,382.37
1794964020000000000,2026-11-18T01:07:00Z,controller 2,1.667,4.767,60.72,249.18,544.9,9.91,6.16,100.0,3,On,624.36,410.09
1794964080000000000,2026-11-18T01:08:00Z,controller 1,1.761,4.245,119.41,18.54,160.14,9.88,6.26,100.0,1,On,586.75,415.56
1794964140000000000,2026-11-18T01:09:00Z,controller 2,1.779,4.604,91.64,184.18,336.94,9.85,7.24,100.0,1,On,586.44,401.82
1794964200000000000,2026-11-18T01:10:00Z,controller 1,1.653,4.292,45.14,347.41,113.46,9.83,5.97,100.0,3,On,604.2,428.69
1794964260000000000,2026-11-18T01:11:00Z,controller 1,1.661,4.59,79.71,397.15,52.78,9.81,5.97,100.0,3,On,635.22,444.61
1794964320000000000,2026-11-18T01:12:00Z,free response,1.698,4.557,100.78,260.3,22.92,9.78,6.03,100.0,1,Off,628.19,415.02
1794964380000000000,2026-11-18T01:13:00Z,controller 2,1.624,4.592,57.08,305.95,10.23,9.77,5.5,100.0,3,Off,652.06,425.97
1794964440000000000,2026-11-18T01:14:00Z,free response,1.643,4.533,97.98,338.11,53.32,9.75,5.88,100.0,1,Off,665.51,415.08
1794964500000000000,2026-11-18T01:15:00Z,free response,1.762,4.383,69.92,343.94,171.58,9.74,7.38,100.0,3,Off,654.53,415.04
1794964560000000000,2026-11-18T01:16:00Z,controller 2,1.621,4.181,-6.42,331.2,529.4,9.7,5.41,100.0,3,Off,668.89,442.9
1794964620000000000,2026-11-18T01:17:00Z,controller 1,1.623,4.495,76.47,408.35,130.91,9.69,5.4,100.0,2,Off,643.56,472.54
1794964680000000000,2026-11-18T01:18:00Z,controller 2,1.682,4.569,-21.83,140.3,86.54,9.67,6.26,100.0,1,Off,599.78,455.63
1794964740000000000,2026-11-18T01:19:00Z,controller 2,1.721,4.044,117.71,285.56,436.15,9.66,6.34,100.0,2,Off,562.15,443.69
1794964800000000000,2026-11-18T01:20:00Z,controller 2,1.757,4.44,153.35,310.14,150.3,9.65,6.43,100.0,1,Off,520.14,426.19
1794964860000000000,2026-11-18T01:21:00Z,free response,1.751,4.677,26.03,399.56,558.59,9.63,7.76,100.0,3,Off,534.89,412.93
1794964920000000000,2026-11-18T01:22:00Z,controller 2,1.608,4.618,161.28,54.21,14.91,9.61,5.67,100.0,1,Off,890.05,984.61
1794964980000000000,2026-11-18T01:23:00Z,controller 1,1.744,4.305,71.08,198.09,204.25,9.6,6.87,100.0,2,Off,841.36,983.78
1794965040000000000,2026-11-18T01:24:00Z,controller 1,1.779,4.382,-0.21,184.69,57.14,9.59,7.31,100.0,2,Off,887.94,964.23
1794965100000000000,2026-11-18T01:25:00Z,controller 2,1.661,4.664,192.04,395.43,467.1,9.57,6.55,100.0,2,Off,1062.01,862.09
1794965160000000000,2026-11-18T01:26:00Z,controller 2,1.727,4.463,58.07,133.58,299.74,9.54,6.78,100.0,3,Off,1015.81,841.43
1794965220000000000,2026-11-18T01:27:00Z,controller 1,1.708,4.348,178.25,29.9,121.1,9.52,6.86,100.0,1,Off,1044.45,813.73
1794965280000000000,2026-11-18T01:28:00Z,controller 2,1.721,4.703,106.49,173.93,452.77,9.51,6.87,100.0,3,Off,1053.26,793.02
1794965340000000000,2026-11-18T01:29:00Z,controller 2,1.725,4.659,128.79,269.73,571.41,9.49,7.05,100.0,1,Off,1054.29,795.48
1794965400000000000,2026-11-18T01:30:00Z,controller 2,1.741,12.236,156.32,416.39,447.24,9.47,17.62,100.0,1,Off,1011.32,778.54
1794965460000000000,2026-11-18T01:31:00Z,controller 2,1.65,12.364,140.39,271.34,569.39,9.45,17.37,100.0,1,Off,962.72,760.55
1794965520000000000,2026-11-18T01:32:00Z,controller 1,1.739,12.704,-23.42,65.03,299.32,9.43,21.12,100.0,3,Off,1245.05,347.05
1794965580000000000,2026-11-18T01:33:00Z,controller 1,1.682,12.238,62.27,328.73,207.76,9.41,18.03,100.0,1,Off,1278.78,343.51
1794965640000000000,2026-11-18T01:34:00Z,free response,1.595,12.936,33.57,382.64,362.29,9.39,17.58,100.0,2,Off,1282.11,370.98
1794965700000000000,2026-11-18T01:35:00Z,controller 1,1.617,12.673,99.73,406.94,122.99,9.38,17.42,100.0,2,Off,1311.23,344.17
1794965760000000000,2026-11-18T01:36:00Z,free response,1.64,12.246,125.35,145.39,573.81,9.36,15.58,100.0,2,Off,1316.3,330.73
1794965820000000000,2026-11-18T01:37:00Z,controller 1,1.727,12.52,23.91,314.02,371.35,9.33,18.63,100.0,2,Off,1323.79,347.83
1794965880000000000,2026-11-18T01:38:00Z,controller 1,1.567,12.367,19.17,223.96,367.47,9.32,14.87,100.0,2,Off,1279.18,353.66
1794965940000000000,2026-11-18T01:39:00Z,controller 2,1.576,12.713,-17.34,140.29,415.46,9.3,14.47,100.0,2,Off,1252.88,380.23
1794966000000000000,2026-11-18T01:40:00Z,controller 2,1.568,12.925,166.68,255.09,69.72,9.27,17.41,100.0,2,Off,1250.64,355.38
1794966060000000000,2026-11-18T01:41:00Z,free response,1.595,12.71,-6.62,258.65,199.4,9.26,14.81,100.0,2,Off,1242.95,360.26
1794966120000000000,2026-11-18T01:42:00Z,free response,1.708,12.792,65.86,131.25,541.35,9.23,20.27,100.0,1,Off,1218.0,372.62
1794966180000000000,2026-11-18T01:43:00Z,free response,1.594,12.791,172.47,240.79,102.92,9.21,16.14,100.0,2,Off,1264.77,369.89
1794966240000000000,2026-11-18T01:44:00Z,controller 2,1.688,12.188,60.29,266.67,87.41,9.19,18.91,100.0,3,Off,1216.41,533.46
1794966300000000000,2026-11-18T01:45:00Z,free response,1.625,12.321,9.76,209.93,359.65,9.17,16.83,100.0,1,Off,1241.02,507.54
1794966360000000000,2026-11-18T01:46:00Z,controller 2,1.575,12.681,167.18,18.55,523.06,9.15,16.81,100.0,2,Off,1205.05,509.05
1794966420000000000,2026-11-18T01:47:00Z,free response,1.586,12.218,114.04,46.1,95.44,9.14,15.67,100.0,1,Off,1237.76,517.79
1794966480000000000,2026-11-18T01:48:00Z,controller 1,1.678,12.175,93.44,99.2,561.63,9.13,17.07,100.0,2,Off,1199.58,531.12
1794966540000000000,2026-11-18T01:49:00Z,controller 2,1.682,12.641,46.78,32.68,189.86,9.11,16.44,100.0,2,Off,1200.04,520.94
1794966600000000000,2026-11-18T01:50:00Z,free response,1.594,12.624,69.23,66.78,10.31,9.11,17.33,59.49,3,Off,1165.73,529.03
1794966660000000000,2026-11-18T01:51:00Z,controller 1,1.708,12.331,20.48,324.24,320.43,9.09,18.11,100.0,3,Off,1192.89,501.14
1794966720000000000,2026-11-18T01:52:00Z,free response,1.599,12.703,168.15,193.41,152.31,9.07,16.09,100.0,3,Off,1231.31,517.18
1794966780000000000,2026-11-18T01:53:00Z,controller 1,1.697,12.388,143.57,37.17,477.96,9.04,17.84,100.0,1,Off,1244.1,494.95
1794966840000000000,2026-11-18T01:54:00Z,controller 1,1.634,12.433,-29.86,155.08,348.11,9.02,15.43,100.0,3,Off,1289.34,480.26
1794966900000000000,2026-11-18T01:55:00Z,free response,1.712,12.611,100.41,128.05,149.86,9.0,19.33,100.0,3,Off,1268.25,507.49
1794966960000000000,2026-11-18T01:56:00Z,controller 2,1.632,12.881,43.92,291.17,461.79,8.99,17.03,100.0,3,Off,1280.61,514.99
1794967020000000000,2026-11-18T01:57:00Z,controller 1,1.679,12.352,30.02,347.7,437.71,8.98,17.51,100.0,3,Off,1235.61,524.06
1794967080000000000,2026-11-18T01:58:00Z,free response,1.59,12.41,124.86,208.26,457.0,8.95,15.63,100.0,1,Off,1264.8,538.67
1794967140000000000,2026-11-18T01:59:00Z,free response,1.675,12.732,68.12,345.43,451.54,8.93,19.17,100.0,3,Off,1191.35,653.06
1794967200000000000,2026-11-18T02:00:00Z,free response,2.109,12.765,141.63,437.57,486.32,8.91,29.1,100.0,3,Off,1182.88,670.03
1794967260000000000,2026-11-18T02:01:00Z,free response,2.064,12.356,-17.52,85.06,65.98,8.89,26.09,100.0,2,Off,1209.34,697.79
1794967320000000000,2026-11-18T02:02:00Z,controller 1,2.024,12.607,145.76,435.25,515.79,8.88,24.55,100.0,2,Off,1249.53,670.02
1794967380000000000,2026-11-18T02:03:00Z,controller 2,2.019,12.48,85.41,248.9,113.91,8.86,27.31,100.0,1,Off,1230.64,677.35
1794967440000000000,2026-11-18T02:04:00Z,controller 2,2.025,12.218,105.82,344.87,57.75,8.84,23.25,100.0,3,Off,1239.19,702.83
1794967500000000000,2026-11-18T02:05:00Z,controller 1,2.033,12.461,-2.88,396.36,87.95,8.82,26.69,100.0,1,Off,1257.03,673.66
1794967560000000000,2026-11-18T02:06:00Z,controller 1,2.12,12.689,38.16,328.89,249.9,8.79,30.88,100.0,3,Off,1260.6,689.73
1794967620000000000,2026-11-18T02:07:00Z,free response,2.099,12.514,188.81,173.53,342.09,8.77,29.32,100.0,2,Off,1228.15,708.68
1794967680000000000,2026-11-18T02:08:00Z,controller 1,2.139,12.759,101.42,300.57,81.14,8.75,32.09,100.0,1,Off,1209.76,681.87
1794967740000000000,2026-11-18T02:09:00Z,controller 1,2.137,12.417,101.99,31.0,571.0,8.74,28.97,100.0,3,Off,1210.53,699.08
1794967800000000000,2026-11-18T02:10:00Z,controller 1,2.165,12.743,-15.33,443.2,39.34,8.72,27.35,100.0,1,Off,1251.73,690.52
1794967860000000000,2026-11-18T02:11:00Z,controller 2,2.011,12.434,45.76,321.31,440.17,8.69,27.56,100.0,3,Off,1232.07,713.28
1794967920000000000,2026-11-18T02:12:00Z,free response,2.026,12.273,-24.19,24.24,192.59,8.68,25.83,100.0,3,Off,1244.94,711.39
1794967980000000000,2026-11-18T02:13:00Z,free response,2.059,12.749,36.1,441.18,272.8,8.67,24.7,100.0,3,Off,1244.79,704.99
1794968040000000000,2026-11-18T02:14:00Z,free response,2.059,12.495,-22.12,115.01,9.87,8.65,25.52,38.68,2,Off,1265.92,732.87
1794968100000000000,2026-11-18T02:15:00Z,controller 2,2.039,12.283,-27.43,361.26,509.1,8.62,26.07,100.0,3,Off,1285.24,704.12
1794968160000000000,2026-11-18T02:16:00Z,controller 2,2.088,12.174,161.45,211.92,238.87,8.6,28.08,100.0,2,Off,794.09,426.15
1794968220000000000,2026-11-18T02:17:00Z,controller 2,2.025,12.709,177.54,77.28,8.77,8.58,23.87,36.74,3,Off,805.9,404.63
1794968280000000000,2026-11-18T02:18:00Z,controller 2,2.063,12.442,10.72,139.87,552.12,8.56,29.04,100.0,2,Off,819.34,381.2
1794968340000000000,2026-11-18T02:19:00Z,controller 1,2.127,12.692,121.03,184.01,84.87,8.54,29.53,100.0,3,Off,772.98,360.0
1794968400000000000,2026-11-18T02:20:00Z,controller 1,2.158,12.33,138.33,43.52,130.09,8.52,30.35,100.0,1,Off,737.17,372.01
1794968460000000000,2026-11-18T02:21:00Z,free response,2.088,12.412,88.47,78.28,213.97,8.51,29.03,100.0,1,Off,718.42,390.16
1794968520000000000,2026-11-18T02:22:00Z,controller 2,2.021,12.378,181.28,174.0,68.98,8.49,26.17,100.0,1,Off,712.28,664.59
1794968580000000000,2026-11-18T02:23:00Z,controller 2,2.169,12.467,122.31,308.52,4.67,8.45,29.55,15.8,2,Off,741.41,648.76
1794968640000000000,2026-11-18T02:24:00Z,controller 2,2.156,12.484,-15.32,366.49,272.22,8.42,28.23,100.0,1,Off,709.16,674.27
1794968700000000000,2026-11-18T02:25:00Z,controller 1,2.168,12.247,5.08,267.41,125.99,8.41,31.64,100.0,1,Off,751.26,663.94
1794968760000000000,2026-11-18T02:26:00Z,free response,2.097,12.195,62.82,299.13,139.1,8.39,25.73,100.0,3,Off,860.78,821.93
1794968820000000000,2026-11-18T02:27:00Z,free response,2.09,12.654,50.12,443.25,508.1,8.36,25.56,100.0,2,Off,900.48,845.21
1794968880000000000,2026-11-18T02:28:00Z,free response,2.074,12.483,61.44,417.46,116.89,8.36,27.57,100.0,1,Off,853.21,858.92
1794968940000000000,2026-11-18T02:29:00Z,controller 2,2.028,12.607,-16.8,397.5,190.43,8.33,27.79,100.0,1,Off,842.56,865.44
1794969000000000000,2026-11-18T02:30:00Z,controller 2,2.61,12.858,199.89,400.83,362.68,8.31,43.08,100.0,2,Off,669.37,593.75
1794969060000000000,2026-11-18T02:31:00Z,controller 1,2.549,12.172,176.7,235.44,87.23,8.3,38.34,100.0,2,Off,685.28,619.96
1794969120000000000,2026-11-18T02:32:00Z,controller 2,2.477,12.751,21.44,128.12,416.63,8.27,36.56,100.0,1,Off,637.41,630.09
1794969180000000000,2026-11-18T02:33:00Z,controller 2,2.48,12.69,122.07,226.3,262.31,8.25,36.18,100.0,3,Off,600.23,621.1
1794969240000000000,2026-11-18T02:34:00Z,controller 1,2.587,12.32,73.66,97.25,386.22,8.23,43.64,100.0,2,Off,550.75,603.49
1794969300000000000,2026-11-18T02:35:00Z,controller 2,2.615,12.544,50.71,230.88,382.43,8.22,39.76,100.0,3,Off,532.33,606.38
1794969360000000000,2026-11-18T02:36:00Z,free response,2.565,12.789,97.81,416.75,324.28,8.2,42.22,100.0,1,Off,575.5,586.5
1794969420000000000,2026-11-18T02:37:00Z,controller 2,2.548,12.632,105.91,263.59,579.17,8.19,38.51,100.0,3,Off,557.28,586.33
1794969480000000000,2026-11-18T02:38:00Z,controller 2,2.579,12.287,79.61,358.87,569.94,8.16,40.2,100.0,2,Off,585.76,612.82
1794969540000000000,2026-11-18T02:39:00Z,controller 2,2.551,12.127,118.28,174.46,213.87,8.14,38.07,100.0,3,Off,623.73,620.52
1794969600000000000,2026-11-18T02:40:00Z,free response,2.457,12.462,125.89,163.1,27.5,8.13,36.75,74.83,2,Off,583.87,647.52
1794969660000000000,2026-11-18T02:41:00Z,controller 2,2.459,12.294,-3.82,253.79,41.95,8.11,38.68,100.0,3,Off,535.82,638.55
1794969720000000000,2026-11-18T02:42:00Z,controller 1,2.596,12.383,-12.16,132.49,468.75,8.09,41.44,100.0,1,Off,490.3,648.8
1794969780000000000,2026-11-18T02:43:00Z,controller 1,2.47,12.752,139.84,265.6,72.18,8.08,35.72,100.0,1,Off,486.88,627.87
1794969840000000000,2026-11-18T02:44:00Z,free response,2.592,12.629,16.56,45.23,491.81,8.05,43.7,100.0,3,Off,533.51,632.78
1794969900000000000,2026-11-18T02:45:00Z,free response,2.451,12.877,98.12,222.6,99.4,8.03,36.62,100.0,2,Off,571.75,604.64
1794969960000000000,2026-11-18T02:46:00Z,controller 1,2.539,12.231,-29.58,262.4,175.3,8.01,36.97,100.0,2,Off,607.47,580.04
1794970020000000000,2026-11-18T02:47:00Z,controller 1,2.605,12.279,21.08,363.47,169.7,7.98,38.75,100.0,1,Off,627.77,602.64
1794970080000000000,2026-11-18T02:48:00Z,controller 1,2.549,12.313,198.6,370.34,253.67,7.95,42.79,100.0,3,Off,671.95,605.84
1794970140000000000,2026-11-18T02:49:00Z,controller 2,2.483,12.89,10.56,124.65,511.1,7.92,40.91,100.0,3,Off,703.46,598.73
1794970200000000000,2026-11-18T02:50:00Z,controller 1,2.52,12.658,116.9,357.53,599.47,7.9,44.17,100.0,2,Off,699.38,571.29
1794970260000000000,2026-11-18T02:51:00Z,controller 1,2.609,12.347,46.03,186.81,474.32,7.88,46.16,100.0,3,Off,684.78,568.8
1794970320000000000,2026-11-18T02:52:00Z,controller 2,2.474,12.499,195.86,377.59,289.52,7.85,40.48,100.0,1,Off,731.03,554.71
1794970380000000000,2026-11-18T02:53:00Z,controller 1,2.556,12.828,117.2,204.99,481.17,7.81,40.16,100.0,1,Off,744.04,528.89
1794970440000000000,2026-11-18T02:54:00Z,free response,2.469,12.311,122.07,389.28,495.43,7.78,40.15,100.0,1,Off,1414.18,588.46
1794970500000000000,2026-11-18T02:55:00Z,free response,2.541,12.904,170.38,228.7,99.75,7.77,38.36,100.0,2,Off,1462.12,604.91
1794970560000000000,2026-11-18T02:56:00Z,controller 2,2.546,12.128,170.67,101.16,12.74,7.76,36.08,35.31,1,Off,1491.09,590.45
1794970620000000000,2026-11-18T02:57:00Z,free response,2.535,12.294,10.43,324.75,409.73,7.74,41.16,100.0,3,Off,1500.0,605.14
1794970680000000000,2026-11-18T02:58:00Z,free response,2.535,12.705,148.39,61.31,312.3,7.73,43.12,100.0,2,On,1468.8,627.91
1794970740000000000,2026-11-18T02:59:00Z,free response,2.461,12.871,198.59,11.28,417.36,7.69,40.22,100.0,2,On,1488.92,604.07
1794970800000000000,2026-11-18T03:00:00Z,controller 2,2.23,12.455,41.54,343.69,369.71,7.67,33.84,100.0,2,On,1444.83,633.97
1794970860000000000,2026-11-18T03:01:00Z,controller 2,2.25,12.486,-19.2,22.73,578.72,7.66,29.7,100.0,1,On,1395.55,613.63
1794970920000000000,2026-11-18T03:02:00Z,free response,2.216,12.142,82.85,128.84,137.76,7.63,32.47,100.0,1,On,1397.23,602.94
1794970980000000000,2026-11-18T03:03:00Z,controller 2,2.199,12.647,141.52,341.15,273.27,7.61,29.31,100.0,3,On,1392.92,627.27
1794971040000000000,2026-11-18T03:04:00Z,controller 2,2.267,11.965,80.69,216.11,527.02,7.59,31.88,100.0,3,On,1394.8,607.43
1794971100000000000,2026-11-18T03:05:00Z,free response,2.296,12.604,14.5,229.75,290.14,7.57,32.59,100.0,3,On,1374.31,593.55
1794971160000000000,2026-11-18T03:06:00Z,controller 1,2.251,12.077,60.56,311.58,400.91,7.55,29.71,100.0,1,On,1401.5,595.55
1794971220000000000,2026-11-18T03:07:00Z,controller 1,2.24,12.542,193.84,77.7,490.61,7.53,30.27,100.0,2,On,1439.25,581.13
1794971280000000000,2026-11-18T03:08:00Z,controller 2,2.186,11.932,18.45,226.78,458.37,7.51,26.19,100.0,3,On,1418.11,556.05
1794971340000000000,2026-11-18T03:09:00Z,controller 2,2.174,12.645,64.73,90.51,583.86,7.5,28.65,100.0,3,On,1383.04,550.64
1794971400000000000,2026-11-18T03:10:00Z,controller 1,2.154,12.302,-27.79,55.57,449.23,7.49,25.74,100.0,2,On,1377.36,571.03
1794971460000000000,2026-11-18T03:11:00Z,free response,2.176,12.35,104.4,277.64,321.79,7.47,26.38,100.0,2,On,1392.88,590.34
1794971520000000000,2026-11-18T03:12:00Z,free response,2.169,11.926,43.65,356.22,396.2,7.44,26.62,100.0,3,On,1435.77,608.87
1794971580000000000,2026-11-18T03:13:00Z,free response,2.309,12.513,19.74,388.86,497.48,7.41,35.81,100.0,1,On,1468.31,608.02
1794971640000000000,2026-11-18T03:14:00Z,controller 1,2.228,12.194,159.64,130.38,326.63,7.4,31.11,100.0,1,On,1488.48,591.87
1794971700000000000,2026-11-18T03:15:00Z,controller 2,2.222,12.204,130.97,108.77,508.8,7.39,31.62,100.0,2,On,1492.41,566.42
1794971760000000000,2026-11-18T03:16:00Z,controller 2,2.164,12.283,71.74,123.53,431.15,7.38,27.05,100.0,3,On,1500.0,555.16
1794971820000000000,2026-11-18T03:17:00Z,controller 2,2.295,11.98,23.73,89.1,350.34,7.37,33.21,100.0,2,On,1500.0,530.38
1794971880000000000,2026-11-18T03:18:00Z,free response,2.154,12.204,164.02,101.16,378.57,7.34,29.13,100.0,1,On,1500.0,553.78
1794971940000000000,2026-11-18T03:19:00Z,free response,2.279,12.57,146.68,354.22,460.35,7.32,33.15,100.0,3,On,1468.62,549.83
1794972000000000000,2026-11-18T03:20:00Z,free response,2.31,12.618,-18.58,3.66,41.84,7.3,35.09,100.0,3,On,1452.15,558.93
1794972060000000000,2026-11-18T03:21:00Z,controller 1,2.312,11.97,-25.26,184.86,53.76,7.28,33.85,100.0,2,On,1479.1,529.72
1794972120000000000,2026-11-18T03:22:00Z,free response,2.172,12.256,-20.22,229.8,113.89,7.26,26.55,100.0,3,On,1484.17,530.64
1794972180000000000,2026-11-18T03:23:00Z,controller 2,2.154,12.526,95.26,69.97,454.82,7.25,27.92,100.0,1,On,1474.39,530.93
1794972240000000000,2026-11-18T03:24:00Z,free response,2.227,12.655,125.83,42.88,171.94,7.24,32.26,100.0,3,On,1500.0,533.63
1794972300000000000,2026-11-18T03:25:00Z,free response,2.207,12.24,-4.22,307.73,44.77,7.23,32.52,100.0,3,On,1477.87,541.45
1794972360000000000,2026-11-18T03:26:00Z,controller 1,2.19,12.623,111.21,245.0,408.12,7.21,31.39,100.0,3,On,884.15,735.17
1794972420000000000,2026-11-18T03:27:00Z,free response,2.267,12.243,43.46,390.16,186.85,7.21,32.16,100.0,2,On,838.8,722.27
1794972480000000000,2026-11-18T03:28:00Z,free response,2.316,12.017,120.38,188.36,507.32,7.17,34.06,100.0,2,On,869.33,739.1
1794972540000000000,2026-11-18T03:29:00Z,controller 2,2.314,12.677,33.45,63.21,208.67,7.14,36.28,100.0,1,On,888.31,754.51
1794972600000000000,2026-11-18T03:30:00Z,controller 2,2.519,5.998,82.67,62.75,25.63,7.11,20.11,100.0,1,Starting,852.56,766.9
1794972660000000000,2026-11-18T03:31:00Z,controller 2,2.482,5.533,98.74,119.69,455.65,7.09,18.09,100.0,1,Starting,878.22,779.61
1794972720000000000,2026-11-18T03:32:00Z,free response,2.505,5.451,75.0,418.02,569.42,7.06,17.68,100.0,2,Starting,837.69,799.19
1794972780000000000,2026-11-18T03:33:00Z,free response,2.482,5.794,96.88,286.94,341.5,7.03,16.33,100.0,1,Starting,861.22,798.0
1794972840000000000,2026-11-18T03:34:00Z,controller 2,2.434,5.464,68.44,136.52,68.34,7.01,17.65,100.0,2,Starting,899.86,768.14
1794972900000000000,2026-11-18T03:35:00Z,controller 2,2.508,5.316,160.39,435.53,373.48,7.0,17.26,100.0,2,Starting,857.35,795.95
1794972960000000000,2026-11-18T03:36:00Z,free response,2.479,5.541,62.1,138.99,337.51,6.97,16.32,100.0,2,Starting,835.83,785.4
1794973020000000000,2026-11-18T03:37:00Z,controller 2,2.441,5.84,151.58,342.86,373.0,6.95,16.39,100.0,3,Starting,822.36,785.43
1794973080000000000,2026-11-18T03:38:00Z,free response,2.538,5.602,62.36,172.63,254.6,6.92,16.64,100.0,1,Starting,773.7,802.04
1794973140000000000,2026-11-18T03:39:00Z,free response,2.536,5.375,31.35,91.7,100.59,6.9,17.62,100.0,3,Starting,823.28,826.94
1794973200000000000,2026-11-18T03:40:00Z,free response,2.518,5.748,85.78,403.05,26.86,6.89,19.07,100.0,2,Starting,823.08,823.31
1794973260000000000,2026-11-18T03:41:00Z,controller 1,2.558,5.999,141.44,179.41,267.49,6.87,19.23,100.0,1,Starting,791.15,801.7
1794973320000000000,2026-11-18T03:42:00Z,free response,2.525,5.404,32.05,102.14,312.22,6.84,15.55,100.0,3,Starting,773.39,791.19
1794973380000000000,2026-11-18T03:43:00Z,free response,2.569,5.352,81.73,301.05,468.37,6.81,18.94,100.0,1,Starting,802.56,784.74
1794973440000000000,2026-11-18T03:44:00Z,free response,2.437,5.267,88.98,158.03,476.22,6.78,15.7,100.0,1,Starting,822.84,812.49
1794973500000000000,2026-11-18T03:45:00Z,controller 2,2.548,5.704,63.21,369.93,546.28,6.77,17.71,100.0,3,Starting,776.58,809.75
1794973560000000000,2026-11-18T03:46:00Z,free response,2.555,5.752,10.24,376.82,528.52,6.75,19.53,100.0,2,Starting,780.57,804.98
1794973620000000000,2026-11-18T03:47:00Z,controller 1,2.401,5.829,133.14,66.41,309.06,6.75,18.02,100.0,3,Starting,755.85,825.44
1794973680000000000,2026-11-18T03:48:00Z,controller 2,2.556,5.974,113.77,426.82,356.61,6.71,19.43,100.0,3,Starting,800.98,817.59
1794973740000000000,2026-11-18T03:49:00Z,controller 1,2.424,5.925,179.71,437.86,186.99,6.69,18.09,100.0,2,Starting,835.12,791.82
1794973800000000000,2026-11-18T03:50:00Z,controller 2,2.474,5.929,-18.58,406.94,151.36,6.68,16.78,100.0,2,Starting,803.11,798.7
1794973860000000000,2026-11-18T03:51:00Z,free response,2.565,5.439,184.94,331.02,559.83,6.67,17.08,100.0,3,Starting,808.55,809.43
1794973920000000000,2026-11-18T03:52:00Z,controller 2,2.409,5.329,30.86,225.37,579.09,6.63,14.28,100.0,1,Starting,854.71,836.34
1794973980000000000,2026-11-18T03:53:00Z,free response,2.452,5.296,27.16,187.84,380.85,6.61,16.69,100.0,2,Starting,840.04,809.45
1794974040000000000,2026-11-18T03:54:00Z,free response,2.503,5.829,158.77,265.82,248.45,6.58,17.25,100.0,2,Starting,797.49,802.54
1794974100000000000,2026-11-18T03:55:00Z,free response,2.533,5.512,9.14,126.68,147.7,6.57,16.11,100.0,2,Starting,846.01,810.63
1794974160000000000,2026-11-18T03:56:00Z,free response,2.516,5.52,-10.03,393.19,530.95,6.56,18.96,100.0,1,Starting,894.96,823.11
1794974220000000000,2026-11-18T03:57:00Z,controller 1,2.497,5.984,101.68,173.56,34.32,6.54,17.73,100.0,2,Starting,930.67,795.73
1794974280000000000,2026-11-18T03:58:00Z,controller 2,2.532,5.837,163.83,16.07,271.3,6.51,17.33,100.0,2,Starting,903.07,807.01
1794974340000000000,2026-11-18T03:59:00Z,controller 1,2.481,5.594,96.15,402.33,51.25,6.48,18.11,100.0,3,Starting,870.98,801.09
1794974400000000000,2026-11-18T04:00:00Z,controller 2,0.274,6.402,151.77,357.33,44.46,6.47,0.22,100.0,1,Starting,868.58,791.88
1794974460000000000,2026-11-18T04:01:00Z,free response,0.284,6.238,-8.38,159.57,339.61,6.45,0.27,100.0,3,Starting,901.56,786.36
1794974520000000000,2026-11-18T04:02:00Z,free response,0.254,6.227,2.98,241.08,122.45,6.43,0.22,100.0,3,Starting,925.06,787.61
1794974580000000000,2026-11-18T04:03:00Z,free response,0.183,6.783,120.17,262.65,487.06,6.42,0.11,100.0,3,Starting,1333.31,799.02
1794974640000000000,2026-11-18T04:04:00Z,controller 2,0.305,6.449,68.05,4.36,2.74,6.39,0.32,100.0,2,Starting,1362.65,816.85
1794974700000000000,2026-11-18T04:05:00Z,controller 2,0.228,6.346,147.5,14.94,63.24,6.38,0.17,100.0,1,Starting,1384.96,801.13
1794974760000000000,2026-11-18T04:06:00Z,controller 2,0.285,6.491,168.84,38.41,220.73,6.34,0.28,100.0,1,Starting,1381.2,829.35
1794974820000000000,2026-11-18T04:07:00Z,free response,0.351,6.968,0.12,118.65,103.6,6.33,0.45,100.0,1,Starting,1390.7,807.52
1794974880000000000,2026-11-18T04:08:00Z,controller 2,0.326,6.88,98.43,388.4,505.66,6.31,0.37,100.0,2,Starting,1342.86,786.69
1794974940000000000,2026-11-18T04:09:00Z,free response,0.345,6.327,169.1,20.9,2.41,6.29,0.34,100.0,2,Starting,1351.98,811.96
1794975000000000000,2026-11-18T04:10:00Z,free response,0.3,6.839,4.17,193.43,48.31,6.28,0.3,100.0,1,Starting,1322.93,804.06
1794975060000000000,2026-11-18T04:11:00Z,controller 1,0.186,6.753,60.69,171.33,418.59,6.24,0.12,100.0,1,Starting,1365.6,819.98
1794975120000000000,2026-11-18T04:12:00Z,controller 2,0.331,6.573,-1.61,189.35,3.89,6.22,0.34,100.0,1,Starting,1348.29,825.76
1794975180000000000,2026-11-18T04:13:00Z,controller 2,0.35,6.851,178.52,297.84,386.82,6.18,0.38,100.0,3,Starting,1321.2,818.22
1794975240000000000,2026-11-18T04:14:00Z,controller 1,0.269,6.9,-17.51,355.26,303.35,6.17,0.22,100.0,2,Starting,1280.64,815.88
1794975300000000000,2026-11-18T04:15:00Z,free response,0.329,6.208,122.11,62.67,362.63,6.14,0.33,100.0,3,Starting,1264.23,814.85
1794975360000000000,2026-11-18T04:16:00Z,free response,0.192,6.569,169.14,445.38,489.8,6.13,0.12,100.0,1,Starting,1297.31,795.57
1794975420000000000,2026-11-18T04:17:00Z,free response,0.323,6.69,147.69,87.8,567.51,6.09,0.36,100.0,1,Starting,1271.29,782.22
1794975480000000000,2026-11-18T04:18:00Z,free response,0.321,6.357,174.71,260.05,48.01,6.08,0.32,100.0,3,Starting,1308.99,752.79
1794975540000000000,2026-11-18T04:19:00Z,controller 2,0.343,6.58,141.29,294.72,131.19,6.05,0.39,100.0,2,Starting,1334.38,769.29
1794975600000000000,2026-11-18T04:20:00Z,controller 2,0.28,6.488,33.65,349.64,177.75,6.02,0.27,100.0,1,Starting,1317.55,778.1
1794975660000000000,2026-11-18T04:21:00Z,controller 1,0.304,6.506,99.6,342.61,2.32,6.02,0.29,100.0,3,Starting,1361.53,762.52
1794975720000000000,2026-11-18T04:22:00Z,controller 2,0.321,6.49,189.52,361.64,152.66,6.0,0.33,100.0,3,Starting,1362.65,752.73
1794975780000000000,2026-11-18T04:23:00Z,controller 2,0.298,6.34,75.88,333.51,407.65,5.98,0.29,100.0,2,Starting,1356.38,758.68
1794975840000000000,2026-11-18T04:24:00Z,controller 2,0.317,6.515,92.25,388.97,365.72,5.97,0.32,100.0,1,Starting,1495.68,392.01
1794975900000000000,2026-11-18T04:25:00Z,controller 1,0.237,6.59,90.46,417.23,242.79,5.96,0.19,100.0,1,Starting,627.2,942.22
1794975960000000000,2026-11-18T04:26:00Z,controller 2,0.338,6.653,179.71,190.34,419.24,5.94,0.36,100.0,2,Starting,776.18,624.42
1794976020000000000,2026-11-18T04:27:00Z,free response,0.204,6.197,20.49,182.69,483.15,5.93,0.13,100.0,2,Starting,809.32,606.93
1794976080000000000,2026-11-18T04:28:00Z,free response,0.213,6.521,190.82,16.97,67.76,5.92,0.15,100.0,1,Starting,853.96,624.48
1794976140000000000,2026-11-18T04:29:00Z,controller 2,0.278,6.503,-21.12,397.24,505.84,5.9,0.26,100.0,3,Starting,860.54,619.29
1794976200000000000,2026-11-18T04:30:00Z,controller 1,0.787,4.689,-0.22,329.35,519.83,5.87,1.39,100.0,3,Starting,885.76,604.25
1794976260000000000,2026-11-18T04:31:00Z,controller 2,0.76,4.947,77.11,331.45,67.48,5.85,1.49,100.0,1,Starting,934.12,582.89
1794976320000000000,2026-11-18T04:32:00Z,free response,0.808,5.189,180.58,195.48,217.73,5.83,1.71,100.0,2,Starting,913.93,573.68
1794976380000000000,2026-11-18T04:33:00Z,controller 2,0.845,5.201,78.97,163.29,153.51,5.82,1.81,100.0,2,Starting,913.02,548.03
1794976440000000000,2026-11-18T04:34:00Z,controller 2,0.781,5.077,175.73,445.73,596.86,5.8,1.47,100.0,3,Starting,882.58,544.0
1794976500000000000,2026-11-18T04:35:00Z,controller 1,0.879,5.131,198.04,346.24,12.45,5.79,1.98,100.0,2,Starting,1495.95,508.03
1794976560000000000,2026-11-18T04:36:00Z,controller 2,0.909,4.787,-7.31,378.57,565.39,5.76,2.07,100.0,2,Starting,1117.73,389.99
1794976620000000000,2026-11-18T04:37:00Z,free response,0.863,4.63,66.16,397.28,266.69,5.76,1.83,100.0,2,Starting,1106.6,400.5
1794976680000000000,2026-11-18T04:38:00Z,controller 1,0.925,4.981,131.27,42.11,587.1,5.74,2.01,100.0,2,Starting,1069.37,424.13
1794976740000000000,2026-11-18T04:39:00Z,controller 2,0.81,4.97,144.22,273.41,509.66,5.73,1.68,100.0,1,Starting,1097.35,402.2
1794976800000000000,2026-11-18T04:40:00Z,controller 1,0.76,4.859,53.76,228.56,6.15,5.7,1.3,100.0,1,Starting,1146.7,421.94
1794976860000000000,2026-11-18T04:41:00Z,controller 2,0.766,4.55,21.09,299.47,386.55,5.68,1.23,100.0,1,Starting,1162.63,414.01
1794976920000000000,2026-11-18T04:42:00Z,controller 1,0.918,4.488,117.89,149.97,241.96,5.66,2.07,100.0,3,Starting,1130.82,419.56
1794976980000000000,2026-11-18T04:43:00Z,controller 2,0.849,5.186,36.73,128.37,370.22,5.65,2.05,100.0,2,Starting,1166.07,448.73
1794977040000000000,2026-11-18T04:44:00Z,controller 1,0.843,4.729,110.25,277.77,401.3,5.64,1.76,100.0,3,Starting,1174.96,451.22
1794977100000000000,2026-11-18T04:45:00Z,free response,0.765,4.759,80.25,277.91,99.21,5.62,1.26,100.0,2,Starting,1157.61,457.1
1794977160000000000,2026-11-18T04:46:00Z,controller 1,0.757,5.06,127.58,346.8,429.61,5.59,1.42,100.0,3,Starting,1183.04,484.3
1794977220000000000,2026-11-18T04:47:00Z,controller 1,0.82,4.686,134.47,328.81,347.67,5.57,1.43,100.0,1,Starting,1134.39,472.73
1794977280000000000,2026-11-18T04:48:00Z,free response,0.876,4.661,7.44,225.02,50.46,5.56,1.75,100.0,3,Starting,1166.8,443.28
1794977340000000000,2026-11-18T04:49:00Z,controller 2,0.895,4.597,184.31,245.94,438.53,5.53,1.67,100.0,1,Starting,1149.27,463.87
1794977400000000000,2026-11-18T04:50:00Z,controller 1,0.878,5.165,-0.35,198.77,34.49,5.52,1.87,100.0,2,Starting,1101.09,461.61
1794977460000000000,2026-11-18T04:51:00Z,controller 2,0.763,5.168,95.0,87.57,465.06,5.49,1.49,100.0,2,Starting,1107.59,477.27
1794977520000000000,2026-11-18T04:52:00Z,free response,0.79,5.233,135.45,188.95,210.98,5.48,1.79,100.0,1,Starting,1097.16,499.61
1794977580000000000,2026-11-18T04:53:00Z,controller 1,0.891,5.101,173.12,161.22,109.83,5.45,2.1,100.0,3,Starting,1063.3,477.36
1794977640000000000,2026-11-18T04:54:00Z,free response,0.868,5.008,86.54,253.59,539.3,5.44,2.0,100.0,3,Starting,1048.51,484.42
1794977700000000000,2026-11-18T04:55:00Z,free response,0.82,4.739,186.97,407.05,49.93,5.44,1.57,100.0,3,Starting,1091.32,491.14
1794977760000000000,2026-11-18T04:56:00Z,controller 1,0.839,4.886,99.31,72.29,42.09,5.42,1.86,100.0,2,Starting,1076.79,486.27
1794977820000000000,2026-11-18T04:57:00Z,controller 2,0.871,5.159,-18.85,62.69,583.81,5.39,1.91,100.0,3,Starting,1078.63,473.87
1794977880000000000,2026-11-18T04:58:00Z,free response,0.808,5.018,116.07,283.86,348.87,5.37,1.5,100.0,1,Starting,1110.66,477.2
1794977940000000000,2026-11-18T04:59:00Z,free response,0.904,4.598,-5.83,67.25,258.21,5.34,1.78,100.0,3,Starting,1144.29,474.62
1794978000000000000,2026-11-18T05:00:00Z,controller 2,1.998,10.322,131.5,6.69,453.04,5.32,21.69,100.0,2,Starting,1095.77,501.46
1794978060000000000,2026-11-18T05:01:00Z,controller 2,2.029,10.677,71.01,319.03,205.33,5.31,20.19,100.0,3,Starting,519.89,303.51
1794978120000000000,2026-11-18T05:02:00Z,controller 2,2.075,10.59,9.01,267.44,126.32,5.28,22.57,100.0,2,Starting,517.56,320.62
1794978180000000000,2026-11-18T05:03:00Z,free response,2.019,10.612,98.39,325.11,210.89,5.27,21.64,100.0,3,Starting,471.18,341.77
1794978240000000000,2026-11-18T05:04:00Z,free response,2.126,10.027,149.29,406.19,87.66,5.24,21.65,100.0,2,Starting,471.33,323.67
1794978300000000000,2026-11-18T05:05:00Z,controller 1,2.101,10.337,47.08,58.96,7.22,5.21,21.45,33.66,3,Starting,513.3,349.11
1794978360000000000,2026-11-18T05:06:00Z,free response,1.969,10.216,193.39,255.31,301.05,5.19,20.33,100.0,1,Starting,505.41,339.54
1794978420000000000,2026-11-18T05:07:00Z,free response,1.998,10.38,68.26,60.64,306.97,5.16,21.91,100.0,1,Starting,474.74,352.88
1794978480000000000,2026-11-18T05:08:00Z,controller 1,2.036,10.234,173.9,228.11,557.14,5.14,21.02,100.0,1,Starting,486.93,332.45
1794978540000000000,2026-11-18T05:09:00Z,controller 1,2.112,10.398,166.01,286.91,377.48,5.11,22.09,100.0,2,Starting,455.15,327.11
1794978600000000000,2026-11-18T05:10:00Z,free response,2.049,10.693,185.46,202.67,286.97,5.1,23.23,100.0,3,Starting,447.74,307.42
1794978660000000000,2026-11-18T05:11:00Z,controller 2,2.123,10.619,41.48,341.78,501.28,5.07,24.33,100.0,3,Starting,423.2,317.03
1794978720000000000,2026-11-18T05:12:00Z,controller 2,2.125,10.748,21.96,442.56,315.8,5.05,24.81,100.0,1,Starting,418.02,320.8
1794978780000000000,2026-11-18T05:13:00Z,controller 1,2.053,10.547,102.57,42.32,545.38,5.04,20.2,100.0,3,Starting,394.75,333.76
1794978840000000000,2026-11-18T05:14:00Z,controller 1,2.147,10.329,75.99,415.86,239.35,5.04,22.84,100.0,3,Starting,352.91,312.17
1794978900000000000,2026-11-18T05:15:00Z,controller 1,2.067,10.559,135.5,348.42,130.43,5.03,22.76,100.0,2,Starting,347.96,321.25
1794978960000000000,2026-11-18T05:16:00Z,controller 1,1.996,10.443,92.99,34.79,151.85,5.01,19.7,100.0,3,Starting,304.24,325.3
1794979020000000000,2026-11-18T05:17:00Z,controller 1,2.061,10.388,121.8,0.24,273.06,4.98,23.01,100.0,1,Starting,350.17,312.62
1794979080000000000,2026-11-18T05:18:00Z,controller 2,2.034,10.053,120.74,122.48,449.61,4.96,19.14,100.0,3,Starting,347.65,318.35
1794979140000000000,2026-11-18T05:19:00Z,free response,2.073,10.498,134.95,408.88,54.41,4.93,24.04,100.0,2,Starting,318.11,296.65
1794979200000000000,2026-11-18T05:20:00Z,free response,2.029,10.589,-15.16,53.45,529.29,4.91,20.02,100.0,2,Starting,365.19,319.29
1794979260000000000,2026-11-18T05:21:00Z,controller 1,2.102,10.581,146.96,307.8,299.27,4.88,21.2,100.0,2,Starting,412.76,329.33
1794979320000000000,2026-11-18T05:22:00Z,controller 2,2.086,10.677,124.96,57.63,138.82,4.87,24.75,100.0,3,Starting,434.81,326.84
1794979380000000000,2026-11-18T05:23:00Z,controller 2,2.092,10.542,83.28,423.59,484.11,4.85,25.29,100.0,1,Starting,455.81,298.91
1794979440000000000,2026-11-18T05:24:00Z,controller 1,2.001,10.333,51.28,104.86,500.43,4.84,21.17,100.0,3,Starting,446.05,272.26
1794979500000000000,2026-11-18T05:25:00Z,controller 1,2.072,10.356,180.91,436.14,484.64,4.81,21.97,100.0,1,Starting,456.16,289.61
1794979560000000000,2026-11-18T05:26:00Z,controller 1,2.076,10.191,92.47,280.91,209.8,4.79,21.77,100.0,1,Starting,451.9,261.98
1794979620000000000,2026-11-18T05:27:00Z,controller 2,2.143,10.476,13.08,399.25,401.0,4.78,22.5,100.0,3,Starting,1070.65,542.22
1794979680000000000,2026-11-18T05:28:00Z,controller 2,2.135,10.031,187.73,296.3,597.01,4.75,21.94,100.0,2,Starting,1055.5,542.38
1794979740000000000,2026-11-18T05:29:00Z,controller 1,2.147,10.089,194.48,45.57,442.16,4.72,21.27,100.0,1,Starting,1012.0,526.81
1794979800000000000,2026-11-18T05:30:00Z,controller 2,2.614,6.39,199.66,15.83,436.51,4.7,20.65,100.0,2,Starting,1037.11,553.48
1794979860000000000,2026-11-18T05:31:00Z,free response,2.563,6.192,166.55,125.11,171.01,4.68,22.21,100.0,1,Starting,1076.1,542.57
1794979920000000000,2026-11-18T05:32:00Z,controller 1,2.619,6.04,-23.72,114.24,395.38,4.65,20.97,100.0,3,Starting,1063.1,562.91
1794979980000000000,2026-11-18T05:33:00Z,controller 1,2.473,5.773,-26.87,303.39,207.13,4.64,17.39,100.0,2,Starting,1023.38,581.66
1794980040000000000,2026-11-18T05:34:00Z,controller 1,2.569,6.004,150.51,205.84,355.16,4.61,19.22,100.0,3,Starting,1072.98,604.59
1794980100000000000,2026-11-18T05:35:00Z,free response,2.64,6.381,126.36,70.86,415.74,4.6,22.71,100.0,1,Starting,1049.9,612.75
1794980160000000000,2026-11-18T05:36:00Z,controller 1,2.486,5.685,182.12,106.25,426.04,4.57,16.88,100.0,1,Starting,1052.75,589.89
1794980220000000000,2026-11-18T05:37:00Z,free response,2.635,5.939,105.72,449.97,293.31,4.54,21.18,100.0,3,Starting,1441.8,333.89
1794980280000000000,2026-11-18T05:38:00Z,free response,2.491,5.798,-3.56,23.26,291.61,4.53,17.01,100.0,2,Starting,1441.02,316.95
1794980340000000000,2026-11-18T05:39:00Z,controller 1,2.57,6.235,117.69,152.87,236.53,4.51,21.95,100.0,2,Starting,1417.42,303.43
1794980400000000000,2026-11-18T05:40:00Z,free response,2.476,6.312,53.22,183.33,291.47,4.49,18.08,100.0,3,Starting,1419.45,290.93
1794980460000000000,2026-11-18T05:41:00Z,controller 2,2.465,5.733,59.97,349.48,247.37,4.46,16.25,100.0,2,Starting,795.08,710.79
1794980520000000000,2026-11-18T05:42:00Z,controller 1,2.492,5.675,79.72,237.16,3.66,4.44,16.76,21.84,2,Starting,781.2,704.5
1794980580000000000,2026-11-18T05:43:00Z,controller 2,2.556,6.088,56.68,136.06,292.32,4.42,19.23,100.0,3,Starting,808.1,704.77
1794980640000000000,2026-11-18T05:44:00Z,free response,2.491,6.302,10.49,230.0,193.86,4.4,20.56,100.0,1,Starting,839.4,676.06
1794980700000000000,2026-11-18T05:45:00Z,controller 1,2.513,6.346,189.44,83.18,548.36,4.39,19.02,100.0,3,Starting,876.79,674.27
1794980760000000000,2026-11-18T05:46:00Z,free response,2.56,5.76,78.19,327.29,112.78,4.37,20.19,100.0,2,Starting,869.0,649.67
1794980820000000000,2026-11-18T05:47:00Z,controller 1,2.586,6.187,27.6,418.19,478.55,4.34,19.87,100.0,3,Starting,822.98,675.68
1794980880000000000,2026-11-18T05:48:00Z,controller 1,2.621,5.749,25.13,153.3,166.33,4.33,21.67,100.0,3,On,803.67,703.52
1794980940000000000,2026-11-18T05:49:00Z,controller 2,2.577,5.753,113.33,416.13,351.0,4.32,18.05,100.0,1,On,782.59,724.88
1794981000000000000,2026-11-18T05:50:00Z,controller 1,2.537,6.401,164.9,95.97,199.07,4.29,19.73,100.0,2,On,796.55,744.63
1794981060000000000,2026-11-18T05:51:00Z,controller 2,2.614,5.746,145.73,262.19,85.28,4.28,20.62,100.0,1,On,771.87,745.03
1794981120000000000,2026-11-18T05:52:00Z,controller 2,2.512,5.987,62.26,337.59,531.23,4.25,19.3,100.0,1,On,743.58,774.82
1794981180000000000,2026-11-18T05:53:00Z,controller 1,2.54,6.265,128.74,256.0,479.3,4.23,20.39,100.0,1,On,729.66,767.34
1794981240000000000,2026-11-18T05:54:00Z,free response,2.494,6.087,151.58,41.22,158.9,4.2,17.87,100.0,1,On,771.56,788.09
1794981300000000000,2026-11-18T05:55:00Z,free response,2.599,6.129,162.76,65.51,346.49,4.19,22.31,100.0,2,On,752.33,783.47
1794981360000000000,2026-11-18T05:56:00Z,controller 1,2.545,6.167,178.45,350.25,424.98,4.16,20.24,100.0,1,On,741.09,799.4
1794981420000000000,2026-11-18T05:57:00Z,controller 1,2.558,6.352,48.63,441.53,100.69,4.13,19.57,100.0,1,On,775.16,800.35
1794981480000000000,2026-11-18T05:58:00Z,controller 2,2.628,5.64,144.87,424.34,451.58,4.12,19.49,100.0,1,On,816.09,817.69
1794981540000000000,2026-11-18T05:59:00Z,free response,2.555,5.69,-21.84,166.1,226.71,4.11,19.05,100.0,2,On,844.66,820.17
1794981600000000000,2026-11-18T06:00:00Z,free response,0.969,3.29,145.06,148.03,80.13,4.09,1.61,100.0,1,On,797.06,796.41
1794981660000000000,2026-11-18T06:01:00Z,controller 2,1.065,3.176,-27.71,234.46,118.32,4.06,1.87,100.0,3,On,749.91,788.81
1794981720000000000,2026-11-18T06:02:00Z,free response,0.912,3.769,55.16,270.04,288.6,4.03,1.53,100.0,3,On,714.47,787.31
1794981780000000000,2026-11-18T06:03:00Z,controller 2,0.984,3.306,-22.83,80.69,497.47,4.0,1.47,100.0,1,On,755.01,784.88
1794981840000000000,2026-11-18T06:04:00Z,controller 2,1.066,3.707,195.57,154.04,35.84,3.98,2.0,100.0,1,On,730.85,758.68
1794981900000000000,2026-11-18T06:05:00Z,controller 1,0.995,3.256,86.34,216.98,73.29,3.97,1.5,100.0,2,On,771.31,775.4
1794981960000000000,2026-11-18T06:06:00Z,free response,1.024,3.244,5.44,396.24,249.49,3.94,1.81,100.0,3,On,734.88,779.88
1794982020000000000,2026-11-18T06:07:00Z,free response,0.919,3.221,167.15,204.63,588.96,3.91,1.34,100.0,1,On,723.38,766.35
1794982080000000000,2026-11-18T06:08:00Z,controller 2,1.036,3.147,-25.74,45.27,103.18,3.89,1.85,100.0,2,On,677.41,753.6
1794982140000000000,2026-11-18T06:09:00Z,controller 1,0.928,3.403,185.89,117.83,406.95,3.86,1.36,100.0,1,On,645.87,762.61
1794982200000000000,2026-11-18T06:10:00Z,controller 1,0.945,3.186,100.88,380.0,372.22,3.84,1.38,100.0,2,On,648.46,782.38
1794982260000000000,2026-11-18T06:11:00Z,controller 2,0.976,3.3,135.51,25.54,121.46,3.82,1.53,100.0,1,On,651.05,808.38
1794982320000000000,2026-11-18T06:12:00Z,free response,0.93,3.849,69.23,174.54,7.1,3.81,1.53,100.0,3,On,692.05,779.3
1794982380000000000,2026-11-18T06:13:00Z,controller 1,1.06,3.673,60.84,274.61,538.98,3.79,2.24,100.0,1,On,715.28,781.06
1794982440000000000,2026-11-18T06:14:00Z,controller 1,1.069,3.896,21.6,240.08,278.84,3.77,2.08,100.0,2,On,743.19,764.74
1794982500000000000,2026-11-18T06:15:00Z,controller 1,1.01,3.207,28.87,1.7,406.85,3.75,1.67,100.0,2,On,792.96,741.65
1794982560000000000,2026-11-18T06:16:00Z,controller 2,0.923,3.251,20.12,434.55,41.14,3.74,1.48,100.0,2,On,768.84,762.16
1794982620000000000,2026-11-18T06:17:00Z,free response,1.066,3.218,151.47,129.21,21.15,3.73,1.69,100.0,1,On,737.28,788.83
1794982680000000000,2026-11-18T06:18:00Z,controller 2,1.081,3.663,-28.91,218.69,193.59,3.71,2.3,100.0,1,On,1322.53,581.85
1794982740000000000,2026-11-18T06:19:00Z,controller 2,1.038,3.615,9.05,88.28,128.59,3.69,2.12,100.0,2,On,1343.12,556.19
1794982800000000000,2026-11-18T06:20:00Z,controller 2,1.062,3.729,46.38,273.19,587.01,3.67,2.31,100.0,1,On,1296.17,543.23
1794982860000000000,2026-11-18T06:21:00Z,controller 1,0.928,3.724,32.34,142.91,552.44,3.64,1.47,100.0,3,On,1273.37,554.51
1794982920000000000,2026-11-18T06:22:00Z,controller 1,0.963,3.15,90.14,269.97,425.54,3.61,1.32,100.0,3,On,1256.89,584.34
1794982980000000000,2026-11-18T06:23:00Z,controller 1,0.975,3.457,37.35,287.63,47.42,3.59,1.68,100.0,2,On,1260.33,570.35
1794983040000000000,2026-11-18T06:24:00Z,free response,1.041,3.204,51.69,381.16,353.84,3.58,1.65,100.0,3,On,1302.06,562.78
1794983100000000000,2026-11-18T06:25:00Z,controller 1,1.089,3.503,23.34,131.49,371.3,3.54,2.08,100.0,1,On,1343.67,564.9
1794983160000000000,2026-11-18T06:26:00Z,controller 1,1.051,3.486,-22.49,221.99,478.98,3.53,1.81,100.0,3,On,1347.28,592.53
1794983220000000000,2026-11-18T06:27:00Z,free response,1.008,3.52,16.91,376.96,380.93,3.51,1.64,100.0,1,On,1299.36,580.09
1794983280000000000,2026-11-18T06:28:00Z,free response,1.038,3.431,-8.44,214.58,214.86,3.48,1.74,100.0,3,On,1325.95,561.95
1794983340000000000,2026-11-18T06:29:00Z,free response,1.025,3.522,19.87,46.45,410.05,3.46,1.77,100.0,2,On,1338.87,591.02
1794983400000000000,2026-11-18T06:30:00Z,controller 1,0.191,13.855,39.12,204.92,562.83,3.45,0.25,100.0,3,On,1365.25,574.94
1794983460000000000,2026-11-18T06:31:00Z,free response,0.188,14,181.58,14.89,391.51,3.43,0.27,100.0,3,On,1405.54,589.23
1794983520000000000,2026-11-18T06:32:00Z,free response,0.2,13.556,23.84,16.48,370.93,3.42,0.27,100.0,2,On,1438.66,574.84
1794983580000000000,2026-11-18T06:33:00Z,controller 1,0.107,13.915,-3.03,84.43,476.4,3.39,0.07,100.0,1,On,1458.65,561.78
1794983640000000000,2026-11-18T06:34:00Z,controller 1,0.06,13.635,-3.76,131.25,457.29,3.37,0.02,100.0,3,On,1452.14,542.48
1794983700000000000,2026-11-18T06:35:00Z,controller 1,0.113,14,98.41,281.93,272.48,3.36,0.09,100.0,3,On,1422.06,553.18
1794983760000000000,2026-11-18T06:36:00Z,controller 2,0.054,13.559,-8.05,231.08,500.84,3.36,0.02,100.0,1,On,1448.52,527.84
1794983820000000000,2026-11-18T06:37:00Z,controller 1,0.079,13.976,36.9,29.7,104.17,3.34,0.04,100.0,1,On,1405.41,531.09
1794983880000000000,2026-11-18T06:38:00Z,free response,0.182,13.843,42.03,189.0,133.84,3.33,0.23,100.0,1,On,1453.98,502.75
1794983940000000000,2026-11-18T06:39:00Z,controller 1,0.081,13.548,-13.19,198.81,69.11,3.3,0.04,100.0,1,On,1499.16,507.65
1794984000000000000,2026-11-18T06:40:00Z,controller 2,0.152,13.865,171.01,282.86,522.81,3.28,0.15,100.0,2,On,1500.0,506.52
1794984060000000000,2026-11-18T06:41:00Z,controller 2,0.169,13.725,97.62,383.78,454.25,3.25,0.18,100.0,2,On,1475.84,521.26
1794984120000000000,2026-11-18T06:42:00Z,free response,0.194,13.866,198.02,226.83,157.58,3.24,0.25,100.0,1,On,1452.65,532.07
1794984180000000000,2026-11-18T06:43:00Z,controller 1,0.182,13.632,73.56,284.4,373.51,3.23,0.21,100.0,1,On,1403.25,536.99
1794984240000000000,2026-11-18T06:44:00Z,controller 2,0.087,13.648,129.98,209.7,34.3,3.22,0.05,100.0,2,On,1421.57,521.21
1794984300000000000,2026-11-18T06:45:00Z,controller 1,0.085,13.988,179.0,171.97,448.07,3.21,0.05,100.0,3,On,1215.7,816.11
1794984360000000000,2026-11-18T06:46:00Z,free response,0.197,14,147.88,336.51,236.72,3.17,0.3,100.0,3,On,1172.66,826.79
1794984420000000000,2026-11-18T06:47:00Z,controller 2,0.132,13.493,182.8,54.63,188.51,3.14,0.12,100.0,2,On,1164.68,829.65
1794984480000000000,2026-11-18T06:48:00Z,controller 1,0.075,13.512,-1.65,221.17,407.75,3.13,0.04,100.0,1,On,1158.47,807.59
1794984540000000000,2026-11-18T06:49:00Z,controller 1,0.14,13.588,-19.86,314.54,35.81,3.1,0.12,100.0,1,On,1143.31,813.94
1794984600000000000,2026-11-18T06:50:00Z,controller 2,0.038,13.933,171.78,430.16,408.33,3.08,0.01,100.0,2,On,1151.01,832.75
1794984660000000000,2026-11-18T06:51:00Z,controller 2,0.052,13.839,106.89,225.21,445.9,3.07,0.02,100.0,2,On,1195.04,839.35
1794984720000000000,2026-11-18T06:52:00Z,controller 2,0.211,13.97,46.23,221.31,296.34,3.07,0.28,100.0,3,On,1201.3,854.33
1794984780000000000,2026-11-18T06:53:00Z,controller 2,0.07,13.375,167.78,83.24,539.81,3.04,0.03,100.0,2,On,1217.11,835.68
1794984840000000000,2026-11-18T06:54:00Z,controller 1,0.083,13.457,37.95,217.53,38.02,3.03,0.05,100.0,3,On,1335.13,985.41
1794984900000000000,2026-11-18T06:55:00Z,controller 1,0.05,13.664,58.11,424.5,243.45,3.02,0.02,100.0,1,On,1299.7,957.44
1794984960000000000,2026-11-18T06:56:00Z,controller 1,0.161,13.615,174.06,324.12,39.95,2.99,0.19,100.0,3,On,1251.46,962.21
1794985020000000000,2026-11-18T06:57:00Z,controller 2,0.189,13.585,90.5,418.63,76.22,2.97,0.22,100.0,3,On,1298.63,946.33
1794985080000000000,2026-11-18T06:58:00Z,controller 2,0.173,13.527,85.57,100.26,14.38,2.96,0.22,100.0,1,On,1251.73,940.9
1794985140000000000,2026-11-18T06:59:00Z,controller 2,0.124,13.616,40.64,437.49,235.11,2.95,0.1,100.0,2,On,1253.41,924.29
1794985200000000000,2026-11-18T07:00:00Z,controller 2,0.442,6.005,111.52,259.36,77.76,2.92,0.62,100.0,2,On,1281.94,953.17
1794985260000000000,2026-11-18T07:01:00Z,controller 2,0.399,6.064,3.34,297.8,228.35,2.9,0.52,100.0,2,On,1253.18,944.52
1794985320000000000,2026-11-18T07:02:00Z,controller 1,0.302,6.128,71.61,316.32,155.23,2.86,0.27,100.0,1,On,1302.68,921.6
1794985380000000000,2026-11-18T07:03:00Z,controller 2,0.271,6.105,25.6,384.13,215.04,2.83,0.24,100.0,1,On,1298.68,899.02
1794985440000000000,2026-11-18T07:04:00Z,controller 1,0.29,5.84,113.5,165.7,564.46,2.82,0.26,100.0,3,On,1297.46,891.95
1794985500000000000,2026-11-18T07:05:00Z,free response,0.32,6.165,5.95,3.89,426.83,2.8,0.31,100.0,2,On,1286.67,881.31
1794985560000000000,2026-11-18T07:06:00Z,controller 2,0.363,5.847,-17.85,101.81,587.05,2.78,0.38,100.0,3,On,1276.72,853.3
1794985620000000000,2026-11-18T07:07:00Z,controller 2,0.39,6.277,152.4,121.82,236.38,2.76,0.43,100.0,2,On,1242.43,828.31
1794985680000000000,2026-11-18T07:08:00Z,controller 2,0.402,6.584,153.45,159.26,222.88,2.75,0.51,100.0,1,On,1284.01,825.78
1794985740000000000,2026-11-18T07:09:00Z,controller 1,0.399,6.486,112.7,269.01,202.28,2.72,0.52,100.0,2,On,1278.86,824.33
1794985800000000000,2026-11-18T07:10:00Z,free response,0.348,6.032,132.49,419.19,524.5,2.69,0.33,100.0,2,On,716.53,883.97
1794985860000000000,2026-11-18T07:11:00Z,controller 1,0.311,5.901,10.72,82.3,585.33,2.66,0.29,100.0,2,On,749.39,907.1
1794985920000000000,2026-11-18T07:12:00Z,free response,0.432,6.44,160.17,224.17,192.36,2.65,0.65,100.0,1,On,759.08,931.35
1794985980000000000,2026-11-18T07:13:00Z,controller 1,0.352,6.398,192.12,378.36,205.74,2.64,0.41,100.0,1,On,770.12,907.64
1794986040000000000,2026-11-18T07:14:00Z,free response,0.427,5.992,189.16,299.45,521.22,2.61,0.55,100.0,3,On,800.71,934.54
1794986100000000000,2026-11-18T07:15:00Z,free response,0.365,6.223,121.6,5.14,229.41,2.59,0.4,100.0,3,On,782.44,906.92
1794986160000000000,2026-11-18T07:16:00Z,controller 1,0.316,6.409,139.31,105.7,235.58,2.58,0.34,100.0,2,On,822.5,927.03
1794986220000000000,2026-11-18T07:17:00Z,free response,0.375,6.177,122.77,366.76,78.58,2.56,0.44,100.0,3,On,855.64,918.33
1794986280000000000,2026-11-18T07:18:00Z,controller 1,0.346,6.295,76.49,125.42,541.82,2.53,0.37,100.0,1,On,889.82,918.11
1794986340000000000,2026-11-18T07:19:00Z,controller 1,0.289,6.326,6.89,135.64,333.51,2.52,0.28,100.0,3,Off,856.22,888.73
1794986400000000000,2026-11-18T07:20:00Z,controller 2,0.357,6.136,104.29,203.29,406.99,2.5,0.37,100.0,2,Off,884.62,911.91
1794986460000000000,2026-11-18T07:21:00Z,controller 1,0.435,5.862,131.55,97.81,460.78,2.48,0.51,100.0,2,Off,848.77,900.73
1794986520000000000,2026-11-18T07:22:00Z,controller 2,0.333,6.494,104.41,249.31,396.63,2.46,0.35,100.0,3,Off,888.19,919.97
1794986580000000000,2026-11-18T07:23:00Z,free response,0.327,6.495,165.79,447.98,526.34,2.45,0.37,100.0,2,Off,854.89,934.93
1794986640000000000,2026-11-18T07:24:00Z,controller 1,0.313,5.929,94.13,30.47,66.4,2.42,0.31,100.0,2,Off,828.93,949.79
1794986700000000000,2026-11-18T07:25:00Z,controller 1,0.27,6.17,164.16,197.65,306.48,2.4,0.24,100.0,1,Off,809.46,933.63
1794986760000000000,2026-11-18T07:26:00Z,controller 1,0.368,6.345,36.77,76.28,380.64,2.38,0.44,100.0,1,Off,855.09,916.98
1794986820000000000,2026-11-18T07:27:00Z,free response,0.357,5.966,0.17,85.23,125.66,2.36,0.41,100.0,2,Off,817.34,901.63
1794986880000000000,2026-11-18T07:28:00Z,controller 2,0.381,6.301,181.91,79.91,481.0,2.35,0.5,100.0,3,Off,844.04,881.75
1794986940000000000,2026-11-18T07:29:00Z,free response,0.362,6.031,-18.13,240.47,422.25,2.32,0.41,100.0,1,Off,806.67,906.23
1794987000000000000,2026-11-18T07:30:00Z,free response,0.421,8.002,114.09,192.59,452.92,2.31,0.66,100.0,1,Off,819.34,913.49
1794987060000000000,2026-11-18T07:31:00Z,controller 2,0.278,8.357,-8.72,267.58,502.85,2.28,0.32,100.0,2,Off,794.18,915.45
1794987120000000000,2026-11-18T07:32:00Z,controller 1,0.379,7.756,-0.67,87.29,361.88,2.25,0.57,100.0,3,Off,820.19,913.26
1794987180000000000,2026-11-18T07:33:00Z,controller 1,0.401,7.94,142.63,117.96,295.14,2.22,0.69,100.0,2,Off,864.82,933.02
1794987240000000000,2026-11-18T07:34:00Z,free response,0.357,8.108,169.21,284.61,338.79,2.21,0.47,100.0,1,Off,893.0,962.52
1794987300000000000,2026-11-18T07:35:00Z,controller 2,0.398,8.238,153.49,87.95,139.67,2.18,0.62,100.0,2,Off,855.45,990.75
1794987360000000000,2026-11-18T07:36:00Z,controller 1,0.341,8.054,113.87,248.28,17.03,2.18,0.48,100.0,2,Off,590.95,694.11
1794987420000000000,2026-11-18T07:37:00Z,free response,0.31,8.191,174.96,299.25,583.21,2.17,0.36,100.0,3,Off,609.61,699.41
1794987480000000000,2026-11-18T07:38:00Z,controller 2,0.42,7.716,143.56,40.39,573.23,2.16,0.68,100.0,1,Off,592.36,707.76
1794987540000000000,2026-11-18T07:39:00Z,controller 1,0.301,7.945,16.17,15.73,295.14,2.15,0.39,100.0,2,Off,542.36,689.26
1794987600000000000,2026-11-18T07:40:00Z,controller 1,0.362,7.75,-17.95,423.4,34.73,2.12,0.51,100.0,3,Off,562.13,673.77
1794987660000000000,2026-11-18T07:41:00Z,controller 2,0.434,8.15,-28.76,226.02,592.84,2.11,0.71,100.0,3,Off,602.4,698.94
1794987720000000000,2026-11-18T07:42:00Z,controller 2,0.348,8.358,198.94,50.15,232.33,2.09,0.53,100.0,1,Off,618.69,676.38
1794987780000000000,2026-11-18T07:43:00Z,controller 2,0.368,8.385,169.9,214.49,108.35,2.08,0.6,100.0,1,Off,596.45,706.21
1794987840000000000,2026-11-18T07:44:00Z,free response,0.429,8.277,172.89,414.92,209.44,2.07,0.83,100.0,3,Off,622.9,683.52
1794987900000000000,2026-11-18T07:45:00Z,free response,0.323,8.303,-15.46,171.72,313.74,2.05,0.44,100.0,1,Off,644.35,707.67
1794987960000000000,2026-11-18T07:46:00Z,controller 2,0.409,7.968,13.43,273.0,426.55,2.03,0.64,100.0,1,Off,688.28,707.9
1794988020000000000,2026-11-18T07:47:00Z,controller 2,0.433,7.896,44.77,137.81,455.68,2.02,0.78,100.0,3,Off,679.6,711.0
1794988080000000000,2026-11-18T07:48:00Z,free response,0.268,7.668,-1.09,101.03,10.91,1.99,0.3,100.0,2,Off,1044.2,326.55
1794988140000000000,2026-11-18T07:49:00Z,free response,0.432,7.888,163.11,242.14,599.25,1.96,0.67,100.0,2,Off,1011.46,302.16
1794988200000000000,2026-11-18T07:50:00Z,free response,0.309,8.025,130.66,11.66,110.73,1.93,0.4,100.0,1,Off,990.09,298.74
1794988260000000000,2026-11-18T07:51:00Z,free response,0.345,7.909,161.75,340.3,254.59,1.92,0.51,100.0,1,Off,964.17,279.08
1794988320000000000,2026-11-18T07:52:00Z,free response,0.439,8.128,51.82,110.39,478.61,1.92,0.71,100.0,2,Off,927.74,275.17
1794988380000000000,2026-11-18T07:53:00Z,free response,0.315,7.841,11.15,75.45,284.86,1.9,0.37,100.0,2,Off,947.0,256.8
1794988440000000000,2026-11-18T07:54:00Z,controller 2,0.298,8.167,-23.04,5.73,274.25,1.88,0.34,100.0,3,Off,902.23,284.25
1794988500000000000,2026-11-18T07:55:00Z,controller 1,0.408,8.007,-1.69,127.61,296.21,1.86,0.67,100.0,2,Off,919.89,290.01
1794988560000000000,2026-11-18T07:56:00Z,controller 1,0.301,8.379,177.15,275.0,374.19,1.83,0.38,100.0,3,Off,909.25,293.78
1794988620000000000,2026-11-18T07:57:00Z,free response,0.403,8.122,123.49,206.4,5.24,1.82,0.61,100.0,2,Off,926.32,303.31
1794988680000000000,2026-11-18T07:58:00Z,controller 2,0.389,8.051,111.73,291.13,48.64,1.79,0.58,100.0,3,Off,917.86,329.28
1794988740000000000,2026-11-18T07:59:00Z,controller 1,0.373,7.773,68.0,137.54,592.18,1.77,0.49,100.0,3,Off,935.95,325.41
1794988800000000000,2026-11-18T08:00:00Z,controller 1,1.425,4.845,146.92,30.61,302.88,1.75,4.89,100.0,2,Off,909.56,315.86
1794988860000000000,2026-11-18T08:01:00Z,free response,1.353,5.203,195.46,199.81,556.42,1.74,5.12,100.0,1,Off,892.17,321.38
1794988920000000000,2026-11-18T08:02:00Z,free response,1.468,5.287,120.85,375.97,280.05,1.73,6.26,100.0,1,Off,847.71,323.89
1794988980000000000,2026-11-18T08:03:00Z,controller 2,1.399,4.946,97.96,416.2,227.29,1.72,4.74,100.0,2,Off,894.0,329.48
1794989040000000000,2026-11-18T08:04:00Z,free response,1.443,4.696,160.52,225.28,416.81,1.72,5.09,100.0,2,Off,865.32,320.76
1794989100000000000,2026-11-18T08:05:00Z,free response,1.371,5.123,29.39,420.77,440.04,1.68,4.97,100.0,1,Off,817.76,291.89
1794989160000000000,2026-11-18T08:06:00Z,controller 2,1.406,5.131,180.03,353.33,134.27,1.65,5.3,100.0,1,Off,862.45,288.59
1794989220000000000,2026-11-18T08:07:00Z,controller 2,1.443,4.769,75.17,81.04,72.52,1.64,5.06,100.0,1,Off,826.03,277.4
1794989280000000000,2026-11-18T08:08:00Z,controller 1,1.45,5.398,86.96,413.88,447.31,1.61,6.0,100.0,1,Off,868.19,303.83
1794989340000000000,2026-11-18T08:09:00Z,controller 1,1.347,4.985,-2.71,124.06,400.62,1.6,4.15,100.0,3,Off,824.96,306.68
1794989400000000000,2026-11-18T08:10:00Z,controller 1,1.489,5.25,-17.37,122.42,84.42,1.57,5.49,100.0,2,Off,830.78,324.84
1794989460000000000,2026-11-18T08:11:00Z,free response,1.396,4.849,98.77,351.18,16.87,1.56,4.34,100.0,1,Off,804.33,354.53
1794989520000000000,2026-11-18T08:12:00Z,controller 2,1.515,4.797,-12.79,139.94,470.12,1.54,5.76,100.0,1,Off,824.37,339.7
1794989580000000000,2026-11-18T08:13:00Z,controller 1,1.399,4.988,50.87,386.09,509.07,1.53,4.96,100.0,1,Off,852.0,352.6
1794989640000000000,2026-11-18T08:14:00Z,controller 2,1.438,4.941,100.38,291.06,237.41,1.51,4.74,100.0,2,Off,813.85,356.78
1794989700000000000,2026-11-18T08:15:00Z,controller 1,1.399,5.363,192.19,8.95,430.95,1.49,5.07,100.0,2,Off,777.89,366.85
1794989760000000000,2026-11-18T08:16:00Z,free response,1.373,5.04,46.82,100.35,170.53,1.48,5.07,100.0,3,Off,1239.98,882.38
1794989820000000000,2026-11-18T08:17:00Z,free response,1.44,5.121,79.08,196.74,41.13,1.47,5.35,100.0,1,Off,1259.44,869.46
1794989880000000000,2026-11-18T08:18:00Z,controller 1,1.343,4.884,195.87,15.58,130.69,1.45,4.32,100.0,2,Off,1214.81,886.64
1794989940000000000,2026-11-18T08:19:00Z,controller 1,1.435,4.838,60.05,209.25,211.93,1.44,5.26,100.0,1,Off,1245.17,901.22
1794990000000000000,2026-11-18T08:20:00Z,controller 2,1.512,5.25,180.8,105.33,219.41,1.43,5.76,100.0,2,Off,1256.54,873.54
1794990060000000000,2026-11-18T08:21:00Z,controller 2,1.478,4.813,54.11,159.39,249.73,1.4,5.58,100.0,2,Off,1282.55,860.36
1794990120000000000,2026-11-18T08:22:00Z,free response,1.465,4.825,127.5,211.34,97.52,1.38,4.82,100.0,1,Off,1271.3,883.25
1794990180000000000,2026-11-18T08:23:00Z,free response,1.478,5.272,149.95,306.38,518.26,1.35,5.54,100.0,3,Off,1294.52,899.32
1794990240000000000,2026-11-18T08:24:00Z,controller 2,1.488,5.199,168.99,136.04,454.14,1.33,6.03,100.0,1,Off,1312.54,908.96
1794990300000000000,2026-11-18T08:25:00Z,controller 1,1.516,5.211,26.22,9.55,227.92,1.31,6.11,100.0,1,Off,1313.11,889.5
1794990360000000000,2026-11-18T08:26:00Z,free response,1.453,5.0,-6.66,146.02,162.16,1.28,4.88,100.0,1,Off,1314.35,897.57
1794990420000000000,2026-11-18T08:27:00Z,controller 2,1.478,4.988,109.2,231.19,26.06,1.25,4.99,100.0,3,Off,1325.44,909.35
1794990480000000000,2026-11-18T08:28:00Z,free response,1.376,5.4,58.79,10.46,64.88,1.24,4.63,100.0,3,Off,1330.49,899.4
1794990540000000000,2026-11-18T08:29:00Z,controller 2,1.39,4.764,123.76,229.31,482.27,1.22,4.43,100.0,1,Off,1325.25,903.59
1794990600000000000,2026-11-18T08:30:00Z,controller 1,2.509,12.887,35.34,260.46,232.47,1.21,37.19,100.0,3,Off,1305.67,932.23
1794990660000000000,2026-11-18T08:31:00Z,free response,2.528,12.919,129.36,324.7,599.47,1.2,37.99,100.0,1,Off,1320.38,902.67
1794990720000000000,2026-11-18T08:32:00Z,controller 2,2.513,13.334,44.64,137.59,227.79,1.27,38.72,100.0,3,Off,1356.86,922.52
1794990780000000000,2026-11-18T08:33:00Z,free response,2.517,12.89,13.68,409.64,456.32,1.33,40.09,100.0,2,Off,1375.09,919.01
1794990840000000000,2026-11-18T08:34:00Z,free response,2.589,13.109,158.76,79.05,196.9,1.36,41.52,100.0,1,Off,1385.19,915.26
1794990900000000000,2026-11-18T08:35:00Z,free response,2.493,13.131,20.66,4.94,318.58,1.44,39.61,100.0,1,Off,1385.98,888.62
1794990960000000000,2026-11-18T08:36:00Z,controller 2,2.441,12.951,86.67,391.29,263.0,1.5,38.39,100.0,2,Off,1408.05,915.66
1794991020000000000,2026-11-18T08:37:00Z,controller 1,2.419,12.893,176.01,173.72,453.03,1.56,39.3,100.0,1,Off,1359.89,894.39
1794991080000000000,2026-11-18T08:38:00Z,free response,2.451,13.44,125.48,74.6,470.53,1.63,36.71,100.0,1,Off,1318.85,893.94
1794991140000000000,2026-11-18T08:39:00Z,free response,2.545,13.45,139.49,351.48,122.56,1.7,41.88,100.0,2,Off,1322.95,915.83
1794991200000000000,2026-11-18T08:40:00Z,controller 1,2.521,13.179,113.24,60.34,320.74,1.78,38.15,100.0,3,Off,1307.57,932.98
1794991260000000000,2026-11-18T08:41:00Z,controller 2,2.541,13.366,111.31,206.86,302.96,1.83,41.75,100.0,3,Off,1318.25,908.59
1794991320000000000,2026-11-18T08:42:00Z,controller 1,2.434,13.282,21.02,39.24,140.65,1.89,41.99,100.0,1,Off,1273.49,917.14
1794991380000000000,2026-11-18T08:43:00Z,free response,2.559,12.999,-12.83,390.62,120.84,1.97,43.16,100.0,2,Off,1297.36,937.62
1794991440000000000,2026-11-18T08:44:00Z,controller 1,2.585,12.926,118.1,446.19,376.8,2.02,40.71,100.0,2,Off,1268.72,952.11
1794991500000000000,2026-11-18T08:45:00Z,controller 1,2.512,13.244,50.21,326.9,199.37,2.06,45.37,100.0,2,Off,1222.2,927.6
1794991560000000000,2026-11-18T08:46:00Z,controller 2,2.569,13.038,94.44,280.82,354.2,2.13,42.11,100.0,1,Off,1178.22,908.24
1794991620000000000,2026-11-18T08:47:00Z,free response,2.488,13.188,88.5,165.2,480.33,2.17,42.4,100.0,3,Off,1132.6,901.33
1794991680000000000,2026-11-18T08:48:00Z,controller 2,2.454,13.269,67.96,83.54,535.81,2.2,36.08,100.0,2,Off,1111.37,927.4
1794991740000000000,2026-11-18T08:49:00Z,free response,2.475,13.425,167.58,155.73,260.45,2.26,42.08,100.0,3,Off,1079.39,912.97
1794991800000000000,2026-11-18T08:50:00Z,free response,2.568,12.942,118.14,301.48,182.19,2.31,40.6,100.0,3,Off,1085.32,921.74
1794991860000000000,2026-11-18T08:51:00Z,free response,2.577,13.208,-18.76,395.82,170.11,2.37,42.97,100.0,1,Off,906.64,999.11
1794991920000000000,2026-11-18T08:52:00Z,controller 1,2.476,13.151,-13.14,292.84,280.03,2.44,42.5,100.0,1,Off,895.97,1000.0
1794991980000000000,2026-11-18T08:53:00Z,free response,2.444,13.129,181.09,427.88,441.1,2.48,39.95,100.0,3,Off,862.36,1000.0
1794992040000000000,2026-11-18T08:54:00Z,controller 1,2.46,12.91,90.25,285.48,595.96,2.52,37.26,100.0,3,Off,816.05,977.86
1794992100000000000,2026-11-18T08:55:00Z,free response,2.564,12.986,171.97,243.91,99.61,2.55,45.75,100.0,3,Off,843.64,994.71
1794992160000000000,2026-11-18T08:56:00Z,free response,2.431,13.049,-24.91,401.42,470.63,2.58,40.67,100.0,3,Off,525.16,929.2
1794992220000000000,2026-11-18T08:57:00Z,controller 2,2.567,12.842,158.72,265.33,347.03,2.64,46.14,100.0,2,Off,488.34,924.42
1794992280000000000,2026-11-18T08:58:00Z,free response,2.543,13.02,-24.85,145.74,124.06,2.71,37.93,100.0,2,Off,467.78,911.94
1794992340000000000,2026-11-18T08:59:00Z,controller 2,2.451,13.452,70.49,76.24,499.39,2.77,39.48,100.0,3,Off,481.75,912.19
1794992400000000000,2026-11-18T09:00:00Z,controller 1,2.885,4.913,157.78,362.34,36.68,2.82,18.94,100.0,2,Off,517.88,937.41
1794992460000000000,2026-11-18T09:01:00Z,controller 2,2.844,5.242,67.07,179.85,426.21,2.88,20.15,100.0,1,Off,512.98,916.97
1794992520000000000,2026-11-18T09:02:00Z,free response,2.885,5.551,138.59,312.42,125.89,2.93,22.55,100.0,2,Off,541.33,946.61
1794992580000000000,2026-11-18T09:03:00Z,controller 2,2.897,5.082,56.08,277.39,49.34,2.97,21.35,100.0,2,Off,531.84,925.36
1794992640000000000,2026-11-18T09:04:00Z,controller 1,2.727,5.133,92.43,151.86,19.36,3.03,17.87,100.0,3,Off,509.25,923.04
1794992700000000000,2026-11-18T09:05:00Z,controller 2,2.841,5.547,18.5,289.84,231.0,3.11,23.24,100.0,1,Off,537.75,925.23
1794992760000000000,2026-11-18T09:06:00Z,free response,2.726,5.042,180.54,424.92,300.6,3.15,17.14,100.0,2,Off,543.07,914.95
1794992820000000000,2026-11-18T09:07:00Z,controller 1,2.77,5.165,190.48,109.57,456.98,3.18,21.33,100.0,1,Off,537.23,891.0
1794992880000000000,2026-11-18T09:08:00Z,controller 1,2.835,5.441,44.58,270.67,29.39,3.27,22.6,100.0,2,Off,546.2,891.77
1794992940000000000,2026-11-18T09:09:00Z,free response,2.753,5.349,7.04,48.84,76.56,3.31,19.48,100.0,1,Off,565.4,868.02
1794993000000000000,2026-11-18T09:10:00Z,controller 1,2.876,5.462,94.45,50.4,339.41,3.38,22.68,100.0,3,Off,573.43,885.6
1794993060000000000,2026-11-18T09:11:00Z,controller 1,2.821,5.585,173.66,39.96,406.95,3.41,23.44,100.0,2,Off,596.82,870.92
1794993120000000000,2026-11-18T09:12:00Z,controller 1,2.795,5.273,-13.56,358.85,15.75,3.47,19.59,80.4,1,Off,609.84,875.83
1794993180000000000,2026-11-18T09:13:00Z,free response,2.892,5.322,21.32,267.63,96.66,3.49,24.28,100.0,1,Off,1431.16,918.89
1794993240000000000,2026-11-18T09:14:00Z,free response,2.773,5.079,186.63,84.62,51.97,3.55,19.01,100.0,2,Off,1407.58,896.32
1794993300000000000,2026-11-18T09:15:00Z,controller 1,2.766,5.591,87.46,242.88,149.45,3.63,20.94,100.0,3,Off,1438.61,895.02
1794993360000000000,2026-11-18T09:16:00Z,free response,2.825,5.367,-11.01,273.07,241.62,3.71,20.07,100.0,3,Off,1418.76,896.87
1794993420000000000,2026-11-18T09:17:00Z,controller 2,2.867,5.335,155.24,55.58,310.45,3.79,23.65,100.0,2,Off,1442.58,873.43
1794993480000000000,2026-11-18T09:18:00Z,free response,2.757,5.513,139.3,119.05,19.31,3.87,18.92,100.0,1,Off,1413.12,855.23
1794993540000000000,2026-11-18T09:19:00Z,free response,2.799,5.105,170.67,229.96,421.42,3.95,20.04,100.0,2,Off,1411.44,848.31
1794993600000000000,2026-11-18T09:20:00Z,free response,2.811,5.116,-6.7,271.19,362.14,4.03,19.48,100.0,1,Off,1416.76,856.78
1794993660000000000,2026-11-18T09:21:00Z,free response,2.782,5.485,177.45,170.11,172.82,4.11,22.04,100.0,1,Off,1434.94,882.49
1794993720000000000,2026-11-18T09:22:00Z,free response,2.87,5.221,108.24,27.86,268.09,4.17,21.22,100.0,1,Off,1436.64,878.77
1794993780000000000,2026-11-18T09:23:00Z,controller 2,2.824,4.94,21.48,101.8,382.84,4.21,18.22,100.0,2,Off,1482.67,883.85
1794993840000000000,2026-11-18T09:24:00Z,controller 2,2.856,5.62,-6.28,432.87,197.76,4.26,22.84,100.0,3,Off,1448.99,855.54
1794993900000000000,2026-11-18T09:25:00Z,free response,2.878,5.205,-1.67,212.19,526.62,4.33,22.07,100.0,2,Off,1456.65,840.62
1794993960000000000,2026-11-18T09:26:00Z,controller 2,2.803,5.554,85.86,346.41,568.86,4.38,20.97,100.0,1,Off,1461.86,836.83
1794994020000000000,2026-11-18T09:27:00Z,controller 1,2.828,4.913,55.87,109.35,492.21,4.43,20.46,100.0,2,Off,1479.89,825.77
1794994080000000000,2026-11-18T09:28:00Z,controller 2,2.887,5.312,77.0,186.16,41.12,4.47,23.07,100.0,1,Off,1500.0,845.1
1794994140000000000,2026-11-18T09:29:00Z,controller 2,2.774,5.252,118.04,141.72,10.09,4.55,21.68,46.54,2,Off,1466.79,857.1
1794994200000000000,2026-11-18T09:30:00Z,controller 2,2.493,13.548,173.48,334.46,290.15,4.59,41.63,100.0,3,Off,1467.43,834.55
1794994260000000000,2026-11-18T09:31:00Z,free response,2.554,14,33.94,443.84,563.17,4.68,48.11,100.0,2,Off,1444.49,833.81
1794994320000000000,2026-11-18T09:32:00Z,controller 2,2.479,13.669,120.91,291.48,88.32,4.71,39.24,100.0,3,Off,1439.23,857.22
1794994380000000000,2026-11-18T09:33:00Z,free response,2.494,13.976,12.49,219.34,104.28,4.75,43.92,100.0,1,Off,1425.09,840.82
1794994440000000000,2026-11-18T09:34:00Z,free response,2.578,13.733,97.76,170.63,534.89,4.78,46.3,100.0,3,Off,1468.26,843.0
1794994500000000000,2026-11-18T09:35:00Z,controller 1,2.55,13.623,168.27,20.78,321.84,4.85,46.49,100.0,1,Off,1454.15,849.24
1794994560000000000,2026-11-18T09:36:00Z,free response,2.548,13.478,35.45,172.52,563.27,4.92,45.87,100.0,3,Off,1498.37,855.77
1794994620000000000,2026-11-18T09:37:00Z,free response,2.468,13.445,96.91,408.02,554.38,4.95,37.52,100.0,1,Off,1452.66,867.62
1794994680000000000,2026-11-18T09:38:00Z,free response,2.579,13.406,110.71,362.36,34.91,5.01,43.78,79.74,1,Off,1448.5,874.59
1794994740000000000,2026-11-18T09:39:00Z,controller 1,2.442,14,62.86,35.25,548.11,5.09,39.21,100.0,3,Off,1492.06,862.24
1794994800000000000,2026-11-18T09:40:00Z,free response,2.447,13.713,98.71,251.38,267.08,5.15,37.68,100.0,3,Off,1500.0,866.19
1794994860000000000,2026-11-18T09:41:00Z,controller 1,2.458,13.917,71.26,17.25,76.56,5.23,39.1,100.0,3,Off,1500.0,853.0
1794994920000000000,2026-11-18T09:42:00Z,free response,2.431,13.82,-29.97,92.23,502.58,5.26,43.01,100.0,3,Off,1486.85,845.35
1794994980000000000,2026-11-18T09:43:00Z,controller 2,2.511,14,105.23,408.56,9.59,5.32,41.67,23.01,3,Off,1461.95,842.04
1794995040000000000,2026-11-18T09:44:00Z,controller 1,2.564,13.872,35.07,330.89,471.0,5.39,45.24,100.0,2,Off,1468.97,813.73
1794995100000000000,2026-11-18T09:45:00Z,controller 1,2.489,13.807,60.75,330.59,406.48,5.42,39.79,100.0,3,Off,1465.16,795.52
1794995160000000000,2026-11-18T09:46:00Z,controller 1,2.52,13.355,-14.46,134.01,551.25,5.47,40.51,100.0,3,Off,1469.83,824.69
1794995220000000000,2026-11-18T09:47:00Z,free response,2.415,13.616,127.07,124.38,150.03,5.54,41.15,100.0,3,Off,1422.61,838.86
1794995280000000000,2026-11-18T09:48:00Z,controller 2,2.519,13.826,192.91,332.66,246.83,5.62,44.08,100.0,2,Off,1405.79,841.73
1794995340000000000,2026-11-18T09:49:00Z,free response,2.479,14,176.3,152.8,562.32,5.67,43.84,100.0,2,Off,1433.82,861.85
1794995400000000000,2026-11-18T09:50:00Z,controller 2,2.459,13.406,186.73,299.69,559.07,5.71,42.79,100.0,2,Off,1449.03,862.77
1794995460000000000,2026-11-18T09:51:00Z,free response,2.422,13.614,46.37,335.46,383.93,5.75,36.3,100.0,3,Off,1437.99,846.44
1794995520000000000,2026-11-18T09:52:00Z,controller 1,2.435,14,167.62,87.48,18.53,5.81,41.24,44.93,2,Off,1486.49,829.35
1794995580000000000,2026-11-18T09:53:00Z,controller 1,2.531,13.448,180.66,364.5,428.03,5.88,41.41,100.0,1,Off,1451.84,842.39
1794995640000000000,2026-11-18T09:54:00Z,free response,2.507,13.764,145.26,72.55,464.42,5.95,39.34,100.0,3,Off,1420.69,859.01
1794995700000000000,2026-11-18T09:55:00Z,controller 2,2.419,13.65,10.25,127.9,208.41,6.01,38.65,100.0,1,Off,1452.4,872.82
1794995760000000000,2026-11-18T09:56:00Z,controller 2,2.576,13.349,64.25,224.89,513.29,6.1,46.24,100.0,1,Off,1448.73,860.78
1794995820000000000,2026-11-18T09:57:00Z,free response,2.586,13.686,121.78,245.75,581.51,6.14,43.23,100.0,3,Off,881.74,642.62
1794995880000000000,2026-11-18T09:58:00Z,controller 1,2.506,13.876,72.54,116.96,137.41,6.19,44.9,100.0,3,Off,915.96,656.03
1794995940000000000,2026-11-18T09:59:00Z,controller 2,2.427,13.584,8.85,281.19,572.5,6.24,40.21,100.0,1,Off,897.44,676.15
1794996000000000000,2026-11-18T10:00:00Z,free response,2.66,5.088,188.82,229.84,565.24,6.27,19.5,100.0,2,Off,904.37,705.8
1794996060000000000,2026-11-18T10:01:00Z,controller 2,2.67,4.947,52.09,353.18,599.37,6.31,18.59,100.0,2,Off,944.26,698.9
1794996120000000000,2026-11-18T10:02:00Z,controller 2,2.81,5.104,-11.66,341.93,322.6,6.36,19.21,100.0,1,Off,895.03,687.87
1794996180000000000,2026-11-18T10:03:00Z,free response,2.659,5.132,61.6,159.84,99.3,6.42,16.67,100.0,1,Off,911.7,695.2
1794996240000000000,2026-11-18T10:04:00Z,controller 2,2.72,4.549,113.95,427.03,544.49,6.48,18.03,100.0,3,Off,876.99,698.06
1794996300000000000,2026-11-18T10:05:00Z,free response,2.716,4.659,143.98,412.25,334.13,6.52,17.88,100.0,2,Off,872.42,712.65
1794996360000000000,2026-11-18T10:06:00Z,controller 2,2.641,4.953,21.63,417.05,167.0,6.54,17.25,100.0,3,Off,912.7,721.86
1794996420000000000,2026-11-18T10:07:00Z,controller 1,2.773,4.564,134.9,167.39,77.2,6.62,17.17,100.0,3,Off,950.01,750.67
1794996480000000000,2026-11-18T10:08:00Z,controller 2,2.687,4.703,150.55,34.68,567.01,6.69,15.74,100.0,3,Off,998.92,726.19
1794996540000000000,2026-11-18T10:09:00Z,free response,2.659,4.855,86.57,330.95,153.31,6.76,16.08,100.0,1,Off,1039.03,704.79
1794996600000000000,2026-11-18T10:10:00Z,controller 2,2.656,4.498,83.58,153.48,485.94,6.8,16.82,100.0,3,Off,1003.83,709.07
1794996660000000000,2026-11-18T10:11:00Z,free response,2.74,4.941,146.59,227.48,51.12,6.85,20.34,100.0,3,Off,1001.96,716.18
1794996720000000000,2026-11-18T10:12:00Z,controller 1,2.798,4.928,70.12,287.06,545.08,6.92,19.2,100.0,3,Off,1038.78,704.91
1794996780000000000,2026-11-18T10:13:00Z,free response,2.711,4.959,146.15,391.48,325.11,6.98,19.89,100.0,1,Off,1060.96,732.51
1794996840000000000,2026-11-18T10:14:00Z,controller 1,2.778,4.97,164.58,317.24,589.26,7.03,19.59,100.0,3,Off,1106.03,729.44
1794996900000000000,2026-11-18T10:15:00Z,controller 2,2.662,4.721,-23.01,1.0,536.85,7.1,17.96,100.0,1,Off,1100.24,734.57
1794996960000000000,2026-11-18T10:16:00Z,controller 1,2.762,4.732,94.45,273.94,174.53,7.18,19.35,100.0,1,Off,1092.04,759.72
1794997020000000000,2026-11-18T10:17:00Z,free response,2.75,4.729,181.19,62.16,29.44,7.22,17.88,100.0,3,Off,1056.68,777.83
1794997080000000000,2026-11-18T10:18:00Z,free response,2.728,5.022,82.66,280.34,367.48,7.3,17.45,100.0,1,Off,1075.99,758.06
1794997140000000000,2026-11-18T10:19:00Z,controller 1,2.718,5.16,196.8,7.9,134.79,7.34,19.71,100.0,3,Off,1047.54,736.31
1794997200000000000,2026-11-18T10:20:00Z,controller 1,2.747,4.965,171.36,327.44,350.4,7.41,19.3,100.0,2,Off,1029.43,756.89
1794997260000000000,2026-11-18T10:21:00Z,controller 1,2.774,4.869,181.7,254.6,114.06,7.44,17.78,100.0,1,Off,1017.32,741.86
1794997320000000000,2026-11-18T10:22:00Z,free response,2.801,4.785,61.07,261.71,56.82,7.49,20.34,100.0,1,Off,1009.8,726.83
1794997380000000000,2026-11-18T10:23:00Z,controller 1,2.74,4.668,121.59,354.46,128.27,7.54,17.25,100.0,2,Off,989.71,724.76
1794997440000000000,2026-11-18T10:24:00Z,controller 1,2.651,4.72,-9.44,125.35,98.89,7.62,16.9,100.0,3,Off,948.1,742.36
1794997500000000000,2026-11-18T10:25:00Z,controller 1,2.72,5.208,2.43,23.54,243.93,7.68,17.97,100.0,1,Off,986.18,718.77
1794997560000000000,2026-11-18T10:26:00Z,free response,2.716,4.6,192.19,65.99,211.41,7.76,16.87,100.0,1,Off,958.44,719.95
1794997620000000000,2026-11-18T10:27:00Z,controller 1,2.747,4.465,37.52,338.79,333.09,7.81,17.29,100.0,2,Off,990.42,703.36
1794997680000000000,2026-11-18T10:28:00Z,free response,2.786,5.055,126.78,123.74,502.57,7.9,21.41,100.0,2,Off,954.39,730.4
1794997740000000000,2026-11-18T10:29:00Z,controller 2,2.72,4.711,44.63,268.98,426.53,7.97,17.93,100.0,2,Off,916.91,555.02
1794997800000000000,2026-11-18T10:30:00Z,controller 2,0.195,7.217,156.75,23.72,150.89,8.02,0.13,100.0,1,Off,881.13,555.48
1794997860000000000,2026-11-18T10:31:00Z,controller 1,0.155,6.555,191.87,191.8,274.03,8.09,0.08,100.0,2,Off,872.09,560.73
1794997920000000000,2026-11-18T10:32:00Z,free response,0.186,7.158,177.59,87.94,199.65,8.13,0.12,100.0,2,Off,915.72,552.39
1794997980000000000,2026-11-18T10:33:00Z,free response,0.136,6.924,81.53,18.92,382.89,8.17,0.07,100.0,3,Off,1332.0,935.95
1794998040000000000,2026-11-18T10:34:00Z,free response,0.222,6.853,127.02,364.42,158.12,8.22,0.17,100.0,3,Off,1338.72,914.42
1794998100000000000,2026-11-18T10:35:00Z,free response,0.246,6.443,25.29,128.21,583.76,8.3,0.2,100.0,3,Off,1354.6,929.95
1794998160000000000,2026-11-18T10:36:00Z,free response,0.122,6.875,47.74,125.2,469.66,8.33,0.05,100.0,3,Off,1371.91,916.21
1794998220000000000,2026-11-18T10:37:00Z,free response,0.253,7.035,74.24,13.52,593.38,8.39,0.21,100.0,3,Off,1401.34,890.57
1794998280000000000,2026-11-18T10:38:00Z,controller 2,0.154,6.94,145.38,108.14,506.69,8.43,0.08,100.0,1,Off,1443.8,918.3
1794998340000000000,2026-11-18T10:39:00Z,free response,0.23,7.106,97.61,318.25,351.03,8.52,0.19,100.0,1,Off,1447.95,923.22
1794998400000000000,2026-11-18T10:40:00Z,free response,0.102,6.688,-21.04,396.88,264.45,8.54,0.03,100.0,3,Off,1456.47,915.34
1794998460000000000,2026-11-18T10:41:00Z,controller 2,0.194,6.527,-13.91,12.8,511.75,8.61,0.13,100.0,2,Off,1441.75,936.37
1794998520000000000,2026-11-18T10:42:00Z,free response,0.274,6.538,162.2,46.32,92.99,8.7,0.26,100.0,2,Off,1477.81,909.93
1794998580000000000,2026-11-18T10:43:00Z,controller 2,0.265,6.993,108.23,264.36,370.78,8.79,0.23,100.0,1,Off,1441.32,908.81
1794998640000000000,2026-11-18T10:44:00Z,controller 2,0.17,6.751,175.71,191.1,238.14,8.84,0.09,100.0,2,Off,1438.94,907.38
1794998700000000000,2026-11-18T10:45:00Z,controller 1,0.22,6.991,171.59,83.01,199.51,8.88,0.17,100.0,1,Off,1464.97,895.84
1794998760000000000,2026-11-18T10:46:00Z,controller 2,0.252,6.731,-11.47,251.55,66.3,8.96,0.21,100.0,2,Off,1500.0,898.21
1794998820000000000,2026-11-18T10:47:00Z,free response,0.254,6.938,30.69,340.63,314.84,9.0,0.21,100.0,1,Off,1483.43,892.26
1794998880000000000,2026-11-18T10:48:00Z,controller 1,0.253,6.546,-10.3,21.22,252.73,9.04,0.21,100.0,1,Off,1500.0,870.72
1794998940000000000,2026-11-18T10:49:00Z,free response,0.127,6.478,84.48,335.86,187.12,9.07,0.05,100.0,3,Off,1500.0,850.71
1794999000000000000,2026-11-18T10:50:00Z,controller 2,0.16,6.945,63.46,233.18,573.27,9.16,0.09,100.0,3,Off,1500.0,866.79
1794999060000000000,2026-11-18T10:51:00Z,controller 2,0.17,6.993,92.43,224.0,252.43,9.24,0.1,100.0,2,Off,1454.41,884.39
1794999120000000000,2026-11-18T10:52:00Z,controller 1,0.194,7.143,38.92,257.9,130.55,9.28,0.13,100.0,1,Off,1495.76,910.14
1794999180000000000,2026-11-18T10:53:00Z,controller 2,0.1,7.174,-17.67,167.82,198.58,9.35,0.03,100.0,3,Off,1500.0,912.88
1794999240000000000,2026-11-18T10:54:00Z,controller 1,0.257,6.934,-15.14,189.11,256.57,9.44,0.24,100.0,3,Off,1500.0,918.13
1794999300000000000,2026-11-18T10:55:00Z,controller 2,0.231,7.172,58.26,347.69,172.85,9.5,0.2,100.0,3,Off,1461.71,894.54
1794999360000000000,2026-11-18T10:56:00Z,controller 1,0.268,7.148,-13.82,147.08,416.85,9.57,0.25,100.0,2,Off,1413.73,896.16
1794999420000000000,2026-11-18T10:57:00Z,controller 1,0.104,6.442,95.49,445.32,477.48,9.65,0.03,100.0,2,Off,1462.2,875.32
1794999480000000000,2026-11-18T10:58:00Z,free response,0.258,7.133,95.21,256.63,313.78,9.73,0.25,100.0,1,Off,1420.4,859.36
1794999540000000000,2026-11-18T10:59:00Z,free response,0.227,6.928,153.08,46.21,106.8,9.8,0.17,100.0,1,Off,1447.93,845.54
1794999600000000000,2026-11-18T11:00:00Z,controller 2,1.492,2.155,197.09,202.99,471.81,9.88,2.48,100.0,2,Off,1452.89,819.29
1794999660000000000,2026-11-18T11:01:00Z,controller 1,1.642,2.124,47.11,280.02,67.77,9.93,3.07,100.0,1,Off,1462.02,806.84
1794999720000000000,2026-11-18T11:02:00Z,free response,1.572,2.088,-13.59,74.78,89.65,9.97,2.41,100.0,1,Off,1474.56,814.03
1794999780000000000,2026-11-18T11:03:00Z,controller 1,1.572,2.249,89.14,249.7,82.17,10.03,2.77,100.0,2,Off,1450.54,828.88
1794999840000000000,2026-11-18T11:04:00Z,controller 2,1.658,2.377,-22.81,173.55,598.73,10.08,3.43,100.0,2,Off,1498.22,836.48
1794999900000000000,2026-11-18T11:05:00Z,controller 1,1.551,1.906,26.11,315.63,268.91,10.14,2.23,100.0,3,Off,1500.0,813.62
1794999960000000000,2026-11-18T11:06:00Z,controller 2,1.627,2.21,57.23,219.06,394.17,10.23,2.84,100.0,2,Off,1454.36,807.91
1795000020000000000,2026-11-18T11:07:00Z,free response,1.56,2.38,52.94,79.68,529.32,10.28,2.79,100.0,1,Off,1484.74,808.75
1795000080000000000,2026-11-18T11:08:00Z,free response,1.54,2.09,28.34,275.75,157.6,10.33,2.69,100.0,3,Off,1472.06,799.48
1795000140000000000,2026-11-18T11:09:00Z,controller 2,1.521,1.943,26.63,196.52,84.63,10.35,2.34,100.0,3,Off,1494.4,787.62
1795000200000000000,2026-11-18T11:10:00Z,controller 1,1.619,2.566,96.35,194.81,263.43,10.39,3.54,100.0,3,Off,634.93,790.96
1795000260000000000,2026-11-18T11:11:00Z,free response,1.589,2.016,181.58,87.19,19.14,10.46,2.41,100.0,2,Off,603.58,796.05
1795000320000000000,2026-11-18T11:12:00Z,controller 2,1.527,1.971,10.33,149.29,63.39,10.51,2.45,100.0,2,Off,659.34,933.58
1795000380000000000,2026-11-18T11:13:00Z,controller 2,1.564,2.195,106.25,40.33,20.78,10.6,2.45,100.0,2,Off,633.22,934.13
1795000440000000000,2026-11-18T11:14:00Z,free response,1.49,2.387,63.0,120.14,86.62,10.64,2.54,100.0,1,Off,605.86,933.13
1795000500000000000,2026-11-18T11:15:00Z,free response,1.66,1.865,42.45,352.23,156.74,10.68,2.63,100.0,3,Off,580.11,927.21
1795000560000000000,2026-11-18T11:16:00Z,controller 2,1.616,1.873,63.6,65.54,294.7,10.73,2.22,100.0,3,Off,582.99,938.0
1795000620000000000,2026-11-18T11:17:00Z,free response,1.54,1.854,26.88,433.52,100.18,10.82,2.03,100.0,3,Off,548.65,908.59
1795000680000000000,2026-11-18T11:18:00Z,free response,1.633,2.278,100.19,436.96,89.8,10.9,3.23,100.0,2,Off,575.91,932.01
1795000740000000000,2026-11-18T11:19:00Z,free response,1.658,1.989,38.36,159.19,487.2,10.98,2.57,100.0,2,Off,556.18,908.6
1795000800000000000,2026-11-18T11:20:00Z,free response,1.664,2.379,51.09,135.3,265.17,11.02,3.13,100.0,1,Off,575.31,937.25
1795000860000000000,2026-11-18T11:21:00Z,controller 2,1.63,2.52,99.01,71.98,288.75,11.1,3.14,100.0,3,Off,609.29,958.32
1795000920000000000,2026-11-18T11:22:00Z,controller 2,1.579,2.561,187.21,357.48,60.19,11.13,3.25,100.0,1,Off,642.8,944.86
1795000980000000000,2026-11-18T11:23:00Z,controller 1,1.612,1.865,-5.61,186.49,150.34,11.16,2.53,100.0,3,Off,661.9,926.2
1795001040000000000,2026-11-18T11:24:00Z,controller 1,1.602,2.141,-4.34,84.66,532.8,11.19,2.48,100.0,2,Off,685.54,953.72
1795001100000000000,2026-11-18T11:25:00Z,controller 2,1.51,2.095,133.5,23.22,99.62,11.23,2.62,100.0,3,Off,727.77,961.58
1795001160000000000,2026-11-18T11:26:00Z,free response,1.625,2.458,148.17,190.97,95.08,11.27,2.92,100.0,1,Off,742.35,982.84
1795001220000000000,2026-11-18T11:27:00Z,controller 2,1.633,2.31,19.95,260.81,117.73,11.35,3.05,100.0,3,Off,744.66,960.94
1795001280000000000,2026-11-18T11:28:00Z,controller 2,1.52,1.867,146.94,205.03,458.36,11.44,1.95,100.0,3,Off,718.93,962.23
1795001340000000000,2026-11-18T11:29:00Z,free response,1.599,2.398,139.19,412.23,184.79,11.52,3.14,100.0,1,Off,707.37,943.83
1795001400000000000,2026-11-18T11:30:00Z,controller 1,1.943,8.253,-4.73,396.76,40.04,11.56,15.36,100.0,3,Off,676.63,917.21
1795001460000000000,2026-11-18T11:31:00Z,controller 1,2.08,8.654,95.94,138.45,509.97,11.59,20.07,100.0,3,Off,686.0,917.23
1795001520000000000,2026-11-18T11:32:00Z,controller 2,2.048,8.824,-7.2,291.37,495.77,11.63,18.55,100.0,3,Off,662.86,903.23
1795001580000000000,2026-11-18T11:33:00Z,free response,1.942,8.328,7.81,297.51,93.77,11.71,14.7,100.0,2,Off,631.44,929.01
1795001640000000000,2026-11-18T11:34:00Z,controller 2,2.014,8.557,55.02,332.26,160.06,11.8,17.09,100.0,2,Off,675.11,899.94
1795001700000000000,2026-11-18T11:35:00Z,free response,1.967,8.196,148.09,352.25,301.01,11.83,16.6,100.0,2,Off,638.59,896.86
1795001760000000000,2026-11-18T11:36:00Z,controller 2,1.992,8.886,-11.79,68.05,316.06,11.87,17.17,100.0,1,Off,681.01,874.71
1795001820000000000,2026-11-18T11:37:00Z,controller 1,2.086,8.638,-29.63,165.2,588.36,11.91,17.54,100.0,3,Off,685.08,847.6
1795001880000000000,2026-11-18T11:38:00Z,controller 2,2.082,8.227,98.82,374.91,148.41,11.95,16.55,100.0,3,Off,682.22,857.4
1795001940000000000,2026-11-18T11:39:00Z,free response,2.084,8.524,146.18,64.66,261.78,12.01,16.94,100.0,2,On,650.09,870.86
1795002000000000000,2026-11-18T11:40:00Z,free response,2.074,8.177,137.26,225.39,579.89,12.08,18.22,100.0,3,On,613.81,850.38
1795002060000000000,2026-11-18T11:41:00Z,controller 2,2.02,8.128,103.62,399.43,84.25,12.14,16.37,100.0,1,On,601.55,871.55
1795002120000000000,2026-11-18T11:42:00Z,controller 2,1.932,8.195,141.23,1.15,522.23,12.2,16.74,100.0,1,On,637.94,847.28
1795002180000000000,2026-11-18T11:43:00Z,free response,2.0,8.596,-19.54,183.49,478.51,12.25,17.72,100.0,1,On,597.73,855.41
1795002240000000000,2026-11-18T11:44:00Z,free response,1.992,8.791,107.36,388.4,551.58,12.3,18.36,100.0,3,On,619.53,866.43
1795002300000000000,2026-11-18T11:45:00Z,free response,1.975,8.886,19.4,263.74,544.52,12.36,16.35,100.0,2,On,583.74,973.93
1795002360000000000,2026-11-18T11:46:00Z,controller 1,2.073,8.629,73.67,422.41,72.04,12.4,17.49,100.0,1,On,601.74,955.03
1795002420000000000,2026-11-18T11:47:00Z,controller 1,1.95,8.385,33.39,432.1,157.69,12.43,15.19,100.0,3,On,637.21,942.91
1795002480000000000,2026-11-18T11:48:00Z,free response,1.954,8.37,129.93,358.82,307.18,12.51,16.87,100.0,2,On,609.72,969.1
1795002540000000000,2026-11-18T11:49:00Z,free response,2.082,8.184,8.32,316.46,0.46,12.59,18.46,2.49,1,On,583.62,985.82
1795002600000000000,2026-11-18T11:50:00Z,controller 1,1.938,8.758,190.37,51.65,358.63,12.63,17.03,100.0,1,On,537.36,957.75
1795002660000000000,2026-11-18T11:51:00Z,free response,2.07,8.619,40.86,258.14,440.04,12.72,18.27,100.0,1,On,1443.53,399.61
1795002720000000000,2026-11-18T11:52:00Z,free response,2.033,8.447,8.53,282.08,207.19,12.77,17.98,100.0,2,On,1440.12,408.19
1795002780000000000,2026-11-18T11:53:00Z,controller 1,1.981,8.841,72.84,201.26,12.55,12.81,16.53,75.92,1,On,1402.5,430.44
1795002840000000000,2026-11-18T11:54:00Z,controller 2,2.037,8.553,100.31,383.96,161.62,12.85,17.36,100.0,3,On,1414.69,422.2
1795002900000000000,2026-11-18T11:55:00Z,controller 2,2.031,8.692,129.46,160.26,229.72,12.87,18.93,100.0,2,On,1448.21,440.11
1795002960000000000,2026-11-18T11:56:00Z,controller 1,2.028,8.822,86.22,448.2,481.18,12.9,17.79,100.0,2,On,1412.18,434.21
1795003020000000000,2026-11-18T11:57:00Z,controller 1,2.04,8.533,180.53,89.25,334.99,12.97,19.1,100.0,3,On,1456.29,419.65
1795003080000000000,2026-11-18T11:58:00Z,free response,2.101,8.572,83.42,316.41,149.7,13.04,20.47,100.0,3,On,1460.95,448.06
1795003140000000000,2026-11-18T11:59:00Z,controller 1,2.035,8.829,21.17,132.18,179.38,13.08,17.63,100.0,1,On,1476.65,434.0
1795003200000000000,2026-11-18T12:00:00Z,controller 1,1.179,4.058,197.25,117.21,152.25,13.13,3.03,100.0,3,On,1444.01,453.88
1795003260000000000,2026-11-18T12:01:00Z,controller 1,1.285,3.822,155.56,405.4,305.61,13.21,3.45,100.0,3,On,1446.46,476.35
1795003320000000000,2026-11-18T12:02:00Z,free response,1.305,3.614,-9.34,383.04,333.41,13.26,3.25,100.0,2,On,1467.84,468.81
1795003380000000000,2026-11-18T12:03:00Z,controller 1,1.211,4.158,25.32,300.95,205.98,13.32,2.87,100.0,3,On,1500.0,469.33
1795003440000000000,2026-11-18T12:04:00Z,controller 1,1.2,3.749,-27.58,15.14,460.44,13.35,2.5,100.0,3,On,1500.0,469.93
1795003500000000000,2026-11-18T12:05:00Z,controller 1,1.167,3.921,-17.85,30.06,313.92,13.38,2.89,100.0,2,On,1465.5,444.35
1795003560000000000,2026-11-18T12:06:00Z,controller 2,1.276,3.587,70.44,225.89,386.16,13.41,2.7,100.0,2,On,1500.0,430.14
1795003620000000000,2026-11-18T12:07:00Z,controller 1,1.285,3.815,43.87,361.17,380.4,13.48,3.33,100.0,1,On,986.84,750.78
1795003680000000000,2026-11-18T12:08:00Z,controller 2,1.147,3.564,38.6,127.78,20.8,13.56,2.39,100.0,2,On,968.14,738.56
1795003740000000000,2026-11-18T12:09:00Z,controller 2,1.196,3.891,53.65,145.05,10.27,13.63,2.82,100.0,2,On,983.98,752.51
1795003800000000000,2026-11-18T12:10:00Z,free response,1.233,4.026,83.47,385.59,538.75,13.68,2.99,100.0,3,On,1001.31,776.16
1795003860000000000,2026-11-18T12:11:00Z,controller 2,1.153,3.473,74.48,294.07,118.39,13.71,2.48,100.0,1,On,1026.53,779.12
1795003920000000000,2026-11-18T12:12:00Z,free response,1.274,3.602,17.21,244.56,84.66,13.8,2.89,100.0,3,On,1040.66,779.07
1795003980000000000,2026-11-18T12:13:00Z,free response,1.246,3.898,126.18,293.29,498.22,13.85,2.8,100.0,1,On,1079.25,788.11
1795004040000000000,2026-11-18T12:14:00Z,free response,1.234,3.453,183.47,169.87,264.83,13.9,2.79,100.0,2,On,1036.27,770.98
1795004100000000000,2026-11-18T12:15:00Z,controller 2,1.14,3.753,62.65,159.16,398.82,13.98,2.57,100.0,2,On,1014.95,755.68
1795004160000000000,2026-11-18T12:16:00Z,controller 1,1.318,3.547,62.9,442.02,10.29,14.04,3.25,100.0,1,On,1004.84,782.74
1795004220000000000,2026-11-18T12:17:00Z,controller 2,1.213,3.849,64.42,417.35,596.82,14.1,2.69,100.0,3,On,962.72,804.7
1795004280000000000,2026-11-18T12:18:00Z,controller 2,1.166,3.525,171.07,165.46,261.4,14.15,2.47,100.0,2,On,915.24,781.35
1795004340000000000,2026-11-18T12:19:00Z,controller 1,1.237,4.104,169.8,354.55,439.35,14.2,3.18,100.0,3,On,930.58,774.27
1795004400000000000,2026-11-18T12:20:00Z,controller 1,1.246,3.438,-6.16,239.75,474.5,14.25,2.76,100.0,1,On,1079.29,747.27
1795004460000000000,2026-11-18T12:21:00Z,controller 1,1.158,4.074,187.17,297.0,64.21,14.28,2.83,100.0,2,On,1101.44,758.99
1795004520000000000,2026-11-18T12:22:00Z,controller 2,1.291,3.848,133.29,292.86,16.37,14.33,3.39,100.0,2,On,1067.48,746.93
1795004580000000000,2026-11-18T12:23:00Z,controller 2,1.294,3.941,140.83,416.82,61.78,14.37,3.36,100.0,3,On,1030.43,764.07
1795004640000000000,2026-11-18T12:24:00Z,free response,1.317,3.42,-10.55,161.35,393.58,14.46,2.95,100.0,1,On,990.56,786.35
1795004700000000000,2026-11-18T12:25:00Z,controller 1,1.21,4.022,191.97,273.5,373.3,14.5,2.85,100.0,1,On,988.51,814.9
1795004760000000000,2026-11-18T12:26:00Z,free response,1.218,3.391,164.29,422.65,237.42,14.55,2.59,100.0,3,On,1026.55,803.4
1795004820000000000,2026-11-18T12:27:00Z,controller 1,1.304,4.089,33.59,213.19,197.48,14.59,3.49,100.0,2,On,1067.23,786.7
1795004880000000000,2026-11-18T12:28:00Z,controller 2,1.29,3.636,60.44,287.82,445.68,14.65,3.13,100.0,1,On,1055.12,801.72
1795004940000000000,2026-11-18T12:29:00Z,controller 2,1.262,3.51,145.27,97.1,85.68,14.67,2.87,100.0,1,On,1068.26,795.95
1795005000000000000,2026-11-18T12:30:00Z,controller 2,2.757,13.581,135.48,391.33,237.47,14.72,53.88,100.0,2,On,1082.37,821.57
1795005060000000000,2026-11-18T12:31:00Z,free response,2.762,13.74,-0.29,124.17,125.55,14.77,51.43,100.0,1,On,1084.28,799.98
1795005120000000000,2026-11-18T12:32:00Z,controller 2,2.851,13.327,100.27,23.93,87.82,14.86,49.51,100.0,2,On,1121.58,828.24
1795005180000000000,2026-11-18T12:33:00Z,controller 2,2.764,13.524,166.33,423.44,166.78,14.89,55.09,100.0,1,On,1095.53,838.58
1795005240000000000,2026-11-18T12:34:00Z,controller 1,2.877,13.509,46.95,345.69,392.13,14.92,59.17,100.0,2,On,1135.57,835.75
1795005300000000000,2026-11-18T12:35:00Z,controller 2,2.888,13.423,92.68,107.09,543.97,14.95,55.48,100.0,3,On,1180.34,826.78
1795005360000000000,2026-11-18T12:36:00Z,controller 2,2.88,13.399,136.38,104.52,483.51,15.02,53.51,100.0,2,On,1156.97,830.81
1795005420000000000,2026-11-18T12:37:00Z,controller 1,2.767,13.639,-11.85,228.23,407.84,15.1,48.99,100.0,2,On,1156.27,829.04
1795005480000000000,2026-11-18T12:38:00Z,controller 2,2.82,13.362,81.2,385.06,175.76,15.13,54.29,100.0,3,On,1131.17,831.51
1795005540000000000,2026-11-18T12:39:00Z,free response,2.801,13.256,102.32,181.09,183.5,15.18,51.01,100.0,1,On,1122.9,848.16
1795005600000000000,2026-11-18T12:40:00Z,free response,2.724,13.573,59.1,133.12,91.53,15.25,47.38,100.0,3,On,1079.4,830.91
1795005660000000000,2026-11-18T12:41:00Z,controller 2,2.892,13.747,108.91,39.81,449.2,15.32,58.94,100.0,2,On,1035.06,843.41
1795005720000000000,2026-11-18T12:42:00Z,free response,2.885,13.467,-26.45,216.58,369.72,15.41,61.3,100.0,2,On,1296.52,871.92
1795005780000000000,2026-11-18T12:43:00Z,controller 2,2.738,13.206,160.8,312.17,533.28,15.46,49.96,100.0,3,On,1295.88,884.45
1795005840000000000,2026-11-18T12:44:00Z,controller 1,2.832,13.351,-23.93,436.09,231.22,15.53,54.55,100.0,1,On,1293.9,867.14
1795005900000000000,2026-11-18T12:45:00Z,controller 1,2.882,13.6,95.36,388.38,125.54,15.56,54.62,100.0,2,On,1302.69,853.91
1795005960000000000,2026-11-18T12:46:00Z,controller 1,2.86,13.213,166.78,429.65,163.53,15.62,54.11,100.0,1,On,1336.86,880.0
1795006020000000000,2026-11-18T12:47:00Z,controller 2,2.728,13.252,49.0,54.93,576.01,15.66,45.35,100.0,3,On,1355.65,878.39
1795006080000000000,2026-11-18T12:48:00Z,controller 1,2.748,13.036,180.04,371.13,540.14,15.73,44.44,100.0,3,On,1354.48,857.43
1795006140000000000,2026-11-18T12:49:00Z,controller 2,2.871,13.759,13.24,40.3,227.1,15.81,56.48,100.0,1,On,1352.53,860.7
1795006200000000000,2026-11-18T12:50:00Z,controller 2,2.741,13.109,101.52,367.33,242.46,15.84,49.16,100.0,1,On,1346.72,869.37
1795006260000000000,2026-11-18T12:51:00Z,controller 2,2.828,13.509,154.99,10.56,553.29,15.89,48.67,100.0,1,On,1391.25,846.89
1795006320000000000,2026-11-18T12:52:00Z,controller 1,2.831,13.411,78.45,174.12,211.63,15.92,50.55,100.0,1,On,1377.49,866.97
1795006380000000000,2026-11-18T12:53:00Z,controller 1,2.854,13.544,11.57,222.45,475.88,15.97,50.74,100.0,1,On,1330.64,878.41
1795006440000000000,2026-11-18T12:54:00Z,controller 2,2.859,13.104,161.92,143.74,553.25,16.0,49.53,100.0,3,On,1294.65,859.25
1795006500000000000,2026-11-18T12:55:00Z,controller 2,2.812,13.151,142.13,381.3,284.59,15.99,51.81,100.0,3,On,1287.52,851.76
1795006560000000000,2026-11-18T12:56:00Z,controller 2,2.783,13.125,33.82,269.78,75.18,15.95,46.81,100.0,1,On,1296.44,837.04
1795006620000000000,2026-11-18T12:57:00Z,controller 1,2.866,13.593,7.94,134.89,475.46,15.94,57.49,100.0,3,Starting,1281.04,855.8
1795006680000000000,2026-11-18T12:58:00Z,controller 1,2.781,13.24,61.96,30.91,75.7,15.91,52.26,100.0,1,Starting,1257.85,860.43
1795006740000000000,2026-11-18T12:59:00Z,free response,2.864,13.184,6.39,116.17,327.75,15.91,54.28,100.0,1,Starting,1267.01,849.84
1795006800000000000,2026-11-18T13:00:00Z,free response,2.518,1.061,59.06,192.02,256.66,15.9,3.56,100.0,1,Starting,1289.44,860.94
1795006860000000000,2026-11-18T13:01:00Z,controller 2,2.552,1.178,184.57,15.27,376.51,15.88,3.66,100.0,1,Starting,1306.83,878.44
1795006920000000000,2026-11-18T13:02:00Z,controller 2,2.568,1.238,118.45,99.81,33.4,15.85,3.72,100.0,3,Starting,1323.21,887.84
1795006980000000000,2026-11-18T13:03:00Z,free response,2.454,1.184,87.79,52.58,124.07,15.83,3.72,100.0,1,Starting,1286.83,892.64
1795007040000000000,2026-11-18T13:04:00Z,free response,2.564,1.376,167.81,101.11,269.66,15.81,4.45,100.0,2,Starting,1254.09,872.75
1795007100000000000,2026-11-18T13:05:00Z,free response,2.453,1,29.52,312.98,592.97,15.8,3.28,100.0,1,Starting,1284.87,864.14
1795007160000000000,2026-11-18T13:06:00Z,controller 1,2.431,1.382,179.76,319.82,320.73,15.77,3.85,100.0,1,Starting,1323.61,867.9
1795007220000000000,2026-11-18T13:07:00Z,free response,2.45,1,121.78,172.15,394.37,15.74,2.9,100.0,2,Starting,1338.77,854.42
1795007280000000000,2026-11-18T13:08:00Z,controller 2,2.484,1.206,198.95,344.86,26.82,15.71,3.53,100.0,2,Starting,1335.94,864.22
1795007340000000000,2026-11-18T13:09:00Z,controller 2,2.544,1.253,61.41,416.59,490.68,15.7,4.33,100.0,1,Starting,1350.46,849.9
1795007400000000000,2026-11-18T13:10:00Z,free response,2.483,1.44,1.24,418.28,508.99,15.68,4.88,100.0,1,Starting,1301.23,862.28
1795007460000000000,2026-11-18T13:11:00Z,controller 2,2.6,1,148.02,292.03,408.17,15.68,3.63,100.0,3,Starting,1331.08,860.06
1795007520000000000,2026-11-18T13:12:00Z,free response,2.566,1,76.24,35.18,533.12,15.66,3.29,100.0,2,Starting,1313.06,847.05
1795007580000000000,2026-11-18T13:13:00Z,free response,2.502,1,94.95,288.63,216.72,15.66,3.2,100.0,2,Starting,1327.85,868.98
1795007640000000000,2026-11-18T13:14:00Z,free response,2.453,1,35.23,47.48,147.84,15.65,3.11,100.0,2,Starting,1357.34,843.62
1795007700000000000,2026-11-18T13:15:00Z,free response,2.507,1.015,137.08,203.45,572.06,15.64,3.21,100.0,1,Starting,1315.45,867.46
1795007760000000000,2026-11-18T13:16:00Z,controller 2,2.462,1.379,184.2,110.4,236.75,15.63,3.94,100.0,3,Starting,1314.63,852.27
1795007820000000000,2026-11-18T13:17:00Z,controller 2,2.596,1.247,64.99,63.78,208.69,15.6,3.97,100.0,2,Starting,1351.85,871.3
1795007880000000000,2026-11-18T13:18:00Z,free response,2.509,1,-17.86,410.04,257.01,15.57,3.21,100.0,2,Starting,1276.62,780.32
1795007940000000000,2026-11-18T13:19:00Z,free response,2.466,1.279,-11.61,37.79,437.57,15.54,4.16,100.0,1,Starting,1324.7,781.05
1795008000000000000,2026-11-18T13:20:00Z,controller 1,2.488,1,59.66,171.84,406.87,15.51,2.81,100.0,2,Starting,1289.29,764.17
1795008060000000000,2026-11-18T13:21:00Z,free response,2.524,1,81.64,353.96,124.24,15.49,3.15,100.0,3,Starting,1297.89,758.34
1795008120000000000,2026-11-18T13:22:00Z,controller 2,2.49,1.015,195.53,261.13,324.45,15.48,3.32,100.0,2,Starting,1295.68,775.12
1795008180000000000,2026-11-18T13:23:00Z,controller 1,2.43,1.104,135.24,92.4,392.28,15.47,3.13,100.0,1,Starting,1295.52,749.6
1795008240000000000,2026-11-18T13:24:00Z,controller 1,2.558,1.052,163.03,200.34,109.2,15.46,3.3,100.0,3,Starting,1286.29,773.38
1795008300000000000,2026-11-18T13:25:00Z,controller 2,2.562,1.411,49.55,355.53,187.95,15.44,4.36,100.0,1,Starting,1314.22,760.87
1795008360000000000,2026-11-18T13:26:00Z,controller 2,2.482,1,129.0,251.53,592.99,15.42,3.38,100.0,2,Starting,1320.03,780.11
1795008420000000000,2026-11-18T13:27:00Z,controller 2,2.453,1.402,70.58,61.1,107.04,15.4,4.23,100.0,2,Starting,1353.36,766.9
1795008480000000000,2026-11-18T13:28:00Z,free response,2.483,1.147,-23.34,356.45,252.33,15.37,3.46,100.0,1,Starting,1340.14,793.79
1795008540000000000,2026-11-18T13:29:00Z,controller 2,2.449,1.388,-25.8,150.19,233.11,15.36,3.88,100.0,3,Starting,1370.66,800.44
1795008600000000000,2026-11-18T13:30:00Z,controller 2,1.664,13.165,-4.58,100.31,307.48,15.34,17.94,100.0,2,Starting,1385.26,784.86
1795008660000000000,2026-11-18T13:31:00Z,free response,1.567,12.763,189.89,216.59,447.97,15.32,16.59,100.0,1,Starting,1427.09,758.14
1795008720000000000,2026-11-18T13:32:00Z,controller 2,1.54,13.228,158.67,262.9,232.16,15.31,16.02,100.0,1,Starting,1395.6,756.61
1795008780000000000,2026-11-18T13:33:00Z,controller 2,1.64,13.179,179.5,50.69,159.65,15.3,16.9,100.0,2,Starting,1400.49,771.3
1795008840000000000,2026-11-18T13:34:00Z,controller 2,1.584,12.975,110.52,210.12,160.29,15.27,17.2,100.0,1,Starting,1367.52,763.3
1795008900000000000,2026-11-18T13:35:00Z,controller 2,1.559,12.785,22.32,130.62,387.02,15.26,15.67,100.0,3,Starting,1338.34,783.15
1795008960000000000,2026-11-18T13:36:00Z,controller 1,1.593,12.823,82.05,278.36,42.23,15.24,16.45,100.0,2,Starting,1357.71,800.92
1795009020000000000,2026-11-18T13:37:00Z,controller 1,1.611,13.127,169.84,44.11,564.42,15.23,15.39,100.0,1,On,1375.42,783.41
1795009080000000000,2026-11-18T13:38:00Z,controller 1,1.704,12.609,35.75,406.04,345.16,15.22,18.86,100.0,2,On,1328.18,772.88
1795009140000000000,2026-11-18T13:39:00Z,controller 2,1.702,13.291,-17.76,156.05,474.34,15.19,18.11,100.0,2,On,1346.71,760.54
1795009200000000000,2026-11-18T13:40:00Z,controller 2,1.687,12.615,15.16,71.14,461.85,15.18,17.67,100.0,2,On,1350.56,745.94
1795009260000000000,2026-11-18T13:41:00Z,controller 2,1.689,13.273,101.01,316.33,202.33,15.16,17.16,100.0,3,On,1346.31,726.51
1795009320000000000,2026-11-18T13:42:00Z,controller 1,1.636,13.178,36.09,411.29,111.38,15.15,16.68,100.0,3,On,1365.9,723.15
1795009380000000000,2026-11-18T13:43:00Z,free response,1.56,12.928,175.02,295.16,99.72,15.12,14.62,100.0,1,On,1384.86,739.46
1795009440000000000,2026-11-18T13:44:00Z,controller 2,1.71,13.175,85.01,391.57,120.4,15.1,20.41,100.0,3,On,1378.77,743.64
1795009500000000000,2026-11-18T13:45:00Z,free response,1.595,12.835,8.25,233.72,378.93,15.08,15.13,100.0,2,On,777.98,507.49
1795009560000000000,2026-11-18T13:46:00Z,free response,1.71,12.781,149.31,342.96,110.07,15.05,18.78,100.0,1,On,797.45,487.15
1795009620000000000,2026-11-18T13:47:00Z,free response,1.554,13.337,91.58,81.22,156.09,15.03,15.65,100.0,3,On,826.21,500.34
1795009680000000000,2026-11-18T13:48:00Z,controller 1,1.597,12.751,157.06,313.06,271.4,15.0,16.64,100.0,1,On,849.79,514.28
1795009740000000000,2026-11-18T13:49:00Z,controller 1,1.593,12.596,117.87,283.46,6.07,14.97,15.28,39.73,3,On,818.07,520.83
1795009800000000000,2026-11-18T13:50:00Z,controller 2,1.567,13.225,167.29,276.0,101.92,14.96,15.93,100.0,2,On,768.93,541.87
1795009860000000000,2026-11-18T13:51:00Z,free response,1.607,12.981,10.79,221.88,332.47,14.94,16.76,100.0,3,On,802.49,533.29
1795009920000000000,2026-11-18T13:52:00Z,free response,1.557,13.086,97.84,29.16,123.83,14.94,15.58,100.0,1,On,791.59,554.92
1795009980000000000,2026-11-18T13:53:00Z,controller 2,1.71,12.617,-3.29,384.85,579.98,14.91,17.67,100.0,1,On,772.3,572.81
1795010040000000000,2026-11-18T13:54:00Z,free response,1.705,12.798,108.58,443.62,189.23,14.9,17.88,100.0,3,On,783.59,569.04
1795010100000000000,2026-11-18T13:55:00Z,free response,1.693,13.221,121.63,45.52,589.57,14.86,19.94,100.0,3,On,783.92,588.88
1795010160000000000,2026-11-18T13:56:00Z,free response,1.585,13.024,18.92,53.9,502.24,14.84,15.8,100.0,2,On,829.52,594.43
1795010220000000000,2026-11-18T13:57:00Z,free response,1.575,12.708,133.6,324.56,165.97,14.83,14.75,100.0,1,On,805.32,604.02
1795010280000000000,2026-11-18T13:58:00Z,controller 2,1.547,13.059,138.09,19.4,464.2,14.82,14.26,100.0,2,On,811.37,601.98
1795010340000000000,2026-11-18T13:59:00Z,free response,1.617,13.155,172.47,171.5,502.2,14.8,17.6,100.0,2,On,856.09,596.67
1795010400000000000,2026-11-18T14:00:00Z,free response,1.489,8.907,114.45,84.61,331.87,14.78,9.29,100.0,1,On,823.71,569.38
1795010460000000000,2026-11-18T14:01:00Z,controller 1,1.468,8.875,180.51,43.77,124.21,14.76,8.71,100.0,1,On,778.62,577.76
1795010520000000000,2026-11-18T14:02:00Z,controller 1,1.512,9.13,118.95,19.13,19.4,14.75,10.2,100.0,3,On,825.88,563.73
1795010580000000000,2026-11-18T14:03:00Z,controller 1,1.48,9.52,105.63,114.43,164.8,14.73,10.94,100.0,1,On,793.7,535.08
1795010640000000000,2026-11-18T14:04:00Z,free response,1.547,9.181,31.09,191.54,520.54,14.7,10.1,100.0,3,On,826.92,544.99
1795010700000000000,2026-11-18T14:05:00Z,controller 2,1.473,8.858,166.73,414.06,217.69,14.67,8.9,100.0,2,On,832.92,535.36
1795010760000000000,2026-11-18T14:06:00Z,free response,1.529,9.136,122.04,447.08,101.46,14.64,11.21,100.0,3,On,824.22,532.7
1795010820000000000,2026-11-18T14:07:00Z,controller 1,1.576,8.755,159.91,367.21,179.57,14.62,10.31,100.0,2,On,810.97,544.49
1795010880000000000,2026-11-18T14:08:00Z,controller 1,1.466,9.186,86.87,54.3,573.13,14.61,9.22,100.0,2,On,808.29,557.03
1795010940000000000,2026-11-18T14:09:00Z,controller 1,1.466,9.392,28.45,130.89,151.82,14.59,10.99,100.0,3,On,843.47,568.08
1795011000000000000,2026-11-18T14:10:00Z,controller 2,1.47,9.168,160.76,385.85,569.73,14.58,8.99,100.0,3,On,819.32,538.16
1795011060000000000,2026-11-18T14:11:00Z,controller 1,1.532,8.853,125.58,264.81,354.84,14.55,9.68,100.0,3,On,807.42,544.32
1795011120000000000,2026-11-18T14:12:00Z,controller 2,1.542,9.361,-4.95,249.4,372.13,14.54,11.67,100.0,1,On,788.66,567.63
1795011180000000000,2026-11-18T14:13:00Z,controller 1,1.571,9.387,179.37,135.32,49.38,14.51,11.49,100.0,3,On,826.21,559.33
1795011240000000000,2026-11-18T14:14:00Z,controller 2,1.568,9.252,-12.58,86.21,178.74,14.47,11.49,100.0,1,On,793.41,530.56
1795011300000000000,2026-11-18T14:15:00Z,free response,1.589,9.242,122.64,397.5,254.71,14.44,10.59,100.0,3,On,782.57,532.03
1795011360000000000,2026-11-18T14:16:00Z,controller 2,1.475,9.028,66.64,270.44,318.91,14.43,9.28,100.0,2,On,742.98,557.77
1795011420000000000,2026-11-18T14:17:00Z,free response,1.535,8.999,69.35,240.7,428.6,14.42,10.61,100.0,1,On,761.36,554.22
1795011480000000000,2026-11-18T14:18:00Z,free response,1.594,9.22,117.41,46.14,385.96,14.38,10.68,100.0,3,On,756.37,555.13
1795011540000000000,2026-11-18T14:19:00Z,controller 1,1.55,8.995,185.09,331.89,141.09,14.37,11.16,100.0,2,On,708.73,545.93
1795011600000000000,2026-11-18T14:20:00Z,controller 2,1.46,9.313,157.44,149.4,395.53,14.36,9.28,100.0,2,On,682.15,532.22
1795011660000000000,2026-11-18T14:21:00Z,free response,1.601,8.909,4.15,138.94,581.59,14.35,10.45,100.0,3,On,691.02,549.14
1795011720000000000,2026-11-18T14:22:00Z,controller 1,1.571,9.216,100.95,242.9,395.74,14.33,10.48,100.0,1,On,641.86,523.53
1795011780000000000,2026-11-18T14:23:00Z,controller 1,1.537,9.451,195.9,221.42,229.01,14.31,11.81,100.0,2,On,650.55,516.04
1795011840000000000,2026-11-18T14:24:00Z,controller 2,1.521,8.855,116.99,275.41,110.6,14.29,9.36,100.0,1,On,795.3,642.83
1795011900000000000,2026-11-18T14:25:00Z,controller 2,1.573,9.298,121.06,50.5,172.44,14.27,11.19,100.0,2,On,816.38,631.64
1795011960000000000,2026-11-18T14:26:00Z,free response,1.495,9.285,78.2,241.28,346.1,14.25,10.39,100.0,2,On,782.1,618.47
1795012020000000000,2026-11-18T14:27:00Z,controller 1,1.596,9.027,76.36,437.13,573.93,14.22,11.14,100.0,2,On,777.03,619.67
1795012080000000000,2026-11-18T14:28:00Z,free response,1.488,9.515,10.4,415.83,378.04,14.2,9.71,100.0,1,On,766.18,626.26
1795012140000000000,2026-11-18T14:29:00Z,free response,1.554,9.023,3.59,137.82,321.82,14.18,10.15,100.0,2,On,731.35,643.08
1795012200000000000,2026-11-18T14:30:00Z,free response,2.763,13.114,-11.93,182.4,84.04,14.17,52.71,100.0,1,On,758.2,665.05
1795012260000000000,2026-11-18T14:31:00Z,free response,2.832,13.138,145.59,16.24,558.04,14.16,50.31,100.0,1,On,726.37,673.08
1795012320000000000,2026-11-18T14:32:00Z,controller 2,2.749,13.266,114.54,320.81,533.58,14.15,54.49,100.0,1,On,715.54,679.09
1795012380000000000,2026-11-18T14:33:00Z,controller 2,2.839,13.021,97.13,13.13,103.67,14.13,55.62,100.0,2,On,666.75,652.96
1795012440000000000,2026-11-18T14:34:00Z,controller 2,2.68,13.404,98.23,131.13,470.51,14.12,48.21,100.0,1,On,683.06,653.02
1795012500000000000,2026-11-18T14:35:00Z,free response,2.823,13.041,79.63,348.06,581.54,14.09,48.05,100.0,1,On,649.8,657.86
1795012560000000000,2026-11-18T14:36:00Z,free response,2.674,13.43,164.72,67.7,19.45,14.08,46.0,42.28,2,On,648.71,685.09
1795012620000000000,2026-11-18T14:37:00Z,controller 1,2.709,12.979,191.63,137.58,353.58,14.05,45.72,100.0,2,On,613.47,685.74
1795012680000000000,2026-11-18T14:38:00Z,controller 2,2.677,12.91,115.53,366.04,221.23,14.03,49.37,100.0,1,On,638.63,704.1
1795012740000000000,2026-11-18T14:39:00Z,controller 2,2.675,13.283,-12.92,119.23,110.39,14.02,45.99,100.0,3,On,657.35,731.86
1795012800000000000,2026-11-18T14:40:00Z,controller 2,2.836,13.516,162.06,330.7,333.03,13.99,49.91,100.0,1,On,773.66,541.3
1795012860000000000,2026-11-18T14:41:00Z,controller 1,2.662,13.25,44.91,103.37,490.04,13.98,49.81,100.0,1,On,802.43,561.81
1795012920000000000,2026-11-18T14:42:00Z,free response,2.784,13.463,52.02,34.9,89.39,13.97,55.45,100.0,3,On,829.42,534.52
1795012980000000000,2026-11-18T14:43:00Z,free response,2.79,13.186,111.52,148.95,379.49,13.94,49.05,100.0,3,On,844.81,537.41
1795013040000000000,2026-11-18T14:44:00Z,controller 2,2.829,13.168,52.12,364.79,241.13,13.93,56.12,100.0,3,On,796.16,512.51
1795013100000000000,2026-11-18T14:45:00Z,free response,2.791,13.051,97.31,336.91,158.7,13.91,53.34,100.0,2,On,825.8,490.07
1795013160000000000,2026-11-18T14:46:00Z,controller 1,2.805,12.848,197.17,358.64,521.37,13.9,52.6,100.0,3,On,848.84,486.54
1795013220000000000,2026-11-18T14:47:00Z,free response,2.665,12.872,28.77,330.96,201.7,13.89,45.4,100.0,2,On,814.13,509.16
1795013280000000000,2026-11-18T14:48:00Z,free response,2.759,13.275,1.26,178.25,412.47,13.85,47.98,100.0,1,On,779.25,525.27
1795013340000000000,2026-11-18T14:49:00Z,controller 1,2.762,13.335,180.72,399.65,186.48,13.84,50.82,100.0,3,On,785.58,552.86
1795013400000000000,2026-11-18T14:50:00Z,controller 1,2.706,13.251,-6.75,217.26,518.14,13.81,45.98,100.0,3,On,778.63,554.09
1795013460000000000,2026-11-18T14:51:00Z,free response,2.685,13.006,9.81,311.53,442.06,13.79,43.3,100.0,3,On,794.29,543.83
1795013520000000000,2026-11-18T14:52:00Z,controller 1,2.676,13.326,-22.14,415.43,12.7,13.76,50.44,25.18,1,On,781.01,515.48
1795013580000000000,2026-11-18T14:53:00Z,controller 2,2.664,13.547,101.06,170.4,418.7,13.75,46.7,100.0,2,On,741.63,492.86
1795013640000000000,2026-11-18T14:54:00Z,controller 2,2.713,13.064,165.09,101.7,269.79,13.74,48.91,100.0,1,On,726.07,501.66
1795013700000000000,2026-11-18T14:55:00Z,controller 2,2.758,13.361,52.46,30.58,95.47,13.71,47.05,100.0,2,On,689.01,498.08
1795013760000000000,2026-11-18T14:56:00Z,controller 1,2.692,13.105,101.38,18.03,439.03,13.69,51.71,100.0,1,On,724.02,511.5
1795013820000000000,2026-11-18T14:57:00Z,controller 2,2.825,13.037,193.49,37.85,375.69,13.67,49.61,100.0,2,On,740.31,482.89
1795013880000000000,2026-11-18T14:58:00Z,controller 1,2.836,13.216,187.52,394.7,451.27,13.64,48.95,100.0,2,On,765.67,509.6
1795013940000000000,2026-11-18T14:59:00Z,free response,2.743,12.918,47.19,243.14,405.65,13.61,51.66,100.0,3,On,736.06,528.63
1795014000000000000,2026-11-18T15:00:00Z,controller 1,0.885,10.508,15.24,334.84,78.69,13.6,4.24,100.0,1,On,767.07,501.64
1795014060000000000,2026-11-18T15:01:00Z,controller 1,0.879,10.095,112.21,365.46,386.17,13.58,3.88,100.0,3,On,726.09,519.39
1795014120000000000,2026-11-18T15:02:00Z,controller 1,0.849,10.315,120.89,18.91,310.14,13.54,3.63,100.0,3,On,702.37,490.24
1795014180000000000,2026-11-18T15:03:00Z,controller 1,0.849,9.813,-28.7,367.25,526.81,13.52,3.71,100.0,3,On,665.3,509.74
1795014240000000000,2026-11-18T15:04:00Z,free response,0.747,10.015,54.41,49.22,408.52,13.5,2.74,100.0,3,Off,1386.7,390.24
1795014300000000000,2026-11-18T15:05:00Z,controller 1,0.83,9.905,146.11,436.16,190.23,13.49,3.37,100.0,2,Off,1424.12,410.14
1795014360000000000,2026-11-18T15:06:00Z,controller 2,0.874,10.067,155.92,13.62,7.6,13.49,3.53,100.0,1,Off,1416.21,431.96
1795014420000000000,2026-11-18T15:07:00Z,free response,0.734,9.817,-26.17,290.28,87.04,13.48,2.73,100.0,2,Off,1391.6,413.81
1795014480000000000,2026-11-18T15:08:00Z,controller 1,0.858,10.099,34.08,178.64,198.69,13.46,3.94,100.0,1,Off,1061.6,883.57
1795014540000000000,2026-11-18T15:09:00Z,controller 1,0.715,9.834,180.9,99.14,344.78,13.45,2.49,100.0,2,Off,1026.73,856.03
1795014600000000000,2026-11-18T15:10:00Z,controller 2,0.827,9.819,-2.25,68.95,257.7,13.43,3.54,100.0,3,Off,999.07,875.68
1795014660000000000,2026-11-18T15:11:00Z,controller 1,0.778,9.927,133.92,43.45,45.98,13.41,3.01,100.0,2,Off,1009.09,847.6
1795014720000000000,2026-11-18T15:12:00Z,free response,0.814,10.134,121.27,46.76,453.61,13.39,3.51,100.0,1,Off,1015.39,845.55
1795014780000000000,2026-11-18T15:13:00Z,free response,0.776,10.184,-13.77,211.58,303.2,13.38,3.34,100.0,3,Off,1046.53,853.09
1795014840000000000,2026-11-18T15:14:00Z,controller 2,0.739,9.839,105.38,44.43,314.84,13.35,2.56,100.0,2,Off,1035.22,865.28
1795014900000000000,2026-11-18T15:15:00Z,controller 2,0.819,10.16,18.11,339.78,510.14,13.35,3.62,100.0,2,Off,1028.49,882.5
1795014960000000000,2026-11-18T15:16:00Z,controller 2,0.808,10.148,144.94,42.07,567.84,13.33,3.57,100.0,3,Off,996.67,858.87
1795015020000000000,2026-11-18T15:17:00Z,controller 2,0.859,10.351,-24.11,177.66,112.02,13.31,4.11,100.0,2,Off,960.56,864.45
1795015080000000000,2026-11-18T15:18:00Z,controller 2,0.866,10.061,20.75,360.92,89.23,13.3,4.11,100.0,1,Off,1008.43,853.08
1795015140000000000,2026-11-18T15:19:00Z,free response,0.71,9.91,113.57,428.45,211.89,13.28,2.59,100.0,3,Off,1001.83,882.83
1795015200000000000,2026-11-18T15:20:00Z,controller 2,0.814,10.508,101.83,231.22,391.61,13.25,3.73,100.0,2,Off,1004.19,873.88
1795015260000000000,2026-11-18T15:21:00Z,controller 2,0.737,10.361,182.86,283.58,432.83,13.23,2.6,100.0,1,Off,986.62,868.93
1795015320000000000,2026-11-18T15:22:00Z,free response,0.849,9.836,36.02,345.29,353.18,13.21,3.35,100.0,3,Off,984.7,844.54
1795015380000000000,2026-11-18T15:23:00Z,controller 2,0.834,10.334,199.43,123.35,575.62,13.18,3.64,100.0,3,Off,1017.73,831.8
1795015440000000000,2026-11-18T15:24:00Z,controller 2,0.737,10.37,-6.21,37.5,571.46,13.16,2.69,100.0,2,Off,661.53,786.33
1795015500000000000,2026-11-18T15:25:00Z,controller 1,0.732,10.291,-21.94,160.79,206.36,13.15,2.52,100.0,1,Off,659.85,804.09
1795015560000000000,2026-11-18T15:26:00Z,free response,0.759,10.551,88.55,264.42,302.96,13.14,3.23,100.0,2,Off,637.11,804.89
1795015620000000000,2026-11-18T15:27:00Z,controller 2,0.739,9.987,-20.28,47.52,53.62,13.1,2.82,100.0,1,Off,681.12,828.89
1795015680000000000,2026-11-18T15:28:00Z,controller 1,0.848,9.871,-0.41,275.46,20.46,13.08,3.41,100.0,1,Off,696.32,826.26
1795015740000000000,2026-11-18T15:29:00Z,controller 2,0.855,10.002,120.16,225.58,458.27,13.05,3.49,100.0,3,Off,708.08,832.81
1795015800000000000,2026-11-18T15:30:00Z,controller 2,2.894,9.775,101.75,395.01,503.51,13.02,43.61,100.0,2,Off,727.37,844.47
1795015860000000000,2026-11-18T15:31:00Z,controller 1,2.936,9.726,89.19,62.18,128.1,13.0,37.88,100.0,3,Off,724.51,871.71
1795015920000000000,2026-11-18T15:32:00Z,free response,2.962,9.875,159.23,148.72,449.98,12.98,46.6,100.0,1,Off,723.61,881.33
1795015980000000000,2026-11-18T15:33:00Z,controller 1,3,9.999,144.69,389.97,160.06,12.96,41.04,100.0,1,Off,769.37,853.3
1795016040000000000,2026-11-18T15:34:00Z,controller 1,2.932,10.067,-13.59,4.77,392.27,12.95,39.6,100.0,2,Off,804.6,856.46
1795016100000000000,2026-11-18T15:35:00Z,free response,2.993,9.93,39.46,32.46,400.61,12.93,43.14,100.0,2,Off,848.77,829.55
1795016160000000000,2026-11-18T15:36:00Z,controller 2,3,10.087,161.24,382.99,302.68,12.92,48.83,100.0,3,Off,819.53,849.71
1795016220000000000,2026-11-18T15:37:00Z,controller 2,2.914,9.745,185.24,416.16,139.33,12.91,37.83,100.0,3,Off,776.23,865.03
1795016280000000000,2026-11-18T15:38:00Z,controller 2,3,10.092,107.36,120.24,34.35,12.89,42.84,80.18,3,Off,824.55,860.52
1795016340000000000,2026-11-18T15:39:00Z,controller 2,2.943,9.436,153.5,230.35,449.83,12.86,43.17,100.0,3,Off,819.35,853.96
1795016400000000000,2026-11-18T15:40:00Z,controller 1,2.883,10.09,2.41,257.88,370.82,12.83,44.99,100.0,3,Off,830.27,841.05
1795016460000000000,2026-11-18T15:41:00Z,controller 2,2.873,9.852,170.89,395.91,210.74,12.8,39.39,100.0,2,Off,876.14,811.05
1795016520000000000,2026-11-18T15:42:00Z,free response,2.955,9.878,40.24,282.34,105.75,12.78,39.04,100.0,2,Off,871.54,828.61
1795016580000000000,2026-11-18T15:43:00Z,controller 2,3,9.917,181.74,105.15,254.66,12.74,43.06,100.0,1,Off,843.75,853.07
1795016640000000000,2026-11-18T15:44:00Z,controller 2,2.962,9.433,15.91,297.37,230.14,12.71,42.5,100.0,1,Off,846.62,872.46
1795016700000000000,2026-11-18T15:45:00Z,free response,2.93,9.727,175.2,230.89,566.46,12.69,40.96,100.0,1,Off,889.09,843.63
1795016760000000000,2026-11-18T15:46:00Z,controller 2,3,9.38,88.62,321.36,90.98,12.67,40.6,100.0,3,Off,873.73,848.04
1795016820000000000,2026-11-18T15:47:00Z,controller 2,2.883,9.961,54.76,160.22,240.34,12.63,39.18,100.0,2,Off,875.81,830.91
1795016880000000000,2026-11-18T15:48:00Z,controller 2,2.916,9.45,95.78,269.74,145.92,12.6,40.31,100.0,1,Off,921.41,806.15
1795016940000000000,2026-11-18T15:49:00Z,free response,2.886,10.059,90.04,189.68,321.78,12.58,45.68,100.0,1,Off,895.44,815.56
1795017000000000000,2026-11-18T15:50:00Z,controller 2,2.947,9.738,-18.39,283.99,335.71,12.56,38.7,100.0,3,Off,629.7,912.06
1795017060000000000,2026-11-18T15:51:00Z,controller 1,2.961,9.549,178.39,240.28,365.82,12.56,38.65,100.0,3,Off,628.13,893.31
1795017120000000000,2026-11-18T15:52:00Z,controller 2,2.951,10.071,197.34,51.75,400.09,12.54,46.77,100.0,1,Off,611.78,920.12
1795017180000000000,2026-11-18T15:53:00Z,controller 2,3,9.753,152.9,37.55,246.13,12.53,47.63,100.0,3,Off,582.73,924.2
1795017240000000000,2026-11-18T15:54:00Z,controller 1,2.946,9.811,192.76,128.5,117.43,12.5,44.88,100.0,2,Off,597.67,938.54
1795017300000000000,2026-11-18T15:55:00Z,free response,3,9.981,142.89,397.82,143.26,12.48,46.12,100.0,3,Off,626.09,966.29
1795017360000000000,2026-11-18T15:56:00Z,controller 1,2.9,9.835,109.78,155.94,381.96,12.45,38.04,100.0,3,Off,582.77,976.21
1795017420000000000,2026-11-18T15:57:00Z,free response,2.897,9.42,147.77,96.92,345.06,12.44,37.2,100.0,3,Off,1313.8,831.96
1795017480000000000,2026-11-18T15:58:00Z,controller 2,2.992,9.55,155.67,322.13,544.24,12.42,45.43,100.0,2,Off,1277.23,823.69
1795017540000000000,2026-11-18T15:59:00Z,free response,2.943,9.536,54.18,19.23,174.09,12.39,42.7,100.0,1,Off,1276.27,805.62
1795017600000000000,2026-11-18T16:00:00Z,controller 2,0.44,2.935,143.73,338.93,444.79,12.35,0.27,100.0,2,Off,1252.9,831.41
1795017660000000000,2026-11-18T16:01:00Z,free response,0.44,3.182,110.65,159.28,560.96,12.34,0.3,100.0,3,Off,1302.3,819.79
1795017720000000000,2026-11-18T16:02:00Z,controller 1,0.413,3.128,86.95,101.39,20.92,12.31,0.26,100.0,2,Off,1306.96,831.17
1795017780000000000,2026-11-18T16:03:00Z,free response,0.345,3.259,19.8,194.25,403.45,12.3,0.21,100.0,1,On,1352.0,801.58
1795017840000000000,2026-11-18T16:04:00Z,controller 2,0.439,2.759,178.2,447.94,216.7,12.27,0.24,100.0,3,On,1324.75,827.83
1795017900000000000,2026-11-18T16:05:00Z,free response,0.319,3.07,183.21,201.58,81.28,12.24,0.15,100.0,1,On,1277.85,818.69
1795017960000000000,2026-11-18T16:06:00Z,controller 2,0.454,3.116,14.93,136.14,309.23,12.22,0.32,100.0,1,On,1227.99,795.88
1795018020000000000,2026-11-18T16:07:00Z,free response,0.378,3.028,187.02,200.28,204.37,12.2,0.21,100.0,1,On,1205.07,810.24
1795018080000000000,2026-11-18T16:08:00Z,free response,0.481,3.294,19.5,25.87,519.22,12.17,0.4,100.0,2,On,1213.28,815.94
1795018140000000000,2026-11-18T16:09:00Z,controller 1,0.355,3.09,-11.4,282.2,349.12,12.16,0.21,100.0,2,On,1200.41,843.53
1795018200000000000,2026-11-18T16:10:00Z,controller 2,0.416,3.023,29.85,69.86,250.0,12.14,0.26,100.0,3,On,699.86,679.44
1795018260000000000,2026-11-18T16:11:00Z,controller 2,0.477,3.347,45.39,385.55,274.6,12.12,0.4,100.0,1,On,713.76,649.61
1795018320000000000,2026-11-18T16:12:00Z,free response,0.362,2.932,172.98,337.47,384.74,12.11,0.19,100.0,1,On,736.1,649.19
1795018380000000000,2026-11-18T16:13:00Z,free response,0.334,2.754,100.14,132.98,451.6,12.1,0.15,100.0,3,On,699.15,623.16
1795018440000000000,2026-11-18T16:14:00Z,free response,0.361,2.946,158.05,447.67,323.4,12.09,0.2,100.0,1,On,696.89,605.31
1795018500000000000,2026-11-18T16:15:00Z,controller 1,0.419,2.731,74.4,104.19,375.36,12.07,0.25,100.0,1,On,733.1,592.68
1795018560000000000,2026-11-18T16:16:00Z,controller 2,0.366,3.302,120.36,194.73,34.61,12.06,0.21,100.0,3,On,684.02,596.76
1795018620000000000,2026-11-18T16:17:00Z,free response,0.318,2.754,150.37,10.31,584.82,12.05,0.15,100.0,2,On,673.29,624.73
1795018680000000000,2026-11-18T16:18:00Z,free response,0.352,2.769,192.35,264.05,560.21,12.02,0.15,100.0,1,On,646.57,652.39
1795018740000000000,2026-11-18T16:19:00Z,controller 2,0.362,3.072,112.41,267.3,371.53,11.98,0.19,100.0,1,On,646.91,671.83
1795018800000000000,2026-11-18T16:20:00Z,controller 1,0.352,2.647,194.5,297.9,43.35,11.95,0.17,100.0,2,On,693.25,652.54
1795018860000000000,2026-11-18T16:21:00Z,free response,0.319,2.939,40.86,317.59,297.57,11.93,0.14,100.0,2,On,700.84,638.46
1795018920000000000,2026-11-18T16:22:00Z,controller 1,0.418,2.967,105.3,298.8,297.41,11.9,0.24,100.0,1,On,696.25,635.68
1795018980000000000,2026-11-18T16:23:00Z,controller 1,0.46,3.002,22.93,87.16,342.0,11.87,0.35,100.0,1,On,662.02,660.67
1795019040000000000,2026-11-18T16:24:00Z,free response,0.363,3.343,146.44,250.99,513.77,11.86,0.21,100.0,1,On,651.01,671.62
1795019100000000000,2026-11-18T16:25:00Z,controller 2,0.319,3.364,126.51,246.64,213.96,11.85,0.15,100.0,2,On,661.22,652.71
1795019160000000000,2026-11-18T16:26:00Z,controller 2,0.314,2.832,96.72,187.91,89.5,11.83,0.13,100.0,1,On,702.74,667.83
1795019220000000000,2026-11-18T16:27:00Z,controller 2,0.391,2.884,193.15,399.42,592.05,11.81,0.24,100.0,1,On,702.42,691.76
1795019280000000000,2026-11-18T16:28:00Z,free response,0.342,2.649,115.72,9.51,105.46,11.79,0.15,100.0,3,On,684.69,701.07
1795019340000000000,2026-11-18T16:29:00Z,controller 1,0.355,2.801,160.5,84.18,375.72,11.77,0.18,100.0,3,On,718.4,694.1
1795019400000000000,2026-11-18T16:30:00Z,controller 1,1.096,1.448,167.33,22.34,359.87,11.75,0.79,100.0,1,On,732.03,690.77
1795019460000000000,2026-11-18T16:31:00Z,controller 2,1.175,1.683,-6.15,429.55,534.78,11.73,1.06,100.0,3,On,747.53,694.5
1795019520000000000,2026-11-18T16:32:00Z,controller 2,1.118,1.289,117.88,361.62,58.18,11.72,0.85,100.0,2,On,767.42,668.39
1795019580000000000,2026-11-18T16:33:00Z,free response,1.265,1.467,116.53,50.25,372.0,11.71,1.29,100.0,1,On,721.66,678.79
1795019640000000000,2026-11-18T16:34:00Z,controller 2,1.095,1.223,166.68,57.46,170.52,11.7,0.67,100.0,2,On,689.99,669.42
1795019700000000000,2026-11-18T16:35:00Z,controller 2,1.207,1.259,77.49,319.93,49.71,11.68,0.86,100.0,1,On,690.53,644.09
1795019760000000000,2026-11-18T16:36:00Z,controller 2,1.166,1.204,85.93,17.76,289.7,11.65,0.84,100.0,2,On,705.11,664.3
1795019820000000000,2026-11-18T16:37:00Z,controller 2,1.126,1.522,-5.36,297.84,564.85,11.62,1.01,100.0,2,On,682.09,667.18
1795019880000000000,2026-11-18T16:38:00Z,controller 1,1.212,1.415,131.35,88.72,305.58,11.6,1.08,100.0,2,On,663.25,648.46
1795019940000000000,2026-11-18T16:39:00Z,controller 1,1.123,1.744,44.03,37.26,435.07,11.56,1.02,100.0,3,On,624.17,655.94
1795020000000000000,2026-11-18T16:40:00Z,free response,1.261,1.098,95.7,145.18,514.57,11.55,0.85,100.0,1,On,575.19,675.99
1795020060000000000,2026-11-18T16:41:00Z,controller 2,1.166,1.587,86.5,7.38,325.96,11.51,1.17,100.0,3,On,550.88,651.55
1795020120000000000,2026-11-18T16:42:00Z,controller 2,1.223,1.339,92.75,409.66,56.62,11.49,1.04,100.0,2,On,511.68,652.24
1795020180000000000,2026-11-18T16:43:00Z,controller 2,1.249,1.468,28.47,147.4,12.95,11.46,1.24,100.0,2,On,527.98,644.58
1795020240000000000,2026-11-18T16:44:00Z,free response,1.252,1.428,59.2,76.9,113.68,11.44,1.09,100.0,3,On,552.14,647.1
1795020300000000000,2026-11-18T16:45:00Z,controller 1,1.141,1.681,78.17,396.2,226.37,11.42,1.02,100.0,1,On,590.11,672.43
1795020360000000000,2026-11-18T16:46:00Z,controller 1,1.182,1.471,97.34,37.97,88.4,11.39,1.0,100.0,3,On,554.17,394.11
1795020420000000000,2026-11-18T16:47:00Z,free response,1.232,1.218,142.47,249.45,134.76,11.37,0.94,100.0,2,On,539.64,372.66
1795020480000000000,2026-11-18T16:48:00Z,free response,1.09,1.324,15.03,427.73,517.22,11.35,0.79,100.0,2,On,513.06,398.56
1795020540000000000,2026-11-18T16:49:00Z,free response,1.257,1.308,79.9,422.33,570.11,11.34,1.0,100.0,1,On,552.78,419.12
1795020600000000000,2026-11-18T16:50:00Z,controller 2,1.104,1.445,-18.06,71.79,591.39,11.32,0.89,100.0,3,On,536.96,442.8
1795020660000000000,2026-11-18T16:51:00Z,free response,1.183,1.467,-24.44,53.49,54.16,11.31,1.0,100.0,1,On,583.5,469.3
1795020720000000000,2026-11-18T16:52:00Z,controller 2,1.1,1.488,158.22,146.44,465.94,11.29,0.98,100.0,3,On,624.34,449.16
1795020780000000000,2026-11-18T16:53:00Z,controller 2,1.21,1.256,145.95,400.65,357.82,11.27,1.01,100.0,1,On,657.85,449.1
1795020840000000000,2026-11-18T16:54:00Z,controller 1,1.246,1.697,-13.36,294.53,528.74,11.25,1.2,100.0,1,On,681.06,436.01
1795020900000000000,2026-11-18T16:55:00Z,controller 2,1.207,1.677,96.21,342.26,576.01,11.22,1.24,100.0,1,On,638.45,424.56
1795020960000000000,2026-11-18T16:56:00Z,controller 2,1.188,1.038,102.93,328.45,54.86,11.2,0.67,100.0,2,On,631.63,417.19
1795021020000000000,2026-11-18T16:57:00Z,controller 2,1.221,1.328,43.99,350.49,497.35,11.19,1.05,100.0,3,On,632.11,399.32
1795021080000000000,2026-11-18T16:58:00Z,controller 2,1.245,1.72,5.55,283.39,266.14,11.17,1.42,100.0,3,On,592.96,382.8
1795021140000000000,2026-11-18T16:59:00Z,controller 1,1.11,1.221,111.19,123.89,524.99,11.15,0.69,100.0,1,On,597.97,400.98
1795021200000000000,2026-11-18T17:00:00Z,controller 2,0.932,12.131,168.71,19.02,136.67,11.14,4.81,100.0,1,On,623.45,411.86
1795021260000000000,2026-11-18T17:01:00Z,controller 1,0.96,11.523,21.31,181.0,147.24,11.12,5.19,100.0,2,On,661.52,428.59
1795021320000000000,2026-11-18T17:02:00Z,controller 2,1.027,11.712,35.18,137.7,203.08,11.09,6.6,100.0,3,On,621.3,427.32
1795021380000000000,2026-11-18T17:03:00Z,controller 1,0.977,11.897,146.15,114.05,588.3,11.08,5.99,100.0,3,On,656.85,407.83
1795021440000000000,2026-11-18T17:04:00Z,controller 2,1.09,11.384,80.89,376.14,327.34,11.05,6.73,100.0,1,On,672.84,388.16
1795021500000000000,2026-11-18T17:05:00Z,free response,1.016,12.04,183.21,285.09,212.29,11.04,5.82,100.0,1,On,649.45,397.72
1795021560000000000,2026-11-18T17:06:00Z,free response,1.002,11.466,29.26,46.25,185.34,11.02,5.76,100.0,3,On,689.21,406.06
1795021620000000000,2026-11-18T17:07:00Z,controller 2,1.008,12.122,106.61,439.03,459.05,11.0,5.59,100.0,3,On,675.91,419.11
1795021680000000000,2026-11-18T17:08:00Z,controller 2,0.928,11.424,106.62,118.84,42.78,10.98,5.09,100.0,2,On,689.73,403.58
1795021740000000000,2026-11-18T17:09:00Z,free response,1.064,12.15,-7.9,394.31,243.57,10.95,6.71,100.0,2,On,701.04,389.7
1795021800000000000,2026-11-18T17:10:00Z,controller 1,0.999,11.881,147.25,447.09,93.63,10.95,6.3,100.0,3,On,739.01,385.75
1795021860000000000,2026-11-18T17:11:00Z,controller 1,1.075,11.977,93.75,40.75,423.42,10.92,6.89,100.0,3,On,693.76,369.12
1795021920000000000,2026-11-18T17:12:00Z,controller 1,0.997,11.748,184.07,423.89,226.27,10.91,6.15,100.0,3,On,1456.74,331.59
1795021980000000000,2026-11-18T17:13:00Z,controller 2,0.98,11.837,111.15,172.6,89.36,10.89,6.08,100.0,1,On,1473.96,334.8
1795022040000000000,2026-11-18T17:14:00Z,controller 1,1.06,11.793,1.99,46.39,154.98,10.88,6.29,100.0,3,On,1497.03,358.87
1795022100000000000,2026-11-18T17:15:00Z,controller 2,1.057,11.87,106.66,165.67,338.28,10.86,6.54,100.0,1,On,1496.81,351.01
1795022160000000000,2026-11-18T17:16:00Z,controller 2,0.947,11.789,105.79,26.08,222.44,10.84,4.98,100.0,1,On,1500.0,327.81
1795022220000000000,2026-11-18T17:17:00Z,controller 2,1.035,11.838,94.3,140.41,593.0,10.81,6.15,100.0,3,On,1457.42,334.82
1795022280000000000,2026-11-18T17:18:00Z,controller 2,1.019,11.534,80.21,319.99,299.25,10.8,6.51,100.0,1,On,841.86,903.83
1795022340000000000,2026-11-18T17:19:00Z,free response,0.976,11.569,127.13,102.43,485.6,10.79,6.06,100.0,1,On,798.34,897.64
1795022400000000000,2026-11-18T17:20:00Z,controller 1,0.938,11.43,77.98,395.24,449.16,10.76,5.21,100.0,3,On,749.42,901.48
1795022460000000000,2026-11-18T17:21:00Z,free response,1.036,11.818,87.14,70.34,435.02,10.74,5.74,100.0,3,On,728.67,873.5
1795022520000000000,2026-11-18T17:22:00Z,controller 1,0.957,11.428,4.31,449.0,69.21,10.74,5.0,100.0,2,On,886.52,300.89
1795022580000000000,2026-11-18T17:23:00Z,controller 2,1.048,11.792,23.09,185.66,181.08,10.71,6.07,100.0,2,On,863.27,326.76
1795022640000000000,2026-11-18T17:24:00Z,free response,0.98,12.117,11.46,433.18,10.32,10.68,5.49,100.0,2,On,847.18,335.79
1795022700000000000,2026-11-18T17:25:00Z,controller 2,0.952,11.701,155.54,417.96,339.73,10.65,4.87,100.0,2,On,800.74,353.04
1795022760000000000,2026-11-18T17:26:00Z,free response,0.985,11.936,122.66,50.58,429.66,10.63,5.94,100.0,3,On,775.21,382.68
1795022820000000000,2026-11-18T17:27:00Z,controller 1,1.068,11.639,174.2,426.26,325.27,10.63,6.84,100.0,1,On,729.84,373.66
1795022880000000000,2026-11-18T17:28:00Z,controller 1,1.067,11.666,95.12,69.29,252.99,10.6,7.08,100.0,2,On,726.58,353.47
1795022940000000000,2026-11-18T17:29:00Z,free response,1.01,11.592,118.09,374.8,200.18,10.58,5.94,100.0,2,On,764.78,344.3
1795023000000000000,2026-11-18T17:30:00Z,free response,0.51,10.719,-24.74,408.35,488.08,10.56,1.27,100.0,1,On,771.02,329.58
1795023060000000000,2026-11-18T17:31:00Z,controller 1,0.465,10.373,164.43,330.09,2.09,10.55,1.07,100.0,2,On,741.01,349.69
1795023120000000000,2026-11-18T17:32:00Z,free response,0.475,11.005,158.37,157.45,486.33,10.53,1.24,100.0,3,On,759.22,368.66
1795023180000000000,2026-11-18T17:33:00Z,controller 2,0.554,10.985,1.86,49.22,592.1,10.5,1.79,100.0,3,On,801.91,351.32
1795023240000000000,2026-11-18T17:34:00Z,free response,0.57,10.847,-15.67,51.42,357.95,10.47,1.82,100.0,2,On,591.89,540.98
1795023300000000000,2026-11-18T17:35:00Z,controller 1,0.548,10.844,134.19,301.11,581.99,10.44,1.47,100.0,1,On,640.79,536.02
1795023360000000000,2026-11-18T17:36:00Z,free response,0.572,10.357,33.93,177.02,572.96,10.43,1.64,100.0,2,On,605.9,550.44
1795023420000000000,2026-11-18T17:37:00Z,controller 1,0.492,10.467,190.44,420.47,283.5,10.41,1.27,100.0,1,On,606.42,532.51
1795023480000000000,2026-11-18T17:38:00Z,free response,0.467,10.78,-17.06,289.16,37.44,10.37,1.29,100.0,2,On,561.75,506.84
1795023540000000000,2026-11-18T17:39:00Z,free response,0.438,10.44,-19.95,225.61,535.59,10.36,0.91,100.0,1,On,557.75,483.31
1795023600000000000,2026-11-18T17:40:00Z,controller 2,0.467,10.567,10.7,54.68,342.23,10.32,1.09,100.0,1,On,585.4,500.32
1795023660000000000,2026-11-18T17:41:00Z,controller 2,0.429,10.607,167.94,155.78,358.8,10.29,1.02,100.0,1,On,633.45,472.09
1795023720000000000,2026-11-18T17:42:00Z,free response,0.48,10.525,21.72,114.16,505.08,10.26,1.26,100.0,3,On,587.32,474.6
1795023780000000000,2026-11-18T17:43:00Z,free response,0.549,11.08,51.34,345.69,198.3,10.25,1.61,100.0,1,On,562.89,456.32
1795023840000000000,2026-11-18T17:44:00Z,free response,0.486,10.605,101.49,161.2,286.64,10.24,1.35,100.0,3,On,573.11,429.71
1795023900000000000,2026-11-18T17:45:00Z,controller 1,0.544,10.574,72.66,302.77,199.05,10.22,1.52,100.0,2,On,614.91,401.77
1795023960000000000,2026-11-18T17:46:00Z,free response,0.487,10.692,181.05,211.01,360.32,10.2,1.39,100.0,1,On,604.61,421.04
1795024020000000000,2026-11-18T17:47:00Z,controller 1,0.448,10.973,51.54,304.61,308.51,10.18,0.99,100.0,2,On,596.19,404.34
1795024080000000000,2026-11-18T17:48:00Z,controller 1,0.423,10.634,141.35,375.59,520.88,10.15,1.0,100.0,3,On,555.59,423.71
1795024140000000000,2026-11-18T17:49:00Z,controller 1,0.418,11.018,177.77,146.39,4.3,10.12,1.06,100.0,2,On,562.8,447.33
1795024200000000000,2026-11-18T17:50:00Z,controller 1,0.471,10.71,21.87,23.37,109.76,10.1,1.24,100.0,3,On,536.33,442.16
1795024260000000000,2026-11-18T17:51:00Z,controller 2,0.494,10.792,95.84,398.57,319.95,10.08,1.29,100.0,2,On,544.97,448.61
1795024320000000000,2026-11-18T17:52:00Z,controller 2,0.432,10.529,67.48,50.9,147.13,10.06,0.92,100.0,3,On,594.46,457.1
1795024380000000000,2026-11-18T17:53:00Z,controller 1,0.424,10.999,173.66,310.31,456.56,10.04,0.96,100.0,2,On,590.99,430.35
1795024440000000000,2026-11-18T17:54:00Z,controller 1,0.496,10.951,147.58,332.68,547.35,10.01,1.36,100.0,1,On,889.56,816.32
1795024500000000000,2026-11-18T17:55:00Z,free response,0.535,10.711,-15.51,18.65,448.04,9.98,1.54,100.0,1,On,887.44,807.39
1795024560000000000,2026-11-18T17:56:00Z,controller 2,0.555,10.935,72.37,114.53,572.46,9.97,1.58,100.0,3,On,867.41,804.27
1795024620000000000,2026-11-18T17:57:00Z,controller 1,0.586,10.663,72.22,186.56,272.21,9.95,2.0,100.0,2,On,904.14,795.55
1795024680000000000,2026-11-18T17:58:00Z,controller 2,0.425,10.443,4.88,45.83,324.79,9.94,0.92,100.0,1,On,935.76,780.21
1795024740000000000,2026-11-18T17:59:00Z,controller 1,0.463,10.857,130.7,358.49,477.09,9.9,1.21,100.0,3,On,931.52,804.86
1795024800000000000,2026-11-18T18:00:00Z,controller 2,2.756,6.092,37.27,31.06,539.27,9.88,25.4,100.0,2,On,906.36,795.7
1795024860000000000,2026-11-18T18:01:00Z,controller 2,2.818,5.7,66.06,83.82,564.37,9.85,24.85,100.0,1,On,876.43,794.98
1795024920000000000,2026-11-18T18:02:00Z,controller 1,2.834,5.779,-25.93,433.62,581.3,9.84,23.74,100.0,3,On,864.4,773.55
1795024980000000000,2026-11-18T18:03:00Z,controller 1,2.754,5.502,190.34,406.33,310.13,9.82,19.02,100.0,2,On,854.81,757.78
1795025040000000000,2026-11-18T18:04:00Z,free response,2.884,5.503,-6.54,286.4,179.09,9.81,21.13,100.0,3,On,849.02,752.62
1795025100000000000,2026-11-18T18:05:00Z,free response,2.765,5.705,164.73,445.64,383.33,9.8,20.72,100.0,2,On,832.05,775.82
1795025160000000000,2026-11-18T18:06:00Z,controller 2,2.782,6.187,16.18,380.03,129.19,9.78,22.35,100.0,3,On,785.7,773.74
1795025220000000000,2026-11-18T18:07:00Z,free response,2.791,6.063,126.22,297.98,177.33,9.77,24.44,100.0,1,On,751.92,757.15
1795025280000000000,2026-11-18T18:08:00Z,controller 2,2.839,5.67,185.36,221.81,405.39,9.76,21.75,100.0,3,On,749.76,779.3
1795025340000000000,2026-11-18T18:09:00Z,controller 2,2.907,5.797,175.02,72.39,91.97,9.75,26.64,100.0,3,On,712.91,800.59
1795025400000000000,2026-11-18T18:10:00Z,controller 2,2.856,6.031,116.99,365.39,285.17,9.74,22.16,100.0,1,On,732.85,813.9
1795025460000000000,2026-11-18T18:11:00Z,controller 2,2.854,5.942,20.79,118.32,552.54,9.73,22.01,100.0,3,On,728.8,786.92
1795025520000000000,2026-11-18T18:12:00Z,controller 1,2.919,5.761,140.45,320.63,391.45,9.72,22.47,100.0,2,On,759.02,812.83
1795025580000000000,2026-11-18T18:13:00Z,free response,2.853,5.574,0.6,8.63,382.86,9.69,22.25,100.0,2,On,719.26,807.92
1795025640000000000,2026-11-18T18:14:00Z,free response,2.756,5.89,74.05,189.04,192.28,9.67,20.84,100.0,2,On,768.28,806.26
1795025700000000000,2026-11-18T18:15:00Z,controller 2,2.873,6.264,18.6,240.25,269.04,9.64,23.37,100.0,3,On,804.58,783.39
1795025760000000000,2026-11-18T18:16:00Z,controller 2,2.886,5.883,4.57,377.26,592.51,9.62,22.73,100.0,2,On,798.41,779.41
1795025820000000000,2026-11-18T18:17:00Z,controller 1,2.835,5.783,77.6,394.21,323.11,9.59,22.28,100.0,1,On,844.94,763.67
1795025880000000000,2026-11-18T18:18:00Z,free response,2.859,5.571,84.47,66.46,109.84,9.57,21.04,100.0,2,On,889.54,738.97
1795025940000000000,2026-11-18T18:19:00Z,free response,2.772,5.73,113.58,45.0,88.76,9.54,23.87,100.0,1,On,840.02,741.13
1795026000000000000,2026-11-18T18:20:00Z,free response,2.756,5.936,159.88,18.8,106.18,9.54,23.33,100.0,3,On,846.2,714.47
1795026060000000000,2026-11-18T18:21:00Z,free response,2.818,6.19,20.28,290.98,299.47,9.51,23.92,100.0,2,On,802.5,691.13
1795026120000000000,2026-11-18T18:22:00Z,controller 1,2.801,5.885,19.5,419.81,10.61,9.49,25.38,41.8,3,On,846.01,685.83
1795026180000000000,2026-11-18T18:23:00Z,controller 1,2.772,5.595,198.37,448.07,108.38,9.47,23.46,100.0,3,On,885.75,670.96
1795026240000000000,2026-11-18T18:24:00Z,free response,2.92,5.957,163.21,304.7,556.2,9.47,24.18,100.0,1,On,901.95,700.45
1795026300000000000,2026-11-18T18:25:00Z,controller 2,2.821,6.12,12.83,17.6,383.82,9.43,25.58,100.0,3,On,928.3,671.44
1795026360000000000,2026-11-18T18:26:00Z,controller 1,2.778,5.798,186.62,128.71,497.91,9.41,20.14,100.0,2,On,969.97,682.41
1795026420000000000,2026-11-18T18:27:00Z,controller 1,2.85,5.621,4.21,293.31,249.57,9.38,22.67,100.0,3,On,1014.79,694.5
1795026480000000000,2026-11-18T18:28:00Z,controller 1,2.811,6.268,70.35,392.08,76.15,9.38,24.34,100.0,3,On,973.22,696.29
1795026540000000000,2026-11-18T18:29:00Z,controller 2,2.773,5.88,24.7,248.33,34.95,9.35,24.62,100.0,2,On,934.57,699.8
1795026600000000000,2026-11-18T18:30:00Z,free response,1.001,8.252,117.8,92.68,444.04,9.33,3.75,100.0,1,On,977.17,676.1
1795026660000000000,2026-11-18T18:31:00Z,controller 2,1.128,8.247,10.45,360.21,357.0,9.32,5.18,100.0,2,On,996.3,672.43
1795026720000000000,2026-11-18T18:32:00Z,free response,1.161,8.48,171.07,341.21,144.03,9.29,5.69,100.0,1,On,1037.06,695.68
1795026780000000000,2026-11-18T18:33:00Z,free response,1.016,8.305,64.7,329.45,304.89,9.27,4.57,100.0,3,On,1045.6,724.71
1795026840000000000,2026-11-18T18:34:00Z,controller 1,1.091,8.352,130.79,71.58,172.13,9.25,5.2,100.0,3,On,1008.17,736.94
1795026900000000000,2026-11-18T18:35:00Z,controller 2,1.069,8.557,110.49,35.54,193.91,9.24,4.7,100.0,2,On,1041.35,752.74
1795026960000000000,2026-11-18T18:36:00Z,controller 1,1.018,8.243,188.02,238.76,402.31,9.21,4.66,100.0,3,On,1015.96,752.74
1795027020000000000,2026-11-18T18:37:00Z,controller 1,1.053,8.549,94.26,148.34,522.88,9.2,4.89,100.0,3,On,1013.15,775.41
1795027080000000000,2026-11-18T18:38:00Z,controller 2,1.005,8.746,76.06,212.2,103.97,9.17,4.64,100.0,2,On,990.41,776.72
1795027140000000000,2026-11-18T18:39:00Z,controller 1,1.039,8.225,-6.43,301.25,325.23,9.16,4.36,100.0,2,On,955.08,796.75
1795027200000000000,2026-11-18T18:40:00Z,controller 1,1.045,8.299,33.23,230.25,305.97,9.14,4.4,100.0,3,On,978.86,779.12
1795027260000000000,2026-11-18T18:41:00Z,free response,1.035,8.479,141.58,221.12,68.33,9.11,4.18,100.0,3,On,982.4,791.19
1795027320000000000,2026-11-18T18:42:00Z,controller 1,1.063,8.659,183.99,182.05,105.68,9.09,4.7,100.0,1,On,965.73,802.08
1795027380000000000,2026-11-18T18:43:00Z,controller 2,1.021,8.132,18.63,47.49,519.21,9.06,4.21,100.0,1,On,946.76,787.41
1795027440000000000,2026-11-18T18:44:00Z,controller 2,1.14,8.438,158.17,18.64,469.16,9.03,5.74,100.0,3,On,960.26,816.22
1795027500000000000,2026-11-18T18:45:00Z,free response,1.029,8.259,56.52,6.97,437.15,9.01,4.73,100.0,2,On,991.96,845.7
1795027560000000000,2026-11-18T18:46:00Z,controller 2,1.129,8.159,39.12,29.81,230.29,9.0,5.5,100.0,3,On,1004.67,832.63
1795027620000000000,2026-11-18T18:47:00Z,controller 2,1.129,8.41,85.48,153.05,316.93,8.97,5.21,100.0,1,On,1005.49,856.58
1795027680000000000,2026-11-18T18:48:00Z,controller 1,1.112,8.531,11.15,430.49,266.26,8.95,5.69,100.0,2,On,1049.97,885.59
1795027740000000000,2026-11-18T18:49:00Z,controller 2,1.054,8.149,105.74,191.76,288.88,8.92,4.54,100.0,3,On,1066.41,885.86
1795027800000000000,2026-11-18T18:50:00Z,free response,1.105,8.289,101.37,179.34,339.64,8.92,4.63,100.0,3,On,1095.65,903.47
1795027860000000000,2026-11-18T18:51:00Z,controller 1,1.028,8.134,151.09,317.57,91.23,8.9,4.31,100.0,2,On,1073.74,906.75
1795027920000000000,2026-11-18T18:52:00Z,controller 2,1.012,8.201,51.9,271.36,370.47,8.88,4.4,100.0,1,On,1111.83,879.71
1795027980000000000,2026-11-18T18:53:00Z,free response,1.136,8.492,198.59,336.36,140.04,8.87,5.65,100.0,3,On,1124.48,871.27
1795028040000000000,2026-11-18T18:54:00Z,controller 1,1.03,8.363,1.81,190.15,107.75,8.86,4.56,100.0,2,On,1147.68,892.63
1795028100000000000,2026-11-18T18:55:00Z,controller 2,1.118,8.416,136.71,23.13,227.12,8.83,4.88,100.0,2,On,509.28,468.35
1795028160000000000,2026-11-18T18:56:00Z,free response,1.059,8.124,-8.53,310.29,228.06,8.82,4.24,100.0,2,On,558.09,442.68
1795028220000000000,2026-11-18T18:57:00Z,controller 2,1.074,8.58,171.17,215.0,537.88,8.81,5.04,100.0,3,On,590.69,414.58
1795028280000000000,2026-11-18T18:58:00Z,controller 1,1.122,8.564,83.36,197.06,69.24,8.8,5.9,100.0,1,On,593.47,414.1
1795028340000000000,2026-11-18T18:59:00Z,controller 1,1.011,8.122,68.28,399.99,110.25,8.79,3.81,100.0,1,On,625.86,409.04
1795028400000000000,2026-11-18T19:00:00Z,free response,1.903,11.693,155.8,319.81,507.09,8.78,22.03,100.0,1,On,657.85,391.5
1795028460000000000,2026-11-18T19:01:00Z,free response,2.05,11.393,153.61,249.16,246.92,8.76,22.86,100.0,1,On,692.79,417.82
1795028520000000000,2026-11-18T19:02:00Z,controller 1,2.021,11.887,61.41,339.45,342.77,8.75,22.8,100.0,1,On,672.08,389.6
1795028580000000000,2026-11-18T19:03:00Z,controller 2,1.89,11.682,-26.79,429.24,36.84,8.73,22.54,100.0,3,On,662.97,360.7
1795028640000000000,2026-11-18T19:04:00Z,controller 2,2.048,11.283,-15.36,399.74,384.71,8.72,23.27,100.0,3,On,623.34,335.58
1795028700000000000,2026-11-18T19:05:00Z,free response,1.99,11.477,5.75,431.0,588.74,8.68,24.42,100.0,1,On,602.51,322.65
1795028760000000000,2026-11-18T19:06:00Z,controller 2,1.92,11.345,181.64,110.49,207.86,8.68,20.2,100.0,1,On,615.15,314.3
1795028820000000000,2026-11-18T19:07:00Z,controller 2,1.944,11.365,32.13,338.73,484.92,8.67,23.17,100.0,1,On,632.78,301.74
1795028880000000000,2026-11-18T19:08:00Z,free response,2.046,11.478,101.28,309.08,50.94,8.65,23.05,100.0,3,On,669.19,326.1
1795028940000000000,2026-11-18T19:09:00Z,controller 2,2.06,11.568,24.8,365.17,53.7,8.62,25.52,100.0,1,On,657.43,329.5
1795029000000000000,2026-11-18T19:10:00Z,controller 1,2.008,11.558,113.01,145.11,472.55,8.59,23.08,100.0,2,On,627.49,337.47
1795029060000000000,2026-11-18T19:11:00Z,controller 2,2.034,11.416,7.73,354.4,65.52,8.58,25.52,100.0,3,On,618.53,329.04
1795029120000000000,2026-11-18T19:12:00Z,free response,1.987,11.578,157.23,98.55,397.71,8.57,23.0,100.0,3,On,636.8,336.16
1795029180000000000,2026-11-18T19:13:00Z,controller 1,1.974,11.581,55.51,154.67,549.51,8.54,22.15,100.0,2,On,610.79,319.94
1795029240000000000,2026-11-18T19:14:00Z,controller 1,1.959,11.311,173.28,2.55,172.7,8.52,19.8,100.0,3,On,644.49,316.0
1795029300000000000,2026-11-18T19:15:00Z,controller 2,1.944,11.35,-19.12,396.5,187.54,8.51,22.79,100.0,1,On,691.79,300.81
1795029360000000000,2026-11-18T19:16:00Z,controller 2,1.969,11.345,39.55,236.24,217.9,8.49,23.51,100.0,2,On,691.56,301.35
1795029420000000000,2026-11-18T19:17:00Z,free response,2.059,11.962,73.14,132.52,270.54,8.46,27.08,100.0,2,On,668.76,284.36
1795029480000000000,2026-11-18T19:18:00Z,controller 2,2.058,11.408,157.83,368.93,464.21,8.44,24.61,100.0,2,On,677.53,285.35
1795029540000000000,2026-11-18T19:19:00Z,controller 2,2.003,11.317,-23.97,440.65,155.69,8.41,23.43,100.0,1,On,680.43,261.53
1795029600000000000,2026-11-18T19:20:00Z,controller 2,1.9,11.562,128.4,42.15,396.66,8.39,19.51,100.0,3,On,728.17,239.08
1795029660000000000,2026-11-18T19:21:00Z,controller 1,2.031,11.789,194.95,403.77,498.62,8.36,22.38,100.0,3,On,712.57,229.46
1795029720000000000,2026-11-18T19:22:00Z,controller 2,1.977,11.417,166.31,110.44,542.96,8.33,22.27,100.0,2,On,755.86,216.4
1795029780000000000,2026-11-18T19:23:00Z,free response,1.981,11.25,157.87,332.74,585.12,8.31,22.5,100.0,1,On,770.81,222.17
1795029840000000000,2026-11-18T19:24:00Z,controller 2,2.039,11.513,-29.43,291.84,181.98,8.3,25.18,100.0,2,On,740.75,218.18
1795029900000000000,2026-11-18T19:25:00Z,free response,1.957,11.222,139.98,90.77,263.33,8.28,23.53,100.0,2,On,737.5,221.5
1795029960000000000,2026-11-18T19:26:00Z,controller 2,1.971,11.776,90.07,133.82,72.6,8.26,24.98,100.0,1,On,735.99,245.34
1795030020000000000,2026-11-18T19:27:00Z,controller 1,1.923,11.613,184.32,341.22,96.94,8.24,22.65,100.0,1,On,754.49,239.45
1795030080000000000,2026-11-18T19:28:00Z,controller 1,2.006,11.565,145.45,277.3,444.69,8.22,23.4,100.0,3,On,795.31,217.68
1795030140000000000,2026-11-18T19:29:00Z,free response,1.931,11.37,147.05,205.63,249.87,8.2,22.68,100.0,3,On,760.39,220.67
1795030200000000000,2026-11-18T19:30:00Z,controller 2,2.132,12.889,25.6,248.1,172.97,8.19,29.75,100.0,3,On,712.95,201.13
1795030260000000000,2026-11-18T19:31:00Z,controller 2,2.147,13.157,131.84,87.8,484.1,8.16,32.43,100.0,2,On,707.82,197.63
1795030320000000000,2026-11-18T19:32:00Z,free response,2.073,12.965,35.52,352.94,64.66,8.15,25.41,100.0,2,On,661.15,212.38
1795030380000000000,2026-11-18T19:33:00Z,controller 2,2.142,13.256,10.88,428.43,122.21,8.12,27.45,100.0,3,On,666.64,225.83
1795030440000000000,2026-11-18T19:34:00Z,controller 2,2.089,13.393,75.53,89.09,23.63,8.11,30.66,77.07,1,On,659.15,251.82
1795030500000000000,2026-11-18T19:35:00Z,controller 2,1.988,12.904,167.21,220.86,224.87,8.07,23.36,100.0,3,On,659.37,236.69
1795030560000000000,2026-11-18T19:36:00Z,controller 2,2.133,13.172,15.86,447.58,347.54,8.06,30.11,100.0,3,On,702.13,221.69
1795030620000000000,2026-11-18T19:37:00Z,free response,2.036,13.298,158.23,362.24,325.5,8.04,26.41,100.0,1,On,737.97,196.05
1795030680000000000,2026-11-18T19:38:00Z,controller 1,1.99,13.466,-12.95,196.75,352.26,8.01,26.28,100.0,3,On,692.35,206.46
1795030740000000000,2026-11-18T19:39:00Z,controller 1,2.09,12.978,-28.19,365.82,505.07,8.0,27.72,100.0,3,On,705.05,223.34
1795030800000000000,2026-11-18T19:40:00Z,free response,2.118,13.295,154.6,440.68,230.96,7.99,26.88,100.0,1,On,668.65,211.08
1795030860000000000,2026-11-18T19:41:00Z,controller 1,2.057,13.439,-9.37,140.9,512.19,7.96,30.19,100.0,3,On,691.12,185.39
1795030920000000000,2026-11-18T19:42:00Z,controller 2,2.145,13.284,24.09,434.76,30.77,7.94,30.35,100.0,1,On,704.58,156.12
1795030980000000000,2026-11-18T19:43:00Z,controller 2,2.015,12.853,144.45,296.18,145.54,7.9,26.57,100.0,2,On,700.33,161.61
1795031040000000000,2026-11-18T19:44:00Z,free response,2.085,13.127,23.85,386.8,336.82,7.9,26.01,100.0,2,On,664.78,144.65
1795031100000000000,2026-11-18T19:45:00Z,controller 1,2.047,13.518,-13.15,239.01,178.6,7.88,30.1,100.0,2,On,642.96,130.47
1795031160000000000,2026-11-18T19:46:00Z,controller 2,2.084,13.162,188.11,354.79,22.39,7.87,30.56,73.27,3,On,617.02,152.58
1795031220000000000,2026-11-18T19:47:00Z,controller 2,2.105,12.818,160.34,57.06,97.32,7.84,26.37,100.0,2,On,650.07,129.45
1795031280000000000,2026-11-18T19:48:00Z,free response,2.105,13.372,26.12,425.47,202.66,7.81,29.32,100.0,2,On,690.3,141.31
1795031340000000000,2026-11-18T19:49:00Z,controller 2,2.058,12.844,73.75,78.39,151.74,7.79,25.45,100.0,1,On,698.89,136.54
1795031400000000000,2026-11-18T19:50:00Z,free response,2.139,13.399,67.21,31.19,534.28,7.76,28.14,100.0,1,On,667.94,137.69
1795031460000000000,2026-11-18T19:51:00Z,free response,2.074,12.806,171.18,21.46,172.11,7.74,25.54,100.0,2,On,677.69,136.11
1795031520000000000,2026-11-18T19:52:00Z,controller 1,2.053,13.12,111.61,314.13,298.23,7.74,27.0,100.0,1,On,664.46,163.01
1795031580000000000,2026-11-18T19:53:00Z,controller 2,2.02,13.362,104.83,201.6,43.01,7.72,26.36,100.0,3,On,704.29,178.19
1795031640000000000,2026-11-18T19:54:00Z,free response,2.046,13.155,0.49,233.77,294.19,7.71,25.24,100.0,1,On,710.54,165.7
1795031700000000000,2026-11-18T19:55:00Z,free response,2.046,12.811,187.78,301.05,345.66,7.69,25.07,100.0,3,On,915.45,750.35
1795031760000000000,2026-11-18T19:56:00Z,controller 2,2.125,13.214,180.75,169.15,280.85,7.68,30.93,100.0,3,On,962.28,721.02
1795031820000000000,2026-11-18T19:57:00Z,controller 2,2.138,13.21,34.9,1.34,10.89,7.66,31.07,35.05,2,On,916.91,693.07
1795031880000000000,2026-11-18T19:58:00Z,free response,2.032,13.209,105.18,53.87,312.24,7.65,26.74,100.0,2,On,945.49,709.82
1795031940000000000,2026-11-18T19:59:00Z,controller 1,2.035,12.93,143.9,254.17,44.16,7.63,28.75,100.0,1,On,935.79,732.7
1795032000000000000,2026-11-18T20:00:00Z,free response,2.837,6.699,186.98,94.29,35.1,7.63,27.29,100.0,3,On,936.85,704.58
1795032060000000000,2026-11-18T20:01:00Z,controller 1,2.898,6.691,106.06,444.34,512.16,7.61,27.2,100.0,1,On,974.19,685.22
1795032120000000000,2026-11-18T20:02:00Z,controller 2,2.902,6.733,67.25,278.26,335.21,7.6,26.57,100.0,1,On,1016.88,709.93
1795032180000000000,2026-11-18T20:03:00Z,free response,2.891,7.345,108.3,307.76,421.98,7.57,33.75,100.0,2,On,983.11,738.9
1795032240000000000,2026-11-18T20:04:00Z,controller 2,2.844,7.167,32.05,89.97,569.37,7.55,29.71,100.0,1,On,1027.76,759.79
1795032300000000000,2026-11-18T20:05:00Z,controller 2,2.894,6.912,5.5,386.22,0.73,7.54,28.13,2.6,1,On,1014.24,747.11
1795032360000000000,2026-11-18T20:06:00Z,controller 2,2.968,7.288,-10.87,104.81,454.94,7.53,33.65,100.0,2,On,980.57,745.95
1795032420000000000,2026-11-18T20:07:00Z,controller 2,2.86,7.041,107.42,159.25,83.99,7.52,29.7,100.0,1,On,1012.72,733.74
1795032480000000000,2026-11-18T20:08:00Z,controller 1,3,6.826,166.55,43.61,82.85,7.5,33.45,100.0,3,On,976.62,716.03
1795032540000000000,2026-11-18T20:09:00Z,controller 1,2.934,7.019,122.98,136.41,272.02,7.48,28.99,100.0,1,On,1440.93,941.63
1795032600000000000,2026-11-18T20:10:00Z,controller 2,2.959,7.138,58.76,269.65,358.89,7.45,34.19,100.0,1,On,1448.77,961.34
1795032660000000000,2026-11-18T20:11:00Z,free response,2.896,6.826,-1.41,14.26,5.36,7.43,30.41,17.63,1,On,1443.16,967.11
1795032720000000000,2026-11-18T20:12:00Z,free response,3,7.111,82.58,406.73,6.23,7.41,29.91,20.83,3,On,1450.76,989.2
1795032780000000000,2026-11-18T20:13:00Z,free response,2.981,7.33,-21.24,305.26,474.0,7.4,29.64,100.0,1,On,1406.16,964.42
1795032840000000000,2026-11-18T20:14:00Z,controller 1,2.879,6.99,-8.01,211.79,425.73,7.39,27.0,100.0,1,On,1408.96,940.23
1795032900000000000,2026-11-18T20:15:00Z,free response,2.941,7.053,68.43,237.88,180.09,7.37,30.36,100.0,3,On,1456.1,920.82
1795032960000000000,2026-11-18T20:16:00Z,controller 2,2.989,7.088,129.43,38.85,358.47,7.35,33.69,100.0,1,On,1474.59,914.09
1795033020000000000,2026-11-18T20:17:00Z,controller 2,2.878,6.867,195.17,276.55,579.97,7.33,27.62,100.0,2,On,1500.0,938.98
1795033080000000000,2026-11-18T20:18:00Z,controller 2,2.875,7.201,142.05,45.09,31.28,7.3,27.93,100.0,1,On,1500.0,928.73
1795033140000000000,2026-11-18T20:19:00Z,controller 2,3,6.751,136.04,248.85,71.3,7.27,29.09,100.0,3,On,1500.0,952.9
1795033200000000000,2026-11-18T20:20:00Z,controller 1,2.908,7.352,133.32,48.61,128.81,7.25,33.02,100.0,1,On,1470.22,942.03
1795033260000000000,2026-11-18T20:21:00Z,free response,2.837,7.242,117.92,347.9,591.0,7.22,31.87,100.0,3,On,1053.43,446.07
1795033320000000000,2026-11-18T20:22:00Z,controller 1,2.845,6.714,147.19,286.23,236.67,7.19,24.48,100.0,3,On,1040.73,426.39
1795033380000000000,2026-11-18T20:23:00Z,controller 1,2.994,6.836,-7.76,140.77,383.98,7.18,28.1,100.0,3,Off,1012.46,455.34
1795033440000000000,2026-11-18T20:24:00Z,free response,2.887,6.854,88.35,112.69,523.16,7.16,30.65,100.0,1,Off,1192.37,390.84
1795033500000000000,2026-11-18T20:25:00Z,free response,2.986,7.029,117.28,446.96,220.55,7.14,33.63,100.0,3,Off,1142.62,384.12
1795033560000000000,2026-11-18T20:26:00Z,controller 2,2.949,7.212,96.78,234.82,136.1,7.13,33.37,100.0,2,Off,1177.12,372.63
1795033620000000000,2026-11-18T20:27:00Z,controller 1,2.949,6.625,87.94,290.44,493.22,7.11,31.0,100.0,3,Off,1141.83,349.58
1795033680000000000,2026-11-18T20:28:00Z,controller 1,2.973,7.009,23.29,265.94,560.24,7.09,32.7,100.0,1,Off,996.11,466.71
1795033740000000000,2026-11-18T20:29:00Z,controller 1,2.901,7.147,-5.42,369.41,173.01,7.07,29.07,100.0,3,Off,1032.51,453.6
1795033800000000000,2026-11-18T20:30:00Z,free response,3,6.635,179.49,72.11,187.01,7.05,30.01,100.0,1,Off,999.4,432.57
1795033860000000000,2026-11-18T20:31:00Z,free response,3,7.128,30.53,167.73,565.34,7.03,30.2,100.0,1,Off,957.35,439.91
1795033920000000000,2026-11-18T20:32:00Z,controller 2,3,7.143,81.61,380.63,104.59,7.02,32.05,100.0,3,Off,945.78,451.65
1795033980000000000,2026-11-18T20:33:00Z,controller 2,2.984,6.959,-20.77,80.47,265.42,6.99,33.16,100.0,3,Off,983.1,430.3
1795034040000000000,2026-11-18T20:34:00Z,controller 1,3,6.589,109.31,225.39,345.68,6.97,30.52,100.0,2,Off,951.06,420.44
1795034100000000000,2026-11-18T20:35:00Z,controller 1,2.909,6.98,88.21,442.72,161.09,6.96,27.33,100.0,2,Off,944.43,391.34
1795034160000000000,2026-11-18T20:36:00Z,free response,2.987,7.123,75.48,106.14,268.4,6.94,30.38,100.0,2,Off,977.77,370.58
1795034220000000000,2026-11-18T20:37:00Z,free response,2.929,6.896,-9.1,427.31,108.2,6.91,32.1,100.0,1,Off,991.32,383.86
1795034280000000000,2026-11-18T20:38:00Z,controller 1,2.911,7.151,69.8,414.93,192.78,6.89,29.39,100.0,2,Off,1030.61,370.0
1795034340000000000,2026-11-18T20:39:00Z,free response,2.984,6.91,2.76,49.69,226.65,6.85,31.26,100.0,2,Off,1042.42,345.64
1795034400000000000,2026-11-18T20:40:00Z,controller 2,3,6.693,123.8,356.26,586.79,6.83,27.45,100.0,3,Off,1075.91,324.73
1795034460000000000,2026-11-18T20:41:00Z,controller 1,2.983,6.987,91.89,319.84,99.18,6.8,33.31,100.0,1,Off,1062.5,304.23
1795034520000000000,2026-11-18T20:42:00Z,free response,3,6.835,45.79,326.44,570.1,6.79,31.62,100.0,1,Off,1027.35,329.45
1795034580000000000,2026-11-18T20:43:00Z,controller 2,2.919,6.694,34.46,191.68,188.98,6.78,27.21,100.0,2,Off,1061.6,342.35
1795034640000000000,2026-11-18T20:44:00Z,free response,3,6.544,101.06,408.7,159.58,6.77,30.22,100.0,2,Off,1104.93,366.01
1795034700000000000,2026-11-18T20:45:00Z,controller 2,2.956,6.979,69.8,261.94,233.51,6.74,30.52,100.0,3,Off,1059.05,347.77
1795034760000000000,2026-11-18T20:46:00Z,controller 2,3,6.801,111.45,244.29,284.51,6.74,28.54,100.0,2,Off,1018.84,338.04
1795034820000000000,2026-11-18T20:47:00Z,free response,3,7.179,77.47,172.47,457.69,6.71,31.29,100.0,2,Off,1028.23,325.0
1795034880000000000,2026-11-18T20:48:00Z,free response,2.987,7.037,117.12,221.87,469.95,6.7,34.14,100.0,3,Off,991.4,298.37
1795034940000000000,2026-11-18T20:49:00Z,free response,2.976,6.875,20.16,179.32,537.38,6.69,32.47,100.0,1,Off,994.32,295.66
1795035000000000000,2026-11-18T20:50:00Z,controller 1,2.942,7.249,22.79,222.33,400.35,6.68,31.26,100.0,1,Off,1017.41,273.25
1795035060000000000,2026-11-18T20:51:00Z,free response,2.993,6.627,2.93,115.81,114.79,6.67,28.38,100.0,2,Off,983.88,248.98
1795035120000000000,2026-11-18T20:52:00Z,controller 1,2.979,6.691,152.06,6.44,7.3,6.66,29.67,24.6,1,Off,1029.17,254.19
1795035180000000000,2026-11-18T20:53:00Z,controller 1,2.958,6.985,25.92,252.64,289.2,6.64,32.57,100.0,1,Off,1034.04,257.63
1795035240000000000,2026-11-18T20:54:00Z,controller 1,2.902,7.007,-12.13,279.09,138.4,6.63,30.95,100.0,2,Off,1000.35,281.46
1795035300000000000,2026-11-18T20:55:00Z,controller 1,3,6.812,43.35,173.51,114.23,6.62,31.57,100.0,1,Off,1013.5,255.12
1795035360000000000,2026-11-18T20:56:00Z,controller 2,2.934,6.619,76.65,9.02,563.6,6.59,29.72,100.0,3,Off,983.9,227.84
1795035420000000000,2026-11-18T20:57:00Z,controller 2,2.99,7.213,157.02,59.14,553.84,6.57,31.73,100.0,1,Off,1024.29,198.26
1795035480000000000,2026-11-18T20:58:00Z,free response,3,6.602,56.4,171.89,140.28,6.55,30.3,100.0,1,Off,1040.48,189.61
1795035540000000000,2026-11-18T20:59:00Z,free response,3,7.234,18.32,334.12,42.66,6.52,31.09,100.0,3,Off,993.16,194.54
1795035600000000000,2026-11-18T21:00:00Z,controller 1,2.895,7.819,121.43,45.77,547.75,6.5,31.59,100.0,3,Off,1001.8,208.84
1795035660000000000,2026-11-18T21:01:00Z,controller 1,2.889,7.705,8.73,161.24,142.19,6.48,34.61,100.0,2,Off,804.43,469.25
1795035720000000000,2026-11-18T21:02:00Z,free response,2.942,7.836,66.16,280.6,262.4,6.48,35.58,100.0,2,Off,799.54,498.53
1795035780000000000,2026-11-18T21:03:00Z,controller 1,2.836,8.091,178.88,194.88,575.71,6.46,32.37,100.0,1,Off,1246.41,898.82
1795035840000000000,2026-11-18T21:04:00Z,controller 2,2.809,8.273,199.65,252.09,92.56,6.45,30.33,100.0,2,Off,1278.04,916.37
1795035900000000000,2026-11-18T21:05:00Z,controller 2,2.769,8.131,89.24,344.68,170.43,6.42,33.05,100.0,1,Off,1260.25,945.61
1795035960000000000,2026-11-18T21:06:00Z,controller 2,2.911,8.139,157.82,350.82,597.64,6.39,31.52,100.0,2,Off,1265.91,941.18
1795036020000000000,2026-11-18T21:07:00Z,free response,2.931,7.771,52.59,401.95,102.97,6.36,36.34,100.0,1,Off,1250.62,916.79
1795036080000000000,2026-11-18T21:08:00Z,controller 2,2.943,7.968,193.51,63.15,195.32,6.34,33.12,100.0,3,Off,1243.1,914.43
1795036140000000000,2026-11-18T21:09:00Z,free response,2.806,7.859,143.12,86.36,409.72,6.32,29.34,100.0,3,Off,1266.73,929.92
1795036200000000000,2026-11-18T21:10:00Z,controller 1,2.801,7.738,100.68,287.26,562.71,6.29,32.53,100.0,2,Off,1270.55,921.11
1795036260000000000,2026-11-18T21:11:00Z,controller 1,2.914,7.81,98.95,162.57,536.92,6.27,30.92,100.0,2,Off,1280.34,947.11
1795036320000000000,2026-11-18T21:12:00Z,controller 2,2.858,7.983,68.38,164.55,25.01,6.25,30.92,80.89,2,Off,1263.11,944.33
1795036380000000000,2026-11-18T21:13:00Z,controller 2,2.844,8.072,152.83,140.25,334.02,6.24,33.37,100.0,2,Off,1262.3,958.89
1795036440000000000,2026-11-18T21:14:00Z,free response,2.808,8.094,156.65,351.74,22.26,6.23,31.82,69.96,2,Off,1306.26,979.04
1795036500000000000,2026-11-18T21:15:00Z,free response,2.789,8.238,92.3,297.87,336.27,6.2,31.37,100.0,1,Off,1352.81,985.55
1795036560000000000,2026-11-18T21:16:00Z,free response,2.836,8.359,5.26,316.48,190.21,6.17,33.75,100.0,3,Off,1308.14,983.2
1795036620000000000,2026-11-18T21:17:00Z,controller 2,2.855,7.843,-28.11,148.5,218.3,6.14,34.27,100.0,3,Off,1264.11,985.34
1795036680000000000,2026-11-18T21:18:00Z,controller 1,2.837,8.255,199.45,127.81,385.99,6.11,33.14,100.0,2,Off,1273.5,995.76
1795036740000000000,2026-11-18T21:19:00Z,free response,2.864,8.277,-26.18,112.14,311.47,6.08,37.03,100.0,2,Off,1226.66,1000.0
1795036800000000000,2026-11-18T21:20:00Z,free response,2.813,7.875,45.17,137.65,238.13,6.07,30.94,100.0,2,Off,1253.48,974.48
1795036860000000000,2026-11-18T21:21:00Z,controller 2,2.885,8.032,64.45,89.73,144.37,6.05,33.07,100.0,3,Off,1214.59,963.32
1795036920000000000,2026-11-18T21:22:00Z,controller 2,2.907,8.019,150.32,212.91,342.32,6.03,31.72,100.0,3,Off,799.14,451.01
1795036980000000000,2026-11-18T21:23:00Z,controller 1,2.884,8.161,191.38,51.57,29.9,6.0,37.11,80.57,1,Off,762.02,464.65
1795037040000000000,2026-11-18T21:24:00Z,controller 1,2.769,7.686,-29.94,68.1,223.49,5.99,31.17,100.0,3,Off,724.31,475.64
1795037100000000000,2026-11-18T21:25:00Z,controller 1,2.851,8.154,177.94,397.93,106.65,5.98,33.7,100.0,2,Off,695.36,447.02
1795037160000000000,2026-11-18T21:26:00Z,free response,2.77,7.684,14.15,236.69,527.6,5.96,28.43,100.0,1,Off,685.34,443.74
1795037220000000000,2026-11-18T21:27:00Z,controller 1,2.878,7.912,136.24,11.75,272.82,5.93,31.15,100.0,1,Off,730.82,445.02
1795037280000000000,2026-11-18T21:28:00Z,free response,2.833,7.844,-26.62,46.88,286.33,5.93,31.71,100.0,2,Off,689.21,453.16
1795037340000000000,2026-11-18T21:29:00Z,controller 2,2.841,7.878,158.61,34.71,469.93,5.91,31.92,100.0,1,Off,664.03,454.43
1795037400000000000,2026-11-18T21:30:00Z,controller 2,1.431,8.096,-11.62,268.07,441.4,5.88,7.73,100.0,2,Off,709.18,811.87
1795037460000000000,2026-11-18T21:31:00Z,controller 1,1.332,8.581,79.43,340.33,381.49,5.86,7.39,100.0,3,Off,700.26,814.72
1795037520000000000,2026-11-18T21:32:00Z,free response,1.367,8.546,13.88,243.5,457.5,5.84,8.57,100.0,1,Off,742.75,841.79
1795037580000000000,2026-11-18T21:33:00Z,free response,1.455,8.671,111.81,350.99,426.31,5.83,8.43,100.0,3,Off,768.76,860.99
1795037640000000000,2026-11-18T21:34:00Z,free response,1.302,8.406,-3.5,19.93,382.56,5.79,7.18,100.0,2,Off,773.2,859.41
1795037700000000000,2026-11-18T21:35:00Z,controller 2,1.45,8.508,137.31,344.72,238.65,5.77,8.74,100.0,1,Off,1473.26,708.74
1795037760000000000,2026-11-18T21:36:00Z,controller 1,1.445,8.748,-27.6,204.28,480.68,5.75,8.63,100.0,3,Off,1466.99,704.44
1795037820000000000,2026-11-18T21:37:00Z,controller 2,1.305,8.633,84.18,175.89,171.05,5.73,7.84,100.0,3,Off,1482.07,685.36
1795037880000000000,2026-11-18T21:38:00Z,controller 2,1.394,8.363,55.27,399.12,375.08,5.72,8.35,100.0,3,Off,1450.26,669.41
1795037940000000000,2026-11-18T21:39:00Z,free response,1.342,8.445,-28.26,23.88,300.03,5.71,7.19,100.0,1,Off,1468.36,640.88
1795038000000000000,2026-11-18T21:40:00Z,controller 2,1.397,8.34,136.61,39.02,309.41,5.69,7.5,100.0,1,Off,1500.0,612.25
1795038060000000000,2026-11-18T21:41:00Z,controller 1,1.369,8.64,135.0,386.38,497.95,5.66,8.25,100.0,2,Off,1500.0,593.22
1795038120000000000,2026-11-18T21:42:00Z,free response,1.479,8.742,174.02,119.38,173.78,5.63,10.49,100.0,3,Off,1500.0,595.59
1795038180000000000,2026-11-18T21:43:00Z,free response,1.423,8.521,10.77,445.31,310.33,5.59,8.72,100.0,1,Off,1463.63,569.15
1795038240000000000,2026-11-18T21:44:00Z,controller 2,1.407,8.269,153.5,211.73,446.5,5.58,7.44,100.0,3,Off,1447.05,557.74
1795038300000000000,2026-11-18T21:45:00Z,controller 2,1.397,8.721,71.19,168.53,523.95,5.56,9.1,100.0,2,On,1409.85,586.67
1795038360000000000,2026-11-18T21:46:00Z,controller 1,1.37,8.405,123.83,3.91,297.1,5.55,7.11,100.0,2,On,1412.73,597.25
1795038420000000000,2026-11-18T21:47:00Z,free response,1.305,8.263,142.9,332.91,543.05,5.52,7.2,100.0,2,On,1412.66,625.08
1795038480000000000,2026-11-18T21:48:00Z,controller 1,1.396,8.342,31.49,294.05,303.47,5.5,8.06,100.0,3,On,1389.92,640.67
1795038540000000000,2026-11-18T21:49:00Z,controller 2,1.47,8.379,53.72,75.69,200.35,5.49,8.51,100.0,2,On,1346.63,619.81
1795038600000000000,2026-11-18T21:50:00Z,controller 1,1.407,8.803,182.33,281.14,374.59,5.46,7.91,100.0,1,On,1354.35,608.9
1795038660000000000,2026-11-18T21:51:00Z,controller 1,1.377,8.127,188.13,274.76,297.74,5.43,7.24,100.0,3,On,1380.77,589.27
1795038720000000000,2026-11-18T21:52:00Z,controller 2,1.448,8.104,-27.74,229.58,587.7,5.41,8.8,100.0,1,On,1401.15,576.7
1795038780000000000,2026-11-18T21:53:00Z,free response,1.457,8.683,168.75,346.52,402.2,5.39,9.03,100.0,3,On,1446.58,570.04
1795038840000000000,2026-11-18T21:54:00Z,controller 2,1.314,8.245,130.83,298.12,72.5,5.38,7.67,100.0,1,On,1495.46,590.54
1795038900000000000,2026-11-18T21:55:00Z,controller 2,1.338,8.264,108.29,368.1,0.52,5.35,8.09,6.43,1,On,1488.41,614.02
1795038960000000000,2026-11-18T21:56:00Z,controller 2,1.41,8.372,153.16,118.27,244.13,5.32,7.5,100.0,3,On,1493.72,629.63
1795039020000000000,2026-11-18T21:57:00Z,controller 2,1.462,8.643,67.6,39.89,310.57,5.3,9.74,100.0,2,On,1447.82,621.84
1795039080000000000,2026-11-18T21:58:00Z,controller 1,1.39,8.769,36.09,396.04,170.29,5.28,8.11,100.0,3,On,1474.11,599.46
1795039140000000000,2026-11-18T21:59:00Z,controller 1,1.352,8.26,112.89,15.8,75.45,5.25,7.74,100.0,3,On,1478.99,602.95
1795039200000000000,2026-11-18T22:00:00Z,free response,2.973,12.667,0.56,226.24,309.12,5.23,58.55,100.0,2,On,1470.34,618.44
1795039260000000000,2026-11-18T22:01:00Z,controller 2,2.907,12.655,138.14,266.95,423.62,5.21,54.18,100.0,2,On,1489.83,631.82
1795039320000000000,2026-11-18T22:02:00Z,controller 1,2.905,12.522,18.11,67.38,423.13,5.19,51.34,100.0,2,On,1478.81,642.63
1795039380000000000,2026-11-18T22:03:00Z,free response,3,12.884,98.94,241.35,150.46,5.16,61.18,100.0,3,On,1500.0,662.87
1795039440000000000,2026-11-18T22:04:00Z,free response,3,13.001,198.88,416.17,346.05,5.14,59.52,100.0,2,On,1500.0,635.42
1795039500000000000,2026-11-18T22:05:00Z,controller 1,3,12.851,58.65,46.95,13.51,5.11,62.2,21.72,2,On,1500.0,611.03
1795039560000000000,2026-11-18T22:06:00Z,controller 2,3,12.882,176.72,424.44,464.35,5.09,58.26,100.0,1,On,1451.34,613.44
1795039620000000000,2026-11-18T22:07:00Z,controller 2,2.992,13.102,120.36,416.58,444.1,5.06,55.06,100.0,2,On,1448.26,593.84
1795039680000000000,2026-11-18T22:08:00Z,free response,3,12.845,75.28,390.46,456.87,5.05,59.47,100.0,2,On,1447.32,611.37
1795039740000000000,2026-11-18T22:09:00Z,controller 1,3,13.019,44.15,257.96,419.32,5.02,63.41,100.0,1,On,1408.12,583.56
1795039800000000000,2026-11-18T22:10:00Z,controller 2,2.924,12.843,35.25,195.72,539.97,5.01,51.23,100.0,1,On,1443.14,584.68
1795039860000000000,2026-11-18T22:11:00Z,controller 1,2.964,13.086,35.17,400.98,218.15,4.99,57.24,100.0,1,On,1426.77,572.46
1795039920000000000,2026-11-18T22:12:00Z,controller 1,3,12.961,-22.88,431.6,461.55,4.98,56.27,100.0,1,On,1401.11,565.59
1795039980000000000,2026-11-18T22:13:00Z,controller 1,3,12.527,17.54,72.82,408.48,4.96,56.68,100.0,2,On,1410.4,579.09
1795040040000000000,2026-11-18T22:14:00Z,controller 2,2.962,12.482,175.04,58.14,257.56,4.93,52.84,100.0,2,On,1385.88,561.18
1795040100000000000,2026-11-18T22:15:00Z,free response,3,12.555,74.01,332.36,9.16,4.91,54.22,16.89,2,On,1395.99,588.52
1795040160000000000,2026-11-18T22:16:00Z,controller 1,2.969,12.513,174.84,287.82,465.04,4.88,57.93,100.0,3,On,798.51,899.05
1795040220000000000,2026-11-18T22:17:00Z,free response,2.932,12.769,183.26,178.59,243.55,4.87,55.31,100.0,3,On,842.04,870.95
1795040280000000000,2026-11-18T22:18:00Z,controller 2,2.906,12.923,66.65,367.7,576.69,4.84,54.16,100.0,2,On,875.06,887.46
1795040340000000000,2026-11-18T22:19:00Z,free response,3,13.042,146.77,113.02,214.28,4.8,54.68,100.0,2,On,860.45,875.33
1795040400000000000,2026-11-18T22:20:00Z,controller 1,2.918,12.758,38.53,192.51,327.11,4.78,56.17,100.0,3,On,864.84,888.25
1795040460000000000,2026-11-18T22:21:00Z,controller 2,3,12.852,132.21,7.82,105.57,4.76,56.09,100.0,3,On,873.66,865.11
1795040520000000000,2026-11-18T22:22:00Z,free response,2.983,13.051,140.97,302.13,458.56,4.81,54.43,100.0,3,On,1209.6,636.11
1795040580000000000,2026-11-18T22:23:00Z,controller 2,2.904,12.988,170.61,260.88,349.09,4.83,59.48,100.0,3,On,1239.27,627.81
1795040640000000000,2026-11-18T22:24:00Z,controller 2,3,13.208,70.06,294.28,176.89,4.92,65.17,100.0,3,On,1253.87,654.05
1795040700000000000,2026-11-18T22:25:00Z,controller 1,2.958,12.872,-13.99,311.18,41.77,4.98,53.33,78.32,2,On,1293.69,655.6
1795040760000000000,2026-11-18T22:26:00Z,controller 1,3,12.481,195.45,426.72,100.2,5.03,58.5,100.0,3,On,1266.86,638.68
1795040820000000000,2026-11-18T22:27:00Z,controller 1,3,12.875,50.84,449.0,125.17,5.11,58.2,100.0,3,On,1272.08,628.2
1795040880000000000,2026-11-18T22:28:00Z,controller 1,2.999,12.956,12.58,288.21,319.31,5.14,54.49,100.0,3,On,1241.74,638.98
1795040940000000000,2026-11-18T22:29:00Z,free response,2.924,13.028,105.77,246.41,403.75,5.19,58.79,100.0,2,On,1279.2,646.69
1795041000000000000,2026-11-18T22:30:00Z,free response,0.525,5.599,111.69,47.92,458.97,5.23,0.82,100.0,3,On,1321.79,650.66
1795041060000000000,2026-11-18T22:31:00Z,controller 2,0.613,5.864,115.73,14.01,6.98,5.28,1.18,100.0,1,On,1289.85,665.52
1795041120000000000,2026-11-18T22:32:00Z,controller 2,0.619,5.82,157.2,330.65,48.62,5.32,1.09,100.0,2,On,1303.12,658.58
1795041180000000000,2026-11-18T22:33:00Z,controller 2,0.588,5.463,20.71,197.82,539.33,5.37,1.0,100.0,2,On,1304.2,654.14
1795041240000000000,2026-11-18T22:34:00Z,free response,0.481,5.938,117.77,379.34,169.89,5.43,0.74,100.0,2,On,1321.54,658.35
1795041300000000000,2026-11-18T22:35:00Z,controller 2,0.645,5.652,152.68,142.49,505.37,5.51,1.13,100.0,1,On,1313.47,671.95
1795041360000000000,2026-11-18T22:36:00Z,controller 1,0.489,5.838,89.4,426.68,57.35,5.55,0.68,100.0,1,On,1271.43,671.83
1795041420000000000,2026-11-18T22:37:00Z,free response,0.541,5.867,72.69,341.31,365.76,5.62,0.92,100.0,2,On,1262.04,649.24
1795041480000000000,2026-11-18T22:38:00Z,controller 1,0.59,5.627,176.85,47.94,277.44,5.7,0.91,100.0,2,On,1293.07,645.03
1795041540000000000,2026-11-18T22:39:00Z,controller 1,0.616,5.483,8.75,318.47,81.89,5.76,1.09,100.0,2,On,1258.74,667.65
1795041600000000000,2026-11-18T22:40:00Z,controller 2,0.576,6.069,71.72,389.41,323.42,5.84,0.97,100.0,2,On,1233.92,689.06
1795041660000000000,2026-11-18T22:41:00Z,controller 2,0.475,5.935,71.47,159.6,36.28,5.93,0.65,100.0,1,On,1241.48,661.98
1795041720000000000,2026-11-18T22:42:00Z,controller 2,0.527,5.689,116.37,413.55,85.07,5.99,0.81,100.0,2,On,1216.87,680.6
1795041780000000000,2026-11-18T22:43:00Z,free response,0.654,5.723,150.4,55.28,304.4,6.02,1.16,100.0,1,On,1254.35,699.12
1795041840000000000,2026-11-18T22:44:00Z,controller 1,0.538,5.365,30.77,50.83,496.32,6.07,0.7,100.0,3,On,1210.84,721.22
1795041900000000000,2026-11-18T22:45:00Z,free response,0.59,5.432,-5.99,334.53,225.77,6.15,0.85,100.0,2,On,1214.4,696.71
1795041960000000000,2026-11-18T22:46:00Z,controller 1,0.516,5.55,66.84,175.46,67.72,6.23,0.68,100.0,1,On,1205.52,722.71
1795042020000000000,2026-11-18T22:47:00Z,free response,0.607,5.323,142.83,266.16,71.63,6.29,0.94,100.0,2,On,1213.98,694.23
1795042080000000000,2026-11-18T22:48:00Z,controller 1,0.578,5.574,-25.28,43.06,467.99,6.33,0.86,100.0,1,On,1251.29,672.81
1795042140000000000,2026-11-18T22:49:00Z,free response,0.649,5.614,64.06,294.83,337.34,6.39,1.09,100.0,1,On,1221.75,661.94
1795042200000000000,2026-11-18T22:50:00Z,controller 1,0.524,5.749,184.77,244.58,315.12,6.46,0.8,100.0,1,On,1242.39,639.94
1795042260000000000,2026-11-18T22:51:00Z,controller 1,0.556,5.671,112.53,211.19,558.05,6.55,0.84,100.0,1,On,1273.81,656.31
1795042320000000000,2026-11-18T22:52:00Z,controller 2,0.494,5.683,-19.6,389.85,438.72,6.59,0.74,100.0,2,On,1240.86,632.84
1795042380000000000,2026-11-18T22:53:00Z,controller 2,0.475,5.343,127.65,61.28,124.99,6.62,0.56,100.0,1,On,1195.85,633.41
1795042440000000000,2026-11-18T22:54:00Z,controller 1,0.643,5.812,91.61,184.13,334.77,6.69,1.21,100.0,2,On,1165.57,633.91
1795042500000000000,2026-11-18T22:55:00Z,controller 1,0.589,5.633,36.87,362.48,155.46,6.73,1.07,100.0,1,On,1133.72,653.87
1795042560000000000,2026-11-18T22:56:00Z,controller 1,0.651,5.994,84.21,83.83,285.25,6.81,1.38,100.0,1,On,1084.99,653.46
1795042620000000000,2026-11-18T22:57:00Z,controller 2,0.538,5.838,50.33,261.65,571.27,6.88,0.83,100.0,1,On,1074.04,634.25
1795042680000000000,2026-11-18T22:58:00Z,controller 2,0.54,6.012,41.61,197.15,111.07,6.96,0.81,100.0,2,On,1091.95,606.59
1795042740000000000,2026-11-18T22:59:00Z,free response,0.651,5.53,121.3,68.65,96.05,7.03,1.08,100.0,1,On,1088.31,602.82
1795042800000000000,2026-11-18T23:00:00Z,controller 2,1.949,10.406,157.03,299.22,331.81,7.06,20.12,100.0,2,On,1070.74,583.26
1795042860000000000,2026-11-18T23:01:00Z,free response,1.851,10.007,125.7,322.99,334.38,7.09,17.32,100.0,1,On,1082.61,561.42
1795042920000000000,2026-11-18T23:02:00Z,controller 1,1.831,9.994,-12.0,339.28,25.27,7.18,15.56,100.0,1,On,1060.86,577.51
1795042980000000000,2026-11-18T23:03:00Z,controller 2,1.925,10.716,96.17,62.61,303.16,7.26,21.03,100.0,2,On,1083.55,555.69
1795043040000000000,2026-11-18T23:04:00Z,controller 2,1.89,10.389,51.34,260.23,354.6,7.29,19.34,100.0,3,On,1039.18,535.26
1795043100000000000,2026-11-18T23:05:00Z,free response,1.819,10.605,-2.05,298.19,77.51,7.37,18.54,100.0,3,On,1021.11,550.68
1795043160000000000,2026-11-18T23:06:00Z,controller 2,1.814,10.612,149.93,298.54,475.27,7.42,15.81,100.0,3,On,1009.84,558.54
1795043220000000000,2026-11-18T23:07:00Z,free response,1.947,10.425,153.21,167.91,233.77,7.45,18.44,100.0,1,On,1058.25,551.27
1795043280000000000,2026-11-18T23:08:00Z,free response,1.818,10.407,102.76,301.65,384.27,7.53,16.32,100.0,2,On,1072.91,555.91
1795043340000000000,2026-11-18T23:09:00Z,controller 2,1.902,10.314,150.57,146.61,451.76,7.56,20.39,100.0,2,On,1113.3,541.25
1795043400000000000,2026-11-18T23:10:00Z,controller 2,1.872,10.17,195.5,39.0,473.83,7.65,16.19,100.0,1,Off,1103.82,547.04
1795043460000000000,2026-11-18T23:11:00Z,controller 2,1.954,9.959,51.34,420.52,456.52,7.69,18.8,100.0,2,Off,1064.18,557.35
1795043520000000000,2026-11-18T23:12:00Z,controller 2,1.846,10.502,35.24,147.13,277.61,7.78,16.16,100.0,2,Off,1019.35,539.5
1795043580000000000,2026-11-18T23:13:00Z,controller 2,1.803,10.346,71.86,92.66,94.42,7.83,16.66,100.0,2,Off,1058.15,524.87
1795043640000000000,2026-11-18T23:14:00Z,controller 1,1.907,10.422,146.11,124.77,489.51,7.87,17.94,100.0,2,Off,1095.07,501.88
1795043700000000000,2026-11-18T23:15:00Z,free response,1.909,10.355,183.11,360.42,496.85,7.95,20.45,100.0,3,Off,1125.23,491.79
1795043760000000000,2026-11-18T23:16:00Z,free response,1.803,10.348,198.74,350.1,249.87,8.01,17.09,100.0,2,Off,1113.24,505.75
1795043820000000000,2026-11-18T23:17:00Z,controller 2,1.834,10.337,61.1,77.25,62.22,8.08,16.88,100.0,3,Off,1141.86,479.77
1795043880000000000,2026-11-18T23:18:00Z,controller 1,1.824,10.72,62.11,15.88,218.28,8.12,16.25,100.0,2,Off,1159.58,502.92
1795043940000000000,2026-11-18T23:19:00Z,controller 1,1.855,10.03,128.95,141.51,282.77,8.2,16.23,100.0,3,Off,1135.39,532.0
1795044000000000000,2026-11-18T23:20:00Z,free response,1.85,10.381,130.03,441.83,90.78,8.26,17.94,100.0,1,Off,1393.09,823.99
1795044060000000000,2026-11-18T23:21:00Z,controller 1,1.957,10.349,98.67,365.56,526.86,8.34,20.98,100.0,1,Off,1422.47,825.97
1795044120000000000,2026-11-18T23:22:00Z,controller 1,1.964,10.463,126.5,244.68,312.54,8.42,19.4,100.0,1,Off,1375.12,806.9
1795044180000000000,2026-11-18T23:23:00Z,free response,1.865,10.601,142.5,22.65,315.06,8.45,19.76,100.0,2,Off,1383.99,834.41
1795044240000000000,2026-11-18T23:24:00Z,controller 1,1.909,10.038,64.66,73.63,86.39,8.52,16.61,100.0,1,Off,1348.4,833.68
1795044300000000000,2026-11-18T23:25:00Z,controller 1,1.839,10.707,165.5,23.92,453.14,8.56,19.29,100.0,3,Off,1376.43,817.61
1795044360000000000,2026-11-18T23:26:00Z,controller 2,1.829,10.307,182.27,336.01,80.71,8.62,16.37,100.0,1,Off,1421.79,838.4
1795044420000000000,2026-11-18T23:27:00Z,free response,1.948,10.152,159.67,414.12,233.29,8.66,19.46,100.0,3,Off,1416.67,816.86
1795044480000000000,2026-11-18T23:28:00Z,controller 1,1.839,10.442,157.93,196.78,356.84,8.7,16.01,100.0,3,Off,1426.7,825.15
1795044540000000000,2026-11-18T23:29:00Z,controller 2,1.891,10.272,32.04,31.96,534.46,8.78,17.05,100.0,1,Off,823.95,552.97
1795044600000000000,2026-11-18T23:30:00Z,free response,1.349,3.341,28.94,8.55,448.47,8.85,3.09,100.0,3,Off,845.91,567.66
1795044660000000000,2026-11-18T23:31:00Z,controller 1,1.382,3.402,16.66,122.56,492.82,8.91,2.94,100.0,2,Off,835.19,584.4
1795044720000000000,2026-11-18T23:32:00Z,controller 1,1.302,3.342,152.79,224.51,593.73,8.95,2.57,100.0,2,Off,878.35,566.56
1795044780000000000,2026-11-18T23:33:00Z,controller 2,1.321,3.163,109.21,31.11,265.38,9.03,2.56,100.0,1,Off,844.15,577.71
1795044840000000000,2026-11-18T23:34:00Z,free response,1.328,3.737,133.38,351.51,316.01,9.11,3.24,100.0,1,Off,851.82,598.01
1795044900000000000,2026-11-18T23:35:00Z,controller 1,1.416,3.489,164.42,18.02,567.12,9.19,3.28,100.0,1,Off,899.34,587.53
1795044960000000000,2026-11-18T23:36:00Z,controller 2,1.316,3.62,60.99,347.87,119.33,9.27,3.28,100.0,2,Off,870.69,594.59
1795045020000000000,2026-11-18T23:37:00Z,controller 2,1.291,3.702,-20.39,103.6,129.02,9.34,2.83,100.0,3,Off,891.99,602.56
1795045080000000000,2026-11-18T23:38:00Z,free response,1.404,3.569,144.34,278.88,331.03,9.4,3.8,100.0,2,Off,908.18,584.5
1795045140000000000,2026-11-18T23:39:00Z,controller 1,1.421,3.122,116.57,418.79,283.42,9.48,3.41,100.0,3,Off,945.95,583.85
1795045200000000000,2026-11-18T23:40:00Z,free response,1.396,3.677,104.89,285.74,225.92,9.52,3.56,100.0,1,Off,896.21,566.22
1795045260000000000,2026-11-18T23:41:00Z,controller 2,1.317,3.457,94.7,135.27,144.39,9.6,2.77,100.0,2,Off,851.04,540.69
1795045320000000000,2026-11-18T23:42:00Z,free response,1.336,3.138,-9.77,204.31,317.09,9.66,2.73,100.0,2,Off,854.08,566.8
1795045380000000000,2026-11-18T23:43:00Z,controller 2,1.442,3.29,134.46,152.85,249.69,9.71,3.2,100.0,3,Off,892.05,589.78
1795045440000000000,2026-11-18T23:44:00Z,controller 1,1.295,3.099,147.29,302.64,80.59,9.76,2.79,100.0,2,Off,880.29,578.31
1795045500000000000,2026-11-18T23:45:00Z,controller 2,1.299,3.226,123.6,106.82,426.46,9.8,2.74,100.0,3,Off,752.26,374.3
1795045560000000000,2026-11-18T23:46:00Z,controller 1,1.37,3.222,45.46,365.69,457.42,9.89,3.05,100.0,2,Off,770.5,360.07
1795045620000000000,2026-11-18T23:47:00Z,free response,1.301,3.316,-10.25,306.12,44.84,9.92,2.66,100.0,1,Off,746.71,363.07
1795045680000000000,2026-11-18T23:48:00Z,controller 1,1.438,3.138,104.93,49.53,234.23,9.97,3.45,100.0,3,Off,724.54,354.02
1795045740000000000,2026-11-18T23:49:00Z,controller 2,1.408,3.633,154.61,295.42,579.88,10.02,3.74,100.0,1,Off,725.11,345.33
1795045800000000000,2026-11-18T23:50:00Z,controller 2,1.451,3.336,123.74,267.98,524.51,10.08,3.19,100.0,1,Off,762.69,374.17
1795045860000000000,2026-11-18T23:51:00Z,free response,1.444,3.301,-17.98,284.13,227.87,10.12,3.68,100.0,2,Off,799.65,356.65
1795045920000000000,2026-11-18T23:52:00Z,controller 2,1.41,3.743,198.48,133.21,389.43,10.21,3.65,100.0,3,Off,808.06,344.48
1795045980000000000,2026-11-18T23:53:00Z,controller 2,1.381,3.624,29.34,420.61,37.72,10.26,3.37,100.0,3,Off,802.48,332.69
1795046040000000000,2026-11-18T23:54:00Z,controller 2,1.361,3.224,172.3,161.4,375.39,10.35,2.89,100.0,2,Off,789.79,333.5
1795046100000000000,2026-11-18T23:55:00Z,controller 1,1.42,3.2,-28.5,39.37,533.34,10.38,3.09,100.0,1,Off,780.95,345.98
1795046160000000000,2026-11-18T23:56:00Z,controller 2,1.433,3.467,-6.63,8.45,553.06,10.46,3.44,100.0,1,Off,762.84,356.53
1795046220000000000,2026-11-18T23:57:00Z,controller 1,1.393,3.615,14.27,405.0,585.68,10.5,3.68,100.0,2,Off,809.94,386.17
1795046280000000000,2026-11-18T23:58:00Z,controller 1,1.324,3.268,67.46,175.79,327.54,10.54,2.98,100.0,3,Off,813.51,379.99
1795046340000000000,2026-11-18T23:59:00Z,controller 1,1.295,3.288,66.2,373.14,352.73,10.59,2.9,100.0,1,Off,822.92,363.34
