timestamp_ns,timestamp_iso,controller,hs,tp,avg_power,power_in,power_to_controller,battery_voltage,battery_pct,sea_state_energy,efficiency,peaks,nextwave,nextwave_error,nextwave_error_2
1789084800000000000,2026-09-11T00:00:00Z,controller 1,1.831,5.61,2.93,2.93,0.0,309.56,51.4,9.76,30.02,3,Off,912.58,400.83
1789084860000000000,2026-09-11T00:01:00Z,controller 1,1.825,5.692,2.89,2.89,0.0,309.55,51.37,9.31,31.04,1,Off,1238.32,987.55
1789084920000000000,2026-09-11T00:02:00Z,controller 1,1.805,5.654,2.61,2.61,0.0,309.54,51.35,10.1,25.84,3,Off,1277.15,1000.0
1789084980000000000,2026-09-11T00:03:00Z,controller 1,1.81,5.713,2.59,2.59,0.0,309.53,51.33,9.44,27.44,1,Off,1305.45,1000.0
1789085040000000000,2026-09-11T00:04:00Z,controller 1,1.825,5.697,2.46,2.46,0.0,309.52,51.31,9.87,24.92,1,Off,1307.37,1000.0
1789085100000000000,2026-09-11T00:05:00Z,controller 1,1.885,5.612,2.54,2.54,0.0,309.52,51.3,10.2,24.9,2,Off,1347.6,976.13
1789085160000000000,2026-09-11T00:06:00Z,controller 1,1.847,5.691,2.34,2.34,0.0,309.51,51.28,10.5,22.29,2,Off,1319.8,954.42
1789085220000000000,2026-09-11T00:07:00Z,controller 1,1.802,5.651,2.22,2.22,0.0,309.51,51.27,8.97,24.75,3,Off,1302.93,967.75
1789085280000000000,2026-09-11T00:08:00Z,controller 1,1.902,5.644,2.15,2.15,0.0,309.5,51.26,10.0,21.5,2,Off,1302.88,938.24
1789085340000000000,2026-09-11T00:09:00Z,controller 1,1.831,5.585,2.11,2.11,0.0,309.5,51.24,10.1,20.89,2,Off,1263.14,920.4
1789085400000000000,2026-09-11T00:10:00Z,controller 1,1.847,5.658,1.92,1.92,0.0,309.49,51.22,10.34,18.57,2,Off,1226.37,912.81
1789085460000000000,2026-09-11T00:11:00Z,controller 1,1.78,5.667,1.91,1.91,0.0,309.48,51.19,8.86,21.56,1,Off,1190.34,922.14
1789085520000000000,2026-09-11T00:12:00Z,controller 1,1.718,5.692,1.76,1.76,0.0,309.47,51.18,7.75,22.71,1,Off,1204.15,917.99
1789085580000000000,2026-09-11T00:13:00Z,controller 1,1.69,5.747,1.63,1.63,0.0,309.46,51.16,8.54,19.09,2,Off,1154.21,941.69
1789085640000000000,2026-09-11T00:14:00Z,controller 1,1.679,5.675,1.78,1.78,0.0,309.46,51.14,8.57,20.77,3,Off,1169.56,922.92
1789085700000000000,2026-09-11T00:15:00Z,controller 1,1.626,5.623,1.67,1.67,0.0,309.44,51.11,7.35,22.72,2,Off,1131.19,948.99
1789085760000000000,2026-09-11T00:16:00Z,controller 1,1.662,5.698,1.55,1.55,0.0,309.44,51.09,7.14,21.71,1,Off,1159.02,954.25
1789085820000000000,2026-09-11T00:17:00Z,controller 1,1.707,5.71,1.69,1.69,0.0,309.43,51.08,8.11,20.84,3,Off,1196.88,960.51
1789085880000000000,2026-09-11T00:18:00Z,controller 1,1.674,5.815,1.61,1.61,0.0,309.42,51.06,8.36,19.26,2,Off,1238.3,943.66
1789085940000000000,2026-09-11T00:19:00Z,controller 1,1.714,5.772,1.64,1.64,0.0,309.42,51.04,8.9,18.43,2,Off,1211.47,962.72
1789086000000000000,2026-09-11T00:20:00Z,controller 1,1.742,5.788,1.53,1.53,0.0,309.4,51.01,7.93,19.29,2,Off,1225.82,984.2
1789086060000000000,2026-09-11T00:21:00Z,controller 1,1.789,5.804,1.54,1.54,0.0,309.4,51.01,9.12,16.89,2,Off,1138.33,593.06
1789086120000000000,2026-09-11T00:22:00Z,controller 1,1.764,5.805,1.65,1.65,0.0,309.4,50.99,8.43,19.57,3,Off,1093.9,576.77
1789086180000000000,2026-09-11T00:23:00Z,controller 1,1.75,5.861,1.61,1.61,0.0,309.39,50.98,8.64,18.63,1,Off,1136.77,580.35
1789086240000000000,2026-09-11T00:24:00Z,controller 1,1.758,5.843,1.7,1.7,0.0,309.38,50.96,9.8,17.35,3,Off,1159.11,586.37
1789086300000000000,2026-09-11T00:25:00Z,controller 1,1.769,5.917,1.79,1.79,0.0,309.38,50.95,9.43,18.98,2,Off,1184.28,594.93
1789086360000000000,2026-09-11T00:26:00Z,controller 1,1.724,5.896,1.69,1.69,0.0,309.38,50.94,8.83,19.14,1,Off,1206.61,569.09
1789086420000000000,2026-09-11T00:27:00Z,controller 1,1.799,5.916,1.53,1.53,0.0,309.37,50.92,10.37,14.75,2,Off,1176.87,552.1
1789086480000000000,2026-09-11T00:28:00Z,controller 1,1.893,5.968,1.43,1.43,0.0,309.36,50.9,11.68,12.24,1,Off,1188.92,554.19
1789086540000000000,2026-09-11T00:29:00Z,controller 1,1.933,5.948,1.42,1.42,0.0,309.36,50.9,11.23,12.64,3,Starting,708.01,545.95
1789086600000000000,2026-09-11T00:30:00Z,controller 1,1.961,5.87,1.41,1.41,0.0,309.36,50.89,11.92,11.83,3,Starting,684.55,523.05
1789086660000000000,2026-09-11T00:31:00Z,controller 1,1.86,5.852,1.37,1.37,0.0,309.35,50.87,10.88,12.59,2,Starting,704.09,514.28
1789086720000000000,2026-09-11T00:32:00Z,controller 1,1.837,5.854,1.29,1.29,0.0,309.34,50.84,10.19,12.66,3,Starting,716.51,514.34
1789086780000000000,2026-09-11T00:33:00Z,controller 1,1.908,5.872,1.28,1.28,0.0,309.32,50.81,10.31,12.42,3,Starting,728.69,506.36
1789086840000000000,2026-09-11T00:34:00Z,controller 1,1.944,5.859,1.17,1.17,0.0,309.32,50.8,10.13,11.55,3,Starting,769.21,512.64
1789086900000000000,2026-09-11T00:35:00Z,controller 1,1.96,5.867,1.12,1.12,0.0,309.31,50.78,10.56,10.61,3,Starting,794.68,526.29
1789086960000000000,2026-09-11T00:36:00Z,controller 1,1.901,5.893,1.05,1.05,0.0,309.31,50.77,10.93,9.61,2,Starting,796.03,549.97
1789087020000000000,2026-09-11T00:37:00Z,controller 1,1.867,5.855,1.15,1.15,0.0,309.3,50.74,9.39,12.25,3,Starting,763.8,573.25
1789087080000000000,2026-09-11T00:38:00Z,controller 1,1.922,5.877,1.15,1.15,0.0,309.29,50.73,10.11,11.37,1,Starting,760.43,586.56
1789087140000000000,2026-09-11T00:39:00Z,controller 1,1.988,5.954,1.16,1.16,0.0,309.28,50.71,11.46,10.12,3,Starting,722.57,611.02
1789087200000000000,2026-09-11T00:40:00Z,controller 1,1.944,5.983,1.24,1.24,0.0,309.28,50.69,10.44,11.88,3,Starting,772.5,634.6
1789087260000000000,2026-09-11T00:41:00Z,controller 1,1.954,6.08,1.28,1.28,0.0,309.27,50.68,12.16,10.53,1,Starting,811.5,656.57
1789087320000000000,2026-09-11T00:42:00Z,controller 1,1.95,6.029,1.39,1.39,0.0,309.27,50.67,11.44,12.15,3,Starting,796.44,633.84
1789087380000000000,2026-09-11T00:43:00Z,controller 1,1.96,6.049,1.33,1.33,0.0,309.26,50.66,11.75,11.32,1,Starting,757.94,659.61
1789087440000000000,2026-09-11T00:44:00Z,controller 1,1.924,5.983,1.43,1.43,0.0,309.25,50.63,10.84,13.19,1,Starting,744.98,689.57
1789087500000000000,2026-09-11T00:45:00Z,controller 1,1.831,5.918,1.5,1.5,0.0,309.24,50.61,9.33,16.08,3,Starting,749.88,685.29
1789087560000000000,2026-09-11T00:46:00Z,controller 1,1.82,5.964,1.41,1.41,0.0,309.23,50.58,9.09,15.51,1,Starting,742.53,680.59
1789087620000000000,2026-09-11T00:47:00Z,controller 1,1.762,5.903,1.43,1.43,0.0,309.22,50.55,9.5,15.05,3,Starting,725.56,682.24
1789087680000000000,2026-09-11T00:48:00Z,controller 1,1.797,5.867,1.56,1.56,0.0,309.21,50.53,10.07,15.49,1,Starting,706.65,694.97
1789087740000000000,2026-09-11T00:49:00Z,controller 1,1.772,5.924,1.65,1.65,0.0,309.21,50.53,9.95,16.58,1,Starting,698.16,716.99
1789087800000000000,2026-09-11T00:50:00Z,controller 1,1.763,6.027,1.69,1.69,0.0,309.21,50.52,10.22,16.54,2,Starting,708.9,705.74
1789087860000000000,2026-09-11T00:51:00Z,controller 1,1.766,5.999,1.61,1.61,0.0,309.2,50.5,9.85,16.35,1,Starting,664.28,696.73
1789087920000000000,2026-09-11T00:52:00Z,controller 1,1.815,6.071,1.75,1.75,0.0,309.2,50.5,10.02,17.47,3,Starting,705.56,675.18
1789087980000000000,2026-09-11T00:53:00Z,controller 1,1.877,6.157,1.7,1.7,0.0,309.19,50.47,10.88,15.62,1,Starting,682.19,489.57
1789088040000000000,2026-09-11T00:54:00Z,controller 1,1.843,6.179,1.79,1.79,0.0,309.18,50.44,9.81,18.25,1,Starting,656.72,473.53
1789088100000000000,2026-09-11T00:55:00Z,controller 1,1.828,6.163,1.91,1.91,0.0,309.17,50.43,10.74,17.78,2,Starting,619.62,463.98
1789088160000000000,2026-09-11T00:56:00Z,controller 1,1.794,6.241,1.75,1.75,0.0,309.16,50.41,10.33,16.94,2,Starting,630.42,488.95
1789088220000000000,2026-09-11T00:57:00Z,controller 1,1.804,6.253,1.75,1.75,0.0,309.16,50.4,10.78,16.23,2,Starting,635.52,501.36
1789088280000000000,2026-09-11T00:58:00Z,controller 1,1.905,6.282,1.78,1.78,0.0,309.15,50.37,10.87,16.38,3,Starting,596.07,530.57
1789088340000000000,2026-09-11T00:59:00Z,controller 1,1.832,6.359,1.9,1.9,0.0,309.14,50.34,9.87,19.25,1,Starting,588.88,550.96
1789088400000000000,2026-09-11T01:00:00Z,controller 1,1.857,6.323,1.78,1.78,0.0,309.12,50.31,11.77,15.12,2,Starting,603.67,571.39
1789088460000000000,2026-09-11T01:01:00Z,controller 1,1.826,6.336,1.7,1.7,0.0,309.12,50.3,10.44,16.28,3,Starting,647.8,593.79
1789088520000000000,2026-09-11T01:02:00Z,controller 1,1.93,6.355,1.82,1.82,0.0,309.11,50.27,13.0,14.0,1,Starting,608.33,597.2
1789088580000000000,2026-09-11T01:03:00Z,controller 1,1.98,6.43,1.83,1.83,0.0,309.1,50.26,12.16,15.05,1,Starting,628.69,595.8
1789088640000000000,2026-09-11T01:04:00Z,controller 1,2.004,6.472,1.77,1.77,0.0,309.09,50.23,11.78,15.03,1,Starting,597.19,575.75
1789088700000000000,2026-09-11T01:05:00Z,controller 1,1.979,6.458,1.89,1.89,0.0,309.08,50.2,13.88,13.62,3,Starting,580.6,604.98
1789088760000000000,2026-09-11T01:06:00Z,controller 1,2.028,6.427,2.07,2.07,0.0,309.07,50.18,12.84,16.12,3,Starting,609.12,597.68
1789088820000000000,2026-09-11T01:07:00Z,controller 1,2.058,6.407,2.19,2.19,0.0,309.06,50.15,12.31,17.79,1,Starting,632.29,614.43
1789088880000000000,2026-09-11T01:08:00Z,controller 1,2.009,6.388,2.3,2.3,0.0,309.05,50.12,13.45,17.1,1,Starting,587.1,607.52
1789088940000000000,2026-09-11T01:09:00Z,controller 1,2.069,6.288,2.19,2.19,0.0,309.04,50.1,12.62,17.35,1,Starting,1098.32,753.12
1789089000000000000,2026-09-11T01:10:00Z,controller 1,2.122,6.254,2.06,2.06,0.0,309.03,50.07,13.12,15.7,1,Starting,1104.65,750.9
1789089060000000000,2026-09-11T01:11:00Z,controller 1,2.141,6.235,2.23,2.23,0.0,309.02,50.04,15.22,14.65,2,Starting,1081.79,749.18
1789089120000000000,2026-09-11T01:12:00Z,controller 1,2.195,6.401,2.35,2.35,0.0,309.01,50.03,15.03,15.64,3,Starting,1067.69,740.87
1789089180000000000,2026-09-11T01:13:00Z,controller 1,2.19,6.493,2.49,2.49,0.0,309.01,50.03,16.89,14.74,3,Starting,1084.14,713.88
1789089240000000000,2026-09-11T01:14:00Z,controller 1,2.108,6.453,2.36,2.36,0.0,309.0,50.01,14.64,16.12,1,Starting,1061.67,733.38
1789089300000000000,2026-09-11T01:15:00Z,controller 1,2.066,6.481,2.24,2.24,0.0,308.99,49.98,13.44,16.67,1,Starting,1057.16,705.77
1789089360000000000,2026-09-11T01:16:00Z,controller 1,2.059,6.43,2.4,2.4,0.0,308.99,49.96,13.95,17.2,1,Starting,1061.28,694.36
1789089420000000000,2026-09-11T01:17:00Z,controller 1,2.022,6.473,2.26,2.26,0.0,308.98,49.94,14.29,15.82,2,Starting,1102.97,705.74
1789089480000000000,2026-09-11T01:18:00Z,controller 1,1.979,6.356,2.47,2.47,0.0,308.98,49.92,11.4,21.67,3,Starting,1116.2,723.98
1789089540000000000,2026-09-11T01:19:00Z,controller 1,1.944,6.265,2.39,2.39,0.0,308.97,49.89,12.09,19.77,1,Starting,1135.62,717.58
1789089600000000000,2026-09-11T01:20:00Z,controller 1,1.907,6.282,2.38,2.38,0.0,308.96,49.88,10.51,22.65,2,Starting,1180.77,740.91
1789089660000000000,2026-09-11T01:21:00Z,controller 1,1.901,6.378,2.52,2.52,0.0,308.96,49.87,10.96,22.99,1,Starting,1178.09,754.92
1789089720000000000,2026-09-11T01:22:00Z,controller 1,1.787,6.347,2.66,2.66,0.0,308.95,49.84,9.23,28.82,3,Starting,1189.65,729.03
1789089780000000000,2026-09-11T01:23:00Z,controller 1,1.799,6.322,2.87,2.87,0.0,308.95,49.83,9.89,29.02,2,Starting,1215.13,756.78
1789089840000000000,2026-09-11T01:24:00Z,controller 1,1.851,6.294,2.96,2.96,0.0,308.94,49.81,10.33,28.65,3,Starting,1042.67,427.51
1789089900000000000,2026-09-11T01:25:00Z,controller 1,1.858,6.248,2.96,2.96,0.0,308.93,49.78,10.45,28.33,3,Starting,1015.57,435.51
1789089960000000000,2026-09-11T01:26:00Z,controller 1,1.85,6.271,2.68,2.68,0.0,308.93,49.75,9.93,26.99,3,Starting,1061.06,413.86
1789090020000000000,2026-09-11T01:27:00Z,controller 1,1.876,6.423,2.68,2.68,0.0,308.92,49.72,11.88,22.56,3,Starting,1053.32,431.9
1789090080000000000,2026-09-11T01:28:00Z,controller 1,1.861,6.443,2.86,2.86,0.0,308.91,49.7,11.21,25.51,1,Starting,1092.53,453.46
1789090140000000000,2026-09-11T01:29:00Z,controller 1,1.864,6.474,2.69,2.69,0.0,308.9,49.67,11.62,23.15,1,Starting,1044.23,450.49
1789090200000000000,2026-09-11T01:30:00Z,controller 1,1.872,6.515,2.92,2.92,0.0,308.9,49.66,11.53,25.33,1,Starting,1060.86,442.59
1789090260000000000,2026-09-11T01:31:00Z,controller 1,1.882,6.443,2.72,2.72,0.0,308.89,49.62,10.79,25.21,3,Starting,1012.39,461.93
1789090320000000000,2026-09-11T01:32:00Z,controller 1,1.885,6.465,2.51,2.51,0.0,308.88,49.6,12.09,20.76,2,Starting,996.1,451.92
1789090380000000000,2026-09-11T01:33:00Z,controller 1,1.834,6.371,2.55,2.55,0.0,308.87,49.57,10.39,24.54,1,Starting,959.59,460.29
1789090440000000000,2026-09-11T01:34:00Z,controller 1,1.798,6.304,2.79,2.79,0.0,308.86,49.54,9.83,28.38,3,Starting,939.77,459.71
1789090500000000000,2026-09-11T01:35:00Z,controller 1,1.702,6.383,2.55,2.55,0.0,308.86,49.52,10.02,25.45,1,Starting,895.73,438.07
1789090560000000000,2026-09-11T01:36:00Z,controller 1,1.697,6.403,2.51,2.51,0.0,308.85,49.51,8.83,28.43,2,Starting,939.13,449.27
1789090620000000000,2026-09-11T01:37:00Z,controller 1,1.687,6.293,2.28,2.28,0.0,308.85,49.49,9.81,23.24,2,Starting,956.25,461.2
1789090680000000000,2026-09-11T01:38:00Z,controller 1,1.702,6.296,2.15,2.15,0.0,308.85,49.49,9.19,23.39,3,Starting,960.01,443.03
1789090740000000000,2026-09-11T01:39:00Z,controller 1,1.705,6.217,2.15,2.15,0.0,308.83,49.45,8.53,25.21,2,Starting,1004.95,439.97
1789090800000000000,2026-09-11T01:40:00Z,controller 1,1.629,6.265,2.14,2.14,0.0,308.83,49.42,8.22,26.03,1,Starting,962.24,410.45
1789090860000000000,2026-09-11T01:41:00Z,controller 1,1.64,6.222,2.34,2.34,0.0,308.82,49.41,7.84,29.85,3,Starting,937.64,426.31
1789090920000000000,2026-09-11T01:42:00Z,controller 1,1.672,6.175,2.48,2.48,0.0,308.82,49.39,8.35,29.7,3,On,893.1,452.13
1789090980000000000,2026-09-11T01:43:00Z,controller 1,1.663,6.164,2.39,2.39,0.0,308.81,49.37,8.4,28.45,3,On,865.97,441.31
1789091040000000000,2026-09-11T01:44:00Z,controller 1,1.705,6.139,2.42,2.42,0.0,308.81,49.35,9.42,25.69,2,On,832.88,420.76
1789091100000000000,2026-09-11T01:45:00Z,controller 1,1.701,6.16,2.6,2.6,0.0,308.8,49.32,8.53,30.48,2,On,823.26,422.88
1789091160000000000,2026-09-11T01:46:00Z,controller 1,1.719,6.314,2.86,2.86,0.0,308.79,49.31,8.6,33.26,3,On,785.65,421.65
1789091220000000000,2026-09-11T01:47:00Z,controller 1,1.686,6.406,3.1,3.1,0.0,308.78,49.28,8.66,35.8,2,On,794.73,438.55
1789091280000000000,2026-09-11T01:48:00Z,controller 1,1.69,6.365,3.29,3.29,0.0,308.78,49.27,9.2,35.76,1,On,820.51,432.6
1789091340000000000,2026-09-11T01:49:00Z,controller 1,1.704,6.301,3.44,3.44,0.0,308.77,49.24,9.18,37.47,1,On,851.19,454.79
1789091400000000000,2026-09-11T01:50:00Z,controller 1,1.766,6.372,3.18,3.18,0.0,308.76,49.2,10.61,29.97,2,On,829.23,446.13
1789091460000000000,2026-09-11T01:51:00Z,controller 1,1.742,6.354,3.26,3.26,0.0,308.76,49.19,9.0,36.22,2,On,858.27,454.48
1789091520000000000,2026-09-11T01:52:00Z,controller 1,1.751,6.366,3.51,3.51,0.0,308.75,49.16,10.55,33.27,2,On,835.88,481.29
1789091580000000000,2026-09-11T01:53:00Z,controller 1,1.74,6.35,3.57,3.57,0.0,308.74,49.13,9.01,39.62,2,On,796.48,461.43
1789091640000000000,2026-09-11T01:54:00Z,controller 1,1.734,6.359,3.86,3.86,0.0,308.74,49.12,9.57,40.33,1,On,773.53,432.14
1789091700000000000,2026-09-11T01:55:00Z,controller 1,1.683,6.426,3.93,3.93,0.0,308.73,49.09,8.27,47.52,2,On,726.28,420.59
1789091760000000000,2026-09-11T01:56:00Z,controller 1,1.632,6.469,3.87,3.87,0.0,308.72,49.07,8.43,45.91,1,On,724.29,424.15
1789091820000000000,2026-09-11T01:57:00Z,controller 1,1.586,6.493,3.67,3.67,0.0,308.71,49.05,8.05,45.59,3,On,716.94,409.35
1789091880000000000,2026-09-11T01:58:00Z,controller 1,1.602,6.49,3.56,3.56,0.0,308.71,49.03,8.5,41.88,1,On,694.83,399.58
1789091940000000000,2026-09-11T01:59:00Z,controller 1,1.6,6.458,3.8,3.8,0.0,308.71,49.02,8.5,44.71,1,On,670.45,373.04
1789092000000000000,2026-09-11T02:00:00Z,controller 1,1.529,6.413,3.45,3.45,0.0,308.7,49.01,8.15,42.33,2,On,672.14,362.99
1789092060000000000,2026-09-11T02:01:00Z,controller 1,1.482,6.376,3.63,3.63,0.0,308.7,49.0,6.61,54.92,2,On,641.79,351.92
1789092120000000000,2026-09-11T02:02:00Z,controller 1,1.503,6.35,3.53,3.53,0.0,308.69,48.98,7.67,46.02,1,On,1354.75,386.97
1789092180000000000,2026-09-11T02:03:00Z,controller 1,1.466,6.358,3.44,3.44,0.0,308.69,48.96,7.24,47.51,3,On,1362.73,395.88
1789092240000000000,2026-09-11T02:04:00Z,controller 1,1.444,6.282,3.2,3.2,0.0,308.69,48.95,6.15,52.03,1,On,1390.66,370.46
1789092300000000000,2026-09-11T02:05:00Z,controller 1,1.466,6.274,3.14,3.14,0.0,308.68,48.93,6.82,46.04,3,On,1434.53,379.95
1789092360000000000,2026-09-11T02:06:00Z,controller 1,1.444,6.366,2.86,2.86,0.0,308.67,48.9,6.96,41.09,3,On,1457.66,393.15
1789092420000000000,2026-09-11T02:07:00Z,controller 1,1.425,6.357,2.97,2.97,0.0,308.66,48.87,5.96,49.83,3,On,1419.07,415.73
1789092480000000000,2026-09-11T02:08:00Z,controller 1,1.435,6.361,2.88,2.88,0.0,308.65,48.85,6.6,43.64,2,On,1372.39,397.05
1789092540000000000,2026-09-11T02:09:00Z,controller 1,1.423,6.362,3.07,3.07,0.0,308.65,48.84,6.67,46.03,2,On,1410.6,401.2
1789092600000000000,2026-09-11T02:10:00Z,controller 1,1.481,6.355,2.94,2.94,0.0,308.64,48.81,7.55,38.94,2,On,1406.32,397.25
1789092660000000000,2026-09-11T02:11:00Z,controller 1,1.489,6.431,2.9,2.9,0.0,308.64,48.79,7.58,38.26,3,On,1433.1,423.68
1789092720000000000,2026-09-11T02:12:00Z,controller 1,1.485,6.449,2.96,2.96,0.0,308.63,48.77,7.7,38.44,2,On,1412.08,422.99
1789092780000000000,2026-09-11T02:13:00Z,controller 1,1.51,6.426,2.69,2.69,0.0,308.62,48.75,6.77,39.73,2,On,1415.65,431.1
1789092840000000000,2026-09-11T02:14:00Z,controller 1,1.6,6.376,2.54,2.54,0.0,308.62,48.73,8.96,28.35,1,On,1418.34,406.82
1789092900000000000,2026-09-11T02:15:00Z,controller 1,1.582,6.349,2.67,2.67,0.0,308.61,48.71,7.75,34.45,3,On,1393.93,403.21
1789092960000000000,2026-09-11T02:16:00Z,controller 1,1.643,6.387,2.89,2.89,0.0,308.6,48.67,7.79,37.1,3,On,1419.8,397.01
1789093020000000000,2026-09-11T02:17:00Z,controller 1,1.651,6.475,3.02,3.02,0.0,308.6,48.65,9.01,33.52,1,On,1392.7,375.56
1789093080000000000,2026-09-11T02:18:00Z,controller 1,1.719,6.472,3.22,3.22,0.0,308.59,48.62,9.87,32.62,3,On,1437.97,391.81
1789093140000000000,2026-09-11T02:19:00Z,controller 1,1.752,6.458,3.22,3.22,0.0,308.58,48.59,9.61,33.51,1,On,1465.63,371.25
1789093200000000000,2026-09-11T02:20:00Z,controller 1,1.709,6.457,3.25,3.25,0.0,308.57,48.58,8.66,37.53,3,On,1420.68,366.48
1789093260000000000,2026-09-11T02:21:00Z,controller 1,1.717,6.39,3.4,3.4,0.0,308.57,48.56,8.49,40.05,2,On,1406.72,345.79
1789093320000000000,2026-09-11T02:22:00Z,controller 1,1.709,6.371,3.72,3.72,0.0,308.57,48.56,10.18,36.54,3,On,1440.1,374.79
1789093380000000000,2026-09-11T02:23:00Z,controller 1,1.714,6.406,3.49,3.49,0.0,308.56,48.53,9.05,38.56,2,On,1457.3,386.23
1789093440000000000,2026-09-11T02:24:00Z,controller 1,1.731,6.378,3.61,3.61,0.0,308.55,48.5,9.44,38.24,1,On,1500.0,407.38
1789093500000000000,2026-09-11T02:25:00Z,controller 1,1.73,6.268,3.25,3.25,0.0,308.55,48.49,8.79,36.97,2,On,1500.0,404.78
1789093560000000000,2026-09-11T02:26:00Z,controller 1,1.639,6.217,3.27,3.27,0.0,308.54,48.48,8.06,40.57,3,On,1500.0,424.12
1789093620000000000,2026-09-11T02:27:00Z,controller 1,1.624,6.259,3.25,3.25,0.0,308.54,48.47,8.96,36.27,3,On,1500.0,452.04
1789093680000000000,2026-09-11T02:28:00Z,controller 1,1.612,6.239,3.19,3.19,0.0,308.54,48.45,8.7,36.67,3,On,1500.0,452.46
1789093740000000000,2026-09-11T02:29:00Z,controller 1,1.585,6.254,3.13,3.13,0.0,308.53,48.43,8.05,38.88,1,On,1471.52,444.45
1789093800000000000,2026-09-11T02:30:00Z,controller 1,1.533,6.301,3.21,3.21,0.0,308.52,48.41,8.12,39.53,2,On,1446.04,418.97
1789093860000000000,2026-09-11T02:31:00Z,controller 1,1.593,6.279,2.96,2.96,0.0,308.52,48.41,8.11,36.5,3,On,1018.18,406.91
1789093920000000000,2026-09-11T02:32:00Z,controller 1,1.527,6.196,2.91,2.91,0.0,308.52,48.39,6.82,42.67,3,On,1019.54,409.58
1789093980000000000,2026-09-11T02:33:00Z,controller 1,1.563,6.242,3.17,3.17,0.0,308.51,48.38,7.57,41.88,1,On,1067.27,393.04
1789094040000000000,2026-09-11T02:34:00Z,controller 1,1.587,6.253,3.26,3.26,0.0,308.5,48.35,8.18,39.85,1,On,1067.92,385.7
1789094100000000000,2026-09-11T02:35:00Z,controller 1,1.609,6.285,3.38,3.38,0.0,308.5,48.33,8.53,39.62,3,On,1098.08,398.94
1789094160000000000,2026-09-11T02:36:00Z,controller 1,1.606,6.327,3.61,3.61,0.0,308.5,48.32,8.94,40.38,1,On,1070.19,370.23
1789094220000000000,2026-09-11T02:37:00Z,controller 1,1.675,6.32,3.96,3.96,0.0,308.49,48.29,8.35,47.43,1,On,1049.13,393.4
1789094280000000000,2026-09-11T02:38:00Z,controller 1,1.608,6.324,3.73,3.73,0.0,308.48,48.27,8.39,44.46,3,On,1062.21,396.33
1789094340000000000,2026-09-11T02:39:00Z,controller 1,1.665,6.349,3.82,3.82,0.0,308.47,48.24,8.23,46.42,2,On,1108.72,384.07
1789094400000000000,2026-09-11T02:40:00Z,controller 1,1.616,6.603,3.53,3.53,0.0,308.47,48.23,8.52,41.43,3,On,1150.83,390.61
1789094460000000000,2026-09-11T02:41:00Z,controller 1,1.592,6.596,3.56,3.56,0.0,308.47,48.22,8.89,40.04,1,On,1158.72,418.87
1789094520000000000,2026-09-11T02:42:00Z,controller 1,1.651,6.633,3.5,3.5,0.0,308.46,48.19,8.98,38.98,2,On,1155.53,444.63
1789094580000000000,2026-09-11T02:43:00Z,controller 1,1.606,6.595,3.23,3.23,0.0,308.45,48.17,8.09,39.93,1,On,1123.85,422.42
1789094640000000000,2026-09-11T02:44:00Z,controller 1,1.583,6.595,3.19,3.19,0.0,308.44,48.15,7.98,39.97,1,On,1092.83,420.33
1789094700000000000,2026-09-11T02:45:00Z,controller 1,1.557,6.643,2.95,2.95,0.0,308.44,48.14,8.62,34.22,2,On,1091.8,421.43
1789094760000000000,2026-09-11T02:46:00Z,controller 1,1.63,6.676,2.99,2.99,0.0,308.44,48.12,8.86,33.75,1,On,1086.87,394.27
1789094820000000000,2026-09-11T02:47:00Z,controller 1,1.613,6.608,2.87,2.87,0.0,308.43,48.1,9.31,30.83,3,On,1100.1,404.88
1789094880000000000,2026-09-11T02:48:00Z,controller 1,1.634,6.612,3.05,3.05,0.0,308.42,48.08,8.4,36.31,1,On,1100.4,409.52
1789094940000000000,2026-09-11T02:49:00Z,controller 1,1.666,6.611,2.97,2.97,0.0,308.42,48.06,8.52,34.86,1,On,1077.69,385.44
1789095000000000000,2026-09-11T02:50:00Z,controller 1,1.687,6.693,3.26,3.26,0.0,308.42,48.05,9.48,34.39,1,On,1056.72,404.49
1789095060000000000,2026-09-11T02:51:00Z,controller 1,1.699,6.604,3.43,3.43,0.0,308.41,48.04,9.91,34.61,2,On,1309.78,646.95
1789095120000000000,2026-09-11T02:52:00Z,controller 1,1.691,6.532,3.23,3.23,0.0,308.41,48.04,9.05,35.69,1,On,1358.21,648.4
1789095180000000000,2026-09-11T02:53:00Z,controller 1,1.58,6.557,3.31,3.31,0.0,308.41,48.02,7.63,43.38,1,On,1333.98,627.04
1789095240000000000,2026-09-11T02:54:00Z,controller 1,1.586,6.592,3.34,3.34,0.0,308.4,47.99,7.82,42.71,3,On,1303.02,639.77
1789095300000000000,2026-09-11T02:55:00Z,controller 1,1.655,6.52,3.2,3.2,0.0,308.39,47.97,9.59,33.37,3,On,1320.13,623.05
1789095360000000000,2026-09-11T02:56:00Z,controller 1,1.635,6.593,3.41,3.41,0.0,308.39,47.96,8.17,41.74,3,On,1316.87,595.93
1789095420000000000,2026-09-11T02:57:00Z,controller 1,1.64,6.674,3.33,3.33,0.0,308.38,47.94,8.87,37.54,3,On,1288.65,576.25
1789095480000000000,2026-09-11T02:58:00Z,controller 1,1.632,6.605,3.45,3.45,0.0,308.38,47.93,8.3,41.57,2,On,1294.85,598.33
1789095540000000000,2026-09-11T02:59:00Z,controller 1,1.684,6.623,3.46,3.46,0.0,308.38,47.92,8.85,39.1,2,On,1331.31,587.52
1789095600000000000,2026-09-11T03:00:00Z,controller 1,1.676,6.552,3.77,3.77,0.0,308.37,47.9,9.49,39.73,1,On,1302.98,609.93
1789095660000000000,2026-09-11T03:01:00Z,controller 1,1.643,6.475,3.76,3.76,0.0,308.37,47.89,8.25,45.58,2,On,1297.37,588.02
1789095720000000000,2026-09-11T03:02:00Z,controller 1,1.648,6.464,3.39,3.39,0.0,308.36,47.88,9.49,35.72,1,On,1265.45,570.7
1789095780000000000,2026-09-11T03:03:00Z,controller 1,1.639,6.403,3.18,3.18,0.0,308.36,47.86,9.43,33.72,1,On,1251.78,585.64
1789095840000000000,2026-09-11T03:04:00Z,controller 1,1.631,6.434,3.48,3.48,0.0,308.35,47.84,7.78,44.73,1,On,1297.78,593.15
1789095900000000000,2026-09-11T03:05:00Z,controller 1,1.529,6.371,3.51,3.51,0.0,308.35,47.82,7.28,48.21,1,On,1311.85,593.76
1789095960000000000,2026-09-11T03:06:00Z,controller 1,1.448,6.386,3.83,3.83,0.0,308.34,47.8,7.05,54.33,3,On,1274.62,596.64
1789096020000000000,2026-09-11T03:07:00Z,controller 1,1.459,6.453,4.2,4.2,0.0,308.34,47.79,6.74,62.31,2,On,1295.35,603.1
1789096080000000000,2026-09-11T03:08:00Z,controller 1,1.467,6.499,4.33,4.33,0.0,308.33,47.78,7.24,59.81,1,On,1285.31,619.92
1789096140000000000,2026-09-11T03:09:00Z,controller 1,1.481,6.461,4.13,4.13,0.0,308.33,47.76,6.69,61.73,1,On,1334.21,616.06
1789096200000000000,2026-09-11T03:10:00Z,controller 1,1.49,6.374,4.19,4.19,0.0,308.32,47.74,7.25,57.79,1,On,1370.34,642.16
1789096260000000000,2026-09-11T03:11:00Z,controller 1,1.469,6.44,4.29,4.29,0.0,308.31,47.71,6.77,63.37,2,On,1325.8,625.42
1789096320000000000,2026-09-11T03:12:00Z,controller 1,1.474,6.467,4.51,4.51,0.0,308.31,47.69,7.0,64.43,2,On,1301.43,604.41
1789096380000000000,2026-09-11T03:13:00Z,controller 1,1.515,6.415,4.35,4.35,0.0,308.3,47.68,7.79,55.84,3,On,1333.66,596.89
1789096440000000000,2026-09-11T03:14:00Z,controller 1,1.445,6.43,4.26,4.26,0.0,308.3,47.67,6.29,67.73,3,On,1291.79,584.42
1789096500000000000,2026-09-11T03:15:00Z,controller 1,1.461,6.358,4.04,4.04,0.0,308.29,47.64,7.08,57.06,3,On,1311.37,594.18
1789096560000000000,2026-09-11T03:16:00Z,controller 1,1.545,6.341,4.04,4.04,0.0,308.29,47.63,7.33,55.12,2,On,1339.69,576.92
1789096620000000000,2026-09-11T03:17:00Z,controller 1,1.587,6.32,3.97,3.97,0.0,308.29,47.62,7.85,50.57,2,On,1326.05,599.97
1789096680000000000,2026-09-11T03:18:00Z,controller 1,1.612,6.451,4.13,4.13,0.0,308.28,47.59,7.88,52.41,3,On,1295.31,613.65
1789096740000000000,2026-09-11T03:19:00Z,controller 1,1.669,6.561,4.41,4.41,0.0,308.27,47.57,9.46,46.62,2,On,1290.4,611.99
1789096800000000000,2026-09-11T03:20:00Z,controller 1,1.67,6.509,4.17,4.17,0.0,308.27,47.56,8.77,47.55,2,On,1327.09,591.3
1789096860000000000,2026-09-11T03:21:00Z,controller 1,1.633,6.576,4.24,4.24,0.0,308.26,47.53,8.12,52.22,3,On,1367.26,616.48
1789096920000000000,2026-09-11T03:22:00Z,controller 1,1.633,6.498,3.87,3.87,0.0,308.26,47.52,8.65,44.74,2,On,1411.26,646.44
1789096980000000000,2026-09-11T03:23:00Z,controller 1,1.647,6.571,3.53,3.53,0.0,308.25,47.5,9.66,36.54,3,On,1436.08,672.2
1789097040000000000,2026-09-11T03:24:00Z,controller 1,1.649,6.495,3.85,3.85,0.0,308.24,47.48,8.86,43.45,2,On,1439.11,662.0
1789097100000000000,2026-09-11T03:25:00Z,controller 1,1.648,6.503,4.18,4.18,0.0,308.24,47.45,9.34,44.75,3,On,1392.84,673.95
1789097160000000000,2026-09-11T03:26:00Z,controller 1,1.691,6.549,3.89,3.89,0.0,308.23,47.44,9.97,39.02,1,On,1346.7,645.96
1789097220000000000,2026-09-11T03:27:00Z,controller 1,1.707,6.574,4.13,4.13,0.0,308.23,47.42,9.19,44.94,1,On,1348.13,672.26
1789097280000000000,2026-09-11T03:28:00Z,controller 1,1.705,6.503,3.72,3.72,0.0,308.22,47.39,8.78,42.37,1,On,1343.35,670.51
1789097340000000000,2026-09-11T03:29:00Z,controller 1,1.815,6.403,3.84,3.84,0.0,308.21,47.36,10.99,34.94,3,On,1355.0,641.06
1789097400000000000,2026-09-11T03:30:00Z,controller 1,1.84,6.414,3.65,3.65,0.0,308.2,47.35,10.08,36.21,2,On,1316.37,648.42
1789097460000000000,2026-09-11T03:31:00Z,controller 1,1.894,6.337,3.69,3.69,0.0,308.2,47.34,10.35,35.65,1,On,1285.61,661.11
1789097520000000000,2026-09-11T03:32:00Z,controller 1,1.832,6.472,3.71,3.71,0.0,308.19,47.31,9.82,37.78,3,On,1331.65,657.79
1789097580000000000,2026-09-11T03:33:00Z,controller 1,1.811,6.464,3.81,3.81,0.0,308.19,47.29,10.94,34.83,1,On,1374.23,675.22
1789097640000000000,2026-09-11T03:34:00Z,controller 1,1.861,6.5,3.85,3.85,0.0,308.18,47.26,11.94,32.24,3,On,1389.42,702.93
1789097700000000000,2026-09-11T03:35:00Z,controller 1,1.867,6.473,4.13,4.13,0.0,308.17,47.23,11.34,36.42,3,On,1487.12,941.39
1789097760000000000,2026-09-11T03:36:00Z,controller 1,1.799,6.437,3.78,3.78,0.0,308.17,47.22,10.54,35.86,3,On,1459.29,926.81
1789097820000000000,2026-09-11T03:37:00Z,controller 1,1.884,6.408,4.1,4.1,0.0,308.16,47.21,12.16,33.72,1,Starting,1459.69,910.76
1789097880000000000,2026-09-11T03:38:00Z,controller 1,1.853,6.364,4.27,4.27,0.0,308.16,47.19,11.65,36.65,1,Starting,1492.93,885.07
1789097940000000000,2026-09-11T03:39:00Z,controller 1,1.859,6.453,3.87,3.87,0.0,308.15,47.16,10.04,38.55,1,Starting,1463.04,903.29
1789098000000000000,2026-09-11T03:40:00Z,controller 1,1.751,6.429,4.17,4.17,0.0,308.14,47.15,10.76,38.75,3,Starting,1500.0,906.55
1789098060000000000,2026-09-11T03:41:00Z,controller 1,1.684,6.41,4.35,4.35,0.0,308.14,47.12,8.7,50.0,3,Starting,1500.0,881.41
1789098120000000000,2026-09-11T03:42:00Z,controller 1,1.663,6.452,4.48,4.48,0.0,308.13,47.11,8.06,55.58,3,Starting,1500.0,879.56
1789098180000000000,2026-09-11T03:43:00Z,controller 1,1.714,6.534,4.88,4.88,0.0,308.13,47.1,8.83,55.27,3,Starting,1500.0,882.38
1789098240000000000,2026-09-11T03:44:00Z,controller 1,1.726,6.419,5.26,5.26,0.0,308.12,47.07,8.65,60.81,3,Starting,1500.0,867.24
1789098300000000000,2026-09-11T03:45:00Z,controller 1,1.75,6.294,5.76,5.76,0.0,308.12,47.05,9.82,58.66,1,Starting,1500.0,886.37
1789098360000000000,2026-09-11T03:46:00Z,controller 1,1.775,6.383,5.9,5.9,0.0,308.11,47.03,10.73,54.99,2,Starting,1500.0,866.04
1789098420000000000,2026-09-11T03:47:00Z,controller 1,1.756,6.326,6.17,6.17,0.0,308.11,47.02,9.88,62.45,3,Starting,1500.0,851.09
1789098480000000000,2026-09-11T03:48:00Z,controller 1,1.734,6.291,6.16,6.16,0.0,308.1,47.01,9.26,66.52,2,Starting,1500.0,858.96
1789098540000000000,2026-09-11T03:49:00Z,controller 1,1.716,6.333,6.39,6.39,0.0,308.09,46.97,8.43,75.8,2,Starting,1500.0,878.61
1789098600000000000,2026-09-11T03:50:00Z,controller 1,1.747,6.286,6.2,6.2,0.0,308.09,46.97,9.37,66.17,2,Starting,1500.0,895.3
1789098660000000000,2026-09-11T03:51:00Z,controller 1,1.773,6.264,5.84,5.84,0.0,308.08,46.94,9.24,63.2,1,Starting,1500.0,922.84
1789098720000000000,2026-09-11T03:52:00Z,controller 1,1.769,6.246,5.47,5.47,0.0,308.07,46.9,10.66,51.31,3,Starting,1500.0,939.93
1789098780000000000,2026-09-11T03:53:00Z,controller 1,1.84,6.189,5.15,5.15,0.0,308.07,46.89,9.77,52.71,1,Starting,1500.0,931.66
1789098840000000000,2026-09-11T03:54:00Z,controller 1,1.822,6.191,5.02,5.02,0.0,308.06,46.86,9.77,51.38,3,Starting,1500.0,934.92
1789098900000000000,2026-09-11T03:55:00Z,controller 1,1.88,6.146,5.46,5.46,0.0,308.06,46.85,11.35,48.11,1,Starting,1500.0,963.66
1789098960000000000,2026-09-11T03:56:00Z,controller 1,1.842,6.173,5.12,5.12,0.0,308.05,46.83,10.16,50.39,2,Starting,1500.0,947.33
1789099020000000000,2026-09-11T03:57:00Z,controller 1,1.831,6.133,5.53,5.53,0.0,308.04,46.79,10.18,54.32,1,Starting,1500.0,958.35
1789099080000000000,2026-09-11T03:58:00Z,controller 1,1.901,6.076,5.21,5.21,0.0,308.03,46.77,10.83,48.11,2,Starting,1500.0,972.27
1789099140000000000,2026-09-11T03:59:00Z,controller 1,1.926,6.047,5.23,5.23,0.0,308.03,46.76,11.27,46.41,2,Starting,1500.0,958.68
1789099200000000000,2026-09-11T04:00:00Z,controller 1,1.925,6.0,5.42,5.42,0.0,308.02,46.73,11.22,48.31,3,Starting,1500.0,947.66
1789099260000000000,2026-09-11T04:01:00Z,controller 1,1.982,5.942,5.77,5.77,0.0,308.01,46.71,11.7,49.32,3,Starting,1500.0,944.3
1789099320000000000,2026-09-11T04:02:00Z,controller 1,1.95,6.023,6.21,6.21,0.0,308.0,46.68,12.17,51.03,1,Starting,1500.0,922.73
1789099380000000000,2026-09-11T04:03:00Z,controller 1,1.953,6.018,6.4,6.4,0.0,308.0,46.67,12.43,51.49,3,Starting,1500.0,945.29
1789099440000000000,2026-09-11T04:04:00Z,controller 1,1.921,6.082,6.53,6.53,0.0,307.99,46.64,10.45,62.49,1,Starting,1500.0,929.08
1789099500000000000,2026-09-11T04:05:00Z,controller 1,2.007,6.034,5.95,5.95,0.0,307.98,46.61,13.08,45.49,1,Starting,1500.0,916.39
1789099560000000000,2026-09-11T04:06:00Z,controller 1,1.967,6.068,6.36,6.36,0.0,307.98,46.6,11.55,55.06,2,Starting,1500.0,932.01
1789099620000000000,2026-09-11T04:07:00Z,controller 1,1.9,6.103,6.79,6.79,0.0,307.98,46.6,10.62,63.94,3,Starting,1500.0,907.53
1789099680000000000,2026-09-11T04:08:00Z,controller 1,1.888,6.138,6.56,6.56,0.0,307.98,46.59,11.31,58.0,3,Starting,1500.0,895.31
1789099740000000000,2026-09-11T04:09:00Z,controller 1,1.94,6.102,6.77,6.77,0.0,307.97,46.57,10.48,64.6,3,Starting,1500.0,898.76
1789099800000000000,2026-09-11T04:10:00Z,controller 1,1.828,6.128,6.13,6.13,0.0,307.96,46.55,10.36,59.17,2,Starting,1500.0,898.89
1789099860000000000,2026-09-11T04:11:00Z,controller 1,1.91,6.213,6.26,6.26,0.0,307.96,46.53,12.3,50.89,3,Starting,1500.0,897.87
1789099920000000000,2026-09-11T04:12:00Z,controller 1,1.827,6.223,6.63,6.63,0.0,307.95,46.5,11.14,59.52,2,Starting,1500.0,892.98
1789099980000000000,2026-09-11T04:13:00Z,controller 1,1.783,6.289,7.22,7.22,0.0,307.95,46.49,10.86,66.48,2,Starting,1378.86,847.1
1789100040000000000,2026-09-11T04:14:00Z,controller 1,1.759,6.223,7.66,7.66,0.0,307.94,46.46,9.36,81.84,2,Starting,1400.56,836.93
1789100100000000000,2026-09-11T04:15:00Z,controller 1,1.735,6.294,7.42,7.42,0.0,307.93,46.43,10.07,73.68,3,Starting,1387.31,849.68
1789100160000000000,2026-09-11T04:16:00Z,controller 1,1.733,6.36,7.41,7.41,0.0,307.92,46.41,9.93,74.62,1,Starting,1354.17,874.87
1789100220000000000,2026-09-11T04:17:00Z,controller 1,1.718,6.33,7.03,7.03,0.0,307.91,46.37,9.05,77.68,1,Starting,1386.86,848.65
1789100280000000000,2026-09-11T04:18:00Z,controller 1,1.729,6.358,7.35,7.35,0.0,307.91,46.36,8.75,84.0,2,Starting,1388.88,869.14
1789100340000000000,2026-09-11T04:19:00Z,controller 1,1.738,6.525,7.53,7.53,0.0,307.9,46.34,9.62,78.27,2,Starting,1381.2,844.91
1789100400000000000,2026-09-11T04:20:00Z,controller 1,1.741,6.605,7.75,7.75,0.0,307.89,46.31,9.36,82.8,3,Starting,1377.71,842.29
1789100460000000000,2026-09-11T04:21:00Z,controller 1,1.743,6.607,6.98,6.98,0.0,307.88,46.28,9.31,74.97,1,Starting,706.8,467.22
1789100520000000000,2026-09-11T04:22:00Z,controller 1,1.722,6.576,7.22,7.22,0.0,307.88,46.28,10.29,70.17,2,Starting,707.05,472.56
1789100580000000000,2026-09-11T04:23:00Z,controller 1,1.697,6.527,6.54,6.54,0.0,307.88,46.26,9.93,65.86,2,Starting,687.56,443.63
1789100640000000000,2026-09-11T04:24:00Z,controller 1,1.662,6.382,5.96,5.96,0.0,307.87,46.22,9.0,66.22,2,Starting,693.12,427.19
1789100700000000000,2026-09-11T04:25:00Z,controller 1,1.639,6.378,5.71,5.71,0.0,307.86,46.21,7.77,73.49,3,Starting,1082.69,745.18
1789100760000000000,2026-09-11T04:26:00Z,controller 1,1.711,6.275,6.17,6.17,0.0,307.86,46.19,10.05,61.39,1,Starting,1043.61,771.5
1789100820000000000,2026-09-11T04:27:00Z,controller 1,1.648,6.265,6.4,6.4,0.0,307.85,46.17,8.01,79.9,1,Starting,1000.98,798.84
1789100880000000000,2026-09-11T04:28:00Z,controller 1,1.61,6.292,6.44,6.44,0.0,307.85,46.16,7.77,82.88,2,Starting,997.7,792.52
1789100940000000000,2026-09-11T04:29:00Z,controller 1,1.606,6.414,6.24,6.24,0.0,307.85,46.15,8.06,77.42,3,Starting,982.52,821.69
1789101000000000000,2026-09-11T04:30:00Z,controller 1,1.565,6.506,5.96,5.96,0.0,307.84,46.13,8.33,71.55,2,Starting,954.46,823.54
1789101060000000000,2026-09-11T04:31:00Z,controller 1,1.559,6.553,6.16,6.16,0.0,307.83,46.11,8.31,74.13,2,Starting,968.38,816.28
1789101120000000000,2026-09-11T04:32:00Z,controller 1,1.624,6.469,6.57,6.57,0.0,307.83,46.1,8.44,77.84,2,Starting,1009.15,822.85
1789101180000000000,2026-09-11T04:33:00Z,controller 1,1.653,6.437,6.68,6.68,0.0,307.82,46.08,8.96,74.55,3,Starting,1027.57,815.07
1789101240000000000,2026-09-11T04:34:00Z,controller 1,1.598,6.505,7.15,7.15,0.0,307.82,46.07,8.8,81.25,2,Starting,1027.91,813.3
1789101300000000000,2026-09-11T04:35:00Z,controller 1,1.652,6.551,6.75,6.75,0.0,307.82,46.06,9.5,71.05,3,Starting,1074.16,816.1
1789101360000000000,2026-09-11T04:36:00Z,controller 1,1.675,6.579,6.42,6.42,0.0,307.81,46.05,9.17,70.01,2,Starting,1035.11,808.9
1789101420000000000,2026-09-11T04:37:00Z,controller 1,1.698,6.548,6.16,6.16,0.0,307.81,46.04,8.79,70.08,3,Starting,1077.42,808.8
1789101480000000000,2026-09-11T04:38:00Z,controller 1,1.714,6.579,5.86,5.86,0.0,307.81,46.02,10.41,56.29,2,Starting,1092.53,836.37
1789101540000000000,2026-09-11T04:39:00Z,controller 1,1.727,6.617,5.34,5.34,0.0,307.8,45.99,9.65,55.34,1,Starting,1049.42,845.23
1789101600000000000,2026-09-11T04:40:00Z,controller 1,1.712,6.551,5.57,5.57,0.0,307.79,45.97,9.18,60.68,2,Starting,1045.78,822.88
1789101660000000000,2026-09-11T04:41:00Z,controller 1,1.715,6.593,5.41,5.41,0.0,307.78,45.94,8.77,61.69,1,Starting,1054.08,793.97
1789101720000000000,2026-09-11T04:42:00Z,controller 1,1.702,6.575,5.41,5.41,0.0,307.77,45.91,9.07,59.65,3,Starting,1015.6,778.4
1789101780000000000,2026-09-11T04:43:00Z,controller 1,1.711,6.49,5.27,5.27,0.0,307.77,45.9,8.97,58.75,1,Starting,1050.45,765.67
1789101840000000000,2026-09-11T04:44:00Z,controller 1,1.733,6.406,5.46,5.46,0.0,307.77,45.89,8.95,61.01,2,Starting,1097.77,777.77
1789101900000000000,2026-09-11T04:45:00Z,controller 1,1.711,6.387,5.13,5.13,0.0,307.76,45.88,9.42,54.46,1,Starting,1056.11,759.65
1789101960000000000,2026-09-11T04:46:00Z,controller 1,1.752,6.423,4.74,4.74,0.0,307.76,45.86,9.19,51.58,3,Starting,1060.26,737.13
1789102020000000000,2026-09-11T04:47:00Z,controller 1,1.704,6.412,5.04,5.04,0.0,307.76,45.86,9.38,53.73,1,Starting,1094.1,714.71
1789102080000000000,2026-09-11T04:48:00Z,controller 1,1.783,6.999,5.35,5.35,0.0,307.75,45.84,11.09,48.24,2,Starting,1087.04,687.91
1789102140000000000,2026-09-11T04:49:00Z,controller 1,1.788,7.076,4.89,4.89,0.0,307.75,45.82,11.43,42.78,1,Starting,1118.29,688.13
1789102200000000000,2026-09-11T04:50:00Z,controller 1,1.723,6.951,5.11,5.11,0.0,307.74,45.81,11.1,46.04,1,Starting,1150.56,672.32
1789102260000000000,2026-09-11T04:51:00Z,controller 1,1.696,6.962,5.38,5.38,0.0,307.73,45.78,9.5,56.63,1,Starting,568.71,880.76
1789102320000000000,2026-09-11T04:52:00Z,controller 1,1.707,6.953,5.03,5.03,0.0,307.73,45.77,10.98,45.81,2,Starting,558.21,862.15
1789102380000000000,2026-09-11T04:53:00Z,controller 1,1.767,6.929,4.68,4.68,0.0,307.73,45.75,10.34,45.26,1,Starting,579.41,888.22
1789102440000000000,2026-09-11T04:54:00Z,controller 1,1.771,6.907,5.03,5.03,0.0,307.72,45.74,10.06,50.0,1,Starting,573.29,894.28
1789102500000000000,2026-09-11T04:55:00Z,controller 1,1.786,6.904,5.07,5.07,0.0,307.72,45.72,10.3,49.22,3,Starting,529.77,898.78
1789102560000000000,2026-09-11T04:56:00Z,controller 1,1.777,6.886,5.35,5.35,0.0,307.71,45.7,11.95,44.77,3,Starting,554.51,894.68
1789102620000000000,2026-09-11T04:57:00Z,controller 1,1.819,6.887,5.82,5.82,0.0,307.71,45.69,12.5,46.56,1,Starting,585.0,867.78
1789102680000000000,2026-09-11T04:58:00Z,controller 1,1.842,6.887,5.97,5.97,0.0,307.7,45.66,11.45,52.14,3,Starting,572.4,887.73
1789102740000000000,2026-09-11T04:59:00Z,controller 1,1.845,6.99,6.14,6.14,0.0,307.69,45.63,11.64,52.75,1,Starting,550.87,898.85
1789102800000000000,2026-09-11T05:00:00Z,controller 1,1.868,6.994,6.45,6.45,0.0,307.68,45.61,12.08,53.39,2,Starting,528.95,916.2
1789102860000000000,2026-09-11T05:01:00Z,controller 1,1.841,6.821,6.46,6.46,0.0,307.68,45.59,12.16,53.12,3,Starting,492.02,933.09
1789102920000000000,2026-09-11T05:02:00Z,controller 1,1.84,6.881,6.96,6.96,0.0,307.67,45.57,11.99,58.05,3,Starting,458.48,907.3
1789102980000000000,2026-09-11T05:03:00Z,controller 1,1.855,6.759,6.82,6.82,0.0,307.67,45.55,10.56,64.58,1,Starting,478.55,913.49
1789103040000000000,2026-09-11T05:04:00Z,controller 1,1.897,6.717,6.43,6.43,0.0,307.66,45.54,12.73,50.51,3,Starting,466.67,921.59
1789103100000000000,2026-09-11T05:05:00Z,controller 1,1.921,6.715,5.9,5.9,0.0,307.65,45.51,11.89,49.62,2,Starting,440.98,898.82
1789103160000000000,2026-09-11T05:06:00Z,controller 1,1.902,6.622,6.06,6.06,0.0,307.65,45.5,10.93,55.44,3,Starting,483.75,923.47
1789103220000000000,2026-09-11T05:07:00Z,controller 1,1.9,6.664,6.62,6.62,0.0,307.64,45.48,12.34,53.65,2,Starting,477.46,939.2
1789103280000000000,2026-09-11T05:08:00Z,controller 1,1.888,6.629,6.66,6.66,0.0,307.64,45.46,11.64,57.22,2,Starting,478.87,919.11
1789103340000000000,2026-09-11T05:09:00Z,controller 1,1.965,6.608,6.46,6.46,0.0,307.63,45.44,11.64,55.5,2,Starting,471.57,911.03
1789103400000000000,2026-09-11T05:10:00Z,controller 1,1.968,6.517,6.53,6.53,0.0,307.63,45.43,13.19,49.51,3,Starting,509.02,928.78
1789103460000000000,2026-09-11T05:11:00Z,controller 1,1.916,6.506,7.05,7.05,0.0,307.62,45.41,10.78,65.4,3,Starting,527.59,908.68
1789103520000000000,2026-09-11T05:12:00Z,controller 1,1.909,6.52,6.74,6.74,0.0,307.62,45.39,12.82,52.57,3,Starting,519.0,918.14
1789103580000000000,2026-09-11T05:13:00Z,controller 1,1.852,6.65,6.62,6.62,0.0,307.61,45.37,10.89,60.79,1,Starting,528.33,912.48
1789103640000000000,2026-09-11T05:14:00Z,controller 1,1.92,6.712,6.66,6.66,0.0,307.61,45.35,11.21,59.41,1,Starting,546.42,892.11
1789103700000000000,2026-09-11T05:15:00Z,controller 1,1.824,6.655,6.25,6.25,0.0,307.6,45.34,11.85,52.74,2,Starting,531.82,907.45
1789103760000000000,2026-09-11T05:16:00Z,controller 1,1.761,6.666,5.84,5.84,0.0,307.6,45.33,11.05,52.85,1,Starting,520.2,919.15
1789103820000000000,2026-09-11T05:17:00Z,controller 1,1.717,6.675,5.35,5.35,0.0,307.59,45.3,10.38,51.54,2,Starting,494.07,948.81
1789103880000000000,2026-09-11T05:18:00Z,controller 1,1.728,6.695,5.66,5.66,0.0,307.58,45.28,9.76,57.99,2,Starting,527.7,946.08
1789103940000000000,2026-09-11T05:19:00Z,controller 1,1.748,6.706,6.13,6.13,0.0,307.58,45.27,10.05,61.0,1,Starting,562.47,947.33
1789104000000000000,2026-09-11T05:20:00Z,controller 1,1.744,6.65,6.07,6.07,0.0,307.58,45.26,9.11,66.63,3,Starting,548.63,946.83
1789104060000000000,2026-09-11T05:21:00Z,controller 1,1.757,6.636,6.22,6.22,0.0,307.57,45.23,9.72,63.99,3,Starting,511.04,935.1
1789104120000000000,2026-09-11T05:22:00Z,controller 1,1.739,6.61,5.63,5.63,0.0,307.56,45.2,9.31,60.47,3,Starting,536.95,922.05
1789104180000000000,2026-09-11T05:23:00Z,controller 1,1.678,6.576,5.29,5.29,0.0,307.56,45.19,9.0,58.78,3,Starting,1487.78,551.78
1789104240000000000,2026-09-11T05:24:00Z,controller 1,1.699,6.629,5.01,5.01,0.0,307.55,45.18,8.86,56.55,3,Starting,1440.86,549.98
1789104300000000000,2026-09-11T05:25:00Z,controller 1,1.664,6.67,4.77,4.77,0.0,307.55,45.16,8.39,56.85,2,Starting,1472.23,520.35
1789104360000000000,2026-09-11T05:26:00Z,controller 1,1.659,6.73,4.86,4.86,0.0,307.55,45.15,8.94,54.36,3,Starting,1500.0,512.61
1789104420000000000,2026-09-11T05:27:00Z,controller 1,1.626,6.655,4.47,4.47,0.0,307.54,45.14,8.49,52.65,1,Starting,1500.0,519.45
1789104480000000000,2026-09-11T05:28:00Z,controller 1,1.64,6.756,4.18,4.18,0.0,307.54,45.12,9.5,44.0,2,Starting,1500.0,533.0
1789104540000000000,2026-09-11T05:29:00Z,controller 1,1.636,6.647,3.82,3.82,0.0,307.53,45.09,8.52,44.84,3,On,1500.0,515.61
1789104600000000000,2026-09-11T05:30:00Z,controller 1,1.639,6.809,3.81,3.81,0.0,307.52,45.08,8.87,42.95,2,On,1500.0,510.58
1789104660000000000,2026-09-11T05:31:00Z,controller 1,1.613,6.779,3.59,3.59,0.0,307.52,45.07,8.09,44.38,1,On,1500.0,493.64
1789104720000000000,2026-09-11T05:32:00Z,controller 1,1.584,6.746,3.39,3.39,0.0,307.51,45.05,8.05,42.11,3,On,1500.0,502.58
1789104780000000000,2026-09-11T05:33:00Z,controller 1,1.588,6.726,3.63,3.63,0.0,307.51,45.03,8.39,43.27,2,On,1500.0,484.27
1789104840000000000,2026-09-11T05:34:00Z,controller 1,1.551,6.723,3.94,3.94,0.0,307.5,45.01,8.21,47.99,2,On,1215.01,633.99
1789104900000000000,2026-09-11T05:35:00Z,controller 1,1.526,6.793,3.81,3.81,0.0,307.49,44.98,7.78,48.97,3,On,1209.55,635.84
1789104960000000000,2026-09-11T05:36:00Z,controller 1,1.528,6.775,3.52,3.52,0.0,307.49,44.97,7.88,44.67,1,On,1174.96,660.56
1789105020000000000,2026-09-11T05:37:00Z,controller 1,1.527,6.69,3.61,3.61,0.0,307.49,44.96,7.17,50.35,2,On,645.86,697.98
1789105080000000000,2026-09-11T05:38:00Z,controller 1,1.52,6.743,3.25,3.25,0.0,307.48,44.93,8.0,40.62,3,On,607.22,669.38
1789105140000000000,2026-09-11T05:39:00Z,controller 1,1.559,6.696,3.34,3.34,0.0,307.47,44.89,8.58,38.93,1,On,587.87,669.26
1789105200000000000,2026-09-11T05:40:00Z,controller 1,1.555,6.721,3.53,3.53,0.0,307.46,44.87,8.75,40.34,1,On,615.02,643.5
1789105260000000000,2026-09-11T05:41:00Z,controller 1,1.552,6.758,3.64,3.64,0.0,307.45,44.85,8.74,41.65,1,On,636.97,640.26
1789105320000000000,2026-09-11T05:42:00Z,controller 1,1.622,6.758,3.28,3.28,0.0,307.45,44.82,8.82,37.19,3,On,623.69,616.01
1789105380000000000,2026-09-11T05:43:00Z,controller 1,1.631,6.733,3.55,3.55,0.0,307.44,44.79,8.5,41.76,3,On,648.67,638.34
1789105440000000000,2026-09-11T05:44:00Z,controller 1,1.623,6.632,3.79,3.79,0.0,307.43,44.78,9.16,41.38,1,On,612.5,664.56
1789105500000000000,2026-09-11T05:45:00Z,controller 1,1.647,6.489,3.43,3.43,0.0,307.43,44.75,8.36,41.03,1,On,647.98,665.88
1789105560000000000,2026-09-11T05:46:00Z,controller 1,1.653,6.476,3.18,3.18,0.0,307.42,44.73,9.56,33.26,2,On,643.9,669.9
1789105620000000000,2026-09-11T05:47:00Z,controller 1,1.686,6.43,3.28,3.28,0.0,307.41,44.71,8.54,38.41,1,On,655.79,696.14
1789105680000000000,2026-09-11T05:48:00Z,controller 1,1.701,6.418,3.42,3.42,0.0,307.41,44.69,9.22,37.09,3,On,622.47,618.99
1789105740000000000,2026-09-11T05:49:00Z,controller 1,1.782,6.46,3.16,3.16,0.0,307.4,44.68,9.52,33.19,3,On,629.67,606.8
1789105800000000000,2026-09-11T05:50:00Z,controller 1,1.8,6.51,3.12,3.12,0.0,307.4,44.67,9.97,31.29,1,On,632.98,635.22
1789105860000000000,2026-09-11T05:51:00Z,controller 1,1.908,6.471,2.94,2.94,0.0,307.39,44.63,12.42,23.67,3,On,671.63,617.66
1789105920000000000,2026-09-11T05:52:00Z,controller 1,1.918,6.509,2.78,2.78,0.0,307.38,44.61,12.55,22.15,1,On,686.74,611.51
1789105980000000000,2026-09-11T05:53:00Z,controller 1,1.918,6.4,2.82,2.82,0.0,307.38,44.59,10.9,25.87,1,On,734.55,611.71
1789106040000000000,2026-09-11T05:54:00Z,controller 1,1.9,6.403,2.78,2.78,0.0,307.37,44.58,12.4,22.42,3,On,759.42,599.3
1789106100000000000,2026-09-11T05:55:00Z,controller 1,1.989,6.322,2.71,2.71,0.0,307.37,44.57,12.95,20.93,3,On,769.8,618.94
1789106160000000000,2026-09-11T05:56:00Z,controller 1,2.05,6.344,2.94,2.94,0.0,307.37,44.56,12.74,23.08,3,On,746.64,606.68
1789106220000000000,2026-09-11T05:57:00Z,controller 1,2.04,6.273,2.82,2.82,0.0,307.36,44.54,13.16,21.43,3,On,731.93,626.79
1789106280000000000,2026-09-11T05:58:00Z,controller 1,2.097,6.341,3.03,3.03,0.0,307.36,44.52,13.39,22.63,2,On,752.9,616.43
1789106340000000000,2026-09-11T05:59:00Z,controller 1,2.058,6.384,3.23,3.23,0.0,307.35,44.49,12.69,25.45,2,On,789.01,614.49
1789106400000000000,2026-09-11T06:00:00Z,controller 1,1.987,6.412,3.19,3.19,0.0,307.34,44.46,13.76,23.18,3,On,825.11,614.99
1789106460000000000,2026-09-11T06:01:00Z,controller 1,2.049,6.395,2.89,2.89,0.0,307.33,44.43,12.86,22.47,2,On,859.46,641.74
1789106520000000000,2026-09-11T06:02:00Z,controller 1,2.133,6.496,3.11,3.11,0.0,307.32,44.39,15.13,20.56,2,On,816.65,670.77
1789106580000000000,2026-09-11T06:03:00Z,controller 1,2.086,6.513,3.11,3.11,0.0,307.31,44.36,13.08,23.78,3,On,1253.19,980.58
1789106640000000000,2026-09-11T06:04:00Z,controller 1,2.08,6.461,2.96,2.96,0.0,307.31,44.35,13.46,21.99,2,On,1224.08,999.17
1789106700000000000,2026-09-11T06:05:00Z,controller 1,2.113,6.448,3.08,3.08,0.0,307.3,44.32,15.13,20.36,3,On,1182.38,993.05
1789106760000000000,2026-09-11T06:06:00Z,controller 1,2.181,6.467,3.38,3.38,0.0,307.29,44.31,14.46,23.37,1,On,1145.23,1000.0
1789106820000000000,2026-09-11T06:07:00Z,controller 1,2.212,6.41,3.11,3.11,0.0,307.29,44.29,15.93,19.52,1,On,1152.76,1000.0
1789106880000000000,2026-09-11T06:08:00Z,controller 1,2.145,6.358,3.0,3.0,0.0,307.28,44.28,14.45,20.76,3,On,1175.96,987.56
1789106940000000000,2026-09-11T06:09:00Z,controller 1,2.104,6.284,2.75,2.75,0.0,307.28,44.27,12.63,21.77,1,On,1132.48,968.44
1789107000000000000,2026-09-11T06:10:00Z,controller 1,2.041,6.377,3.02,3.02,0.0,307.27,44.24,13.72,22.01,3,On,1172.36,981.26
1789107060000000000,2026-09-11T06:11:00Z,controller 1,2.082,6.284,3.16,3.16,0.0,307.26,44.21,13.74,23.0,1,On,1194.77,989.59
1789107120000000000,2026-09-11T06:12:00Z,controller 1,2.122,6.178,2.88,2.88,0.0,307.26,44.19,14.47,19.9,2,On,1145.14,962.25
1789107180000000000,2026-09-11T06:13:00Z,controller 1,2.162,6.163,2.79,2.79,0.0,307.25,44.16,13.75,20.29,2,On,1152.18,988.72
1789107240000000000,2026-09-11T06:14:00Z,controller 1,2.128,6.162,2.7,2.7,0.0,307.25,44.15,15.3,17.65,1,On,1133.31,973.38
1789107300000000000,2026-09-11T06:15:00Z,controller 1,2.045,6.174,2.83,2.83,0.0,307.24,44.12,14.11,20.06,2,On,1158.53,994.27
1789107360000000000,2026-09-11T06:16:00Z,controller 1,2.046,6.251,3.02,3.02,0.0,307.23,44.1,12.52,24.12,1,On,1145.59,1000.0
1789107420000000000,2026-09-11T06:17:00Z,controller 1,2.074,6.199,3.16,3.16,0.0,307.22,44.08,12.14,26.03,1,On,1132.91,995.28
1789107480000000000,2026-09-11T06:18:00Z,controller 1,2.036,6.218,3.34,3.34,0.0,307.21,44.05,13.16,25.38,3,On,1124.12,979.35
1789107540000000000,2026-09-11T06:19:00Z,controller 1,2.156,6.27,3.07,3.07,0.0,307.21,44.02,15.51,19.79,2,On,1154.38,974.42
1789107600000000000,2026-09-11T06:20:00Z,controller 1,2.143,6.318,3.26,3.26,0.0,307.2,43.99,14.94,21.82,1,On,1169.75,991.09
1789107660000000000,2026-09-11T06:21:00Z,controller 1,2.122,6.313,3.26,3.26,0.0,307.19,43.95,14.49,22.5,3,On,1147.09,998.6
1789107720000000000,2026-09-11T06:22:00Z,controller 1,2.054,6.349,3.06,3.06,0.0,307.19,43.95,12.21,25.06,3,On,1175.68,991.22
1789107780000000000,2026-09-11T06:23:00Z,controller 1,2.087,6.36,3.27,3.27,0.0,307.17,43.91,13.96,23.42,1,On,1164.3,981.12
1789107840000000000,2026-09-11T06:24:00Z,controller 1,2.047,6.455,3.54,3.54,0.0,307.16,43.88,13.79,25.67,2,On,1153.76,1000.0
1789107900000000000,2026-09-11T06:25:00Z,controller 1,1.978,6.531,3.55,3.55,0.0,307.15,43.85,12.97,27.37,3,On,1170.21,984.28
1789107960000000000,2026-09-11T06:26:00Z,controller 1,1.897,6.637,3.81,3.81,0.0,307.15,43.83,11.52,33.07,3,On,1168.06,958.55
1789108020000000000,2026-09-11T06:27:00Z,controller 1,1.943,6.671,3.86,3.86,0.0,307.14,43.8,12.76,30.25,2,On,1153.56,974.83
1789108080000000000,2026-09-11T06:28:00Z,controller 1,1.917,6.604,4.09,4.09,0.0,307.14,43.79,12.64,32.36,1,On,1121.91,973.96
1789108140000000000,2026-09-11T06:29:00Z,controller 1,1.869,6.479,4.15,4.15,0.0,307.13,43.77,10.53,39.41,2,On,831.93,511.04
1789108200000000000,2026-09-11T06:30:00Z,controller 1,1.917,6.495,4.54,4.54,0.0,307.12,43.75,12.72,35.69,2,On,853.75,493.48
1789108260000000000,2026-09-11T06:31:00Z,controller 1,1.832,6.518,4.83,4.83,0.0,307.11,43.71,11.99,40.28,3,On,856.22,475.07
1789108320000000000,2026-09-11T06:32:00Z,controller 1,1.789,6.542,4.44,4.44,0.0,307.11,43.69,10.56,42.05,1,On,919.95,883.8
1789108380000000000,2026-09-11T06:33:00Z,controller 1,1.751,6.643,4.21,4.21,0.0,307.1,43.66,10.15,41.48,2,On,929.89,910.34
1789108440000000000,2026-09-11T06:34:00Z,controller 1,1.729,6.608,4.06,4.06,0.0,307.1,43.65,9.98,40.68,3,On,917.14,930.73
1789108500000000000,2026-09-11T06:35:00Z,controller 1,1.684,6.668,3.82,3.82,0.0,307.09,43.64,9.32,40.99,3,On,931.62,931.82
1789108560000000000,2026-09-11T06:36:00Z,controller 1,1.668,6.772,3.76,3.76,0.0,307.09,43.62,9.62,39.09,3,On,956.93,903.86
1789108620000000000,2026-09-11T06:37:00Z,controller 1,1.708,6.815,3.54,3.54,0.0,307.08,43.61,9.2,38.48,3,On,922.96,918.56
1789108680000000000,2026-09-11T06:38:00Z,controller 1,1.689,6.756,3.84,3.84,0.0,307.08,43.59,9.97,38.52,1,On,906.71,889.46
1789108740000000000,2026-09-11T06:39:00Z,controller 1,1.676,6.724,3.92,3.92,0.0,307.07,43.58,9.52,41.18,3,On,943.04,897.94
1789108800000000000,2026-09-11T06:40:00Z,controller 1,1.581,6.832,3.55,3.55,0.0,307.06,43.55,9.18,38.67,3,On,902.62,908.49
1789108860000000000,2026-09-11T06:41:00Z,controller 1,1.671,6.781,3.8,3.8,0.0,307.06,43.54,8.93,42.55,3,On,940.23,906.5
1789108920000000000,2026-09-11T06:42:00Z,controller 1,1.687,6.755,3.83,3.83,0.0,307.05,43.51,8.84,43.33,2,On,917.45,922.78
1789108980000000000,2026-09-11T06:43:00Z,controller 1,1.706,6.662,4.02,4.02,0.0,307.05,43.49,8.96,44.87,2,On,884.56,943.19
1789109040000000000,2026-09-11T06:44:00Z,controller 1,1.755,6.76,3.97,3.97,0.0,307.04,43.47,11.19,35.48,1,On,867.46,919.7
1789109100000000000,2026-09-11T06:45:00Z,controller 1,1.693,6.731,4.05,4.05,0.0,307.03,43.44,9.48,42.72,2,On,837.26,938.7
1789109160000000000,2026-09-11T06:46:00Z,controller 1,1.713,6.715,3.9,3.9,0.0,307.03,43.42,10.55,36.97,1,On,818.05,942.27
1789109220000000000,2026-09-11T06:47:00Z,controller 1,1.709,6.665,4.12,4.12,0.0,307.02,43.4,10.34,39.85,1,On,865.21,968.34
1789109280000000000,2026-09-11T06:48:00Z,controller 1,1.641,6.626,3.84,3.84,0.0,307.01,43.38,8.3,46.27,2,On,869.89,970.13
1789109340000000000,2026-09-11T06:49:00Z,controller 1,1.676,6.707,3.92,3.92,0.0,307.01,43.37,9.77,40.12,1,On,828.8,960.56
1789109400000000000,2026-09-11T06:50:00Z,controller 1,1.708,6.693,3.92,3.92,0.0,307.0,43.34,8.93,43.9,1,On,876.95,965.12
1789109460000000000,2026-09-11T06:51:00Z,controller 1,1.671,6.737,3.94,3.94,0.0,307.0,43.33,8.97,43.92,1,On,908.58,983.79
1789109520000000000,2026-09-11T06:52:00Z,controller 1,1.678,6.694,4.14,4.14,0.0,307.0,43.32,9.46,43.76,3,On,881.64,1000.0
1789109580000000000,2026-09-11T06:53:00Z,controller 1,1.7,6.659,4.41,4.41,0.0,306.99,43.3,8.67,50.87,2,On,838.08,994.96
1789109640000000000,2026-09-11T06:54:00Z,controller 1,1.704,6.605,4.85,4.85,0.0,306.99,43.29,9.1,53.3,3,On,869.94,1000.0
1789109700000000000,2026-09-11T06:55:00Z,controller 1,1.741,6.581,5.1,5.1,0.0,306.98,43.26,10.56,48.3,2,On,823.6,983.52
1789109760000000000,2026-09-11T06:56:00Z,controller 1,1.697,6.515,4.6,4.6,0.0,306.98,43.25,8.92,51.57,3,On,852.09,966.91
1789109820000000000,2026-09-11T06:57:00Z,controller 1,1.741,6.455,4.35,4.35,0.0,306.97,43.23,9.13,47.65,1,On,806.39,958.53
1789109880000000000,2026-09-11T06:58:00Z,controller 1,1.757,6.336,4.78,4.78,0.0,306.97,43.22,10.59,45.14,1,On,850.21,956.63
1789109940000000000,2026-09-11T06:59:00Z,controller 1,1.718,6.246,4.74,4.74,0.0,306.96,43.19,9.2,51.52,2,On,816.09,964.01
1789110000000000000,2026-09-11T07:00:00Z,controller 1,1.752,6.284,4.73,4.73,0.0,306.95,43.17,9.69,48.81,2,Off,789.9,939.45
1789110060000000000,2026-09-11T07:01:00Z,controller 1,1.779,6.254,4.27,4.27,0.0,306.94,43.15,10.84,39.39,2,Off,799.63,953.28
1789110120000000000,2026-09-11T07:02:00Z,controller 1,1.803,6.376,4.69,4.69,0.0,306.94,43.12,9.73,48.2,2,Off,814.7,935.62
1789110180000000000,2026-09-11T07:03:00Z,controller 1,1.9,6.338,5.0,5.0,0.0,306.93,43.11,11.06,45.21,3,Off,1275.41,666.73
1789110240000000000,2026-09-11T07:04:00Z,controller 1,1.917,6.353,4.54,4.54,0.0,306.92,43.08,11.44,39.69,3,Off,1284.21,679.45
1789110300000000000,2026-09-11T07:05:00Z,controller 1,1.907,6.247,4.33,4.33,0.0,306.92,43.06,12.11,35.76,1,Off,1302.49,658.63
1789110360000000000,2026-09-11T07:06:00Z,controller 1,1.849,6.373,4.1,4.1,0.0,306.92,43.05,10.53,38.94,2,Off,1303.71,654.16
1789110420000000000,2026-09-11T07:07:00Z,controller 1,1.801,6.352,4.39,4.39,0.0,306.91,43.04,10.81,40.61,3,Off,1323.06,666.52
1789110480000000000,2026-09-11T07:08:00Z,controller 1,1.842,6.408,3.97,3.97,0.0,306.91,43.03,10.62,37.38,2,Off,1139.96,502.47
1789110540000000000,2026-09-11T07:09:00Z,controller 1,1.925,6.45,3.76,3.76,0.0,306.91,43.02,10.84,34.69,3,Off,1108.72,527.9
1789110600000000000,2026-09-11T07:10:00Z,controller 1,1.873,6.48,3.97,3.97,0.0,306.9,43.01,11.14,35.64,3,Off,1119.33,534.45
1789110660000000000,2026-09-11T07:11:00Z,controller 1,1.902,6.358,4.03,4.03,0.0,306.89,42.97,10.49,38.42,2,Off,1082.58,526.62
1789110720000000000,2026-09-11T07:12:00Z,controller 1,1.913,6.352,4.01,4.01,0.0,306.89,42.97,11.44,35.05,3,Off,1050.94,535.78
1789110780000000000,2026-09-11T07:13:00Z,controller 1,1.959,6.284,4.08,4.08,0.0,306.88,42.94,12.41,32.88,2,Off,1093.57,512.17
1789110840000000000,2026-09-11T07:14:00Z,controller 1,2.039,6.278,4.18,4.18,0.0,306.88,42.93,13.51,30.94,2,Off,1115.94,529.21
1789110900000000000,2026-09-11T07:15:00Z,controller 1,2.007,6.193,4.18,4.18,0.0,306.87,42.9,12.15,34.4,3,Off,1154.71,535.11
1789110960000000000,2026-09-11T07:16:00Z,controller 1,2.052,6.083,3.92,3.92,0.0,306.86,42.87,14.01,27.98,2,Off,1203.96,545.0
1789111020000000000,2026-09-11T07:17:00Z,controller 1,2.113,5.996,4.21,4.21,0.0,306.86,42.85,13.74,30.64,1,Off,1169.01,540.11
1789111080000000000,2026-09-11T07:18:00Z,controller 1,2.106,6.049,4.31,4.31,0.0,306.85,42.84,13.95,30.9,1,Off,1201.61,522.47
1789111140000000000,2026-09-11T07:19:00Z,controller 1,2.136,5.929,3.96,3.96,0.0,306.85,42.84,14.12,28.05,2,Off,1163.0,546.92
1789111200000000000,2026-09-11T07:20:00Z,controller 1,2.102,5.922,3.91,3.91,0.0,306.85,42.82,13.37,29.24,1,Off,1186.39,565.71
1789111260000000000,2026-09-11T07:21:00Z,controller 1,2.012,5.948,3.55,3.55,0.0,306.84,42.81,10.99,32.3,1,Off,1210.18,586.43
1789111320000000000,2026-09-11T07:22:00Z,controller 1,2.006,5.985,3.36,3.36,0.0,306.83,42.78,10.96,30.66,3,Off,1256.22,592.2
1789111380000000000,2026-09-11T07:23:00Z,controller 1,1.972,5.998,3.26,3.26,0.0,306.83,42.77,10.98,29.69,3,Off,1237.28,591.2
1789111440000000000,2026-09-11T07:24:00Z,controller 1,1.951,6.005,3.42,3.42,0.0,306.83,42.76,11.07,30.89,2,Off,1210.51,592.26
1789111500000000000,2026-09-11T07:25:00Z,controller 1,2.039,6.012,3.31,3.31,0.0,306.82,42.74,12.59,26.29,3,Off,1178.6,606.04
1789111560000000000,2026-09-11T07:26:00Z,controller 1,1.958,5.978,3.06,3.06,0.0,306.82,42.72,11.43,26.77,2,Off,1146.91,592.86
1789111620000000000,2026-09-11T07:27:00Z,controller 1,1.953,6.005,2.94,2.94,0.0,306.81,42.7,12.39,23.73,3,Off,1098.19,583.13
1789111680000000000,2026-09-11T07:28:00Z,controller 1,1.945,5.972,2.85,2.85,0.0,306.81,42.69,10.39,27.43,2,Off,1112.38,555.03
1789111740000000000,2026-09-11T07:29:00Z,controller 1,1.948,6.059,2.8,2.8,0.0,306.8,42.67,11.07,25.29,2,Off,1121.64,531.74
1789111800000000000,2026-09-11T07:30:00Z,controller 1,1.955,6.13,2.78,2.78,0.0,306.8,42.66,12.53,22.19,3,Off,1113.36,533.03
1789111860000000000,2026-09-11T07:31:00Z,controller 1,1.97,6.192,2.66,2.66,0.0,306.79,42.63,12.28,21.66,3,Off,1098.19,540.93
1789111920000000000,2026-09-11T07:32:00Z,controller 1,1.975,6.189,2.5,2.5,0.0,306.79,42.63,12.52,19.97,3,Off,1063.78,553.16
1789111980000000000,2026-09-11T07:33:00Z,controller 1,1.972,6.215,2.29,2.29,0.0,306.78,42.6,10.88,21.05,2,Off,1095.01,562.25
1789112040000000000,2026-09-11T07:34:00Z,controller 1,2.009,6.098,2.3,2.3,0.0,306.77,42.58,11.32,20.32,1,Off,1134.27,539.05
1789112100000000000,2026-09-11T07:35:00Z,controller 1,2.126,6.147,2.32,2.32,0.0,306.77,42.56,13.48,17.21,2,Off,1100.6,558.49
1789112160000000000,2026-09-11T07:36:00Z,controller 1,2.186,6.061,2.18,2.18,0.0,306.76,42.55,13.26,16.44,3,Off,1058.27,549.62
1789112220000000000,2026-09-11T07:37:00Z,controller 1,2.148,6.079,2.35,2.35,0.0,306.76,42.54,14.42,16.3,2,Off,1043.43,545.24
1789112280000000000,2026-09-11T07:38:00Z,controller 1,2.205,6.013,2.39,2.39,0.0,306.75,42.51,15.64,15.28,3,Off,1067.62,523.49
1789112340000000000,2026-09-11T07:39:00Z,controller 1,2.187,5.918,2.28,2.28,0.0,306.75,42.49,13.43,16.98,1,Off,1028.52,523.1
1789112400000000000,2026-09-11T07:40:00Z,controller 1,2.263,5.96,2.51,2.51,0.0,306.74,42.46,15.58,16.11,3,Off,1011.89,494.59
1789112460000000000,2026-09-11T07:41:00Z,controller 1,2.247,5.899,2.47,2.47,0.0,306.73,42.44,14.14,17.47,1,Off,1289.77,520.79
1789112520000000000,2026-09-11T07:42:00Z,controller 1,2.227,5.856,2.35,2.35,0.0,306.73,42.42,13.34,17.62,1,Off,1311.15,531.08
1789112580000000000,2026-09-11T07:43:00Z,controller 1,2.224,5.953,2.32,2.32,0.0,306.72,42.41,15.35,15.11,2,Off,1273.3,506.44
1789112640000000000,2026-09-11T07:44:00Z,controller 1,2.168,5.946,2.5,2.5,0.0,306.72,42.41,12.62,19.81,3,Off,1256.46,485.56
1789112700000000000,2026-09-11T07:45:00Z,controller 1,2.187,5.923,2.72,2.72,0.0,306.71,42.38,13.38,20.33,1,Off,1234.3,493.88
1789112760000000000,2026-09-11T07:46:00Z,controller 1,2.111,5.907,2.65,2.65,0.0,306.7,42.35,12.48,21.23,1,Off,1190.73,508.62
1789112820000000000,2026-09-11T07:47:00Z,controller 1,2.14,5.81,2.59,2.59,0.0,306.7,42.32,13.22,19.59,3,Off,1180.98,535.73
1789112880000000000,2026-09-11T07:48:00Z,controller 1,2.166,5.818,2.8,2.8,0.0,306.69,42.3,14.31,19.57,3,Off,1206.93,506.57
1789112940000000000,2026-09-11T07:49:00Z,controller 1,2.19,5.849,2.74,2.74,0.0,306.69,42.29,12.68,21.61,3,Off,1204.39,525.58
1789113000000000000,2026-09-11T07:50:00Z,controller 1,2.099,5.785,2.53,2.53,0.0,306.68,42.26,11.68,21.66,2,Off,1187.82,510.54
1789113060000000000,2026-09-11T07:51:00Z,controller 1,2.208,5.857,2.34,2.34,0.0,306.68,42.25,14.59,16.04,3,Off,1015.6,943.33
1789113120000000000,2026-09-11T07:52:00Z,controller 1,2.196,5.841,2.24,2.24,0.0,306.67,42.24,14.78,15.16,3,Off,1054.07,924.65
1789113180000000000,2026-09-11T07:53:00Z,controller 1,2.18,5.892,2.36,2.36,0.0,306.67,42.22,13.28,17.77,1,Off,1229.17,963.93
1789113240000000000,2026-09-11T07:54:00Z,controller 1,2.057,5.865,2.27,2.27,0.0,306.66,42.2,13.09,17.34,3,Off,1192.4,973.15
1789113300000000000,2026-09-11T07:55:00Z,controller 1,2.083,5.807,2.46,2.46,0.0,306.66,42.19,13.14,18.72,2,Off,1158.73,967.0
1789113360000000000,2026-09-11T07:56:00Z,controller 1,2.1,5.76,2.49,2.49,0.0,306.65,42.17,12.24,20.34,3,Off,1186.44,949.43
1789113420000000000,2026-09-11T07:57:00Z,controller 1,2.07,5.779,2.65,2.65,0.0,306.64,42.15,11.42,23.2,1,Off,1208.78,967.03
1789113480000000000,2026-09-11T07:58:00Z,controller 1,2.125,5.836,2.47,2.47,0.0,306.64,42.14,13.63,18.12,3,Off,1179.31,995.47
1789113540000000000,2026-09-11T07:59:00Z,controller 1,2.065,5.788,2.22,2.22,0.0,306.63,42.11,12.33,18.0,3,Off,1182.24,990.42
1789113600000000000,2026-09-11T08:00:00Z,controller 1,2.031,5.881,2.02,2.02,0.0,306.63,42.09,11.58,17.44,3,Off,1291.28,429.46
1789113660000000000,2026-09-11T08:01:00Z,controller 1,2.006,5.882,1.97,1.97,0.0,306.62,42.07,11.31,17.42,1,Off,1277.76,403.19
1789113720000000000,2026-09-11T08:02:00Z,controller 1,1.959,5.75,2.09,2.09,0.0,306.62,42.06,10.63,19.66,2,Off,1240.1,397.32
1789113780000000000,2026-09-11T08:03:00Z,controller 1,1.966,5.729,2.25,2.25,0.0,306.61,42.03,11.8,19.07,3,Off,1231.43,403.88
1789113840000000000,2026-09-11T08:04:00Z,controller 1,1.898,5.782,2.38,2.38,0.0,306.6,42.01,11.02,21.6,3,Off,1219.91,374.66
1789113900000000000,2026-09-11T08:05:00Z,controller 1,1.947,5.725,2.61,2.61,0.0,306.59,41.98,11.82,22.08,2,Off,1259.44,347.56
1789113960000000000,2026-09-11T08:06:00Z,controller 1,1.862,5.72,2.83,2.83,0.0,306.59,41.97,9.21,30.73,3,Off,1232.23,347.47
1789114020000000000,2026-09-11T08:07:00Z,controller 1,1.848,5.791,2.85,2.85,0.0,306.58,41.93,9.4,30.32,2,Off,1212.6,326.76
1789114080000000000,2026-09-11T08:08:00Z,controller 1,1.8,5.747,2.91,2.91,0.0,306.57,41.91,10.2,28.53,3,Off,1220.23,342.24
1789114140000000000,2026-09-11T08:09:00Z,controller 1,1.797,5.841,3.0,3.0,0.0,306.56,41.88,8.71,34.44,1,Off,1245.84,370.02
1789114200000000000,2026-09-11T08:10:00Z,controller 1,1.749,5.793,2.7,2.7,0.0,306.56,41.85,9.23,29.25,2,Off,1278.57,358.28
1789114260000000000,2026-09-11T08:11:00Z,controller 1,1.8,5.844,2.47,2.47,0.0,306.55,41.83,9.73,25.39,3,Off,1261.43,352.32
1789114320000000000,2026-09-11T08:12:00Z,controller 1,1.735,5.767,2.29,2.29,0.0,306.54,41.8,8.21,27.89,1,Off,1276.87,371.37
1789114380000000000,2026-09-11T08:13:00Z,controller 1,1.74,5.848,2.43,2.43,0.0,306.53,41.78,9.4,25.85,3,Off,1300.26,392.61
1789114440000000000,2026-09-11T08:14:00Z,controller 1,1.768,5.81,2.26,2.26,0.0,306.53,41.76,9.61,23.52,3,Off,1256.07,398.62
1789114500000000000,2026-09-11T08:15:00Z,controller 1,1.864,5.848,2.42,2.42,0.0,306.52,41.73,10.12,23.91,3,Off,1296.55,415.9
1789114560000000000,2026-09-11T08:16:00Z,controller 1,1.863,5.849,2.51,2.51,0.0,306.51,41.71,9.86,25.46,1,Off,1319.5,395.68
1789114620000000000,2026-09-11T08:17:00Z,controller 1,1.837,5.769,2.53,2.53,0.0,306.51,41.69,8.77,28.85,2,Off,1368.92,376.5
1789114680000000000,2026-09-11T08:18:00Z,controller 1,1.848,5.803,2.68,2.68,0.0,306.5,41.67,9.97,26.88,1,Off,1388.68,350.37
1789114740000000000,2026-09-11T08:19:00Z,controller 1,1.884,5.826,2.84,2.84,0.0,306.5,41.65,10.83,26.22,2,Off,1424.89,334.64
1789114800000000000,2026-09-11T08:20:00Z,controller 1,1.936,5.888,2.86,2.86,0.0,306.49,41.64,10.66,26.83,2,Off,1402.77,324.48
1789114860000000000,2026-09-11T08:21:00Z,controller 1,1.908,5.902,2.8,2.8,0.0,306.49,41.62,11.13,25.16,2,Off,1445.45,328.23
1789114920000000000,2026-09-11T08:22:00Z,controller 1,1.906,5.936,2.9,2.9,0.0,306.47,41.58,10.72,27.05,1,Off,1419.96,316.14
1789114980000000000,2026-09-11T08:23:00Z,controller 1,1.875,6.081,3.05,3.05,0.0,306.47,41.56,11.12,27.43,1,Off,1426.3,314.38
1789115040000000000,2026-09-11T08:24:00Z,controller 1,1.855,6.094,3.03,3.03,0.0,306.46,41.53,9.46,32.03,1,Off,1376.56,343.47
1789115100000000000,2026-09-11T08:25:00Z,controller 1,1.817,5.982,2.86,2.86,0.0,306.45,41.5,10.15,28.18,3,Off,1411.42,355.79
1789115160000000000,2026-09-11T08:26:00Z,controller 1,1.842,6.03,2.65,2.65,0.0,306.44,41.47,9.93,26.69,3,Off,1411.62,329.03
1789115220000000000,2026-09-11T08:27:00Z,controller 1,1.842,6.025,2.88,2.88,0.0,306.43,41.44,9.94,28.97,3,Off,1380.16,304.82
1789115280000000000,2026-09-11T08:28:00Z,controller 1,1.85,5.953,3.07,3.07,0.0,306.43,41.43,10.38,29.58,2,Off,1427.06,314.44
1789115340000000000,2026-09-11T08:29:00Z,controller 1,1.913,5.977,3.24,3.24,0.0,306.42,41.4,10.46,30.98,1,Off,1392.64,303.18
1789115400000000000,2026-09-11T08:30:00Z,controller 1,1.909,5.999,2.95,2.95,0.0,306.41,41.37,11.16,26.43,3,Off,1424.58,281.43
1789115460000000000,2026-09-11T08:31:00Z,controller 1,1.916,5.991,3.14,3.14,0.0,306.41,41.37,11.08,28.34,2,Off,1435.99,311.43
1789115520000000000,2026-09-11T08:32:00Z,controller 1,1.857,5.989,2.9,2.9,0.0,306.4,41.35,11.05,26.24,1,Off,1397.11,291.78
1789115580000000000,2026-09-11T08:33:00Z,controller 1,1.877,5.902,2.73,2.73,0.0,306.4,41.33,10.54,25.9,3,Off,1370.25,305.52
1789115640000000000,2026-09-11T08:34:00Z,controller 1,1.888,5.907,2.78,2.78,0.0,306.39,41.3,10.63,26.15,1,Off,1175.59,996.05
1789115700000000000,2026-09-11T08:35:00Z,controller 1,1.87,5.902,2.87,2.87,0.0,306.39,41.29,10.46,27.44,1,Off,1194.17,981.36
1789115760000000000,2026-09-11T08:36:00Z,controller 1,1.852,5.982,2.82,2.82,0.0,306.38,41.28,9.24,30.52,2,Off,1197.1,967.52
1789115820000000000,2026-09-11T08:37:00Z,controller 1,1.832,5.946,2.58,2.58,0.0,306.38,41.25,9.06,28.48,3,Off,1206.28,989.07
1789115880000000000,2026-09-11T08:38:00Z,controller 1,1.82,5.994,2.49,2.49,0.0,306.37,41.24,10.72,23.23,2,Off,1194.99,977.38
1789115940000000000,2026-09-11T08:39:00Z,controller 1,1.815,6.023,2.6,2.6,0.0,306.37,41.23,9.87,26.34,2,Off,1210.92,989.63
1789116000000000000,2026-09-11T08:40:00Z,controller 1,1.825,6.023,2.71,2.71,0.0,306.36,41.2,10.13,26.75,1,Off,1196.34,972.15
1789116060000000000,2026-09-11T08:41:00Z,controller 1,1.8,5.886,2.82,2.82,0.0,306.36,41.19,9.69,29.1,2,Off,1179.36,986.72
1789116120000000000,2026-09-11T08:42:00Z,controller 1,1.837,5.912,2.8,2.8,0.0,306.35,41.18,10.07,27.81,2,Off,1260.11,894.84
1789116180000000000,2026-09-11T08:43:00Z,controller 1,1.812,5.875,2.94,2.94,0.0,306.35,41.16,10.33,28.46,2,Off,1262.71,871.77
1789116240000000000,2026-09-11T08:44:00Z,controller 1,1.778,5.956,2.75,2.75,0.0,306.34,41.13,9.86,27.89,1,Off,1290.98,856.41
1789116300000000000,2026-09-11T08:45:00Z,controller 1,1.842,6.002,2.76,2.76,0.0,306.33,41.11,10.56,26.14,3,Off,1294.97,873.29
1789116360000000000,2026-09-11T08:46:00Z,controller 1,1.87,5.936,2.54,2.54,0.0,306.33,41.09,10.34,24.56,2,Off,1332.99,845.54
1789116420000000000,2026-09-11T08:47:00Z,controller 1,1.812,6.011,2.6,2.6,0.0,306.32,41.06,9.41,27.63,1,Off,1360.74,869.11
1789116480000000000,2026-09-11T08:48:00Z,controller 1,1.875,5.941,2.63,2.63,0.0,306.31,41.04,10.54,24.95,1,Off,1320.98,895.41
1789116540000000000,2026-09-11T08:49:00Z,controller 1,1.883,5.907,2.69,2.69,0.0,306.31,41.02,10.48,25.67,2,Off,1318.74,890.16
1789116600000000000,2026-09-11T08:50:00Z,controller 1,1.84,5.9,2.74,2.74,0.0,306.3,41.01,10.92,25.09,1,Off,1307.18,889.63
1789116660000000000,2026-09-11T08:51:00Z,controller 1,1.829,5.903,2.79,2.79,0.0,306.29,40.98,10.34,26.98,2,Off,1315.79,875.64
1789116720000000000,2026-09-11T08:52:00Z,controller 1,1.86,5.936,2.98,2.98,0.0,306.29,40.95,10.24,29.1,1,Off,1301.5,895.92
1789116780000000000,2026-09-11T08:53:00Z,controller 1,1.909,6.063,2.97,2.97,0.0,306.28,40.94,10.36,28.67,1,Off,1317.15,888.7
1789116840000000000,2026-09-11T08:54:00Z,controller 1,1.889,6.053,2.84,2.84,0.0,306.28,40.92,10.37,27.39,3,Off,1269.84,862.83
1789116900000000000,2026-09-11T08:55:00Z,controller 1,1.814,6.056,3.05,3.05,0.0,306.27,40.91,10.69,28.53,1,Off,1282.48,878.87
1789116960000000000,2026-09-11T08:56:00Z,controller 1,1.871,6.056,3.14,3.14,0.0,306.26,40.87,9.61,32.67,2,Off,1253.17,856.1
1789117020000000000,2026-09-11T08:57:00Z,controller 1,1.865,6.188,3.05,3.05,0.0,306.26,40.87,10.99,27.75,2,Off,1242.36,847.82
1789117080000000000,2026-09-11T08:58:00Z,controller 1,1.907,6.149,2.81,2.81,0.0,306.25,40.85,10.21,27.52,1,Off,1272.77,818.06
1789117140000000000,2026-09-11T08:59:00Z,controller 1,1.834,6.175,2.53,2.53,0.0,306.25,40.84,9.74,25.98,2,Off,724.46,367.36
1789117200000000000,2026-09-11T09:00:00Z,controller 1,1.787,6.222,2.33,2.33,0.0,306.24,40.81,9.69,24.05,1,Off,756.1,353.45
1789117260000000000,2026-09-11T09:01:00Z,controller 1,1.863,6.313,2.18,2.18,0.0,306.23,40.78,11.64,18.73,1,Off,737.2,363.42
1789117320000000000,2026-09-11T09:02:00Z,controller 1,1.802,6.362,2.12,2.12,0.0,306.23,40.76,10.49,20.21,2,Off,702.45,361.09
1789117380000000000,2026-09-11T09:03:00Z,controller 1,1.827,6.366,1.91,1.91,0.0,306.23,40.75,11.37,16.8,1,Off,728.12,388.01
1789117440000000000,2026-09-11T09:04:00Z,controller 1,1.83,6.317,2.0,2.0,0.0,306.22,40.74,9.74,20.53,1,Off,741.34,377.77
1789117500000000000,2026-09-11T09:05:00Z,controller 1,1.822,6.198,1.9,1.9,0.0,306.21,40.7,9.95,19.1,3,Off,727.11,394.38
1789117560000000000,2026-09-11T09:06:00Z,controller 1,1.863,6.188,1.86,1.86,0.0,306.21,40.69,10.1,18.42,3,Off,726.16,411.73
1789117620000000000,2026-09-11T09:07:00Z,controller 1,1.923,6.196,2.01,2.01,0.0,306.2,40.67,11.26,17.85,3,Off,699.77,383.19
1789117680000000000,2026-09-11T09:08:00Z,controller 1,2.003,6.192,2.01,2.01,0.0,306.19,40.64,11.53,17.43,1,Off,687.72,371.13
1789117740000000000,2026-09-11T09:09:00Z,controller 1,1.956,6.109,2.08,2.08,0.0,306.18,40.61,11.41,18.23,3,Off,647.92,385.54
1789117800000000000,2026-09-11T09:10:00Z,controller 1,1.969,6.143,2.12,2.12,0.0,306.18,40.59,11.61,18.26,1,Off,696.82,411.88
1789117860000000000,2026-09-11T09:11:00Z,controller 1,1.988,6.24,2.24,2.24,0.0,306.17,40.56,13.47,16.63,3,Off,1303.34,841.06
1789117920000000000,2026-09-11T09:12:00Z,controller 1,2.005,6.208,2.07,2.07,0.0,306.17,40.55,11.25,18.4,1,Off,1343.85,855.64
1789117980000000000,2026-09-11T09:13:00Z,controller 1,1.985,6.268,2.16,2.16,0.0,306.16,40.54,13.01,16.6,1,Off,1300.33,864.09
1789118040000000000,2026-09-11T09:14:00Z,controller 1,2.006,6.169,2.1,2.1,0.0,306.15,40.51,12.62,16.64,1,Off,1288.22,882.25
1789118100000000000,2026-09-11T09:15:00Z,controller 1,2.002,6.245,2.02,2.02,0.0,306.15,40.49,11.79,17.13,1,Off,1253.33,886.39
1789118160000000000,2026-09-11T09:16:00Z,controller 1,2.005,6.36,1.92,1.92,0.0,306.14,40.46,12.85,14.94,1,Off,1253.26,888.91
1789118220000000000,2026-09-11T09:17:00Z,controller 1,2.016,6.311,1.91,1.91,0.0,306.13,40.44,12.17,15.69,1,Off,1243.6,910.01
1789118280000000000,2026-09-11T09:18:00Z,controller 1,2.068,6.235,1.96,1.96,0.0,306.13,40.43,13.82,14.18,3,Off,1281.23,907.59
1789118340000000000,2026-09-11T09:19:00Z,controller 1,2.042,6.29,2.0,2.0,0.0,306.12,40.41,13.32,15.02,1,Off,1263.17,891.78
1789118400000000000,2026-09-11T09:20:00Z,controller 1,1.989,6.346,2.02,2.02,0.0,306.11,40.38,13.18,15.33,2,Off,1255.69,879.22
1789118460000000000,2026-09-11T09:21:00Z,controller 1,2.683,5.163,1.95,1.95,0.0,306.11,40.36,17.45,11.17,3,Off,1210.05,886.84
1789118520000000000,2026-09-11T09:22:00Z,controller 1,2.657,5.165,2.1,2.1,0.0,306.11,40.35,19.3,10.88,3,Off,1170.51,914.87
1789118580000000000,2026-09-11T09:23:00Z,controller 1,2.714,5.209,1.96,1.96,0.0,306.1,40.34,17.48,11.21,3,Off,1220.28,923.79
1789118640000000000,2026-09-11T09:24:00Z,controller 1,2.678,5.319,1.9,1.9,0.0,306.09,40.31,19.66,9.66,1,Off,1263.65,900.62
1789118700000000000,2026-09-11T09:25:00Z,controller 1,2.592,5.338,1.79,1.79,0.0,306.08,40.27,18.56,9.64,3,Off,1236.15,906.74
1789118760000000000,2026-09-11T09:26:00Z,controller 1,2.591,5.333,1.88,1.88,0.0,306.08,40.27,19.3,9.74,1,Off,1204.34,878.54
1789118820000000000,2026-09-11T09:27:00Z,controller 1,2.531,5.474,1.95,1.95,0.0,306.08,40.26,17.81,10.95,1,Off,1098.88,828.7
1789118880000000000,2026-09-11T09:28:00Z,controller 1,2.45,5.463,1.83,1.83,0.0,306.07,40.24,16.02,11.42,1,Off,1059.11,800.47
1789118940000000000,2026-09-11T09:29:00Z,controller 1,2.427,5.466,1.69,1.69,0.0,306.07,40.23,16.48,10.25,2,Off,1052.31,830.24
1789119000000000000,2026-09-11T09:30:00Z,controller 1,2.337,5.426,1.82,1.82,0.0,306.07,40.22,15.65,11.63,2,Off,1098.03,801.66
1789119060000000000,2026-09-11T09:31:00Z,controller 1,2.276,5.508,1.67,1.67,0.0,306.06,40.2,15.58,10.72,2,Off,1109.62,803.82
1789119120000000000,2026-09-11T09:32:00Z,controller 1,2.364,5.477,1.66,1.66,0.0,306.05,40.18,16.73,9.92,3,Off,1092.17,791.84
1789119180000000000,2026-09-11T09:33:00Z,controller 1,2.38,5.403,1.65,1.65,0.0,306.05,40.15,16.48,10.01,3,Off,1087.52,808.71
1789119240000000000,2026-09-11T09:34:00Z,controller 1,2.362,5.469,1.59,1.59,0.0,306.04,40.12,15.66,10.15,1,Off,1085.84,821.54
1789119300000000000,2026-09-11T09:35:00Z,controller 1,2.459,5.441,1.7,1.7,0.0,306.03,40.1,15.38,11.05,2,Off,1043.33,800.2
1789119360000000000,2026-09-11T09:36:00Z,controller 1,2.548,5.367,1.75,1.75,0.0,306.03,40.09,18.13,9.65,2,Off,1045.49,822.02
1789119420000000000,2026-09-11T09:37:00Z,controller 1,2.52,5.27,1.59,1.59,0.0,306.02,40.07,15.21,10.45,2,Off,1047.74,811.94
1789119480000000000,2026-09-11T09:38:00Z,controller 1,2.476,5.294,1.43,1.43,0.0,306.01,40.05,17.3,8.27,1,Off,1080.9,787.37
1789119540000000000,2026-09-11T09:39:00Z,controller 1,2.422,5.33,1.55,1.55,0.0,306.01,40.04,16.93,9.16,2,Off,1072.22,797.33
1789119600000000000,2026-09-11T09:40:00Z,controller 1,2.31,5.311,1.62,1.62,0.0,306.0,40.01,13.48,12.02,2,Off,1110.45,808.63
1789119660000000000,2026-09-11T09:41:00Z,controller 1,2.381,5.291,1.49,1.49,0.0,306.0,39.99,15.15,9.83,3,Off,1077.83,790.22
1789119720000000000,2026-09-11T09:42:00Z,controller 1,2.407,5.34,1.46,1.46,0.0,305.99,39.96,16.3,8.96,3,Off,1078.52,806.9
1789119780000000000,2026-09-11T09:43:00Z,controller 1,2.414,5.36,1.37,1.37,0.0,305.98,39.94,16.22,8.45,3,Off,1107.72,788.47
1789119840000000000,2026-09-11T09:44:00Z,controller 1,2.462,5.356,1.25,1.25,0.0,305.98,39.93,16.76,7.46,2,Off,1112.23,801.1
1789119900000000000,2026-09-11T09:45:00Z,controller 1,2.401,5.366,1.3,1.3,0.0,305.98,39.92,14.09,9.23,3,Off,1076.8,806.01
1789119960000000000,2026-09-11T09:46:00Z,controller 1,2.365,5.361,1.27,1.27,0.0,305.97,39.91,14.98,8.48,3,Off,1077.68,823.0
1789120020000000000,2026-09-11T09:47:00Z,controller 1,2.414,5.363,1.28,1.28,0.0,305.97,39.9,15.01,8.53,3,Off,1106.45,805.66
1789120080000000000,2026-09-11T09:48:00Z,controller 1,2.301,5.355,1.24,1.24,0.0,305.97,39.89,15.33,8.09,3,Off,1145.44,793.42
1789120140000000000,2026-09-11T09:49:00Z,controller 1,2.243,5.4,1.18,1.18,0.0,305.96,39.88,13.42,8.79,2,Off,1142.27,765.41
1789120200000000000,2026-09-11T09:50:00Z,controller 1,2.197,5.433,1.13,1.13,0.0,305.96,39.86,13.53,8.35,3,Off,1123.2,742.5
1789120260000000000,2026-09-11T09:51:00Z,controller 1,2.176,5.397,1.21,1.21,0.0,305.95,39.83,12.34,9.81,1,Off,1110.56,772.15
1789120320000000000,2026-09-11T09:52:00Z,controller 1,2.173,5.47,1.33,1.33,0.0,305.95,39.82,12.01,11.07,1,Off,1117.01,758.13
1789120380000000000,2026-09-11T09:53:00Z,controller 1,2.189,5.508,1.27,1.27,0.0,305.94,39.8,12.09,10.5,2,Off,1067.21,758.96
1789120440000000000,2026-09-11T09:54:00Z,controller 1,2.194,5.502,1.34,1.34,0.0,305.93,39.77,12.19,10.99,2,Off,877.89,309.55
1789120500000000000,2026-09-11T09:55:00Z,controller 1,2.189,5.476,1.31,1.31,0.0,305.93,39.75,12.07,10.85,1,Off,862.9,299.53
1789120560000000000,2026-09-11T09:56:00Z,controller 1,2.265,5.416,1.34,1.34,0.0,305.92,39.74,12.65,10.59,2,Off,818.41,320.12
1789120620000000000,2026-09-11T09:57:00Z,controller 1,2.238,5.45,1.28,1.28,0.0,305.92,39.74,12.83,9.98,1,Off,779.52,330.06
1789120680000000000,2026-09-11T09:58:00Z,controller 1,2.314,5.453,1.38,1.38,0.0,305.91,39.71,14.41,9.58,3,Off,801.79,349.7
1789120740000000000,2026-09-11T09:59:00Z,controller 1,2.279,5.399,1.39,1.39,0.0,305.91,39.7,14.24,9.76,1,Off,808.48,326.22
1789120800000000000,2026-09-11T10:00:00Z,controller 1,2.319,5.332,1.36,1.36,0.0,305.9,39.68,13.6,10.0,1,Off,783.8,336.41
1789120860000000000,2026-09-11T10:01:00Z,controller 1,2.287,5.342,1.45,1.45,0.0,305.89,39.64,15.0,9.67,1,Off,742.81,360.55
1789120920000000000,2026-09-11T10:02:00Z,controller 1,2.216,5.309,1.41,1.41,0.0,305.89,39.62,12.81,11.01,3,Off,752.2,373.43
1789120980000000000,2026-09-11T10:03:00Z,controller 1,2.235,5.303,1.37,1.37,0.0,305.88,39.6,13.92,9.84,3,Off,720.82,399.57
1789121040000000000,2026-09-11T10:04:00Z,controller 1,2.311,5.233,1.34,1.34,0.0,305.87,39.58,13.04,10.28,3,Off,698.47,388.89
1789121100000000000,2026-09-11T10:05:00Z,controller 1,2.344,5.248,1.44,1.44,0.0,305.87,39.55,13.41,10.74,3,Off,726.1,418.12
1789121160000000000,2026-09-11T10:06:00Z,controller 1,2.293,5.22,1.42,1.42,0.0,305.86,39.54,13.71,10.36,3,Off,744.18,430.77
1789121220000000000,2026-09-11T10:07:00Z,controller 1,2.361,5.269,1.49,1.49,0.0,305.85,39.51,13.79,10.8,2,Off,767.99,405.53
1789121280000000000,2026-09-11T10:08:00Z,controller 1,2.439,5.31,1.5,1.5,0.0,305.85,39.49,16.52,9.08,3,Off,742.45,404.58
1789121340000000000,2026-09-11T10:09:00Z,controller 1,2.351,5.361,1.54,1.54,0.0,305.84,39.48,16.13,9.55,2,Off,783.19,379.21
1789121400000000000,2026-09-11T10:10:00Z,controller 1,2.336,5.356,1.41,1.41,0.0,305.84,39.47,14.68,9.6,3,Off,777.51,353.85
1789121460000000000,2026-09-11T10:11:00Z,controller 1,2.406,5.44,1.46,1.46,0.0,305.84,39.46,17.2,8.49,2,Off,796.84,363.16
1789121520000000000,2026-09-11T10:12:00Z,controller 1,2.318,5.396,1.33,1.33,0.0,305.83,39.44,14.86,8.95,1,Off,810.65,388.33
1789121580000000000,2026-09-11T10:13:00Z,controller 1,2.34,5.474,1.45,1.45,0.0,305.83,39.43,16.03,9.05,3,Off,845.2,385.05
1789121640000000000,2026-09-11T10:14:00Z,controller 1,2.372,5.496,1.6,1.6,0.0,305.82,39.4,15.9,10.06,1,Off,863.75,402.17
1789121700000000000,2026-09-11T10:15:00Z,controller 1,2.48,5.485,1.45,1.45,0.0,305.81,39.37,15.64,9.27,2,Off,869.73,422.94
1789121760000000000,2026-09-11T10:16:00Z,controller 1,2.394,5.469,1.43,1.43,0.0,305.81,39.35,14.95,9.57,2,Off,797.96,955.4
1789121820000000000,2026-09-11T10:17:00Z,controller 1,2.46,5.438,1.36,1.36,0.0,305.8,39.32,15.61,8.71,3,Off,908.18,854.82
1789121880000000000,2026-09-11T10:18:00Z,controller 1,2.375,5.498,1.35,1.35,0.0,305.79,39.3,16.67,8.1,3,Off,867.58,874.83
1789121940000000000,2026-09-11T10:19:00Z,controller 1,2.429,5.467,1.23,1.23,0.0,305.78,39.27,15.12,8.13,3,Off,854.37,872.21
1789122000000000000,2026-09-11T10:20:00Z,controller 1,2.444,5.447,1.29,1.29,0.0,305.77,39.25,17.3,7.46,3,On,851.07,845.97
1789122060000000000,2026-09-11T10:21:00Z,controller 1,2.442,5.518,1.27,1.27,0.0,305.77,39.22,16.83,7.55,1,On,829.98,840.61
1789122120000000000,2026-09-11T10:22:00Z,controller 1,2.436,5.47,1.33,1.33,0.0,305.75,39.18,17.28,7.7,1,On,557.52,630.22
1789122180000000000,2026-09-11T10:23:00Z,controller 1,2.419,5.445,1.42,1.42,0.0,305.75,39.15,14.54,9.77,1,On,542.88,600.92
1789122240000000000,2026-09-11T10:24:00Z,controller 1,2.344,5.415,1.48,1.48,0.0,305.74,39.13,13.57,10.91,2,On,494.36,582.0
1789122300000000000,2026-09-11T10:25:00Z,controller 1,2.447,5.446,1.54,1.54,0.0,305.73,39.1,15.72,9.8,1,On,533.19,588.89
1789122360000000000,2026-09-11T10:26:00Z,controller 1,2.373,5.367,1.59,1.59,0.0,305.72,39.07,14.0,11.36,1,On,505.28,572.49
1789122420000000000,2026-09-11T10:27:00Z,controller 1,2.373,5.344,1.65,1.65,0.0,305.71,39.05,15.18,10.87,3,On,470.49,560.1
1789122480000000000,2026-09-11T10:28:00Z,controller 1,2.462,5.259,1.7,1.7,0.0,305.71,39.03,16.88,10.07,1,On,487.68,577.28
1789122540000000000,2026-09-11T10:29:00Z,controller 1,2.516,5.258,1.64,1.64,0.0,305.7,39.01,17.07,9.61,3,On,447.83,585.84
1789122600000000000,2026-09-11T10:30:00Z,controller 1,2.474,5.346,1.62,1.62,0.0,305.7,38.99,17.65,9.18,2,On,438.23,597.57
1789122660000000000,2026-09-11T10:31:00Z,controller 1,2.503,5.334,1.49,1.49,0.0,305.69,38.98,17.5,8.51,2,On,462.32,577.14
1789122720000000000,2026-09-11T10:32:00Z,controller 1,2.466,5.457,1.56,1.56,0.0,305.69,38.97,18.0,8.67,3,On,422.4,592.73
1789122780000000000,2026-09-11T10:33:00Z,controller 1,2.543,5.482,1.44,1.44,0.0,305.69,38.95,16.04,8.98,1,On,389.09,619.46
1789122840000000000,2026-09-11T10:34:00Z,controller 1,2.557,5.454,1.44,1.44,0.0,305.68,38.94,18.42,7.82,3,On,354.27,632.66
1789122900000000000,2026-09-11T10:35:00Z,controller 1,2.572,5.455,1.48,1.48,0.0,305.67,38.9,18.85,7.85,2,On,312.57,627.76
1789122960000000000,2026-09-11T10:36:00Z,controller 1,2.5,5.45,1.34,1.34,0.0,305.66,38.87,16.96,7.9,3,On,326.45,624.11
1789123020000000000,2026-09-11T10:37:00Z,controller 1,2.472,5.493,1.24,1.24,0.0,305.65,38.85,18.34,6.76,2,On,361.78,605.94
1789123080000000000,2026-09-11T10:38:00Z,controller 1,2.448,5.549,1.3,1.3,0.0,305.65,38.82,16.61,7.83,3,On,350.5,579.14
1789123140000000000,2026-09-11T10:39:00Z,controller 1,2.432,5.485,1.28,1.28,0.0,305.64,38.79,16.43,7.79,1,On,336.82,584.33
1789123200000000000,2026-09-11T10:40:00Z,controller 1,2.416,5.546,1.26,1.26,0.0,305.63,38.76,17.61,7.16,1,On,333.66,570.45
1789123260000000000,2026-09-11T10:41:00Z,controller 1,2.379,5.486,1.24,1.24,0.0,305.62,38.74,15.96,7.77,1,On,339.41,578.5
1789123320000000000,2026-09-11T10:42:00Z,controller 1,2.3,5.482,1.13,1.13,0.0,305.61,38.71,15.36,7.36,2,On,379.32,601.86
1789123380000000000,2026-09-11T10:43:00Z,controller 1,2.321,5.401,1.13,1.13,0.0,305.61,38.69,13.12,8.61,1,On,417.55,576.06
1789123440000000000,2026-09-11T10:44:00Z,controller 1,2.311,5.432,1.13,1.13,0.0,305.6,38.68,13.1,8.63,1,On,425.68,585.29
1789123500000000000,2026-09-11T10:45:00Z,controller 1,2.262,5.533,1.16,1.16,0.0,305.6,38.65,13.8,8.41,1,On,410.58,560.4
1789123560000000000,2026-09-11T10:46:00Z,controller 1,2.234,5.435,1.11,1.11,0.0,305.59,38.63,12.94,8.58,3,On,372.2,561.25
1789123620000000000,2026-09-11T10:47:00Z,controller 1,2.305,5.361,1.16,1.16,0.0,305.59,38.62,13.9,8.35,3,On,326.47,569.54
1789123680000000000,2026-09-11T10:48:00Z,controller 1,2.257,5.301,1.09,1.09,0.0,305.58,38.61,13.89,7.85,1,On,343.96,543.76
1789123740000000000,2026-09-11T10:49:00Z,controller 1,2.17,5.321,1.04,1.04,0.0,305.58,38.59,13.05,7.97,3,On,326.47,561.33
1789123800000000000,2026-09-11T10:50:00Z,controller 1,2.1,5.328,1.1,1.1,0.0,305.56,38.55,11.66,9.43,2,On,314.42,577.86
1789123860000000000,2026-09-11T10:51:00Z,controller 1,2.056,5.362,1.03,1.03,0.0,305.56,38.52,10.56,9.75,1,On,276.71,555.21
1789123920000000000,2026-09-11T10:52:00Z,controller 1,2.09,5.397,1.11,1.11,0.0,305.55,38.51,11.1,10.0,2,On,1158.56,936.37
1789123980000000000,2026-09-11T10:53:00Z,controller 1,2.026,5.451,1.08,1.08,0.0,305.55,38.5,11.61,9.3,1,On,1182.49,932.14
1789124040000000000,2026-09-11T10:54:00Z,controller 1,1.907,5.544,1.04,1.04,0.0,305.55,38.49,10.48,9.92,3,On,1155.72,908.95
1789124100000000000,2026-09-11T10:55:00Z,controller 1,1.923,5.465,1.06,1.06,0.0,305.54,38.46,10.65,9.95,3,On,1161.14,883.9
1789124160000000000,2026-09-11T10:56:00Z,controller 1,1.896,5.442,0.96,0.96,0.0,305.53,38.44,9.7,9.9,2,On,1123.35,907.56
1789124220000000000,2026-09-11T10:57:00Z,controller 1,1.834,5.473,0.97,0.97,0.0,305.52,38.41,8.66,11.2,1,On,1158.93,914.62
1789124280000000000,2026-09-11T10:58:00Z,controller 1,1.803,5.475,1.05,1.05,0.0,305.51,38.38,9.3,11.29,1,On,1183.17,936.06
1789124340000000000,2026-09-11T10:59:00Z,controller 1,1.767,5.494,1.08,1.08,0.0,305.51,38.36,8.97,12.04,1,On,1200.87,957.63
1789124400000000000,2026-09-11T11:00:00Z,controller 1,1.826,5.507,1.09,1.09,0.0,305.5,38.34,9.63,11.32,1,On,1250.04,927.7
1789124460000000000,2026-09-11T11:01:00Z,controller 1,1.916,5.535,1.0,1.0,0.0,305.5,38.32,11.13,8.98,1,On,1211.68,923.44
1789124520000000000,2026-09-11T11:02:00Z,controller 1,1.816,5.449,0.98,0.98,0.0,305.49,38.31,9.53,10.28,3,On,1210.27,926.63
1789124580000000000,2026-09-11T11:03:00Z,controller 1,1.792,5.496,0.97,0.97,0.0,305.49,38.29,9.14,10.61,1,On,1221.07,939.31
1789124640000000000,2026-09-11T11:04:00Z,controller 1,1.809,5.492,0.97,0.97,0.0,305.48,38.27,8.21,11.81,2,On,1246.99,925.86
1789124700000000000,2026-09-11T11:05:00Z,controller 1,1.792,5.425,0.97,0.97,0.0,305.48,38.26,9.25,10.49,2,On,1294.59,922.87
1789124760000000000,2026-09-11T11:06:00Z,controller 1,1.73,5.438,0.9,0.9,0.0,305.47,38.23,8.9,10.11,3,On,1252.15,944.4
1789124820000000000,2026-09-11T11:07:00Z,controller 1,1.784,5.395,0.86,0.86,0.0,305.46,38.21,8.47,10.15,1,On,1227.62,963.84
1789124880000000000,2026-09-11T11:08:00Z,controller 1,1.775,5.521,0.85,0.85,0.0,305.46,38.2,8.56,9.93,1,Off,1217.61,981.2
1789124940000000000,2026-09-11T11:09:00Z,controller 1,1.784,5.486,0.88,0.88,0.0,305.46,38.19,8.15,10.8,3,Off,1204.81,1000.0
1789125000000000000,2026-09-11T11:10:00Z,controller 1,1.741,5.48,0.91,0.91,0.0,305.45,38.18,8.39,10.85,2,Off,1183.99,1000.0
1789125060000000000,2026-09-11T11:11:00Z,controller 1,1.735,5.488,0.88,0.88,0.0,305.45,38.16,7.98,11.03,1,Off,970.89,557.38
1789125120000000000,2026-09-11T11:12:00Z,controller 1,1.696,5.448,0.9,0.9,0.0,305.44,38.15,8.31,10.83,1,Off,950.53,582.82
1789125180000000000,2026-09-11T11:13:00Z,controller 1,1.706,5.469,0.9,0.9,0.0,305.44,38.14,7.88,11.42,3,Off,972.75,608.56
1789125240000000000,2026-09-11T11:14:00Z,controller 1,1.71,5.526,0.96,0.96,0.0,305.43,38.11,8.73,11.0,3,Off,953.92,629.1
1789125300000000000,2026-09-11T11:15:00Z,controller 1,1.698,5.508,0.94,0.94,0.0,305.43,38.1,7.9,11.9,2,Off,952.12,627.12
1789125360000000000,2026-09-11T11:16:00Z,controller 1,1.635,5.562,0.93,0.93,0.0,305.43,38.09,7.28,12.77,3,Off,996.82,628.4
1789125420000000000,2026-09-11T11:17:00Z,controller 1,1.671,5.585,0.85,0.85,0.0,305.42,38.06,8.45,10.06,3,Off,965.73,652.39
1789125480000000000,2026-09-11T11:18:00Z,controller 1,1.682,5.51,0.78,0.78,0.0,305.41,38.03,7.13,10.94,3,Off,1000.95,649.8
1789125540000000000,2026-09-11T11:19:00Z,controller 1,1.803,5.483,0.72,0.72,0.0,305.41,38.02,9.54,7.55,2,Off,1034.87,628.63
1789125600000000000,2026-09-11T11:20:00Z,controller 1,1.905,5.443,0.76,0.76,0.0,305.4,37.99,9.2,8.26,3,Off,1073.36,619.4
1789125660000000000,2026-09-11T11:21:00Z,controller 1,1.886,5.437,0.74,0.74,0.0,305.39,37.98,9.47,7.81,1,Off,1116.71,605.38
1789125720000000000,2026-09-11T11:22:00Z,controller 1,1.862,5.5,0.77,0.77,0.0,305.39,37.96,9.65,7.98,1,Off,1071.02,633.98
1789125780000000000,2026-09-11T11:23:00Z,controller 1,1.786,5.561,0.76,0.76,0.0,305.38,37.94,9.01,8.44,1,Off,1033.84,615.4
1789125840000000000,2026-09-11T11:24:00Z,controller 1,1.789,5.613,0.82,0.82,0.0,305.37,37.91,9.44,8.69,3,Off,529.58,305.71
1789125900000000000,2026-09-11T11:25:00Z,controller 1,1.771,5.695,0.88,0.88,0.0,305.37,37.89,9.73,9.04,3,Off,981.65,529.92
1789125960000000000,2026-09-11T11:26:00Z,controller 1,1.759,5.662,0.87,0.87,0.0,305.36,37.87,9.18,9.48,2,Off,983.09,503.9
1789126020000000000,2026-09-11T11:27:00Z,controller 1,1.843,5.699,0.83,0.83,0.0,305.36,37.85,9.34,8.89,2,Off,960.87,485.64
1789126080000000000,2026-09-11T11:28:00Z,controller 1,1.823,5.688,0.87,0.87,0.0,305.35,37.82,8.78,9.91,2,Off,994.82,462.01
1789126140000000000,2026-09-11T11:29:00Z,controller 1,1.811,5.723,0.89,0.89,0.0,305.34,37.8,9.3,9.57,1,Off,1004.62,475.61
1789126200000000000,2026-09-11T11:30:00Z,controller 1,1.818,5.67,0.95,0.95,0.0,305.33,37.78,9.9,9.6,1,Off,988.47,501.94
1789126260000000000,2026-09-11T11:31:00Z,controller 1,1.833,5.746,0.94,0.94,0.0,305.33,37.77,10.07,9.33,1,Off,1019.26,504.44
1789126320000000000,2026-09-11T11:32:00Z,controller 1,1.873,5.704,0.87,0.87,0.0,305.33,37.76,9.76,8.91,1,Off,1019.76,513.42
1789126380000000000,2026-09-11T11:33:00Z,controller 1,1.941,5.637,0.88,0.88,0.0,305.32,37.75,10.0,8.8,3,Off,1028.76,513.77
1789126440000000000,2026-09-11T11:34:00Z,controller 1,1.922,5.689,0.95,0.95,0.0,305.32,37.72,10.77,8.82,3,Off,1001.57,485.01
1789126500000000000,2026-09-11T11:35:00Z,controller 1,1.881,5.774,0.89,0.89,0.0,305.31,37.69,10.73,8.29,3,Off,983.02,499.52
1789126560000000000,2026-09-11T11:36:00Z,controller 1,1.863,5.753,0.91,0.91,0.0,305.3,37.67,9.56,9.52,1,Off,1018.53,508.51
1789126620000000000,2026-09-11T11:37:00Z,controller 1,1.885,5.768,0.9,0.9,0.0,305.3,37.66,10.55,8.53,1,Off,1380.29,475.99
1789126680000000000,2026-09-11T11:38:00Z,controller 1,1.877,5.806,0.92,0.92,0.0,305.3,37.65,10.09,9.12,2,Off,1413.66,463.44
1789126740000000000,2026-09-11T11:39:00Z,controller 1,1.911,5.793,0.9,0.9,0.0,305.29,37.62,10.84,8.3,2,Off,1393.38,490.55
1789126800000000000,2026-09-11T11:40:00Z,controller 1,1.851,5.873,0.87,0.87,0.0,305.28,37.61,9.15,9.51,3,Off,1409.27,476.11
1789126860000000000,2026-09-11T11:41:00Z,controller 1,1.844,5.855,0.84,0.84,0.0,305.28,37.6,10.05,8.36,2,Off,1373.6,472.61
1789126920000000000,2026-09-11T11:42:00Z,controller 1,1.852,5.866,0.77,0.77,0.0,305.27,37.57,9.87,7.8,2,Off,1400.95,479.33
1789126980000000000,2026-09-11T11:43:00Z,controller 1,1.885,5.842,0.8,0.8,0.0,305.27,37.56,9.43,8.48,3,Off,1395.22,477.03
1789127040000000000,2026-09-11T11:44:00Z,controller 1,1.936,5.848,0.81,0.81,0.0,305.26,37.55,10.03,8.08,2,Off,1416.62,493.73
1789127100000000000,2026-09-11T11:45:00Z,controller 1,1.922,5.851,0.84,0.84,0.0,305.26,37.54,10.32,8.14,2,Off,1459.56,475.15
1789127160000000000,2026-09-11T11:46:00Z,controller 1,1.928,5.874,0.83,0.83,0.0,305.26,37.53,11.25,7.38,3,Off,1443.05,484.32
1789127220000000000,2026-09-11T11:47:00Z,controller 1,1.838,5.811,0.81,0.81,0.0,305.25,37.51,10.77,7.52,3,Off,1479.51,466.78
1789127280000000000,2026-09-11T11:48:00Z,controller 1,1.682,5.755,0.81,0.81,0.0,305.24,37.48,8.52,9.51,2,Off,1482.18,460.69
1789127340000000000,2026-09-11T11:49:00Z,controller 1,1.728,5.693,0.79,0.79,0.0,305.24,37.46,8.99,8.79,2,Off,1435.85,490.38
1789127400000000000,2026-09-11T11:50:00Z,controller 1,1.717,5.73,0.78,0.78,0.0,305.24,37.45,9.03,8.64,3,Off,1451.43,460.84
1789127460000000000,2026-09-11T11:51:00Z,controller 1,1.774,5.716,0.75,0.75,0.0,305.23,37.44,9.04,8.3,3,Off,1485.52,479.84
1789127520000000000,2026-09-11T11:52:00Z,controller 1,1.817,5.719,0.73,0.73,0.0,305.23,37.42,9.92,7.36,1,Off,1479.14,501.18
1789127580000000000,2026-09-11T11:53:00Z,controller 1,1.839,5.719,0.79,0.79,0.0,305.22,37.39,9.22,8.57,2,Off,1500.0,522.25
1789127640000000000,2026-09-11T11:54:00Z,controller 1,1.796,5.667,0.86,0.86,0.0,305.22,37.39,9.65,8.91,1,Off,1500.0,499.76
1789127700000000000,2026-09-11T11:55:00Z,controller 1,1.895,5.63,0.82,0.82,0.0,305.21,37.38,10.84,7.56,1,Off,1500.0,529.24
1789127760000000000,2026-09-11T11:56:00Z,controller 1,1.909,5.674,0.75,0.75,0.0,305.2,37.35,10.66,7.04,3,Off,1500.0,547.24
1789127820000000000,2026-09-11T11:57:00Z,controller 1,1.898,5.684,0.75,0.75,0.0,305.2,37.32,9.23,8.13,3,Off,1500.0,518.44
1789127880000000000,2026-09-11T11:58:00Z,controller 1,1.911,5.734,0.81,0.81,0.0,305.2,37.32,10.48,7.73,2,Off,1500.0,517.66
1789127940000000000,2026-09-11T11:59:00Z,controller 1,1.935,5.775,0.83,0.83,0.0,305.19,37.3,10.05,8.26,3,Off,1500.0,498.61
1789128000000000000,2026-09-11T12:00:00Z,controller 1,1.881,5.77,0.83,0.83,0.0,305.19,37.29,9.87,8.41,3,Off,1500.0,497.87
1789128060000000000,2026-09-11T12:01:00Z,controller 1,1.82,5.72,0.79,0.79,0.0,305.18,37.25,9.42,8.39,1,Off,1500.0,508.02
1789128120000000000,2026-09-11T12:02:00Z,controller 1,1.75,5.671,0.76,0.76,0.0,305.17,37.23,7.84,9.69,2,Off,1477.49,482.62
1789128180000000000,2026-09-11T12:03:00Z,controller 1,1.794,5.689,0.74,0.74,0.0,305.16,37.2,8.39,8.82,1,Off,1446.18,457.61
1789128240000000000,2026-09-11T12:04:00Z,controller 1,1.788,5.637,0.79,0.79,0.0,305.15,37.18,8.31,9.51,2,Off,1468.24,444.79
1789128300000000000,2026-09-11T12:05:00Z,controller 1,1.753,5.694,0.86,0.86,0.0,305.15,37.17,9.35,9.2,2,Off,1432.88,463.91
1789128360000000000,2026-09-11T12:06:00Z,controller 1,1.683,5.756,0.81,0.81,0.0,305.14,37.15,7.85,10.32,2,Off,1427.97,452.74
1789128420000000000,2026-09-11T12:07:00Z,controller 1,1.657,5.686,0.82,0.82,0.0,305.13,37.11,7.79,10.53,2,Off,1461.71,456.6
1789128480000000000,2026-09-11T12:08:00Z,controller 1,1.626,5.761,0.82,0.82,0.0,305.13,37.09,7.05,11.63,3,Off,1482.88,451.06
1789128540000000000,2026-09-11T12:09:00Z,controller 1,1.677,5.717,0.81,0.81,0.0,305.12,37.05,8.74,9.27,2,Off,1499.45,457.7
1789128600000000000,2026-09-11T12:10:00Z,controller 1,1.612,5.803,0.85,0.85,0.0,305.11,37.04,6.87,12.37,3,Off,1500.0,430.42
1789128660000000000,2026-09-11T12:11:00Z,controller 1,1.658,5.734,0.85,0.85,0.0,305.11,37.04,8.16,10.42,2,Off,1500.0,431.47
1789128720000000000,2026-09-11T12:12:00Z,controller 1,1.678,5.783,0.79,0.79,0.0,305.11,37.03,8.56,9.23,3,Off,1500.0,419.46
1789128780000000000,2026-09-11T12:13:00Z,controller 1,1.635,5.78,0.82,0.82,0.0,305.11,37.02,7.24,11.33,1,Off,1500.0,438.79
1789128840000000000,2026-09-11T12:14:00Z,controller 1,1.582,5.737,0.78,0.78,0.0,305.1,37.01,7.41,10.53,1,Off,1500.0,444.76
1789128900000000000,2026-09-11T12:15:00Z,controller 1,1.54,5.75,0.8,0.8,0.0,305.1,37.0,6.89,11.61,2,Off,1500.0,432.93
1789128960000000000,2026-09-11T12:16:00Z,controller 1,1.464,5.74,0.73,0.73,0.0,305.1,36.99,6.51,11.21,3,Off,1500.0,425.34
1789129020000000000,2026-09-11T12:17:00Z,controller 1,1.375,5.744,0.66,0.66,0.0,305.09,36.96,5.55,11.89,1,Off,1500.0,397.72
1789129080000000000,2026-09-11T12:18:00Z,controller 1,1.341,5.841,0.62,0.62,0.0,305.08,36.95,5.7,10.88,3,Off,1500.0,385.9
1789129140000000000,2026-09-11T12:19:00Z,controller 1,1.291,5.847,0.57,0.57,0.0,305.08,36.92,5.34,10.67,1,Off,1500.0,383.02
1789129200000000000,2026-09-11T12:20:00Z,controller 1,1.269,5.854,0.51,0.51,0.0,305.07,36.9,4.36,11.7,3,Off,1500.0,410.24
1789129260000000000,2026-09-11T12:21:00Z,controller 1,1.251,5.798,0.53,0.53,0.0,305.06,36.88,4.91,10.79,1,Off,1500.0,385.83
1789129320000000000,2026-09-11T12:22:00Z,controller 1,1.275,5.794,0.53,0.53,0.0,305.06,36.86,4.55,11.65,2,Off,1492.46,396.06
1789129380000000000,2026-09-11T12:23:00Z,controller 1,1.303,5.834,0.5,0.5,0.0,305.05,36.83,4.95,10.1,1,Off,1500.0,409.66
1789129440000000000,2026-09-11T12:24:00Z,controller 1,1.294,5.877,0.53,0.53,0.0,305.05,36.82,4.55,11.65,3,Off,1500.0,420.78
1789129500000000000,2026-09-11T12:25:00Z,controller 1,1.262,5.81,0.54,0.54,0.0,305.04,36.8,4.35,12.41,1,Off,1500.0,448.15
1789129560000000000,2026-09-11T12:26:00Z,controller 1,1.28,5.772,0.54,0.54,0.0,305.03,36.77,5.06,10.67,2,Off,1500.0,434.16
1789129620000000000,2026-09-11T12:27:00Z,controller 1,1.272,5.766,0.55,0.55,0.0,305.02,36.74,4.86,11.32,3,Off,1500.0,405.06
1789129680000000000,2026-09-11T12:28:00Z,controller 1,1.282,5.822,0.59,0.59,0.0,305.01,36.71,5.03,11.73,3,Off,1481.06,378.64
1789129740000000000,2026-09-11T12:29:00Z,controller 1,1.281,5.837,0.54,0.54,0.0,305.01,36.69,4.85,11.13,2,Off,1436.15,384.13
1789129800000000000,2026-09-11T12:30:00Z,free response,1.297,5.852,146.81,146.81,0.0,305.0,36.68,4.69,3130.28,3,Off,1454.68,365.1
1789129860000000000,2026-09-11T12:31:00Z,free response,1.311,5.905,149.66,149.66,0.0,305.0,36.65,4.57,3274.84,1,Off,1482.07,343.76
1789129920000000000,2026-09-11T12:32:00Z,free response,1.322,5.894,149.51,149.51,0.0,304.99,36.63,4.87,3070.02,1,Off,1464.03,322.11
1789129980000000000,2026-09-11T12:33:00Z,free response,1.351,5.841,137.63,137.63,0.0,304.99,36.63,5.07,2714.6,1,Off,1465.14,351.12
1789130040000000000,2026-09-11T12:34:00Z,free response,1.458,5.925,144.4,144.4,0.0,304.98,36.61,6.02,2398.67,3,Off,1431.86,368.87
1789130100000000000,2026-09-11T12:35:00Z,free response,1.469,5.952,148.65,148.65,0.0,304.97,36.58,5.94,2502.53,2,Off,1428.24,392.65
1789130160000000000,2026-09-11T12:36:00Z,free response,1.498,5.988,160.99,160.99,0.0,304.97,36.57,6.94,2319.74,3,Off,1423.54,365.9
1789130220000000000,2026-09-11T12:37:00Z,free response,1.47,5.963,158.65,158.65,0.0,304.97,36.56,6.66,2382.13,1,Off,1426.34,336.85
1789130280000000000,2026-09-11T12:38:00Z,free response,1.458,5.936,154.65,154.65,0.0,304.96,36.55,6.39,2420.19,2,Off,1473.96,335.36
1789130340000000000,2026-09-11T12:39:00Z,free response,1.508,5.904,148.99,148.99,0.0,304.96,36.53,6.73,2213.82,3,Off,1451.78,340.96
1789130400000000000,2026-09-11T12:40:00Z,free response,1.493,5.899,154.33,154.33,0.0,304.95,36.51,6.76,2282.99,1,Off,1486.96,344.03
1789130460000000000,2026-09-11T12:41:00Z,free response,1.474,5.924,154.39,154.39,0.0,304.94,36.48,6.33,2439.02,2,Off,1498.1,361.33
1789130520000000000,2026-09-11T12:42:00Z,free response,1.458,5.86,164.21,164.21,0.0,304.94,36.45,6.74,2436.35,3,Off,1500.0,334.67
1789130580000000000,2026-09-11T12:43:00Z,free response,1.459,5.854,156.16,156.16,0.0,304.93,36.43,6.17,2530.96,1,Off,1500.0,335.42
1789130640000000000,2026-09-11T12:44:00Z,free response,1.435,5.854,170.86,170.86,0.0,304.92,36.41,6.31,2707.77,1,Off,1492.26,344.82
1789130700000000000,2026-09-11T12:45:00Z,free response,1.453,5.873,185.47,185.47,0.0,304.92,36.4,6.47,2866.62,1,Off,1454.82,372.03
1789130760000000000,2026-09-11T12:46:00Z,free response,1.37,5.918,202.44,202.44,0.0,304.91,36.38,5.91,3425.38,2,Off,619.38,956.59
1789130820000000000,2026-09-11T12:47:00Z,free response,1.422,5.893,189.27,189.27,0.0,304.91,36.36,5.83,3246.48,1,Off,576.32,947.16
1789130880000000000,2026-09-11T12:48:00Z,free response,1.448,5.834,195.35,195.35,0.0,304.9,36.34,6.09,3207.72,2,Off,726.4,831.03
1789130940000000000,2026-09-11T12:49:00Z,free response,1.488,5.801,179.17,179.17,0.0,304.89,36.3,6.49,2760.71,3,Off,740.95,829.98
1789131000000000000,2026-09-11T12:50:00Z,free response,1.507,5.803,162.76,162.76,0.0,304.89,36.29,6.79,2397.05,1,Off,704.17,830.43
1789131060000000000,2026-09-11T12:51:00Z,free response,1.637,5.75,170.24,170.24,0.0,304.88,36.28,6.97,2442.47,1,Off,731.95,823.6
1789131120000000000,2026-09-11T12:52:00Z,free response,1.633,5.71,172.39,172.39,0.0,304.88,36.25,7.03,2452.2,2,Off,730.9,834.4
1789131180000000000,2026-09-11T12:53:00Z,free response,1.634,5.72,168.53,168.53,0.0,304.87,36.22,8.38,2011.1,1,Off,736.73,823.17
1789131240000000000,2026-09-11T12:54:00Z,free response,1.6,5.733,176.23,176.23,0.0,304.86,36.2,6.95,2535.68,2,Off,700.65,819.62
1789131300000000000,2026-09-11T12:55:00Z,free response,1.611,5.751,166.47,166.47,0.0,304.85,36.18,7.49,2222.56,3,Off,652.26,819.48
1789131360000000000,2026-09-11T12:56:00Z,free response,1.656,5.818,173.46,173.46,0.0,304.85,36.17,8.09,2144.13,1,Off,635.76,816.6
1789131420000000000,2026-09-11T12:57:00Z,free response,1.594,5.877,190.75,190.75,0.0,304.85,36.15,7.6,2509.87,1,Off,648.02,787.05
1789131480000000000,2026-09-11T12:58:00Z,free response,1.574,5.795,177.39,177.39,0.0,304.84,36.14,7.27,2440.03,1,Off,627.42,804.79
1789131540000000000,2026-09-11T12:59:00Z,free response,1.505,5.879,177.5,177.5,0.0,304.84,36.13,6.0,2958.33,2,Off,657.77,797.36
1789131600000000000,2026-09-11T13:00:00Z,free response,1.62,5.888,176.19,176.19,0.0,304.83,36.11,7.12,2474.58,2,Off,631.34,801.54
1789131660000000000,2026-09-11T13:01:00Z,free response,1.597,5.819,167.94,167.94,0.0,304.83,36.1,7.57,2218.49,1,Off,679.95,777.38
1789131720000000000,2026-09-11T13:02:00Z,free response,1.547,5.842,160.06,160.06,0.0,304.82,36.07,6.51,2458.68,1,Off,694.2,749.79
1789131780000000000,2026-09-11T13:03:00Z,free response,1.557,5.863,148.8,148.8,0.0,304.82,36.06,7.3,2038.36,1,Off,694.17,755.28
1789131840000000000,2026-09-11T13:04:00Z,free response,1.586,5.927,136.9,136.9,0.0,304.81,36.03,7.74,1768.73,2,Off,738.14,776.56
1789131900000000000,2026-09-11T13:05:00Z,free response,1.599,5.981,148.76,148.76,0.0,304.8,36.01,7.22,2060.39,3,Off,744.18,787.59
1789131960000000000,2026-09-11T13:06:00Z,free response,1.644,6.075,155.08,155.08,0.0,304.8,35.99,8.12,1909.85,2,Off,709.04,773.34
1789132020000000000,2026-09-11T13:07:00Z,free response,1.647,6.119,141.01,141.01,0.0,304.79,35.95,8.6,1639.65,2,Off,709.93,746.92
1789132080000000000,2026-09-11T13:08:00Z,free response,1.658,6.04,138.69,138.69,0.0,304.78,35.93,8.43,1645.2,1,Off,1075.09,301.38
1789132140000000000,2026-09-11T13:09:00Z,free response,1.605,5.994,151.75,151.75,0.0,304.77,35.91,7.34,2067.44,2,Off,1085.83,320.49
1789132200000000000,2026-09-11T13:10:00Z,free response,1.605,6.046,140.02,140.02,0.0,304.77,35.89,7.33,1910.23,1,Off,1038.88,312.49
1789132260000000000,2026-09-11T13:11:00Z,free response,1.607,6.106,141.2,141.2,0.0,304.76,35.87,7.22,1955.68,1,Off,1006.82,309.85
1789132320000000000,2026-09-11T13:12:00Z,free response,1.608,6.061,148.06,148.06,0.0,304.75,35.84,8.48,1745.99,2,Off,981.25,330.49
1789132380000000000,2026-09-11T13:13:00Z,free response,1.665,6.116,146.24,146.24,0.0,304.74,35.81,9.1,1607.03,1,Off,935.0,304.67
1789132440000000000,2026-09-11T13:14:00Z,free response,1.649,6.103,145.64,145.64,0.0,304.73,35.78,8.82,1651.25,1,Off,947.65,296.86
1789132500000000000,2026-09-11T13:15:00Z,free response,1.62,6.207,157.35,157.35,0.0,304.73,35.75,8.22,1914.23,2,Off,957.81,300.92
1789132560000000000,2026-09-11T13:16:00Z,free response,1.684,6.2,150.27,150.27,0.0,304.72,35.72,8.55,1757.54,1,Off,985.54,289.58
1789132620000000000,2026-09-11T13:17:00Z,free response,1.708,6.174,161.36,161.36,0.0,304.71,35.7,8.65,1865.43,3,Off,998.68,291.34
1789132680000000000,2026-09-11T13:18:00Z,free response,1.686,6.201,152.3,152.3,0.0,304.71,35.69,8.93,1705.49,2,Off,951.01,313.83
1789132740000000000,2026-09-11T13:19:00Z,free response,1.729,6.229,146.52,146.52,0.0,304.7,35.68,8.59,1705.7,3,Off,956.81,340.86
1789132800000000000,2026-09-11T13:20:00Z,free response,1.693,6.257,157.41,157.41,0.0,304.7,35.67,8.91,1766.67,1,Off,937.77,314.02
1789132860000000000,2026-09-11T13:21:00Z,free response,1.716,6.256,153.31,153.31,0.0,304.69,35.64,10.13,1513.43,3,Off,968.47,330.33
1789132920000000000,2026-09-11T13:22:00Z,free response,1.761,6.302,163.98,163.98,0.0,304.69,35.62,10.27,1596.69,3,Off,962.85,311.17
1789132980000000000,2026-09-11T13:23:00Z,free response,1.763,6.338,161.42,161.42,0.0,304.68,35.6,10.42,1549.14,1,Off,944.85,326.73
1789133040000000000,2026-09-11T13:24:00Z,free response,1.788,6.37,176.72,176.72,0.0,304.68,35.59,10.37,1704.15,2,Off,923.52,320.55
1789133100000000000,2026-09-11T13:25:00Z,free response,1.758,6.399,172.17,172.17,0.0,304.67,35.58,9.63,1787.85,3,Off,900.76,331.34
1789133160000000000,2026-09-11T13:26:00Z,free response,1.801,6.28,164.1,164.1,0.0,304.67,35.55,10.69,1535.08,2,Off,949.82,324.0
1789133220000000000,2026-09-11T13:27:00Z,free response,1.712,6.188,167.85,167.85,0.0,304.66,35.53,8.55,1963.16,2,Off,908.78,327.67
1789133280000000000,2026-09-11T13:28:00Z,free response,1.678,6.075,158.72,158.72,0.0,304.65,35.51,9.07,1749.94,1,Off,895.38,340.2
1789133340000000000,2026-09-11T13:29:00Z,free response,1.668,6.122,160.76,160.76,0.0,304.64,35.48,8.98,1790.2,1,Off,873.26,318.91
1789133400000000000,2026-09-11T13:30:00Z,free response,1.631,6.134,173.68,173.68,0.0,304.64,35.46,7.34,2366.21,3,Off,880.18,343.56
1789133460000000000,2026-09-11T13:31:00Z,free response,1.684,6.106,161.93,161.93,0.0,304.63,35.43,7.87,2057.56,1,Off,915.79,358.47
1789133520000000000,2026-09-11T13:32:00Z,free response,1.705,6.082,146.47,146.47,0.0,304.62,35.4,8.59,1705.12,1,Off,941.25,369.96
1789133580000000000,2026-09-11T13:33:00Z,free response,1.717,6.022,133.95,133.95,0.0,304.62,35.4,8.88,1508.45,3,Off,933.93,372.36
1789133640000000000,2026-09-11T13:34:00Z,free response,1.646,6.012,144.22,144.22,0.0,304.61,35.37,7.72,1868.13,2,Off,898.95,358.18
1789133700000000000,2026-09-11T13:35:00Z,free response,1.624,6.018,138.63,138.63,0.0,304.6,35.34,7.6,1824.08,3,Off,913.44,387.03
1789133760000000000,2026-09-11T13:36:00Z,free response,1.588,6.043,142.3,142.3,0.0,304.6,35.33,8.37,1700.12,3,Off,882.93,399.44
1789133820000000000,2026-09-11T13:37:00Z,free response,1.559,6.116,146.19,146.19,0.0,304.6,35.32,8.14,1795.95,2,Off,926.04,428.01
1789133880000000000,2026-09-11T13:38:00Z,free response,1.591,6.084,135.71,135.71,0.0,304.58,35.28,7.86,1726.59,2,Off,1476.54,723.18
1789133940000000000,2026-09-11T13:39:00Z,free response,1.615,6.135,126.32,126.32,0.0,304.57,35.25,8.14,1551.84,1,Off,1453.57,736.03
1789134000000000000,2026-09-11T13:40:00Z,free response,1.669,6.123,134.38,134.38,0.0,304.57,35.24,9.29,1446.5,3,Off,1495.1,739.13
1789134060000000000,2026-09-11T13:41:00Z,free response,1.647,6.051,125.57,125.57,0.0,304.57,35.23,7.63,1645.74,1,Off,1464.69,722.76
1789134120000000000,2026-09-11T13:42:00Z,free response,1.698,6.146,134.74,134.74,0.0,304.56,35.21,9.16,1470.96,3,Off,1481.4,741.51
1789134180000000000,2026-09-11T13:43:00Z,free response,1.7,6.242,122.22,122.22,0.0,304.55,35.18,9.87,1238.3,2,Off,1489.3,765.44
1789134240000000000,2026-09-11T13:44:00Z,free response,1.693,6.216,122.58,122.58,0.0,304.55,35.16,8.47,1447.23,2,Off,1488.68,767.1
1789134300000000000,2026-09-11T13:45:00Z,free response,1.681,6.287,128.47,128.47,0.0,304.55,35.16,9.74,1318.99,2,Off,1486.16,763.4
1789134360000000000,2026-09-11T13:46:00Z,free response,1.703,6.301,124.34,124.34,0.0,304.54,35.12,8.92,1393.95,3,Off,1500.0,766.36
1789134420000000000,2026-09-11T13:47:00Z,free response,1.651,6.338,131.13,131.13,0.0,304.53,35.1,8.35,1570.42,2,Off,1500.0,766.39
1789134480000000000,2026-09-11T13:48:00Z,free response,1.656,6.211,141.14,141.14,0.0,304.52,35.08,8.6,1641.16,1,Off,1500.0,759.3
1789134540000000000,2026-09-11T13:49:00Z,free response,1.739,6.28,137.46,137.46,0.0,304.52,35.07,10.05,1367.76,3,Off,1500.0,770.04
1789134600000000000,2026-09-11T13:50:00Z,free response,1.769,6.241,151.05,151.05,0.0,304.52,35.06,10.2,1480.88,1,Off,1500.0,785.79
1789134660000000000,2026-09-11T13:51:00Z,free response,1.68,6.262,139.09,139.09,0.0,304.51,35.04,8.86,1569.86,1,Off,1500.0,763.73
1789134720000000000,2026-09-11T13:52:00Z,free response,1.714,6.242,128.28,128.28,0.0,304.5,35.01,8.62,1488.17,2,Off,1500.0,784.89
1789134780000000000,2026-09-11T13:53:00Z,free response,1.732,6.334,139.33,139.33,0.0,304.53,35.09,10.38,1342.29,3,Off,1500.0,754.94
1789134840000000000,2026-09-11T13:54:00Z,free response,1.677,6.26,143.35,143.35,0.0,304.55,35.16,8.48,1690.45,2,On,1420.8,442.83
1789134900000000000,2026-09-11T13:55:00Z,free response,1.675,6.293,143.39,143.39,0.0,304.57,35.23,8.31,1725.51,1,On,1466.13,456.26
1789134960000000000,2026-09-11T13:56:00Z,free response,1.626,6.241,129.79,129.79,0.0,304.6,35.32,8.16,1590.56,3,On,1421.86,432.33
1789135020000000000,2026-09-11T13:57:00Z,free response,1.656,6.328,135.88,135.88,0.0,304.61,35.37,7.84,1733.16,3,On,1429.13,454.18
1789135080000000000,2026-09-11T13:58:00Z,free response,1.686,6.394,145.06,145.06,0.0,304.63,35.43,8.6,1686.74,3,On,1392.37,440.45
1789135140000000000,2026-09-11T13:59:00Z,free response,1.696,6.304,153.53,153.53,0.0,304.65,35.49,9.3,1650.86,3,On,1390.9,465.59
1789135200000000000,2026-09-11T14:00:00Z,free response,1.691,6.411,166.26,166.26,0.0,304.66,35.54,8.74,1902.29,3,On,1350.28,462.64
1789135260000000000,2026-09-11T14:01:00Z,free response,1.695,6.46,153.71,153.71,0.0,304.67,35.57,9.72,1581.38,1,On,1350.5,434.02
1789135320000000000,2026-09-11T14:02:00Z,free response,1.684,6.476,145.93,145.93,0.0,304.68,35.61,8.6,1696.86,2,On,1318.25,439.73
1789135380000000000,2026-09-11T14:03:00Z,free response,1.731,6.474,158.54,158.54,0.0,304.69,35.65,9.88,1604.66,2,On,1320.06,415.5
1789135440000000000,2026-09-11T14:04:00Z,free response,1.682,6.465,142.9,142.9,0.0,304.72,35.72,9.59,1490.09,2,On,1332.12,437.17
1789135500000000000,2026-09-11T14:05:00Z,free response,1.675,6.546,142.69,142.69,0.0,304.74,35.8,8.75,1630.74,3,On,1342.38,418.0
1789135560000000000,2026-09-11T14:06:00Z,free response,1.649,6.582,141.56,141.56,0.0,304.76,35.87,8.94,1583.45,3,On,1328.61,422.97
1789135620000000000,2026-09-11T14:07:00Z,free response,1.603,6.591,138.71,138.71,0.0,304.79,35.95,8.58,1616.67,3,On,1303.05,404.43
1789135680000000000,2026-09-11T14:08:00Z,free response,1.672,6.542,147.05,147.05,0.0,304.81,36.04,9.68,1519.11,2,On,1269.4,390.08
1789135740000000000,2026-09-11T14:09:00Z,free response,1.683,6.505,153.57,153.57,0.0,304.84,36.12,8.89,1727.45,3,On,1291.2,374.09
1789135800000000000,2026-09-11T14:10:00Z,free response,1.706,6.43,161.53,161.53,0.0,304.86,36.19,9.22,1751.95,3,On,1261.11,401.66
1789135860000000000,2026-09-11T14:11:00Z,free response,1.756,6.457,158.67,158.67,0.0,304.87,36.23,9.61,1651.09,3,On,1263.48,428.26
1789135920000000000,2026-09-11T14:12:00Z,free response,1.735,6.451,168.83,168.83,0.0,304.88,36.26,9.52,1773.42,3,On,1303.0,564.03
1789135980000000000,2026-09-11T14:13:00Z,free response,1.717,6.363,155.72,155.72,0.0,304.9,36.34,8.73,1783.73,2,On,1261.63,571.51
1789136040000000000,2026-09-11T14:14:00Z,free response,1.759,6.32,162.0,162.0,0.0,304.91,36.38,8.92,1816.14,1,On,1240.31,597.31
1789136100000000000,2026-09-11T14:15:00Z,free response,1.796,6.402,151.88,151.88,0.0,304.94,36.47,10.6,1432.83,1,On,1238.07,619.85
1789136160000000000,2026-09-11T14:16:00Z,free response,1.859,6.362,141.03,141.03,0.0,304.96,36.54,10.56,1335.51,3,On,1260.4,629.01
1789136220000000000,2026-09-11T14:17:00Z,free response,1.795,6.386,152.2,152.2,0.0,304.97,36.57,11.29,1348.1,1,On,1281.75,654.79
1789136280000000000,2026-09-11T14:18:00Z,free response,1.861,6.419,150.26,150.26,0.0,305.0,36.66,10.32,1456.01,1,On,1291.7,664.83
1789136340000000000,2026-09-11T14:19:00Z,free response,1.846,6.37,155.5,155.5,0.0,305.01,36.7,10.79,1441.15,2,On,1280.57,655.28
1789136400000000000,2026-09-11T14:20:00Z,free response,1.838,6.428,143.84,143.84,0.0,305.04,36.79,10.94,1314.81,3,On,1232.35,632.12
1789136460000000000,2026-09-11T14:21:00Z,free response,1.84,6.341,145.43,145.43,0.0,305.06,36.85,10.02,1451.4,3,On,1258.78,656.05
1789136520000000000,2026-09-11T14:22:00Z,free response,1.899,6.332,142.97,142.97,0.0,305.08,36.92,10.92,1309.25,3,On,1225.76,685.09
1789136580000000000,2026-09-11T14:23:00Z,free response,1.985,6.352,152.8,152.8,0.0,305.09,36.97,13.16,1161.09,2,On,1454.94,754.26
1789136640000000000,2026-09-11T14:24:00Z,free response,1.964,6.256,139.79,139.79,0.0,305.11,37.04,11.44,1221.94,3,On,1420.41,761.83
1789136700000000000,2026-09-11T14:25:00Z,free response,1.939,6.296,132.49,132.49,0.0,305.13,37.09,12.36,1071.93,2,On,1466.34,757.89
1789136760000000000,2026-09-11T14:26:00Z,free response,1.874,6.423,129.85,129.85,0.0,305.14,37.13,11.2,1159.38,2,On,1492.59,784.7
1789136820000000000,2026-09-11T14:27:00Z,free response,1.964,6.422,138.16,138.16,0.0,305.15,37.18,13.15,1050.65,3,On,1493.2,798.33
1789136880000000000,2026-09-11T14:28:00Z,free response,1.933,6.479,129.37,129.37,0.0,305.18,37.25,11.24,1150.98,2,On,1444.81,822.05
1789136940000000000,2026-09-11T14:29:00Z,free response,1.982,6.566,129.23,129.23,0.0,305.2,37.34,13.75,939.85,3,On,1435.08,811.43
1789137000000000000,2026-09-11T14:30:00Z,free response,2.015,6.563,126.57,126.57,0.0,305.21,37.36,12.74,993.49,2,On,1452.75,822.23
1789137060000000000,2026-09-11T14:31:00Z,free response,2.09,6.593,115.82,115.82,0.0,305.23,37.44,13.54,855.39,1,On,1446.27,821.46
1789137120000000000,2026-09-11T14:32:00Z,free response,2.107,6.623,111.91,111.91,0.0,305.25,37.49,15.69,713.26,2,On,1427.61,830.73
1789137180000000000,2026-09-11T14:33:00Z,free response,2.124,6.583,107.07,107.07,0.0,305.26,37.53,15.42,694.36,3,On,1450.76,848.09
1789137240000000000,2026-09-11T14:34:00Z,free response,2.076,6.579,98.02,98.02,0.0,305.27,37.57,12.99,754.58,2,On,1406.56,819.17
1789137300000000000,2026-09-11T14:35:00Z,free response,2.079,6.478,89.01,89.01,0.0,305.3,37.65,13.2,674.32,1,On,1438.45,796.22
1789137360000000000,2026-09-11T14:36:00Z,free response,2.029,6.491,80.17,80.17,0.0,305.31,37.71,14.01,572.23,2,On,1410.77,807.4
1789137420000000000,2026-09-11T14:37:00Z,free response,2.056,6.421,81.53,81.53,0.0,305.33,37.78,12.49,652.76,1,On,1376.47,814.45
1789137480000000000,2026-09-11T14:38:00Z,free response,2.018,6.449,74.44,74.44,0.0,305.35,37.83,14.21,523.86,3,On,1367.21,821.17
1789137540000000000,2026-09-11T14:39:00Z,free response,2.01,6.488,72.73,72.73,0.0,305.36,37.88,13.48,539.54,3,On,1345.1,806.95
1789137600000000000,2026-09-11T14:40:00Z,free response,2.031,6.55,72.28,72.28,0.0,305.39,37.96,14.23,507.94,1,On,1343.3,823.56
1789137660000000000,2026-09-11T14:41:00Z,free response,2.099,6.496,65.21,65.21,0.0,305.42,38.05,13.23,492.89,3,On,1374.96,807.94
1789137720000000000,2026-09-11T14:42:00Z,free response,2.074,6.386,61.13,61.13,0.0,305.44,38.13,14.97,408.35,2,On,1400.62,780.08
1789137780000000000,2026-09-11T14:43:00Z,free response,2.078,6.377,63.49,63.49,0.0,305.45,38.18,15.14,419.35,2,On,1425.57,763.67
1789137840000000000,2026-09-11T14:44:00Z,free response,2.047,6.389,64.62,64.62,0.0,305.47,38.22,13.34,484.41,2,On,1412.74,776.25
1789137900000000000,2026-09-11T14:45:00Z,free response,2.053,6.321,59.59,59.59,0.0,305.48,38.27,13.73,434.01,1,On,1363.36,781.04
1789137960000000000,2026-09-11T14:46:00Z,free response,2.016,6.333,56.2,56.2,0.0,305.5,38.32,13.55,414.76,3,On,1410.48,779.91
1789138020000000000,2026-09-11T14:47:00Z,free response,2.011,6.256,50.66,50.66,0.0,305.52,38.4,11.4,444.39,2,On,1395.83,801.51
1789138080000000000,2026-09-11T14:48:00Z,free response,2.011,6.215,46.09,46.09,0.0,305.54,38.47,11.62,396.64,1,On,1398.76,788.34
1789138140000000000,2026-09-11T14:49:00Z,free response,1.964,6.198,45.08,45.08,0.0,305.55,38.5,11.45,393.71,3,On,1365.93,767.9
1789138200000000000,2026-09-11T14:50:00Z,free response,1.919,6.189,44.87,44.87,0.0,305.57,38.56,12.47,359.82,2,On,1381.99,769.99
1789138260000000000,2026-09-11T14:51:00Z,free response,1.91,6.266,45.21,45.21,0.0,305.59,38.64,11.26,401.51,3,On,1382.78,757.86
1789138320000000000,2026-09-11T14:52:00Z,free response,1.984,6.236,47.36,47.36,0.0,305.6,38.68,13.15,360.15,1,On,879.39,571.74
1789138380000000000,2026-09-11T14:53:00Z,free response,2.041,6.234,43.65,43.65,0.0,305.63,38.76,13.96,312.68,2,On,880.48,581.03
1789138440000000000,2026-09-11T14:54:00Z,free response,2.051,6.246,41.16,41.16,0.0,305.65,38.85,13.7,300.44,3,On,875.84,552.74
1789138500000000000,2026-09-11T14:55:00Z,free response,2.021,6.195,41.52,41.52,0.0,305.68,38.93,12.79,324.63,1,On,923.98,572.12
1789138560000000000,2026-09-11T14:56:00Z,free response,2.1,6.266,44.81,44.81,0.0,305.69,38.98,14.67,305.45,1,On,969.4,551.35
1789138620000000000,2026-09-11T14:57:00Z,free response,2.059,6.36,43.91,43.91,0.0,305.71,39.05,12.52,350.72,1,On,944.19,534.75
1789138680000000000,2026-09-11T14:58:00Z,free response,2.043,6.294,39.55,39.55,0.0,305.73,39.1,13.59,291.02,3,On,916.74,562.11
1789138740000000000,2026-09-11T14:59:00Z,free response,2.171,6.438,37.25,37.25,0.0,305.76,39.19,14.38,259.04,1,On,943.08,545.72
1789138800000000000,2026-09-11T15:00:00Z,free response,2.233,6.394,34.02,34.02,0.0,305.77,39.24,15.54,218.92,1,On,975.48,547.14
1789138860000000000,2026-09-11T15:01:00Z,free response,2.141,6.366,35.72,35.72,0.0,305.79,39.3,13.52,264.2,1,On,945.95,564.93
1789138920000000000,2026-09-11T15:02:00Z,free response,2.114,6.368,36.23,36.23,0.0,305.8,39.34,14.26,254.07,3,On,964.67,542.19
1789138980000000000,2026-09-11T15:03:00Z,free response,2.19,6.4,37.1,37.1,0.0,305.83,39.43,15.7,236.31,3,On,953.28,541.59
1789139040000000000,2026-09-11T15:04:00Z,free response,2.269,6.367,38.55,38.55,0.0,305.84,39.48,17.53,219.91,3,On,948.42,521.3
1789139100000000000,2026-09-11T15:05:00Z,free response,2.248,6.296,39.6,39.6,0.0,305.87,39.57,16.27,243.39,1,On,901.62,534.68
1789139160000000000,2026-09-11T15:06:00Z,free response,2.22,6.332,35.86,35.86,0.0,305.89,39.65,15.58,230.17,3,On,866.96,553.59
1789139220000000000,2026-09-11T15:07:00Z,free response,2.242,6.282,38.96,38.96,0.0,305.9,39.68,14.96,260.43,3,On,913.1,582.74
1789139280000000000,2026-09-11T15:08:00Z,free response,2.238,6.327,41.01,41.01,0.0,305.92,39.74,14.76,277.85,1,On,871.53,560.87
1789139340000000000,2026-09-11T15:09:00Z,free response,2.288,6.21,44.13,44.13,0.0,305.95,39.83,16.91,260.97,1,On,862.75,564.43
1789139400000000000,2026-09-11T15:10:00Z,free response,2.2,6.284,41.97,41.97,0.0,305.97,39.9,16.59,252.98,2,On,864.58,581.07
1789139460000000000,2026-09-11T15:11:00Z,free response,2.306,6.354,45.34,45.34,0.0,305.99,39.98,17.16,264.22,3,On,882.76,552.22
1789139520000000000,2026-09-11T15:12:00Z,free response,2.236,6.445,43.57,43.57,0.0,306.01,40.03,14.54,299.66,3,Off,840.74,536.41
1789139580000000000,2026-09-11T15:13:00Z,free response,2.289,6.417,41.41,41.41,0.0,306.03,40.11,18.3,226.28,2,Off,870.43,537.76
1789139640000000000,2026-09-11T15:14:00Z,free response,2.327,6.375,42.58,42.58,0.0,306.05,40.18,18.73,227.34,3,Off,866.66,538.16
1789139700000000000,2026-09-11T15:15:00Z,free response,2.233,6.308,46.38,46.38,0.0,306.07,40.25,14.6,317.67,1,Off,871.7,519.98
1789139760000000000,2026-09-11T15:16:00Z,free response,2.245,6.24,50.44,50.44,0.0,306.09,40.3,15.51,325.21,2,Off,829.93,525.73
1789139820000000000,2026-09-11T15:17:00Z,free response,2.258,6.213,47.75,47.75,0.0,306.11,40.35,14.71,324.61,3,Off,788.55,512.08
1789139880000000000,2026-09-11T15:18:00Z,free response,2.26,6.231,43.55,43.55,0.0,306.13,40.44,16.98,256.48,3,Off,805.11,523.1
1789139940000000000,2026-09-11T15:19:00Z,free response,2.243,6.203,45.97,45.97,0.0,306.14,40.48,15.87,289.67,3,Off,816.91,495.97
1789140000000000000,2026-09-11T15:20:00Z,free response,2.178,6.083,50.28,50.28,0.0,306.16,40.52,14.06,357.61,3,Off,842.56,519.65
1789140060000000000,2026-09-11T15:21:00Z,free response,2.094,6.111,50.43,50.43,0.0,306.18,40.59,14.28,353.15,2,Off,858.96,522.98
1789140120000000000,2026-09-11T15:22:00Z,free response,2.058,6.006,47.35,47.35,0.0,306.19,40.62,12.55,377.29,1,Off,854.21,498.73
1789140180000000000,2026-09-11T15:23:00Z,free response,2.007,6.013,50.66,50.66,0.0,306.19,40.65,12.98,390.29,2,Off,896.17,490.53
1789140240000000000,2026-09-11T15:24:00Z,free response,2.078,6.018,51.4,51.4,0.0,306.22,40.72,11.98,429.05,1,Off,899.88,494.84
1789140300000000000,2026-09-11T15:25:00Z,free response,2.09,5.907,51.74,51.74,0.0,306.23,40.78,12.11,427.25,3,Off,855.83,477.2
1789140360000000000,2026-09-11T15:26:00Z,free response,2.077,5.977,49.8,49.8,0.0,306.25,40.82,12.0,415.0,1,Off,882.24,493.2
1789140420000000000,2026-09-11T15:27:00Z,free response,2.117,5.977,50.08,50.08,0.0,306.26,40.88,14.6,343.01,1,Off,925.44,476.07
1789140480000000000,2026-09-11T15:28:00Z,free response,2.118,5.941,54.9,54.9,0.0,306.28,40.93,12.93,424.59,2,Off,955.23,477.73
1789140540000000000,2026-09-11T15:29:00Z,free response,2.094,5.985,51.89,51.89,0.0,306.29,40.95,13.17,394.0,2,Off,1003.21,478.85
1789140600000000000,2026-09-11T15:30:00Z,free response,2.099,6.013,54.89,54.89,0.0,306.3,41.0,12.48,439.82,3,Off,994.1,504.44
1789140660000000000,2026-09-11T15:31:00Z,free response,2.165,5.966,59.01,59.01,0.0,306.32,41.06,15.15,389.5,1,Off,1042.19,515.16
1789140720000000000,2026-09-11T15:32:00Z,free response,2.108,5.899,64.21,64.21,0.0,306.34,41.14,12.71,505.19,2,Off,1069.49,502.28
1789140780000000000,2026-09-11T15:33:00Z,free response,2.114,5.869,70.51,70.51,0.0,306.35,41.17,11.88,593.52,3,Off,1100.27,488.69
1789140840000000000,2026-09-11T15:34:00Z,free response,2.133,5.907,75.97,75.97,0.0,306.36,41.21,14.58,521.06,1,Off,1125.38,460.71
1789140900000000000,2026-09-11T15:35:00Z,free response,2.128,5.956,70.24,70.24,0.0,306.37,41.24,14.48,485.08,3,Off,1106.6,462.69
1789140960000000000,2026-09-11T15:36:00Z,free response,2.149,5.905,75.8,75.8,0.0,306.39,41.3,12.55,603.98,2,Off,1094.32,490.98
1789141020000000000,2026-09-11T15:37:00Z,free response,2.092,5.942,69.11,69.11,0.0,306.41,41.36,12.87,536.99,1,Off,1046.84,504.81
1789141080000000000,2026-09-11T15:38:00Z,free response,2.012,5.972,67.02,67.02,0.0,306.42,41.41,12.03,557.11,3,Off,1044.86,518.82
1789141140000000000,2026-09-11T15:39:00Z,free response,1.995,5.994,71.75,71.75,0.0,306.45,41.49,12.24,586.19,3,Off,1034.82,495.65
1789141200000000000,2026-09-11T15:40:00Z,free response,2.025,5.946,68.09,68.09,0.0,306.47,41.57,11.2,607.95,1,Off,1017.46,503.62
1789141260000000000,2026-09-11T15:41:00Z,free response,1.976,5.929,66.36,66.36,0.0,306.49,41.62,12.18,544.83,3,Off,1056.18,518.75
1789141320000000000,2026-09-11T15:42:00Z,free response,2.093,5.936,62.56,62.56,0.0,306.51,41.71,12.99,481.6,3,Off,1064.36,540.91
1789141380000000000,2026-09-11T15:43:00Z,free response,1.939,6.359,68.72,68.72,0.0,306.54,41.79,11.1,619.1,3,Off,1067.72,544.31
1789141440000000000,2026-09-11T15:44:00Z,free response,1.887,6.359,75.0,75.0,0.0,306.55,41.84,12.13,618.3,1,Off,1037.33,547.76
1789141500000000000,2026-09-11T15:45:00Z,free response,1.954,6.269,81.3,81.3,0.0,306.56,41.88,11.16,728.49,3,Off,1059.57,563.9
1789141560000000000,2026-09-11T15:46:00Z,free response,1.995,6.309,82.39,82.39,0.0,306.58,41.93,11.43,720.82,1,Off,1074.86,575.42
1789141620000000000,2026-09-11T15:47:00Z,free response,2.108,6.285,84.08,84.08,0.0,306.59,41.96,13.8,609.28,3,Off,1067.57,583.74
1789141680000000000,2026-09-11T15:48:00Z,free response,2.173,6.201,80.57,80.57,0.0,306.6,41.99,16.03,502.62,2,Off,1029.97,576.57
1789141740000000000,2026-09-11T15:49:00Z,free response,2.151,6.234,78.76,78.76,0.0,306.61,42.03,15.04,523.67,3,Off,1009.66,556.34
1789141800000000000,2026-09-11T15:50:00Z,free response,2.2,6.21,84.27,84.27,0.0,306.62,42.08,15.68,537.44,1,Off,1052.15,576.45
1789141860000000000,2026-09-11T15:51:00Z,free response,2.127,6.275,80.94,80.94,0.0,306.64,42.13,14.29,566.41,3,Off,1099.29,604.97
1789141920000000000,2026-09-11T15:52:00Z,free response,2.117,6.238,79.41,79.41,0.0,306.65,42.17,13.71,579.21,3,Off,1049.39,602.25
1789141980000000000,2026-09-11T15:53:00Z,free response,2.175,6.164,79.83,79.83,0.0,306.68,42.25,15.35,520.07,2,Off,1076.45,627.19
1789142040000000000,2026-09-11T15:54:00Z,free response,2.107,6.23,82.72,82.72,0.0,306.68,42.28,12.79,646.76,1,Off,1122.28,655.49
1789142100000000000,2026-09-11T15:55:00Z,free response,2.045,6.275,88.69,88.69,0.0,306.7,42.35,12.7,698.35,3,Off,1129.84,628.62
1789142160000000000,2026-09-11T15:56:00Z,free response,2.104,6.295,79.87,79.87,0.0,306.72,42.4,12.92,618.19,1,Off,1152.07,658.27
1789142220000000000,2026-09-11T15:57:00Z,free response,2.115,6.292,79.86,79.86,0.0,306.74,42.45,13.15,607.3,3,Off,1121.59,633.07
1789142280000000000,2026-09-11T15:58:00Z,free response,2.039,6.293,73.98,73.98,0.0,306.76,42.52,12.61,586.68,3,Off,1147.58,605.49
1789142340000000000,2026-09-11T15:59:00Z,free response,2.07,6.164,79.28,79.28,0.0,306.76,42.55,12.93,613.15,2,Off,1166.74,635.25
1789142400000000000,2026-09-11T16:00:00Z,free response,2.045,6.227,79.27,79.27,0.0,306.77,42.58,12.82,618.33,2,Off,1185.69,623.87
1789142460000000000,2026-09-11T16:01:00Z,free response,2.014,6.237,77.93,77.93,0.0,306.8,42.66,11.56,674.13,3,Off,1195.67,632.13
1789142520000000000,2026-09-11T16:02:00Z,free response,2.073,6.185,82.42,82.42,0.0,306.82,42.74,12.26,672.27,1,Off,1163.27,615.86
1789142580000000000,2026-09-11T16:03:00Z,free response,2.058,6.147,82.87,82.87,0.0,306.83,42.77,11.95,693.47,2,Off,1175.3,634.25
1789142640000000000,2026-09-11T16:04:00Z,free response,2.082,5.997,77.16,77.16,0.0,306.85,42.82,12.37,623.77,3,Off,1167.04,605.01
1789142700000000000,2026-09-11T16:05:00Z,free response,2.102,5.994,72.81,72.81,0.0,306.86,42.88,14.0,520.07,2,Off,1165.26,623.5
1789142760000000000,2026-09-11T16:06:00Z,free response,2.042,6.065,79.53,79.53,0.0,306.88,42.95,11.92,667.2,2,Off,1125.51,617.33
1789142820000000000,2026-09-11T16:07:00Z,free response,2.057,5.98,86.78,86.78,0.0,306.9,43.01,12.92,671.67,3,Off,1167.24,616.01
1789142880000000000,2026-09-11T16:08:00Z,free response,2.119,5.988,88.25,88.25,0.0,306.93,43.1,13.89,635.35,2,Off,1139.35,616.96
1789142940000000000,2026-09-11T16:09:00Z,free response,2.145,6.03,92.5,92.5,0.0,306.94,43.13,15.16,610.16,2,Off,1096.82,600.15
1789143000000000000,2026-09-11T16:10:00Z,free response,2.242,5.958,96.32,96.32,0.0,306.95,43.17,14.68,656.13,1,Off,1135.37,583.63
1789143060000000000,2026-09-11T16:11:00Z,free response,2.205,5.981,100.64,100.64,0.0,306.98,43.26,14.28,704.76,3,Off,1117.36,611.12
1789143120000000000,2026-09-11T16:12:00Z,free response,2.108,6.049,92.41,92.41,0.0,306.99,43.31,12.33,749.47,3,Off,1160.47,623.79
1789143180000000000,2026-09-11T16:13:00Z,free response,2.209,6.101,86.0,86.0,0.0,307.0,43.35,15.1,569.54,3,Off,1183.49,640.15
1789143240000000000,2026-09-11T16:14:00Z,free response,2.242,6.141,78.78,78.78,0.0,307.03,43.43,16.63,473.72,2,Off,1202.56,618.0
1789143300000000000,2026-09-11T16:15:00Z,free response,2.282,6.073,78.18,78.18,0.0,307.04,43.48,17.07,458.0,1,Off,1250.07,616.17
1789143360000000000,2026-09-11T16:16:00Z,free response,2.215,6.071,82.66,82.66,0.0,307.06,43.54,16.28,507.74,3,Off,1274.28,612.76
1789143420000000000,2026-09-11T16:17:00Z,free response,2.133,6.142,80.45,80.45,0.0,307.07,43.58,14.21,566.15,2,Off,1240.47,635.66
1789143480000000000,2026-09-11T16:18:00Z,free response,2.203,6.071,88.45,88.45,0.0,307.09,43.63,14.41,613.81,2,Off,1271.29,617.33
1789143540000000000,2026-09-11T16:19:00Z,free response,2.169,6.042,85.95,85.95,0.0,307.1,43.68,14.23,604.01,1,Off,1306.25,602.42
1789143600000000000,2026-09-11T16:20:00Z,free response,2.149,6.042,90.57,90.57,0.0,307.12,43.73,13.17,687.7,1,Off,1322.06,621.76
1789143660000000000,2026-09-11T16:21:00Z,free response,2.142,6.096,92.37,92.37,0.0,307.14,43.8,13.71,673.74,1,Off,1318.87,622.23
1789143720000000000,2026-09-11T16:22:00Z,free response,2.14,6.029,99.52,99.52,0.0,307.16,43.87,13.08,760.86,2,Off,869.27,940.33
1789143780000000000,2026-09-11T16:23:00Z,free response,2.169,5.927,92.02,92.02,0.0,307.17,43.9,15.01,613.06,1,Off,901.6,912.61
1789143840000000000,2026-09-11T16:24:00Z,free response,2.152,5.894,85.76,85.76,0.0,307.18,43.93,13.85,619.21,3,Off,946.85,891.81
1789143900000000000,2026-09-11T16:25:00Z,free response,2.116,5.836,78.38,78.38,0.0,307.19,43.95,13.61,575.9,2,Starting,953.56,868.06
1789143960000000000,2026-09-11T16:26:00Z,free response,2.123,5.81,79.69,79.69,0.0,307.19,43.98,13.21,603.26,2,Starting,951.29,848.98
1789144020000000000,2026-09-11T16:27:00Z,free response,2.143,5.704,78.91,78.91,0.0,307.21,44.04,13.53,583.22,3,Starting,990.88,835.74
1789144080000000000,2026-09-11T16:28:00Z,free response,2.102,5.689,79.27,79.27,0.0,307.22,44.08,12.52,633.15,1,Starting,1015.28,813.25
1789144140000000000,2026-09-11T16:29:00Z,free response,2.029,5.766,86.16,86.16,0.0,307.23,44.11,11.45,752.49,2,Starting,827.24,563.32
1789144200000000000,2026-09-11T16:30:00Z,free response,2.032,5.647,83.11,83.11,0.0,307.25,44.17,12.5,664.88,2,Starting,820.92,543.64
1789144260000000000,2026-09-11T16:31:00Z,free response,2.076,5.702,78.02,78.02,0.0,307.26,44.19,12.46,626.16,3,Starting,797.91,518.33
1789144320000000000,2026-09-11T16:32:00Z,free response,2.062,5.619,76.85,76.85,0.0,307.27,44.25,11.35,677.09,1,Starting,764.74,502.73
1789144380000000000,2026-09-11T16:33:00Z,free response,2.105,5.499,72.15,72.15,0.0,307.29,44.3,11.91,605.79,3,Starting,759.7,500.01
1789144440000000000,2026-09-11T16:34:00Z,free response,2.078,5.472,77.48,77.48,0.0,307.3,44.34,11.88,652.19,3,Starting,806.3,529.4
1789144500000000000,2026-09-11T16:35:00Z,free response,2.026,5.539,83.88,83.88,0.0,307.31,44.38,11.29,742.96,1,Starting,830.84,553.41
1789144560000000000,2026-09-11T16:36:00Z,free response,1.996,5.553,78.63,78.63,0.0,307.32,44.41,11.53,681.96,2,Starting,817.65,534.6
1789144620000000000,2026-09-11T16:37:00Z,free response,1.972,5.527,75.86,75.86,0.0,307.34,44.47,10.67,710.97,2,Starting,826.84,543.18
1789144680000000000,2026-09-11T16:38:00Z,free response,1.938,5.572,83.15,83.15,0.0,307.36,44.53,11.15,745.74,1,Starting,835.29,569.66
1789144740000000000,2026-09-11T16:39:00Z,free response,1.978,5.539,77.45,77.45,0.0,307.37,44.56,9.84,787.09,1,Starting,820.5,552.31
1789144800000000000,2026-09-11T16:40:00Z,free response,1.96,5.511,84.61,84.61,0.0,307.37,44.58,11.26,751.42,1,Starting,846.92,565.17
1789144860000000000,2026-09-11T16:41:00Z,free response,1.99,5.433,83.53,83.53,0.0,307.39,44.62,10.24,815.72,2,Starting,845.62,594.4
1789144920000000000,2026-09-11T16:42:00Z,free response,1.968,5.497,80.83,80.83,0.0,307.39,44.65,9.81,823.96,3,Starting,872.59,583.57
1789144980000000000,2026-09-11T16:43:00Z,free response,1.939,5.504,74.02,74.02,0.0,307.41,44.69,9.83,753.0,2,Starting,833.18,556.57
1789145040000000000,2026-09-11T16:44:00Z,free response,2.031,5.433,76.67,76.67,0.0,307.43,44.76,11.96,641.05,2,Starting,815.02,554.09
1789145100000000000,2026-09-11T16:45:00Z,free response,2.021,5.499,81.11,81.11,0.0,307.45,44.85,12.26,661.58,3,Starting,805.98,551.58
1789145160000000000,2026-09-11T16:46:00Z,free response,2.035,5.387,79.27,79.27,0.0,307.48,44.92,12.06,657.3,3,Starting,854.39,553.18
1789145220000000000,2026-09-11T16:47:00Z,free response,2.058,5.416,78.1,78.1,0.0,307.49,44.98,12.44,627.81,3,Starting,895.17,524.33
1789145280000000000,2026-09-11T16:48:00Z,free response,2.011,5.296,77.76,77.76,0.0,307.51,45.05,11.42,680.91,2,Starting,935.69,513.35
1789145340000000000,2026-09-11T16:49:00Z,free response,2.093,5.29,79.0,79.0,0.0,307.53,45.11,11.67,676.95,3,Starting,919.53,488.91
1789145400000000000,2026-09-11T16:50:00Z,free response,2.055,5.304,72.61,72.61,0.0,307.54,45.14,11.13,652.38,2,Starting,874.84,485.04
1789145460000000000,2026-09-11T16:51:00Z,free response,2.031,5.245,70.14,70.14,0.0,307.55,45.17,11.82,593.4,1,Starting,519.06,341.47
1789145520000000000,2026-09-11T16:52:00Z,free response,2.018,5.32,70.92,70.92,0.0,307.57,45.23,10.1,702.18,3,Starting,507.2,332.75
1789145580000000000,2026-09-11T16:53:00Z,free response,2.057,5.321,68.3,68.3,0.0,307.59,45.29,10.19,670.26,3,Starting,470.85,306.91
1789145640000000000,2026-09-11T16:54:00Z,free response,2.056,5.236,68.89,68.89,0.0,307.6,45.33,11.76,585.8,3,Starting,467.22,335.22
1789145700000000000,2026-09-11T16:55:00Z,free response,2.024,5.317,73.32,73.32,0.0,307.61,45.37,11.8,621.36,3,Starting,468.96,323.97
1789145760000000000,2026-09-11T16:56:00Z,free response,1.935,5.411,67.03,67.03,0.0,307.62,45.39,9.55,701.88,2,Starting,436.43,323.69
1789145820000000000,2026-09-11T16:57:00Z,free response,1.892,5.411,64.62,64.62,0.0,307.64,45.46,10.26,629.82,1,Starting,448.03,333.44
1789145880000000000,2026-09-11T16:58:00Z,free response,1.887,5.404,61.61,61.61,0.0,307.66,45.53,9.4,655.43,1,Starting,639.63,833.11
1789145940000000000,2026-09-11T16:59:00Z,free response,1.978,5.479,67.32,67.32,0.0,307.67,45.57,10.68,630.34,2,Starting,684.15,825.04
1789146000000000000,2026-09-11T17:00:00Z,free response,1.936,5.4,67.03,67.03,0.0,307.69,45.65,9.97,672.32,3,Starting,970.72,404.57
1789146060000000000,2026-09-11T17:01:00Z,free response,1.907,5.381,66.06,66.06,0.0,307.71,45.71,10.45,632.15,2,Starting,921.07,414.06
1789146120000000000,2026-09-11T17:02:00Z,free response,1.926,5.37,71.27,71.27,0.0,307.73,45.78,9.4,758.19,3,Starting,964.6,438.29
1789146180000000000,2026-09-11T17:03:00Z,free response,1.932,5.335,70.72,70.72,0.0,307.75,45.83,10.19,694.01,3,Starting,1014.11,443.79
1789146240000000000,2026-09-11T17:04:00Z,free response,1.928,5.356,77.18,77.18,0.0,307.78,45.92,10.16,759.65,3,Starting,983.33,425.71
1789146300000000000,2026-09-11T17:05:00Z,free response,1.927,5.315,72.7,72.7,0.0,307.8,46.0,10.31,705.14,2,Starting,973.82,450.45
1789146360000000000,2026-09-11T17:06:00Z,free response,1.959,5.297,76.43,76.43,0.0,307.82,46.06,9.98,765.83,3,Starting,951.52,464.05
1789146420000000000,2026-09-11T17:07:00Z,free response,1.925,5.276,81.98,81.98,0.0,307.84,46.14,9.23,888.19,1,Starting,601.89,379.76
1789146480000000000,2026-09-11T17:08:00Z,free response,1.948,5.306,75.32,75.32,0.0,307.87,46.22,9.93,758.51,3,Starting,566.15,374.02
1789146540000000000,2026-09-11T17:09:00Z,free response,1.948,5.305,74.0,74.0,0.0,307.88,46.25,9.08,814.98,1,Starting,539.64,393.56
1789146600000000000,2026-09-11T17:10:00Z,free response,1.975,5.353,80.89,80.89,0.0,307.9,46.33,10.89,742.79,2,Starting,585.68,421.75
1789146660000000000,2026-09-11T17:11:00Z,free response,2.02,5.413,86.1,86.1,0.0,307.91,46.36,10.76,800.19,1,Starting,631.93,412.68
1789146720000000000,2026-09-11T17:12:00Z,free response,2.017,5.447,83.93,83.93,0.0,307.92,46.4,10.41,806.24,2,Starting,633.93,403.82
1789146780000000000,2026-09-11T17:13:00Z,free response,2.021,5.447,87.31,87.31,0.0,307.93,46.43,10.29,848.49,2,Starting,630.45,426.28
1789146840000000000,2026-09-11T17:14:00Z,free response,1.908,5.49,84.9,84.9,0.0,307.95,46.51,9.75,870.77,2,Starting,601.51,427.53
1789146900000000000,2026-09-11T17:15:00Z,free response,1.862,5.527,81.65,81.65,0.0,307.98,46.6,9.87,827.25,3,Starting,570.03,397.57
1789146960000000000,2026-09-11T17:16:00Z,free response,1.857,5.548,80.65,80.65,0.0,308.0,46.65,9.16,880.46,1,Starting,541.08,378.89
1789147020000000000,2026-09-11T17:17:00Z,free response,1.947,5.53,87.72,87.72,0.0,308.01,46.7,9.53,920.46,3,Starting,495.86,373.8
1789147080000000000,2026-09-11T17:18:00Z,free response,1.908,5.577,87.93,87.93,0.0,308.02,46.73,9.34,941.43,3,Starting,474.18,368.43
1789147140000000000,2026-09-11T17:19:00Z,free response,1.882,5.541,93.76,93.76,0.0,308.04,46.81,8.85,1059.44,3,Starting,507.22,341.16
1789147200000000000,2026-09-11T17:20:00Z,free response,1.745,5.543,101.47,101.47,0.0,308.06,46.87,8.43,1203.68,2,Starting,513.81,358.88
1789147260000000000,2026-09-11T17:21:00Z,free response,1.713,5.582,106.25,106.25,0.0,308.08,46.93,8.71,1219.86,1,Starting,539.15,338.22
1789147320000000000,2026-09-11T17:22:00Z,free response,1.685,5.635,105.31,105.31,0.0,308.1,46.99,7.72,1364.12,1,Starting,527.69,366.16
1789147380000000000,2026-09-11T17:23:00Z,free response,1.65,5.568,112.05,112.05,0.0,308.12,47.06,6.96,1609.91,3,Starting,542.92,347.3
1789147440000000000,2026-09-11T17:24:00Z,free response,1.653,5.578,117.82,117.82,0.0,308.14,47.12,6.92,1702.6,2,Starting,571.84,322.77
1789147500000000000,2026-09-11T17:25:00Z,free response,1.647,5.635,121.32,121.32,0.0,308.14,47.15,7.3,1661.92,1,Starting,594.13,301.06
1789147560000000000,2026-09-11T17:26:00Z,free response,1.682,5.672,122.63,122.63,0.0,308.17,47.22,7.78,1576.22,1,Starting,630.07,279.01
1789147620000000000,2026-09-11T17:27:00Z,free response,1.746,5.625,113.98,113.98,0.0,308.18,47.25,9.35,1219.04,2,Starting,647.18,256.06
1789147680000000000,2026-09-11T17:28:00Z,free response,1.736,5.64,123.56,123.56,0.0,308.2,47.34,8.29,1490.47,1,Starting,645.29,230.68
1789147740000000000,2026-09-11T17:29:00Z,free response,1.733,5.658,122.53,122.53,0.0,308.22,47.39,8.28,1479.83,2,Starting,685.87,255.89
1789147800000000000,2026-09-11T17:30:00Z,free response,1.75,5.771,134.09,134.09,0.0,308.24,47.47,8.95,1498.21,1,Starting,712.62,256.82
1789147860000000000,2026-09-11T17:31:00Z,free response,1.776,5.822,138.25,138.25,0.0,308.27,47.56,8.57,1613.19,3,Starting,732.38,247.72
1789147920000000000,2026-09-11T17:32:00Z,free response,1.754,5.798,149.97,149.97,0.0,308.29,47.62,9.39,1597.12,2,Starting,764.6,221.41
1789147980000000000,2026-09-11T17:33:00Z,free response,1.785,5.779,139.72,139.72,0.0,308.28,47.59,8.79,1589.53,2,Starting,754.89,215.83
1789148040000000000,2026-09-11T17:34:00Z,free response,1.797,5.829,135.06,135.06,0.0,308.27,47.58,9.83,1373.96,2,Starting,736.15,213.67
1789148100000000000,2026-09-11T17:35:00Z,free response,1.892,5.866,129.88,129.88,0.0,308.26,47.55,10.58,1227.6,2,Starting,742.56,229.29
1789148160000000000,2026-09-11T17:36:00Z,free response,1.976,5.863,122.0,122.0,0.0,308.26,47.53,11.8,1033.9,3,Starting,693.48,238.22
1789148220000000000,2026-09-11T17:37:00Z,free response,1.995,5.862,134.05,134.05,0.0,308.26,47.52,11.84,1132.18,3,Starting,668.21,224.09
1789148280000000000,2026-09-11T17:38:00Z,free response,1.93,5.75,127.48,127.48,0.0,308.25,47.49,11.57,1101.82,1,Starting,639.49,194.36
1789148340000000000,2026-09-11T17:39:00Z,free response,1.943,5.73,119.93,119.93,0.0,308.24,47.47,9.78,1226.28,1,Starting,624.76,223.49
1789148400000000000,2026-09-11T17:40:00Z,free response,1.973,5.799,131.19,131.19,0.0,308.24,47.46,12.0,1093.25,2,Starting,574.77,228.57
1789148460000000000,2026-09-11T17:41:00Z,free response,1.959,5.749,142.88,142.88,0.0,308.23,47.44,11.12,1284.89,3,Starting,562.85,217.9
1789148520000000000,2026-09-11T17:42:00Z,free response,1.897,5.714,141.87,141.87,0.0,308.22,47.41,10.38,1366.76,2,Starting,598.5,230.16
1789148580000000000,2026-09-11T17:43:00Z,free response,1.895,5.783,154.07,154.07,0.0,308.22,47.4,10.41,1480.02,3,Starting,578.64,223.7
1789148640000000000,2026-09-11T17:44:00Z,free response,1.931,5.763,168.21,168.21,0.0,308.21,47.38,11.08,1518.14,2,Starting,598.43,224.52
1789148700000000000,2026-09-11T17:45:00Z,free response,2.013,5.824,180.68,180.68,0.0,308.21,47.36,12.44,1452.41,3,Starting,580.08,248.87
1789148760000000000,2026-09-11T17:46:00Z,free response,1.898,5.893,172.63,172.63,0.0,308.2,47.35,9.75,1770.56,3,Starting,520.64,583.23
1789148820000000000,2026-09-11T17:47:00Z,free response,1.813,5.94,176.14,176.14,0.0,308.2,47.34,10.31,1708.44,2,Starting,551.59,558.05
1789148880000000000,2026-09-11T17:48:00Z,free response,1.858,5.904,178.34,178.34,0.0,308.19,47.31,9.56,1865.48,3,Starting,507.47,539.25
1789148940000000000,2026-09-11T17:49:00Z,free response,1.853,5.981,191.93,191.93,0.0,308.18,47.28,10.01,1917.38,3,Starting,526.49,546.17
1789149000000000000,2026-09-11T17:50:00Z,free response,1.887,5.943,209.8,209.8,0.0,308.17,47.24,10.92,1921.25,3,Starting,490.39,552.04
1789149060000000000,2026-09-11T17:51:00Z,free response,1.882,6.021,226.3,226.3,0.0,308.17,47.22,11.47,1972.97,1,Starting,450.82,571.32
1789149120000000000,2026-09-11T17:52:00Z,free response,1.837,6.078,208.04,208.04,0.0,308.16,47.19,9.71,2142.53,3,Starting,721.43,468.01
1789149180000000000,2026-09-11T17:53:00Z,free response,1.899,6.073,204.38,204.38,0.0,308.15,47.16,10.5,1946.48,2,Starting,683.6,482.0
1789149240000000000,2026-09-11T17:54:00Z,free response,1.843,6.093,216.1,216.1,0.0,308.14,47.15,10.01,2158.84,3,Starting,681.78,471.86
1789149300000000000,2026-09-11T17:55:00Z,free response,1.839,6.139,237.42,237.42,0.0,308.14,47.12,10.11,2348.37,2,Starting,649.52,469.94
1789149360000000000,2026-09-11T17:56:00Z,free response,1.865,6.16,243.99,243.99,0.0,308.13,47.1,10.16,2401.48,3,Starting,694.45,464.57
1789149420000000000,2026-09-11T17:57:00Z,controller 1,1.938,6.198,-14.94,0.0,14.94,308.12,47.08,12.74,-117.27,1,Starting,647.7,469.35
1789149480000000000,2026-09-11T17:58:00Z,controller 1,1.919,6.159,-13.99,0.0,13.99,308.12,47.06,10.74,-130.26,1,Starting,644.72,471.84
1789149540000000000,2026-09-11T17:59:00Z,controller 1,1.907,6.109,-13.21,0.0,13.21,308.11,47.04,12.0,-110.08,2,Starting,613.99,492.71
1789149600000000000,2026-09-11T18:00:00Z,controller 1,1.975,6.111,-12.76,0.0,12.76,308.11,47.03,12.1,-105.45,3,Starting,649.22,504.56
1789149660000000000,2026-09-11T18:01:00Z,controller 1,1.985,6.116,-12.83,0.0,12.83,308.11,47.03,12.31,-104.22,1,Starting,644.96,489.42
1789149720000000000,2026-09-11T18:02:00Z,controller 1,1.932,6.075,-12.59,0.0,12.59,308.1,46.99,11.68,-107.79,1,Starting,664.35,460.45
1789149780000000000,2026-09-11T18:03:00Z,controller 1,1.943,6.051,-11.62,0.0,11.62,308.09,46.96,10.92,-106.41,2,Starting,652.44,487.39
1789149840000000000,2026-09-11T18:04:00Z,controller 1,1.909,6.01,-11.67,0.0,11.67,308.08,46.95,11.25,-103.73,1,Starting,618.33,483.25
1789149900000000000,2026-09-11T18:05:00Z,controller 1,1.867,5.991,-10.65,0.0,10.65,308.08,46.92,10.55,-100.95,3,Starting,916.54,632.59
1789149960000000000,2026-09-11T18:06:00Z,controller 1,1.92,5.964,-10.66,0.0,10.66,308.07,46.91,11.6,-91.9,3,Starting,960.42,603.77
1789150020000000000,2026-09-11T18:07:00Z,controller 1,1.98,5.943,-10.93,0.0,10.93,308.06,46.88,12.79,-85.46,2,Starting,924.91,616.09
1789150080000000000,2026-09-11T18:08:00Z,controller 1,1.882,6.008,-11.16,0.0,11.16,308.06,46.87,11.14,-100.18,1,Starting,898.91,596.7
1789150140000000000,2026-09-11T18:09:00Z,controller 1,1.836,6.037,-11.93,0.0,11.93,308.06,46.86,9.63,-123.88,1,Starting,914.17,600.24
1789150200000000000,2026-09-11T18:10:00Z,controller 1,1.81,6.108,-11.42,0.0,11.42,308.05,46.83,10.66,-107.13,1,Starting,955.87,604.62
1789150260000000000,2026-09-11T18:11:00Z,controller 1,1.827,6.165,-12.24,0.0,12.24,308.04,46.81,10.89,-112.4,3,Starting,934.95,624.39
1789150320000000000,2026-09-11T18:12:00Z,controller 1,1.843,6.21,-12.73,0.0,12.73,308.04,46.81,11.53,-110.41,1,Starting,915.14,651.67
1789150380000000000,2026-09-11T18:13:00Z,controller 1,1.832,6.143,-12.77,0.0,12.77,308.04,46.8,9.45,-135.13,1,Starting,924.96,655.19
1789150440000000000,2026-09-11T18:14:00Z,controller 1,1.785,6.153,-11.68,0.0,11.68,308.04,46.79,10.16,-114.96,1,Starting,911.64,631.95
1789150500000000000,2026-09-11T18:15:00Z,controller 1,1.841,6.138,-10.97,0.0,10.97,308.03,46.77,10.62,-103.3,1,Starting,886.83,655.32
1789150560000000000,2026-09-11T18:16:00Z,controller 1,1.825,6.079,-10.19,0.0,10.19,308.03,46.76,9.84,-103.56,2,Starting,873.53,659.15
1789150620000000000,2026-09-11T18:17:00Z,controller 1,1.805,6.078,-9.58,0.0,9.58,308.02,46.75,9.3,-103.01,2,Starting,1478.11,547.26
1789150680000000000,2026-09-11T18:18:00Z,controller 1,1.857,6.076,-8.78,0.0,8.78,308.02,46.72,9.81,-89.5,3,Starting,1500.0,519.55
1789150740000000000,2026-09-11T18:19:00Z,controller 1,1.804,6.088,-9.43,0.0,9.43,308.01,46.7,9.48,-99.47,1,Starting,1482.74,544.19
1789150800000000000,2026-09-11T18:20:00Z,controller 1,1.801,6.151,-8.73,0.0,8.73,308.0,46.66,9.44,-92.48,2,Starting,1498.87,554.78
1789150860000000000,2026-09-11T18:21:00Z,controller 1,1.881,6.165,-9.02,0.0,9.02,308.0,46.66,11.98,-75.29,2,Starting,1459.23,549.15
1789150920000000000,2026-09-11T18:22:00Z,controller 1,1.987,6.1,-8.86,0.0,8.86,307.99,46.64,13.01,-68.1,1,Starting,1437.25,539.26
1789150980000000000,2026-09-11T18:23:00Z,controller 1,1.981,6.079,-8.17,0.0,8.17,307.99,46.62,11.72,-69.71,1,Starting,1413.16,547.88
1789151040000000000,2026-09-11T18:24:00Z,controller 1,1.835,6.03,-8.41,0.0,8.41,307.98,46.59,9.17,-91.71,1,Starting,1394.92,566.74
1789151100000000000,2026-09-11T18:25:00Z,controller 1,1.8,6.067,-8.53,0.0,8.53,307.97,46.56,9.38,-90.94,2,Starting,1371.91,538.59
1789151160000000000,2026-09-11T18:26:00Z,controller 1,1.754,6.076,-8.71,0.0,8.71,307.96,46.54,10.23,-85.14,3,Starting,1362.08,542.99
1789151220000000000,2026-09-11T18:27:00Z,controller 1,1.76,6.044,-8.18,0.0,8.18,307.96,46.52,9.96,-82.13,3,Starting,1329.24,515.68
1789151280000000000,2026-09-11T18:28:00Z,controller 1,1.771,6.144,-8.24,0.0,8.24,307.95,46.49,9.48,-86.92,3,Starting,1331.44,516.78
1789151340000000000,2026-09-11T18:29:00Z,controller 1,1.769,6.17,-8.62,0.0,8.62,307.94,46.45,10.13,-85.09,2,Starting,1375.03,516.95
1789151400000000000,2026-09-11T18:30:00Z,controller 1,1.799,6.186,-9.48,0.0,9.48,307.94,46.45,10.73,-88.35,1,Starting,1397.26,518.41
1789151460000000000,2026-09-11T18:31:00Z,controller 1,1.769,6.152,-9.61,0.0,9.61,307.93,46.43,10.15,-94.68,3,Starting,1365.87,528.78
1789151520000000000,2026-09-11T18:32:00Z,controller 1,1.729,6.13,-10.27,0.0,10.27,307.92,46.41,9.86,-104.16,2,Starting,1415.1,539.85
1789151580000000000,2026-09-11T18:33:00Z,controller 1,1.683,6.133,-9.44,0.0,9.44,307.92,46.4,8.84,-106.79,3,Starting,1443.61,547.3
1789151640000000000,2026-09-11T18:34:00Z,controller 1,1.686,6.199,-9.04,0.0,9.04,307.91,46.36,8.77,-103.08,2,Starting,1414.52,567.76
1789151700000000000,2026-09-11T18:35:00Z,controller 1,1.654,6.23,-9.32,0.0,9.32,307.9,46.33,8.43,-110.56,2,Starting,1398.72,562.45
1789151760000000000,2026-09-11T18:36:00Z,controller 1,1.573,6.235,-9.1,0.0,9.1,307.89,46.3,7.71,-118.03,3,Starting,1410.49,542.03
1789151820000000000,2026-09-11T18:37:00Z,controller 1,1.577,6.271,-9.76,0.0,9.76,307.88,46.28,8.01,-121.85,2,Starting,1417.61,515.5
1789151880000000000,2026-09-11T18:38:00Z,controller 1,1.516,6.223,-9.42,0.0,9.42,307.88,46.26,6.91,-136.32,3,Starting,1367.8,535.5
1789151940000000000,2026-09-11T18:39:00Z,controller 1,1.53,6.133,-9.16,0.0,9.16,307.87,46.23,6.92,-132.37,2,Starting,1350.46,553.59
1789152000000000000,2026-09-11T18:40:00Z,controller 1,1.538,6.179,-9.25,0.0,9.25,307.86,46.21,6.59,-140.36,2,Starting,1318.06,525.02
1789152060000000000,2026-09-11T18:41:00Z,controller 1,1.588,6.17,-9.5,0.0,9.5,307.86,46.2,7.82,-121.48,2,Starting,1292.34,525.89
1789152120000000000,2026-09-11T18:42:00Z,controller 1,1.567,6.118,-9.9,0.0,9.9,307.85,46.18,6.93,-142.86,3,Starting,1007.65,448.9
1789152180000000000,2026-09-11T18:43:00Z,controller 1,1.57,6.062,-9.36,0.0,9.36,307.85,46.16,7.15,-130.91,2,Starting,981.89,463.71
1789152240000000000,2026-09-11T18:44:00Z,controller 1,1.598,5.998,-9.22,0.0,9.22,307.84,46.14,7.75,-118.97,2,Starting,991.04,488.97
1789152300000000000,2026-09-11T18:45:00Z,controller 1,1.699,6.001,-9.35,0.0,9.35,307.83,46.11,7.93,-117.91,3,Starting,1044.96,708.32
1789152360000000000,2026-09-11T18:46:00Z,controller 1,1.727,6.001,-8.72,0.0,8.72,307.83,46.1,9.68,-90.08,1,Starting,1003.68,714.39
1789152420000000000,2026-09-11T18:47:00Z,controller 1,1.725,5.974,-8.58,0.0,8.58,307.82,46.08,9.34,-91.86,1,Starting,833.93,681.56
1789152480000000000,2026-09-11T18:48:00Z,controller 1,1.717,5.983,-9.06,0.0,9.06,307.82,46.07,9.6,-94.38,2,Starting,787.0,707.79
1789152540000000000,2026-09-11T18:49:00Z,controller 1,1.691,6.034,-9.32,0.0,9.32,307.81,46.05,9.38,-99.36,1,Starting,776.61,724.84
1789152600000000000,2026-09-11T18:50:00Z,controller 1,1.636,6.037,-9.08,0.0,9.08,307.81,46.03,8.12,-111.82,2,Starting,810.73,704.91
1789152660000000000,2026-09-11T18:51:00Z,controller 1,1.661,5.998,-8.17,0.0,8.17,307.8,46.0,7.87,-103.81,2,Starting,773.43,694.44
1789152720000000000,2026-09-11T18:52:00Z,controller 1,1.624,6.01,-8.37,0.0,8.37,307.8,45.99,8.49,-98.59,2,Starting,755.28,669.82
1789152780000000000,2026-09-11T18:53:00Z,controller 1,1.606,6.175,-8.87,0.0,8.87,307.79,45.96,7.65,-115.95,2,Starting,776.69,674.48
1789152840000000000,2026-09-11T18:54:00Z,controller 1,1.629,6.167,-8.61,0.0,8.61,307.78,45.94,8.94,-96.31,3,Starting,824.05,685.88
1789152900000000000,2026-09-11T18:55:00Z,controller 1,1.61,6.213,-8.43,0.0,8.43,307.78,45.93,8.61,-97.91,2,Starting,866.7,664.15
1789152960000000000,2026-09-11T18:56:00Z,controller 1,1.6,6.21,-8.07,0.0,8.07,307.77,45.91,8.34,-96.76,3,Starting,881.8,664.89
1789153020000000000,2026-09-11T18:57:00Z,controller 1,1.587,6.209,-8.13,0.0,8.13,307.77,45.9,7.75,-104.9,3,Starting,925.38,640.1
1789153080000000000,2026-09-11T18:58:00Z,controller 1,1.602,6.2,-7.68,0.0,7.68,307.77,45.89,7.26,-105.79,1,Starting,929.63,619.91
1789153140000000000,2026-09-11T18:59:00Z,controller 1,1.533,6.307,-7.2,0.0,7.2,307.76,45.87,6.85,-105.11,2,Starting,888.82,606.24
1789153200000000000,2026-09-11T19:00:00Z,controller 1,1.594,6.265,-7.72,0.0,7.72,307.76,45.86,7.71,-100.13,3,Starting,923.08,622.39
1789153260000000000,2026-09-11T19:01:00Z,controller 1,1.517,6.236,-7.87,0.0,7.87,307.75,45.84,7.29,-107.96,1,Starting,898.54,601.65
1789153320000000000,2026-09-11T19:02:00Z,controller 1,1.561,6.217,-8.55,0.0,8.55,307.74,45.81,8.09,-105.69,2,Starting,911.11,572.39
1789153380000000000,2026-09-11T19:03:00Z,controller 1,1.555,6.17,-7.93,0.0,7.93,307.74,45.8,7.29,-108.78,1,Starting,952.22,562.65
1789153440000000000,2026-09-11T19:04:00Z,controller 1,1.549,6.152,-7.58,0.0,7.58,307.74,45.79,8.12,-93.35,3,On,989.91,534.3
1789153500000000000,2026-09-11T19:05:00Z,controller 1,1.589,6.126,-8.31,0.0,8.31,307.73,45.76,8.03,-103.49,2,On,983.55,537.71
1789153560000000000,2026-09-11T19:06:00Z,controller 1,1.691,5.716,-8.53,0.0,8.53,307.72,45.74,8.35,-102.16,2,On,970.12,508.42
1789153620000000000,2026-09-11T19:07:00Z,controller 1,1.643,5.664,-8.7,0.0,8.7,307.71,45.71,7.76,-112.11,1,On,989.23,524.31
1789153680000000000,2026-09-11T19:08:00Z,controller 1,1.61,5.636,-7.88,0.0,7.88,307.71,45.71,6.89,-114.37,1,On,831.93,633.2
1789153740000000000,2026-09-11T19:09:00Z,controller 1,1.602,5.614,-8.52,0.0,8.52,307.7,45.68,7.53,-113.15,1,On,797.69,614.06
1789153800000000000,2026-09-11T19:10:00Z,controller 1,1.604,5.674,-8.32,0.0,8.32,307.7,45.67,7.82,-106.39,1,On,777.98,637.85
1789153860000000000,2026-09-11T19:11:00Z,controller 1,1.593,5.631,-8.04,0.0,8.04,307.69,45.65,6.94,-115.85,1,On,782.94,647.92
1789153920000000000,2026-09-11T19:12:00Z,controller 1,1.547,5.612,-8.23,0.0,8.23,307.69,45.63,7.0,-117.57,3,On,760.66,619.04
1789153980000000000,2026-09-11T19:13:00Z,controller 1,1.538,5.722,-7.51,0.0,7.51,307.69,45.62,7.05,-106.52,3,On,787.22,639.13
1789154040000000000,2026-09-11T19:14:00Z,controller 1,1.623,5.769,-7.1,0.0,7.1,307.67,45.58,7.25,-97.93,3,On,789.82,612.89
1789154100000000000,2026-09-11T19:15:00Z,controller 1,1.557,5.76,-6.6,0.0,6.6,307.67,45.56,7.39,-89.31,3,On,776.84,634.36
1789154160000000000,2026-09-11T19:16:00Z,controller 1,1.556,5.735,-7.11,0.0,7.11,307.66,45.53,7.44,-95.56,1,On,733.41,652.32
1789154220000000000,2026-09-11T19:17:00Z,controller 1,1.561,5.781,-6.89,0.0,6.89,307.66,45.52,7.6,-90.66,3,On,744.35,659.94
1789154280000000000,2026-09-11T19:18:00Z,controller 1,1.56,5.753,-6.9,0.0,6.9,307.65,45.49,7.2,-95.83,2,On,792.72,679.55
1789154340000000000,2026-09-11T19:19:00Z,controller 1,1.561,5.757,-7.33,0.0,7.33,307.64,45.47,7.52,-97.47,3,On,830.63,662.78
1789154400000000000,2026-09-11T19:20:00Z,controller 1,1.558,5.803,-6.91,0.0,6.91,307.63,45.45,7.12,-97.05,3,On,784.8,643.94
1789154460000000000,2026-09-11T19:21:00Z,controller 1,1.5,5.854,-6.96,0.0,6.96,307.63,45.42,6.95,-100.14,3,On,778.79,651.03
1789154520000000000,2026-09-11T19:22:00Z,controller 1,1.495,5.944,-6.65,0.0,6.65,307.62,45.39,7.07,-94.06,1,On,787.01,624.33
1789154580000000000,2026-09-11T19:23:00Z,controller 1,1.495,5.907,-6.33,0.0,6.33,307.61,45.37,7.23,-87.55,3,On,742.1,608.33
1789154640000000000,2026-09-11T19:24:00Z,controller 1,1.487,5.871,-6.45,0.0,6.45,307.61,45.35,6.29,-102.54,1,On,692.44,586.02
1789154700000000000,2026-09-11T19:25:00Z,controller 1,1.484,5.885,-6.48,0.0,6.48,307.6,45.32,6.09,-106.4,2,On,647.83,615.39
1789154760000000000,2026-09-11T19:26:00Z,controller 1,1.502,5.881,-6.84,0.0,6.84,307.59,45.3,6.11,-111.95,2,On,693.84,589.49
1789154820000000000,2026-09-11T19:27:00Z,controller 1,1.519,5.962,-7.28,0.0,7.28,307.59,45.29,7.12,-102.25,2,On,731.43,564.35
1789154880000000000,2026-09-11T19:28:00Z,controller 1,1.503,5.987,-7.71,0.0,7.71,307.58,45.27,7.07,-109.05,1,On,760.91,545.56
1789154940000000000,2026-09-11T19:29:00Z,controller 1,1.581,5.936,-7.95,0.0,7.95,307.58,45.26,7.89,-100.76,3,On,768.34,521.41
1789155000000000000,2026-09-11T19:30:00Z,controller 1,1.651,5.976,-8.3,0.0,8.3,307.58,45.26,8.07,-102.85,3,On,743.2,491.42
1789155060000000000,2026-09-11T19:31:00Z,controller 1,1.672,6.032,-8.24,0.0,8.24,307.57,45.22,9.01,-91.45,2,On,730.83,493.09
1789155120000000000,2026-09-11T19:32:00Z,controller 1,1.589,6.067,-7.97,0.0,7.97,307.56,45.19,7.76,-102.71,3,On,681.33,487.04
1789155180000000000,2026-09-11T19:33:00Z,controller 1,1.565,6.027,-7.87,0.0,7.87,307.55,45.18,7.59,-103.69,3,On,708.01,515.25
1789155240000000000,2026-09-11T19:34:00Z,controller 1,1.532,5.949,-8.05,0.0,8.05,307.55,45.15,7.23,-111.34,3,On,730.09,541.89
1789155300000000000,2026-09-11T19:35:00Z,controller 1,1.489,5.944,-7.92,0.0,7.92,307.54,45.14,6.08,-130.26,3,On,745.22,545.76
1789155360000000000,2026-09-11T19:36:00Z,controller 1,1.433,5.971,-8.42,0.0,8.42,307.54,45.12,5.54,-151.99,2,On,699.51,538.66
1789155420000000000,2026-09-11T19:37:00Z,controller 1,1.502,5.981,-7.71,0.0,7.71,307.53,45.11,7.06,-109.21,2,On,728.82,532.4
1789155480000000000,2026-09-11T19:38:00Z,controller 1,1.559,5.909,-8.12,0.0,8.12,307.52,45.08,7.33,-110.78,2,On,687.74,519.08
1789155540000000000,2026-09-11T19:39:00Z,controller 1,1.547,5.88,-7.81,0.0,7.81,307.52,45.07,6.39,-122.22,3,On,1411.05,519.85
1789155600000000000,2026-09-11T19:40:00Z,controller 1,1.636,5.886,-8.42,0.0,8.42,307.51,45.05,7.28,-115.66,2,On,1388.02,516.17
1789155660000000000,2026-09-11T19:41:00Z,controller 1,1.601,5.84,-9.07,0.0,9.07,307.51,45.03,7.17,-126.5,1,On,1359.86,511.22
1789155720000000000,2026-09-11T19:42:00Z,controller 1,1.523,5.802,-9.96,0.0,9.96,307.5,44.99,6.68,-149.1,1,On,1359.07,529.32
1789155780000000000,2026-09-11T19:43:00Z,controller 1,1.515,5.82,-9.94,0.0,9.94,307.49,44.98,7.06,-140.79,3,On,1327.72,530.16
1789155840000000000,2026-09-11T19:44:00Z,controller 1,1.564,5.85,-9.1,0.0,9.1,307.49,44.97,7.21,-126.21,1,On,1355.03,501.96
1789155900000000000,2026-09-11T19:45:00Z,controller 1,1.668,5.839,-9.25,0.0,9.25,307.49,44.96,8.86,-104.4,3,On,1336.14,518.95
1789155960000000000,2026-09-11T19:46:00Z,controller 1,1.666,5.854,-9.28,0.0,9.28,307.48,44.94,8.15,-113.87,3,On,1301.79,496.52
1789156020000000000,2026-09-11T19:47:00Z,controller 1,1.713,5.893,-9.78,0.0,9.78,307.48,44.93,9.1,-107.47,3,On,1342.25,469.49
1789156080000000000,2026-09-11T19:48:00Z,controller 1,1.773,5.999,-9.23,0.0,9.23,307.48,44.92,9.15,-100.87,2,On,1370.58,449.8
1789156140000000000,2026-09-11T19:49:00Z,controller 1,1.675,5.97,-10.04,0.0,10.04,307.47,44.9,7.58,-132.45,1,On,1098.09,476.99
1789156200000000000,2026-09-11T19:50:00Z,controller 1,1.728,5.937,-9.3,0.0,9.3,307.46,44.86,9.3,-100.0,1,On,1131.64,477.48
1789156260000000000,2026-09-11T19:51:00Z,controller 1,1.741,5.985,-9.65,0.0,9.65,307.45,44.84,9.43,-102.33,1,On,1178.22,468.25
1789156320000000000,2026-09-11T19:52:00Z,controller 1,1.76,5.946,-9.94,0.0,9.94,307.44,44.81,8.55,-116.26,3,On,1159.04,454.64
1789156380000000000,2026-09-11T19:53:00Z,controller 1,1.76,6.062,-9.8,0.0,9.8,307.43,44.77,9.24,-106.06,1,On,1154.86,467.1
1789156440000000000,2026-09-11T19:54:00Z,controller 1,1.663,6.031,-10.4,0.0,10.4,307.43,44.75,7.9,-131.65,2,On,1145.42,452.5
1789156500000000000,2026-09-11T19:55:00Z,controller 1,1.613,6.022,-11.12,0.0,11.12,307.43,44.75,7.15,-155.52,1,On,1182.24,455.18
1789156560000000000,2026-09-11T19:56:00Z,controller 1,1.595,6.081,-12.18,0.0,12.18,307.42,44.73,8.01,-152.06,1,On,1145.34,483.23
1789156620000000000,2026-09-11T19:57:00Z,controller 1,1.557,6.151,-11.98,0.0,11.98,307.42,44.72,7.85,-152.61,3,On,1124.48,475.83
1789156680000000000,2026-09-11T19:58:00Z,controller 1,1.615,6.17,-12.33,0.0,12.33,307.41,44.69,7.43,-165.95,3,On,1088.94,452.23
1789156740000000000,2026-09-11T19:59:00Z,controller 1,1.6,6.285,-11.21,0.0,11.21,307.4,44.66,7.27,-154.2,1,On,1109.67,479.24
1789156800000000000,2026-09-11T20:00:00Z,controller 1,1.676,6.299,-11.63,0.0,11.63,307.39,44.63,8.15,-142.7,3,On,1103.19,495.19
1789156860000000000,2026-09-11T20:01:00Z,controller 1,1.65,6.313,-11.74,0.0,11.74,307.39,44.62,8.59,-136.67,1,On,1055.82,485.98
1789156920000000000,2026-09-11T20:02:00Z,controller 1,1.673,6.316,-10.7,0.0,10.7,307.38,44.61,8.36,-127.99,2,On,1038.1,492.97
1789156980000000000,2026-09-11T20:03:00Z,controller 1,1.695,6.204,-9.74,0.0,9.74,307.38,44.6,9.25,-105.3,1,On,1026.0,516.28
1789157040000000000,2026-09-11T20:04:00Z,controller 1,1.722,6.334,-9.25,0.0,9.25,307.37,44.58,10.11,-91.49,2,On,1050.98,527.61
1789157100000000000,2026-09-11T20:05:00Z,controller 1,1.646,6.22,-10.1,0.0,10.1,307.37,44.58,8.58,-117.72,2,On,1026.13,514.13
1789157160000000000,2026-09-11T20:06:00Z,controller 1,1.618,6.223,-9.67,0.0,9.67,307.36,44.54,8.33,-116.09,1,On,1074.7,529.36
1789157220000000000,2026-09-11T20:07:00Z,controller 1,1.645,6.325,-9.31,0.0,9.31,307.36,44.54,8.12,-114.66,1,On,1122.47,505.92
1789157280000000000,2026-09-11T20:08:00Z,controller 1,1.622,6.277,-10.09,0.0,10.09,307.36,44.52,8.65,-116.65,3,On,1078.71,480.06
1789157340000000000,2026-09-11T20:09:00Z,controller 1,1.663,6.241,-10.78,0.0,10.78,307.35,44.51,8.01,-134.58,2,On,1087.19,487.54
1789157400000000000,2026-09-11T20:10:00Z,controller 1,1.695,6.256,-10.72,0.0,10.72,307.35,44.5,9.76,-109.84,3,On,1051.06,492.96
1789157460000000000,2026-09-11T20:11:00Z,controller 1,1.721,6.307,-11.2,0.0,11.2,307.34,44.47,8.66,-129.33,2,On,733.55,653.07
1789157520000000000,2026-09-11T20:12:00Z,controller 1,1.782,6.382,-10.36,0.0,10.36,307.33,44.43,10.08,-102.78,1,On,763.53,651.28
1789157580000000000,2026-09-11T20:13:00Z,controller 1,1.706,6.344,-10.09,0.0,10.09,307.32,44.41,10.12,-99.7,1,On,731.82,660.93
1789157640000000000,2026-09-11T20:14:00Z,controller 1,1.715,6.421,-9.49,0.0,9.49,307.32,44.39,9.2,-103.15,1,On,737.28,652.64
1789157700000000000,2026-09-11T20:15:00Z,controller 1,1.804,6.382,-9.51,0.0,9.51,307.31,44.36,10.15,-93.69,1,On,717.39,679.3
1789157760000000000,2026-09-11T20:16:00Z,controller 1,1.809,6.312,-10.32,0.0,10.32,307.3,44.34,9.57,-107.84,2,On,764.27,694.64
1789157820000000000,2026-09-11T20:17:00Z,controller 1,1.73,6.303,-9.36,0.0,9.36,307.3,44.33,9.2,-101.74,2,On,745.63,695.17
1789157880000000000,2026-09-11T20:18:00Z,controller 1,1.732,6.316,-10.29,0.0,10.29,307.29,44.3,9.54,-107.86,3,On,765.81,721.95
1789157940000000000,2026-09-11T20:19:00Z,controller 1,1.783,6.256,-11.06,0.0,11.06,307.29,44.29,10.37,-106.65,3,On,769.73,700.04
1789158000000000000,2026-09-11T20:20:00Z,controller 1,1.778,6.34,-10.9,0.0,10.9,307.28,44.27,9.61,-113.42,1,On,1023.72,376.17
1789158060000000000,2026-09-11T20:21:00Z,controller 1,1.722,6.242,-11.2,0.0,11.2,307.27,44.24,9.96,-112.45,3,On,1005.87,376.12
1789158120000000000,2026-09-11T20:22:00Z,controller 1,1.729,6.157,-11.35,0.0,11.35,307.27,44.23,9.61,-118.11,3,On,984.21,368.69
1789158180000000000,2026-09-11T20:23:00Z,controller 1,1.743,6.12,-10.83,0.0,10.83,307.27,44.22,9.55,-113.4,1,On,942.42,340.54
1789158240000000000,2026-09-11T20:24:00Z,controller 1,1.738,6.166,-11.16,0.0,11.16,307.27,44.22,9.73,-114.7,1,On,913.24,314.3
1789158300000000000,2026-09-11T20:25:00Z,controller 1,1.764,6.237,-11.1,0.0,11.1,307.25,44.18,10.03,-110.67,2,On,909.08,320.72
1789158360000000000,2026-09-11T20:26:00Z,controller 1,1.738,6.332,-11.24,0.0,11.24,307.25,44.16,8.68,-129.49,1,On,950.87,306.84
1789158420000000000,2026-09-11T20:27:00Z,controller 1,1.801,6.392,-10.6,0.0,10.6,307.25,44.15,10.39,-102.02,2,On,921.19,287.56
1789158480000000000,2026-09-11T20:28:00Z,controller 1,1.741,6.408,-11.18,0.0,11.18,307.24,44.12,9.65,-115.85,2,On,908.73,298.26
1789158540000000000,2026-09-11T20:29:00Z,controller 1,1.765,6.34,-12.05,0.0,12.05,307.23,44.11,9.0,-133.89,1,On,912.13,280.96
1789158600000000000,2026-09-11T20:30:00Z,controller 1,1.753,6.313,-11.97,0.0,11.97,307.23,44.09,9.36,-127.88,1,On,910.6,269.82
1789158660000000000,2026-09-11T20:31:00Z,controller 1,1.755,6.252,-12.05,0.0,12.05,307.22,44.07,9.6,-125.52,1,On,918.07,274.35
1789158720000000000,2026-09-11T20:32:00Z,controller 1,1.835,6.122,-11.96,0.0,11.96,307.21,44.05,11.18,-106.98,3,On,897.3,285.92
1789158780000000000,2026-09-11T20:33:00Z,controller 1,1.837,6.069,-11.2,0.0,11.2,307.21,44.02,9.79,-114.4,3,On,936.87,309.88
1789158840000000000,2026-09-11T20:34:00Z,controller 1,1.92,6.067,-11.62,0.0,11.62,307.2,43.99,10.59,-109.73,2,On,914.77,314.45
1789158900000000000,2026-09-11T20:35:00Z,controller 1,1.948,5.958,-12.61,0.0,12.61,307.19,43.97,11.71,-107.69,1,On,873.78,289.49
1789158960000000000,2026-09-11T20:36:00Z,controller 1,2.0,5.862,-12.65,0.0,12.65,307.19,43.96,11.27,-112.24,1,On,846.68,268.62
1789159020000000000,2026-09-11T20:37:00Z,controller 1,2.051,5.942,-12.03,0.0,12.03,307.19,43.95,12.77,-94.21,1,On,860.16,266.62
1789159080000000000,2026-09-11T20:38:00Z,controller 1,2.031,5.94,-11.84,0.0,11.84,307.18,43.94,12.48,-94.87,2,On,874.52,293.87
1789159140000000000,2026-09-11T20:39:00Z,controller 1,2.114,5.9,-12.29,0.0,12.29,307.18,43.92,13.38,-91.85,2,On,901.88,284.39
1789159200000000000,2026-09-11T20:40:00Z,controller 1,2.176,5.936,-12.43,0.0,12.43,307.17,43.9,14.66,-84.79,3,On,915.44,281.63
1789159260000000000,2026-09-11T20:41:00Z,controller 1,2.065,5.935,-12.53,0.0,12.53,307.17,43.89,12.47,-100.48,2,Starting,918.51,257.65
1789159320000000000,2026-09-11T20:42:00Z,controller 1,2.066,5.893,-12.38,0.0,12.38,307.15,43.85,13.68,-90.5,1,Starting,944.48,230.09
1789159380000000000,2026-09-11T20:43:00Z,controller 1,1.955,5.929,-11.2,0.0,11.2,307.15,43.84,11.99,-93.41,1,Starting,966.3,243.42
1789159440000000000,2026-09-11T20:44:00Z,controller 1,2.001,5.874,-11.64,0.0,11.64,307.15,43.82,11.62,-100.17,1,Starting,986.57,234.83
1789159500000000000,2026-09-11T20:45:00Z,controller 1,1.955,5.887,-10.54,0.0,10.54,307.14,43.79,11.81,-89.25,1,Starting,1020.63,220.72
1789159560000000000,2026-09-11T20:46:00Z,controller 1,2.034,5.95,-9.51,0.0,9.51,307.13,43.76,12.91,-73.66,3,Starting,1020.1,203.94
1789159620000000000,2026-09-11T20:47:00Z,controller 1,2.016,5.938,-9.26,0.0,9.26,307.12,43.74,10.99,-84.26,2,Starting,1004.59,212.47
1789159680000000000,2026-09-11T20:48:00Z,controller 1,2.016,5.972,-8.35,0.0,8.35,307.11,43.71,11.65,-71.67,2,Starting,1022.73,231.83
1789159740000000000,2026-09-11T20:49:00Z,controller 1,2.055,5.99,-8.01,0.0,8.01,307.11,43.69,11.63,-68.87,3,Starting,980.66,256.96
1789159800000000000,2026-09-11T20:50:00Z,controller 1,2.007,6.01,-7.73,0.0,7.73,307.1,43.68,13.13,-58.87,3,Starting,1028.04,247.79
1789159860000000000,2026-09-11T20:51:00Z,controller 1,1.971,5.982,-7.94,0.0,7.94,307.1,43.66,10.57,-75.12,1,Starting,1067.25,272.39
1789159920000000000,2026-09-11T20:52:00Z,controller 1,1.963,5.981,-8.65,0.0,8.65,307.09,43.64,11.72,-73.81,3,Starting,1095.47,246.09
1789159980000000000,2026-09-11T20:53:00Z,controller 1,1.989,5.93,-8.27,0.0,8.27,307.09,43.62,11.31,-73.12,2,Starting,1050.07,244.34
1789160040000000000,2026-09-11T20:54:00Z,controller 1,1.978,5.919,-8.16,0.0,8.16,307.09,43.62,12.24,-66.67,1,Starting,1014.92,235.81
1789160100000000000,2026-09-11T20:55:00Z,controller 1,1.954,5.936,-8.7,0.0,8.7,307.08,43.6,10.2,-85.29,2,Starting,1049.74,242.15
1789160160000000000,2026-09-11T20:56:00Z,controller 1,2.014,6.041,-9.31,0.0,9.31,307.08,43.59,12.39,-75.14,3,Starting,1040.11,218.98
1789160220000000000,2026-09-11T20:57:00Z,controller 1,2.032,6.078,-8.48,0.0,8.48,307.07,43.56,12.54,-67.62,1,Starting,1086.78,233.39
1789160280000000000,2026-09-11T20:58:00Z,controller 1,1.958,6.082,-8.18,0.0,8.18,307.06,43.55,10.74,-76.16,1,Starting,1119.87,238.15
1789160340000000000,2026-09-11T20:59:00Z,controller 1,1.983,5.998,-8.69,0.0,8.69,307.06,43.54,11.61,-74.85,2,Starting,1118.95,209.02
1789160400000000000,2026-09-11T21:00:00Z,controller 1,1.989,6.108,-9.55,0.0,9.55,307.05,43.5,13.07,-73.07,1,Starting,1110.23,217.78
1789160460000000000,2026-09-11T21:01:00Z,controller 1,1.942,6.103,-9.23,0.0,9.23,307.05,43.5,12.34,-74.8,2,Starting,1117.45,232.89
1789160520000000000,2026-09-11T21:02:00Z,controller 1,1.952,6.129,-8.5,0.0,8.5,307.04,43.48,11.55,-73.59,1,Starting,1139.24,258.45
1789160580000000000,2026-09-11T21:03:00Z,controller 1,1.974,6.09,-7.9,0.0,7.9,307.04,43.47,12.65,-62.45,2,Starting,1159.57,236.89
1789160640000000000,2026-09-11T21:04:00Z,controller 1,3.024,6.007,-8.43,0.0,8.43,307.04,43.45,30.09,-28.02,2,Starting,1140.19,225.02
1789160700000000000,2026-09-11T21:05:00Z,controller 1,3.087,5.925,-7.66,0.0,7.66,307.03,43.43,27.42,-27.94,2,Starting,1182.0,218.25
1789160760000000000,2026-09-11T21:06:00Z,controller 1,3.0,6.022,-8.2,0.0,8.2,307.02,43.4,27.24,-30.1,1,Starting,1193.12,194.61
1789160820000000000,2026-09-11T21:07:00Z,controller 1,3.119,5.88,-8.8,0.0,8.8,307.01,43.37,26.52,-33.18,3,Starting,1233.24,184.04
1789160880000000000,2026-09-11T21:08:00Z,controller 1,3.089,5.79,-9.06,0.0,9.06,307.0,43.35,24.89,-36.4,3,Starting,1264.91,213.39
1789160940000000000,2026-09-11T21:09:00Z,controller 1,3.063,5.85,-8.83,0.0,8.83,307.0,43.33,29.27,-30.17,2,Starting,1252.62,216.45
1789161000000000000,2026-09-11T21:10:00Z,controller 1,2.901,5.775,-9.05,0.0,9.05,306.99,43.3,25.0,-36.2,3,Starting,1229.68,197.28
1789161060000000000,2026-09-11T21:11:00Z,controller 1,2.918,5.706,-8.74,0.0,8.74,306.98,43.27,25.51,-34.26,2,Starting,1234.15,201.74
1789161120000000000,2026-09-11T21:12:00Z,controller 1,2.826,5.764,-8.95,0.0,8.95,306.97,43.24,22.66,-39.5,3,Starting,1259.45,211.63
1789161180000000000,2026-09-11T21:13:00Z,controller 1,2.883,5.819,-9.29,0.0,9.29,306.97,43.22,25.57,-36.33,3,Starting,1270.38,226.76
1789161240000000000,2026-09-11T21:14:00Z,controller 1,2.919,5.832,-8.93,0.0,8.93,306.96,43.2,24.31,-36.73,3,Starting,1225.06,220.59
1789161300000000000,2026-09-11T21:15:00Z,controller 1,2.858,5.737,-8.19,0.0,8.19,306.95,43.17,24.99,-32.77,2,Starting,1228.28,250.13
1789161360000000000,2026-09-11T21:16:00Z,controller 1,2.985,5.815,-8.49,0.0,8.49,306.94,43.14,25.81,-32.89,3,Starting,1180.53,220.15
1789161420000000000,2026-09-11T21:17:00Z,controller 1,2.948,5.706,-8.04,0.0,8.04,306.94,43.13,25.11,-32.02,2,Starting,1222.51,247.89
1789161480000000000,2026-09-11T21:18:00Z,controller 1,3.093,5.62,-8.02,0.0,8.02,306.94,43.12,25.88,-30.99,3,Starting,1232.96,231.43
1789161540000000000,2026-09-11T21:19:00Z,controller 1,3.195,5.77,-7.36,0.0,7.36,306.92,43.08,28.94,-25.43,3,Starting,1251.79,232.87
1789161600000000000,2026-09-11T21:20:00Z,controller 1,3.248,5.788,-7.6,0.0,7.6,306.92,43.07,33.26,-22.85,1,Starting,1295.86,216.77
1789161660000000000,2026-09-11T21:21:00Z,controller 1,3.146,5.758,-7.11,0.0,7.11,306.92,43.06,30.15,-23.58,3,Starting,1269.36,203.3
1789161720000000000,2026-09-11T21:22:00Z,controller 1,3.159,5.678,-6.96,0.0,6.96,306.91,43.03,28.45,-24.46,3,Starting,1228.41,205.81
1789161780000000000,2026-09-11T21:23:00Z,controller 1,3.029,5.587,-6.47,0.0,6.47,306.91,43.02,24.18,-26.76,3,Starting,1214.36,198.37
1789161840000000000,2026-09-11T21:24:00Z,controller 1,3.026,5.496,-6.65,0.0,6.65,306.9,42.99,26.85,-24.77,3,Starting,1187.44,183.65
1789161900000000000,2026-09-11T21:25:00Z,controller 1,2.972,5.601,-6.83,0.0,6.83,306.89,42.96,23.78,-28.72,2,Starting,1347.56,621.68
1789161960000000000,2026-09-11T21:26:00Z,controller 1,3.133,5.501,-6.31,0.0,6.31,306.88,42.95,25.28,-24.96,1,Starting,1299.85,602.29
1789162020000000000,2026-09-11T21:27:00Z,controller 1,3.194,5.512,-6.53,0.0,6.53,306.88,42.92,26.27,-24.86,3,Starting,1306.19,585.96
1789162080000000000,2026-09-11T21:28:00Z,controller 1,3.167,5.605,-6.36,0.0,6.36,306.87,42.89,26.26,-24.22,1,Starting,1352.86,610.92
1789162140000000000,2026-09-11T21:29:00Z,controller 1,3.002,5.697,-6.65,0.0,6.65,306.86,42.88,26.76,-24.85,3,Starting,1324.99,617.66
1789162200000000000,2026-09-11T21:30:00Z,controller 1,3.048,5.751,-6.39,0.0,6.39,306.86,42.85,27.73,-23.04,1,Starting,1303.13,609.18
1789162260000000000,2026-09-11T21:31:00Z,controller 1,3.039,5.724,-6.39,0.0,6.39,306.85,42.84,28.59,-22.35,2,Starting,1320.16,638.45
1789162320000000000,2026-09-11T21:32:00Z,controller 1,3.098,5.802,-6.36,0.0,6.36,306.85,42.83,25.9,-24.56,3,Starting,1338.36,613.64
1789162380000000000,2026-09-11T21:33:00Z,controller 1,3.045,5.76,-6.44,0.0,6.44,306.85,42.82,27.07,-23.79,3,Starting,1306.26,638.65
1789162440000000000,2026-09-11T21:34:00Z,controller 1,2.876,5.75,-6.21,0.0,6.21,306.84,42.79,24.04,-25.83,1,Starting,1267.67,636.51
1789162500000000000,2026-09-11T21:35:00Z,controller 1,2.84,5.746,-6.15,0.0,6.15,306.83,42.77,24.19,-25.42,2,Starting,1241.41,662.58
1789162560000000000,2026-09-11T21:36:00Z,controller 1,2.804,5.769,-5.68,0.0,5.68,306.83,42.76,20.5,-27.71,1,Starting,1203.2,644.85
1789162620000000000,2026-09-11T21:37:00Z,controller 1,2.787,5.801,-5.44,0.0,5.44,306.82,42.75,22.47,-24.21,1,Starting,1211.32,667.36
1789162680000000000,2026-09-11T21:38:00Z,controller 1,2.718,5.798,-5.31,0.0,5.31,306.82,42.74,22.38,-23.73,3,Starting,1205.38,678.37
1789162740000000000,2026-09-11T21:39:00Z,controller 1,2.614,5.797,-4.9,0.0,4.9,306.82,42.74,18.92,-25.9,2,Starting,1184.21,693.48
1789162800000000000,2026-09-11T21:40:00Z,controller 1,2.702,5.901,-4.9,0.0,4.9,306.82,42.73,23.35,-20.99,1,Starting,1233.12,712.68
1789162860000000000,2026-09-11T21:41:00Z,controller 1,2.688,5.918,-4.75,0.0,4.75,306.82,42.72,23.44,-20.26,3,Starting,1212.86,717.91
1789162920000000000,2026-09-11T21:42:00Z,controller 1,2.621,5.879,-4.29,0.0,4.29,306.81,42.7,22.01,-19.49,1,Starting,1229.84,738.84
1789162980000000000,2026-09-11T21:43:00Z,controller 1,2.55,5.876,-4.43,0.0,4.43,306.8,42.68,19.68,-22.51,1,Starting,1238.8,757.43
1789163040000000000,2026-09-11T21:44:00Z,controller 1,2.645,5.808,-4.52,0.0,4.52,306.8,42.65,19.36,-23.35,2,Starting,1217.7,746.04
1789163100000000000,2026-09-11T21:45:00Z,controller 1,2.61,5.793,-4.84,0.0,4.84,306.79,42.62,21.12,-22.92,3,Starting,1258.54,718.92
1789163160000000000,2026-09-11T21:46:00Z,controller 1,2.656,5.777,-4.96,0.0,4.96,306.78,42.6,22.04,-22.5,1,Starting,1279.38,709.86
1789163220000000000,2026-09-11T21:47:00Z,controller 1,2.686,5.821,-4.95,0.0,4.95,306.77,42.58,19.06,-25.97,1,Starting,1317.09,738.08
1789163280000000000,2026-09-11T21:48:00Z,controller 1,2.716,5.828,-5.36,0.0,5.36,306.77,42.57,21.9,-24.47,3,Starting,1354.13,765.21
1789163340000000000,2026-09-11T21:49:00Z,controller 1,2.682,5.905,-5.46,0.0,5.46,306.76,42.55,20.09,-27.18,3,Starting,1343.06,776.81
1789163400000000000,2026-09-11T21:50:00Z,controller 1,2.576,5.921,-5.04,0.0,5.04,306.76,42.52,21.29,-23.67,3,Starting,1328.46,769.02
1789163460000000000,2026-09-11T21:51:00Z,controller 1,2.614,5.967,-5.33,0.0,5.33,306.75,42.5,18.82,-28.32,3,Starting,1327.66,781.38
1789163520000000000,2026-09-11T21:52:00Z,controller 1,2.558,5.996,-5.6,0.0,5.6,306.74,42.48,18.5,-30.27,3,Starting,1342.23,808.74
1789163580000000000,2026-09-11T21:53:00Z,controller 1,2.494,6.002,-5.79,0.0,5.79,306.73,42.44,18.95,-30.55,2,Starting,1365.74,799.76
1789163640000000000,2026-09-11T21:54:00Z,controller 1,2.401,5.913,-5.63,0.0,5.63,306.72,42.41,15.77,-35.7,1,Starting,780.62,865.34
1789163700000000000,2026-09-11T21:55:00Z,controller 1,2.462,5.815,-5.49,0.0,5.49,306.72,42.4,17.23,-31.86,3,Starting,801.02,873.99
1789163760000000000,2026-09-11T21:56:00Z,controller 1,2.512,5.801,-5.14,0.0,5.14,306.72,42.39,20.04,-25.65,2,Starting,818.24,885.33
1789163820000000000,2026-09-11T21:57:00Z,controller 1,2.504,5.833,-5.16,0.0,5.16,306.71,42.36,19.75,-26.13,2,Starting,809.12,882.75
1789163880000000000,2026-09-11T21:58:00Z,controller 1,2.485,5.901,-5.37,0.0,5.37,306.7,42.33,17.51,-30.67,3,Starting,842.85,889.95
1789163940000000000,2026-09-11T21:59:00Z,controller 1,2.561,5.857,-5.29,0.0,5.29,306.69,42.3,20.86,-25.36,1,Starting,870.28,899.63
1789164000000000000,2026-09-11T22:00:00Z,controller 1,2.622,5.76,-5.49,0.0,5.49,306.69,42.29,20.58,-26.68,1,Starting,837.06,917.09
1789164060000000000,2026-09-11T22:01:00Z,controller 1,2.716,5.744,-5.66,0.0,5.66,306.68,42.27,22.15,-25.55,2,Starting,856.49,887.92
1789164120000000000,2026-09-11T22:02:00Z,controller 1,2.773,5.716,-6.18,0.0,6.18,306.68,42.26,23.26,-26.57,2,Starting,827.12,886.04
1789164180000000000,2026-09-11T22:03:00Z,controller 1,2.815,5.652,-6.49,0.0,6.49,306.67,42.24,21.13,-30.71,2,Starting,840.09,911.78
1789164240000000000,2026-09-11T22:04:00Z,controller 1,2.806,5.607,-6.49,0.0,6.49,306.67,42.22,21.46,-30.24,2,Starting,857.92,912.31
1789164300000000000,2026-09-11T22:05:00Z,controller 1,2.726,5.655,-7.04,0.0,7.04,306.65,42.18,21.36,-32.96,1,Starting,905.11,892.34
1789164360000000000,2026-09-11T22:06:00Z,controller 1,2.761,5.663,-7.18,0.0,7.18,306.65,42.17,21.89,-32.8,3,Starting,868.84,890.26
1789164420000000000,2026-09-11T22:07:00Z,controller 1,2.712,5.77,-7.24,0.0,7.24,306.64,42.15,19.21,-37.69,3,Starting,910.92,878.74
1789164480000000000,2026-09-11T22:08:00Z,controller 1,2.665,5.777,-7.89,0.0,7.89,306.64,42.15,20.41,-38.66,1,Starting,932.28,851.12
1789164540000000000,2026-09-11T22:09:00Z,controller 1,2.633,5.908,-8.26,0.0,8.26,306.64,42.13,20.31,-40.67,2,Starting,906.9,825.03
1789164600000000000,2026-09-11T22:10:00Z,controller 1,2.593,5.901,-8.31,0.0,8.31,306.64,42.12,20.31,-40.92,2,Starting,918.54,802.81
1789164660000000000,2026-09-11T22:11:00Z,controller 1,2.595,5.833,-8.54,0.0,8.54,306.63,42.11,21.01,-40.65,3,Starting,888.21,795.37
1789164720000000000,2026-09-11T22:12:00Z,controller 1,2.521,5.919,-7.76,0.0,7.76,306.63,42.09,17.91,-43.33,2,Starting,861.22,772.22
1789164780000000000,2026-09-11T22:13:00Z,controller 1,2.467,6.015,-7.01,0.0,7.01,306.62,42.06,18.26,-38.39,1,Starting,889.71,772.35
1789164840000000000,2026-09-11T22:14:00Z,controller 1,2.496,6.008,-7.52,0.0,7.52,306.62,42.05,17.57,-42.8,3,Starting,887.76,790.7
1789164900000000000,2026-09-11T22:15:00Z,controller 1,2.534,5.994,-7.75,0.0,7.75,306.61,42.03,18.23,-42.51,2,Starting,896.95,811.2
1789164960000000000,2026-09-11T22:16:00Z,controller 1,2.475,6.012,-7.79,0.0,7.79,306.61,42.02,18.42,-42.29,1,Starting,892.18,832.76
1789165020000000000,2026-09-11T22:17:00Z,controller 1,2.467,5.988,-7.68,0.0,7.68,306.6,42.0,16.58,-46.32,3,Starting,926.45,845.08
1789165080000000000,2026-09-11T22:18:00Z,controller 1,2.524,5.871,-8.1,0.0,8.1,306.6,41.99,17.2,-47.09,2,Starting,817.31,874.95
1789165140000000000,2026-09-11T22:19:00Z,controller 1,2.544,5.875,-7.95,0.0,7.95,306.59,41.97,17.92,-44.36,3,Starting,844.24,879.7
1789165200000000000,2026-09-11T22:20:00Z,controller 1,2.626,5.905,-8.3,0.0,8.3,306.58,41.94,18.64,-44.53,3,Starting,828.93,876.99
1789165260000000000,2026-09-11T22:21:00Z,controller 1,2.63,5.866,-8.06,0.0,8.06,306.57,41.91,18.74,-43.01,3,Starting,832.4,898.41
1789165320000000000,2026-09-11T22:22:00Z,controller 1,2.709,5.779,-8.29,0.0,8.29,306.57,41.9,19.52,-42.47,2,Starting,860.45,869.12
1789165380000000000,2026-09-11T22:23:00Z,controller 1,2.785,5.748,-8.93,0.0,8.93,306.56,41.86,20.13,-44.36,3,Starting,843.43,846.59
1789165440000000000,2026-09-11T22:24:00Z,controller 1,2.751,5.751,-9.05,0.0,9.05,306.55,41.84,19.94,-45.39,2,Starting,834.06,846.48
1789165500000000000,2026-09-11T22:25:00Z,controller 1,2.635,5.801,-9.93,0.0,9.93,306.55,41.83,21.62,-45.93,1,Starting,864.71,837.23
1789165560000000000,2026-09-11T22:26:00Z,controller 1,2.582,5.855,-10.19,0.0,10.19,306.54,41.81,18.28,-55.74,1,Starting,852.87,816.06
1789165620000000000,2026-09-11T22:27:00Z,controller 1,2.573,5.892,-9.85,0.0,9.85,306.53,41.78,17.99,-54.75,1,Starting,826.13,830.88
1789165680000000000,2026-09-11T22:28:00Z,controller 1,2.609,5.857,-9.73,0.0,9.73,306.53,41.77,18.52,-52.54,2,Starting,842.72,855.55
1789165740000000000,2026-09-11T22:29:00Z,controller 1,2.619,5.821,-10.45,0.0,10.45,306.52,41.75,21.01,-49.74,2,Starting,1276.93,382.4
1789165800000000000,2026-09-11T22:30:00Z,controller 1,2.602,5.812,-11.07,0.0,11.07,306.52,41.74,20.34,-54.42,3,Starting,1301.76,408.7
1789165860000000000,2026-09-11T22:31:00Z,controller 1,2.634,5.816,-10.08,0.0,10.08,306.51,41.7,18.96,-53.16,3,Starting,1337.66,381.27
1789165920000000000,2026-09-11T22:32:00Z,controller 1,2.619,5.803,-9.37,0.0,9.37,306.5,41.67,18.15,-51.63,1,Starting,1379.38,352.92
1789165980000000000,2026-09-11T22:33:00Z,controller 1,2.603,5.877,-9.34,0.0,9.34,306.49,41.64,19.53,-47.82,3,Starting,1402.39,354.6
1789166040000000000,2026-09-11T22:34:00Z,controller 1,2.57,5.872,-10.03,0.0,10.03,306.48,41.61,20.37,-49.24,3,Starting,1367.72,372.87
1789166100000000000,2026-09-11T22:35:00Z,controller 1,2.565,5.903,-10.73,0.0,10.73,306.47,41.58,18.46,-58.13,1,Starting,1372.82,383.37
1789166160000000000,2026-09-11T22:36:00Z,controller 1,2.593,6.004,-10.33,0.0,10.33,306.47,41.56,18.54,-55.72,1,Starting,1325.17,408.56
1789166220000000000,2026-09-11T22:37:00Z,controller 1,2.494,5.949,-11.36,0.0,11.36,306.47,41.56,16.72,-67.94,2,Starting,1280.55,426.31
1789166280000000000,2026-09-11T22:38:00Z,controller 1,2.497,6.055,-10.94,0.0,10.94,306.46,41.52,17.89,-61.15,1,Starting,1330.03,409.78
1789166340000000000,2026-09-11T22:39:00Z,controller 1,2.443,5.994,-11.37,0.0,11.37,306.45,41.49,18.74,-60.67,1,Starting,1289.07,434.42
1789166400000000000,2026-09-11T22:40:00Z,controller 1,2.438,5.89,-10.55,0.0,10.55,306.44,41.47,18.06,-58.42,2,Starting,1271.57,412.83
1789166460000000000,2026-09-11T22:41:00Z,controller 1,2.384,5.79,-9.5,0.0,9.5,306.44,41.46,15.52,-61.21,1,Starting,1210.28,816.59
1789166520000000000,2026-09-11T22:42:00Z,controller 1,2.307,5.782,-8.97,0.0,8.97,306.43,41.43,15.94,-56.27,2,Starting,1165.81,799.84
1789166580000000000,2026-09-11T22:43:00Z,controller 1,2.224,5.715,-9.1,0.0,9.1,306.42,41.41,13.18,-69.04,3,Starting,1211.69,831.31
1789166640000000000,2026-09-11T22:44:00Z,controller 1,2.254,5.713,-8.72,0.0,8.72,306.42,41.41,15.78,-55.26,3,Starting,1178.56,853.23
1789166700000000000,2026-09-11T22:45:00Z,controller 1,2.204,5.679,-9.27,0.0,9.27,306.41,41.38,12.71,-72.93,1,Starting,1146.89,873.45
1789166760000000000,2026-09-11T22:46:00Z,controller 1,2.131,5.599,-10.0,0.0,10.0,306.41,41.36,13.07,-76.51,3,Starting,1121.91,893.34
1789166820000000000,2026-09-11T22:47:00Z,controller 1,2.053,5.524,-9.56,0.0,9.56,306.4,41.35,11.12,-85.97,2,Starting,1111.66,875.02
1789166880000000000,2026-09-11T22:48:00Z,controller 1,2.074,5.582,-8.93,0.0,8.93,306.43,41.43,12.25,-72.9,2,Starting,1121.28,898.83
1789166940000000000,2026-09-11T22:49:00Z,controller 1,2.134,5.552,-9.42,0.0,9.42,306.45,41.5,12.22,-77.09,2,Starting,1107.43,907.62
1789167000000000000,2026-09-11T22:50:00Z,controller 1,2.194,5.538,-10.0,0.0,10.0,306.46,41.54,13.07,-76.51,3,Starting,1081.05,914.27
1789167060000000000,2026-09-11T22:51:00Z,controller 1,2.219,5.435,-10.31,0.0,10.31,306.48,41.61,13.19,-78.17,3,Starting,1107.54,910.24
1789167120000000000,2026-09-11T22:52:00Z,controller 1,2.236,5.448,-10.17,0.0,10.17,306.5,41.67,12.51,-81.29,2,Starting,1124.27,933.74
1789167180000000000,2026-09-11T22:53:00Z,controller 1,2.335,5.438,-11.04,0.0,11.04,306.51,41.7,16.05,-68.79,1,Starting,1110.68,928.45
1789167240000000000,2026-09-11T22:54:00Z,controller 1,2.338,5.455,-10.94,0.0,10.94,306.53,41.76,14.31,-76.45,3,Starting,1138.05,942.67
1789167300000000000,2026-09-11T22:55:00Z,controller 1,2.291,5.486,-9.98,0.0,9.98,306.54,41.81,14.66,-68.08,1,Starting,1182.52,951.15
1789167360000000000,2026-09-11T22:56:00Z,controller 1,2.26,5.554,-10.26,0.0,10.26,306.57,41.9,14.06,-72.97,3,Starting,507.94,964.9
1789167420000000000,2026-09-11T22:57:00Z,controller 1,2.232,5.562,-10.21,0.0,10.21,306.59,41.97,13.24,-77.11,3,Starting,535.65,943.13
1789167480000000000,2026-09-11T22:58:00Z,controller 1,2.237,5.655,-9.35,0.0,9.35,306.61,42.03,14.16,-66.03,3,Starting,498.33,946.2
1789167540000000000,2026-09-11T22:59:00Z,controller 1,2.339,5.609,-8.69,0.0,8.69,306.64,42.12,15.83,-54.9,2,Starting,472.4,935.98
1789167600000000000,2026-09-11T23:00:00Z,controller 1,2.388,5.663,-8.43,0.0,8.43,306.66,42.2,14.59,-57.78,2,Starting,492.59,935.53
1789167660000000000,2026-09-11T23:01:00Z,controller 1,2.399,5.605,-7.68,0.0,7.68,306.67,42.24,16.94,-45.34,2,Starting,540.85,925.15
1789167720000000000,2026-09-11T23:02:00Z,controller 1,2.404,5.715,-7.78,0.0,7.78,306.68,42.28,17.0,-45.76,2,Starting,509.45,923.81
1789167780000000000,2026-09-11T23:03:00Z,controller 1,2.425,5.792,-7.66,0.0,7.66,306.7,42.35,18.02,-42.51,1,Starting,499.8,917.39
1789167840000000000,2026-09-11T23:04:00Z,controller 1,2.343,5.828,-7.58,0.0,7.58,306.71,42.38,17.36,-43.66,1,Starting,514.2,945.73
1789167900000000000,2026-09-11T23:05:00Z,controller 1,2.344,5.901,-7.76,0.0,7.76,306.72,42.41,17.03,-45.57,2,Starting,467.13,918.58
1789167960000000000,2026-09-11T23:06:00Z,controller 1,2.404,5.928,-7.42,0.0,7.42,306.74,42.48,17.8,-41.69,1,Starting,456.91,922.57
1789168020000000000,2026-09-11T23:07:00Z,controller 1,2.469,5.88,-7.61,0.0,7.61,306.75,42.5,19.61,-38.81,3,Starting,410.39,894.87
1789168080000000000,2026-09-11T23:08:00Z,controller 1,2.506,5.84,-7.33,0.0,7.33,306.77,42.57,18.97,-38.64,1,Starting,439.47,866.91
1789168140000000000,2026-09-11T23:09:00Z,controller 1,2.449,5.772,-7.97,0.0,7.97,306.8,42.65,17.1,-46.61,2,Starting,470.2,868.53
1789168200000000000,2026-09-11T23:10:00Z,controller 1,2.504,5.858,-7.37,0.0,7.37,306.82,42.72,17.23,-42.77,3,Starting,504.76,856.95
1789168260000000000,2026-09-11T23:11:00Z,controller 1,2.506,5.872,-6.65,0.0,6.65,306.83,42.76,18.81,-35.35,1,Starting,528.52,859.15
1789168320000000000,2026-09-11T23:12:00Z,controller 1,2.499,5.759,-6.5,0.0,6.5,306.85,42.84,16.23,-40.05,2,Starting,556.7,857.31
1789168380000000000,2026-09-11T23:13:00Z,controller 1,2.478,5.798,-5.93,0.0,5.93,306.87,42.91,18.36,-32.3,1,Starting,541.85,863.05
1789168440000000000,2026-09-11T23:14:00Z,controller 1,2.473,5.726,-6.01,0.0,6.01,306.9,42.99,16.68,-36.03,1,Starting,550.73,886.81
1789168500000000000,2026-09-11T23:15:00Z,controller 1,2.465,5.686,-5.88,0.0,5.88,306.92,43.06,18.6,-31.61,3,Starting,586.05,890.98
1789168560000000000,2026-09-11T23:16:00Z,controller 1,2.428,5.634,-5.43,0.0,5.43,306.92,43.08,17.98,-30.2,2,Starting,597.45,861.23
1789168620000000000,2026-09-11T23:17:00Z,controller 1,2.413,5.655,-5.41,0.0,5.41,306.94,43.15,15.27,-35.43,3,Starting,643.95,887.46
1789168680000000000,2026-09-11T23:18:00Z,controller 1,2.405,5.697,-5.16,0.0,5.16,306.97,43.22,15.65,-32.97,2,Starting,618.51,860.13
1789168740000000000,2026-09-11T23:19:00Z,controller 1,2.396,5.707,-5.51,0.0,5.51,306.98,43.25,16.25,-33.91,3,Starting,622.07,838.6
1789168800000000000,2026-09-11T23:20:00Z,controller 1,2.409,5.655,-5.38,0.0,5.38,306.99,43.31,16.18,-33.25,2,Starting,616.87,810.43
1789168860000000000,2026-09-11T23:21:00Z,controller 1,2.393,5.667,-5.64,0.0,5.64,307.0,43.35,17.05,-33.08,1,Starting,603.82,822.51
1789168920000000000,2026-09-11T23:22:00Z,controller 1,2.392,5.66,-5.39,0.0,5.39,307.02,43.41,16.11,-33.46,3,Starting,577.46,833.74
1789168980000000000,2026-09-11T23:23:00Z,controller 1,2.43,5.579,-4.87,0.0,4.87,307.04,43.48,16.82,-28.95,1,Starting,621.1,858.81
1789169040000000000,2026-09-11T23:24:00Z,controller 1,2.378,5.58,-4.91,0.0,4.91,307.06,43.55,15.1,-32.52,1,Starting,614.05,879.79
1789169100000000000,2026-09-11T23:25:00Z,controller 1,2.312,5.589,-4.8,0.0,4.8,307.09,43.63,14.91,-32.19,1,Starting,578.27,890.67
1789169160000000000,2026-09-11T23:26:00Z,controller 1,2.258,5.583,-4.34,0.0,4.34,307.1,43.66,12.88,-33.7,3,Starting,529.98,867.36
1789169220000000000,2026-09-11T23:27:00Z,controller 1,2.143,5.542,-4.17,0.0,4.17,307.11,43.7,13.02,-32.03,2,Starting,522.42,877.71
1789169280000000000,2026-09-11T23:28:00Z,controller 1,2.152,5.561,-3.77,0.0,3.77,307.13,43.76,12.84,-29.36,1,Starting,540.26,875.34
1789169340000000000,2026-09-11T23:29:00Z,controller 1,2.124,5.488,-3.7,0.0,3.7,307.15,43.84,11.86,-31.2,1,Starting,557.8,901.45
1789169400000000000,2026-09-11T23:30:00Z,controller 1,2.187,5.565,-3.79,0.0,3.79,307.17,43.89,13.16,-28.8,2,Starting,528.58,876.65
1789169460000000000,2026-09-11T23:31:00Z,controller 1,2.193,5.554,-4.15,0.0,4.15,307.19,43.97,13.67,-30.36,1,Starting,1268.2,781.37
1789169520000000000,2026-09-11T23:32:00Z,controller 1,2.131,5.608,-4.51,0.0,4.51,307.22,44.06,11.95,-37.74,3,Starting,1298.95,776.22
1789169580000000000,2026-09-11T23:33:00Z,controller 1,2.077,5.478,-4.47,0.0,4.47,307.23,44.09,12.9,-34.65,3,Starting,1340.51,771.2
1789169640000000000,2026-09-11T23:34:00Z,controller 1,2.072,5.5,-4.21,0.0,4.21,307.25,44.17,12.93,-32.56,3,Starting,1348.08,746.85
1789169700000000000,2026-09-11T23:35:00Z,controller 1,1.992,5.539,-3.82,0.0,3.82,307.26,44.2,11.21,-34.08,3,Starting,1305.53,725.63
1789169760000000000,2026-09-11T23:36:00Z,controller 1,1.985,5.59,-4.11,0.0,4.11,307.28,44.27,10.44,-39.37,3,Starting,1345.44,711.43
1789169820000000000,2026-09-11T23:37:00Z,controller 1,1.965,5.615,-4.08,0.0,4.08,307.29,44.31,9.9,-41.21,1,Starting,1373.44,724.02
1789169880000000000,2026-09-11T23:38:00Z,controller 1,1.923,5.571,-4.32,0.0,4.32,307.32,44.39,10.78,-40.07,1,Starting,1375.1,733.58
1789169940000000000,2026-09-11T23:39:00Z,controller 1,1.851,5.493,-3.96,0.0,3.96,307.34,44.47,9.24,-42.86,3,Starting,1393.99,736.6
1789170000000000000,2026-09-11T23:40:00Z,controller 1,1.859,5.429,-3.61,0.0,3.61,307.36,44.53,9.63,-37.49,2,Starting,1372.93,735.47
1789170060000000000,2026-09-11T23:41:00Z,controller 1,1.939,5.464,-3.25,0.0,3.25,307.38,44.61,11.17,-29.1,3,Starting,1362.21,741.73
1789170120000000000,2026-09-11T23:42:00Z,controller 1,1.883,5.416,-3.48,0.0,3.48,307.39,44.64,9.16,-37.99,3,Starting,1225.29,441.35
1789170180000000000,2026-09-11T23:43:00Z,controller 1,1.947,5.429,-3.23,0.0,3.23,307.41,44.69,9.29,-34.77,2,Starting,1194.17,462.29
1789170240000000000,2026-09-11T23:44:00Z,controller 1,1.862,5.34,-3.04,0.0,3.04,307.43,44.75,8.36,-36.36,1,Starting,1154.93,446.84
1789170300000000000,2026-09-11T23:45:00Z,controller 1,1.905,5.268,-2.82,0.0,2.82,307.44,44.8,10.41,-27.09,1,Starting,1200.59,468.5
1789170360000000000,2026-09-11T23:46:00Z,controller 1,1.889,5.307,-2.9,0.0,2.9,307.45,44.83,10.23,-28.35,2,Starting,1222.75,474.53
1789170420000000000,2026-09-11T23:47:00Z,controller 1,1.871,5.291,-2.64,0.0,2.64,307.46,44.86,8.46,-31.21,1,Starting,1230.45,482.95
1789170480000000000,2026-09-11T23:48:00Z,controller 1,1.825,5.29,-2.44,0.0,2.44,307.47,44.9,9.03,-27.02,2,Starting,1207.83,487.41
1789170540000000000,2026-09-11T23:49:00Z,controller 1,1.77,5.248,-2.52,0.0,2.52,307.49,44.97,8.97,-28.09,2,Starting,1256.96,513.28
1789170600000000000,2026-09-11T23:50:00Z,controller 1,1.746,5.308,-2.55,0.0,2.55,307.52,45.06,7.48,-34.09,1,Starting,1280.45,542.65
1789170660000000000,2026-09-11T23:51:00Z,controller 1,1.822,5.287,-2.68,0.0,2.68,307.53,45.09,9.35,-28.66,2,Starting,1276.95,519.88
1789170720000000000,2026-09-11T23:52:00Z,controller 1,1.807,5.247,-2.6,0.0,2.6,307.54,45.14,8.72,-29.82,2,Starting,1264.8,849.33
1789170780000000000,2026-09-11T23:53:00Z,controller 1,1.789,5.194,-2.51,0.0,2.51,307.56,45.21,8.21,-30.57,3,Starting,1237.7,841.75
1789170840000000000,2026-09-11T23:54:00Z,controller 1,1.719,5.253,-2.7,0.0,2.7,307.59,45.3,7.24,-37.29,1,Starting,1280.98,839.52
1789170900000000000,2026-09-11T23:55:00Z,controller 1,1.698,5.283,-2.84,0.0,2.84,307.6,45.34,7.61,-37.32,2,Starting,1314.46,812.46
1789170960000000000,2026-09-11T23:56:00Z,controller 1,1.701,5.228,-3.07,0.0,3.07,307.61,45.37,7.28,-42.17,3,Starting,1281.96,837.52
1789171020000000000,2026-09-11T23:57:00Z,controller 1,1.729,5.157,-2.97,0.0,2.97,307.63,45.43,7.81,-38.03,3,Starting,1286.77,808.65
1789171080000000000,2026-09-11T23:58:00Z,controller 1,1.709,5.165,-2.85,0.0,2.85,307.65,45.49,6.93,-41.13,2,Starting,1313.92,799.66
1789171140000000000,2026-09-11T23:59:00Z,controller 1,1.66,5.251,-2.91,0.0,2.91,307.66,45.54,7.1,-40.99,1,Starting,1274.58,811.9
