timestamp_ns,timestamp_iso,controller,hs,tp,avg_power,power_in,power_to_controller,battery_voltage,battery_pct,sea_state_energy,efficiency,peaks,nextwave,nextwave_error,nextwave_error_2
1789948800000000000,2026-09-21T00:00:00Z,synthetic_free_response,1.752,5.675,0.59,0.59,0.0,294.79,11.58,8.74,6.75,1,Off,1160.78,406.06
1789948860000000000,2026-09-21T00:01:00Z,synthetic_free_response,1.829,5.654,0.63,0.63,0.0,294.78,11.56,9.69,6.5,3,Off,1121.99,409.75
1789948920000000000,2026-09-21T00:02:00Z,synthetic_free_response,1.808,5.6,0.67,0.67,0.0,294.76,11.53,9.84,6.81,3,Off,1144.29,429.81
1789948980000000000,2026-09-21T00:03:00Z,synthetic_free_response,1.759,5.498,0.74,0.74,0.0,294.75,11.51,8.82,8.39,2,Off,1189.24,433.9
1789949040000000000,2026-09-21T00:04:00Z,synthetic_free_response,1.738,5.49,0.81,0.81,0.0,294.75,11.5,8.88,9.12,2,Off,1182.84,407.67
1789949100000000000,2026-09-21T00:05:00Z,synthetic_free_response,1.766,5.513,0.77,0.77,0.0,294.74,11.47,8.08,9.53,3,Off,1150.29,396.87
1789949160000000000,2026-09-21T00:06:00Z,synthetic_free_response,1.713,5.559,0.8,0.8,0.0,294.72,11.44,8.25,9.7,3,Off,1157.0,419.23
1789949220000000000,2026-09-21T00:07:00Z,synthetic_free_response,1.726,5.711,0.88,0.88,0.0,294.71,11.42,8.77,10.03,3,Off,1191.74,395.22
1789949280000000000,2026-09-21T00:08:00Z,synthetic_free_response,1.68,5.666,0.94,0.94,0.0,294.69,11.39,7.39,12.72,2,Off,1153.23,380.32
1789949340000000000,2026-09-21T00:09:00Z,synthetic_free_response,1.618,5.763,1.02,1.02,0.0,294.69,11.38,8.29,12.3,3,Off,1110.54,409.63
1789949400000000000,2026-09-21T00:10:00Z,synthetic_free_response,1.602,5.792,1.09,1.09,0.0,294.68,11.36,7.22,15.1,2,Off,1149.13,394.93
1789949460000000000,2026-09-21T00:11:00Z,synthetic_free_response,1.636,5.872,1.18,1.18,0.0,294.67,11.34,7.73,15.27,3,Off,1174.45,365.57
1789949520000000000,2026-09-21T00:12:00Z,synthetic_free_response,1.644,5.758,1.11,1.11,0.0,294.67,11.33,8.33,13.33,1,Off,1221.29,390.69
1789949580000000000,2026-09-21T00:13:00Z,synthetic_free_response,1.655,5.836,1.2,1.2,0.0,294.65,11.3,7.94,15.11,1,Off,1235.52,376.87
1789949640000000000,2026-09-21T00:14:00Z,synthetic_free_response,1.689,5.844,1.09,1.09,0.0,294.63,11.27,8.4,12.98,1,Off,1192.52,359.94
1789949700000000000,2026-09-21T00:15:00Z,synthetic_free_response,1.686,5.834,0.98,0.98,0.0,294.63,11.26,8.2,11.95,2,Off,1182.21,353.66
1789949760000000000,2026-09-21T00:16:00Z,synthetic_free_response,1.696,5.758,0.96,0.96,0.0,294.62,11.23,8.77,10.95,3,Off,1203.67,362.96
1789949820000000000,2026-09-21T00:17:00Z,synthetic_free_response,1.723,5.787,0.93,0.93,0.0,294.61,11.21,8.67,10.73,3,Off,1171.41,369.92
1789949880000000000,2026-09-21T00:18:00Z,synthetic_free_response,1.799,5.78,0.98,0.98,0.0,294.59,11.18,9.15,10.71,3,Off,1141.75,380.91
1789949940000000000,2026-09-21T00:19:00Z,synthetic_free_response,1.823,5.806,1.03,1.03,0.0,294.58,11.17,10.32,9.98,3,Off,1189.55,362.99
1789950000000000000,2026-09-21T00:20:00Z,synthetic_free_response,1.876,5.719,0.94,0.94,0.0,294.57,11.14,10.81,8.7,1,Off,1154.16,370.92
1789950060000000000,2026-09-21T00:21:00Z,synthetic_free_response,1.964,5.635,0.89,0.89,0.0,294.56,11.12,11.16,7.97,1,Off,1177.05,371.89
1789950120000000000,2026-09-21T00:22:00Z,synthetic_free_response,1.867,5.621,0.87,0.87,0.0,294.56,11.11,10.17,8.55,2,Off,1177.61,342.36
1789950180000000000,2026-09-21T00:23:00Z,synthetic_free_response,1.826,5.649,0.96,0.96,0.0,294.55,11.09,9.05,10.61,1,Off,1176.35,326.79
1789950240000000000,2026-09-21T00:24:00Z,synthetic_free_response,1.797,5.634,0.87,0.87,0.0,294.55,11.09,8.92,9.75,2,On,1201.12,318.88
1789950300000000000,2026-09-21T00:25:00Z,synthetic_free_response,1.804,5.55,0.89,0.89,0.0,294.53,11.06,9.6,9.27,3,On,1216.48,326.17
1789950360000000000,2026-09-21T00:26:00Z,synthetic_free_response,1.778,5.615,0.82,0.82,0.0,294.51,11.03,8.18,10.02,2,On,1212.95,312.97
1789950420000000000,2026-09-21T00:27:00Z,synthetic_free_response,1.771,5.611,0.77,0.77,0.0,294.5,11.01,8.13,9.47,1,On,1173.15,339.63
1789950480000000000,2026-09-21T00:28:00Z,synthetic_free_response,1.764,5.65,0.73,0.73,0.0,294.49,10.98,9.14,7.99,3,On,548.91,804.77
1789950540000000000,2026-09-21T00:29:00Z,synthetic_free_response,1.765,5.712,0.76,0.76,0.0,294.48,10.96,8.18,9.29,1,On,560.48,778.29
1789950600000000000,2026-09-21T00:30:00Z,synthetic_free_response,1.782,5.8,0.82,0.82,0.0,294.47,10.94,8.3,9.88,2,On,583.22,801.06
1789950660000000000,2026-09-21T00:31:00Z,synthetic_free_response,1.717,5.724,0.85,0.85,0.0,294.46,10.93,8.93,9.52,2,On,610.92,825.15
1789950720000000000,2026-09-21T00:32:00Z,synthetic_free_response,1.728,5.683,0.82,0.82,0.0,294.45,10.9,8.59,9.55,1,On,566.15,834.66
1789950780000000000,2026-09-21T00:33:00Z,synthetic_free_response,1.72,5.664,0.77,0.77,0.0,294.44,10.87,8.42,9.14,1,On,528.19,826.31
1789950840000000000,2026-09-21T00:34:00Z,synthetic_free_response,1.734,5.64,0.78,0.78,0.0,294.42,10.84,8.32,9.38,1,On,535.91,831.32
1789950900000000000,2026-09-21T00:35:00Z,synthetic_free_response,1.701,5.655,0.71,0.71,0.0,294.4,10.81,8.34,8.51,2,On,569.32,833.28
1789950960000000000,2026-09-21T00:36:00Z,synthetic_free_response,1.623,5.702,0.69,0.69,0.0,294.39,10.79,7.04,9.8,3,On,1480.76,355.56
1789951020000000000,2026-09-21T00:37:00Z,synthetic_free_response,1.58,5.628,0.7,0.7,0.0,294.38,10.77,6.76,10.36,3,On,807.23,805.62
1789951080000000000,2026-09-21T00:38:00Z,synthetic_free_response,1.534,5.707,0.72,0.72,0.0,294.37,10.74,7.09,10.16,3,On,844.68,785.02
1789951140000000000,2026-09-21T00:39:00Z,synthetic_free_response,1.562,5.648,0.75,0.75,0.0,294.36,10.71,6.64,11.3,2,On,863.87,762.68
1789951200000000000,2026-09-21T00:40:00Z,synthetic_free_response,1.571,5.629,0.7,0.7,0.0,294.33,10.67,7.43,9.42,2,On,907.47,746.73
1789951260000000000,2026-09-21T00:41:00Z,synthetic_free_response,1.549,5.662,0.71,0.71,0.0,294.33,10.66,7.27,9.77,1,On,954.65,769.32
1789951320000000000,2026-09-21T00:42:00Z,synthetic_free_response,1.599,5.632,0.66,0.66,0.0,294.32,10.65,7.59,8.7,2,On,1000.48,781.17
1789951380000000000,2026-09-21T00:43:00Z,synthetic_free_response,1.631,5.649,0.66,0.66,0.0,294.32,10.64,7.49,8.81,2,On,1006.37,755.42
1789951440000000000,2026-09-21T00:44:00Z,synthetic_free_response,1.61,5.604,0.64,0.64,0.0,294.31,10.62,7.5,8.53,2,On,998.75,771.1
1789951500000000000,2026-09-21T00:45:00Z,synthetic_free_response,1.648,5.655,0.68,0.68,0.0,294.3,10.6,7.45,9.13,2,On,987.75,742.23
1789951560000000000,2026-09-21T00:46:00Z,synthetic_free_response,1.582,5.619,0.72,0.72,0.0,294.29,10.57,6.55,10.99,3,On,1024.07,735.92
1789951620000000000,2026-09-21T00:47:00Z,synthetic_free_response,1.61,5.615,0.65,0.65,0.0,294.26,10.53,7.86,8.27,1,On,1035.12,759.52
1789951680000000000,2026-09-21T00:48:00Z,synthetic_free_response,1.633,5.533,0.63,0.63,0.0,294.26,10.52,6.82,9.24,1,On,985.71,773.88
1789951740000000000,2026-09-21T00:49:00Z,synthetic_free_response,1.59,5.582,0.62,0.62,0.0,294.25,10.5,7.75,8.0,1,On,1009.53,774.06
1789951800000000000,2026-09-21T00:50:00Z,synthetic_free_response,1.536,5.575,0.59,0.59,0.0,294.24,10.48,7.06,8.36,3,On,675.86,676.25
1789951860000000000,2026-09-21T00:51:00Z,synthetic_free_response,1.606,5.53,0.62,0.62,0.0,294.24,10.47,7.36,8.42,1,On,660.93,678.33
1789951920000000000,2026-09-21T00:52:00Z,synthetic_free_response,1.583,5.549,0.63,0.63,0.0,294.22,10.44,7.38,8.54,2,On,648.25,681.66
1789951980000000000,2026-09-21T00:53:00Z,synthetic_free_response,1.614,5.506,0.64,0.64,0.0,294.21,10.42,6.59,9.71,3,On,687.35,684.11
1789952040000000000,2026-09-21T00:54:00Z,synthetic_free_response,1.532,5.522,0.67,0.67,0.0,294.2,10.4,5.95,11.26,1,Starting,638.69,690.23
1789952100000000000,2026-09-21T00:55:00Z,synthetic_free_response,1.539,5.534,0.72,0.72,0.0,294.19,10.37,6.51,11.06,1,Starting,609.72,708.01
1789952160000000000,2026-09-21T00:56:00Z,synthetic_free_response,1.605,5.59,0.69,0.69,0.0,294.17,10.34,6.76,10.21,1,Starting,594.72,707.65
1789952220000000000,2026-09-21T00:57:00Z,synthetic_free_response,1.615,5.559,0.67,0.67,0.0,294.15,10.31,7.92,8.46,2,Starting,615.4,705.36
1789952280000000000,2026-09-21T00:58:00Z,synthetic_free_response,1.641,5.592,0.72,0.72,0.0,294.15,10.3,7.76,9.28,3,Starting,613.72,693.77
1789952340000000000,2026-09-21T00:59:00Z,synthetic_free_response,1.631,5.587,0.69,0.69,0.0,294.14,10.28,7.25,9.52,1,Starting,575.71,717.15
1789952400000000000,2026-09-21T01:00:00Z,synthetic_free_response,1.678,5.507,0.74,0.74,0.0,294.13,10.26,8.1,9.14,2,Starting,533.97,743.5
1789952460000000000,2026-09-21T01:01:00Z,synthetic_free_response,1.718,5.467,0.66,0.66,0.0,294.12,10.25,7.75,8.52,2,Starting,490.91,763.49
1789952520000000000,2026-09-21T01:02:00Z,synthetic_free_response,1.792,5.501,0.6,0.6,0.0,294.12,10.24,8.51,7.05,3,Starting,477.09,745.97
1789952580000000000,2026-09-21T01:03:00Z,synthetic_free_response,1.798,5.549,0.62,0.62,0.0,294.12,10.23,9.69,6.4,2,Starting,1149.39,312.83
1789952640000000000,2026-09-21T01:04:00Z,synthetic_free_response,1.746,5.56,0.64,0.64,0.0,294.11,10.22,8.3,7.71,3,Starting,1186.23,304.77
1789952700000000000,2026-09-21T01:05:00Z,synthetic_free_response,1.832,5.505,0.65,0.65,0.0,294.1,10.2,9.96,6.53,3,Starting,1176.74,309.41
1789952760000000000,2026-09-21T01:06:00Z,synthetic_free_response,1.901,5.509,0.61,0.61,0.0,294.08,10.17,10.21,5.97,3,Starting,1186.71,298.67
1789952820000000000,2026-09-21T01:07:00Z,synthetic_free_response,1.994,5.498,0.62,0.62,0.0,294.07,10.14,11.88,5.22,1,Starting,1187.62,288.76
1789952880000000000,2026-09-21T01:08:00Z,synthetic_free_response,2.028,5.474,0.64,0.64,0.0,294.06,10.12,11.44,5.59,2,Starting,1229.75,315.48
1789952940000000000,2026-09-21T01:09:00Z,synthetic_free_response,2.073,5.485,0.59,0.59,0.0,294.05,10.09,11.51,5.13,3,Starting,1244.27,337.77
1789953000000000000,2026-09-21T01:10:00Z,synthetic_free_response,2.08,5.486,0.6,0.6,0.0,294.03,10.06,11.83,5.07,1,Starting,1268.07,322.1
1789953060000000000,2026-09-21T01:11:00Z,synthetic_free_response,2.091,5.476,0.57,0.57,0.0,294.02,10.04,12.82,4.45,3,Starting,1241.36,309.95
1789953120000000000,2026-09-21T01:12:00Z,synthetic_free_response,2.051,5.508,0.56,0.56,0.0,294.01,10.02,11.63,4.82,3,Starting,1212.37,295.43
1789953180000000000,2026-09-21T01:13:00Z,synthetic_free_response,2.068,5.434,0.55,0.55,0.0,294.0,10.0,11.53,4.77,3,Starting,1259.64,313.65
1789953240000000000,2026-09-21T01:14:00Z,synthetic_free_response,2.061,5.536,0.59,0.59,0.0,293.99,9.99,12.23,4.82,2,Starting,1270.02,302.92
1789953300000000000,2026-09-21T01:15:00Z,synthetic_free_response,2.119,5.566,0.54,0.54,0.0,293.98,9.97,12.62,4.28,2,Starting,1310.58,273.85
1789953360000000000,2026-09-21T01:16:00Z,synthetic_free_response,2.19,5.566,0.5,0.5,0.0,293.98,9.96,12.21,4.1,2,Starting,1293.82,280.44
1789953420000000000,2026-09-21T01:17:00Z,synthetic_free_response,2.185,5.46,0.52,0.52,0.0,293.96,9.94,13.45,3.87,1,Starting,1314.39,268.24
1789953480000000000,2026-09-21T01:18:00Z,synthetic_free_response,2.22,5.429,0.52,0.52,0.0,293.96,9.93,13.39,3.88,2,Starting,1322.79,261.91
1789953540000000000,2026-09-21T01:19:00Z,synthetic_free_response,2.278,5.486,0.51,0.51,0.0,293.95,9.92,13.66,3.73,1,Starting,1349.07,244.81
1789953600000000000,2026-09-21T01:20:00Z,synthetic_free_response,2.232,5.504,0.52,0.52,0.0,293.94,9.9,14.17,3.67,1,Starting,1330.81,238.36
1789953660000000000,2026-09-21T01:21:00Z,synthetic_free_response,2.214,5.524,0.53,0.53,0.0,293.92,9.87,12.5,4.24,3,Starting,1299.0,254.59
1789953720000000000,2026-09-21T01:22:00Z,synthetic_free_response,2.148,5.565,0.56,0.56,0.0,293.91,9.85,13.02,4.3,2,Starting,1252.36,258.23
1789953780000000000,2026-09-21T01:23:00Z,synthetic_free_response,2.169,5.595,0.55,0.55,0.0,293.9,9.84,14.31,3.84,1,Starting,1265.44,266.22
1789953840000000000,2026-09-21T01:24:00Z,synthetic_free_response,2.154,5.53,0.59,0.59,0.0,293.89,9.81,11.96,4.93,1,Starting,1304.39,258.36
1789953900000000000,2026-09-21T01:25:00Z,synthetic_free_response,2.151,5.523,0.55,0.55,0.0,293.87,9.78,11.66,4.72,2,Starting,1320.09,252.42
1789953960000000000,2026-09-21T01:26:00Z,synthetic_free_response,2.114,5.532,0.55,0.55,0.0,293.85,9.75,12.34,4.46,3,Starting,1367.49,224.79
1789954020000000000,2026-09-21T01:27:00Z,synthetic_free_response,2.155,5.508,0.55,0.55,0.0,293.84,9.73,12.13,4.53,2,Starting,1385.7,235.73
1789954080000000000,2026-09-21T01:28:00Z,synthetic_free_response,2.111,5.428,0.53,0.53,0.0,293.83,9.71,13.02,4.07,2,Starting,1352.23,254.01
1789954140000000000,2026-09-21T01:29:00Z,synthetic_free_response,2.071,5.471,0.52,0.52,0.0,293.82,9.7,12.09,4.3,2,Starting,1313.66,252.08
1789954200000000000,2026-09-21T01:30:00Z,synthetic_free_response,2.009,5.488,0.49,0.49,0.0,293.81,9.68,10.13,4.84,2,Starting,1356.62,240.1
1789954260000000000,2026-09-21T01:31:00Z,synthetic_free_response,2.046,5.429,0.46,0.46,0.0,293.8,9.66,10.55,4.36,1,Starting,1316.32,244.36
1789954320000000000,2026-09-21T01:32:00Z,synthetic_free_response,2.065,5.55,0.42,0.42,0.0,293.78,9.64,11.75,3.57,1,Starting,1342.78,869.79
1789954380000000000,2026-09-21T01:33:00Z,synthetic_free_response,2.091,5.465,0.38,0.38,0.0,293.78,9.63,10.78,3.53,3,Starting,1310.08,840.83
1789954440000000000,2026-09-21T01:34:00Z,synthetic_free_response,2.138,5.533,0.36,0.36,0.0,293.76,9.6,12.1,2.98,3,Starting,1272.52,820.97
1789954500000000000,2026-09-21T01:35:00Z,synthetic_free_response,2.159,5.522,0.34,0.34,0.0,293.75,9.58,13.76,2.47,1,Starting,1302.05,805.09
1789954560000000000,2026-09-21T01:36:00Z,synthetic_free_response,2.121,5.524,0.33,0.33,0.0,293.74,9.57,13.6,2.43,2,Starting,1285.5,822.39
1789954620000000000,2026-09-21T01:37:00Z,synthetic_free_response,2.101,5.58,0.35,0.35,0.0,293.72,9.53,13.39,2.61,2,Starting,1255.63,825.41
1789954680000000000,2026-09-21T01:38:00Z,synthetic_free_response,2.187,5.661,0.32,0.32,0.0,293.71,9.52,13.9,2.3,2,Starting,1215.72,812.85
1789954740000000000,2026-09-21T01:39:00Z,synthetic_free_response,2.216,5.626,0.32,0.32,0.0,293.71,9.51,13.34,2.4,2,Starting,1352.49,849.4
1789954800000000000,2026-09-21T01:40:00Z,synthetic_free_response,2.203,5.591,0.34,0.34,0.0,293.7,9.5,13.36,2.54,3,Starting,1356.58,851.96
1789954860000000000,2026-09-21T01:41:00Z,synthetic_free_response,2.202,5.547,0.35,0.35,0.0,293.69,9.48,12.45,2.81,1,Starting,1354.94,868.6
1789954920000000000,2026-09-21T01:42:00Z,synthetic_free_response,2.244,5.631,0.36,0.36,0.0,293.68,9.47,15.02,2.4,3,Starting,1348.02,846.38
1789954980000000000,2026-09-21T01:43:00Z,synthetic_free_response,2.328,5.687,0.38,0.38,0.0,293.67,9.45,16.56,2.29,2,Starting,1390.54,833.86
1789955040000000000,2026-09-21T01:44:00Z,synthetic_free_response,2.277,5.593,0.4,0.4,0.0,293.65,9.42,13.5,2.96,3,Starting,1398.02,843.42
1789955100000000000,2026-09-21T01:45:00Z,synthetic_free_response,2.286,5.546,0.43,0.43,0.0,293.64,9.4,14.09,3.05,2,Off,1364.14,832.09
1789955160000000000,2026-09-21T01:46:00Z,synthetic_free_response,2.286,5.595,0.46,0.46,0.0,293.62,9.37,14.87,3.09,3,Off,1413.89,803.5
1789955220000000000,2026-09-21T01:47:00Z,synthetic_free_response,2.28,5.721,0.42,0.42,0.0,293.62,9.36,16.19,2.59,3,Off,1409.37,784.68
1789955280000000000,2026-09-21T01:48:00Z,synthetic_free_response,2.387,5.745,0.39,0.39,0.0,293.6,9.33,17.47,2.23,1,Off,1441.59,788.66
1789955340000000000,2026-09-21T01:49:00Z,synthetic_free_response,2.405,5.723,0.43,0.43,0.0,293.59,9.31,16.13,2.67,1,Off,1043.67,846.04
1789955400000000000,2026-09-21T01:50:00Z,synthetic_free_response,2.443,5.745,0.39,0.39,0.0,293.57,9.28,16.07,2.43,1,Off,1046.47,850.36
1789955460000000000,2026-09-21T01:51:00Z,synthetic_free_response,2.49,5.75,0.43,0.43,0.0,293.55,9.25,16.28,2.64,3,Off,1031.82,862.89
1789955520000000000,2026-09-21T01:52:00Z,synthetic_free_response,2.509,5.813,0.41,0.41,0.0,293.53,9.22,18.29,2.24,3,Off,1068.32,866.53
1789955580000000000,2026-09-21T01:53:00Z,synthetic_free_response,2.52,5.736,0.44,0.44,0.0,293.53,9.21,18.24,2.41,2,Off,1104.28,887.49
1789955640000000000,2026-09-21T01:54:00Z,synthetic_free_response,2.487,5.734,0.47,0.47,0.0,293.51,9.18,17.83,2.64,1,Off,1151.51,908.75
1789955700000000000,2026-09-21T01:55:00Z,synthetic_free_response,2.496,5.81,0.46,0.46,0.0,293.5,9.16,19.25,2.39,1,Off,1191.53,916.18
1789955760000000000,2026-09-21T01:56:00Z,synthetic_free_response,2.444,5.799,0.47,0.47,0.0,293.49,9.15,18.84,2.49,2,Off,1176.9,914.54
1789955820000000000,2026-09-21T01:57:00Z,synthetic_free_response,2.353,5.873,0.5,0.5,0.0,293.48,9.13,17.54,2.85,2,Off,1163.84,889.49
1789955880000000000,2026-09-21T01:58:00Z,synthetic_free_response,2.289,5.774,0.45,0.45,0.0,293.47,9.12,15.45,2.91,3,Off,1165.03,863.81
1789955940000000000,2026-09-21T01:59:00Z,synthetic_free_response,2.257,5.819,0.5,0.5,0.0,293.45,9.09,13.96,3.58,1,Off,1206.18,877.22
1789956000000000000,2026-09-21T02:00:00Z,synthetic_free_response,2.248,5.797,0.55,0.55,0.0,293.45,9.08,14.74,3.73,3,Off,1210.52,874.43
1789956060000000000,2026-09-21T02:01:00Z,synthetic_free_response,2.129,5.739,0.53,0.53,0.0,293.44,9.07,12.0,4.42,3,Off,1193.94,876.9
1789956120000000000,2026-09-21T02:02:00Z,synthetic_free_response,2.105,5.77,0.57,0.57,0.0,293.43,9.05,12.41,4.59,3,Off,1202.13,890.79
1789956180000000000,2026-09-21T02:03:00Z,synthetic_free_response,2.149,5.774,0.53,0.53,0.0,293.42,9.03,13.32,3.98,1,Off,1153.28,897.5
1789956240000000000,2026-09-21T02:04:00Z,synthetic_free_response,2.196,5.798,0.5,0.5,0.0,293.4,9.0,15.23,3.28,2,Off,1107.89,881.19
1789956300000000000,2026-09-21T02:05:00Z,synthetic_free_response,2.203,5.807,0.47,0.47,0.0,293.39,8.98,13.55,3.47,1,Off,1058.52,882.95
1789956360000000000,2026-09-21T02:06:00Z,synthetic_free_response,2.192,5.821,0.42,0.42,0.0,293.38,8.97,14.43,2.91,1,Off,1013.91,883.27
1789956420000000000,2026-09-21T02:07:00Z,synthetic_free_response,2.187,5.888,0.45,0.45,0.0,293.38,8.96,13.91,3.24,3,Off,1049.49,854.24
1789956480000000000,2026-09-21T02:08:00Z,synthetic_free_response,2.2,5.974,0.46,0.46,0.0,293.37,8.95,13.01,3.54,3,Off,1026.3,832.2
1789956540000000000,2026-09-21T02:09:00Z,synthetic_free_response,2.15,6.0,0.45,0.45,0.0,293.36,8.93,15.05,2.99,1,Off,1021.96,838.36
1789956600000000000,2026-09-21T02:10:00Z,synthetic_free_response,2.171,5.938,0.44,0.44,0.0,293.35,8.91,14.96,2.94,3,Off,993.27,824.78
1789956660000000000,2026-09-21T02:11:00Z,synthetic_free_response,2.163,6.01,0.42,0.42,0.0,293.34,8.9,15.16,2.77,3,Off,975.27,850.7
1789956720000000000,2026-09-21T02:12:00Z,synthetic_free_response,2.154,5.965,0.39,0.39,0.0,293.33,8.88,14.23,2.74,2,Off,957.92,872.08
1789956780000000000,2026-09-21T02:13:00Z,synthetic_free_response,2.231,6.062,0.42,0.42,0.0,293.32,8.86,14.97,2.81,3,Off,955.05,908.66
1789956840000000000,2026-09-21T02:14:00Z,synthetic_free_response,2.263,6.055,0.46,0.46,0.0,293.31,8.85,16.32,2.82,1,Off,1157.89,458.96
1789956900000000000,2026-09-21T02:15:00Z,synthetic_free_response,2.305,6.065,0.5,0.5,0.0,293.3,8.83,16.05,3.12,3,Off,1114.17,481.64
1789956960000000000,2026-09-21T02:16:00Z,synthetic_free_response,2.316,6.043,0.47,0.47,0.0,293.29,8.81,15.88,2.96,2,Off,1103.9,475.0
1789957020000000000,2026-09-21T02:17:00Z,synthetic_free_response,2.288,5.941,0.49,0.49,0.0,293.27,8.78,16.18,3.03,3,Off,1114.14,497.52
1789957080000000000,2026-09-21T02:18:00Z,synthetic_free_response,2.333,5.909,0.52,0.52,0.0,293.25,8.75,14.66,3.55,3,Off,1260.28,473.2
1789957140000000000,2026-09-21T02:19:00Z,synthetic_free_response,2.289,5.917,0.56,0.56,0.0,293.23,8.72,16.73,3.35,3,Off,1278.53,474.8
1789957200000000000,2026-09-21T02:20:00Z,synthetic_free_response,2.333,5.946,0.56,0.56,0.0,293.21,8.69,16.36,3.42,3,Off,1289.14,504.2
1789957260000000000,2026-09-21T02:21:00Z,synthetic_free_response,2.343,5.931,0.61,0.61,0.0,293.19,8.65,15.11,4.04,1,Off,1273.94,489.62
1789957320000000000,2026-09-21T02:22:00Z,synthetic_free_response,2.327,6.018,0.59,0.59,0.0,293.18,8.64,15.26,3.87,1,Off,1285.92,503.57
1789957380000000000,2026-09-21T02:23:00Z,synthetic_free_response,2.231,5.996,0.55,0.55,0.0,293.17,8.61,13.61,4.04,1,Off,1279.13,484.5
1789957440000000000,2026-09-21T02:24:00Z,synthetic_free_response,2.147,5.968,0.52,0.52,0.0,293.15,8.58,13.2,3.94,2,Off,1320.93,471.65
1789957500000000000,2026-09-21T02:25:00Z,synthetic_free_response,2.13,5.978,0.56,0.56,0.0,293.13,8.55,12.77,4.39,3,Off,1277.73,465.84
1789957560000000000,2026-09-21T02:26:00Z,synthetic_free_response,2.196,6.044,0.58,0.58,0.0,293.12,8.54,14.92,3.89,3,Off,1320.82,448.86
1789957620000000000,2026-09-21T02:27:00Z,synthetic_free_response,2.311,5.961,0.55,0.55,0.0,293.11,8.51,15.5,3.55,2,Off,1282.02,421.0
1789957680000000000,2026-09-21T02:28:00Z,synthetic_free_response,2.216,5.989,0.56,0.56,0.0,293.1,8.5,13.82,4.05,3,Off,1240.55,429.59
1789957740000000000,2026-09-21T02:29:00Z,synthetic_free_response,2.152,5.975,0.56,0.56,0.0,293.08,8.47,13.12,4.27,1,Off,1195.77,456.78
1789957800000000000,2026-09-21T02:30:00Z,synthetic_free_response,2.125,5.978,0.55,0.55,0.0,293.07,8.45,12.94,4.25,2,Off,1190.2,466.68
1789957860000000000,2026-09-21T02:31:00Z,synthetic_free_response,2.206,5.955,0.55,0.55,0.0,293.06,8.44,15.06,3.65,3,Off,1224.07,483.65
1789957920000000000,2026-09-21T02:32:00Z,synthetic_free_response,2.269,6.087,0.53,0.53,0.0,293.06,8.44,15.72,3.37,1,Off,1207.46,458.34
1789957980000000000,2026-09-21T02:33:00Z,synthetic_free_response,2.353,6.053,0.57,0.57,0.0,293.05,8.41,17.71,3.22,3,Off,1215.05,460.09
1789958040000000000,2026-09-21T02:34:00Z,synthetic_free_response,2.292,5.987,0.55,0.55,0.0,293.03,8.38,16.25,3.38,2,Off,1217.05,446.7
1789958100000000000,2026-09-21T02:35:00Z,synthetic_free_response,2.258,6.038,0.52,0.52,0.0,293.02,8.37,15.67,3.32,1,Off,1189.21,455.21
1789958160000000000,2026-09-21T02:36:00Z,synthetic_free_response,2.261,6.084,0.49,0.49,0.0,293.01,8.35,14.28,3.43,2,Off,1166.58,427.14
1789958220000000000,2026-09-21T02:37:00Z,synthetic_free_response,2.322,6.07,0.51,0.51,0.0,293.0,8.33,17.93,2.84,2,Off,1179.23,398.71
1789958280000000000,2026-09-21T02:38:00Z,synthetic_free_response,2.356,5.996,0.52,0.52,0.0,292.98,8.3,15.21,3.42,1,Off,1204.55,370.45
1789958340000000000,2026-09-21T02:39:00Z,synthetic_free_response,2.296,6.054,0.48,0.48,0.0,292.97,8.28,14.66,3.27,2,Off,1205.89,345.03
1789958400000000000,2026-09-21T02:40:00Z,synthetic_free_response,2.338,6.016,0.53,0.53,0.0,292.96,8.26,15.4,3.44,2,Off,1232.81,319.07
1789958460000000000,2026-09-21T02:41:00Z,synthetic_free_response,2.36,5.958,0.53,0.53,0.0,292.94,8.24,15.08,3.51,3,Off,1273.54,306.22
1789958520000000000,2026-09-21T02:42:00Z,synthetic_free_response,2.336,5.957,0.5,0.5,0.0,292.94,8.23,14.83,3.37,1,Off,1275.87,283.77
1789958580000000000,2026-09-21T02:43:00Z,synthetic_free_response,2.315,5.995,0.46,0.46,0.0,292.93,8.22,16.06,2.86,2,Off,1293.51,275.97
1789958640000000000,2026-09-21T02:44:00Z,synthetic_free_response,2.401,6.034,0.45,0.45,0.0,292.92,8.2,16.86,2.67,3,Off,1270.53,278.9
1789958700000000000,2026-09-21T02:45:00Z,synthetic_free_response,2.475,5.943,0.46,0.46,0.0,292.91,8.18,18.2,2.53,3,Off,1234.02,276.05
1789958760000000000,2026-09-21T02:46:00Z,synthetic_free_response,2.486,5.978,0.42,0.42,0.0,292.88,8.14,19.0,2.21,3,Off,1224.38,250.6
1789958820000000000,2026-09-21T02:47:00Z,synthetic_free_response,2.509,5.85,0.4,0.4,0.0,292.88,8.13,16.91,2.37,1,Off,1250.9,256.2
1789958880000000000,2026-09-21T02:48:00Z,synthetic_free_response,2.458,5.843,0.36,0.36,0.0,292.87,8.11,17.76,2.03,1,Off,1257.26,281.37
1789958940000000000,2026-09-21T02:49:00Z,synthetic_free_response,2.484,5.877,0.39,0.39,0.0,292.85,8.09,17.58,2.22,1,Off,1253.11,277.95
1789959000000000000,2026-09-21T02:50:00Z,synthetic_free_response,2.451,5.845,0.41,0.41,0.0,292.85,8.08,16.12,2.54,2,Off,1277.27,283.2
1789959060000000000,2026-09-21T02:51:00Z,synthetic_free_response,2.408,5.886,0.4,0.4,0.0,292.83,8.05,15.75,2.54,2,Off,1230.51,286.87
1789959120000000000,2026-09-21T02:52:00Z,synthetic_free_response,2.351,5.889,0.42,0.42,0.0,292.82,8.04,17.57,2.39,1,Off,1266.12,260.36
1789959180000000000,2026-09-21T02:53:00Z,synthetic_free_response,2.394,5.813,0.43,0.43,0.0,292.81,8.01,15.88,2.71,3,Off,1470.76,984.74
1789959240000000000,2026-09-21T02:54:00Z,synthetic_free_response,2.43,5.868,0.46,0.46,0.0,292.79,7.99,18.31,2.51,2,Off,1469.93,1000.0
1789959300000000000,2026-09-21T02:55:00Z,synthetic_free_response,2.384,5.849,0.45,0.45,0.0,292.78,7.96,15.61,2.88,3,Off,1482.37,1000.0
1789959360000000000,2026-09-21T02:56:00Z,synthetic_free_response,2.385,5.776,0.44,0.44,0.0,292.76,7.93,15.85,2.78,1,Off,1493.46,1000.0
1789959420000000000,2026-09-21T02:57:00Z,synthetic_free_response,2.363,5.732,0.44,0.44,0.0,292.75,7.92,16.54,2.66,1,Off,1464.12,1000.0
1789959480000000000,2026-09-21T02:58:00Z,synthetic_free_response,2.393,5.69,0.47,0.47,0.0,292.73,7.89,14.9,3.15,3,Off,1486.57,1000.0
1789959540000000000,2026-09-21T02:59:00Z,synthetic_free_response,2.311,5.591,0.47,0.47,0.0,292.72,7.87,15.25,3.08,1,Off,1500.0,1000.0
1789959600000000000,2026-09-21T03:00:00Z,synthetic_free_response,2.261,5.704,0.45,0.45,0.0,292.7,7.84,14.22,3.16,1,Off,1489.27,1000.0
1789959660000000000,2026-09-21T03:01:00Z,synthetic_free_response,2.249,5.658,0.48,0.48,0.0,292.69,7.81,14.76,3.25,2,Off,1500.0,1000.0
1789959720000000000,2026-09-21T03:02:00Z,synthetic_free_response,2.222,5.656,0.52,0.52,0.0,292.67,7.78,14.12,3.68,1,Off,1500.0,1000.0
1789959780000000000,2026-09-21T03:03:00Z,synthetic_free_response,2.209,5.663,0.55,0.55,0.0,292.65,7.75,13.97,3.94,3,Off,1500.0,1000.0
1789959840000000000,2026-09-21T03:04:00Z,synthetic_free_response,2.22,5.648,0.56,0.56,0.0,292.63,7.72,13.07,4.28,3,Off,1500.0,1000.0
1789959900000000000,2026-09-21T03:05:00Z,synthetic_free_response,2.159,5.56,0.61,0.61,0.0,292.62,7.7,14.08,4.33,3,Off,1500.0,1000.0
1789959960000000000,2026-09-21T03:06:00Z,synthetic_free_response,2.074,5.494,0.62,0.62,0.0,292.6,7.67,12.42,4.99,3,Off,1500.0,1000.0
1789960020000000000,2026-09-21T03:07:00Z,synthetic_free_response,2.053,5.449,0.62,0.62,0.0,292.6,7.67,12.25,5.06,1,Off,1497.02,1000.0
1789960080000000000,2026-09-21T03:08:00Z,synthetic_free_response,2.035,5.496,0.57,0.57,0.0,292.59,7.65,11.64,4.9,3,Off,1493.12,1000.0
1789960140000000000,2026-09-21T03:09:00Z,synthetic_free_response,2.043,5.482,0.58,0.58,0.0,292.58,7.63,11.03,5.26,1,Off,1500.0,1000.0
1789960200000000000,2026-09-21T03:10:00Z,synthetic_free_response,1.918,5.586,0.61,0.61,0.0,292.57,7.62,11.24,5.43,1,Off,1500.0,1000.0
1789960260000000000,2026-09-21T03:11:00Z,synthetic_free_response,1.884,5.705,0.66,0.66,0.0,292.57,7.61,9.24,7.14,1,Off,1500.0,1000.0
1789960320000000000,2026-09-21T03:12:00Z,synthetic_free_response,1.9,5.708,0.61,0.61,0.0,292.55,7.58,10.9,5.6,3,Off,1500.0,1000.0
1789960380000000000,2026-09-21T03:13:00Z,synthetic_free_response,1.826,5.661,0.57,0.57,0.0,292.54,7.57,10.28,5.54,1,Off,1500.0,1000.0
1789960440000000000,2026-09-21T03:14:00Z,synthetic_free_response,1.843,5.662,0.55,0.55,0.0,292.53,7.55,8.89,6.19,3,Off,1500.0,1000.0
1789960500000000000,2026-09-21T03:15:00Z,synthetic_free_response,1.815,5.601,0.57,0.57,0.0,292.51,7.52,10.03,5.68,1,Off,1500.0,1000.0
1789960560000000000,2026-09-21T03:16:00Z,synthetic_free_response,1.752,5.71,0.59,0.59,0.0,292.51,7.51,8.12,7.27,1,Off,1500.0,1000.0
1789960620000000000,2026-09-21T03:17:00Z,synthetic_free_response,1.741,5.67,0.57,0.57,0.0,292.5,7.5,9.0,6.33,2,Off,1500.0,1000.0
1789960680000000000,2026-09-21T03:18:00Z,synthetic_free_response,1.689,5.687,0.61,0.61,0.0,292.48,7.47,8.29,7.36,2,Off,1482.89,1000.0
1789960740000000000,2026-09-21T03:19:00Z,synthetic_free_response,1.675,5.636,0.62,0.62,0.0,292.46,7.44,7.28,8.52,1,Off,1448.41,1000.0
1789960800000000000,2026-09-21T03:20:00Z,synthetic_free_response,1.688,5.618,0.63,0.63,0.0,292.45,7.42,7.54,8.36,1,Off,1403.72,1000.0
1789960860000000000,2026-09-21T03:21:00Z,synthetic_free_response,1.66,5.742,0.65,0.65,0.0,292.43,7.39,8.6,7.56,1,Off,1452.92,1000.0
1789960920000000000,2026-09-21T03:22:00Z,synthetic_free_response,1.694,5.777,0.6,0.6,0.0,292.42,7.37,8.84,6.79,3,Off,1421.98,1000.0
1789960980000000000,2026-09-21T03:23:00Z,synthetic_free_response,1.677,5.795,0.58,0.58,0.0,292.41,7.35,8.27,7.01,1,Off,1399.8,1000.0
1789961040000000000,2026-09-21T03:24:00Z,synthetic_free_response,1.715,5.772,0.64,0.64,0.0,292.4,7.34,8.94,7.16,1,Off,1433.69,1000.0
1789961100000000000,2026-09-21T03:25:00Z,synthetic_free_response,1.677,5.801,0.61,0.61,0.0,292.39,7.31,7.93,7.69,1,Off,1390.19,1000.0
1789961160000000000,2026-09-21T03:26:00Z,synthetic_free_response,1.678,5.726,0.58,0.58,0.0,292.37,7.28,8.74,6.64,3,Off,1402.9,1000.0
1789961220000000000,2026-09-21T03:27:00Z,synthetic_free_response,1.63,5.782,0.58,0.58,0.0,292.35,7.25,8.32,6.97,2,Starting,1404.62,1000.0
1789961280000000000,2026-09-21T03:28:00Z,synthetic_free_response,1.615,5.802,0.54,0.54,0.0,292.33,7.22,8.25,6.55,1,Starting,1391.59,1000.0
1789961340000000000,2026-09-21T03:29:00Z,synthetic_free_response,1.603,5.804,0.6,0.6,0.0,292.31,7.19,7.95,7.55,3,Starting,1386.11,1000.0
1789961400000000000,2026-09-21T03:30:00Z,synthetic_free_response,1.617,5.757,0.62,0.62,0.0,292.31,7.18,6.98,8.88,1,Starting,1370.13,1000.0
1789961460000000000,2026-09-21T03:31:00Z,synthetic_free_response,1.653,5.764,0.66,0.66,0.0,292.3,7.17,7.77,8.49,1,Starting,1357.07,1000.0
1789961520000000000,2026-09-21T03:32:00Z,synthetic_free_response,1.712,5.777,0.6,0.6,0.0,292.29,7.15,8.84,6.79,2,Starting,1364.08,1000.0
1789961580000000000,2026-09-21T03:33:00Z,synthetic_free_response,1.641,5.774,0.64,0.64,0.0,292.28,7.13,7.2,8.89,2,Starting,1351.78,1000.0
1789961640000000000,2026-09-21T03:34:00Z,synthetic_free_response,1.636,5.751,0.61,0.61,0.0,292.26,7.1,8.36,7.3,2,Starting,1326.39,1000.0
1789961700000000000,2026-09-21T03:35:00Z,synthetic_free_response,1.625,5.726,0.57,0.57,0.0,292.25,7.09,6.98,8.17,1,Starting,1351.8,1000.0
1789961760000000000,2026-09-21T03:36:00Z,synthetic_free_response,1.555,5.735,0.53,0.53,0.0,292.24,7.06,7.03,7.54,1,Starting,1325.68,1000.0
1789961820000000000,2026-09-21T03:37:00Z,synthetic_free_response,1.524,5.808,0.52,0.52,0.0,292.22,7.03,6.27,8.29,2,Starting,1311.92,1000.0
1789961880000000000,2026-09-21T03:38:00Z,synthetic_free_response,1.5,5.669,0.53,0.53,0.0,292.21,7.01,6.19,8.56,2,Starting,1303.62,754.79
1789961940000000000,2026-09-21T03:39:00Z,synthetic_free_response,1.486,5.703,0.54,0.54,0.0,292.19,6.98,6.5,8.31,2,Starting,1304.67,763.99
1789962000000000000,2026-09-21T03:40:00Z,synthetic_free_response,1.457,5.818,0.49,0.49,0.0,292.17,6.95,6.1,8.03,2,Starting,1309.29,760.87
1789962060000000000,2026-09-21T03:41:00Z,synthetic_free_response,1.469,5.893,0.5,0.5,0.0,292.15,6.92,6.97,7.17,3,Starting,1320.71,742.2
1789962120000000000,2026-09-21T03:42:00Z,synthetic_free_response,1.444,5.911,0.49,0.49,0.0,292.13,6.89,5.58,8.78,2,Starting,1277.33,734.22
1789962180000000000,2026-09-21T03:43:00Z,synthetic_free_response,1.543,5.92,0.45,0.45,0.0,292.12,6.87,7.44,6.05,2,Starting,1250.06,759.37
1789962240000000000,2026-09-21T03:44:00Z,synthetic_free_response,1.595,5.863,0.43,0.43,0.0,292.12,6.86,7.01,6.13,2,Starting,1271.21,753.7
1789962300000000000,2026-09-21T03:45:00Z,synthetic_free_response,1.568,5.98,0.45,0.45,0.0,292.11,6.85,7.48,6.02,3,Starting,1270.01,781.39
1789962360000000000,2026-09-21T03:46:00Z,synthetic_free_response,1.574,6.003,0.44,0.44,0.0,292.1,6.84,7.46,5.9,2,Starting,1256.16,777.18
1789962420000000000,2026-09-21T03:47:00Z,synthetic_free_response,1.562,5.997,0.41,0.41,0.0,292.09,6.82,6.77,6.06,2,Starting,1213.9,786.08
1789962480000000000,2026-09-21T03:48:00Z,synthetic_free_response,1.477,5.989,0.41,0.41,0.0,292.08,6.8,7.11,5.77,2,Starting,1240.35,757.55
1789962540000000000,2026-09-21T03:49:00Z,synthetic_free_response,1.466,6.08,0.44,0.44,0.0,292.07,6.78,6.64,6.63,2,Starting,1278.39,743.57
1789962600000000000,2026-09-21T03:50:00Z,synthetic_free_response,1.531,6.14,0.47,0.47,0.0,292.05,6.75,7.7,6.1,2,Starting,1327.0,761.98
1789962660000000000,2026-09-21T03:51:00Z,synthetic_free_response,1.549,6.164,0.51,0.51,0.0,292.04,6.74,7.32,6.97,1,Starting,1294.92,757.9
1789962720000000000,2026-09-21T03:52:00Z,synthetic_free_response,1.548,6.114,0.51,0.51,0.0,292.03,6.72,7.44,6.85,1,Starting,1255.58,743.27
1789962780000000000,2026-09-21T03:53:00Z,synthetic_free_response,1.562,6.099,0.49,0.49,0.0,292.02,6.7,7.18,6.82,1,Starting,1289.93,743.83
1789962840000000000,2026-09-21T03:54:00Z,synthetic_free_response,1.556,6.065,0.51,0.51,0.0,292.0,6.67,7.93,6.43,1,Starting,1313.22,765.25
1789962900000000000,2026-09-21T03:55:00Z,synthetic_free_response,1.59,6.04,0.53,0.53,0.0,291.99,6.65,8.04,6.59,1,Starting,1322.83,741.68
1789962960000000000,2026-09-21T03:56:00Z,synthetic_free_response,1.614,6.154,0.58,0.58,0.0,291.97,6.62,8.14,7.13,1,Starting,1287.21,748.38
1789963020000000000,2026-09-21T03:57:00Z,synthetic_free_response,1.584,6.211,0.6,0.6,0.0,291.97,6.61,7.49,8.01,1,Off,1301.33,719.03
1789963080000000000,2026-09-21T03:58:00Z,synthetic_free_response,1.591,6.091,0.64,0.64,0.0,291.95,6.59,8.1,7.9,3,Off,1308.66,716.04
1789963140000000000,2026-09-21T03:59:00Z,synthetic_free_response,1.583,5.967,0.69,0.69,0.0,291.94,6.57,7.04,9.8,2,Off,1314.79,703.06
1789963200000000000,2026-09-21T04:00:00Z,synthetic_free_response,1.513,5.935,0.74,0.74,0.0,291.92,6.54,6.78,10.91,3,Off,1276.07,709.95
1789963260000000000,2026-09-21T04:01:00Z,synthetic_free_response,1.471,5.859,0.67,0.67,0.0,291.91,6.51,5.8,11.55,1,Off,1243.16,728.04
1789963320000000000,2026-09-21T04:02:00Z,synthetic_free_response,1.476,5.833,0.7,0.7,0.0,291.9,6.5,6.78,10.32,3,Off,1288.56,701.73
1789963380000000000,2026-09-21T04:03:00Z,synthetic_free_response,1.42,5.911,0.7,0.7,0.0,291.89,6.48,6.43,10.89,3,Off,1253.1,693.01
1789963440000000000,2026-09-21T04:04:00Z,synthetic_free_response,1.464,5.848,0.64,0.64,0.0,291.87,6.45,6.28,10.19,2,Off,1233.52,678.59
1789963500000000000,2026-09-21T04:05:00Z,synthetic_free_response,1.505,5.842,0.59,0.59,0.0,291.86,6.44,7.21,8.18,2,Off,1198.1,652.08
1789963560000000000,2026-09-21T04:06:00Z,synthetic_free_response,1.475,5.844,0.58,0.58,0.0,291.86,6.43,5.85,9.91,3,Off,1229.66,625.12
1789963620000000000,2026-09-21T04:07:00Z,synthetic_free_response,1.462,5.935,0.6,0.6,0.0,291.85,6.41,6.5,9.23,3,Off,1204.0,595.14
1789963680000000000,2026-09-21T04:08:00Z,synthetic_free_response,1.544,5.994,0.64,0.64,0.0,291.83,6.39,7.23,8.85,2,Off,1222.37,608.29
1789963740000000000,2026-09-21T04:09:00Z,synthetic_free_response,1.556,5.95,0.63,0.63,0.0,291.83,6.39,7.3,8.63,3,Off,1246.98,634.79
1789963800000000000,2026-09-21T04:10:00Z,synthetic_free_response,1.519,6.011,0.64,0.64,0.0,291.83,6.38,7.39,8.66,3,Off,1267.05,614.75
1789963860000000000,2026-09-21T04:11:00Z,synthetic_free_response,1.506,5.921,0.68,0.68,0.0,291.81,6.35,6.48,10.49,1,Off,1249.77,607.64
1789963920000000000,2026-09-21T04:12:00Z,synthetic_free_response,1.576,5.856,0.65,0.65,0.0,291.8,6.34,6.87,9.46,3,Off,1270.86,625.07
1789963980000000000,2026-09-21T04:13:00Z,synthetic_free_response,1.642,5.829,0.61,0.61,0.0,291.79,6.31,7.3,8.36,3,Off,1284.87,636.65
1789964040000000000,2026-09-21T04:14:00Z,synthetic_free_response,1.712,5.771,0.57,0.57,0.0,291.77,6.29,8.49,6.71,1,Off,1251.53,656.89
1789964100000000000,2026-09-21T04:15:00Z,synthetic_free_response,1.673,5.796,0.56,0.56,0.0,291.76,6.27,7.91,7.08,2,Off,1239.12,629.83
1789964160000000000,2026-09-21T04:16:00Z,synthetic_free_response,1.724,5.75,0.53,0.53,0.0,291.76,6.27,7.78,6.81,3,Off,1281.24,655.86
1789964220000000000,2026-09-21T04:17:00Z,synthetic_free_response,1.684,5.719,0.55,0.55,0.0,291.74,6.24,8.08,6.81,2,Off,1291.79,639.22
1789964280000000000,2026-09-21T04:18:00Z,synthetic_free_response,1.746,5.641,0.56,0.56,0.0,291.73,6.21,9.02,6.21,2,Off,1320.92,614.98
1789964340000000000,2026-09-21T04:19:00Z,synthetic_free_response,1.758,5.677,0.59,0.59,0.0,291.71,6.19,8.31,7.1,3,Off,1362.64,589.78
1789964400000000000,2026-09-21T04:20:00Z,synthetic_free_response,1.749,5.658,0.61,0.61,0.0,291.7,6.17,9.5,6.42,3,Off,1402.45,613.87
1789964460000000000,2026-09-21T04:21:00Z,synthetic_free_response,1.825,5.723,0.63,0.63,0.0,291.68,6.14,9.54,6.6,2,Off,1374.44,639.44
1789964520000000000,2026-09-21T04:22:00Z,synthetic_free_response,1.777,5.727,0.67,0.67,0.0,291.68,6.14,9.63,6.96,2,Off,1350.75,617.84
1789964580000000000,2026-09-21T04:23:00Z,synthetic_free_response,1.772,5.661,0.65,0.65,0.0,291.67,6.11,9.74,6.67,1,Off,1313.13,630.77
1789964640000000000,2026-09-21T04:24:00Z,synthetic_free_response,1.785,5.647,0.59,0.59,0.0,291.65,6.08,9.1,6.48,1,Off,1306.18,637.88
1789964700000000000,2026-09-21T04:25:00Z,synthetic_free_response,1.824,5.717,0.58,0.58,0.0,291.64,6.06,8.81,6.58,3,Off,1273.13,608.83
1789964760000000000,2026-09-21T04:26:00Z,synthetic_free_response,1.838,5.674,0.57,0.57,0.0,291.62,6.03,8.96,6.36,2,Off,1315.32,586.87
1789964820000000000,2026-09-21T04:27:00Z,synthetic_free_response,1.752,5.68,0.56,0.56,0.0,291.61,6.01,8.65,6.47,3,Off,1285.02,596.08
1789964880000000000,2026-09-21T04:28:00Z,synthetic_free_response,1.734,5.736,0.6,0.6,0.0,291.59,5.98,9.12,6.58,1,Off,1258.84,623.65
1789964940000000000,2026-09-21T04:29:00Z,synthetic_free_response,1.691,5.734,0.6,0.6,0.0,291.58,5.97,8.46,7.09,2,Off,1253.16,607.16
1789965000000000000,2026-09-21T04:30:00Z,synthetic_free_response,1.642,5.714,0.61,0.61,0.0,291.56,5.93,7.78,7.84,3,Off,726.65,463.89
1789965060000000000,2026-09-21T04:31:00Z,synthetic_free_response,1.662,5.769,0.58,0.58,0.0,291.55,5.91,7.83,7.41,3,Off,742.81,435.12
1789965120000000000,2026-09-21T04:32:00Z,synthetic_free_response,1.764,5.814,0.56,0.56,0.0,291.53,5.88,8.61,6.5,1,Off,781.18,452.66
1789965180000000000,2026-09-21T04:33:00Z,synthetic_free_response,1.802,5.864,0.52,0.52,0.0,291.51,5.85,9.05,5.75,3,Off,826.79,453.17
1789965240000000000,2026-09-21T04:34:00Z,synthetic_free_response,1.789,5.845,0.57,0.57,0.0,291.5,5.83,8.5,6.71,1,Off,778.5,463.04
1789965300000000000,2026-09-21T04:35:00Z,synthetic_free_response,1.78,5.856,0.58,0.58,0.0,291.49,5.81,9.15,6.34,3,Off,783.38,453.57
1789965360000000000,2026-09-21T04:36:00Z,synthetic_free_response,1.774,5.839,0.63,0.63,0.0,291.47,5.78,9.97,6.32,3,Off,765.28,470.25
1789965420000000000,2026-09-21T04:37:00Z,synthetic_free_response,1.816,5.862,0.62,0.62,0.0,291.46,5.76,10.08,6.15,2,Off,797.68,458.44
1789965480000000000,2026-09-21T04:38:00Z,synthetic_free_response,1.827,5.878,0.59,0.59,0.0,291.44,5.74,10.16,5.81,3,Off,791.75,470.93
1789965540000000000,2026-09-21T04:39:00Z,synthetic_free_response,1.814,5.888,0.54,0.54,0.0,291.43,5.72,9.48,5.7,3,Off,835.34,459.72
1789965600000000000,2026-09-21T04:40:00Z,synthetic_free_response,1.867,5.897,0.56,0.56,0.0,291.43,5.71,11.0,5.09,2,Off,869.24,445.56
1789965660000000000,2026-09-21T04:41:00Z,synthetic_free_response,1.882,5.853,0.59,0.59,0.0,291.47,5.78,9.53,6.19,1,Off,840.81,453.58
1789965720000000000,2026-09-21T04:42:00Z,synthetic_free_response,1.875,5.868,0.59,0.59,0.0,291.5,5.83,9.29,6.35,2,Off,888.3,445.64
1789965780000000000,2026-09-21T04:43:00Z,synthetic_free_response,1.924,5.89,0.59,0.59,0.0,291.53,5.89,10.38,5.68,2,Off,916.31,428.53
1789965840000000000,2026-09-21T04:44:00Z,synthetic_free_response,2.002,5.861,0.62,0.62,0.0,291.57,5.95,10.62,5.84,3,Off,874.12,429.26
1789965900000000000,2026-09-21T04:45:00Z,synthetic_free_response,1.966,5.869,0.57,0.57,0.0,291.61,6.02,12.17,4.68,2,Off,857.35,430.12
1789965960000000000,2026-09-21T04:46:00Z,synthetic_free_response,2.004,5.881,0.57,0.57,0.0,291.65,6.09,12.89,4.42,1,Off,881.5,404.15
1789966020000000000,2026-09-21T04:47:00Z,synthetic_free_response,1.947,5.876,0.52,0.52,0.0,291.68,6.14,11.91,4.37,3,Off,877.44,424.9
1789966080000000000,2026-09-21T04:48:00Z,synthetic_free_response,1.95,5.884,0.53,0.53,0.0,291.7,6.17,10.09,5.25,3,Off,925.54,433.7
1789966140000000000,2026-09-21T04:49:00Z,synthetic_free_response,1.902,5.844,0.56,0.56,0.0,291.74,6.24,10.3,5.44,1,Off,909.83,443.06
1789966200000000000,2026-09-21T04:50:00Z,synthetic_free_response,1.923,5.858,0.54,0.54,0.0,291.77,6.29,10.21,5.29,2,Off,954.97,438.0
1789966260000000000,2026-09-21T04:51:00Z,synthetic_free_response,1.821,5.895,0.51,0.51,0.0,291.8,6.33,8.95,5.7,2,Off,958.97,467.3
1789966320000000000,2026-09-21T04:52:00Z,synthetic_free_response,1.812,5.779,0.46,0.46,0.0,291.82,6.37,9.61,4.79,3,Off,982.38,497.13
1789966380000000000,2026-09-21T04:53:00Z,synthetic_free_response,1.802,5.807,0.49,0.49,0.0,291.84,6.4,9.23,5.31,3,Off,972.01,503.84
1789966440000000000,2026-09-21T04:54:00Z,synthetic_free_response,1.887,5.865,0.46,0.46,0.0,291.88,6.47,10.92,4.21,3,Off,929.75,493.3
1789966500000000000,2026-09-21T04:55:00Z,synthetic_free_response,1.872,5.864,0.46,0.46,0.0,291.9,6.5,10.65,4.32,2,Off,911.38,515.98
1789966560000000000,2026-09-21T04:56:00Z,synthetic_free_response,1.887,5.789,0.45,0.45,0.0,291.95,6.58,10.29,4.37,1,Off,1046.19,736.03
1789966620000000000,2026-09-21T04:57:00Z,synthetic_free_response,1.916,5.815,0.46,0.46,0.0,291.98,6.63,11.32,4.06,1,Off,1046.89,737.39
1789966680000000000,2026-09-21T04:58:00Z,synthetic_free_response,1.881,5.791,0.45,0.45,0.0,292.01,6.69,9.33,4.82,1,Off,1065.64,742.44
1789966740000000000,2026-09-21T04:59:00Z,synthetic_free_response,1.765,5.78,0.48,0.48,0.0,292.07,6.78,9.76,4.92,1,Off,1108.58,746.37
1789966800000000000,2026-09-21T05:00:00Z,synthetic_free_response,1.816,5.766,0.44,0.44,0.0,292.09,6.81,9.6,4.58,3,Off,1153.83,765.49
1789966860000000000,2026-09-21T05:01:00Z,synthetic_free_response,1.813,5.728,0.4,0.4,0.0,292.11,6.85,9.86,4.06,2,Off,1125.17,735.77
1789966920000000000,2026-09-21T05:02:00Z,synthetic_free_response,1.773,5.724,0.42,0.42,0.0,292.13,6.89,9.18,4.58,2,Off,1135.28,765.56
1789966980000000000,2026-09-21T05:03:00Z,synthetic_free_response,1.727,5.705,0.41,0.41,0.0,292.18,6.96,8.44,4.86,1,Off,1175.3,749.61
1789967040000000000,2026-09-21T05:04:00Z,synthetic_free_response,1.671,5.689,0.37,0.37,0.0,292.2,7.0,8.04,4.6,1,Off,1201.88,738.87
1789967100000000000,2026-09-21T05:05:00Z,synthetic_free_response,1.743,5.638,0.4,0.4,0.0,292.22,7.03,7.76,5.15,2,Off,1246.66,732.03
1789967160000000000,2026-09-21T05:06:00Z,synthetic_free_response,1.744,5.72,0.38,0.38,0.0,292.27,7.11,8.28,4.59,2,Off,1244.81,760.3
1789967220000000000,2026-09-21T05:07:00Z,synthetic_free_response,1.704,5.752,0.37,0.37,0.0,292.31,7.18,7.65,4.84,3,Off,891.73,895.68
1789967280000000000,2026-09-21T05:08:00Z,synthetic_free_response,1.637,5.778,0.39,0.39,0.0,292.35,7.25,7.47,5.22,2,Off,853.1,870.0
1789967340000000000,2026-09-21T05:09:00Z,synthetic_free_response,1.666,5.779,0.37,0.37,0.0,292.4,7.34,7.9,4.68,2,Off,891.59,847.38
1789967400000000000,2026-09-21T05:10:00Z,synthetic_free_response,1.756,5.798,0.4,0.4,0.0,292.45,7.42,8.59,4.66,1,Off,912.49,844.65
1789967460000000000,2026-09-21T05:11:00Z,synthetic_free_response,1.799,5.801,0.42,0.42,0.0,292.49,7.49,9.2,4.57,2,Off,909.25,818.54
1789967520000000000,2026-09-21T05:12:00Z,synthetic_free_response,1.78,5.84,0.42,0.42,0.0,292.51,7.52,9.6,4.38,1,Off,890.04,847.92
1789967580000000000,2026-09-21T05:13:00Z,synthetic_free_response,1.775,5.767,0.41,0.41,0.0,292.54,7.57,9.25,4.43,2,Off,878.95,848.27
1789967640000000000,2026-09-21T05:14:00Z,synthetic_free_response,1.772,5.774,0.44,0.44,0.0,292.57,7.61,8.84,4.98,1,Off,858.94,819.8
1789967700000000000,2026-09-21T05:15:00Z,synthetic_free_response,1.708,5.767,0.4,0.4,0.0,292.6,7.66,8.23,4.86,3,Off,854.2,824.01
1789967760000000000,2026-09-21T05:16:00Z,synthetic_free_response,1.691,5.709,0.4,0.4,0.0,292.62,7.7,8.81,4.54,2,Off,815.34,833.36
1789967820000000000,2026-09-21T05:17:00Z,synthetic_free_response,1.604,5.748,0.44,0.44,0.0,292.66,7.76,7.1,6.2,3,Off,813.91,846.37
1789967880000000000,2026-09-21T05:18:00Z,synthetic_free_response,1.54,5.766,0.44,0.44,0.0,292.7,7.84,7.15,6.15,1,Off,769.27,838.28
1789967940000000000,2026-09-21T05:19:00Z,synthetic_free_response,1.507,5.792,0.4,0.4,0.0,292.75,7.91,6.42,6.23,3,Off,806.56,859.25
1789968000000000000,2026-09-21T05:20:00Z,synthetic_free_response,1.518,5.838,0.42,0.42,0.0,292.78,7.96,6.92,6.07,3,Off,1218.18,729.7
1789968060000000000,2026-09-21T05:21:00Z,synthetic_free_response,1.514,5.877,0.43,0.43,0.0,292.81,8.01,6.5,6.62,1,Off,1245.7,743.03
1789968120000000000,2026-09-21T05:22:00Z,synthetic_free_response,1.542,5.879,0.46,0.46,0.0,292.85,8.09,6.68,6.89,3,Off,1196.26,714.91
1789968180000000000,2026-09-21T05:23:00Z,synthetic_free_response,1.554,5.903,0.49,0.49,0.0,292.87,8.12,7.75,6.32,1,Off,1166.69,694.55
1789968240000000000,2026-09-21T05:24:00Z,synthetic_free_response,1.505,5.857,0.53,0.53,0.0,292.91,8.19,6.51,8.14,2,Off,1177.21,666.55
1789968300000000000,2026-09-21T05:25:00Z,synthetic_free_response,1.538,5.903,0.54,0.54,0.0,292.94,8.24,7.67,7.04,2,Off,1159.77,662.6
1789968360000000000,2026-09-21T05:26:00Z,synthetic_free_response,1.537,5.884,0.55,0.55,0.0,292.97,8.28,6.43,8.55,1,Off,1166.92,665.93
1789968420000000000,2026-09-21T05:27:00Z,synthetic_free_response,1.567,5.82,0.58,0.58,0.0,292.99,8.32,6.47,8.96,3,Off,1156.99,643.81
1789968480000000000,2026-09-21T05:28:00Z,synthetic_free_response,1.568,5.745,0.58,0.58,0.0,293.05,8.41,6.55,8.85,2,Off,1153.05,624.77
1789968540000000000,2026-09-21T05:29:00Z,synthetic_free_response,1.56,5.684,0.57,0.57,0.0,293.06,8.44,6.83,8.35,2,Off,1148.24,626.25
1789968600000000000,2026-09-21T05:30:00Z,synthetic_free_response,1.554,5.747,0.59,0.59,0.0,293.09,8.49,6.38,9.25,3,Off,1119.57,598.42
1789968660000000000,2026-09-21T05:31:00Z,synthetic_free_response,1.492,5.788,0.53,0.53,0.0,293.11,8.52,5.82,9.11,3,Off,1165.07,624.55
1789968720000000000,2026-09-21T05:32:00Z,synthetic_free_response,1.469,5.855,0.54,0.54,0.0,293.12,8.54,6.14,8.79,2,Off,1169.91,620.21
1789968780000000000,2026-09-21T05:33:00Z,synthetic_free_response,1.507,5.77,0.49,0.49,0.0,293.17,8.62,6.0,8.17,3,Off,1152.98,605.78
1789968840000000000,2026-09-21T05:34:00Z,synthetic_free_response,1.515,5.772,0.45,0.45,0.0,293.21,8.68,7.2,6.25,2,Off,1134.6,612.8
1789968900000000000,2026-09-21T05:35:00Z,synthetic_free_response,1.57,5.693,0.45,0.45,0.0,293.23,8.71,6.98,6.45,1,Off,1140.91,589.62
1789968960000000000,2026-09-21T05:36:00Z,synthetic_free_response,1.637,5.598,0.41,0.41,0.0,293.26,8.76,6.87,5.97,2,Off,1111.35,571.8
1789969020000000000,2026-09-21T05:37:00Z,synthetic_free_response,1.612,5.517,0.45,0.45,0.0,293.28,8.8,7.31,6.16,2,Off,1102.0,544.16
1789969080000000000,2026-09-21T05:38:00Z,synthetic_free_response,1.716,5.534,0.41,0.41,0.0,293.32,8.86,8.64,4.75,1,Off,1083.8,547.03
1789969140000000000,2026-09-21T05:39:00Z,synthetic_free_response,1.719,5.536,0.43,0.43,0.0,293.34,8.9,8.93,4.82,2,Off,1117.02,560.85
1789969200000000000,2026-09-21T05:40:00Z,synthetic_free_response,1.74,5.594,0.39,0.39,0.0,293.38,8.97,9.07,4.3,3,Starting,1138.19,540.66
1789969260000000000,2026-09-21T05:41:00Z,synthetic_free_response,1.714,5.624,0.36,0.36,0.0,293.42,9.04,8.04,4.48,3,Starting,1146.48,514.8
1789969320000000000,2026-09-21T05:42:00Z,synthetic_free_response,1.761,5.596,0.34,0.34,0.0,293.44,9.07,8.21,4.14,2,Starting,1192.97,502.91
1789969380000000000,2026-09-21T05:43:00Z,synthetic_free_response,1.716,5.622,0.33,0.33,0.0,293.49,9.15,8.36,3.95,1,Starting,1242.65,486.49
1789969440000000000,2026-09-21T05:44:00Z,synthetic_free_response,1.645,5.639,0.36,0.36,0.0,293.5,9.17,6.92,5.2,2,Starting,1217.33,483.97
1789969500000000000,2026-09-21T05:45:00Z,synthetic_free_response,1.623,5.619,0.36,0.36,0.0,293.56,9.26,7.49,4.81,1,Starting,1227.85,459.82
1789969560000000000,2026-09-21T05:46:00Z,synthetic_free_response,1.624,5.542,0.33,0.33,0.0,293.58,9.3,7.26,4.55,1,Starting,1182.95,463.1
1789969620000000000,2026-09-21T05:47:00Z,synthetic_free_response,1.587,5.499,0.33,0.33,0.0,293.63,9.39,6.99,4.72,3,Starting,1219.02,458.99
1789969680000000000,2026-09-21T05:48:00Z,synthetic_free_response,1.553,5.508,0.33,0.33,0.0,293.69,9.48,6.27,5.26,1,Starting,1187.33,448.46
1789969740000000000,2026-09-21T05:49:00Z,synthetic_free_response,1.547,5.569,0.35,0.35,0.0,293.73,9.55,6.69,5.23,2,Starting,1185.93,445.83
1789969800000000000,2026-09-21T05:50:00Z,synthetic_free_response,1.567,5.49,0.38,0.38,0.0,293.75,9.59,6.51,5.84,3,Starting,1206.47,432.9
1789969860000000000,2026-09-21T05:51:00Z,synthetic_free_response,1.547,5.448,0.41,0.41,0.0,293.79,9.65,6.66,6.16,2,Starting,1379.33,855.0
1789969920000000000,2026-09-21T05:52:00Z,synthetic_free_response,1.553,5.564,0.42,0.42,0.0,293.82,9.7,7.0,6.0,1,Starting,1421.8,840.4
1789969980000000000,2026-09-21T05:53:00Z,synthetic_free_response,1.545,5.589,0.46,0.46,0.0,293.87,9.79,6.13,7.5,1,Starting,1388.51,830.94
1789970040000000000,2026-09-21T05:54:00Z,synthetic_free_response,1.597,5.603,0.47,0.47,0.0,293.91,9.85,7.61,6.18,3,Starting,1348.43,820.44
1789970100000000000,2026-09-21T05:55:00Z,synthetic_free_response,1.585,5.64,0.47,0.47,0.0,293.96,9.93,7.75,6.06,3,Starting,1322.68,832.09
1789970160000000000,2026-09-21T05:56:00Z,synthetic_free_response,1.565,5.63,0.5,0.5,0.0,293.99,9.98,7.51,6.66,3,Starting,1372.22,802.84
1789970220000000000,2026-09-21T05:57:00Z,synthetic_free_response,1.558,5.615,0.49,0.49,0.0,294.01,10.03,6.18,7.93,3,Starting,1366.88,789.82
1789970280000000000,2026-09-21T05:58:00Z,synthetic_stepwise_random_bounded,1.581,5.667,-6.16,0.0,6.16,294.04,10.08,7.59,-81.16,1,Starting,1330.13,815.65
1789970340000000000,2026-09-21T05:59:00Z,synthetic_stepwise_random_bounded,1.584,5.704,-5.85,0.0,5.85,294.07,10.14,6.74,-86.8,2,Starting,1288.33,826.83
1789970400000000000,2026-09-21T06:00:00Z,synthetic_stepwise_random_bounded,1.559,5.765,-5.39,0.0,5.39,294.1,10.2,6.96,-77.44,1,Starting,1274.33,818.71
1789970460000000000,2026-09-21T06:01:00Z,synthetic_stepwise_random_bounded,1.568,5.675,-5.65,0.0,5.65,294.12,10.25,7.32,-77.19,3,Starting,1315.05,838.2
1789970520000000000,2026-09-21T06:02:00Z,synthetic_stepwise_random_bounded,1.539,5.738,-5.67,0.0,5.67,294.16,10.32,7.25,-78.21,2,Starting,1344.85,861.04
1789970580000000000,2026-09-21T06:03:00Z,synthetic_stepwise_random_bounded,1.503,5.696,-5.48,0.0,5.48,294.2,10.41,6.43,-85.23,1,Starting,1385.11,841.68
1789970640000000000,2026-09-21T06:04:00Z,synthetic_stepwise_random_bounded,1.504,5.664,-5.18,0.0,5.18,294.22,10.44,5.95,-87.06,3,Starting,1432.9,857.34
1789970700000000000,2026-09-21T06:05:00Z,synthetic_stepwise_random_bounded,1.528,5.55,-4.81,0.0,4.81,294.25,10.49,6.02,-79.9,1,Starting,1447.54,831.29
1789970760000000000,2026-09-21T06:06:00Z,synthetic_stepwise_random_bounded,1.497,5.565,-4.64,0.0,4.64,294.27,10.54,6.36,-72.96,3,Starting,1459.79,820.51
1789970820000000000,2026-09-21T06:07:00Z,synthetic_stepwise_random_bounded,1.43,5.48,-4.99,0.0,4.99,294.31,10.62,5.49,-90.89,1,Starting,1475.83,845.1
1789970880000000000,2026-09-21T06:08:00Z,synthetic_stepwise_random_bounded,1.459,5.445,-4.96,0.0,4.96,294.34,10.68,5.45,-91.01,3,Starting,1469.49,870.56
1789970940000000000,2026-09-21T06:09:00Z,synthetic_stepwise_random_bounded,1.457,5.415,-5.3,0.0,5.3,294.38,10.75,5.56,-95.32,1,Starting,1476.41,881.53
1789971000000000000,2026-09-21T06:10:00Z,synthetic_stepwise_random_bounded,1.423,5.425,-5.79,0.0,5.79,294.39,10.79,5.14,-112.65,1,Starting,1446.57,897.21
1789971060000000000,2026-09-21T06:11:00Z,synthetic_stepwise_random_bounded,1.375,5.365,-6.02,0.0,6.02,294.42,10.83,4.91,-122.61,3,Starting,1455.82,924.17
1789971120000000000,2026-09-21T06:12:00Z,synthetic_stepwise_random_bounded,1.418,5.38,-6.58,0.0,6.58,294.45,10.91,5.05,-130.3,1,Starting,1494.36,919.82
1789971180000000000,2026-09-21T06:13:00Z,synthetic_stepwise_random_bounded,1.387,5.353,-6.96,0.0,6.96,294.48,10.95,4.87,-142.92,1,Starting,1447.64,910.49
1789971240000000000,2026-09-21T06:14:00Z,synthetic_stepwise_random_bounded,1.406,5.396,-7.46,0.0,7.46,294.5,10.99,4.91,-151.93,2,Starting,1473.59,890.08
1789971300000000000,2026-09-21T06:15:00Z,synthetic_stepwise_random_bounded,1.448,5.342,-7.66,0.0,7.66,294.52,11.05,6.15,-124.55,3,Starting,1500.0,918.55
1789971360000000000,2026-09-21T06:16:00Z,synthetic_stepwise_random_bounded,1.46,5.396,-8.33,0.0,8.33,294.54,11.08,5.91,-140.95,3,Starting,1500.0,916.94
1789971420000000000,2026-09-21T06:17:00Z,synthetic_stepwise_random_bounded,1.457,5.474,-9.02,0.0,9.02,294.57,11.15,5.86,-153.92,3,Starting,1500.0,913.96
1789971480000000000,2026-09-21T06:18:00Z,synthetic_stepwise_random_bounded,1.509,5.43,-9.54,0.0,9.54,294.59,11.18,5.81,-164.2,1,Starting,1455.37,925.68
1789971540000000000,2026-09-21T06:19:00Z,synthetic_stepwise_random_bounded,1.538,5.432,-9.42,0.0,9.42,294.62,11.24,6.78,-138.94,2,Starting,1448.65,912.93
1789971600000000000,2026-09-21T06:20:00Z,synthetic_stepwise_random_bounded,1.633,5.442,-8.79,0.0,8.79,294.65,11.3,7.11,-123.63,3,Starting,1456.56,892.98
1789971660000000000,2026-09-21T06:21:00Z,synthetic_stepwise_random_bounded,1.651,5.443,-9.25,0.0,9.25,294.67,11.34,7.14,-129.55,2,Starting,1412.2,873.78
1789971720000000000,2026-09-21T06:22:00Z,synthetic_stepwise_random_bounded,1.665,5.449,-9.86,0.0,9.86,294.69,11.39,7.65,-128.89,2,Starting,1450.18,873.47
1789971780000000000,2026-09-21T06:23:00Z,synthetic_stepwise_random_bounded,1.659,5.408,-10.0,0.0,10.0,294.71,11.42,7.07,-141.44,2,Starting,1478.68,858.29
1789971840000000000,2026-09-21T06:24:00Z,synthetic_stepwise_random_bounded,1.64,5.479,-9.81,0.0,9.81,294.73,11.45,7.3,-134.38,2,Starting,514.08,760.66
1789971900000000000,2026-09-21T06:25:00Z,synthetic_stepwise_random_bounded,1.62,5.415,-9.27,0.0,9.27,294.77,11.54,7.06,-131.3,1,Starting,480.83,790.36
1789971960000000000,2026-09-21T06:26:00Z,synthetic_stepwise_random_bounded,1.57,5.507,-9.35,0.0,9.35,294.81,11.62,6.73,-138.93,1,Starting,500.52,783.08
1789972020000000000,2026-09-21T06:27:00Z,synthetic_stepwise_random_bounded,1.506,5.478,-8.88,0.0,8.88,294.83,11.66,6.34,-140.06,2,Starting,549.15,795.13
1789972080000000000,2026-09-21T06:28:00Z,synthetic_stepwise_random_bounded,1.538,5.369,-8.98,0.0,8.98,294.85,11.7,6.56,-136.89,3,Starting,532.17,791.1
1789972140000000000,2026-09-21T06:29:00Z,synthetic_stepwise_random_bounded,1.593,5.335,-8.46,0.0,8.46,294.87,11.73,7.33,-115.42,1,Starting,485.02,776.56
1789972200000000000,2026-09-21T06:30:00Z,synthetic_stepwise_random_bounded,1.603,5.388,-9.12,0.0,9.12,294.89,11.78,6.89,-132.37,3,Starting,473.46,804.32
1789972260000000000,2026-09-21T06:31:00Z,synthetic_stepwise_random_bounded,1.614,5.353,-8.52,0.0,8.52,294.93,11.86,7.22,-118.01,1,Starting,480.84,808.36
1789972320000000000,2026-09-21T06:32:00Z,synthetic_stepwise_random_bounded,1.535,5.32,-8.94,0.0,8.94,294.97,11.94,5.64,-158.51,2,Starting,447.76,806.07
1789972380000000000,2026-09-21T06:33:00Z,synthetic_stepwise_random_bounded,1.552,5.3,-8.25,0.0,8.25,295.0,12.0,6.3,-130.95,3,Starting,398.83,804.24
1789972440000000000,2026-09-21T06:34:00Z,synthetic_stepwise_random_bounded,1.62,5.331,-8.42,0.0,8.42,295.02,12.05,6.69,-125.86,1,Starting,417.43,827.32
1789972500000000000,2026-09-21T06:35:00Z,synthetic_stepwise_random_bounded,1.654,5.283,-8.19,0.0,8.19,295.05,12.1,7.27,-112.65,3,Starting,407.86,826.0
1789972560000000000,2026-09-21T06:36:00Z,synthetic_stepwise_random_bounded,1.649,5.266,-8.78,0.0,8.78,295.08,12.16,7.03,-124.89,1,Starting,443.62,806.32
1789972620000000000,2026-09-21T06:37:00Z,synthetic_stepwise_random_bounded,1.595,5.342,-8.44,0.0,8.44,295.11,12.22,7.45,-113.29,2,Starting,481.6,829.41
1789972680000000000,2026-09-21T06:38:00Z,synthetic_stepwise_random_bounded,1.569,5.277,-9.03,0.0,9.03,295.14,12.29,6.59,-137.03,1,Starting,469.22,806.44
1789972740000000000,2026-09-21T06:39:00Z,synthetic_stepwise_random_bounded,1.578,5.212,-9.48,0.0,9.48,295.19,12.37,6.09,-155.67,1,Starting,441.95,819.05
1789972800000000000,2026-09-21T06:40:00Z,synthetic_stepwise_random_bounded,1.581,5.204,-9.91,0.0,9.91,295.23,12.46,6.6,-150.15,3,Starting,396.4,827.21
1789972860000000000,2026-09-21T06:41:00Z,synthetic_stepwise_random_bounded,1.652,5.185,-10.17,0.0,10.17,295.25,12.51,6.86,-148.25,3,Starting,384.35,838.57
1789972920000000000,2026-09-21T06:42:00Z,synthetic_stepwise_random_bounded,1.622,5.256,-10.88,0.0,10.88,295.27,12.54,7.5,-145.07,1,Starting,335.25,846.09
1789972980000000000,2026-09-21T06:43:00Z,synthetic_stepwise_random_bounded,1.606,5.244,-10.98,0.0,10.98,295.31,12.62,6.36,-172.64,2,Starting,339.43,842.65
1789973040000000000,2026-09-21T06:44:00Z,synthetic_stepwise_random_bounded,1.631,5.258,-11.38,0.0,11.38,295.33,12.67,7.58,-150.13,2,Starting,341.27,845.69
1789973100000000000,2026-09-21T06:45:00Z,synthetic_stepwise_random_bounded,1.603,5.241,-11.65,0.0,11.65,295.36,12.71,6.94,-167.87,1,Starting,1021.15,302.12
1789973160000000000,2026-09-21T06:46:00Z,synthetic_stepwise_random_bounded,1.617,5.196,-10.6,0.0,10.6,295.38,12.77,7.25,-146.21,3,Starting,1052.82,292.6
1789973220000000000,2026-09-21T06:47:00Z,synthetic_stepwise_random_bounded,1.64,5.234,-10.51,0.0,10.51,295.41,12.82,7.46,-140.88,3,Starting,1003.99,278.9
1789973280000000000,2026-09-21T06:48:00Z,synthetic_stepwise_random_bounded,1.693,5.26,-9.68,0.0,9.68,295.43,12.86,7.42,-130.46,3,Starting,652.6,903.67
1789973340000000000,2026-09-21T06:49:00Z,synthetic_stepwise_random_bounded,1.613,5.271,-9.41,0.0,9.41,295.48,12.95,6.59,-142.79,2,Starting,648.17,899.24
1789973400000000000,2026-09-21T06:50:00Z,synthetic_stepwise_random_bounded,1.699,5.299,-9.69,0.0,9.69,295.5,13.0,7.82,-123.91,1,Starting,676.94,895.37
1789973460000000000,2026-09-21T06:51:00Z,synthetic_stepwise_random_bounded,1.666,5.307,-9.14,0.0,9.14,295.53,13.06,7.4,-123.51,1,Starting,720.48,883.95
1789973520000000000,2026-09-21T06:52:00Z,synthetic_stepwise_random_bounded,1.711,5.323,-9.14,0.0,9.14,295.57,13.15,7.44,-122.85,3,Starting,686.24,867.83
1789973580000000000,2026-09-21T06:53:00Z,synthetic_stepwise_random_bounded,1.708,5.305,-9.24,0.0,9.24,295.61,13.22,8.3,-111.33,2,Starting,703.27,879.28
1789973640000000000,2026-09-21T06:54:00Z,synthetic_stepwise_random_bounded,1.639,5.375,-8.54,0.0,8.54,295.63,13.26,7.72,-110.62,2,Starting,703.05,868.46
1789973700000000000,2026-09-21T06:55:00Z,synthetic_stepwise_random_bounded,1.628,5.349,-8.74,0.0,8.74,295.64,13.29,6.57,-133.03,3,Starting,654.8,876.88
1789973760000000000,2026-09-21T06:56:00Z,synthetic_stepwise_random_bounded,1.674,5.388,-9.2,0.0,9.2,295.67,13.34,8.17,-112.61,2,Starting,638.03,902.2
1789973820000000000,2026-09-21T06:57:00Z,synthetic_stepwise_random_bounded,1.607,5.403,-9.26,0.0,9.26,295.69,13.37,6.88,-134.59,2,Starting,679.66,921.69
1789973880000000000,2026-09-21T06:58:00Z,synthetic_stepwise_random_bounded,1.618,5.58,-9.64,0.0,9.64,295.71,13.43,7.29,-132.24,2,Starting,657.01,906.39
1789973940000000000,2026-09-21T06:59:00Z,synthetic_stepwise_random_bounded,1.628,5.592,-9.69,0.0,9.69,295.75,13.5,6.83,-141.87,3,Starting,681.99,884.65
1789974000000000000,2026-09-21T07:00:00Z,synthetic_stepwise_random_bounded,1.726,5.593,-9.9,0.0,9.9,295.79,13.57,8.79,-112.63,2,Off,636.54,903.65
1789974060000000000,2026-09-21T07:01:00Z,synthetic_stepwise_random_bounded,1.733,5.581,-9.44,0.0,9.44,295.81,13.63,8.9,-106.07,1,Off,637.91,896.56
1789974120000000000,2026-09-21T07:02:00Z,synthetic_stepwise_random_bounded,1.759,5.591,-9.19,0.0,9.19,295.83,13.66,8.55,-107.49,2,Off,629.3,876.75
1789974180000000000,2026-09-21T07:03:00Z,synthetic_stepwise_random_bounded,1.783,5.545,-8.44,0.0,8.44,295.86,13.71,7.96,-106.03,2,Off,670.74,875.69
1789974240000000000,2026-09-21T07:04:00Z,synthetic_stepwise_random_bounded,1.796,5.593,-8.01,0.0,8.01,295.88,13.76,9.78,-81.9,3,Off,678.93,848.95
1789974300000000000,2026-09-21T07:05:00Z,synthetic_stepwise_random_bounded,1.774,5.564,-8.08,0.0,8.08,295.9,13.8,8.55,-94.5,3,Off,676.31,838.68
1789974360000000000,2026-09-21T07:06:00Z,synthetic_stepwise_random_bounded,1.806,5.562,-8.28,0.0,8.28,295.93,13.86,8.49,-97.53,2,Off,690.59,859.64
1789974420000000000,2026-09-21T07:07:00Z,synthetic_stepwise_random_bounded,1.798,5.575,-8.6,0.0,8.6,295.96,13.92,9.36,-91.88,2,Off,714.65,866.07
1789974480000000000,2026-09-21T07:08:00Z,synthetic_stepwise_random_bounded,1.773,5.63,-8.6,0.0,8.6,295.98,13.96,8.06,-106.7,1,Off,750.07,887.07
1789974540000000000,2026-09-21T07:09:00Z,synthetic_stepwise_random_bounded,1.724,5.54,-9.37,0.0,9.37,296.0,14.0,7.78,-120.44,1,Off,713.64,858.35
1789974600000000000,2026-09-21T07:10:00Z,synthetic_stepwise_random_bounded,1.735,5.57,-8.75,0.0,8.75,296.01,14.03,8.91,-98.2,2,Off,680.32,862.28
1789974660000000000,2026-09-21T07:11:00Z,synthetic_stepwise_random_bounded,1.76,5.653,-8.19,0.0,8.19,296.06,14.12,9.05,-90.5,3,Off,716.54,883.73
1789974720000000000,2026-09-21T07:12:00Z,synthetic_stepwise_random_bounded,1.721,5.66,-8.57,0.0,8.57,296.07,14.15,8.21,-104.38,2,Off,750.05,854.36
1789974780000000000,2026-09-21T07:13:00Z,synthetic_stepwise_random_bounded,1.764,5.582,-9.27,0.0,9.27,296.1,14.19,8.9,-104.16,3,Off,789.57,832.25
1789974840000000000,2026-09-21T07:14:00Z,synthetic_stepwise_random_bounded,1.815,5.557,-9.79,0.0,9.79,296.11,14.22,9.56,-102.41,2,Off,816.02,846.0
1789974900000000000,2026-09-21T07:15:00Z,synthetic_stepwise_random_bounded,1.879,5.535,-10.37,0.0,10.37,296.14,14.29,10.0,-103.7,2,Off,1269.95,820.59
1789974960000000000,2026-09-21T07:16:00Z,synthetic_stepwise_random_bounded,1.858,5.478,-10.7,0.0,10.7,296.17,14.33,10.3,-103.88,2,Off,1238.1,800.89
1789975020000000000,2026-09-21T07:17:00Z,synthetic_stepwise_random_bounded,1.866,5.521,-9.79,0.0,9.79,296.21,14.42,8.93,-109.63,3,Off,1234.84,779.2
1789975080000000000,2026-09-21T07:18:00Z,synthetic_stepwise_random_bounded,1.834,5.606,-9.36,0.0,9.36,296.25,14.51,8.63,-108.46,2,Off,1197.02,762.43
1789975140000000000,2026-09-21T07:19:00Z,synthetic_stepwise_random_bounded,1.793,5.746,-8.96,0.0,8.96,296.28,14.56,9.92,-90.32,3,Off,1161.69,780.06
1789975200000000000,2026-09-21T07:20:00Z,synthetic_stepwise_random_bounded,1.808,5.742,-8.62,0.0,8.62,296.31,14.61,10.22,-84.34,1,Off,1131.67,773.07
1789975260000000000,2026-09-21T07:21:00Z,synthetic_stepwise_random_bounded,1.717,5.761,-8.39,0.0,8.39,296.33,14.66,8.16,-102.82,1,Off,1128.95,777.88
1789975320000000000,2026-09-21T07:22:00Z,synthetic_stepwise_random_bounded,1.761,5.78,-8.86,0.0,8.86,296.36,14.71,8.37,-105.85,3,Off,1108.58,771.89
1789975380000000000,2026-09-21T07:23:00Z,synthetic_stepwise_random_bounded,1.802,5.897,-9.13,0.0,9.13,296.38,14.76,10.01,-91.21,2,Off,1145.2,776.48
1789975440000000000,2026-09-21T07:24:00Z,synthetic_stepwise_random_bounded,1.757,5.86,-9.09,0.0,9.09,296.42,14.83,9.77,-93.04,2,Off,1175.29,748.43
1789975500000000000,2026-09-21T07:25:00Z,synthetic_stepwise_random_bounded,1.703,5.811,-8.38,0.0,8.38,296.44,14.88,7.79,-107.57,3,Off,1165.85,750.87
1789975560000000000,2026-09-21T07:26:00Z,synthetic_stepwise_random_bounded,1.815,5.803,-8.02,0.0,8.02,296.46,14.93,8.92,-89.91,2,Off,1134.98,746.82
1789975620000000000,2026-09-21T07:27:00Z,synthetic_stepwise_random_bounded,1.795,5.685,-8.52,0.0,8.52,296.5,14.99,9.25,-92.11,1,Off,1089.14,750.35
1789975680000000000,2026-09-21T07:28:00Z,synthetic_stepwise_random_bounded,1.787,5.709,-8.48,0.0,8.48,296.54,15.08,8.48,-100.0,2,Off,1105.8,748.22
1789975740000000000,2026-09-21T07:29:00Z,synthetic_stepwise_random_bounded,1.835,5.679,-7.98,0.0,7.98,296.57,15.14,8.85,-90.17,3,Off,1145.17,729.24
1789975800000000000,2026-09-21T07:30:00Z,synthetic_stepwise_random_bounded,1.807,5.546,-8.47,0.0,8.47,296.6,15.2,9.57,-88.51,1,Starting,1172.84,718.35
1789975860000000000,2026-09-21T07:31:00Z,synthetic_stepwise_random_bounded,1.819,5.567,-8.38,0.0,8.38,296.63,15.27,8.64,-96.99,2,Starting,1127.51,701.89
1789975920000000000,2026-09-21T07:32:00Z,synthetic_stepwise_random_bounded,1.841,5.547,-7.76,0.0,7.76,296.68,15.36,9.69,-80.08,2,Starting,1139.74,683.49
1789975980000000000,2026-09-21T07:33:00Z,synthetic_stepwise_random_bounded,1.821,5.473,-8.21,0.0,8.21,296.69,15.38,9.97,-82.35,3,Starting,1100.75,674.73
1789976040000000000,2026-09-21T07:34:00Z,synthetic_stepwise_random_bounded,1.811,5.492,-8.4,0.0,8.4,296.71,15.42,8.91,-94.28,3,Starting,1083.19,646.36
1789976100000000000,2026-09-21T07:35:00Z,synthetic_stepwise_random_bounded,1.783,5.444,-9.22,0.0,9.22,296.75,15.49,8.03,-114.82,1,Starting,1063.05,672.11
1789976160000000000,2026-09-21T07:36:00Z,synthetic_stepwise_random_bounded,1.759,5.461,-8.6,0.0,8.6,296.79,15.57,7.7,-111.69,2,Starting,1066.1,658.59
1789976220000000000,2026-09-21T07:37:00Z,synthetic_stepwise_random_bounded,1.876,5.524,-8.14,0.0,8.14,296.8,15.6,10.18,-79.96,2,Starting,1050.08,672.81
1789976280000000000,2026-09-21T07:38:00Z,synthetic_stepwise_random_bounded,1.809,5.539,-8.42,0.0,8.42,296.81,15.63,8.63,-97.57,3,Starting,1094.24,675.71
1789976340000000000,2026-09-21T07:39:00Z,synthetic_stepwise_random_bounded,1.857,5.53,-7.85,0.0,7.85,296.86,15.71,10.19,-77.04,3,Starting,1139.98,683.79
1789976400000000000,2026-09-21T07:40:00Z,synthetic_stepwise_random_bounded,1.915,5.571,-7.9,0.0,7.9,296.87,15.74,9.58,-82.46,3,Starting,1134.64,702.81
1789976460000000000,2026-09-21T07:41:00Z,synthetic_stepwise_random_bounded,1.979,5.659,-7.43,0.0,7.43,296.88,15.77,11.15,-66.64,2,Starting,1121.39,673.21
1789976520000000000,2026-09-21T07:42:00Z,synthetic_stepwise_random_bounded,1.964,5.628,-7.44,0.0,7.44,296.93,15.85,10.24,-72.66,1,Starting,1120.5,651.51
1789976580000000000,2026-09-21T07:43:00Z,synthetic_stepwise_random_bounded,1.942,5.678,-7.42,0.0,7.42,296.96,15.92,9.96,-74.5,1,Starting,1116.15,666.25
1789976640000000000,2026-09-21T07:44:00Z,synthetic_stepwise_random_bounded,1.888,5.707,-7.66,0.0,7.66,296.98,15.95,9.68,-79.13,3,Starting,1150.32,667.05
1789976700000000000,2026-09-21T07:45:00Z,synthetic_stepwise_random_bounded,1.837,5.742,-7.52,0.0,7.52,297.02,16.04,10.09,-74.53,3,Starting,1133.92,662.06
1789976760000000000,2026-09-21T07:46:00Z,synthetic_stepwise_random_bounded,1.872,5.721,-7.6,0.0,7.6,297.04,16.08,9.25,-82.16,3,Starting,1118.37,691.04
1789976820000000000,2026-09-21T07:47:00Z,synthetic_stepwise_random_bounded,1.872,5.827,-7.62,0.0,7.62,297.07,16.14,9.7,-78.56,3,Starting,1109.95,717.79
1789976880000000000,2026-09-21T07:48:00Z,synthetic_stepwise_random_bounded,1.86,5.854,-7.6,0.0,7.6,297.1,16.19,10.82,-70.24,1,Starting,1143.85,745.63
1789976940000000000,2026-09-21T07:49:00Z,synthetic_stepwise_random_bounded,1.902,5.866,-8.19,0.0,8.19,297.12,16.23,10.07,-81.33,1,Starting,1115.92,720.79
1789977000000000000,2026-09-21T07:50:00Z,synthetic_stepwise_random_bounded,1.859,5.896,-8.13,0.0,8.13,297.14,16.29,9.63,-84.42,2,Starting,1157.61,713.09
1789977060000000000,2026-09-21T07:51:00Z,synthetic_stepwise_random_bounded,1.847,5.867,-7.58,0.0,7.58,297.19,16.37,9.51,-79.71,2,Starting,1159.95,708.81
1789977120000000000,2026-09-21T07:52:00Z,synthetic_stepwise_random_bounded,1.821,5.814,-7.22,0.0,7.22,297.21,16.43,9.63,-74.97,2,Starting,1143.15,709.65
1789977180000000000,2026-09-21T07:53:00Z,synthetic_stepwise_random_bounded,1.788,5.771,-7.32,0.0,7.32,297.23,16.46,9.22,-79.39,2,Starting,1100.61,720.68
1789977240000000000,2026-09-21T07:54:00Z,synthetic_stepwise_random_bounded,1.77,5.816,-7.18,0.0,7.18,297.27,16.55,9.82,-73.12,3,Starting,1108.92,743.77
1789977300000000000,2026-09-21T07:55:00Z,synthetic_stepwise_random_bounded,1.782,5.719,-7.8,0.0,7.8,297.31,16.63,9.68,-80.58,3,Starting,1108.97,756.72
1789977360000000000,2026-09-21T07:56:00Z,synthetic_stepwise_random_bounded,1.804,5.708,-7.8,0.0,7.8,297.33,16.67,9.62,-81.08,1,Starting,1141.09,768.68
1789977420000000000,2026-09-21T07:57:00Z,synthetic_stepwise_random_bounded,1.802,5.708,-7.6,0.0,7.6,297.36,16.72,10.02,-75.85,1,Starting,1140.79,754.89
1789977480000000000,2026-09-21T07:58:00Z,synthetic_stepwise_random_bounded,1.829,5.776,-6.95,0.0,6.95,297.38,16.75,9.16,-75.87,1,Starting,1190.43,784.66
1789977540000000000,2026-09-21T07:59:00Z,synthetic_stepwise_random_bounded,1.866,5.772,-7.57,0.0,7.57,297.39,16.79,10.05,-75.32,1,Starting,1199.24,786.35
1789977600000000000,2026-09-21T08:00:00Z,synthetic_stepwise_random_bounded,1.917,5.777,-7.02,0.0,7.02,297.43,16.85,10.4,-67.5,1,Starting,1215.36,780.73
1789977660000000000,2026-09-21T08:01:00Z,synthetic_stepwise_random_bounded,1.895,5.772,-6.87,0.0,6.87,297.44,16.89,10.18,-67.49,3,Starting,1191.92,767.02
1789977720000000000,2026-09-21T08:02:00Z,synthetic_stepwise_random_bounded,1.911,5.803,-6.93,0.0,6.93,297.46,16.93,10.41,-66.57,1,Starting,1187.62,768.55
1789977780000000000,2026-09-21T08:03:00Z,synthetic_stepwise_random_bounded,1.864,5.818,-7.33,0.0,7.33,297.48,16.96,9.77,-75.03,3,Starting,1247.93,891.78
1789977840000000000,2026-09-21T08:04:00Z,synthetic_stepwise_random_bounded,1.801,5.819,-6.72,0.0,6.72,297.52,17.04,9.47,-70.96,3,Starting,1254.75,864.46
1789977900000000000,2026-09-21T08:05:00Z,synthetic_stepwise_random_bounded,1.794,5.724,-6.47,0.0,6.47,297.55,17.1,8.71,-74.28,3,Starting,1232.36,879.75
1789977960000000000,2026-09-21T08:06:00Z,synthetic_stepwise_random_bounded,1.739,5.737,-6.94,0.0,6.94,297.56,17.13,8.69,-79.86,1,Starting,1192.82,903.15
1789978020000000000,2026-09-21T08:07:00Z,synthetic_stepwise_random_bounded,1.767,5.732,-6.91,0.0,6.91,297.6,17.19,9.58,-72.13,1,Starting,1221.41,913.93
1789978080000000000,2026-09-21T08:08:00Z,synthetic_stepwise_random_bounded,1.754,5.659,-6.73,0.0,6.73,297.62,17.23,8.17,-82.37,2,Starting,1212.15,899.19
1789978140000000000,2026-09-21T08:09:00Z,synthetic_stepwise_random_bounded,1.721,5.699,-6.12,0.0,6.12,297.65,17.31,7.89,-77.57,1,Starting,1250.2,913.95
1789978200000000000,2026-09-21T08:10:00Z,synthetic_stepwise_random_bounded,1.635,5.571,-5.88,0.0,5.88,297.69,17.39,7.79,-75.48,1,Starting,1238.73,935.86
1789978260000000000,2026-09-21T08:11:00Z,synthetic_stepwise_random_bounded,1.674,5.538,-5.84,0.0,5.84,297.73,17.46,7.28,-80.22,2,Starting,1269.76,958.91
1789978320000000000,2026-09-21T08:12:00Z,synthetic_stepwise_random_bounded,1.68,5.427,-5.29,0.0,5.29,297.75,17.49,7.25,-72.97,3,Starting,1318.91,979.06
1789978380000000000,2026-09-21T08:13:00Z,synthetic_stepwise_random_bounded,1.711,5.353,-4.91,0.0,4.91,297.77,17.54,7.5,-65.47,3,Starting,1300.46,969.34
1789978440000000000,2026-09-21T08:14:00Z,synthetic_stepwise_random_bounded,1.665,5.403,-4.96,0.0,4.96,297.81,17.62,6.89,-71.99,3,Starting,1322.27,971.67
1789978500000000000,2026-09-21T08:15:00Z,synthetic_stepwise_random_bounded,1.654,5.423,-4.51,0.0,4.51,297.83,17.66,7.59,-59.42,2,Starting,1317.59,1000.0
1789978560000000000,2026-09-21T08:16:00Z,synthetic_stepwise_random_bounded,1.635,5.401,-4.57,0.0,4.57,297.87,17.74,6.64,-68.83,2,Starting,1325.63,1000.0
1789978620000000000,2026-09-21T08:17:00Z,synthetic_stepwise_random_bounded,1.586,5.491,-4.26,0.0,4.26,297.9,17.8,6.31,-67.51,3,Starting,1314.97,1000.0
1789978680000000000,2026-09-21T08:18:00Z,synthetic_stepwise_random_bounded,1.604,5.489,-4.28,0.0,4.28,297.94,17.87,7.76,-55.15,2,Starting,1282.93,1000.0
1789978740000000000,2026-09-21T08:19:00Z,synthetic_stepwise_random_bounded,1.609,5.583,-3.97,0.0,3.97,297.95,17.9,7.12,-55.76,2,Starting,1250.78,1000.0
1789978800000000000,2026-09-21T08:20:00Z,synthetic_stepwise_random_bounded,1.632,5.551,-3.64,0.0,3.64,297.98,17.96,7.87,-46.25,3,Starting,1277.9,1000.0
1789978860000000000,2026-09-21T08:21:00Z,synthetic_stepwise_random_bounded,1.699,5.571,-3.38,0.0,3.38,298.0,18.0,7.55,-44.77,1,Starting,1301.26,1000.0
1789978920000000000,2026-09-21T08:22:00Z,synthetic_stepwise_random_bounded,1.674,5.508,-3.17,0.0,3.17,298.02,18.05,7.25,-43.72,1,Starting,1344.96,1000.0
1789978980000000000,2026-09-21T08:23:00Z,synthetic_stepwise_random_bounded,1.689,5.445,-3.16,0.0,3.16,298.05,18.1,7.33,-43.11,2,Starting,822.33,556.15
1789979040000000000,2026-09-21T08:24:00Z,synthetic_stepwise_random_bounded,1.685,5.397,-3.45,0.0,3.45,298.09,18.18,7.28,-47.39,2,Starting,775.23,526.5
1789979100000000000,2026-09-21T08:25:00Z,synthetic_stepwise_random_bounded,1.73,5.494,-3.79,0.0,3.79,298.13,18.26,7.53,-50.33,3,Starting,818.66,547.39
1789979160000000000,2026-09-21T08:26:00Z,synthetic_stepwise_random_bounded,1.784,5.505,-3.8,0.0,3.8,298.15,18.31,8.23,-46.17,1,Starting,868.09,540.08
1789979220000000000,2026-09-21T08:27:00Z,synthetic_stepwise_random_bounded,1.821,5.512,-3.73,0.0,3.73,298.18,18.35,8.41,-44.35,1,Starting,847.13,558.61
1789979280000000000,2026-09-21T08:28:00Z,synthetic_stepwise_random_bounded,1.858,5.529,-3.89,0.0,3.89,298.2,18.41,10.25,-37.95,1,Starting,799.25,550.82
1789979340000000000,2026-09-21T08:29:00Z,synthetic_stepwise_random_bounded,1.903,5.552,-3.66,0.0,3.66,298.25,18.49,10.92,-33.52,1,Starting,771.42,534.81
1789979400000000000,2026-09-21T08:30:00Z,synthetic_stepwise_random_bounded,1.9,5.495,-3.86,0.0,3.86,298.28,18.56,9.56,-40.38,2,Starting,808.22,518.55
1789979460000000000,2026-09-21T08:31:00Z,synthetic_stepwise_random_bounded,1.841,5.58,-3.54,0.0,3.54,298.31,18.61,9.43,-37.54,3,Starting,844.23,511.45
1789979520000000000,2026-09-21T08:32:00Z,synthetic_stepwise_random_bounded,1.78,5.59,-3.35,0.0,3.35,298.32,18.64,9.19,-36.45,3,Starting,858.23,494.3
1789979580000000000,2026-09-21T08:33:00Z,synthetic_stepwise_random_bounded,1.796,5.601,-3.23,0.0,3.23,298.36,18.72,9.38,-34.43,2,Starting,843.16,475.01
1789979640000000000,2026-09-21T08:34:00Z,synthetic_stepwise_random_bounded,1.741,5.648,-2.94,0.0,2.94,298.39,18.79,8.42,-34.92,1,Starting,812.24,470.26
1789979700000000000,2026-09-21T08:35:00Z,synthetic_stepwise_random_bounded,1.727,5.617,-2.66,0.0,2.66,298.43,18.85,8.81,-30.19,2,Starting,799.63,469.54
1789979760000000000,2026-09-21T08:36:00Z,synthetic_stepwise_random_bounded,1.731,5.629,-2.9,0.0,2.9,298.46,18.92,9.06,-32.01,1,Starting,836.32,440.21
1789979820000000000,2026-09-21T08:37:00Z,synthetic_stepwise_random_bounded,1.735,5.626,-2.69,0.0,2.69,298.48,18.95,8.8,-30.57,2,Starting,857.76,450.41
1789979880000000000,2026-09-21T08:38:00Z,synthetic_stepwise_random_bounded,1.703,5.715,-2.46,0.0,2.46,298.5,19.0,8.3,-29.64,3,Starting,812.99,461.99
1789979940000000000,2026-09-21T08:39:00Z,synthetic_stepwise_random_bounded,1.787,5.748,-2.35,0.0,2.35,298.55,19.09,9.78,-24.03,1,Starting,814.66,441.82
1789980000000000000,2026-09-21T08:40:00Z,synthetic_stepwise_random_bounded,1.862,5.793,-2.15,0.0,2.15,298.57,19.14,11.03,-19.49,1,Starting,840.13,457.05
1789980060000000000,2026-09-21T08:41:00Z,synthetic_stepwise_random_bounded,1.847,5.849,-2.05,0.0,2.05,298.61,19.21,10.09,-20.32,1,Starting,803.2,461.23
1789980120000000000,2026-09-21T08:42:00Z,synthetic_stepwise_random_bounded,1.886,5.889,-2.11,0.0,2.11,298.62,19.24,9.89,-21.33,1,Starting,812.88,483.4
1789980180000000000,2026-09-21T08:43:00Z,synthetic_stepwise_random_bounded,1.893,5.95,-2.14,0.0,2.14,298.65,19.3,10.03,-21.34,1,Starting,839.03,489.11
1789980240000000000,2026-09-21T08:44:00Z,synthetic_stepwise_random_bounded,1.874,5.898,-2.03,0.0,2.03,298.67,19.34,9.34,-21.73,2,Starting,883.57,495.83
1789980300000000000,2026-09-21T08:45:00Z,synthetic_stepwise_random_bounded,1.881,5.89,-2.08,0.0,2.08,298.7,19.4,11.01,-18.89,3,Starting,926.99,470.18
1789980360000000000,2026-09-21T08:46:00Z,synthetic_stepwise_random_bounded,1.77,5.833,-2.17,0.0,2.17,298.72,19.44,9.58,-22.65,1,Starting,971.76,460.72
1789980420000000000,2026-09-21T08:47:00Z,synthetic_stepwise_random_bounded,1.812,5.751,-2.2,0.0,2.2,298.75,19.51,9.33,-23.58,1,Starting,1011.15,469.57
1789980480000000000,2026-09-21T08:48:00Z,synthetic_stepwise_random_bounded,1.843,5.672,-2.32,0.0,2.32,298.79,19.58,8.7,-26.67,3,Starting,1011.08,443.25
1789980540000000000,2026-09-21T08:49:00Z,synthetic_stepwise_random_bounded,1.812,5.7,-2.4,0.0,2.4,298.83,19.67,10.06,-23.86,3,Starting,995.48,453.6
1789980600000000000,2026-09-21T08:50:00Z,synthetic_stepwise_random_bounded,1.819,5.677,-2.43,0.0,2.43,298.87,19.74,9.22,-26.36,2,Starting,1001.49,477.48
1789980660000000000,2026-09-21T08:51:00Z,synthetic_stepwise_random_bounded,1.766,5.667,-2.67,0.0,2.67,298.91,19.82,8.5,-31.41,1,Starting,977.98,469.93
1789980720000000000,2026-09-21T08:52:00Z,synthetic_stepwise_random_bounded,1.81,5.672,-2.77,0.0,2.77,298.94,19.88,8.88,-31.19,2,Starting,1002.35,445.37
1789980780000000000,2026-09-21T08:53:00Z,synthetic_stepwise_random_bounded,1.885,5.581,-2.83,0.0,2.83,298.99,19.97,9.95,-28.44,2,Starting,995.87,425.69
1789980840000000000,2026-09-21T08:54:00Z,synthetic_stepwise_random_bounded,1.898,5.635,-2.99,0.0,2.99,299.02,20.04,9.68,-30.89,2,Starting,960.96,428.03
1789980900000000000,2026-09-21T08:55:00Z,synthetic_stepwise_random_bounded,1.923,5.659,-3.16,0.0,3.16,299.04,20.11,10.89,-29.02,2,Starting,961.42,419.18
1789980960000000000,2026-09-21T08:56:00Z,synthetic_stepwise_random_bounded,2.013,5.621,-2.92,0.0,2.92,299.06,20.16,10.78,-27.09,1,Starting,965.18,397.49
1789981020000000000,2026-09-21T08:57:00Z,synthetic_stepwise_random_bounded,1.945,5.668,-2.84,0.0,2.84,299.08,20.2,9.82,-28.92,2,Starting,972.97,395.22
1789981080000000000,2026-09-21T08:58:00Z,synthetic_stepwise_random_bounded,1.976,5.679,-3.08,0.0,3.08,299.11,20.27,11.21,-27.48,2,Starting,944.67,395.18
1789981140000000000,2026-09-21T08:59:00Z,synthetic_stepwise_random_bounded,2.045,5.761,-3.03,0.0,3.03,299.14,20.36,12.75,-23.76,1,Starting,944.8,402.58
1789981200000000000,2026-09-21T09:00:00Z,synthetic_stepwise_random_bounded,1.921,5.781,-2.96,0.0,2.96,299.18,20.44,10.99,-26.93,1,Starting,987.27,421.19
1789981260000000000,2026-09-21T09:01:00Z,synthetic_stepwise_random_bounded,1.924,5.782,-2.92,0.0,2.92,299.19,20.47,10.47,-27.89,2,Starting,969.63,409.2
1789981320000000000,2026-09-21T09:02:00Z,synthetic_stepwise_random_bounded,1.962,5.777,-2.87,0.0,2.87,299.21,20.52,11.11,-25.83,2,Starting,929.99,418.66
1789981380000000000,2026-09-21T09:03:00Z,synthetic_stepwise_random_bounded,2.033,5.736,-2.92,0.0,2.92,299.23,20.58,11.56,-25.26,1,Starting,951.96,442.1
1789981440000000000,2026-09-21T09:04:00Z,synthetic_stepwise_random_bounded,2.05,5.771,-2.91,0.0,2.91,299.25,20.62,10.97,-26.53,2,Starting,925.48,450.29
1789981500000000000,2026-09-21T09:05:00Z,synthetic_stepwise_random_bounded,2.001,5.733,-2.63,0.0,2.63,299.26,20.66,10.49,-25.07,1,Starting,955.25,476.03
1789981560000000000,2026-09-21T09:06:00Z,synthetic_stepwise_random_bounded,1.915,5.706,-2.84,0.0,2.84,299.29,20.73,9.49,-29.93,3,Starting,966.79,449.85
1789981620000000000,2026-09-21T09:07:00Z,synthetic_stepwise_random_bounded,1.882,5.669,-2.59,0.0,2.59,299.32,20.79,9.33,-27.76,1,Starting,1469.16,710.07
1789981680000000000,2026-09-21T09:08:00Z,synthetic_stepwise_random_bounded,1.827,5.753,-2.43,0.0,2.43,299.33,20.82,10.02,-24.25,2,Starting,1460.19,703.25
1789981740000000000,2026-09-21T09:09:00Z,synthetic_stepwise_random_bounded,1.792,5.802,-2.67,0.0,2.67,299.36,20.89,8.67,-30.8,2,Starting,1434.14,727.63
1789981800000000000,2026-09-21T09:10:00Z,synthetic_stepwise_random_bounded,1.881,5.752,-2.62,0.0,2.62,299.38,20.96,10.45,-25.07,2,Starting,1471.11,748.45
1789981860000000000,2026-09-21T09:11:00Z,synthetic_stepwise_random_bounded,1.942,5.822,-2.55,0.0,2.55,299.42,21.04,11.35,-22.47,1,Starting,1491.53,760.7
1789981920000000000,2026-09-21T09:12:00Z,synthetic_stepwise_random_bounded,1.938,5.864,-2.7,0.0,2.7,299.45,21.13,11.98,-22.54,1,Starting,1489.74,771.21
1789981980000000000,2026-09-21T09:13:00Z,synthetic_stepwise_random_bounded,1.945,5.918,-2.67,0.0,2.67,299.48,21.19,11.75,-22.72,2,Starting,1483.75,794.86
1789982040000000000,2026-09-21T09:14:00Z,synthetic_stepwise_random_bounded,1.987,5.97,-2.49,0.0,2.49,299.51,21.27,10.86,-22.93,3,Starting,1190.13,898.68
1789982100000000000,2026-09-21T09:15:00Z,synthetic_stepwise_random_bounded,1.882,5.903,-2.42,0.0,2.42,299.52,21.29,11.09,-21.82,3,Starting,1145.54,922.35
1789982160000000000,2026-09-21T09:16:00Z,synthetic_stepwise_random_bounded,1.962,5.78,-2.27,0.0,2.27,299.53,21.32,10.71,-21.2,2,Starting,1192.11,904.34
1789982220000000000,2026-09-21T09:17:00Z,synthetic_stepwise_random_bounded,1.961,5.883,-2.33,0.0,2.33,299.55,21.37,11.1,-20.99,3,Starting,1211.61,876.41
1789982280000000000,2026-09-21T09:18:00Z,synthetic_stepwise_random_bounded,1.922,5.846,-2.51,0.0,2.51,299.56,21.41,10.08,-24.9,1,Starting,1257.94,901.75
1789982340000000000,2026-09-21T09:19:00Z,synthetic_stepwise_random_bounded,1.916,5.815,-2.47,0.0,2.47,299.6,21.49,10.93,-22.6,1,Starting,1219.3,876.93
1789982400000000000,2026-09-21T09:20:00Z,synthetic_stepwise_random_bounded,1.874,5.782,-2.35,0.0,2.35,299.62,21.54,10.21,-23.02,3,Starting,1199.23,881.51
1789982460000000000,2026-09-21T09:21:00Z,synthetic_stepwise_random_bounded,1.78,5.843,-2.2,0.0,2.2,299.63,21.57,9.48,-23.21,1,Starting,1205.55,909.18
1789982520000000000,2026-09-21T09:22:00Z,synthetic_stepwise_random_bounded,1.779,5.898,-2.31,0.0,2.31,299.66,21.64,9.88,-23.38,2,Starting,1234.43,918.53
1789982580000000000,2026-09-21T09:23:00Z,synthetic_stepwise_random_bounded,1.699,5.949,-2.24,0.0,2.24,299.68,21.7,8.18,-27.38,2,Starting,1188.21,899.61
1789982640000000000,2026-09-21T09:24:00Z,synthetic_stepwise_random_bounded,1.632,5.992,-2.03,0.0,2.03,299.72,21.79,8.22,-24.7,2,Starting,1222.79,898.41
1789982700000000000,2026-09-21T09:25:00Z,synthetic_stepwise_random_bounded,1.623,6.012,-1.87,0.0,1.87,299.74,21.84,8.23,-22.72,3,Starting,1242.46,884.78
1789982760000000000,2026-09-21T09:26:00Z,synthetic_stepwise_random_bounded,1.599,5.989,-1.72,0.0,1.72,299.76,21.9,7.76,-22.16,2,Starting,1243.21,886.16
1789982820000000000,2026-09-21T09:27:00Z,synthetic_stepwise_random_bounded,1.648,6.012,-1.71,0.0,1.71,299.78,21.95,8.02,-21.32,1,Starting,1205.49,891.86
1789982880000000000,2026-09-21T09:28:00Z,synthetic_stepwise_random_bounded,1.627,5.877,-1.72,0.0,1.72,299.81,22.03,7.96,-21.61,2,Starting,1161.29,864.01
1789982940000000000,2026-09-21T09:29:00Z,synthetic_stepwise_random_bounded,1.65,5.909,-1.65,0.0,1.65,299.8,22.0,7.57,-21.8,3,Starting,1124.95,838.48
1789983000000000000,2026-09-21T09:30:00Z,synthetic_stepwise_random_bounded,1.587,5.883,-1.56,0.0,1.56,299.78,21.96,7.18,-21.73,3,Starting,1133.42,830.5
1789983060000000000,2026-09-21T09:31:00Z,synthetic_stepwise_random_bounded,1.643,5.926,-1.58,0.0,1.58,299.78,21.95,7.61,-20.76,1,Starting,1149.57,806.6
1789983120000000000,2026-09-21T09:32:00Z,synthetic_stepwise_random_bounded,1.615,5.932,-1.49,0.0,1.49,299.77,21.92,7.25,-20.55,2,Starting,1131.86,834.25
1789983180000000000,2026-09-21T09:33:00Z,synthetic_stepwise_random_bounded,1.683,5.967,-1.34,0.0,1.34,299.76,21.9,8.67,-15.46,1,Starting,1085.82,827.09
1789983240000000000,2026-09-21T09:34:00Z,synthetic_stepwise_random_bounded,1.649,5.995,-1.23,0.0,1.23,299.75,21.88,8.44,-14.57,2,Starting,1116.0,854.64
1789983300000000000,2026-09-21T09:35:00Z,synthetic_stepwise_random_bounded,1.657,5.915,-1.28,0.0,1.28,299.74,21.86,8.12,-15.76,2,Starting,1115.85,849.9
1789983360000000000,2026-09-21T09:36:00Z,synthetic_stepwise_random_bounded,1.623,5.876,-1.27,0.0,1.27,299.73,21.83,7.36,-17.26,2,Starting,1082.13,844.14
1789983420000000000,2026-09-21T09:37:00Z,synthetic_stepwise_random_bounded,1.635,5.846,-1.24,0.0,1.24,299.72,21.81,8.42,-14.73,2,Starting,1036.43,847.86
1789983480000000000,2026-09-21T09:38:00Z,synthetic_stepwise_random_bounded,1.642,5.804,-1.17,0.0,1.17,299.71,21.78,7.93,-14.75,1,Starting,1032.3,867.5
1789983540000000000,2026-09-21T09:39:00Z,synthetic_stepwise_random_bounded,1.734,5.645,-1.17,0.0,1.17,299.71,21.77,9.2,-12.72,3,Starting,1023.6,884.11
1789983600000000000,2026-09-21T09:40:00Z,synthetic_stepwise_random_bounded,1.666,5.593,-1.2,0.0,1.2,299.7,21.75,7.44,-16.13,1,Starting,988.03,866.26
1789983660000000000,2026-09-21T09:41:00Z,synthetic_stepwise_random_bounded,1.618,5.563,-1.22,0.0,1.22,299.7,21.74,6.95,-17.55,2,Starting,968.95,837.63
1789983720000000000,2026-09-21T09:42:00Z,synthetic_stepwise_random_bounded,1.574,5.659,-1.2,0.0,1.2,299.69,21.72,6.89,-17.42,3,Starting,952.69,819.88
1789983780000000000,2026-09-21T09:43:00Z,synthetic_stepwise_random_bounded,1.561,5.649,-1.28,0.0,1.28,299.68,21.71,6.89,-18.58,2,Starting,944.39,814.95
1789983840000000000,2026-09-21T09:44:00Z,synthetic_stepwise_random_bounded,1.513,5.646,-1.4,0.0,1.4,299.67,21.68,6.58,-21.28,1,Starting,929.16,809.04
1789983900000000000,2026-09-21T09:45:00Z,synthetic_stepwise_random_bounded,1.514,5.585,-1.46,0.0,1.46,299.66,21.66,6.19,-23.59,3,Starting,943.48,830.72
1789983960000000000,2026-09-21T09:46:00Z,synthetic_stepwise_random_bounded,1.544,5.515,-1.5,0.0,1.5,299.66,21.64,5.99,-25.04,1,Starting,922.14,820.38
1789984020000000000,2026-09-21T09:47:00Z,synthetic_stepwise_random_bounded,1.524,5.508,-1.62,0.0,1.62,299.64,21.61,6.82,-23.75,1,Starting,883.56,831.32
1789984080000000000,2026-09-21T09:48:00Z,synthetic_stepwise_random_bounded,1.439,5.592,-1.71,0.0,1.71,299.63,21.58,5.42,-31.55,3,Starting,850.62,856.29
1789984140000000000,2026-09-21T09:49:00Z,synthetic_stepwise_random_bounded,1.455,5.555,-1.72,0.0,1.72,299.62,21.55,5.35,-32.15,2,Starting,882.44,836.97
1789984200000000000,2026-09-21T09:50:00Z,synthetic_stepwise_random_bounded,1.433,5.568,-1.71,0.0,1.71,299.62,21.54,6.18,-27.67,2,Starting,909.21,865.28
1789984260000000000,2026-09-21T09:51:00Z,synthetic_stepwise_random_bounded,1.47,5.563,-1.6,0.0,1.6,299.61,21.53,5.89,-27.16,2,Starting,945.76,878.87
1789984320000000000,2026-09-21T09:52:00Z,synthetic_stepwise_random_bounded,1.475,5.615,-1.69,0.0,1.69,299.61,21.52,6.19,-27.3,1,Starting,967.83,886.17
1789984380000000000,2026-09-21T09:53:00Z,synthetic_stepwise_random_bounded,1.391,5.617,-1.62,0.0,1.62,299.6,21.5,5.83,-27.79,1,Starting,923.31,872.83
1789984440000000000,2026-09-21T09:54:00Z,synthetic_stepwise_random_bounded,1.41,5.768,-1.72,0.0,1.72,299.59,21.48,5.7,-30.18,2,Starting,967.45,865.31
1789984500000000000,2026-09-21T09:55:00Z,synthetic_stepwise_random_bounded,1.47,5.687,-1.88,0.0,1.88,299.59,21.47,5.71,-32.92,2,Starting,974.37,888.98
1789984560000000000,2026-09-21T09:56:00Z,synthetic_stepwise_random_bounded,1.45,5.749,-2.02,0.0,2.02,299.58,21.44,5.57,-36.27,1,Starting,994.92,913.86
1789984620000000000,2026-09-21T09:57:00Z,synthetic_stepwise_random_bounded,1.458,5.778,-2.08,0.0,2.08,299.57,21.42,6.5,-32.0,3,Starting,964.51,935.6
1789984680000000000,2026-09-21T09:58:00Z,synthetic_stepwise_random_bounded,1.454,5.904,-2.08,0.0,2.08,299.56,21.41,5.87,-35.43,1,Starting,925.04,948.12
1789984740000000000,2026-09-21T09:59:00Z,synthetic_stepwise_random_bounded,1.444,5.921,-1.87,0.0,1.87,299.56,21.39,6.03,-31.01,2,Starting,928.31,960.8
1789984800000000000,2026-09-21T10:00:00Z,synthetic_stepwise_random_bounded,1.467,5.875,-1.93,0.0,1.93,299.54,21.36,6.34,-30.44,3,Starting,898.03,959.57
1789984860000000000,2026-09-21T10:01:00Z,synthetic_stepwise_random_bounded,1.468,5.91,-2.0,0.0,2.0,299.54,21.35,6.36,-31.45,1,Starting,927.89,979.55
1789984920000000000,2026-09-21T10:02:00Z,synthetic_stepwise_random_bounded,1.503,5.979,-2.07,0.0,2.07,299.53,21.33,6.66,-31.08,2,Starting,695.28,378.44
1789984980000000000,2026-09-21T10:03:00Z,synthetic_stepwise_random_bounded,1.552,5.823,-2.06,0.0,2.06,299.52,21.31,6.95,-29.64,3,Starting,721.51,386.06
1789985040000000000,2026-09-21T10:04:00Z,synthetic_stepwise_random_bounded,1.522,5.89,-2.21,0.0,2.21,299.52,21.3,6.34,-34.86,3,Starting,736.3,373.07
1789985100000000000,2026-09-21T10:05:00Z,synthetic_stepwise_random_bounded,1.614,5.821,-2.34,0.0,2.34,299.52,21.29,7.52,-31.12,3,Starting,706.15,391.57
1789985160000000000,2026-09-21T10:06:00Z,synthetic_stepwise_random_bounded,1.632,5.804,-2.41,0.0,2.41,299.51,21.27,8.0,-30.12,3,Starting,747.56,412.82
1789985220000000000,2026-09-21T10:07:00Z,synthetic_stepwise_random_bounded,1.683,5.879,-2.59,0.0,2.59,299.5,21.25,7.81,-33.16,1,Starting,790.1,403.21
1789985280000000000,2026-09-21T10:08:00Z,synthetic_stepwise_random_bounded,1.707,5.736,-2.57,0.0,2.57,299.49,21.23,7.76,-33.12,2,Starting,830.28,405.99
1789985340000000000,2026-09-21T10:09:00Z,synthetic_stepwise_random_bounded,1.768,5.779,-2.39,0.0,2.39,299.49,21.23,8.41,-28.42,1,Starting,792.63,392.41
1789985400000000000,2026-09-21T10:10:00Z,synthetic_stepwise_random_bounded,1.774,5.735,-2.22,0.0,2.22,299.48,21.21,8.39,-26.46,3,Starting,751.12,412.88
1789985460000000000,2026-09-21T10:11:00Z,synthetic_stepwise_random_bounded,1.777,5.817,-2.08,0.0,2.08,299.47,21.18,8.7,-23.91,2,Starting,734.65,428.96
1789985520000000000,2026-09-21T10:12:00Z,synthetic_stepwise_random_bounded,1.768,5.756,-2.25,0.0,2.25,299.46,21.16,9.16,-24.56,2,Starting,774.31,414.71
1789985580000000000,2026-09-21T10:13:00Z,synthetic_stepwise_random_bounded,1.738,5.827,-2.37,0.0,2.37,299.46,21.15,9.15,-25.9,3,Starting,745.18,435.05
1789985640000000000,2026-09-21T10:14:00Z,synthetic_stepwise_random_bounded,1.746,5.77,-2.39,0.0,2.39,299.45,21.13,8.85,-27.01,2,Starting,756.23,413.24
1789985700000000000,2026-09-21T10:15:00Z,synthetic_stepwise_random_bounded,1.733,5.722,-2.56,0.0,2.56,299.44,21.11,8.13,-31.49,3,Starting,795.89,408.37
1789985760000000000,2026-09-21T10:16:00Z,synthetic_stepwise_random_bounded,1.692,5.735,-2.52,0.0,2.52,299.44,21.09,8.9,-28.31,1,Starting,839.48,429.47
1789985820000000000,2026-09-21T10:17:00Z,synthetic_stepwise_random_bounded,1.68,5.788,-2.71,0.0,2.71,299.43,21.08,8.98,-30.18,1,Starting,853.31,456.41
1789985880000000000,2026-09-21T10:18:00Z,synthetic_stepwise_random_bounded,1.681,5.863,-2.96,0.0,2.96,299.42,21.06,7.63,-38.79,2,Starting,882.32,460.94
1789985940000000000,2026-09-21T10:19:00Z,synthetic_stepwise_random_bounded,1.683,5.92,-3.04,0.0,3.04,299.42,21.06,7.95,-38.24,1,Starting,908.97,463.34
1789986000000000000,2026-09-21T10:20:00Z,synthetic_stepwise_random_bounded,1.659,5.827,-3.29,0.0,3.29,299.42,21.05,8.65,-38.03,2,Starting,923.56,481.15
1789986060000000000,2026-09-21T10:21:00Z,synthetic_stepwise_random_bounded,1.68,5.761,-3.37,0.0,3.37,299.41,21.02,8.41,-40.07,2,Starting,971.5,467.48
1789986120000000000,2026-09-21T10:22:00Z,synthetic_stepwise_random_bounded,1.72,5.761,-3.51,0.0,3.51,299.4,21.0,7.87,-44.6,1,Starting,988.84,444.42
1789986180000000000,2026-09-21T10:23:00Z,synthetic_stepwise_random_bounded,1.718,5.77,-3.26,0.0,3.26,299.38,20.96,7.72,-42.23,1,Starting,978.1,459.61
1789986240000000000,2026-09-21T10:24:00Z,synthetic_stepwise_random_bounded,1.739,5.741,-3.46,0.0,3.46,299.37,20.93,8.49,-40.75,1,Starting,1010.14,464.03
1789986300000000000,2026-09-21T10:25:00Z,synthetic_stepwise_random_bounded,1.841,5.799,-3.5,0.0,3.5,299.37,20.92,9.96,-35.14,2,Off,1046.46,466.09
1789986360000000000,2026-09-21T10:26:00Z,synthetic_stepwise_random_bounded,1.794,5.714,-3.61,0.0,3.61,299.36,20.91,9.52,-37.92,3,Off,1063.93,473.58
1789986420000000000,2026-09-21T10:27:00Z,synthetic_stepwise_random_bounded,1.844,5.803,-3.82,0.0,3.82,299.36,20.89,10.8,-35.37,3,Off,1024.73,445.72
1789986480000000000,2026-09-21T10:28:00Z,synthetic_stepwise_random_bounded,1.797,5.827,-3.5,0.0,3.5,299.34,20.86,10.29,-34.01,1,Off,1020.48,456.87
1789986540000000000,2026-09-21T10:29:00Z,synthetic_stepwise_random_bounded,1.843,5.92,-3.29,0.0,3.29,299.34,20.85,9.19,-35.8,2,Off,1008.82,477.29
1789986600000000000,2026-09-21T10:30:00Z,synthetic_stepwise_random_bounded,1.765,5.996,-3.54,0.0,3.54,299.33,20.82,9.35,-37.86,3,Off,999.0,488.51
1789986660000000000,2026-09-21T10:31:00Z,synthetic_stepwise_random_bounded,1.747,5.986,-3.51,0.0,3.51,299.32,20.81,9.33,-37.62,1,Off,1022.49,467.54
1789986720000000000,2026-09-21T10:32:00Z,synthetic_stepwise_random_bounded,1.74,5.942,-3.25,0.0,3.25,299.32,20.79,8.18,-39.73,2,Off,1045.81,481.47
1789986780000000000,2026-09-21T10:33:00Z,synthetic_stepwise_random_bounded,1.772,5.978,-2.95,0.0,2.95,299.3,20.76,9.61,-30.7,3,Off,1085.5,504.75
1789986840000000000,2026-09-21T10:34:00Z,synthetic_stepwise_random_bounded,1.804,5.859,-2.99,0.0,2.99,299.3,20.75,10.18,-29.37,1,Off,1061.52,496.11
1789986900000000000,2026-09-21T10:35:00Z,synthetic_stepwise_random_bounded,1.775,5.948,-2.75,0.0,2.75,299.3,20.74,8.44,-32.58,2,Off,1070.58,522.49
1789986960000000000,2026-09-21T10:36:00Z,synthetic_stepwise_random_bounded,1.807,5.936,-2.79,0.0,2.79,299.29,20.72,9.8,-28.47,1,Off,1058.19,541.74
1789987020000000000,2026-09-21T10:37:00Z,synthetic_stepwise_random_bounded,1.783,6.158,-2.6,0.0,2.6,299.28,20.71,10.74,-24.21,2,Off,1016.55,569.62
1789987080000000000,2026-09-21T10:38:00Z,synthetic_stepwise_random_bounded,1.731,6.304,-2.79,0.0,2.79,299.27,20.68,9.82,-28.41,1,Off,985.82,568.34
1789987140000000000,2026-09-21T10:39:00Z,synthetic_stepwise_random_bounded,1.698,6.201,-2.87,0.0,2.87,299.27,20.67,8.9,-32.25,1,Off,964.65,593.99
1789987200000000000,2026-09-21T10:40:00Z,synthetic_stepwise_random_bounded,1.767,6.218,-2.93,0.0,2.93,299.26,20.65,10.67,-27.46,3,Off,925.3,580.28
1789987260000000000,2026-09-21T10:41:00Z,synthetic_stepwise_random_bounded,1.778,6.323,-2.82,0.0,2.82,299.24,20.61,10.35,-27.25,1,Off,917.45,581.7
1789987320000000000,2026-09-21T10:42:00Z,synthetic_stepwise_random_bounded,1.757,6.336,-2.76,0.0,2.76,299.24,20.61,8.91,-30.98,1,Off,937.78,598.43
1789987380000000000,2026-09-21T10:43:00Z,synthetic_stepwise_random_bounded,1.797,6.356,-2.74,0.0,2.74,299.23,20.58,10.76,-25.46,3,Off,977.21,624.78
1789987440000000000,2026-09-21T10:44:00Z,synthetic_stepwise_random_bounded,1.812,6.425,-2.78,0.0,2.78,299.22,20.55,10.83,-25.67,3,Off,930.09,603.98
1789987500000000000,2026-09-21T10:45:00Z,synthetic_stepwise_random_bounded,1.833,6.386,-2.56,0.0,2.56,299.21,20.53,11.64,-21.99,1,Off,893.87,583.67
1789987560000000000,2026-09-21T10:46:00Z,synthetic_stepwise_random_bounded,1.832,6.355,-2.71,0.0,2.71,299.21,20.52,9.77,-27.74,3,Off,924.25,569.6
1789987620000000000,2026-09-21T10:47:00Z,synthetic_stepwise_random_bounded,1.882,6.403,-2.76,0.0,2.76,299.2,20.5,12.38,-22.29,1,Off,899.9,564.32
1789987680000000000,2026-09-21T10:48:00Z,synthetic_stepwise_random_bounded,1.899,6.511,-2.53,0.0,2.53,299.19,20.48,10.78,-23.47,2,Off,919.1,584.63
1789987740000000000,2026-09-21T10:49:00Z,synthetic_stepwise_random_bounded,1.965,6.564,-2.37,0.0,2.37,299.18,20.46,11.88,-19.95,2,Off,880.15,558.19
1789987800000000000,2026-09-21T10:50:00Z,synthetic_stepwise_random_bounded,2.02,6.531,-2.15,0.0,2.15,299.18,20.46,13.76,-15.62,2,Off,857.59,782.62
1789987860000000000,2026-09-21T10:51:00Z,synthetic_stepwise_random_bounded,1.99,6.646,-2.1,0.0,2.1,299.17,20.43,13.66,-15.37,2,Off,870.18,769.14
1789987920000000000,2026-09-21T10:52:00Z,synthetic_stepwise_random_bounded,2.009,6.614,-2.12,0.0,2.12,299.16,20.41,13.61,-15.58,2,Off,895.38,779.07
1789987980000000000,2026-09-21T10:53:00Z,synthetic_stepwise_random_bounded,2.041,6.621,-1.92,0.0,1.92,299.16,20.4,13.84,-13.87,1,Off,862.79,780.11
1789988040000000000,2026-09-21T10:54:00Z,synthetic_stepwise_random_bounded,2.073,6.706,-1.78,0.0,1.78,299.15,20.37,14.35,-12.4,2,Off,841.16,778.83
1789988100000000000,2026-09-21T10:55:00Z,synthetic_stepwise_random_bounded,1.981,6.676,-1.77,0.0,1.77,299.14,20.34,12.99,-13.63,3,Off,821.68,753.24
1789988160000000000,2026-09-21T10:56:00Z,synthetic_stepwise_random_bounded,1.931,6.715,-1.81,0.0,1.81,299.13,20.32,13.45,-13.46,1,Off,773.7,726.62
1789988220000000000,2026-09-21T10:57:00Z,synthetic_stepwise_random_bounded,1.983,6.766,-1.64,0.0,1.64,299.12,20.29,13.49,-12.16,1,Off,767.35,718.74
1789988280000000000,2026-09-21T10:58:00Z,synthetic_stepwise_random_bounded,1.963,6.695,-1.53,0.0,1.53,299.1,20.26,11.95,-12.8,1,Off,763.65,729.62
1789988340000000000,2026-09-21T10:59:00Z,synthetic_stepwise_random_bounded,1.925,6.496,-1.55,0.0,1.55,299.1,20.24,13.07,-11.86,3,Off,713.8,722.86
1789988400000000000,2026-09-21T11:00:00Z,synthetic_stepwise_random_bounded,1.867,6.551,-1.69,0.0,1.69,299.09,20.22,10.4,-16.25,2,Off,699.38,738.15
1789988460000000000,2026-09-21T11:01:00Z,synthetic_stepwise_random_bounded,1.798,6.539,-1.58,0.0,1.58,299.07,20.18,9.67,-16.34,2,Off,649.45,721.79
1789988520000000000,2026-09-21T11:02:00Z,synthetic_stepwise_random_bounded,1.758,6.535,-1.68,0.0,1.68,299.06,20.16,11.08,-15.16,3,Off,609.28,745.21
1789988580000000000,2026-09-21T11:03:00Z,synthetic_stepwise_random_bounded,1.729,6.555,-1.78,0.0,1.78,299.06,20.15,10.52,-16.92,1,Off,559.91,759.68
1789988640000000000,2026-09-21T11:04:00Z,synthetic_stepwise_random_bounded,1.836,6.501,-1.91,0.0,1.91,299.05,20.12,11.31,-16.89,3,Off,555.17,736.19
1789988700000000000,2026-09-21T11:05:00Z,synthetic_stepwise_random_bounded,1.928,6.521,-1.76,0.0,1.76,299.04,20.11,11.23,-15.67,1,Off,579.43,736.41
1789988760000000000,2026-09-21T11:06:00Z,synthetic_stepwise_random_bounded,1.981,6.583,-1.73,0.0,1.73,299.03,20.08,13.96,-12.39,1,Off,544.4,706.62
1789988820000000000,2026-09-21T11:07:00Z,synthetic_stepwise_random_bounded,1.931,6.6,-1.84,0.0,1.84,299.02,20.06,12.76,-14.42,2,Off,534.32,734.66
1789988880000000000,2026-09-21T11:08:00Z,synthetic_stepwise_random_bounded,1.921,6.618,-1.8,0.0,1.8,299.02,20.05,11.85,-15.19,1,Off,553.13,757.94
1789988940000000000,2026-09-21T11:09:00Z,synthetic_stepwise_random_bounded,1.887,6.672,-1.82,0.0,1.82,299.01,20.03,11.37,-16.01,1,Off,522.19,729.73
1789989000000000000,2026-09-21T11:10:00Z,synthetic_stepwise_random_bounded,1.899,6.743,-1.9,0.0,1.9,299.01,20.02,11.47,-16.56,2,Off,565.95,757.64
1789989060000000000,2026-09-21T11:11:00Z,synthetic_stepwise_random_bounded,1.969,6.707,-1.94,0.0,1.94,299.0,20.01,14.01,-13.85,3,Off,609.32,754.11
1789989120000000000,2026-09-21T11:12:00Z,synthetic_stepwise_random_bounded,1.89,6.84,-1.78,0.0,1.78,299.0,19.99,12.06,-14.76,3,Off,589.19,769.15
1789989180000000000,2026-09-21T11:13:00Z,synthetic_stepwise_random_bounded,1.894,6.856,-1.88,0.0,1.88,298.99,19.97,11.37,-16.53,2,Off,577.94,776.25
1789989240000000000,2026-09-21T11:14:00Z,synthetic_stepwise_random_bounded,1.823,6.971,-2.04,0.0,2.04,298.98,19.96,12.06,-16.92,3,Off,550.09,757.94
1789989300000000000,2026-09-21T11:15:00Z,synthetic_stepwise_random_bounded,1.818,7.051,-1.98,0.0,1.98,298.98,19.95,12.57,-15.75,2,Off,533.37,759.42
1789989360000000000,2026-09-21T11:16:00Z,synthetic_stepwise_random_bounded,1.774,7.07,-2.13,0.0,2.13,298.96,19.93,12.08,-17.63,2,Off,551.72,755.37
1789989420000000000,2026-09-21T11:17:00Z,synthetic_stepwise_random_bounded,1.838,7.009,-2.06,0.0,2.06,298.95,19.91,10.84,-19.0,2,Off,551.44,754.44
1789989480000000000,2026-09-21T11:18:00Z,synthetic_stepwise_random_bounded,1.824,7.039,-2.02,0.0,2.02,298.95,19.9,11.93,-16.93,3,Off,530.64,736.6
1789989540000000000,2026-09-21T11:19:00Z,synthetic_stepwise_random_bounded,1.843,7.026,-2.18,0.0,2.18,298.94,19.88,11.43,-19.07,3,Off,496.96,755.74
1789989600000000000,2026-09-21T11:20:00Z,synthetic_stepwise_random_bounded,1.773,7.051,-2.38,0.0,2.38,298.93,19.85,10.92,-21.79,1,Off,527.74,745.15
1789989660000000000,2026-09-21T11:21:00Z,synthetic_stepwise_random_bounded,1.758,7.017,-2.36,0.0,2.36,298.91,19.82,11.22,-21.03,1,Off,482.12,741.48
1789989720000000000,2026-09-21T11:22:00Z,synthetic_stepwise_random_bounded,1.768,6.995,-2.36,0.0,2.36,298.89,19.79,10.31,-22.89,1,Off,442.24,730.35
1789989780000000000,2026-09-21T11:23:00Z,synthetic_stepwise_random_bounded,1.782,6.841,-2.35,0.0,2.35,298.88,19.77,11.89,-19.76,1,Off,490.24,729.26
1789989840000000000,2026-09-21T11:24:00Z,synthetic_stepwise_random_bounded,1.754,6.797,-2.12,0.0,2.12,298.87,19.74,10.38,-20.42,3,Off,517.75,755.84
1789989900000000000,2026-09-21T11:25:00Z,synthetic_stepwise_random_bounded,1.723,6.804,-1.94,0.0,1.94,298.87,19.73,10.72,-18.1,3,Off,487.01,784.04
1789989960000000000,2026-09-21T11:26:00Z,synthetic_stepwise_random_bounded,1.687,6.869,-1.76,0.0,1.76,298.85,19.7,9.15,-19.23,1,Off,446.89,768.52
1789990020000000000,2026-09-21T11:27:00Z,synthetic_stepwise_random_bounded,1.649,6.744,-1.68,0.0,1.68,298.84,19.68,9.2,-18.26,1,Off,465.87,776.91
1789990080000000000,2026-09-21T11:28:00Z,synthetic_stepwise_random_bounded,1.611,6.813,-1.82,0.0,1.82,298.83,19.66,8.02,-22.69,3,Off,440.45,759.87
1789990140000000000,2026-09-21T11:29:00Z,synthetic_stepwise_random_bounded,1.677,6.705,-1.71,0.0,1.71,298.82,19.65,9.02,-18.96,3,Off,425.44,750.88
1789990200000000000,2026-09-21T11:30:00Z,synthetic_stepwise_random_bounded,1.701,6.689,-1.69,0.0,1.69,298.81,19.62,8.82,-19.16,2,Off,427.98,780.53
1789990260000000000,2026-09-21T11:31:00Z,synthetic_stepwise_random_bounded,1.722,6.638,-1.74,0.0,1.74,298.8,19.59,10.08,-17.26,3,Off,469.13,786.29
1789990320000000000,2026-09-21T11:32:00Z,synthetic_stepwise_random_bounded,1.749,6.548,-1.66,0.0,1.66,298.79,19.58,9.43,-17.6,3,Off,456.18,783.63
1789990380000000000,2026-09-21T11:33:00Z,synthetic_stepwise_random_bounded,1.73,6.46,-1.65,0.0,1.65,298.77,19.55,9.48,-17.41,3,Off,496.24,778.49
1789990440000000000,2026-09-21T11:34:00Z,synthetic_stepwise_random_bounded,1.74,6.471,-1.8,0.0,1.8,298.77,19.55,9.8,-18.37,2,Off,482.66,750.96
1789990500000000000,2026-09-21T11:35:00Z,synthetic_stepwise_random_bounded,1.745,6.426,-1.72,0.0,1.72,298.75,19.51,9.04,-19.03,1,Off,522.14,748.53
1789990560000000000,2026-09-21T11:36:00Z,synthetic_stepwise_random_bounded,1.727,6.494,-1.61,0.0,1.61,298.74,19.48,9.34,-17.24,1,Off,525.13,776.2
1789990620000000000,2026-09-21T11:37:00Z,synthetic_stepwise_random_bounded,1.661,6.559,-1.53,0.0,1.53,298.74,19.47,9.81,-15.6,2,Off,516.06,753.76
1789990680000000000,2026-09-21T11:38:00Z,synthetic_stepwise_random_bounded,1.668,6.622,-1.61,0.0,1.61,298.73,19.46,8.96,-17.97,1,Off,523.78,770.21
1789990740000000000,2026-09-21T11:39:00Z,synthetic_stepwise_random_bounded,1.685,6.61,-1.74,0.0,1.74,298.73,19.45,9.34,-18.63,2,Off,669.43,861.05
1789990800000000000,2026-09-21T11:40:00Z,synthetic_stepwise_random_bounded,1.718,6.526,-1.67,0.0,1.67,298.72,19.44,9.28,-18.0,2,Off,653.78,832.85
1789990860000000000,2026-09-21T11:41:00Z,synthetic_stepwise_random_bounded,1.731,6.54,-1.74,0.0,1.74,298.7,19.41,10.67,-16.31,2,Off,679.62,823.35
1789990920000000000,2026-09-21T11:42:00Z,synthetic_stepwise_random_bounded,1.756,6.505,-1.86,0.0,1.86,298.7,19.4,9.94,-18.71,2,Off,674.12,818.56
1789990980000000000,2026-09-21T11:43:00Z,synthetic_stepwise_random_bounded,1.709,6.398,-1.8,0.0,1.8,298.69,19.38,9.4,-19.15,3,Off,646.13,822.2
1789991040000000000,2026-09-21T11:44:00Z,synthetic_stepwise_random_bounded,1.719,6.394,-1.78,0.0,1.78,298.69,19.37,9.94,-17.91,3,Off,627.46,817.3
1789991100000000000,2026-09-21T11:45:00Z,synthetic_stepwise_random_bounded,1.771,6.387,-1.61,0.0,1.61,298.67,19.34,9.17,-17.56,1,Off,595.79,826.75
1789991160000000000,2026-09-21T11:46:00Z,synthetic_stepwise_random_bounded,1.752,6.354,-1.57,0.0,1.57,298.66,19.32,10.32,-15.21,1,Off,554.84,849.38
1789991220000000000,2026-09-21T11:47:00Z,synthetic_stepwise_random_bounded,1.719,6.307,-1.67,0.0,1.67,298.64,19.29,10.07,-16.58,1,Off,1468.93,511.63
1789991280000000000,2026-09-21T11:48:00Z,synthetic_stepwise_random_bounded,1.633,6.397,-1.63,0.0,1.63,298.64,19.28,8.73,-18.67,1,Off,1492.59,492.52
1789991340000000000,2026-09-21T11:49:00Z,synthetic_stepwise_random_bounded,1.667,6.408,-1.75,0.0,1.75,298.62,19.25,9.37,-18.68,1,Off,1472.26,466.68
1789991400000000000,2026-09-21T11:50:00Z,synthetic_stepwise_random_bounded,1.642,6.41,-1.91,0.0,1.91,298.61,19.22,7.81,-24.46,3,Off,1500.0,464.37
1789991460000000000,2026-09-21T11:51:00Z,synthetic_stepwise_random_bounded,1.651,6.345,-1.79,0.0,1.79,298.6,19.19,8.17,-21.91,3,Off,1500.0,454.63
1789991520000000000,2026-09-21T11:52:00Z,synthetic_stepwise_random_bounded,1.647,6.312,-1.74,0.0,1.74,298.58,19.17,8.85,-19.66,2,Off,1500.0,455.91
1789991580000000000,2026-09-21T11:53:00Z,synthetic_stepwise_random_bounded,1.658,6.333,-1.58,0.0,1.58,298.57,19.15,8.8,-17.95,1,Off,1474.9,996.37
1789991640000000000,2026-09-21T11:54:00Z,synthetic_stepwise_random_bounded,1.685,6.346,-1.62,0.0,1.62,298.57,19.14,8.81,-18.39,3,Off,1476.64,980.32
1789991700000000000,2026-09-21T11:55:00Z,synthetic_stepwise_random_bounded,1.718,6.258,-1.76,0.0,1.76,298.56,19.12,8.9,-19.78,3,Off,1476.44,1000.0
1789991760000000000,2026-09-21T11:56:00Z,synthetic_stepwise_random_bounded,1.752,6.26,-1.76,0.0,1.76,298.56,19.11,10.42,-16.89,1,Off,1500.0,1000.0
1789991820000000000,2026-09-21T11:57:00Z,synthetic_stepwise_random_bounded,1.741,6.309,-1.65,0.0,1.65,298.55,19.09,9.09,-18.15,2,Off,1477.2,992.87
1789991880000000000,2026-09-21T11:58:00Z,synthetic_stepwise_random_bounded,1.785,6.336,-1.76,0.0,1.76,298.54,19.07,11.06,-15.91,3,Off,1429.35,1000.0
1789991940000000000,2026-09-21T11:59:00Z,synthetic_stepwise_random_bounded,1.763,6.409,-1.81,0.0,1.81,298.52,19.05,9.93,-18.23,3,Off,1451.07,1000.0
1789992000000000000,2026-09-21T12:00:00Z,synthetic_stepwise_random_bounded,1.701,6.498,-1.77,0.0,1.77,298.52,19.04,10.1,-17.52,2,Off,1426.51,992.05
1789992060000000000,2026-09-21T12:01:00Z,synthetic_stepwise_random_bounded,1.741,6.471,-1.87,0.0,1.87,298.5,19.0,10.27,-18.21,3,Off,1403.33,1000.0
1789992120000000000,2026-09-21T12:02:00Z,synthetic_stepwise_random_bounded,1.724,6.407,-1.82,0.0,1.82,298.49,18.98,8.77,-20.75,3,Off,1412.1,1000.0
1789992180000000000,2026-09-21T12:03:00Z,synthetic_stepwise_random_bounded,1.676,6.368,-1.89,0.0,1.89,298.48,18.95,8.38,-22.55,2,Off,1447.71,1000.0
1789992240000000000,2026-09-21T12:04:00Z,synthetic_stepwise_random_bounded,1.726,6.31,-1.85,0.0,1.85,298.47,18.94,9.89,-18.71,3,Off,1426.22,1000.0
1789992300000000000,2026-09-21T12:05:00Z,synthetic_stepwise_random_bounded,1.77,6.281,-2.01,0.0,2.01,298.46,18.93,10.16,-19.78,3,Off,1415.6,1000.0
1789992360000000000,2026-09-21T12:06:00Z,synthetic_stepwise_random_bounded,1.752,6.298,-1.97,0.0,1.97,298.45,18.91,10.48,-18.8,1,Off,1442.78,1000.0
1789992420000000000,2026-09-21T12:07:00Z,synthetic_stepwise_random_bounded,1.793,6.278,-2.07,0.0,2.07,298.45,18.9,9.69,-21.36,2,Off,1448.86,1000.0
1789992480000000000,2026-09-21T12:08:00Z,synthetic_stepwise_random_bounded,1.811,6.271,-1.94,0.0,1.94,298.44,18.88,11.11,-17.46,2,Off,1483.52,1000.0
1789992540000000000,2026-09-21T12:09:00Z,synthetic_stepwise_random_bounded,1.84,6.249,-1.94,0.0,1.94,298.43,18.85,10.2,-19.02,3,Off,1481.41,1000.0
1789992600000000000,2026-09-21T12:10:00Z,synthetic_stepwise_random_bounded,1.758,6.279,-1.78,0.0,1.78,298.42,18.84,9.95,-17.89,3,Off,1442.02,1000.0
1789992660000000000,2026-09-21T12:11:00Z,synthetic_stepwise_random_bounded,1.805,6.224,-1.72,0.0,1.72,298.4,18.8,10.51,-16.37,1,Off,1426.71,1000.0
1789992720000000000,2026-09-21T12:12:00Z,synthetic_stepwise_random_bounded,1.734,6.175,-1.56,0.0,1.56,298.38,18.77,9.99,-15.62,1,Off,1390.23,1000.0
1789992780000000000,2026-09-21T12:13:00Z,synthetic_stepwise_random_bounded,1.721,6.105,-1.63,0.0,1.63,298.38,18.75,9.11,-17.89,2,Off,1381.31,1000.0
1789992840000000000,2026-09-21T12:14:00Z,synthetic_stepwise_random_bounded,1.792,6.094,-1.5,0.0,1.5,298.37,18.73,10.73,-13.98,1,Off,1376.86,1000.0
1789992900000000000,2026-09-21T12:15:00Z,synthetic_stepwise_random_bounded,1.741,6.111,-1.38,0.0,1.38,298.35,18.7,8.34,-16.55,3,Off,1372.33,1000.0
1789992960000000000,2026-09-21T12:16:00Z,synthetic_stepwise_random_bounded,1.739,6.139,-1.29,0.0,1.29,298.33,18.67,9.24,-13.96,1,Off,1394.7,1000.0
1789993020000000000,2026-09-21T12:17:00Z,synthetic_stepwise_random_bounded,1.738,6.179,-1.27,0.0,1.27,298.32,18.64,10.16,-12.5,1,Off,1440.09,1000.0
1789993080000000000,2026-09-21T12:18:00Z,synthetic_stepwise_random_bounded,1.733,6.233,-1.39,0.0,1.39,298.31,18.61,8.68,-16.01,1,Off,1471.76,1000.0
1789993140000000000,2026-09-21T12:19:00Z,synthetic_stepwise_random_bounded,1.802,6.186,-1.39,0.0,1.39,298.29,18.57,9.86,-14.1,1,Off,1468.3,1000.0
1789993200000000000,2026-09-21T12:20:00Z,synthetic_stepwise_random_bounded,1.826,6.189,-1.3,0.0,1.3,298.27,18.55,11.3,-11.5,3,Off,1459.87,1000.0
1789993260000000000,2026-09-21T12:21:00Z,synthetic_stepwise_random_bounded,1.888,6.1,-1.36,0.0,1.36,298.26,18.52,10.78,-12.62,3,Off,1466.18,1000.0
1789993320000000000,2026-09-21T12:22:00Z,synthetic_stepwise_random_bounded,1.921,6.04,-1.27,0.0,1.27,298.25,18.5,11.84,-10.73,3,Off,1451.26,1000.0
1789993380000000000,2026-09-21T12:23:00Z,synthetic_stepwise_random_bounded,1.926,5.958,-1.2,0.0,1.2,298.25,18.49,11.57,-10.37,1,Off,1448.46,1000.0
1789993440000000000,2026-09-21T12:24:00Z,synthetic_stepwise_random_bounded,1.933,5.977,-1.21,0.0,1.21,298.24,18.48,11.33,-10.68,2,Off,1455.96,1000.0
1789993500000000000,2026-09-21T12:25:00Z,synthetic_stepwise_random_bounded,1.908,6.073,-1.32,0.0,1.32,298.23,18.46,11.1,-11.89,2,Off,1492.45,1000.0
1789993560000000000,2026-09-21T12:26:00Z,synthetic_stepwise_random_bounded,1.969,6.105,-1.31,0.0,1.31,298.23,18.45,12.76,-10.27,3,Off,1500.0,1000.0
1789993620000000000,2026-09-21T12:27:00Z,synthetic_stepwise_random_bounded,1.862,6.116,-1.36,0.0,1.36,298.21,18.43,10.35,-13.14,2,Off,1500.0,1000.0
1789993680000000000,2026-09-21T12:28:00Z,synthetic_stepwise_random_bounded,1.847,6.103,-1.3,0.0,1.3,298.21,18.42,9.57,-13.58,1,Off,1500.0,1000.0
1789993740000000000,2026-09-21T12:29:00Z,synthetic_stepwise_random_bounded,1.839,6.073,-1.41,0.0,1.41,298.2,18.4,9.5,-14.84,1,Off,1500.0,1000.0
1789993800000000000,2026-09-21T12:30:00Z,synthetic_stepwise_random_bounded,1.833,6.037,-1.41,0.0,1.41,298.19,18.39,10.36,-13.61,3,Off,1500.0,1000.0
1789993860000000000,2026-09-21T12:31:00Z,synthetic_stepwise_random_bounded,1.874,6.123,-1.4,0.0,1.4,298.19,18.37,9.71,-14.42,2,Off,1500.0,1000.0
1789993920000000000,2026-09-21T12:32:00Z,synthetic_stepwise_random_bounded,1.917,6.106,-1.47,0.0,1.47,298.17,18.34,11.38,-12.92,3,Off,1500.0,1000.0
1789993980000000000,2026-09-21T12:33:00Z,synthetic_stepwise_random_bounded,1.963,6.113,-1.57,0.0,1.57,298.15,18.31,12.23,-12.84,1,Off,1500.0,1000.0
1789994040000000000,2026-09-21T12:34:00Z,synthetic_stepwise_random_bounded,1.922,6.155,-1.53,0.0,1.53,298.14,18.29,11.7,-13.08,3,Off,1500.0,1000.0
1789994100000000000,2026-09-21T12:35:00Z,synthetic_stepwise_random_bounded,1.909,6.165,-1.56,0.0,1.56,298.14,18.28,11.16,-13.98,2,Off,1500.0,1000.0
1789994160000000000,2026-09-21T12:36:00Z,synthetic_stepwise_random_bounded,1.899,6.114,-1.55,0.0,1.55,298.13,18.27,10.17,-15.24,1,Off,1500.0,1000.0
1789994220000000000,2026-09-21T12:37:00Z,synthetic_stepwise_random_bounded,1.924,6.05,-1.59,0.0,1.59,298.12,18.25,10.21,-15.57,2,Off,1476.3,1000.0
1789994280000000000,2026-09-21T12:38:00Z,synthetic_stepwise_random_bounded,2.025,5.96,-1.6,0.0,1.6,298.12,18.23,12.69,-12.61,3,Off,769.27,500.3
1789994340000000000,2026-09-21T12:39:00Z,synthetic_stepwise_random_bounded,2.039,6.002,-1.7,0.0,1.7,298.11,18.21,13.13,-12.95,1,Off,816.36,494.59
1789994400000000000,2026-09-21T12:40:00Z,synthetic_stepwise_random_bounded,2.013,6.085,-1.71,0.0,1.71,298.1,18.19,11.97,-14.29,2,Off,842.39,520.6
1789994460000000000,2026-09-21T12:41:00Z,synthetic_stepwise_random_bounded,2.063,6.093,-1.76,0.0,1.76,298.08,18.16,11.7,-15.04,1,Off,874.26,548.02
1789994520000000000,2026-09-21T12:42:00Z,synthetic_stepwise_random_bounded,2.042,6.085,-1.92,0.0,1.92,298.08,18.16,11.65,-16.48,2,Off,863.92,560.25
1789994580000000000,2026-09-21T12:43:00Z,synthetic_stepwise_random_bounded,2.088,6.125,-1.8,0.0,1.8,298.06,18.13,13.69,-13.15,2,Off,833.36,563.8
1789994640000000000,2026-09-21T12:44:00Z,synthetic_stepwise_random_bounded,2.062,6.142,-1.92,0.0,1.92,298.06,18.12,11.99,-16.01,1,Off,839.02,542.37
1789994700000000000,2026-09-21T12:45:00Z,synthetic_stepwise_random_bounded,2.117,6.156,-1.8,0.0,1.8,298.05,18.1,14.67,-12.27,3,Off,832.29,515.19
1789994760000000000,2026-09-21T12:46:00Z,synthetic_stepwise_random_bounded,2.072,6.111,-1.64,0.0,1.64,298.04,18.07,12.07,-13.59,3,Off,791.03,527.69
1789994820000000000,2026-09-21T12:47:00Z,synthetic_stepwise_random_bounded,2.047,6.111,-1.7,0.0,1.7,298.02,18.04,13.79,-12.33,2,Off,787.59,518.01
1789994880000000000,2026-09-21T12:48:00Z,synthetic_stepwise_random_bounded,2.067,6.16,-1.57,0.0,1.57,298.0,18.01,12.67,-12.39,1,Off,812.34,515.69
1789994940000000000,2026-09-21T12:49:00Z,synthetic_stepwise_random_bounded,2.101,6.142,-1.62,0.0,1.62,297.99,17.97,14.17,-11.43,1,Off,857.05,505.24
1789995000000000000,2026-09-21T12:50:00Z,synthetic_stepwise_random_bounded,2.019,6.18,-1.7,0.0,1.7,297.97,17.94,13.65,-12.45,2,Off,875.58,513.78
1789995060000000000,2026-09-21T12:51:00Z,synthetic_stepwise_random_bounded,1.888,6.128,-1.76,0.0,1.76,297.97,17.94,10.93,-16.1,1,Off,889.56,505.57
1789995120000000000,2026-09-21T12:52:00Z,synthetic_stepwise_random_bounded,1.855,6.138,-1.85,0.0,1.85,297.96,17.92,9.67,-19.13,1,Off,904.88,481.87
1789995180000000000,2026-09-21T12:53:00Z,synthetic_stepwise_random_bounded,1.849,6.15,-1.9,0.0,1.9,297.95,17.9,9.99,-19.02,2,Off,767.45,517.45
1789995240000000000,2026-09-21T12:54:00Z,synthetic_stepwise_random_bounded,1.795,6.047,-1.85,0.0,1.85,297.93,17.86,8.88,-20.83,2,Off,728.1,526.81
1789995300000000000,2026-09-21T12:55:00Z,synthetic_stepwise_random_bounded,1.804,6.06,-1.96,0.0,1.96,297.93,17.85,10.08,-19.44,3,Off,711.46,512.82
1789995360000000000,2026-09-21T12:56:00Z,synthetic_stepwise_random_bounded,1.916,6.036,-2.06,0.0,2.06,297.91,17.82,10.14,-20.32,2,Off,731.49,488.37
1789995420000000000,2026-09-21T12:57:00Z,synthetic_stepwise_random_bounded,1.936,6.016,-1.92,0.0,1.92,297.9,17.81,11.52,-16.67,3,Off,772.08,483.04
1789995480000000000,2026-09-21T12:58:00Z,synthetic_stepwise_random_bounded,2.005,6.095,-1.88,0.0,1.88,297.89,17.78,13.24,-14.2,1,Off,783.7,476.26
1789995540000000000,2026-09-21T12:59:00Z,synthetic_stepwise_random_bounded,2.012,6.066,-1.9,0.0,1.9,297.88,17.77,11.32,-16.78,2,Off,763.76,483.65
1789995600000000000,2026-09-21T13:00:00Z,synthetic_stepwise_random_bounded,2.08,6.119,-1.91,0.0,1.91,297.88,17.76,12.08,-15.81,2,Off,730.88,501.97
1789995660000000000,2026-09-21T13:01:00Z,synthetic_stepwise_random_bounded,2.151,6.078,-1.98,0.0,1.98,297.87,17.74,14.02,-14.12,1,Off,692.06,518.11
1789995720000000000,2026-09-21T13:02:00Z,synthetic_stepwise_random_bounded,2.026,6.004,-2.05,0.0,2.05,297.87,17.73,12.24,-16.75,2,Off,686.48,524.18
1789995780000000000,2026-09-21T13:03:00Z,synthetic_stepwise_random_bounded,2.094,5.976,-1.88,0.0,1.88,297.86,17.72,11.8,-15.93,3,Off,676.51,510.86
1789995840000000000,2026-09-21T13:04:00Z,synthetic_stepwise_random_bounded,2.206,5.97,-1.86,0.0,1.86,297.85,17.69,13.71,-13.57,2,Off,671.8,499.78
1789995900000000000,2026-09-21T13:05:00Z,synthetic_stepwise_random_bounded,2.141,5.872,-2.02,0.0,2.02,297.84,17.68,12.57,-16.07,2,Off,661.52,486.32
1789995960000000000,2026-09-21T13:06:00Z,synthetic_stepwise_random_bounded,2.113,5.861,-2.14,0.0,2.14,297.82,17.65,13.05,-16.4,3,Off,659.88,466.39
1789996020000000000,2026-09-21T13:07:00Z,synthetic_stepwise_random_bounded,2.084,5.832,-2.28,0.0,2.28,297.81,17.63,12.61,-18.08,1,Off,613.4,447.91
1789996080000000000,2026-09-21T13:08:00Z,synthetic_stepwise_random_bounded,2.134,5.926,-2.08,0.0,2.08,297.8,17.6,14.8,-14.05,1,Off,633.71,428.76
1789996140000000000,2026-09-21T13:09:00Z,synthetic_stepwise_random_bounded,2.133,5.834,-2.26,0.0,2.26,297.8,17.59,13.44,-16.82,3,Off,623.93,437.65
1789996200000000000,2026-09-21T13:10:00Z,synthetic_stepwise_random_bounded,2.137,5.87,-2.14,0.0,2.14,297.79,17.57,12.07,-17.73,3,Off,657.46,451.7
1789996260000000000,2026-09-21T13:11:00Z,synthetic_stepwise_random_bounded,2.117,5.817,-1.96,0.0,1.96,297.76,17.53,11.99,-16.35,2,Off,631.64,471.05
1789996320000000000,2026-09-21T13:12:00Z,synthetic_stepwise_random_bounded,2.142,5.906,-2.03,0.0,2.03,297.76,17.52,14.05,-14.45,3,Off,636.99,464.27
1789996380000000000,2026-09-21T13:13:00Z,synthetic_stepwise_random_bounded,2.239,5.882,-1.9,0.0,1.9,297.75,17.5,14.35,-13.24,1,Off,611.57,626.14
1789996440000000000,2026-09-21T13:14:00Z,synthetic_stepwise_random_bounded,2.232,5.988,-1.88,0.0,1.88,297.74,17.48,14.54,-12.93,3,Off,595.2,607.8
1789996500000000000,2026-09-21T13:15:00Z,synthetic_stepwise_random_bounded,2.296,5.97,-1.78,0.0,1.78,297.72,17.44,14.47,-12.3,3,Off,595.71,606.68
1789996560000000000,2026-09-21T13:16:00Z,synthetic_stepwise_random_bounded,2.385,5.92,-1.85,0.0,1.85,297.71,17.42,17.11,-10.81,3,Off,635.47,583.2
1789996620000000000,2026-09-21T13:17:00Z,synthetic_stepwise_random_bounded,2.445,6.055,-1.86,0.0,1.86,297.7,17.41,19.16,-9.71,2,Off,685.06,568.1
1789996680000000000,2026-09-21T13:18:00Z,synthetic_stepwise_random_bounded,2.431,6.085,-1.67,0.0,1.67,297.7,17.4,19.53,-8.55,2,Off,666.28,566.09
1789996740000000000,2026-09-21T13:19:00Z,synthetic_stepwise_random_bounded,2.359,6.136,-1.53,0.0,1.53,297.69,17.38,16.21,-9.44,2,Off,699.16,592.72
1789996800000000000,2026-09-21T13:20:00Z,synthetic_stepwise_random_bounded,2.511,6.157,-1.41,0.0,1.41,297.68,17.36,18.38,-7.67,2,Off,705.05,620.44
1789996860000000000,2026-09-21T13:21:00Z,synthetic_stepwise_random_bounded,2.526,6.095,-1.52,0.0,1.52,297.68,17.35,17.93,-8.48,1,Off,686.55,616.61
1789996920000000000,2026-09-21T13:22:00Z,synthetic_stepwise_random_bounded,2.422,6.087,-1.5,0.0,1.5,297.67,17.34,18.67,-8.03,2,Off,685.67,615.11
1789996980000000000,2026-09-21T13:23:00Z,synthetic_stepwise_random_bounded,2.374,6.168,-1.63,0.0,1.63,297.65,17.31,18.92,-8.62,1,Off,638.7,605.37
1789997040000000000,2026-09-21T13:24:00Z,synthetic_stepwise_random_bounded,2.334,6.149,-1.61,0.0,1.61,297.64,17.28,17.1,-9.42,3,Off,1299.06,683.17
1789997100000000000,2026-09-21T13:25:00Z,synthetic_stepwise_random_bounded,2.277,6.131,-1.67,0.0,1.67,297.63,17.26,15.98,-10.45,3,Off,1340.45,705.87
1789997160000000000,2026-09-21T13:26:00Z,synthetic_stepwise_random_bounded,2.299,6.233,-1.82,0.0,1.82,297.62,17.25,15.86,-11.48,3,Off,1343.21,730.31
1789997220000000000,2026-09-21T13:27:00Z,synthetic_stepwise_random_bounded,2.303,6.204,-1.87,0.0,1.87,297.61,17.22,15.44,-12.11,2,Off,1356.61,741.97
1789997280000000000,2026-09-21T13:28:00Z,synthetic_stepwise_random_bounded,2.271,6.225,-1.83,0.0,1.83,297.6,17.19,15.88,-11.52,2,Off,1386.57,768.56
1789997340000000000,2026-09-21T13:29:00Z,synthetic_stepwise_random_bounded,2.324,6.249,-1.66,0.0,1.66,297.57,17.15,17.3,-9.6,3,Off,1417.76,767.16
1789997400000000000,2026-09-21T13:30:00Z,synthetic_stepwise_random_bounded,2.28,6.211,-1.82,0.0,1.82,297.57,17.14,15.94,-11.42,2,Off,1448.7,760.98
1789997460000000000,2026-09-21T13:31:00Z,synthetic_stepwise_random_bounded,2.258,6.331,-1.79,0.0,1.79,297.56,17.11,17.19,-10.41,1,Off,1477.56,757.9
1789997520000000000,2026-09-21T13:32:00Z,synthetic_stepwise_random_bounded,2.27,6.351,-1.65,0.0,1.65,297.55,17.09,15.56,-10.6,2,Off,1500.0,743.37
1789997580000000000,2026-09-21T13:33:00Z,synthetic_stepwise_random_bounded,2.327,6.42,-1.57,0.0,1.57,297.54,17.07,17.4,-9.02,1,Off,1461.66,747.44
1789997640000000000,2026-09-21T13:34:00Z,synthetic_stepwise_random_bounded,2.396,6.372,-1.48,0.0,1.48,297.52,17.05,17.68,-8.37,2,Off,1459.44,743.57
1789997700000000000,2026-09-21T13:35:00Z,synthetic_stepwise_random_bounded,2.273,6.299,-1.46,0.0,1.46,297.51,17.03,17.57,-8.31,2,Off,1500.0,741.43
1789997760000000000,2026-09-21T13:36:00Z,synthetic_stepwise_random_bounded,2.328,6.347,-1.39,0.0,1.39,297.5,17.0,18.02,-7.71,3,Off,1493.96,711.76
1789997820000000000,2026-09-21T13:37:00Z,synthetic_stepwise_random_bounded,2.347,6.279,-1.51,0.0,1.51,297.49,16.98,17.7,-8.53,3,Off,1451.21,729.63
1789997880000000000,2026-09-21T13:38:00Z,synthetic_stepwise_random_bounded,2.418,6.233,-1.43,0.0,1.43,297.48,16.96,19.85,-7.2,3,Off,1409.62,726.22
1789997940000000000,2026-09-21T13:39:00Z,synthetic_stepwise_random_bounded,2.512,6.381,-1.44,0.0,1.44,297.46,16.93,20.23,-7.12,1,Off,1447.66,712.7
1789998000000000000,2026-09-21T13:40:00Z,synthetic_stepwise_random_bounded,2.54,6.343,-1.44,0.0,1.44,297.46,16.92,19.43,-7.41,1,Off,1460.38,734.09
1789998060000000000,2026-09-21T13:41:00Z,synthetic_stepwise_random_bounded,2.593,6.28,-1.5,0.0,1.5,297.44,16.89,20.18,-7.43,3,Off,1500.0,729.56
1789998120000000000,2026-09-21T13:42:00Z,synthetic_stepwise_random_bounded,2.561,6.212,-1.61,0.0,1.61,297.44,16.87,21.78,-7.39,1,Off,1483.57,714.18
1789998180000000000,2026-09-21T13:43:00Z,synthetic_stepwise_random_bounded,2.6,6.185,-1.56,0.0,1.56,297.43,16.86,22.24,-7.01,3,Off,1473.13,707.17
1789998240000000000,2026-09-21T13:44:00Z,synthetic_stepwise_random_bounded,2.48,6.222,-1.53,0.0,1.53,297.42,16.83,18.14,-8.43,2,Off,1463.54,689.28
1789998300000000000,2026-09-21T13:45:00Z,synthetic_stepwise_random_bounded,2.509,6.267,-1.61,0.0,1.61,297.4,16.81,19.9,-8.09,2,Off,1416.08,718.88
1789998360000000000,2026-09-21T13:46:00Z,synthetic_stepwise_random_bounded,2.454,6.288,-1.6,0.0,1.6,297.39,16.79,18.38,-8.71,1,Off,1462.83,735.54
1789998420000000000,2026-09-21T13:47:00Z,synthetic_stepwise_random_bounded,2.403,6.308,-1.54,0.0,1.54,297.38,16.77,17.03,-9.04,2,Off,1500.0,748.62
1789998480000000000,2026-09-21T13:48:00Z,synthetic_stepwise_random_bounded,2.462,6.278,-1.43,0.0,1.43,297.38,16.75,20.39,-7.01,1,Off,1500.0,740.13
1789998540000000000,2026-09-21T13:49:00Z,synthetic_stepwise_random_bounded,2.43,6.232,-1.4,0.0,1.4,297.37,16.74,18.86,-7.42,3,Off,1464.9,722.4
1789998600000000000,2026-09-21T13:50:00Z,synthetic_stepwise_random_bounded,2.353,6.153,-1.46,0.0,1.46,297.36,16.71,15.94,-9.16,2,Off,1426.32,728.8
1789998660000000000,2026-09-21T13:51:00Z,synthetic_stepwise_random_bounded,2.403,5.965,-1.5,0.0,1.5,297.34,16.68,15.67,-9.57,3,Off,1389.31,700.0
1789998720000000000,2026-09-21T13:52:00Z,synthetic_stepwise_random_bounded,2.471,5.928,-1.45,0.0,1.45,297.33,16.66,19.16,-7.57,2,Off,532.19,627.96
1789998780000000000,2026-09-21T13:53:00Z,synthetic_stepwise_random_bounded,2.367,5.88,-1.41,0.0,1.41,297.32,16.64,15.6,-9.04,1,Off,492.48,606.27
1789998840000000000,2026-09-21T13:54:00Z,synthetic_stepwise_random_bounded,2.21,5.925,-1.34,0.0,1.34,297.31,16.61,13.96,-9.6,3,Off,487.24,588.32
1789998900000000000,2026-09-21T13:55:00Z,synthetic_stepwise_random_bounded,2.282,5.916,-1.21,0.0,1.21,297.3,16.59,15.38,-7.87,1,Off,453.45,597.45
1789998960000000000,2026-09-21T13:56:00Z,synthetic_stepwise_random_bounded,2.253,5.884,-1.16,0.0,1.16,297.29,16.58,14.3,-8.11,2,Off,502.8,597.22
1789999020000000000,2026-09-21T13:57:00Z,synthetic_stepwise_random_bounded,2.249,5.813,-1.1,0.0,1.1,297.27,16.55,13.73,-8.01,3,Off,460.44,613.24
1789999080000000000,2026-09-21T13:58:00Z,synthetic_stepwise_random_bounded,2.375,5.781,-1.18,0.0,1.18,297.27,16.54,16.11,-7.32,2,Off,471.21,597.94
1789999140000000000,2026-09-21T13:59:00Z,synthetic_stepwise_random_bounded,2.372,5.829,-1.09,0.0,1.09,297.26,16.52,15.87,-6.87,1,Off,434.44,612.83
1789999200000000000,2026-09-21T14:00:00Z,synthetic_stepwise_random_bounded,2.537,6.542,-1.02,0.0,1.02,297.25,16.51,20.18,-5.05,1,Off,979.12,915.71
1789999260000000000,2026-09-21T14:01:00Z,synthetic_stepwise_random_bounded,2.466,6.525,-1.1,0.0,1.1,297.25,16.49,21.47,-5.12,1,Off,963.23,909.06
1789999320000000000,2026-09-21T14:02:00Z,synthetic_stepwise_random_bounded,2.346,6.512,-1.18,0.0,1.18,297.23,16.46,18.58,-6.35,3,Off,958.19,908.28
1789999380000000000,2026-09-21T14:03:00Z,synthetic_stepwise_random_bounded,2.447,6.501,-1.23,0.0,1.23,297.21,16.43,18.06,-6.81,2,Off,995.57,933.4
1789999440000000000,2026-09-21T14:04:00Z,synthetic_stepwise_random_bounded,2.364,6.491,-1.35,0.0,1.35,297.2,16.41,19.64,-6.87,2,Off,1032.92,937.09
1789999500000000000,2026-09-21T14:05:00Z,synthetic_stepwise_random_bounded,2.331,6.49,-1.35,0.0,1.35,297.19,16.39,16.24,-8.31,1,Off,1022.32,942.93
1789999560000000000,2026-09-21T14:06:00Z,synthetic_stepwise_random_bounded,2.445,6.551,-1.48,0.0,1.48,297.18,16.36,20.14,-7.35,3,Off,1015.31,944.86
1789999620000000000,2026-09-21T14:07:00Z,synthetic_stepwise_random_bounded,2.526,6.54,-1.46,0.0,1.46,297.17,16.33,22.63,-6.45,2,Off,967.72,955.82
1789999680000000000,2026-09-21T14:08:00Z,synthetic_stepwise_random_bounded,2.567,6.475,-1.36,0.0,1.36,297.15,16.3,21.99,-6.18,3,Off,665.29,976.91
1789999740000000000,2026-09-21T14:09:00Z,synthetic_stepwise_random_bounded,2.449,6.542,-1.49,0.0,1.49,297.14,16.29,17.99,-8.28,2,Off,708.61,963.32
1789999800000000000,2026-09-21T14:10:00Z,synthetic_stepwise_random_bounded,2.549,6.378,-1.38,0.0,1.38,297.13,16.27,21.35,-6.46,1,Off,716.39,940.61
1789999860000000000,2026-09-21T14:11:00Z,synthetic_stepwise_random_bounded,2.623,6.448,-1.48,0.0,1.48,297.12,16.25,23.35,-6.34,1,Off,699.2,935.18
1789999920000000000,2026-09-21T14:12:00Z,synthetic_stepwise_random_bounded,2.53,6.43,-1.46,0.0,1.46,297.11,16.22,21.99,-6.64,3,Off,728.27,948.05
1789999980000000000,2026-09-21T14:13:00Z,synthetic_stepwise_random_bounded,2.452,6.382,-1.39,0.0,1.39,297.1,16.19,17.29,-8.04,3,Off,714.79,963.24
1790000040000000000,2026-09-21T14:14:00Z,synthetic_stepwise_random_bounded,2.359,6.332,-1.49,0.0,1.49,297.09,16.18,16.15,-9.23,3,Off,670.22,942.43
1790000100000000000,2026-09-21T14:15:00Z,synthetic_stepwise_random_bounded,2.393,6.259,-1.43,0.0,1.43,297.08,16.17,19.67,-7.27,1,Off,658.08,956.62
1790000160000000000,2026-09-21T14:16:00Z,synthetic_stepwise_random_bounded,2.304,6.175,-1.45,0.0,1.45,297.07,16.15,14.91,-9.73,1,Off,668.94,931.1
1790000220000000000,2026-09-21T14:17:00Z,synthetic_stepwise_random_bounded,2.301,6.18,-1.6,0.0,1.6,297.06,16.13,16.24,-9.85,1,Off,717.51,956.16
1790000280000000000,2026-09-21T14:18:00Z,synthetic_stepwise_random_bounded,2.275,6.182,-1.64,0.0,1.64,297.06,16.12,16.6,-9.88,2,Off,667.69,954.69
1790000340000000000,2026-09-21T14:19:00Z,synthetic_stepwise_random_bounded,2.302,6.194,-1.66,0.0,1.66,297.05,16.1,17.26,-9.62,3,Off,663.95,963.99
1790000400000000000,2026-09-21T14:20:00Z,synthetic_stepwise_random_bounded,2.357,6.192,-1.77,0.0,1.77,297.05,16.09,16.28,-10.87,3,Off,710.11,958.31
1790000460000000000,2026-09-21T14:21:00Z,synthetic_stepwise_random_bounded,2.343,6.211,-1.89,0.0,1.89,297.04,16.07,17.31,-10.92,3,Off,663.66,960.1
1790000520000000000,2026-09-21T14:22:00Z,synthetic_stepwise_random_bounded,2.236,6.108,-1.94,0.0,1.94,297.03,16.06,15.21,-12.75,2,Off,633.63,959.91
1790000580000000000,2026-09-21T14:23:00Z,synthetic_stepwise_random_bounded,2.246,6.2,-1.92,0.0,1.92,297.02,16.04,14.86,-12.92,2,Off,606.45,983.19
1790000640000000000,2026-09-21T14:24:00Z,synthetic_stepwise_random_bounded,2.265,6.16,-1.9,0.0,1.9,297.01,16.02,16.01,-11.87,1,Off,627.13,1000.0
1790000700000000000,2026-09-21T14:25:00Z,synthetic_stepwise_random_bounded,2.244,6.21,-1.97,0.0,1.97,297.0,15.99,16.59,-11.87,2,Off,641.28,985.84
1790000760000000000,2026-09-21T14:26:00Z,synthetic_stepwise_random_bounded,2.214,6.326,-1.97,0.0,1.97,296.99,15.97,14.09,-13.98,3,Off,617.93,987.45
1790000820000000000,2026-09-21T14:27:00Z,synthetic_stepwise_random_bounded,2.176,6.306,-2.07,0.0,2.07,296.98,15.95,15.27,-13.56,1,Off,609.41,969.83
1790000880000000000,2026-09-21T14:28:00Z,synthetic_stepwise_random_bounded,2.206,6.32,-2.24,0.0,2.24,296.96,15.92,16.46,-13.61,2,Off,595.19,944.98
1790000940000000000,2026-09-21T14:29:00Z,synthetic_stepwise_random_bounded,2.1,6.34,-2.02,0.0,2.02,296.95,15.91,14.6,-13.84,3,Off,627.46,928.3
1790001000000000000,2026-09-21T14:30:00Z,synthetic_stepwise_random_bounded,2.119,6.179,-2.18,0.0,2.18,296.94,15.88,15.22,-14.32,1,Off,668.54,933.66
1790001060000000000,2026-09-21T14:31:00Z,synthetic_stepwise_random_bounded,2.1,6.121,-2.13,0.0,2.13,296.94,15.87,13.88,-15.35,3,Off,694.7,951.86
1790001120000000000,2026-09-21T14:32:00Z,synthetic_stepwise_random_bounded,2.108,6.15,-2.24,0.0,2.24,296.93,15.86,13.83,-16.2,1,Off,658.88,964.02
1790001180000000000,2026-09-21T14:33:00Z,synthetic_stepwise_random_bounded,2.105,6.13,-2.08,0.0,2.08,296.92,15.84,12.55,-16.57,2,Off,625.99,971.93
1790001240000000000,2026-09-21T14:34:00Z,synthetic_stepwise_random_bounded,2.111,6.034,-2.06,0.0,2.06,296.92,15.83,13.87,-14.85,2,Off,585.37,969.29
1790001300000000000,2026-09-21T14:35:00Z,synthetic_stepwise_random_bounded,2.107,6.027,-2.06,0.0,2.06,296.9,15.81,13.2,-15.61,2,Off,607.96,984.83
1790001360000000000,2026-09-21T14:36:00Z,synthetic_stepwise_random_bounded,2.109,5.927,-1.96,0.0,1.96,296.9,15.8,12.18,-16.09,2,Off,582.85,1000.0
1790001420000000000,2026-09-21T14:37:00Z,synthetic_stepwise_random_bounded,2.144,5.893,-2.06,0.0,2.06,296.88,15.77,12.56,-16.4,3,Off,623.79,1000.0
1790001480000000000,2026-09-21T14:38:00Z,synthetic_stepwise_random_bounded,2.203,5.914,-2.07,0.0,2.07,296.88,15.76,14.75,-14.03,3,Off,649.8,1000.0
1790001540000000000,2026-09-21T14:39:00Z,synthetic_stepwise_random_bounded,2.153,5.952,-2.1,0.0,2.1,296.87,15.73,14.2,-14.79,1,Off,688.12,1000.0
1790001600000000000,2026-09-21T14:40:00Z,synthetic_stepwise_random_bounded,2.073,5.865,-2.12,0.0,2.12,296.86,15.71,12.19,-17.39,1,Off,1348.94,561.3
1790001660000000000,2026-09-21T14:41:00Z,synthetic_stepwise_random_bounded,2.049,5.849,-2.04,0.0,2.04,296.84,15.68,13.23,-15.42,2,Off,1320.85,546.13
1790001720000000000,2026-09-21T14:42:00Z,synthetic_stepwise_random_bounded,1.988,5.903,-2.07,0.0,2.07,296.83,15.67,10.94,-18.92,1,Off,1287.67,527.85
1790001780000000000,2026-09-21T14:43:00Z,synthetic_stepwise_random_bounded,1.943,5.89,-2.15,0.0,2.15,296.82,15.64,10.77,-19.96,2,Off,1240.45,553.17
1790001840000000000,2026-09-21T14:44:00Z,synthetic_stepwise_random_bounded,1.954,5.864,-2.04,0.0,2.04,296.81,15.62,11.66,-17.5,1,Off,1250.86,537.52
1790001900000000000,2026-09-21T14:45:00Z,synthetic_stepwise_random_bounded,1.901,5.817,-2.22,0.0,2.22,296.8,15.6,11.2,-19.82,2,Off,1298.24,545.14
1790001960000000000,2026-09-21T14:46:00Z,synthetic_stepwise_random_bounded,1.852,5.808,-2.38,0.0,2.38,296.79,15.57,9.88,-24.09,1,Off,1262.87,549.44
1790002020000000000,2026-09-21T14:47:00Z,synthetic_stepwise_random_bounded,1.881,5.832,-2.47,0.0,2.47,296.78,15.56,11.07,-22.31,2,Off,1268.23,553.42
1790002080000000000,2026-09-21T14:48:00Z,synthetic_stepwise_random_bounded,1.854,5.741,-2.67,0.0,2.67,296.76,15.53,10.14,-26.33,2,Off,1233.87,560.03
1790002140000000000,2026-09-21T14:49:00Z,synthetic_stepwise_random_bounded,1.915,5.745,-2.63,0.0,2.63,296.75,15.51,11.11,-23.67,3,Off,1217.73,572.96
1790002200000000000,2026-09-21T14:50:00Z,synthetic_stepwise_random_bounded,1.877,5.788,-2.74,0.0,2.74,296.75,15.49,10.27,-26.68,1,Off,1192.81,554.59
1790002260000000000,2026-09-21T14:51:00Z,synthetic_stepwise_random_bounded,1.807,5.815,-2.95,0.0,2.95,296.75,15.49,8.84,-33.37,3,Off,1187.62,547.71
1790002320000000000,2026-09-21T14:52:00Z,synthetic_stepwise_random_bounded,1.742,5.82,-2.74,0.0,2.74,296.74,15.48,8.12,-33.74,1,Off,1233.62,568.51
1790002380000000000,2026-09-21T14:53:00Z,synthetic_stepwise_random_bounded,1.649,5.831,-2.55,0.0,2.55,296.74,15.47,8.45,-30.18,1,Off,1204.48,538.55
1790002440000000000,2026-09-21T14:54:00Z,synthetic_stepwise_random_bounded,1.67,5.963,-2.34,0.0,2.34,296.72,15.44,7.53,-31.08,1,Off,1180.13,558.4
1790002500000000000,2026-09-21T14:55:00Z,synthetic_stepwise_random_bounded,1.588,5.955,-2.58,0.0,2.58,296.7,15.41,7.36,-35.05,3,Off,1202.44,573.52
1790002560000000000,2026-09-21T14:56:00Z,synthetic_stepwise_random_bounded,1.577,5.797,-2.47,0.0,2.47,296.7,15.4,6.52,-37.88,2,Off,1232.08,563.7
1790002620000000000,2026-09-21T14:57:00Z,synthetic_stepwise_random_bounded,1.612,5.805,-2.42,0.0,2.42,296.69,15.38,7.72,-31.35,1,Off,1263.93,563.99
1790002680000000000,2026-09-21T14:58:00Z,synthetic_stepwise_random_bounded,1.606,5.82,-2.45,0.0,2.45,296.69,15.37,8.14,-30.1,2,Off,1288.53,550.79
1790002740000000000,2026-09-21T14:59:00Z,synthetic_stepwise_random_bounded,1.594,5.77,-2.37,0.0,2.37,296.67,15.34,7.68,-30.86,2,Off,1246.61,521.56
1790002800000000000,2026-09-21T15:00:00Z,synthetic_stepwise_random_bounded,1.595,5.807,-2.41,0.0,2.41,296.65,15.31,7.56,-31.88,3,Off,1241.18,491.71
1790002860000000000,2026-09-21T15:01:00Z,synthetic_stepwise_random_bounded,1.565,5.811,-2.43,0.0,2.43,296.64,15.28,6.49,-37.44,2,Off,1195.86,462.8
1790002920000000000,2026-09-21T15:02:00Z,synthetic_stepwise_random_bounded,1.533,5.767,-2.42,0.0,2.42,296.63,15.26,6.11,-39.61,1,Off,1182.29,442.86
1790002980000000000,2026-09-21T15:03:00Z,synthetic_stepwise_random_bounded,1.419,5.736,-2.21,0.0,2.21,296.62,15.24,5.99,-36.89,1,Off,1200.79,416.93
1790003040000000000,2026-09-21T15:04:00Z,synthetic_stepwise_random_bounded,1.425,5.773,-2.14,0.0,2.14,296.61,15.22,5.34,-40.07,1,Off,1247.76,388.89
1790003100000000000,2026-09-21T15:05:00Z,synthetic_stepwise_random_bounded,1.472,5.763,-2.17,0.0,2.17,296.61,15.21,6.67,-32.53,2,Off,1268.14,401.44
1790003160000000000,2026-09-21T15:06:00Z,synthetic_stepwise_random_bounded,1.464,5.756,-2.25,0.0,2.25,296.6,15.19,6.69,-33.63,2,Off,1264.8,388.47
1790003220000000000,2026-09-21T15:07:00Z,synthetic_stepwise_random_bounded,1.472,5.75,-2.04,0.0,2.04,296.59,15.18,6.0,-34.0,1,Off,1224.33,372.52
1790003280000000000,2026-09-21T15:08:00Z,synthetic_stepwise_random_bounded,1.436,5.638,-2.2,0.0,2.2,296.58,15.16,5.67,-38.8,3,Off,1203.81,363.56
1790003340000000000,2026-09-21T15:09:00Z,synthetic_stepwise_random_bounded,1.426,5.601,-2.01,0.0,2.01,296.56,15.13,5.81,-34.6,3,Off,1228.49,357.77
1790003400000000000,2026-09-21T15:10:00Z,synthetic_stepwise_random_bounded,1.387,5.632,-2.11,0.0,2.11,296.55,15.1,5.8,-36.38,3,Off,1213.3,354.71
1790003460000000000,2026-09-21T15:11:00Z,synthetic_stepwise_random_bounded,1.382,5.648,-2.25,0.0,2.25,296.55,15.09,5.71,-39.4,3,Off,1180.25,370.99
1790003520000000000,2026-09-21T15:12:00Z,synthetic_stepwise_random_bounded,1.385,5.613,-2.39,0.0,2.39,296.54,15.07,5.89,-40.58,3,Off,1217.28,353.55
1790003580000000000,2026-09-21T15:13:00Z,synthetic_stepwise_random_bounded,1.424,5.59,-2.48,0.0,2.48,296.52,15.04,5.73,-43.28,1,Off,1005.69,527.31
1790003640000000000,2026-09-21T15:14:00Z,synthetic_stepwise_random_bounded,1.476,5.615,-2.7,0.0,2.7,296.5,15.01,6.48,-41.67,1,Off,993.39,498.46
1790003700000000000,2026-09-21T15:15:00Z,synthetic_stepwise_random_bounded,1.43,5.525,-2.91,0.0,2.91,296.5,14.99,5.91,-49.24,1,Starting,984.34,490.49
1790003760000000000,2026-09-21T15:16:00Z,synthetic_stepwise_random_bounded,1.391,5.536,-3.12,0.0,3.12,296.49,14.97,5.22,-59.77,1,Starting,973.55,461.63
1790003820000000000,2026-09-21T15:17:00Z,synthetic_stepwise_random_bounded,1.342,5.547,-3.37,0.0,3.37,296.48,14.96,5.49,-61.38,2,Starting,957.83,483.81
1790003880000000000,2026-09-21T15:18:00Z,synthetic_stepwise_random_bounded,1.39,5.538,-3.42,0.0,3.42,296.46,14.93,5.46,-62.64,1,Starting,1000.95,494.34
1790003940000000000,2026-09-21T15:19:00Z,synthetic_stepwise_random_bounded,1.471,5.514,-3.63,0.0,3.63,296.45,14.91,5.41,-67.1,2,Starting,1009.47,479.86
1790004000000000000,2026-09-21T15:20:00Z,synthetic_stepwise_random_bounded,1.505,5.498,-3.71,0.0,3.71,296.45,14.9,6.11,-60.72,3,Starting,966.81,452.25
1790004060000000000,2026-09-21T15:21:00Z,synthetic_stepwise_random_bounded,1.487,5.486,-3.42,0.0,3.42,296.43,14.86,5.49,-62.3,3,Starting,961.81,482.07
1790004120000000000,2026-09-21T15:22:00Z,synthetic_stepwise_random_bounded,1.406,5.473,-3.09,0.0,3.09,296.42,14.83,4.87,-63.45,1,Starting,967.53,457.43
1790004180000000000,2026-09-21T15:23:00Z,synthetic_stepwise_random_bounded,1.47,5.466,-2.99,0.0,2.99,296.41,14.82,6.32,-47.31,3,Starting,973.86,456.4
1790004240000000000,2026-09-21T15:24:00Z,synthetic_stepwise_random_bounded,1.475,5.454,-2.96,0.0,2.96,296.4,14.81,5.85,-50.6,1,Starting,954.14,449.76
1790004300000000000,2026-09-21T15:25:00Z,synthetic_stepwise_random_bounded,1.541,5.473,-3.11,0.0,3.11,296.39,14.79,6.67,-46.63,2,Starting,929.39,474.11
1790004360000000000,2026-09-21T15:26:00Z,synthetic_stepwise_random_bounded,1.589,5.441,-3.35,0.0,3.35,296.38,14.77,6.91,-48.48,2,Starting,934.77,496.51
1790004420000000000,2026-09-21T15:27:00Z,synthetic_stepwise_random_bounded,1.634,5.412,-3.28,0.0,3.28,296.38,14.76,7.04,-46.59,3,Starting,898.69,488.18
1790004480000000000,2026-09-21T15:28:00Z,synthetic_stepwise_random_bounded,1.62,5.289,-3.6,0.0,3.6,296.38,14.75,6.26,-57.51,1,Starting,912.41,465.23
1790004540000000000,2026-09-21T15:29:00Z,synthetic_stepwise_random_bounded,1.683,5.321,-3.79,0.0,3.79,296.37,14.73,7.84,-48.34,1,Starting,923.73,454.48
1790004600000000000,2026-09-21T15:30:00Z,synthetic_stepwise_random_bounded,1.692,5.351,-3.51,0.0,3.51,296.36,14.71,7.82,-44.88,3,Starting,964.52,429.78
1790004660000000000,2026-09-21T15:31:00Z,synthetic_stepwise_random_bounded,1.627,5.322,-3.62,0.0,3.62,296.34,14.68,6.69,-54.11,2,Starting,932.79,445.16
1790004720000000000,2026-09-21T15:32:00Z,synthetic_stepwise_random_bounded,1.597,5.347,-3.83,0.0,3.83,296.33,14.66,7.25,-52.83,2,Starting,978.88,470.36
1790004780000000000,2026-09-21T15:33:00Z,synthetic_stepwise_random_bounded,1.567,5.379,-3.59,0.0,3.59,296.31,14.62,6.17,-58.18,1,Starting,1010.31,451.21
1790004840000000000,2026-09-21T15:34:00Z,synthetic_stepwise_random_bounded,1.568,5.309,-3.77,0.0,3.77,296.3,14.6,6.0,-62.83,2,Starting,835.96,408.34
1790004900000000000,2026-09-21T15:35:00Z,synthetic_stepwise_random_bounded,1.587,5.342,-3.93,0.0,3.93,296.29,14.57,6.71,-58.57,2,Starting,835.91,388.66
1790004960000000000,2026-09-21T15:36:00Z,synthetic_stepwise_random_bounded,1.615,5.328,-3.68,0.0,3.68,296.28,14.56,6.97,-52.8,1,Starting,793.27,416.99
1790005020000000000,2026-09-21T15:37:00Z,synthetic_stepwise_random_bounded,1.671,5.27,-3.96,0.0,3.96,296.27,14.54,6.86,-57.73,1,Starting,754.61,440.48
1790005080000000000,2026-09-21T15:38:00Z,synthetic_stepwise_random_bounded,1.636,5.267,-3.71,0.0,3.71,296.26,14.52,6.52,-56.9,3,Starting,750.11,428.69
1790005140000000000,2026-09-21T15:39:00Z,synthetic_stepwise_random_bounded,1.61,5.358,-3.58,0.0,3.58,296.25,14.49,7.27,-49.24,2,Starting,741.43,431.12
1790005200000000000,2026-09-21T15:40:00Z,synthetic_stepwise_random_bounded,1.562,5.325,-3.93,0.0,3.93,296.23,14.46,6.23,-63.08,1,Starting,715.42,425.96
1790005260000000000,2026-09-21T15:41:00Z,synthetic_stepwise_random_bounded,1.646,5.376,-3.68,0.0,3.68,296.23,14.45,7.32,-50.27,2,Starting,714.83,406.65
1790005320000000000,2026-09-21T15:42:00Z,synthetic_stepwise_random_bounded,1.649,5.271,-3.84,0.0,3.84,296.21,14.43,6.52,-58.9,1,Starting,682.3,417.45
1790005380000000000,2026-09-21T15:43:00Z,synthetic_stepwise_random_bounded,1.604,5.215,-3.58,0.0,3.58,296.2,14.41,7.12,-50.28,2,Starting,681.87,433.75
1790005440000000000,2026-09-21T15:44:00Z,synthetic_stepwise_random_bounded,1.575,5.202,-3.87,0.0,3.87,296.19,14.38,6.0,-64.5,3,Starting,722.22,454.12
1790005500000000000,2026-09-21T15:45:00Z,synthetic_stepwise_random_bounded,1.559,5.198,-3.8,0.0,3.8,296.18,14.35,6.12,-62.09,1,Starting,727.51,452.45
1790005560000000000,2026-09-21T15:46:00Z,synthetic_stepwise_random_bounded,1.521,5.149,-4.0,0.0,4.0,296.17,14.33,5.72,-69.93,1,Starting,1457.72,332.92
1790005620000000000,2026-09-21T15:47:00Z,synthetic_stepwise_random_bounded,1.496,5.081,-4.03,0.0,4.03,296.14,14.29,5.82,-69.24,2,Starting,1428.2,322.12
1790005680000000000,2026-09-21T15:48:00Z,synthetic_stepwise_random_bounded,1.448,5.042,-4.03,0.0,4.03,296.13,14.27,5.61,-71.84,2,Starting,1472.06,339.49
1790005740000000000,2026-09-21T15:49:00Z,synthetic_stepwise_random_bounded,1.495,5.011,-3.76,0.0,3.76,296.12,14.25,6.09,-61.74,2,Starting,1467.28,343.51
1790005800000000000,2026-09-21T15:50:00Z,synthetic_stepwise_random_bounded,1.465,4.918,-3.64,0.0,3.64,296.12,14.23,4.97,-73.24,3,Starting,1458.54,338.04
1790005860000000000,2026-09-21T15:51:00Z,synthetic_stepwise_random_bounded,1.514,4.936,-3.55,0.0,3.55,296.11,14.22,5.72,-62.06,2,Starting,1477.86,366.51
1790005920000000000,2026-09-21T15:52:00Z,synthetic_stepwise_random_bounded,1.548,4.872,-3.57,0.0,3.57,296.11,14.21,5.51,-64.79,2,Starting,1473.26,377.86
1790005980000000000,2026-09-21T15:53:00Z,synthetic_stepwise_random_bounded,1.553,4.923,-3.55,0.0,3.55,296.1,14.2,5.45,-65.14,3,Starting,1494.61,372.74
1790006040000000000,2026-09-21T15:54:00Z,synthetic_stepwise_random_bounded,1.515,4.943,-3.53,0.0,3.53,296.08,14.17,5.83,-60.55,3,Starting,1453.79,344.94
1790006100000000000,2026-09-21T15:55:00Z,synthetic_stepwise_random_bounded,1.5,4.939,-3.63,0.0,3.63,296.08,14.17,5.38,-67.47,2,Starting,1455.52,368.68
1790006160000000000,2026-09-21T15:56:00Z,synthetic_stepwise_random_bounded,1.49,4.893,-3.62,0.0,3.62,296.07,14.14,4.95,-73.13,3,Starting,1500.0,365.49
1790006220000000000,2026-09-21T15:57:00Z,synthetic_stepwise_random_bounded,1.529,4.916,-3.36,0.0,3.36,296.06,14.13,5.32,-63.16,1,Starting,1500.0,368.85
1790006280000000000,2026-09-21T15:58:00Z,synthetic_stepwise_random_bounded,1.607,4.913,-3.59,0.0,3.59,296.05,14.1,6.29,-57.07,3,Starting,1500.0,378.71
1790006340000000000,2026-09-21T15:59:00Z,synthetic_stepwise_random_bounded,1.653,5.023,-3.41,0.0,3.41,296.04,14.08,7.37,-46.27,1,Starting,1500.0,365.55
1790006400000000000,2026-09-21T16:00:00Z,synthetic_stepwise_random_bounded,1.717,5.017,-3.29,0.0,3.29,296.03,14.06,7.69,-42.78,1,Starting,1500.0,371.08
1790006460000000000,2026-09-21T16:01:00Z,synthetic_stepwise_random_bounded,1.723,4.945,-3.16,0.0,3.16,296.02,14.04,6.71,-47.09,3,Starting,1500.0,384.17
1790006520000000000,2026-09-21T16:02:00Z,synthetic_stepwise_random_bounded,1.694,4.937,-2.97,0.0,2.97,296.01,14.02,6.84,-43.42,2,Starting,1500.0,393.1
1790006580000000000,2026-09-21T16:03:00Z,synthetic_stepwise_random_bounded,1.652,4.967,-2.94,0.0,2.94,296.0,13.99,6.36,-46.23,3,Starting,1500.0,403.67
1790006640000000000,2026-09-21T16:04:00Z,synthetic_stepwise_random_bounded,1.658,4.913,-3.05,0.0,3.05,295.99,13.98,6.88,-44.33,3,Starting,1500.0,385.58
1790006700000000000,2026-09-21T16:05:00Z,synthetic_stepwise_random_bounded,1.649,4.911,-3.09,0.0,3.09,295.99,13.97,6.74,-45.85,1,Starting,1500.0,392.09
1790006760000000000,2026-09-21T16:06:00Z,synthetic_stepwise_random_bounded,1.663,4.903,-2.97,0.0,2.97,295.98,13.96,6.92,-42.92,1,Starting,1500.0,379.06
1790006820000000000,2026-09-21T16:07:00Z,synthetic_stepwise_random_bounded,1.605,4.921,-3.13,0.0,3.13,295.97,13.94,6.48,-48.3,2,Starting,1500.0,385.77
1790006880000000000,2026-09-21T16:08:00Z,synthetic_stepwise_random_bounded,1.618,4.939,-3.41,0.0,3.41,295.96,13.92,5.86,-58.19,3,Starting,1182.77,436.4
1790006940000000000,2026-09-21T16:09:00Z,synthetic_stepwise_random_bounded,1.618,4.919,-3.7,0.0,3.7,295.95,13.9,6.89,-53.7,3,Starting,1133.74,421.48
1790007000000000000,2026-09-21T16:10:00Z,synthetic_stepwise_random_bounded,1.66,4.948,-3.92,0.0,3.92,295.94,13.87,6.14,-63.84,2,Starting,1143.62,436.58
1790007060000000000,2026-09-21T16:11:00Z,synthetic_stepwise_random_bounded,1.665,4.893,-4.2,0.0,4.2,295.92,13.84,6.58,-63.83,2,Starting,1178.68,448.81
1790007120000000000,2026-09-21T16:12:00Z,synthetic_stepwise_random_bounded,1.669,4.946,-4.27,0.0,4.27,295.92,13.83,6.23,-68.54,1,Starting,1186.43,418.89
1790007180000000000,2026-09-21T16:13:00Z,synthetic_stepwise_random_bounded,1.612,4.975,-4.01,0.0,4.01,295.9,13.8,6.33,-63.35,1,Starting,1204.15,389.52
1790007240000000000,2026-09-21T16:14:00Z,synthetic_stepwise_random_bounded,1.657,4.889,-4.37,0.0,4.37,295.89,13.78,7.34,-59.54,2,Starting,1241.33,378.0
1790007300000000000,2026-09-21T16:15:00Z,synthetic_stepwise_random_bounded,1.687,4.889,-4.17,0.0,4.17,295.88,13.75,6.88,-60.61,2,Starting,1221.98,378.98
1790007360000000000,2026-09-21T16:16:00Z,synthetic_stepwise_random_bounded,1.789,4.874,-4.04,0.0,4.04,295.87,13.74,7.52,-53.72,2,Starting,1207.48,390.29
1790007420000000000,2026-09-21T16:17:00Z,synthetic_stepwise_random_bounded,1.812,4.95,-4.22,0.0,4.22,295.87,13.73,8.03,-52.55,2,Starting,1242.0,382.03
1790007480000000000,2026-09-21T16:18:00Z,synthetic_stepwise_random_bounded,1.807,5.051,-4.58,0.0,4.58,295.87,13.73,8.3,-55.18,2,Starting,1265.43,392.36
1790007540000000000,2026-09-21T16:19:00Z,synthetic_stepwise_random_bounded,1.852,5.127,-4.86,0.0,4.86,295.85,13.7,7.93,-61.29,2,Starting,1240.47,374.2
1790007600000000000,2026-09-21T16:20:00Z,synthetic_stepwise_random_bounded,1.878,5.155,-5.24,0.0,5.24,295.83,13.67,8.7,-60.23,1,Starting,1285.16,399.89
1790007660000000000,2026-09-21T16:21:00Z,synthetic_stepwise_random_bounded,1.815,5.156,-5.51,0.0,5.51,295.83,13.67,8.33,-66.15,2,Starting,1299.19,418.96
1790007720000000000,2026-09-21T16:22:00Z,synthetic_stepwise_random_bounded,1.862,5.133,-5.75,0.0,5.75,295.82,13.64,9.58,-60.02,1,Starting,1345.55,399.85
1790007780000000000,2026-09-21T16:23:00Z,synthetic_stepwise_random_bounded,1.916,5.156,-6.1,0.0,6.1,295.82,13.64,10.24,-59.57,2,Starting,1311.37,385.86
1790007840000000000,2026-09-21T16:24:00Z,synthetic_stepwise_random_bounded,1.824,5.253,-6.15,0.0,6.15,295.81,13.62,8.5,-72.35,1,Starting,1359.7,376.1
1790007900000000000,2026-09-21T16:25:00Z,synthetic_stepwise_random_bounded,1.843,5.284,-5.61,0.0,5.61,295.8,13.59,9.27,-60.52,1,Starting,608.29,493.85
1790007960000000000,2026-09-21T16:26:00Z,synthetic_stepwise_random_bounded,1.843,5.197,-5.09,0.0,5.09,295.79,13.57,8.92,-57.06,3,Starting,607.4,467.33
1790008020000000000,2026-09-21T16:27:00Z,synthetic_stepwise_random_bounded,1.805,5.166,-5.14,0.0,5.14,295.77,13.55,8.43,-60.97,3,Starting,595.56,470.74
1790008080000000000,2026-09-21T16:28:00Z,synthetic_stepwise_random_bounded,1.806,5.208,-5.62,0.0,5.62,295.76,13.52,9.19,-61.15,3,Starting,578.35,484.34
1790008140000000000,2026-09-21T16:29:00Z,synthetic_stepwise_random_bounded,1.814,5.248,-5.84,0.0,5.84,295.75,13.49,7.79,-74.97,3,Starting,587.95,513.23
1790008200000000000,2026-09-21T16:30:00Z,synthetic_stepwise_random_bounded,1.876,5.321,-5.9,0.0,5.9,295.73,13.46,9.76,-60.45,1,Starting,574.17,534.71
1790008260000000000,2026-09-21T16:31:00Z,synthetic_stepwise_random_bounded,1.948,5.32,-5.56,0.0,5.56,295.73,13.46,10.34,-53.77,2,Starting,1329.27,764.13
1790008320000000000,2026-09-21T16:32:00Z,synthetic_stepwise_random_bounded,1.883,5.435,-5.05,0.0,5.05,295.71,13.42,8.81,-57.32,2,Starting,1316.79,745.01
1790008380000000000,2026-09-21T16:33:00Z,synthetic_stepwise_random_bounded,1.93,5.544,-4.61,0.0,4.61,295.7,13.4,9.42,-48.94,2,Starting,1292.65,751.38
1790008440000000000,2026-09-21T16:34:00Z,synthetic_stepwise_random_bounded,1.921,5.612,-4.71,0.0,4.71,295.69,13.38,9.36,-50.32,2,Starting,1338.4,731.12
1790008500000000000,2026-09-21T16:35:00Z,synthetic_stepwise_random_bounded,1.923,5.642,-4.82,0.0,4.82,295.69,13.37,11.47,-42.02,1,Starting,1323.81,737.66
1790008560000000000,2026-09-21T16:36:00Z,synthetic_stepwise_random_bounded,1.901,5.701,-4.81,0.0,4.81,295.67,13.34,9.97,-48.24,2,Starting,1351.94,981.36
1790008620000000000,2026-09-21T16:37:00Z,synthetic_stepwise_random_bounded,1.919,5.621,-4.73,0.0,4.73,295.67,13.33,10.17,-46.51,1,Starting,1328.14,1000.0
1790008680000000000,2026-09-21T16:38:00Z,synthetic_stepwise_random_bounded,1.895,5.608,-4.84,0.0,4.84,295.65,13.3,9.57,-50.57,1,Starting,1348.24,991.34
1790008740000000000,2026-09-21T16:39:00Z,synthetic_stepwise_random_bounded,1.954,5.585,-4.63,0.0,4.63,295.64,13.28,11.5,-40.26,3,Starting,1299.22,1000.0
1790008800000000000,2026-09-21T16:40:00Z,synthetic_stepwise_random_bounded,1.986,5.577,-4.96,0.0,4.96,295.62,13.25,10.68,-46.44,3,Starting,1253.41,987.81
1790008860000000000,2026-09-21T16:41:00Z,synthetic_stepwise_random_bounded,2.0,5.696,-4.7,0.0,4.7,295.61,13.22,11.3,-41.59,2,Starting,1228.53,1000.0
1790008920000000000,2026-09-21T16:42:00Z,synthetic_stepwise_random_bounded,2.015,5.748,-4.38,0.0,4.38,295.6,13.19,10.88,-40.26,3,Starting,1199.11,999.5
1790008980000000000,2026-09-21T16:43:00Z,synthetic_stepwise_random_bounded,2.049,5.787,-4.53,0.0,4.53,295.58,13.17,13.11,-34.55,1,Starting,1233.17,1000.0
1790009040000000000,2026-09-21T16:44:00Z,synthetic_stepwise_random_bounded,1.989,5.783,-4.3,0.0,4.3,295.57,13.14,11.16,-38.53,3,Starting,1251.18,1000.0
1790009100000000000,2026-09-21T16:45:00Z,synthetic_stepwise_random_bounded,1.936,5.747,-4.73,0.0,4.73,295.56,13.11,10.36,-45.66,3,Starting,1218.79,994.85
1790009160000000000,2026-09-21T16:46:00Z,synthetic_stepwise_random_bounded,1.961,5.646,-4.64,0.0,4.64,295.55,13.1,11.12,-41.73,3,Starting,1211.06,1000.0
1790009220000000000,2026-09-21T16:47:00Z,synthetic_stepwise_random_bounded,1.914,5.59,-4.91,0.0,4.91,295.55,13.09,10.61,-46.28,2,Starting,1162.83,1000.0
1790009280000000000,2026-09-21T16:48:00Z,synthetic_stepwise_random_bounded,1.996,5.577,-5.0,0.0,5.0,295.55,13.09,10.15,-49.26,2,Starting,1128.98,1000.0
1790009340000000000,2026-09-21T16:49:00Z,synthetic_stepwise_random_bounded,1.995,5.623,-4.71,0.0,4.71,295.53,13.06,10.92,-43.13,2,Starting,1082.28,1000.0
1790009400000000000,2026-09-21T16:50:00Z,synthetic_stepwise_random_bounded,2.037,5.513,-4.96,0.0,4.96,295.52,13.05,11.36,-43.66,3,Starting,1128.55,1000.0
1790009460000000000,2026-09-21T16:51:00Z,synthetic_stepwise_random_bounded,2.029,5.569,-4.95,0.0,4.95,295.51,13.03,11.67,-42.42,3,Starting,1124.21,984.56
1790009520000000000,2026-09-21T16:52:00Z,synthetic_stepwise_random_bounded,1.961,5.596,-5.01,0.0,5.01,295.5,13.01,9.93,-50.45,2,Starting,1081.92,1000.0
1790009580000000000,2026-09-21T16:53:00Z,synthetic_stepwise_random_bounded,1.972,5.687,-5.15,0.0,5.15,295.49,12.98,11.87,-43.39,3,Starting,1116.78,1000.0
1790009640000000000,2026-09-21T16:54:00Z,synthetic_stepwise_random_bounded,1.971,5.686,-5.03,0.0,5.03,295.49,12.97,11.35,-44.32,2,Starting,1159.85,1000.0
1790009700000000000,2026-09-21T16:55:00Z,synthetic_stepwise_random_bounded,2.073,5.665,-4.98,0.0,4.98,295.48,12.95,11.59,-42.97,1,Starting,1206.18,1000.0
1790009760000000000,2026-09-21T16:56:00Z,synthetic_stepwise_random_bounded,2.057,5.653,-4.8,0.0,4.8,295.46,12.92,12.48,-38.46,3,Starting,1199.89,1000.0
1790009820000000000,2026-09-21T16:57:00Z,synthetic_stepwise_random_bounded,2.102,5.613,-4.76,0.0,4.76,295.46,12.92,11.42,-41.68,3,Starting,1218.18,1000.0
1790009880000000000,2026-09-21T16:58:00Z,synthetic_stepwise_random_bounded,2.075,5.583,-5.23,0.0,5.23,295.45,12.9,11.08,-47.2,3,Starting,1182.05,1000.0
1790009940000000000,2026-09-21T16:59:00Z,synthetic_stepwise_random_bounded,2.07,5.55,-4.77,0.0,4.77,295.44,12.88,11.09,-43.01,3,Starting,1193.32,998.37
1790010000000000000,2026-09-21T17:00:00Z,synthetic_stepwise_random_bounded,2.013,5.557,-5.23,0.0,5.23,295.43,12.85,11.47,-45.6,2,Starting,1216.39,1000.0
1790010060000000000,2026-09-21T17:01:00Z,synthetic_stepwise_random_bounded,2.032,5.474,-4.97,0.0,4.97,295.42,12.83,12.38,-40.15,1,Starting,1237.26,999.95
1790010120000000000,2026-09-21T17:02:00Z,synthetic_stepwise_random_bounded,2.001,5.404,-5.34,0.0,5.34,295.4,12.8,11.11,-48.06,3,Starting,1355.49,620.3
1790010180000000000,2026-09-21T17:03:00Z,synthetic_stepwise_random_bounded,2.052,5.468,-5.71,0.0,5.71,295.39,12.79,10.71,-53.31,3,Starting,1308.07,598.69
1790010240000000000,2026-09-21T17:04:00Z,synthetic_stepwise_random_bounded,1.991,5.395,-6.12,0.0,6.12,295.38,12.77,10.66,-57.41,2,Starting,1285.59,619.78
1790010300000000000,2026-09-21T17:05:00Z,synthetic_stepwise_random_bounded,1.981,5.333,-6.34,0.0,6.34,295.38,12.76,10.99,-57.69,1,Starting,1261.99,645.84
1790010360000000000,2026-09-21T17:06:00Z,synthetic_stepwise_random_bounded,1.966,5.33,-6.21,0.0,6.21,295.37,12.74,10.69,-58.09,2,Starting,1266.94,644.7
1790010420000000000,2026-09-21T17:07:00Z,synthetic_stepwise_random_bounded,1.973,5.298,-6.38,0.0,6.38,295.37,12.73,9.69,-65.84,3,Starting,1276.89,616.17
1790010480000000000,2026-09-21T17:08:00Z,synthetic_stepwise_random_bounded,1.961,5.27,-6.92,0.0,6.92,295.36,12.71,10.83,-63.9,2,Starting,949.48,802.49
1790010540000000000,2026-09-21T17:09:00Z,synthetic_stepwise_random_bounded,1.994,5.26,-7.43,0.0,7.43,295.35,12.7,10.21,-72.77,1,Starting,936.32,804.43
1790010600000000000,2026-09-21T17:10:00Z,synthetic_stepwise_random_bounded,2.031,5.216,-6.95,0.0,6.95,295.34,12.68,9.87,-70.42,3,Starting,891.7,824.65
1790010660000000000,2026-09-21T17:11:00Z,synthetic_stepwise_random_bounded,1.925,5.172,-7.61,0.0,7.61,295.33,12.67,9.98,-76.25,3,Starting,907.84,799.39
1790010720000000000,2026-09-21T17:12:00Z,synthetic_stepwise_random_bounded,1.953,5.133,-8.33,0.0,8.33,295.32,12.64,10.05,-82.89,3,Starting,924.37,813.31
1790010780000000000,2026-09-21T17:13:00Z,synthetic_stepwise_random_bounded,2.003,5.155,-8.75,0.0,8.75,295.31,12.61,9.97,-87.76,1,Starting,876.43,797.92
1790010840000000000,2026-09-21T17:14:00Z,synthetic_stepwise_random_bounded,2.077,5.193,-9.55,0.0,9.55,295.3,12.6,10.37,-92.09,1,Starting,840.95,815.39
1790010900000000000,2026-09-21T17:15:00Z,synthetic_stepwise_random_bounded,2.036,5.172,-9.67,0.0,9.67,295.29,12.58,10.34,-93.52,2,Starting,870.29,821.43
1790010960000000000,2026-09-21T17:16:00Z,synthetic_stepwise_random_bounded,2.013,5.24,-9.87,0.0,9.87,295.29,12.57,10.19,-96.86,3,Starting,912.93,829.06
1790011020000000000,2026-09-21T17:17:00Z,synthetic_stepwise_random_bounded,1.997,5.344,-10.04,0.0,10.04,295.27,12.54,11.26,-89.17,1,Starting,935.32,854.06
1790011080000000000,2026-09-21T17:18:00Z,synthetic_stepwise_random_bounded,1.93,5.393,-10.72,0.0,10.72,295.26,12.52,9.94,-107.85,1,Starting,983.39,875.41
1790011140000000000,2026-09-21T17:19:00Z,synthetic_stepwise_random_bounded,1.949,5.442,-9.8,0.0,9.8,295.25,12.5,10.56,-92.8,1,Starting,945.47,848.78
1790011200000000000,2026-09-21T17:20:00Z,synthetic_stepwise_random_bounded,1.981,5.413,-10.12,0.0,10.12,295.24,12.47,10.41,-97.21,3,Starting,987.78,822.23
1790011260000000000,2026-09-21T17:21:00Z,synthetic_stepwise_random_bounded,2.025,5.352,-10.54,0.0,10.54,295.21,12.43,11.29,-93.36,2,Starting,1037.47,845.97
1790011320000000000,2026-09-21T17:22:00Z,synthetic_stepwise_random_bounded,1.928,5.282,-9.96,0.0,9.96,295.21,12.42,10.42,-95.59,2,Starting,1036.01,870.55
1790011380000000000,2026-09-21T17:23:00Z,synthetic_stepwise_random_bounded,1.887,5.353,-10.32,0.0,10.32,295.19,12.39,8.87,-116.35,1,Starting,1014.43,892.08
1790011440000000000,2026-09-21T17:24:00Z,synthetic_stepwise_random_bounded,1.848,5.351,-10.96,0.0,10.96,295.19,12.37,9.77,-112.18,3,Starting,998.66,907.48
1790011500000000000,2026-09-21T17:25:00Z,synthetic_stepwise_random_bounded,1.819,5.334,-10.48,0.0,10.48,295.18,12.36,8.93,-117.36,1,Starting,1012.24,931.09
1790011560000000000,2026-09-21T17:26:00Z,synthetic_stepwise_random_bounded,1.791,5.367,-10.74,0.0,10.74,295.17,12.34,8.15,-131.78,1,Starting,1062.19,932.05
1790011620000000000,2026-09-21T17:27:00Z,synthetic_stepwise_random_bounded,1.773,5.352,-11.03,0.0,11.03,295.15,12.3,7.84,-140.69,3,Starting,1033.5,944.95
1790011680000000000,2026-09-21T17:28:00Z,synthetic_stepwise_random_bounded,1.729,5.311,-11.49,0.0,11.49,295.14,12.28,8.09,-142.03,1,Starting,1029.72,952.54
1790011740000000000,2026-09-21T17:29:00Z,synthetic_stepwise_random_bounded,1.738,5.407,-12.36,0.0,12.36,295.13,12.26,7.45,-165.91,3,Starting,1053.08,945.46
1790011800000000000,2026-09-21T17:30:00Z,synthetic_stepwise_random_bounded,1.743,5.331,-12.78,0.0,12.78,295.12,12.25,7.34,-174.11,3,Starting,1053.69,961.74
1790011860000000000,2026-09-21T17:31:00Z,synthetic_stepwise_random_bounded,1.69,5.382,-12.97,0.0,12.97,295.12,12.23,7.12,-182.16,2,Starting,1094.42,974.97
1790011920000000000,2026-09-21T17:32:00Z,synthetic_stepwise_random_bounded,1.693,5.383,-13.23,0.0,13.23,295.11,12.21,8.37,-158.06,2,Starting,1057.92,977.32
1790011980000000000,2026-09-21T17:33:00Z,synthetic_stepwise_random_bounded,1.747,5.414,-14.05,0.0,14.05,295.1,12.2,8.05,-174.53,1,Starting,1318.68,614.28
1790012040000000000,2026-09-21T17:34:00Z,synthetic_stepwise_random_bounded,1.693,5.504,-13.38,0.0,13.38,295.09,12.18,7.82,-171.1,1,Starting,1288.25,628.54
1790012100000000000,2026-09-21T17:35:00Z,synthetic_stepwise_random_bounded,1.747,5.512,-12.7,0.0,12.7,295.08,12.17,8.74,-145.31,2,Starting,1326.33,636.99
1790012160000000000,2026-09-21T17:36:00Z,synthetic_stepwise_random_bounded,1.739,5.459,-13.61,0.0,13.61,295.08,12.16,7.46,-182.44,2,Starting,1366.28,657.5
1790012220000000000,2026-09-21T17:37:00Z,synthetic_stepwise_random_bounded,1.696,5.49,-12.38,0.0,12.38,295.07,12.15,8.46,-146.34,1,Starting,1323.59,629.4
1790012280000000000,2026-09-21T17:38:00Z,synthetic_stepwise_random_bounded,1.678,5.513,-11.46,0.0,11.46,295.07,12.14,8.0,-143.25,2,Starting,1295.47,613.19
1790012340000000000,2026-09-21T17:39:00Z,synthetic_stepwise_random_bounded,1.636,5.43,-12.36,0.0,12.36,295.06,12.12,7.41,-166.8,2,Starting,1342.11,598.18
1790012400000000000,2026-09-21T17:40:00Z,synthetic_stepwise_random_bounded,1.548,5.416,-11.15,0.0,11.15,295.06,12.12,5.86,-190.27,2,Starting,1358.59,625.69
1790012460000000000,2026-09-21T17:41:00Z,synthetic_stepwise_random_bounded,1.521,5.46,-11.46,0.0,11.46,295.05,12.1,6.83,-167.79,2,Starting,1380.92,803.15
1790012520000000000,2026-09-21T17:42:00Z,synthetic_stepwise_random_bounded,1.552,5.493,-10.65,0.0,10.65,295.04,12.08,6.01,-177.2,2,Starting,1343.24,814.35
1790012580000000000,2026-09-21T17:43:00Z,synthetic_stepwise_random_bounded,1.63,5.491,-11.15,0.0,11.15,295.03,12.06,6.86,-162.54,2,Starting,1342.78,830.46
1790012640000000000,2026-09-21T17:44:00Z,synthetic_stepwise_random_bounded,1.588,5.38,-10.22,0.0,10.22,295.02,12.05,6.64,-153.92,3,Starting,1345.81,825.05
1790012700000000000,2026-09-21T17:45:00Z,synthetic_stepwise_random_bounded,1.614,5.41,-10.89,0.0,10.89,295.01,12.02,7.21,-151.04,3,Starting,1375.95,853.16
1790012760000000000,2026-09-21T17:46:00Z,synthetic_stepwise_random_bounded,1.579,5.459,-10.9,0.0,10.9,295.0,11.99,7.27,-149.93,2,Starting,1144.23,533.67
1790012820000000000,2026-09-21T17:47:00Z,synthetic_stepwise_random_bounded,1.552,5.397,-11.27,0.0,11.27,294.99,11.98,5.88,-191.67,1,Starting,1168.72,519.59
1790012880000000000,2026-09-21T17:48:00Z,synthetic_stepwise_random_bounded,1.56,5.464,-11.37,0.0,11.37,294.99,11.98,6.09,-186.7,1,Starting,1120.59,497.22
1790012940000000000,2026-09-21T17:49:00Z,synthetic_stepwise_random_bounded,1.571,5.453,-11.85,0.0,11.85,294.98,11.96,6.19,-191.44,1,Starting,1131.64,517.34
1790013000000000000,2026-09-21T17:50:00Z,synthetic_stepwise_random_bounded,1.53,5.5,-10.85,0.0,10.85,294.97,11.94,6.61,-164.15,2,Starting,1132.33,518.9
1790013060000000000,2026-09-21T17:51:00Z,synthetic_stepwise_random_bounded,1.533,5.584,-11.18,0.0,11.18,294.95,11.91,6.68,-167.37,3,Starting,1141.62,533.1
1790013120000000000,2026-09-21T17:52:00Z,synthetic_stepwise_random_bounded,1.579,5.553,-11.59,0.0,11.59,294.94,11.89,7.25,-159.86,3,Starting,1152.32,522.55
1790013180000000000,2026-09-21T17:53:00Z,synthetic_stepwise_random_bounded,1.541,5.525,-11.92,0.0,11.92,294.93,11.86,6.71,-177.65,2,Starting,1186.91,532.39
1790013240000000000,2026-09-21T17:54:00Z,synthetic_stepwise_random_bounded,1.524,5.572,-12.28,0.0,12.28,294.92,11.84,6.94,-176.95,1,Starting,1125.22,371.68
1790013300000000000,2026-09-21T17:55:00Z,synthetic_stepwise_random_bounded,1.45,5.496,-13.22,0.0,13.22,294.9,11.81,5.48,-241.24,3,Starting,1076.25,362.29
1790013360000000000,2026-09-21T17:56:00Z,synthetic_stepwise_random_bounded,1.523,5.595,-13.03,0.0,13.03,294.89,11.79,6.87,-189.67,2,Starting,1059.81,373.12
1790013420000000000,2026-09-21T17:57:00Z,synthetic_stepwise_random_bounded,1.519,5.515,-13.39,0.0,13.39,294.88,11.76,6.81,-196.62,3,Starting,1038.89,384.98
1790013480000000000,2026-09-21T17:58:00Z,synthetic_stepwise_random_bounded,1.55,5.598,-12.54,0.0,12.54,294.87,11.73,6.42,-195.33,3,Starting,1001.77,374.92
1790013540000000000,2026-09-21T17:59:00Z,synthetic_stepwise_random_bounded,1.531,5.562,-13.13,0.0,13.13,294.85,11.7,6.77,-193.94,3,Starting,972.72,392.13
1790013600000000000,2026-09-21T18:00:00Z,synthetic_stepwise_random_bounded,1.577,5.572,-11.95,0.0,11.95,294.84,11.68,7.47,-159.97,3,Starting,960.17,369.93
1790013660000000000,2026-09-21T18:01:00Z,synthetic_stepwise_random_bounded,1.53,5.563,-11.16,0.0,11.16,294.82,11.65,6.46,-172.76,2,Starting,964.23,356.23
1790013720000000000,2026-09-21T18:02:00Z,synthetic_stepwise_random_bounded,1.582,5.501,-11.64,0.0,11.64,294.81,11.63,6.21,-187.44,1,Starting,914.42,384.56
1790013780000000000,2026-09-21T18:03:00Z,synthetic_stepwise_random_bounded,1.689,5.536,-11.95,0.0,11.95,294.8,11.6,7.39,-161.71,1,Starting,879.01,411.52
1790013840000000000,2026-09-21T18:04:00Z,synthetic_stepwise_random_bounded,1.713,5.504,-13.0,0.0,13.0,294.79,11.58,7.36,-176.63,1,Starting,837.77,383.01
1790013900000000000,2026-09-21T18:05:00Z,synthetic_stepwise_random_bounded,1.689,5.472,-14.22,0.0,14.22,294.77,11.55,7.6,-187.11,3,Starting,867.06,357.47
1790013960000000000,2026-09-21T18:06:00Z,synthetic_stepwise_random_bounded,1.662,5.377,-12.82,0.0,12.82,294.76,11.52,7.27,-176.34,3,Starting,847.09,375.61
1790014020000000000,2026-09-21T18:07:00Z,synthetic_stepwise_random_bounded,1.647,5.392,-13.04,0.0,13.04,294.75,11.51,7.82,-166.75,1,Starting,830.82,359.9
1790014080000000000,2026-09-21T18:08:00Z,synthetic_stepwise_random_bounded,1.663,5.451,-12.56,0.0,12.56,294.75,11.49,7.8,-161.03,1,Starting,856.82,372.4
1790014140000000000,2026-09-21T18:09:00Z,synthetic_stepwise_random_bounded,1.786,5.384,-12.84,0.0,12.84,294.75,11.49,9.21,-139.41,1,Starting,808.01,361.59
1790014200000000000,2026-09-21T18:10:00Z,synthetic_stepwise_random_bounded,1.861,5.39,-11.9,0.0,11.9,294.74,11.47,8.45,-140.83,2,Starting,845.17,361.92
1790014260000000000,2026-09-21T18:11:00Z,synthetic_stepwise_random_bounded,1.844,5.351,-11.42,0.0,11.42,294.72,11.44,9.17,-124.54,1,Starting,840.07,365.03
1790014320000000000,2026-09-21T18:12:00Z,synthetic_stepwise_random_bounded,1.875,5.366,-10.84,0.0,10.84,294.71,11.43,8.53,-127.08,3,Starting,599.36,739.61
1790014380000000000,2026-09-21T18:13:00Z,synthetic_stepwise_random_bounded,1.912,5.373,-10.83,0.0,10.83,294.69,11.39,9.68,-111.88,2,Starting,559.8,731.3
1790014440000000000,2026-09-21T18:14:00Z,synthetic_stepwise_random_bounded,1.906,5.463,-10.62,0.0,10.62,294.68,11.36,10.59,-100.28,2,Starting,555.6,746.26
1790014500000000000,2026-09-21T18:15:00Z,synthetic_stepwise_random_bounded,1.821,5.463,-10.3,0.0,10.3,294.67,11.33,8.83,-116.65,1,Starting,509.09,731.76
1790014560000000000,2026-09-21T18:16:00Z,synthetic_stepwise_random_bounded,1.862,5.535,-9.43,0.0,9.43,294.65,11.3,10.27,-91.82,1,Starting,530.26,702.41
1790014620000000000,2026-09-21T18:17:00Z,synthetic_stepwise_random_bounded,1.942,5.576,-9.33,0.0,9.33,294.63,11.27,10.45,-89.28,3,Starting,480.5,677.19
1790014680000000000,2026-09-21T18:18:00Z,synthetic_stepwise_random_bounded,1.892,5.519,-8.44,0.0,8.44,294.62,11.24,9.85,-85.69,3,Starting,523.64,678.3
1790014740000000000,2026-09-21T18:19:00Z,synthetic_stepwise_random_bounded,1.762,5.546,-8.88,0.0,8.88,294.61,11.22,8.82,-100.68,3,Starting,504.43,685.86
1790014800000000000,2026-09-21T18:20:00Z,synthetic_stepwise_random_bounded,1.7,5.539,-9.66,0.0,9.66,294.61,11.21,8.04,-120.15,1,Starting,553.4,699.3
1790014860000000000,2026-09-21T18:21:00Z,synthetic_stepwise_random_bounded,1.664,5.572,-9.72,0.0,9.72,294.6,11.19,7.75,-125.42,3,Starting,517.45,696.31
1790014920000000000,2026-09-21T18:22:00Z,synthetic_stepwise_random_bounded,1.7,5.638,-9.32,0.0,9.32,294.59,11.18,8.21,-113.52,3,Starting,510.03,666.98
1790014980000000000,2026-09-21T18:23:00Z,synthetic_stepwise_random_bounded,1.694,5.711,-9.27,0.0,9.27,294.58,11.16,8.68,-106.8,2,Starting,552.39,650.38
1790015040000000000,2026-09-21T18:24:00Z,synthetic_stepwise_random_bounded,1.756,5.703,-10.04,0.0,10.04,294.57,11.14,8.16,-123.04,1,Starting,512.88,657.69
1790015100000000000,2026-09-21T18:25:00Z,synthetic_stepwise_random_bounded,1.814,5.777,-9.7,0.0,9.7,294.56,11.13,9.68,-100.21,3,Starting,511.98,662.69
1790015160000000000,2026-09-21T18:26:00Z,synthetic_stepwise_random_bounded,1.837,5.744,-9.31,0.0,9.31,294.56,11.12,9.6,-96.98,1,Starting,557.23,663.08
1790015220000000000,2026-09-21T18:27:00Z,synthetic_stepwise_random_bounded,1.84,5.761,-10.08,0.0,10.08,294.54,11.08,8.8,-114.55,3,Starting,552.75,669.07
1790015280000000000,2026-09-21T18:28:00Z,synthetic_stepwise_random_bounded,1.807,5.802,-9.44,0.0,9.44,294.52,11.05,8.58,-110.02,1,Starting,531.44,671.97
1790015340000000000,2026-09-21T18:29:00Z,synthetic_stepwise_random_bounded,1.836,5.849,-8.81,0.0,8.81,294.52,11.04,9.58,-91.96,2,Starting,490.04,655.44
1790015400000000000,2026-09-21T18:30:00Z,synthetic_stepwise_random_bounded,1.8,5.791,-9.28,0.0,9.28,294.51,11.02,9.4,-98.72,2,Starting,519.41,626.86
1790015460000000000,2026-09-21T18:31:00Z,synthetic_stepwise_random_bounded,1.831,5.786,-9.23,0.0,9.23,294.5,11.01,10.52,-87.74,3,Starting,561.01,653.0
1790015520000000000,2026-09-21T18:32:00Z,synthetic_stepwise_random_bounded,1.8,5.704,-9.75,0.0,9.75,294.49,10.98,9.24,-105.52,3,Starting,556.44,655.74
1790015580000000000,2026-09-21T18:33:00Z,synthetic_stepwise_random_bounded,1.812,5.67,-9.56,0.0,9.56,294.48,10.96,8.46,-113.0,1,Starting,521.84,639.27
1790015640000000000,2026-09-21T18:34:00Z,synthetic_stepwise_random_bounded,1.824,5.746,-8.86,0.0,8.86,294.46,10.93,9.95,-89.05,3,Starting,553.1,660.59
1790015700000000000,2026-09-21T18:35:00Z,synthetic_stepwise_random_bounded,1.913,5.668,-9.24,0.0,9.24,294.45,10.9,10.5,-88.0,1,Starting,548.82,669.41
1790015760000000000,2026-09-21T18:36:00Z,synthetic_stepwise_random_bounded,1.946,5.745,-8.51,0.0,8.51,294.44,10.88,11.79,-72.18,1,Starting,509.16,694.07
1790015820000000000,2026-09-21T18:37:00Z,synthetic_stepwise_random_bounded,1.916,5.749,-7.86,0.0,7.86,294.44,10.87,10.19,-77.13,2,Starting,508.12,676.79
1790015880000000000,2026-09-21T18:38:00Z,synthetic_stepwise_random_bounded,1.989,5.761,-8.55,0.0,8.55,294.43,10.85,10.48,-81.58,2,Starting,536.39,684.31
1790015940000000000,2026-09-21T18:39:00Z,synthetic_stepwise_random_bounded,1.979,5.804,-8.0,0.0,8.0,294.42,10.83,11.53,-69.38,3,Starting,539.25,690.34
1790016000000000000,2026-09-21T18:40:00Z,synthetic_stepwise_random_bounded,1.964,5.729,-7.83,0.0,7.83,294.4,10.81,11.4,-68.68,3,Starting,580.08,672.34
1790016060000000000,2026-09-21T18:41:00Z,synthetic_stepwise_random_bounded,1.892,5.835,-8.18,0.0,8.18,294.39,10.79,9.73,-84.07,1,Starting,605.7,672.44
1790016120000000000,2026-09-21T18:42:00Z,synthetic_stepwise_random_bounded,1.92,5.846,-8.02,0.0,8.02,294.38,10.76,10.25,-78.24,2,Starting,629.41,660.63
1790016180000000000,2026-09-21T18:43:00Z,synthetic_stepwise_random_bounded,1.948,5.805,-7.86,0.0,7.86,294.37,10.74,10.41,-75.5,3,Starting,660.03,686.72
1790016240000000000,2026-09-21T18:44:00Z,synthetic_stepwise_random_bounded,1.891,5.763,-7.65,0.0,7.65,294.37,10.73,9.55,-80.1,3,Starting,629.04,716.65
1790016300000000000,2026-09-21T18:45:00Z,synthetic_stepwise_random_bounded,1.94,5.715,-8.17,0.0,8.17,294.36,10.71,11.35,-71.98,3,Starting,617.47,737.34
1790016360000000000,2026-09-21T18:46:00Z,synthetic_stepwise_random_bounded,1.939,5.72,-7.75,0.0,7.75,294.35,10.69,11.62,-66.7,2,Starting,579.38,726.85
1790016420000000000,2026-09-21T18:47:00Z,synthetic_stepwise_random_bounded,1.88,5.736,-7.67,0.0,7.67,294.34,10.68,9.23,-83.1,1,Starting,598.65,744.45
1790016480000000000,2026-09-21T18:48:00Z,synthetic_stepwise_random_bounded,1.872,5.74,-7.81,0.0,7.81,294.33,10.66,10.09,-77.4,3,Starting,614.16,731.59
1790016540000000000,2026-09-21T18:49:00Z,synthetic_stepwise_random_bounded,1.856,5.763,-7.86,0.0,7.86,294.32,10.64,9.44,-83.26,3,Starting,578.32,739.02
1790016600000000000,2026-09-21T18:50:00Z,synthetic_stepwise_random_bounded,1.815,5.694,-7.82,0.0,7.82,294.31,10.63,8.48,-92.22,1,Starting,590.13,747.13
1790016660000000000,2026-09-21T18:51:00Z,synthetic_stepwise_random_bounded,1.765,5.727,-7.64,0.0,7.64,294.3,10.6,8.67,-88.12,3,Starting,583.92,762.37
1790016720000000000,2026-09-21T18:52:00Z,synthetic_stepwise_random_bounded,1.758,5.764,-7.83,0.0,7.83,294.3,10.59,9.71,-80.64,1,Starting,626.96,766.37
1790016780000000000,2026-09-21T18:53:00Z,synthetic_stepwise_random_bounded,1.737,5.804,-8.24,0.0,8.24,294.29,10.57,9.48,-86.92,2,Starting,658.59,744.6
1790016840000000000,2026-09-21T18:54:00Z,synthetic_stepwise_random_bounded,1.689,5.869,-8.68,0.0,8.68,294.27,10.54,7.84,-110.71,1,Starting,686.76,717.7
1790016900000000000,2026-09-21T18:55:00Z,synthetic_stepwise_random_bounded,1.707,5.878,-9.39,0.0,9.39,294.27,10.54,8.38,-112.05,2,Starting,674.53,730.73
1790016960000000000,2026-09-21T18:56:00Z,synthetic_stepwise_random_bounded,1.687,5.882,-9.35,0.0,9.35,294.26,10.52,8.84,-105.77,2,Starting,642.19,718.63
1790017020000000000,2026-09-21T18:57:00Z,synthetic_stepwise_random_bounded,1.67,5.908,-9.46,0.0,9.46,294.25,10.49,9.03,-104.76,3,Starting,607.15,695.5
1790017080000000000,2026-09-21T18:58:00Z,synthetic_stepwise_random_bounded,1.625,5.957,-9.99,0.0,9.99,294.23,10.46,7.88,-126.78,1,Starting,636.69,716.93
1790017140000000000,2026-09-21T18:59:00Z,synthetic_stepwise_random_bounded,1.643,5.982,-10.56,0.0,10.56,294.22,10.44,8.75,-120.69,2,Starting,608.29,745.52
1790017200000000000,2026-09-21T19:00:00Z,synthetic_stepwise_random_bounded,1.67,6.007,-9.62,0.0,9.62,294.21,10.43,8.76,-109.82,3,Starting,638.09,748.63
1790017260000000000,2026-09-21T19:01:00Z,synthetic_stepwise_random_bounded,1.639,5.977,-9.72,0.0,9.72,294.21,10.42,8.36,-116.27,1,Starting,641.95,759.5
1790017320000000000,2026-09-21T19:02:00Z,synthetic_stepwise_random_bounded,1.672,6.012,-10.3,0.0,10.3,294.19,10.39,9.06,-113.69,3,Starting,592.79,738.37
1790017380000000000,2026-09-21T19:03:00Z,synthetic_stepwise_random_bounded,1.617,6.12,-9.73,0.0,9.73,294.19,10.37,8.52,-114.2,2,Starting,625.43,740.56
1790017440000000000,2026-09-21T19:04:00Z,synthetic_stepwise_random_bounded,1.647,6.095,-10.03,0.0,10.03,294.18,10.36,7.65,-131.11,3,Starting,581.9,731.35
1790017500000000000,2026-09-21T19:05:00Z,synthetic_stepwise_random_bounded,1.686,6.065,-10.94,0.0,10.94,294.17,10.34,7.88,-138.83,1,Starting,605.8,734.6
1790017560000000000,2026-09-21T19:06:00Z,synthetic_stepwise_random_bounded,1.588,5.99,-10.99,0.0,10.99,294.17,10.33,7.07,-155.45,3,Starting,607.13,713.13
1790017620000000000,2026-09-21T19:07:00Z,synthetic_stepwise_random_bounded,1.533,5.969,-11.58,0.0,11.58,294.16,10.32,6.63,-174.66,3,Starting,583.01,717.94
1790017680000000000,2026-09-21T19:08:00Z,synthetic_stepwise_random_bounded,1.578,5.916,-12.54,0.0,12.54,294.15,10.3,6.71,-186.89,3,Starting,1457.58,504.3
1790017740000000000,2026-09-21T19:09:00Z,synthetic_stepwise_random_bounded,1.58,5.84,-13.5,0.0,13.5,294.15,10.3,7.6,-177.63,1,Starting,1425.34,494.35
1790017800000000000,2026-09-21T19:10:00Z,synthetic_stepwise_random_bounded,1.62,5.879,-13.29,0.0,13.29,294.14,10.29,8.4,-158.21,3,Starting,1443.24,499.72
1790017860000000000,2026-09-21T19:11:00Z,synthetic_stepwise_random_bounded,1.688,5.904,-12.4,0.0,12.4,294.13,10.26,9.22,-134.49,1,Starting,1418.94,516.16
1790017920000000000,2026-09-21T19:12:00Z,synthetic_stepwise_random_bounded,1.656,5.867,-11.83,0.0,11.83,294.12,10.23,8.77,-134.89,2,Starting,1373.87,499.5
1790017980000000000,2026-09-21T19:13:00Z,synthetic_stepwise_random_bounded,1.669,5.894,-12.53,0.0,12.53,294.1,10.2,8.53,-146.89,1,Starting,1342.6,503.74
1790018040000000000,2026-09-21T19:14:00Z,synthetic_stepwise_random_bounded,1.676,5.931,-13.46,0.0,13.46,294.08,10.17,7.66,-175.72,1,Starting,1331.81,487.06
1790018100000000000,2026-09-21T19:15:00Z,synthetic_stepwise_random_bounded,1.661,5.938,-13.1,0.0,13.1,294.07,10.14,7.54,-173.74,3,Starting,1351.18,500.36
1790018160000000000,2026-09-21T19:16:00Z,synthetic_stepwise_random_bounded,1.655,5.902,-12.27,0.0,12.27,294.05,10.1,7.58,-161.87,1,Starting,1352.72,489.21
1790018220000000000,2026-09-21T19:17:00Z,synthetic_stepwise_random_bounded,1.704,5.906,-11.89,0.0,11.89,294.05,10.09,8.0,-148.62,1,Starting,1366.78,461.31
1790018280000000000,2026-09-21T19:18:00Z,synthetic_stepwise_random_bounded,1.717,5.854,-12.09,0.0,12.09,294.04,10.08,8.36,-144.62,1,Starting,1356.72,436.09
1790018340000000000,2026-09-21T19:19:00Z,synthetic_stepwise_random_bounded,1.619,5.814,-12.81,0.0,12.81,294.03,10.06,7.24,-176.93,1,Starting,1331.73,458.49
1790018400000000000,2026-09-21T19:20:00Z,synthetic_stepwise_random_bounded,1.602,5.854,-12.88,0.0,12.88,294.02,10.05,7.24,-177.9,2,Starting,1291.22,436.12
1790018460000000000,2026-09-21T19:21:00Z,synthetic_stepwise_random_bounded,1.61,5.903,-13.17,0.0,13.17,294.01,10.03,6.9,-190.87,3,Starting,1292.58,424.45
1790018520000000000,2026-09-21T19:22:00Z,synthetic_stepwise_random_bounded,1.622,5.936,-14.28,0.0,14.28,294.01,10.02,8.52,-167.61,3,Starting,1267.61,454.13
1790018580000000000,2026-09-21T19:23:00Z,synthetic_stepwise_random_bounded,1.608,5.934,-14.77,0.0,14.77,294.0,10.01,7.51,-196.67,1,Starting,1271.22,434.42
1790018640000000000,2026-09-21T19:24:00Z,synthetic_stepwise_random_bounded,1.55,5.899,-14.57,0.0,14.57,293.99,9.98,6.4,-227.66,2,Starting,1281.95,405.49
1790018700000000000,2026-09-21T19:25:00Z,synthetic_stepwise_random_bounded,1.56,5.982,-13.92,0.0,13.92,293.98,9.97,7.01,-198.57,2,Starting,1237.93,416.0
1790018760000000000,2026-09-21T19:26:00Z,synthetic_stepwise_random_bounded,1.548,5.855,-12.73,0.0,12.73,293.97,9.95,6.83,-186.38,2,Starting,1223.99,428.84
1790018820000000000,2026-09-21T19:27:00Z,synthetic_stepwise_random_bounded,1.594,5.798,-12.5,0.0,12.5,293.95,9.91,7.79,-160.46,1,Starting,1228.92,458.67
1790018880000000000,2026-09-21T19:28:00Z,synthetic_stepwise_random_bounded,1.642,5.871,-11.56,0.0,11.56,293.94,9.9,7.13,-162.13,3,Starting,1199.45,430.37
1790018940000000000,2026-09-21T19:29:00Z,synthetic_stepwise_random_bounded,1.673,5.865,-12.69,0.0,12.69,293.93,9.88,8.46,-150.0,3,Starting,1185.07,401.07
1790019000000000000,2026-09-21T19:30:00Z,synthetic_stepwise_random_bounded,1.657,5.922,-12.19,0.0,12.19,293.92,9.86,8.48,-143.75,1,Starting,1175.95,415.08
1790019060000000000,2026-09-21T19:31:00Z,synthetic_stepwise_random_bounded,1.676,5.857,-11.48,0.0,11.48,293.91,9.85,8.33,-137.82,3,Starting,1212.06,436.82
1790019120000000000,2026-09-21T19:32:00Z,synthetic_stepwise_random_bounded,1.649,5.81,-12.43,0.0,12.43,293.91,9.85,7.89,-157.54,2,Starting,1222.34,408.5
1790019180000000000,2026-09-21T19:33:00Z,synthetic_stepwise_random_bounded,1.683,5.917,-12.36,0.0,12.36,293.89,9.81,8.27,-149.46,1,Starting,1179.17,385.18
1790019240000000000,2026-09-21T19:34:00Z,synthetic_stepwise_random_bounded,1.693,5.861,-12.92,0.0,12.92,293.87,9.78,8.4,-153.81,3,Starting,1215.97,382.05
1790019300000000000,2026-09-21T19:35:00Z,synthetic_stepwise_random_bounded,1.7,5.885,-13.94,0.0,13.94,293.85,9.75,7.75,-179.87,3,Starting,1218.87,363.06
1790019360000000000,2026-09-21T19:36:00Z,synthetic_stepwise_random_bounded,1.611,5.963,-13.13,0.0,13.13,293.83,9.72,8.35,-157.25,3,Starting,1192.29,358.89
1790019420000000000,2026-09-21T19:37:00Z,synthetic_stepwise_random_bounded,1.66,5.983,-12.04,0.0,12.04,293.82,9.7,8.47,-142.15,3,Starting,1170.23,366.31
1790019480000000000,2026-09-21T19:38:00Z,synthetic_stepwise_random_bounded,1.688,5.995,-11.72,0.0,11.72,293.8,9.67,9.18,-127.67,1,Starting,1182.91,381.54
1790019540000000000,2026-09-21T19:39:00Z,synthetic_stepwise_random_bounded,1.705,5.913,-12.06,0.0,12.06,293.78,9.64,9.3,-129.68,3,Starting,1175.09,409.71
1790019600000000000,2026-09-21T19:40:00Z,synthetic_stepwise_random_bounded,1.637,5.837,-13.16,0.0,13.16,293.77,9.61,7.96,-165.33,1,Starting,1129.68,384.6
1790019660000000000,2026-09-21T19:41:00Z,synthetic_stepwise_random_bounded,1.663,5.77,-14.31,0.0,14.31,293.75,9.58,8.7,-164.48,2,Starting,1096.33,410.88
1790019720000000000,2026-09-21T19:42:00Z,synthetic_stepwise_random_bounded,1.655,5.718,-14.96,0.0,14.96,293.73,9.55,8.27,-180.89,1,Starting,1099.2,426.25
1790019780000000000,2026-09-21T19:43:00Z,synthetic_stepwise_random_bounded,1.716,5.712,-13.85,0.0,13.85,293.72,9.53,7.83,-176.88,1,Starting,1050.22,446.41
1790019840000000000,2026-09-21T19:44:00Z,synthetic_stepwise_random_bounded,1.668,5.574,-12.93,0.0,12.93,293.72,9.53,8.07,-160.22,3,Starting,1047.89,460.66
1790019900000000000,2026-09-21T19:45:00Z,synthetic_stepwise_random_bounded,1.656,5.659,-13.17,0.0,13.17,293.7,9.5,7.27,-181.16,2,Starting,1418.97,551.93
1790019960000000000,2026-09-21T19:46:00Z,synthetic_stepwise_random_bounded,1.642,5.751,-12.9,0.0,12.9,293.68,9.47,7.12,-181.18,3,Starting,1430.21,543.7
1790020020000000000,2026-09-21T19:47:00Z,synthetic_stepwise_random_bounded,1.701,5.735,-12.98,0.0,12.98,293.68,9.46,7.87,-164.93,1,Starting,1453.25,570.7
1790020080000000000,2026-09-21T19:48:00Z,synthetic_stepwise_random_bounded,1.754,5.65,-13.59,0.0,13.59,293.66,9.44,9.11,-149.18,1,Starting,1407.84,583.05
1790020140000000000,2026-09-21T19:49:00Z,synthetic_stepwise_random_bounded,1.685,5.567,-13.47,0.0,13.47,293.65,9.41,8.09,-166.5,1,Starting,1399.49,611.42
1790020200000000000,2026-09-21T19:50:00Z,synthetic_stepwise_random_bounded,1.655,5.549,-14.55,0.0,14.55,293.63,9.38,7.2,-202.08,1,Starting,603.1,493.28
1790020260000000000,2026-09-21T19:51:00Z,synthetic_stepwise_random_bounded,1.592,5.586,-13.37,0.0,13.37,293.61,9.35,7.35,-181.9,2,Starting,673.98,708.67
1790020320000000000,2026-09-21T19:52:00Z,synthetic_stepwise_random_bounded,1.542,5.555,-12.3,0.0,12.3,293.61,9.35,6.9,-178.26,1,Starting,654.65,726.33
1790020380000000000,2026-09-21T19:53:00Z,synthetic_stepwise_random_bounded,1.48,5.598,-11.82,0.0,11.82,293.6,9.33,6.13,-192.82,2,Starting,658.51,727.83
1790020440000000000,2026-09-21T19:54:00Z,synthetic_stepwise_random_bounded,1.497,5.608,-11.76,0.0,11.76,293.59,9.31,6.1,-192.79,1,Starting,887.18,534.03
1790020500000000000,2026-09-21T19:55:00Z,synthetic_stepwise_random_bounded,1.525,5.697,-12.08,0.0,12.08,293.58,9.3,6.19,-195.15,1,Starting,898.85,531.31
1790020560000000000,2026-09-21T19:56:00Z,synthetic_stepwise_random_bounded,1.612,5.736,-12.32,0.0,12.32,293.56,9.26,6.85,-179.85,3,Starting,923.08,527.58
1790020620000000000,2026-09-21T19:57:00Z,synthetic_stepwise_random_bounded,1.661,5.711,-13.31,0.0,13.31,293.56,9.26,7.51,-177.23,1,Starting,889.59,514.69
1790020680000000000,2026-09-21T19:58:00Z,synthetic_stepwise_random_bounded,1.618,5.793,-14.2,0.0,14.2,293.54,9.24,7.6,-186.84,2,Starting,849.75,508.72
1790020740000000000,2026-09-21T19:59:00Z,synthetic_stepwise_random_bounded,1.583,5.75,-15.04,0.0,15.04,293.53,9.21,7.56,-198.94,3,Starting,822.62,492.48
1790020800000000000,2026-09-21T20:00:00Z,synthetic_stepwise_random_bounded,1.626,5.61,-13.61,0.0,13.61,293.51,9.18,6.78,-200.74,2,Starting,801.75,504.04
1790020860000000000,2026-09-21T20:01:00Z,synthetic_stepwise_random_bounded,1.658,5.506,-14.76,0.0,14.76,293.51,9.18,7.47,-197.59,1,Starting,824.26,488.03
1790020920000000000,2026-09-21T20:02:00Z,synthetic_stepwise_random_bounded,1.679,5.56,-14.56,0.0,14.56,293.49,9.15,7.93,-183.61,3,Starting,807.52,483.99
1790020980000000000,2026-09-21T20:03:00Z,synthetic_stepwise_random_bounded,1.681,5.535,-13.33,0.0,13.33,293.47,9.12,8.49,-157.01,3,Starting,846.46,462.82
1790021040000000000,2026-09-21T20:04:00Z,synthetic_stepwise_random_bounded,1.751,5.519,-14.55,0.0,14.55,293.46,9.1,8.14,-178.75,2,Starting,850.98,468.21
1790021100000000000,2026-09-21T20:05:00Z,synthetic_stepwise_random_bounded,1.8,5.605,-14.41,0.0,14.41,293.44,9.07,9.88,-145.85,2,Starting,815.08,464.39
1790021160000000000,2026-09-21T20:06:00Z,synthetic_stepwise_random_bounded,1.823,5.603,-15.02,0.0,15.02,293.44,9.06,8.86,-169.53,2,Starting,792.06,477.05
1790021220000000000,2026-09-21T20:07:00Z,synthetic_stepwise_random_bounded,1.87,5.613,-14.65,0.0,14.65,293.42,9.03,10.59,-138.34,1,Starting,759.53,484.37
1790021280000000000,2026-09-21T20:08:00Z,synthetic_stepwise_random_bounded,1.839,5.688,-14.24,0.0,14.24,293.41,9.02,10.11,-140.85,1,Starting,794.99,500.36
1790021340000000000,2026-09-21T20:09:00Z,synthetic_stepwise_random_bounded,1.861,5.624,-13.19,0.0,13.19,293.39,8.99,9.45,-139.58,3,Starting,839.53,509.07
1790021400000000000,2026-09-21T20:10:00Z,synthetic_stepwise_random_bounded,1.877,5.649,-13.64,0.0,13.64,293.38,8.96,9.11,-149.73,2,Starting,795.28,519.92
1790021460000000000,2026-09-21T20:11:00Z,synthetic_stepwise_random_bounded,1.879,5.62,-14.68,0.0,14.68,293.37,8.95,10.01,-146.65,2,Starting,809.31,540.34
1790021520000000000,2026-09-21T20:12:00Z,synthetic_stepwise_random_bounded,1.82,5.597,-15.58,0.0,15.58,293.35,8.92,9.66,-161.28,2,Starting,832.15,523.57
1790021580000000000,2026-09-21T20:13:00Z,synthetic_stepwise_random_bounded,1.859,5.565,-15.22,0.0,15.22,293.34,8.9,10.29,-147.91,2,Starting,800.6,508.13
1790021640000000000,2026-09-21T20:14:00Z,synthetic_stepwise_random_bounded,1.802,5.615,-16.04,0.0,16.04,293.33,8.88,9.64,-166.39,3,Starting,842.48,501.8
1790021700000000000,2026-09-21T20:15:00Z,synthetic_stepwise_random_bounded,1.775,5.627,-16.26,0.0,16.26,293.32,8.86,9.02,-180.27,3,Starting,803.85,514.1
1790021760000000000,2026-09-21T20:16:00Z,synthetic_stepwise_random_bounded,1.899,5.584,-17.87,0.0,17.87,293.31,8.85,9.32,-191.74,3,Starting,811.67,534.54
1790021820000000000,2026-09-21T20:17:00Z,synthetic_stepwise_random_bounded,1.85,5.634,-18.94,0.0,18.94,293.3,8.84,9.37,-202.13,1,Starting,830.18,535.35
1790021880000000000,2026-09-21T20:18:00Z,synthetic_stepwise_random_bounded,1.827,5.608,-18.11,0.0,18.11,293.29,8.82,9.67,-187.28,3,Starting,899.07,729.04
1790021940000000000,2026-09-21T20:19:00Z,synthetic_stepwise_random_bounded,1.781,5.679,-19.61,0.0,19.61,293.29,8.81,8.62,-227.49,3,Starting,918.28,728.72
1790022000000000000,2026-09-21T20:20:00Z,synthetic_stepwise_random_bounded,1.784,5.68,-21.29,0.0,21.29,293.27,8.78,8.16,-260.91,2,Starting,884.22,747.76
1790022060000000000,2026-09-21T20:21:00Z,synthetic_stepwise_random_bounded,1.812,5.737,-20.05,0.0,20.05,293.27,8.78,9.66,-207.56,2,Starting,837.56,751.44
1790022120000000000,2026-09-21T20:22:00Z,synthetic_stepwise_random_bounded,1.75,5.703,-19.52,0.0,19.52,293.25,8.75,9.32,-209.44,1,Starting,825.3,723.15
1790022180000000000,2026-09-21T20:23:00Z,synthetic_stepwise_random_bounded,1.708,5.754,-19.5,0.0,19.5,293.23,8.72,8.4,-232.14,1,Starting,850.23,743.34
1790022240000000000,2026-09-21T20:24:00Z,synthetic_stepwise_random_bounded,1.609,5.685,-18.26,0.0,18.26,293.23,8.71,8.01,-227.97,1,Starting,865.26,464.39
1790022300000000000,2026-09-21T20:25:00Z,synthetic_stepwise_random_bounded,1.627,5.693,-19.35,0.0,19.35,293.2,8.67,7.85,-246.5,1,Starting,881.27,462.89
1790022360000000000,2026-09-21T20:26:00Z,synthetic_stepwise_random_bounded,1.638,5.689,-20.83,0.0,20.83,293.18,8.64,8.18,-254.65,2,Starting,860.69,465.72
1790022420000000000,2026-09-21T20:27:00Z,synthetic_stepwise_random_bounded,1.657,5.629,-20.28,0.0,20.28,293.17,8.61,8.1,-250.37,3,Starting,823.77,439.27
1790022480000000000,2026-09-21T20:28:00Z,synthetic_stepwise_random_bounded,1.646,5.582,-22.2,0.0,22.2,293.15,8.59,7.1,-312.68,3,Starting,790.1,450.98
1790022540000000000,2026-09-21T20:29:00Z,synthetic_stepwise_random_bounded,1.684,5.649,-21.05,0.0,21.05,293.14,8.57,8.5,-247.65,3,Starting,819.0,450.18
1790022600000000000,2026-09-21T20:30:00Z,synthetic_stepwise_random_bounded,1.724,5.579,-20.58,0.0,20.58,293.14,8.56,8.45,-243.55,1,Starting,818.79,452.11
1790022660000000000,2026-09-21T20:31:00Z,synthetic_stepwise_random_bounded,1.75,5.485,-22.01,0.0,22.01,293.13,8.55,8.0,-275.12,2,Starting,853.54,432.51
1790022720000000000,2026-09-21T20:32:00Z,synthetic_stepwise_random_bounded,1.68,5.536,-23.9,0.0,23.9,293.12,8.53,7.48,-319.52,2,Starting,855.95,453.54
1790022780000000000,2026-09-21T20:33:00Z,synthetic_stepwise_random_bounded,1.689,5.457,-25.71,0.0,25.71,293.11,8.51,7.42,-346.5,2,Starting,825.74,475.35
1790022840000000000,2026-09-21T20:34:00Z,synthetic_stepwise_random_bounded,1.716,5.506,-26.24,0.0,26.24,293.1,8.5,7.41,-354.12,3,Starting,869.95,448.91
1790022900000000000,2026-09-21T20:35:00Z,synthetic_stepwise_random_bounded,1.729,5.438,-26.16,0.0,26.16,293.09,8.48,8.56,-305.61,2,Starting,877.99,420.46
1790022960000000000,2026-09-21T20:36:00Z,synthetic_stepwise_random_bounded,1.676,5.489,-28.29,0.0,28.29,293.07,8.45,7.01,-403.57,3,Starting,921.61,447.6
1790023020000000000,2026-09-21T20:37:00Z,synthetic_stepwise_random_bounded,1.683,5.484,-25.67,0.0,25.67,293.06,8.43,7.64,-335.99,1,Off,881.92,444.5
1790023080000000000,2026-09-21T20:38:00Z,synthetic_stepwise_random_bounded,1.578,5.504,-26.91,0.0,26.91,293.04,8.4,7.44,-361.69,2,Off,849.46,434.13
1790023140000000000,2026-09-21T20:39:00Z,synthetic_stepwise_random_bounded,1.582,5.498,-28.91,0.0,28.91,293.03,8.39,6.88,-420.2,3,Off,817.43,427.81
1790023200000000000,2026-09-21T20:40:00Z,synthetic_stepwise_random_bounded,1.564,5.623,-28.75,0.0,28.75,293.03,8.38,7.21,-398.75,1,Off,835.27,398.51
1790023260000000000,2026-09-21T20:41:00Z,synthetic_stepwise_random_bounded,1.536,5.604,-28.2,0.0,28.2,293.02,8.37,6.24,-451.92,3,Off,877.51,402.44
1790023320000000000,2026-09-21T20:42:00Z,synthetic_stepwise_random_bounded,1.549,5.672,-29.68,0.0,29.68,293.01,8.35,6.85,-433.28,1,Off,910.68,387.84
1790023380000000000,2026-09-21T20:43:00Z,synthetic_stepwise_random_bounded,1.579,5.668,-30.99,0.0,30.99,293.0,8.34,7.12,-435.25,1,Off,1220.77,736.49
1790023440000000000,2026-09-21T20:44:00Z,synthetic_stepwise_random_bounded,1.65,5.613,-32.61,0.0,32.61,292.99,8.32,8.2,-397.68,2,Off,1228.49,724.93
1790023500000000000,2026-09-21T20:45:00Z,synthetic_stepwise_random_bounded,1.722,5.595,-31.86,0.0,31.86,292.98,8.3,8.06,-395.29,1,Off,1271.42,745.28
1790023560000000000,2026-09-21T20:46:00Z,synthetic_stepwise_random_bounded,1.725,5.562,-34.27,0.0,34.27,292.97,8.28,8.98,-381.63,1,Off,1348.11,393.1
1790023620000000000,2026-09-21T20:47:00Z,synthetic_stepwise_random_bounded,1.757,5.585,-34.21,0.0,34.21,292.95,8.25,8.08,-423.39,1,Off,1269.0,937.26
1790023680000000000,2026-09-21T20:48:00Z,synthetic_stepwise_random_bounded,1.687,5.622,-35.29,0.0,35.29,292.94,8.23,7.92,-445.58,3,Off,1255.56,907.73
1790023740000000000,2026-09-21T20:49:00Z,synthetic_stepwise_random_bounded,1.782,5.545,-35.35,0.0,35.35,292.91,8.19,8.78,-402.62,3,Off,1224.92,891.06
1790023800000000000,2026-09-21T20:50:00Z,synthetic_stepwise_random_bounded,1.787,5.586,-31.82,0.0,31.82,292.9,8.16,9.68,-328.72,1,Off,1216.7,919.54
1790023860000000000,2026-09-21T20:51:00Z,synthetic_stepwise_random_bounded,1.825,5.557,-30.8,0.0,30.8,292.89,8.15,10.1,-304.95,3,Off,1235.74,916.65
1790023920000000000,2026-09-21T20:52:00Z,synthetic_stepwise_random_bounded,1.818,5.493,-32.42,0.0,32.42,292.88,8.13,8.44,-384.12,1,Off,1239.15,945.17
1790023980000000000,2026-09-21T20:53:00Z,synthetic_stepwise_random_bounded,1.814,5.615,-32.77,0.0,32.77,292.87,8.12,10.06,-325.75,3,Off,1285.29,929.21
1790024040000000000,2026-09-21T20:54:00Z,synthetic_stepwise_random_bounded,1.817,5.635,-35.33,0.0,35.33,292.85,8.09,9.41,-375.45,2,Off,1283.04,899.22
1790024100000000000,2026-09-21T20:55:00Z,synthetic_stepwise_random_bounded,1.812,5.572,-37.11,0.0,37.11,292.84,8.07,9.14,-406.02,2,Off,1282.13,871.55
1790024160000000000,2026-09-21T20:56:00Z,synthetic_stepwise_random_bounded,1.833,5.561,-36.94,0.0,36.94,292.83,8.05,9.3,-397.2,2,Off,1235.31,872.85
1790024220000000000,2026-09-21T20:57:00Z,synthetic_stepwise_random_bounded,1.845,5.538,-35.63,0.0,35.63,292.82,8.03,9.42,-378.24,2,Off,1252.65,844.02
1790024280000000000,2026-09-21T20:58:00Z,synthetic_stepwise_random_bounded,1.891,5.547,-32.37,0.0,32.37,292.79,7.99,9.58,-337.89,2,Off,1278.3,843.76
1790024340000000000,2026-09-21T20:59:00Z,synthetic_stepwise_random_bounded,1.908,5.551,-33.56,0.0,33.56,292.78,7.96,10.4,-322.69,1,Off,1298.47,867.01
1790024400000000000,2026-09-21T21:00:00Z,synthetic_stepwise_random_bounded,1.923,5.534,-36.36,0.0,36.36,292.77,7.95,10.74,-338.55,2,Off,1284.92,865.84
1790024460000000000,2026-09-21T21:01:00Z,synthetic_stepwise_random_bounded,1.903,5.569,-34.83,0.0,34.83,292.75,7.92,9.71,-358.7,2,Off,1315.24,881.61
1790024520000000000,2026-09-21T21:02:00Z,synthetic_stepwise_random_bounded,1.876,5.476,-35.8,0.0,35.8,292.74,7.9,9.86,-363.08,1,Off,1349.21,894.27
1790024580000000000,2026-09-21T21:03:00Z,synthetic_stepwise_random_bounded,1.821,5.463,-33.07,0.0,33.07,292.72,7.87,9.15,-361.42,3,Off,1342.94,915.56
1790024640000000000,2026-09-21T21:04:00Z,synthetic_stepwise_random_bounded,1.874,5.417,-31.47,0.0,31.47,292.7,7.84,8.91,-353.2,2,Off,1325.03,897.81
1790024700000000000,2026-09-21T21:05:00Z,synthetic_stepwise_random_bounded,1.925,5.403,-28.85,0.0,28.85,292.69,7.82,10.37,-278.21,3,Off,1282.36,924.39
1790024760000000000,2026-09-21T21:06:00Z,synthetic_stepwise_random_bounded,1.817,5.417,-26.23,0.0,26.23,292.69,7.81,8.19,-320.27,1,Off,1308.09,932.62
1790024820000000000,2026-09-21T21:07:00Z,synthetic_stepwise_random_bounded,1.839,5.403,-26.64,0.0,26.64,292.67,7.78,8.73,-305.15,3,Off,1290.26,944.18
1790024880000000000,2026-09-21T21:08:00Z,synthetic_stepwise_random_bounded,1.854,5.352,-27.16,0.0,27.16,292.65,7.75,9.23,-294.26,2,Off,1280.61,930.38
1790024940000000000,2026-09-21T21:09:00Z,synthetic_stepwise_random_bounded,1.862,5.334,-26.09,0.0,26.09,292.64,7.74,10.11,-258.06,3,Off,1322.06,906.81
1790025000000000000,2026-09-21T21:10:00Z,synthetic_stepwise_random_bounded,1.876,5.385,-27.49,0.0,27.49,292.63,7.71,10.23,-268.72,1,Off,1367.14,930.17
1790025060000000000,2026-09-21T21:11:00Z,synthetic_stepwise_random_bounded,1.888,5.378,-28.32,0.0,28.32,292.61,7.69,10.14,-279.29,3,Off,1377.45,951.13
1790025120000000000,2026-09-21T21:12:00Z,synthetic_stepwise_random_bounded,1.856,5.323,-26.31,0.0,26.31,292.61,7.69,9.3,-282.9,2,Off,1416.93,944.51
1790025180000000000,2026-09-21T21:13:00Z,synthetic_stepwise_random_bounded,1.932,5.34,-23.88,0.0,23.88,292.6,7.66,9.27,-257.61,2,Off,1401.74,959.61
1790025240000000000,2026-09-21T21:14:00Z,synthetic_stepwise_random_bounded,1.883,5.321,-21.99,0.0,21.99,292.58,7.64,10.03,-219.24,3,Off,1375.12,962.56
1790025300000000000,2026-09-21T21:15:00Z,synthetic_stepwise_random_bounded,1.87,5.283,-21.39,0.0,21.39,292.58,7.63,9.1,-235.05,1,Off,1360.8,962.75
1790025360000000000,2026-09-21T21:16:00Z,synthetic_stepwise_random_bounded,1.88,5.3,-22.23,0.0,22.23,292.57,7.62,9.65,-230.36,3,Off,1372.6,967.72
1790025420000000000,2026-09-21T21:17:00Z,synthetic_stepwise_random_bounded,1.865,5.302,-20.46,0.0,20.46,292.55,7.59,10.03,-203.99,1,Off,1324.82,981.41
1790025480000000000,2026-09-21T21:18:00Z,synthetic_stepwise_random_bounded,1.905,5.311,-20.43,0.0,20.43,292.54,7.57,10.3,-198.35,3,Off,1318.64,971.98
1790025540000000000,2026-09-21T21:19:00Z,synthetic_stepwise_random_bounded,1.896,5.253,-18.79,0.0,18.79,292.52,7.54,10.36,-181.37,1,Off,1298.49,985.07
1790025600000000000,2026-09-21T21:20:00Z,synthetic_stepwise_random_bounded,1.859,5.334,-19.39,0.0,19.39,292.52,7.53,9.2,-210.76,3,Off,1329.66,1000.0
1790025660000000000,2026-09-21T21:21:00Z,synthetic_stepwise_random_bounded,1.809,5.377,-20.33,0.0,20.33,292.5,7.5,8.84,-229.98,2,Off,1326.76,983.25
1790025720000000000,2026-09-21T21:22:00Z,synthetic_stepwise_random_bounded,1.799,5.333,-19.6,0.0,19.6,292.49,7.48,8.33,-235.29,1,Off,1322.87,1000.0
1790025780000000000,2026-09-21T21:23:00Z,synthetic_stepwise_random_bounded,1.774,5.322,-18.81,0.0,18.81,292.48,7.46,8.06,-233.37,1,Off,1326.2,1000.0
1790025840000000000,2026-09-21T21:24:00Z,synthetic_stepwise_random_bounded,1.831,5.34,-20.57,0.0,20.57,292.46,7.43,8.44,-243.72,2,Off,1276.87,989.54
1790025900000000000,2026-09-21T21:25:00Z,synthetic_stepwise_random_bounded,1.803,5.331,-19.77,0.0,19.77,292.45,7.42,9.02,-219.18,1,Off,1238.93,990.73
1790025960000000000,2026-09-21T21:26:00Z,synthetic_stepwise_random_bounded,1.808,5.278,-21.48,0.0,21.48,292.45,7.41,8.27,-259.73,1,Off,1209.28,982.72
1790026020000000000,2026-09-21T21:27:00Z,synthetic_stepwise_random_bounded,1.743,5.261,-19.36,0.0,19.36,292.43,7.38,7.22,-268.14,3,Off,1259.11,974.76
1790026080000000000,2026-09-21T21:28:00Z,synthetic_stepwise_random_bounded,1.714,5.284,-20.96,0.0,20.96,292.42,7.36,7.68,-272.92,2,Off,1276.94,1000.0
1790026140000000000,2026-09-21T21:29:00Z,synthetic_stepwise_random_bounded,1.69,5.308,-21.68,0.0,21.68,292.4,7.33,7.27,-298.21,3,Off,1274.64,985.63
1790026200000000000,2026-09-21T21:30:00Z,synthetic_stepwise_random_bounded,1.706,5.355,-23.71,0.0,23.71,292.39,7.32,7.69,-308.32,1,Off,1270.59,990.82
1790026260000000000,2026-09-21T21:31:00Z,synthetic_stepwise_random_bounded,1.633,5.355,-24.54,0.0,24.54,292.38,7.3,7.67,-319.95,2,Off,1250.12,969.38
1790026320000000000,2026-09-21T21:32:00Z,synthetic_stepwise_random_bounded,1.663,5.256,-23.35,0.0,23.35,292.36,7.27,6.62,-352.72,1,Off,900.53,809.29
1790026380000000000,2026-09-21T21:33:00Z,synthetic_stepwise_random_bounded,1.696,5.251,-22.41,0.0,22.41,292.35,7.25,7.41,-302.43,1,Off,854.86,789.19
1790026440000000000,2026-09-21T21:34:00Z,synthetic_stepwise_random_bounded,1.734,5.349,-20.78,0.0,20.78,292.34,7.24,7.89,-263.37,1,Off,878.95,798.9
1790026500000000000,2026-09-21T21:35:00Z,synthetic_stepwise_random_bounded,1.652,5.294,-22.75,0.0,22.75,292.33,7.22,7.92,-287.25,1,Off,916.03,808.81
1790026560000000000,2026-09-21T21:36:00Z,synthetic_stepwise_random_bounded,1.662,5.344,-20.58,0.0,20.58,292.31,7.19,7.46,-275.87,1,Off,892.11,827.79
1790026620000000000,2026-09-21T21:37:00Z,synthetic_stepwise_random_bounded,1.651,5.349,-22.56,0.0,22.56,292.31,7.19,7.79,-289.6,1,Off,914.88,831.03
1790026680000000000,2026-09-21T21:38:00Z,synthetic_stepwise_random_bounded,1.674,5.343,-23.4,0.0,23.4,292.3,7.16,8.22,-284.67,3,Off,939.15,835.16
1790026740000000000,2026-09-21T21:39:00Z,synthetic_stepwise_random_bounded,1.606,5.281,-22.13,0.0,22.13,292.28,7.13,6.21,-356.36,3,Off,979.57,841.93
1790026800000000000,2026-09-21T21:40:00Z,synthetic_stepwise_random_bounded,1.581,5.256,-20.54,0.0,20.54,292.27,7.12,5.99,-342.9,2,Off,952.73,836.5
1790026860000000000,2026-09-21T21:41:00Z,synthetic_stepwise_random_bounded,1.636,5.276,-22.31,0.0,22.31,292.27,7.11,7.37,-302.71,3,Off,966.52,829.4
1790026920000000000,2026-09-21T21:42:00Z,synthetic_stepwise_random_bounded,1.629,5.196,-22.39,0.0,22.39,292.25,7.09,7.33,-305.46,2,Off,966.87,801.58
1790026980000000000,2026-09-21T21:43:00Z,synthetic_stepwise_random_bounded,1.572,5.17,-22.7,0.0,22.7,292.24,7.06,6.7,-338.81,1,Off,1003.54,799.15
1790027040000000000,2026-09-21T21:44:00Z,synthetic_stepwise_random_bounded,1.587,5.154,-20.44,0.0,20.44,292.22,7.04,6.98,-292.84,1,Off,1051.26,818.14
1790027100000000000,2026-09-21T21:45:00Z,synthetic_stepwise_random_bounded,1.632,5.163,-19.14,0.0,19.14,292.21,7.02,6.41,-298.6,2,Off,1022.73,847.38
1790027160000000000,2026-09-21T21:46:00Z,synthetic_stepwise_random_bounded,1.623,5.201,-19.67,0.0,19.67,292.21,7.01,6.98,-281.81,1,Off,1055.07,854.24
1790027220000000000,2026-09-21T21:47:00Z,synthetic_stepwise_random_bounded,1.573,5.207,-18.29,0.0,18.29,292.19,6.99,6.01,-304.33,3,Off,1088.77,869.89
1790027280000000000,2026-09-21T21:48:00Z,synthetic_stepwise_random_bounded,1.653,5.13,-19.09,0.0,19.09,292.18,6.97,6.72,-284.08,3,Off,1135.71,881.16
1790027340000000000,2026-09-21T21:49:00Z,synthetic_stepwise_random_bounded,1.647,5.062,-17.27,0.0,17.27,292.16,6.93,7.08,-243.93,2,Off,1091.49,892.53
1790027400000000000,2026-09-21T21:50:00Z,synthetic_stepwise_random_bounded,1.725,5.025,-17.5,0.0,17.5,292.14,6.9,7.74,-226.1,3,Off,1104.68,915.74
1790027460000000000,2026-09-21T21:51:00Z,synthetic_stepwise_random_bounded,1.717,5.091,-18.97,0.0,18.97,292.13,6.89,7.85,-241.66,2,Off,1056.08,895.19
1790027520000000000,2026-09-21T21:52:00Z,synthetic_stepwise_random_bounded,1.721,5.059,-18.62,0.0,18.62,292.13,6.89,6.77,-275.04,3,Off,1089.92,910.03
1790027580000000000,2026-09-21T21:53:00Z,synthetic_stepwise_random_bounded,1.621,5.103,-16.84,0.0,16.84,292.11,6.85,6.48,-259.88,2,Off,1136.26,923.3
1790027640000000000,2026-09-21T21:54:00Z,synthetic_stepwise_random_bounded,1.6,5.072,-16.51,0.0,16.51,292.1,6.84,7.11,-232.21,3,Off,1145.68,897.1
1790027700000000000,2026-09-21T21:55:00Z,synthetic_stepwise_random_bounded,1.642,5.113,-15.26,0.0,15.26,292.09,6.82,7.14,-213.73,1,Off,1140.42,887.73
1790027760000000000,2026-09-21T21:56:00Z,synthetic_stepwise_random_bounded,1.618,5.113,-14.84,0.0,14.84,292.08,6.8,7.09,-209.31,1,Off,1144.02,873.54
1790027820000000000,2026-09-21T21:57:00Z,synthetic_stepwise_random_bounded,1.61,5.113,-14.67,0.0,14.67,292.07,6.79,7.06,-207.79,2,Off,1110.61,894.18
1790027880000000000,2026-09-21T21:58:00Z,synthetic_stepwise_random_bounded,1.577,5.132,-13.53,0.0,13.53,292.06,6.76,6.17,-219.29,1,Off,1061.34,884.47
1790027940000000000,2026-09-21T21:59:00Z,synthetic_stepwise_random_bounded,1.591,5.088,-12.73,0.0,12.73,292.04,6.74,6.6,-192.88,3,Off,1033.38,856.46
1790028000000000000,2026-09-21T22:00:00Z,synthetic_stepwise_random_bounded,1.552,5.036,-13.02,0.0,13.02,292.03,6.71,6.35,-205.04,1,Off,1060.6,884.28
1790028060000000000,2026-09-21T22:01:00Z,synthetic_stepwise_random_bounded,1.536,5.147,-11.79,0.0,11.79,292.02,6.7,6.22,-189.55,3,Off,1024.8,879.42
1790028120000000000,2026-09-21T22:02:00Z,synthetic_stepwise_random_bounded,1.578,5.194,-12.41,0.0,12.41,292.01,6.69,6.19,-200.48,2,Off,976.15,903.11
1790028180000000000,2026-09-21T22:03:00Z,synthetic_stepwise_random_bounded,1.609,5.193,-11.48,0.0,11.48,292.0,6.66,7.28,-157.69,1,Off,953.08,912.45
1790028240000000000,2026-09-21T22:04:00Z,synthetic_stepwise_random_bounded,1.59,5.136,-11.7,0.0,11.7,291.99,6.65,6.4,-182.81,3,Off,928.47,927.4
1790028300000000000,2026-09-21T22:05:00Z,synthetic_stepwise_random_bounded,1.558,5.161,-11.66,0.0,11.66,291.98,6.63,6.66,-175.08,1,Off,904.83,925.0
1790028360000000000,2026-09-21T22:06:00Z,synthetic_stepwise_random_bounded,1.602,5.248,-12.02,0.0,12.02,291.96,6.6,6.3,-190.79,1,Off,891.8,911.48
1790028420000000000,2026-09-21T22:07:00Z,synthetic_stepwise_random_bounded,1.63,5.232,-12.67,0.0,12.67,291.95,6.59,6.92,-183.09,3,Off,937.26,935.1
1790028480000000000,2026-09-21T22:08:00Z,synthetic_stepwise_random_bounded,1.624,5.231,-13.25,0.0,13.25,291.94,6.57,6.23,-212.68,2,Off,932.14,932.77
1790028540000000000,2026-09-21T22:09:00Z,synthetic_stepwise_random_bounded,1.557,5.242,-13.35,0.0,13.35,291.93,6.55,5.87,-227.43,1,Off,888.75,912.5
1790028600000000000,2026-09-21T22:10:00Z,synthetic_stepwise_random_bounded,1.606,5.334,-14.09,0.0,14.09,291.92,6.54,6.65,-211.88,3,Off,935.69,891.28
1790028660000000000,2026-09-21T22:11:00Z,synthetic_stepwise_random_bounded,1.558,5.37,-12.77,0.0,12.77,291.91,6.52,6.06,-210.73,1,Off,908.4,911.31
1790028720000000000,2026-09-21T22:12:00Z,synthetic_stepwise_random_bounded,1.523,5.39,-13.29,0.0,13.29,291.9,6.5,5.84,-227.57,3,Off,945.88,902.89
1790028780000000000,2026-09-21T22:13:00Z,synthetic_stepwise_random_bounded,1.482,5.391,-13.7,0.0,13.7,291.89,6.49,6.11,-224.22,3,Off,995.4,881.17
1790028840000000000,2026-09-21T22:14:00Z,synthetic_stepwise_random_bounded,1.482,5.365,-14.42,0.0,14.42,291.88,6.47,6.08,-237.17,1,Off,1147.83,765.38
1790028900000000000,2026-09-21T22:15:00Z,synthetic_stepwise_random_bounded,1.537,5.361,-14.99,0.0,14.99,291.87,6.45,6.79,-220.77,3,Off,1131.7,794.71
1790028960000000000,2026-09-21T22:16:00Z,synthetic_stepwise_random_bounded,1.482,5.349,-15.41,0.0,15.41,291.85,6.42,6.19,-248.95,3,Off,1103.46,784.03
1790029020000000000,2026-09-21T22:17:00Z,synthetic_stepwise_random_bounded,1.506,5.36,-16.37,0.0,16.37,291.83,6.39,5.8,-282.24,2,Off,1106.0,790.42
1790029080000000000,2026-09-21T22:18:00Z,synthetic_stepwise_random_bounded,1.512,5.36,-15.5,0.0,15.5,291.82,6.36,6.36,-243.71,1,Off,689.95,359.2
1790029140000000000,2026-09-21T22:19:00Z,synthetic_stepwise_random_bounded,1.506,5.319,-15.0,0.0,15.0,291.81,6.35,5.51,-272.23,2,Off,722.94,357.04
1790029200000000000,2026-09-21T22:20:00Z,synthetic_stepwise_random_bounded,1.61,5.408,-15.98,0.0,15.98,291.8,6.34,7.1,-225.07,1,Off,765.26,371.97
1790029260000000000,2026-09-21T22:21:00Z,synthetic_stepwise_random_bounded,1.58,5.437,-14.46,0.0,14.46,291.79,6.32,6.26,-230.99,3,Off,722.18,355.9
1790029320000000000,2026-09-21T22:22:00Z,synthetic_stepwise_random_bounded,1.581,5.397,-13.96,0.0,13.96,291.79,6.31,7.05,-198.01,1,Off,679.08,344.45
1790029380000000000,2026-09-21T22:23:00Z,synthetic_stepwise_random_bounded,1.616,5.407,-15.19,0.0,15.19,291.77,6.29,6.93,-219.19,2,Off,637.62,333.53
1790029440000000000,2026-09-21T22:24:00Z,synthetic_stepwise_random_bounded,1.651,5.385,-16.53,0.0,16.53,291.76,6.27,7.09,-233.15,1,Off,651.4,356.28
1790029500000000000,2026-09-21T22:25:00Z,synthetic_stepwise_random_bounded,1.656,5.34,-15.64,0.0,15.64,291.74,6.24,7.48,-209.09,3,Off,664.17,359.83
1790029560000000000,2026-09-21T22:26:00Z,synthetic_stepwise_random_bounded,1.711,5.326,-16.04,0.0,16.04,291.73,6.22,7.46,-215.01,1,Off,675.4,368.02
1790029620000000000,2026-09-21T22:27:00Z,synthetic_stepwise_random_bounded,1.669,5.383,-16.52,0.0,16.52,291.73,6.21,7.39,-223.55,3,Off,634.84,340.51
1790029680000000000,2026-09-21T22:28:00Z,synthetic_stepwise_random_bounded,1.684,5.375,-17.69,0.0,17.69,291.71,6.18,6.87,-257.5,2,Off,940.48,537.86
1790029740000000000,2026-09-21T22:29:00Z,synthetic_stepwise_random_bounded,1.67,5.435,-17.48,0.0,17.48,291.71,6.18,6.87,-254.44,3,Off,912.88,536.9
1790029800000000000,2026-09-21T22:30:00Z,synthetic_stepwise_random_bounded,1.66,5.542,-18.07,0.0,18.07,291.69,6.15,8.11,-222.81,3,Off,944.65,555.87
1790029860000000000,2026-09-21T22:31:00Z,synthetic_stepwise_random_bounded,1.697,5.582,-18.23,0.0,18.23,291.68,6.14,8.6,-211.98,1,Off,904.04,534.53
1790029920000000000,2026-09-21T22:32:00Z,synthetic_stepwise_random_bounded,1.681,5.529,-19.11,0.0,19.11,291.67,6.12,8.06,-237.1,2,Off,953.19,545.54
1790029980000000000,2026-09-21T22:33:00Z,synthetic_stepwise_random_bounded,1.621,5.518,-20.03,0.0,20.03,291.65,6.09,7.1,-282.11,1,Off,909.95,534.89
1790030040000000000,2026-09-21T22:34:00Z,synthetic_stepwise_random_bounded,1.628,5.522,-20.79,0.0,20.79,291.65,6.08,7.21,-288.35,2,Off,949.18,562.6
1790030100000000000,2026-09-21T22:35:00Z,synthetic_stepwise_random_bounded,1.591,5.583,-22.36,0.0,22.36,291.64,6.06,7.12,-314.04,2,Off,922.51,534.71
1790030160000000000,2026-09-21T22:36:00Z,synthetic_stepwise_random_bounded,1.562,5.553,-22.92,0.0,22.92,291.62,6.04,6.12,-374.51,3,Off,913.6,561.5
1790030220000000000,2026-09-21T22:37:00Z,synthetic_stepwise_random_bounded,1.558,5.646,-20.85,0.0,20.85,291.62,6.04,7.05,-295.74,2,Off,944.37,555.76
1790030280000000000,2026-09-21T22:38:00Z,synthetic_stepwise_random_bounded,1.508,5.631,-22.45,0.0,22.45,291.61,6.01,6.95,-323.02,2,Off,932.58,561.54
1790030340000000000,2026-09-21T22:39:00Z,synthetic_stepwise_random_bounded,1.574,5.701,-24.12,0.0,24.12,291.59,5.99,6.51,-370.51,3,Off,905.95,554.57
1790030400000000000,2026-09-21T22:40:00Z,synthetic_stepwise_random_bounded,1.496,5.745,-25.63,0.0,25.63,291.59,5.98,6.76,-379.14,2,Off,945.75,527.69
1790030460000000000,2026-09-21T22:41:00Z,synthetic_stepwise_random_bounded,1.489,5.78,-26.51,0.0,26.51,291.58,5.97,6.51,-407.22,1,Off,981.99,498.39
1790030520000000000,2026-09-21T22:42:00Z,synthetic_stepwise_random_bounded,1.478,5.841,-27.75,0.0,27.75,291.56,5.94,5.89,-471.14,2,Off,1013.56,486.25
1790030580000000000,2026-09-21T22:43:00Z,synthetic_stepwise_random_bounded,1.512,5.823,-28.9,0.0,28.9,291.55,5.92,6.0,-481.67,1,Off,1008.91,504.59
1790030640000000000,2026-09-21T22:44:00Z,synthetic_stepwise_random_bounded,1.539,5.79,-27.89,0.0,27.89,291.55,5.91,7.07,-394.48,2,Off,972.33,504.52
1790030700000000000,2026-09-21T22:45:00Z,synthetic_stepwise_random_bounded,1.527,5.895,-28.8,0.0,28.8,291.53,5.89,6.86,-419.83,2,Off,1007.98,533.71
1790030760000000000,2026-09-21T22:46:00Z,synthetic_stepwise_random_bounded,1.442,5.962,-31.63,0.0,31.63,291.52,5.87,5.9,-536.1,1,Off,1012.26,541.34
1790030820000000000,2026-09-21T22:47:00Z,synthetic_stepwise_random_bounded,1.418,5.96,-31.38,0.0,31.38,291.5,5.84,5.72,-548.6,1,Starting,1000.16,534.93
1790030880000000000,2026-09-21T22:48:00Z,synthetic_stepwise_random_bounded,1.464,5.942,-33.89,0.0,33.89,291.5,5.84,5.97,-567.67,3,Starting,995.01,549.88
1790030940000000000,2026-09-21T22:49:00Z,synthetic_stepwise_random_bounded,1.491,5.961,-34.41,0.0,34.41,291.49,5.82,6.62,-519.79,2,Starting,953.85,558.76
1790031000000000000,2026-09-21T22:50:00Z,synthetic_stepwise_random_bounded,1.497,5.994,-34.05,0.0,34.05,291.49,5.82,7.29,-467.08,2,Starting,963.94,539.23
1790031060000000000,2026-09-21T22:51:00Z,synthetic_stepwise_random_bounded,1.548,6.009,-33.47,0.0,33.47,291.49,5.81,7.19,-465.51,1,Starting,958.36,539.5
1790031120000000000,2026-09-21T22:52:00Z,synthetic_stepwise_random_bounded,1.573,5.987,-34.19,0.0,34.19,291.47,5.78,8.11,-421.58,1,Starting,937.96,532.98
1790031180000000000,2026-09-21T22:53:00Z,synthetic_stepwise_random_bounded,1.621,6.051,-31.42,0.0,31.42,291.46,5.76,7.77,-404.38,1,Starting,925.53,547.33
1790031240000000000,2026-09-21T22:54:00Z,synthetic_stepwise_random_bounded,1.579,6.027,-33.49,0.0,33.49,291.44,5.73,6.97,-480.49,2,Starting,903.58,548.6
1790031300000000000,2026-09-21T22:55:00Z,synthetic_stepwise_random_bounded,1.523,6.037,-32.99,0.0,32.99,291.43,5.72,6.46,-510.68,3,Starting,866.77,557.53
1790031360000000000,2026-09-21T22:56:00Z,synthetic_stepwise_random_bounded,1.536,6.007,-35.34,0.0,35.34,291.41,5.69,6.75,-523.56,1,Starting,880.81,572.73
1790031420000000000,2026-09-21T22:57:00Z,synthetic_stepwise_random_bounded,1.505,6.044,-35.88,0.0,35.88,291.4,5.66,6.85,-523.8,1,Starting,894.59,568.01
1790031480000000000,2026-09-21T22:58:00Z,synthetic_stepwise_random_bounded,1.518,5.992,-34.83,0.0,34.83,291.39,5.65,6.85,-508.47,2,Starting,885.9,594.23
1790031540000000000,2026-09-21T22:59:00Z,synthetic_stepwise_random_bounded,1.554,5.945,-32.52,0.0,32.52,291.38,5.63,7.77,-418.53,3,Starting,933.64,574.94
1790031600000000000,2026-09-21T23:00:00Z,synthetic_stepwise_random_bounded,1.513,5.943,-32.36,0.0,32.36,291.36,5.6,7.42,-436.12,2,Starting,1201.29,490.97
1790031660000000000,2026-09-21T23:01:00Z,synthetic_stepwise_random_bounded,1.511,5.922,-33.41,0.0,33.41,291.35,5.59,7.43,-449.66,3,Starting,1211.95,473.76
1790031720000000000,2026-09-21T23:02:00Z,synthetic_stepwise_random_bounded,1.471,5.938,-36.69,0.0,36.69,291.34,5.56,6.76,-542.75,3,Starting,1222.8,451.92
1790031780000000000,2026-09-21T23:03:00Z,synthetic_stepwise_random_bounded,1.47,5.84,-36.65,0.0,36.65,291.32,5.54,5.81,-630.81,2,Starting,1225.41,449.94
1790031840000000000,2026-09-21T23:04:00Z,synthetic_stepwise_random_bounded,1.525,5.877,-38.42,0.0,38.42,291.31,5.52,7.06,-544.19,1,Starting,1248.79,472.68
1790031900000000000,2026-09-21T23:05:00Z,synthetic_stepwise_random_bounded,1.559,5.875,-37.05,0.0,37.05,291.29,5.49,7.38,-502.03,2,Starting,1277.21,446.37
1790031960000000000,2026-09-21T23:06:00Z,synthetic_stepwise_random_bounded,1.534,6.014,-33.68,0.0,33.68,291.28,5.46,7.1,-474.37,1,Starting,1325.88,450.41
1790032020000000000,2026-09-21T23:07:00Z,synthetic_stepwise_random_bounded,1.536,6.015,-36.94,0.0,36.94,291.26,5.43,6.57,-562.25,2,Starting,1365.96,465.16
1790032080000000000,2026-09-21T23:08:00Z,synthetic_stepwise_random_bounded,1.507,6.116,-37.51,0.0,37.51,291.25,5.41,6.45,-581.55,3,Starting,1329.77,464.62
1790032140000000000,2026-09-21T23:09:00Z,synthetic_stepwise_random_bounded,1.523,6.053,-38.45,0.0,38.45,291.23,5.38,6.4,-600.78,1,Starting,1291.69,480.42
1790032200000000000,2026-09-21T23:10:00Z,synthetic_stepwise_random_bounded,1.482,6.013,-36.33,0.0,36.33,291.22,5.36,6.02,-603.49,2,Starting,1324.53,500.42
1790032260000000000,2026-09-21T23:11:00Z,synthetic_stepwise_random_bounded,1.506,6.045,-37.36,0.0,37.36,291.21,5.35,6.82,-547.8,2,Starting,1307.26,481.84
1790032320000000000,2026-09-21T23:12:00Z,synthetic_stepwise_random_bounded,1.548,6.0,-38.26,0.0,38.26,291.2,5.34,6.91,-553.69,2,Starting,1356.68,483.99
1790032380000000000,2026-09-21T23:13:00Z,synthetic_stepwise_random_bounded,1.621,6.042,-35.05,0.0,35.05,291.19,5.31,7.73,-453.43,2,Starting,1385.15,476.8
1790032440000000000,2026-09-21T23:14:00Z,synthetic_stepwise_random_bounded,1.626,5.985,-37.3,0.0,37.3,291.17,5.29,8.11,-459.93,3,Starting,1362.32,463.06
1790032500000000000,2026-09-21T23:15:00Z,synthetic_stepwise_random_bounded,1.622,5.956,-35.98,0.0,35.98,291.16,5.27,7.91,-454.87,3,Starting,1339.91,491.53
1790032560000000000,2026-09-21T23:16:00Z,synthetic_stepwise_random_bounded,1.601,5.828,-35.26,0.0,35.26,291.14,5.24,6.93,-508.8,3,Starting,1381.98,511.8
1790032620000000000,2026-09-21T23:17:00Z,synthetic_stepwise_random_bounded,1.617,5.824,-36.07,0.0,36.07,291.13,5.22,7.41,-486.77,1,Starting,1423.28,527.69
1790032680000000000,2026-09-21T23:18:00Z,synthetic_stepwise_random_bounded,1.564,5.787,-34.79,0.0,34.79,291.13,5.21,7.01,-496.29,1,Starting,1401.44,540.21
1790032740000000000,2026-09-21T23:19:00Z,synthetic_stepwise_random_bounded,1.625,5.801,-31.71,0.0,31.71,291.11,5.18,6.93,-457.58,1,Starting,1379.71,543.79
1790032800000000000,2026-09-21T23:20:00Z,synthetic_stepwise_random_bounded,1.605,5.655,-34.12,0.0,34.12,291.1,5.17,7.42,-459.84,2,Starting,1358.7,537.46
1790032860000000000,2026-09-21T23:21:00Z,synthetic_stepwise_random_bounded,1.637,5.647,-36.57,0.0,36.57,291.08,5.14,6.9,-530.0,2,Starting,1367.18,522.3
1790032920000000000,2026-09-21T23:22:00Z,synthetic_stepwise_random_bounded,1.638,5.626,-36.43,0.0,36.43,291.08,5.13,6.88,-529.51,2,Starting,1395.64,550.26
1790032980000000000,2026-09-21T23:23:00Z,synthetic_stepwise_random_bounded,1.642,5.662,-33.73,0.0,33.73,291.07,5.12,7.47,-451.54,2,Starting,1385.07,569.95
1790033040000000000,2026-09-21T23:24:00Z,synthetic_stepwise_random_bounded,1.656,5.726,-30.74,0.0,30.74,291.07,5.12,8.47,-362.93,2,Starting,1425.09,561.8
1790033100000000000,2026-09-21T23:25:00Z,synthetic_stepwise_random_bounded,1.662,5.679,-28.96,0.0,28.96,291.05,5.08,8.45,-342.72,2,Starting,1443.04,535.64
1790033160000000000,2026-09-21T23:26:00Z,synthetic_stepwise_random_bounded,1.623,5.753,-30.73,0.0,30.73,291.04,5.07,7.93,-387.52,2,Starting,1452.84,537.34
1790033220000000000,2026-09-21T23:27:00Z,synthetic_stepwise_random_bounded,1.502,5.731,-30.97,0.0,30.97,291.02,5.04,6.34,-488.49,3,Starting,1445.13,558.19
1790033280000000000,2026-09-21T23:28:00Z,synthetic_stepwise_random_bounded,1.506,5.615,-32.18,0.0,32.18,291.02,5.03,6.31,-509.98,1,Starting,1470.68,581.23
1790033340000000000,2026-09-21T23:29:00Z,synthetic_stepwise_random_bounded,1.486,5.591,-34.39,0.0,34.39,291.01,5.01,6.61,-520.27,1,Starting,1492.65,600.63
1790033400000000000,2026-09-21T23:30:00Z,synthetic_stepwise_random_bounded,1.456,5.545,-37.79,0.0,37.79,291.0,5.0,5.47,-690.86,2,Starting,1500.0,598.17
1790033460000000000,2026-09-21T23:31:00Z,synthetic_stepwise_random_bounded,1.467,5.64,-37.38,0.0,37.38,290.98,4.96,6.67,-560.42,1,Starting,1500.0,588.92
1790033520000000000,2026-09-21T23:32:00Z,synthetic_stepwise_random_bounded,1.467,5.639,-35.32,0.0,35.32,290.96,4.94,6.05,-583.8,2,Starting,1500.0,569.0
1790033580000000000,2026-09-21T23:33:00Z,synthetic_stepwise_random_bounded,1.475,5.638,-33.04,0.0,33.04,290.95,4.92,6.43,-513.84,1,Starting,1500.0,548.9
1790033640000000000,2026-09-21T23:34:00Z,synthetic_stepwise_random_bounded,1.513,5.6,-31.27,0.0,31.27,290.95,4.92,6.72,-465.33,2,Starting,1500.0,549.2
1790033700000000000,2026-09-21T23:35:00Z,synthetic_stepwise_random_bounded,1.544,5.552,-33.26,0.0,33.26,290.94,4.9,6.33,-525.43,3,Starting,1500.0,534.41
1790033760000000000,2026-09-21T23:36:00Z,synthetic_stepwise_random_bounded,1.523,5.517,-32.78,0.0,32.78,290.93,4.89,6.34,-517.03,2,Starting,1500.0,562.64
1790033820000000000,2026-09-21T23:37:00Z,synthetic_stepwise_random_bounded,1.507,5.483,-35.8,0.0,35.8,290.92,4.87,5.89,-607.81,3,Starting,1500.0,532.97
1790033880000000000,2026-09-21T23:38:00Z,synthetic_stepwise_random_bounded,1.616,5.478,-33.75,0.0,33.75,290.91,4.85,7.27,-464.24,2,Starting,1500.0,518.53
1790033940000000000,2026-09-21T23:39:00Z,synthetic_stepwise_random_bounded,1.66,5.521,-36.6,0.0,36.6,290.89,4.82,7.11,-514.77,2,Starting,1500.0,545.09
1790034000000000000,2026-09-21T23:40:00Z,synthetic_stepwise_random_bounded,1.648,5.519,-38.33,0.0,38.33,290.89,4.81,7.82,-490.15,2,Starting,1500.0,534.25
1790034060000000000,2026-09-21T23:41:00Z,synthetic_stepwise_random_bounded,1.638,5.535,-38.12,0.0,38.12,290.88,4.8,7.61,-500.92,1,Starting,1500.0,548.78
1790034120000000000,2026-09-21T23:42:00Z,synthetic_stepwise_random_bounded,1.632,5.563,-41.61,0.0,41.61,290.87,4.78,7.37,-564.59,1,Starting,1500.0,523.43
1790034180000000000,2026-09-21T23:43:00Z,synthetic_stepwise_random_bounded,1.626,5.579,-38.19,0.0,38.19,290.86,4.77,7.42,-514.69,1,Starting,1500.0,531.02
1790034240000000000,2026-09-21T23:44:00Z,synthetic_stepwise_random_bounded,1.705,5.64,-34.37,0.0,34.37,290.86,4.76,8.73,-393.7,2,Starting,1500.0,529.0
1790034300000000000,2026-09-21T23:45:00Z,synthetic_stepwise_random_bounded,1.738,5.645,-37.04,0.0,37.04,290.84,4.73,9.0,-411.56,1,Starting,1495.95,537.14
1790034360000000000,2026-09-21T23:46:00Z,synthetic_stepwise_random_bounded,1.754,5.561,-40.62,0.0,40.62,290.83,4.71,7.7,-527.53,3,Starting,522.74,940.82
1790034420000000000,2026-09-21T23:47:00Z,synthetic_stepwise_random_bounded,1.747,5.577,-39.17,0.0,39.17,290.81,4.68,8.7,-450.23,3,Starting,495.5,942.56
1790034480000000000,2026-09-21T23:48:00Z,synthetic_stepwise_random_bounded,1.718,5.605,-38.96,0.0,38.96,290.8,4.66,7.98,-488.22,2,Starting,470.73,933.42
1790034540000000000,2026-09-21T23:49:00Z,synthetic_stepwise_random_bounded,1.721,5.611,-37.98,0.0,37.98,290.78,4.64,7.95,-477.74,3,Starting,504.26,934.91
1790034600000000000,2026-09-21T23:50:00Z,synthetic_stepwise_random_bounded,1.771,5.627,-40.42,0.0,40.42,290.78,4.63,9.01,-448.61,2,Starting,517.49,937.36
1790034660000000000,2026-09-21T23:51:00Z,synthetic_stepwise_random_bounded,1.814,5.686,-43.51,0.0,43.51,290.77,4.62,9.49,-458.48,2,Starting,495.49,948.25
1790034720000000000,2026-09-21T23:52:00Z,synthetic_stepwise_random_bounded,1.787,5.675,-42.14,0.0,42.14,290.76,4.6,8.46,-498.11,3,Starting,452.11,974.61
1790034780000000000,2026-09-21T23:53:00Z,synthetic_stepwise_random_bounded,1.852,5.73,-46.19,0.0,46.19,290.74,4.56,10.17,-454.18,3,Starting,404.59,984.44
1790034840000000000,2026-09-21T23:54:00Z,synthetic_stepwise_random_bounded,1.909,5.695,-49.45,0.0,49.45,290.73,4.55,9.48,-521.62,2,Starting,449.02,963.64
1790034900000000000,2026-09-21T23:55:00Z,synthetic_stepwise_random_bounded,1.814,5.66,-50.2,0.0,50.2,290.71,4.52,8.55,-587.13,2,Starting,459.93,968.41
1790034960000000000,2026-09-21T23:56:00Z,synthetic_stepwise_random_bounded,1.759,5.68,-54.7,0.0,54.7,290.71,4.51,8.62,-634.57,3,Starting,507.47,954.15
1790035020000000000,2026-09-21T23:57:00Z,synthetic_stepwise_random_bounded,1.69,5.718,-55.5,0.0,55.5,290.69,4.48,7.72,-718.91,2,Starting,531.96,935.7
1790035080000000000,2026-09-21T23:58:00Z,synthetic_stepwise_random_bounded,1.596,5.644,-55.06,0.0,55.06,290.68,4.47,7.55,-729.27,2,Starting,562.77,927.51
1790035140000000000,2026-09-21T23:59:00Z,synthetic_stepwise_random_bounded,1.666,5.642,-57.96,0.0,57.96,290.66,4.44,7.81,-742.13,3,Starting,563.51,903.26
