timestamp_ns,timestamp_iso,controller,hs,tp,avg_power,power_in,power_out,battery_pct,sea_state_energy,efficiency,peaks,nextwave,nextwave_error,nextwave_error_2
1790467200000000000,2026-09-27T00:00:00Z,controller 1,0.174,9.767,192.54,229.83,380.96,5.51,0.16,100.0,3,Starting,933.66,512.33
1790467260000000000,2026-09-27T00:01:00Z,controller 1,0.119,9.494,93.73,164.26,596.48,5.49,0.06,100.0,3,Starting,953.17,534.49
1790467320000000000,2026-09-27T00:02:00Z,controller 2,0.194,9.804,145.89,388.07,510.18,5.48,0.19,100.0,1,Starting,944.95,515.54
1790467380000000000,2026-09-27T00:03:00Z,controller 1,0.056,9.442,-20.53,360.51,237.09,5.47,0.01,100.0,3,Starting,906.59,528.31
1790467440000000000,2026-09-27T00:04:00Z,controller 2,0.18,9.178,147.32,208.96,471.5,5.45,0.15,100.0,1,Starting,860.23,536.52
1790467500000000000,2026-09-27T00:05:00Z,free response,0.058,9.911,-22.78,90.93,119.92,5.43,0.02,100.0,3,Starting,845.13,523.37
1790467560000000000,2026-09-27T00:06:00Z,free response,0.05,9.156,28.56,85.99,535.4,5.4,0.01,100.0,3,Starting,844.61,515.51
1790467620000000000,2026-09-27T00:07:00Z,controller 2,0.114,9.216,156.19,325.58,440.66,5.36,0.07,100.0,3,Starting,817.78,540.92
1790467680000000000,2026-09-27T00:08:00Z,controller 2,0.094,9.368,27.11,197.26,446.6,5.34,0.04,100.0,2,Starting,850.87,541.41
1790467740000000000,2026-09-27T00:09:00Z,free response,0.122,9.755,161.41,421.09,245.2,5.33,0.07,100.0,1,Starting,844.73,515.1
1790467800000000000,2026-09-27T00:10:00Z,controller 1,0.155,9.77,46.31,43.66,250.44,5.3,0.11,100.0,3,Starting,885.34,507.53
1790467860000000000,2026-09-27T00:11:00Z,free response,0.117,9.66,-9.46,46.07,515.56,5.29,0.06,100.0,3,Starting,893.8,523.69
1790467920000000000,2026-09-27T00:12:00Z,controller 1,0.166,9.764,119.44,400.05,217.29,5.26,0.14,100.0,3,Starting,532.51,606.82
1790467980000000000,2026-09-27T00:13:00Z,free response,0.2,9.741,70.1,248.42,471.78,5.25,0.2,100.0,3,Starting,576.94,583.23
1790468040000000000,2026-09-27T00:14:00Z,controller 1,0.08,9.55,-11.19,344.71,38.93,5.24,0.03,100.0,3,Starting,584.21,574.54
1790468100000000000,2026-09-27T00:15:00Z,controller 1,0.106,9.257,179.9,434.88,82.6,5.22,0.05,100.0,2,Starting,613.81,580.23
1790468160000000000,2026-09-27T00:16:00Z,free response,0.049,9.296,-17.13,9.5,32.25,5.2,0.01,100.0,3,Starting,620.69,566.36
1790468220000000000,2026-09-27T00:17:00Z,controller 1,0.148,9.691,11.64,59.67,461.52,5.18,0.1,100.0,2,Starting,645.08,554.47
1790468280000000000,2026-09-27T00:18:00Z,controller 2,0.163,9.742,134.54,150.38,82.03,5.16,0.13,100.0,1,Starting,630.46,544.56
1790468340000000000,2026-09-27T00:19:00Z,controller 1,0.123,9.683,-26.3,376.41,170.97,5.15,0.07,100.0,1,Starting,603.45,515.42
1790468400000000000,2026-09-27T00:20:00Z,controller 2,0.152,9.434,0.26,358.85,242.4,5.13,0.11,100.0,1,Starting,629.5,501.12
1790468460000000000,2026-09-27T00:21:00Z,controller 2,0.034,9.768,34.69,104.16,566.94,5.09,0.01,100.0,3,Off,589.31,487.31
1790468520000000000,2026-09-27T00:22:00Z,controller 1,0.051,9.298,-18.56,415.25,503.68,5.08,0.01,100.0,3,Off,546.8,502.67
1790468580000000000,2026-09-27T00:23:00Z,controller 1,0.151,9.603,19.08,60.71,59.85,5.06,0.11,100.0,1,Off,531.62,500.34
1790468640000000000,2026-09-27T00:24:00Z,controller 2,0.109,9.682,125.31,193.46,399.42,5.03,0.06,100.0,1,Off,500.98,519.66
1790468700000000000,2026-09-27T00:25:00Z,controller 2,0.19,9.241,165.05,380.56,241.33,5.02,0.18,100.0,2,Off,540.95,536.18
1790468760000000000,2026-09-27T00:26:00Z,free response,0.181,9.352,124.94,16.84,360.19,5.01,0.15,100.0,2,Off,561.17,510.35
1790468820000000000,2026-09-27T00:27:00Z,free response,0.077,9.337,5.58,289.59,5.04,4.99,0.03,100.0,3,Off,522.82,525.52
1790468880000000000,2026-09-27T00:28:00Z,controller 2,0.13,9.192,-5.5,434.25,136.76,4.97,0.08,100.0,1,Off,526.6,505.37
1790468940000000000,2026-09-27T00:29:00Z,controller 1,0.071,9.271,101.74,127.25,77.85,4.95,0.02,100.0,3,Off,555.11,509.73
1790469000000000000,2026-09-27T00:30:00Z,controller 2,0.904,10.308,0.52,181.94,591.67,4.93,3.88,100.0,1,Off,531.37,484.5
1790469060000000000,2026-09-27T00:31:00Z,controller 1,0.822,10.238,-11.42,262.32,389.51,4.92,3.73,100.0,3,Off,508.75,493.6
1790469120000000000,2026-09-27T00:32:00Z,controller 2,0.853,10.432,134.33,24.42,211.08,4.89,4.0,100.0,3,Off,557.84,467.65
1790469180000000000,2026-09-27T00:33:00Z,free response,0.811,10.777,195.97,269.26,134.01,4.88,3.35,100.0,2,Off,576.86,438.86
1790469240000000000,2026-09-27T00:34:00Z,controller 1,0.874,10.805,82.28,435.38,285.72,4.85,4.1,100.0,1,Off,540.35,415.47
1790469300000000000,2026-09-27T00:35:00Z,controller 2,0.734,10.433,41.09,69.36,233.57,4.83,2.55,100.0,3,Off,516.27,429.88
1790469360000000000,2026-09-27T00:36:00Z,controller 1,0.806,10.599,76.66,307.59,367.5,4.81,3.43,100.0,3,Off,521.32,457.15
1790469420000000000,2026-09-27T00:37:00Z,controller 1,0.736,10.236,146.57,108.37,517.47,4.78,2.53,100.0,2,Off,539.31,473.23
1790469480000000000,2026-09-27T00:38:00Z,controller 1,0.88,10.602,35.26,396.72,52.97,4.76,4.49,100.0,2,Off,532.59,450.48
1790469540000000000,2026-09-27T00:39:00Z,free response,0.775,10.777,172.59,274.83,182.67,4.74,3.29,100.0,2,Off,510.91,470.23
1790469600000000000,2026-09-27T00:40:00Z,controller 1,0.738,10.649,62.66,200.38,327.18,4.73,2.7,100.0,2,Off,475.4,481.0
1790469660000000000,2026-09-27T00:41:00Z,controller 1,0.882,10.888,7.77,59.63,235.99,4.7,4.56,100.0,3,Off,523.82,484.29
1790469720000000000,2026-09-27T00:42:00Z,controller 2,0.849,10.359,53.21,33.86,4.68,4.68,3.82,100.0,1,Off,521.55,493.26
1790469780000000000,2026-09-27T00:43:00Z,controller 2,0.904,10.489,-27.33,134.04,170.3,4.66,4.09,100.0,1,Off,563.93,519.87
1790469840000000000,2026-09-27T00:44:00Z,controller 2,0.875,10.777,196.7,190.18,451.91,4.62,3.91,100.0,1,Off,570.6,522.26
1790469900000000000,2026-09-27T00:45:00Z,controller 1,0.811,10.664,75.71,379.11,180.92,4.61,3.75,100.0,3,Off,525.83,545.79
1790469960000000000,2026-09-27T00:46:00Z,free response,0.815,10.77,75.87,170.3,431.5,4.6,3.87,100.0,2,Off,531.97,553.47
1790470020000000000,2026-09-27T00:47:00Z,controller 2,0.838,10.879,140.29,195.44,474.87,4.59,4.1,100.0,2,Off,523.58,526.09
1790470080000000000,2026-09-27T00:48:00Z,free response,0.803,10.853,187.54,74.3,573.0,4.58,3.72,100.0,1,Off,512.06,548.75
1790470140000000000,2026-09-27T00:49:00Z,free response,0.817,10.973,113.27,417.63,182.11,4.56,3.32,100.0,3,Off,556.25,522.42
1790470200000000000,2026-09-27T00:50:00Z,controller 1,0.892,10.717,61.14,59.22,566.8,4.54,4.32,100.0,1,Off,586.55,532.93
1790470260000000000,2026-09-27T00:51:00Z,free response,0.792,10.714,151.62,424.88,388.43,4.54,3.43,100.0,3,Off,628.19,532.15
1790470320000000000,2026-09-27T00:52:00Z,free response,0.746,10.733,183.82,357.69,115.53,4.52,2.87,100.0,2,Off,946.28,317.29
1790470380000000000,2026-09-27T00:53:00Z,controller 2,0.819,10.638,197.61,428.26,124.91,4.48,3.44,100.0,2,Off,907.35,343.24
1790470440000000000,2026-09-27T00:54:00Z,controller 1,0.775,11.013,86.41,248.02,536.62,4.48,3.05,100.0,3,Off,931.22,339.55
1790470500000000000,2026-09-27T00:55:00Z,controller 2,0.768,10.675,63.7,190.46,580.61,4.45,3.08,100.0,1,Off,950.85,363.88
1790470560000000000,2026-09-27T00:56:00Z,controller 1,0.891,10.748,27.04,411.76,28.62,4.43,4.16,100.0,3,Off,936.34,373.45
1790470620000000000,2026-09-27T00:57:00Z,controller 1,0.744,10.889,32.42,177.19,342.85,4.43,2.8,100.0,1,Off,950.44,397.99
1790470680000000000,2026-09-27T00:58:00Z,controller 2,0.83,10.597,148.75,107.42,466.03,4.4,3.85,100.0,3,Off,923.48,404.84
1790470740000000000,2026-09-27T00:59:00Z,free response,0.747,10.55,59.2,203.4,386.9,4.39,2.69,100.0,3,Off,939.21,399.05
1790470800000000000,2026-09-27T01:00:00Z,controller 2,0.241,1.354,-9.61,134.65,493.54,4.37,0.04,100.0,3,Off,944.12,388.11
1790470860000000000,2026-09-27T01:01:00Z,controller 2,0.367,1.929,149.82,253.19,131.3,4.37,0.14,100.0,2,Off,904.58,360.84
1790470920000000000,2026-09-27T01:02:00Z,controller 2,0.245,1.933,29.83,177.19,499.12,4.35,0.06,100.0,2,Off,1445.3,326.2
1790470980000000000,2026-09-27T01:03:00Z,controller 2,0.218,1.488,114.53,309.24,340.16,4.33,0.03,100.0,1,Off,1444.45,316.36
1790471040000000000,2026-09-27T01:04:00Z,controller 1,0.216,1.649,28.18,157.53,544.79,4.31,0.04,100.0,3,Off,1407.64,331.83
1790471100000000000,2026-09-27T01:05:00Z,controller 1,0.257,1.867,9.23,394.33,52.12,4.28,0.06,100.0,1,Off,1424.19,317.76
1790471160000000000,2026-09-27T01:06:00Z,free response,0.247,1.933,121.64,311.93,436.82,4.25,0.06,100.0,1,Off,1453.96,344.04
1790471220000000000,2026-09-27T01:07:00Z,free response,0.286,1.999,-23.69,342.33,560.02,4.24,0.09,100.0,3,Off,1412.44,322.04
1790471280000000000,2026-09-27T01:08:00Z,free response,0.233,1.395,134.71,196.79,191.14,4.21,0.04,100.0,3,Off,1365.75,309.11
1790471340000000000,2026-09-27T01:09:00Z,controller 1,0.349,1.382,46.97,418.53,443.18,4.2,0.09,100.0,1,Off,1366.54,312.38
1790471400000000000,2026-09-27T01:10:00Z,controller 1,0.263,1.814,152.15,48.13,371.66,4.16,0.07,100.0,2,Off,1402.58,341.67
1790471460000000000,2026-09-27T01:11:00Z,controller 2,0.22,1.823,154.54,391.69,121.87,4.15,0.04,100.0,3,Off,597.78,668.39
1790471520000000000,2026-09-27T01:12:00Z,controller 2,0.241,1.81,131.72,362.14,269.25,4.13,0.05,100.0,2,Off,576.26,671.94
1790471580000000000,2026-09-27T01:13:00Z,controller 2,0.348,1.367,30.54,26.16,44.85,4.1,0.08,100.0,3,Off,554.79,660.31
1790471640000000000,2026-09-27T01:14:00Z,controller 1,0.219,1.763,193.65,286.68,15.09,4.07,0.05,100.0,1,Off,507.34,684.66
1790471700000000000,2026-09-27T01:15:00Z,controller 2,0.234,1.701,83.4,373.01,114.53,4.05,0.04,100.0,2,Off,520.26,655.23
1790471760000000000,2026-09-27T01:16:00Z,controller 2,0.37,1.398,47.74,202.23,408.38,4.05,0.09,100.0,3,Off,538.62,644.01
1790471820000000000,2026-09-27T01:17:00Z,controller 1,0.243,1.965,26.53,141.58,47.6,4.02,0.06,100.0,1,Off,1369.76,875.88
1790471880000000000,2026-09-27T01:18:00Z,controller 2,0.255,1.628,-10.22,35.02,143.26,4.0,0.05,100.0,2,Off,1375.33,903.09
1790471940000000000,2026-09-27T01:19:00Z,controller 1,0.367,1.406,122.97,375.97,398.02,3.98,0.09,100.0,1,Off,1348.24,877.61
1790472000000000000,2026-09-27T01:20:00Z,free response,0.383,1.367,136.27,242.71,493.84,3.97,0.09,100.0,3,Off,1311.83,873.58
1790472060000000000,2026-09-27T01:21:00Z,controller 1,0.252,1.938,140.88,398.31,473.38,3.95,0.06,100.0,2,Off,1315.36,888.42
1790472120000000000,2026-09-27T01:22:00Z,free response,0.282,1.762,57.04,61.5,215.83,3.93,0.07,100.0,1,Off,1269.8,917.9
1790472180000000000,2026-09-27T01:23:00Z,free response,0.353,2.123,139.46,122.61,472.33,3.9,0.12,100.0,3,Off,1249.25,940.07
1790472240000000000,2026-09-27T01:24:00Z,controller 1,0.291,1.92,69.83,86.21,508.87,3.86,0.08,100.0,2,Off,1258.89,957.13
1790472300000000000,2026-09-27T01:25:00Z,free response,0.252,1.825,56.72,89.18,479.63,3.86,0.06,100.0,2,Off,1261.27,945.19
1790472360000000000,2026-09-27T01:26:00Z,controller 2,0.323,1.598,-29.32,198.4,495.43,3.82,0.09,100.0,2,Off,1223.57,971.3
1790472420000000000,2026-09-27T01:27:00Z,controller 2,0.297,1.605,120.7,328.0,393.53,3.8,0.07,100.0,3,Off,1272.13,983.1
1790472480000000000,2026-09-27T01:28:00Z,free response,0.342,1.941,79.13,332.19,22.0,3.77,0.11,100.0,2,Off,1314.59,1000.0
1790472540000000000,2026-09-27T01:29:00Z,controller 1,0.3,2.116,99.55,355.19,163.39,3.73,0.1,100.0,3,Off,1351.04,1000.0
1790472600000000000,2026-09-27T01:30:00Z,controller 2,0.174,8.387,28.58,274.33,214.82,3.71,0.12,100.0,1,Off,1313.91,1000.0
1790472660000000000,2026-09-27T01:31:00Z,controller 2,0.269,8.146,33.08,337.91,557.2,3.68,0.3,100.0,1,Off,1279.66,989.74
1790472720000000000,2026-09-27T01:32:00Z,controller 1,0.231,8.253,126.8,375.37,273.08,3.65,0.2,100.0,1,Off,1266.84,997.76
1790472780000000000,2026-09-27T01:33:00Z,free response,0.216,8.022,15.1,210.53,50.03,3.64,0.19,100.0,2,Off,1266.61,1000.0
1790472840000000000,2026-09-27T01:34:00Z,free response,0.317,8.43,6.24,428.11,141.89,3.63,0.42,100.0,1,Off,1263.54,988.03
1790472900000000000,2026-09-27T01:35:00Z,controller 1,0.311,8.403,-14.62,155.09,412.86,3.6,0.39,100.0,2,Off,1234.29,997.22
1790472960000000000,2026-09-27T01:36:00Z,controller 2,0.285,8.253,140.14,437.53,97.35,3.59,0.32,100.0,2,Off,1187.27,986.1
1790473020000000000,2026-09-27T01:37:00Z,free response,0.271,7.885,152.61,384.04,158.61,3.57,0.28,100.0,2,Off,1169.5,984.9
1790473080000000000,2026-09-27T01:38:00Z,controller 2,0.316,8.205,63.49,80.96,388.51,3.55,0.43,100.0,1,Off,1159.72,991.94
1790473140000000000,2026-09-27T01:39:00Z,controller 2,0.251,7.803,185.73,405.59,492.15,3.52,0.23,100.0,2,Off,1172.8,1000.0
1790473200000000000,2026-09-27T01:40:00Z,free response,0.191,7.949,134.85,345.43,400.18,3.5,0.13,100.0,1,Off,1219.7,999.13
1790473260000000000,2026-09-27T01:41:00Z,controller 2,0.286,7.801,-14.88,245.31,140.82,3.46,0.31,100.0,3,Off,1197.71,990.64
1790473320000000000,2026-09-27T01:42:00Z,controller 2,0.149,7.946,95.38,17.13,97.96,3.46,0.09,100.0,2,Off,1214.46,1000.0
1790473380000000000,2026-09-27T01:43:00Z,free response,0.246,8.286,72.6,130.95,116.68,3.43,0.25,100.0,1,Off,1226.89,1000.0
1790473440000000000,2026-09-27T01:44:00Z,free response,0.176,8.049,100.45,176.39,34.97,3.4,0.12,100.0,2,Off,637.27,362.49
1790473500000000000,2026-09-27T01:45:00Z,free response,0.288,7.948,184.2,403.07,244.77,3.37,0.33,100.0,2,Off,633.2,386.46
1790473560000000000,2026-09-27T01:46:00Z,controller 1,0.235,8.083,-3.96,148.51,350.37,3.33,0.21,100.0,1,Off,652.99,372.25
1790473620000000000,2026-09-27T01:47:00Z,controller 1,0.231,8.117,140.36,314.29,551.34,3.33,0.23,100.0,3,Off,701.9,370.76
1790473680000000000,2026-09-27T01:48:00Z,controller 1,0.158,7.785,67.98,90.25,559.56,3.31,0.1,100.0,2,Off,734.91,372.21
1790473740000000000,2026-09-27T01:49:00Z,controller 1,0.214,8.269,64.7,145.83,271.72,3.29,0.18,100.0,1,Off,715.3,385.92
1790473800000000000,2026-09-27T01:50:00Z,controller 1,0.191,8.102,181.74,128.79,247.78,3.27,0.16,100.0,2,Off,699.59,362.44
1790473860000000000,2026-09-27T01:51:00Z,free response,0.305,7.721,16.46,169.13,436.74,3.25,0.38,100.0,2,Off,653.46,339.54
1790473920000000000,2026-09-27T01:52:00Z,free response,0.167,8.439,11.42,27.03,480.67,3.23,0.12,100.0,2,Off,648.43,369.25
1790473980000000000,2026-09-27T01:53:00Z,controller 1,0.279,8.18,127.01,428.88,540.76,3.22,0.35,100.0,3,Off,671.04,383.83
1790474040000000000,2026-09-27T01:54:00Z,controller 1,0.148,8.336,95.91,423.27,51.99,3.22,0.09,100.0,3,Off,695.72,400.69
1790474100000000000,2026-09-27T01:55:00Z,controller 2,0.264,7.9,113.38,200.34,408.27,3.2,0.27,100.0,1,Off,739.62,412.07
1790474160000000000,2026-09-27T01:56:00Z,controller 1,0.275,8.095,141.05,173.9,539.01,3.19,0.33,100.0,2,Off,743.01,395.45
1790474220000000000,2026-09-27T01:57:00Z,controller 2,0.208,7.7,84.56,41.76,229.56,3.16,0.15,100.0,2,Off,786.4,408.44
1790474280000000000,2026-09-27T01:58:00Z,free response,0.167,7.784,115.35,409.6,71.2,3.15,0.1,100.0,1,Off,797.16,433.07
1790474340000000000,2026-09-27T01:59:00Z,controller 2,0.266,8.014,122.34,243.61,326.91,3.12,0.28,100.0,2,Off,824.91,457.99
1790474400000000000,2026-09-27T02:00:00Z,free response,2.263,3.928,135.09,66.16,522.17,3.09,10.41,100.0,1,Off,786.67,462.22
1790474460000000000,2026-09-27T02:01:00Z,free response,2.334,4.475,162.08,241.13,275.08,3.06,13.29,100.0,2,Off,755.89,449.01
1790474520000000000,2026-09-27T02:02:00Z,controller 1,2.277,3.821,82.03,194.16,111.74,3.04,10.68,100.0,1,Off,775.35,462.52
1790474580000000000,2026-09-27T02:03:00Z,free response,2.235,3.9,5.41,65.47,508.17,3.01,10.69,100.0,3,Off,796.14,483.13
1790474640000000000,2026-09-27T02:04:00Z,free response,2.316,3.84,13.93,65.59,374.98,2.98,11.19,100.0,1,Off,746.27,504.53
1790474700000000000,2026-09-27T02:05:00Z,free response,2.17,3.8,53.57,423.25,342.73,2.98,9.44,100.0,2,Off,787.86,480.18
1790474760000000000,2026-09-27T02:06:00Z,controller 2,2.266,4.209,44.11,367.86,220.26,2.96,10.61,100.0,2,Off,823.59,499.92
1790474820000000000,2026-09-27T02:07:00Z,free response,2.268,3.951,141.71,349.92,403.81,2.94,9.39,100.0,2,Off,835.44,473.56
1790474880000000000,2026-09-27T02:08:00Z,free response,2.21,4.123,155.76,395.8,138.96,2.92,9.94,100.0,3,Off,857.23,478.26
1790474940000000000,2026-09-27T02:09:00Z,controller 2,2.191,4.512,37.03,394.37,541.55,2.9,10.55,100.0,2,Off,830.48,455.8
1790475000000000000,2026-09-27T02:10:00Z,controller 1,2.249,4.325,114.68,31.38,440.62,2.86,10.9,100.0,2,Off,845.67,471.47
1790475060000000000,2026-09-27T02:11:00Z,controller 1,2.293,4.316,63.88,74.67,118.15,2.84,10.56,100.0,3,Off,828.61,459.7
1790475120000000000,2026-09-27T02:12:00Z,controller 2,2.205,3.884,37.81,41.43,438.05,2.82,8.93,100.0,3,Off,794.73,458.49
1790475180000000000,2026-09-27T02:13:00Z,controller 2,2.331,4.047,26.93,318.33,290.54,2.81,10.23,100.0,1,Off,755.83,486.51
1790475240000000000,2026-09-27T02:14:00Z,controller 1,2.196,3.896,-13.64,42.96,88.82,2.81,8.75,100.0,2,Off,778.72,460.7
1790475300000000000,2026-09-27T02:15:00Z,controller 1,2.305,3.77,-8.83,256.2,140.6,2.8,9.19,100.0,1,Off,735.69,457.66
1790475360000000000,2026-09-27T02:16:00Z,controller 1,2.164,4.408,81.15,304.2,446.07,2.77,10.2,100.0,2,Off,712.48,452.05
1790475420000000000,2026-09-27T02:17:00Z,controller 2,2.244,3.851,140.76,157.1,318.68,2.74,9.23,100.0,1,Off,670.64,472.99
1790475480000000000,2026-09-27T02:18:00Z,free response,2.333,4.377,150.33,26.45,538.71,2.72,11.65,100.0,3,Off,630.29,443.59
1790475540000000000,2026-09-27T02:19:00Z,controller 1,2.256,4.106,112.81,42.56,337.93,2.7,9.74,100.0,3,Off,583.67,448.81
1790475600000000000,2026-09-27T02:20:00Z,controller 1,2.269,4.047,173.45,377.89,331.16,2.67,9.81,100.0,2,Off,561.21,429.99
1790475660000000000,2026-09-27T02:21:00Z,controller 2,2.167,4.476,100.46,335.11,304.74,2.66,11.42,100.0,3,Off,566.45,429.58
1790475720000000000,2026-09-27T02:22:00Z,free response,2.216,4.143,128.06,223.09,575.41,2.63,10.72,100.0,3,Off,577.76,439.43
1790475780000000000,2026-09-27T02:23:00Z,controller 1,2.295,3.978,112.86,208.89,332.09,2.61,10.52,100.0,3,Off,532.43,424.76
1790475840000000000,2026-09-27T02:24:00Z,controller 2,2.191,4.097,53.52,304.71,129.51,2.57,9.71,100.0,3,Off,486.45,435.87
1790475900000000000,2026-09-27T02:25:00Z,free response,2.192,4.449,150.48,214.27,402.36,2.56,10.38,100.0,3,Off,498.46,432.85
1790475960000000000,2026-09-27T02:26:00Z,free response,2.27,3.816,-11.08,437.63,297.23,2.54,10.05,100.0,2,Off,538.88,438.43
1790476020000000000,2026-09-27T02:27:00Z,free response,2.216,4.213,-16.25,52.15,21.22,2.51,9.49,100.0,3,Off,503.16,448.86
1790476080000000000,2026-09-27T02:28:00Z,free response,2.243,4.109,40.02,213.99,136.6,2.48,10.21,100.0,1,Off,486.21,452.42
1790476140000000000,2026-09-27T02:29:00Z,controller 2,2.245,4.465,142.6,66.9,462.82,2.47,11.07,100.0,1,Off,475.13,445.11
1790476200000000000,2026-09-27T02:30:00Z,free response,1.858,11.058,119.18,223.22,527.13,2.46,20.64,100.0,2,Off,477.5,448.55
1790476260000000000,2026-09-27T02:31:00Z,free response,1.925,11.209,119.21,328.47,103.22,2.44,18.8,100.0,3,Off,855.15,578.49
1790476320000000000,2026-09-27T02:32:00Z,free response,1.858,11.223,51.25,38.55,404.01,2.43,18.78,100.0,3,Off,835.1,596.14
1790476380000000000,2026-09-27T02:33:00Z,free response,1.921,11.425,157.95,231.31,410.28,2.4,21.65,100.0,2,Off,871.72,575.84
1790476440000000000,2026-09-27T02:34:00Z,controller 1,1.906,11.278,188.05,136.16,594.34,2.38,22.17,100.0,2,Off,884.34,568.94
1790476500000000000,2026-09-27T02:35:00Z,free response,1.853,11.564,96.49,281.51,222.23,2.37,19.02,100.0,1,Off,846.08,574.62
1790476560000000000,2026-09-27T02:36:00Z,free response,1.753,10.922,103.5,71.75,547.4,2.34,16.08,100.0,2,Off,823.83,554.02
1790476620000000000,2026-09-27T02:37:00Z,controller 2,1.886,11.322,8.93,98.5,181.23,2.33,18.91,100.0,3,Off,808.09,542.16
1790476680000000000,2026-09-27T02:38:00Z,free response,1.781,10.954,101.84,189.72,493.7,2.3,16.29,100.0,3,Off,774.35,560.69
1790476740000000000,2026-09-27T02:39:00Z,controller 2,1.786,10.862,-28.6,80.22,304.09,2.29,18.56,100.0,3,Off,785.73,580.55
1790476800000000000,2026-09-27T02:40:00Z,free response,1.855,11.092,-14.16,4.04,199.56,2.29,20.03,100.0,3,Off,782.96,593.65
1790476860000000000,2026-09-27T02:41:00Z,controller 2,1.822,11.424,52.51,268.2,42.93,2.28,20.57,100.0,1,Off,750.49,605.74
1790476920000000000,2026-09-27T02:42:00Z,controller 2,1.869,11.263,8.44,3.07,58.73,2.26,20.2,100.0,1,Off,775.22,620.08
1790476980000000000,2026-09-27T02:43:00Z,controller 2,1.757,11.597,49.17,367.56,359.3,2.23,19.04,100.0,2,Off,748.32,602.51
1790477040000000000,2026-09-27T02:44:00Z,free response,1.926,11.097,79.98,286.13,378.41,2.2,22.44,100.0,2,Off,709.53,616.22
1790477100000000000,2026-09-27T02:45:00Z,controller 2,1.871,10.979,120.91,301.67,540.7,2.19,19.32,100.0,1,Off,673.38,642.27
1790477160000000000,2026-09-27T02:46:00Z,free response,1.861,11.237,32.56,21.72,451.26,2.16,17.64,100.0,1,Off,672.89,669.81
1790477220000000000,2026-09-27T02:47:00Z,free response,1.798,11.439,175.95,249.4,373.87,2.14,17.58,100.0,1,Off,643.38,694.57
1790477280000000000,2026-09-27T02:48:00Z,controller 2,1.751,11.557,97.77,225.47,20.96,2.12,18.87,100.0,1,Off,657.56,700.27
1790477340000000000,2026-09-27T02:49:00Z,controller 2,1.865,11.124,-13.43,3.34,577.0,2.11,17.87,100.0,3,Off,630.13,682.28
1790477400000000000,2026-09-27T02:50:00Z,controller 1,1.9,11.56,-20.41,119.61,585.69,2.09,19.47,100.0,3,Off,601.84,706.02
1790477460000000000,2026-09-27T02:51:00Z,controller 2,1.854,11.225,35.86,252.21,392.0,2.06,17.48,100.0,2,Off,603.24,713.52
1790477520000000000,2026-09-27T02:52:00Z,free response,1.786,10.887,-27.78,416.75,315.34,2.04,18.02,100.0,3,Off,608.83,733.26
1790477580000000000,2026-09-27T02:53:00Z,controller 2,1.916,10.848,65.07,251.7,147.49,2.01,18.0,100.0,2,Off,591.36,741.65
1790477640000000000,2026-09-27T02:54:00Z,controller 1,1.916,10.849,58.59,113.7,408.62,2.01,18.46,100.0,2,Off,589.61,761.97
1790477700000000000,2026-09-27T02:55:00Z,controller 2,1.831,11.115,70.83,280.69,150.99,2.0,19.34,100.0,3,Off,570.79,783.61
1790477760000000000,2026-09-27T02:56:00Z,controller 1,1.852,10.947,37.57,292.64,165.33,1.97,20.37,100.0,1,Off,599.52,765.21
1790477820000000000,2026-09-27T02:57:00Z,controller 1,1.841,11.492,135.77,164.74,524.32,1.96,19.66,100.0,3,Off,613.76,794.73
1790477880000000000,2026-09-27T02:58:00Z,free response,1.831,11.038,-10.12,239.14,410.35,1.95,19.26,100.0,3,Off,656.87,797.89
1790477940000000000,2026-09-27T02:59:00Z,free response,1.767,11.342,147.86,438.92,544.63,1.93,17.29,100.0,3,Off,610.74,800.75
1790478000000000000,2026-09-27T03:00:00Z,free response,2.662,12.408,-2.83,412.33,538.7,1.92,43.37,100.0,3,Off,634.05,787.03
1790478060000000000,2026-09-27T03:01:00Z,controller 2,2.743,12.1,19.68,269.95,533.21,1.91,46.6,100.0,2,Off,680.81,788.54
1790478120000000000,2026-09-27T03:02:00Z,controller 1,2.781,12.661,-4.44,211.68,598.24,1.88,52.04,100.0,2,Off,637.91,780.0
1790478180000000000,2026-09-27T03:03:00Z,controller 2,2.656,12.805,141.3,143.57,293.97,1.86,48.28,100.0,2,Off,597.88,801.97
1790478240000000000,2026-09-27T03:04:00Z,controller 2,2.744,12.258,183.07,360.66,63.37,1.84,50.71,100.0,2,Off,605.06,773.09
1790478300000000000,2026-09-27T03:05:00Z,free response,2.73,12.169,172.62,283.38,250.02,1.83,47.17,100.0,1,Off,608.11,763.43
1790478360000000000,2026-09-27T03:06:00Z,controller 1,2.707,12.224,151.51,314.36,448.28,1.82,45.44,100.0,2,Off,559.85,778.71
1790478420000000000,2026-09-27T03:07:00Z,controller 2,2.828,12.037,95.15,236.82,159.28,1.79,48.94,100.0,3,Off,532.75,808.42
1790478480000000000,2026-09-27T03:08:00Z,free response,2.777,12.523,188.22,445.61,105.9,1.77,50.74,100.0,1,Off,1258.11,809.56
1790478540000000000,2026-09-27T03:09:00Z,controller 2,2.672,12.638,189.36,234.6,215.01,1.74,48.79,100.0,2,Off,1226.86,813.91
1790478600000000000,2026-09-27T03:10:00Z,free response,2.798,12.531,96.12,423.99,136.5,1.72,51.17,100.0,1,Off,1171.45,968.14
1790478660000000000,2026-09-27T03:11:00Z,controller 1,2.815,12.081,4.64,258.12,172.61,1.71,45.37,100.0,1,Off,1252.9,843.78
1790478720000000000,2026-09-27T03:12:00Z,free response,2.718,12.374,77.13,446.1,233.33,1.7,49.24,100.0,3,Off,1301.3,864.02
1790478780000000000,2026-09-27T03:13:00Z,controller 2,2.821,12.155,77.16,373.55,338.91,1.69,50.01,100.0,1,Off,1328.14,883.61
1790478840000000000,2026-09-27T03:14:00Z,free response,2.673,12.595,-17.95,338.66,105.03,1.66,49.42,100.0,2,Off,1368.39,905.56
1790478900000000000,2026-09-27T03:15:00Z,free response,2.791,12.059,122.95,324.9,265.76,1.66,42.91,100.0,2,Off,1374.81,896.03
1790478960000000000,2026-09-27T03:16:00Z,controller 1,2.716,12.469,-27.77,326.26,41.16,1.63,50.44,81.6,3,Off,1407.81,900.3
1790479020000000000,2026-09-27T03:17:00Z,controller 2,2.79,12.519,167.45,324.2,32.67,1.62,44.49,73.43,3,Off,1371.18,879.01
1790479080000000000,2026-09-27T03:18:00Z,controller 1,2.807,12.465,-22.05,253.6,542.38,1.59,44.81,100.0,2,Off,1337.25,875.36
1790479140000000000,2026-09-27T03:19:00Z,controller 2,2.781,12.275,-28.53,217.79,211.11,1.58,52.13,100.0,1,Off,1369.56,859.95
1790479200000000000,2026-09-27T03:20:00Z,controller 1,2.745,12.721,-7.21,131.41,309.78,1.56,49.96,100.0,1,Off,1373.17,867.53
1790479260000000000,2026-09-27T03:21:00Z,free response,2.66,12.358,112.61,234.81,292.6,1.55,45.36,100.0,1,Starting,1376.4,854.27
1790479320000000000,2026-09-27T03:22:00Z,controller 1,2.732,12.644,123.84,63.39,597.27,1.53,47.62,100.0,2,Starting,1341.88,830.95
1790479380000000000,2026-09-27T03:23:00Z,free response,2.706,12.551,6.74,129.0,108.98,1.5,43.56,100.0,3,Starting,1332.94,846.82
1790479440000000000,2026-09-27T03:24:00Z,controller 2,2.789,12.265,13.96,17.57,379.15,1.47,51.98,100.0,1,Starting,1288.09,844.69
1790479500000000000,2026-09-27T03:25:00Z,controller 2,2.694,12.307,-2.24,229.5,262.03,1.45,43.25,100.0,3,Starting,1327.43,849.1
1790479560000000000,2026-09-27T03:26:00Z,controller 1,2.769,12.426,-4.48,299.2,110.87,1.43,43.63,100.0,3,Starting,972.37,887.89
1790479620000000000,2026-09-27T03:27:00Z,free response,2.763,12.313,64.01,260.71,74.19,1.42,43.8,100.0,3,Starting,984.55,884.97
1790479680000000000,2026-09-27T03:28:00Z,free response,2.734,12.062,95.46,305.51,433.39,1.41,41.65,100.0,2,Starting,951.55,904.47
1790479740000000000,2026-09-27T03:29:00Z,controller 2,2.78,12.587,191.59,118.63,161.26,1.41,46.89,100.0,2,Starting,921.37,881.56
1790479800000000000,2026-09-27T03:30:00Z,controller 2,1.541,12.632,-1.06,186.8,296.7,1.39,15.3,100.0,1,Starting,942.72,877.35
1790479860000000000,2026-09-27T03:31:00Z,free response,1.526,11.982,15.65,218.2,490.13,1.36,13.43,100.0,3,Starting,1321.07,484.49
1790479920000000000,2026-09-27T03:32:00Z,free response,1.675,12.569,16.98,98.75,264.1,1.34,18.57,100.0,2,Starting,1318.01,492.42
1790479980000000000,2026-09-27T03:33:00Z,controller 2,1.549,12.736,187.32,344.6,10.88,1.31,16.25,66.95,2,Starting,1325.77,500.59
1790480040000000000,2026-09-27T03:34:00Z,free response,1.585,12.011,151.18,402.4,576.41,1.29,14.18,100.0,3,Starting,607.7,344.89
1790480100000000000,2026-09-27T03:35:00Z,controller 2,1.555,12.43,-4.89,110.34,539.32,1.28,14.83,100.0,3,Starting,650.86,346.95
1790480160000000000,2026-09-27T03:36:00Z,controller 1,1.645,12.711,34.51,339.95,498.1,1.26,15.88,100.0,3,Starting,636.84,372.6
1790480220000000000,2026-09-27T03:37:00Z,free response,1.685,12.187,173.47,115.47,122.65,1.23,15.7,100.0,2,Starting,637.55,372.5
1790480280000000000,2026-09-27T03:38:00Z,free response,1.566,12.303,121.2,45.49,332.15,1.2,15.71,100.0,2,Starting,655.1,376.24
1790480340000000000,2026-09-27T03:39:00Z,controller 1,1.584,12.383,117.23,237.98,82.26,1.17,16.38,100.0,1,Starting,643.53,383.73
1790480400000000000,2026-09-27T03:40:00Z,controller 2,1.668,12.352,7.84,183.39,152.49,1.16,18.1,100.0,2,Starting,644.23,398.6
1790480460000000000,2026-09-27T03:41:00Z,controller 2,1.626,12.7,90.65,207.82,205.25,1.15,16.66,100.0,1,Starting,624.79,396.19
1790480520000000000,2026-09-27T03:42:00Z,controller 2,1.595,12.134,-28.07,324.92,569.8,1.13,16.98,100.0,3,Starting,709.9,691.1
1790480580000000000,2026-09-27T03:43:00Z,controller 1,1.704,12.541,-3.67,40.08,115.63,1.1,17.59,100.0,2,Starting,759.1,668.27
1790480640000000000,2026-09-27T03:44:00Z,free response,1.569,12.16,182.57,9.9,333.02,1.08,15.93,100.0,2,Starting,780.07,643.17
1790480700000000000,2026-09-27T03:45:00Z,free response,1.695,12.731,169.68,39.52,182.87,1.07,17.35,100.0,1,Starting,803.06,631.13
1790480760000000000,2026-09-27T03:46:00Z,controller 1,1.634,12.004,177.01,16.73,420.41,1.04,15.7,100.0,2,Starting,814.52,651.7
1790480820000000000,2026-09-27T03:47:00Z,free response,1.669,12.235,94.74,439.77,422.76,1.03,16.86,100.0,1,Starting,828.01,658.11
1790480880000000000,2026-09-27T03:48:00Z,controller 1,1.549,12.676,183.91,417.61,19.4,1.0,15.27,100.0,3,Starting,867.69,653.28
1790480940000000000,2026-09-27T03:49:00Z,controller 1,1.648,11.994,25.3,110.18,379.58,0.99,16.12,100.0,2,Starting,886.43,633.33
1790481000000000000,2026-09-27T03:50:00Z,controller 2,1.676,12.335,-0.2,120.25,423.44,0.98,18.61,100.0,1,Starting,915.29,655.03
1790481060000000000,2026-09-27T03:51:00Z,controller 1,1.686,12.421,191.65,402.5,275.31,0.96,18.59,100.0,2,Starting,871.31,642.53
1790481120000000000,2026-09-27T03:52:00Z,controller 2,1.535,12.026,193.66,152.71,122.98,0.93,12.86,100.0,2,Starting,848.31,668.7
1790481180000000000,2026-09-27T03:53:00Z,controller 2,1.605,12.312,44.51,421.43,68.7,0.9,14.34,100.0,3,Starting,846.01,673.11
1790481240000000000,2026-09-27T03:54:00Z,free response,1.683,12.011,87.35,350.91,408.53,0.88,16.63,100.0,2,Starting,824.73,694.59
1790481300000000000,2026-09-27T03:55:00Z,controller 2,1.628,12.444,108.79,329.87,210.94,0.86,15.68,100.0,2,Starting,800.11,708.42
1790481360000000000,2026-09-27T03:56:00Z,controller 2,1.572,12.564,93.99,230.79,61.8,0.85,15.78,100.0,1,Starting,779.65,731.4
1790481420000000000,2026-09-27T03:57:00Z,controller 2,1.637,12.699,-1.49,277.01,57.68,0.81,15.94,100.0,1,Starting,1129.74,629.74
1790481480000000000,2026-09-27T03:58:00Z,controller 1,1.606,12.478,141.46,180.11,326.5,0.79,14.83,100.0,1,Starting,1084.18,656.49
1790481540000000000,2026-09-27T03:59:00Z,controller 1,1.63,12.744,158.38,39.16,248.22,0.78,16.28,100.0,1,Starting,1082.31,668.36
1790481600000000000,2026-09-27T04:00:00Z,controller 2,1.595,5.512,27.82,257.37,153.26,0.74,7.14,100.0,1,Starting,1079.3,666.47
1790481660000000000,2026-09-27T04:01:00Z,controller 1,1.623,5.907,9.63,105.37,438.32,0.73,8.04,100.0,1,Starting,1119.15,655.35
1790481720000000000,2026-09-27T04:02:00Z,controller 1,1.682,5.738,75.29,405.75,511.08,0.73,8.11,100.0,3,Starting,1083.42,664.84
1790481780000000000,2026-09-27T04:03:00Z,controller 1,1.646,5.817,-28.36,36.42,178.9,0.72,7.51,100.0,2,Starting,1047.91,640.77
1790481840000000000,2026-09-27T04:04:00Z,controller 2,1.701,6.066,182.14,404.38,550.89,0.71,8.35,100.0,1,Starting,1088.63,668.79
1790481900000000000,2026-09-27T04:05:00Z,free response,1.617,5.751,4.3,209.44,238.41,0.68,7.57,100.0,2,Starting,1094.61,646.02
1790481960000000000,2026-09-27T04:06:00Z,controller 1,1.653,5.96,45.39,18.61,431.81,0.68,8.07,100.0,3,Starting,1115.57,630.09
1790482020000000000,2026-09-27T04:07:00Z,controller 1,1.684,5.715,174.67,383.47,203.29,0.66,7.82,100.0,2,Starting,1133.22,624.07
1790482080000000000,2026-09-27T04:08:00Z,free response,1.646,6.102,117.31,208.66,124.55,0.65,8.5,100.0,2,Starting,1169.58,644.9
1790482140000000000,2026-09-27T04:09:00Z,controller 1,1.587,6.042,7.78,219.48,543.83,0.63,7.07,100.0,1,Starting,1177.15,628.44
1790482200000000000,2026-09-27T04:10:00Z,controller 1,1.594,6.129,121.83,39.86,308.28,0.61,7.01,100.0,3,Starting,1162.15,607.1
1790482260000000000,2026-09-27T04:11:00Z,controller 1,1.713,5.387,-28.08,194.52,272.96,0.58,7.47,100.0,1,Starting,1203.05,632.6
1790482320000000000,2026-09-27T04:12:00Z,free response,1.636,5.502,60.66,277.77,318.18,0.56,7.81,100.0,3,Starting,1171.14,642.29
1790482380000000000,2026-09-27T04:13:00Z,controller 1,1.622,5.727,99.68,25.52,277.56,0.54,7.56,100.0,3,Starting,1152.01,657.76
1790482440000000000,2026-09-27T04:14:00Z,controller 1,1.649,5.394,191.29,319.2,415.81,0.52,7.66,100.0,2,Starting,1153.39,647.91
1790482500000000000,2026-09-27T04:15:00Z,free response,1.62,5.809,197.48,207.34,578.33,0.5,8.36,100.0,3,Starting,1143.52,652.03
1790482560000000000,2026-09-27T04:16:00Z,controller 1,1.745,5.56,155.32,372.96,195.53,0.49,8.92,100.0,2,Starting,1120.56,649.28
1790482620000000000,2026-09-27T04:17:00Z,controller 1,1.602,5.461,171.5,311.53,26.46,0.47,6.85,100.0,2,Starting,1153.23,636.1
1790482680000000000,2026-09-27T04:18:00Z,controller 1,1.607,6.098,0.75,36.6,255.62,0.46,8.36,100.0,2,Starting,1130.82,628.75
1790482740000000000,2026-09-27T04:19:00Z,controller 2,1.69,6.136,30.04,279.36,521.68,0.45,9.07,100.0,1,Starting,1159.32,651.25
1790482800000000000,2026-09-27T04:20:00Z,free response,1.69,5.679,167.94,30.02,0.94,0.44,7.53,12.48,1,Starting,1116.4,646.45
1790482860000000000,2026-09-27T04:21:00Z,controller 2,1.714,5.974,157.91,381.56,489.82,0.43,8.01,100.0,3,Starting,1068.13,644.86
1790482920000000000,2026-09-27T04:22:00Z,free response,1.654,5.96,56.82,168.16,273.78,0.41,7.64,100.0,1,Starting,566.61,535.43
1790482980000000000,2026-09-27T04:23:00Z,controller 2,1.578,5.597,16.2,275.69,366.44,0.39,7.45,100.0,2,Starting,616.39,526.4
1790483040000000000,2026-09-27T04:24:00Z,controller 1,1.673,5.671,138.55,105.07,522.36,0.37,7.19,100.0,3,Starting,654.12,553.66
1790483100000000000,2026-09-27T04:25:00Z,controller 2,1.618,5.944,65.46,316.12,338.9,0.36,7.17,100.0,1,Starting,626.72,537.04
1790483160000000000,2026-09-27T04:26:00Z,free response,1.643,5.751,53.4,415.57,526.15,0.35,7.3,100.0,1,Starting,638.02,545.32
1790483220000000000,2026-09-27T04:27:00Z,controller 1,1.614,6.068,41.5,152.21,592.47,0.33,8.0,100.0,2,Starting,650.75,547.65
1790483280000000000,2026-09-27T04:28:00Z,controller 1,1.714,6.112,153.91,381.52,389.76,0.32,9.5,100.0,1,Starting,670.05,527.71
1790483340000000000,2026-09-27T04:29:00Z,controller 2,1.665,5.532,74.76,326.44,118.05,0.3,8.29,100.0,3,Starting,641.98,511.75
1790483400000000000,2026-09-27T04:30:00Z,controller 2,1.868,12.437,161.5,20.29,153.07,0.28,22.85,100.0,3,Starting,653.88,490.92
1790483460000000000,2026-09-27T04:31:00Z,controller 1,1.84,12.228,43.76,177.55,261.73,0.25,18.93,100.0,1,Starting,608.55,512.11
1790483520000000000,2026-09-27T04:32:00Z,controller 2,1.773,12.539,109.41,394.3,543.75,0.24,19.78,100.0,1,Starting,594.55,499.03
1790483580000000000,2026-09-27T04:33:00Z,controller 2,1.78,12.23,171.55,65.26,509.46,0.21,19.36,100.0,1,Starting,546.97,524.23
1790483640000000000,2026-09-27T04:34:00Z,free response,1.817,12.173,-9.6,79.7,227.6,0.19,21.46,100.0,2,Starting,553.65,513.19
1790483700000000000,2026-09-27T04:35:00Z,controller 1,1.812,12.282,103.11,357.61,172.18,0.18,18.23,100.0,3,Starting,1301.64,484.15
1790483760000000000,2026-09-27T04:36:00Z,controller 2,1.833,12.667,173.31,204.86,540.18,0.17,21.96,100.0,3,Starting,1330.72,457.34
1790483820000000000,2026-09-27T04:37:00Z,controller 2,1.853,12.242,135.72,441.9,477.25,0.15,21.68,100.0,3,Starting,1373.03,460.47
1790483880000000000,2026-09-27T04:38:00Z,controller 2,1.725,12.451,50.8,349.43,448.05,0.13,19.48,100.0,2,Starting,1357.94,483.71
1790483940000000000,2026-09-27T04:39:00Z,controller 2,1.875,12.156,108.97,405.4,74.28,0.12,20.93,100.0,1,Starting,1377.57,475.41
1790484000000000000,2026-09-27T04:40:00Z,controller 2,1.869,12.444,104.23,155.33,113.8,0.11,23.2,100.0,1,Starting,1367.71,449.72
1790484060000000000,2026-09-27T04:41:00Z,free response,1.868,12.618,192.45,206.67,144.96,0.08,22.56,100.0,3,Starting,1377.1,430.55
1790484120000000000,2026-09-27T04:42:00Z,free response,1.766,12.42,59.97,396.29,57.14,0.06,17.97,100.0,3,Starting,1348.28,458.86
1790484180000000000,2026-09-27T04:43:00Z,free response,1.841,12.489,-0.9,40.93,51.67,0.04,20.42,100.0,1,Starting,1383.39,471.22
1790484240000000000,2026-09-27T04:44:00Z,controller 2,1.882,12.04,-12.56,390.06,109.47,0.02,23.37,100.0,2,Starting,1367.79,449.56
1790484300000000000,2026-09-27T04:45:00Z,controller 2,1.747,11.994,169.37,250.67,217.02,0.0,16.52,100.0,1,Starting,1360.83,445.97
1790484360000000000,2026-09-27T04:46:00Z,controller 1,1.836,12.491,144.26,104.49,295.03,0.0,21.5,100.0,1,Starting,1368.98,458.31
1790484420000000000,2026-09-27T04:47:00Z,controller 1,1.786,12.242,26.09,196.55,397.6,0.0,19.59,100.0,3,Starting,1412.62,431.26
1790484480000000000,2026-09-27T04:48:00Z,free response,1.848,12.377,13.83,266.11,402.25,0.0,21.21,100.0,3,Starting,1392.22,405.62
1790484540000000000,2026-09-27T04:49:00Z,free response,1.865,12.258,138.56,271.32,149.56,0.0,19.77,100.0,1,Starting,1404.25,383.75
1790484600000000000,2026-09-27T04:50:00Z,free response,1.707,12.279,22.48,214.86,35.66,0.0,18.81,100.0,3,Starting,1453.09,409.79
1790484660000000000,2026-09-27T04:51:00Z,free response,1.831,12.069,151.93,283.92,203.08,0.0,18.41,100.0,2,Starting,1494.5,381.53
1790484720000000000,2026-09-27T04:52:00Z,controller 1,1.808,12.28,100.38,383.79,146.33,0.0,19.11,100.0,3,Starting,1500.0,355.34
1790484780000000000,2026-09-27T04:53:00Z,controller 2,1.733,12.181,80.86,331.15,507.14,0.0,18.86,100.0,1,Starting,1500.0,370.11
1790484840000000000,2026-09-27T04:54:00Z,controller 2,1.834,12.154,50.49,105.34,209.23,0.0,19.09,100.0,3,Starting,1500.0,367.7
1790484900000000000,2026-09-27T04:55:00Z,controller 1,1.804,12.404,141.31,8.36,444.87,0.0,19.1,100.0,1,Starting,1461.8,337.75
1790484960000000000,2026-09-27T04:56:00Z,controller 2,1.8,12.551,-19.48,448.91,393.43,0.0,20.4,100.0,2,Starting,1430.4,321.33
1790485020000000000,2026-09-27T04:57:00Z,controller 2,1.771,12.319,54.98,215.54,170.07,0.0,20.4,100.0,3,Starting,1380.44,330.86
1790485080000000000,2026-09-27T04:58:00Z,controller 2,1.864,12.683,-19.68,238.92,64.24,0.0,22.52,100.0,3,Starting,1367.24,309.29
1790485140000000000,2026-09-27T04:59:00Z,controller 1,1.753,11.998,113.09,62.8,116.91,0.0,18.77,100.0,1,Starting,587.72,501.34
1790485200000000000,2026-09-27T05:00:00Z,free response,0.384,6.575,130.84,234.46,6.85,0.0,0.46,100.0,1,Starting,540.88,498.01
1790485260000000000,2026-09-27T05:01:00Z,controller 2,0.515,6.677,146.25,234.69,166.92,0.0,0.97,100.0,2,Starting,512.14,478.02
1790485320000000000,2026-09-27T05:02:00Z,free response,0.464,6.385,59.64,369.83,19.37,0.0,0.74,100.0,1,Starting,509.8,490.29
1790485380000000000,2026-09-27T05:03:00Z,controller 2,0.53,6.185,32.06,304.82,441.56,0.0,0.86,100.0,2,Starting,533.94,492.0
1790485440000000000,2026-09-27T05:04:00Z,controller 2,0.527,6.226,157.04,447.27,11.28,0.0,0.94,100.0,3,Starting,491.42,487.19
1790485500000000000,2026-09-27T05:05:00Z,controller 2,0.409,6.14,154.3,223.5,336.71,0.0,0.47,100.0,1,Starting,451.46,502.09
1790485560000000000,2026-09-27T05:06:00Z,controller 1,0.504,6.661,195.17,287.18,326.21,0.0,0.84,100.0,3,Starting,495.64,497.53
1790485620000000000,2026-09-27T05:07:00Z,free response,0.544,6.879,20.76,14.93,37.62,0.0,1.01,100.0,1,Starting,456.81,516.03
1790485680000000000,2026-09-27T05:08:00Z,controller 2,0.429,6.252,26.96,295.21,88.08,0.0,0.57,100.0,3,Starting,481.97,499.25
1790485740000000000,2026-09-27T05:09:00Z,free response,0.51,6.662,3.07,147.32,541.53,0.0,0.88,100.0,1,Starting,447.35,493.83
1790485800000000000,2026-09-27T05:10:00Z,controller 2,0.483,6.433,53.79,204.58,258.67,0.0,0.74,100.0,3,Starting,397.47,505.15
1790485860000000000,2026-09-27T05:11:00Z,controller 1,0.392,6.297,-18.9,368.23,229.43,0.0,0.47,100.0,3,Starting,423.78,492.25
1790485920000000000,2026-09-27T05:12:00Z,controller 1,0.416,6.813,13.72,355.42,540.5,0.0,0.63,100.0,3,Starting,458.15,476.83
1790485980000000000,2026-09-27T05:13:00Z,controller 1,0.392,6.182,15.44,142.17,208.52,0.0,0.5,100.0,3,Starting,495.5,487.68
1790486040000000000,2026-09-27T05:14:00Z,free response,0.509,6.826,54.82,181.49,289.62,0.0,0.95,100.0,2,Starting,530.99,512.88
1790486100000000000,2026-09-27T05:15:00Z,controller 1,0.55,6.864,53.77,369.74,548.78,0.0,1.0,100.0,2,Starting,504.98,491.21
1790486160000000000,2026-09-27T05:16:00Z,controller 2,0.506,6.884,72.17,255.39,128.91,0.0,0.86,100.0,1,Starting,470.43,508.73
1790486220000000000,2026-09-27T05:17:00Z,controller 1,0.546,6.885,104.01,34.01,83.26,0.0,0.95,100.0,2,Starting,421.21,522.65
1790486280000000000,2026-09-27T05:18:00Z,controller 2,0.383,6.512,36.96,139.15,272.04,0.0,0.5,100.0,2,Starting,371.5,497.29
1790486340000000000,2026-09-27T05:19:00Z,controller 1,0.48,6.43,21.38,417.54,486.48,0.0,0.68,100.0,2,Starting,391.12,512.46
1790486400000000000,2026-09-27T05:20:00Z,controller 1,0.537,6.132,134.17,355.66,485.95,0.0,0.84,100.0,3,Starting,342.71,532.49
1790486460000000000,2026-09-27T05:21:00Z,controller 2,0.486,6.719,-10.06,300.69,242.74,0.0,0.85,100.0,3,Starting,366.04,508.29
1790486520000000000,2026-09-27T05:22:00Z,controller 1,0.401,6.335,145.86,80.27,276.63,0.0,0.55,100.0,1,Starting,373.17,494.42
1790486580000000000,2026-09-27T05:23:00Z,controller 2,0.448,6.221,132.78,232.32,359.39,0.0,0.58,100.0,2,Starting,403.08,485.53
1790486640000000000,2026-09-27T05:24:00Z,controller 1,0.403,6.516,-25.78,291.93,322.76,0.0,0.54,100.0,2,Starting,413.75,482.76
1790486700000000000,2026-09-27T05:25:00Z,controller 1,0.524,6.878,82.28,434.45,93.71,0.0,0.85,100.0,1,Starting,427.9,472.25
1790486760000000000,2026-09-27T05:26:00Z,controller 1,0.496,6.263,177.46,110.2,395.92,0.0,0.78,100.0,3,Starting,463.01,456.75
1790486820000000000,2026-09-27T05:27:00Z,controller 1,0.442,6.49,83.64,303.08,589.85,0.0,0.61,100.0,3,Starting,500.82,484.37
1790486880000000000,2026-09-27T05:28:00Z,free response,0.414,6.658,32.58,365.99,265.38,0.0,0.61,100.0,1,Starting,500.44,500.21
1790486940000000000,2026-09-27T05:29:00Z,controller 2,0.465,6.325,140.81,436.04,434.85,0.0,0.75,100.0,1,Starting,508.41,519.5
1790487000000000000,2026-09-27T05:30:00Z,controller 2,1.864,9.274,121.77,19.62,544.97,0.0,16.65,100.0,1,Starting,525.64,499.1
1790487060000000000,2026-09-27T05:31:00Z,controller 1,1.76,9.798,-27.25,330.92,95.97,0.0,16.29,100.0,1,Starting,529.11,522.25
1790487120000000000,2026-09-27T05:32:00Z,free response,1.767,9.76,136.98,29.65,338.66,0.0,16.08,100.0,1,Starting,534.34,499.95
1790487180000000000,2026-09-27T05:33:00Z,free response,1.782,9.264,-14.18,48.61,62.18,0.0,16.12,100.0,2,Starting,502.67,479.5
1790487240000000000,2026-09-27T05:34:00Z,free response,1.792,9.155,14.53,137.1,342.51,0.0,13.69,100.0,2,Starting,521.15,496.66
1790487300000000000,2026-09-27T05:35:00Z,controller 2,1.762,9.717,117.45,417.71,47.55,0.0,14.09,100.0,3,Starting,539.19,481.64
1790487360000000000,2026-09-27T05:36:00Z,free response,1.839,9.764,-29.68,40.92,11.69,0.0,17.21,67.93,2,Starting,551.83,477.46
1790487420000000000,2026-09-27T05:37:00Z,controller 1,1.827,9.837,142.69,315.31,486.16,0.0,16.31,100.0,1,Starting,511.69,476.34
1790487480000000000,2026-09-27T05:38:00Z,controller 1,1.872,9.269,119.88,223.18,551.88,0.0,14.96,100.0,3,Starting,536.27,472.42
1790487540000000000,2026-09-27T05:39:00Z,free response,1.793,9.858,82.55,420.61,0.62,0.0,16.66,3.72,2,Starting,548.71,502.34
1790487600000000000,2026-09-27T05:40:00Z,free response,1.846,9.817,157.41,248.01,234.05,0.0,16.13,100.0,2,Starting,504.46,480.41
1790487660000000000,2026-09-27T05:41:00Z,free response,1.706,9.546,104.08,43.76,348.49,0.0,14.71,100.0,3,Starting,530.34,502.34
1790487720000000000,2026-09-27T05:42:00Z,free response,1.698,9.441,191.4,283.33,251.29,0.0,13.85,100.0,3,Starting,579.97,518.02
1790487780000000000,2026-09-27T05:43:00Z,controller 2,1.858,9.813,143.37,330.43,541.29,0.0,16.79,100.0,2,Starting,615.17,489.55
1790487840000000000,2026-09-27T05:44:00Z,free response,1.735,9.795,67.54,413.51,541.56,0.0,14.01,100.0,1,Starting,610.14,515.06
1790487900000000000,2026-09-27T05:45:00Z,controller 1,1.831,9.783,82.03,132.33,579.45,0.0,15.42,100.0,3,Starting,604.38,526.12
1790487960000000000,2026-09-27T05:46:00Z,controller 1,1.748,9.268,170.35,312.03,322.17,0.0,13.09,100.0,2,Starting,567.89,544.41
1790488020000000000,2026-09-27T05:47:00Z,controller 2,1.7,9.769,36.4,246.78,277.43,0.0,13.52,100.0,2,Starting,616.93,552.22
1790488080000000000,2026-09-27T05:48:00Z,free response,1.814,9.795,11.51,291.34,489.59,0.0,16.31,100.0,3,Starting,665.72,525.72
1790488140000000000,2026-09-27T05:49:00Z,controller 1,1.701,9.876,18.9,227.75,403.88,0.0,13.14,100.0,3,Starting,669.65,544.28
1790488200000000000,2026-09-27T05:50:00Z,controller 2,1.815,9.661,149.34,263.02,45.57,0.0,15.38,100.0,3,Starting,704.28,569.82
1790488260000000000,2026-09-27T05:51:00Z,free response,1.833,9.778,30.96,398.36,368.24,0.0,15.34,100.0,1,Starting,1372.06,963.7
1790488320000000000,2026-09-27T05:52:00Z,free response,1.768,9.537,139.15,190.52,21.26,0.0,14.47,100.0,3,Starting,1324.66,972.6
1790488380000000000,2026-09-27T05:53:00Z,controller 1,1.769,9.675,110.93,417.46,39.53,0.0,14.37,100.0,1,Starting,1277.46,951.53
1790488440000000000,2026-09-27T05:54:00Z,free response,1.87,9.687,-26.67,26.75,392.75,0.0,15.32,100.0,1,Starting,870.86,493.82
1790488500000000000,2026-09-27T05:55:00Z,controller 2,1.873,9.623,80.06,235.98,110.79,0.0,16.99,100.0,2,Starting,906.93,489.93
1790488560000000000,2026-09-27T05:56:00Z,free response,1.783,9.205,56.86,363.08,470.0,0.0,14.88,100.0,2,Starting,882.41,498.91
1790488620000000000,2026-09-27T05:57:00Z,controller 1,1.803,9.659,-28.12,51.75,586.67,0.0,14.19,100.0,3,Starting,914.63,524.26
1790488680000000000,2026-09-27T05:58:00Z,controller 2,1.846,9.373,71.2,206.93,516.51,0.0,14.52,100.0,1,Starting,916.13,518.1
1790488740000000000,2026-09-27T05:59:00Z,controller 1,1.728,9.192,130.96,337.44,38.45,0.0,13.14,100.0,2,Starting,958.18,507.68
1790488800000000000,2026-09-27T06:00:00Z,controller 1,0.89,1.325,-4.78,301.57,334.05,0.0,0.53,100.0,1,Starting,1001.1,479.8
1790488860000000000,2026-09-27T06:01:00Z,controller 2,1.009,1,-5.43,43.97,13.62,0.0,0.48,100.0,1,Starting,1036.08,463.02
1790488920000000000,2026-09-27T06:02:00Z,controller 2,0.923,1.562,151.22,19.11,478.87,0.0,0.69,100.0,1,Starting,1006.92,452.12
1790488980000000000,2026-09-27T06:03:00Z,free response,0.92,1.076,123.75,419.92,557.37,0.0,0.47,100.0,1,Starting,1327.83,591.23
1790489040000000000,2026-09-27T06:04:00Z,free response,0.972,1.032,195.8,106.43,431.67,0.0,0.46,100.0,3,Starting,1307.92,583.11
1790489100000000000,2026-09-27T06:05:00Z,controller 2,1.025,1.293,146.76,300.83,32.85,0.0,0.71,100.0,2,Starting,1345.03,586.52
1790489160000000000,2026-09-27T06:06:00Z,controller 1,1.017,1.356,95.48,206.2,3.85,0.0,0.74,100.0,3,Starting,1374.16,571.12
1790489220000000000,2026-09-27T06:07:00Z,controller 1,0.896,1.412,106.29,270.23,381.2,0.0,0.53,100.0,1,Starting,1324.25,599.5
1790489280000000000,2026-09-27T06:08:00Z,controller 2,0.925,1,20.4,448.94,24.99,0.0,0.41,100.0,1,Starting,1287.26,620.77
1790489340000000000,2026-09-27T06:09:00Z,controller 2,0.922,1.027,168.62,325.54,565.69,0.0,0.4,100.0,1,Starting,1266.24,604.15
1790489400000000000,2026-09-27T06:10:00Z,controller 1,0.904,1.527,81.4,160.54,427.33,0.0,0.61,100.0,1,Starting,1268.74,608.52
1790489460000000000,2026-09-27T06:11:00Z,free response,0.911,1.494,40.92,175.78,435.97,0.0,0.65,100.0,3,Starting,1232.78,588.35
1790489520000000000,2026-09-27T06:12:00Z,controller 2,0.922,1.222,80.73,343.45,251.14,0.0,0.56,100.0,3,Starting,1265.46,618.34
1790489580000000000,2026-09-27T06:13:00Z,free response,1.013,1.321,4.68,300.28,597.52,0.0,0.67,100.0,3,Starting,1311.24,594.87
1790489640000000000,2026-09-27T06:14:00Z,controller 1,0.911,1.077,47.13,249.43,258.62,0.0,0.47,100.0,3,Starting,1281.59,575.5
1790489700000000000,2026-09-27T06:15:00Z,free response,0.906,1.175,163.64,213.29,47.96,0.0,0.46,100.0,1,Starting,1272.1,580.75
1790489760000000000,2026-09-27T06:16:00Z,controller 2,1.013,1,83.56,92.91,401.94,0.0,0.48,100.0,2,Starting,1284.96,607.32
1790489820000000000,2026-09-27T06:17:00Z,free response,0.9,1.232,139.0,308.6,236.45,0.0,0.48,100.0,3,Starting,1405.01,873.21
1790489880000000000,2026-09-27T06:18:00Z,controller 2,1.03,1,104.8,421.88,523.35,0.0,0.56,100.0,1,Starting,1383.22,878.46
1790489940000000000,2026-09-27T06:19:00Z,free response,0.97,1.322,84.42,446.12,344.61,0.0,0.65,100.0,3,Starting,1342.66,848.7
1790490000000000000,2026-09-27T06:20:00Z,free response,0.929,1.541,-10.66,316.38,312.22,0.0,0.68,100.0,2,Starting,1339.89,873.97
1790490060000000000,2026-09-27T06:21:00Z,free response,0.955,1,125.86,440.48,55.04,0.0,0.42,100.0,1,Starting,1333.34,858.3
1790490120000000000,2026-09-27T06:22:00Z,controller 2,1.004,1.381,108.93,98.34,184.9,0.0,0.66,100.0,3,Starting,1360.06,836.73
1790490180000000000,2026-09-27T06:23:00Z,free response,1.053,1.153,-24.45,93.93,115.33,0.0,0.65,100.0,2,Starting,1320.22,841.55
1790490240000000000,2026-09-27T06:24:00Z,controller 1,0.99,1.094,133.38,376.17,499.18,0.0,0.52,100.0,1,Starting,1343.4,834.49
1790490300000000000,2026-09-27T06:25:00Z,controller 2,1.054,1,110.34,303.55,225.08,0.0,0.58,100.0,2,Starting,1377.44,863.91
1790490360000000000,2026-09-27T06:26:00Z,controller 1,1.048,1,60.71,291.45,584.8,0.0,0.6,100.0,3,Starting,1371.25,838.14
1790490420000000000,2026-09-27T06:27:00Z,free response,0.895,1.322,3.03,213.05,516.59,0.0,0.55,100.0,2,Starting,1338.18,856.54
1790490480000000000,2026-09-27T06:28:00Z,controller 1,1.01,1.152,0.97,166.2,26.68,0.0,0.65,100.0,1,Starting,1370.91,879.57
1790490540000000000,2026-09-27T06:29:00Z,free response,0.929,1,122.98,250.51,30.59,0.0,0.46,100.0,2,Starting,1323.6,900.05
1790490600000000000,2026-09-27T06:30:00Z,controller 1,2.328,11.34,23.88,28.75,562.81,0.0,33.11,100.0,2,Starting,1275.63,889.24
1790490660000000000,2026-09-27T06:31:00Z,controller 2,2.326,11.142,55.29,361.03,298.4,0.0,28.92,100.0,3,Starting,1321.67,870.17
1790490720000000000,2026-09-27T06:32:00Z,controller 2,2.309,11.455,173.82,117.19,365.94,0.0,29.75,100.0,3,Starting,1330.15,842.38
1790490780000000000,2026-09-27T06:33:00Z,free response,2.298,10.965,105.04,263.16,282.11,0.0,26.71,100.0,3,Starting,1363.25,850.77
1790490840000000000,2026-09-27T06:34:00Z,free response,2.285,11.143,175.1,20.91,551.68,0.0,27.78,100.0,3,Starting,1383.17,843.68
1790490900000000000,2026-09-27T06:35:00Z,free response,2.328,11.15,36.95,191.62,62.9,0.0,33.06,100.0,3,Starting,1397.84,844.72
1790490960000000000,2026-09-27T06:36:00Z,controller 1,2.328,11.001,130.87,36.19,507.96,0.0,28.88,100.0,3,Starting,1387.78,819.81
1790491020000000000,2026-09-27T06:37:00Z,controller 2,2.203,11.155,121.02,252.7,397.75,0.0,25.07,100.0,1,Starting,1357.99,803.75
1790491080000000000,2026-09-27T06:38:00Z,controller 1,2.328,11.534,73.96,71.94,176.46,0.0,30.94,100.0,1,Starting,1326.22,775.08
1790491140000000000,2026-09-27T06:39:00Z,free response,2.193,11.172,86.46,207.72,184.71,0.0,25.8,100.0,2,Starting,1336.06,795.44
1790491200000000000,2026-09-27T06:40:00Z,free response,2.309,11.048,66.22,446.9,297.93,0.0,27.97,100.0,2,Starting,1296.1,803.45
1790491260000000000,2026-09-27T06:41:00Z,controller 1,2.303,10.968,159.6,230.48,23.86,0.0,28.98,82.33,1,Starting,1247.43,813.48
1790491320000000000,2026-09-27T06:42:00Z,controller 2,2.157,11.037,8.98,199.11,583.96,0.0,26.64,100.0,1,Starting,621.64,491.39
1790491380000000000,2026-09-27T06:43:00Z,controller 2,2.311,11.083,72.25,36.24,470.37,0.0,29.7,100.0,2,Starting,598.13,471.98
1790491440000000000,2026-09-27T06:44:00Z,controller 1,2.32,11.544,151.37,429.96,423.66,0.0,31.4,100.0,2,Starting,577.67,473.94
1790491500000000000,2026-09-27T06:45:00Z,controller 1,2.249,11.647,191.25,312.74,83.12,0.0,30.11,100.0,1,Starting,555.33,463.93
1790491560000000000,2026-09-27T06:46:00Z,controller 1,2.281,10.887,35.88,259.74,242.02,0.0,27.77,100.0,3,Starting,580.1,461.48
1790491620000000000,2026-09-27T06:47:00Z,controller 1,2.228,11.241,34.55,166.07,81.47,0.0,28.99,100.0,1,Starting,627.96,438.2
1790491680000000000,2026-09-27T06:48:00Z,controller 2,2.285,11.337,33.07,37.79,261.26,0.0,32.5,100.0,3,Starting,650.35,439.28
1790491740000000000,2026-09-27T06:49:00Z,controller 1,2.2,11.312,72.61,352.19,562.02,0.0,29.26,100.0,1,Starting,653.18,411.11
1790491800000000000,2026-09-27T06:50:00Z,controller 2,2.291,11.037,75.19,25.9,128.85,0.0,26.33,100.0,1,Starting,609.29,415.28
1790491860000000000,2026-09-27T06:51:00Z,controller 2,2.254,11.132,107.8,388.43,30.45,0.0,30.1,100.0,2,Starting,583.02,417.11
1790491920000000000,2026-09-27T06:52:00Z,controller 2,2.168,11.393,67.48,156.84,396.77,0.0,24.15,100.0,1,Starting,572.3,418.81
1790491980000000000,2026-09-27T06:53:00Z,controller 1,2.214,11.235,57.27,336.45,592.7,0.0,29.8,100.0,3,Starting,559.93,424.96
1790492040000000000,2026-09-27T06:54:00Z,controller 1,2.309,10.999,164.72,362.78,52.3,0.0,28.63,100.0,3,Starting,537.8,419.88
1790492100000000000,2026-09-27T06:55:00Z,controller 1,2.244,10.965,121.65,347.67,85.56,0.0,25.81,100.0,2,Starting,526.85,425.67
1790492160000000000,2026-09-27T06:56:00Z,controller 1,2.294,11.605,-22.97,44.34,369.75,0.0,28.97,100.0,2,Starting,563.33,455.17
1790492220000000000,2026-09-27T06:57:00Z,free response,2.324,11.061,198.26,152.97,347.33,0.0,29.89,100.0,3,Starting,569.65,430.51
1790492280000000000,2026-09-27T06:58:00Z,free response,2.216,11.388,176.1,276.93,333.14,0.0,28.72,100.0,3,Starting,587.55,637.98
1790492340000000000,2026-09-27T06:59:00Z,free response,2.309,10.88,55.15,146.27,489.17,0.0,27.62,100.0,3,Starting,540.3,620.04
1790492400000000000,2026-09-27T07:00:00Z,free response,0.738,11.024,111.2,374.88,102.6,0.0,2.91,100.0,3,Starting,528.7,601.64
1790492460000000000,2026-09-27T07:01:00Z,free response,0.818,11.413,4.45,128.18,190.85,0.0,4.07,100.0,2,Starting,538.03,587.9
1790492520000000000,2026-09-27T07:02:00Z,controller 2,0.695,11.574,30.01,422.37,297.75,0.0,2.8,100.0,3,Starting,509.64,616.28
1790492580000000000,2026-09-27T07:03:00Z,controller 2,0.775,11.023,78.81,343.11,419.83,0.0,3.1,100.0,2,Starting,901.18,397.49
1790492640000000000,2026-09-27T07:04:00Z,controller 2,0.788,11.765,194.04,271.28,424.73,0.0,3.71,100.0,1,Starting,892.47,424.96
1790492700000000000,2026-09-27T07:05:00Z,free response,0.674,11.281,169.02,346.96,49.56,0.0,2.51,100.0,1,Starting,889.43,428.41
1790492760000000000,2026-09-27T07:06:00Z,controller 1,0.813,11.174,149.36,228.45,255.87,0.0,3.44,100.0,3,Starting,930.47,430.73
1790492820000000000,2026-09-27T07:07:00Z,controller 2,0.762,11.401,80.79,132.17,592.53,0.0,3.46,100.0,1,Starting,898.56,428.86
1790492880000000000,2026-09-27T07:08:00Z,controller 2,0.687,11.397,194.33,238.07,152.93,0.0,2.45,100.0,2,Starting,1191.15,393.6
1790492940000000000,2026-09-27T07:09:00Z,free response,0.824,11.475,-9.5,128.21,207.04,0.0,3.68,100.0,3,Starting,1145.2,385.95
1790493000000000000,2026-09-27T07:10:00Z,controller 1,0.699,11.409,58.95,103.26,94.61,0.0,2.55,100.0,2,Starting,1124.84,389.89
1790493060000000000,2026-09-27T07:11:00Z,controller 1,0.836,11.281,92.75,423.33,125.74,0.0,4.3,100.0,3,Starting,1120.85,401.37
1790493120000000000,2026-09-27T07:12:00Z,controller 2,0.794,11.585,132.66,139.61,205.47,0.0,3.75,100.0,2,Starting,1123.07,385.23
1790493180000000000,2026-09-27T07:13:00Z,controller 1,0.672,11.671,152.6,366.67,232.5,0.0,2.71,100.0,3,Starting,1169.83,391.23
1790493240000000000,2026-09-27T07:14:00Z,free response,0.669,11.081,68.55,436.27,179.43,0.0,2.51,100.0,3,Starting,1165.68,382.74
1790493300000000000,2026-09-27T07:15:00Z,controller 1,0.665,11.696,150.1,115.29,125.39,0.0,2.39,100.0,2,Starting,1147.37,404.12
1790493360000000000,2026-09-27T07:16:00Z,free response,0.71,11.618,70.07,156.76,226.35,0.0,2.66,100.0,3,Starting,1162.78,389.57
1790493420000000000,2026-09-27T07:17:00Z,free response,0.769,11.338,50.97,139.32,561.67,0.0,3.06,100.0,1,Starting,1149.67,373.82
1790493480000000000,2026-09-27T07:18:00Z,controller 2,0.681,11.33,-23.46,186.43,590.84,0.0,2.76,100.0,1,Starting,1159.89,348.9
1790493540000000000,2026-09-27T07:19:00Z,controller 2,0.817,11.36,-26.87,256.45,539.57,0.0,3.46,100.0,1,Starting,1135.02,344.74
1790493600000000000,2026-09-27T07:20:00Z,controller 2,0.737,11.237,94.31,196.94,110.08,0.0,3.35,100.0,2,Starting,1183.12,357.6
1790493660000000000,2026-09-27T07:21:00Z,controller 2,0.81,11.102,138.39,399.54,405.36,0.0,3.83,100.0,2,Starting,1148.33,332.51
1790493720000000000,2026-09-27T07:22:00Z,controller 2,0.727,11.635,14.28,294.71,467.3,0.0,3.31,100.0,2,Starting,1157.99,316.26
1790493780000000000,2026-09-27T07:23:00Z,controller 1,0.74,11.331,92.74,206.8,252.65,0.0,3.29,100.0,2,Starting,1135.77,291.67
1790493840000000000,2026-09-27T07:24:00Z,controller 2,0.667,11.033,67.23,365.87,230.35,0.0,2.4,100.0,1,Starting,1146.25,288.27
1790493900000000000,2026-09-27T07:25:00Z,controller 2,0.828,11.528,115.61,348.56,359.34,0.0,3.95,100.0,3,Starting,1142.34,317.51
1790493960000000000,2026-09-27T07:26:00Z,controller 1,0.682,11.767,-10.77,36.9,131.52,0.0,2.75,100.0,3,Starting,1184.84,338.8
1790494020000000000,2026-09-27T07:27:00Z,free response,0.694,11.31,193.39,448.51,373.24,0.0,2.88,100.0,1,Starting,1153.69,355.15
1790494080000000000,2026-09-27T07:28:00Z,controller 1,0.689,11.55,-25.73,355.99,183.01,0.0,2.49,100.0,1,Starting,1201.23,337.77
1790494140000000000,2026-09-27T07:29:00Z,controller 1,0.676,11.589,195.9,187.52,221.35,0.0,2.68,100.0,2,Starting,1234.37,367.64
1790494200000000000,2026-09-27T07:30:00Z,controller 1,0.982,11.388,-11.06,168.08,95.79,0.0,5.47,100.0,3,Starting,1184.99,390.5
1790494260000000000,2026-09-27T07:31:00Z,free response,1.115,11.065,23.89,5.11,80.83,0.0,6.74,100.0,2,Starting,1225.22,382.28
1790494320000000000,2026-09-27T07:32:00Z,controller 1,1.023,11.348,137.91,101.35,231.89,0.0,5.71,100.0,3,Starting,1231.18,366.44
1790494380000000000,2026-09-27T07:33:00Z,free response,0.959,11.026,32.65,92.74,151.28,0.0,5.17,100.0,1,Starting,1271.88,367.96
1790494440000000000,2026-09-27T07:34:00Z,free response,1.026,11.05,180.95,328.73,270.12,0.0,5.75,100.0,2,Starting,1291.4,356.72
1790494500000000000,2026-09-27T07:35:00Z,controller 2,1.087,11.048,-20.6,169.45,103.79,0.0,6.06,100.0,1,Starting,1285.07,372.61
1790494560000000000,2026-09-27T07:36:00Z,controller 1,1.086,11.195,144.77,315.02,449.47,0.0,6.77,100.0,3,Starting,1304.31,361.41
1790494620000000000,2026-09-27T07:37:00Z,controller 2,1.123,11.548,172.86,390.44,265.14,0.0,7.16,100.0,2,On,1347.61,368.58
1790494680000000000,2026-09-27T07:38:00Z,free response,1.068,11.24,192.03,287.16,413.64,0.0,6.53,100.0,3,On,1379.91,381.68
1790494740000000000,2026-09-27T07:39:00Z,controller 2,1.039,10.969,56.4,237.46,58.67,0.0,6.03,100.0,2,On,1330.27,370.27
1790494800000000000,2026-09-27T07:40:00Z,controller 2,1.038,11.353,134.84,317.38,274.18,0.0,5.64,100.0,3,On,1332.67,385.85
1790494860000000000,2026-09-27T07:41:00Z,controller 2,1.013,11.575,93.43,188.97,180.07,0.0,5.5,100.0,1,On,1287.28,385.45
1790494920000000000,2026-09-27T07:42:00Z,free response,0.962,11.554,75.58,310.89,421.37,0.0,4.88,100.0,1,On,1330.03,413.61
1790494980000000000,2026-09-27T07:43:00Z,controller 2,0.955,11.248,86.34,138.48,351.49,0.0,5.46,100.0,1,On,1346.15,432.66
1790495040000000000,2026-09-27T07:44:00Z,controller 2,1.068,11.273,2.93,21.06,14.13,0.0,6.57,100.0,2,On,1357.08,435.67
1790495100000000000,2026-09-27T07:45:00Z,controller 1,0.964,11.574,11.79,194.38,584.04,0.0,5.37,100.0,3,On,1380.71,419.1
1790495160000000000,2026-09-27T07:46:00Z,free response,0.955,11.529,102.22,229.69,519.48,0.0,5.51,100.0,2,On,1369.51,390.16
1790495220000000000,2026-09-27T07:47:00Z,controller 1,0.975,10.94,40.2,256.91,359.67,0.0,4.92,100.0,1,On,1397.58,384.98
1790495280000000000,2026-09-27T07:48:00Z,controller 2,1.028,11.019,14.12,281.5,4.28,0.0,5.88,72.79,1,On,1384.6,364.15
1790495340000000000,2026-09-27T07:49:00Z,free response,0.966,11.586,23.41,280.42,91.08,0.0,5.14,100.0,2,On,1431.95,384.05
1790495400000000000,2026-09-27T07:50:00Z,controller 1,1.004,11.227,176.4,2.67,190.73,0.0,6.15,100.0,2,On,1422.49,367.98
1790495460000000000,2026-09-27T07:51:00Z,free response,1.129,10.976,68.21,93.62,216.94,0.0,6.33,100.0,2,On,1442.57,364.55
1790495520000000000,2026-09-27T07:52:00Z,controller 1,1.017,11.206,140.76,370.19,42.86,0.0,5.7,100.0,2,On,1445.24,351.2
1790495580000000000,2026-09-27T07:53:00Z,controller 2,0.962,11.352,88.4,230.71,212.2,0.0,5.41,100.0,1,On,1483.65,342.99
1790495640000000000,2026-09-27T07:54:00Z,controller 2,1.001,11.496,96.0,24.83,358.89,0.0,5.45,100.0,1,On,1500.0,325.28
1790495700000000000,2026-09-27T07:55:00Z,controller 2,1.05,11.653,69.08,316.69,11.09,0.0,6.62,100.0,1,On,1500.0,330.75
1790495760000000000,2026-09-27T07:56:00Z,controller 2,1.064,11.447,8.66,346.81,53.39,0.0,5.85,100.0,2,On,1500.0,357.96
1790495820000000000,2026-09-27T07:57:00Z,controller 2,0.965,11.281,159.51,277.37,345.16,0.0,5.6,100.0,3,On,1500.0,367.38
1790495880000000000,2026-09-27T07:58:00Z,controller 1,1.092,11.575,71.62,103.49,246.01,0.0,7.23,100.0,1,On,1456.94,384.92
1790495940000000000,2026-09-27T07:59:00Z,controller 2,1.106,10.969,67.53,430.86,116.35,0.0,6.28,100.0,3,On,1447.9,369.99
1790496000000000000,2026-09-27T08:00:00Z,controller 1,1.394,11.886,119.09,197.12,190.66,0.0,11.84,100.0,1,On,1433.46,399.01
1790496060000000000,2026-09-27T08:01:00Z,controller 2,1.338,12.613,184.93,323.64,460.31,0.0,11.46,100.0,2,On,1036.96,960.91
1790496120000000000,2026-09-27T08:02:00Z,controller 1,1.422,12.384,79.0,166.2,309.8,0.0,12.09,100.0,3,On,1021.15,972.9
1790496180000000000,2026-09-27T08:03:00Z,controller 2,1.328,12.058,91.89,350.51,408.06,0.0,10.59,100.0,1,On,992.43,942.94
1790496240000000000,2026-09-27T08:04:00Z,controller 1,1.327,11.881,60.5,309.33,442.27,0.0,10.71,100.0,3,On,948.49,965.17
1790496300000000000,2026-09-27T08:05:00Z,controller 1,1.296,12.285,34.62,54.26,217.89,0.0,11.3,100.0,2,On,907.89,993.87
1790496360000000000,2026-09-27T08:06:00Z,controller 1,1.289,12.146,17.15,202.74,212.46,0.0,9.92,100.0,1,On,861.41,1000.0
1790496420000000000,2026-09-27T08:07:00Z,free response,1.329,11.963,101.06,60.05,327.0,0.0,9.68,100.0,2,On,832.72,1000.0
1790496480000000000,2026-09-27T08:08:00Z,controller 2,1.273,12.651,103.42,422.67,154.57,0.0,10.89,100.0,2,On,812.87,983.74
1790496540000000000,2026-09-27T08:09:00Z,free response,1.333,11.972,127.55,41.62,468.74,0.0,10.69,100.0,3,On,857.02,998.79
1790496600000000000,2026-09-27T08:10:00Z,free response,1.282,12.653,139.63,126.56,213.45,0.0,10.88,100.0,2,On,831.69,988.38
1790496660000000000,2026-09-27T08:11:00Z,controller 2,1.379,11.883,127.78,340.59,369.22,0.0,11.37,100.0,3,On,851.49,985.07
1790496720000000000,2026-09-27T08:12:00Z,controller 1,1.35,12.401,81.23,193.24,353.24,0.0,11.72,100.0,3,On,929.46,626.61
1790496780000000000,2026-09-27T08:13:00Z,controller 1,1.449,12.563,31.5,24.99,345.18,0.0,12.31,100.0,2,On,911.86,655.27
1790496840000000000,2026-09-27T08:14:00Z,controller 2,1.426,12.556,180.47,356.49,248.16,0.0,13.0,100.0,1,On,960.4,673.94
1790496900000000000,2026-09-27T08:15:00Z,controller 2,1.289,11.97,122.03,92.85,17.28,0.0,9.78,100.0,1,On,929.57,699.24
1790496960000000000,2026-09-27T08:16:00Z,controller 1,1.435,12.171,40.42,9.23,312.05,0.0,12.38,100.0,3,On,944.61,672.53
1790497020000000000,2026-09-27T08:17:00Z,controller 2,1.386,12.64,28.54,420.77,335.98,0.0,12.28,100.0,2,On,962.09,646.06
1790497080000000000,2026-09-27T08:18:00Z,controller 2,1.452,12.496,16.78,15.56,440.1,0.0,12.18,100.0,2,On,844.66,605.8
1790497140000000000,2026-09-27T08:19:00Z,controller 1,1.334,12.507,115.59,69.45,72.68,0.0,10.83,100.0,1,On,841.71,592.44
1790497200000000000,2026-09-27T08:20:00Z,controller 2,1.377,12.067,185.11,50.97,336.73,0.0,12.28,100.0,2,On,826.85,575.52
1790497260000000000,2026-09-27T08:21:00Z,controller 1,1.302,12.577,81.07,276.06,10.33,0.0,9.84,100.0,3,On,831.49,582.62
1790497320000000000,2026-09-27T08:22:00Z,controller 1,1.363,12.494,189.7,228.37,103.51,0.0,11.11,100.0,1,On,796.02,569.79
1790497380000000000,2026-09-27T08:23:00Z,controller 2,1.296,12.486,163.89,378.22,516.11,0.0,10.83,100.0,1,On,782.46,542.89
1790497440000000000,2026-09-27T08:24:00Z,free response,1.365,12.509,187.9,340.78,568.67,0.0,12.25,100.0,2,On,763.13,549.23
1790497500000000000,2026-09-27T08:25:00Z,controller 2,1.404,11.982,132.88,193.72,539.63,0.0,12.46,100.0,1,On,714.49,543.17
1790497560000000000,2026-09-27T08:26:00Z,controller 1,1.445,12.315,46.21,67.63,367.94,0.0,13.45,100.0,2,On,753.12,572.02
1790497620000000000,2026-09-27T08:27:00Z,free response,1.369,12.418,107.28,324.18,447.62,0.0,10.55,100.0,1,On,724.16,601.32
1790497680000000000,2026-09-27T08:28:00Z,controller 2,1.355,12.306,111.01,205.53,277.11,0.0,12.1,100.0,3,On,686.65,585.41
1790497740000000000,2026-09-27T08:29:00Z,controller 2,1.427,12.207,32.44,122.81,584.34,0.0,11.59,100.0,2,On,715.81,613.11
1790497800000000000,2026-09-27T08:30:00Z,controller 1,0.801,2.077,117.59,277.24,21.51,0.0,0.63,100.0,2,On,745.76,593.93
1790497860000000000,2026-09-27T08:31:00Z,controller 2,0.804,2.45,149.42,84.86,127.19,0.0,0.72,100.0,3,On,695.93,598.53
1790497920000000000,2026-09-27T08:32:00Z,controller 1,0.869,2.535,29.11,374.14,536.81,0.0,0.93,100.0,1,On,689.57,605.57
1790497980000000000,2026-09-27T08:33:00Z,controller 2,0.931,2.182,59.95,188.75,441.16,0.0,0.95,100.0,2,On,703.67,610.02
1790498040000000000,2026-09-27T08:34:00Z,controller 1,0.915,2.095,66.29,335.32,300.84,0.0,0.82,100.0,1,On,722.32,590.56
1790498100000000000,2026-09-27T08:35:00Z,controller 1,0.913,2.705,-4.16,334.7,498.48,0.0,1.06,100.0,2,On,674.86,570.2
1790498160000000000,2026-09-27T08:36:00Z,free response,0.824,2.724,171.98,207.49,471.26,0.0,0.91,100.0,2,On,677.58,556.23
1790498220000000000,2026-09-27T08:37:00Z,controller 1,0.83,2.55,46.86,441.67,369.02,0.0,0.85,100.0,3,On,703.15,576.05
1790498280000000000,2026-09-27T08:38:00Z,controller 2,0.868,2.555,29.87,150.22,548.33,0.0,0.91,100.0,2,On,720.37,581.01
1790498340000000000,2026-09-27T08:39:00Z,controller 1,0.874,2.471,135.22,180.46,545.82,0.0,1.03,100.0,1,On,684.41,593.2
1790498400000000000,2026-09-27T08:40:00Z,free response,0.935,2.647,29.25,366.38,27.33,0.0,1.12,100.0,3,On,636.58,621.61
1790498460000000000,2026-09-27T08:41:00Z,controller 2,0.816,2.729,76.35,292.78,416.47,0.0,0.99,100.0,3,On,648.6,601.37
1790498520000000000,2026-09-27T08:42:00Z,controller 1,0.827,2.655,166.84,264.82,571.25,0.0,0.84,100.0,1,On,632.63,624.56
1790498580000000000,2026-09-27T08:43:00Z,free response,0.867,2.655,138.67,51.08,180.33,0.0,0.91,100.0,2,On,625.63,605.98
1790498640000000000,2026-09-27T08:44:00Z,controller 1,0.908,2.704,49.23,61.42,7.69,0.0,1.19,100.0,1,On,660.74,612.36
1790498700000000000,2026-09-27T08:45:00Z,controller 1,0.887,2.267,38.28,133.27,223.97,0.0,0.89,100.0,3,On,769.31,436.04
1790498760000000000,2026-09-27T08:46:00Z,controller 2,0.839,2.078,138.92,359.69,504.52,0.0,0.75,100.0,3,On,807.72,409.06
1790498820000000000,2026-09-27T08:47:00Z,controller 2,0.875,2.397,14.88,373.66,259.8,0.0,0.92,100.0,1,On,1427.42,367.07
1790498880000000000,2026-09-27T08:48:00Z,free response,0.773,2.323,134.3,230.59,276.85,0.0,0.69,100.0,3,On,1397.74,371.18
1790498940000000000,2026-09-27T08:49:00Z,controller 2,0.895,2.227,13.14,260.2,20.83,0.0,0.83,100.0,3,On,1369.66,342.82
1790499000000000000,2026-09-27T08:50:00Z,controller 2,0.879,2.703,37.04,414.8,265.68,0.0,1.06,100.0,1,On,1390.47,320.37
1790499060000000000,2026-09-27T08:51:00Z,controller 1,0.862,2.38,99.11,74.47,155.02,0.0,0.87,100.0,2,On,1438.38,314.98
1790499120000000000,2026-09-27T08:52:00Z,free response,0.912,2.689,24.21,77.29,430.87,0.0,1.17,100.0,3,On,1448.6,321.09
1790499180000000000,2026-09-27T08:53:00Z,controller 1,0.915,2.179,165.73,435.42,129.43,0.0,0.87,100.0,2,On,1412.16,325.35
1790499240000000000,2026-09-27T08:54:00Z,controller 2,0.806,2.15,22.71,347.13,312.73,0.0,0.66,100.0,2,On,1418.16,349.01
1790499300000000000,2026-09-27T08:55:00Z,controller 2,0.833,2.126,35.44,215.7,289.95,0.0,0.68,100.0,1,On,1397.53,356.01
1790499360000000000,2026-09-27T08:56:00Z,controller 2,0.845,2.146,127.28,10.86,174.17,0.0,0.78,100.0,1,On,1430.33,353.87
1790499420000000000,2026-09-27T08:57:00Z,controller 2,0.876,2.003,84.88,448.09,183.05,0.0,0.72,100.0,3,On,1399.53,336.48
1790499480000000000,2026-09-27T08:58:00Z,controller 1,0.814,2.185,38.23,66.37,159.84,0.0,0.78,100.0,2,On,782.01,915.05
1790499540000000000,2026-09-27T08:59:00Z,controller 1,0.843,2.568,154.09,362.77,100.05,0.0,0.9,100.0,3,On,788.34,943.31
1790499600000000000,2026-09-27T09:00:00Z,controller 2,2.822,5.566,74.49,44.96,191.0,0.0,22.53,100.0,2,On,802.63,953.22
1790499660000000000,2026-09-27T09:01:00Z,free response,2.822,5.724,197.43,150.63,175.09,0.0,25.01,100.0,2,On,832.06,972.12
1790499720000000000,2026-09-27T09:02:00Z,controller 1,2.859,6.019,-24.18,139.8,373.0,0.0,22.47,100.0,1,On,872.26,948.94
1790499780000000000,2026-09-27T09:03:00Z,controller 2,2.771,6.123,124.45,189.39,92.48,0.0,23.27,100.0,1,On,920.39,948.21
1790499840000000000,2026-09-27T09:04:00Z,controller 1,2.822,5.391,7.93,189.38,430.43,0.0,21.61,100.0,3,On,881.76,970.24
1790499900000000000,2026-09-27T09:05:00Z,free response,2.91,5.665,96.1,242.09,308.52,0.0,25.23,100.0,3,On,914.93,985.87
1790499960000000000,2026-09-27T09:06:00Z,free response,2.759,5.852,176.92,411.46,211.31,0.0,21.04,100.0,2,On,891.74,997.75
1790500020000000000,2026-09-27T09:07:00Z,controller 1,2.81,5.376,103.3,182.86,390.18,0.0,20.8,100.0,3,On,895.59,990.33
1790500080000000000,2026-09-27T09:08:00Z,controller 2,2.835,5.901,60.57,275.51,121.5,0.0,21.77,100.0,3,On,875.95,1000.0
1790500140000000000,2026-09-27T09:09:00Z,controller 2,2.869,5.985,189.83,61.38,330.07,0.0,24.56,100.0,1,On,859.89,972.59
1790500200000000000,2026-09-27T09:10:00Z,controller 1,2.756,5.829,171.92,254.36,207.28,0.0,22.09,100.0,2,On,812.93,951.44
1790500260000000000,2026-09-27T09:11:00Z,controller 1,2.834,6.029,78.65,271.99,299.25,0.0,26.47,100.0,3,On,823.0,922.51
1790500320000000000,2026-09-27T09:12:00Z,free response,2.81,5.803,109.83,11.59,522.05,0.0,21.07,100.0,3,On,856.91,915.18
1790500380000000000,2026-09-27T09:13:00Z,controller 2,2.805,5.368,195.33,290.96,145.45,0.0,21.91,100.0,2,On,884.78,912.39
1790500440000000000,2026-09-27T09:14:00Z,free response,2.794,5.942,130.86,60.76,59.89,0.0,24.29,100.0,3,On,897.21,885.8
1790500500000000000,2026-09-27T09:15:00Z,controller 1,2.789,5.401,-14.56,69.91,183.65,0.0,22.97,100.0,2,On,905.87,857.43
1790500560000000000,2026-09-27T09:16:00Z,free response,2.842,5.802,174.59,372.25,77.47,0.0,22.56,100.0,2,On,903.77,838.41
1790500620000000000,2026-09-27T09:17:00Z,free response,2.904,5.997,127.72,225.66,349.9,0.0,23.91,100.0,3,On,935.78,858.07
1790500680000000000,2026-09-27T09:18:00Z,controller 1,2.839,5.819,76.19,433.91,475.03,0.0,21.13,100.0,1,Starting,890.16,839.58
1790500740000000000,2026-09-27T09:19:00Z,controller 2,2.823,5.854,156.56,102.45,456.62,0.0,23.37,100.0,2,Starting,897.47,846.72
1790500800000000000,2026-09-27T09:20:00Z,controller 2,2.863,6.108,7.76,162.91,495.4,0.0,26.71,100.0,1,Starting,936.93,838.63
1790500860000000000,2026-09-27T09:21:00Z,controller 1,2.901,5.852,185.27,428.27,415.26,0.0,24.92,100.0,2,Starting,917.72,851.27
1790500920000000000,2026-09-27T09:22:00Z,controller 1,2.799,5.927,134.16,378.58,244.96,0.0,21.76,100.0,3,Starting,944.59,829.72
1790500980000000000,2026-09-27T09:23:00Z,controller 2,2.862,5.536,74.47,35.28,257.59,0.04,20.87,100.0,3,Starting,898.1,824.38
1790501040000000000,2026-09-27T09:24:00Z,free response,2.78,5.756,6.25,206.13,52.58,0.1,20.48,100.0,1,Starting,919.5,811.0
1790501100000000000,2026-09-27T09:25:00Z,controller 2,2.783,5.381,158.06,60.23,269.35,0.13,20.73,100.0,3,Starting,904.56,804.75
1790501160000000000,2026-09-27T09:26:00Z,controller 1,2.835,5.773,188.47,93.45,365.67,0.19,24.16,100.0,1,Starting,944.8,833.38
1790501220000000000,2026-09-27T09:27:00Z,free response,2.879,5.707,111.73,295.85,533.41,0.26,24.31,100.0,2,Starting,934.03,815.59
1790501280000000000,2026-09-27T09:28:00Z,free response,2.923,5.689,136.5,408.48,474.6,0.32,25.08,100.0,2,Starting,891.33,797.31
1790501340000000000,2026-09-27T09:29:00Z,controller 2,2.842,5.993,177.8,79.74,336.38,0.36,23.37,100.0,3,Starting,910.29,818.49
1790501400000000000,2026-09-27T09:30:00Z,free response,1.621,12.739,159.95,392.28,487.02,0.38,18.39,100.0,1,Starting,883.14,836.15
1790501460000000000,2026-09-27T09:31:00Z,controller 2,1.66,12.403,109.47,6.69,297.87,0.44,15.47,100.0,3,Starting,852.07,850.95
1790501520000000000,2026-09-27T09:32:00Z,controller 2,1.669,12.972,125.35,109.96,565.86,0.49,18.46,100.0,1,Starting,1110.15,512.76
1790501580000000000,2026-09-27T09:33:00Z,free response,1.691,12.375,26.1,126.55,254.43,0.58,18.07,100.0,1,Starting,1110.43,521.29
1790501640000000000,2026-09-27T09:34:00Z,controller 1,1.595,12.751,190.66,214.86,168.4,0.61,16.42,100.0,2,Starting,1118.41,515.47
1790501700000000000,2026-09-27T09:35:00Z,free response,1.663,12.395,97.96,125.55,160.5,0.7,18.05,100.0,2,Starting,1145.91,489.08
1790501760000000000,2026-09-27T09:36:00Z,free response,1.538,12.819,190.33,41.73,382.05,0.75,16.61,100.0,1,Starting,1168.07,462.53
1790501820000000000,2026-09-27T09:37:00Z,controller 2,1.705,12.527,101.56,369.79,178.91,0.79,19.81,100.0,1,Starting,1179.39,443.9
1790501880000000000,2026-09-27T09:38:00Z,controller 1,1.536,12.777,175.07,63.28,468.33,0.84,13.8,100.0,3,Starting,1185.97,426.83
1790501940000000000,2026-09-27T09:39:00Z,free response,1.586,12.929,63.47,411.5,400.54,0.89,17.36,100.0,2,Starting,1163.96,448.42
1790502000000000000,2026-09-27T09:40:00Z,free response,1.614,12.389,76.7,353.97,64.07,0.96,16.63,100.0,1,Starting,1192.86,473.69
1790502060000000000,2026-09-27T09:41:00Z,controller 1,1.592,12.801,104.08,18.33,336.27,1.03,14.78,100.0,1,Starting,1204.69,448.33
1790502120000000000,2026-09-27T09:42:00Z,controller 2,1.544,12.833,102.48,417.63,104.3,1.07,14.3,100.0,2,Starting,1232.26,419.47
1790502180000000000,2026-09-27T09:43:00Z,controller 2,1.62,12.947,74.55,109.02,578.61,1.1,18.27,100.0,2,Starting,1208.84,415.34
1790502240000000000,2026-09-27T09:44:00Z,free response,1.597,12.373,104.28,203.88,259.75,1.18,17.02,100.0,3,Starting,1180.02,409.68
1790502300000000000,2026-09-27T09:45:00Z,free response,1.688,12.409,9.69,402.09,441.11,1.27,18.75,100.0,2,Starting,516.39,423.43
1790502360000000000,2026-09-27T09:46:00Z,controller 2,1.526,12.805,-23.61,198.22,555.22,1.35,16.08,100.0,2,Starting,486.59,410.96
1790502420000000000,2026-09-27T09:47:00Z,controller 2,1.66,12.464,151.05,331.79,424.99,1.44,18.37,100.0,2,Starting,532.98,434.45
1790502480000000000,2026-09-27T09:48:00Z,free response,1.674,13.022,83.89,441.52,454.63,1.49,19.11,100.0,2,Starting,578.95,425.38
1790502540000000000,2026-09-27T09:49:00Z,controller 1,1.569,12.626,198.49,36.5,295.01,1.54,14.53,100.0,1,Starting,577.18,440.08
1790502600000000000,2026-09-27T09:50:00Z,controller 2,1.598,12.488,117.0,323.63,188.11,1.61,17.43,100.0,1,Starting,619.89,449.41
1790502660000000000,2026-09-27T09:51:00Z,controller 2,1.614,12.647,108.75,120.05,527.26,1.66,15.51,100.0,2,Starting,579.78,446.99
1790502720000000000,2026-09-27T09:52:00Z,controller 1,1.681,12.828,119.81,56.45,479.96,1.75,18.9,100.0,3,Starting,544.64,425.05
1790502780000000000,2026-09-27T09:53:00Z,controller 1,1.66,12.761,99.56,53.73,284.65,1.81,17.02,100.0,1,Starting,560.06,398.25
1790502840000000000,2026-09-27T09:54:00Z,free response,1.616,12.588,-25.19,99.41,218.18,1.9,17.45,100.0,1,Starting,605.26,411.77
1790502900000000000,2026-09-27T09:55:00Z,controller 1,1.701,12.528,192.65,61.32,560.66,1.97,18.36,100.0,1,Starting,606.45,434.38
1790502960000000000,2026-09-27T09:56:00Z,free response,1.705,12.66,134.99,87.03,284.19,2.0,17.16,100.0,2,Starting,619.76,423.25
1790503020000000000,2026-09-27T09:57:00Z,controller 1,1.703,12.75,112.13,196.08,497.73,2.07,20.24,100.0,1,Starting,583.48,440.83
1790503080000000000,2026-09-27T09:58:00Z,free response,1.563,12.273,0.23,306.97,159.27,2.1,13.84,100.0,3,Starting,600.36,432.54
1790503140000000000,2026-09-27T09:59:00Z,controller 2,1.621,12.951,40.97,338.23,458.65,2.15,17.45,100.0,3,Starting,569.69,414.75
1790503200000000000,2026-09-27T10:00:00Z,free response,0.075,2.172,-4.09,123.67,385.61,2.24,0.01,100.0,3,Starting,599.08,421.38
1790503260000000000,2026-09-27T10:01:00Z,controller 1,0.159,2.546,123.61,318.02,273.19,2.33,0.03,100.0,1,Starting,606.37,414.52
1790503320000000000,2026-09-27T10:02:00Z,free response,0.102,2.09,155.54,14.57,32.76,2.38,0.01,100.0,2,Starting,574.51,403.75
1790503380000000000,2026-09-27T10:03:00Z,controller 2,0.106,2.565,153.44,335.38,446.64,2.45,0.02,100.0,1,Starting,673.99,797.58
1790503440000000000,2026-09-27T10:04:00Z,free response,0.072,2.101,193.15,65.65,40.53,2.5,0.01,100.0,3,Starting,714.36,786.07
1790503500000000000,2026-09-27T10:05:00Z,free response,0.166,2.417,83.93,304.83,477.95,2.56,0.03,100.0,1,Starting,742.37,799.08
1790503560000000000,2026-09-27T10:06:00Z,controller 2,0.163,2.472,-18.75,206.63,14.43,2.65,0.04,100.0,1,Starting,709.69,816.02
1790503620000000000,2026-09-27T10:07:00Z,controller 1,0.006,2.544,75.4,247.87,230.16,2.7,0.0,0.0,2,On,681.79,791.82
1790503680000000000,2026-09-27T10:08:00Z,controller 2,0.011,2.606,167.78,87.05,207.98,2.79,0.0,0.0,1,On,704.45,572.4
1790503740000000000,2026-09-27T10:09:00Z,controller 1,0.166,2.672,-17.26,123.28,104.98,2.88,0.04,100.0,3,On,680.03,546.23
1790503800000000000,2026-09-27T10:10:00Z,controller 2,0.034,2.58,169.0,243.57,106.72,2.92,0.0,0.0,1,On,633.49,554.12
1790503860000000000,2026-09-27T10:11:00Z,controller 2,0.147,2.248,55.92,80.33,321.56,2.97,0.03,100.0,2,On,627.64,555.51
1790503920000000000,2026-09-27T10:12:00Z,controller 1,0.061,2.722,88.66,102.84,278.1,3.02,0.0,0.0,3,On,677.31,548.63
1790503980000000000,2026-09-27T10:13:00Z,controller 2,0.077,2.254,183.69,27.19,265.33,3.1,0.01,100.0,3,On,683.55,576.19
1790504040000000000,2026-09-27T10:14:00Z,controller 2,0.113,2.394,182.87,256.96,47.45,3.19,0.01,100.0,1,On,640.06,570.31
1790504100000000000,2026-09-27T10:15:00Z,controller 2,0.125,2.589,29.85,50.65,321.32,3.27,0.02,100.0,3,On,601.49,562.31
1790504160000000000,2026-09-27T10:16:00Z,free response,0.097,2.509,-16.71,357.63,277.43,3.34,0.01,100.0,3,On,577.66,575.83
1790504220000000000,2026-09-27T10:17:00Z,controller 1,0.09,2.312,169.12,371.89,569.41,3.4,0.01,100.0,1,On,624.83,569.33
1790504280000000000,2026-09-27T10:18:00Z,free response,0.121,2.199,41.94,40.22,440.94,3.49,0.02,100.0,2,On,1307.49,928.26
1790504340000000000,2026-09-27T10:19:00Z,controller 2,0.07,2.711,134.47,172.3,328.13,3.54,0.01,100.0,3,On,1258.93,913.1
1790504400000000000,2026-09-27T10:20:00Z,free response,0.085,2.322,74.79,316.76,568.64,3.59,0.01,100.0,3,On,1240.83,888.05
1790504460000000000,2026-09-27T10:21:00Z,free response,0.055,2.382,158.37,426.92,242.58,3.63,0.0,0.0,1,On,1222.61,867.04
1790504520000000000,2026-09-27T10:22:00Z,controller 1,0.063,2.153,150.03,187.94,572.11,3.7,0.0,0.0,3,On,1259.64,882.89
1790504580000000000,2026-09-27T10:23:00Z,free response,0.077,2.373,-22.01,240.7,195.8,3.78,0.01,100.0,1,On,1280.37,869.09
1790504640000000000,2026-09-27T10:24:00Z,free response,0.057,2.4,41.44,204.61,585.76,3.83,0.0,0.0,2,On,1257.99,842.96
1790504700000000000,2026-09-27T10:25:00Z,controller 1,0,2.216,95.0,241.41,294.56,3.88,0.0,0.0,3,On,1247.7,866.02
1790504760000000000,2026-09-27T10:26:00Z,controller 2,0.112,2.49,41.82,218.7,594.11,3.97,0.01,100.0,2,On,1290.59,841.58
1790504820000000000,2026-09-27T10:27:00Z,controller 1,0.042,2.243,143.02,154.1,108.9,4.02,0.0,0.0,3,On,1266.29,859.38
1790504880000000000,2026-09-27T10:28:00Z,controller 2,0.059,2.38,86.89,374.32,25.52,4.06,0.0,0.0,2,On,1283.63,888.96
1790504940000000000,2026-09-27T10:29:00Z,free response,0.137,2.078,80.3,96.33,161.59,4.12,0.02,100.0,1,On,1246.09,859.01
1790505000000000000,2026-09-27T10:30:00Z,controller 1,0.863,5.701,74.87,285.95,185.64,4.16,2.01,100.0,2,On,1292.67,883.13
1790505060000000000,2026-09-27T10:31:00Z,controller 2,0.77,5.727,-13.79,47.51,194.67,4.25,1.74,100.0,3,On,1312.33,869.22
1790505120000000000,2026-09-27T10:32:00Z,controller 1,0.774,5.647,94.4,76.46,81.79,4.28,1.71,100.0,3,On,1313.05,891.96
1790505180000000000,2026-09-27T10:33:00Z,controller 1,0.904,5.491,-17.5,387.63,473.56,4.35,2.24,100.0,2,On,1283.52,908.16
1790505240000000000,2026-09-27T10:34:00Z,controller 1,0.786,5.475,79.18,120.43,436.92,4.44,1.71,100.0,1,On,1272.6,907.42
1790505300000000000,2026-09-27T10:35:00Z,controller 1,0.751,6.073,92.18,441.41,22.7,4.48,1.76,100.0,3,On,1266.06,917.3
1790505360000000000,2026-09-27T10:36:00Z,free response,0.794,5.64,171.95,90.09,368.65,4.52,1.69,100.0,2,On,1290.76,927.0
1790505420000000000,2026-09-27T10:37:00Z,controller 1,0.773,5.398,-26.39,445.36,319.97,4.55,1.66,100.0,1,On,1303.86,949.69
1790505480000000000,2026-09-27T10:38:00Z,controller 2,0.918,5.771,86.62,449.88,555.04,4.58,2.64,100.0,1,On,1270.25,947.23
1790505540000000000,2026-09-27T10:39:00Z,free response,0.84,5.617,75.01,224.23,431.51,4.63,2.13,100.0,3,On,1279.66,920.71
1790505600000000000,2026-09-27T10:40:00Z,free response,0.769,5.9,17.63,80.21,231.35,4.7,1.77,100.0,3,On,1311.37,898.42
1790505660000000000,2026-09-27T10:41:00Z,free response,0.916,5.373,173.58,249.88,345.79,4.74,2.18,100.0,1,On,1317.48,879.33
1790505720000000000,2026-09-27T10:42:00Z,free response,0.826,5.924,-22.93,273.43,33.32,4.82,2.1,100.0,3,On,1349.8,888.92
1790505780000000000,2026-09-27T10:43:00Z,controller 2,0.821,6.083,159.51,28.28,163.54,4.87,1.89,100.0,1,On,1319.17,878.89
1790505840000000000,2026-09-27T10:44:00Z,controller 1,0.857,5.405,118.14,24.83,540.32,4.91,2.07,100.0,3,On,1337.41,878.2
1790505900000000000,2026-09-27T10:45:00Z,free response,0.776,5.461,47.38,64.66,122.72,4.96,1.58,100.0,1,On,1329.05,884.24
1790505960000000000,2026-09-27T10:46:00Z,controller 2,0.845,6.116,82.04,93.05,355.72,4.99,2.05,100.0,2,On,1362.21,877.06
1790506020000000000,2026-09-27T10:47:00Z,controller 1,0.765,5.7,106.65,440.52,49.82,5.03,1.57,100.0,3,On,1347.89,858.65
1790506080000000000,2026-09-27T10:48:00Z,controller 2,0.777,5.909,25.77,6.95,135.79,5.08,1.7,100.0,1,On,1300.76,847.57
1790506140000000000,2026-09-27T10:49:00Z,controller 2,0.898,6.049,114.71,295.11,283.05,5.12,2.5,100.0,3,On,1264.46,845.27
1790506200000000000,2026-09-27T10:50:00Z,controller 2,0.872,5.988,169.91,116.14,8.22,5.21,2.32,100.0,2,On,1283.86,859.93
1790506260000000000,2026-09-27T10:51:00Z,controller 1,0.849,5.856,176.92,96.74,311.95,5.26,2.03,100.0,1,On,1292.86,846.09
1790506320000000000,2026-09-27T10:52:00Z,controller 2,0.873,5.427,97.71,114.56,507.12,5.31,1.9,100.0,3,On,1299.89,832.14
1790506380000000000,2026-09-27T10:53:00Z,controller 1,0.814,5.556,145.02,92.68,350.56,5.35,1.8,100.0,1,On,1346.79,823.9
1790506440000000000,2026-09-27T10:54:00Z,controller 2,0.858,5.643,98.09,422.8,51.08,5.39,2.18,100.0,3,On,1307.75,817.69
1790506500000000000,2026-09-27T10:55:00Z,controller 2,0.772,5.652,39.62,168.28,226.63,5.42,1.81,100.0,2,On,1327.02,830.42
1790506560000000000,2026-09-27T10:56:00Z,controller 1,0.89,5.349,-19.13,235.16,425.77,5.45,1.96,100.0,3,On,1321.02,818.5
1790506620000000000,2026-09-27T10:57:00Z,free response,0.919,5.759,9.47,124.9,27.24,5.5,2.44,100.0,3,On,1304.5,834.27
1790506680000000000,2026-09-27T10:58:00Z,free response,0.768,5.439,197.58,125.47,383.12,5.57,1.71,100.0,3,On,1339.11,834.79
1790506740000000000,2026-09-27T10:59:00Z,controller 2,0.847,5.481,186.58,447.11,82.15,5.65,1.88,100.0,2,On,1359.32,850.19
1790506800000000000,2026-09-27T11:00:00Z,controller 1,0.964,8.176,33.39,203.09,365.9,5.71,3.53,100.0,3,On,1377.81,856.08
1790506860000000000,2026-09-27T11:01:00Z,free response,0.891,7.902,-18.27,397.48,427.02,5.77,3.01,100.0,2,On,1399.73,864.64
1790506920000000000,2026-09-27T11:02:00Z,controller 1,0.936,7.885,81.85,5.55,520.99,5.83,3.15,100.0,3,On,1429.44,866.44
1790506980000000000,2026-09-27T11:03:00Z,controller 2,1.002,8.138,-20.16,310.12,32.1,5.89,3.88,100.0,1,On,1439.19,863.84
1790507040000000000,2026-09-27T11:04:00Z,controller 2,1.015,7.889,-5.69,434.87,357.11,5.92,3.86,100.0,3,On,1473.99,865.11
1790507100000000000,2026-09-27T11:05:00Z,free response,1.012,8.108,114.61,164.1,202.58,5.96,4.42,100.0,2,On,1459.63,889.38
1790507160000000000,2026-09-27T11:06:00Z,controller 1,0.843,8.156,-5.6,323.84,114.83,6.02,3.02,100.0,1,On,1493.19,890.42
1790507220000000000,2026-09-27T11:07:00Z,controller 1,0.89,8.115,51.09,91.81,323.76,6.1,3.09,100.0,1,On,1461.47,881.58
1790507280000000000,2026-09-27T11:08:00Z,controller 1,0.876,8.063,-20.16,387.6,115.83,6.17,2.98,100.0,2,On,1417.28,877.72
1790507340000000000,2026-09-27T11:09:00Z,controller 2,0.934,8.118,103.65,252.71,483.81,6.21,3.5,100.0,3,On,1445.52,878.1
1790507400000000000,2026-09-27T11:10:00Z,free response,1.008,8.548,178.42,343.99,9.9,6.27,4.73,100.0,2,On,1487.15,871.67
1790507460000000000,2026-09-27T11:11:00Z,controller 1,0.971,8.414,149.34,201.09,483.98,6.32,4.29,100.0,2,On,1482.95,846.93
1790507520000000000,2026-09-27T11:12:00Z,controller 1,0.968,8.449,182.14,118.03,5.82,6.39,3.71,100.0,2,On,1433.86,829.54
1790507580000000000,2026-09-27T11:13:00Z,free response,0.86,8.243,20.08,348.2,40.6,6.45,2.98,100.0,3,On,1412.43,843.9
1790507640000000000,2026-09-27T11:14:00Z,controller 1,0.997,8.032,31.4,290.52,2.33,6.47,3.76,61.97,1,On,1378.99,860.99
1790507700000000000,2026-09-27T11:15:00Z,controller 2,1.01,8.081,-9.54,180.1,405.09,6.55,3.79,100.0,2,On,1354.82,850.73
1790507760000000000,2026-09-27T11:16:00Z,controller 1,0.958,8.113,158.85,378.22,116.62,6.61,3.8,100.0,3,On,1326.15,861.1
1790507820000000000,2026-09-27T11:17:00Z,controller 2,0.936,8.175,135.84,131.87,415.72,6.7,3.85,100.0,3,On,1316.99,848.83
1790507880000000000,2026-09-27T11:18:00Z,controller 2,0.951,7.892,121.77,418.92,411.39,6.75,3.8,100.0,3,On,1299.04,841.37
1790507940000000000,2026-09-27T11:19:00Z,controller 1,0.908,8.219,170.9,158.89,540.68,6.82,3.3,100.0,3,On,1271.26,817.97
1790508000000000000,2026-09-27T11:20:00Z,free response,0.857,8.234,46.89,340.46,381.79,6.87,3.17,100.0,1,On,1234.41,795.75
1790508060000000000,2026-09-27T11:21:00Z,controller 2,0.976,8.527,141.98,100.19,361.5,6.96,4.27,100.0,1,On,1230.58,786.42
1790508120000000000,2026-09-27T11:22:00Z,free response,0.943,8.061,-2.35,111.17,251.71,7.0,3.64,100.0,2,On,1260.4,808.25
1790508180000000000,2026-09-27T11:23:00Z,controller 1,0.919,8.64,92.26,276.29,394.57,7.04,3.55,100.0,1,On,1220.14,807.35
1790508240000000000,2026-09-27T11:24:00Z,free response,1.01,8.057,193.53,33.35,599.93,7.11,3.83,100.0,2,On,1200.87,791.02
1790508300000000000,2026-09-27T11:25:00Z,controller 1,0.996,8.417,159.79,283.88,417.86,7.18,4.12,100.0,2,On,1166.7,792.75
1790508360000000000,2026-09-27T11:26:00Z,controller 1,0.999,8.256,39.83,182.8,386.68,7.24,4.03,100.0,2,On,1118.6,784.73
1790508420000000000,2026-09-27T11:27:00Z,controller 2,1.009,8.216,85.58,253.93,215.55,7.32,3.81,100.0,1,On,1123.88,755.3
1790508480000000000,2026-09-27T11:28:00Z,controller 1,0.934,7.924,185.15,240.62,575.78,7.39,3.14,100.0,1,On,1118.11,743.28
1790508540000000000,2026-09-27T11:29:00Z,controller 1,1.003,8.407,147.04,210.07,154.93,7.44,3.85,100.0,2,On,1116.3,727.78
1790508600000000000,2026-09-27T11:30:00Z,controller 2,1.802,7.95,29.37,420.08,14.77,7.52,13.85,100.0,2,On,1095.39,738.08
1790508660000000000,2026-09-27T11:31:00Z,free response,1.669,7.919,-6.73,28.67,90.97,7.55,11.51,100.0,1,On,1139.07,764.76
1790508720000000000,2026-09-27T11:32:00Z,free response,1.666,8.609,134.03,385.79,402.23,7.63,12.05,100.0,2,On,1127.4,794.66
1790508780000000000,2026-09-27T11:33:00Z,controller 2,1.824,8.575,73.47,308.35,479.59,7.7,13.94,100.0,3,On,565.5,836.13
1790508840000000000,2026-09-27T11:34:00Z,controller 1,1.656,8.139,99.97,307.09,563.3,7.73,10.58,100.0,2,On,544.45,845.71
1790508900000000000,2026-09-27T11:35:00Z,controller 1,1.78,7.923,47.41,242.21,157.18,7.79,12.37,100.0,2,On,501.37,825.9
1790508960000000000,2026-09-27T11:36:00Z,controller 1,1.778,8.484,107.18,58.12,516.26,7.82,14.15,100.0,3,On,458.5,819.06
1790509020000000000,2026-09-27T11:37:00Z,free response,1.786,7.943,101.55,230.08,400.06,7.86,13.71,100.0,3,On,471.32,814.47
1790509080000000000,2026-09-27T11:38:00Z,controller 1,1.702,7.902,69.63,364.51,56.65,7.91,12.09,100.0,3,On,451.97,799.6
1790509140000000000,2026-09-27T11:39:00Z,controller 2,1.656,8.271,-23.09,79.43,250.86,7.99,12.3,100.0,3,On,469.63,797.0
1790509200000000000,2026-09-27T11:40:00Z,free response,1.68,8.324,151.52,113.39,50.88,8.04,11.14,100.0,1,On,472.98,801.53
1790509260000000000,2026-09-27T11:41:00Z,controller 1,1.763,8.07,56.81,295.43,395.89,8.08,12.85,100.0,3,On,472.08,776.6
1790509320000000000,2026-09-27T11:42:00Z,controller 2,1.746,7.969,182.34,305.49,330.24,8.15,12.61,100.0,1,On,455.56,776.89
1790509380000000000,2026-09-27T11:43:00Z,free response,1.828,7.952,36.3,446.76,209.75,8.22,12.95,100.0,2,On,476.36,801.34
1790509440000000000,2026-09-27T11:44:00Z,controller 1,1.67,8.387,68.36,132.83,575.8,8.3,12.82,100.0,1,On,442.21,795.47
1790509500000000000,2026-09-27T11:45:00Z,controller 2,1.719,8.451,178.68,339.63,443.57,8.35,13.15,100.0,2,On,426.48,786.3
1790509560000000000,2026-09-27T11:46:00Z,controller 1,1.782,7.893,0.53,214.81,7.27,8.41,12.33,58.96,1,On,403.11,773.49
1790509620000000000,2026-09-27T11:47:00Z,free response,1.75,8.308,131.32,298.59,401.53,8.46,13.44,100.0,1,On,375.03,773.0
1790509680000000000,2026-09-27T11:48:00Z,controller 1,1.745,8.142,181.33,134.51,527.84,8.5,11.59,100.0,1,On,388.69,791.31
1790509740000000000,2026-09-27T11:49:00Z,free response,1.771,8.205,97.76,76.78,534.85,8.58,13.62,100.0,2,On,424.83,784.1
1790509800000000000,2026-09-27T11:50:00Z,controller 1,1.657,8.468,197.04,131.9,16.97,8.65,11.82,100.0,2,On,439.95,802.08
1790509860000000000,2026-09-27T11:51:00Z,controller 1,1.76,8.143,15.18,212.73,74.18,8.73,12.08,100.0,3,On,471.02,792.93
1790509920000000000,2026-09-27T11:52:00Z,free response,1.689,8.218,14.48,310.51,12.54,8.76,11.62,100.0,2,On,422.27,763.44
1790509980000000000,2026-09-27T11:53:00Z,free response,1.806,7.974,73.34,215.97,499.6,8.84,12.02,100.0,2,On,383.95,751.65
1790510040000000000,2026-09-27T11:54:00Z,controller 1,1.771,8.057,16.83,363.6,77.51,8.9,12.19,100.0,2,On,399.25,759.27
1790510100000000000,2026-09-27T11:55:00Z,controller 1,1.756,8.47,106.45,136.81,217.13,8.98,11.8,100.0,2,On,425.93,782.26
1790510160000000000,2026-09-27T11:56:00Z,free response,1.71,8.257,-9.87,355.59,185.83,9.05,11.48,100.0,2,On,431.06,766.97
1790510220000000000,2026-09-27T11:57:00Z,free response,1.712,8.03,171.47,237.28,105.61,9.08,11.41,100.0,1,On,455.22,740.72
1790510280000000000,2026-09-27T11:58:00Z,free response,1.809,8.267,136.25,412.02,368.62,9.11,14.02,100.0,3,On,455.86,769.41
1790510340000000000,2026-09-27T11:59:00Z,free response,1.696,7.994,121.04,376.11,256.06,9.18,12.21,100.0,1,On,464.24,774.2
1790510400000000000,2026-09-27T12:00:00Z,free response,1.253,12.847,143.54,4.48,235.24,9.26,9.36,100.0,2,On,447.38,745.38
1790510460000000000,2026-09-27T12:01:00Z,controller 1,1.282,13.016,48.35,192.74,219.32,9.34,10.79,100.0,3,On,427.57,734.03
1790510520000000000,2026-09-27T12:02:00Z,controller 2,1.357,12.759,-23.49,43.01,375.36,9.42,10.88,100.0,1,On,437.41,716.63
1790510580000000000,2026-09-27T12:03:00Z,controller 1,1.321,12.891,-18.09,355.6,366.4,9.51,11.92,100.0,3,Off,477.78,734.98
1790510640000000000,2026-09-27T12:04:00Z,controller 1,1.246,13.013,185.32,111.6,537.09,9.54,10.7,100.0,2,Off,452.49,714.14
1790510700000000000,2026-09-27T12:05:00Z,controller 1,1.353,12.902,-21.77,383.12,199.77,9.61,10.68,100.0,1,Off,491.02,714.3
1790510760000000000,2026-09-27T12:06:00Z,controller 2,1.228,12.622,6.59,437.79,156.78,9.64,10.08,100.0,3,Off,517.99,699.46
1790510820000000000,2026-09-27T12:07:00Z,free response,1.214,12.904,144.32,173.78,567.72,9.7,10.45,100.0,3,Off,488.03,710.65
1790510880000000000,2026-09-27T12:08:00Z,controller 1,1.245,12.654,-5.43,169.68,405.14,9.76,9.32,100.0,2,Off,518.99,719.87
1790510940000000000,2026-09-27T12:09:00Z,free response,1.26,12.731,179.94,374.83,434.25,9.85,10.93,100.0,2,Off,524.56,743.66
1790511000000000000,2026-09-27T12:10:00Z,controller 2,1.302,13.202,58.66,387.71,372.88,9.88,11.42,100.0,3,Off,500.22,770.82
1790511060000000000,2026-09-27T12:11:00Z,controller 1,1.355,12.497,129.44,424.56,26.24,9.96,10.38,100.0,1,Off,502.28,745.45
1790511120000000000,2026-09-27T12:12:00Z,free response,1.351,13.069,12.71,17.39,354.38,10.04,12.51,100.0,3,Off,533.09,762.66
1790511180000000000,2026-09-27T12:13:00Z,controller 1,1.282,12.661,170.99,182.14,560.13,10.08,9.56,100.0,3,Off,526.45,738.26
1790511240000000000,2026-09-27T12:14:00Z,controller 1,1.297,12.646,95.33,376.36,410.53,10.16,10.88,100.0,3,Off,519.46,767.71
1790511300000000000,2026-09-27T12:15:00Z,free response,1.337,12.87,100.94,341.74,336.13,10.22,11.82,100.0,2,Off,560.84,791.46
1790511360000000000,2026-09-27T12:16:00Z,free response,1.198,12.938,31.64,214.72,521.35,10.29,8.76,100.0,2,Off,577.0,815.55
1790511420000000000,2026-09-27T12:17:00Z,controller 1,1.206,12.891,150.78,11.42,411.42,10.33,9.68,100.0,3,Off,582.16,786.06
1790511480000000000,2026-09-27T12:18:00Z,controller 2,1.202,12.876,-14.19,162.11,536.99,10.35,8.65,100.0,2,Off,613.94,758.01
1790511540000000000,2026-09-27T12:19:00Z,controller 1,1.34,13.012,72.99,198.07,580.69,10.41,12.83,100.0,2,Off,568.45,767.7
1790511600000000000,2026-09-27T12:20:00Z,free response,1.206,12.72,137.95,20.65,80.66,10.46,8.42,100.0,3,Off,555.66,772.38
1790511660000000000,2026-09-27T12:21:00Z,controller 1,1.291,12.576,99.69,127.56,593.11,10.5,10.52,100.0,1,Off,574.66,783.71
1790511720000000000,2026-09-27T12:22:00Z,controller 1,1.265,12.932,-21.92,136.38,267.35,10.53,9.71,100.0,3,Off,530.59,791.6
1790511780000000000,2026-09-27T12:23:00Z,controller 2,1.278,12.62,37.71,123.41,154.46,10.57,10.89,100.0,3,Off,481.26,819.7
1790511840000000000,2026-09-27T12:24:00Z,controller 2,1.322,12.585,4.72,103.74,39.85,10.62,12.1,100.0,3,Off,444.03,810.29
1790511900000000000,2026-09-27T12:25:00Z,free response,1.236,12.971,21.61,326.93,583.39,10.7,10.35,100.0,1,Off,448.8,790.85
1790511960000000000,2026-09-27T12:26:00Z,free response,1.281,13.204,-9.25,20.98,569.85,10.78,10.87,100.0,2,Off,438.2,811.13
1790512020000000000,2026-09-27T12:27:00Z,controller 2,1.23,12.658,175.7,198.49,207.1,10.85,9.64,100.0,3,Off,486.12,782.23
1790512080000000000,2026-09-27T12:28:00Z,controller 2,1.286,12.806,59.86,384.39,477.84,10.9,10.61,100.0,3,Off,469.06,754.3
1790512140000000000,2026-09-27T12:29:00Z,controller 1,1.284,12.52,89.93,307.2,57.4,10.95,11.08,100.0,1,Off,510.8,735.13
1790512200000000000,2026-09-27T12:30:00Z,controller 2,0.41,7.828,172.16,371.98,372.15,11.02,0.66,100.0,1,Off,479.76,745.81
1790512260000000000,2026-09-27T12:31:00Z,controller 1,0.367,7.646,140.43,330.84,523.36,11.09,0.47,100.0,2,Off,437.24,727.55
1790512320000000000,2026-09-27T12:32:00Z,free response,0.285,8.077,113.77,346.6,30.41,11.17,0.31,100.0,2,Off,471.85,730.15
1790512380000000000,2026-09-27T12:33:00Z,controller 1,0.364,8.083,191.56,151.2,405.11,11.23,0.5,100.0,3,Off,427.42,719.48
1790512440000000000,2026-09-27T12:34:00Z,controller 2,0.398,7.822,-12.07,178.83,136.71,11.27,0.56,100.0,1,Off,457.53,728.1
1790512500000000000,2026-09-27T12:35:00Z,free response,0.356,7.927,39.16,14.84,268.4,11.33,0.45,100.0,1,Off,495.59,714.14
1790512560000000000,2026-09-27T12:36:00Z,controller 2,0.413,7.924,76.08,380.99,1.06,11.4,0.68,100.0,3,Off,516.82,690.6
1790512620000000000,2026-09-27T12:37:00Z,controller 1,0.363,7.628,177.11,434.03,392.53,11.46,0.49,100.0,2,Off,563.49,706.84
1790512680000000000,2026-09-27T12:38:00Z,controller 2,0.314,7.795,63.82,436.24,38.66,11.5,0.4,100.0,1,Off,582.52,706.24
1790512740000000000,2026-09-27T12:39:00Z,free response,0.269,8.313,13.49,86.26,164.65,11.59,0.3,100.0,1,Off,560.06,712.07
1790512800000000000,2026-09-27T12:40:00Z,free response,0.427,8.329,-12.31,284.95,572.27,11.64,0.71,100.0,3,Off,546.29,738.7
1790512860000000000,2026-09-27T12:41:00Z,controller 2,0.337,8.177,51.96,133.87,556.46,11.7,0.43,100.0,3,Off,550.68,734.94
1790512920000000000,2026-09-27T12:42:00Z,free response,0.327,8.239,13.68,188.84,472.69,11.77,0.46,100.0,2,Off,549.68,756.06
1790512980000000000,2026-09-27T12:43:00Z,free response,0.318,7.694,-0.7,125.88,59.11,11.81,0.36,100.0,1,Off,503.67,774.59
1790513040000000000,2026-09-27T12:44:00Z,controller 2,0.39,7.775,162.54,97.35,86.97,11.85,0.61,100.0,2,Off,453.7,754.51
1790513100000000000,2026-09-27T12:45:00Z,controller 2,0.377,7.71,54.87,431.76,545.59,11.94,0.54,100.0,2,Off,440.43,781.31
1790513160000000000,2026-09-27T12:46:00Z,controller 1,0.438,7.801,77.37,156.66,67.05,12.02,0.81,100.0,1,Off,442.23,781.78
1790513220000000000,2026-09-27T12:47:00Z,controller 2,0.396,7.964,144.86,321.54,291.29,12.08,0.58,100.0,1,Off,425.2,793.87
1790513280000000000,2026-09-27T12:48:00Z,free response,0.351,7.727,149.14,368.93,379.58,12.16,0.48,100.0,3,Off,422.87,814.64
1790513340000000000,2026-09-27T12:49:00Z,controller 1,0.426,7.911,151.94,103.26,386.39,12.22,0.77,100.0,1,Off,381.94,794.94
1790513400000000000,2026-09-27T12:50:00Z,free response,0.332,8.231,140.55,309.28,191.79,12.28,0.45,100.0,1,Off,406.9,824.51
1790513460000000000,2026-09-27T12:51:00Z,controller 2,0.374,7.656,176.09,294.17,191.26,12.36,0.5,100.0,3,Off,425.93,805.54
1790513520000000000,2026-09-27T12:52:00Z,free response,0.424,8.187,169.89,363.12,540.24,12.43,0.76,100.0,3,Off,463.28,777.67
1790513580000000000,2026-09-27T12:53:00Z,free response,0.384,8.171,82.54,347.16,168.22,12.49,0.59,100.0,3,Off,497.52,781.82
1790513640000000000,2026-09-27T12:54:00Z,controller 2,0.425,7.579,145.59,75.85,47.77,12.54,0.68,100.0,1,Off,452.62,789.25
1790513700000000000,2026-09-27T12:55:00Z,controller 2,0.332,7.766,159.06,147.2,183.26,12.61,0.41,100.0,2,Off,411.32,771.98
1790513760000000000,2026-09-27T12:56:00Z,free response,0.402,8.15,130.43,33.52,102.52,12.67,0.62,100.0,1,Off,373.04,758.87
1790513820000000000,2026-09-27T12:57:00Z,controller 1,0.37,8.096,148.27,279.59,408.86,12.73,0.56,100.0,3,Off,369.32,740.18
1790513880000000000,2026-09-27T12:58:00Z,free response,0.362,7.871,102.94,294.62,562.98,12.77,0.51,100.0,2,Off,395.25,733.26
1790513940000000000,2026-09-27T12:59:00Z,controller 2,0.4,7.801,127.74,312.8,138.79,12.84,0.58,100.0,3,Off,382.15,738.03
1790514000000000000,2026-09-27T13:00:00Z,controller 1,0.883,14,24.89,169.16,362.72,12.91,5.91,100.0,1,Off,381.99,753.27
1790514060000000000,2026-09-27T13:01:00Z,controller 2,0.809,13.536,104.47,315.59,203.93,12.95,4.66,100.0,2,Off,350.69,776.23
1790514120000000000,2026-09-27T13:02:00Z,controller 1,0.858,13.892,134.58,51.64,54.56,13.03,5.37,100.0,3,Off,320.13,790.4
1790514180000000000,2026-09-27T13:03:00Z,free response,0.805,13.718,187.85,130.46,584.74,13.07,4.28,100.0,3,Off,354.95,792.92
1790514240000000000,2026-09-27T13:04:00Z,controller 2,0.729,14,126.9,256.68,427.64,13.14,3.6,100.0,1,Off,390.44,779.84
1790514300000000000,2026-09-27T13:05:00Z,free response,0.855,14,160.52,170.08,4.73,13.22,5.17,91.49,3,Off,346.22,795.22
1790514360000000000,2026-09-27T13:06:00Z,controller 1,0.845,14,169.31,260.95,429.44,13.3,5.24,100.0,2,Off,361.49,806.94
1790514420000000000,2026-09-27T13:07:00Z,controller 2,0.747,13.92,100.17,179.85,59.18,13.34,3.84,100.0,2,Off,357.98,781.45
1790514480000000000,2026-09-27T13:08:00Z,free response,0.76,13.782,-24.24,256.21,538.88,13.42,4.34,100.0,3,Off,358.22,776.64
1790514540000000000,2026-09-27T13:09:00Z,free response,0.784,13.899,167.49,399.28,247.39,13.47,4.63,100.0,3,Off,371.18,774.9
1790514600000000000,2026-09-27T13:10:00Z,controller 2,0.797,13.549,104.18,334.43,580.39,13.5,4.16,100.0,2,Off,327.58,779.71
1790514660000000000,2026-09-27T13:11:00Z,controller 2,0.818,13.556,135.38,400.08,110.58,13.59,4.46,100.0,2,Off,285.62,807.01
1790514720000000000,2026-09-27T13:12:00Z,controller 2,0.887,13.842,-20.47,140.84,351.02,13.64,5.9,100.0,1,Off,275.43,786.23
1790514780000000000,2026-09-27T13:13:00Z,free response,0.73,14,191.6,410.7,47.78,13.71,3.91,100.0,3,Off,263.85,771.81
1790514840000000000,2026-09-27T13:14:00Z,free response,0.764,13.772,191.45,429.36,475.06,13.75,4.27,100.0,2,Off,292.48,758.05
1790514900000000000,2026-09-27T13:15:00Z,free response,0.796,14,-15.23,196.22,382.3,13.79,4.71,100.0,1,Off,293.96,765.06
1790514960000000000,2026-09-27T13:16:00Z,controller 1,0.729,13.551,45.94,34.87,158.86,13.82,3.31,100.0,3,Off,1394.85,479.51
1790515020000000000,2026-09-27T13:17:00Z,controller 1,0.818,13.905,92.35,80.69,471.98,13.88,4.27,100.0,2,Off,1347.06,451.3
1790515080000000000,2026-09-27T13:18:00Z,controller 1,0.867,14,152.99,150.72,15.67,13.97,5.38,100.0,2,Off,1322.16,470.56
1790515140000000000,2026-09-27T13:19:00Z,free response,0.804,14,85.73,71.51,99.38,14.02,4.46,100.0,3,Off,1283.64,477.23
1790515200000000000,2026-09-27T13:20:00Z,controller 2,0.766,13.62,151.62,397.98,125.78,14.07,4.35,100.0,1,Off,1051.99,735.09
1790515260000000000,2026-09-27T13:21:00Z,controller 1,0.712,13.59,8.39,366.07,436.76,14.13,3.56,100.0,2,Off,1043.72,714.18
1790515320000000000,2026-09-27T13:22:00Z,controller 2,0.876,14,41.46,232.13,70.6,14.21,5.24,100.0,3,Off,995.39,714.36
1790515380000000000,2026-09-27T13:23:00Z,controller 2,0.72,13.759,41.13,225.23,353.42,14.28,3.79,100.0,2,Off,1029.35,704.15
1790515440000000000,2026-09-27T13:24:00Z,free response,0.749,14,83.7,175.14,471.95,14.32,3.55,100.0,2,Off,1028.63,688.31
1790515500000000000,2026-09-27T13:25:00Z,controller 1,0.867,13.631,48.47,105.43,335.69,14.37,5.21,100.0,2,Off,1044.47,699.98
1790515560000000000,2026-09-27T13:26:00Z,free response,0.715,14,107.78,430.93,504.0,14.41,3.74,100.0,2,Off,1010.06,674.44
1790515620000000000,2026-09-27T13:27:00Z,controller 2,0.805,13.77,90.85,332.63,457.6,14.48,4.83,100.0,3,Off,1012.32,652.16
1790515680000000000,2026-09-27T13:28:00Z,free response,0.801,14,1.28,253.82,157.18,14.55,4.84,100.0,1,Off,997.58,654.24
1790515740000000000,2026-09-27T13:29:00Z,controller 2,0.715,13.77,89.13,126.36,308.02,14.64,3.29,100.0,1,Off,1011.24,655.86
1790515800000000000,2026-09-27T13:30:00Z,controller 1,2.122,13.893,52.38,169.54,382.0,14.67,33.93,100.0,3,Off,1030.17,666.43
1790515860000000000,2026-09-27T13:31:00Z,controller 1,2.093,13.429,144.9,124.67,227.31,14.75,30.3,100.0,1,Off,821.93,487.74
1790515920000000000,2026-09-27T13:32:00Z,controller 2,2.188,13.449,20.15,256.57,401.13,14.8,35.14,100.0,2,Off,805.16,495.11
1790515980000000000,2026-09-27T13:33:00Z,controller 1,2.187,13.258,195.04,187.02,271.01,14.87,33.89,100.0,2,Off,782.36,482.04
1790516040000000000,2026-09-27T13:34:00Z,free response,2.165,13.874,71.93,246.44,383.44,14.94,34.1,100.0,2,Off,792.89,470.6
1790516100000000000,2026-09-27T13:35:00Z,controller 2,2.236,13.323,100.56,349.45,494.67,15.01,32.6,100.0,2,Off,809.88,466.14
1790516160000000000,2026-09-27T13:36:00Z,controller 1,2.163,13.861,111.4,155.85,24.35,15.04,30.29,80.39,1,Off,762.67,464.93
1790516220000000000,2026-09-27T13:37:00Z,controller 1,2.212,13.747,35.26,121.88,229.65,15.08,35.35,100.0,3,Off,805.0,485.42
1790516280000000000,2026-09-27T13:38:00Z,free response,2.133,13.208,85.43,432.79,323.38,15.14,29.55,100.0,2,Off,826.66,501.74
1790516340000000000,2026-09-27T13:39:00Z,controller 2,2.183,13.212,133.72,291.81,206.46,15.17,33.18,100.0,3,Off,844.8,483.19
1790516400000000000,2026-09-27T13:40:00Z,free response,2.194,13.344,126.49,211.45,597.31,15.24,30.04,100.0,1,Off,798.68,458.82
1790516460000000000,2026-09-27T13:41:00Z,controller 1,2.106,13.916,138.12,226.59,44.67,15.31,28.26,100.0,3,Off,764.46,467.7
1790516520000000000,2026-09-27T13:42:00Z,free response,2.248,13.861,-26.14,52.09,129.06,15.38,31.64,100.0,1,Off,724.7,468.47
1790516580000000000,2026-09-27T13:43:00Z,free response,2.153,13.364,46.53,439.97,63.25,15.45,32.08,100.0,1,Off,766.38,447.86
1790516640000000000,2026-09-27T13:44:00Z,controller 2,2.203,13.2,42.58,227.51,348.71,15.48,32.77,100.0,3,Off,1049.29,305.8
1790516700000000000,2026-09-27T13:45:00Z,controller 2,2.202,13.139,112.58,51.24,50.04,15.52,33.82,100.0,3,Off,1029.93,319.8
1790516760000000000,2026-09-27T13:46:00Z,controller 1,2.177,13.164,22.24,339.46,275.19,15.57,32.37,100.0,1,Off,1031.53,337.06
1790516820000000000,2026-09-27T13:47:00Z,controller 1,2.125,13.327,-0.88,41.56,96.72,15.61,27.42,100.0,3,Off,983.18,339.1
1790516880000000000,2026-09-27T13:48:00Z,free response,2.234,13.885,61.1,14.77,258.16,15.67,34.5,100.0,2,Off,995.31,361.9
1790516940000000000,2026-09-27T13:49:00Z,controller 2,2.141,13.293,175.22,335.42,330.21,15.74,28.61,100.0,1,Off,962.12,390.6
1790517000000000000,2026-09-27T13:50:00Z,controller 1,2.189,13.845,88.22,242.01,281.7,15.81,35.27,100.0,2,Off,986.42,414.51
1790517060000000000,2026-09-27T13:51:00Z,free response,2.218,13.738,198.2,219.4,141.53,15.89,31.78,100.0,3,Off,1035.82,401.87
1790517120000000000,2026-09-27T13:52:00Z,controller 2,2.245,13.307,102.95,274.17,544.88,15.97,34.28,100.0,3,Off,1019.76,378.82
1790517180000000000,2026-09-27T13:53:00Z,free response,2.122,13.839,115.05,449.83,278.69,16.05,28.61,100.0,2,Starting,1014.62,349.13
1790517240000000000,2026-09-27T13:54:00Z,controller 1,2.115,13.64,166.52,367.08,84.27,16.09,28.02,100.0,3,Starting,1012.26,365.43
1790517300000000000,2026-09-27T13:55:00Z,free response,2.109,13.585,139.51,345.31,407.22,16.16,30.97,100.0,3,Starting,1024.77,362.02
1790517360000000000,2026-09-27T13:56:00Z,free response,2.148,13.407,144.14,322.77,38.45,16.23,31.09,100.0,1,Starting,985.74,360.2
1790517420000000000,2026-09-27T13:57:00Z,controller 2,2.194,13.745,14.53,307.43,78.71,16.26,31.92,100.0,2,Starting,1034.46,331.94
1790517480000000000,2026-09-27T13:58:00Z,controller 1,2.156,13.525,51.66,375.24,158.91,16.33,33.54,100.0,3,Starting,1078.51,359.36
1790517540000000000,2026-09-27T13:59:00Z,free response,2.099,13.294,104.66,59.3,133.53,16.38,28.27,100.0,1,Starting,1105.31,338.83
1790517600000000000,2026-09-27T14:00:00Z,controller 2,0.868,13.593,63.62,448.99,159.17,16.37,5.59,100.0,2,Starting,1120.07,317.36
1790517660000000000,2026-09-27T14:01:00Z,controller 1,0.825,13.927,153.64,446.87,201.36,16.36,4.81,100.0,2,Starting,1102.68,308.73
1790517720000000000,2026-09-27T14:02:00Z,controller 1,0.862,13.698,140.09,305.95,251.79,16.32,5.55,100.0,2,Starting,1117.03,308.27
1790517780000000000,2026-09-27T14:03:00Z,free response,0.891,13.241,54.5,442.89,259.29,16.31,4.91,100.0,2,Starting,1132.69,315.73
1790517840000000000,2026-09-27T14:04:00Z,free response,0.918,13.84,182.03,202.21,121.06,16.29,5.28,100.0,3,Starting,1092.05,291.23
1790517900000000000,2026-09-27T14:05:00Z,free response,0.942,13.825,85.19,45.41,259.78,16.27,5.7,100.0,2,Starting,1049.26,290.2
1790517960000000000,2026-09-27T14:06:00Z,controller 1,0.835,13.305,15.0,438.42,167.3,16.27,4.87,100.0,1,Starting,903.43,306.47
1790518020000000000,2026-09-27T14:07:00Z,controller 1,0.946,13.599,17.56,360.01,506.3,16.24,6.11,100.0,1,Starting,879.39,309.98
1790518080000000000,2026-09-27T14:08:00Z,controller 1,0.936,13.628,128.6,388.43,162.27,16.21,6.43,100.0,1,Starting,863.3,295.73
1790518140000000000,2026-09-27T14:09:00Z,controller 1,0.983,13.577,77.94,48.29,165.3,16.2,6.63,100.0,1,Starting,901.28,307.13
1790518200000000000,2026-09-27T14:10:00Z,controller 1,0.912,13.761,199.25,264.39,435.72,16.18,5.73,100.0,2,Starting,892.58,311.51
1790518260000000000,2026-09-27T14:11:00Z,controller 2,0.961,13.66,67.77,277.9,297.45,16.15,5.82,100.0,3,Starting,939.77,294.24
1790518320000000000,2026-09-27T14:12:00Z,controller 2,0.826,13.439,49.75,313.32,201.73,16.12,5.03,100.0,1,Starting,890.29,306.09
1790518380000000000,2026-09-27T14:13:00Z,controller 1,0.907,13.498,178.62,273.54,49.27,16.09,5.8,100.0,3,Starting,846.53,315.71
1790518440000000000,2026-09-27T14:14:00Z,free response,0.926,13.742,63.78,258.89,457.98,16.06,5.58,100.0,1,Starting,810.09,330.78
1790518500000000000,2026-09-27T14:15:00Z,free response,0.876,13.547,99.46,359.53,191.45,16.04,5.62,100.0,2,Starting,801.31,339.9
1790518560000000000,2026-09-27T14:16:00Z,controller 2,0.901,13.781,170.37,326.52,412.17,16.02,5.7,100.0,1,Starting,759.6,340.08
1790518620000000000,2026-09-27T14:17:00Z,free response,0.984,13.222,189.45,244.92,220.43,15.99,6.35,100.0,3,Starting,753.19,363.36
1790518680000000000,2026-09-27T14:18:00Z,controller 1,0.934,13.368,86.27,335.25,119.0,15.97,5.44,100.0,2,Starting,766.25,392.91
1790518740000000000,2026-09-27T14:19:00Z,controller 1,0.935,13.541,97.06,242.75,508.76,15.96,6.05,100.0,2,Starting,737.85,365.83
1790518800000000000,2026-09-27T14:20:00Z,controller 1,0.954,13.445,131.91,36.71,5.99,15.95,5.75,100.0,2,Starting,726.08,374.15
1790518860000000000,2026-09-27T14:21:00Z,controller 2,0.881,13.181,29.41,143.47,334.77,15.93,5.49,100.0,1,Starting,533.82,418.18
1790518920000000000,2026-09-27T14:22:00Z,controller 2,0.981,13.609,62.56,397.52,253.21,15.9,7.15,100.0,3,Starting,551.91,425.98
1790518980000000000,2026-09-27T14:23:00Z,controller 1,0.824,13.177,192.46,353.26,525.91,15.89,4.42,100.0,3,Starting,588.98,418.69
1790519040000000000,2026-09-27T14:24:00Z,controller 2,0.952,13.828,96.97,133.39,445.73,15.87,5.97,100.0,1,Starting,544.02,435.72
1790519100000000000,2026-09-27T14:25:00Z,controller 2,0.979,13.819,131.34,271.81,548.78,15.86,7.25,100.0,1,Starting,528.52,451.31
1790519160000000000,2026-09-27T14:26:00Z,controller 2,0.881,13.366,150.83,306.79,397.23,15.84,4.87,100.0,2,Starting,531.7,473.29
1790519220000000000,2026-09-27T14:27:00Z,free response,0.894,13.891,64.28,153.3,314.87,15.82,5.27,100.0,1,Starting,510.61,458.74
1790519280000000000,2026-09-27T14:28:00Z,controller 2,0.871,13.83,12.61,93.42,515.13,15.79,5.16,100.0,2,Starting,557.71,449.01
1790519340000000000,2026-09-27T14:29:00Z,free response,0.885,13.276,24.18,296.0,181.1,15.77,4.87,100.0,1,Starting,579.57,420.5
1790519400000000000,2026-09-27T14:30:00Z,controller 2,0.065,7.769,143.16,57.53,289.06,15.74,0.01,100.0,3,Starting,599.06,410.35
1790519460000000000,2026-09-27T14:31:00Z,controller 2,0,7.452,105.07,126.22,418.22,15.73,0.0,0.0,1,Starting,593.1,434.37
1790519520000000000,2026-09-27T14:32:00Z,controller 2,0,8.152,9.7,9.39,362.23,15.71,0.0,0.0,1,Starting,573.58,441.1
1790519580000000000,2026-09-27T14:33:00Z,controller 1,0,7.771,29.79,197.43,528.02,15.7,0.0,0.0,3,Starting,576.64,436.57
1790519640000000000,2026-09-27T14:34:00Z,controller 1,0.0,7.647,-26.59,234.51,406.9,15.67,0.0,0.0,3,Starting,527.87,426.17
1790519700000000000,2026-09-27T14:35:00Z,free response,0.046,7.678,95.74,297.78,245.94,15.66,0.01,100.0,1,Starting,1252.93,793.18
1790519760000000000,2026-09-27T14:36:00Z,controller 1,0,7.786,145.0,13.83,298.82,15.64,0.0,0.0,3,Starting,1292.7,785.08
1790519820000000000,2026-09-27T14:37:00Z,controller 2,0.017,7.869,196.88,133.61,405.63,15.63,0.0,0.0,3,Starting,1286.91,775.71
1790519880000000000,2026-09-27T14:38:00Z,controller 1,0.005,7.887,-0.18,71.89,72.15,15.6,0.0,0.0,3,Starting,1286.43,746.84
1790519940000000000,2026-09-27T14:39:00Z,controller 2,0.005,7.6,25.17,444.67,148.54,15.58,0.0,0.0,1,Starting,1329.71,743.33
1790520000000000000,2026-09-27T14:40:00Z,controller 1,0,7.669,-24.14,126.22,258.59,15.56,0.0,0.0,1,Starting,1312.19,729.96
1790520060000000000,2026-09-27T14:41:00Z,free response,0,7.901,87.44,150.35,411.27,15.53,0.0,0.0,1,Starting,1268.93,718.36
1790520120000000000,2026-09-27T14:42:00Z,controller 1,0,7.606,55.86,193.84,237.95,15.51,0.0,0.0,1,Starting,1256.61,690.12
1790520180000000000,2026-09-27T14:43:00Z,controller 1,0.012,8.194,112.78,323.87,497.02,15.48,0.0,0.0,1,Starting,1265.28,675.6
1790520240000000000,2026-09-27T14:44:00Z,controller 2,0.012,7.847,-0.74,262.01,322.56,15.46,0.0,0.0,3,Starting,1216.17,662.71
1790520300000000000,2026-09-27T14:45:00Z,free response,0,7.567,120.8,392.02,295.37,15.44,0.0,0.0,2,Starting,1254.45,634.72
1790520360000000000,2026-09-27T14:46:00Z,controller 1,0.093,7.549,134.93,46.1,73.98,15.41,0.03,100.0,3,Starting,1254.69,628.26
1790520420000000000,2026-09-27T14:47:00Z,controller 2,0.085,7.905,170.71,355.48,478.56,15.37,0.03,100.0,2,Starting,1222.34,644.45
1790520480000000000,2026-09-27T14:48:00Z,controller 2,0.024,7.519,-19.23,78.12,336.48,15.34,0.0,0.0,1,Starting,1232.09,645.85
1790520540000000000,2026-09-27T14:49:00Z,free response,0,7.65,83.73,446.05,104.66,15.31,0.0,0.0,1,Starting,1280.91,662.54
1790520600000000000,2026-09-27T14:50:00Z,controller 1,0.044,7.493,46.21,426.37,233.44,15.29,0.01,100.0,3,Starting,1285.99,669.99
1790520660000000000,2026-09-27T14:51:00Z,controller 2,0.033,8.055,91.58,143.74,37.01,15.26,0.0,0.0,3,Starting,1239.31,659.34
1790520720000000000,2026-09-27T14:52:00Z,free response,0,7.488,137.76,185.17,83.44,15.24,0.0,0.0,2,Starting,1280.61,632.42
1790520780000000000,2026-09-27T14:53:00Z,free response,0.004,7.968,68.53,8.66,401.97,15.23,0.0,0.0,3,Starting,1320.01,603.84
1790520840000000000,2026-09-27T14:54:00Z,controller 2,0.077,8.055,115.07,307.45,140.09,15.2,0.03,100.0,1,Starting,1308.15,602.59
1790520900000000000,2026-09-27T14:55:00Z,free response,0,8.127,93.67,207.18,286.61,15.19,0.0,0.0,3,Starting,1284.77,577.75
1790520960000000000,2026-09-27T14:56:00Z,controller 1,0.042,7.978,-23.09,350.88,425.24,15.16,0.01,100.0,3,Starting,1263.98,550.02
1790521020000000000,2026-09-27T14:57:00Z,controller 2,0.083,7.64,11.45,127.73,288.45,15.14,0.03,100.0,3,Starting,1221.86,528.35
1790521080000000000,2026-09-27T14:58:00Z,controller 1,0.024,7.708,199.31,179.96,326.33,15.12,0.0,0.0,2,Starting,1173.22,523.55
1790521140000000000,2026-09-27T14:59:00Z,controller 2,0.048,7.49,99.68,30.99,227.24,15.09,0.01,100.0,3,Starting,1138.34,521.64
1790521200000000000,2026-09-27T15:00:00Z,controller 1,0.583,10.212,197.35,39.4,101.72,15.06,1.68,100.0,3,Starting,1138.0,509.15
1790521260000000000,2026-09-27T15:01:00Z,controller 1,0.577,10.525,123.75,58.93,187.78,15.04,1.61,100.0,3,Starting,1132.53,519.91
1790521320000000000,2026-09-27T15:02:00Z,controller 1,0.58,10.04,125.98,191.77,95.12,15.01,1.83,100.0,2,Starting,1170.17,537.14
1790521380000000000,2026-09-27T15:03:00Z,controller 2,0.421,10.155,118.13,401.9,545.71,14.99,0.97,100.0,1,Starting,1192.79,520.01
1790521440000000000,2026-09-27T15:04:00Z,controller 2,0.508,10.2,34.08,197.65,520.06,14.98,1.32,100.0,1,Starting,1169.11,490.78
1790521500000000000,2026-09-27T15:05:00Z,controller 2,0.546,10.557,82.95,220.1,117.67,14.97,1.53,100.0,1,Starting,1216.0,490.58
1790521560000000000,2026-09-27T15:06:00Z,controller 2,0.457,10.372,93.08,300.01,387.05,14.96,1.12,100.0,2,Starting,1234.76,473.06
1790521620000000000,2026-09-27T15:07:00Z,free response,0.422,10.472,-28.1,7.01,485.89,14.93,0.97,100.0,1,Starting,1237.62,443.52
1790521680000000000,2026-09-27T15:08:00Z,controller 1,0.53,10.438,57.03,431.33,516.56,14.91,1.48,100.0,3,Starting,1220.98,424.8
1790521740000000000,2026-09-27T15:09:00Z,controller 2,0.508,10.129,103.34,194.21,116.1,14.91,1.3,100.0,2,Starting,885.68,451.03
1790521800000000000,2026-09-27T15:10:00Z,free response,0.511,10.248,2.92,257.2,107.28,14.87,1.41,100.0,2,Starting,901.55,437.34
1790521860000000000,2026-09-27T15:11:00Z,controller 1,0.437,9.864,99.63,215.1,308.24,14.86,0.95,100.0,2,Starting,901.23,458.24
1790521920000000000,2026-09-27T15:12:00Z,free response,0.417,9.907,107.69,388.51,196.35,14.85,0.85,100.0,3,Starting,913.94,438.75
1790521980000000000,2026-09-27T15:13:00Z,controller 2,0.548,10.266,-6.76,59.07,479.88,14.84,1.49,100.0,3,Starting,940.47,428.03
1790522040000000000,2026-09-27T15:14:00Z,controller 1,0.493,10.586,2.1,423.58,595.62,14.81,1.36,100.0,2,Starting,902.4,435.63
1790522100000000000,2026-09-27T15:15:00Z,controller 2,0.541,10.438,95.7,19.0,169.14,14.79,1.65,100.0,2,Starting,912.19,415.04
1790522160000000000,2026-09-27T15:16:00Z,controller 1,0.561,10.023,14.77,130.21,117.3,14.77,1.67,100.0,2,Starting,932.33,422.74
1790522220000000000,2026-09-27T15:17:00Z,controller 2,0.446,10.531,176.83,285.64,388.54,14.75,1.06,100.0,1,Starting,956.05,434.14
1790522280000000000,2026-09-27T15:18:00Z,controller 2,0.53,9.964,-9.27,419.24,402.23,14.72,1.52,100.0,1,Starting,987.69,421.43
1790522340000000000,2026-09-27T15:19:00Z,free response,0.532,10.429,39.9,72.78,134.55,14.71,1.46,100.0,2,Starting,1002.66,409.7
1790522400000000000,2026-09-27T15:20:00Z,free response,0.419,10.492,119.26,173.2,14.08,14.68,1.01,100.0,2,Starting,957.16,418.16
1790522460000000000,2026-09-27T15:21:00Z,free response,0.56,9.972,135.2,220.33,551.85,14.66,1.43,100.0,1,Starting,960.74,434.27
1790522520000000000,2026-09-27T15:22:00Z,controller 2,0.459,10.271,53.77,27.35,136.02,14.63,1.01,100.0,2,Starting,979.65,418.28
1790522580000000000,2026-09-27T15:23:00Z,controller 2,0.585,10.265,86.63,370.78,416.48,14.6,1.64,100.0,1,Starting,956.6,439.0
1790522640000000000,2026-09-27T15:24:00Z,controller 2,0.412,10.044,91.15,420.24,509.03,14.59,0.85,100.0,1,Starting,926.21,418.63
1790522700000000000,2026-09-27T15:25:00Z,free response,0.559,10.056,145.5,27.3,295.32,14.57,1.53,100.0,1,Starting,902.12,392.97
1790522760000000000,2026-09-27T15:26:00Z,free response,0.474,10.263,118.87,374.72,34.46,14.54,1.12,100.0,2,Starting,931.84,370.54
1790522820000000000,2026-09-27T15:27:00Z,free response,0.443,10.202,193.31,66.38,181.26,14.53,0.99,100.0,2,Starting,908.39,365.73
1790522880000000000,2026-09-27T15:28:00Z,controller 1,0.525,10.132,146.47,98.67,363.62,14.52,1.47,100.0,3,Starting,913.91,381.53
1790522940000000000,2026-09-27T15:29:00Z,controller 1,0.478,9.952,-24.67,296.74,278.79,14.49,1.07,100.0,3,Starting,947.02,386.05
1790523000000000000,2026-09-27T15:30:00Z,free response,2.26,10.93,-27.15,159.54,486.59,14.46,30.21,100.0,3,Starting,964.8,402.65
1790523060000000000,2026-09-27T15:31:00Z,controller 1,2.322,10.809,150.68,87.02,209.64,14.44,29.57,100.0,1,Starting,967.2,410.53
1790523120000000000,2026-09-27T15:32:00Z,controller 1,2.316,11.269,13.88,210.02,55.1,14.41,28.42,100.0,3,On,961.66,398.13
1790523180000000000,2026-09-27T15:33:00Z,controller 1,2.292,11.374,-28.16,211.35,169.34,14.4,31.15,100.0,1,On,916.7,398.8
1790523240000000000,2026-09-27T15:34:00Z,controller 1,2.167,10.951,-19.45,297.93,592.77,14.39,27.19,100.0,2,On,948.71,374.19
1790523300000000000,2026-09-27T15:35:00Z,controller 1,2.231,10.71,100.78,404.0,277.03,14.37,26.86,100.0,2,On,932.35,346.48
1790523360000000000,2026-09-27T15:36:00Z,controller 2,2.237,11.245,35.55,204.89,231.12,14.35,27.28,100.0,3,On,914.7,328.22
1790523420000000000,2026-09-27T15:37:00Z,controller 2,2.309,10.634,38.61,68.12,17.07,14.33,29.94,57.01,2,On,922.7,341.87
1790523480000000000,2026-09-27T15:38:00Z,controller 2,2.181,10.978,79.13,130.8,304.16,14.3,27.1,100.0,2,On,906.8,321.54
1790523540000000000,2026-09-27T15:39:00Z,free response,2.237,10.629,107.98,149.82,425.43,14.27,28.29,100.0,3,On,867.65,302.28
1790523600000000000,2026-09-27T15:40:00Z,controller 1,2.276,11.159,71.76,427.95,105.86,14.25,31.08,100.0,1,On,909.62,325.34
1790523660000000000,2026-09-27T15:41:00Z,free response,2.302,11.282,79.49,275.06,577.76,14.24,31.17,100.0,2,On,917.8,350.99
1790523720000000000,2026-09-27T15:42:00Z,controller 1,2.333,10.884,47.92,321.93,207.17,14.23,31.83,100.0,3,On,905.54,370.37
1790523780000000000,2026-09-27T15:43:00Z,controller 1,2.189,11.316,154.76,95.79,565.8,14.2,25.51,100.0,2,On,888.6,343.75
1790523840000000000,2026-09-27T15:44:00Z,controller 1,2.262,10.768,181.73,80.72,224.48,14.17,30.2,100.0,1,On,917.41,348.14
1790523900000000000,2026-09-27T15:45:00Z,controller 1,2.209,10.658,120.14,147.01,548.94,14.16,26.61,100.0,1,On,889.71,363.63
1790523960000000000,2026-09-27T15:46:00Z,free response,2.32,11.143,158.85,194.37,303.17,14.14,27.08,100.0,1,On,855.82,339.25
1790524020000000000,2026-09-27T15:47:00Z,controller 2,2.23,11.016,179.13,436.72,181.71,14.12,28.43,100.0,1,On,900.61,321.8
1790524080000000000,2026-09-27T15:48:00Z,controller 1,2.326,11.253,87.04,247.29,562.51,14.09,31.36,100.0,1,On,875.42,313.87
1790524140000000000,2026-09-27T15:49:00Z,free response,2.246,11.235,60.51,316.22,424.29,14.07,28.48,100.0,3,On,885.83,307.72
1790524200000000000,2026-09-27T15:50:00Z,free response,2.288,10.884,188.21,320.26,247.89,14.05,27.35,100.0,3,On,904.9,281.19
1790524260000000000,2026-09-27T15:51:00Z,controller 1,2.334,11.194,199.75,239.02,126.19,14.02,31.19,100.0,2,On,952.72,301.19
1790524320000000000,2026-09-27T15:52:00Z,free response,2.259,11.366,93.98,295.84,568.74,13.99,28.57,100.0,1,On,989.87,326.05
1790524380000000000,2026-09-27T15:53:00Z,free response,2.195,11.396,4.89,395.77,406.75,13.96,27.93,100.0,3,On,1025.28,332.96
1790524440000000000,2026-09-27T15:54:00Z,free response,2.291,10.73,185.22,271.68,102.61,13.95,27.85,100.0,3,On,1045.26,335.77
1790524500000000000,2026-09-27T15:55:00Z,free response,2.214,10.97,78.36,243.05,24.24,13.93,27.51,88.11,1,On,1044.9,323.34
1790524560000000000,2026-09-27T15:56:00Z,controller 1,2.187,11.301,44.8,256.03,185.03,13.91,27.93,100.0,1,On,1042.15,316.66
1790524620000000000,2026-09-27T15:57:00Z,free response,2.238,10.664,186.22,284.11,330.98,13.88,27.67,100.0,3,On,997.97,291.82
1790524680000000000,2026-09-27T15:58:00Z,controller 2,2.304,10.931,148.19,107.13,426.35,13.86,28.76,100.0,1,On,976.48,305.78
1790524740000000000,2026-09-27T15:59:00Z,free response,2.261,10.817,-11.01,53.33,232.33,13.83,25.59,100.0,2,On,973.5,276.77
1790524800000000000,2026-09-27T16:00:00Z,controller 2,0.07,4.37,149.01,54.32,560.95,13.81,0.01,100.0,3,On,974.23,303.29
1790524860000000000,2026-09-27T16:01:00Z,controller 1,0.211,4.48,109.34,216.3,57.07,13.78,0.09,100.0,2,On,938.33,325.2
1790524920000000000,2026-09-27T16:02:00Z,controller 2,0.175,4.62,55.75,101.04,304.21,13.74,0.06,100.0,1,On,977.87,353.65
1790524980000000000,2026-09-27T16:03:00Z,free response,0.245,4.574,89.88,63.16,351.21,13.72,0.14,100.0,3,On,996.58,332.53
1790525040000000000,2026-09-27T16:04:00Z,controller 1,0.164,4.679,66.19,261.22,571.18,13.7,0.06,100.0,2,On,976.35,362.41
1790525100000000000,2026-09-27T16:05:00Z,free response,0.205,4.857,79.23,389.58,180.77,13.68,0.1,100.0,2,On,946.16,373.63
1790525160000000000,2026-09-27T16:06:00Z,controller 2,0.189,4.696,63.57,48.73,198.95,13.64,0.08,100.0,1,On,977.19,380.88
1790525220000000000,2026-09-27T16:07:00Z,controller 2,0.191,4.651,82.35,240.51,2.61,13.63,0.08,100.0,1,On,985.98,394.26
1790525280000000000,2026-09-27T16:08:00Z,controller 2,0.103,4.493,167.12,20.14,443.37,13.6,0.02,100.0,3,On,952.94,387.03
1790525340000000000,2026-09-27T16:09:00Z,free response,0.244,4.752,-21.35,179.93,4.59,13.58,0.13,100.0,1,On,984.75,376.77
1790525400000000000,2026-09-27T16:10:00Z,controller 1,0.211,4.678,116.44,358.53,93.23,13.57,0.1,100.0,1,On,964.96,403.37
1790525460000000000,2026-09-27T16:11:00Z,free response,0.207,4.143,33.93,247.74,574.55,13.55,0.09,100.0,3,On,986.95,401.43
1790525520000000000,2026-09-27T16:12:00Z,controller 2,0.212,4.526,93.66,54.91,196.86,13.53,0.1,100.0,3,On,976.02,422.66
1790525580000000000,2026-09-27T16:13:00Z,controller 2,0.109,4.664,88.89,220.78,348.48,13.51,0.03,100.0,3,On,927.22,428.44
1790525640000000000,2026-09-27T16:14:00Z,free response,0.186,4.885,192.72,366.91,467.92,13.47,0.09,100.0,3,On,916.79,443.21
1790525700000000000,2026-09-27T16:15:00Z,controller 1,0.112,4.487,162.11,289.22,135.09,13.46,0.03,100.0,3,On,911.67,450.04
1790525760000000000,2026-09-27T16:16:00Z,free response,0.088,4.829,-2.67,153.89,242.35,13.44,0.02,100.0,3,On,919.64,420.77
1790525820000000000,2026-09-27T16:17:00Z,controller 2,0.066,4.785,-14.37,70.38,438.04,13.4,0.01,100.0,3,On,948.59,417.96
1790525880000000000,2026-09-27T16:18:00Z,free response,0.233,4.412,151.51,434.06,354.51,13.39,0.12,100.0,2,On,912.02,423.49
1790525940000000000,2026-09-27T16:19:00Z,controller 1,0.24,4.743,148.99,171.35,22.05,13.36,0.13,100.0,1,On,924.54,415.68
1790526000000000000,2026-09-27T16:20:00Z,free response,0.229,4.254,82.91,280.52,391.02,13.36,0.12,100.0,2,Starting,959.38,393.52
1790526060000000000,2026-09-27T16:21:00Z,controller 2,0.146,4.552,125.96,407.23,578.65,13.33,0.05,100.0,3,Starting,990.23,400.64
1790526120000000000,2026-09-27T16:22:00Z,controller 1,0.109,4.749,23.57,228.53,322.36,13.3,0.03,100.0,3,Starting,981.47,374.26
1790526180000000000,2026-09-27T16:23:00Z,free response,0.107,4.207,190.79,306.95,384.92,13.29,0.02,100.0,3,Starting,1016.18,363.48
1790526240000000000,2026-09-27T16:24:00Z,free response,0.185,4.845,162.33,85.49,525.53,13.27,0.09,100.0,1,Starting,1049.1,334.83
1790526300000000000,2026-09-27T16:25:00Z,free response,0.129,4.782,175.64,166.49,134.31,13.26,0.04,100.0,3,Starting,1029.15,307.49
1790526360000000000,2026-09-27T16:26:00Z,controller 1,0.169,4.41,67.11,316.4,573.61,13.23,0.07,100.0,1,Starting,1022.94,289.99
1790526420000000000,2026-09-27T16:27:00Z,controller 2,0.11,4.86,118.32,420.92,270.57,13.22,0.03,100.0,1,Starting,1008.67,302.31
1790526480000000000,2026-09-27T16:28:00Z,free response,0.221,4.871,-29.92,423.63,361.24,13.19,0.12,100.0,1,Starting,983.23,314.95
1790526540000000000,2026-09-27T16:29:00Z,free response,0.108,4.58,110.96,57.72,511.06,13.16,0.02,100.0,3,Starting,992.33,292.72
1790526600000000000,2026-09-27T16:30:00Z,free response,2.131,9.762,25.77,329.93,97.01,13.14,21.69,100.0,3,Starting,984.05,311.21
1790526660000000000,2026-09-27T16:31:00Z,controller 2,2.003,9.53,33.27,342.62,444.53,13.11,18.1,100.0,3,Starting,1330.59,880.17
1790526720000000000,2026-09-27T16:32:00Z,controller 1,1.991,9.836,109.46,288.79,591.83,13.09,19.03,100.0,3,Starting,1284.29,865.11
1790526780000000000,2026-09-27T16:33:00Z,controller 2,2.148,10.11,135.79,252.64,315.21,13.07,23.55,100.0,2,Starting,1297.95,840.88
1790526840000000000,2026-09-27T16:34:00Z,free response,2.153,9.692,64.1,323.12,261.96,13.06,23.84,100.0,1,Starting,1333.16,816.02
1790526900000000000,2026-09-27T16:35:00Z,free response,2.088,9.565,-0.39,178.82,458.55,13.05,20.3,100.0,2,Starting,1338.78,842.98
1790526960000000000,2026-09-27T16:36:00Z,controller 2,2.062,9.393,138.19,291.87,94.84,13.03,19.18,100.0,1,Starting,1371.55,814.29
1790527020000000000,2026-09-27T16:37:00Z,free response,2.089,9.854,166.38,445.56,422.15,13.02,21.53,100.0,2,Starting,1362.93,812.95
1790527080000000000,2026-09-27T16:38:00Z,controller 1,2.059,9.518,121.49,340.92,297.71,12.99,21.35,100.0,3,Starting,1334.34,816.65
1790527140000000000,2026-09-27T16:39:00Z,controller 2,2.071,10.03,34.22,113.76,271.28,12.97,20.92,100.0,1,Starting,1382.07,844.7
1790527200000000000,2026-09-27T16:40:00Z,free response,2.073,9.943,23.02,416.9,86.51,12.95,22.17,100.0,2,Starting,1343.47,818.99
1790527260000000000,2026-09-27T16:41:00Z,controller 2,2.112,9.496,24.28,323.63,140.28,12.92,23.2,100.0,2,Starting,1336.66,820.25
1790527320000000000,2026-09-27T16:42:00Z,controller 1,1.984,9.341,196.72,376.27,535.26,12.89,19.16,100.0,1,Starting,1318.43,849.31
1790527380000000000,2026-09-27T16:43:00Z,controller 2,2.049,9.368,141.42,360.73,15.42,12.88,20.89,73.82,2,Starting,1346.39,855.6
1790527440000000000,2026-09-27T16:44:00Z,controller 1,2.083,9.41,199.01,352.3,414.82,12.84,20.18,100.0,3,Starting,1390.18,860.37
1790527500000000000,2026-09-27T16:45:00Z,controller 1,2.153,9.767,-23.76,159.24,559.65,12.81,21.24,100.0,1,Starting,1432.07,844.59
1790527560000000000,2026-09-27T16:46:00Z,controller 2,2.128,9.646,92.45,421.77,287.07,12.8,20.52,100.0,1,Starting,1460.64,845.39
1790527620000000000,2026-09-27T16:47:00Z,controller 1,2.15,9.384,177.74,349.73,207.79,12.77,20.49,100.0,2,Starting,1477.98,867.05
1790527680000000000,2026-09-27T16:48:00Z,controller 2,2.101,9.967,29.35,157.36,581.57,12.75,21.08,100.0,3,Starting,1500.0,879.4
1790527740000000000,2026-09-27T16:49:00Z,controller 1,2.107,9.492,-15.78,7.73,566.88,12.73,19.24,100.0,2,Starting,1462.22,882.84
1790527800000000000,2026-09-27T16:50:00Z,free response,2.101,9.586,20.38,143.25,325.88,12.71,20.03,100.0,2,Starting,1435.67,874.98
1790527860000000000,2026-09-27T16:51:00Z,controller 2,2.092,9.425,111.13,220.25,89.62,12.68,19.63,100.0,2,Starting,1422.19,850.11
1790527920000000000,2026-09-27T16:52:00Z,controller 2,2.148,9.777,109.7,93.2,401.73,12.66,20.58,100.0,2,Starting,1391.94,868.35
1790527980000000000,2026-09-27T16:53:00Z,controller 2,2.058,10.0,96.47,204.68,389.37,12.64,20.28,100.0,3,Starting,1417.26,843.09
1790528040000000000,2026-09-27T16:54:00Z,controller 1,2.021,9.583,98.9,58.7,33.15,12.6,20.05,100.0,3,Starting,1390.11,836.54
1790528100000000000,2026-09-27T16:55:00Z,free response,2.059,10.069,103.83,287.66,130.11,12.57,22.73,100.0,2,Starting,1393.67,859.6
1790528160000000000,2026-09-27T16:56:00Z,controller 2,2.093,9.722,182.35,73.6,64.4,12.56,20.48,100.0,3,Starting,1352.37,852.76
1790528220000000000,2026-09-27T16:57:00Z,controller 2,2.043,9.745,69.51,374.65,495.45,12.54,21.28,100.0,3,Starting,1352.97,841.8
1790528280000000000,2026-09-27T16:58:00Z,controller 1,1.991,9.439,6.48,110.55,26.32,12.51,19.64,100.0,3,Starting,1380.69,866.56
1790528340000000000,2026-09-27T16:59:00Z,free response,2.006,9.459,53.77,329.29,461.08,12.5,17.21,100.0,2,Starting,1402.52,882.52
1790528400000000000,2026-09-27T17:00:00Z,free response,0.901,8.587,102.37,90.73,378.6,12.47,3.15,100.0,3,Starting,1405.5,899.7
1790528460000000000,2026-09-27T17:01:00Z,free response,0.863,9.199,22.6,87.03,406.1,12.45,3.3,100.0,2,Starting,1377.13,910.06
1790528520000000000,2026-09-27T17:02:00Z,free response,0.843,9.253,160.73,30.66,309.84,12.43,3.56,100.0,1,Starting,1406.29,907.05
1790528580000000000,2026-09-27T17:03:00Z,controller 2,0.928,8.608,96.22,200.3,411.13,12.42,3.72,100.0,2,Starting,1414.24,898.83
1790528640000000000,2026-09-27T17:04:00Z,free response,0.887,9.107,73.56,287.96,135.33,12.41,3.77,100.0,1,Starting,1407.69,886.59
1790528700000000000,2026-09-27T17:05:00Z,free response,0.927,8.811,6.84,175.03,378.12,12.38,3.85,100.0,2,Starting,1412.77,886.88
1790528760000000000,2026-09-27T17:06:00Z,controller 1,0.934,8.689,173.71,223.27,324.83,12.35,4.0,100.0,1,Starting,1384.96,902.66
1790528820000000000,2026-09-27T17:07:00Z,controller 2,0.867,9.331,164.13,115.16,498.29,12.33,3.2,100.0,3,Starting,1356.26,915.21
1790528880000000000,2026-09-27T17:08:00Z,free response,0.933,8.614,91.37,382.46,587.39,12.31,3.98,100.0,3,Starting,1332.58,936.72
1790528940000000000,2026-09-27T17:09:00Z,controller 1,0.88,9.104,33.46,139.54,175.09,12.3,3.7,100.0,3,Starting,1079.27,981.67
1790529000000000000,2026-09-27T17:10:00Z,controller 1,0.917,8.745,-8.65,341.88,18.27,12.28,3.82,100.0,3,Starting,1045.44,974.2
1790529060000000000,2026-09-27T17:11:00Z,controller 2,0.845,9.134,4.4,210.88,178.77,12.25,3.41,100.0,2,Starting,1088.98,988.66
1790529120000000000,2026-09-27T17:12:00Z,controller 1,0.952,9.024,35.14,284.79,596.41,12.22,3.86,100.0,3,Starting,548.54,761.18
1790529180000000000,2026-09-27T17:13:00Z,free response,0.898,9.277,48.28,261.93,29.66,12.2,3.81,100.0,1,Starting,536.84,736.39
1790529240000000000,2026-09-27T17:14:00Z,controller 2,0.849,8.877,117.75,127.72,323.59,12.2,3.12,100.0,3,Starting,523.05,715.82
1790529300000000000,2026-09-27T17:15:00Z,controller 2,0.884,9.162,64.99,104.92,97.27,12.18,3.62,100.0,2,Starting,567.09,720.0
1790529360000000000,2026-09-27T17:16:00Z,controller 1,0.915,9.113,84.28,301.44,251.78,12.17,3.8,100.0,2,Starting,590.13,690.69
1790529420000000000,2026-09-27T17:17:00Z,controller 2,0.88,8.734,197.03,54.73,363.78,12.14,3.49,100.0,1,Starting,613.93,663.75
1790529480000000000,2026-09-27T17:18:00Z,controller 1,0.851,8.774,124.06,282.52,496.46,12.12,3.31,100.0,1,Starting,655.93,678.05
1790529540000000000,2026-09-27T17:19:00Z,free response,0.915,8.741,21.98,341.71,488.08,12.11,3.52,100.0,3,Starting,661.84,659.02
1790529600000000000,2026-09-27T17:20:00Z,controller 1,0.817,8.819,199.78,397.44,522.93,12.09,2.85,100.0,2,Starting,617.91,648.26
1790529660000000000,2026-09-27T17:21:00Z,controller 2,0.944,9.33,45.87,413.87,300.66,12.08,4.29,100.0,3,Starting,605.49,647.68
1790529720000000000,2026-09-27T17:22:00Z,free response,0.964,9.311,55.38,10.86,520.82,12.07,4.22,100.0,2,Starting,649.6,630.48
1790529780000000000,2026-09-27T17:23:00Z,controller 2,0.826,8.822,88.4,406.21,65.6,12.05,2.84,100.0,1,Starting,673.69,611.73
1790529840000000000,2026-09-27T17:24:00Z,controller 1,0.968,8.925,102.24,234.12,464.13,12.03,4.35,100.0,1,Starting,672.1,594.43
1790529900000000000,2026-09-27T17:25:00Z,controller 2,0.861,8.764,64.24,341.69,574.42,12.02,3.24,100.0,3,Starting,710.27,580.09
1790529960000000000,2026-09-27T17:26:00Z,controller 2,0.813,8.816,33.33,265.38,380.72,11.99,2.67,100.0,1,Starting,675.2,559.51
1790530020000000000,2026-09-27T17:27:00Z,free response,0.882,8.93,142.36,409.05,562.36,11.97,3.31,100.0,1,Starting,676.46,569.36
1790530080000000000,2026-09-27T17:28:00Z,free response,0.85,8.901,31.26,294.48,89.14,11.95,3.52,100.0,2,Starting,678.98,596.8
1790530140000000000,2026-09-27T17:29:00Z,free response,0.99,8.905,136.94,275.13,341.44,11.92,3.96,100.0,1,Starting,710.17,573.15
1790530200000000000,2026-09-27T17:30:00Z,controller 2,0.512,2.7,1.99,142.36,484.28,11.9,0.36,100.0,3,Starting,693.7,564.0
1790530260000000000,2026-09-27T17:31:00Z,controller 2,0.469,2.863,-3.94,78.13,424.24,11.88,0.3,100.0,2,Starting,651.31,567.8
1790530320000000000,2026-09-27T17:32:00Z,controller 1,0.616,2.64,24.51,14.03,7.93,11.86,0.49,100.0,2,Starting,601.73,548.17
1790530380000000000,2026-09-27T17:33:00Z,free response,0.592,2.859,28.89,410.3,0.28,11.83,0.52,53.85,1,Starting,1494.01,980.41
1790530440000000000,2026-09-27T17:34:00Z,controller 1,0.475,2.694,115.55,247.03,180.26,11.81,0.29,100.0,2,Starting,1456.73,1000.0
1790530500000000000,2026-09-27T17:35:00Z,controller 1,0.543,3.135,40.82,32.34,278.79,11.79,0.43,100.0,1,Starting,1494.19,1000.0
1790530560000000000,2026-09-27T17:36:00Z,free response,0.601,2.794,186.95,357.03,354.93,11.77,0.54,100.0,2,Starting,1500.0,975.8
1790530620000000000,2026-09-27T17:37:00Z,controller 2,0.5,2.754,154.44,113.92,278.33,11.76,0.33,100.0,2,Starting,1500.0,948.54
1790530680000000000,2026-09-27T17:38:00Z,controller 1,0.567,2.48,33.87,95.06,359.92,11.74,0.4,100.0,2,Starting,1500.0,927.55
1790530740000000000,2026-09-27T17:39:00Z,free response,0.555,3.063,34.79,112.74,539.53,11.7,0.43,100.0,1,Starting,1481.76,942.54
1790530800000000000,2026-09-27T17:40:00Z,free response,0.594,3.071,97.05,128.64,38.76,11.69,0.52,100.0,1,Starting,1500.0,916.51
1790530860000000000,2026-09-27T17:41:00Z,controller 2,0.487,2.506,-28.11,141.51,131.7,11.68,0.3,100.0,2,Starting,1500.0,937.13
1790530920000000000,2026-09-27T17:42:00Z,controller 2,0.629,3.036,9.89,202.04,288.56,11.65,0.59,100.0,3,Starting,1499.75,966.43
1790530980000000000,2026-09-27T17:43:00Z,controller 1,0.551,2.626,170.02,106.31,581.87,11.63,0.42,100.0,1,Starting,1483.3,943.84
1790531040000000000,2026-09-27T17:44:00Z,controller 1,0.612,3.06,107.67,269.81,357.59,11.61,0.6,100.0,3,Starting,1477.51,964.99
1790531100000000000,2026-09-27T17:45:00Z,controller 1,0.532,2.421,41.89,53.16,265.27,11.58,0.31,100.0,2,Starting,1500.0,957.62
1790531160000000000,2026-09-27T17:46:00Z,controller 1,0.601,2.41,170.72,317.82,182.47,11.57,0.41,100.0,1,Starting,1500.0,960.95
1790531220000000000,2026-09-27T17:47:00Z,free response,0.486,2.994,107.25,305.51,395.44,11.54,0.35,100.0,2,Starting,1450.83,944.71
1790531280000000000,2026-09-27T17:48:00Z,controller 2,0.506,3.067,126.77,290.53,61.71,11.51,0.36,100.0,1,On,1429.4,952.0
1790531340000000000,2026-09-27T17:49:00Z,controller 2,0.63,3.047,-6.84,136.79,397.83,11.48,0.61,100.0,3,On,1427.53,930.92
1790531400000000000,2026-09-27T17:50:00Z,controller 1,0.508,3.12,40.34,354.94,546.0,11.46,0.36,100.0,3,On,1414.52,903.15
1790531460000000000,2026-09-27T17:51:00Z,controller 1,0.585,2.544,102.01,255.87,78.94,11.45,0.46,100.0,1,On,1399.51,877.81
1790531520000000000,2026-09-27T17:52:00Z,free response,0.563,2.416,105.28,129.38,578.32,11.44,0.42,100.0,3,On,819.24,761.34
1790531580000000000,2026-09-27T17:53:00Z,free response,0.621,2.455,39.32,209.51,54.87,11.43,0.46,100.0,1,On,803.25,751.86
1790531640000000000,2026-09-27T17:54:00Z,controller 1,0.55,2.582,100.71,102.4,64.21,11.42,0.36,100.0,3,On,793.7,749.14
1790531700000000000,2026-09-27T17:55:00Z,controller 1,0.617,2.858,85.43,94.76,428.19,11.4,0.5,100.0,2,On,809.13,746.55
1790531760000000000,2026-09-27T17:56:00Z,free response,0.581,2.697,169.3,445.33,351.38,11.38,0.44,100.0,3,On,843.28,739.48
1790531820000000000,2026-09-27T17:57:00Z,controller 2,0.627,2.509,166.03,213.69,197.47,11.37,0.5,100.0,1,On,860.31,754.64
1790531880000000000,2026-09-27T17:58:00Z,controller 1,0.535,2.972,174.53,254.42,496.35,11.34,0.43,100.0,3,On,866.37,745.27
1790531940000000000,2026-09-27T17:59:00Z,controller 2,0.523,2.389,126.16,195.98,156.28,11.33,0.3,100.0,1,On,837.18,740.69
1790532000000000000,2026-09-27T18:00:00Z,free response,1.477,4.932,32.91,245.98,187.4,11.3,5.34,100.0,3,On,874.94,747.85
1790532060000000000,2026-09-27T18:01:00Z,controller 2,1.437,4.493,5.77,34.97,308.15,11.29,4.57,100.0,2,On,873.21,736.9
1790532120000000000,2026-09-27T18:02:00Z,controller 2,1.38,4.747,98.11,34.01,168.83,11.26,4.67,100.0,2,On,847.98,713.21
1790532180000000000,2026-09-27T18:03:00Z,controller 1,1.362,4.735,193.75,297.62,326.56,11.25,3.98,100.0,3,On,882.55,716.36
1790532240000000000,2026-09-27T18:04:00Z,controller 1,1.432,4.559,185.16,436.11,56.79,11.23,4.56,100.0,3,On,885.16,745.41
1790532300000000000,2026-09-27T18:05:00Z,free response,1.429,4.878,120.89,177.49,86.9,11.21,5.47,100.0,3,On,923.55,718.46
1790532360000000000,2026-09-27T18:06:00Z,free response,1.421,4.52,45.6,328.23,502.82,11.21,4.24,100.0,2,On,914.76,735.54
1790532420000000000,2026-09-27T18:07:00Z,controller 2,1.356,4.833,2.31,57.43,178.71,11.18,4.02,100.0,3,On,901.55,725.65
1790532480000000000,2026-09-27T18:08:00Z,controller 1,1.446,5.148,21.18,266.44,14.89,11.17,5.26,100.0,1,On,887.79,722.91
1790532540000000000,2026-09-27T18:09:00Z,controller 1,1.449,5.085,141.36,260.67,591.41,11.16,5.7,100.0,1,On,889.48,705.04
1790532600000000000,2026-09-27T18:10:00Z,controller 1,1.335,4.662,-11.58,432.74,430.6,11.15,4.43,100.0,3,On,891.56,682.69
1790532660000000000,2026-09-27T18:11:00Z,free response,1.419,4.487,-20.73,359.12,261.94,11.14,4.62,100.0,1,On,873.19,682.8
1790532720000000000,2026-09-27T18:12:00Z,controller 2,1.415,4.684,134.69,167.12,354.8,11.13,4.34,100.0,1,On,910.65,692.63
1790532780000000000,2026-09-27T18:13:00Z,controller 2,1.351,4.815,60.65,237.81,524.62,11.1,4.06,100.0,1,On,885.77,701.2
1790532840000000000,2026-09-27T18:14:00Z,free response,1.451,4.775,52.89,373.62,220.79,11.08,5.4,100.0,2,On,895.24,714.04
1790532900000000000,2026-09-27T18:15:00Z,controller 1,1.417,4.904,99.25,81.29,117.2,11.05,5.01,100.0,2,On,897.38,685.15
1790532960000000000,2026-09-27T18:16:00Z,free response,1.487,4.413,76.95,207.2,369.77,11.03,4.72,100.0,2,On,904.09,712.25
1790533020000000000,2026-09-27T18:17:00Z,free response,1.511,4.996,18.08,235.41,274.41,11.02,5.67,100.0,2,On,933.99,712.29
1790533080000000000,2026-09-27T18:18:00Z,free response,1.349,4.768,-27.7,269.89,353.47,11.01,4.29,100.0,3,On,901.81,702.43
1790533140000000000,2026-09-27T18:19:00Z,controller 2,1.376,4.808,155.36,186.05,193.35,11.01,4.93,100.0,3,On,888.43,732.1
1790533200000000000,2026-09-27T18:20:00Z,controller 2,1.387,4.918,138.99,146.94,575.06,10.97,4.57,100.0,1,On,852.53,735.1
1790533260000000000,2026-09-27T18:21:00Z,controller 1,1.352,5.09,88.06,449.57,446.31,10.96,4.89,100.0,1,On,836.0,737.82
1790533320000000000,2026-09-27T18:22:00Z,controller 1,1.483,4.784,38.04,425.78,278.65,10.94,4.88,100.0,3,On,885.4,714.18
1790533380000000000,2026-09-27T18:23:00Z,controller 2,1.402,4.868,77.35,175.55,392.17,10.91,5.22,100.0,2,On,848.2,701.26
1790533440000000000,2026-09-27T18:24:00Z,controller 2,1.464,4.929,39.82,442.88,474.68,10.88,4.85,100.0,1,On,809.68,676.02
1790533500000000000,2026-09-27T18:25:00Z,controller 1,1.457,4.439,-11.4,394.06,93.44,10.86,4.83,100.0,2,On,793.27,667.2
1790533560000000000,2026-09-27T18:26:00Z,controller 1,1.371,4.679,-12.24,129.97,187.42,10.83,4.82,100.0,3,On,802.22,655.89
1790533620000000000,2026-09-27T18:27:00Z,controller 2,1.375,4.691,31.44,290.34,87.62,10.8,4.83,100.0,2,On,782.61,683.84
1790533680000000000,2026-09-27T18:28:00Z,controller 1,1.433,4.927,161.21,24.45,495.72,10.77,5.21,100.0,3,On,775.58,688.94
1790533740000000000,2026-09-27T18:29:00Z,free response,1.447,4.854,142.69,319.59,145.49,10.73,4.82,100.0,1,On,758.54,660.19
1790533800000000000,2026-09-27T18:30:00Z,free response,1.07,8.08,43.17,375.65,336.93,10.72,4.62,100.0,1,On,756.58,648.58
1790533860000000000,2026-09-27T18:31:00Z,controller 1,1.143,7.937,176.05,135.11,378.3,10.7,5.24,100.0,1,On,746.95,643.52
1790533920000000000,2026-09-27T18:32:00Z,controller 2,1.15,7.86,183.32,102.57,281.73,10.68,4.73,100.0,2,On,765.01,628.37
1790533980000000000,2026-09-27T18:33:00Z,controller 2,1.044,8.148,89.24,222.61,223.29,10.65,4.69,100.0,3,On,804.73,640.9
1790534040000000000,2026-09-27T18:34:00Z,controller 1,1.146,7.641,-3.16,316.68,444.71,10.64,5.51,100.0,1,On,829.6,667.06
1790534100000000000,2026-09-27T18:35:00Z,controller 2,1.108,7.831,62.14,173.78,429.89,10.62,4.91,100.0,2,On,857.02,668.46
1790534160000000000,2026-09-27T18:36:00Z,controller 1,1.144,7.95,-0.39,309.31,143.47,10.59,5.66,100.0,2,On,889.33,640.3
1790534220000000000,2026-09-27T18:37:00Z,free response,0.997,7.989,59.54,183.6,110.65,10.58,3.95,100.0,3,On,907.1,637.23
1790534280000000000,2026-09-27T18:38:00Z,free response,0.991,8.176,87.02,213.62,64.27,10.57,4.33,100.0,1,On,899.57,658.56
1790534340000000000,2026-09-27T18:39:00Z,controller 2,1.027,7.833,126.67,100.18,161.0,10.56,3.74,100.0,3,On,852.39,688.34
1790534400000000000,2026-09-27T18:40:00Z,controller 2,1.05,7.819,42.02,341.14,279.28,10.55,4.68,100.0,1,On,830.7,673.02
1790534460000000000,2026-09-27T18:41:00Z,controller 1,1.04,7.89,188.69,374.33,400.88,10.52,4.22,100.0,3,On,853.98,654.06
1790534520000000000,2026-09-27T18:42:00Z,controller 2,1.1,7.934,43.03,393.28,302.4,10.49,4.9,100.0,3,On,843.92,630.51
1790534580000000000,2026-09-27T18:43:00Z,controller 1,1.046,7.945,176.04,363.73,45.18,10.46,4.43,100.0,2,On,870.2,607.35
1790534640000000000,2026-09-27T18:44:00Z,controller 2,1.136,8.087,98.33,351.94,75.82,10.43,5.66,100.0,3,On,907.6,625.56
1790534700000000000,2026-09-27T18:45:00Z,controller 2,1.032,8.078,33.2,315.43,49.27,10.4,4.28,100.0,3,On,949.09,602.94
1790534760000000000,2026-09-27T18:46:00Z,controller 2,1.109,8.211,104.31,144.81,485.29,10.39,5.05,100.0,3,On,987.89,618.18
1790534820000000000,2026-09-27T18:47:00Z,free response,1.125,7.559,169.09,342.16,343.81,10.36,5.17,100.0,3,On,1033.67,614.93
1790534880000000000,2026-09-27T18:48:00Z,controller 1,1.041,7.703,16.73,362.97,331.71,10.35,3.8,100.0,1,On,991.2,593.2
1790534940000000000,2026-09-27T18:49:00Z,free response,1.105,7.856,159.6,217.16,222.17,10.32,4.92,100.0,1,On,994.54,608.71
1790535000000000000,2026-09-27T18:50:00Z,free response,1.1,7.829,140.4,115.72,334.4,10.3,5.02,100.0,3,On,960.52,616.39
1790535060000000000,2026-09-27T18:51:00Z,free response,1.057,8.202,-7.65,30.3,25.06,10.29,4.2,100.0,2,On,993.02,604.65
1790535120000000000,2026-09-27T18:52:00Z,controller 1,1.009,7.694,186.15,285.69,418.84,10.28,3.97,100.0,2,On,986.04,585.16
1790535180000000000,2026-09-27T18:53:00Z,controller 1,1.11,7.544,108.53,353.38,36.5,10.27,4.35,100.0,3,On,986.26,594.04
1790535240000000000,2026-09-27T18:54:00Z,controller 2,0.994,7.583,35.78,185.05,82.33,10.26,3.58,100.0,3,On,979.2,580.2
1790535300000000000,2026-09-27T18:55:00Z,free response,1.013,7.58,-7.72,421.35,248.7,10.24,4.07,100.0,3,On,978.52,566.38
1790535360000000000,2026-09-27T18:56:00Z,controller 2,1.107,7.519,59.81,105.04,289.08,10.21,4.82,100.0,2,On,981.63,575.95
1790535420000000000,2026-09-27T18:57:00Z,controller 2,1.022,8.197,52.29,289.36,150.07,10.2,4.41,100.0,1,On,991.16,584.44
1790535480000000000,2026-09-27T18:58:00Z,controller 1,1.137,8.207,44.16,127.73,468.88,10.18,5.22,100.0,2,On,979.83,610.93
1790535540000000000,2026-09-27T18:59:00Z,controller 1,1.135,7.672,146.3,229.76,405.81,10.16,4.49,100.0,1,On,943.42,625.34
1790535600000000000,2026-09-27T19:00:00Z,free response,2.475,11.724,192.17,290.33,399.61,10.16,36.0,100.0,1,On,948.9,653.59
1790535660000000000,2026-09-27T19:01:00Z,controller 1,2.41,11.808,-28.34,339.13,339.88,10.13,37.15,100.0,1,On,995.86,629.36
1790535720000000000,2026-09-27T19:02:00Z,controller 1,2.565,11.592,141.99,351.08,568.65,10.1,38.57,100.0,3,On,1023.43,625.1
1790535780000000000,2026-09-27T19:03:00Z,controller 2,2.404,11.327,13.86,91.52,515.82,10.09,31.61,100.0,2,On,1003.75,607.37
1790535840000000000,2026-09-27T19:04:00Z,free response,2.565,12.017,122.13,24.25,589.96,10.07,36.7,100.0,1,On,1041.84,618.69
1790535900000000000,2026-09-27T19:05:00Z,controller 1,2.397,11.37,44.83,105.11,146.09,10.05,29.94,100.0,1,On,1026.02,624.21
1790535960000000000,2026-09-27T19:06:00Z,free response,2.474,11.902,176.44,43.47,213.66,10.04,33.58,100.0,1,On,1047.97,641.68
1790536020000000000,2026-09-27T19:07:00Z,free response,2.532,11.754,-6.68,394.02,198.82,10.01,34.75,100.0,1,On,1060.39,611.9
1790536080000000000,2026-09-27T19:08:00Z,controller 1,2.445,11.625,193.24,320.07,559.42,9.98,31.81,100.0,2,On,1037.45,601.55
1790536140000000000,2026-09-27T19:09:00Z,controller 1,2.47,11.867,55.91,147.65,95.08,9.96,37.78,100.0,3,On,998.57,617.09
1790536200000000000,2026-09-27T19:10:00Z,controller 1,2.538,11.881,134.27,379.41,352.7,9.95,41.05,100.0,1,On,980.68,625.85
1790536260000000000,2026-09-27T19:11:00Z,controller 2,2.533,11.716,130.08,313.78,44.15,9.94,35.57,100.0,3,On,942.4,629.36
1790536320000000000,2026-09-27T19:12:00Z,free response,2.397,11.774,-19.54,110.83,352.03,9.93,33.29,100.0,1,On,948.35,643.96
1790536380000000000,2026-09-27T19:13:00Z,free response,2.538,11.431,75.71,302.11,439.67,9.9,33.84,100.0,1,On,974.82,658.34
1790536440000000000,2026-09-27T19:14:00Z,controller 2,2.448,11.878,99.46,3.16,209.03,9.89,37.35,100.0,1,On,938.26,633.22
1790536500000000000,2026-09-27T19:15:00Z,controller 1,2.415,11.573,71.25,181.84,279.19,9.86,31.05,100.0,2,On,957.96,659.9
1790536560000000000,2026-09-27T19:16:00Z,controller 2,2.517,11.352,61.92,211.73,147.91,9.84,34.75,100.0,3,On,952.17,631.27
1790536620000000000,2026-09-27T19:17:00Z,free response,2.522,11.906,136.74,220.8,391.5,9.84,40.25,100.0,1,On,966.72,647.99
1790536680000000000,2026-09-27T19:18:00Z,controller 1,2.48,11.41,190.91,394.8,226.72,9.81,37.65,100.0,3,On,968.8,650.3
1790536740000000000,2026-09-27T19:19:00Z,free response,2.531,11.469,198.84,154.29,542.26,9.8,39.51,100.0,3,On,1004.56,653.22
1790536800000000000,2026-09-27T19:20:00Z,controller 2,2.529,11.754,13.43,425.02,145.19,9.79,41.26,100.0,3,Starting,1036.28,643.03
1790536860000000000,2026-09-27T19:21:00Z,free response,2.477,11.909,120.77,323.2,178.53,9.77,33.7,100.0,1,Starting,1031.06,654.21
1790536920000000000,2026-09-27T19:22:00Z,free response,2.486,11.922,129.9,406.32,173.51,9.76,36.47,100.0,1,Starting,1035.82,641.32
1790536980000000000,2026-09-27T19:23:00Z,controller 2,2.492,11.86,31.42,281.99,58.2,9.75,39.35,100.0,1,Starting,1041.85,627.92
1790537040000000000,2026-09-27T19:24:00Z,controller 2,2.531,11.572,156.37,274.62,568.23,9.73,39.11,100.0,1,Starting,1233.99,671.49
1790537100000000000,2026-09-27T19:25:00Z,free response,2.567,11.64,136.2,434.24,345.25,9.71,35.58,100.0,1,Starting,1235.18,693.35
1790537160000000000,2026-09-27T19:26:00Z,controller 2,2.412,11.815,16.36,46.19,306.56,9.68,35.07,100.0,1,Starting,940.32,989.91
1790537220000000000,2026-09-27T19:27:00Z,controller 2,2.395,11.917,86.77,181.09,237.65,9.64,32.42,100.0,2,Starting,972.77,985.53
1790537280000000000,2026-09-27T19:28:00Z,free response,2.463,11.932,81.63,260.29,58.56,9.62,38.67,100.0,2,Starting,991.11,963.0
1790537340000000000,2026-09-27T19:29:00Z,free response,2.399,11.748,79.94,366.6,310.95,9.6,34.04,100.0,2,Starting,1014.34,984.77
1790537400000000000,2026-09-27T19:30:00Z,free response,1.355,11.216,139.18,59.1,41.69,9.56,10.31,100.0,1,Starting,992.4,955.57
1790537460000000000,2026-09-27T19:31:00Z,controller 1,1.507,11.355,18.12,66.2,278.12,9.53,12.11,100.0,1,Starting,1007.64,967.03
1790537520000000000,2026-09-27T19:32:00Z,free response,1.345,11.616,180.53,22.67,352.75,9.52,11.4,100.0,1,Starting,1054.36,943.97
1790537580000000000,2026-09-27T19:33:00Z,controller 2,1.44,11.8,0.78,114.91,435.02,9.5,12.11,100.0,3,Starting,1019.12,935.75
1790537640000000000,2026-09-27T19:34:00Z,controller 1,1.432,11.366,-2.44,277.26,502.22,9.49,10.9,100.0,1,Starting,986.97,925.6
1790537700000000000,2026-09-27T19:35:00Z,controller 1,1.476,11.282,20.18,329.1,485.93,9.46,13.12,100.0,2,Starting,1030.78,899.02
1790537760000000000,2026-09-27T19:36:00Z,controller 1,1.467,11.731,184.92,285.65,185.95,9.45,12.79,100.0,3,Starting,1044.12,918.38
1790537820000000000,2026-09-27T19:37:00Z,controller 1,1.382,11.791,23.23,437.31,125.69,9.43,11.39,100.0,1,Starting,1087.93,933.82
1790537880000000000,2026-09-27T19:38:00Z,free response,1.401,11.484,153.76,268.1,478.67,9.41,11.24,100.0,3,Starting,1042.77,920.08
1790537940000000000,2026-09-27T19:39:00Z,free response,1.498,11.697,163.5,302.54,97.0,9.38,12.81,100.0,1,Starting,1082.88,948.33
1790538000000000000,2026-09-27T19:40:00Z,free response,1.438,11.698,178.92,378.08,145.12,9.36,12.82,100.0,1,Starting,1131.85,928.57
1790538060000000000,2026-09-27T19:41:00Z,controller 1,1.396,11.197,116.24,429.75,160.18,9.35,11.88,100.0,3,Starting,1116.37,902.47
1790538120000000000,2026-09-27T19:42:00Z,free response,1.4,11.497,8.21,184.94,0.86,9.34,10.27,8.37,2,Starting,1089.23,892.19
1790538180000000000,2026-09-27T19:43:00Z,controller 2,1.381,11.222,66.07,233.95,281.54,9.31,11.76,100.0,3,Starting,1115.76,891.93
1790538240000000000,2026-09-27T19:44:00Z,free response,1.344,11.581,180.35,118.28,93.14,9.3,9.95,100.0,1,Starting,1101.67,883.43
1790538300000000000,2026-09-27T19:45:00Z,controller 2,1.388,11.159,179.46,401.77,248.1,9.28,11.64,100.0,2,Starting,1130.65,910.43
1790538360000000000,2026-09-27T19:46:00Z,free response,1.346,11.383,180.76,352.29,192.04,9.27,11.27,100.0,3,Starting,1179.98,892.95
1790538420000000000,2026-09-27T19:47:00Z,controller 2,1.45,11.828,31.18,115.09,331.0,9.24,13.18,100.0,2,Starting,1175.45,891.97
1790538480000000000,2026-09-27T19:48:00Z,free response,1.5,11.649,173.94,199.22,200.62,9.23,12.96,100.0,3,Starting,1133.72,862.29
1790538540000000000,2026-09-27T19:49:00Z,controller 1,1.365,11.613,28.29,82.79,543.03,9.22,10.78,100.0,1,Starting,1105.52,868.56
1790538600000000000,2026-09-27T19:50:00Z,free response,1.449,11.298,174.26,28.4,527.72,9.21,12.72,100.0,2,Starting,992.09,386.19
1790538660000000000,2026-09-27T19:51:00Z,controller 1,1.437,11.52,65.57,96.92,305.08,9.19,12.03,100.0,1,Starting,993.62,384.13
1790538720000000000,2026-09-27T19:52:00Z,controller 2,1.383,11.934,84.81,149.31,558.09,9.17,10.9,100.0,1,Starting,944.07,403.0
1790538780000000000,2026-09-27T19:53:00Z,controller 2,1.481,11.574,75.66,121.42,136.51,9.16,13.05,100.0,3,Starting,905.05,417.79
1790538840000000000,2026-09-27T19:54:00Z,free response,1.479,11.809,17.07,139.5,341.64,9.15,12.57,100.0,3,Starting,886.28,428.61
1790538900000000000,2026-09-27T19:55:00Z,controller 1,1.463,11.522,79.29,162.35,218.96,9.14,12.31,100.0,2,Starting,855.51,447.02
1790538960000000000,2026-09-27T19:56:00Z,free response,1.435,11.882,119.96,374.75,208.94,9.12,12.74,100.0,3,Starting,823.48,476.93
1790539020000000000,2026-09-27T19:57:00Z,controller 2,1.481,11.523,191.75,130.04,65.05,9.08,12.23,100.0,1,Starting,869.94,455.45
1790539080000000000,2026-09-27T19:58:00Z,controller 2,1.398,11.284,196.0,253.65,565.31,9.07,11.42,100.0,3,Starting,919.54,476.68
1790539140000000000,2026-09-27T19:59:00Z,free response,1.434,11.224,-7.17,95.04,30.51,9.04,11.45,100.0,1,Starting,890.6,451.14
1790539200000000000,2026-09-27T20:00:00Z,controller 1,2.953,8.865,147.09,222.99,340.25,9.04,42.06,100.0,1,Starting,897.28,465.02
1790539260000000000,2026-09-27T20:01:00Z,free response,2.954,9.395,0.83,18.3,209.51,9.01,37.06,100.0,1,Starting,853.18,489.71
1790539320000000000,2026-09-27T20:02:00Z,controller 2,2.92,9.265,56.41,233.33,172.97,8.99,42.21,100.0,2,Starting,851.91,511.1
1790539380000000000,2026-09-27T20:03:00Z,controller 2,2.861,9.144,138.74,206.09,282.38,8.98,38.48,100.0,2,Starting,1435.63,927.03
1790539440000000000,2026-09-27T20:04:00Z,free response,2.917,9.091,26.45,259.08,95.55,8.95,37.23,100.0,3,Starting,1434.52,905.73
1790539500000000000,2026-09-27T20:05:00Z,controller 1,2.957,8.671,185.4,417.63,314.34,8.94,36.07,100.0,1,Starting,1413.53,924.56
1790539560000000000,2026-09-27T20:06:00Z,controller 2,2.892,9.247,77.52,213.67,552.68,8.93,40.43,100.0,1,Starting,1434.7,947.8
1790539620000000000,2026-09-27T20:07:00Z,controller 1,2.921,8.843,174.81,418.53,50.83,8.9,40.0,100.0,3,Starting,1448.45,939.3
1790539680000000000,2026-09-27T20:08:00Z,free response,2.832,8.686,158.43,239.58,116.35,8.9,37.11,100.0,3,Starting,1449.95,949.13
1790539740000000000,2026-09-27T20:09:00Z,controller 2,2.91,8.944,146.24,55.22,50.99,8.87,41.53,100.0,2,Starting,1469.48,947.56
1790539800000000000,2026-09-27T20:10:00Z,free response,2.963,8.66,96.44,109.77,583.5,8.86,35.32,100.0,1,Starting,1495.27,925.17
1790539860000000000,2026-09-27T20:11:00Z,controller 1,2.885,9.001,-19.56,19.72,585.64,8.85,34.25,100.0,1,Starting,1488.53,929.17
1790539920000000000,2026-09-27T20:12:00Z,controller 2,2.834,9.146,70.07,393.0,179.71,8.83,36.54,100.0,3,Starting,1449.74,930.92
1790539980000000000,2026-09-27T20:13:00Z,free response,2.887,9.194,167.23,393.35,443.68,8.82,38.03,100.0,3,Starting,1466.21,913.02
1790540040000000000,2026-09-27T20:14:00Z,controller 2,2.975,8.777,93.46,12.44,234.29,8.79,36.0,100.0,3,Starting,1472.18,915.01
1790540100000000000,2026-09-27T20:15:00Z,controller 2,2.933,9.005,66.35,27.82,574.45,8.76,40.46,100.0,1,Starting,1434.81,918.73
1790540160000000000,2026-09-27T20:16:00Z,controller 1,2.97,9.144,127.31,290.53,277.67,8.73,41.94,100.0,1,Starting,1429.01,932.1
1790540220000000000,2026-09-27T20:17:00Z,controller 2,2.844,9.335,45.44,342.94,576.24,8.72,34.48,100.0,2,Starting,1478.26,954.15
1790540280000000000,2026-09-27T20:18:00Z,controller 2,2.838,8.654,144.35,182.45,153.54,8.7,36.92,100.0,2,Starting,1439.96,962.13
1790540340000000000,2026-09-27T20:19:00Z,controller 1,2.94,8.766,123.3,38.18,405.31,8.68,38.54,100.0,3,Starting,1393.34,946.54
1790540400000000000,2026-09-27T20:20:00Z,controller 1,2.86,9.314,-0.63,64.41,434.22,8.66,38.8,100.0,3,Starting,1359.47,932.7
1790540460000000000,2026-09-27T20:21:00Z,free response,2.884,9.415,31.02,100.54,544.18,8.64,36.94,100.0,2,Starting,1392.45,940.46
1790540520000000000,2026-09-27T20:22:00Z,controller 2,2.884,9.247,106.08,370.05,191.42,8.62,35.05,100.0,2,Starting,1439.73,930.06
1790540580000000000,2026-09-27T20:23:00Z,free response,2.843,9.404,137.7,193.15,176.89,8.59,41.24,100.0,2,Starting,1469.85,915.74
1790540640000000000,2026-09-27T20:24:00Z,controller 2,2.83,9.23,98.36,222.53,223.81,8.57,36.12,100.0,2,Starting,1491.43,915.32
1790540700000000000,2026-09-27T20:25:00Z,free response,2.834,8.666,132.73,149.3,139.11,8.56,31.71,100.0,1,Starting,1490.03,909.81
1790540760000000000,2026-09-27T20:26:00Z,controller 2,2.92,8.909,69.82,392.92,334.66,8.54,38.9,100.0,3,Starting,1493.03,924.0
1790540820000000000,2026-09-27T20:27:00Z,controller 1,2.862,9.04,53.67,417.83,533.82,8.53,38.39,100.0,2,Starting,1493.35,942.0
1790540880000000000,2026-09-27T20:28:00Z,free response,2.866,8.884,134.17,92.18,505.01,8.5,40.12,100.0,2,Starting,1485.86,918.78
1790540940000000000,2026-09-27T20:29:00Z,controller 2,2.947,9.206,86.6,273.18,139.21,8.49,36.98,100.0,2,Starting,1442.66,902.59
1790541000000000000,2026-09-27T20:30:00Z,controller 1,1.558,12.186,73.97,365.62,341.97,8.47,14.28,100.0,2,Starting,1439.59,881.7
1790541060000000000,2026-09-27T20:31:00Z,free response,1.496,12.021,-13.91,264.9,513.9,8.44,13.5,100.0,1,Starting,1398.23,873.08
1790541120000000000,2026-09-27T20:32:00Z,controller 1,1.552,12.094,174.34,326.18,581.33,8.41,13.54,100.0,1,Starting,1354.76,869.07
1790541180000000000,2026-09-27T20:33:00Z,controller 2,1.629,12.029,107.35,346.94,137.67,8.38,17.05,100.0,3,Starting,1311.09,839.46
1790541240000000000,2026-09-27T20:34:00Z,controller 1,1.604,12.018,-27.62,123.87,1.04,8.37,16.77,6.2,3,Starting,1358.45,861.25
1790541300000000000,2026-09-27T20:35:00Z,free response,1.473,11.968,-17.72,395.68,281.52,8.34,12.56,100.0,2,Starting,1330.62,875.97
1790541360000000000,2026-09-27T20:36:00Z,controller 1,1.581,12.196,52.95,2.62,69.65,8.33,15.96,100.0,3,Starting,1298.46,856.85
1790541420000000000,2026-09-27T20:37:00Z,controller 1,1.613,12.526,67.95,361.09,172.6,8.31,17.06,100.0,3,Starting,1260.6,838.61
1790541480000000000,2026-09-27T20:38:00Z,controller 2,1.543,12.384,-13.94,373.33,132.62,8.3,13.86,100.0,2,Starting,1283.73,853.61
1790541540000000000,2026-09-27T20:39:00Z,controller 1,1.54,11.926,106.59,198.14,581.09,8.29,13.39,100.0,1,Starting,1237.71,847.46
1790541600000000000,2026-09-27T20:40:00Z,free response,1.519,12.002,82.98,209.91,596.74,8.27,14.63,100.0,3,Starting,1222.91,870.85
1790541660000000000,2026-09-27T20:41:00Z,controller 2,1.497,12.105,154.83,283.08,67.38,8.26,13.57,100.0,2,Starting,874.35,959.04
1790541720000000000,2026-09-27T20:42:00Z,free response,1.534,11.884,95.76,131.04,324.96,8.24,12.66,100.0,3,Starting,909.45,932.47
1790541780000000000,2026-09-27T20:43:00Z,controller 1,1.491,12.215,113.35,432.3,485.19,8.22,13.07,100.0,2,Starting,877.22,954.83
1790541840000000000,2026-09-27T20:44:00Z,free response,1.488,11.924,96.36,137.63,544.39,8.2,12.87,100.0,2,Starting,890.48,940.34
1790541900000000000,2026-09-27T20:45:00Z,controller 1,1.515,12.524,192.61,236.64,118.85,8.18,15.0,100.0,2,Starting,877.39,914.43
1790541960000000000,2026-09-27T20:46:00Z,free response,1.553,11.991,60.08,316.68,551.08,8.16,14.69,100.0,3,Starting,858.13,915.26
1790542020000000000,2026-09-27T20:47:00Z,controller 2,1.633,12.503,106.4,283.67,563.33,8.14,15.19,100.0,1,Starting,898.78,889.32
1790542080000000000,2026-09-27T20:48:00Z,controller 1,1.631,12.417,-7.86,212.42,265.49,8.11,15.07,100.0,1,Starting,933.1,894.89
1790542140000000000,2026-09-27T20:49:00Z,controller 2,1.606,12.515,-21.69,136.03,141.24,8.11,17.2,100.0,2,Starting,899.96,902.34
1790542200000000000,2026-09-27T20:50:00Z,free response,1.537,11.936,57.64,303.26,517.77,8.07,14.79,100.0,2,Starting,868.72,928.89
1790542260000000000,2026-09-27T20:51:00Z,free response,1.544,12.157,68.42,371.89,407.96,8.07,13.78,100.0,3,Starting,840.99,921.11
1790542320000000000,2026-09-27T20:52:00Z,free response,1.532,11.916,156.25,197.22,233.89,8.04,13.16,100.0,3,Starting,878.79,937.33
1790542380000000000,2026-09-27T20:53:00Z,controller 2,1.538,12.603,113.03,24.71,277.96,8.02,13.96,100.0,3,Starting,891.18,946.34
1790542440000000000,2026-09-27T20:54:00Z,controller 1,1.552,12.636,79.7,150.02,433.54,7.99,14.81,100.0,3,Starting,881.86,939.25
1790542500000000000,2026-09-27T20:55:00Z,free response,1.616,12.533,138.32,16.44,242.07,7.97,14.9,100.0,1,Starting,844.32,960.51
1790542560000000000,2026-09-27T20:56:00Z,controller 2,1.585,11.959,64.29,56.12,574.77,7.95,13.95,100.0,3,Starting,833.96,939.56
1790542620000000000,2026-09-27T20:57:00Z,free response,1.519,12.181,-7.17,93.76,333.78,7.94,12.68,100.0,1,Starting,834.06,936.73
1790542680000000000,2026-09-27T20:58:00Z,free response,1.613,12.05,38.29,200.49,531.04,7.92,15.4,100.0,3,Starting,833.43,950.81
1790542740000000000,2026-09-27T20:59:00Z,controller 2,1.5,11.915,63.64,229.94,287.08,7.89,12.86,100.0,1,Starting,790.03,978.24
1790542800000000000,2026-09-27T21:00:00Z,free response,1.883,4.544,91.59,277.85,214.73,7.88,8.35,100.0,1,Starting,973.56,352.57
1790542860000000000,2026-09-27T21:01:00Z,controller 1,1.954,4.555,71.32,232.31,466.03,7.85,8.24,100.0,1,Starting,990.37,382.39
1790542920000000000,2026-09-27T21:02:00Z,controller 1,1.962,4.176,170.51,259.07,576.3,7.82,8.52,100.0,1,Starting,1013.17,367.11
1790542980000000000,2026-09-27T21:03:00Z,free response,1.958,4.224,178.22,157.82,60.38,7.81,7.88,100.0,3,Starting,1007.33,376.93
1790543040000000000,2026-09-27T21:04:00Z,controller 1,1.812,4.533,-20.65,444.52,408.55,7.8,7.28,100.0,3,Starting,983.99,372.19
1790543100000000000,2026-09-27T21:05:00Z,controller 1,1.956,4.487,17.8,167.45,450.42,7.79,8.13,100.0,3,Starting,988.91,401.48
1790543160000000000,2026-09-27T21:06:00Z,free response,1.914,4.407,100.74,427.29,344.4,7.76,7.68,100.0,1,Starting,1004.56,410.38
1790543220000000000,2026-09-27T21:07:00Z,controller 2,1.821,4.491,119.88,332.79,10.75,7.73,6.95,100.0,3,Starting,973.51,433.61
1790543280000000000,2026-09-27T21:08:00Z,controller 1,1.957,4.57,40.43,318.54,293.1,7.71,8.68,100.0,1,Starting,949.72,435.84
1790543340000000000,2026-09-27T21:09:00Z,free response,1.908,4.255,68.18,341.67,128.56,7.68,7.21,100.0,2,Starting,1499.49,563.26
1790543400000000000,2026-09-27T21:10:00Z,free response,1.857,3.893,137.75,196.47,130.86,7.65,6.54,100.0,3,Starting,1498.94,560.74
1790543460000000000,2026-09-27T21:11:00Z,controller 2,1.918,4.118,138.88,419.05,551.14,7.64,7.7,100.0,2,Starting,1457.29,564.25
1790543520000000000,2026-09-27T21:12:00Z,controller 2,1.802,4.491,30.4,347.43,35.81,7.61,7.54,100.0,3,Starting,1419.68,563.4
1790543580000000000,2026-09-27T21:13:00Z,free response,1.937,3.922,-29.61,29.22,445.08,7.58,7.72,100.0,2,Starting,1395.61,581.72
1790543640000000000,2026-09-27T21:14:00Z,controller 1,1.822,4.568,8.74,143.32,499.54,7.56,7.36,100.0,3,Starting,1389.15,582.11
1790543700000000000,2026-09-27T21:15:00Z,controller 2,1.914,3.972,83.17,246.99,192.3,7.54,7.73,100.0,2,Starting,1391.52,557.95
1790543760000000000,2026-09-27T21:16:00Z,controller 1,1.793,4.489,97.73,236.19,399.64,7.52,6.72,100.0,2,Starting,1421.14,565.31
1790543820000000000,2026-09-27T21:17:00Z,free response,1.865,4.022,161.66,91.14,385.14,7.5,7.2,100.0,2,Starting,1459.01,565.64
1790543880000000000,2026-09-27T21:18:00Z,free response,1.876,4.262,34.44,177.08,47.84,7.47,7.98,100.0,1,Starting,1490.32,587.87
1790543940000000000,2026-09-27T21:19:00Z,controller 1,1.885,4.204,-23.29,210.92,546.46,7.45,6.95,100.0,1,Starting,1494.84,591.49
1790544000000000000,2026-09-27T21:20:00Z,free response,1.798,3.888,36.62,253.56,462.59,7.44,6.11,100.0,3,Starting,1459.87,620.03
1790544060000000000,2026-09-27T21:21:00Z,free response,1.938,4.153,-13.94,211.72,314.39,7.41,7.98,100.0,1,Starting,1466.58,615.39
1790544120000000000,2026-09-27T21:22:00Z,controller 1,1.839,4.144,10.69,436.2,184.88,7.39,6.84,100.0,2,Starting,1428.08,640.01
1790544180000000000,2026-09-27T21:23:00Z,free response,1.966,3.97,26.94,295.14,67.45,7.37,8.27,100.0,3,Starting,1453.51,612.3
1790544240000000000,2026-09-27T21:24:00Z,free response,1.939,3.904,15.44,404.52,373.4,7.36,7.45,100.0,1,Starting,1465.94,635.01
1790544300000000000,2026-09-27T21:25:00Z,free response,1.871,4.497,197.87,435.35,235.38,7.33,7.21,100.0,2,Starting,1500.0,618.13
1790544360000000000,2026-09-27T21:26:00Z,controller 2,1.831,4.313,-26.51,166.3,526.37,7.31,7.82,100.0,1,Starting,1500.0,601.77
1790544420000000000,2026-09-27T21:27:00Z,controller 1,1.875,4.447,-29.07,416.66,81.58,7.3,8.23,100.0,2,Starting,1457.6,585.13
1790544480000000000,2026-09-27T21:28:00Z,free response,1.872,4.246,32.4,132.0,150.56,7.28,7.84,100.0,2,Starting,1458.7,567.14
1790544540000000000,2026-09-27T21:29:00Z,controller 1,1.799,4.373,142.12,173.87,539.48,7.25,7.22,100.0,2,Starting,1468.27,564.72
1790544600000000000,2026-09-27T21:30:00Z,free response,1.915,6.499,166.28,340.17,195.01,7.23,10.97,100.0,2,Starting,1439.87,592.62
1790544660000000000,2026-09-27T21:31:00Z,controller 1,2.004,6.001,104.52,20.06,444.74,7.2,11.73,100.0,3,Starting,1446.26,608.73
1790544720000000000,2026-09-27T21:32:00Z,controller 1,2.045,6.663,76.06,219.69,478.95,7.18,13.35,100.0,1,Starting,1423.13,627.88
1790544780000000000,2026-09-27T21:33:00Z,controller 2,1.89,6.614,-17.71,244.98,357.21,7.15,11.42,100.0,2,Starting,1432.83,599.81
1790544840000000000,2026-09-27T21:34:00Z,free response,1.91,6.344,25.63,112.77,477.58,7.14,10.64,100.0,1,On,1388.26,586.72
1790544900000000000,2026-09-27T21:35:00Z,controller 1,1.956,6.51,29.01,277.2,344.0,7.12,11.29,100.0,2,On,1364.78,595.36
1790544960000000000,2026-09-27T21:36:00Z,controller 1,1.963,6.207,73.37,86.34,508.66,7.09,12.48,100.0,3,On,1361.02,584.79
1790545020000000000,2026-09-27T21:37:00Z,free response,2.047,6.345,159.89,42.56,23.81,7.07,13.62,100.0,1,On,1325.12,582.94
1790545080000000000,2026-09-27T21:38:00Z,free response,1.919,5.957,137.19,223.84,446.49,7.05,11.72,100.0,2,On,1206.29,621.1
1790545140000000000,2026-09-27T21:39:00Z,free response,2.035,6.395,148.0,258.58,363.03,7.03,14.13,100.0,1,On,1255.83,608.66
1790545200000000000,2026-09-27T21:40:00Z,controller 2,2.006,6.274,28.9,349.73,196.19,6.99,12.32,100.0,2,On,1215.66,616.63
1790545260000000000,2026-09-27T21:41:00Z,controller 1,1.923,6.074,-22.49,85.48,166.69,6.96,12.08,100.0,3,On,1235.74,625.05
1790545320000000000,2026-09-27T21:42:00Z,controller 1,1.931,6.458,105.56,442.73,3.39,6.94,11.55,29.35,2,On,1230.45,626.75
1790545380000000000,2026-09-27T21:43:00Z,controller 1,2.034,6.529,-23.03,386.88,569.33,6.92,14.37,100.0,2,On,1207.57,632.0
1790545440000000000,2026-09-27T21:44:00Z,controller 2,1.911,6.407,-0.9,391.45,367.9,6.89,11.82,100.0,3,On,1201.88,649.38
1790545500000000000,2026-09-27T21:45:00Z,free response,1.973,6.691,116.8,375.86,528.64,6.89,13.06,100.0,3,On,1222.96,637.36
1790545560000000000,2026-09-27T21:46:00Z,controller 1,1.92,6.551,70.01,71.44,242.19,6.87,12.43,100.0,2,On,1241.36,610.49
1790545620000000000,2026-09-27T21:47:00Z,controller 2,1.99,6.299,49.52,258.03,158.71,6.85,12.91,100.0,3,On,1226.35,632.89
1790545680000000000,2026-09-27T21:48:00Z,controller 1,1.96,6.439,173.61,382.68,443.34,6.83,12.15,100.0,3,On,1181.28,649.55
1790545740000000000,2026-09-27T21:49:00Z,controller 2,2.007,5.939,184.36,217.05,265.59,6.81,11.44,100.0,3,On,1139.88,661.83
1790545800000000000,2026-09-27T21:50:00Z,controller 2,2.004,6.295,-20.82,61.37,268.93,6.78,12.5,100.0,1,On,1134.6,656.81
1790545860000000000,2026-09-27T21:51:00Z,controller 1,1.979,6.584,197.58,178.23,166.75,6.77,12.73,100.0,1,On,1114.17,631.45
1790545920000000000,2026-09-27T21:52:00Z,controller 2,1.898,6.338,143.58,349.49,289.7,6.76,10.62,100.0,1,On,1144.06,608.89
1790545980000000000,2026-09-27T21:53:00Z,controller 2,1.981,6.613,-3.93,316.12,413.15,6.73,12.33,100.0,2,On,1101.35,609.46
1790546040000000000,2026-09-27T21:54:00Z,free response,1.904,6.201,-3.07,82.03,391.65,6.72,11.29,100.0,2,On,1071.55,613.44
1790546100000000000,2026-09-27T21:55:00Z,free response,2.04,6.216,4.37,400.94,463.13,6.68,13.59,100.0,1,On,1089.92,615.52
1790546160000000000,2026-09-27T21:56:00Z,controller 1,2.047,6.036,31.57,139.68,329.23,6.66,13.82,100.0,2,On,1091.84,640.14
1790546220000000000,2026-09-27T21:57:00Z,free response,2.055,6.5,174.17,440.32,440.57,6.65,15.07,100.0,1,On,1108.27,614.84
1790546280000000000,2026-09-27T21:58:00Z,controller 2,2.012,5.969,158.98,71.2,584.8,6.62,12.21,100.0,3,On,1064.96,609.79
1790546340000000000,2026-09-27T21:59:00Z,controller 1,2.064,6.396,-22.1,234.13,285.54,6.59,14.93,100.0,3,On,1083.53,587.25
1790546400000000000,2026-09-27T22:00:00Z,controller 1,2.351,13.993,-7.09,204.16,551.54,6.56,39.77,100.0,3,On,1060.7,571.13
1790546460000000000,2026-09-27T22:01:00Z,controller 2,2.394,13.762,-15.65,150.02,248.72,6.53,40.55,100.0,2,On,1031.66,577.0
1790546520000000000,2026-09-27T22:02:00Z,controller 2,2.476,13.67,167.15,319.03,320.22,6.52,43.75,100.0,1,On,657.03,831.1
1790546580000000000,2026-09-27T22:03:00Z,controller 1,2.465,13.653,162.28,275.09,255.38,6.51,39.89,100.0,2,On,630.38,815.39
1790546640000000000,2026-09-27T22:04:00Z,free response,2.441,13.783,51.7,51.52,580.0,6.48,37.31,100.0,3,On,865.29,634.8
1790546700000000000,2026-09-27T22:05:00Z,controller 2,2.473,13.88,118.21,295.58,543.76,6.47,40.52,100.0,3,On,823.82,655.24
1790546760000000000,2026-09-27T22:06:00Z,controller 1,2.488,14,77.66,158.9,13.81,6.46,42.15,32.76,1,On,829.85,666.14
1790546820000000000,2026-09-27T22:07:00Z,free response,2.483,14,91.93,22.7,567.55,6.46,40.13,100.0,3,On,872.72,675.28
1790546880000000000,2026-09-27T22:08:00Z,controller 2,2.451,13.834,150.41,294.27,186.77,6.43,41.25,100.0,1,On,898.71,692.75
1790546940000000000,2026-09-27T22:09:00Z,controller 2,2.366,14,73.39,9.93,329.33,6.41,41.01,100.0,2,On,920.47,715.63
1790547000000000000,2026-09-27T22:10:00Z,controller 1,2.379,14,12.9,445.55,74.26,6.39,42.06,100.0,2,On,879.05,741.9
1790547060000000000,2026-09-27T22:11:00Z,controller 2,2.452,14,181.41,142.37,318.91,6.36,44.27,100.0,2,On,857.8,744.1
1790547120000000000,2026-09-27T22:12:00Z,controller 2,2.34,13.862,27.66,366.81,1.85,6.35,37.11,4.99,1,On,812.56,754.76
1790547180000000000,2026-09-27T22:13:00Z,controller 2,2.448,14,96.55,162.99,439.68,6.34,44.66,100.0,2,On,777.71,773.81
1790547240000000000,2026-09-27T22:14:00Z,controller 2,2.449,13.987,-15.86,149.73,479.09,6.31,38.46,100.0,3,On,728.01,767.1
1790547300000000000,2026-09-27T22:15:00Z,free response,2.363,14,39.59,98.97,88.57,6.28,38.41,100.0,3,On,777.9,788.46
1790547360000000000,2026-09-27T22:16:00Z,free response,2.389,13.895,62.18,173.66,95.97,6.27,41.18,100.0,3,On,777.33,805.43
1790547420000000000,2026-09-27T22:17:00Z,controller 2,2.342,13.799,139.83,209.22,212.26,6.26,35.71,100.0,1,On,1401.66,328.05
1790547480000000000,2026-09-27T22:18:00Z,controller 2,2.491,13.665,141.51,425.62,146.14,6.23,45.13,100.0,1,On,1443.86,326.06
1790547540000000000,2026-09-27T22:19:00Z,controller 2,2.339,13.901,-17.48,43.57,553.66,6.21,36.14,100.0,3,On,1417.27,346.32
1790547600000000000,2026-09-27T22:20:00Z,controller 2,2.459,14,-21.03,422.22,412.67,6.18,45.91,100.0,3,On,1451.79,356.88
1790547660000000000,2026-09-27T22:21:00Z,controller 1,2.417,14,-28.55,301.06,187.79,6.15,40.92,100.0,3,On,1442.5,344.8
1790547720000000000,2026-09-27T22:22:00Z,controller 1,2.346,13.741,12.11,109.86,82.45,6.13,37.13,100.0,3,On,1463.99,328.37
1790547780000000000,2026-09-27T22:23:00Z,free response,2.489,13.835,159.09,292.62,340.13,6.1,43.88,100.0,1,On,1441.08,314.91
1790547840000000000,2026-09-27T22:24:00Z,free response,2.413,14,6.31,256.76,66.13,6.08,42.58,100.0,3,On,1436.35,291.11
1790547900000000000,2026-09-27T22:25:00Z,controller 2,2.484,13.97,-8.87,55.98,531.07,6.07,45.49,100.0,1,On,1451.73,318.36
1790547960000000000,2026-09-27T22:26:00Z,free response,2.345,13.826,4.54,82.68,397.69,6.06,35.18,100.0,3,On,1426.16,291.65
1790548020000000000,2026-09-27T22:27:00Z,controller 1,2.478,13.752,107.02,237.54,94.64,6.05,39.33,100.0,1,On,1427.86,297.13
1790548080000000000,2026-09-27T22:28:00Z,controller 2,2.415,14,92.22,44.15,138.51,6.03,40.22,100.0,3,On,1407.29,283.29
1790548140000000000,2026-09-27T22:29:00Z,controller 1,2.494,14,67.91,261.2,597.72,6.02,41.85,100.0,2,On,1373.29,308.86
1790548200000000000,2026-09-27T22:30:00Z,free response,1.952,5.531,-25.97,434.03,203.2,6.0,9.77,100.0,3,On,1400.73,309.16
1790548260000000000,2026-09-27T22:31:00Z,controller 1,2.031,5.687,31.07,291.32,598.22,5.99,11.57,100.0,2,On,1432.44,307.79
1790548320000000000,2026-09-27T22:32:00Z,free response,1.899,5.375,80.64,107.01,222.65,5.96,9.48,100.0,3,On,1451.12,333.25
1790548380000000000,2026-09-27T22:33:00Z,controller 1,1.912,5.642,98.46,365.24,61.16,5.95,9.68,100.0,2,On,1478.62,349.63
1790548440000000000,2026-09-27T22:34:00Z,controller 2,1.915,5.559,150.66,27.79,211.92,5.92,9.66,100.0,1,On,1479.82,325.79
1790548500000000000,2026-09-27T22:35:00Z,free response,2.056,5.561,50.99,427.05,514.95,5.9,10.92,100.0,1,On,1497.84,351.74
1790548560000000000,2026-09-27T22:36:00Z,free response,1.895,5.178,163.64,229.92,431.5,5.87,9.01,100.0,2,On,1448.21,380.2
1790548620000000000,2026-09-27T22:37:00Z,controller 1,1.997,5.779,20.08,374.42,555.28,5.84,11.75,100.0,3,On,1469.39,393.69
1790548680000000000,2026-09-27T22:38:00Z,free response,1.969,5.285,172.77,38.07,509.29,5.83,9.39,100.0,2,On,1500.0,391.78
1790548740000000000,2026-09-27T22:39:00Z,controller 2,1.974,5.554,-13.48,423.04,533.84,5.82,9.9,100.0,1,On,1500.0,382.45
1790548800000000000,2026-09-27T22:40:00Z,controller 2,2.029,5.366,15.35,28.07,217.32,5.8,11.68,100.0,1,On,1500.0,400.14
1790548860000000000,2026-09-27T22:41:00Z,free response,1.982,5.417,161.77,43.25,103.58,5.79,10.87,100.0,3,On,1500.0,425.26
1790548920000000000,2026-09-27T22:42:00Z,free response,2.006,5.637,121.05,325.89,450.99,5.75,12.02,100.0,2,On,1500.0,401.04
1790548980000000000,2026-09-27T22:43:00Z,controller 2,2.041,5.618,68.34,145.35,108.41,5.73,11.8,100.0,3,On,1494.12,377.23
1790549040000000000,2026-09-27T22:44:00Z,controller 2,2.003,5.325,138.57,23.19,428.36,5.71,10.56,100.0,1,On,1500.0,401.71
1790549100000000000,2026-09-27T22:45:00Z,free response,2.063,5.122,19.03,341.1,143.35,5.7,10.33,100.0,3,On,1500.0,423.45
1790549160000000000,2026-09-27T22:46:00Z,controller 1,1.889,5.104,53.96,331.09,397.03,5.69,9.23,100.0,2,On,1481.07,411.88
1790549220000000000,2026-09-27T22:47:00Z,controller 2,2.017,5.217,191.01,439.37,445.09,5.66,9.58,100.0,1,On,1497.65,425.72
1790549280000000000,2026-09-27T22:48:00Z,free response,1.972,5.607,78.83,416.76,198.29,5.65,10.9,100.0,1,On,1449.47,430.4
1790549340000000000,2026-09-27T22:49:00Z,free response,1.898,5.623,30.23,344.64,269.84,5.64,10.18,100.0,3,On,1457.66,431.07
1790549400000000000,2026-09-27T22:50:00Z,controller 1,1.971,5.685,174.24,51.98,334.93,5.62,12.12,100.0,3,On,1475.86,456.28
1790549460000000000,2026-09-27T22:51:00Z,controller 2,1.938,5.439,40.55,198.76,595.5,5.59,9.62,100.0,2,On,685.66,442.19
1790549520000000000,2026-09-27T22:52:00Z,controller 1,1.984,5.325,52.95,377.29,534.84,5.56,10.66,100.0,2,On,656.41,465.45
1790549580000000000,2026-09-27T22:53:00Z,controller 1,1.984,5.683,-3.61,105.65,215.33,5.54,10.69,100.0,2,On,664.45,474.63
1790549640000000000,2026-09-27T22:54:00Z,controller 2,1.985,5.774,116.48,358.45,583.95,5.53,10.74,100.0,1,On,672.81,489.11
1790549700000000000,2026-09-27T22:55:00Z,controller 1,1.889,5.504,75.9,322.86,358.87,5.52,10.45,100.0,2,On,676.39,463.84
1790549760000000000,2026-09-27T22:56:00Z,controller 2,1.904,5.699,79.67,169.33,313.78,5.49,10.58,100.0,3,On,690.55,454.66
1790549820000000000,2026-09-27T22:57:00Z,controller 2,2.034,5.231,17.55,179.0,584.17,5.46,11.11,100.0,2,On,730.79,451.67
1790549880000000000,2026-09-27T22:58:00Z,free response,1.92,5.334,124.51,131.32,566.21,5.46,9.07,100.0,3,On,760.17,476.14
1790549940000000000,2026-09-27T22:59:00Z,controller 2,1.891,5.61,27.67,142.98,36.46,5.45,9.89,100.0,3,On,803.16,473.72
1790550000000000000,2026-09-27T23:00:00Z,controller 2,1.073,3.591,176.22,442.53,81.11,5.44,2.19,100.0,1,On,755.24,464.22
1790550060000000000,2026-09-27T23:01:00Z,controller 1,1.084,3.543,167.53,28.12,591.38,5.41,2.26,100.0,1,On,780.5,459.48
1790550120000000000,2026-09-27T23:02:00Z,controller 1,1.063,3.734,49.68,190.15,165.18,5.39,2.22,100.0,2,On,1382.03,375.73
1790550180000000000,2026-09-27T23:03:00Z,controller 1,1.021,3.31,-4.91,240.03,81.3,5.37,1.68,100.0,3,On,1144.58,510.74
1790550240000000000,2026-09-27T23:04:00Z,controller 1,1.039,3.403,65.68,17.91,26.12,5.36,1.84,100.0,3,On,1103.99,532.04
1790550300000000000,2026-09-27T23:05:00Z,free response,1.041,3.413,-11.65,39.4,232.68,5.35,1.8,100.0,3,On,1073.25,535.67
1790550360000000000,2026-09-27T23:06:00Z,free response,0.93,3.584,-3.49,95.25,263.74,5.35,1.58,100.0,2,On,1044.73,538.15
1790550420000000000,2026-09-27T23:07:00Z,controller 2,0.967,3.044,46.13,303.72,11.34,5.32,1.54,100.0,2,On,1051.91,567.08
1790550480000000000,2026-09-27T23:08:00Z,controller 1,0.952,3.476,31.73,343.1,301.72,5.3,1.59,100.0,2,On,1092.01,569.43
1790550540000000000,2026-09-27T23:09:00Z,controller 2,1.02,3.088,199.34,104.65,525.71,5.28,1.5,100.0,2,On,1399.57,761.65
1790550600000000000,2026-09-27T23:10:00Z,controller 2,1.031,3.685,50.11,432.18,241.51,5.26,2.12,100.0,2,On,1436.08,742.13
1790550660000000000,2026-09-27T23:11:00Z,controller 2,1.058,3.409,-21.83,56.58,355.11,5.24,1.9,100.0,1,On,1447.36,761.42
1790550720000000000,2026-09-27T23:12:00Z,controller 2,0.988,3.396,84.01,366.41,71.26,5.22,1.71,100.0,2,On,1484.24,772.7
1790550780000000000,2026-09-27T23:13:00Z,controller 2,0.996,3.624,170.47,130.79,484.38,5.19,1.69,100.0,2,On,1500.0,751.44
1790550840000000000,2026-09-27T23:14:00Z,free response,1.036,3.036,-22.59,169.19,68.16,5.17,1.77,100.0,3,On,1459.78,750.41
1790550900000000000,2026-09-27T23:15:00Z,controller 1,0.968,3.582,173.64,238.06,525.23,5.16,1.56,100.0,3,On,1475.19,764.29
1790550960000000000,2026-09-27T23:16:00Z,controller 1,1.068,3.693,50.82,280.02,257.6,5.14,2.23,100.0,3,On,1442.23,759.14
1790551020000000000,2026-09-27T23:17:00Z,controller 2,1.071,3.254,80.48,2.4,480.34,5.13,1.88,100.0,3,On,1462.33,786.32
1790551080000000000,2026-09-27T23:18:00Z,free response,0.932,3.385,-20.09,257.27,295.49,5.11,1.36,100.0,1,On,1469.01,759.41
1790551140000000000,2026-09-27T23:19:00Z,controller 1,1.045,3.488,62.82,367.92,201.1,5.08,1.96,100.0,2,On,1447.82,767.41
1790551200000000000,2026-09-27T23:20:00Z,controller 2,0.951,3.572,101.53,263.86,401.78,5.07,1.7,100.0,1,On,1417.64,777.17
1790551260000000000,2026-09-27T23:21:00Z,controller 1,0.941,3.498,50.05,448.37,46.25,5.06,1.59,100.0,1,On,1378.88,792.47
1790551320000000000,2026-09-27T23:22:00Z,controller 1,1.077,3.663,8.22,282.7,360.23,5.04,2.24,100.0,2,On,1341.06,775.85
1790551380000000000,2026-09-27T23:23:00Z,controller 2,1.023,3.141,160.16,237.98,177.76,5.03,1.61,100.0,3,On,1293.1,799.71
1790551440000000000,2026-09-27T23:24:00Z,controller 2,0.927,3.084,160.23,101.27,90.24,5.01,1.31,100.0,2,On,1315.1,813.48
1790551500000000000,2026-09-27T23:25:00Z,controller 1,1.008,3.075,114.46,234.01,39.26,4.99,1.68,100.0,2,On,1306.93,835.06
1790551560000000000,2026-09-27T23:26:00Z,free response,0.98,3.125,127.2,70.74,347.02,4.98,1.41,100.0,3,On,1318.97,847.37
1790551620000000000,2026-09-27T23:27:00Z,controller 1,0.975,3.436,-13.01,169.26,19.09,4.94,1.57,100.0,1,On,1272.68,873.03
1790551680000000000,2026-09-27T23:28:00Z,controller 1,1.05,3.448,129.43,371.55,270.79,4.92,1.91,100.0,3,On,1232.27,892.37
1790551740000000000,2026-09-27T23:29:00Z,controller 2,1.082,3.073,198.77,382.87,78.71,4.89,1.96,100.0,2,On,1231.87,921.04
1790551800000000000,2026-09-27T23:30:00Z,controller 2,1.509,3.655,13.31,149.87,169.72,4.87,4.38,100.0,2,On,1239.53,915.48
1790551860000000000,2026-09-27T23:31:00Z,controller 2,1.393,3.415,146.49,396.66,10.9,4.84,3.33,100.0,1,On,1269.77,919.0
1790551920000000000,2026-09-27T23:32:00Z,free response,1.433,4.019,-24.69,184.7,341.08,4.8,3.88,100.0,1,On,1270.22,939.79
1790551980000000000,2026-09-27T23:33:00Z,controller 2,1.452,3.468,64.64,215.86,107.14,4.79,3.37,100.0,1,On,1293.49,944.37
1790552040000000000,2026-09-27T23:34:00Z,free response,1.508,3.277,79.56,278.69,19.67,4.77,3.6,100.0,1,On,1286.19,973.02
1790552100000000000,2026-09-27T23:35:00Z,free response,1.43,3.694,102.1,128.19,551.35,4.75,3.9,100.0,2,On,1324.64,975.89
1790552160000000000,2026-09-27T23:36:00Z,controller 2,1.547,3.389,60.39,5.53,566.03,4.73,4.36,100.0,1,On,1337.77,952.27
1790552220000000000,2026-09-27T23:37:00Z,free response,1.432,3.315,51.76,3.44,214.33,4.7,3.29,100.0,3,On,1319.71,939.99
1790552280000000000,2026-09-27T23:38:00Z,controller 1,1.426,3.658,100.22,63.31,36.21,4.7,3.52,100.0,3,On,1304.61,913.08
1790552340000000000,2026-09-27T23:39:00Z,free response,1.536,4.045,185.62,338.0,562.86,4.68,4.35,100.0,2,On,1343.52,917.42
1790552400000000000,2026-09-27T23:40:00Z,controller 2,1.411,3.594,69.72,375.74,520.43,4.66,3.6,100.0,3,On,1304.8,905.27
1790552460000000000,2026-09-27T23:41:00Z,controller 1,1.378,3.317,179.71,140.36,106.2,4.64,3.03,100.0,2,On,1334.69,897.97
1790552520000000000,2026-09-27T23:42:00Z,free response,1.418,3.36,-19.23,426.25,59.08,4.62,3.46,100.0,2,On,1289.38,885.46
1790552580000000000,2026-09-27T23:43:00Z,controller 2,1.521,3.723,136.23,182.58,486.17,4.59,4.39,100.0,1,On,1296.93,888.85
1790552640000000000,2026-09-27T23:44:00Z,controller 2,1.535,3.614,135.59,22.23,173.41,4.57,4.5,100.0,2,On,1286.72,863.68
1790552700000000000,2026-09-27T23:45:00Z,free response,1.48,3.403,82.41,250.0,338.13,4.56,4.0,100.0,1,On,1242.08,843.87
1790552760000000000,2026-09-27T23:46:00Z,controller 1,1.515,3.931,26.13,179.55,242.27,4.55,4.3,100.0,3,On,1245.24,851.48
1790552820000000000,2026-09-27T23:47:00Z,controller 1,1.376,3.852,80.6,369.64,296.4,4.52,3.65,100.0,2,On,1197.17,854.57
1790552880000000000,2026-09-27T23:48:00Z,controller 1,1.394,3.909,50.85,281.88,128.82,4.5,3.82,100.0,2,On,1188.66,860.35
1790552940000000000,2026-09-27T23:49:00Z,free response,1.409,4.021,174.08,70.1,429.15,4.47,3.94,100.0,1,On,1236.13,840.53
1790553000000000000,2026-09-27T23:50:00Z,controller 1,1.513,3.48,136.63,240.68,206.68,4.46,3.96,100.0,2,On,1240.37,866.74
1790553060000000000,2026-09-27T23:51:00Z,controller 1,1.388,3.856,180.24,4.57,535.66,4.42,4.01,100.0,3,On,1195.13,863.09
1790553120000000000,2026-09-27T23:52:00Z,controller 2,1.391,3.512,118.09,349.04,559.22,4.41,3.67,100.0,3,On,1194.08,882.53
1790553180000000000,2026-09-27T23:53:00Z,controller 1,1.429,3.639,74.25,320.21,92.52,4.4,3.99,100.0,3,On,1162.26,855.82
1790553240000000000,2026-09-27T23:54:00Z,controller 2,1.469,3.606,36.89,118.82,73.35,4.37,3.72,100.0,2,On,1127.87,867.94
1790553300000000000,2026-09-27T23:55:00Z,controller 2,1.519,3.824,175.8,1.79,561.92,4.35,4.3,100.0,3,On,1136.25,864.48
1790553360000000000,2026-09-27T23:56:00Z,controller 2,1.435,3.75,81.78,377.99,131.3,4.33,3.94,100.0,3,On,1090.38,879.1
1790553420000000000,2026-09-27T23:57:00Z,controller 2,1.48,3.325,152.46,204.06,491.97,4.33,3.3,100.0,2,On,1087.29,888.43
1790553480000000000,2026-09-27T23:58:00Z,controller 2,1.454,3.37,40.92,189.2,200.58,4.3,3.73,100.0,2,On,560.86,475.33
1790553540000000000,2026-09-27T23:59:00Z,controller 2,1.427,3.701,-11.56,162.03,416.12,4.29,3.65,100.0,2,On,891.45,805.11
