timestamp_ns,timestamp_iso,controller,hs,tp,avg_power,power_in,power_out,battery_pct,sea_state_energy,efficiency,peaks,nextwave,nextwave_error,nextwave_error_2
1795996800000000000,2026-11-30T00:00:00Z,controller 2,1.548,10.899,-26.14,286.64,191.62,0.0,11.81,100.0,3,Starting,1395.91,837.04
1795996860000000000,2026-11-30T00:01:00Z,free response,1.422,11.136,178.9,249.29,33.55,0.0,11.67,100.0,3,On,1348.96,836.89
1795996920000000000,2026-11-30T00:02:00Z,controller 1,1.485,11.327,93.63,24.19,295.47,0.0,13.06,100.0,1,On,1307.53,846.57
1795996980000000000,2026-11-30T00:03:00Z,controller 2,1.478,10.99,85.64,278.25,154.58,0.0,12.11,100.0,3,On,1339.52,825.54
1795997040000000000,2026-11-30T00:04:00Z,controller 2,1.488,11.198,1.79,283.86,89.84,0.0,12.1,100.0,2,On,1295.1,849.32
1795997100000000000,2026-11-30T00:05:00Z,controller 2,1.452,11.284,84.25,80.29,292.66,0.0,11.26,100.0,1,On,1278.46,844.65
1795997160000000000,2026-11-30T00:06:00Z,free response,1.43,10.782,137.43,193.13,437.83,0.0,11.33,100.0,1,On,1287.35,837.43
1795997220000000000,2026-11-30T00:07:00Z,controller 1,1.586,11.202,167.04,152.79,393.18,0.0,14.15,100.0,1,On,1295.78,831.54
1795997280000000000,2026-11-30T00:08:00Z,controller 1,1.528,11.06,144.76,119.07,161.29,0.0,13.91,100.0,1,On,1316.22,860.3
1795997340000000000,2026-11-30T00:09:00Z,free response,1.508,11.157,89.74,32.34,151.16,0.0,11.62,100.0,1,On,1442.41,987.78
1795997400000000000,2026-11-30T00:10:00Z,free response,1.577,11.405,60.1,249.91,200.09,0.0,14.09,100.0,3,On,1436.28,963.96
1795997460000000000,2026-11-30T00:11:00Z,controller 1,1.487,10.979,71.16,141.23,50.17,0.0,12.93,100.0,3,On,1404.66,970.68
1795997520000000000,2026-11-30T00:12:00Z,controller 1,1.565,10.825,155.06,51.83,320.32,0.0,13.13,100.0,1,On,1434.28,977.29
1795997580000000000,2026-11-30T00:13:00Z,controller 1,1.413,10.962,122.69,116.66,478.15,0.0,10.91,100.0,3,On,1461.38,970.32
1795997640000000000,2026-11-30T00:14:00Z,free response,1.412,11.374,55.26,160.31,224.65,0.0,11.79,100.0,2,On,1475.64,994.92
1795997700000000000,2026-11-30T00:15:00Z,free response,1.482,11.333,5.62,373.63,257.27,0.0,12.75,100.0,3,On,1500.0,1000.0
1795997760000000000,2026-11-30T00:16:00Z,controller 1,1.461,10.908,61.56,4.57,81.86,0.0,11.23,100.0,2,On,1460.62,1000.0
1795997820000000000,2026-11-30T00:17:00Z,free response,1.486,11.077,192.95,374.43,569.65,0.0,13.11,100.0,2,On,1411.85,979.08
1795997880000000000,2026-11-30T00:18:00Z,controller 1,1.429,11.314,65.75,310.63,193.37,0.0,11.9,100.0,3,On,1426.39,955.75
1795997940000000000,2026-11-30T00:19:00Z,controller 1,1.428,11.144,21.2,238.89,270.32,0.0,10.37,100.0,3,On,1429.44,980.04
1795998000000000000,2026-11-30T00:20:00Z,free response,1.485,10.916,19.15,275.53,587.74,0.0,11.37,100.0,2,On,1413.78,1000.0
1795998060000000000,2026-11-30T00:21:00Z,controller 2,1.554,10.86,20.21,95.61,142.42,0.0,11.96,100.0,3,On,1458.28,1000.0
1795998120000000000,2026-11-30T00:22:00Z,free response,1.454,11.121,87.08,111.33,438.8,0.0,10.98,100.0,1,On,1483.55,992.16
1795998180000000000,2026-11-30T00:23:00Z,controller 1,1.538,10.773,139.94,253.83,312.1,0.0,13.79,100.0,2,On,1434.82,1000.0
1795998240000000000,2026-11-30T00:24:00Z,free response,1.457,10.712,198.14,48.61,33.25,0.0,11.38,100.0,3,On,1480.52,995.74
1795998300000000000,2026-11-30T00:25:00Z,controller 2,1.571,11.309,55.04,72.27,338.97,0.0,13.75,100.0,1,On,1437.99,967.28
1795998360000000000,2026-11-30T00:26:00Z,controller 2,1.543,11.157,66.43,193.15,391.5,0.0,12.16,100.0,1,On,1469.9,950.91
1795998420000000000,2026-11-30T00:27:00Z,controller 2,1.441,11.045,176.36,263.52,378.53,0.0,12.41,100.0,2,On,1485.9,937.85
1795998480000000000,2026-11-30T00:28:00Z,controller 1,1.432,10.982,85.16,394.35,595.42,0.0,11.26,100.0,1,On,803.76,664.6
1795998540000000000,2026-11-30T00:29:00Z,controller 1,1.562,11.271,61.63,435.27,48.97,0.0,14.5,100.0,3,On,842.57,670.4
1795998600000000000,2026-11-30T00:30:00Z,free response,1.317,7.07,4.72,441.03,184.93,0.0,5.7,100.0,3,On,880.06,648.24
1795998660000000000,2026-11-30T00:31:00Z,free response,1.173,7.122,-12.08,410.1,577.12,0.0,4.9,100.0,1,On,848.64,649.78
1795998720000000000,2026-11-30T00:32:00Z,free response,1.276,7.149,34.25,36.28,71.96,0.0,5.86,100.0,3,On,867.19,642.74
1795998780000000000,2026-11-30T00:33:00Z,controller 1,1.198,7.696,180.89,53.54,172.56,0.0,5.63,100.0,1,On,854.54,639.55
1795998840000000000,2026-11-30T00:34:00Z,free response,1.173,7.561,26.33,108.72,358.48,0.0,5.27,100.0,1,On,812.53,630.17
1795998900000000000,2026-11-30T00:35:00Z,free response,1.192,7.306,154.65,274.93,235.16,0.0,4.83,100.0,2,On,831.02,636.59
1795998960000000000,2026-11-30T00:36:00Z,free response,1.217,7.699,161.37,364.13,278.87,0.0,5.41,100.0,2,Off,870.05,622.62
1795999020000000000,2026-11-30T00:37:00Z,controller 2,1.177,7.124,53.73,370.52,492.69,0.0,5.4,100.0,3,Off,820.82,648.12
1795999080000000000,2026-11-30T00:38:00Z,controller 1,1.15,7.588,168.45,70.39,452.54,0.0,4.87,100.0,2,Off,868.88,635.5
1795999140000000000,2026-11-30T00:39:00Z,free response,1.278,7.31,108.05,163.03,577.72,0.0,6.29,100.0,3,Off,843.64,617.63
1795999200000000000,2026-11-30T00:40:00Z,controller 1,1.182,7.341,162.15,277.74,22.62,0.0,4.74,100.0,2,Off,797.75,634.22
1795999260000000000,2026-11-30T00:41:00Z,controller 1,1.296,7.675,54.95,292.99,487.56,0.0,6.44,100.0,3,Off,802.0,650.61
1795999320000000000,2026-11-30T00:42:00Z,controller 1,1.152,7.388,165.37,218.76,126.78,0.0,5.03,100.0,3,Off,815.48,677.05
1795999380000000000,2026-11-30T00:43:00Z,controller 1,1.216,7.429,161.23,62.53,317.73,0.0,5.04,100.0,3,Off,800.96,341.75
1795999440000000000,2026-11-30T00:44:00Z,controller 1,1.184,7.305,16.64,335.85,484.57,0.0,4.84,100.0,3,Off,845.79,364.25
1795999500000000000,2026-11-30T00:45:00Z,free response,1.243,7.241,118.75,44.6,451.69,0.0,5.32,100.0,3,Off,881.15,381.37
1795999560000000000,2026-11-30T00:46:00Z,controller 2,1.193,7.027,178.85,259.36,421.6,0.0,4.71,100.0,1,Off,909.2,399.63
1795999620000000000,2026-11-30T00:47:00Z,controller 2,1.301,7.717,80.82,128.28,217.65,0.0,5.93,100.0,3,Off,910.47,416.45
1795999680000000000,2026-11-30T00:48:00Z,controller 1,1.189,7.229,144.51,300.74,279.21,0.0,5.54,100.0,3,Off,871.06,421.57
1795999740000000000,2026-11-30T00:49:00Z,controller 1,1.154,7.102,161.53,209.28,587.49,0.0,4.41,100.0,1,Off,852.58,395.45
1795999800000000000,2026-11-30T00:50:00Z,free response,1.214,7.663,165.2,281.19,139.28,0.0,5.62,100.0,3,Off,896.2,372.21
1795999860000000000,2026-11-30T00:51:00Z,controller 1,1.253,7.099,123.27,371.44,323.23,0.0,5.46,100.0,1,Off,855.5,383.67
1795999920000000000,2026-11-30T00:52:00Z,free response,1.191,7.692,93.1,361.91,527.95,0.0,6.0,100.0,2,Off,839.13,385.12
1795999980000000000,2026-11-30T00:53:00Z,controller 1,1.287,7.488,186.44,121.49,578.11,0.0,6.41,100.0,3,Off,795.63,398.29
1796000040000000000,2026-11-30T00:54:00Z,free response,1.164,7.249,185.1,36.14,412.85,0.0,5.37,100.0,2,Off,792.37,391.08
1796000100000000000,2026-11-30T00:55:00Z,controller 1,1.302,7.561,120.51,148.24,212.5,0.0,5.99,100.0,3,Off,838.1,389.08
1796000160000000000,2026-11-30T00:56:00Z,controller 1,1.241,7.047,16.07,339.01,375.45,0.0,4.89,100.0,2,Off,831.41,407.4
1796000220000000000,2026-11-30T00:57:00Z,controller 1,1.146,7.079,73.44,404.93,435.2,0.0,4.99,100.0,3,Off,784.61,424.35
1796000280000000000,2026-11-30T00:58:00Z,controller 1,1.2,7.133,129.47,365.29,409.22,0.0,5.07,100.0,1,Off,735.66,448.01
1796000340000000000,2026-11-30T00:59:00Z,free response,1.305,7.186,44.83,374.65,314.48,0.0,5.78,100.0,1,Off,747.94,467.06
1796000400000000000,2026-11-30T01:00:00Z,controller 1,0.825,8.735,82.68,3.13,521.21,0.0,2.68,100.0,1,Off,735.52,484.85
1796000460000000000,2026-11-30T01:01:00Z,controller 1,0.966,8.632,-20.66,384.3,359.81,0.0,4.05,100.0,1,Off,750.58,503.9
1796000520000000000,2026-11-30T01:02:00Z,controller 1,0.934,8.29,141.5,406.22,225.3,0.0,3.44,100.0,1,Off,787.85,522.38
1796000580000000000,2026-11-30T01:03:00Z,free response,0.994,8.625,54.51,0.85,335.69,0.0,4.56,100.0,3,Off,770.04,539.28
1796000640000000000,2026-11-30T01:04:00Z,controller 1,0.927,8.04,141.52,89.44,416.99,0.0,3.27,100.0,1,Off,800.97,541.82
1796000700000000000,2026-11-30T01:05:00Z,controller 1,0.895,8.245,-2.15,181.04,85.48,0.0,3.0,100.0,2,Off,754.73,546.42
1796000760000000000,2026-11-30T01:06:00Z,free response,0.912,8.122,157.25,229.04,200.49,0.0,3.28,100.0,2,Off,726.89,572.2
1796000820000000000,2026-11-30T01:07:00Z,controller 1,0.994,8.289,179.9,260.39,565.28,0.0,4.2,100.0,2,Off,703.56,564.31
1796000880000000000,2026-11-30T01:08:00Z,controller 2,0.887,8.644,31.8,283.7,531.88,0.0,3.65,100.0,3,Off,671.74,545.14
1796000940000000000,2026-11-30T01:09:00Z,free response,0.968,8.738,109.3,31.06,404.52,0.0,4.34,100.0,2,Off,688.42,550.0
1796001000000000000,2026-11-30T01:10:00Z,free response,0.958,8.646,33.09,426.38,377.43,0.0,3.78,100.0,1,Off,694.12,572.33
1796001060000000000,2026-11-30T01:11:00Z,free response,0.906,8.115,107.73,172.41,239.72,0.0,3.56,100.0,3,Off,710.29,568.06
1796001120000000000,2026-11-30T01:12:00Z,controller 1,0.825,8.12,107.95,196.02,449.06,0.0,2.95,100.0,1,Off,739.99,587.23
1796001180000000000,2026-11-30T01:13:00Z,controller 2,0.896,8.174,39.89,367.29,555.08,0.0,3.39,100.0,1,Off,781.41,575.82
1796001240000000000,2026-11-30T01:14:00Z,controller 1,0.844,8.185,10.32,279.6,196.95,0.0,3.18,100.0,1,Off,772.18,556.5
1796001300000000000,2026-11-30T01:15:00Z,controller 1,0.936,8.082,126.97,436.78,148.84,0.0,3.27,100.0,2,Off,782.07,558.98
1796001360000000000,2026-11-30T01:16:00Z,controller 1,0.822,8.32,38.62,204.85,219.44,0.0,3.06,100.0,1,Off,795.13,577.67
1796001420000000000,2026-11-30T01:17:00Z,controller 1,0.941,8.066,116.74,146.89,208.86,0.0,3.45,100.0,3,Off,836.41,591.92
1796001480000000000,2026-11-30T01:18:00Z,free response,0.956,8.524,135.16,161.33,264.29,0.0,3.79,100.0,3,Off,827.2,585.84
1796001540000000000,2026-11-30T01:19:00Z,free response,0.965,8.732,53.72,15.17,141.45,0.0,4.38,100.0,2,Off,803.66,591.89
1796001600000000000,2026-11-30T01:20:00Z,controller 1,0.946,8.611,143.16,142.41,17.72,0.0,3.55,100.0,2,Off,823.59,567.31
1796001660000000000,2026-11-30T01:21:00Z,controller 2,0.816,8.382,47.54,20.96,76.35,0.0,2.65,100.0,1,Off,1016.3,459.33
1796001720000000000,2026-11-30T01:22:00Z,controller 2,0.895,8.555,69.63,399.94,409.29,0.0,3.73,100.0,1,Off,1059.92,476.59
1796001780000000000,2026-11-30T01:23:00Z,controller 2,0.919,8.48,140.85,368.45,124.32,0.0,3.57,100.0,2,Off,1102.49,449.85
1796001840000000000,2026-11-30T01:24:00Z,controller 2,0.91,8.292,107.56,175.13,364.49,0.0,3.57,100.0,3,Off,1086.71,459.97
1796001900000000000,2026-11-30T01:25:00Z,controller 1,0.927,8.481,192.28,345.04,171.33,0.0,3.79,100.0,3,Off,1104.18,457.75
1796001960000000000,2026-11-30T01:26:00Z,controller 1,0.894,8.389,-24.87,10.26,390.61,0.0,3.53,100.0,1,Off,1093.96,461.47
1796002020000000000,2026-11-30T01:27:00Z,free response,0.816,8.548,65.39,363.99,579.35,0.0,2.64,100.0,1,Off,1048.0,455.63
1796002080000000000,2026-11-30T01:28:00Z,controller 1,0.949,8.811,75.76,318.81,453.11,0.0,4.07,100.0,2,Off,1022.07,466.78
1796002140000000000,2026-11-30T01:29:00Z,controller 1,0.972,8.63,86.92,419.2,19.27,0.0,3.81,100.0,1,Off,921.57,989.89
1796002200000000000,2026-11-30T01:30:00Z,controller 2,1.609,9.652,109.4,313.99,71.77,0.0,12.44,100.0,3,Off,873.29,997.03
1796002260000000000,2026-11-30T01:31:00Z,free response,1.601,9.704,170.32,434.36,342.36,0.0,12.48,100.0,3,On,896.57,1000.0
1796002320000000000,2026-11-30T01:32:00Z,controller 1,1.749,9.627,124.29,286.27,105.96,0.0,13.79,100.0,3,On,887.84,983.0
1796002380000000000,2026-11-30T01:33:00Z,controller 2,1.603,9.649,14.56,178.4,479.19,0.0,12.23,100.0,2,On,889.28,971.31
1796002440000000000,2026-11-30T01:34:00Z,controller 1,1.586,9.58,123.17,96.87,74.89,0.0,12.7,100.0,1,On,847.43,973.39
1796002500000000000,2026-11-30T01:35:00Z,controller 2,1.592,9.592,141.87,235.78,502.3,0.0,12.32,100.0,2,On,835.16,952.64
1796002560000000000,2026-11-30T01:36:00Z,controller 2,1.71,9.573,131.13,6.3,591.66,0.0,13.32,100.0,2,On,937.75,418.35
1796002620000000000,2026-11-30T01:37:00Z,controller 1,1.594,9.268,-24.76,223.07,312.99,0.0,12.6,100.0,3,On,957.37,395.4
1796002680000000000,2026-11-30T01:38:00Z,controller 1,1.752,9.552,0.76,363.39,221.5,0.0,15.16,100.0,1,On,931.9,406.47
1796002740000000000,2026-11-30T01:39:00Z,controller 1,1.734,9.189,-18.33,128.77,457.53,0.0,13.42,100.0,3,On,920.49,433.27
1796002800000000000,2026-11-30T01:40:00Z,controller 1,1.637,9.584,193.3,418.99,82.76,0.0,11.7,100.0,3,On,930.15,407.08
1796002860000000000,2026-11-30T01:41:00Z,controller 2,1.756,9.687,152.46,393.02,22.51,0.0,16.18,100.0,3,On,938.9,393.1
1796002920000000000,2026-11-30T01:42:00Z,free response,1.599,9.483,56.82,191.63,497.63,0.0,12.8,100.0,2,On,913.0,386.45
1796002980000000000,2026-11-30T01:43:00Z,controller 1,1.747,9.835,158.95,55.51,559.56,0.0,14.73,100.0,1,On,958.85,385.31
1796003040000000000,2026-11-30T01:44:00Z,controller 2,1.701,9.519,3.03,144.79,525.39,0.0,13.42,100.0,1,On,844.85,485.38
1796003100000000000,2026-11-30T01:45:00Z,controller 1,1.626,9.794,29.97,52.6,129.04,0.0,12.47,100.0,3,On,813.48,489.56
1796003160000000000,2026-11-30T01:46:00Z,free response,1.631,9.535,55.09,24.76,402.83,0.0,13.76,100.0,3,On,805.31,477.01
1796003220000000000,2026-11-30T01:47:00Z,controller 1,1.749,9.376,37.74,315.47,170.14,0.0,13.77,100.0,1,On,815.53,477.95
1796003280000000000,2026-11-30T01:48:00Z,free response,1.609,9.482,-23.44,339.41,498.2,0.0,12.3,100.0,3,On,848.78,489.04
1796003340000000000,2026-11-30T01:49:00Z,controller 1,1.691,9.831,151.11,48.64,196.76,0.0,13.61,100.0,2,On,836.35,518.93
1796003400000000000,2026-11-30T01:50:00Z,controller 2,1.72,9.284,92.28,117.51,381.66,0.0,13.12,100.0,1,On,876.22,501.89
1796003460000000000,2026-11-30T01:51:00Z,free response,1.619,9.526,-12.29,142.26,549.05,0.0,12.59,100.0,2,On,1166.98,402.05
1796003520000000000,2026-11-30T01:52:00Z,controller 2,1.708,9.776,134.29,412.16,86.75,0.0,15.05,100.0,3,On,1167.59,378.28
1796003580000000000,2026-11-30T01:53:00Z,free response,1.608,9.555,148.11,154.03,414.68,0.0,12.91,100.0,3,On,1175.75,353.75
1796003640000000000,2026-11-30T01:54:00Z,controller 1,1.73,9.878,68.33,425.06,396.98,0.0,14.35,100.0,2,On,1188.75,350.63
1796003700000000000,2026-11-30T01:55:00Z,controller 2,1.615,9.635,30.92,418.24,374.31,0.0,13.11,100.0,1,On,1216.7,366.36
1796003760000000000,2026-11-30T01:56:00Z,controller 1,1.61,9.296,66.14,400.22,49.01,0.0,12.63,100.0,1,On,1234.32,343.45
1796003820000000000,2026-11-30T01:57:00Z,controller 2,1.69,9.677,160.65,158.08,198.6,0.0,12.6,100.0,2,On,1227.83,359.66
1796003880000000000,2026-11-30T01:58:00Z,controller 1,1.646,9.679,-13.89,226.21,32.2,0.0,13.64,100.0,3,On,1258.45,358.33
1796003940000000000,2026-11-30T01:59:00Z,free response,1.719,9.412,108.41,235.35,528.56,0.0,13.07,100.0,1,On,931.34,373.89
1796004000000000000,2026-11-30T02:00:00Z,free response,0.169,9.463,139.19,99.38,472.48,0.0,0.15,100.0,3,On,964.71,403.84
1796004060000000000,2026-11-30T02:01:00Z,controller 2,0.242,9.462,8.03,101.94,236.47,0.0,0.3,100.0,1,On,931.64,429.79
1796004120000000000,2026-11-30T02:02:00Z,controller 1,0.265,9.695,154.98,432.83,275.01,0.0,0.34,100.0,1,On,950.01,455.39
1796004180000000000,2026-11-30T02:03:00Z,controller 2,0.24,9.856,177.01,265.59,367.91,0.0,0.26,100.0,2,On,953.57,451.41
1796004240000000000,2026-11-30T02:04:00Z,controller 1,0.108,9.304,147.73,8.33,315.62,0.0,0.05,100.0,2,On,950.27,456.2
1796004300000000000,2026-11-30T02:05:00Z,controller 2,0.221,9.75,5.99,47.01,56.52,0.0,0.23,100.0,1,On,911.74,452.27
1796004360000000000,2026-11-30T02:06:00Z,controller 2,0.249,9.305,43.69,265.76,245.6,0.0,0.3,100.0,2,On,862.16,430.71
1796004420000000000,2026-11-30T02:07:00Z,controller 2,0.181,9.296,-21.46,422.43,337.65,0.0,0.15,100.0,3,On,813.67,450.38
1796004480000000000,2026-11-30T02:08:00Z,free response,0.149,9.355,173.4,223.82,223.96,0.0,0.11,100.0,1,On,774.7,453.77
1796004540000000000,2026-11-30T02:09:00Z,controller 2,0.135,9.548,169.08,285.64,540.71,0.0,0.09,100.0,1,On,734.75,446.94
1796004600000000000,2026-11-30T02:10:00Z,free response,0.141,9.625,10.84,357.36,457.49,0.0,0.09,100.0,3,On,731.88,476.57
1796004660000000000,2026-11-30T02:11:00Z,controller 2,0.102,9.609,141.91,27.15,217.26,0.0,0.05,100.0,2,On,775.44,457.25
1796004720000000000,2026-11-30T02:12:00Z,controller 1,0.157,9.604,2.15,5.84,66.35,0.0,0.12,100.0,2,On,819.42,476.21
1796004780000000000,2026-11-30T02:13:00Z,free response,0.095,9.545,26.17,33.73,541.93,0.0,0.05,100.0,1,On,798.75,454.53
1796004840000000000,2026-11-30T02:14:00Z,controller 1,0.236,9.786,-28.73,126.6,45.85,0.0,0.29,100.0,3,On,834.62,432.54
1796004900000000000,2026-11-30T02:15:00Z,controller 2,0.257,9.745,132.63,92.32,328.8,0.0,0.31,100.0,3,On,868.26,443.13
1796004960000000000,2026-11-30T02:16:00Z,free response,0.212,9.772,49.58,444.93,203.06,0.0,0.24,100.0,1,On,880.39,458.27
1796005020000000000,2026-11-30T02:17:00Z,controller 1,0.255,9.676,-25.96,38.26,424.43,0.0,0.29,100.0,3,On,846.48,435.13
1796005080000000000,2026-11-30T02:18:00Z,controller 1,0.098,9.272,108.75,444.0,323.85,0.0,0.05,100.0,2,On,893.07,442.79
1796005140000000000,2026-11-30T02:19:00Z,controller 1,0.164,9.659,80.74,334.88,77.54,0.0,0.12,100.0,1,On,884.52,468.48
1796005200000000000,2026-11-30T02:20:00Z,controller 2,0.191,9.435,-27.76,66.42,393.39,0.0,0.17,100.0,1,On,859.58,451.01
1796005260000000000,2026-11-30T02:21:00Z,controller 2,0.206,9.934,198.83,384.22,13.12,0.0,0.23,100.0,2,On,872.22,450.19
1796005320000000000,2026-11-30T02:22:00Z,controller 2,0.14,9.573,-15.52,166.5,484.71,0.0,0.1,100.0,1,On,896.1,424.47
1796005380000000000,2026-11-30T02:23:00Z,free response,0.215,9.754,102.85,346.37,340.03,0.0,0.23,100.0,1,On,917.06,423.89
1796005440000000000,2026-11-30T02:24:00Z,controller 2,0.253,9.363,70.03,447.86,314.82,0.0,0.28,100.0,3,On,948.85,434.6
1796005500000000000,2026-11-30T02:25:00Z,controller 1,0.261,9.342,156.91,331.98,298.79,0.0,0.3,100.0,2,On,965.9,464.54
1796005560000000000,2026-11-30T02:26:00Z,controller 1,0.107,9.446,115.57,187.21,3.9,0.0,0.05,100.0,2,On,970.52,448.25
1796005620000000000,2026-11-30T02:27:00Z,controller 1,0.211,9.282,102.57,247.65,387.03,0.0,0.19,100.0,2,On,983.14,457.15
1796005680000000000,2026-11-30T02:28:00Z,controller 2,0.134,9.476,15.26,192.28,69.7,0.0,0.08,100.0,1,On,979.38,452.24
1796005740000000000,2026-11-30T02:29:00Z,controller 1,0.214,9.518,23.46,377.4,561.94,0.0,0.23,100.0,2,On,1013.52,438.78
1796005800000000000,2026-11-30T02:30:00Z,free response,0.067,6.17,14.67,95.67,138.1,0.0,0.01,100.0,2,On,1047.57,447.78
1796005860000000000,2026-11-30T02:31:00Z,controller 2,0.073,6.191,-23.24,429.23,329.18,0.0,0.02,100.0,1,On,1053.87,470.82
1796005920000000000,2026-11-30T02:32:00Z,free response,0.078,6.548,86.76,169.16,420.5,0.0,0.02,100.0,1,On,1050.67,497.59
1796005980000000000,2026-11-30T02:33:00Z,free response,0.014,6.753,160.95,305.92,255.71,0.0,0.0,0.0,2,On,1081.49,518.62
1796006040000000000,2026-11-30T02:34:00Z,free response,0,6.468,55.81,433.64,124.2,0.0,0.0,0.0,1,On,1048.69,439.97
1796006100000000000,2026-11-30T02:35:00Z,controller 2,0.073,6.865,19.37,67.53,209.07,0.0,0.02,100.0,3,On,1071.67,414.42
1796006160000000000,2026-11-30T02:36:00Z,controller 1,0.08,6.597,-28.7,197.33,390.62,0.0,0.02,100.0,3,On,1058.02,401.44
1796006220000000000,2026-11-30T02:37:00Z,controller 2,0.019,6.649,110.67,432.44,436.85,0.0,0.0,0.0,3,On,1022.69,412.36
1796006280000000000,2026-11-30T02:38:00Z,controller 2,0.011,6.511,63.61,300.66,74.63,0.0,0.0,0.0,3,On,1052.5,406.85
1796006340000000000,2026-11-30T02:39:00Z,controller 1,0.004,6.5,72.13,262.97,533.47,0.0,0.0,0.0,1,On,1027.73,390.55
1796006400000000000,2026-11-30T02:40:00Z,free response,0.075,6.238,6.64,11.4,181.66,0.0,0.02,100.0,1,On,1045.49,408.03
1796006460000000000,2026-11-30T02:41:00Z,controller 2,0.037,6.328,40.06,62.58,179.56,0.0,0.0,0.0,2,On,1064.58,433.59
1796006520000000000,2026-11-30T02:42:00Z,controller 2,0,6.519,94.46,179.08,592.61,0.0,0.0,0.0,1,On,1072.38,425.86
1796006580000000000,2026-11-30T02:43:00Z,controller 1,0.075,6.183,65.74,23.14,434.74,0.0,0.02,100.0,2,On,1100.2,418.64
1796006640000000000,2026-11-30T02:44:00Z,free response,0,6.149,7.7,32.08,367.76,0.0,0.0,0.0,2,On,1113.93,434.52
1796006700000000000,2026-11-30T02:45:00Z,controller 2,0,6.672,189.69,261.16,508.98,0.0,0.0,0.0,2,On,1106.15,464.23
1796006760000000000,2026-11-30T02:46:00Z,free response,0.027,6.142,194.95,121.28,25.89,0.0,0.0,0.0,3,On,1083.86,477.37
1796006820000000000,2026-11-30T02:47:00Z,free response,0,6.145,165.44,266.18,450.35,0.0,0.0,0.0,1,On,1093.02,497.64
1796006880000000000,2026-11-30T02:48:00Z,controller 2,0.092,6.801,178.54,62.38,442.83,0.0,0.03,100.0,3,On,1051.72,490.88
1796006940000000000,2026-11-30T02:49:00Z,free response,0.076,6.188,28.31,223.06,335.8,0.0,0.02,100.0,2,On,1036.91,482.48
1796007000000000000,2026-11-30T02:50:00Z,controller 2,0.079,6.21,8.58,67.85,64.08,0.0,0.02,100.0,3,On,1050.13,485.03
1796007060000000000,2026-11-30T02:51:00Z,free response,0,6.778,10.32,440.84,100.35,0.0,0.0,0.0,2,On,1052.3,481.23
1796007120000000000,2026-11-30T02:52:00Z,controller 1,0,6.542,154.62,375.52,326.4,0.0,0.0,0.0,1,On,1066.69,484.74
1796007180000000000,2026-11-30T02:53:00Z,controller 1,0.073,6.31,97.96,290.78,170.32,0.0,0.02,100.0,3,On,1092.25,501.3
1796007240000000000,2026-11-30T02:54:00Z,free response,0.0,6.641,32.76,180.87,123.97,0.0,0.0,0.0,3,On,1057.46,531.2
1796007300000000000,2026-11-30T02:55:00Z,controller 2,0.068,6.728,88.61,51.93,301.12,0.0,0.02,100.0,2,On,1064.63,544.09
1796007360000000000,2026-11-30T02:56:00Z,controller 2,0.097,6.71,66.0,166.24,160.35,0.0,0.03,100.0,1,On,1086.61,532.44
1796007420000000000,2026-11-30T02:57:00Z,free response,0.105,6.395,-24.23,21.91,72.43,0.0,0.04,100.0,3,On,1071.09,528.13
1796007480000000000,2026-11-30T02:58:00Z,controller 1,0,6.308,132.46,165.21,143.77,0.0,0.0,0.0,2,On,1052.95,850.85
1796007540000000000,2026-11-30T02:59:00Z,free response,0.005,6.637,30.39,299.22,489.81,0.0,0.0,0.0,3,On,1044.12,875.01
1796007600000000000,2026-11-30T03:00:00Z,controller 2,2.37,11.878,82.03,4.02,205.26,0.0,31.5,100.0,2,On,998.62,894.83
1796007660000000000,2026-11-30T03:01:00Z,controller 2,2.297,12.1,47.31,219.52,271.99,0.0,29.98,100.0,3,On,1003.12,900.65
1796007720000000000,2026-11-30T03:02:00Z,controller 1,2.234,12.256,158.96,353.21,137.72,0.0,33.42,100.0,2,On,1052.27,906.36
1796007780000000000,2026-11-30T03:03:00Z,free response,2.384,11.978,181.97,280.3,146.42,0.0,35.17,100.0,1,On,1044.15,879.91
1796007840000000000,2026-11-30T03:04:00Z,controller 1,2.264,11.928,72.04,442.76,430.91,0.0,33.46,100.0,2,On,1048.06,897.99
1796007900000000000,2026-11-30T03:05:00Z,free response,2.253,12.248,172.29,251.54,63.76,0.0,28.14,100.0,1,On,1062.45,879.63
1796007960000000000,2026-11-30T03:06:00Z,controller 2,2.214,11.836,117.38,262.18,308.08,0.0,31.37,100.0,1,On,1080.97,866.68
1796008020000000000,2026-11-30T03:07:00Z,free response,2.26,12.448,84.18,69.79,476.67,0.0,34.31,100.0,1,On,1042.77,850.18
1796008080000000000,2026-11-30T03:08:00Z,free response,2.366,12.118,47.77,431.92,237.29,0.0,33.14,100.0,3,On,1019.37,840.68
1796008140000000000,2026-11-30T03:09:00Z,controller 1,2.354,12.109,118.05,210.91,91.57,0.0,33.22,100.0,1,On,965.04,451.47
1796008200000000000,2026-11-30T03:10:00Z,controller 1,2.281,12.489,83.31,281.18,22.8,0.0,32.14,70.94,3,On,1002.36,439.58
1796008260000000000,2026-11-30T03:11:00Z,free response,2.3,12.457,-2.89,87.5,226.05,0.0,34.93,100.0,3,On,1425.94,806.0
1796008320000000000,2026-11-30T03:12:00Z,free response,2.235,12.39,88.83,2.66,495.35,0.0,29.83,100.0,2,On,1417.88,835.16
1796008380000000000,2026-11-30T03:13:00Z,controller 2,2.283,12.485,6.25,36.33,22.44,0.0,33.34,67.31,1,On,1397.09,826.29
1796008440000000000,2026-11-30T03:14:00Z,controller 2,2.293,12.001,122.07,438.2,28.06,0.0,32.25,87.01,3,On,1417.98,827.33
1796008500000000000,2026-11-30T03:15:00Z,controller 1,2.284,12.271,121.88,113.21,247.79,0.0,33.54,100.0,1,On,1451.7,840.88
1796008560000000000,2026-11-30T03:16:00Z,free response,2.377,12.156,97.29,81.0,591.23,0.0,34.21,100.0,2,On,1419.53,819.63
1796008620000000000,2026-11-30T03:17:00Z,free response,2.25,12.106,112.77,446.63,80.53,0.0,28.09,100.0,3,On,1408.59,839.87
1796008680000000000,2026-11-30T03:18:00Z,controller 2,2.366,12.126,138.14,293.79,310.83,0.0,36.73,100.0,2,On,1390.02,855.19
1796008740000000000,2026-11-30T03:19:00Z,free response,2.38,11.734,16.2,143.1,318.4,0.0,33.18,100.0,1,On,1359.96,865.78
1796008800000000000,2026-11-30T03:20:00Z,controller 1,2.325,12.45,18.7,382.14,371.04,0.0,32.57,100.0,1,On,1323.78,875.96
1796008860000000000,2026-11-30T03:21:00Z,controller 2,2.271,12.401,-5.73,215.42,435.25,0.0,29.23,100.0,1,On,1288.68,905.19
1796008920000000000,2026-11-30T03:22:00Z,controller 2,2.364,12.359,19.37,9.1,142.63,0.0,32.15,100.0,3,On,1335.24,924.85
1796008980000000000,2026-11-30T03:23:00Z,controller 1,2.232,12.05,93.67,79.53,235.65,0.0,32.96,100.0,2,On,1327.21,902.63
1796009040000000000,2026-11-30T03:24:00Z,free response,2.289,12.218,117.61,294.64,274.61,0.0,29.15,100.0,2,On,1297.3,898.23
1796009100000000000,2026-11-30T03:25:00Z,controller 2,2.362,11.734,7.48,376.71,562.92,0.0,35.2,100.0,1,On,1320.96,905.07
1796009160000000000,2026-11-30T03:26:00Z,free response,2.235,11.75,86.44,122.86,3.11,0.0,31.59,9.84,2,On,1307.01,914.58
1796009220000000000,2026-11-30T03:27:00Z,controller 2,2.209,11.792,184.93,200.19,535.54,0.0,31.3,100.0,1,On,1304.09,894.78
1796009280000000000,2026-11-30T03:28:00Z,controller 2,2.277,12.495,36.49,126.04,236.03,0.0,35.21,100.0,2,On,1348.75,904.45
1796009340000000000,2026-11-30T03:29:00Z,free response,2.291,11.957,14.3,5.13,280.77,0.0,28.91,100.0,3,On,1340.63,898.86
1796009400000000000,2026-11-30T03:30:00Z,free response,1.07,2.713,-26.11,224.2,201.53,0.0,1.47,100.0,3,On,1353.93,904.36
1796009460000000000,2026-11-30T03:31:00Z,controller 2,1.188,3.068,14.82,41.12,290.16,0.0,2.11,100.0,3,On,1335.38,876.15
1796009520000000000,2026-11-30T03:32:00Z,free response,1.085,3.405,159.19,277.08,12.95,0.0,2.18,100.0,2,On,1335.4,892.61
1796009580000000000,2026-11-30T03:33:00Z,controller 2,1.14,3.325,128.42,235.59,214.73,0.0,2.19,100.0,2,On,1360.27,892.26
1796009640000000000,2026-11-30T03:34:00Z,controller 1,1.066,2.684,25.0,108.9,361.81,0.0,1.59,100.0,1,On,1375.97,878.27
1796009700000000000,2026-11-30T03:35:00Z,free response,1.166,2.804,61.03,270.94,132.07,0.0,2.1,100.0,2,On,1377.59,860.57
1796009760000000000,2026-11-30T03:36:00Z,free response,1.173,3.228,-7.94,420.93,435.27,0.0,2.16,100.0,2,On,1412.78,837.59
1796009820000000000,2026-11-30T03:37:00Z,free response,1.15,2.971,-14.01,247.57,85.54,0.0,2.04,100.0,2,On,1434.56,830.0
1796009880000000000,2026-11-30T03:38:00Z,free response,1.097,3.209,14.15,408.5,323.93,0.0,1.84,100.0,2,On,1459.42,824.98
1796009940000000000,2026-11-30T03:39:00Z,controller 1,1.063,2.707,-9.72,443.62,329.98,0.0,1.58,100.0,1,On,1440.02,846.19
1796010000000000000,2026-11-30T03:40:00Z,controller 2,1.099,3.048,180.54,348.44,113.51,0.0,1.75,100.0,2,On,1440.56,851.14
1796010060000000000,2026-11-30T03:41:00Z,controller 2,1.239,3.399,180.45,70.53,1.92,0.0,2.39,80.33,1,On,1407.58,874.51
1796010120000000000,2026-11-30T03:42:00Z,free response,1.174,2.662,76.39,209.8,322.89,0.0,1.87,100.0,1,On,1429.51,891.69
1796010180000000000,2026-11-30T03:43:00Z,controller 2,1.225,2.915,143.44,143.95,358.47,0.0,2.11,100.0,2,On,1452.58,865.41
1796010240000000000,2026-11-30T03:44:00Z,controller 1,1.235,3.13,157.45,236.61,426.47,0.0,2.23,100.0,2,On,1436.74,867.64
1796010300000000000,2026-11-30T03:45:00Z,controller 2,1.141,3.279,69.68,396.48,200.88,0.0,1.94,100.0,3,On,1427.5,874.95
1796010360000000000,2026-11-30T03:46:00Z,controller 1,1.167,2.801,35.99,253.76,244.59,0.0,1.73,100.0,1,On,1423.82,896.26
1796010420000000000,2026-11-30T03:47:00Z,controller 1,1.148,3.21,137.0,240.43,239.7,0.0,2.18,100.0,2,Off,1440.22,921.76
1796010480000000000,2026-11-30T03:48:00Z,controller 2,1.225,3.327,158.1,49.61,64.88,0.0,2.54,100.0,2,Off,1456.8,912.36
1796010540000000000,2026-11-30T03:49:00Z,controller 2,1.068,2.937,178.12,5.91,263.27,0.0,1.73,100.0,3,Off,1465.55,896.11
1796010600000000000,2026-11-30T03:50:00Z,controller 1,1.064,3.052,129.7,387.68,151.4,0.0,1.76,100.0,1,Off,564.65,995.94
1796010660000000000,2026-11-30T03:51:00Z,controller 2,1.149,2.874,44.1,292.43,562.41,0.0,1.88,100.0,3,Off,585.0,985.8
1796010720000000000,2026-11-30T03:52:00Z,controller 1,1.097,3.178,6.78,241.32,598.03,0.0,2.01,100.0,2,Off,553.71,998.35
1796010780000000000,2026-11-30T03:53:00Z,controller 1,1.097,2.798,136.77,228.63,494.97,0.0,1.54,100.0,2,Off,517.01,1000.0
1796010840000000000,2026-11-30T03:54:00Z,controller 1,1.067,2.784,93.66,2.13,275.93,0.0,1.71,100.0,3,Off,559.16,998.08
1796010900000000000,2026-11-30T03:55:00Z,controller 2,1.091,3.267,48.29,286.58,504.02,0.0,1.93,100.0,3,Off,571.0,969.08
1796010960000000000,2026-11-30T03:56:00Z,free response,1.084,2.872,124.05,315.58,573.28,0.0,1.75,100.0,1,Off,546.89,993.64
1796011020000000000,2026-11-30T03:57:00Z,free response,1.062,2.763,127.06,244.91,559.47,0.0,1.68,100.0,2,Off,512.79,979.51
1796011080000000000,2026-11-30T03:58:00Z,controller 1,1.199,2.865,-12.88,115.94,513.0,0.0,1.9,100.0,2,Off,471.36,993.27
1796011140000000000,2026-11-30T03:59:00Z,controller 2,1.065,3.318,44.55,435.87,356.66,0.0,1.92,100.0,2,Off,515.2,1000.0
1796011200000000000,2026-11-30T04:00:00Z,free response,0.413,11.833,120.66,391.53,596.41,0.0,1.08,100.0,3,Off,510.79,1000.0
1796011260000000000,2026-11-30T04:01:00Z,free response,0.315,12.042,115.22,390.57,82.81,0.0,0.66,100.0,3,Off,489.46,986.35
1796011320000000000,2026-11-30T04:02:00Z,free response,0.258,12.055,136.74,150.46,119.42,0.0,0.44,100.0,2,Off,475.06,1000.0
1796011380000000000,2026-11-30T04:03:00Z,controller 2,0.32,11.594,16.61,372.96,74.81,0.0,0.59,100.0,1,Off,522.6,1000.0
1796011440000000000,2026-11-30T04:04:00Z,controller 2,0.257,12.209,88.32,237.66,384.77,0.0,0.39,100.0,1,Off,517.99,999.04
1796011500000000000,2026-11-30T04:05:00Z,controller 1,0.352,12.311,70.23,417.15,337.23,0.0,0.76,100.0,1,Off,478.24,992.83
1796011560000000000,2026-11-30T04:06:00Z,controller 2,0.396,11.701,55.28,240.95,425.02,0.0,0.83,100.0,1,Off,475.24,992.35
1796011620000000000,2026-11-30T04:07:00Z,controller 1,0.262,11.861,159.33,29.95,546.71,0.0,0.41,100.0,1,Off,487.54,988.93
1796011680000000000,2026-11-30T04:08:00Z,free response,0.395,12.328,161.43,43.78,278.87,0.0,1.06,100.0,3,Off,494.23,990.09
1796011740000000000,2026-11-30T04:09:00Z,controller 1,0.27,11.769,118.86,200.56,51.59,0.0,0.39,100.0,2,Off,497.06,980.49
1796011800000000000,2026-11-30T04:10:00Z,controller 1,0.325,12.277,23.79,188.92,399.5,0.0,0.64,100.0,1,Off,506.51,950.91
1796011860000000000,2026-11-30T04:11:00Z,controller 1,0.242,11.945,111.87,149.36,573.42,0.0,0.34,100.0,3,Off,484.93,976.6
1796011920000000000,2026-11-30T04:12:00Z,controller 2,0.284,11.604,169.01,131.82,436.73,0.0,0.48,100.0,1,Off,484.28,960.34
1796011980000000000,2026-11-30T04:13:00Z,free response,0.236,11.733,103.9,380.2,391.13,0.0,0.35,100.0,1,Off,483.59,956.02
1796012040000000000,2026-11-30T04:14:00Z,controller 1,0.355,11.972,170.13,5.9,360.55,0.0,0.69,100.0,3,Off,444.96,941.9
1796012100000000000,2026-11-30T04:15:00Z,controller 1,0.279,12.202,-17.35,203.84,489.57,0.0,0.43,100.0,2,Off,1058.81,493.48
1796012160000000000,2026-11-30T04:16:00Z,controller 2,0.338,11.91,49.96,155.92,186.47,0.0,0.66,100.0,2,Off,1099.08,521.82
1796012220000000000,2026-11-30T04:17:00Z,controller 2,0.366,11.75,75.63,391.1,111.98,0.0,0.75,100.0,2,Off,1086.56,499.0
1796012280000000000,2026-11-30T04:18:00Z,controller 1,0.285,12.303,111.69,115.79,450.59,0.0,0.53,100.0,1,Off,1118.25,524.56
1796012340000000000,2026-11-30T04:19:00Z,free response,0.405,11.581,73.26,189.74,311.8,0.0,1.04,100.0,1,Off,1090.8,533.94
1796012400000000000,2026-11-30T04:20:00Z,free response,0.37,12.256,122.23,320.61,229.61,0.0,0.84,100.0,3,Off,1067.06,521.85
1796012460000000000,2026-11-30T04:21:00Z,controller 1,0.297,11.624,55.45,84.26,288.0,0.0,0.49,100.0,1,Off,1059.05,506.94
1796012520000000000,2026-11-30T04:22:00Z,controller 2,0.379,12.082,76.31,273.34,553.53,0.0,0.84,100.0,2,Off,1102.15,503.06
1796012580000000000,2026-11-30T04:23:00Z,free response,0.301,11.674,38.45,443.28,143.48,0.0,0.57,100.0,3,Off,1065.29,531.45
1796012640000000000,2026-11-30T04:24:00Z,controller 2,0.313,11.958,107.88,353.77,402.61,0.0,0.56,100.0,1,Off,1080.49,511.12
1796012700000000000,2026-11-30T04:25:00Z,controller 1,0.411,11.684,178.23,166.06,153.79,0.0,0.92,100.0,3,Off,1098.99,514.06
1796012760000000000,2026-11-30T04:26:00Z,controller 1,0.385,12.02,-17.4,296.47,181.89,0.0,0.95,100.0,2,Off,1085.6,515.71
1796012820000000000,2026-11-30T04:27:00Z,controller 2,0.295,12.347,198.4,299.79,209.01,0.0,0.52,100.0,1,Off,1122.96,500.21
1796012880000000000,2026-11-30T04:28:00Z,controller 2,0.404,11.712,33.77,215.48,0.83,0.0,0.88,94.32,1,Off,1073.61,495.91
1796012940000000000,2026-11-30T04:29:00Z,free response,0.256,12.045,152.5,362.07,49.11,0.0,0.43,100.0,2,Off,1049.82,492.17
1796013000000000000,2026-11-30T04:30:00Z,controller 1,2.679,8.113,194.81,59.06,176.25,0.0,29.29,100.0,3,Off,1096.39,488.38
1796013060000000000,2026-11-30T04:31:00Z,free response,2.726,8.223,96.58,63.32,480.59,0.0,32.18,100.0,3,Off,707.62,626.7
1796013120000000000,2026-11-30T04:32:00Z,controller 2,2.644,8.141,66.23,412.5,115.76,0.0,26.73,100.0,1,Off,752.5,633.09
1796013180000000000,2026-11-30T04:33:00Z,controller 2,2.708,8.389,153.18,384.47,427.53,0.0,29.64,100.0,1,Off,703.3,661.66
1796013240000000000,2026-11-30T04:34:00Z,controller 2,2.724,8.127,178.05,339.95,391.48,0.0,29.6,100.0,2,Off,709.27,655.75
1796013300000000000,2026-11-30T04:35:00Z,free response,2.698,8.21,61.13,190.79,289.18,0.0,32.45,100.0,2,Off,695.9,649.87
1796013360000000000,2026-11-30T04:36:00Z,controller 2,2.752,8.183,149.44,288.28,265.66,0.0,28.54,100.0,3,Off,681.8,663.46
1796013420000000000,2026-11-30T04:37:00Z,controller 2,2.629,7.859,141.79,247.22,583.51,0.0,26.41,100.0,1,Off,697.23,636.95
1796013480000000000,2026-11-30T04:38:00Z,controller 2,2.587,7.699,-20.5,41.76,351.47,0.0,25.38,100.0,2,Off,698.52,648.44
1796013540000000000,2026-11-30T04:39:00Z,controller 2,2.636,8.004,-13.05,442.71,112.57,0.0,28.9,100.0,3,Off,664.98,640.15
1796013600000000000,2026-11-30T04:40:00Z,controller 2,2.651,8.282,104.57,140.92,49.81,0.0,28.89,100.0,3,Off,619.28,615.65
1796013660000000000,2026-11-30T04:41:00Z,controller 1,2.707,8.312,-11.69,30.51,14.29,0.0,30.67,46.59,3,Off,620.09,629.42
1796013720000000000,2026-11-30T04:42:00Z,controller 2,2.639,7.729,193.33,67.88,60.72,0.0,27.77,100.0,3,Off,640.77,649.45
1796013780000000000,2026-11-30T04:43:00Z,free response,2.594,7.792,69.0,94.99,450.55,0.0,25.74,100.0,2,Off,613.54,662.53
1796013840000000000,2026-11-30T04:44:00Z,controller 1,2.698,7.766,142.42,51.2,359.58,0.0,29.95,100.0,2,Off,568.97,691.79
1796013900000000000,2026-11-30T04:45:00Z,controller 1,2.616,8.23,37.84,37.63,332.68,0.0,27.14,100.0,3,Off,560.08,669.24
1796013960000000000,2026-11-30T04:46:00Z,free response,2.756,8.338,-20.82,336.81,98.31,0.0,33.66,100.0,3,Off,513.5,695.24
1796014020000000000,2026-11-30T04:47:00Z,controller 1,2.637,8.251,58.2,273.91,475.22,0.0,26.95,100.0,2,Off,532.45,712.21
1796014080000000000,2026-11-30T04:48:00Z,free response,2.763,7.873,47.59,38.41,406.2,0.0,30.32,100.0,1,Off,502.51,721.33
1796014140000000000,2026-11-30T04:49:00Z,controller 2,2.64,8.037,15.56,404.67,351.94,0.0,26.28,100.0,3,Off,470.94,697.82
1796014200000000000,2026-11-30T04:50:00Z,controller 2,2.653,8.385,80.06,357.67,234.23,0.0,31.87,100.0,3,Off,444.63,673.99
1796014260000000000,2026-11-30T04:51:00Z,free response,2.679,8.354,0.27,355.06,454.17,0.0,29.42,100.0,1,Off,491.61,652.1
1796014320000000000,2026-11-30T04:52:00Z,controller 1,2.722,8.216,25.71,402.97,127.11,0.0,28.75,100.0,1,Off,488.84,654.25
1796014380000000000,2026-11-30T04:53:00Z,free response,2.657,8.095,172.84,32.73,97.75,0.0,30.78,100.0,2,Off,440.52,646.33
1796014440000000000,2026-11-30T04:54:00Z,controller 1,2.71,8.43,22.63,66.01,416.39,0.0,33.58,100.0,2,Off,450.86,648.08
1796014500000000000,2026-11-30T04:55:00Z,free response,2.742,8.08,-5.78,442.84,332.49,0.0,32.11,100.0,3,Off,485.03,649.61
1796014560000000000,2026-11-30T04:56:00Z,controller 2,2.72,7.724,27.66,416.19,187.6,0.0,28.41,100.0,3,Off,503.42,677.61
1796014620000000000,2026-11-30T04:57:00Z,free response,2.712,7.727,154.62,429.61,407.14,0.0,26.2,100.0,3,Off,555.09,822.12
1796014680000000000,2026-11-30T04:58:00Z,free response,2.765,8.284,107.44,158.63,214.96,0.0,31.82,100.0,3,Off,509.44,849.15
1796014740000000000,2026-11-30T04:59:00Z,controller 1,2.686,8.305,103.96,383.29,189.26,0.0,28.78,100.0,3,Off,521.97,852.11
1796014800000000000,2026-11-30T05:00:00Z,controller 2,0.638,1.705,192.28,93.72,332.42,0.0,0.36,100.0,3,Off,517.37,866.3
1796014860000000000,2026-11-30T05:01:00Z,free response,0.724,1.233,0.08,220.76,477.89,0.0,0.34,100.0,3,Off,532.57,852.04
1796014920000000000,2026-11-30T05:02:00Z,free response,0.749,1.475,66.86,180.54,368.63,0.0,0.44,100.0,2,Off,487.97,836.51
1796014980000000000,2026-11-30T05:03:00Z,controller 2,0.669,1.436,42.89,344.76,75.27,0.0,0.34,100.0,2,Off,487.82,855.59
1796015040000000000,2026-11-30T05:04:00Z,controller 1,0.793,1.215,70.22,95.46,375.52,0.0,0.37,100.0,2,Off,440.25,873.19
1796015100000000000,2026-11-30T05:05:00Z,free response,0.681,1.257,171.41,357.03,579.71,0.0,0.3,100.0,1,Off,486.6,855.09
1796015160000000000,2026-11-30T05:06:00Z,controller 1,0.677,1.458,18.42,393.53,55.63,0.0,0.34,100.0,3,Off,465.54,858.27
1796015220000000000,2026-11-30T05:07:00Z,free response,0.643,1.166,38.48,444.92,342.29,0.0,0.22,100.0,2,Off,415.82,861.89
1796015280000000000,2026-11-30T05:08:00Z,free response,0.771,1.153,26.51,313.33,396.9,0.0,0.34,100.0,2,Off,465.53,838.98
1796015340000000000,2026-11-30T05:09:00Z,controller 1,0.708,1.637,-9.45,106.89,15.28,0.0,0.39,100.0,3,Off,434.48,826.41
1796015400000000000,2026-11-30T05:10:00Z,free response,0.723,1.313,-13.4,392.68,524.42,0.0,0.33,100.0,3,Off,435.36,803.23
1796015460000000000,2026-11-30T05:11:00Z,controller 2,0.68,1.439,114.26,298.37,361.92,0.0,0.3,100.0,1,Off,441.01,823.43
1796015520000000000,2026-11-30T05:12:00Z,controller 1,0.694,1.214,45.86,373.36,147.41,0.0,0.31,100.0,3,Off,490.25,840.55
1796015580000000000,2026-11-30T05:13:00Z,free response,0.687,1.372,91.5,177.03,499.99,0.0,0.31,100.0,3,Off,530.59,850.04
1796015640000000000,2026-11-30T05:14:00Z,controller 1,0.769,1.779,23.5,312.32,139.74,0.0,0.54,100.0,1,Off,567.78,821.29
1796015700000000000,2026-11-30T05:15:00Z,controller 1,0.707,1.168,80.96,275.0,327.86,0.0,0.28,100.0,2,Off,546.98,793.65
1796015760000000000,2026-11-30T05:16:00Z,controller 2,0.691,1.189,72.41,51.9,24.13,0.0,0.31,100.0,1,Off,524.27,793.1
1796015820000000000,2026-11-30T05:17:00Z,controller 2,0.729,1.656,174.18,400.1,520.39,0.0,0.45,100.0,2,Off,487.76,779.63
1796015880000000000,2026-11-30T05:18:00Z,controller 2,0.695,1.321,48.9,197.83,337.08,0.0,0.34,100.0,2,Off,484.29,796.59
1796015940000000000,2026-11-30T05:19:00Z,free response,0.749,1.738,58.28,14.61,534.63,0.0,0.51,100.0,3,Off,504.81,810.3
1796016000000000000,2026-11-30T05:20:00Z,free response,0.696,1.213,24.66,306.82,525.27,0.0,0.28,100.0,1,Off,540.44,819.85
1796016060000000000,2026-11-30T05:21:00Z,controller 2,0.714,1.504,33.69,329.76,92.3,0.0,0.35,100.0,1,Off,574.17,823.66
1796016120000000000,2026-11-30T05:22:00Z,free response,0.754,1.148,69.78,286.51,147.64,0.0,0.32,100.0,2,Off,591.73,815.18
1796016180000000000,2026-11-30T05:23:00Z,controller 1,0.772,1.349,87.1,314.74,265.14,0.0,0.37,100.0,3,Off,622.06,834.95
1796016240000000000,2026-11-30T05:24:00Z,controller 1,0.736,1.581,116.0,223.36,147.9,0.0,0.44,100.0,3,Off,621.89,806.02
1796016300000000000,2026-11-30T05:25:00Z,controller 1,0.692,1.744,120.73,263.16,473.69,0.0,0.44,100.0,3,Off,589.77,820.29
1796016360000000000,2026-11-30T05:26:00Z,controller 2,0.749,1.77,140.26,151.97,555.34,0.0,0.52,100.0,2,Off,622.42,808.72
1796016420000000000,2026-11-30T05:27:00Z,free response,0.796,1.551,20.2,276.38,382.15,0.0,0.52,100.0,1,Off,648.08,797.2
1796016480000000000,2026-11-30T05:28:00Z,controller 2,0.752,1.569,106.42,149.13,432.91,0.0,0.48,100.0,3,Off,627.1,792.38
1796016540000000000,2026-11-30T05:29:00Z,controller 2,0.723,1.437,153.31,49.8,549.87,0.0,0.35,100.0,1,Off,617.12,808.54
1796016600000000000,2026-11-30T05:30:00Z,controller 2,2.46,11.57,192.73,305.52,543.08,0.0,34.86,100.0,2,Off,600.24,806.09
1796016660000000000,2026-11-30T05:31:00Z,free response,2.494,11.631,121.81,228.69,335.91,0.0,33.87,100.0,2,Off,589.62,822.84
1796016720000000000,2026-11-30T05:32:00Z,free response,2.451,11.444,125.21,199.84,252.35,0.0,35.46,100.0,2,Off,633.32,811.32
1796016780000000000,2026-11-30T05:33:00Z,free response,2.45,11.596,161.35,35.24,250.37,0.0,33.99,100.0,1,Off,597.34,797.48
1796016840000000000,2026-11-30T05:34:00Z,controller 1,2.434,11.212,194.13,185.13,261.2,0.0,35.06,100.0,3,Off,615.06,773.36
1796016900000000000,2026-11-30T05:35:00Z,free response,2.409,11.461,198.57,429.25,384.42,0.0,31.07,100.0,1,Off,616.27,793.11
1796016960000000000,2026-11-30T05:36:00Z,free response,2.512,11.43,83.96,280.93,451.41,0.0,33.73,100.0,2,Off,567.73,815.93
1796017020000000000,2026-11-30T05:37:00Z,free response,2.461,11.464,149.92,160.82,411.56,0.0,32.34,100.0,2,Off,570.46,815.46
1796017080000000000,2026-11-30T05:38:00Z,free response,2.39,11.163,129.43,207.92,557.04,0.0,29.19,100.0,2,Off,527.07,804.38
1796017140000000000,2026-11-30T05:39:00Z,controller 1,2.41,11.134,123.51,358.13,255.55,0.0,31.99,100.0,2,Off,490.55,815.28
1796017200000000000,2026-11-30T05:40:00Z,free response,2.51,11.798,193.36,448.89,302.52,0.0,34.9,100.0,3,Off,483.62,841.81
1796017260000000000,2026-11-30T05:41:00Z,controller 1,2.436,11.859,61.35,172.78,321.72,0.0,34.64,100.0,2,Off,495.18,815.74
1796017320000000000,2026-11-30T05:42:00Z,controller 1,2.449,11.257,88.01,370.35,534.81,0.0,30.73,100.0,1,Off,501.75,808.95
1796017380000000000,2026-11-30T05:43:00Z,free response,2.491,11.248,24.25,362.29,521.28,0.0,38.22,100.0,2,Off,484.07,802.17
1796017440000000000,2026-11-30T05:44:00Z,controller 1,2.374,11.134,25.4,341.2,490.63,0.0,28.5,100.0,1,Off,517.75,820.57
1796017500000000000,2026-11-30T05:45:00Z,controller 1,2.492,11.415,170.58,384.77,179.44,0.0,33.3,100.0,1,Off,546.71,827.47
1796017560000000000,2026-11-30T05:46:00Z,controller 1,2.507,11.234,5.19,89.66,225.65,0.0,38.82,100.0,2,Off,592.91,831.98
1796017620000000000,2026-11-30T05:47:00Z,controller 2,2.506,11.438,156.83,427.41,373.59,0.0,35.98,100.0,1,Off,551.76,839.64
1796017680000000000,2026-11-30T05:48:00Z,controller 2,2.512,11.313,5.88,233.84,175.37,0.0,37.64,100.0,2,Off,558.2,843.5
1796017740000000000,2026-11-30T05:49:00Z,controller 2,2.414,11.427,199.86,247.19,429.28,0.0,35.14,100.0,2,Off,604.46,851.24
1796017800000000000,2026-11-30T05:50:00Z,controller 2,2.468,11.872,14.5,388.11,413.57,0.0,39.14,100.0,1,Off,588.99,822.49
1796017860000000000,2026-11-30T05:51:00Z,free response,2.503,11.732,-7.45,337.22,445.86,0.0,38.42,100.0,3,Off,550.73,838.7
1796017920000000000,2026-11-30T05:52:00Z,controller 2,2.458,11.797,154.7,77.27,175.45,0.0,33.93,100.0,2,Off,552.43,833.28
1796017980000000000,2026-11-30T05:53:00Z,controller 1,2.467,11.729,15.46,213.4,503.62,0.0,35.75,100.0,3,Off,578.3,834.88
1796018040000000000,2026-11-30T05:54:00Z,controller 1,2.378,11.635,145.7,91.71,584.05,0.0,30.78,100.0,2,Off,562.94,825.94
1796018100000000000,2026-11-30T05:55:00Z,free response,2.42,11.801,130.64,367.65,121.77,0.0,32.88,100.0,3,Off,571.69,845.22
1796018160000000000,2026-11-30T05:56:00Z,controller 1,2.519,11.234,65.23,22.14,582.81,0.0,35.27,100.0,2,Off,592.38,824.78
1796018220000000000,2026-11-30T05:57:00Z,controller 2,2.463,11.357,53.13,437.49,225.16,0.0,32.17,100.0,3,Off,575.36,823.05
1796018280000000000,2026-11-30T05:58:00Z,controller 2,2.523,11.595,92.34,358.23,391.98,0.0,36.71,100.0,2,Off,560.44,793.24
1796018340000000000,2026-11-30T05:59:00Z,free response,2.531,11.496,138.01,417.84,108.69,0.0,36.8,100.0,3,Off,532.76,816.35
1796018400000000000,2026-11-30T06:00:00Z,free response,2.843,13.548,6.01,334.25,115.28,0.0,50.03,100.0,2,Off,574.99,802.76
1796018460000000000,2026-11-30T06:01:00Z,controller 2,3,13.238,187.08,415.52,122.6,0.0,64.78,100.0,3,Off,574.75,777.67
1796018520000000000,2026-11-30T06:02:00Z,controller 1,2.974,13.546,54.05,143.14,170.47,0.0,61.73,100.0,3,Off,571.6,759.29
1796018580000000000,2026-11-30T06:03:00Z,controller 1,2.912,13.339,76.21,293.2,335.54,0.0,60.84,100.0,1,Off,545.49,785.77
1796018640000000000,2026-11-30T06:04:00Z,controller 2,2.875,13.817,10.75,216.27,536.18,0.0,55.42,100.0,1,Off,549.92,790.69
1796018700000000000,2026-11-30T06:05:00Z,free response,2.93,13.339,135.48,275.18,250.14,0.0,55.37,100.0,3,Off,508.54,795.58
1796018760000000000,2026-11-30T06:06:00Z,controller 1,2.965,13.816,39.66,55.75,271.53,0.0,57.85,100.0,1,Off,478.46,807.22
1796018820000000000,2026-11-30T06:07:00Z,controller 2,2.972,13.773,97.13,248.35,4.47,0.0,62.72,7.13,2,Off,494.76,810.86
1796018880000000000,2026-11-30T06:08:00Z,controller 2,2.916,13.805,38.57,7.03,415.9,0.0,56.55,100.0,1,Off,512.48,791.85
1796018940000000000,2026-11-30T06:09:00Z,free response,3,13.789,145.13,340.65,143.74,0.0,67.33,100.0,1,Off,481.75,766.46
1796019000000000000,2026-11-30T06:10:00Z,controller 2,2.883,13.626,184.11,155.83,36.62,0.0,60.57,60.46,2,Off,506.94,787.69
1796019060000000000,2026-11-30T06:11:00Z,free response,2.94,13.176,132.58,298.34,389.95,0.0,56.82,100.0,1,Off,475.34,814.71
1796019120000000000,2026-11-30T06:12:00Z,free response,2.862,13.726,116.61,317.1,33.09,0.0,61.34,53.95,1,Off,466.8,798.74
1796019180000000000,2026-11-30T06:13:00Z,free response,3,13.811,71.32,158.91,341.82,0.0,61.63,100.0,2,Off,459.87,798.91
1796019240000000000,2026-11-30T06:14:00Z,controller 2,2.99,13.774,102.93,254.53,53.32,0.0,55.81,95.54,3,Off,467.23,803.54
1796019300000000000,2026-11-30T06:15:00Z,free response,2.908,13.594,41.8,145.45,89.8,0.0,51.82,100.0,1,Off,433.66,786.3
1796019360000000000,2026-11-30T06:16:00Z,free response,3,13.255,197.63,165.22,342.44,0.0,55.91,100.0,1,Off,402.81,775.46
1796019420000000000,2026-11-30T06:17:00Z,controller 1,2.959,13.715,3.93,351.33,74.01,0.0,65.18,100.0,3,Off,443.19,781.12
1796019480000000000,2026-11-30T06:18:00Z,controller 1,2.995,13.123,5.49,174.17,62.17,0.0,60.56,100.0,1,Off,395.02,751.38
1796019540000000000,2026-11-30T06:19:00Z,free response,2.882,13.177,-18.83,72.64,198.73,0.0,49.96,100.0,1,Off,403.49,762.36
1796019600000000000,2026-11-30T06:20:00Z,controller 2,2.918,13.351,127.75,303.11,203.17,0.0,51.19,100.0,2,Off,440.95,743.8
1796019660000000000,2026-11-30T06:21:00Z,free response,2.935,13.219,183.57,13.48,130.38,0.0,53.25,100.0,3,Off,424.93,754.11
1796019720000000000,2026-11-30T06:22:00Z,free response,2.869,13.217,-2.21,15.65,284.58,0.0,51.75,100.0,3,Off,389.14,755.25
1796019780000000000,2026-11-30T06:23:00Z,free response,2.962,13.657,53.01,423.54,225.92,0.0,59.79,100.0,1,Off,411.86,752.04
1796019840000000000,2026-11-30T06:24:00Z,controller 1,2.846,13.452,54.6,30.37,70.2,0.0,50.19,100.0,2,Off,432.2,774.39
1796019900000000000,2026-11-30T06:25:00Z,controller 2,3,13.157,108.15,27.97,41.71,0.0,57.48,72.56,2,Off,475.99,771.63
1796019960000000000,2026-11-30T06:26:00Z,controller 2,2.881,13.484,-7.42,70.8,590.29,0.0,51.3,100.0,3,Off,495.87,764.67
1796020020000000000,2026-11-30T06:27:00Z,controller 1,2.977,13.854,66.24,67.11,275.05,0.0,60.11,100.0,3,Off,457.3,778.61
1796020080000000000,2026-11-30T06:28:00Z,controller 1,2.973,13.264,119.34,444.91,352.65,0.0,56.02,100.0,3,Off,429.61,766.66
1796020140000000000,2026-11-30T06:29:00Z,controller 1,2.93,13.279,39.16,11.63,316.91,0.0,60.27,100.0,1,Off,388.26,742.53
1796020200000000000,2026-11-30T06:30:00Z,free response,0.093,7.549,22.93,312.76,464.08,0.0,0.03,100.0,1,Off,398.58,750.1
1796020260000000000,2026-11-30T06:31:00Z,free response,0.076,7.16,114.27,273.02,350.29,0.0,0.02,100.0,1,Off,365.58,780.07
1796020320000000000,2026-11-30T06:32:00Z,free response,0.232,7.045,20.79,224.6,515.86,0.0,0.18,100.0,2,Off,347.08,800.14
1796020380000000000,2026-11-30T06:33:00Z,controller 1,0.163,7.168,-27.52,37.89,394.04,0.0,0.09,100.0,2,Off,324.65,795.36
1796020440000000000,2026-11-30T06:34:00Z,free response,0.203,6.838,167.02,386.8,551.37,0.0,0.15,100.0,3,Off,361.7,804.28
1796020500000000000,2026-11-30T06:35:00Z,controller 2,0.232,7.25,46.15,245.33,96.19,0.0,0.2,100.0,2,Off,399.11,827.57
1796020560000000000,2026-11-30T06:36:00Z,controller 2,0.117,7.249,37.26,382.94,256.4,0.0,0.05,100.0,3,Off,426.29,851.5
1796020620000000000,2026-11-30T06:37:00Z,controller 2,0.097,6.925,-16.2,3.98,573.92,0.0,0.03,100.0,2,Off,407.54,822.74
1796020680000000000,2026-11-30T06:38:00Z,controller 1,0.158,7.12,111.29,185.39,303.06,0.0,0.09,100.0,3,Off,1460.49,401.42
1796020740000000000,2026-11-30T06:39:00Z,controller 2,0.145,7.384,126.99,294.46,320.11,0.0,0.07,100.0,2,Off,1476.75,391.32
1796020800000000000,2026-11-30T06:40:00Z,controller 1,0.156,7.388,164.96,152.85,383.88,0.0,0.1,100.0,2,Off,1500.0,389.87
1796020860000000000,2026-11-30T06:41:00Z,controller 2,0.066,7.313,83.23,147.67,582.15,0.0,0.02,100.0,3,Off,1453.63,386.89
1796020920000000000,2026-11-30T06:42:00Z,controller 2,0.064,7.189,114.27,427.05,182.34,0.0,0.02,100.0,2,Off,1404.3,358.39
1796020980000000000,2026-11-30T06:43:00Z,controller 1,0.134,7.296,94.38,378.84,532.15,0.0,0.06,100.0,2,Off,1430.69,367.52
1796021040000000000,2026-11-30T06:44:00Z,controller 1,0.155,7.015,25.31,330.94,286.26,0.0,0.09,100.0,3,Off,1471.17,360.62
1796021100000000000,2026-11-30T06:45:00Z,free response,0.063,7.008,171.92,430.6,383.03,0.0,0.01,100.0,2,Off,1452.7,354.21
1796021160000000000,2026-11-30T06:46:00Z,free response,0.19,6.933,68.68,81.65,394.11,0.0,0.14,100.0,1,Off,1428.16,340.58
1796021220000000000,2026-11-30T06:47:00Z,controller 1,0.084,7.152,98.03,119.21,108.16,0.0,0.02,100.0,1,Off,1443.7,335.13
1796021280000000000,2026-11-30T06:48:00Z,controller 2,0.06,7.386,173.28,311.82,98.7,0.0,0.01,100.0,3,Off,1394.47,351.07
1796021340000000000,2026-11-30T06:49:00Z,free response,0.141,6.905,189.26,28.25,478.78,0.0,0.06,100.0,2,Off,1148.87,945.61
1796021400000000000,2026-11-30T06:50:00Z,free response,0.093,6.821,-16.37,340.44,508.95,0.0,0.03,100.0,1,Off,1109.35,924.66
1796021460000000000,2026-11-30T06:51:00Z,controller 1,0.154,7.113,27.82,20.29,388.54,0.0,0.09,100.0,3,Off,1082.48,930.27
1796021520000000000,2026-11-30T06:52:00Z,controller 2,0.222,6.861,46.08,146.65,287.03,0.0,0.16,100.0,1,Off,1069.17,938.35
1796021580000000000,2026-11-30T06:53:00Z,controller 1,0.109,6.958,-5.46,63.84,498.85,0.0,0.04,100.0,2,Off,1098.73,939.02
1796021640000000000,2026-11-30T06:54:00Z,controller 1,0.064,7.032,22.4,187.93,281.46,0.0,0.01,100.0,2,Off,1147.89,956.02
1796021700000000000,2026-11-30T06:55:00Z,free response,0.197,7.274,13.74,365.62,368.55,0.0,0.15,100.0,1,Off,1111.19,984.17
1796021760000000000,2026-11-30T06:56:00Z,free response,0.151,7.091,72.45,248.73,486.96,0.0,0.08,100.0,2,Off,1064.86,971.71
1796021820000000000,2026-11-30T06:57:00Z,controller 1,0.165,7.004,35.25,210.17,582.54,0.0,0.09,100.0,2,Off,1054.95,986.49
1796021880000000000,2026-11-30T06:58:00Z,controller 1,0.087,7.024,-28.67,343.29,300.8,0.0,0.03,100.0,2,Off,1098.04,977.98
1796021940000000000,2026-11-30T06:59:00Z,controller 2,0.073,7.09,19.29,242.77,290.43,0.0,0.02,100.0,2,Off,1104.59,996.85
1796022000000000000,2026-11-30T07:00:00Z,controller 2,1.535,10.62,105.99,130.79,167.18,0.0,13.26,100.0,3,Off,1133.23,975.63
1796022060000000000,2026-11-30T07:01:00Z,free response,1.582,10.456,57.09,340.95,144.12,0.0,14.17,100.0,1,Off,1108.42,999.38
1796022120000000000,2026-11-30T07:02:00Z,controller 2,1.588,10.565,196.72,287.4,97.85,0.0,13.65,100.0,1,Off,1106.62,1000.0
1796022180000000000,2026-11-30T07:03:00Z,controller 1,1.582,10.541,151.71,301.55,89.5,0.0,12.19,100.0,2,Off,1118.23,1000.0
1796022240000000000,2026-11-30T07:04:00Z,free response,1.671,10.36,-6.48,312.74,384.58,0.0,15.73,100.0,1,Off,1134.05,984.69
1796022300000000000,2026-11-30T07:05:00Z,free response,1.561,10.193,176.76,94.83,83.93,0.0,13.14,100.0,2,Off,1113.6,987.68
1796022360000000000,2026-11-30T07:06:00Z,controller 1,1.518,10.639,186.18,430.04,488.36,0.0,11.19,100.0,3,Off,1073.96,979.18
1796022420000000000,2026-11-30T07:07:00Z,controller 1,1.531,10.684,145.8,25.17,33.49,0.0,13.23,100.0,2,Off,1087.71,1000.0
1796022480000000000,2026-11-30T07:08:00Z,controller 1,1.631,10.388,148.05,137.82,562.02,0.0,13.99,100.0,1,Off,1044.54,997.3
1796022540000000000,2026-11-30T07:09:00Z,controller 1,1.555,10.691,174.57,16.45,34.8,0.0,12.88,100.0,2,Off,996.94,991.88
1796022600000000000,2026-11-30T07:10:00Z,free response,1.646,10.457,-15.66,222.57,85.68,0.0,13.9,100.0,1,Off,982.33,1000.0
1796022660000000000,2026-11-30T07:11:00Z,controller 2,1.593,10.361,29.51,162.26,101.17,0.0,13.41,100.0,2,Off,933.37,1000.0
1796022720000000000,2026-11-30T07:12:00Z,controller 1,1.568,10.674,4.86,147.18,152.4,0.0,12.68,100.0,2,Off,966.55,1000.0
1796022780000000000,2026-11-30T07:13:00Z,free response,1.638,10.453,182.15,288.97,108.17,0.0,14.35,100.0,2,Off,953.86,1000.0
1796022840000000000,2026-11-30T07:14:00Z,controller 1,1.651,10.028,92.15,330.61,416.93,0.0,12.86,100.0,1,Off,1002.53,1000.0
1796022900000000000,2026-11-30T07:15:00Z,controller 2,1.51,10.358,121.13,422.78,242.22,0.0,11.63,100.0,2,Off,993.96,989.14
1796022960000000000,2026-11-30T07:16:00Z,controller 2,1.578,10.045,172.18,417.91,0.88,0.0,11.88,7.41,1,Off,958.07,980.95
1796023020000000000,2026-11-30T07:17:00Z,controller 2,1.597,10.573,10.52,312.27,495.1,0.0,13.35,100.0,1,Off,1007.15,966.61
1796023080000000000,2026-11-30T07:18:00Z,controller 1,1.63,10.265,111.64,97.58,286.12,0.0,13.85,100.0,1,Off,989.89,976.41
1796023140000000000,2026-11-30T07:19:00Z,controller 2,1.606,10.143,108.12,182.26,447.43,0.0,12.5,100.0,2,Off,1005.7,976.1
1796023200000000000,2026-11-30T07:20:00Z,free response,1.592,10.518,74.78,192.62,269.26,0.0,13.51,100.0,1,Off,1027.89,993.75
1796023260000000000,2026-11-30T07:21:00Z,controller 1,1.559,10.345,84.75,103.66,167.4,0.0,13.0,100.0,3,Off,1076.78,975.15
1796023320000000000,2026-11-30T07:22:00Z,controller 2,1.543,10.697,81.56,239.7,240.52,0.0,12.77,100.0,1,Off,1125.09,1000.0
1796023380000000000,2026-11-30T07:23:00Z,free response,1.609,10.253,31.26,321.57,70.55,0.0,12.69,100.0,2,Off,1162.95,992.71
1796023440000000000,2026-11-30T07:24:00Z,controller 2,1.529,10.35,105.72,174.29,192.18,0.0,11.21,100.0,3,Off,1140.5,1000.0
1796023500000000000,2026-11-30T07:25:00Z,controller 2,1.518,10.303,149.87,107.78,517.39,0.0,11.08,100.0,1,Off,1173.56,993.22
1796023560000000000,2026-11-30T07:26:00Z,controller 1,1.64,10.342,161.47,314.14,447.13,0.0,13.23,100.0,3,Off,1162.26,971.66
1796023620000000000,2026-11-30T07:27:00Z,controller 2,1.628,10.618,14.31,327.42,344.51,0.0,15.04,100.0,3,Off,1141.73,990.24
1796023680000000000,2026-11-30T07:28:00Z,free response,1.567,10.25,126.06,417.4,327.53,0.0,12.02,100.0,1,Off,1123.55,965.05
1796023740000000000,2026-11-30T07:29:00Z,free response,1.517,10.426,-24.73,36.15,423.12,0.0,11.78,100.0,1,Off,1135.86,980.04
1796023800000000000,2026-11-30T07:30:00Z,controller 1,1.555,7.7,25.95,74.92,502.61,0.0,8.85,100.0,1,Off,1115.06,971.49
1796023860000000000,2026-11-30T07:31:00Z,controller 1,1.559,7.797,9.65,325.65,112.12,0.0,8.85,100.0,3,Off,1069.17,976.43
1796023920000000000,2026-11-30T07:32:00Z,free response,1.56,7.955,82.12,157.52,476.73,0.0,9.03,100.0,2,Off,1059.71,982.41
1796023980000000000,2026-11-30T07:33:00Z,controller 2,1.661,7.431,17.38,111.14,306.84,0.0,11.26,100.0,3,Off,1064.04,979.69
1796024040000000000,2026-11-30T07:34:00Z,controller 2,1.685,7.675,-9.36,123.31,64.26,0.0,9.97,100.0,3,Off,1081.4,952.13
1796024100000000000,2026-11-30T07:35:00Z,controller 1,1.649,7.97,-7.13,16.38,158.47,0.0,11.6,100.0,1,Off,1046.98,936.45
1796024160000000000,2026-11-30T07:36:00Z,free response,1.666,7.711,-24.02,298.87,40.71,0.0,10.52,100.0,1,Off,1056.6,965.8
1796024220000000000,2026-11-30T07:37:00Z,free response,1.658,7.908,-12.95,430.93,435.75,0.0,11.72,100.0,1,Off,1101.4,963.09
1796024280000000000,2026-11-30T07:38:00Z,controller 2,1.651,7.572,32.6,216.43,410.13,0.0,10.5,100.0,2,Off,1105.4,979.48
1796024340000000000,2026-11-30T07:39:00Z,controller 1,1.675,8.027,22.89,333.55,303.84,0.0,11.1,100.0,1,Off,1058.27,999.25
1796024400000000000,2026-11-30T07:40:00Z,controller 2,1.658,7.72,34.62,26.01,514.96,0.0,10.03,100.0,3,Off,1093.61,990.01
1796024460000000000,2026-11-30T07:41:00Z,controller 2,1.616,8.024,-21.47,393.76,472.35,0.0,10.79,100.0,1,Off,1080.55,968.04
1796024520000000000,2026-11-30T07:42:00Z,free response,1.599,7.58,-19.31,131.79,381.06,0.0,9.83,100.0,2,Off,1116.57,984.75
1796024580000000000,2026-11-30T07:43:00Z,controller 1,1.585,7.795,105.28,142.74,203.81,0.0,8.97,100.0,3,Off,1081.68,988.97
1796024640000000000,2026-11-30T07:44:00Z,free response,1.675,7.569,66.97,235.83,593.01,0.0,10.87,100.0,1,Off,1047.26,1000.0
1796024700000000000,2026-11-30T07:45:00Z,controller 1,1.577,7.996,178.39,135.31,23.59,0.0,10.53,100.0,2,Off,1064.85,983.14
1796024760000000000,2026-11-30T07:46:00Z,controller 2,1.707,7.638,70.31,368.53,51.05,0.0,11.24,100.0,1,Off,1074.75,972.6
1796024820000000000,2026-11-30T07:47:00Z,controller 2,1.559,7.547,25.42,209.5,12.91,0.0,8.88,100.0,1,Off,1092.85,959.26
1796024880000000000,2026-11-30T07:48:00Z,controller 2,1.568,8.053,63.75,269.51,204.74,0.0,10.34,100.0,2,Off,1106.67,979.3
1796024940000000000,2026-11-30T07:49:00Z,controller 1,1.604,7.735,122.74,23.61,527.94,0.0,10.19,100.0,1,Off,1135.98,984.97
1796025000000000000,2026-11-30T07:50:00Z,free response,1.666,7.622,3.84,113.66,111.61,0.0,11.0,100.0,3,Off,1181.29,1000.0
1796025060000000000,2026-11-30T07:51:00Z,controller 2,1.694,7.682,157.25,287.64,448.76,0.0,11.88,100.0,1,Off,1224.88,1000.0
1796025120000000000,2026-11-30T07:52:00Z,controller 2,1.694,8.04,107.22,160.19,183.13,0.0,12.05,100.0,2,Off,1240.48,1000.0
1796025180000000000,2026-11-30T07:53:00Z,controller 2,1.659,7.54,99.69,394.2,494.91,0.0,9.49,100.0,2,Off,1276.58,971.28
1796025240000000000,2026-11-30T07:54:00Z,controller 1,1.589,8.072,21.68,231.28,130.75,0.0,10.85,100.0,1,Off,932.77,318.5
1796025300000000000,2026-11-30T07:55:00Z,controller 1,1.669,8.048,55.84,102.87,343.81,0.0,12.29,100.0,1,Off,919.26,344.08
1796025360000000000,2026-11-30T07:56:00Z,controller 1,1.699,7.596,94.15,270.25,465.52,0.0,10.5,100.0,3,Off,893.92,326.08
1796025420000000000,2026-11-30T07:57:00Z,controller 1,1.62,7.557,13.84,423.93,380.86,0.0,10.41,100.0,2,Off,910.24,341.68
1796025480000000000,2026-11-30T07:58:00Z,controller 1,1.675,7.738,89.32,384.74,132.82,0.0,11.11,100.0,2,Off,951.97,316.39
1796025540000000000,2026-11-30T07:59:00Z,free response,1.602,7.94,184.57,383.47,279.15,0.0,9.97,100.0,1,Off,998.05,322.74
1796025600000000000,2026-11-30T08:00:00Z,controller 2,1.511,8.76,76.84,211.39,501.91,0.0,9.64,100.0,3,Off,958.92,316.72
1796025660000000000,2026-11-30T08:01:00Z,controller 2,1.421,8.724,119.01,120.42,38.34,0.0,8.1,100.0,1,Off,966.71,289.17
1796025720000000000,2026-11-30T08:02:00Z,controller 1,1.54,9.333,140.83,46.77,582.18,0.0,10.1,100.0,1,Off,933.24,291.25
1796025780000000000,2026-11-30T08:03:00Z,free response,1.562,9.154,25.33,126.94,60.78,0.0,10.82,100.0,2,Off,964.51,302.62
1796025840000000000,2026-11-30T08:04:00Z,free response,1.563,8.847,1.96,422.67,302.29,0.0,9.94,100.0,1,Off,1011.54,323.71
1796025900000000000,2026-11-30T08:05:00Z,controller 2,1.528,8.954,85.73,53.6,247.43,0.0,11.39,100.0,1,Off,1022.18,343.33
1796025960000000000,2026-11-30T08:06:00Z,free response,1.454,8.979,38.92,345.93,505.71,0.0,8.85,100.0,1,Off,1022.17,318.48
1796026020000000000,2026-11-30T08:07:00Z,controller 2,1.529,8.975,9.47,396.15,518.97,0.0,11.37,100.0,1,Off,978.15,309.4
1796026080000000000,2026-11-30T08:08:00Z,free response,1.581,8.845,134.75,298.4,498.14,0.0,11.13,100.0,2,Off,972.09,335.75
1796026140000000000,2026-11-30T08:09:00Z,controller 2,1.541,9.2,155.31,16.58,81.61,0.0,10.98,100.0,1,Off,928.01,328.19
1796026200000000000,2026-11-30T08:10:00Z,controller 1,1.585,9.037,9.04,364.62,355.99,0.0,10.8,100.0,1,Off,970.03,357.56
1796026260000000000,2026-11-30T08:11:00Z,free response,1.442,8.75,70.38,245.04,444.25,0.0,9.2,100.0,1,Off,1011.4,372.83
1796026320000000000,2026-11-30T08:12:00Z,controller 1,1.533,9.271,-21.79,403.63,216.75,0.0,11.64,100.0,1,Off,970.68,366.19
1796026380000000000,2026-11-30T08:13:00Z,free response,1.412,9.132,-12.41,140.67,528.62,0.0,8.64,100.0,3,Off,990.8,379.44
1796026440000000000,2026-11-30T08:14:00Z,free response,1.588,9.344,11.67,373.96,64.28,0.0,10.69,100.0,2,Off,950.78,404.22
1796026500000000000,2026-11-30T08:15:00Z,free response,1.543,8.81,-28.14,395.24,480.4,0.0,11.42,100.0,3,Off,968.41,431.39
1796026560000000000,2026-11-30T08:16:00Z,controller 2,1.445,9.231,2.49,364.4,314.31,0.0,9.78,100.0,3,Off,951.07,456.6
1796026620000000000,2026-11-30T08:17:00Z,free response,1.573,9.269,185.23,332.85,207.51,0.0,10.33,100.0,3,Off,979.58,428.89
1796026680000000000,2026-11-30T08:18:00Z,controller 2,1.441,9.053,173.95,408.64,295.16,0.0,9.35,100.0,1,Off,974.63,412.69
1796026740000000000,2026-11-30T08:19:00Z,free response,1.424,9.222,52.73,313.63,82.99,0.0,9.15,100.0,3,Off,967.33,416.04
1796026800000000000,2026-11-30T08:20:00Z,controller 1,1.416,8.93,15.57,239.42,409.36,0.0,9.5,100.0,2,Off,929.52,406.73
1796026860000000000,2026-11-30T08:21:00Z,controller 1,1.54,8.676,58.26,388.83,499.71,0.0,9.5,100.0,1,Off,890.12,421.58
1796026920000000000,2026-11-30T08:22:00Z,free response,1.443,9.33,166.29,305.26,283.08,0.0,10.67,100.0,1,Off,851.33,404.55
1796026980000000000,2026-11-30T08:23:00Z,controller 1,1.556,8.704,70.66,132.88,169.75,0.0,9.71,100.0,2,Off,815.26,407.24
1796027040000000000,2026-11-30T08:24:00Z,controller 2,1.416,9.336,77.42,211.56,54.76,0.0,9.66,100.0,3,Off,864.13,405.43
1796027100000000000,2026-11-30T08:25:00Z,controller 2,1.412,9.09,27.8,188.92,64.49,0.0,9.5,100.0,2,Off,894.6,376.45
1796027160000000000,2026-11-30T08:26:00Z,controller 1,1.455,9.283,120.68,177.94,431.42,0.0,9.94,100.0,3,Off,853.63,347.52
1796027220000000000,2026-11-30T08:27:00Z,controller 1,1.524,9.055,194.47,106.19,238.93,0.0,9.82,100.0,3,Off,853.26,342.89
1796027280000000000,2026-11-30T08:28:00Z,controller 2,1.472,9.402,58.7,422.32,21.06,0.0,10.58,100.0,1,Off,878.35,333.15
1796027340000000000,2026-11-30T08:29:00Z,controller 2,1.493,9.258,122.27,250.25,351.55,0.0,11.01,100.0,1,Off,891.84,334.09
1796027400000000000,2026-11-30T08:30:00Z,free response,0.104,2.435,-5.4,211.56,55.26,0.0,0.01,100.0,1,Off,848.71,306.15
1796027460000000000,2026-11-30T08:31:00Z,controller 2,0.068,2.875,75.78,318.13,594.45,0.0,0.01,100.0,1,Off,833.61,306.43
1796027520000000000,2026-11-30T08:32:00Z,controller 1,0.053,2.511,123.37,2.39,470.89,0.0,0.0,0.0,3,Off,792.59,329.75
1796027580000000000,2026-11-30T08:33:00Z,free response,0,2.985,75.5,416.63,304.96,0.0,0.0,0.0,1,Off,744.04,318.56
1796027640000000000,2026-11-30T08:34:00Z,free response,0.101,2.915,91.97,439.98,381.73,0.0,0.01,100.0,1,Off,769.19,290.55
1796027700000000000,2026-11-30T08:35:00Z,controller 1,0.043,2.907,171.2,174.85,546.06,0.0,0.0,0.0,2,Off,796.07,283.54
1796027760000000000,2026-11-30T08:36:00Z,free response,0.042,2.611,64.9,346.94,326.83,0.0,0.0,0.0,3,Starting,822.03,303.23
1796027820000000000,2026-11-30T08:37:00Z,controller 2,0.075,2.711,48.39,435.07,339.87,0.0,0.01,100.0,3,Starting,838.74,311.2
1796027880000000000,2026-11-30T08:38:00Z,controller 1,0,3.074,64.22,397.85,317.75,0.0,0.0,0.0,3,Starting,856.79,298.63
1796027940000000000,2026-11-30T08:39:00Z,controller 2,0,2.845,116.3,351.73,428.05,0.0,0.0,0.0,2,Starting,826.3,291.28
1796028000000000000,2026-11-30T08:40:00Z,controller 2,0.031,2.843,36.89,129.62,492.58,0.0,0.0,0.0,2,Starting,850.43,316.06
1796028060000000000,2026-11-30T08:41:00Z,free response,0.005,2.849,165.5,124.01,266.25,0.0,0.0,0.0,2,Starting,852.51,319.72
1796028120000000000,2026-11-30T08:42:00Z,controller 2,0.016,2.971,104.66,23.73,53.82,0.0,0.0,0.0,3,Starting,833.73,299.52
1796028180000000000,2026-11-30T08:43:00Z,controller 2,0,2.387,172.75,134.4,228.51,0.0,0.0,0.0,3,Starting,815.89,315.75
1796028240000000000,2026-11-30T08:44:00Z,controller 1,0.111,2.725,189.2,163.63,495.9,0.0,0.02,100.0,2,Starting,767.81,297.3
1796028300000000000,2026-11-30T08:45:00Z,controller 1,0.058,2.621,95.5,173.5,342.47,0.0,0.0,0.0,3,Starting,795.9,270.34
1796028360000000000,2026-11-30T08:46:00Z,controller 1,0,2.684,80.09,213.06,227.0,0.0,0.0,0.0,2,Starting,764.87,262.72
1796028420000000000,2026-11-30T08:47:00Z,free response,0.005,2.554,74.98,79.1,559.81,0.0,0.0,0.0,2,Starting,766.39,277.83
1796028480000000000,2026-11-30T08:48:00Z,controller 1,0.054,3.012,160.15,143.08,442.99,0.0,0.0,0.0,3,Starting,730.98,275.62
1796028540000000000,2026-11-30T08:49:00Z,controller 2,0.115,2.767,63.63,433.49,89.08,0.0,0.02,100.0,1,Starting,756.7,259.19
1796028600000000000,2026-11-30T08:50:00Z,controller 1,0.046,2.448,167.84,119.81,358.02,0.0,0.0,0.0,3,Starting,791.04,238.77
1796028660000000000,2026-11-30T08:51:00Z,free response,0,2.953,129.43,87.32,185.1,0.0,0.0,0.0,3,Starting,775.38,213.35
1796028720000000000,2026-11-30T08:52:00Z,free response,0.025,2.986,-15.88,103.49,271.71,0.0,0.0,0.0,1,Starting,814.45,197.32
1796028780000000000,2026-11-30T08:53:00Z,controller 2,0.046,2.741,174.13,144.41,162.7,0.0,0.0,0.0,3,Starting,817.85,198.39
1796028840000000000,2026-11-30T08:54:00Z,controller 1,0.096,2.878,114.12,49.93,352.77,0.0,0.01,100.0,1,Starting,860.62,209.85
1796028900000000000,2026-11-30T08:55:00Z,free response,0.085,3.007,20.3,194.45,208.23,0.0,0.01,100.0,1,Starting,861.34,198.43
1796028960000000000,2026-11-30T08:56:00Z,controller 1,0,2.821,108.62,381.8,432.01,0.0,0.0,0.0,1,Starting,836.82,186.25
1796029020000000000,2026-11-30T08:57:00Z,controller 1,0.071,2.34,-2.96,313.42,275.82,0.0,0.01,100.0,1,Starting,821.03,186.75
1796029080000000000,2026-11-30T08:58:00Z,controller 1,0.033,2.843,21.1,396.17,420.86,0.0,0.0,0.0,1,Starting,788.57,207.8
1796029140000000000,2026-11-30T08:59:00Z,controller 2,0.115,2.73,185.68,262.67,522.8,0.0,0.02,100.0,3,Starting,763.38,236.46
1796029200000000000,2026-11-30T09:00:00Z,controller 1,2.714,9.494,131.78,245.34,75.74,0.0,38.22,100.0,1,Starting,719.04,257.2
1796029260000000000,2026-11-30T09:01:00Z,controller 2,2.619,10.027,-22.5,226.2,327.84,0.0,32.53,100.0,3,Starting,702.28,239.8
1796029320000000000,2026-11-30T09:02:00Z,controller 2,2.679,9.57,59.04,236.95,575.32,0.0,34.71,100.0,1,Starting,738.44,248.5
1796029380000000000,2026-11-30T09:03:00Z,controller 2,2.652,9.464,79.95,155.87,203.01,0.0,32.9,100.0,3,Starting,720.51,250.06
1796029440000000000,2026-11-30T09:04:00Z,free response,2.699,9.622,137.35,10.0,374.95,0.0,33.96,100.0,1,Starting,735.6,247.92
1796029500000000000,2026-11-30T09:05:00Z,free response,2.603,9.559,37.2,106.79,85.92,0.0,34.17,100.0,3,Starting,689.31,272.03
1796029560000000000,2026-11-30T09:06:00Z,controller 1,2.611,10.026,-7.36,229.62,558.45,0.0,36.02,100.0,3,Starting,670.39,284.66
1796029620000000000,2026-11-30T09:07:00Z,controller 1,2.714,9.325,45.41,203.14,519.15,0.0,33.79,100.0,1,Starting,692.15,269.76
1796029680000000000,2026-11-30T09:08:00Z,controller 2,2.71,9.983,114.71,149.87,489.69,0.0,35.98,100.0,1,Starting,716.42,245.53
1796029740000000000,2026-11-30T09:09:00Z,controller 1,2.628,9.564,181.61,431.78,312.21,0.0,35.27,100.0,3,Starting,740.41,258.81
1796029800000000000,2026-11-30T09:10:00Z,free response,2.694,9.426,32.29,268.21,437.13,0.0,32.81,100.0,3,Starting,759.69,270.15
1796029860000000000,2026-11-30T09:11:00Z,free response,2.725,9.615,23.95,379.87,542.44,0.0,38.46,100.0,2,Starting,809.36,254.61
1796029920000000000,2026-11-30T09:12:00Z,controller 1,2.589,9.32,199.07,136.77,220.91,0.0,28.86,100.0,2,Starting,815.81,281.6
1796029980000000000,2026-11-30T09:13:00Z,controller 1,2.699,9.683,191.51,118.93,118.41,0.0,38.42,100.0,3,Starting,827.09,256.65
1796030040000000000,2026-11-30T09:14:00Z,controller 1,2.613,9.684,187.66,282.32,569.25,0.0,35.46,100.0,1,Starting,845.69,254.93
1796030100000000000,2026-11-30T09:15:00Z,free response,2.697,9.779,107.27,310.26,308.24,0.0,33.41,100.0,2,Starting,816.37,234.34
1796030160000000000,2026-11-30T09:16:00Z,controller 2,2.633,9.342,180.54,81.65,566.58,0.0,30.13,100.0,1,Starting,823.33,258.62
1796030220000000000,2026-11-30T09:17:00Z,controller 1,2.626,9.968,169.93,326.11,462.87,0.0,32.66,100.0,3,Starting,809.05,287.05
1796030280000000000,2026-11-30T09:18:00Z,free response,2.656,9.456,48.29,415.44,334.27,0.0,30.67,100.0,1,Starting,842.58,301.14
1796030340000000000,2026-11-30T09:19:00Z,controller 2,2.677,9.503,4.26,274.25,339.44,0.0,33.42,100.0,2,Starting,794.3,309.27
1796030400000000000,2026-11-30T09:20:00Z,controller 1,2.679,9.328,191.17,434.93,251.76,0.0,31.69,100.0,2,Starting,808.77,323.54
1796030460000000000,2026-11-30T09:21:00Z,free response,2.669,9.733,82.92,185.21,73.19,0.0,35.37,100.0,3,Starting,759.3,319.98
1796030520000000000,2026-11-30T09:22:00Z,free response,2.701,9.787,182.01,120.33,152.08,0.0,35.95,100.0,2,Starting,735.54,331.14
1796030580000000000,2026-11-30T09:23:00Z,controller 1,2.681,9.933,29.78,74.75,288.78,0.0,35.23,100.0,1,Starting,721.81,333.48
1796030640000000000,2026-11-30T09:24:00Z,controller 2,2.62,10.03,-26.99,29.57,23.51,0.0,33.2,70.81,3,Starting,719.4,323.39
1796030700000000000,2026-11-30T09:25:00Z,free response,2.574,9.935,70.6,71.5,589.32,0.0,30.01,100.0,2,Starting,1437.81,827.18
1796030760000000000,2026-11-30T09:26:00Z,free response,2.601,9.773,130.48,283.88,247.72,0.0,34.54,100.0,2,Starting,1472.42,856.61
1796030820000000000,2026-11-30T09:27:00Z,free response,2.677,9.778,-28.7,246.12,20.83,0.0,37.95,54.89,3,Starting,1447.2,838.83
1796030880000000000,2026-11-30T09:28:00Z,controller 2,2.696,9.95,123.9,369.56,153.87,0.0,35.7,100.0,3,Starting,1440.6,829.48
1796030940000000000,2026-11-30T09:29:00Z,controller 2,2.706,10.057,186.94,228.78,34.12,0.0,38.14,89.46,3,Starting,1458.09,814.42
1796031000000000000,2026-11-30T09:30:00Z,controller 1,0.086,3.182,194.96,273.7,485.9,0.0,0.01,100.0,3,Starting,1489.27,813.13
1796031060000000000,2026-11-30T09:31:00Z,controller 2,0.044,3.242,170.75,7.62,528.94,0.0,0.0,0.0,2,Starting,1500.0,839.6
1796031120000000000,2026-11-30T09:32:00Z,free response,0,3.268,12.79,150.38,187.02,0.0,0.0,0.0,1,Starting,1475.96,835.16
1796031180000000000,2026-11-30T09:33:00Z,free response,0.055,3.058,32.95,236.6,482.62,0.0,0.0,0.0,1,Starting,1483.51,843.03
1796031240000000000,2026-11-30T09:34:00Z,controller 2,0.048,3.477,57.0,183.8,338.3,0.0,0.0,0.0,2,Starting,1500.0,827.61
1796031300000000000,2026-11-30T09:35:00Z,controller 1,0,3.436,84.03,203.05,71.32,0.0,0.0,0.0,3,Starting,1500.0,806.73
1796031360000000000,2026-11-30T09:36:00Z,free response,0.011,3.497,25.29,391.69,239.58,0.0,0.0,0.0,2,Starting,1500.0,817.67
1796031420000000000,2026-11-30T09:37:00Z,controller 2,0.077,3.168,42.62,147.92,532.19,0.0,0.01,100.0,2,Starting,1500.0,831.91
1796031480000000000,2026-11-30T09:38:00Z,free response,0.112,2.821,78.68,16.11,36.64,0.0,0.02,100.0,3,Starting,1490.74,831.67
1796031540000000000,2026-11-30T09:39:00Z,free response,0.021,3.543,145.1,400.23,540.62,0.0,0.0,0.0,3,Starting,1449.92,810.25
1796031600000000000,2026-11-30T09:40:00Z,free response,0.096,2.867,107.79,3.53,209.67,0.0,0.01,100.0,1,Starting,1424.48,790.7
1796031660000000000,2026-11-30T09:41:00Z,free response,0.017,3.453,4.99,236.36,160.28,0.0,0.0,0.0,2,Starting,1393.73,817.3
1796031720000000000,2026-11-30T09:42:00Z,controller 2,0.092,3.481,66.88,212.26,551.9,0.0,0.01,100.0,3,Starting,1430.9,838.29
1796031780000000000,2026-11-30T09:43:00Z,controller 1,0.136,3.367,64.36,86.3,216.99,0.0,0.03,100.0,1,Starting,1450.63,859.24
1796031840000000000,2026-11-30T09:44:00Z,controller 2,0.058,3.28,196.42,137.33,128.0,0.0,0.01,100.0,2,Starting,1427.64,882.54
1796031900000000000,2026-11-30T09:45:00Z,controller 2,0.007,3.394,145.12,282.7,456.81,0.0,0.0,0.0,2,Starting,1406.99,879.04
1796031960000000000,2026-11-30T09:46:00Z,free response,0.12,3.178,10.75,174.73,417.91,0.0,0.02,100.0,2,Starting,1263.06,343.3
1796032020000000000,2026-11-30T09:47:00Z,free response,0,3.126,-21.48,385.55,288.33,0.0,0.0,0.0,1,Starting,716.16,871.14
1796032080000000000,2026-11-30T09:48:00Z,controller 1,0,3.271,-25.13,73.55,87.25,0.0,0.0,0.0,1,Starting,674.8,865.53
1796032140000000000,2026-11-30T09:49:00Z,free response,0.104,2.849,35.37,127.21,575.21,0.0,0.01,100.0,3,Starting,662.45,842.85
1796032200000000000,2026-11-30T09:50:00Z,free response,0.127,3.42,118.26,296.87,550.44,0.0,0.03,100.0,2,Starting,617.87,821.08
1796032260000000000,2026-11-30T09:51:00Z,controller 1,0,3.142,146.9,350.33,466.39,0.0,0.0,0.0,1,Starting,567.96,830.22
1796032320000000000,2026-11-30T09:52:00Z,free response,0.02,3.457,99.07,158.86,321.27,0.0,0.0,0.0,3,Starting,532.43,849.68
1796032380000000000,2026-11-30T09:53:00Z,free response,0.107,3.128,87.12,218.29,27.05,0.0,0.02,100.0,3,Starting,511.92,827.24
1796032440000000000,2026-11-30T09:54:00Z,controller 2,0.123,3.403,158.92,185.4,173.67,0.0,0.03,100.0,2,Starting,463.74,851.77
1796032500000000000,2026-11-30T09:55:00Z,controller 1,0.021,3.493,30.04,327.81,145.58,0.0,0.0,0.0,3,Starting,416.26,844.98
1796032560000000000,2026-11-30T09:56:00Z,free response,0,3.263,36.42,116.76,410.32,0.0,0.0,0.0,1,Starting,436.71,835.56
1796032620000000000,2026-11-30T09:57:00Z,controller 1,0,3.287,20.01,64.42,320.75,0.0,0.0,0.0,2,Starting,402.19,816.59
1796032680000000000,2026-11-30T09:58:00Z,free response,0.076,3.464,149.08,429.49,583.64,0.0,0.01,100.0,1,Starting,397.15,803.22
1796032740000000000,2026-11-30T09:59:00Z,controller 1,0.008,2.843,-19.38,133.84,508.37,0.0,0.0,0.0,2,Starting,399.44,821.36
1796032800000000000,2026-11-30T10:00:00Z,controller 1,0.848,9.459,13.01,352.1,78.69,0.0,3.69,100.0,2,Starting,434.39,827.51
1796032860000000000,2026-11-30T10:01:00Z,free response,0.77,9.321,175.46,231.51,307.02,0.0,2.92,100.0,3,Starting,934.99,511.96
1796032920000000000,2026-11-30T10:02:00Z,controller 1,0.752,9.731,36.35,285.08,177.46,0.0,2.55,100.0,1,Starting,953.68,517.7
1796032980000000000,2026-11-30T10:03:00Z,controller 2,0.861,9.94,77.49,78.76,262.14,0.0,3.47,100.0,2,Starting,952.42,542.19
1796033040000000000,2026-11-30T10:04:00Z,free response,0.82,9.996,156.48,271.98,278.4,0.0,3.41,100.0,2,Starting,945.5,564.56
1796033100000000000,2026-11-30T10:05:00Z,free response,0.875,9.786,91.13,190.37,166.1,0.0,4.08,100.0,2,Starting,950.28,567.22
1796033160000000000,2026-11-30T10:06:00Z,free response,0.855,9.822,80.52,163.77,209.15,0.0,3.94,100.0,3,Starting,963.56,561.43
1796033220000000000,2026-11-30T10:07:00Z,controller 1,0.756,9.515,123.41,397.41,137.38,0.0,2.74,100.0,3,Starting,935.41,540.35
1796033280000000000,2026-11-30T10:08:00Z,free response,0.903,9.587,20.0,354.38,572.78,0.0,3.98,100.0,3,Starting,966.58,539.17
1796033340000000000,2026-11-30T10:09:00Z,controller 1,0.859,9.72,167.29,207.52,98.03,0.0,3.3,100.0,3,Starting,978.23,536.79
1796033400000000000,2026-11-30T10:10:00Z,controller 1,0.9,9.772,162.03,128.09,76.9,0.0,3.99,100.0,3,Starting,928.92,555.73
1796033460000000000,2026-11-30T10:11:00Z,controller 1,0.822,9.372,-18.88,383.46,16.43,0.0,2.93,100.0,1,Starting,920.29,550.75
1796033520000000000,2026-11-30T10:12:00Z,controller 1,0.81,9.673,154.33,373.21,476.95,0.0,3.14,100.0,1,Starting,967.5,552.74
1796033580000000000,2026-11-30T10:13:00Z,controller 1,0.799,9.248,14.71,90.04,27.53,0.0,3.13,100.0,1,Starting,959.72,575.16
1796033640000000000,2026-11-30T10:14:00Z,controller 2,0.748,10.0,184.03,431.47,583.42,0.0,2.96,100.0,3,Starting,981.46,585.44
1796033700000000000,2026-11-30T10:15:00Z,free response,0.762,9.581,33.28,318.06,118.7,0.0,2.95,100.0,3,Starting,980.51,594.42
1796033760000000000,2026-11-30T10:16:00Z,controller 1,0.825,9.391,94.56,309.2,94.73,0.0,3.22,100.0,2,Starting,930.8,571.54
1796033820000000000,2026-11-30T10:17:00Z,free response,0.84,9.831,189.01,82.56,248.21,0.0,3.17,100.0,2,Starting,955.41,587.55
1796033880000000000,2026-11-30T10:18:00Z,controller 1,0.868,9.724,175.73,401.27,225.68,0.0,3.35,100.0,1,Starting,938.67,603.72
1796033940000000000,2026-11-30T10:19:00Z,controller 1,0.871,9.449,127.18,201.98,327.37,0.0,3.71,100.0,3,Starting,955.12,585.93
1796034000000000000,2026-11-30T10:20:00Z,free response,0.744,9.37,76.4,157.89,443.34,0.0,2.75,100.0,3,Starting,979.67,575.93
1796034060000000000,2026-11-30T10:21:00Z,free response,0.901,9.758,42.9,223.28,1.8,0.09,3.87,46.51,1,Starting,1008.7,554.54
1796034120000000000,2026-11-30T10:22:00Z,controller 2,0.838,9.935,148.86,228.69,303.48,0.14,3.25,100.0,2,Starting,1023.62,531.73
1796034180000000000,2026-11-30T10:23:00Z,free response,0.788,9.886,86.12,12.85,295.51,0.17,2.98,100.0,3,Starting,983.19,514.27
1796034240000000000,2026-11-30T10:24:00Z,controller 2,0.785,9.626,-29.07,286.56,300.59,0.26,3.02,100.0,3,Starting,993.33,511.75
1796034300000000000,2026-11-30T10:25:00Z,controller 2,0.763,9.923,102.39,219.29,478.1,0.32,3.13,100.0,3,On,1030.64,530.29
1796034360000000000,2026-11-30T10:26:00Z,controller 2,0.747,9.817,81.31,26.1,405.99,0.38,2.62,100.0,3,On,1032.23,518.08
1796034420000000000,2026-11-30T10:27:00Z,free response,0.809,9.861,-7.84,7.45,340.96,0.41,3.37,100.0,1,On,1080.85,506.81
1796034480000000000,2026-11-30T10:28:00Z,controller 2,0.823,9.989,-17.61,370.23,29.22,0.45,3.36,100.0,3,On,1077.33,490.01
1796034540000000000,2026-11-30T10:29:00Z,controller 1,0.737,9.69,149.88,161.42,337.25,0.52,2.45,100.0,1,On,1084.96,465.44
1796034600000000000,2026-11-30T10:30:00Z,controller 2,0.506,6.884,138.88,398.09,494.11,0.56,0.95,100.0,2,On,1359.77,780.52
1796034660000000000,2026-11-30T10:31:00Z,controller 2,0.415,6.741,140.75,351.14,592.87,0.63,0.59,100.0,3,On,1322.65,759.99
1796034720000000000,2026-11-30T10:32:00Z,controller 1,0.424,6.904,63.43,75.19,299.69,0.71,0.63,100.0,3,On,1307.35,775.89
1796034780000000000,2026-11-30T10:33:00Z,free response,0.558,7.311,48.21,283.67,489.55,0.75,1.18,100.0,2,On,1329.71,797.88
1796034840000000000,2026-11-30T10:34:00Z,free response,0.539,7.194,-20.57,327.23,272.01,0.81,1.1,100.0,3,On,1361.27,823.54
1796034900000000000,2026-11-30T10:35:00Z,controller 1,0.495,7.384,198.44,279.31,273.6,0.86,0.93,100.0,2,On,1356.05,827.99
1796034960000000000,2026-11-30T10:36:00Z,controller 1,0.484,7.07,82.17,258.18,254.97,0.91,0.84,100.0,3,On,1373.05,843.46
1796035020000000000,2026-11-30T10:37:00Z,controller 2,0.442,7.328,13.75,101.96,201.08,1.0,0.68,100.0,1,On,1396.79,827.43
1796035080000000000,2026-11-30T10:38:00Z,controller 1,0.53,6.872,-6.83,21.01,215.11,1.04,1.05,100.0,2,On,1442.44,850.43
1796035140000000000,2026-11-30T10:39:00Z,free response,0.498,7.023,192.55,127.98,461.5,1.13,0.86,100.0,1,On,1412.06,838.68
1796035200000000000,2026-11-30T10:40:00Z,controller 2,0.573,7.337,146.45,66.79,499.25,1.22,1.32,100.0,2,On,1399.73,819.05
1796035260000000000,2026-11-30T10:41:00Z,controller 1,0.459,6.894,165.84,105.45,418.28,1.29,0.7,100.0,3,On,1433.81,825.65
1796035320000000000,2026-11-30T10:42:00Z,controller 1,0.583,7.345,114.53,437.06,555.38,1.37,1.19,100.0,3,On,1473.04,830.5
1796035380000000000,2026-11-30T10:43:00Z,controller 2,0.447,6.832,34.76,266.26,593.56,1.43,0.71,100.0,2,On,1463.33,832.22
1796035440000000000,2026-11-30T10:44:00Z,controller 2,0.423,6.963,58.95,375.35,128.61,1.48,0.67,100.0,2,On,1500.0,832.75
1796035500000000000,2026-11-30T10:45:00Z,controller 1,0.492,7.224,21.64,375.44,168.01,1.52,0.85,100.0,2,On,725.46,635.04
1796035560000000000,2026-11-30T10:46:00Z,controller 2,0.44,7.284,94.42,88.94,348.18,1.58,0.77,100.0,3,On,735.23,642.45
1796035620000000000,2026-11-30T10:47:00Z,free response,0.44,7.381,15.1,15.98,149.75,1.61,0.64,100.0,1,On,733.29,629.06
1796035680000000000,2026-11-30T10:48:00Z,free response,0.426,6.922,108.54,226.42,292.05,1.67,0.67,100.0,3,On,779.71,610.94
1796035740000000000,2026-11-30T10:49:00Z,controller 1,0.529,6.739,196.48,169.36,145.5,1.75,0.99,100.0,3,On,799.02,621.85
1796035800000000000,2026-11-30T10:50:00Z,controller 1,0.573,6.898,188.61,338.38,571.51,1.83,1.17,100.0,1,On,758.64,620.93
1796035860000000000,2026-11-30T10:51:00Z,controller 1,0.436,6.781,17.93,445.46,127.67,1.88,0.69,100.0,2,On,729.3,616.37
1796035920000000000,2026-11-30T10:52:00Z,free response,0.449,7.183,21.53,64.2,541.87,1.92,0.69,100.0,2,On,706.8,625.06
1796035980000000000,2026-11-30T10:53:00Z,controller 2,0.443,6.961,172.95,153.0,50.01,1.98,0.62,100.0,2,On,657.57,645.82
1796036040000000000,2026-11-30T10:54:00Z,controller 1,0.495,6.873,95.03,162.88,385.05,2.05,0.87,100.0,3,On,671.04,649.87
1796036100000000000,2026-11-30T10:55:00Z,controller 1,0.425,7.356,-0.1,392.3,72.15,2.12,0.69,100.0,2,On,1459.46,939.62
1796036160000000000,2026-11-30T10:56:00Z,controller 2,0.46,6.796,14.72,449.45,200.69,2.2,0.7,100.0,3,On,1450.34,928.69
1796036220000000000,2026-11-30T10:57:00Z,controller 2,0.415,7.306,192.14,4.48,309.33,2.25,0.66,100.0,1,On,1456.76,905.37
1796036280000000000,2026-11-30T10:58:00Z,free response,0.439,7.209,141.15,335.17,538.62,2.31,0.73,100.0,2,On,1496.2,909.65
1796036340000000000,2026-11-30T10:59:00Z,controller 1,0.5,6.752,10.02,172.98,311.42,2.36,0.84,100.0,3,On,1473.63,919.26
1796036400000000000,2026-11-30T11:00:00Z,controller 2,2.749,9.502,4.72,79.99,459.4,2.42,33.65,100.0,2,On,1500.0,901.78
1796036460000000000,2026-11-30T11:01:00Z,free response,2.764,9.583,156.11,434.38,183.92,2.46,38.97,100.0,1,On,1477.91,887.59
1796036520000000000,2026-11-30T11:02:00Z,free response,2.846,9.262,-10.57,222.75,439.81,2.54,40.77,100.0,1,On,1378.53,487.17
1796036580000000000,2026-11-30T11:03:00Z,controller 1,2.8,9.296,-15.05,109.89,164.08,2.63,38.53,100.0,1,On,1348.49,488.64
1796036640000000000,2026-11-30T11:04:00Z,controller 2,2.787,9.442,197.54,341.06,378.47,2.68,39.72,100.0,3,On,1359.7,495.84
1796036700000000000,2026-11-30T11:05:00Z,controller 2,2.741,9.506,46.94,364.09,145.73,2.76,37.75,100.0,2,On,1317.48,515.01
1796036760000000000,2026-11-30T11:06:00Z,controller 2,2.846,8.994,154.71,196.62,72.86,2.83,33.13,100.0,1,On,1300.36,524.81
1796036820000000000,2026-11-30T11:07:00Z,free response,2.909,9.549,60.99,305.29,487.49,2.91,36.42,100.0,2,On,1341.77,552.93
1796036880000000000,2026-11-30T11:08:00Z,controller 1,2.816,9.312,-25.01,304.31,455.56,2.99,35.51,100.0,1,On,1373.87,530.59
1796036940000000000,2026-11-30T11:09:00Z,controller 2,2.845,9.149,116.41,88.96,430.89,3.02,38.61,100.0,1,On,1342.7,521.12
1796037000000000000,2026-11-30T11:10:00Z,controller 2,2.75,9.33,33.44,322.97,314.1,3.1,33.94,100.0,3,On,1342.02,505.29
1796037060000000000,2026-11-30T11:11:00Z,free response,2.82,9.253,4.09,299.44,86.13,3.18,35.63,100.0,2,On,1342.55,512.75
1796037120000000000,2026-11-30T11:12:00Z,free response,2.873,9.482,196.33,374.83,421.29,3.22,40.6,100.0,1,On,1314.56,486.76
1796037180000000000,2026-11-30T11:13:00Z,controller 2,2.871,9.398,148.17,312.03,585.44,3.24,39.98,100.0,3,On,1285.68,480.64
1796037240000000000,2026-11-30T11:14:00Z,controller 2,2.769,9.27,107.89,369.11,228.9,3.27,35.65,100.0,3,On,1292.19,460.16
1796037300000000000,2026-11-30T11:15:00Z,free response,2.886,9.366,-19.0,448.44,360.65,3.33,42.65,100.0,1,On,1336.41,485.59
1796037360000000000,2026-11-30T11:16:00Z,controller 1,2.883,9.362,152.25,91.68,285.42,3.38,37.45,100.0,2,On,1357.31,498.26
1796037420000000000,2026-11-30T11:17:00Z,controller 2,2.805,9.217,-22.23,415.21,323.08,3.41,39.23,100.0,2,On,1373.17,510.09
1796037480000000000,2026-11-30T11:18:00Z,controller 2,2.759,9.076,45.26,288.73,519.89,3.47,36.2,100.0,2,On,1414.4,504.95
1796037540000000000,2026-11-30T11:19:00Z,controller 2,2.843,9.293,174.26,134.75,322.97,3.54,35.71,100.0,1,On,1332.46,588.82
1796037600000000000,2026-11-30T11:20:00Z,controller 2,2.779,9.674,62.72,150.46,226.21,3.61,40.5,100.0,2,On,1361.05,613.58
1796037660000000000,2026-11-30T11:21:00Z,controller 2,2.831,9.332,134.26,108.11,409.52,3.68,37.64,100.0,3,On,1359.47,609.72
1796037720000000000,2026-11-30T11:22:00Z,free response,2.832,9.695,154.88,447.75,233.8,3.75,37.64,100.0,3,On,1368.08,633.85
1796037780000000000,2026-11-30T11:23:00Z,free response,2.843,9.545,4.0,165.43,463.7,3.8,39.16,100.0,2,On,1393.52,654.44
1796037840000000000,2026-11-30T11:24:00Z,free response,2.847,9.582,157.31,440.56,242.88,3.86,38.59,100.0,2,On,1427.9,650.43
1796037900000000000,2026-11-30T11:25:00Z,free response,2.812,9.4,86.56,352.2,312.33,3.93,38.95,100.0,1,On,1454.75,634.24
1796037960000000000,2026-11-30T11:26:00Z,free response,2.743,9.493,193.48,286.87,431.08,4.02,33.74,100.0,2,On,1457.34,654.33
1796038020000000000,2026-11-30T11:27:00Z,controller 2,2.765,9.666,160.88,196.04,158.22,4.08,38.75,100.0,1,On,1413.0,630.83
1796038080000000000,2026-11-30T11:28:00Z,controller 2,2.877,9.327,173.4,224.92,78.09,4.16,41.43,100.0,1,On,1403.67,650.28
1796038140000000000,2026-11-30T11:29:00Z,controller 2,2.74,9.252,112.9,292.62,208.14,4.23,32.75,100.0,1,On,1384.9,629.27
1796038200000000000,2026-11-30T11:30:00Z,free response,1.646,10.455,144.31,425.63,435.87,4.26,13.93,100.0,2,On,1400.95,627.51
1796038260000000000,2026-11-30T11:31:00Z,controller 1,1.639,10.504,6.39,351.41,475.57,4.29,13.43,100.0,1,On,1424.55,640.07
1796038320000000000,2026-11-30T11:32:00Z,controller 2,1.495,11.213,130.77,108.22,527.22,4.36,12.65,100.0,1,On,1397.72,627.96
1796038380000000000,2026-11-30T11:33:00Z,controller 2,1.474,11.142,122.65,449.97,593.15,4.39,11.52,100.0,2,On,1391.34,643.61
1796038440000000000,2026-11-30T11:34:00Z,controller 1,1.582,10.627,21.04,326.64,443.07,4.48,12.23,100.0,1,On,1374.97,659.48
1796038500000000000,2026-11-30T11:35:00Z,free response,1.593,11.101,96.9,411.4,428.07,4.56,14.47,100.0,2,On,1349.38,649.88
1796038560000000000,2026-11-30T11:36:00Z,free response,1.541,10.866,178.7,87.03,251.62,4.59,11.89,100.0,3,On,1357.85,623.17
1796038620000000000,2026-11-30T11:37:00Z,controller 2,1.608,10.594,109.63,166.89,489.95,4.62,14.6,100.0,3,On,1394.2,649.86
1796038680000000000,2026-11-30T11:38:00Z,controller 1,1.555,10.526,81.92,245.28,198.46,4.68,13.05,100.0,1,On,1229.23,949.11
1796038740000000000,2026-11-30T11:39:00Z,controller 1,1.596,10.982,181.42,382.38,266.36,4.75,14.22,100.0,1,On,1257.29,972.22
1796038800000000000,2026-11-30T11:40:00Z,controller 1,1.604,10.865,149.98,323.82,262.15,4.79,14.3,100.0,1,On,1255.38,969.18
1796038860000000000,2026-11-30T11:41:00Z,controller 1,1.522,11.15,180.21,110.94,155.99,4.87,12.39,100.0,3,On,1187.56,808.99
1796038920000000000,2026-11-30T11:42:00Z,controller 2,1.497,10.787,67.31,449.27,27.36,4.95,13.29,100.0,2,On,1235.2,787.86
1796038980000000000,2026-11-30T11:43:00Z,controller 1,1.531,11.068,-24.63,268.89,586.8,4.99,12.35,100.0,2,On,1213.98,794.57
1796039040000000000,2026-11-30T11:44:00Z,free response,1.472,11.16,-28.34,364.34,468.03,5.03,12.04,100.0,1,On,1204.97,792.96
1796039100000000000,2026-11-30T11:45:00Z,controller 2,1.518,11.142,48.14,202.19,360.84,5.09,12.13,100.0,1,On,1202.03,779.45
1796039160000000000,2026-11-30T11:46:00Z,free response,1.646,10.819,-13.45,342.36,429.79,5.12,14.66,100.0,1,On,1199.34,776.29
1796039220000000000,2026-11-30T11:47:00Z,free response,1.604,10.93,137.7,367.97,187.59,5.19,13.23,100.0,2,On,1177.21,763.52
1796039280000000000,2026-11-30T11:48:00Z,free response,1.629,11.194,45.29,399.12,289.77,5.26,16.13,100.0,1,On,1142.27,754.7
1796039340000000000,2026-11-30T11:49:00Z,controller 2,1.594,11.012,99.73,100.47,342.6,5.29,13.96,100.0,2,On,1140.8,743.89
1796039400000000000,2026-11-30T11:50:00Z,controller 2,1.629,10.765,101.5,213.1,273.6,5.34,13.91,100.0,3,On,1145.11,725.52
1796039460000000000,2026-11-30T11:51:00Z,controller 2,1.556,10.736,12.12,292.11,500.12,5.42,13.44,100.0,2,On,1157.14,710.21
1796039520000000000,2026-11-30T11:52:00Z,controller 2,1.627,10.576,123.17,238.39,68.81,5.51,14.41,100.0,2,On,1203.42,736.94
1796039580000000000,2026-11-30T11:53:00Z,free response,1.475,10.955,-2.48,122.64,8.96,5.57,11.07,80.94,1,On,1253.05,720.77
1796039640000000000,2026-11-30T11:54:00Z,free response,1.482,11.171,114.25,346.07,567.83,5.6,11.76,100.0,2,On,1277.15,712.81
1796039700000000000,2026-11-30T11:55:00Z,free response,1.585,11.139,-17.14,149.99,384.64,5.63,13.26,100.0,2,On,1280.12,694.83
1796039760000000000,2026-11-30T11:56:00Z,free response,1.607,10.686,107.69,280.87,420.5,5.69,12.91,100.0,3,On,1305.12,672.54
1796039820000000000,2026-11-30T11:57:00Z,controller 1,1.582,10.753,109.21,201.73,115.52,5.77,14.74,100.0,1,On,1269.02,678.22
1796039880000000000,2026-11-30T11:58:00Z,controller 2,1.518,11.07,182.67,280.06,585.51,5.84,13.33,100.0,3,On,1257.72,700.01
1796039940000000000,2026-11-30T11:59:00Z,free response,1.575,11.0,146.75,87.24,247.53,5.88,13.21,100.0,1,On,1215.72,676.82
1796040000000000000,2026-11-30T12:00:00Z,controller 2,1.681,12.576,66.5,400.19,294.08,5.92,17.71,100.0,1,On,1221.42,666.19
1796040060000000000,2026-11-30T12:01:00Z,controller 2,1.762,12.671,62.46,285.16,566.31,5.96,21.53,100.0,2,On,1212.57,658.49
1796040120000000000,2026-11-30T12:02:00Z,controller 1,1.681,12.303,100.49,278.06,91.78,6.0,17.13,100.0,2,On,1174.03,673.66
1796040180000000000,2026-11-30T12:03:00Z,free response,1.605,12.893,190.36,428.05,188.34,6.04,16.87,100.0,3,On,1180.56,646.83
1796040240000000000,2026-11-30T12:04:00Z,controller 2,1.727,12.201,165.15,260.85,556.9,6.1,18.59,100.0,3,On,1192.16,619.19
1796040300000000000,2026-11-30T12:05:00Z,controller 1,1.723,12.798,151.5,83.37,189.47,6.15,18.46,100.0,3,On,1173.14,637.45
1796040360000000000,2026-11-30T12:06:00Z,controller 1,1.768,12.852,188.41,123.46,357.69,6.19,21.31,100.0,2,On,1221.26,661.53
1796040420000000000,2026-11-30T12:07:00Z,free response,1.706,12.785,159.32,77.75,523.36,6.28,17.6,100.0,2,On,1174.93,684.55
1796040480000000000,2026-11-30T12:08:00Z,controller 2,1.654,12.363,106.44,218.57,519.4,6.3,15.72,100.0,3,On,1209.37,708.15
1796040540000000000,2026-11-30T12:09:00Z,controller 2,1.753,12.308,36.61,323.44,435.92,6.34,19.66,100.0,3,On,1211.22,705.55
1796040600000000000,2026-11-30T12:10:00Z,free response,1.635,12.626,-7.11,402.36,396.5,6.4,18.31,100.0,1,On,1203.61,675.66
1796040660000000000,2026-11-30T12:11:00Z,free response,1.677,12.498,-12.42,86.68,386.41,6.48,16.31,100.0,2,On,1203.05,669.17
1796040720000000000,2026-11-30T12:12:00Z,controller 1,1.649,12.864,40.7,61.31,321.24,6.51,17.17,100.0,1,On,1227.26,668.34
1796040780000000000,2026-11-30T12:13:00Z,controller 2,1.77,12.656,91.23,199.89,197.31,6.56,19.63,100.0,2,On,1227.67,645.45
1796040840000000000,2026-11-30T12:14:00Z,controller 1,1.696,12.925,184.9,406.26,373.41,6.63,19.66,100.0,1,On,1263.74,625.92
1796040900000000000,2026-11-30T12:15:00Z,free response,1.736,12.325,31.27,171.96,118.96,6.69,18.09,100.0,1,On,866.37,683.88
1796040960000000000,2026-11-30T12:16:00Z,controller 2,1.68,12.892,30.8,247.24,542.66,6.75,19.1,100.0,1,On,837.58,710.04
1796041020000000000,2026-11-30T12:17:00Z,controller 1,1.718,12.741,141.12,46.61,140.57,6.84,20.02,100.0,2,On,849.76,725.22
1796041080000000000,2026-11-30T12:18:00Z,controller 1,1.728,12.293,34.33,15.57,595.27,6.87,18.04,100.0,1,On,823.3,708.95
1796041140000000000,2026-11-30T12:19:00Z,controller 2,1.744,12.22,92.27,189.05,290.65,6.92,19.92,100.0,2,On,818.91,724.21
1796041200000000000,2026-11-30T12:20:00Z,controller 2,1.747,12.806,150.43,374.59,558.65,6.95,19.52,100.0,1,On,816.29,750.25
1796041260000000000,2026-11-30T12:21:00Z,controller 2,1.74,12.622,163.33,318.4,77.93,6.99,18.72,100.0,3,On,806.83,735.46
1796041320000000000,2026-11-30T12:22:00Z,free response,1.713,12.81,122.82,327.84,586.68,7.03,18.49,100.0,2,On,778.55,712.45
1796041380000000000,2026-11-30T12:23:00Z,free response,1.67,12.784,178.97,70.73,544.29,7.1,16.75,100.0,1,On,806.06,703.91
1796041440000000000,2026-11-30T12:24:00Z,controller 1,1.74,12.351,198.59,209.67,173.17,7.14,20.18,100.0,2,On,758.75,692.67
1796041500000000000,2026-11-30T12:25:00Z,controller 2,1.756,12.278,10.63,278.67,8.21,7.2,17.65,46.52,2,On,737.44,676.72
1796041560000000000,2026-11-30T12:26:00Z,free response,1.736,12.357,163.26,54.97,423.89,7.25,18.17,100.0,2,On,733.73,667.95
1796041620000000000,2026-11-30T12:27:00Z,controller 2,1.742,12.183,173.29,296.35,565.84,7.28,16.76,100.0,3,On,754.69,665.94
1796041680000000000,2026-11-30T12:28:00Z,controller 1,1.641,12.215,21.52,225.52,528.26,7.34,16.93,100.0,2,On,733.04,670.45
1796041740000000000,2026-11-30T12:29:00Z,controller 2,1.657,12.805,137.74,10.84,503.66,7.39,18.99,100.0,3,On,761.64,662.89
1796041800000000000,2026-11-30T12:30:00Z,controller 1,0.104,8.828,39.91,165.67,125.4,7.47,0.05,100.0,1,On,727.6,692.52
1796041860000000000,2026-11-30T12:31:00Z,controller 2,0.082,8.571,124.73,221.84,134.19,7.51,0.03,100.0,2,On,1442.13,944.39
1796041920000000000,2026-11-30T12:32:00Z,controller 1,0,8.601,-21.1,116.25,487.8,7.54,0.0,0.0,3,On,1490.02,925.33
1796041980000000000,2026-11-30T12:33:00Z,free response,0.001,9.185,99.0,192.98,31.7,7.59,0.0,0.0,3,On,1443.3,925.03
1796042040000000000,2026-11-30T12:34:00Z,controller 2,0,8.571,105.71,210.59,194.49,7.62,0.0,0.0,3,On,1483.23,912.87
1796042100000000000,2026-11-30T12:35:00Z,controller 1,0,9.149,87.73,65.82,557.11,7.65,0.0,0.0,2,On,1500.0,889.06
1796042160000000000,2026-11-30T12:36:00Z,free response,0.057,9.064,43.93,398.42,236.83,7.7,0.02,100.0,1,On,1465.65,892.74
1796042220000000000,2026-11-30T12:37:00Z,free response,0,8.532,163.3,208.87,500.79,7.78,0.0,0.0,1,On,1442.06,921.32
1796042280000000000,2026-11-30T12:38:00Z,free response,0.1,9.195,48.72,177.55,170.47,7.86,0.05,100.0,3,On,1462.63,924.82
1796042340000000000,2026-11-30T12:39:00Z,free response,0.028,8.719,67.79,271.31,89.31,7.92,0.0,0.0,2,On,1439.37,934.78
1796042400000000000,2026-11-30T12:40:00Z,controller 1,0,8.856,155.41,303.99,59.54,7.96,0.0,0.0,2,On,1424.99,918.35
1796042460000000000,2026-11-30T12:41:00Z,controller 2,0,8.609,138.45,425.55,104.24,8.0,0.0,0.0,1,On,1464.75,931.99
1796042520000000000,2026-11-30T12:42:00Z,controller 2,0.047,9.042,115.48,439.8,201.81,8.05,0.01,100.0,2,On,1434.33,948.35
1796042580000000000,2026-11-30T12:43:00Z,controller 1,0.088,8.607,19.21,380.04,200.02,8.1,0.03,100.0,1,On,1399.41,965.88
1796042640000000000,2026-11-30T12:44:00Z,controller 2,0.012,8.718,-24.92,164.09,12.54,8.12,0.0,0.0,2,On,1433.47,982.46
1796042700000000000,2026-11-30T12:45:00Z,controller 2,0,9.185,141.23,159.06,447.44,8.16,0.0,0.0,1,On,1440.01,965.26
1796042760000000000,2026-11-30T12:46:00Z,controller 1,0.044,9.165,77.76,252.05,388.56,8.19,0.01,100.0,2,On,1436.77,956.96
1796042820000000000,2026-11-30T12:47:00Z,controller 1,0.0,9.192,-7.93,330.65,369.23,8.22,0.0,0.0,2,On,1453.04,946.73
1796042880000000000,2026-11-30T12:48:00Z,controller 2,0.063,8.677,194.52,0.24,504.23,8.25,0.02,100.0,2,On,1404.44,918.46
1796042940000000000,2026-11-30T12:49:00Z,controller 2,0.022,8.707,137.4,392.5,565.04,8.29,0.0,0.0,3,On,1393.39,923.17
1796043000000000000,2026-11-30T12:50:00Z,free response,0.042,9.084,114.8,161.1,570.33,8.37,0.01,100.0,1,On,1378.8,946.0
1796043060000000000,2026-11-30T12:51:00Z,controller 1,0.084,8.633,159.05,89.27,521.13,8.39,0.03,100.0,1,On,1345.52,921.31
1796043120000000000,2026-11-30T12:52:00Z,free response,0,8.849,-25.56,193.29,595.7,8.45,0.0,0.0,3,On,1320.35,924.09
1796043180000000000,2026-11-30T12:53:00Z,controller 1,0.055,9.095,104.14,300.67,225.47,8.52,0.01,100.0,2,On,1155.71,335.32
1796043240000000000,2026-11-30T12:54:00Z,controller 2,0.004,9.178,85.65,408.58,3.86,8.58,0.0,0.0,1,On,1120.75,308.93
1796043300000000000,2026-11-30T12:55:00Z,controller 1,0.025,9.221,111.5,346.39,77.32,8.66,0.0,0.0,3,On,1166.88,337.54
1796043360000000000,2026-11-30T12:56:00Z,free response,0.0,9.106,48.87,64.11,19.52,8.73,0.0,0.0,2,On,1159.28,355.65
1796043420000000000,2026-11-30T12:57:00Z,controller 1,0.029,9.1,12.94,222.45,533.96,8.81,0.0,0.0,1,On,1140.18,374.91
1796043480000000000,2026-11-30T12:58:00Z,free response,0,8.677,51.5,314.45,81.41,8.9,0.0,0.0,2,On,1130.47,378.98
1796043540000000000,2026-11-30T12:59:00Z,controller 1,0.071,9.224,22.33,159.34,282.8,8.93,0.03,100.0,1,On,1090.78,359.97
1796043600000000000,2026-11-30T13:00:00Z,free response,1.162,2.598,31.15,227.35,260.3,8.97,1.74,100.0,3,On,1111.72,360.72
1796043660000000000,2026-11-30T13:01:00Z,controller 1,1.177,2.991,17.54,29.63,117.17,9.04,2.08,100.0,1,On,1126.92,359.61
1796043720000000000,2026-11-30T13:02:00Z,controller 1,1.168,2.993,125.85,340.91,282.54,9.09,1.89,100.0,1,On,1088.9,386.03
1796043780000000000,2026-11-30T13:03:00Z,controller 1,1.286,3.025,41.49,356.48,405.25,9.13,2.63,100.0,1,On,1087.75,384.84
1796043840000000000,2026-11-30T13:04:00Z,controller 2,1.198,2.852,25.96,31.47,404.11,9.17,2.23,100.0,3,On,1097.92,364.82
1796043900000000000,2026-11-30T13:05:00Z,free response,1.282,2.793,188.6,263.61,131.85,9.25,2.15,100.0,2,On,1084.56,392.02
1796043960000000000,2026-11-30T13:06:00Z,free response,1.16,2.981,61.7,425.63,149.77,9.29,2.19,100.0,2,On,1062.53,414.78
1796044020000000000,2026-11-30T13:07:00Z,free response,1.222,2.912,66.15,134.46,196.23,9.33,2.26,100.0,1,On,1107.81,400.55
1796044080000000000,2026-11-30T13:08:00Z,free response,1.276,2.678,84.62,280.55,564.79,9.38,2.17,100.0,2,On,1078.97,404.76
1796044140000000000,2026-11-30T13:09:00Z,free response,1.271,2.746,40.13,368.23,124.34,9.43,2.16,100.0,3,On,1126.65,420.09
1796044200000000000,2026-11-30T13:10:00Z,controller 1,1.307,2.51,80.85,87.68,268.15,9.51,2.36,100.0,1,On,1112.42,403.41
1796044260000000000,2026-11-30T13:11:00Z,free response,1.223,2.653,-12.45,426.73,446.65,9.56,1.87,100.0,2,On,1108.38,418.69
1796044320000000000,2026-11-30T13:12:00Z,controller 1,1.292,2.766,173.85,418.15,573.94,9.64,2.24,100.0,1,On,1114.29,393.9
1796044380000000000,2026-11-30T13:13:00Z,controller 1,1.244,2.975,192.15,139.36,114.61,9.72,2.16,100.0,2,On,1124.98,400.87
1796044440000000000,2026-11-30T13:14:00Z,controller 1,1.207,2.807,110.63,57.25,241.58,9.77,1.89,100.0,1,On,1104.65,391.3
1796044500000000000,2026-11-30T13:15:00Z,controller 2,1.265,2.653,85.62,230.65,536.55,9.81,2.06,100.0,2,On,1063.68,376.27
1796044560000000000,2026-11-30T13:16:00Z,controller 2,1.261,2.54,129.17,3.75,489.07,9.84,2.09,100.0,3,On,1032.3,400.29
1796044620000000000,2026-11-30T13:17:00Z,controller 1,1.229,2.762,64.26,145.29,338.82,9.93,2.26,100.0,1,On,758.4,794.9
1796044680000000000,2026-11-30T13:18:00Z,free response,1.29,3.251,43.84,83.56,40.23,9.98,2.57,100.0,3,On,797.1,780.79
1796044740000000000,2026-11-30T13:19:00Z,free response,1.185,2.784,82.09,130.95,466.36,10.02,2.02,100.0,2,On,796.19,766.42
1796044800000000000,2026-11-30T13:20:00Z,controller 1,1.166,3.008,32.0,387.69,368.15,10.08,2.13,100.0,1,On,795.79,761.69
1796044860000000000,2026-11-30T13:21:00Z,controller 1,1.304,2.676,82.9,197.54,185.93,10.17,2.48,100.0,2,On,615.66,516.22
1796044920000000000,2026-11-30T13:22:00Z,free response,1.316,2.556,103.42,391.08,146.48,10.2,2.24,100.0,1,On,583.36,541.97
1796044980000000000,2026-11-30T13:23:00Z,controller 2,1.269,3.202,123.04,192.02,537.2,10.26,2.44,100.0,3,On,594.37,554.34
1796045040000000000,2026-11-30T13:24:00Z,controller 2,1.302,2.55,181.34,38.73,491.03,10.29,2.14,100.0,2,On,596.51,572.32
1796045100000000000,2026-11-30T13:25:00Z,controller 2,1.27,2.709,27.62,245.16,594.24,10.35,2.4,100.0,2,On,644.73,574.11
1796045160000000000,2026-11-30T13:26:00Z,free response,1.276,3.0,113.1,7.48,22.35,10.39,2.56,100.0,3,On,1110.22,387.52
1796045220000000000,2026-11-30T13:27:00Z,free response,1.177,2.862,56.26,185.02,254.8,10.46,2.04,100.0,1,On,1112.1,382.88
1796045280000000000,2026-11-30T13:28:00Z,controller 2,1.172,2.908,39.94,324.91,593.59,10.5,2.15,100.0,1,On,1082.11,388.98
1796045340000000000,2026-11-30T13:29:00Z,controller 2,1.208,2.642,14.24,298.75,18.37,10.53,1.9,100.0,1,On,1090.68,414.18
1796045400000000000,2026-11-30T13:30:00Z,free response,1.856,5.004,137.91,395.51,377.5,10.56,8.94,100.0,3,On,1092.94,419.85
1796045460000000000,2026-11-30T13:31:00Z,controller 1,1.781,4.851,102.6,38.61,415.17,10.6,8.35,100.0,1,On,1096.71,414.58
1796045520000000000,2026-11-30T13:32:00Z,controller 1,1.885,5.476,112.6,49.99,214.14,10.67,8.93,100.0,2,On,1084.88,443.4
1796045580000000000,2026-11-30T13:33:00Z,controller 2,1.903,5.47,81.03,308.61,290.49,10.71,10.77,100.0,2,On,1061.43,467.14
1796045640000000000,2026-11-30T13:34:00Z,free response,1.78,5.179,52.74,370.16,585.95,10.74,7.93,100.0,2,On,1037.23,452.76
1796045700000000000,2026-11-30T13:35:00Z,controller 2,1.861,4.932,86.84,437.58,476.78,10.8,8.0,100.0,3,On,1021.4,440.6
1796045760000000000,2026-11-30T13:36:00Z,controller 1,1.764,5.256,182.61,121.91,368.65,10.79,8.94,100.0,1,On,1018.79,420.28
1796045820000000000,2026-11-30T13:37:00Z,controller 2,1.826,4.941,47.69,136.76,527.21,10.76,7.55,100.0,2,On,973.1,398.33
1796045880000000000,2026-11-30T13:38:00Z,controller 1,1.815,5.493,138.73,423.43,32.37,10.74,9.56,100.0,3,On,979.09,412.45
1796045940000000000,2026-11-30T13:39:00Z,controller 1,1.915,5.086,16.4,32.07,410.38,10.71,8.48,100.0,2,On,1008.53,415.59
1796046000000000000,2026-11-30T13:40:00Z,controller 1,1.776,5.221,115.64,394.53,120.08,10.68,8.14,100.0,3,On,977.37,402.25
1796046060000000000,2026-11-30T13:41:00Z,controller 1,1.848,4.905,120.57,266.56,450.47,10.66,8.77,100.0,1,On,971.16,374.5
1796046120000000000,2026-11-30T13:42:00Z,free response,1.871,5.376,106.1,164.28,284.79,10.64,9.7,100.0,3,On,982.94,384.57
1796046180000000000,2026-11-30T13:43:00Z,free response,1.764,5.33,146.4,251.4,325.65,10.64,8.86,100.0,1,On,969.09,394.68
1796046240000000000,2026-11-30T13:44:00Z,free response,1.76,5.559,110.61,372.16,404.55,10.61,8.24,100.0,3,On,970.52,389.76
1796046300000000000,2026-11-30T13:45:00Z,controller 1,1.767,5.409,81.71,366.34,23.51,10.58,8.39,100.0,1,On,1013.62,404.84
1796046360000000000,2026-11-30T13:46:00Z,controller 2,1.781,4.987,187.23,286.97,480.19,10.56,8.13,100.0,1,On,970.71,386.49
1796046420000000000,2026-11-30T13:47:00Z,free response,1.852,5.095,126.42,372.88,549.35,10.56,7.92,100.0,2,On,958.26,401.26
1796046480000000000,2026-11-30T13:48:00Z,controller 1,1.779,5.279,100.01,47.54,235.58,10.53,9.07,100.0,2,On,972.88,399.26
1796046540000000000,2026-11-30T13:49:00Z,free response,1.896,4.927,57.88,91.94,129.9,10.51,8.36,100.0,2,On,964.75,400.9
1796046600000000000,2026-11-30T13:50:00Z,controller 2,1.757,4.99,-27.53,310.26,352.18,10.49,7.99,100.0,1,On,662.4,689.04
1796046660000000000,2026-11-30T13:51:00Z,controller 1,1.775,5.575,121.3,366.68,10.08,10.46,8.79,100.0,3,On,622.71,688.83
1796046720000000000,2026-11-30T13:52:00Z,controller 1,1.858,4.878,108.48,8.84,151.94,10.44,8.14,100.0,1,On,630.72,697.25
1796046780000000000,2026-11-30T13:53:00Z,free response,1.774,5.134,194.39,170.7,430.61,10.41,7.57,100.0,1,On,585.99,687.61
1796046840000000000,2026-11-30T13:54:00Z,controller 1,1.867,5.253,75.68,84.26,82.19,10.39,9.09,100.0,2,On,985.23,480.55
1796046900000000000,2026-11-30T13:55:00Z,controller 2,1.892,5.421,66.74,442.17,553.0,10.37,8.81,100.0,1,On,1021.61,475.89
1796046960000000000,2026-11-30T13:56:00Z,free response,1.841,5.466,44.86,137.94,566.37,10.35,10.06,100.0,1,On,973.12,492.21
1796047020000000000,2026-11-30T13:57:00Z,controller 2,1.858,4.975,161.56,279.34,473.03,10.32,8.76,100.0,3,On,923.28,492.95
1796047080000000000,2026-11-30T13:58:00Z,controller 1,1.749,4.806,85.84,437.52,478.79,10.31,7.2,100.0,3,On,919.43,496.45
1796047140000000000,2026-11-30T13:59:00Z,controller 2,1.916,5.153,-13.49,53.87,519.83,10.28,9.1,100.0,2,On,951.08,493.75
1796047200000000000,2026-11-30T14:00:00Z,controller 2,2.055,2.021,65.43,365.51,127.73,10.27,4.25,100.0,1,On,919.02,466.56
1796047260000000000,2026-11-30T14:01:00Z,free response,2.073,1.945,19.96,31.01,121.04,10.25,4.57,100.0,2,On,934.55,476.1
1796047320000000000,2026-11-30T14:02:00Z,controller 1,2.041,1.94,130.16,262.23,579.93,10.24,4.28,100.0,3,On,924.03,498.06
1796047380000000000,2026-11-30T14:03:00Z,free response,2.06,2.202,39.9,65.95,289.33,10.22,4.42,100.0,1,On,970.84,507.63
1796047440000000000,2026-11-30T14:04:00Z,free response,2.164,2.386,125.54,397.83,469.48,10.2,5.09,100.0,3,On,974.05,490.14
1796047500000000000,2026-11-30T14:05:00Z,free response,2.185,2.354,-25.2,364.77,231.82,10.19,5.6,100.0,2,On,935.88,467.27
1796047560000000000,2026-11-30T14:06:00Z,controller 2,2.035,1.922,44.02,318.22,326.01,10.18,3.82,100.0,2,On,895.25,442.87
1796047620000000000,2026-11-30T14:07:00Z,free response,2.071,2.201,72.19,201.89,193.62,10.17,4.71,100.0,1,On,867.97,459.76
1796047680000000000,2026-11-30T14:08:00Z,controller 2,2.183,2.653,36.15,217.66,43.49,10.14,6.87,100.0,2,On,912.94,432.84
1796047740000000000,2026-11-30T14:09:00Z,controller 1,2.129,2.627,14.95,398.48,186.06,10.12,5.72,100.0,3,On,953.45,415.54
1796047800000000000,2026-11-30T14:10:00Z,free response,2.038,2.079,42.24,424.32,563.51,10.09,3.92,100.0,2,On,954.2,426.73
1796047860000000000,2026-11-30T14:11:00Z,controller 2,2.189,2.146,100.75,317.0,297.51,10.08,4.83,100.0,2,On,992.71,439.56
1796047920000000000,2026-11-30T14:12:00Z,free response,2.083,2.397,51.15,194.63,482.58,10.06,5.11,100.0,2,On,980.73,463.83
1796047980000000000,2026-11-30T14:13:00Z,controller 2,2.04,2.627,115.1,288.95,270.01,10.05,5.01,100.0,2,On,952.82,456.8
1796048040000000000,2026-11-30T14:14:00Z,controller 1,2.082,2.555,35.53,145.3,34.36,10.03,5.37,100.0,3,On,907.38,484.03
1796048100000000000,2026-11-30T14:15:00Z,free response,2.082,2.126,50.71,440.58,557.43,10.03,5.05,100.0,1,On,918.68,477.33
1796048160000000000,2026-11-30T14:16:00Z,free response,2.046,1.924,-18.74,54.76,362.96,10.01,3.72,100.0,3,On,907.34,494.56
1796048220000000000,2026-11-30T14:17:00Z,controller 2,2.175,2.266,129.87,65.41,427.47,9.97,5.05,100.0,1,On,934.78,491.36
1796048280000000000,2026-11-30T14:18:00Z,free response,2.15,2.283,15.22,257.34,166.68,9.96,5.32,100.0,1,On,976.66,499.48
1796048340000000000,2026-11-30T14:19:00Z,free response,2.172,2.575,25.03,292.74,282.31,9.95,5.55,100.0,3,On,660.56,718.57
1796048400000000000,2026-11-30T14:20:00Z,controller 2,2.112,2.1,34.54,262.87,203.24,9.94,5.13,100.0,3,On,705.78,707.74
1796048460000000000,2026-11-30T14:21:00Z,controller 1,2.088,1.985,-2.42,174.05,25.45,9.92,3.9,100.0,3,On,702.17,700.01
1796048520000000000,2026-11-30T14:22:00Z,free response,2.181,2.127,59.82,359.12,114.5,9.89,5.25,100.0,3,On,674.31,716.34
1796048580000000000,2026-11-30T14:23:00Z,controller 2,2.094,2.525,-3.89,72.03,560.3,9.88,5.27,100.0,1,On,708.54,698.13
1796048640000000000,2026-11-30T14:24:00Z,controller 2,2.095,2.162,124.59,347.05,228.36,9.86,4.41,100.0,3,On,709.21,715.97
1796048700000000000,2026-11-30T14:25:00Z,controller 2,2.131,2.539,196.76,363.0,459.72,9.83,6.21,100.0,1,On,698.28,711.66
1796048760000000000,2026-11-30T14:26:00Z,free response,2.067,1.952,172.56,57.2,413.58,9.8,4.24,100.0,1,On,668.0,739.56
1796048820000000000,2026-11-30T14:27:00Z,free response,2.161,2.197,14.07,407.08,571.95,9.78,4.97,100.0,2,On,673.71,730.45
1796048880000000000,2026-11-30T14:28:00Z,free response,2.144,2.228,83.07,98.55,50.81,9.76,5.2,100.0,2,On,699.72,742.95
1796048940000000000,2026-11-30T14:29:00Z,free response,2.07,2.464,113.71,176.75,204.47,9.74,5.73,100.0,2,On,743.41,761.2
1796049000000000000,2026-11-30T14:30:00Z,controller 2,2.375,13.408,161.57,394.81,477.2,9.72,41.0,100.0,3,On,770.65,784.42
1796049060000000000,2026-11-30T14:31:00Z,free response,2.241,13.792,87.07,409.31,126.77,9.7,31.69,100.0,3,On,626.14,577.09
1796049120000000000,2026-11-30T14:32:00Z,controller 2,2.304,13.646,83.27,148.65,294.08,9.69,38.8,100.0,1,On,583.41,598.43
1796049180000000000,2026-11-30T14:33:00Z,controller 2,2.35,13.162,121.33,213.31,77.22,9.67,35.14,100.0,3,On,623.4,613.19
1796049240000000000,2026-11-30T14:34:00Z,controller 2,2.325,13.81,175.41,28.05,454.57,9.66,36.48,100.0,3,On,1482.86,332.93
1796049300000000000,2026-11-30T14:35:00Z,controller 1,2.38,13.198,42.33,430.94,338.6,9.62,36.29,100.0,2,On,1481.2,351.26
1796049360000000000,2026-11-30T14:36:00Z,controller 2,2.32,13.329,11.08,327.16,152.9,9.61,35.27,100.0,1,On,1498.21,323.93
1796049420000000000,2026-11-30T14:37:00Z,controller 2,2.375,13.237,83.36,143.52,209.1,9.58,39.08,100.0,3,On,1492.18,324.76
1796049480000000000,2026-11-30T14:38:00Z,controller 1,2.221,13.794,135.88,29.05,384.08,9.56,31.39,100.0,2,On,1500.0,309.58
1796049540000000000,2026-11-30T14:39:00Z,controller 2,2.353,13.532,149.11,409.68,10.09,9.53,36.55,27.61,1,On,1500.0,310.96
1796049600000000000,2026-11-30T14:40:00Z,controller 1,2.253,13.202,125.59,370.3,491.39,9.51,34.55,100.0,2,On,1500.0,334.88
1796049660000000000,2026-11-30T14:41:00Z,controller 2,2.292,13.389,134.07,255.53,495.92,9.48,38.54,100.0,2,On,1500.0,312.7
1796049720000000000,2026-11-30T14:42:00Z,controller 1,2.353,13.062,191.93,162.13,242.37,9.48,37.19,100.0,2,On,1500.0,287.94
1796049780000000000,2026-11-30T14:43:00Z,controller 2,2.312,13.46,-15.49,205.12,175.81,9.45,37.65,100.0,1,On,1500.0,265.11
1796049840000000000,2026-11-30T14:44:00Z,controller 2,2.295,13.132,199.77,83.71,391.82,9.43,36.56,100.0,2,On,1500.0,289.88
1796049900000000000,2026-11-30T14:45:00Z,controller 1,2.373,13.503,95.71,386.84,41.59,9.42,35.96,100.0,2,On,1500.0,273.91
1796049960000000000,2026-11-30T14:46:00Z,free response,2.224,13.302,148.46,12.86,355.16,9.41,36.18,100.0,2,On,1469.33,294.02
1796050020000000000,2026-11-30T14:47:00Z,controller 2,2.327,13.727,133.0,30.68,33.18,9.39,36.82,90.11,3,On,1453.9,274.52
1796050080000000000,2026-11-30T14:48:00Z,free response,2.302,13.662,165.11,17.39,253.77,9.36,38.19,100.0,3,On,1416.44,282.04
1796050140000000000,2026-11-30T14:49:00Z,controller 2,2.357,13.238,129.3,291.44,473.41,9.35,40.07,100.0,3,On,1443.71,256.05
1796050200000000000,2026-11-30T14:50:00Z,controller 2,2.32,13.149,133.35,244.42,146.08,9.34,35.67,100.0,3,On,1449.87,272.54
1796050260000000000,2026-11-30T14:51:00Z,free response,2.34,13.633,150.26,92.0,451.29,9.31,41.0,100.0,1,On,1499.74,265.35
1796050320000000000,2026-11-30T14:52:00Z,free response,2.216,13.364,133.03,263.57,86.9,9.28,30.8,100.0,1,On,1500.0,257.19
1796050380000000000,2026-11-30T14:53:00Z,controller 1,2.364,13.059,24.39,206.17,281.66,9.27,36.04,100.0,3,On,1500.0,257.78
1796050440000000000,2026-11-30T14:54:00Z,controller 1,2.33,13.583,66.7,52.94,225.97,9.24,38.52,100.0,2,On,1469.85,418.63
1796050500000000000,2026-11-30T14:55:00Z,controller 2,2.226,13.611,26.05,177.81,481.5,9.21,32.94,100.0,1,On,1423.76,440.39
1796050560000000000,2026-11-30T14:56:00Z,controller 1,2.253,13.826,8.46,371.66,279.64,9.19,34.07,100.0,3,On,1425.37,448.38
1796050620000000000,2026-11-30T14:57:00Z,controller 1,2.267,13.694,81.66,279.37,400.18,9.16,37.6,100.0,3,On,1400.83,473.11
1796050680000000000,2026-11-30T14:58:00Z,controller 2,2.248,13.476,101.33,244.5,446.97,9.14,33.35,100.0,2,On,1439.21,475.54
1796050740000000000,2026-11-30T14:59:00Z,free response,2.38,13.823,156.94,170.67,323.22,9.13,43.04,100.0,2,On,1457.31,493.93
1796050800000000000,2026-11-30T15:00:00Z,controller 1,0.853,12.854,146.29,169.15,152.28,9.1,5.05,100.0,2,On,1479.39,502.5
1796050860000000000,2026-11-30T15:01:00Z,free response,0.988,12.968,74.09,359.43,190.43,9.07,5.95,100.0,3,On,1500.0,517.62
1796050920000000000,2026-11-30T15:02:00Z,controller 2,0.922,12.983,166.45,137.18,491.26,9.04,5.4,100.0,1,On,1500.0,496.96
1796050980000000000,2026-11-30T15:03:00Z,controller 2,1.007,12.565,8.37,391.84,52.49,9.03,6.86,100.0,3,On,1490.75,476.09
1796051040000000000,2026-11-30T15:04:00Z,free response,0.986,12.996,20.96,117.31,429.08,9.01,6.92,100.0,2,On,1461.22,497.51
1796051100000000000,2026-11-30T15:05:00Z,controller 2,0.952,12.711,170.48,176.78,26.18,8.99,5.66,100.0,1,On,1494.73,490.17
1796051160000000000,2026-11-30T15:06:00Z,controller 1,0.922,12.873,188.41,29.66,594.39,8.96,5.78,100.0,2,On,1470.79,517.95
1796051220000000000,2026-11-30T15:07:00Z,free response,0.963,12.401,-28.39,443.18,344.65,8.93,5.99,100.0,1,On,1429.87,530.27
1796051280000000000,2026-11-30T15:08:00Z,controller 1,0.98,12.819,27.84,72.82,238.46,8.92,6.35,100.0,2,On,1443.35,522.05
1796051340000000000,2026-11-30T15:09:00Z,controller 2,0.903,12.489,94.28,89.79,404.65,8.9,5.31,100.0,2,On,1405.68,493.89
1796051400000000000,2026-11-30T15:10:00Z,free response,0.979,12.607,148.57,120.85,392.56,8.88,5.6,100.0,1,On,1366.33,472.76
1796051460000000000,2026-11-30T15:11:00Z,controller 1,0.898,12.483,108.24,280.21,295.15,8.85,5.28,100.0,1,On,1332.74,467.38
1796051520000000000,2026-11-30T15:12:00Z,controller 1,0.881,12.369,153.58,438.38,236.04,8.85,4.69,100.0,1,Starting,1370.26,486.13
1796051580000000000,2026-11-30T15:13:00Z,free response,0.915,12.417,111.4,36.4,149.66,8.82,5.04,100.0,1,Starting,1396.71,470.43
1796051640000000000,2026-11-30T15:14:00Z,free response,1.009,13.032,192.52,346.93,412.61,8.82,6.61,100.0,3,Starting,1433.49,460.88
1796051700000000000,2026-11-30T15:15:00Z,controller 2,0.903,12.329,67.73,23.41,120.77,8.8,4.85,100.0,2,Starting,1414.72,460.31
1796051760000000000,2026-11-30T15:16:00Z,controller 2,1.011,13.075,69.97,242.94,323.12,8.78,6.36,100.0,1,Starting,1388.13,455.91
1796051820000000000,2026-11-30T15:17:00Z,free response,0.993,13.003,4.85,349.53,147.39,8.76,6.44,100.0,2,Starting,1409.63,434.12
1796051880000000000,2026-11-30T15:18:00Z,controller 1,1.03,12.722,74.98,400.1,374.06,8.74,6.77,100.0,1,Starting,1431.4,418.48
1796051940000000000,2026-11-30T15:19:00Z,controller 1,0.864,12.886,99.23,88.93,562.58,8.71,4.78,100.0,3,Starting,1458.5,420.38
1796052000000000000,2026-11-30T15:20:00Z,controller 1,0.909,12.528,148.52,181.32,278.24,8.69,4.66,100.0,2,Starting,1494.19,405.1
1796052060000000000,2026-11-30T15:21:00Z,controller 2,0.89,12.702,152.0,321.33,246.85,8.66,4.53,100.0,2,Starting,1500.0,416.03
1796052120000000000,2026-11-30T15:22:00Z,controller 1,0.866,12.701,134.82,259.61,172.87,8.62,5.15,100.0,3,Starting,1471.69,418.91
1796052180000000000,2026-11-30T15:23:00Z,controller 1,0.913,12.572,114.38,251.91,548.83,8.61,5.46,100.0,1,Starting,1461.2,441.11
1796052240000000000,2026-11-30T15:24:00Z,controller 1,0.94,12.676,59.11,407.95,411.52,8.58,5.92,100.0,1,Starting,1481.97,468.68
1796052300000000000,2026-11-30T15:25:00Z,controller 2,0.936,13.02,-19.16,267.78,303.9,8.57,5.75,100.0,2,Starting,1489.45,451.17
1796052360000000000,2026-11-30T15:26:00Z,free response,1.03,12.846,52.92,6.38,203.18,8.63,6.64,100.0,2,Starting,1440.76,446.9
1796052420000000000,2026-11-30T15:27:00Z,controller 2,0.878,12.39,41.23,61.01,315.03,8.72,4.32,100.0,2,Starting,1458.09,475.62
1796052480000000000,2026-11-30T15:28:00Z,controller 1,0.895,12.673,166.47,218.75,164.98,8.75,5.49,100.0,2,Starting,1469.25,477.67
1796052540000000000,2026-11-30T15:29:00Z,free response,0.914,12.445,199.36,84.3,89.5,8.81,5.05,100.0,1,Starting,1500.0,482.28
1796052600000000000,2026-11-30T15:30:00Z,free response,1.681,6.284,68.27,287.77,580.25,8.86,9.72,100.0,1,Starting,1500.0,456.72
1796052660000000000,2026-11-30T15:31:00Z,controller 2,1.819,7.032,27.57,260.75,47.16,8.93,12.38,100.0,3,Starting,1500.0,444.81
1796052720000000000,2026-11-30T15:32:00Z,free response,1.708,6.396,153.62,229.42,242.45,8.97,10.08,100.0,1,Starting,1500.0,427.63
1796052780000000000,2026-11-30T15:33:00Z,controller 1,1.69,6.531,-18.24,398.26,393.86,9.01,9.26,100.0,3,Starting,1500.0,429.48
1796052840000000000,2026-11-30T15:34:00Z,free response,1.698,6.39,26.59,259.01,263.08,9.06,9.1,100.0,3,Starting,1500.0,432.21
1796052900000000000,2026-11-30T15:35:00Z,controller 2,1.735,6.546,146.99,295.88,178.54,9.13,9.59,100.0,3,Starting,1500.0,429.45
1796052960000000000,2026-11-30T15:36:00Z,controller 1,1.767,6.786,10.33,41.46,499.27,9.17,10.82,100.0,3,Starting,1472.27,448.91
1796053020000000000,2026-11-30T15:37:00Z,controller 1,1.706,6.713,-6.61,199.12,366.83,9.23,9.52,100.0,1,Starting,1489.54,475.32
1796053080000000000,2026-11-30T15:38:00Z,free response,1.83,6.495,35.72,298.65,284.67,9.28,10.71,100.0,2,Starting,1500.0,472.45
1796053140000000000,2026-11-30T15:39:00Z,free response,1.72,6.695,76.46,343.33,17.58,9.34,10.01,100.0,3,Starting,1500.0,495.94
1796053200000000000,2026-11-30T15:40:00Z,free response,1.677,6.416,-1.0,125.44,497.15,9.42,9.31,100.0,1,Starting,1487.29,474.38
1796053260000000000,2026-11-30T15:41:00Z,free response,1.739,6.488,81.74,130.22,24.53,9.49,10.48,100.0,2,Starting,1224.05,482.14
1796053320000000000,2026-11-30T15:42:00Z,controller 2,1.772,6.341,28.63,260.86,466.54,9.57,10.74,100.0,1,Starting,1177.05,474.29
1796053380000000000,2026-11-30T15:43:00Z,controller 2,1.815,6.563,143.56,229.59,305.76,9.62,10.95,100.0,1,Starting,1128.89,490.02
1796053440000000000,2026-11-30T15:44:00Z,controller 2,1.809,6.927,27.06,224.14,521.14,9.69,10.64,100.0,2,Starting,1154.43,514.58
1796053500000000000,2026-11-30T15:45:00Z,controller 2,1.739,6.263,64.12,200.94,352.25,9.74,9.1,100.0,2,Starting,1199.9,508.3
1796053560000000000,2026-11-30T15:46:00Z,free response,1.788,6.532,92.29,271.33,145.22,9.83,10.99,100.0,3,Starting,1221.12,490.72
1796053620000000000,2026-11-30T15:47:00Z,controller 2,1.68,6.625,145.59,102.04,275.11,9.91,9.14,100.0,1,Starting,1236.19,511.41
1796053680000000000,2026-11-30T15:48:00Z,controller 2,1.686,6.951,73.79,399.03,156.29,9.99,10.24,100.0,3,Starting,1229.55,502.1
1796053740000000000,2026-11-30T15:49:00Z,free response,1.681,6.659,82.86,210.07,451.97,10.02,8.7,100.0,1,Starting,1217.83,523.44
1796053800000000000,2026-11-30T15:50:00Z,free response,1.764,6.385,77.61,329.6,453.08,10.1,10.0,100.0,1,Starting,1225.88,552.2
1796053860000000000,2026-11-30T15:51:00Z,controller 1,1.82,6.32,131.83,382.66,113.45,10.19,10.86,100.0,1,Starting,1249.61,544.61
1796053920000000000,2026-11-30T15:52:00Z,controller 1,1.84,6.789,183.06,197.22,38.31,10.25,12.54,100.0,3,Starting,1253.37,538.15
1796053980000000000,2026-11-30T15:53:00Z,controller 1,1.712,6.814,79.35,265.43,478.92,10.28,9.72,100.0,3,Starting,1249.65,548.69
1796054040000000000,2026-11-30T15:54:00Z,controller 1,1.77,6.922,80.17,320.63,373.41,10.36,11.29,100.0,2,Starting,1270.2,535.78
1796054100000000000,2026-11-30T15:55:00Z,controller 1,1.787,6.783,63.22,61.51,145.04,10.41,10.85,100.0,2,Starting,1309.17,561.68
1796054160000000000,2026-11-30T15:56:00Z,controller 2,1.83,6.864,22.81,167.16,521.24,10.44,10.67,100.0,2,Starting,1337.68,577.38
1796054220000000000,2026-11-30T15:57:00Z,controller 1,1.717,6.969,76.2,209.98,291.38,10.48,9.43,100.0,3,Starting,919.61,853.58
1796054280000000000,2026-11-30T15:58:00Z,controller 2,1.711,6.922,152.36,215.55,204.68,10.54,10.14,100.0,2,Starting,961.98,855.17
1796054340000000000,2026-11-30T15:59:00Z,controller 2,1.8,6.601,66.9,10.84,511.35,10.57,9.66,100.0,3,Starting,983.89,839.42
1796054400000000000,2026-11-30T16:00:00Z,controller 2,2.085,9.915,166.14,361.22,169.98,10.63,22.53,100.0,2,Starting,1010.92,837.72
1796054460000000000,2026-11-30T16:01:00Z,free response,2.01,10.042,185.34,385.41,389.31,10.72,20.18,100.0,1,Starting,969.84,817.82
1796054520000000000,2026-11-30T16:02:00Z,controller 2,1.954,10.191,-9.62,431.14,124.69,10.76,19.27,100.0,1,Starting,948.95,802.56
1796054580000000000,2026-11-30T16:03:00Z,controller 2,1.989,10.402,55.47,190.98,209.42,10.84,21.12,100.0,1,Starting,903.13,791.12
1796054640000000000,2026-11-30T16:04:00Z,controller 2,1.937,10.469,28.5,310.83,481.77,10.88,18.85,100.0,2,Starting,922.38,772.22
1796054700000000000,2026-11-30T16:05:00Z,controller 2,2.015,10.521,37.8,356.8,291.86,10.97,21.66,100.0,1,Starting,961.61,789.94
1796054760000000000,2026-11-30T16:06:00Z,controller 2,2.034,10.197,69.23,26.23,5.53,11.05,23.0,24.04,3,Starting,959.4,763.57
1796054820000000000,2026-11-30T16:07:00Z,controller 1,1.967,10.102,72.46,118.65,63.33,11.14,19.53,100.0,3,Starting,985.7,779.59
1796054880000000000,2026-11-30T16:08:00Z,free response,2.032,10.17,173.7,24.35,234.11,11.22,21.25,100.0,3,Starting,983.15,771.25
1796054940000000000,2026-11-30T16:09:00Z,controller 1,1.978,9.939,37.19,186.18,84.45,11.28,20.95,100.0,1,Starting,973.99,789.64
1796055000000000000,2026-11-30T16:10:00Z,controller 1,1.975,10.281,19.71,208.74,352.55,11.36,20.14,100.0,2,Starting,1015.46,764.79
1796055060000000000,2026-11-30T16:11:00Z,free response,1.957,10.152,47.54,105.43,10.52,11.43,19.25,54.65,2,Starting,1026.12,785.65
1796055120000000000,2026-11-30T16:12:00Z,controller 2,1.918,10.556,-20.22,108.05,510.68,11.5,19.86,100.0,2,Starting,1057.17,811.37
1796055180000000000,2026-11-30T16:13:00Z,controller 2,1.95,10.389,84.82,28.4,581.07,11.57,21.27,100.0,1,Starting,1068.12,834.37
1796055240000000000,2026-11-30T16:14:00Z,controller 2,1.966,10.044,55.39,443.53,253.86,11.62,18.02,100.0,3,Starting,1018.87,847.88
1796055300000000000,2026-11-30T16:15:00Z,free response,1.931,9.889,120.59,59.24,162.92,11.66,17.79,100.0,2,Starting,979.03,864.93
1796055360000000000,2026-11-30T16:16:00Z,controller 1,1.964,9.911,175.89,144.32,205.75,11.74,17.43,100.0,3,Starting,982.67,866.83
1796055420000000000,2026-11-30T16:17:00Z,free response,1.932,9.812,162.67,428.51,259.51,11.82,19.28,100.0,3,Starting,1003.0,893.02
1796055480000000000,2026-11-30T16:18:00Z,controller 1,2.094,10.542,87.81,347.31,303.37,11.86,23.95,100.0,3,Starting,990.95,912.16
1796055540000000000,2026-11-30T16:19:00Z,controller 2,2.09,10.306,123.2,31.23,291.8,11.89,20.39,100.0,2,Starting,1040.24,916.78
1796055600000000000,2026-11-30T16:20:00Z,free response,2.092,9.863,2.39,92.26,555.65,11.94,21.14,100.0,3,Starting,1067.01,938.95
1796055660000000000,2026-11-30T16:21:00Z,controller 1,2.049,9.826,138.7,353.42,297.91,12.03,19.97,100.0,3,Starting,1089.79,933.94
1796055720000000000,2026-11-30T16:22:00Z,controller 1,1.937,10.491,103.23,408.44,295.19,12.11,19.37,100.0,3,Starting,1077.77,940.52
1796055780000000000,2026-11-30T16:23:00Z,free response,1.917,9.899,199.72,51.34,274.93,12.2,19.62,100.0,1,Starting,1032.61,928.91
1796055840000000000,2026-11-30T16:24:00Z,controller 1,2.051,10.23,22.98,164.43,266.99,12.23,22.17,100.0,2,Starting,1027.84,920.38
1796055900000000000,2026-11-30T16:25:00Z,free response,1.999,10.503,30.66,439.15,136.87,12.31,20.75,100.0,2,Starting,1057.06,935.3
1796055960000000000,2026-11-30T16:26:00Z,controller 2,1.979,10.49,100.73,444.02,67.24,12.35,21.37,100.0,2,Starting,1084.83,932.92
1796056020000000000,2026-11-30T16:27:00Z,controller 1,2.094,10.074,159.44,133.93,20.79,12.43,22.93,90.67,2,Starting,1099.26,908.45
1796056080000000000,2026-11-30T16:28:00Z,controller 2,2.089,10.296,79.14,320.63,322.79,12.47,22.36,100.0,2,Starting,1073.61,936.05
1796056140000000000,2026-11-30T16:29:00Z,controller 2,1.973,10.434,167.18,391.63,345.11,12.53,22.15,100.0,3,Starting,1024.85,936.19
1796056200000000000,2026-11-30T16:30:00Z,free response,1.89,8.982,144.18,38.52,308.59,12.59,15.4,100.0,1,Starting,975.57,935.73
1796056260000000000,2026-11-30T16:31:00Z,controller 2,1.771,8.841,-29.92,368.62,360.14,12.68,15.23,100.0,1,Starting,974.35,924.67
1796056320000000000,2026-11-30T16:32:00Z,controller 2,1.782,9.509,75.72,243.24,264.25,12.71,15.99,100.0,3,Starting,1014.68,915.78
1796056380000000000,2026-11-30T16:33:00Z,controller 2,1.766,8.846,102.04,408.35,156.48,12.78,12.95,100.0,3,Starting,972.94,906.22
1796056440000000000,2026-11-30T16:34:00Z,controller 1,1.839,9.566,17.01,45.31,36.38,12.84,16.05,100.0,2,Starting,939.95,893.8
1796056500000000000,2026-11-30T16:35:00Z,controller 1,1.921,9.144,28.93,289.12,283.04,12.92,17.62,100.0,1,Starting,963.33,902.72
1796056560000000000,2026-11-30T16:36:00Z,free response,1.87,8.826,66.05,350.63,225.66,12.98,15.62,100.0,1,Starting,916.1,930.43
1796056620000000000,2026-11-30T16:37:00Z,free response,1.837,9.384,19.01,115.92,389.95,13.02,17.33,100.0,3,Starting,915.64,912.41
1796056680000000000,2026-11-30T16:38:00Z,controller 1,1.794,8.899,87.32,12.89,87.68,13.1,15.45,100.0,1,Starting,937.12,907.18
1796056740000000000,2026-11-30T16:39:00Z,free response,1.889,9.012,78.04,2.25,5.09,13.14,16.13,31.56,3,Starting,957.1,926.66
1796056800000000000,2026-11-30T16:40:00Z,free response,1.806,9.386,163.81,436.26,214.16,13.18,15.75,100.0,2,Starting,991.44,953.02
1796056860000000000,2026-11-30T16:41:00Z,free response,1.839,9.327,130.1,344.78,57.94,13.22,16.24,100.0,3,Starting,978.14,955.67
1796056920000000000,2026-11-30T16:42:00Z,free response,1.853,8.839,148.31,370.96,447.59,13.31,15.2,100.0,2,Starting,937.9,941.64
1796056980000000000,2026-11-30T16:43:00Z,controller 2,1.859,8.97,-24.32,157.97,485.48,13.38,14.85,100.0,1,Starting,937.11,923.64
1796057040000000000,2026-11-30T16:44:00Z,free response,1.747,9.063,197.72,243.49,216.36,13.43,14.33,100.0,3,Starting,940.75,897.36
1796057100000000000,2026-11-30T16:45:00Z,controller 1,1.88,9.149,185.08,165.47,221.55,13.5,15.13,100.0,2,Starting,907.13,878.35
1796057160000000000,2026-11-30T16:46:00Z,free response,1.802,9.291,138.57,40.97,240.83,13.54,15.94,100.0,1,Starting,864.5,895.69
1796057220000000000,2026-11-30T16:47:00Z,free response,1.823,9.064,-6.65,39.04,64.96,13.59,14.65,100.0,1,Starting,871.04,912.91
1796057280000000000,2026-11-30T16:48:00Z,free response,1.917,8.829,19.34,161.36,292.66,13.65,16.69,100.0,1,Off,839.21,897.97
1796057340000000000,2026-11-30T16:49:00Z,controller 2,1.82,9.436,185.0,209.84,530.31,13.7,15.33,100.0,2,Off,829.54,904.57
1796057400000000000,2026-11-30T16:50:00Z,controller 1,1.779,9.41,-11.84,191.13,514.93,13.76,14.63,100.0,1,Off,797.36,907.66
1796057460000000000,2026-11-30T16:51:00Z,controller 1,1.795,9.33,83.53,270.81,477.04,13.79,16.04,100.0,2,Off,762.35,897.1
1796057520000000000,2026-11-30T16:52:00Z,controller 2,1.894,9.003,118.29,275.74,211.49,13.84,15.21,100.0,2,Off,756.84,895.55
1796057580000000000,2026-11-30T16:53:00Z,free response,1.8,9.072,152.12,274.25,200.51,13.9,15.54,100.0,1,Off,735.6,892.27
1796057640000000000,2026-11-30T16:54:00Z,controller 1,1.855,8.908,178.94,368.33,384.36,13.98,14.71,100.0,1,Off,702.0,863.66
1796057700000000000,2026-11-30T16:55:00Z,controller 1,1.83,8.974,45.37,259.16,259.69,14.02,13.91,100.0,3,Off,747.84,847.36
1796057760000000000,2026-11-30T16:56:00Z,controller 1,1.756,9.478,8.84,89.99,331.5,14.07,14.96,100.0,2,Off,795.29,822.87
1796057820000000000,2026-11-30T16:57:00Z,controller 2,1.876,9.173,98.7,380.43,352.62,14.15,15.3,100.0,2,Off,792.75,837.37
1796057880000000000,2026-11-30T16:58:00Z,free response,1.787,9.113,116.47,413.29,180.65,14.18,13.38,100.0,1,Off,786.33,849.42
1796057940000000000,2026-11-30T16:59:00Z,controller 1,1.812,9.156,33.39,181.72,120.72,14.21,16.48,100.0,1,Off,760.34,872.91
1796058000000000000,2026-11-30T17:00:00Z,controller 1,2.802,10.836,19.64,125.32,277.81,14.24,42.01,100.0,1,Off,719.78,895.33
1796058060000000000,2026-11-30T17:01:00Z,controller 1,2.87,10.637,12.37,371.93,112.95,14.3,41.72,100.0,2,Off,755.48,891.0
1796058120000000000,2026-11-30T17:02:00Z,controller 1,2.913,10.782,-10.65,337.52,363.69,14.34,45.07,100.0,3,Off,711.5,881.66
1796058180000000000,2026-11-30T17:03:00Z,controller 2,2.958,10.883,13.01,113.62,450.34,14.37,47.58,100.0,2,Off,760.41,535.59
1796058240000000000,2026-11-30T17:04:00Z,free response,2.818,10.339,87.54,44.72,305.77,14.41,40.44,100.0,1,Off,1371.87,682.76
1796058300000000000,2026-11-30T17:05:00Z,controller 2,2.879,10.299,-6.6,104.73,501.09,14.44,46.67,100.0,1,Off,1383.66,686.91
1796058360000000000,2026-11-30T17:06:00Z,free response,2.836,10.434,5.11,325.2,74.13,14.51,38.11,100.0,2,Off,1383.13,686.47
1796058420000000000,2026-11-30T17:07:00Z,free response,2.909,10.289,67.62,447.11,589.78,14.57,42.92,100.0,1,Off,1422.5,703.32
1796058480000000000,2026-11-30T17:08:00Z,controller 1,2.866,10.898,162.8,335.61,475.81,14.6,40.59,100.0,2,Off,1410.49,685.35
1796058540000000000,2026-11-30T17:09:00Z,free response,2.874,10.934,161.88,329.54,356.84,14.63,45.9,100.0,3,Off,1441.42,707.9
1796058600000000000,2026-11-30T17:10:00Z,controller 1,2.965,10.305,180.15,262.24,511.96,14.69,45.87,100.0,2,Off,1397.62,698.82
1796058660000000000,2026-11-30T17:11:00Z,free response,2.83,10.595,171.32,423.69,454.66,14.74,42.03,100.0,2,Off,1379.5,703.65
1796058720000000000,2026-11-30T17:12:00Z,controller 2,2.947,10.495,79.37,325.4,223.72,14.81,41.1,100.0,3,Off,1409.55,704.65
1796058780000000000,2026-11-30T17:13:00Z,controller 2,2.859,10.275,89.15,142.99,317.66,14.84,38.53,100.0,2,Off,1409.6,702.67
1796058840000000000,2026-11-30T17:14:00Z,controller 2,2.793,10.309,151.27,214.77,439.88,14.88,38.82,100.0,3,Off,1385.55,677.16
1796058900000000000,2026-11-30T17:15:00Z,controller 1,2.888,10.479,17.87,187.83,383.25,14.95,42.65,100.0,2,Off,1344.48,649.29
1796058960000000000,2026-11-30T17:16:00Z,free response,2.893,11.008,-22.2,342.81,546.66,14.99,47.24,100.0,3,Off,1347.13,623.02
1796059020000000000,2026-11-30T17:17:00Z,free response,2.875,10.946,145.85,271.2,16.06,15.05,41.47,38.73,2,Off,1388.72,611.6
1796059080000000000,2026-11-30T17:18:00Z,controller 2,2.92,10.364,73.93,74.08,168.06,15.09,47.08,100.0,2,Off,1400.42,633.43
1796059140000000000,2026-11-30T17:19:00Z,free response,2.813,10.613,-23.87,264.22,451.22,15.16,38.85,100.0,1,Off,1361.56,630.65
1796059200000000000,2026-11-30T17:20:00Z,controller 1,2.822,10.381,157.22,140.47,122.35,15.22,42.7,100.0,3,Off,1404.81,624.42
1796059260000000000,2026-11-30T17:21:00Z,controller 1,2.884,10.316,108.17,255.01,488.78,15.28,40.84,100.0,1,Off,1423.44,640.11
1796059320000000000,2026-11-30T17:22:00Z,controller 1,2.823,10.685,92.39,298.15,101.98,15.36,46.57,100.0,1,Off,1428.26,649.12
1796059380000000000,2026-11-30T17:23:00Z,controller 2,2.902,10.712,54.52,31.37,216.95,15.44,43.63,100.0,3,Off,1442.7,640.96
1796059440000000000,2026-11-30T17:24:00Z,free response,2.917,10.418,64.78,319.17,555.21,15.51,41.57,100.0,3,Off,1429.71,615.73
1796059500000000000,2026-11-30T17:25:00Z,controller 1,2.846,10.558,188.86,211.67,469.46,15.58,41.24,100.0,2,Off,1289.98,442.3
1796059560000000000,2026-11-30T17:26:00Z,controller 1,2.834,10.697,87.54,324.39,94.54,15.65,40.35,100.0,3,Off,1255.75,416.87
1796059620000000000,2026-11-30T17:27:00Z,controller 1,2.854,10.686,179.27,350.95,326.13,15.71,43.69,100.0,3,Off,1275.44,388.09
1796059680000000000,2026-11-30T17:28:00Z,controller 1,2.934,10.837,24.11,251.9,333.46,15.75,48.14,100.0,3,Off,1272.37,380.9
1796059740000000000,2026-11-30T17:29:00Z,controller 1,2.931,10.89,-8.02,135.56,343.18,15.82,47.44,100.0,3,Off,1283.67,367.27
1796059800000000000,2026-11-30T17:30:00Z,controller 2,2.069,7.447,47.6,70.44,202.64,15.87,14.61,100.0,1,Off,1259.53,385.72
1796059860000000000,2026-11-30T17:31:00Z,free response,1.917,7.688,158.81,86.59,284.88,15.91,12.91,100.0,2,Off,1259.9,357.26
1796059920000000000,2026-11-30T17:32:00Z,controller 1,2.064,7.682,185.43,136.03,525.03,15.98,16.35,100.0,1,Off,1238.35,350.8
1796059980000000000,2026-11-30T17:33:00Z,controller 1,2.059,7.574,187.96,102.57,77.86,16.06,15.31,100.0,1,Off,1248.35,371.67
1796060040000000000,2026-11-30T17:34:00Z,controller 1,1.905,7.693,-3.29,286.85,449.73,16.15,12.6,100.0,2,Off,1199.55,352.6
1796060100000000000,2026-11-30T17:35:00Z,controller 2,2.021,7.818,121.17,444.98,488.78,16.19,16.2,100.0,3,Off,1149.86,366.14
1796060160000000000,2026-11-30T17:36:00Z,controller 1,2.044,7.469,43.2,197.61,539.36,16.26,14.23,100.0,2,Off,1121.98,339.09
1796060220000000000,2026-11-30T17:37:00Z,controller 2,1.953,7.15,-16.18,144.06,200.28,16.35,13.91,100.0,2,Off,1131.56,336.0
1796060280000000000,2026-11-30T17:38:00Z,free response,1.973,7.227,107.54,90.84,523.0,16.41,13.9,100.0,3,Off,1156.38,336.92
1796060340000000000,2026-11-30T17:39:00Z,free response,1.908,7.472,88.3,375.87,567.69,16.47,14.76,100.0,3,Off,1140.25,316.53
1796060400000000000,2026-11-30T17:40:00Z,controller 1,1.961,7.201,20.72,239.79,190.8,16.5,14.22,100.0,3,Off,1115.52,304.69
1796060460000000000,2026-11-30T17:41:00Z,controller 2,2.014,7.772,15.63,316.59,330.45,16.56,17.04,100.0,2,Off,1089.39,327.69
1796060520000000000,2026-11-30T17:42:00Z,free response,2.059,7.534,178.45,372.48,589.49,16.61,16.4,100.0,1,Off,531.0,542.73
1796060580000000000,2026-11-30T17:43:00Z,controller 1,1.998,7.25,-20.92,148.36,191.56,16.7,15.89,100.0,1,Off,545.05,548.87
1796060640000000000,2026-11-30T17:44:00Z,free response,2.031,7.257,73.07,157.99,266.58,16.74,15.5,100.0,2,Off,503.03,524.18
1796060700000000000,2026-11-30T17:45:00Z,controller 2,1.977,7.088,124.09,50.93,326.16,16.81,13.83,100.0,3,Off,455.77,552.34
1796060760000000000,2026-11-30T17:46:00Z,free response,1.97,7.604,48.73,37.12,23.97,16.87,15.25,100.0,2,Off,408.36,536.41
1796060820000000000,2026-11-30T17:47:00Z,controller 1,1.93,7.502,141.73,299.14,510.97,16.93,15.14,100.0,3,Off,450.39,547.38
1796060880000000000,2026-11-30T17:48:00Z,controller 2,1.949,7.087,80.91,353.93,17.08,16.9,14.73,100.0,3,Off,482.66,522.0
1796060940000000000,2026-11-30T17:49:00Z,controller 1,2.072,7.14,192.9,97.3,597.11,16.88,14.97,100.0,2,Off,478.41,529.66
1796061000000000000,2026-11-30T17:50:00Z,controller 1,1.978,7.094,150.31,274.07,101.66,16.87,13.76,100.0,3,Off,432.99,535.65
1796061060000000000,2026-11-30T17:51:00Z,controller 1,1.938,7.311,93.73,128.9,597.46,16.86,12.47,100.0,1,Off,418.59,524.2
1796061120000000000,2026-11-30T17:52:00Z,controller 2,1.96,7.391,156.72,284.3,234.66,16.83,14.71,100.0,3,Off,415.77,499.78
1796061180000000000,2026-11-30T17:53:00Z,free response,1.916,7.398,1.25,307.39,137.67,16.81,14.74,100.0,3,Off,372.84,480.78
1796061240000000000,2026-11-30T17:54:00Z,free response,1.923,7.826,110.85,232.8,73.74,16.79,13.04,100.0,1,Off,391.74,505.66
1796061300000000000,2026-11-30T17:55:00Z,controller 1,2.078,7.852,93.0,323.73,332.76,16.75,17.56,100.0,2,Off,427.68,514.83
1796061360000000000,2026-11-30T17:56:00Z,controller 1,2.018,7.79,25.3,109.6,372.96,16.72,15.29,100.0,1,Off,452.88,514.63
1796061420000000000,2026-11-30T17:57:00Z,free response,2.046,7.49,57.65,189.01,22.7,16.7,15.48,100.0,1,Off,429.2,503.13
1796061480000000000,2026-11-30T17:58:00Z,free response,1.923,7.4,143.77,162.69,187.04,16.68,13.11,100.0,3,On,461.69,499.2
1796061540000000000,2026-11-30T17:59:00Z,free response,1.931,7.154,12.64,317.31,24.15,16.64,13.6,100.0,3,On,501.01,525.64
1796061600000000000,2026-11-30T18:00:00Z,controller 1,0.126,6.799,115.92,171.0,208.39,16.63,0.05,100.0,3,On,532.99,548.81
1796061660000000000,2026-11-30T18:01:00Z,controller 1,0.034,6.881,163.54,202.65,115.72,16.62,0.0,0.0,1,On,486.47,536.84
1796061720000000000,2026-11-30T18:02:00Z,free response,0.183,6.546,-1.96,303.22,540.95,16.61,0.11,100.0,3,On,481.26,545.84
1796061780000000000,2026-11-30T18:03:00Z,controller 2,0.091,7.127,-8.55,399.45,466.06,16.59,0.03,100.0,2,On,453.1,563.84
1796061840000000000,2026-11-30T18:04:00Z,controller 1,0.155,6.652,56.7,236.45,468.88,16.57,0.07,100.0,2,On,416.24,538.31
1796061900000000000,2026-11-30T18:05:00Z,controller 1,0.046,6.882,128.68,162.22,287.78,16.55,0.01,100.0,3,On,440.21,537.68
1796061960000000000,2026-11-30T18:06:00Z,controller 1,0.047,6.402,134.12,207.6,324.65,16.52,0.01,100.0,1,On,441.12,529.02
1796062020000000000,2026-11-30T18:07:00Z,controller 1,0.166,6.843,159.97,83.93,502.03,16.51,0.1,100.0,2,On,414.89,508.49
1796062080000000000,2026-11-30T18:08:00Z,free response,0.098,6.877,1.27,276.77,489.3,16.5,0.03,100.0,1,On,434.62,508.61
1796062140000000000,2026-11-30T18:09:00Z,controller 1,0.11,6.906,149.91,85.32,326.56,16.48,0.04,100.0,3,On,401.4,490.92
1796062200000000000,2026-11-30T18:10:00Z,controller 1,0.031,6.877,191.22,171.45,398.28,16.45,0.0,0.0,3,On,394.63,487.91
1796062260000000000,2026-11-30T18:11:00Z,controller 2,0.118,6.964,137.82,219.79,38.5,16.42,0.05,100.0,1,On,383.82,466.04
1796062320000000000,2026-11-30T18:12:00Z,free response,0.027,6.875,-0.98,135.08,262.78,16.39,0.0,0.0,3,On,342.34,494.18
1796062380000000000,2026-11-30T18:13:00Z,controller 1,0.156,6.556,181.77,176.6,66.22,16.36,0.08,100.0,3,On,359.13,491.66
1796062440000000000,2026-11-30T18:14:00Z,controller 1,0.132,6.905,-13.29,269.92,353.92,16.35,0.06,100.0,3,On,356.45,480.74
1796062500000000000,2026-11-30T18:15:00Z,controller 1,0.081,6.735,46.23,91.55,395.19,16.32,0.02,100.0,3,On,396.83,466.5
1796062560000000000,2026-11-30T18:16:00Z,free response,0.033,6.909,85.89,71.03,400.57,16.3,0.0,0.0,1,On,430.26,489.66
1796062620000000000,2026-11-30T18:17:00Z,controller 1,0.149,7.024,-27.02,9.47,365.83,16.28,0.07,100.0,2,On,395.99,515.73
1796062680000000000,2026-11-30T18:18:00Z,controller 1,0.103,6.624,41.78,431.85,340.58,16.26,0.04,100.0,1,On,432.27,501.1
1796062740000000000,2026-11-30T18:19:00Z,controller 2,0.162,6.791,-27.02,216.56,429.96,16.25,0.09,100.0,2,On,475.63,483.65
1796062800000000000,2026-11-30T18:20:00Z,controller 2,0.109,6.656,197.09,26.62,300.58,16.23,0.04,100.0,1,On,467.18,471.95
1796062860000000000,2026-11-30T18:21:00Z,controller 2,0.071,6.693,6.22,440.87,529.45,16.19,0.02,100.0,2,On,503.12,491.07
1796062920000000000,2026-11-30T18:22:00Z,controller 1,0.041,6.717,31.32,183.21,184.55,16.18,0.01,100.0,3,On,495.63,510.41
1796062980000000000,2026-11-30T18:23:00Z,controller 1,0.044,7.085,93.92,122.98,462.22,16.16,0.01,100.0,3,On,471.79,506.47
1796063040000000000,2026-11-30T18:24:00Z,controller 1,0.132,6.789,176.73,83.23,291.64,16.14,0.06,100.0,3,On,486.1,532.47
1796063100000000000,2026-11-30T18:25:00Z,controller 2,0.155,7.035,54.35,104.98,321.48,16.12,0.09,100.0,3,On,438.48,545.72
1796063160000000000,2026-11-30T18:26:00Z,free response,0.141,7.151,159.39,217.96,437.83,16.1,0.07,100.0,3,On,429.66,562.87
1796063220000000000,2026-11-30T18:27:00Z,free response,0.106,7.112,163.35,11.12,193.91,16.07,0.04,100.0,1,On,449.12,541.9
1796063280000000000,2026-11-30T18:28:00Z,free response,0.027,7.047,1.39,388.51,258.4,16.05,0.0,0.0,2,On,399.57,530.03
1796063340000000000,2026-11-30T18:29:00Z,controller 1,0.068,6.524,149.93,191.96,431.71,16.03,0.02,100.0,1,On,410.84,533.03
1796063400000000000,2026-11-30T18:30:00Z,controller 2,0.523,2.33,78.25,114.84,256.17,16.02,0.3,100.0,3,On,385.66,521.06
1796063460000000000,2026-11-30T18:31:00Z,controller 2,0.519,2.003,-4.96,362.55,165.36,16.0,0.26,100.0,3,On,407.24,499.81
1796063520000000000,2026-11-30T18:32:00Z,controller 1,0.514,2.119,89.92,229.05,355.7,15.98,0.3,100.0,1,On,402.34,487.87
1796063580000000000,2026-11-30T18:33:00Z,controller 1,0.465,2.443,79.63,99.31,357.01,15.96,0.24,100.0,2,On,439.63,459.38
1796063640000000000,2026-11-30T18:34:00Z,controller 1,0.553,1.914,16.44,316.83,131.9,15.92,0.31,100.0,2,On,474.87,488.23
1796063700000000000,2026-11-30T18:35:00Z,controller 1,0.463,2.487,94.9,156.08,102.29,15.91,0.27,100.0,2,On,468.36,477.39
1796063760000000000,2026-11-30T18:36:00Z,controller 2,0.49,2.287,52.97,150.17,4.28,15.88,0.27,100.0,2,On,439.79,468.09
1796063820000000000,2026-11-30T18:37:00Z,controller 2,0.48,2.174,65.19,449.54,485.8,15.85,0.24,100.0,1,On,428.6,491.82
1796063880000000000,2026-11-30T18:38:00Z,controller 2,0.566,2.465,17.12,275.28,305.47,15.82,0.37,100.0,2,On,435.55,493.49
1796063940000000000,2026-11-30T18:39:00Z,controller 1,0.523,2.193,-11.96,382.45,331.85,15.8,0.32,100.0,2,On,422.39,480.26
1796064000000000000,2026-11-30T18:40:00Z,controller 2,0.437,2.412,-14.03,148.74,358.59,15.78,0.21,100.0,3,On,467.54,458.31
1796064060000000000,2026-11-30T18:41:00Z,controller 1,0.409,2.616,52.29,255.9,518.25,15.75,0.2,100.0,3,On,485.2,448.38
1796064120000000000,2026-11-30T18:42:00Z,free response,0.556,1.917,177.51,74.62,104.86,15.72,0.29,100.0,2,On,441.49,435.88
1796064180000000000,2026-11-30T18:43:00Z,free response,0.432,2.142,7.47,337.48,121.46,15.71,0.18,100.0,2,On,468.19,407.73
1796064240000000000,2026-11-30T18:44:00Z,controller 2,0.543,2.271,51.95,360.62,144.5,15.7,0.36,100.0,1,On,419.03,425.95
1796064300000000000,2026-11-30T18:45:00Z,controller 1,0.446,1.934,17.29,1.44,373.6,15.7,0.2,100.0,3,On,447.68,432.52
1796064360000000000,2026-11-30T18:46:00Z,free response,0.558,2.378,179.39,204.69,348.45,15.67,0.35,100.0,3,On,437.56,441.75
1796064420000000000,2026-11-30T18:47:00Z,free response,0.463,1.861,80.74,411.92,157.23,15.66,0.19,100.0,3,On,879.59,570.36
1796064480000000000,2026-11-30T18:48:00Z,controller 2,0.501,1.884,172.18,243.71,302.96,15.65,0.26,100.0,3,On,905.88,568.48
1796064540000000000,2026-11-30T18:49:00Z,controller 2,0.441,2.327,37.67,427.05,11.02,15.64,0.2,100.0,1,On,570.01,473.86
1796064600000000000,2026-11-30T18:50:00Z,free response,0.568,2.02,134.46,194.13,502.69,15.63,0.35,100.0,1,On,556.88,501.87
1796064660000000000,2026-11-30T18:51:00Z,controller 1,0.5,1.982,173.56,239.77,510.44,15.61,0.27,100.0,1,On,528.35,494.23
1796064720000000000,2026-11-30T18:52:00Z,controller 2,0.564,1.897,24.55,304.6,315.29,15.61,0.33,100.0,2,On,483.79,517.53
1796064780000000000,2026-11-30T18:53:00Z,controller 1,0.469,2.346,23.93,52.01,514.19,15.59,0.28,100.0,2,On,517.48,538.56
1796064840000000000,2026-11-30T18:54:00Z,controller 2,0.51,2.067,88.02,63.87,571.33,15.58,0.28,100.0,1,On,556.87,517.94
1796064900000000000,2026-11-30T18:55:00Z,free response,0.544,2.101,-23.3,230.89,135.99,15.57,0.28,100.0,3,On,579.14,545.49
1796064960000000000,2026-11-30T18:56:00Z,free response,0.508,2.225,43.06,35.28,127.68,15.54,0.28,100.0,2,On,620.83,534.06
1796065020000000000,2026-11-30T18:57:00Z,controller 1,0.393,2.353,-11.41,8.34,172.42,15.52,0.17,100.0,1,On,668.47,546.66
1796065080000000000,2026-11-30T18:58:00Z,controller 1,0.526,2.058,-26.63,297.06,253.48,15.5,0.31,100.0,2,On,680.19,544.35
1796065140000000000,2026-11-30T18:59:00Z,controller 2,0.427,2.445,69.01,370.45,549.68,15.48,0.23,100.0,3,On,652.43,521.86
1796065200000000000,2026-11-30T19:00:00Z,controller 2,1.047,2.941,128.12,220.44,480.83,15.45,1.75,100.0,2,On,668.43,510.97
1796065260000000000,2026-11-30T19:01:00Z,controller 1,1.081,3.001,156.86,412.05,142.47,15.43,1.74,100.0,2,On,638.6,529.39
1796065320000000000,2026-11-30T19:02:00Z,free response,0.953,3.119,26.53,204.75,158.27,15.41,1.36,100.0,1,On,669.08,526.26
1796065380000000000,2026-11-30T19:03:00Z,free response,1.021,3.613,156.12,232.93,506.38,15.39,1.71,100.0,3,On,685.02,524.46
1796065440000000000,2026-11-30T19:04:00Z,free response,0.971,3.604,191.95,423.22,236.08,15.37,1.64,100.0,1,On,703.65,550.68
1796065500000000000,2026-11-30T19:05:00Z,free response,1.02,3.012,64.97,232.08,186.1,15.35,1.7,100.0,2,On,1132.05,706.11
1796065560000000000,2026-11-30T19:06:00Z,free response,1.03,2.887,178.89,280.39,597.16,15.33,1.65,100.0,2,On,1125.85,712.51
1796065620000000000,2026-11-30T19:07:00Z,controller 1,1.06,3.159,178.76,424.41,447.21,15.3,1.83,100.0,3,On,1115.26,706.83
1796065680000000000,2026-11-30T19:08:00Z,controller 2,1.115,3.004,20.34,130.84,402.1,15.27,1.87,100.0,3,On,1080.8,736.03
1796065740000000000,2026-11-30T19:09:00Z,controller 2,1.108,3.068,49.05,62.55,477.0,15.25,1.89,100.0,3,On,897.63,965.35
1796065800000000000,2026-11-30T19:10:00Z,controller 2,1.026,3.481,124.37,59.52,104.9,15.22,1.72,100.0,1,On,934.56,985.92
1796065860000000000,2026-11-30T19:11:00Z,controller 2,0.97,3.608,136.03,166.21,47.77,15.18,1.84,100.0,3,On,933.29,960.12
1796065920000000000,2026-11-30T19:12:00Z,free response,1.07,3.358,40.64,346.6,91.33,15.17,1.98,100.0,3,On,923.39,957.08
1796065980000000000,2026-11-30T19:13:00Z,controller 2,1.098,3.084,17.43,223.2,39.12,15.15,1.89,100.0,3,On,936.91,934.32
1796066040000000000,2026-11-30T19:14:00Z,controller 2,0.968,2.948,147.95,265.92,21.45,15.15,1.27,100.0,3,On,985.87,937.58
1796066100000000000,2026-11-30T19:15:00Z,free response,1.01,3.13,93.98,435.72,132.24,15.11,1.65,100.0,3,On,996.75,926.59
1796066160000000000,2026-11-30T19:16:00Z,controller 1,1.06,3.561,-6.21,393.21,248.62,15.09,1.81,100.0,3,On,1006.28,897.16
1796066220000000000,2026-11-30T19:17:00Z,controller 1,1.061,3.334,22.9,437.51,28.13,15.09,1.96,100.0,1,On,1008.47,908.4
1796066280000000000,2026-11-30T19:18:00Z,controller 2,1.05,2.914,161.2,102.78,349.11,15.05,1.74,100.0,1,On,982.05,931.69
1796066340000000000,2026-11-30T19:19:00Z,controller 1,1.023,3.555,175.22,406.8,266.03,15.03,1.79,100.0,1,On,948.24,927.1
1796066400000000000,2026-11-30T19:20:00Z,free response,1.078,3.625,179.01,234.92,539.4,15.02,2.24,100.0,2,On,923.07,920.28
1796066460000000000,2026-11-30T19:21:00Z,controller 2,1.067,3.35,6.65,32.02,214.42,15.0,1.76,100.0,3,On,913.57,926.89
1796066520000000000,2026-11-30T19:22:00Z,controller 2,1.125,3.122,172.5,384.5,42.51,14.99,2.11,100.0,2,On,939.59,928.68
1796066580000000000,2026-11-30T19:23:00Z,free response,1.024,3.128,-24.88,396.22,151.28,14.96,1.48,100.0,1,On,974.05,927.86
1796066640000000000,2026-11-30T19:24:00Z,controller 1,1.062,3.226,110.84,349.03,6.07,14.93,1.74,100.0,2,On,986.59,949.98
1796066700000000000,2026-11-30T19:25:00Z,controller 1,1.097,2.99,111.39,118.26,331.14,14.91,1.87,100.0,1,On,1013.72,945.47
1796066760000000000,2026-11-30T19:26:00Z,controller 1,1.024,3.529,55.62,133.53,568.47,14.9,1.97,100.0,1,On,985.91,922.22
1796066820000000000,2026-11-30T19:27:00Z,free response,0.997,3.066,148.62,192.32,404.97,14.89,1.58,100.0,2,On,936.55,893.92
1796066880000000000,2026-11-30T19:28:00Z,controller 1,1.101,3.228,-20.96,99.06,405.45,14.88,2.05,100.0,2,On,970.7,915.73
1796066940000000000,2026-11-30T19:29:00Z,controller 1,1.027,3.608,55.75,62.52,20.21,14.87,1.74,100.0,1,On,963.77,894.01
1796067000000000000,2026-11-30T19:30:00Z,controller 1,2.823,8.005,142.13,177.33,569.17,14.85,31.95,100.0,2,On,959.98,920.66
1796067060000000000,2026-11-30T19:31:00Z,controller 1,2.812,7.401,92.44,314.91,567.24,14.84,28.28,100.0,2,On,995.14,890.84
1796067120000000000,2026-11-30T19:32:00Z,controller 2,2.713,7.273,94.94,428.52,84.4,14.81,24.39,100.0,1,On,984.66,887.23
1796067180000000000,2026-11-30T19:33:00Z,controller 2,2.65,7.302,187.67,59.01,488.87,14.78,24.7,100.0,2,On,948.13,885.98
1796067240000000000,2026-11-30T19:34:00Z,controller 2,2.768,7.915,133.5,377.53,418.12,14.77,29.75,100.0,1,On,991.6,862.83
1796067300000000000,2026-11-30T19:35:00Z,free response,2.827,7.99,1.13,322.94,245.64,14.76,30.18,100.0,2,On,1029.12,836.22
1796067360000000000,2026-11-30T19:36:00Z,free response,2.726,7.754,102.01,334.08,544.84,14.73,30.58,100.0,3,On,1019.85,859.18
1796067420000000000,2026-11-30T19:37:00Z,free response,2.764,7.536,169.87,148.5,493.42,14.69,26.34,100.0,3,On,1017.31,845.87
1796067480000000000,2026-11-30T19:38:00Z,controller 1,2.688,7.346,93.42,349.86,234.12,14.69,25.05,100.0,1,On,1021.46,847.55
1796067540000000000,2026-11-30T19:39:00Z,controller 1,2.743,7.284,105.4,144.95,402.35,14.66,28.41,100.0,2,On,1065.9,869.01
1796067600000000000,2026-11-30T19:40:00Z,controller 1,2.649,7.57,67.8,267.86,179.66,14.63,25.15,100.0,2,On,1081.5,873.26
1796067660000000000,2026-11-30T19:41:00Z,controller 1,2.78,7.982,118.12,16.84,354.99,14.62,31.16,100.0,1,On,1038.48,863.65
1796067720000000000,2026-11-30T19:42:00Z,controller 2,2.76,7.985,142.79,84.76,573.49,14.61,30.57,100.0,2,On,1050.98,886.35
1796067780000000000,2026-11-30T19:43:00Z,free response,2.709,7.568,52.13,199.74,314.24,14.58,28.01,100.0,3,On,1023.71,891.9
1796067840000000000,2026-11-30T19:44:00Z,controller 2,2.771,7.645,167.54,36.28,400.21,14.57,32.2,100.0,3,On,1036.9,892.61
1796067900000000000,2026-11-30T19:45:00Z,controller 1,2.828,7.944,182.09,20.77,71.46,14.55,30.29,100.0,3,On,1023.54,895.19
1796067960000000000,2026-11-30T19:46:00Z,controller 1,2.741,7.503,92.72,273.03,312.4,14.52,27.78,100.0,2,On,983.33,874.14
1796068020000000000,2026-11-30T19:47:00Z,free response,2.661,7.483,-20.06,369.43,337.4,14.5,28.54,100.0,1,On,1016.88,898.98
1796068080000000000,2026-11-30T19:48:00Z,controller 2,2.792,7.736,105.38,196.67,493.03,14.47,27.45,100.0,3,On,969.73,927.87
1796068140000000000,2026-11-30T19:49:00Z,controller 2,2.708,7.539,158.2,433.84,218.41,14.46,28.69,100.0,1,On,935.16,916.3
1796068200000000000,2026-11-30T19:50:00Z,controller 1,2.822,7.54,131.62,141.69,81.77,14.43,31.78,100.0,2,On,899.96,901.77
1796068260000000000,2026-11-30T19:51:00Z,controller 2,2.683,7.756,146.81,278.85,284.61,14.42,29.05,100.0,1,On,908.67,888.1
1796068320000000000,2026-11-30T19:52:00Z,controller 1,2.661,7.643,-7.68,65.53,14.82,14.41,28.34,52.29,3,On,887.84,897.19
1796068380000000000,2026-11-30T19:53:00Z,free response,2.669,7.485,59.55,78.24,416.52,14.39,24.71,100.0,2,On,928.85,924.48
1796068440000000000,2026-11-30T19:54:00Z,free response,2.701,7.488,-29.14,303.16,81.49,14.38,26.92,100.0,2,On,961.22,910.77
1796068500000000000,2026-11-30T19:55:00Z,free response,2.806,7.908,177.04,185.05,475.29,14.35,28.69,100.0,2,On,966.18,884.33
1796068560000000000,2026-11-30T19:56:00Z,free response,2.729,7.324,192.0,124.0,491.33,14.32,28.1,100.0,3,On,941.28,877.32
1796068620000000000,2026-11-30T19:57:00Z,controller 2,2.706,7.773,18.11,300.85,249.61,14.31,30.59,100.0,3,On,945.21,851.13
1796068680000000000,2026-11-30T19:58:00Z,free response,2.783,7.626,91.79,261.1,574.39,14.3,26.73,100.0,2,On,965.05,828.14
1796068740000000000,2026-11-30T19:59:00Z,free response,2.802,7.416,23.05,386.02,522.66,14.29,31.06,100.0,2,On,951.8,799.89
1796068800000000000,2026-11-30T20:00:00Z,controller 2,0.807,11.774,53.98,231.8,222.99,14.25,3.59,100.0,2,On,957.8,826.14
1796068860000000000,2026-11-30T20:01:00Z,controller 1,0.78,12.11,8.35,438.76,229.14,14.23,3.44,100.0,3,On,915.4,802.62
1796068920000000000,2026-11-30T20:02:00Z,controller 1,0.876,11.804,114.36,21.13,312.09,14.2,4.82,100.0,3,On,907.92,783.93
1796068980000000000,2026-11-30T20:03:00Z,free response,0.763,12.273,16.48,343.49,214.82,14.18,3.5,100.0,3,On,908.65,770.97
1796069040000000000,2026-11-30T20:04:00Z,free response,0.799,12.187,186.77,272.96,61.89,14.14,4.27,100.0,1,On,921.05,778.64
1796069100000000000,2026-11-30T20:05:00Z,controller 2,0.868,12.014,26.77,342.6,259.03,14.12,4.14,100.0,3,On,920.55,782.75
1796069160000000000,2026-11-30T20:06:00Z,free response,0.803,12.026,-19.3,86.32,343.54,14.1,4.12,100.0,1,On,958.99,775.9
1796069220000000000,2026-11-30T20:07:00Z,controller 2,0.819,12.378,14.88,70.59,448.76,14.07,4.46,100.0,3,On,954.96,783.4
1796069280000000000,2026-11-30T20:08:00Z,free response,0.798,11.743,28.61,425.7,106.56,14.05,3.55,100.0,2,On,942.36,783.44
1796069340000000000,2026-11-30T20:09:00Z,free response,0.842,12.085,0.16,246.75,264.39,14.04,4.19,100.0,3,On,984.65,773.47
1796069400000000000,2026-11-30T20:10:00Z,controller 2,0.918,12.089,-6.62,442.74,408.13,14.01,5.5,100.0,2,On,1024.35,790.37
1796069460000000000,2026-11-30T20:11:00Z,free response,0.825,12.041,34.38,281.07,128.07,13.98,3.84,100.0,1,On,1000.0,768.15
1796069520000000000,2026-11-30T20:12:00Z,controller 2,0.887,12.463,181.97,86.28,148.76,13.98,4.91,100.0,3,On,978.02,787.19
1796069580000000000,2026-11-30T20:13:00Z,controller 1,0.753,12.075,160.61,35.81,317.38,13.95,3.44,100.0,3,On,956.98,760.03
1796069640000000000,2026-11-30T20:14:00Z,controller 1,0.831,11.849,175.66,385.02,239.39,13.94,4.16,100.0,1,On,918.6,778.74
1796069700000000000,2026-11-30T20:15:00Z,controller 1,0.772,12.052,170.19,437.35,483.0,13.93,3.67,100.0,3,On,917.15,802.66
1796069760000000000,2026-11-30T20:16:00Z,controller 2,0.894,12.326,114.24,205.21,153.76,13.91,5.14,100.0,1,On,905.72,813.23
1796069820000000000,2026-11-30T20:17:00Z,free response,0.92,12.26,102.23,298.4,596.46,13.88,5.51,100.0,1,On,860.7,828.77
1796069880000000000,2026-11-30T20:18:00Z,free response,0.85,12.238,118.47,231.7,62.96,13.85,4.26,100.0,2,On,860.12,806.79
1796069940000000000,2026-11-30T20:19:00Z,controller 2,0.794,11.841,175.31,254.28,119.7,13.83,3.6,100.0,2,On,874.64,823.25
1796070000000000000,2026-11-30T20:20:00Z,controller 2,0.895,12.065,125.03,404.41,176.04,13.82,5.23,100.0,2,On,868.75,809.25
1796070060000000000,2026-11-30T20:21:00Z,controller 1,0.752,12.37,124.48,105.75,184.73,13.79,3.65,100.0,1,On,830.49,782.16
1796070120000000000,2026-11-30T20:22:00Z,free response,0.89,12.275,123.08,111.51,24.31,13.76,4.54,100.0,1,On,855.87,788.7
1796070180000000000,2026-11-30T20:23:00Z,controller 1,0.751,11.757,114.95,207.27,351.51,13.76,3.17,100.0,3,On,818.32,773.48
1796070240000000000,2026-11-30T20:24:00Z,free response,0.8,11.829,77.82,265.72,113.82,13.75,3.89,100.0,1,On,803.39,785.27
1796070300000000000,2026-11-30T20:25:00Z,controller 1,0.8,11.927,10.73,332.93,188.36,13.73,3.52,100.0,1,Starting,785.89,794.52
1796070360000000000,2026-11-30T20:26:00Z,controller 2,0.886,12.334,-18.33,314.19,161.04,13.72,4.9,100.0,2,Starting,824.13,782.24
1796070420000000000,2026-11-30T20:27:00Z,controller 1,0.75,12.148,175.34,175.69,296.54,13.69,3.29,100.0,1,Starting,782.38,782.55
1796070480000000000,2026-11-30T20:28:00Z,free response,0.81,12.236,39.69,237.41,436.15,13.67,3.74,100.0,2,Starting,764.77,758.56
1796070540000000000,2026-11-30T20:29:00Z,controller 2,0.787,11.874,90.27,21.46,62.04,13.64,3.61,100.0,2,Starting,754.36,747.74
1796070600000000000,2026-11-30T20:30:00Z,controller 2,0.428,2.162,97.26,73.7,179.01,13.62,0.2,100.0,3,Starting,885.08,634.69
1796070660000000000,2026-11-30T20:31:00Z,controller 2,0.443,1.52,100.64,344.98,591.09,13.6,0.16,100.0,1,Starting,857.78,657.84
1796070720000000000,2026-11-30T20:32:00Z,controller 2,0.379,1.969,-3.63,354.16,394.05,13.57,0.14,100.0,2,Starting,852.15,685.05
1796070780000000000,2026-11-30T20:33:00Z,controller 2,0.491,2.084,-29.26,67.35,470.95,13.56,0.24,100.0,2,Starting,893.78,658.18
1796070840000000000,2026-11-30T20:34:00Z,controller 2,0.468,1.534,53.27,156.93,543.05,13.55,0.18,100.0,2,Starting,927.6,637.86
1796070900000000000,2026-11-30T20:35:00Z,controller 1,0.399,1.581,77.77,161.38,222.1,13.52,0.14,100.0,1,Starting,906.28,646.87
1796070960000000000,2026-11-30T20:36:00Z,free response,0.382,1.562,164.46,438.51,176.23,13.49,0.11,100.0,2,Starting,927.8,660.18
1796071020000000000,2026-11-30T20:37:00Z,free response,0.471,1.954,153.59,359.34,566.45,13.48,0.23,100.0,3,Starting,895.36,686.99
1796071080000000000,2026-11-30T20:38:00Z,controller 1,0.371,1.778,75.12,435.32,345.17,13.46,0.13,100.0,3,Starting,861.58,688.15
1796071140000000000,2026-11-30T20:39:00Z,free response,0.393,2.107,155.06,358.82,231.51,13.45,0.17,100.0,3,Starting,909.21,672.31
1796071200000000000,2026-11-30T20:40:00Z,controller 2,0.447,1.867,29.82,108.21,564.45,13.43,0.2,100.0,3,Starting,936.07,694.51
1796071260000000000,2026-11-30T20:41:00Z,controller 2,0.478,1.548,-29.27,89.46,243.29,13.41,0.19,100.0,1,Starting,932.77,409.78
1796071320000000000,2026-11-30T20:42:00Z,controller 1,0.367,2.008,49.58,163.77,147.8,13.39,0.15,100.0,2,Starting,914.52,430.26
1796071380000000000,2026-11-30T20:43:00Z,free response,0.366,1.585,129.22,379.93,245.61,13.37,0.11,100.0,1,Starting,905.65,456.22
1796071440000000000,2026-11-30T20:44:00Z,controller 1,0.524,2.093,155.12,203.49,365.82,13.35,0.3,100.0,3,Starting,893.59,463.34
1796071500000000000,2026-11-30T20:45:00Z,controller 1,0.493,1.454,118.58,340.74,482.48,13.34,0.19,100.0,3,Starting,936.12,443.15
1796071560000000000,2026-11-30T20:46:00Z,controller 1,0.494,2.183,84.66,230.72,284.46,13.32,0.26,100.0,1,Starting,913.59,447.84
1796071620000000000,2026-11-30T20:47:00Z,controller 2,0.359,1.948,16.21,303.75,388.98,13.3,0.13,100.0,1,Starting,960.45,476.95
1796071680000000000,2026-11-30T20:48:00Z,free response,0.436,1.618,17.55,202.16,290.38,13.27,0.17,100.0,2,Starting,961.84,479.81
1796071740000000000,2026-11-30T20:49:00Z,free response,0.534,1.83,183.98,379.0,461.12,13.26,0.28,100.0,3,Starting,923.69,507.18
1796071800000000000,2026-11-30T20:50:00Z,controller 1,0.436,1.868,169.84,36.75,481.03,13.24,0.19,100.0,3,Starting,902.98,505.7
1796071860000000000,2026-11-30T20:51:00Z,controller 1,0.471,1.53,75.97,207.29,406.27,13.22,0.17,100.0,1,Starting,902.82,525.6
1796071920000000000,2026-11-30T20:52:00Z,free response,0.396,2.066,13.73,134.46,412.79,13.2,0.17,100.0,1,Starting,916.11,501.88
1796071980000000000,2026-11-30T20:53:00Z,controller 1,0.359,2.068,178.95,179.4,231.79,13.17,0.14,100.0,2,Starting,954.23,478.69
1796072040000000000,2026-11-30T20:54:00Z,controller 1,0.45,2.104,-1.65,146.02,572.83,13.16,0.2,100.0,2,Starting,921.85,498.87
1796072100000000000,2026-11-30T20:55:00Z,controller 1,0.397,2.022,88.72,259.66,192.0,13.13,0.15,100.0,3,Starting,924.96,515.93
1796072160000000000,2026-11-30T20:56:00Z,controller 2,0.406,1.97,18.16,41.68,72.22,13.11,0.16,100.0,1,Starting,971.14,545.82
1796072220000000000,2026-11-30T20:57:00Z,controller 1,0.528,1.81,187.71,91.49,316.76,13.11,0.27,100.0,2,Starting,967.27,555.06
1796072280000000000,2026-11-30T20:58:00Z,free response,0.464,1.885,135.67,161.16,544.15,13.08,0.18,100.0,3,Starting,978.49,528.24
1796072340000000000,2026-11-30T20:59:00Z,controller 1,0.487,2.209,95.29,204.0,345.6,13.05,0.26,100.0,1,Starting,986.74,533.33
1796072400000000000,2026-11-30T21:00:00Z,controller 2,1.906,8.538,70.88,431.54,468.15,13.04,15.49,100.0,2,Starting,1003.9,539.71
1796072460000000000,2026-11-30T21:01:00Z,controller 1,1.893,8.489,175.18,198.88,98.75,13.02,15.29,100.0,1,Starting,976.81,554.07
1796072520000000000,2026-11-30T21:02:00Z,free response,1.933,8.327,-3.39,185.81,320.67,13.01,15.46,100.0,1,Starting,970.19,543.75
1796072580000000000,2026-11-30T21:03:00Z,controller 2,1.851,8.815,94.0,309.66,230.22,13.0,14.02,100.0,1,Starting,960.17,549.99
1796072640000000000,2026-11-30T21:04:00Z,controller 1,1.801,8.525,166.7,391.22,12.19,12.98,13.06,93.34,2,Starting,932.22,525.38
1796072700000000000,2026-11-30T21:05:00Z,controller 2,1.914,8.555,176.58,81.84,558.48,12.97,15.73,100.0,3,Starting,959.9,541.21
1796072760000000000,2026-11-30T21:06:00Z,controller 1,1.859,8.314,119.15,348.82,493.36,12.94,13.17,100.0,3,Starting,1005.85,524.63
1796072820000000000,2026-11-30T21:07:00Z,free response,1.886,8.313,191.32,225.13,596.87,12.93,15.25,100.0,2,Starting,1000.3,508.74
1796072880000000000,2026-11-30T21:08:00Z,controller 2,1.866,8.232,182.54,12.57,106.19,12.91,14.65,100.0,1,Starting,994.28,527.4
1796072940000000000,2026-11-30T21:09:00Z,controller 1,1.812,8.708,16.35,147.09,74.12,12.91,13.22,100.0,3,Starting,1038.18,529.84
1796073000000000000,2026-11-30T21:10:00Z,controller 1,1.928,8.564,10.91,265.19,337.84,12.89,16.9,100.0,3,Starting,997.65,534.33
1796073060000000000,2026-11-30T21:11:00Z,controller 2,1.809,8.577,158.53,248.22,544.18,12.88,14.86,100.0,2,Starting,1046.47,537.51
1796073120000000000,2026-11-30T21:12:00Z,controller 1,1.836,8.254,51.61,296.14,63.97,12.87,12.77,100.0,3,Starting,1085.86,515.72
1796073180000000000,2026-11-30T21:13:00Z,free response,1.795,8.478,90.47,229.5,214.8,12.85,12.47,100.0,1,Starting,1134.76,504.71
1796073240000000000,2026-11-30T21:14:00Z,controller 1,1.921,8.494,47.53,170.46,333.54,12.84,15.64,100.0,1,Starting,1118.41,491.28
1796073300000000000,2026-11-30T21:15:00Z,free response,1.921,8.753,105.2,168.09,443.26,12.82,17.57,100.0,2,Starting,1111.3,484.95
1796073360000000000,2026-11-30T21:16:00Z,controller 1,1.846,8.374,40.09,193.08,408.28,12.82,15.6,100.0,1,Starting,1130.89,462.83
1796073420000000000,2026-11-30T21:17:00Z,controller 2,1.819,8.601,194.56,369.94,571.36,12.8,14.07,100.0,3,Starting,1089.64,485.42
1796073480000000000,2026-11-30T21:18:00Z,controller 2,1.817,8.352,-14.26,310.93,164.49,12.79,15.0,100.0,2,Starting,1127.47,510.88
1796073540000000000,2026-11-30T21:19:00Z,free response,1.869,8.163,131.62,220.47,582.66,12.78,13.91,100.0,1,Starting,1173.27,512.53
1796073600000000000,2026-11-30T21:20:00Z,controller 1,1.941,8.75,69.88,115.56,452.57,12.77,17.85,100.0,1,Starting,1153.02,524.37
1796073660000000000,2026-11-30T21:21:00Z,free response,1.966,8.529,46.95,423.61,267.4,12.75,15.98,100.0,1,Starting,1121.88,519.37
1796073720000000000,2026-11-30T21:22:00Z,free response,1.894,8.134,20.54,59.33,343.08,12.73,15.87,100.0,2,Starting,1141.53,542.83
1796073780000000000,2026-11-30T21:23:00Z,controller 1,1.949,8.875,133.95,23.1,228.24,12.71,15.47,100.0,1,Starting,1104.19,516.86
1796073840000000000,2026-11-30T21:24:00Z,controller 2,1.879,8.193,84.21,16.18,272.76,12.68,14.7,100.0,3,Starting,1104.05,504.57
1796073900000000000,2026-11-30T21:25:00Z,controller 2,1.953,8.588,141.63,250.76,73.54,12.66,16.65,100.0,1,Starting,1142.88,490.41
1796073960000000000,2026-11-30T21:26:00Z,free response,1.861,8.737,191.22,21.52,346.95,12.66,14.37,100.0,1,Starting,1169.87,491.23
1796074020000000000,2026-11-30T21:27:00Z,free response,1.868,8.414,115.25,252.69,140.16,12.63,14.67,100.0,1,Starting,1217.04,512.33
1796074080000000000,2026-11-30T21:28:00Z,free response,1.822,8.804,163.59,188.49,27.16,12.61,15.13,100.0,2,Starting,1215.95,530.62
1796074140000000000,2026-11-30T21:29:00Z,controller 2,1.878,8.734,148.53,198.45,19.01,12.59,14.57,100.0,3,On,1235.41,534.48
1796074200000000000,2026-11-30T21:30:00Z,free response,2.582,11.786,121.77,13.09,447.1,12.58,39.06,100.0,3,On,1263.61,533.81
1796074260000000000,2026-11-30T21:31:00Z,controller 1,2.609,12.094,112.26,294.09,448.04,12.57,39.76,100.0,2,On,1215.22,528.76
1796074320000000000,2026-11-30T21:32:00Z,controller 1,2.555,11.817,93.12,397.07,295.54,12.54,42.08,100.0,2,On,1249.19,554.82
1796074380000000000,2026-11-30T21:33:00Z,controller 2,2.662,11.586,58.67,252.66,186.47,12.52,39.06,100.0,1,On,1199.86,576.9
1796074440000000000,2026-11-30T21:34:00Z,controller 1,2.604,11.661,145.87,153.59,190.25,12.5,39.04,100.0,3,On,1249.03,604.17
1796074500000000000,2026-11-30T21:35:00Z,controller 2,2.531,11.734,155.13,435.69,405.92,12.47,40.63,100.0,3,On,1281.35,620.75
1796074560000000000,2026-11-30T21:36:00Z,controller 2,2.614,12.284,60.85,86.11,495.8,12.45,42.34,100.0,1,On,1236.14,612.39
1796074620000000000,2026-11-30T21:37:00Z,controller 1,2.672,12.232,140.35,187.53,404.67,12.42,44.03,100.0,3,On,1217.49,635.83
1796074680000000000,2026-11-30T21:38:00Z,controller 1,2.648,11.605,68.61,403.37,309.82,12.39,41.84,100.0,2,On,1213.82,648.05
1796074740000000000,2026-11-30T21:39:00Z,free response,2.545,11.914,139.75,112.4,411.12,12.38,37.0,100.0,1,On,1165.93,669.1
1796074800000000000,2026-11-30T21:40:00Z,controller 2,2.57,12.268,78.66,191.06,463.88,12.35,38.83,100.0,3,On,1147.09,682.69
1796074860000000000,2026-11-30T21:41:00Z,controller 1,2.611,11.653,195.82,233.06,313.61,12.32,42.84,100.0,1,On,1125.08,656.3
1796074920000000000,2026-11-30T21:42:00Z,free response,2.524,11.708,17.94,425.77,64.1,12.29,39.17,100.0,1,On,1081.27,654.75
1796074980000000000,2026-11-30T21:43:00Z,controller 2,2.633,11.64,14.61,340.79,284.87,12.27,38.41,100.0,1,On,1087.4,684.46
1796075040000000000,2026-11-30T21:44:00Z,controller 1,2.681,12.113,67.43,331.4,164.08,12.26,46.96,100.0,3,On,1066.04,683.34
1796075100000000000,2026-11-30T21:45:00Z,controller 1,2.535,12.066,174.19,436.25,184.28,12.24,36.8,100.0,1,On,1022.6,670.96
1796075160000000000,2026-11-30T21:46:00Z,controller 1,2.666,12.206,-27.95,115.11,134.2,12.21,45.12,100.0,3,On,1023.73,678.81
1796075220000000000,2026-11-30T21:47:00Z,controller 1,2.605,11.678,0.97,201.58,441.9,12.2,41.02,100.0,3,On,1035.2,689.89
1796075280000000000,2026-11-30T21:48:00Z,controller 1,2.664,11.965,35.51,436.88,585.39,12.17,45.66,100.0,1,On,1083.28,684.83
1796075340000000000,2026-11-30T21:49:00Z,controller 1,2.661,12.117,192.48,164.02,54.65,12.16,39.05,100.0,2,On,1040.03,686.29
1796075400000000000,2026-11-30T21:50:00Z,free response,2.608,12.015,85.47,82.75,459.9,12.15,37.24,100.0,3,On,1043.08,679.88
1796075460000000000,2026-11-30T21:51:00Z,controller 1,2.531,11.579,3.72,247.12,123.71,12.12,33.57,100.0,3,On,1007.11,652.86
1796075520000000000,2026-11-30T21:52:00Z,free response,2.684,11.776,117.15,137.48,384.34,12.09,38.22,100.0,1,On,1014.04,678.26
1796075580000000000,2026-11-30T21:53:00Z,controller 2,2.574,12.274,18.56,200.8,173.86,12.07,38.34,100.0,3,On,1003.92,675.93
1796075640000000000,2026-11-30T21:54:00Z,free response,2.693,11.721,176.52,193.82,543.92,12.05,43.18,100.0,1,On,961.54,647.4
1796075700000000000,2026-11-30T21:55:00Z,controller 1,2.664,12.116,0.24,223.79,4.71,12.03,43.9,10.73,3,On,1004.31,665.58
1796075760000000000,2026-11-30T21:56:00Z,free response,2.575,12.191,67.04,149.74,389.35,12.0,38.3,100.0,2,On,961.25,649.64
1796075820000000000,2026-11-30T21:57:00Z,free response,2.535,11.904,33.03,113.91,93.08,11.97,36.09,100.0,1,On,934.56,633.12
1796075880000000000,2026-11-30T21:58:00Z,controller 1,2.673,12.075,143.68,439.14,587.51,11.96,45.8,100.0,2,On,890.15,643.51
1796075940000000000,2026-11-30T21:59:00Z,controller 1,2.603,11.572,21.97,147.55,465.35,11.94,35.62,100.0,3,On,860.12,662.22
1796076000000000000,2026-11-30T22:00:00Z,controller 2,2.089,5.09,74.13,308.5,353.18,11.93,10.31,100.0,3,On,893.45,675.73
1796076060000000000,2026-11-30T22:01:00Z,free response,2.108,4.832,142.03,320.29,274.13,11.9,10.7,100.0,3,On,850.27,692.2
1796076120000000000,2026-11-30T22:02:00Z,controller 1,2.197,4.853,181.21,112.45,574.38,11.88,12.76,100.0,3,On,892.74,691.2
1796076180000000000,2026-11-30T22:03:00Z,controller 2,2.144,5.472,62.63,8.11,184.3,11.87,11.46,100.0,3,On,921.41,706.14
1796076240000000000,2026-11-30T22:04:00Z,free response,2.201,4.89,136.07,145.8,264.69,11.84,12.92,100.0,3,On,955.45,688.4
1796076300000000000,2026-11-30T22:05:00Z,free response,2.204,5.293,104.01,394.34,547.82,11.81,11.72,100.0,2,On,768.29,411.3
1796076360000000000,2026-11-30T22:06:00Z,controller 1,2.168,4.961,28.12,382.52,66.24,11.8,11.26,100.0,1,On,815.9,382.23
1796076420000000000,2026-11-30T22:07:00Z,free response,2.217,5.493,23.51,141.52,409.06,11.78,13.56,100.0,2,On,809.37,388.87
1796076480000000000,2026-11-30T22:08:00Z,free response,2.091,4.803,186.14,140.06,489.55,11.78,11.41,100.0,3,On,773.1,376.44
1796076540000000000,2026-11-30T22:09:00Z,free response,2.086,5.487,-27.15,294.93,305.64,11.75,11.76,100.0,3,On,784.54,362.0
1796076600000000000,2026-11-30T22:10:00Z,free response,2.25,4.934,32.61,97.97,189.1,11.74,12.56,100.0,3,On,759.4,389.68
1796076660000000000,2026-11-30T22:11:00Z,controller 2,2.214,5.226,104.25,295.26,201.19,11.71,12.15,100.0,3,On,848.63,994.17
1796076720000000000,2026-11-30T22:12:00Z,free response,2.213,5.077,90.04,86.04,272.62,11.68,13.45,100.0,2,On,878.2,972.5
1796076780000000000,2026-11-30T22:13:00Z,controller 2,2.229,5.298,176.79,85.9,561.28,11.65,13.59,100.0,1,On,845.17,947.5
1796076840000000000,2026-11-30T22:14:00Z,free response,2.168,4.899,103.46,148.77,513.89,11.63,12.49,100.0,1,On,1230.62,965.1
1796076900000000000,2026-11-30T22:15:00Z,controller 2,2.146,5.092,21.47,309.14,315.94,11.62,11.9,100.0,1,On,1110.06,584.58
1796076960000000000,2026-11-30T22:16:00Z,controller 1,2.196,5.476,70.92,395.75,302.44,11.61,13.98,100.0,3,On,1080.43,577.8
1796077020000000000,2026-11-30T22:17:00Z,controller 1,2.239,4.812,196.34,141.61,580.42,11.58,13.23,100.0,1,On,1085.56,592.83
1796077080000000000,2026-11-30T22:18:00Z,free response,2.195,5.223,119.84,98.15,434.88,11.58,11.92,100.0,1,On,1038.71,569.93
1796077140000000000,2026-11-30T22:19:00Z,free response,2.157,4.88,145.96,182.9,445.37,11.57,10.62,100.0,1,On,1055.25,572.04
1796077200000000000,2026-11-30T22:20:00Z,controller 1,2.221,5.186,191.63,109.39,386.59,11.54,13.15,100.0,3,On,1011.19,567.18
1796077260000000000,2026-11-30T22:21:00Z,controller 1,2.113,5.063,-6.38,316.32,51.02,11.53,10.5,100.0,3,On,987.5,572.39
1796077320000000000,2026-11-30T22:22:00Z,controller 2,2.116,4.995,100.78,230.03,143.84,11.51,11.78,100.0,1,On,979.39,597.49
1796077380000000000,2026-11-30T22:23:00Z,free response,2.181,5.455,77.28,77.13,77.57,11.48,12.09,100.0,1,On,974.27,610.75
1796077440000000000,2026-11-30T22:24:00Z,controller 2,2.099,4.926,199.3,113.85,57.5,11.44,10.56,100.0,1,On,941.22,604.51
1796077500000000000,2026-11-30T22:25:00Z,controller 2,2.263,5.501,55.61,356.08,541.26,11.42,15.14,100.0,2,On,937.41,617.08
1796077560000000000,2026-11-30T22:26:00Z,controller 1,2.18,5.03,78.19,100.86,169.31,11.41,13.08,100.0,2,On,899.9,646.72
1796077620000000000,2026-11-30T22:27:00Z,controller 2,2.223,4.758,66.8,203.04,127.63,11.39,12.77,100.0,3,On,861.62,673.87
1796077680000000000,2026-11-30T22:28:00Z,controller 1,2.133,4.837,182.64,61.13,65.77,11.37,11.64,100.0,1,On,894.44,657.26
1796077740000000000,2026-11-30T22:29:00Z,free response,2.21,5.346,-18.46,127.71,452.85,11.35,14.31,100.0,1,On,853.62,630.55
1796077800000000000,2026-11-30T22:30:00Z,controller 1,1.107,9.109,0.28,279.63,517.18,11.33,6.09,100.0,2,On,900.26,636.25
1796077860000000000,2026-11-30T22:31:00Z,controller 2,1.123,8.604,49.13,38.9,149.1,11.31,5.03,100.0,3,On,1188.28,950.58
1796077920000000000,2026-11-30T22:32:00Z,free response,1.109,8.419,166.59,98.1,82.7,11.27,5.65,100.0,2,On,1235.22,480.74
1796077980000000000,2026-11-30T22:33:00Z,controller 1,1.107,9.057,186.44,398.09,29.67,11.26,5.28,100.0,2,On,1263.14,495.32
1796078040000000000,2026-11-30T22:34:00Z,free response,1.148,8.894,43.62,168.7,542.36,11.25,5.28,100.0,1,On,1280.18,469.14
1796078100000000000,2026-11-30T22:35:00Z,controller 2,1.089,9.102,-2.84,75.38,487.47,11.23,5.13,100.0,1,On,1273.81,493.94
1796078160000000000,2026-11-30T22:36:00Z,controller 2,1.238,8.704,71.13,374.46,513.73,11.21,6.56,100.0,2,On,1232.33,516.39
1796078220000000000,2026-11-30T22:37:00Z,controller 2,1.232,8.625,184.75,89.51,264.67,11.18,6.12,100.0,1,On,1208.66,515.41
1796078280000000000,2026-11-30T22:38:00Z,free response,1.228,8.379,4.25,211.06,134.26,11.15,6.62,100.0,3,On,1197.62,503.06
1796078340000000000,2026-11-30T22:39:00Z,controller 1,1.232,8.787,138.81,215.75,155.05,11.14,6.06,100.0,1,On,1246.35,517.52
1796078400000000000,2026-11-30T22:40:00Z,controller 2,1.153,8.975,170.15,65.67,349.36,11.11,5.37,100.0,3,On,1238.21,540.97
1796078460000000000,2026-11-30T22:41:00Z,controller 1,1.212,8.56,78.49,224.26,272.28,11.09,6.15,100.0,1,On,1285.81,546.05
1796078520000000000,2026-11-30T22:42:00Z,controller 2,1.224,8.795,99.01,231.93,538.84,11.06,6.44,100.0,3,On,1247.0,572.72
1796078580000000000,2026-11-30T22:43:00Z,controller 2,1.166,9.028,102.93,360.83,74.05,11.03,6.67,100.0,1,On,1257.67,591.36
1796078640000000000,2026-11-30T22:44:00Z,free response,1.14,8.907,131.79,26.13,26.57,11.02,5.27,100.0,3,On,1273.89,610.61
1796078700000000000,2026-11-30T22:45:00Z,controller 1,1.236,9.0,199.55,217.73,35.82,11.01,6.43,100.0,2,On,1235.52,597.46
1796078760000000000,2026-11-30T22:46:00Z,controller 2,1.158,9.098,-27.65,30.57,107.32,10.99,6.4,100.0,2,On,1236.04,603.54
1796078820000000000,2026-11-30T22:47:00Z,free response,1.254,8.407,157.32,26.0,507.92,10.98,6.1,100.0,1,On,1283.62,587.46
1796078880000000000,2026-11-30T22:48:00Z,free response,1.169,8.836,196.03,377.12,251.06,10.95,6.17,100.0,3,On,1328.17,599.28
1796078940000000000,2026-11-30T22:49:00Z,free response,1.2,9.078,30.75,394.46,346.81,10.94,6.12,100.0,2,On,1352.04,610.25
1796079000000000000,2026-11-30T22:50:00Z,controller 2,1.216,8.404,125.14,354.64,164.52,10.9,6.44,100.0,1,On,1325.8,581.44
1796079060000000000,2026-11-30T22:51:00Z,free response,1.144,9.077,-11.4,353.14,160.8,10.88,6.31,100.0,3,On,1337.21,597.46
1796079120000000000,2026-11-30T22:52:00Z,controller 1,1.211,8.369,85.46,184.89,351.1,10.85,5.69,100.0,3,On,1332.74,579.25
1796079180000000000,2026-11-30T22:53:00Z,controller 2,1.174,9.074,6.69,386.44,581.85,10.84,6.41,100.0,3,On,1375.81,580.71
1796079240000000000,2026-11-30T22:54:00Z,controller 2,1.23,8.51,-27.15,147.26,548.6,10.83,6.07,100.0,2,On,1339.08,593.39
1796079300000000000,2026-11-30T22:55:00Z,free response,1.222,8.834,144.47,270.05,155.31,10.83,6.06,100.0,3,On,1312.15,600.25
1796079360000000000,2026-11-30T22:56:00Z,controller 2,1.084,8.589,-2.96,408.19,153.89,10.82,5.34,100.0,3,On,1294.67,614.97
1796079420000000000,2026-11-30T22:57:00Z,controller 2,1.081,8.492,-24.28,439.97,571.0,10.8,4.63,100.0,1,On,1293.18,594.99
1796079480000000000,2026-11-30T22:58:00Z,controller 1,1.174,8.907,43.56,15.01,523.02,10.78,5.87,100.0,3,On,1249.63,614.87
1796079540000000000,2026-11-30T22:59:00Z,free response,1.238,8.809,117.47,429.38,461.03,10.76,6.4,100.0,3,On,1239.85,586.09
1796079600000000000,2026-11-30T23:00:00Z,controller 1,0.376,6.996,186.69,126.55,169.51,10.75,0.46,100.0,2,On,1202.15,586.3
1796079660000000000,2026-11-30T23:01:00Z,controller 1,0.441,6.399,0.55,100.67,418.26,10.75,0.65,100.0,1,On,1180.66,580.7
1796079720000000000,2026-11-30T23:02:00Z,controller 2,0.393,7.037,37.75,325.17,308.3,10.73,0.52,100.0,1,On,1188.06,595.5
1796079780000000000,2026-11-30T23:03:00Z,controller 1,0.395,6.35,84.23,412.65,56.91,10.72,0.5,100.0,3,On,1186.23,570.45
1796079840000000000,2026-11-30T23:04:00Z,free response,0.362,6.435,-20.99,379.45,504.5,10.69,0.38,100.0,1,On,1231.75,574.52
1796079900000000000,2026-11-30T23:05:00Z,controller 2,0.27,7.11,40.43,115.02,110.18,10.66,0.27,100.0,3,On,1236.17,575.59
1796079960000000000,2026-11-30T23:06:00Z,free response,0.395,6.699,33.78,280.41,153.02,10.64,0.5,100.0,1,On,1189.89,593.19
1796080020000000000,2026-11-30T23:07:00Z,free response,0.322,6.655,105.08,419.88,576.18,10.61,0.33,100.0,3,On,1214.81,587.71
1796080080000000000,2026-11-30T23:08:00Z,controller 2,0.276,6.499,79.98,320.17,50.12,10.59,0.26,100.0,2,On,1242.86,608.98
1796080140000000000,2026-11-30T23:09:00Z,controller 2,0.363,6.924,83.47,148.68,296.39,10.58,0.47,100.0,1,On,1268.8,611.31
1796080200000000000,2026-11-30T23:10:00Z,free response,0.36,6.452,168.3,11.87,41.2,10.57,0.38,100.0,2,On,1145.5,566.73
1796080260000000000,2026-11-30T23:11:00Z,free response,0.422,6.35,107.96,410.47,353.36,10.56,0.61,100.0,1,On,1127.31,570.9
1796080320000000000,2026-11-30T23:12:00Z,controller 2,0.361,6.661,137.92,112.76,27.93,10.54,0.43,100.0,1,On,1082.76,544.62
1796080380000000000,2026-11-30T23:13:00Z,controller 1,0.428,6.882,111.98,222.14,114.12,10.51,0.63,100.0,1,On,1117.2,525.57
1796080440000000000,2026-11-30T23:14:00Z,free response,0.423,6.656,119.2,145.03,393.04,10.5,0.62,100.0,1,On,1412.83,344.69
1796080500000000000,2026-11-30T23:15:00Z,controller 2,0.428,6.747,-12.72,312.84,277.25,10.48,0.58,100.0,3,On,1376.66,370.31
1796080560000000000,2026-11-30T23:16:00Z,free response,0.439,6.366,-2.24,408.44,442.52,10.48,0.58,100.0,1,On,1374.89,386.65
1796080620000000000,2026-11-30T23:17:00Z,controller 2,0.428,6.827,-3.29,174.89,367.04,10.47,0.6,100.0,3,On,1325.93,398.88
1796080680000000000,2026-11-30T23:18:00Z,controller 2,0.412,6.908,106.21,136.19,480.0,10.44,0.54,100.0,3,On,636.38,772.61
1796080740000000000,2026-11-30T23:19:00Z,controller 1,0.445,6.494,-3.72,391.77,26.5,10.43,0.58,100.0,3,On,607.57,523.47
1796080800000000000,2026-11-30T23:20:00Z,controller 1,0.414,6.923,130.65,113.27,139.45,10.43,0.58,100.0,1,On,595.38,498.51
1796080860000000000,2026-11-30T23:21:00Z,controller 1,0.326,6.374,145.79,226.55,435.51,10.41,0.32,100.0,2,On,551.07,475.42
1796080920000000000,2026-11-30T23:22:00Z,controller 1,0.416,6.736,9.72,345.18,345.14,10.4,0.6,100.0,1,On,530.93,482.73
1796080980000000000,2026-11-30T23:23:00Z,controller 2,0.429,6.907,151.27,10.38,403.22,10.39,0.58,100.0,1,On,491.25,497.43
1796081040000000000,2026-11-30T23:24:00Z,controller 2,0.396,6.492,154.81,291.97,524.99,10.38,0.55,100.0,2,On,517.17,525.24
1796081100000000000,2026-11-30T23:25:00Z,controller 2,0.423,6.754,131.68,162.76,381.91,10.36,0.56,100.0,2,On,1117.45,477.72
1796081160000000000,2026-11-30T23:26:00Z,free response,0.429,6.418,36.08,19.76,291.95,10.35,0.64,100.0,2,On,1157.93,475.97
1796081220000000000,2026-11-30T23:27:00Z,controller 1,0.34,6.8,105.87,426.31,279.31,10.32,0.37,100.0,1,On,1192.93,464.37
1796081280000000000,2026-11-30T23:28:00Z,controller 2,0.307,6.611,-29.17,267.98,243.95,10.3,0.31,100.0,3,On,1187.33,487.77
1796081340000000000,2026-11-30T23:29:00Z,controller 2,0.436,6.665,82.25,339.45,306.69,10.28,0.66,100.0,1,On,1214.77,468.0
1796081400000000000,2026-11-30T23:30:00Z,controller 2,1.507,10.157,140.55,361.85,456.69,10.24,11.93,100.0,3,On,1243.74,448.07
1796081460000000000,2026-11-30T23:31:00Z,controller 1,1.472,10.635,-8.81,342.3,536.01,10.23,12.5,100.0,1,On,1274.16,447.66
1796081520000000000,2026-11-30T23:32:00Z,controller 1,1.472,10.128,191.75,132.92,40.57,10.22,10.97,100.0,1,On,1321.92,459.15
1796081580000000000,2026-11-30T23:33:00Z,controller 1,1.374,10.11,112.19,396.86,140.58,10.19,10.23,100.0,1,On,1316.22,442.77
1796081640000000000,2026-11-30T23:34:00Z,free response,1.416,10.555,1.25,260.1,209.87,10.16,9.67,100.0,1,On,1288.03,450.54
1796081700000000000,2026-11-30T23:35:00Z,controller 2,1.357,10.657,189.47,26.22,22.7,10.13,10.1,100.0,1,On,858.29,559.94
1796081760000000000,2026-11-30T23:36:00Z,free response,1.42,10.468,36.23,18.24,61.16,10.12,10.82,100.0,3,On,828.33,563.16
1796081820000000000,2026-11-30T23:37:00Z,controller 1,1.408,10.396,187.25,6.26,327.47,10.1,10.41,100.0,1,On,828.52,574.13
1796081880000000000,2026-11-30T23:38:00Z,controller 1,1.431,10.526,-23.95,293.31,120.88,10.08,10.23,100.0,1,On,856.96,563.12
1796081940000000000,2026-11-30T23:39:00Z,free response,1.423,10.56,-25.73,401.15,111.97,10.04,11.51,100.0,3,On,885.53,566.78
1796082000000000000,2026-11-30T23:40:00Z,controller 2,1.473,10.576,96.22,317.06,293.29,10.02,12.46,100.0,3,On,906.59,558.7
1796082060000000000,2026-11-30T23:41:00Z,free response,1.365,10.739,33.48,168.06,403.96,10.01,9.6,100.0,2,On,951.63,572.72
1796082120000000000,2026-11-30T23:42:00Z,controller 2,1.468,10.198,-12.11,5.37,262.9,9.99,11.6,100.0,3,On,955.4,582.78
1796082180000000000,2026-11-30T23:43:00Z,controller 2,1.51,10.211,159.07,34.89,61.32,9.96,11.85,100.0,2,On,972.36,580.21
1796082240000000000,2026-11-30T23:44:00Z,controller 2,1.468,10.257,137.28,253.07,583.73,9.95,11.31,100.0,2,On,925.29,559.79
1796082300000000000,2026-11-30T23:45:00Z,controller 1,1.474,10.394,105.87,9.47,273.04,9.93,10.37,100.0,1,On,903.66,584.18
1796082360000000000,2026-11-30T23:46:00Z,controller 2,1.37,10.312,114.51,66.32,486.84,9.92,9.06,100.0,2,On,944.64,574.62
1796082420000000000,2026-11-30T23:47:00Z,free response,1.396,10.55,117.99,403.87,89.0,9.9,10.27,100.0,2,On,950.2,555.59
1796082480000000000,2026-11-30T23:48:00Z,free response,1.367,10.137,59.67,389.45,421.26,9.89,9.9,100.0,3,On,1308.28,730.19
1796082540000000000,2026-11-30T23:49:00Z,controller 2,1.458,10.56,3.72,57.17,152.94,9.86,11.63,100.0,1,On,1307.61,759.94
1796082600000000000,2026-11-30T23:50:00Z,controller 2,1.505,10.197,109.63,394.96,469.02,9.83,11.34,100.0,3,On,1322.52,746.86
1796082660000000000,2026-11-30T23:51:00Z,controller 1,1.472,10.604,73.17,75.85,509.58,9.8,10.95,100.0,2,On,1274.74,721.1
1796082720000000000,2026-11-30T23:52:00Z,free response,1.414,10.571,-3.85,74.18,437.89,9.88,10.32,100.0,3,Starting,1233.4,733.74
1796082780000000000,2026-11-30T23:53:00Z,controller 2,1.409,10.386,5.31,126.32,416.86,9.93,10.83,100.0,3,Starting,1198.63,728.04
1796082840000000000,2026-11-30T23:54:00Z,controller 2,1.503,10.333,106.24,219.53,536.19,10.02,11.21,100.0,3,Starting,1242.73,754.73
1796082900000000000,2026-11-30T23:55:00Z,free response,1.395,10.68,-20.95,313.61,281.0,10.05,9.73,100.0,1,Starting,1194.87,780.3
1796082960000000000,2026-11-30T23:56:00Z,controller 1,1.422,10.38,78.24,181.49,441.18,10.14,10.34,100.0,2,Starting,1217.78,784.6
1796083020000000000,2026-11-30T23:57:00Z,controller 1,1.385,10.237,56.58,176.32,26.82,10.18,9.83,100.0,1,Starting,1221.97,764.1
1796083080000000000,2026-11-30T23:58:00Z,controller 1,1.521,10.131,96.84,266.47,412.82,10.22,11.53,100.0,3,Starting,1195.34,790.09
1796083140000000000,2026-11-30T23:59:00Z,controller 2,1.46,10.55,68.12,58.12,211.46,10.3,10.99,100.0,2,Starting,1202.89,771.34
