timestamp_ns,timestamp_iso,controller,hs,tp,avg_power,power_in,power_out,battery_pct,sea_state_energy,efficiency,peaks,nextwave,nextwave_error,nextwave_error_2
1791936000000000000,2026-10-14T00:00:00Z,controller 2,2.335,6.075,110.27,368.22,236.33,3.73,17.48,100.0,1,Starting,1240.6,790.77
1791936060000000000,2026-10-14T00:01:00Z,controller 2,2.318,6.094,101.03,307.94,25.88,3.72,17.21,100.0,3,Starting,1273.78,767.94
1791936120000000000,2026-10-14T00:02:00Z,controller 2,2.277,6.681,188.16,163.16,40.65,3.7,17.46,100.0,3,Starting,1243.52,779.18
1791936180000000000,2026-10-14T00:03:00Z,controller 1,2.407,6.048,106.24,424.29,60.81,3.69,17.88,100.0,3,Starting,1227.39,764.02
1791936240000000000,2026-10-14T00:04:00Z,controller 1,2.367,6.402,-25.44,219.16,289.27,3.68,17.63,100.0,2,Starting,1181.53,769.76
1791936300000000000,2026-10-14T00:05:00Z,free response,2.418,6.028,27.15,151.01,464.5,3.66,19.27,100.0,1,Starting,1204.87,776.81
1791936360000000000,2026-10-14T00:06:00Z,free response,2.257,5.991,38.96,56.48,299.73,3.62,16.77,100.0,1,Starting,1179.25,780.24
1791936420000000000,2026-10-14T00:07:00Z,controller 2,2.416,6.003,96.2,159.83,82.28,3.61,15.87,100.0,1,Starting,1179.44,809.22
1791936480000000000,2026-10-14T00:08:00Z,controller 1,2.364,6.379,76.36,180.96,544.14,3.59,19.17,100.0,3,Starting,1179.95,823.36
1791936540000000000,2026-10-14T00:09:00Z,controller 1,2.282,6.047,97.53,11.85,323.12,3.59,15.88,100.0,3,Starting,1184.06,803.22
1791936600000000000,2026-10-14T00:10:00Z,free response,2.363,6.452,0.75,119.17,305.08,3.57,16.79,100.0,2,Starting,1168.81,804.79
1791936660000000000,2026-10-14T00:11:00Z,controller 2,2.428,6.247,96.53,146.22,275.97,3.56,19.89,100.0,2,Starting,1122.35,819.09
1791936720000000000,2026-10-14T00:12:00Z,free response,2.393,6.375,-7.05,184.29,547.53,3.55,18.68,100.0,3,Starting,1130.89,819.84
1791936780000000000,2026-10-14T00:13:00Z,controller 1,2.406,6.58,-18.37,343.62,242.16,3.52,17.47,100.0,3,Starting,1173.17,825.4
1791936840000000000,2026-10-14T00:14:00Z,free response,2.316,6.263,49.39,253.82,384.11,3.49,18.11,100.0,2,Starting,1157.87,853.27
1791936900000000000,2026-10-14T00:15:00Z,controller 1,2.31,6.672,-12.52,70.77,279.86,3.47,18.89,100.0,3,Starting,1199.0,840.43
1791936960000000000,2026-10-14T00:16:00Z,controller 2,2.336,6.089,197.01,144.35,457.13,3.45,16.75,100.0,3,Starting,1167.7,867.01
1791937020000000000,2026-10-14T00:17:00Z,controller 2,2.281,6.108,-6.66,81.01,105.68,3.44,15.47,100.0,2,Starting,1177.63,885.33
1791937080000000000,2026-10-14T00:18:00Z,controller 1,2.426,6.292,-19.9,373.48,414.95,3.41,16.75,100.0,2,Starting,1165.17,875.47
1791937140000000000,2026-10-14T00:19:00Z,controller 1,2.405,6.372,155.55,387.99,567.48,3.38,17.25,100.0,2,Starting,1207.92,896.99
1791937200000000000,2026-10-14T00:20:00Z,free response,2.379,6.516,120.02,244.64,279.03,3.36,18.67,100.0,1,Starting,1183.95,871.39
1791937260000000000,2026-10-14T00:21:00Z,free response,2.416,6.039,44.23,444.25,1.28,3.33,18.56,6.9,3,Starting,1191.53,869.56
1791937320000000000,2026-10-14T00:22:00Z,controller 1,2.268,6.647,190.12,14.76,281.5,3.3,16.23,100.0,3,Starting,1162.91,865.02
1791937380000000000,2026-10-14T00:23:00Z,free response,2.404,6.399,121.62,119.76,558.42,3.28,17.91,100.0,2,Starting,1136.69,860.06
1791937440000000000,2026-10-14T00:24:00Z,controller 1,2.363,6.606,-26.03,305.43,339.17,3.28,18.57,100.0,2,Starting,1092.18,851.83
1791937500000000000,2026-10-14T00:25:00Z,controller 1,2.28,6.634,16.0,84.03,389.54,3.25,16.42,100.0,2,Starting,1052.87,864.34
1791937560000000000,2026-10-14T00:26:00Z,controller 2,2.43,6.016,84.31,301.47,6.78,3.23,19.31,35.11,1,Starting,1035.81,846.49
1791937620000000000,2026-10-14T00:27:00Z,free response,2.302,6.548,76.74,336.46,32.39,3.21,15.94,100.0,1,Starting,993.71,817.27
1791937680000000000,2026-10-14T00:28:00Z,free response,2.281,6.101,123.13,307.26,580.06,3.18,17.33,100.0,2,Starting,1019.08,843.47
1791937740000000000,2026-10-14T00:29:00Z,free response,2.32,6.428,58.76,170.07,182.86,3.15,16.01,100.0,3,Starting,990.69,862.47
1791937800000000000,2026-10-14T00:30:00Z,controller 2,2.239,2.526,66.45,183.35,44.65,3.12,5.96,100.0,3,Starting,1001.85,864.55
1791937860000000000,2026-10-14T00:31:00Z,controller 2,2.318,2.617,46.49,321.59,424.08,3.09,6.86,100.0,2,Starting,1004.73,863.26
1791937920000000000,2026-10-14T00:32:00Z,controller 1,2.313,2.46,188.48,416.12,247.31,3.07,6.07,100.0,3,Starting,1048.97,884.09
1791937980000000000,2026-10-14T00:33:00Z,free response,2.281,2.349,78.65,448.65,539.75,3.05,5.61,100.0,2,Starting,1085.06,884.91
1791938040000000000,2026-10-14T00:34:00Z,controller 1,2.18,2.007,109.06,153.75,451.41,3.04,4.72,100.0,2,Starting,1134.42,897.94
1791938100000000000,2026-10-14T00:35:00Z,free response,2.214,2.008,27.35,47.24,4.04,3.02,4.44,90.99,1,Starting,1119.8,894.41
1791938160000000000,2026-10-14T00:36:00Z,free response,2.34,2.584,12.37,444.18,515.03,2.99,7.27,100.0,3,Starting,1089.93,877.46
1791938220000000000,2026-10-14T00:37:00Z,controller 1,2.233,2.044,148.36,275.63,102.63,2.97,5.57,100.0,3,Starting,1091.02,876.46
1791938280000000000,2026-10-14T00:38:00Z,controller 2,2.26,1.997,-10.06,221.58,322.07,2.95,5.32,100.0,1,Starting,1059.6,898.13
1791938340000000000,2026-10-14T00:39:00Z,controller 1,2.252,2.119,142.65,118.65,322.95,2.93,5.2,100.0,3,Starting,1016.6,905.36
1791938400000000000,2026-10-14T00:40:00Z,controller 1,2.231,2.36,4.06,356.78,447.19,2.91,6.15,100.0,2,Starting,1057.1,876.34
1791938460000000000,2026-10-14T00:41:00Z,free response,2.196,2.616,-8.63,178.67,255.45,2.9,6.78,100.0,3,Starting,1065.87,900.12
1791938520000000000,2026-10-14T00:42:00Z,controller 1,2.309,1.962,115.27,435.35,8.02,2.88,5.25,100.0,2,Off,1101.46,921.88
1791938580000000000,2026-10-14T00:43:00Z,free response,2.333,2.054,132.05,275.48,357.57,2.87,5.11,100.0,1,Off,1063.69,892.68
1791938640000000000,2026-10-14T00:44:00Z,controller 2,2.273,2.362,2.0,289.01,208.27,2.85,5.72,100.0,1,Off,1027.43,908.39
1791938700000000000,2026-10-14T00:45:00Z,controller 1,2.276,2.735,92.74,369.07,568.16,2.84,6.77,100.0,3,Off,1057.4,919.26
1791938760000000000,2026-10-14T00:46:00Z,free response,2.334,2.183,116.67,113.06,197.36,2.82,6.48,100.0,1,Off,1041.51,909.13
1791938820000000000,2026-10-14T00:47:00Z,controller 2,2.304,2.621,139.51,106.0,572.71,2.8,6.37,100.0,2,Off,1017.82,938.59
1791938880000000000,2026-10-14T00:48:00Z,free response,2.241,2.366,134.05,216.68,13.4,2.78,5.48,100.0,2,Off,826.17,879.81
1791938940000000000,2026-10-14T00:49:00Z,controller 2,2.232,2.63,113.82,47.22,112.24,2.76,5.93,100.0,3,Off,823.09,851.77
1791939000000000000,2026-10-14T00:50:00Z,free response,2.278,2.025,21.44,282.63,184.98,2.73,4.8,100.0,3,Off,842.2,832.14
1791939060000000000,2026-10-14T00:51:00Z,free response,2.232,2.344,24.9,40.66,151.55,2.72,5.47,100.0,1,Off,837.39,845.86
1791939120000000000,2026-10-14T00:52:00Z,controller 1,2.34,2.218,6.9,283.38,372.75,2.71,6.3,100.0,3,Off,839.86,825.03
1791939180000000000,2026-10-14T00:53:00Z,controller 1,2.276,2.542,6.72,373.81,496.58,2.71,7.24,100.0,3,Off,848.78,845.02
1791939240000000000,2026-10-14T00:54:00Z,free response,2.192,2.726,142.74,297.65,305.91,2.7,6.13,100.0,1,Off,852.66,865.27
1791939300000000000,2026-10-14T00:55:00Z,controller 1,2.252,2.084,-16.03,182.37,106.08,2.67,4.76,100.0,1,Off,893.27,841.34
1791939360000000000,2026-10-14T00:56:00Z,controller 1,2.333,2.577,72.21,316.16,221.82,2.65,6.99,100.0,2,Off,892.24,832.24
1791939420000000000,2026-10-14T00:57:00Z,free response,2.255,2.203,70.16,221.97,2.83,2.63,5.11,55.38,2,Off,886.68,841.93
1791939480000000000,2026-10-14T00:58:00Z,controller 2,2.285,2.378,122.74,138.78,135.87,2.62,6.5,100.0,1,Off,930.04,834.41
1791939540000000000,2026-10-14T00:59:00Z,controller 2,2.25,2.348,174.98,320.93,430.42,2.58,6.44,100.0,3,Off,913.71,858.12
1791939600000000000,2026-10-14T01:00:00Z,controller 2,2.406,7.258,174.7,81.0,72.28,2.56,20.45,100.0,3,Off,934.07,858.35
1791939660000000000,2026-10-14T01:01:00Z,controller 1,2.284,7.522,100.56,49.36,108.09,2.54,21.44,100.0,3,Off,914.81,850.21
1791939720000000000,2026-10-14T01:02:00Z,free response,2.269,7.277,16.83,329.22,155.23,2.51,18.21,100.0,3,Off,876.15,829.87
1791939780000000000,2026-10-14T01:03:00Z,free response,2.348,7.224,119.08,192.97,403.87,2.51,19.25,100.0,1,Off,918.75,815.05
1791939840000000000,2026-10-14T01:04:00Z,free response,2.322,7.907,99.45,175.07,233.34,2.5,22.29,100.0,2,Off,939.46,406.19
1791939900000000000,2026-10-14T01:05:00Z,controller 1,2.397,7.309,22.17,387.32,98.06,2.48,22.76,100.0,1,Off,909.06,392.99
1791939960000000000,2026-10-14T01:06:00Z,controller 2,2.354,7.507,126.12,373.79,452.57,2.47,21.77,100.0,3,Off,933.5,413.56
1791940020000000000,2026-10-14T01:07:00Z,free response,2.291,7.959,-21.52,127.51,365.81,2.45,19.33,100.0,1,Off,891.88,441.13
1791940080000000000,2026-10-14T01:08:00Z,free response,2.417,7.896,73.23,395.07,273.44,2.41,22.82,100.0,3,Off,898.65,450.06
1791940140000000000,2026-10-14T01:09:00Z,controller 2,2.416,7.549,-11.99,189.08,252.62,2.38,20.36,100.0,3,Off,1266.68,851.33
1791940200000000000,2026-10-14T01:10:00Z,free response,2.385,7.221,199.02,3.27,588.06,2.37,20.27,100.0,1,Off,1291.16,866.31
1791940260000000000,2026-10-14T01:11:00Z,controller 2,2.418,7.416,19.96,234.79,511.9,2.35,21.93,100.0,2,Off,1292.18,892.02
1791940320000000000,2026-10-14T01:12:00Z,controller 1,2.293,7.532,198.67,395.44,21.22,2.34,20.4,100.0,3,Off,532.43,537.97
1791940380000000000,2026-10-14T01:13:00Z,free response,2.262,7.312,100.77,351.48,537.95,2.31,20.06,100.0,1,Off,553.29,528.85
1791940440000000000,2026-10-14T01:14:00Z,controller 1,2.296,7.626,-7.83,86.77,289.66,2.29,19.95,100.0,1,Off,505.24,536.28
1791940500000000000,2026-10-14T01:15:00Z,controller 1,2.258,7.69,183.65,212.48,522.95,2.27,19.78,100.0,1,Off,528.16,549.02
1791940560000000000,2026-10-14T01:16:00Z,controller 2,2.29,7.213,32.55,444.3,173.53,2.25,20.73,100.0,3,Off,518.01,577.46
1791940620000000000,2026-10-14T01:17:00Z,controller 2,2.433,7.643,-19.49,44.25,316.15,2.23,23.39,100.0,1,Off,531.63,574.32
1791940680000000000,2026-10-14T01:18:00Z,controller 1,2.267,7.946,44.58,161.77,192.33,2.23,20.85,100.0,1,Off,489.87,599.12
1791940740000000000,2026-10-14T01:19:00Z,controller 2,2.307,7.45,41.84,402.65,258.27,2.21,18.98,100.0,3,Off,461.74,583.82
1791940800000000000,2026-10-14T01:20:00Z,controller 1,2.405,7.208,18.24,245.92,13.52,2.19,21.8,62.02,2,Off,506.78,585.63
1791940860000000000,2026-10-14T01:21:00Z,controller 2,2.317,7.647,82.32,149.57,29.34,2.17,19.76,100.0,3,Off,548.18,591.48
1791940920000000000,2026-10-14T01:22:00Z,controller 2,2.297,7.568,162.04,179.85,450.23,2.13,21.76,100.0,3,Off,587.29,579.85
1791940980000000000,2026-10-14T01:23:00Z,controller 2,2.317,7.826,186.04,249.0,115.1,2.12,23.08,100.0,1,Off,540.93,607.55
1791941040000000000,2026-10-14T01:24:00Z,controller 2,2.407,7.231,121.4,55.8,415.44,2.09,21.85,100.0,3,Off,544.2,626.73
1791941100000000000,2026-10-14T01:25:00Z,controller 1,2.387,7.345,102.24,340.78,158.42,2.08,19.87,100.0,3,Off,497.53,638.66
1791941160000000000,2026-10-14T01:26:00Z,free response,2.432,7.922,65.39,40.86,582.47,2.04,24.83,100.0,2,Off,1219.0,889.09
1791941220000000000,2026-10-14T01:27:00Z,controller 2,2.294,7.557,105.59,31.72,168.91,2.02,18.46,100.0,2,Off,1259.6,908.93
1791941280000000000,2026-10-14T01:28:00Z,free response,2.253,7.672,181.76,171.71,441.45,2.01,19.61,100.0,2,Off,1237.08,903.61
1791941340000000000,2026-10-14T01:29:00Z,controller 1,2.401,7.822,105.67,414.45,134.32,1.99,23.19,100.0,1,Off,1189.88,881.81
1791941400000000000,2026-10-14T01:30:00Z,controller 2,0.972,6.599,50.32,55.49,593.3,1.96,3.38,100.0,2,Off,1173.12,878.71
1791941460000000000,2026-10-14T01:31:00Z,controller 1,0.954,6.861,112.19,442.1,279.97,1.96,3.05,100.0,3,Off,1153.4,906.13
1791941520000000000,2026-10-14T01:32:00Z,controller 2,0.935,6.542,13.47,301.0,287.85,1.93,2.6,100.0,1,Off,1121.39,929.91
1791941580000000000,2026-10-14T01:33:00Z,controller 2,1.002,6.683,195.04,356.81,38.09,1.91,3.46,100.0,2,Off,1315.81,830.1
1791941640000000000,2026-10-14T01:34:00Z,controller 2,0.947,6.554,79.3,425.31,134.27,1.88,2.73,100.0,3,Off,1328.52,813.04
1791941700000000000,2026-10-14T01:35:00Z,free response,1.07,6.601,-12.79,445.29,520.94,1.84,4.12,100.0,2,Off,1311.67,815.95
1791941760000000000,2026-10-14T01:36:00Z,controller 1,1.035,6.859,194.63,206.19,53.42,1.81,3.45,100.0,1,Off,1306.32,823.36
1791941820000000000,2026-10-14T01:37:00Z,controller 2,1.078,6.595,161.56,205.67,181.41,1.8,3.72,100.0,2,Off,1283.01,803.98
1791941880000000000,2026-10-14T01:38:00Z,free response,0.957,6.332,92.99,36.5,481.34,1.76,2.77,100.0,3,Off,691.94,563.16
1791941940000000000,2026-10-14T01:39:00Z,controller 1,0.945,6.36,81.96,92.42,452.39,1.74,2.79,100.0,1,Off,642.96,540.57
1791942000000000000,2026-10-14T01:40:00Z,controller 1,0.993,6.602,71.41,240.03,203.23,1.71,3.28,100.0,3,Off,674.89,565.03
1791942060000000000,2026-10-14T01:41:00Z,controller 1,0.92,6.817,105.88,163.54,336.22,1.7,2.83,100.0,3,Off,667.62,563.26
1791942120000000000,2026-10-14T01:42:00Z,controller 1,0.972,6.648,106.03,217.34,91.67,1.68,2.98,100.0,2,Off,669.84,577.76
1791942180000000000,2026-10-14T01:43:00Z,free response,1.02,6.705,115.63,387.82,460.85,1.65,3.81,100.0,3,Off,640.42,596.23
1791942240000000000,2026-10-14T01:44:00Z,controller 2,1.079,6.294,142.7,263.93,176.88,1.63,3.6,100.0,1,Off,1044.37,745.66
1791942300000000000,2026-10-14T01:45:00Z,controller 1,0.976,6.688,174.07,123.8,413.76,1.6,3.33,100.0,3,Off,1002.27,727.32
1791942360000000000,2026-10-14T01:46:00Z,controller 1,1.0,6.29,193.48,228.53,327.15,1.57,2.87,100.0,3,Off,1025.19,750.59
1791942420000000000,2026-10-14T01:47:00Z,free response,1.061,6.533,87.55,421.4,115.89,1.55,3.99,100.0,3,Off,979.97,741.86
1791942480000000000,2026-10-14T01:48:00Z,controller 1,0.92,6.769,184.54,317.57,562.95,1.53,3.09,100.0,2,Off,980.24,760.94
1791942540000000000,2026-10-14T01:49:00Z,controller 2,0.954,6.48,139.11,47.87,168.04,1.5,2.98,100.0,3,Off,1471.98,756.82
1791942600000000000,2026-10-14T01:50:00Z,controller 2,0.94,6.429,72.59,142.89,538.49,1.47,2.66,100.0,2,Off,1500.0,752.74
1791942660000000000,2026-10-14T01:51:00Z,controller 2,0.974,6.854,11.9,433.12,390.62,1.43,3.43,100.0,3,Off,1500.0,778.81
1791942720000000000,2026-10-14T01:52:00Z,controller 2,1.053,6.759,15.41,307.7,341.71,1.4,3.81,100.0,3,Off,1500.0,756.4
1791942780000000000,2026-10-14T01:53:00Z,controller 2,0.975,6.544,96.33,300.67,361.63,1.38,3.28,100.0,1,Off,1500.0,779.84
1791942840000000000,2026-10-14T01:54:00Z,free response,1.085,6.842,162.98,293.93,534.67,1.35,4.37,100.0,2,Off,1500.0,761.39
1791942900000000000,2026-10-14T01:55:00Z,free response,1.059,6.454,150.78,76.82,195.67,1.33,3.47,100.0,1,Off,1500.0,733.98
1791942960000000000,2026-10-14T01:56:00Z,controller 1,1.058,6.848,102.44,276.29,312.67,1.31,3.99,100.0,1,Off,1500.0,757.68
1791943020000000000,2026-10-14T01:57:00Z,controller 2,1.007,6.604,47.61,377.6,330.06,1.31,3.36,100.0,1,Off,1500.0,770.27
1791943080000000000,2026-10-14T01:58:00Z,controller 2,1.01,6.714,-12.34,121.94,517.16,1.29,3.65,100.0,2,Starting,1470.56,751.43
1791943140000000000,2026-10-14T01:59:00Z,controller 1,0.98,6.409,70.89,426.89,593.41,1.28,3.05,100.0,2,Starting,1500.0,738.18
1791943200000000000,2026-10-14T02:00:00Z,free response,1.326,7.674,141.66,440.45,332.15,1.27,6.8,100.0,3,Starting,1500.0,756.08
1791943260000000000,2026-10-14T02:01:00Z,controller 1,1.461,7.938,33.65,378.04,305.05,1.24,7.94,100.0,3,Starting,1500.0,762.03
1791943320000000000,2026-10-14T02:02:00Z,controller 1,1.439,7.851,73.3,369.38,29.02,1.21,8.83,100.0,3,Starting,1500.0,737.26
1791943380000000000,2026-10-14T02:03:00Z,controller 2,1.388,7.763,2.91,388.51,264.17,1.18,6.94,100.0,3,Starting,1492.54,737.26
1791943440000000000,2026-10-14T02:04:00Z,controller 1,1.474,8.192,-7.55,27.34,585.61,1.18,9.32,100.0,1,Starting,1500.0,754.93
1791943500000000000,2026-10-14T02:05:00Z,free response,1.383,7.825,192.36,340.92,17.18,1.15,7.77,100.0,2,Starting,1499.57,778.15
1791943560000000000,2026-10-14T02:06:00Z,controller 1,1.472,8.018,103.97,63.08,99.26,1.14,8.24,100.0,3,Starting,1451.63,773.01
1791943620000000000,2026-10-14T02:07:00Z,controller 1,1.477,8.104,76.96,65.69,582.88,1.11,8.04,100.0,1,Starting,1412.12,773.72
1791943680000000000,2026-10-14T02:08:00Z,controller 1,1.483,7.983,-2.24,134.28,91.41,1.1,9.56,100.0,1,Starting,1442.26,769.63
1791943740000000000,2026-10-14T02:09:00Z,controller 2,1.473,7.964,112.33,284.71,14.39,1.08,9.39,100.0,1,Starting,1421.34,752.36
1791943800000000000,2026-10-14T02:10:00Z,free response,1.487,8.02,72.62,260.18,463.12,1.07,9.33,100.0,3,Starting,1397.56,755.54
1791943860000000000,2026-10-14T02:11:00Z,controller 2,1.334,7.796,69.61,234.77,70.29,1.05,7.05,100.0,1,Starting,1362.65,734.75
1791943920000000000,2026-10-14T02:12:00Z,controller 2,1.463,8.152,-20.93,173.88,110.87,1.02,9.01,100.0,3,Starting,1326.91,706.53
1791943980000000000,2026-10-14T02:13:00Z,free response,1.444,8.126,48.52,347.38,260.03,0.99,8.61,100.0,3,Starting,1319.7,684.97
1791944040000000000,2026-10-14T02:14:00Z,controller 2,1.371,8.276,145.1,189.5,357.0,0.97,7.05,100.0,3,Starting,1357.49,663.53
1791944100000000000,2026-10-14T02:15:00Z,controller 1,1.495,8.091,60.75,376.73,442.54,0.95,9.78,100.0,3,Starting,1401.95,679.45
1791944160000000000,2026-10-14T02:16:00Z,free response,1.471,8.361,-26.39,389.38,70.98,0.94,8.88,100.0,2,Starting,1418.57,676.02
1791944220000000000,2026-10-14T02:17:00Z,free response,1.355,8.216,175.37,407.06,396.86,0.91,7.92,100.0,1,Starting,1440.26,672.3
1791944280000000000,2026-10-14T02:18:00Z,controller 2,1.392,8.082,143.91,335.54,426.7,0.88,7.57,100.0,3,Starting,1469.74,644.79
1791944340000000000,2026-10-14T02:19:00Z,controller 2,1.353,7.969,116.24,297.1,488.41,0.86,7.35,100.0,2,Starting,1485.06,632.47
1791944400000000000,2026-10-14T02:20:00Z,controller 2,1.486,8.055,111.59,117.89,204.22,0.85,8.54,100.0,2,Starting,1454.78,659.64
1791944460000000000,2026-10-14T02:21:00Z,controller 2,1.451,8.179,96.04,363.44,246.13,0.82,8.03,100.0,3,Starting,1405.07,686.95
1791944520000000000,2026-10-14T02:22:00Z,controller 2,1.399,7.745,-3.65,76.7,322.11,0.8,7.92,100.0,3,Starting,1440.83,700.68
1791944580000000000,2026-10-14T02:23:00Z,controller 2,1.473,7.981,126.1,246.57,552.28,0.79,8.73,100.0,1,Starting,1454.74,727.58
1791944640000000000,2026-10-14T02:24:00Z,free response,1.488,8.301,34.74,232.47,86.18,0.76,9.11,100.0,2,Starting,1417.34,750.49
1791944700000000000,2026-10-14T02:25:00Z,controller 2,1.468,7.907,125.57,26.81,433.52,0.74,8.57,100.0,3,Starting,1405.43,763.56
1791944760000000000,2026-10-14T02:26:00Z,free response,1.497,7.929,32.11,404.12,562.84,0.71,8.23,100.0,2,Starting,1398.12,745.61
1791944820000000000,2026-10-14T02:27:00Z,controller 1,1.347,8.028,153.21,222.54,81.81,0.68,7.24,100.0,1,Starting,1423.77,741.47
1791944880000000000,2026-10-14T02:28:00Z,free response,1.4,7.744,198.23,335.65,211.98,0.66,7.42,100.0,3,Starting,1415.61,726.67
1791944940000000000,2026-10-14T02:29:00Z,controller 2,1.36,7.751,89.02,398.0,14.67,0.65,6.76,100.0,2,Starting,1464.03,706.29
1791945000000000000,2026-10-14T02:30:00Z,controller 1,0.957,9.83,5.0,297.94,10.81,0.62,4.2,100.0,3,Starting,1422.75,715.58
1791945060000000000,2026-10-14T02:31:00Z,free response,0.868,10.477,-22.52,275.69,548.66,0.6,3.96,100.0,1,Starting,1420.8,722.9
1791945120000000000,2026-10-14T02:32:00Z,free response,0.908,10.277,-1.73,342.8,233.58,0.58,4.57,100.0,1,Starting,1464.64,750.6
1791945180000000000,2026-10-14T02:33:00Z,controller 2,0.876,10.464,0.95,444.07,37.82,0.55,3.77,100.0,2,Starting,1474.23,739.95
1791945240000000000,2026-10-14T02:34:00Z,controller 1,0.911,9.908,7.88,100.06,252.4,0.53,4.32,100.0,2,Starting,1458.64,747.29
1791945300000000000,2026-10-14T02:35:00Z,free response,0.958,10.151,92.21,206.39,399.13,0.51,4.35,100.0,3,Starting,1452.44,760.65
1791945360000000000,2026-10-14T02:36:00Z,controller 1,0.959,10.222,111.81,19.21,350.42,0.5,4.68,100.0,2,Starting,1413.94,785.23
1791945420000000000,2026-10-14T02:37:00Z,controller 1,0.932,9.813,116.71,437.46,571.14,0.49,4.4,100.0,3,Starting,1295.23,991.12
1791945480000000000,2026-10-14T02:38:00Z,controller 1,0.845,10.354,138.13,428.16,249.59,0.46,3.38,100.0,3,Starting,1339.22,986.87
1791945540000000000,2026-10-14T02:39:00Z,controller 2,0.897,10.322,139.25,187.94,511.97,0.43,3.97,100.0,3,Starting,1326.07,1000.0
1791945600000000000,2026-10-14T02:40:00Z,controller 2,0.884,10.532,197.82,100.93,135.91,0.4,4.3,100.0,1,Starting,1292.96,988.43
1791945660000000000,2026-10-14T02:41:00Z,controller 2,0.837,9.861,176.95,426.23,419.57,0.38,3.31,100.0,3,Starting,1250.77,961.72
1791945720000000000,2026-10-14T02:42:00Z,free response,0.979,10.108,-1.59,277.93,153.37,0.35,4.73,100.0,1,Starting,1244.48,981.29
1791945780000000000,2026-10-14T02:43:00Z,controller 1,0.865,9.903,161.13,99.55,19.44,0.35,3.57,100.0,2,Starting,1269.45,987.89
1791945840000000000,2026-10-14T02:44:00Z,controller 2,0.935,10.435,38.45,217.06,404.98,0.32,4.58,100.0,2,Starting,1285.71,969.84
1791945900000000000,2026-10-14T02:45:00Z,controller 2,0.964,9.94,153.44,341.08,6.24,0.3,4.29,100.0,2,Starting,1260.43,981.43
1791945960000000000,2026-10-14T02:46:00Z,controller 1,0.82,9.931,-14.35,274.8,3.81,0.29,3.57,100.0,2,Starting,1275.5,967.13
1791946020000000000,2026-10-14T02:47:00Z,controller 2,0.816,10.433,11.25,272.97,57.24,0.27,3.45,100.0,3,Starting,1318.08,974.35
1791946080000000000,2026-10-14T02:48:00Z,controller 2,0.921,9.862,25.64,236.55,211.06,0.25,4.57,100.0,1,Starting,1307.88,985.15
1791946140000000000,2026-10-14T02:49:00Z,controller 1,0.97,10.021,160.0,84.94,336.84,0.24,5.0,100.0,3,Starting,1302.77,986.08
1791946200000000000,2026-10-14T02:50:00Z,controller 2,0.864,10.227,25.27,188.02,436.69,0.23,3.95,100.0,1,Starting,1307.97,1000.0
1791946260000000000,2026-10-14T02:51:00Z,controller 2,0.842,10.319,113.48,218.8,428.28,0.21,3.38,100.0,2,Starting,1272.47,1000.0
1791946320000000000,2026-10-14T02:52:00Z,controller 1,0.867,10.142,-20.12,113.93,569.58,0.2,3.8,100.0,2,Starting,1236.01,998.25
1791946380000000000,2026-10-14T02:53:00Z,free response,0.936,9.961,115.18,385.78,326.92,0.19,4.33,100.0,1,Starting,1240.86,1000.0
1791946440000000000,2026-10-14T02:54:00Z,controller 1,0.96,10.147,-15.14,126.45,572.61,0.18,4.5,100.0,1,Starting,937.01,410.31
1791946500000000000,2026-10-14T02:55:00Z,free response,0.914,10.148,97.57,259.77,187.6,0.14,3.93,100.0,3,Starting,896.5,425.03
1791946560000000000,2026-10-14T02:56:00Z,free response,0.91,9.998,129.59,166.23,529.49,0.12,4.33,100.0,2,Starting,883.69,402.75
1791946620000000000,2026-10-14T02:57:00Z,free response,0.939,9.996,69.9,22.78,317.31,0.1,4.37,100.0,1,Starting,924.81,403.24
1791946680000000000,2026-10-14T02:58:00Z,controller 2,0.83,10.229,-0.17,40.02,542.41,0.07,3.7,100.0,2,Starting,907.63,383.27
1791946740000000000,2026-10-14T02:59:00Z,controller 2,0.809,10.425,33.13,309.5,407.87,0.05,3.75,100.0,2,Starting,879.49,396.47
1791946800000000000,2026-10-14T03:00:00Z,free response,2.696,2.178,133.72,129.4,196.17,0.03,7.89,100.0,1,Starting,876.86,421.58
1791946860000000000,2026-10-14T03:01:00Z,free response,2.62,1.957,194.62,312.71,148.11,0.02,6.95,100.0,3,Starting,890.95,403.46
1791946920000000000,2026-10-14T03:02:00Z,free response,2.677,1.851,-18.89,320.4,498.08,0.0,6.77,100.0,1,Starting,908.88,384.97
1791946980000000000,2026-10-14T03:03:00Z,controller 2,2.691,2.047,-0.78,223.13,310.32,0.0,6.79,100.0,2,Starting,875.54,407.3
1791947040000000000,2026-10-14T03:04:00Z,controller 1,2.615,2.127,130.62,80.84,434.77,0.0,7.22,100.0,1,Starting,881.35,419.48
1791947100000000000,2026-10-14T03:05:00Z,controller 1,2.62,1.714,183.47,360.21,257.88,0.0,5.98,100.0,3,Starting,927.33,405.7
1791947160000000000,2026-10-14T03:06:00Z,controller 2,2.687,1.942,41.23,179.53,194.91,0.0,7.15,100.0,3,Starting,932.33,426.76
1791947220000000000,2026-10-14T03:07:00Z,free response,2.55,2.251,103.54,45.95,407.1,0.0,7.18,100.0,2,Starting,930.29,423.88
1791947280000000000,2026-10-14T03:08:00Z,controller 1,2.631,2.354,-14.33,163.37,157.6,0.0,7.63,100.0,1,Starting,938.02,428.08
1791947340000000000,2026-10-14T03:09:00Z,controller 1,2.555,1.81,172.34,342.81,348.11,0.0,6.17,100.0,3,Starting,893.54,435.32
1791947400000000000,2026-10-14T03:10:00Z,controller 2,2.603,1.961,177.25,11.07,175.8,0.0,6.31,100.0,1,Starting,878.16,421.49
1791947460000000000,2026-10-14T03:11:00Z,free response,2.661,1.904,161.87,54.99,507.23,0.0,6.57,100.0,2,Starting,839.17,437.05
1791947520000000000,2026-10-14T03:12:00Z,free response,2.564,2.291,107.11,245.97,595.35,0.0,8.12,100.0,2,Starting,881.99,609.52
1791947580000000000,2026-10-14T03:13:00Z,controller 1,2.648,2.136,-24.47,440.15,121.23,0.0,7.6,100.0,2,Starting,891.32,594.14
1791947640000000000,2026-10-14T03:14:00Z,controller 1,2.619,1.968,13.15,24.79,574.19,0.0,6.77,100.0,3,Starting,845.82,603.26
1791947700000000000,2026-10-14T03:15:00Z,controller 2,2.64,1.955,180.02,339.22,60.09,0.0,7.03,100.0,3,Starting,817.96,580.72
1791947760000000000,2026-10-14T03:16:00Z,controller 2,2.562,1.721,42.76,140.2,158.43,0.0,6.04,100.0,2,Starting,854.94,552.3
1791947820000000000,2026-10-14T03:17:00Z,free response,2.603,1.848,62.0,356.34,158.23,0.0,6.17,100.0,1,Starting,901.0,525.39
1791947880000000000,2026-10-14T03:18:00Z,free response,2.57,2.251,20.11,6.74,370.55,0.0,7.7,100.0,3,Starting,887.04,526.5
1791947940000000000,2026-10-14T03:19:00Z,free response,2.667,2.106,104.12,33.0,595.24,0.0,7.87,100.0,2,Starting,893.97,527.12
1791948000000000000,2026-10-14T03:20:00Z,free response,2.674,2.319,6.52,13.27,104.11,0.0,7.87,100.0,2,Starting,864.17,542.77
1791948060000000000,2026-10-14T03:21:00Z,controller 2,2.648,2.348,-28.98,214.18,320.7,0.0,8.12,100.0,2,Starting,1352.42,344.62
1791948120000000000,2026-10-14T03:22:00Z,controller 2,2.697,2.219,100.03,310.54,592.12,0.0,7.47,100.0,1,Starting,1320.37,342.82
1791948180000000000,2026-10-14T03:23:00Z,controller 2,2.66,2.005,1.42,84.96,377.02,0.0,7.15,100.0,2,Starting,1319.52,330.26
1791948240000000000,2026-10-14T03:24:00Z,controller 2,2.602,1.833,176.1,399.27,431.14,0.0,6.33,100.0,2,Starting,1318.96,356.95
1791948300000000000,2026-10-14T03:25:00Z,controller 2,2.564,1.757,123.0,111.46,244.0,0.0,6.26,100.0,3,Starting,1292.47,353.15
1791948360000000000,2026-10-14T03:26:00Z,controller 2,2.668,2.326,43.71,148.95,356.49,0.0,7.97,100.0,2,Starting,1279.28,342.78
1791948420000000000,2026-10-14T03:27:00Z,controller 2,2.657,2.359,71.96,417.04,13.98,0.0,8.28,100.0,1,Starting,1309.1,319.58
1791948480000000000,2026-10-14T03:28:00Z,controller 2,2.609,2.477,0.11,250.71,376.88,0.0,8.69,100.0,1,Starting,1307.94,317.54
1791948540000000000,2026-10-14T03:29:00Z,controller 2,2.694,2.262,74.3,126.08,422.79,0.0,7.92,100.0,1,Starting,1339.05,319.0
1791948600000000000,2026-10-14T03:30:00Z,free response,1.474,2.936,-20.62,243.91,251.92,0.0,3.35,100.0,3,Starting,1378.78,344.88
1791948660000000000,2026-10-14T03:31:00Z,controller 2,1.374,3.119,-5.29,275.44,188.44,0.0,2.92,100.0,1,Starting,1402.52,350.85
1791948720000000000,2026-10-14T03:32:00Z,controller 1,1.435,2.809,100.34,249.86,178.42,0.0,2.95,100.0,3,Starting,1447.31,342.11
1791948780000000000,2026-10-14T03:33:00Z,controller 2,1.52,3.101,58.35,438.6,578.04,0.0,3.53,100.0,3,Starting,1428.04,327.65
1791948840000000000,2026-10-14T03:34:00Z,free response,1.5,3.258,159.48,94.45,201.26,0.0,3.67,100.0,3,Starting,1430.52,336.75
1791948900000000000,2026-10-14T03:35:00Z,free response,1.426,3.189,34.64,272.88,514.02,0.0,3.36,100.0,2,Starting,1476.87,329.76
1791948960000000000,2026-10-14T03:36:00Z,controller 2,1.386,2.957,154.56,62.93,179.98,0.0,2.66,100.0,2,Starting,1430.13,352.58
1791949020000000000,2026-10-14T03:37:00Z,controller 2,1.381,3.116,177.34,133.91,24.92,0.0,3.2,100.0,2,Starting,1442.67,327.09
1791949080000000000,2026-10-14T03:38:00Z,controller 2,1.488,3.369,29.0,73.93,151.19,0.0,3.51,100.0,1,Starting,1396.27,347.32
1791949140000000000,2026-10-14T03:39:00Z,controller 1,1.487,3.27,73.64,103.06,300.37,0.0,3.81,100.0,1,Starting,1363.24,337.08
1791949200000000000,2026-10-14T03:40:00Z,free response,1.519,3.246,176.49,367.68,202.36,0.0,3.73,100.0,1,Starting,1342.25,307.27
1791949260000000000,2026-10-14T03:41:00Z,controller 2,1.524,3.388,25.56,136.69,504.1,0.0,3.82,100.0,2,Starting,1353.85,333.12
1791949320000000000,2026-10-14T03:42:00Z,controller 2,1.499,2.952,127.97,205.28,159.12,0.0,3.64,100.0,2,Starting,1392.91,341.22
1791949380000000000,2026-10-14T03:43:00Z,controller 2,1.472,3.132,-27.2,406.32,523.59,0.0,3.2,100.0,2,Starting,1406.32,347.58
1791949440000000000,2026-10-14T03:44:00Z,free response,1.365,2.801,144.73,262.45,158.1,0.0,2.4,100.0,1,Starting,622.5,999.63
1791949500000000000,2026-10-14T03:45:00Z,controller 1,1.471,3.29,66.04,181.29,413.39,0.0,3.75,100.0,3,Starting,651.71,1000.0
1791949560000000000,2026-10-14T03:46:00Z,controller 1,1.499,3.209,110.8,72.35,317.09,0.0,3.78,100.0,1,Starting,613.04,1000.0
1791949620000000000,2026-10-14T03:47:00Z,free response,1.387,3.447,183.24,205.65,296.95,0.0,3.11,100.0,2,Starting,581.65,1000.0
1791949680000000000,2026-10-14T03:48:00Z,free response,1.358,2.917,26.75,332.86,263.21,0.0,2.77,100.0,2,Starting,592.59,974.48
1791949740000000000,2026-10-14T03:49:00Z,free response,1.349,3.313,187.48,198.34,96.07,0.0,3.29,100.0,1,Starting,636.97,973.82
1791949800000000000,2026-10-14T03:50:00Z,controller 2,1.431,3.009,-2.9,141.81,547.34,0.0,2.87,100.0,2,Starting,635.78,985.94
1791949860000000000,2026-10-14T03:51:00Z,controller 2,1.514,3.495,89.06,111.92,358.03,0.0,4.27,100.0,3,Starting,652.3,998.39
1791949920000000000,2026-10-14T03:52:00Z,controller 1,1.521,2.981,-23.34,368.08,386.64,0.0,3.45,100.0,3,Starting,669.5,985.78
1791949980000000000,2026-10-14T03:53:00Z,controller 2,1.495,3.216,111.2,81.08,470.6,0.0,3.8,100.0,2,Starting,865.82,465.76
1791950040000000000,2026-10-14T03:54:00Z,free response,1.456,3.456,14.93,257.26,362.82,0.0,3.77,100.0,1,Starting,881.43,484.33
1791950100000000000,2026-10-14T03:55:00Z,controller 1,1.486,2.92,-17.94,263.03,387.0,0.0,3.21,100.0,2,Starting,833.04,477.95
1791950160000000000,2026-10-14T03:56:00Z,controller 2,1.497,3.309,50.53,89.54,290.8,0.0,3.72,100.0,1,Starting,1316.52,482.81
1791950220000000000,2026-10-14T03:57:00Z,controller 1,1.449,3.324,133.36,416.49,583.77,0.0,3.26,100.0,2,Starting,1334.06,475.96
1791950280000000000,2026-10-14T03:58:00Z,controller 2,1.505,2.93,178.82,430.61,213.19,0.0,3.22,100.0,2,Starting,1375.95,463.94
1791950340000000000,2026-10-14T03:59:00Z,controller 2,1.381,3.079,-26.96,6.99,468.05,0.0,3.05,100.0,2,Starting,1421.07,450.93
1791950400000000000,2026-10-14T04:00:00Z,free response,0.419,6.442,-26.08,100.36,273.46,0.0,0.53,100.0,3,Starting,716.14,315.52
1791950460000000000,2026-10-14T04:01:00Z,controller 2,0.404,6.34,-14.26,77.36,402.55,0.0,0.48,100.0,2,Starting,681.45,319.48
1791950520000000000,2026-10-14T04:02:00Z,controller 1,0.302,5.917,146.66,266.25,322.98,0.0,0.28,100.0,3,Starting,644.93,293.75
1791950580000000000,2026-10-14T04:03:00Z,controller 2,0.458,6.286,12.45,38.98,95.9,0.0,0.61,100.0,3,Starting,690.88,283.53
1791950640000000000,2026-10-14T04:04:00Z,free response,0.366,6.166,-15.83,443.97,567.47,0.0,0.41,100.0,2,Starting,708.46,299.8
1791950700000000000,2026-10-14T04:05:00Z,controller 1,0.348,6.537,142.29,338.83,508.99,0.0,0.43,100.0,3,Starting,705.75,312.27
1791950760000000000,2026-10-14T04:06:00Z,controller 1,0.436,6.462,172.22,430.09,368.49,0.0,0.55,100.0,2,Starting,664.78,301.94
1791950820000000000,2026-10-14T04:07:00Z,free response,0.369,6.201,187.64,112.84,522.06,0.0,0.4,100.0,1,Starting,635.89,320.97
1791950880000000000,2026-10-14T04:08:00Z,controller 2,0.313,6.458,197.51,191.92,120.18,0.0,0.32,100.0,3,Starting,674.43,303.7
1791950940000000000,2026-10-14T04:09:00Z,controller 2,0.406,6.509,181.52,393.35,140.26,0.0,0.52,100.0,2,Starting,693.63,324.01
1791951000000000000,2026-10-14T04:10:00Z,controller 1,0.298,5.786,122.46,439.39,394.93,0.0,0.27,100.0,1,Starting,717.91,297.17
1791951060000000000,2026-10-14T04:11:00Z,controller 2,0.333,6.185,161.5,17.17,370.74,0.0,0.32,100.0,1,Starting,766.6,277.13
1791951120000000000,2026-10-14T04:12:00Z,controller 1,0.413,6.406,142.01,310.56,43.26,0.0,0.54,100.0,1,Starting,773.47,269.81
1791951180000000000,2026-10-14T04:13:00Z,free response,0.309,6.327,82.96,379.56,282.07,0.0,0.28,100.0,1,Starting,800.98,264.37
1791951240000000000,2026-10-14T04:14:00Z,controller 1,0.361,6.375,123.65,314.61,210.56,0.0,0.4,100.0,3,Starting,812.44,282.25
1791951300000000000,2026-10-14T04:15:00Z,controller 1,0.318,6.004,13.24,85.48,343.6,0.0,0.33,100.0,1,Starting,783.74,278.2
1791951360000000000,2026-10-14T04:16:00Z,controller 2,0.365,6.366,163.66,207.79,582.5,0.0,0.41,100.0,3,Starting,759.74,275.04
1791951420000000000,2026-10-14T04:17:00Z,controller 2,0.388,6.34,172.55,141.29,412.42,0.0,0.44,100.0,2,Starting,776.47,288.47
1791951480000000000,2026-10-14T04:18:00Z,free response,0.37,6.152,97.19,56.67,392.11,0.0,0.45,100.0,3,Starting,757.47,315.13
1791951540000000000,2026-10-14T04:19:00Z,controller 1,0.442,6.337,191.29,177.99,26.26,0.0,0.63,100.0,1,Starting,754.2,285.67
1791951600000000000,2026-10-14T04:20:00Z,controller 2,0.446,6.459,87.61,97.56,385.41,0.0,0.66,100.0,1,Starting,720.0,304.84
1791951660000000000,2026-10-14T04:21:00Z,controller 2,0.298,5.929,90.61,362.74,284.81,0.0,0.25,100.0,2,Starting,769.25,326.43
1791951720000000000,2026-10-14T04:22:00Z,free response,0.338,6.242,94.44,412.53,482.75,0.0,0.35,100.0,1,Starting,774.31,316.61
1791951780000000000,2026-10-14T04:23:00Z,controller 2,0.4,5.78,160.84,230.91,243.46,0.0,0.51,100.0,3,Starting,733.42,290.7
1791951840000000000,2026-10-14T04:24:00Z,controller 2,0.456,6.421,120.99,256.31,333.78,0.0,0.61,100.0,1,Starting,689.44,264.79
1791951900000000000,2026-10-14T04:25:00Z,controller 2,0.309,6.521,128.05,73.98,199.98,0.0,0.31,100.0,3,Starting,706.02,240.92
1791951960000000000,2026-10-14T04:26:00Z,free response,0.332,6.449,49.04,125.2,501.59,0.0,0.33,100.0,1,Off,734.85,254.62
1791952020000000000,2026-10-14T04:27:00Z,free response,0.285,5.818,173.26,438.45,64.78,0.0,0.23,100.0,3,Off,708.62,271.39
1791952080000000000,2026-10-14T04:28:00Z,free response,0.445,5.822,73.21,83.73,568.05,0.0,0.6,100.0,1,Off,722.05,298.32
1791952140000000000,2026-10-14T04:29:00Z,controller 2,0.427,5.843,80.92,401.4,213.81,0.0,0.53,100.0,2,Off,749.68,268.47
1791952200000000000,2026-10-14T04:30:00Z,free response,2.519,3.717,121.27,415.23,351.82,0.0,11.33,100.0,2,Off,789.45,239.68
1791952260000000000,2026-10-14T04:31:00Z,controller 2,2.549,3.598,41.25,161.62,555.17,0.0,11.05,100.0,2,Off,1423.03,550.37
1791952320000000000,2026-10-14T04:32:00Z,controller 2,2.564,3.955,65.83,104.15,505.06,0.0,11.75,100.0,2,Off,1436.79,524.28
1791952380000000000,2026-10-14T04:33:00Z,controller 1,2.498,3.755,79.12,157.02,95.92,0.0,10.82,100.0,2,Off,1400.15,533.72
1791952440000000000,2026-10-14T04:34:00Z,controller 2,2.489,3.919,165.76,199.28,403.34,0.0,12.01,100.0,2,Off,1430.66,537.73
1791952500000000000,2026-10-14T04:35:00Z,free response,2.532,4.063,-25.06,180.42,566.88,0.0,12.7,100.0,1,Off,1405.0,544.79
1791952560000000000,2026-10-14T04:36:00Z,free response,2.475,4.063,74.01,223.18,375.33,0.0,12.34,100.0,1,Off,1447.41,537.89
1791952620000000000,2026-10-14T04:37:00Z,controller 2,2.549,3.686,166.48,389.58,132.25,0.0,12.89,100.0,3,Off,1497.07,517.48
1791952680000000000,2026-10-14T04:38:00Z,controller 2,2.473,3.301,157.92,323.88,37.71,0.0,9.62,100.0,1,Off,1468.76,534.2
1791952740000000000,2026-10-14T04:39:00Z,controller 2,2.623,3.317,138.82,424.59,411.32,0.0,11.75,100.0,3,Off,1465.36,538.69
1791952800000000000,2026-10-14T04:40:00Z,free response,2.472,3.93,5.11,234.18,270.96,0.0,11.15,100.0,3,Off,1418.68,525.34
1791952860000000000,2026-10-14T04:41:00Z,controller 1,2.463,3.556,198.14,191.56,338.86,0.0,9.94,100.0,3,Off,1412.29,541.79
1791952920000000000,2026-10-14T04:42:00Z,controller 1,2.5,3.439,161.67,148.61,327.72,0.0,10.67,100.0,3,Off,1362.79,540.79
1791952980000000000,2026-10-14T04:43:00Z,controller 1,2.52,3.298,104.4,343.98,222.52,0.0,9.61,100.0,3,Off,1332.89,540.1
1791953040000000000,2026-10-14T04:44:00Z,free response,2.605,3.88,113.7,25.92,109.35,0.0,14.42,100.0,3,Off,661.51,611.52
1791953100000000000,2026-10-14T04:45:00Z,controller 1,2.508,3.413,-28.35,439.46,547.76,0.0,9.79,100.0,1,Off,694.45,629.52
1791953160000000000,2026-10-14T04:46:00Z,controller 2,2.481,4.02,-10.95,86.97,38.62,0.0,11.57,100.0,1,Off,676.14,639.23
1791953220000000000,2026-10-14T04:47:00Z,controller 1,2.592,3.572,23.34,16.99,440.36,0.0,12.28,100.0,1,Off,662.28,650.19
1791953280000000000,2026-10-14T04:48:00Z,controller 1,2.536,3.504,30.06,55.8,183.49,0.0,12.38,100.0,2,Off,618.33,634.56
1791953340000000000,2026-10-14T04:49:00Z,controller 2,2.567,3.812,148.08,147.19,552.98,0.0,12.73,100.0,1,Off,622.68,617.43
1791953400000000000,2026-10-14T04:50:00Z,controller 2,2.533,3.771,43.09,335.91,525.44,0.0,11.58,100.0,3,Off,597.91,592.25
1791953460000000000,2026-10-14T04:51:00Z,controller 1,2.477,3.338,4.28,24.47,240.9,0.0,10.48,100.0,1,Off,598.72,591.05
1791953520000000000,2026-10-14T04:52:00Z,free response,2.499,3.845,23.05,178.7,265.42,0.0,12.67,100.0,1,Off,585.4,574.16
1791953580000000000,2026-10-14T04:53:00Z,controller 1,2.53,3.849,-28.15,366.17,532.34,0.0,11.94,100.0,3,Off,604.13,595.89
1791953640000000000,2026-10-14T04:54:00Z,controller 2,2.566,3.605,32.75,159.89,275.99,0.0,11.81,100.0,1,Off,625.42,599.11
1791953700000000000,2026-10-14T04:55:00Z,controller 2,2.595,3.655,130.16,126.99,472.7,0.0,11.8,100.0,2,Off,648.17,596.72
1791953760000000000,2026-10-14T04:56:00Z,controller 1,2.486,3.768,157.07,440.07,248.69,0.0,12.79,100.0,3,Off,642.67,598.87
1791953820000000000,2026-10-14T04:57:00Z,controller 2,2.638,3.861,19.58,337.76,66.05,0.0,13.44,100.0,2,Off,655.43,586.05
1791953880000000000,2026-10-14T04:58:00Z,controller 1,2.524,3.715,-10.33,421.51,276.97,0.0,12.01,100.0,3,Off,674.53,558.55
1791953940000000000,2026-10-14T04:59:00Z,free response,2.633,3.665,14.34,217.59,451.4,0.0,13.95,100.0,2,Off,659.52,548.22
1791954000000000000,2026-10-14T05:00:00Z,free response,1.962,8.594,69.09,239.1,492.66,0.0,15.25,100.0,1,Off,689.75,520.34
1791954060000000000,2026-10-14T05:01:00Z,free response,1.901,8.734,170.89,424.23,242.25,0.0,14.7,100.0,1,Off,675.71,517.49
1791954120000000000,2026-10-14T05:02:00Z,free response,1.831,8.473,59.81,303.56,20.02,0.0,15.59,100.0,1,Off,645.98,498.44
1791954180000000000,2026-10-14T05:03:00Z,free response,1.897,8.577,154.06,89.54,181.08,0.0,15.59,100.0,2,Off,678.13,504.61
1791954240000000000,2026-10-14T05:04:00Z,controller 2,1.851,8.196,117.7,96.35,564.97,0.0,13.94,100.0,2,Off,637.84,495.57
1791954300000000000,2026-10-14T05:05:00Z,controller 1,1.966,8.5,185.59,245.36,273.62,0.0,17.28,100.0,2,Off,593.09,507.9
1791954360000000000,2026-10-14T05:06:00Z,free response,1.898,8.77,138.9,39.85,356.24,0.0,14.36,100.0,2,Off,558.52,530.86
1791954420000000000,2026-10-14T05:07:00Z,controller 2,2.009,8.837,178.7,190.63,488.92,0.0,18.49,100.0,3,Off,552.31,534.86
1791954480000000000,2026-10-14T05:08:00Z,free response,1.943,8.731,20.42,103.5,51.43,0.0,17.06,100.0,1,Off,588.6,533.58
1791954540000000000,2026-10-14T05:09:00Z,controller 2,1.864,8.81,32.6,416.92,98.9,0.0,15.01,100.0,1,Off,593.85,517.59
1791954600000000000,2026-10-14T05:10:00Z,controller 1,1.984,8.581,38.24,158.65,487.48,0.0,16.94,100.0,1,Off,624.87,497.03
1791954660000000000,2026-10-14T05:11:00Z,free response,1.94,8.648,117.36,167.65,298.13,0.0,14.8,100.0,3,Off,634.52,505.77
1791954720000000000,2026-10-14T05:12:00Z,free response,1.87,8.492,114.51,352.23,270.76,0.0,14.49,100.0,1,Off,636.01,534.36
1791954780000000000,2026-10-14T05:13:00Z,controller 2,1.847,8.162,145.48,226.26,315.85,0.0,14.78,100.0,1,Off,596.24,546.29
1791954840000000000,2026-10-14T05:14:00Z,free response,1.854,8.431,105.73,327.68,457.2,0.0,15.75,100.0,1,Off,565.85,566.87
1791954900000000000,2026-10-14T05:15:00Z,free response,1.843,8.751,140.1,249.54,504.18,0.0,16.25,100.0,2,Off,567.4,589.85
1791954960000000000,2026-10-14T05:16:00Z,free response,1.845,8.706,64.41,248.27,236.7,0.0,14.19,100.0,1,Off,527.02,566.19
1791955020000000000,2026-10-14T05:17:00Z,free response,1.982,8.616,-7.79,345.85,189.35,0.0,17.6,100.0,1,Off,561.53,595.06
1791955080000000000,2026-10-14T05:18:00Z,free response,1.911,8.158,22.15,397.76,28.84,0.0,16.04,100.0,2,Off,534.11,623.23
1791955140000000000,2026-10-14T05:19:00Z,controller 1,1.936,8.614,140.63,209.96,179.72,0.0,16.4,100.0,3,Off,538.49,599.81
1791955200000000000,2026-10-14T05:20:00Z,controller 2,1.962,8.247,-11.85,388.79,441.13,0.0,16.82,100.0,3,Off,498.4,592.67
1791955260000000000,2026-10-14T05:21:00Z,free response,1.835,8.553,28.25,230.52,184.31,0.0,15.63,100.0,3,Off,540.05,620.35
1791955320000000000,2026-10-14T05:22:00Z,free response,1.919,8.313,91.35,203.97,93.13,0.0,16.79,100.0,2,Off,556.55,613.18
1791955380000000000,2026-10-14T05:23:00Z,controller 2,1.907,8.353,181.87,171.7,281.46,0.0,15.81,100.0,3,Off,540.36,643.14
1791955440000000000,2026-10-14T05:24:00Z,controller 1,1.88,8.207,115.75,172.8,197.32,0.0,13.31,100.0,1,Off,553.42,630.17
1791955500000000000,2026-10-14T05:25:00Z,controller 1,1.903,8.156,6.05,133.4,303.64,0.0,14.74,100.0,1,Off,532.7,651.6
1791955560000000000,2026-10-14T05:26:00Z,controller 1,1.943,8.318,108.91,241.39,584.75,0.0,15.28,100.0,1,Off,519.13,659.11
1791955620000000000,2026-10-14T05:27:00Z,controller 1,1.832,8.284,41.66,39.01,216.55,0.0,13.74,100.0,3,Off,561.31,645.86
1791955680000000000,2026-10-14T05:28:00Z,controller 2,1.91,8.216,123.88,89.98,426.61,0.0,15.63,100.0,2,Off,539.02,664.37
1791955740000000000,2026-10-14T05:29:00Z,free response,1.835,8.506,158.15,133.26,206.23,0.0,14.5,100.0,2,Off,574.12,690.36
1791955800000000000,2026-10-14T05:30:00Z,controller 2,0.104,8.907,86.16,242.26,160.47,0.0,0.05,100.0,1,Off,1331.36,701.86
1791955860000000000,2026-10-14T05:31:00Z,controller 2,0.226,8.71,131.27,251.96,151.23,0.0,0.21,100.0,1,Off,1333.33,730.08
1791955920000000000,2026-10-14T05:32:00Z,controller 1,0.156,8.57,192.29,437.94,94.27,0.0,0.11,100.0,3,Off,1331.71,759.18
1791955980000000000,2026-10-14T05:33:00Z,controller 1,0.161,8.357,94.77,155.28,42.48,0.0,0.12,100.0,3,Off,1379.27,736.44
1791956040000000000,2026-10-14T05:34:00Z,free response,0.197,8.68,-5.03,202.38,560.78,0.0,0.18,100.0,2,Off,1370.22,744.11
1791956100000000000,2026-10-14T05:35:00Z,free response,0.178,8.789,157.56,44.72,338.06,0.0,0.13,100.0,1,Off,1331.27,729.75
1791956160000000000,2026-10-14T05:36:00Z,controller 2,0.168,8.982,139.6,296.96,567.91,0.0,0.13,100.0,3,Off,1339.81,729.95
1791956220000000000,2026-10-14T05:37:00Z,controller 1,0.222,8.914,136.27,220.07,100.49,0.0,0.22,100.0,1,Off,1316.11,726.78
1791956280000000000,2026-10-14T05:38:00Z,controller 1,0.133,8.731,-29.63,175.14,169.2,0.0,0.08,100.0,1,Starting,1349.02,698.53
1791956340000000000,2026-10-14T05:39:00Z,controller 2,0.1,9.128,52.36,434.04,240.35,0.0,0.04,100.0,2,Starting,1387.53,695.96
1791956400000000000,2026-10-14T05:40:00Z,free response,0.123,8.956,168.96,269.66,464.5,0.0,0.07,100.0,1,Starting,1398.92,700.76
1791956460000000000,2026-10-14T05:41:00Z,controller 1,0.115,8.811,-26.66,261.05,584.09,0.0,0.05,100.0,1,Starting,1320.12,639.3
1791956520000000000,2026-10-14T05:42:00Z,free response,0.085,8.353,86.36,402.56,446.93,0.0,0.03,100.0,1,Starting,1364.86,611.75
1791956580000000000,2026-10-14T05:43:00Z,controller 1,0.104,8.501,40.54,431.17,185.54,0.0,0.05,100.0,2,Starting,1323.24,602.16
1791956640000000000,2026-10-14T05:44:00Z,free response,0.103,8.757,-13.31,56.15,329.61,0.0,0.05,100.0,2,Starting,1345.5,576.8
1791956700000000000,2026-10-14T05:45:00Z,controller 1,0.146,8.561,-22.69,229.25,284.83,0.0,0.09,100.0,1,Starting,1121.93,980.02
1791956760000000000,2026-10-14T05:46:00Z,free response,0.171,9.106,10.74,29.68,104.0,0.0,0.13,100.0,1,Starting,1144.39,964.26
1791956820000000000,2026-10-14T05:47:00Z,controller 1,0.065,8.647,6.56,86.48,226.1,0.0,0.02,100.0,2,Starting,1152.53,966.1
1791956880000000000,2026-10-14T05:48:00Z,controller 2,0.187,8.97,-1.15,423.88,280.5,0.0,0.15,100.0,3,Starting,1115.54,975.89
1791956940000000000,2026-10-14T05:49:00Z,controller 1,0.06,9.113,107.67,182.09,272.69,0.0,0.02,100.0,3,Starting,1129.71,968.82
1791957000000000000,2026-10-14T05:50:00Z,controller 1,0.227,8.376,82.92,10.83,8.97,0.0,0.2,100.0,2,Starting,1333.77,955.29
1791957060000000000,2026-10-14T05:51:00Z,controller 1,0.056,8.925,181.96,353.9,4.44,0.0,0.01,100.0,3,Starting,1300.42,964.92
1791957120000000000,2026-10-14T05:52:00Z,free response,0.212,8.514,31.45,382.58,180.42,0.0,0.18,100.0,3,Starting,1304.39,975.53
1791957180000000000,2026-10-14T05:53:00Z,free response,0.131,8.86,49.38,183.9,528.0,0.0,0.07,100.0,3,Starting,1280.47,985.19
1791957240000000000,2026-10-14T05:54:00Z,free response,0.06,8.92,31.73,206.43,581.86,0.0,0.01,100.0,2,Starting,1256.02,981.51
1791957300000000000,2026-10-14T05:55:00Z,controller 1,0.088,8.471,10.56,182.51,118.89,0.0,0.04,100.0,1,Starting,1242.7,967.1
1791957360000000000,2026-10-14T05:56:00Z,controller 2,0.157,8.538,86.2,24.9,199.81,0.0,0.11,100.0,1,Starting,1275.76,967.99
1791957420000000000,2026-10-14T05:57:00Z,free response,0.176,9.046,164.54,19.62,22.08,0.0,0.14,100.0,1,Starting,1269.78,952.19
1791957480000000000,2026-10-14T05:58:00Z,controller 1,0.14,9.083,133.25,65.89,287.67,0.0,0.09,100.0,1,Starting,1222.29,942.0
1791957540000000000,2026-10-14T05:59:00Z,controller 2,0.229,8.704,2.43,159.5,401.91,0.0,0.24,100.0,3,Starting,1175.57,929.91
1791957600000000000,2026-10-14T06:00:00Z,controller 2,0.056,9.093,67.01,38.27,453.76,0.0,0.02,100.0,2,Starting,1185.34,932.33
1791957660000000000,2026-10-14T06:01:00Z,controller 2,0.111,9.499,160.45,41.31,274.28,0.0,0.06,100.0,2,Starting,1228.44,909.89
1791957720000000000,2026-10-14T06:02:00Z,controller 1,0.111,9.094,13.76,170.17,236.08,0.0,0.06,100.0,2,Starting,1250.05,923.59
1791957780000000000,2026-10-14T06:03:00Z,free response,0.107,9.074,162.19,445.44,182.17,0.0,0.05,100.0,2,Starting,1295.18,909.47
1791957840000000000,2026-10-14T06:04:00Z,controller 1,0.214,9.716,163.06,108.2,264.57,0.0,0.24,100.0,1,Starting,1258.92,970.36
1791957900000000000,2026-10-14T06:05:00Z,free response,0.089,9.121,55.25,156.47,249.6,0.0,0.03,100.0,1,Starting,1212.14,952.64
1791957960000000000,2026-10-14T06:06:00Z,free response,0.17,9.49,106.33,96.82,339.74,0.0,0.13,100.0,1,Starting,1240.13,934.21
1791958020000000000,2026-10-14T06:07:00Z,controller 2,0.05,9.7,142.81,199.28,112.88,0.0,0.01,100.0,3,Starting,1282.13,904.98
1791958080000000000,2026-10-14T06:08:00Z,controller 2,0.178,9.254,49.98,188.41,506.47,0.0,0.16,100.0,3,Starting,1245.89,896.23
1791958140000000000,2026-10-14T06:09:00Z,controller 2,0.097,9.555,141.62,421.79,1.53,0.0,0.05,100.0,2,Starting,1265.23,886.97
1791958200000000000,2026-10-14T06:10:00Z,free response,0.226,9.542,101.58,166.17,144.14,0.0,0.23,100.0,3,Starting,1234.68,878.0
1791958260000000000,2026-10-14T06:11:00Z,controller 2,0.15,9.433,144.12,406.08,466.08,0.0,0.1,100.0,3,Starting,1195.82,868.19
1791958320000000000,2026-10-14T06:12:00Z,controller 1,0.122,9.519,136.81,236.74,88.94,0.0,0.07,100.0,2,Starting,1244.52,878.53
1791958380000000000,2026-10-14T06:13:00Z,controller 1,0.121,9.602,114.66,304.93,427.77,0.0,0.07,100.0,2,Starting,1249.44,896.14
1791958440000000000,2026-10-14T06:14:00Z,free response,0.092,9.006,67.0,104.28,136.21,0.0,0.04,100.0,2,Starting,1295.08,901.25
1791958500000000000,2026-10-14T06:15:00Z,controller 1,0.102,9.001,173.96,21.95,451.43,0.0,0.05,100.0,2,Starting,1292.35,889.86
1791958560000000000,2026-10-14T06:16:00Z,controller 1,0.134,9.072,108.01,248.6,459.57,0.0,0.08,100.0,2,Starting,1300.98,879.76
1791958620000000000,2026-10-14T06:17:00Z,controller 1,0.216,9.052,-5.62,275.14,303.87,0.0,0.2,100.0,2,Starting,1264.09,903.67
1791958680000000000,2026-10-14T06:18:00Z,controller 2,0.11,9.207,60.98,376.06,220.04,0.0,0.06,100.0,2,Starting,1245.54,919.49
1791958740000000000,2026-10-14T06:19:00Z,controller 2,0.21,9.36,27.03,360.28,73.19,0.0,0.2,100.0,1,Starting,1233.04,890.95
1791958800000000000,2026-10-14T06:20:00Z,controller 1,0.093,9.176,199.63,353.98,560.14,0.0,0.04,100.0,3,Starting,1196.63,883.16
1791958860000000000,2026-10-14T06:21:00Z,controller 1,0.228,9.173,181.4,421.58,65.44,0.0,0.26,100.0,1,Starting,622.16,566.86
1791958920000000000,2026-10-14T06:22:00Z,controller 1,0.187,9.239,43.06,348.66,38.95,0.0,0.16,100.0,1,Starting,603.16,548.0
1791958980000000000,2026-10-14T06:23:00Z,controller 2,0.218,9.517,189.23,257.34,511.48,0.0,0.23,100.0,3,Starting,574.19,567.32
1791959040000000000,2026-10-14T06:24:00Z,controller 2,0.147,9.593,-23.86,226.91,268.9,0.0,0.1,100.0,2,Starting,610.1,584.99
1791959100000000000,2026-10-14T06:25:00Z,controller 1,0.199,9.606,-10.74,52.25,300.21,0.0,0.19,100.0,1,Starting,630.32,603.65
1791959160000000000,2026-10-14T06:26:00Z,controller 1,0.117,9.345,192.42,95.49,272.17,0.0,0.07,100.0,2,Starting,598.14,610.4
1791959220000000000,2026-10-14T06:27:00Z,controller 1,0.104,9.22,76.21,20.69,531.63,0.0,0.05,100.0,2,Starting,615.12,624.81
1791959280000000000,2026-10-14T06:28:00Z,controller 1,0.08,9.218,6.3,248.46,531.23,0.0,0.03,100.0,2,Starting,608.67,635.13
1791959340000000000,2026-10-14T06:29:00Z,free response,0.104,9.735,162.13,103.41,120.72,0.0,0.06,100.0,2,Starting,599.3,622.31
1791959400000000000,2026-10-14T06:30:00Z,free response,2.449,10.337,117.32,444.06,183.59,0.0,33.5,100.0,1,Starting,595.65,640.86
1791959460000000000,2026-10-14T06:31:00Z,controller 1,2.566,10.902,21.62,113.16,586.91,0.0,33.65,100.0,3,Starting,582.62,660.16
1791959520000000000,2026-10-14T06:32:00Z,controller 1,2.426,10.863,107.06,237.21,222.7,0.0,34.77,100.0,1,Starting,613.88,552.19
1791959580000000000,2026-10-14T06:33:00Z,controller 1,2.476,10.556,30.93,296.96,288.31,0.0,30.94,100.0,1,Starting,563.93,540.5
1791959640000000000,2026-10-14T06:34:00Z,controller 1,2.424,10.944,-16.01,123.23,199.77,0.0,32.39,100.0,3,Starting,563.03,565.0
1791959700000000000,2026-10-14T06:35:00Z,free response,2.578,10.781,113.87,435.39,539.23,0.0,32.97,100.0,2,Starting,525.07,592.29
1791959760000000000,2026-10-14T06:36:00Z,free response,2.487,10.38,14.72,221.08,188.28,0.0,31.44,100.0,3,Starting,509.68,595.23
1791959820000000000,2026-10-14T06:37:00Z,controller 2,2.553,11.054,124.54,329.38,575.85,0.0,33.99,100.0,2,Starting,482.03,579.72
1791959880000000000,2026-10-14T06:38:00Z,free response,2.461,10.331,61.45,4.11,267.33,0.0,32.44,100.0,3,Starting,518.44,599.04
1791959940000000000,2026-10-14T06:39:00Z,controller 2,2.417,10.973,103.14,326.01,430.05,0.0,32.56,100.0,2,Starting,471.4,613.86
1791960000000000000,2026-10-14T06:40:00Z,controller 2,2.581,10.57,152.71,7.81,396.28,0.0,37.35,100.0,1,Starting,515.27,599.23
1791960060000000000,2026-10-14T06:41:00Z,free response,2.449,10.744,125.31,429.89,593.29,0.0,33.32,100.0,3,Starting,544.44,585.3
1791960120000000000,2026-10-14T06:42:00Z,controller 1,2.548,10.491,174.5,223.08,32.5,0.0,32.96,98.6,1,Starting,1025.76,440.72
1791960180000000000,2026-10-14T06:43:00Z,controller 2,2.441,10.5,166.06,275.66,55.0,0.0,34.1,100.0,2,Starting,1072.09,459.86
1791960240000000000,2026-10-14T06:44:00Z,controller 1,2.425,10.314,101.84,197.66,395.55,0.0,32.46,100.0,3,Starting,1025.03,437.34
1791960300000000000,2026-10-14T06:45:00Z,free response,2.488,10.705,-1.2,170.64,316.73,0.0,33.65,100.0,2,Starting,989.93,453.99
1791960360000000000,2026-10-14T06:46:00Z,controller 1,2.495,10.602,135.33,81.36,8.7,0.0,34.05,25.55,2,Starting,976.3,444.19
1791960420000000000,2026-10-14T06:47:00Z,free response,2.567,10.589,182.5,349.68,505.59,0.0,36.89,100.0,2,Starting,1004.99,458.11
1791960480000000000,2026-10-14T06:48:00Z,free response,2.504,10.415,70.36,83.91,194.95,0.0,35.72,100.0,3,Starting,991.23,430.93
1791960540000000000,2026-10-14T06:49:00Z,controller 2,2.567,10.493,97.78,270.09,111.88,0.0,33.77,100.0,3,Starting,1013.08,459.95
1791960600000000000,2026-10-14T06:50:00Z,controller 2,2.441,10.414,65.23,209.26,86.36,0.0,29.33,100.0,3,Starting,1058.23,432.65
1791960660000000000,2026-10-14T06:51:00Z,controller 2,2.559,10.838,190.89,211.17,394.46,0.0,38.79,100.0,3,Starting,1060.94,419.2
1791960720000000000,2026-10-14T06:52:00Z,controller 1,2.504,10.637,119.12,430.74,422.55,0.0,31.88,100.0,1,Starting,953.0,845.18
1791960780000000000,2026-10-14T06:53:00Z,controller 1,2.525,10.661,105.6,209.15,433.07,0.0,33.16,100.0,2,Starting,1000.37,827.28
1791960840000000000,2026-10-14T06:54:00Z,controller 2,2.509,10.485,118.76,74.33,459.98,0.0,30.25,100.0,1,Starting,953.74,814.97
1791960900000000000,2026-10-14T06:55:00Z,free response,2.5,10.707,111.04,199.01,580.15,0.0,35.26,100.0,1,Starting,958.11,837.52
1791960960000000000,2026-10-14T06:56:00Z,controller 1,2.487,10.748,166.35,428.72,540.11,0.0,31.28,100.0,1,Starting,984.89,812.71
1791961020000000000,2026-10-14T06:57:00Z,controller 2,2.534,10.519,45.49,445.12,158.71,0.0,36.06,100.0,2,Starting,992.96,802.49
1791961080000000000,2026-10-14T06:58:00Z,controller 2,2.534,10.687,118.97,20.33,213.48,0.0,36.82,100.0,1,Starting,1007.63,779.82
1791961140000000000,2026-10-14T06:59:00Z,controller 2,2.489,10.451,197.71,329.48,7.64,0.0,34.03,22.45,3,Starting,1034.7,777.89
1791961200000000000,2026-10-14T07:00:00Z,controller 2,2.512,7.726,39.67,265.01,197.38,0.0,26.04,100.0,2,Starting,1014.44,802.92
1791961260000000000,2026-10-14T07:01:00Z,free response,2.427,7.14,159.07,256.77,458.99,0.0,19.86,100.0,3,Starting,1497.67,936.97
1791961320000000000,2026-10-14T07:02:00Z,controller 1,2.48,7.012,-17.81,327.03,584.58,0.0,20.9,100.0,1,Starting,1448.85,961.57
1791961380000000000,2026-10-14T07:03:00Z,free response,2.51,6.978,53.98,323.86,129.69,0.0,23.39,100.0,2,Starting,1411.8,945.02
1791961440000000000,2026-10-14T07:04:00Z,controller 2,2.391,7.633,17.32,20.96,156.33,0.0,21.26,100.0,1,Starting,1455.39,969.55
1791961500000000000,2026-10-14T07:05:00Z,free response,2.468,7.174,123.05,96.0,82.18,0.0,21.87,100.0,1,Starting,989.36,893.67
1791961560000000000,2026-10-14T07:06:00Z,free response,2.42,7.12,156.38,379.8,12.57,0.0,21.75,57.79,3,Off,1022.85,867.86
1791961620000000000,2026-10-14T07:07:00Z,free response,2.436,7.111,97.08,276.85,89.31,0.0,20.77,100.0,1,Off,1055.14,842.66
1791961680000000000,2026-10-14T07:08:00Z,free response,2.37,7.387,195.31,403.27,146.72,0.0,19.53,100.0,1,Off,1065.56,857.77
1791961740000000000,2026-10-14T07:09:00Z,controller 2,2.5,7.032,168.37,260.25,414.22,0.0,21.79,100.0,3,Off,1067.55,832.85
1791961800000000000,2026-10-14T07:10:00Z,controller 1,2.448,7.582,194.32,102.59,532.5,0.0,24.55,100.0,1,Off,1107.77,862.12
1791961860000000000,2026-10-14T07:11:00Z,controller 2,2.384,7.616,134.67,31.5,345.82,0.0,19.76,100.0,1,Off,1149.89,847.34
1791961920000000000,2026-10-14T07:12:00Z,free response,2.537,7.243,56.93,31.62,581.96,0.0,23.2,100.0,1,Off,1139.22,857.81
1791961980000000000,2026-10-14T07:13:00Z,free response,2.516,6.968,45.62,78.03,368.03,0.0,22.38,100.0,1,Off,1134.18,864.84
1791962040000000000,2026-10-14T07:14:00Z,free response,2.545,7.019,161.73,225.44,301.4,0.0,22.65,100.0,2,Off,1133.55,854.35
1791962100000000000,2026-10-14T07:15:00Z,controller 1,2.455,7.479,178.29,12.46,528.15,0.0,23.11,100.0,3,Off,1167.01,844.8
1791962160000000000,2026-10-14T07:16:00Z,controller 2,2.541,7.084,97.18,164.45,518.53,0.0,21.58,100.0,1,Off,1446.72,765.09
1791962220000000000,2026-10-14T07:17:00Z,free response,2.46,7.006,48.88,306.1,62.34,0.0,19.3,100.0,2,Off,1443.65,790.1
1791962280000000000,2026-10-14T07:18:00Z,controller 1,2.485,7.07,196.74,140.98,338.45,0.0,23.75,100.0,3,Off,1403.52,803.9
1791962340000000000,2026-10-14T07:19:00Z,controller 2,2.462,7.574,-22.96,352.15,336.72,0.0,23.06,100.0,1,Off,1378.77,832.61
1791962400000000000,2026-10-14T07:20:00Z,free response,2.51,7.383,64.14,293.03,372.82,0.0,24.08,100.0,1,Off,1413.62,815.93
1791962460000000000,2026-10-14T07:21:00Z,controller 1,2.493,7.387,147.91,300.7,68.77,0.0,24.94,100.0,2,Off,1449.67,800.49
1791962520000000000,2026-10-14T07:22:00Z,free response,2.521,7.625,186.5,90.64,548.05,0.0,22.66,100.0,1,Off,1454.54,801.94
1791962580000000000,2026-10-14T07:23:00Z,controller 1,2.451,7.347,119.68,355.06,517.47,0.0,23.56,100.0,2,Off,1419.24,816.72
1791962640000000000,2026-10-14T07:24:00Z,controller 2,2.483,7.511,50.83,247.26,39.69,0.0,22.46,100.0,1,Off,1406.66,805.02
1791962700000000000,2026-10-14T07:25:00Z,controller 2,2.372,7.658,125.65,81.4,314.99,0.0,19.75,100.0,3,Off,1375.27,805.1
1791962760000000000,2026-10-14T07:26:00Z,controller 2,2.481,7.349,140.45,33.1,474.41,0.0,21.83,100.0,2,Off,1351.65,805.39
1791962820000000000,2026-10-14T07:27:00Z,controller 2,2.472,6.974,26.84,4.61,556.94,0.0,19.22,100.0,3,Off,1362.35,822.54
1791962880000000000,2026-10-14T07:28:00Z,controller 2,2.537,7.529,180.22,150.42,110.95,0.0,25.41,100.0,1,Off,1317.66,827.6
1791962940000000000,2026-10-14T07:29:00Z,controller 1,2.434,7.293,151.01,200.89,4.57,0.0,21.15,21.61,2,Off,1283.13,853.64
1791963000000000000,2026-10-14T07:30:00Z,controller 1,1.485,8.846,-2.61,433.87,84.93,0.0,9.15,100.0,1,Off,1318.43,854.1
1791963060000000000,2026-10-14T07:31:00Z,free response,1.535,8.579,167.82,224.43,522.53,0.0,9.27,100.0,1,Off,1291.45,866.42
1791963120000000000,2026-10-14T07:32:00Z,controller 1,1.459,8.389,115.1,427.87,227.57,0.0,8.16,100.0,3,Off,1272.02,877.89
1791963180000000000,2026-10-14T07:33:00Z,controller 1,1.457,9.044,138.66,293.18,49.66,0.0,9.45,100.0,1,Off,1297.86,869.17
1791963240000000000,2026-10-14T07:34:00Z,controller 2,1.393,8.441,76.96,62.95,281.22,0.0,7.54,100.0,2,Off,1251.09,882.26
1791963300000000000,2026-10-14T07:35:00Z,controller 2,1.415,8.67,-13.04,104.82,256.62,0.0,8.66,100.0,1,Off,1297.66,888.58
1791963360000000000,2026-10-14T07:36:00Z,free response,1.466,9.04,125.53,184.92,179.56,0.0,10.34,100.0,3,Off,1309.74,911.1
1791963420000000000,2026-10-14T07:37:00Z,controller 2,1.471,9.052,44.2,306.07,145.6,0.0,9.95,100.0,1,Off,1272.06,887.57
1791963480000000000,2026-10-14T07:38:00Z,free response,1.376,8.555,86.56,159.8,314.43,0.0,7.84,100.0,1,Off,1273.32,913.91
1791963540000000000,2026-10-14T07:39:00Z,free response,1.404,8.654,-7.59,402.91,232.09,0.0,7.88,100.0,2,Off,1266.56,920.53
1791963600000000000,2026-10-14T07:40:00Z,controller 2,1.408,8.975,58.73,215.33,362.06,0.0,8.2,100.0,1,Off,1250.65,946.4
1791963660000000000,2026-10-14T07:41:00Z,free response,1.544,8.777,73.21,53.96,522.26,0.0,10.52,100.0,2,Off,1270.3,961.99
1791963720000000000,2026-10-14T07:42:00Z,free response,1.528,8.856,185.89,18.77,149.77,0.08,9.39,100.0,3,Off,1317.31,976.57
1791963780000000000,2026-10-14T07:43:00Z,controller 1,1.381,8.411,137.17,2.26,146.96,0.12,8.19,100.0,3,Off,1270.18,992.13
1791963840000000000,2026-10-14T07:44:00Z,controller 1,1.39,8.606,156.74,428.9,472.73,0.16,7.6,100.0,1,Off,1241.58,968.05
1791963900000000000,2026-10-14T07:45:00Z,controller 1,1.372,8.899,82.19,154.28,285.46,0.24,9.07,100.0,2,Off,1253.35,967.68
1791963960000000000,2026-10-14T07:46:00Z,controller 1,1.425,8.494,106.98,394.49,88.79,0.32,9.44,100.0,2,Off,1233.27,973.83
1791964020000000000,2026-10-14T07:47:00Z,free response,1.516,8.808,80.7,320.34,175.28,0.37,10.46,100.0,3,Off,1271.79,992.95
1791964080000000000,2026-10-14T07:48:00Z,controller 1,1.507,8.439,-23.47,114.0,61.19,0.44,10.18,100.0,2,Off,1277.17,988.98
1791964140000000000,2026-10-14T07:49:00Z,controller 1,1.517,8.872,105.4,127.46,506.56,0.48,11.19,100.0,2,Off,1233.22,970.07
1791964200000000000,2026-10-14T07:50:00Z,free response,1.535,8.589,112.5,387.05,343.88,0.57,11.03,100.0,1,Off,1188.4,978.49
1791964260000000000,2026-10-14T07:51:00Z,controller 1,1.521,8.421,-19.69,411.61,50.61,0.6,8.79,100.0,2,Off,1198.69,961.57
1791964320000000000,2026-10-14T07:52:00Z,free response,1.428,8.453,-11.87,323.07,414.73,0.68,8.33,100.0,2,Off,1212.76,939.18
1791964380000000000,2026-10-14T07:53:00Z,controller 2,1.479,8.634,-5.51,438.24,61.72,0.72,10.15,100.0,3,Off,1235.55,912.73
1791964440000000000,2026-10-14T07:54:00Z,controller 1,1.478,8.503,38.9,17.09,85.64,0.76,8.79,100.0,3,Off,1191.4,933.97
1791964500000000000,2026-10-14T07:55:00Z,controller 2,1.408,9.031,67.1,217.84,159.46,0.83,9.76,100.0,1,Off,1188.15,928.36
1791964560000000000,2026-10-14T07:56:00Z,controller 1,1.428,8.987,67.52,379.53,485.19,0.9,8.9,100.0,2,Off,1218.88,944.35
1791964620000000000,2026-10-14T07:57:00Z,controller 1,1.389,8.63,23.58,68.21,429.45,0.95,8.91,100.0,3,Off,1185.55,966.95
1791964680000000000,2026-10-14T07:58:00Z,free response,1.446,8.816,173.02,365.93,580.65,1.02,9.4,100.0,3,Off,1147.14,978.57
1791964740000000000,2026-10-14T07:59:00Z,free response,1.524,8.668,151.37,313.14,541.87,1.07,10.92,100.0,1,Off,1144.78,976.19
1791964800000000000,2026-10-14T08:00:00Z,free response,0.874,2.002,164.32,123.27,2.57,1.11,0.73,100.0,3,Off,1095.83,993.64
1791964860000000000,2026-10-14T08:01:00Z,controller 1,0.813,2.434,64.28,62.23,283.6,1.18,0.85,100.0,1,Off,1097.67,980.44
1791964920000000000,2026-10-14T08:02:00Z,controller 2,0.845,2.537,-16.9,430.72,331.61,1.26,0.98,100.0,2,Off,1105.55,1000.0
1791964980000000000,2026-10-14T08:03:00Z,controller 2,0.815,2.045,101.61,236.47,56.94,1.33,0.69,100.0,2,Off,1113.0,970.81
1791965040000000000,2026-10-14T08:04:00Z,controller 1,0.886,2.641,28.05,15.64,525.22,1.38,1.01,100.0,1,Off,1096.55,995.64
1791965100000000000,2026-10-14T08:05:00Z,controller 1,0.797,2.453,177.17,286.87,2.85,1.42,0.73,100.0,1,Off,1065.42,970.44
1791965160000000000,2026-10-14T08:06:00Z,controller 1,0.727,2.204,45.96,336.93,444.22,1.47,0.55,100.0,1,Off,1090.56,943.93
1791965220000000000,2026-10-14T08:07:00Z,controller 2,0.822,2.564,118.8,441.36,431.58,1.53,0.85,100.0,1,Off,1068.21,914.23
1791965280000000000,2026-10-14T08:08:00Z,controller 2,0.754,2.025,193.32,374.98,66.36,1.61,0.63,100.0,3,Off,1042.32,913.36
1791965340000000000,2026-10-14T08:09:00Z,free response,0.733,2.329,44.86,245.46,64.93,1.66,0.68,100.0,2,Off,1052.93,890.93
1791965400000000000,2026-10-14T08:10:00Z,controller 2,0.758,2.509,173.19,264.5,508.07,1.75,0.67,100.0,2,Off,1095.2,892.51
1791965460000000000,2026-10-14T08:11:00Z,controller 2,0.714,2.512,146.62,425.42,153.61,1.81,0.61,100.0,1,Off,1088.97,324.05
1791965520000000000,2026-10-14T08:12:00Z,controller 2,0.851,2.517,197.96,42.15,311.1,1.87,0.82,100.0,2,Off,1120.91,297.96
1791965580000000000,2026-10-14T08:13:00Z,controller 1,0.712,2.213,68.5,8.89,469.18,1.92,0.53,100.0,2,Off,1104.43,282.76
1791965640000000000,2026-10-14T08:14:00Z,controller 2,0.774,2.186,115.18,360.89,180.41,1.94,0.68,100.0,3,Off,1142.47,263.04
1791965700000000000,2026-10-14T08:15:00Z,controller 1,0.768,2.303,24.09,199.25,584.89,2.0,0.67,100.0,1,Off,1167.55,278.53
1791965760000000000,2026-10-14T08:16:00Z,controller 2,0.839,2.384,167.66,428.03,1.58,2.03,0.8,100.0,3,Off,1130.66,645.11
1791965820000000000,2026-10-14T08:17:00Z,controller 2,0.735,2.246,98.23,252.62,191.34,2.09,0.6,100.0,2,Off,1113.48,667.37
1791965880000000000,2026-10-14T08:18:00Z,controller 1,0.819,2.691,5.3,294.64,440.95,2.15,0.9,100.0,2,Off,1115.7,683.23
1791965940000000000,2026-10-14T08:19:00Z,controller 1,0.888,2.379,-26.27,244.39,440.48,2.19,0.88,100.0,1,Off,1118.62,701.32
1791966000000000000,2026-10-14T08:20:00Z,free response,0.773,2.245,146.72,284.63,331.32,2.24,0.62,100.0,2,Off,1141.75,705.75
1791966060000000000,2026-10-14T08:21:00Z,controller 1,0.771,2.02,178.67,356.28,258.8,2.31,0.61,100.0,3,Off,1380.4,669.31
1791966120000000000,2026-10-14T08:22:00Z,free response,0.823,2.683,-14.26,25.15,90.42,2.33,0.95,100.0,3,Off,1392.24,668.48
1791966180000000000,2026-10-14T08:23:00Z,controller 2,0.841,2.323,107.9,198.58,201.56,2.38,0.76,100.0,3,Off,1373.19,649.74
1791966240000000000,2026-10-14T08:24:00Z,controller 1,0.747,2.346,95.14,176.14,545.0,2.47,0.68,100.0,1,Off,1382.59,656.81
1791966300000000000,2026-10-14T08:25:00Z,free response,0.882,2.611,129.55,135.51,120.6,2.5,1.02,100.0,1,Off,1387.67,637.25
1791966360000000000,2026-10-14T08:26:00Z,free response,0.827,2.242,34.64,108.56,125.68,2.54,0.73,100.0,3,Off,1361.81,646.01
1791966420000000000,2026-10-14T08:27:00Z,free response,0.774,2.139,31.99,262.83,493.72,2.57,0.64,100.0,3,Off,1371.4,622.69
1791966480000000000,2026-10-14T08:28:00Z,controller 1,0.847,2.514,-12.26,202.18,592.06,2.62,0.86,100.0,3,Off,1354.94,612.63
1791966540000000000,2026-10-14T08:29:00Z,controller 2,0.763,2.053,153.84,376.66,109.12,2.65,0.64,100.0,3,Off,1394.91,637.24
1791966600000000000,2026-10-14T08:30:00Z,controller 2,1.35,8.71,9.97,356.62,444.31,2.74,7.18,100.0,2,Off,1376.39,613.55
1791966660000000000,2026-10-14T08:31:00Z,controller 2,1.298,8.365,149.47,272.9,579.76,2.82,6.46,100.0,3,Off,1365.79,609.16
1791966720000000000,2026-10-14T08:32:00Z,controller 2,1.268,8.382,91.2,351.46,519.19,2.9,7.33,100.0,2,Off,1364.64,600.76
1791966780000000000,2026-10-14T08:33:00Z,controller 1,1.373,8.768,105.19,392.58,547.06,2.97,8.48,100.0,1,Off,1412.33,602.62
1791966840000000000,2026-10-14T08:34:00Z,free response,1.425,8.164,193.91,336.79,10.94,3.03,7.62,100.0,1,Off,1391.73,584.4
1791966900000000000,2026-10-14T08:35:00Z,free response,1.413,8.688,127.1,309.77,109.25,3.11,8.72,100.0,2,Off,1432.85,589.6
1791966960000000000,2026-10-14T08:36:00Z,controller 1,1.441,8.189,148.42,79.86,477.12,3.16,7.92,100.0,2,Off,1391.33,618.79
1791967020000000000,2026-10-14T08:37:00Z,free response,1.405,8.124,39.18,65.9,245.28,3.21,7.22,100.0,3,Off,1434.95,591.25
1791967080000000000,2026-10-14T08:38:00Z,controller 1,1.278,8.602,160.47,418.64,581.97,3.28,6.51,100.0,2,Off,1417.05,616.49
1791967140000000000,2026-10-14T08:39:00Z,controller 2,1.378,8.137,-19.99,172.52,538.74,3.36,8.03,100.0,2,Off,1458.71,620.21
1791967200000000000,2026-10-14T08:40:00Z,controller 2,1.39,8.446,-1.86,310.33,488.22,3.42,7.68,100.0,3,Off,1500.0,646.0
1791967260000000000,2026-10-14T08:41:00Z,free response,1.337,8.211,14.47,345.79,590.22,3.49,7.61,100.0,2,Off,1500.0,665.72
1791967320000000000,2026-10-14T08:42:00Z,free response,1.366,8.436,185.46,110.87,114.33,3.56,7.44,100.0,1,Off,1500.0,692.54
1791967380000000000,2026-10-14T08:43:00Z,free response,1.329,8.584,178.08,325.51,420.13,3.58,7.15,100.0,1,Off,1500.0,720.94
1791967440000000000,2026-10-14T08:44:00Z,controller 2,1.323,8.54,163.91,29.8,15.12,3.65,7.62,100.0,1,Off,1500.0,711.79
1791967500000000000,2026-10-14T08:45:00Z,controller 2,1.432,8.632,38.71,253.79,405.33,3.69,9.07,100.0,2,Off,1500.0,690.46
1791967560000000000,2026-10-14T08:46:00Z,controller 2,1.279,8.45,137.55,329.83,205.42,3.78,7.19,100.0,2,Off,1460.67,686.75
1791967620000000000,2026-10-14T08:47:00Z,controller 1,1.412,8.535,170.7,214.59,486.35,3.83,9.11,100.0,2,Off,1482.1,680.9
1791967680000000000,2026-10-14T08:48:00Z,controller 2,1.312,8.302,94.43,361.75,279.86,3.89,7.5,100.0,2,Off,1472.8,683.68
1791967740000000000,2026-10-14T08:49:00Z,controller 2,1.379,8.331,163.08,109.03,367.4,3.97,7.62,100.0,3,Off,1471.81,662.78
1791967800000000000,2026-10-14T08:50:00Z,controller 1,1.326,8.736,138.87,151.42,595.99,4.05,7.81,100.0,3,Off,1452.99,656.24
1791967860000000000,2026-10-14T08:51:00Z,controller 1,1.371,8.716,13.88,50.45,97.76,4.1,8.37,100.0,2,Off,1418.85,679.8
1791967920000000000,2026-10-14T08:52:00Z,controller 2,1.278,8.358,133.75,100.22,85.11,4.15,7.45,100.0,2,Off,1444.62,671.16
1791967980000000000,2026-10-14T08:53:00Z,free response,1.309,8.32,72.42,343.01,199.86,4.22,7.09,100.0,1,Off,1412.83,675.45
1791968040000000000,2026-10-14T08:54:00Z,controller 1,1.397,8.118,142.36,166.54,386.4,4.3,7.14,100.0,3,Off,1367.95,673.99
1791968100000000000,2026-10-14T08:55:00Z,controller 1,1.34,8.385,89.19,180.27,344.41,4.34,8.0,100.0,2,Off,1318.01,661.7
1791968160000000000,2026-10-14T08:56:00Z,controller 1,1.395,8.272,129.85,255.12,329.07,4.42,8.82,100.0,1,Off,1304.14,637.65
1791968220000000000,2026-10-14T08:57:00Z,controller 2,1.339,8.717,94.14,40.83,597.64,4.48,7.4,100.0,1,Off,1284.24,638.58
1791968280000000000,2026-10-14T08:58:00Z,controller 2,1.414,8.457,8.67,100.96,308.7,4.54,9.2,100.0,3,Off,1234.35,617.01
1791968340000000000,2026-10-14T08:59:00Z,free response,1.297,8.219,197.7,365.52,80.67,4.61,7.59,100.0,2,Off,1188.61,628.84
1791968400000000000,2026-10-14T09:00:00Z,free response,2.392,11.302,9.49,88.54,359.45,4.68,35.31,100.0,3,Off,1164.52,642.57
1791968460000000000,2026-10-14T09:01:00Z,free response,2.478,11.611,51.13,418.39,180.93,4.71,39.08,100.0,1,Off,1185.47,671.23
1791968520000000000,2026-10-14T09:02:00Z,free response,2.391,10.965,-12.28,253.34,328.78,4.75,29.36,100.0,3,Off,1135.97,663.41
1791968580000000000,2026-10-14T09:03:00Z,free response,2.419,11.643,131.92,443.84,585.99,4.81,37.35,100.0,2,Off,1106.9,637.43
1791968640000000000,2026-10-14T09:04:00Z,controller 1,2.459,11.517,25.27,62.63,436.38,4.86,36.4,100.0,1,Off,1059.12,645.63
1791968700000000000,2026-10-14T09:05:00Z,controller 2,2.384,11.504,74.09,116.27,294.53,4.9,35.7,100.0,2,Off,1044.97,649.3
1791968760000000000,2026-10-14T09:06:00Z,controller 2,2.503,11.684,18.73,427.64,402.78,4.93,38.7,100.0,3,Off,1051.3,622.98
1791968820000000000,2026-10-14T09:07:00Z,controller 1,2.457,11.56,108.3,76.2,297.1,4.97,35.35,100.0,3,Off,1040.44,599.09
1791968880000000000,2026-10-14T09:08:00Z,free response,2.518,11.333,107.78,421.17,544.72,5.05,37.03,100.0,1,Off,1075.48,620.02
1791968940000000000,2026-10-14T09:09:00Z,free response,2.495,11.542,133.54,52.96,574.85,5.08,33.43,100.0,3,Off,1031.27,618.41
1791969000000000000,2026-10-14T09:10:00Z,controller 2,2.402,11.692,83.24,339.93,320.63,5.13,32.74,100.0,1,Off,1074.54,597.31
1791969060000000000,2026-10-14T09:11:00Z,controller 2,2.413,11.279,11.6,53.35,533.37,5.17,30.69,100.0,3,Off,1039.28,571.36
1791969120000000000,2026-10-14T09:12:00Z,free response,2.537,10.941,-0.1,55.76,388.78,5.2,36.15,100.0,3,Off,1063.88,561.24
1791969180000000000,2026-10-14T09:13:00Z,controller 1,2.487,11.649,30.24,2.11,218.22,5.24,35.75,100.0,3,Off,1050.76,556.68
1791969240000000000,2026-10-14T09:14:00Z,controller 1,2.423,11.422,-29.82,285.84,274.41,5.28,33.78,100.0,3,Off,1098.52,561.66
1791969300000000000,2026-10-14T09:15:00Z,free response,2.388,11.149,107.59,214.91,595.7,5.32,29.16,100.0,2,Off,1141.95,547.78
1791969360000000000,2026-10-14T09:16:00Z,controller 1,2.395,11.138,90.55,257.46,268.49,5.37,29.11,100.0,3,Off,1126.83,551.57
1791969420000000000,2026-10-14T09:17:00Z,controller 1,2.387,11.328,154.08,98.02,273.33,5.4,33.88,100.0,1,Off,1157.62,528.33
1791969480000000000,2026-10-14T09:18:00Z,free response,2.442,11.215,-8.12,423.1,88.41,5.46,32.42,100.0,2,Off,1107.93,545.14
1791969540000000000,2026-10-14T09:19:00Z,free response,2.429,11.683,88.88,61.92,376.92,5.54,32.95,100.0,2,Off,1155.65,518.56
1791969600000000000,2026-10-14T09:20:00Z,free response,2.377,11.367,196.12,360.66,121.51,5.58,33.03,100.0,3,Off,1169.03,504.15
1791969660000000000,2026-10-14T09:21:00Z,controller 1,2.535,11.374,-16.49,341.66,419.83,5.64,32.9,100.0,3,Off,1419.05,845.08
1791969720000000000,2026-10-14T09:22:00Z,free response,2.407,11.016,188.99,271.74,180.06,5.7,29.79,100.0,2,Off,1466.09,828.64
1791969780000000000,2026-10-14T09:23:00Z,controller 1,2.466,11.379,162.7,294.08,469.19,5.76,31.22,100.0,1,Off,1500.0,811.56
1791969840000000000,2026-10-14T09:24:00Z,free response,2.397,11.171,125.78,186.37,49.81,5.78,31.99,100.0,3,Off,1450.16,788.04
1791969900000000000,2026-10-14T09:25:00Z,controller 1,2.459,11.654,3.59,380.89,530.53,5.84,35.85,100.0,1,Off,1444.62,771.41
1791969960000000000,2026-10-14T09:26:00Z,controller 1,2.55,11.045,33.42,53.62,315.21,5.92,35.75,100.0,3,Off,1416.03,780.54
1791970020000000000,2026-10-14T09:27:00Z,controller 2,2.535,11.043,31.3,288.44,399.73,6.0,36.79,100.0,3,Off,1368.8,779.45
1791970080000000000,2026-10-14T09:28:00Z,controller 1,2.448,11.545,138.91,361.97,173.01,6.04,31.26,100.0,3,Off,1344.55,752.0
1791970140000000000,2026-10-14T09:29:00Z,free response,2.383,11.431,97.02,228.89,394.04,6.1,32.82,100.0,2,Off,1304.53,797.61
1791970200000000000,2026-10-14T09:30:00Z,free response,2.005,12.89,184.6,267.6,0.16,6.13,28.03,0.57,1,Off,1292.45,774.4
1791970260000000000,2026-10-14T09:31:00Z,free response,1.838,12.221,94.3,314.04,539.48,6.19,19.64,100.0,3,Off,1335.71,772.02
1791970320000000000,2026-10-14T09:32:00Z,controller 1,1.93,12.84,-20.85,412.38,459.4,6.23,24.81,100.0,2,Off,1366.2,782.19
1791970380000000000,2026-10-14T09:33:00Z,controller 1,1.937,12.673,52.59,432.4,586.07,6.3,24.33,100.0,2,Off,1403.5,793.6
1791970440000000000,2026-10-14T09:34:00Z,controller 1,1.931,12.698,7.7,261.27,561.41,6.37,23.94,100.0,3,Off,1409.73,796.4
1791970500000000000,2026-10-14T09:35:00Z,controller 2,1.856,12.756,181.72,132.16,61.98,6.43,21.48,100.0,1,Off,1402.47,800.05
1791970560000000000,2026-10-14T09:36:00Z,free response,1.926,12.542,0.96,194.15,421.51,6.46,23.03,100.0,2,Off,1254.25,319.07
1791970620000000000,2026-10-14T09:37:00Z,free response,1.925,12.901,63.2,156.86,442.17,6.52,24.34,100.0,3,Off,1262.27,306.99
1791970680000000000,2026-10-14T09:38:00Z,free response,1.885,12.768,117.71,116.44,580.19,6.58,24.36,100.0,1,Off,1300.21,299.05
1791970740000000000,2026-10-14T09:39:00Z,controller 1,1.854,12.676,199.33,265.49,19.62,6.65,21.91,89.55,3,Off,1347.08,312.58
1791970800000000000,2026-10-14T09:40:00Z,controller 1,1.93,12.504,103.58,438.69,90.8,6.72,22.6,100.0,1,Off,1371.56,325.35
1791970860000000000,2026-10-14T09:41:00Z,free response,1.985,12.549,141.38,74.39,386.75,6.78,25.41,100.0,3,Off,1406.27,354.56
1791970920000000000,2026-10-14T09:42:00Z,controller 2,1.926,12.925,60.59,99.88,555.16,6.87,24.97,100.0,1,Off,1363.68,353.8
1791970980000000000,2026-10-14T09:43:00Z,controller 2,1.919,12.227,151.61,117.45,581.47,6.95,22.79,100.0,1,Off,1378.5,346.33
1791971040000000000,2026-10-14T09:44:00Z,free response,1.996,12.438,124.74,412.52,173.36,7.01,26.92,100.0,2,Off,1415.81,360.5
1791971100000000000,2026-10-14T09:45:00Z,free response,1.908,12.658,193.18,287.33,351.49,7.04,25.2,100.0,2,Off,1386.39,389.92
1791971160000000000,2026-10-14T09:46:00Z,controller 2,1.837,12.377,111.85,448.32,501.18,7.1,22.4,100.0,1,Off,1423.25,412.07
1791971220000000000,2026-10-14T09:47:00Z,free response,1.879,12.225,117.49,374.04,177.94,7.15,23.58,100.0,2,Off,1383.97,399.93
1791971280000000000,2026-10-14T09:48:00Z,controller 1,1.895,12.262,127.45,332.44,263.26,7.17,22.78,100.0,3,Off,1374.01,390.34
1791971340000000000,2026-10-14T09:49:00Z,controller 1,1.921,12.36,80.29,18.14,402.38,7.21,24.18,100.0,1,Off,1412.57,389.63
1791971400000000000,2026-10-14T09:50:00Z,free response,1.915,12.751,161.98,358.36,528.56,7.27,21.14,100.0,2,Off,1429.93,372.3
1791971460000000000,2026-10-14T09:51:00Z,free response,1.967,12.807,193.48,96.28,13.84,7.35,25.45,54.38,1,Starting,1429.08,378.83
1791971520000000000,2026-10-14T09:52:00Z,controller 1,1.992,12.205,180.88,76.35,124.11,7.41,26.54,100.0,3,Starting,1405.6,404.22
1791971580000000000,2026-10-14T09:53:00Z,controller 2,1.983,12.33,106.3,0.14,454.09,7.48,22.07,100.0,2,Starting,1453.4,386.59
1791971640000000000,2026-10-14T09:54:00Z,controller 1,1.849,12.776,72.81,416.36,536.91,7.51,22.69,100.0,2,Starting,1485.31,376.21
1791971700000000000,2026-10-14T09:55:00Z,free response,1.869,12.212,149.52,227.85,504.76,7.54,21.34,100.0,2,Starting,1456.95,398.74
1791971760000000000,2026-10-14T09:56:00Z,controller 2,1.846,12.883,5.79,179.95,444.55,7.6,20.95,100.0,2,Starting,1440.83,374.68
1791971820000000000,2026-10-14T09:57:00Z,controller 1,1.928,12.494,113.21,240.84,462.74,7.69,22.85,100.0,3,Starting,1425.83,384.96
1791971880000000000,2026-10-14T09:58:00Z,free response,1.976,12.504,29.8,434.66,404.92,7.73,26.58,100.0,3,Starting,1405.13,383.01
1791971940000000000,2026-10-14T09:59:00Z,free response,1.909,12.171,15.47,61.7,210.9,7.79,21.85,100.0,2,Starting,1379.92,382.46
1791972000000000000,2026-10-14T10:00:00Z,free response,1.921,12.769,146.92,35.41,310.73,7.84,23.87,100.0,1,Starting,1404.54,356.33
1791972060000000000,2026-10-14T10:01:00Z,controller 1,1.958,12.363,107.67,257.65,348.47,7.87,23.54,100.0,1,Starting,1354.97,340.61
1791972120000000000,2026-10-14T10:02:00Z,controller 2,1.93,12.416,87.04,36.0,479.69,7.94,24.64,100.0,2,Starting,1342.04,342.22
1791972180000000000,2026-10-14T10:03:00Z,controller 2,2.033,12.29,180.43,98.7,27.75,7.97,26.94,100.0,3,Starting,1354.24,317.53
1791972240000000000,2026-10-14T10:04:00Z,free response,2.069,13.0,113.78,404.86,426.26,8.03,26.74,100.0,3,Starting,940.67,520.58
1791972300000000000,2026-10-14T10:05:00Z,free response,1.986,12.27,142.23,300.69,358.52,8.06,22.26,100.0,1,Starting,1325.25,934.43
1791972360000000000,2026-10-14T10:06:00Z,controller 1,1.992,12.549,79.25,19.5,147.1,8.14,27.37,100.0,2,Starting,1301.48,952.31
1791972420000000000,2026-10-14T10:07:00Z,free response,1.996,12.725,85.25,417.15,580.6,8.19,26.79,100.0,2,Starting,1347.05,959.74
1791972480000000000,2026-10-14T10:08:00Z,free response,1.976,12.639,139.17,56.48,510.86,8.27,23.11,100.0,1,Starting,1372.31,972.38
1791972540000000000,2026-10-14T10:09:00Z,controller 2,1.951,12.657,74.87,402.41,501.86,8.33,23.89,100.0,3,Starting,1358.57,955.13
1791972600000000000,2026-10-14T10:10:00Z,controller 2,1.985,12.568,119.4,287.93,60.6,8.38,23.02,100.0,3,Starting,1360.79,943.19
1791972660000000000,2026-10-14T10:11:00Z,controller 1,1.978,12.395,161.45,45.03,470.98,8.4,24.51,100.0,1,Starting,1321.96,938.22
1791972720000000000,2026-10-14T10:12:00Z,controller 2,1.995,12.387,180.7,252.97,204.47,8.47,24.17,100.0,2,Starting,1290.25,915.64
1791972780000000000,2026-10-14T10:13:00Z,free response,2.073,12.79,-26.52,195.79,483.83,8.55,27.64,100.0,2,Starting,1295.25,895.85
1791972840000000000,2026-10-14T10:14:00Z,free response,1.957,12.674,-15.62,304.39,203.53,8.59,25.84,100.0,1,Starting,1277.4,873.27
1791972900000000000,2026-10-14T10:15:00Z,controller 2,1.981,12.823,76.08,98.87,433.99,8.68,22.83,100.0,1,Starting,1311.53,847.15
1791972960000000000,2026-10-14T10:16:00Z,controller 2,1.927,13.007,-27.5,118.55,451.26,8.71,22.21,100.0,3,Starting,896.54,888.43
1791973020000000000,2026-10-14T10:17:00Z,controller 1,2.023,12.438,-18.25,447.33,71.76,8.78,24.89,100.0,3,Starting,902.86,901.06
1791973080000000000,2026-10-14T10:18:00Z,free response,2.066,12.491,112.08,435.67,37.4,8.82,26.09,100.0,2,Starting,873.0,883.23
1791973140000000000,2026-10-14T10:19:00Z,free response,2.068,12.581,118.28,102.37,339.22,8.9,25.35,100.0,1,Starting,885.28,889.32
1791973200000000000,2026-10-14T10:20:00Z,free response,1.962,12.453,-22.3,378.99,518.62,8.94,24.9,100.0,2,Starting,844.21,888.1
1791973260000000000,2026-10-14T10:21:00Z,free response,1.908,12.616,106.85,201.51,8.49,8.98,24.69,34.39,2,Starting,805.83,890.82
1791973320000000000,2026-10-14T10:22:00Z,free response,1.986,12.503,48.84,431.44,520.03,9.05,25.38,100.0,2,Starting,828.88,893.73
1791973380000000000,2026-10-14T10:23:00Z,controller 2,2.006,12.651,172.31,282.44,361.95,9.07,23.21,100.0,3,Starting,785.87,920.21
1791973440000000000,2026-10-14T10:24:00Z,controller 1,2.056,12.451,85.13,305.91,74.67,9.16,26.75,100.0,3,Starting,810.28,893.01
1791973500000000000,2026-10-14T10:25:00Z,free response,2.004,12.452,19.24,305.11,314.48,9.22,27.31,100.0,3,Starting,832.02,893.83
1791973560000000000,2026-10-14T10:26:00Z,free response,1.969,12.446,51.35,213.02,173.92,9.29,25.22,100.0,2,Starting,840.08,867.97
1791973620000000000,2026-10-14T10:27:00Z,free response,1.989,13.028,182.91,389.91,301.85,9.35,24.61,100.0,1,Starting,878.86,859.96
1791973680000000000,2026-10-14T10:28:00Z,controller 2,2.025,12.851,-24.23,432.29,212.37,9.42,24.03,100.0,1,Starting,842.29,852.85
1791973740000000000,2026-10-14T10:29:00Z,free response,1.938,12.776,126.86,201.88,66.86,9.47,22.21,100.0,1,Starting,829.73,850.45
1791973800000000000,2026-10-14T10:30:00Z,controller 1,2.643,1.465,24.71,275.31,99.89,9.54,5.56,100.0,2,Starting,820.75,864.23
1791973860000000000,2026-10-14T10:31:00Z,controller 1,2.623,1.54,-27.3,313.54,516.91,9.58,5.62,100.0,1,Starting,796.23,884.96
1791973920000000000,2026-10-14T10:32:00Z,controller 1,2.622,2.075,19.97,203.34,353.29,9.61,7.07,100.0,2,Starting,838.58,866.02
1791973980000000000,2026-10-14T10:33:00Z,free response,2.625,1.375,124.86,218.68,398.63,9.65,4.47,100.0,1,Starting,872.31,842.82
1791974040000000000,2026-10-14T10:34:00Z,free response,2.744,1.658,195.88,111.74,404.58,9.72,5.83,100.0,1,Starting,870.37,868.98
1791974100000000000,2026-10-14T10:35:00Z,controller 1,2.719,1.397,40.71,75.98,528.67,9.79,5.2,100.0,2,Starting,918.52,881.53
1791974160000000000,2026-10-14T10:36:00Z,free response,2.724,1.457,46.93,217.29,584.86,9.85,4.95,100.0,3,Starting,876.51,861.57
1791974220000000000,2026-10-14T10:37:00Z,controller 2,2.58,1.327,-25.79,172.59,367.86,9.91,4.07,100.0,1,Starting,911.74,832.89
1791974280000000000,2026-10-14T10:38:00Z,controller 2,2.7,1.456,22.41,23.59,4.16,9.98,5.42,76.75,2,Starting,917.46,835.22
1791974340000000000,2026-10-14T10:39:00Z,free response,2.712,1.329,96.5,352.44,129.09,10.01,4.62,100.0,2,Starting,941.37,862.68
1791974400000000000,2026-10-14T10:40:00Z,controller 1,2.701,2.021,118.82,248.39,392.12,10.07,6.74,100.0,3,Starting,957.38,836.49
1791974460000000000,2026-10-14T10:41:00Z,controller 2,2.739,1.56,18.38,405.77,385.72,10.13,5.88,100.0,3,Starting,939.16,846.89
1791974520000000000,2026-10-14T10:42:00Z,controller 2,2.569,2.051,172.7,25.16,155.92,10.2,6.9,100.0,2,Starting,976.58,864.54
1791974580000000000,2026-10-14T10:43:00Z,free response,2.658,1.961,184.67,178.54,122.52,10.27,6.95,100.0,3,Starting,941.28,842.71
1791974640000000000,2026-10-14T10:44:00Z,free response,2.694,2.041,-26.52,282.75,403.99,10.35,7.42,100.0,1,Starting,970.75,829.53
1791974700000000000,2026-10-14T10:45:00Z,controller 1,2.595,1.613,190.49,303.98,216.5,10.42,4.98,100.0,1,Starting,974.81,827.8
1791974760000000000,2026-10-14T10:46:00Z,free response,2.587,1.47,12.4,166.74,254.37,10.48,4.89,100.0,1,Starting,1016.11,851.67
1791974820000000000,2026-10-14T10:47:00Z,free response,2.629,1.567,174.72,245.97,34.08,10.54,5.58,100.0,3,Starting,1060.38,864.0
1791974880000000000,2026-10-14T10:48:00Z,controller 1,2.732,1.745,186.36,174.93,194.54,10.62,6.64,100.0,3,Starting,1066.51,860.54
1791974940000000000,2026-10-14T10:49:00Z,controller 1,2.619,1.885,88.18,290.39,506.75,10.66,6.07,100.0,2,Starting,1019.56,852.87
1791975000000000000,2026-10-14T10:50:00Z,free response,2.688,1.73,-23.46,134.94,239.53,10.72,6.54,100.0,1,Starting,983.05,841.81
1791975060000000000,2026-10-14T10:51:00Z,controller 1,2.675,1.317,96.47,106.89,31.21,10.77,5.18,100.0,1,Starting,1018.28,836.28
1791975120000000000,2026-10-14T10:52:00Z,controller 1,2.632,1.505,8.28,359.57,262.59,10.84,5.09,100.0,3,Starting,1004.89,844.26
1791975180000000000,2026-10-14T10:53:00Z,controller 2,2.715,1.45,132.08,348.06,460.46,10.87,5.74,100.0,1,Starting,1009.94,840.67
1791975240000000000,2026-10-14T10:54:00Z,controller 1,2.622,1.976,-15.93,302.95,200.41,10.93,6.6,100.0,1,Starting,983.99,853.47
1791975300000000000,2026-10-14T10:55:00Z,controller 1,2.615,1.953,40.39,420.25,239.96,11.02,6.58,100.0,2,Starting,1029.85,866.23
1791975360000000000,2026-10-14T10:56:00Z,controller 1,2.694,2.01,146.51,244.72,187.77,11.1,7.97,100.0,1,Starting,992.19,872.5
1791975420000000000,2026-10-14T10:57:00Z,controller 2,2.706,1.801,50.56,15.65,384.79,11.18,7.18,100.0,2,Starting,952.31,848.35
1791975480000000000,2026-10-14T10:58:00Z,controller 1,2.599,1.535,72.83,208.58,345.49,11.26,5.22,100.0,1,Starting,917.98,850.91
1791975540000000000,2026-10-14T10:59:00Z,controller 2,2.677,1.57,110.73,26.91,317.98,11.3,5.12,100.0,3,Starting,906.23,862.39
1791975600000000000,2026-10-14T11:00:00Z,free response,2.752,2.607,154.6,434.91,440.62,11.38,10.2,100.0,3,Starting,944.99,875.16
1791975660000000000,2026-10-14T11:01:00Z,controller 2,2.815,2.696,184.71,115.8,412.94,11.44,10.88,100.0,3,Starting,973.6,864.94
1791975720000000000,2026-10-14T11:02:00Z,controller 2,2.752,2.517,172.5,347.18,15.74,11.51,8.64,100.0,1,Starting,933.55,880.12
1791975780000000000,2026-10-14T11:03:00Z,controller 1,2.855,2.923,46.69,421.56,144.38,11.6,10.92,100.0,2,Starting,963.63,858.07
1791975840000000000,2026-10-14T11:04:00Z,free response,2.777,2.78,63.89,441.82,145.68,11.64,10.94,100.0,1,Starting,981.34,881.72
1791975900000000000,2026-10-14T11:05:00Z,controller 1,2.826,2.5,-26.7,89.72,457.9,11.72,10.97,100.0,1,Starting,1031.25,888.78
1791975960000000000,2026-10-14T11:06:00Z,controller 1,2.817,2.663,31.46,429.68,380.86,11.75,9.8,100.0,2,Starting,1075.78,884.32
1791976020000000000,2026-10-14T11:07:00Z,controller 2,2.777,2.386,146.45,428.88,159.77,11.82,9.89,100.0,3,Starting,1104.85,881.52
1791976080000000000,2026-10-14T11:08:00Z,controller 2,2.766,2.336,71.33,118.47,42.04,11.89,8.27,100.0,1,Starting,1149.77,854.18
1791976140000000000,2026-10-14T11:09:00Z,controller 1,2.742,2.486,193.09,429.23,392.16,11.92,9.52,100.0,2,Starting,1152.82,877.8
1791976200000000000,2026-10-14T11:10:00Z,controller 1,2.727,2.404,181.5,55.06,357.33,11.99,9.53,100.0,2,Starting,1171.14,894.73
1791976260000000000,2026-10-14T11:11:00Z,controller 1,2.752,2.804,3.74,381.02,105.4,12.04,10.78,100.0,1,Starting,1158.32,892.72
1791976320000000000,2026-10-14T11:12:00Z,controller 2,2.779,2.333,147.77,425.07,578.71,12.07,8.69,100.0,2,Starting,1147.59,891.13
1791976380000000000,2026-10-14T11:13:00Z,controller 2,2.787,2.654,-10.89,60.83,168.35,12.1,10.55,100.0,1,Starting,1126.84,887.61
1791976440000000000,2026-10-14T11:14:00Z,controller 2,2.803,2.898,190.04,165.44,339.56,12.17,10.53,100.0,3,Off,1158.1,907.34
1791976500000000000,2026-10-14T11:15:00Z,controller 1,2.793,2.928,56.88,271.41,222.02,12.25,11.68,100.0,2,Off,1155.82,900.05
1791976560000000000,2026-10-14T11:16:00Z,controller 1,2.851,2.831,139.98,430.8,386.89,12.3,11.29,100.0,3,Off,1188.54,883.09
1791976620000000000,2026-10-14T11:17:00Z,free response,2.801,2.22,32.86,406.49,169.5,12.37,8.66,100.0,1,Off,1200.84,857.48
1791976680000000000,2026-10-14T11:18:00Z,controller 2,2.708,2.28,76.22,236.93,441.98,12.41,8.44,100.0,3,Off,1173.31,866.14
1791976740000000000,2026-10-14T11:19:00Z,controller 1,2.757,2.75,-7.15,417.66,48.08,12.46,11.25,100.0,1,Off,1204.59,876.31
1791976800000000000,2026-10-14T11:20:00Z,controller 1,2.725,2.667,120.59,229.41,391.65,12.49,10.29,100.0,3,Off,1251.03,848.83
1791976860000000000,2026-10-14T11:21:00Z,controller 1,2.75,2.703,111.02,383.51,230.53,12.52,9.2,100.0,2,Off,1270.08,870.12
1791976920000000000,2026-10-14T11:22:00Z,controller 1,2.727,2.565,76.93,129.72,319.52,12.55,8.76,100.0,1,Off,1260.28,888.36
1791976980000000000,2026-10-14T11:23:00Z,controller 2,2.747,2.5,49.12,298.14,186.13,12.6,9.96,100.0,1,Off,1308.83,893.46
1791977040000000000,2026-10-14T11:24:00Z,controller 1,2.748,2.198,181.63,194.18,111.09,12.68,8.65,100.0,3,Off,1262.93,866.94
1791977100000000000,2026-10-14T11:25:00Z,controller 2,2.68,2.564,-4.4,425.32,532.72,12.73,9.73,100.0,1,Off,1224.99,838.6
1791977160000000000,2026-10-14T11:26:00Z,controller 1,2.733,2.61,16.05,340.96,362.32,12.79,10.65,100.0,2,Off,1243.31,848.63
1791977220000000000,2026-10-14T11:27:00Z,controller 1,2.739,2.19,14.37,139.84,123.57,12.77,7.91,100.0,1,Off,1262.02,846.31
1791977280000000000,2026-10-14T11:28:00Z,controller 1,2.695,2.218,181.78,388.07,83.71,12.76,8.69,100.0,2,Off,1235.06,824.39
1791977340000000000,2026-10-14T11:29:00Z,controller 2,2.859,2.321,195.6,420.44,477.48,12.75,8.81,100.0,1,Off,1247.72,831.02
1791977400000000000,2026-10-14T11:30:00Z,free response,1.515,8.389,111.8,411.27,403.37,12.73,9.93,100.0,1,Off,1207.29,844.73
1791977460000000000,2026-10-14T11:31:00Z,free response,1.57,8.307,94.28,386.25,499.36,12.7,9.58,100.0,3,Off,1212.63,863.24
1791977520000000000,2026-10-14T11:32:00Z,controller 1,1.525,8.211,182.3,76.98,316.77,12.68,10.18,100.0,2,Off,1231.0,874.26
1791977580000000000,2026-10-14T11:33:00Z,free response,1.437,8.433,158.8,444.45,568.95,12.67,8.06,100.0,2,Off,1251.07,848.97
1791977640000000000,2026-10-14T11:34:00Z,free response,1.449,8.259,179.77,436.29,100.35,12.66,8.02,100.0,3,Off,1265.0,836.21
1791977700000000000,2026-10-14T11:35:00Z,controller 2,1.501,8.251,161.96,220.26,573.07,12.64,9.42,100.0,2,Off,1273.29,863.49
1791977760000000000,2026-10-14T11:36:00Z,controller 1,1.553,8.121,3.57,287.28,428.98,12.61,10.42,100.0,1,Off,1273.34,840.32
1791977820000000000,2026-10-14T11:37:00Z,free response,1.439,7.873,179.31,405.83,595.66,12.59,8.02,100.0,1,Off,1306.46,857.88
1791977880000000000,2026-10-14T11:38:00Z,controller 1,1.526,7.923,56.9,264.64,587.9,12.58,8.87,100.0,1,Off,1333.07,834.63
1791977940000000000,2026-10-14T11:39:00Z,controller 1,1.507,8.165,151.56,217.89,84.02,12.56,9.66,100.0,1,Off,1309.45,823.21
1791978000000000000,2026-10-14T11:40:00Z,free response,1.525,7.994,132.22,16.86,530.34,12.54,9.62,100.0,2,Off,1334.67,844.53
1791978060000000000,2026-10-14T11:41:00Z,controller 2,1.531,8.362,113.74,402.8,305.75,12.5,9.78,100.0,1,Off,1293.29,836.27
1791978120000000000,2026-10-14T11:42:00Z,free response,1.582,8.221,168.8,127.33,533.88,12.5,10.5,100.0,2,Off,1253.23,834.24
1791978180000000000,2026-10-14T11:43:00Z,controller 1,1.424,7.858,145.65,161.52,543.11,12.47,8.39,100.0,1,Off,1229.16,811.26
1791978240000000000,2026-10-14T11:44:00Z,free response,1.54,8.428,65.03,130.28,597.11,12.46,10.3,100.0,3,Off,1243.45,794.13
1791978300000000000,2026-10-14T11:45:00Z,free response,1.581,8.292,142.69,41.87,449.19,12.44,10.7,100.0,2,Off,1239.88,823.59
1791978360000000000,2026-10-14T11:46:00Z,controller 1,1.555,8.0,110.48,385.83,578.38,12.42,8.71,100.0,3,Off,1270.92,839.59
1791978420000000000,2026-10-14T11:47:00Z,free response,1.422,8.317,-9.42,412.25,332.31,12.39,7.91,100.0,3,Off,1303.64,829.66
1791978480000000000,2026-10-14T11:48:00Z,free response,1.523,8.295,106.56,369.94,305.76,12.37,9.36,100.0,3,Off,1352.16,848.88
1791978540000000000,2026-10-14T11:49:00Z,controller 1,1.541,8.33,197.49,334.62,295.53,12.36,9.3,100.0,1,Off,1313.89,868.29
1791978600000000000,2026-10-14T11:50:00Z,free response,1.421,8.465,160.13,156.62,38.62,12.33,7.73,100.0,3,Off,1301.3,874.3
1791978660000000000,2026-10-14T11:51:00Z,controller 2,1.547,8.228,-26.36,355.39,379.49,12.3,9.29,100.0,3,Off,1295.06,844.49
1791978720000000000,2026-10-14T11:52:00Z,free response,1.431,8.118,-7.56,414.8,93.86,12.29,7.79,100.0,2,Off,1296.07,826.39
1791978780000000000,2026-10-14T11:53:00Z,free response,1.433,7.916,122.69,47.46,102.16,12.29,7.62,100.0,1,Off,1321.35,846.73
1791978840000000000,2026-10-14T11:54:00Z,controller 1,1.559,7.944,168.63,75.15,336.39,12.26,9.29,100.0,1,Off,1302.83,830.58
1791978900000000000,2026-10-14T11:55:00Z,free response,1.578,8.409,46.15,352.55,509.54,12.24,10.68,100.0,1,Off,1335.54,835.91
1791978960000000000,2026-10-14T11:56:00Z,controller 1,1.494,8.148,175.66,424.83,11.61,12.23,9.78,100.0,3,Off,1311.61,840.4
1791979020000000000,2026-10-14T11:57:00Z,free response,1.551,8.412,12.56,403.44,409.28,12.21,10.26,100.0,2,Off,1349.74,823.68
1791979080000000000,2026-10-14T11:58:00Z,free response,1.507,8.007,174.59,166.52,534.62,12.2,9.5,100.0,1,Off,1356.51,814.16
1791979140000000000,2026-10-14T11:59:00Z,controller 1,1.55,7.93,64.52,28.74,513.5,12.18,9.78,100.0,2,Off,1361.24,835.96
1791979200000000000,2026-10-14T12:00:00Z,free response,0.558,10.103,147.76,275.48,477.03,12.16,1.54,100.0,2,Off,1383.8,849.48
1791979260000000000,2026-10-14T12:01:00Z,controller 1,0.525,10.411,48.97,22.46,336.01,12.13,1.38,100.0,3,Off,1417.3,878.44
1791979320000000000,2026-10-14T12:02:00Z,controller 2,0.452,10.111,-15.13,59.4,208.38,12.12,0.96,100.0,1,Off,1396.89,848.51
1791979380000000000,2026-10-14T12:03:00Z,controller 2,0.518,10.769,-10.91,410.52,563.15,12.11,1.51,100.0,3,Off,1445.58,857.27
1791979440000000000,2026-10-14T12:04:00Z,free response,0.44,10.677,61.0,430.77,206.23,12.08,1.09,100.0,3,Off,1423.47,832.69
1791979500000000000,2026-10-14T12:05:00Z,controller 1,0.533,10.083,176.59,402.08,562.53,12.06,1.52,100.0,1,Off,1461.22,814.95
1791979560000000000,2026-10-14T12:06:00Z,free response,0.463,10.546,62.46,309.63,312.96,12.04,1.18,100.0,2,Off,1488.92,827.05
1791979620000000000,2026-10-14T12:07:00Z,free response,0.487,10.54,184.98,425.1,127.87,12.01,1.23,100.0,1,Off,1488.68,840.55
1791979680000000000,2026-10-14T12:08:00Z,controller 2,0.549,10.286,192.36,83.44,34.1,11.99,1.5,100.0,1,Off,1500.0,831.17
1791979740000000000,2026-10-14T12:09:00Z,free response,0.544,10.448,104.92,409.33,577.65,11.97,1.64,100.0,2,Off,1478.79,810.32
1791979800000000000,2026-10-14T12:10:00Z,controller 1,0.388,10.303,15.83,362.48,556.4,11.97,0.71,100.0,3,Off,1448.53,834.43
1791979860000000000,2026-10-14T12:11:00Z,controller 2,0.429,10.092,75.27,247.36,252.28,11.94,0.93,100.0,1,Off,1454.85,844.89
1791979920000000000,2026-10-14T12:12:00Z,controller 2,0.459,10.483,119.6,2.24,468.41,11.91,1.19,100.0,3,Off,1478.57,853.48
1791979980000000000,2026-10-14T12:13:00Z,controller 1,0.487,10.269,-28.84,289.69,431.15,11.9,1.2,100.0,2,Off,1438.93,862.88
1791980040000000000,2026-10-14T12:14:00Z,free response,0.391,10.587,65.35,221.96,194.71,11.87,0.84,100.0,3,Off,1463.85,849.78
1791980100000000000,2026-10-14T12:15:00Z,controller 1,0.522,10.702,181.48,246.66,247.88,11.85,1.33,100.0,2,Off,1469.57,841.68
1791980160000000000,2026-10-14T12:16:00Z,controller 1,0.522,10.535,89.95,321.25,183.48,11.84,1.42,100.0,2,Off,1479.75,841.7
1791980220000000000,2026-10-14T12:17:00Z,controller 1,0.532,10.458,190.14,280.74,329.86,11.83,1.53,100.0,2,Off,1496.71,823.61
1791980280000000000,2026-10-14T12:18:00Z,controller 2,0.468,10.091,-22.87,159.61,501.52,11.82,1.16,100.0,2,Off,1500.0,837.2
1791980340000000000,2026-10-14T12:19:00Z,controller 2,0.49,10.14,106.82,19.17,451.06,11.8,1.26,100.0,3,Off,648.71,431.97
1791980400000000000,2026-10-14T12:20:00Z,controller 1,0.397,10.494,188.26,41.55,485.77,11.77,0.87,100.0,3,Off,650.38,439.8
1791980460000000000,2026-10-14T12:21:00Z,controller 2,0.437,10.524,98.64,50.19,8.27,11.74,1.04,100.0,1,Off,697.76,446.64
1791980520000000000,2026-10-14T12:22:00Z,controller 1,0.48,10.558,186.86,276.91,364.82,11.71,1.14,100.0,2,Off,714.09,442.26
1791980580000000000,2026-10-14T12:23:00Z,free response,0.4,10.55,68.43,378.08,503.31,11.7,0.85,100.0,1,Off,693.17,460.91
1791980640000000000,2026-10-14T12:24:00Z,controller 2,0.463,10.487,-1.12,384.6,65.24,11.68,1.13,100.0,2,Off,700.18,489.5
1791980700000000000,2026-10-14T12:25:00Z,free response,0.553,10.367,161.39,445.36,173.67,11.66,1.58,100.0,3,Off,702.0,468.54
1791980760000000000,2026-10-14T12:26:00Z,controller 2,0.526,10.203,53.14,123.56,402.43,11.64,1.47,100.0,3,Off,697.79,470.99
1791980820000000000,2026-10-14T12:27:00Z,controller 1,0.392,10.537,45.92,51.28,172.52,11.62,0.88,100.0,3,Off,733.16,480.3
1791980880000000000,2026-10-14T12:28:00Z,controller 2,0.445,10.735,-22.34,220.0,320.1,11.6,0.97,100.0,2,Off,720.95,488.26
1791980940000000000,2026-10-14T12:29:00Z,controller 2,0.432,10.606,-8.8,37.43,38.75,11.59,0.9,100.0,2,Off,687.41,480.69
1791981000000000000,2026-10-14T12:30:00Z,controller 1,2.332,12.616,92.69,342.84,510.78,11.56,35.01,100.0,2,Off,735.16,498.89
1791981060000000000,2026-10-14T12:31:00Z,controller 1,2.288,12.806,123.27,115.78,132.48,11.55,35.62,100.0,1,Off,701.59,498.74
1791981120000000000,2026-10-14T12:32:00Z,controller 2,2.36,12.612,-12.12,432.76,213.9,11.52,36.17,100.0,1,Off,725.73,475.09
1791981180000000000,2026-10-14T12:33:00Z,controller 1,2.315,12.645,25.59,165.18,238.62,11.51,34.02,100.0,3,Off,756.57,481.71
1791981240000000000,2026-10-14T12:34:00Z,controller 1,2.285,12.183,90.94,180.28,433.6,11.49,32.24,100.0,2,Off,776.41,476.58
1791981300000000000,2026-10-14T12:35:00Z,free response,2.291,12.363,29.8,305.02,305.02,11.48,29.49,100.0,3,Off,821.3,447.44
1791981360000000000,2026-10-14T12:36:00Z,free response,2.332,12.318,-9.58,291.01,485.68,11.46,34.69,100.0,2,Off,839.95,433.43
1791981420000000000,2026-10-14T12:37:00Z,free response,2.259,12.435,96.02,339.68,571.25,11.44,31.0,100.0,3,Off,795.65,404.13
1791981480000000000,2026-10-14T12:38:00Z,controller 1,2.294,12.219,160.63,377.8,14.89,11.42,31.85,46.75,3,Off,747.78,430.3
1791981540000000000,2026-10-14T12:39:00Z,controller 2,2.255,12.254,108.03,135.66,317.65,11.39,33.81,100.0,3,Off,762.22,418.6
1791981600000000000,2026-10-14T12:40:00Z,free response,2.318,12.538,85.12,244.14,398.12,11.37,34.87,100.0,1,Off,809.53,397.5
1791981660000000000,2026-10-14T12:41:00Z,controller 1,2.223,12.361,49.94,294.68,101.13,11.34,30.1,100.0,3,Off,818.15,408.74
1791981720000000000,2026-10-14T12:42:00Z,controller 1,2.258,12.701,-29.17,444.09,520.85,11.32,32.58,100.0,2,Off,827.06,417.52
1791981780000000000,2026-10-14T12:43:00Z,controller 1,2.246,12.822,143.05,294.01,49.89,11.3,30.4,100.0,2,Off,866.8,404.9
1791981840000000000,2026-10-14T12:44:00Z,free response,2.269,12.716,175.15,166.73,144.48,11.27,34.21,100.0,1,Off,834.31,393.26
1791981900000000000,2026-10-14T12:45:00Z,controller 1,2.293,12.472,-23.23,205.48,329.66,11.24,32.72,100.0,3,Off,828.51,386.16
1791981960000000000,2026-10-14T12:46:00Z,free response,2.217,12.745,2.12,348.44,130.24,11.23,32.56,100.0,1,Off,782.07,408.82
1791982020000000000,2026-10-14T12:47:00Z,free response,2.386,12.778,135.47,273.27,535.92,11.22,34.71,100.0,2,Off,815.97,389.87
1791982080000000000,2026-10-14T12:48:00Z,controller 2,2.268,12.587,127.76,379.68,282.11,11.2,35.04,100.0,3,Off,864.23,380.18
1791982140000000000,2026-10-14T12:49:00Z,controller 2,2.323,12.647,88.78,210.28,16.57,11.18,35.8,46.28,3,Off,879.84,401.99
1791982200000000000,2026-10-14T12:50:00Z,controller 1,2.355,12.458,180.22,124.94,119.04,11.15,37.86,100.0,3,Off,904.6,424.35
1791982260000000000,2026-10-14T12:51:00Z,controller 2,2.297,12.751,-22.91,289.66,142.93,11.12,35.79,100.0,3,Off,891.09,412.52
1791982320000000000,2026-10-14T12:52:00Z,controller 2,2.325,12.419,-3.25,394.89,309.98,11.11,32.87,100.0,1,Off,879.48,439.44
1791982380000000000,2026-10-14T12:53:00Z,controller 2,2.322,12.869,190.1,194.35,505.55,11.11,37.15,100.0,1,Off,876.83,435.05
1791982440000000000,2026-10-14T12:54:00Z,controller 2,2.335,12.529,168.07,204.95,377.98,11.08,33.47,100.0,1,Off,510.53,713.54
1791982500000000000,2026-10-14T12:55:00Z,free response,2.296,12.335,23.16,414.01,242.0,11.06,33.39,100.0,2,Off,514.0,712.6
1791982560000000000,2026-10-14T12:56:00Z,controller 1,2.373,12.907,-6.59,353.1,152.79,11.02,36.54,100.0,3,Off,481.82,740.42
1791982620000000000,2026-10-14T12:57:00Z,controller 1,2.335,12.579,119.3,40.75,169.83,10.99,32.33,100.0,2,Off,480.79,754.98
1791982680000000000,2026-10-14T12:58:00Z,free response,2.236,12.695,10.71,100.18,482.78,10.98,29.44,100.0,1,Off,445.11,768.84
1791982740000000000,2026-10-14T12:59:00Z,free response,2.306,12.847,82.05,154.84,175.82,10.97,34.98,100.0,3,Off,479.61,769.35
1791982800000000000,2026-10-14T13:00:00Z,controller 2,2.559,11.977,65.19,394.38,261.98,10.94,39.57,100.0,3,Off,520.44,792.86
1791982860000000000,2026-10-14T13:01:00Z,controller 1,2.697,12.385,59.42,356.45,228.49,10.93,48.85,100.0,2,On,475.64,777.03
1791982920000000000,2026-10-14T13:02:00Z,controller 1,2.597,12.081,32.85,122.55,414.93,10.89,37.57,100.0,3,On,454.47,790.62
1791982980000000000,2026-10-14T13:03:00Z,free response,2.554,12.545,59.65,49.58,28.5,10.88,44.08,64.66,3,On,415.77,815.23
1791983040000000000,2026-10-14T13:04:00Z,controller 2,2.584,12.157,117.43,256.01,462.76,10.85,42.01,100.0,2,On,374.02,796.25
1791983100000000000,2026-10-14T13:05:00Z,controller 1,2.587,12.6,116.94,216.06,101.27,10.84,38.14,100.0,2,On,421.17,799.49
1791983160000000000,2026-10-14T13:06:00Z,free response,2.656,12.547,178.31,73.46,548.46,10.83,47.14,100.0,2,On,405.54,800.52
1791983220000000000,2026-10-14T13:07:00Z,free response,2.643,12.635,88.77,228.22,151.06,10.81,47.29,100.0,2,On,420.18,784.77
1791983280000000000,2026-10-14T13:08:00Z,controller 1,2.711,12.149,182.34,125.38,550.58,10.79,43.38,100.0,2,On,419.38,768.07
1791983340000000000,2026-10-14T13:09:00Z,controller 2,2.697,12.207,-16.86,376.41,477.38,10.78,46.21,100.0,1,On,399.93,795.31
1791983400000000000,2026-10-14T13:10:00Z,controller 1,2.675,12.613,182.1,64.23,122.6,10.75,47.78,100.0,3,On,428.98,769.1
1791983460000000000,2026-10-14T13:11:00Z,controller 2,2.708,12.041,177.37,16.08,80.41,10.74,45.14,100.0,1,On,1251.29,622.19
1791983520000000000,2026-10-14T13:12:00Z,free response,2.63,12.564,18.07,296.74,205.8,10.73,46.24,100.0,2,On,1259.78,635.1
1791983580000000000,2026-10-14T13:13:00Z,controller 1,2.618,12.051,-10.01,437.01,585.99,10.71,39.09,100.0,3,On,1252.49,636.16
1791983640000000000,2026-10-14T13:14:00Z,controller 2,2.58,12.187,169.73,368.81,400.01,10.69,42.81,100.0,1,On,1208.24,613.62
1791983700000000000,2026-10-14T13:15:00Z,controller 2,2.711,12.663,-8.52,414.04,70.3,10.67,45.01,100.0,3,On,1161.82,633.78
1791983760000000000,2026-10-14T13:16:00Z,free response,2.681,12.257,-10.25,364.68,241.82,10.65,40.26,100.0,3,On,1164.55,643.52
1791983820000000000,2026-10-14T13:17:00Z,controller 1,2.578,12.399,142.49,302.25,121.96,10.63,38.64,100.0,1,On,1129.96,665.05
1791983880000000000,2026-10-14T13:18:00Z,controller 1,2.623,12.519,-15.56,41.92,183.51,10.6,45.94,100.0,1,On,1132.44,690.43
1791983940000000000,2026-10-14T13:19:00Z,controller 1,2.702,11.972,68.77,240.36,104.02,10.57,46.4,100.0,1,On,1124.55,682.73
1791984000000000000,2026-10-14T13:20:00Z,controller 2,2.701,12.388,153.79,244.86,223.32,10.55,45.1,100.0,1,On,1124.15,681.83
1791984060000000000,2026-10-14T13:21:00Z,free response,2.683,12.727,159.73,353.45,553.82,10.54,48.65,100.0,3,On,1162.51,672.98
1791984120000000000,2026-10-14T13:22:00Z,controller 2,2.693,12.315,147.99,408.23,18.64,10.51,47.82,38.98,3,On,1160.91,678.01
1791984180000000000,2026-10-14T13:23:00Z,controller 2,2.681,12.655,3.97,163.96,197.85,10.49,41.87,100.0,3,On,1178.34,702.61
1791984240000000000,2026-10-14T13:24:00Z,controller 2,2.715,12.057,98.36,214.72,375.92,10.47,43.25,100.0,3,On,1147.34,703.41
1791984300000000000,2026-10-14T13:25:00Z,free response,2.561,12.141,27.0,391.48,386.38,10.44,38.11,100.0,3,On,1158.0,710.5
1791984360000000000,2026-10-14T13:26:00Z,controller 1,2.566,12.254,68.43,203.17,261.43,10.41,41.22,100.0,3,On,1165.51,693.58
1791984420000000000,2026-10-14T13:27:00Z,controller 1,2.67,12.517,34.1,112.8,39.78,10.41,45.58,87.28,1,On,1215.13,697.86
1791984480000000000,2026-10-14T13:28:00Z,controller 2,2.555,12.712,84.52,388.87,434.17,10.39,37.66,100.0,2,On,1250.67,726.47
1791984540000000000,2026-10-14T13:29:00Z,free response,2.718,12.434,79.21,73.12,420.32,10.36,49.71,100.0,1,On,1219.02,730.65
1791984600000000000,2026-10-14T13:30:00Z,free response,2.37,6.668,69.19,139.92,579.74,10.33,19.64,100.0,2,On,1490.42,664.39
1791984660000000000,2026-10-14T13:31:00Z,controller 2,2.301,6.915,199.55,110.86,489.98,10.3,18.35,100.0,3,On,1451.56,672.86
1791984720000000000,2026-10-14T13:32:00Z,controller 1,2.318,7.222,94.08,263.51,570.5,10.29,19.11,100.0,3,On,1445.36,699.43
1791984780000000000,2026-10-14T13:33:00Z,controller 1,2.335,7.062,118.42,176.53,457.32,10.28,21.13,100.0,1,On,1405.54,714.83
1791984840000000000,2026-10-14T13:34:00Z,controller 2,2.274,7.2,186.86,41.09,263.52,10.24,18.43,100.0,1,On,1401.93,722.01
1791984900000000000,2026-10-14T13:35:00Z,free response,2.398,7.015,198.26,347.83,136.04,10.23,21.34,100.0,1,On,1377.67,705.84
1791984960000000000,2026-10-14T13:36:00Z,controller 1,2.411,6.98,82.81,366.86,33.56,10.22,20.62,100.0,2,On,1370.6,720.96
1791985020000000000,2026-10-14T13:37:00Z,controller 2,2.34,6.647,180.0,222.85,240.7,10.2,17.95,100.0,3,On,1350.93,692.65
1791985080000000000,2026-10-14T13:38:00Z,controller 2,2.42,6.969,78.14,21.82,583.25,10.18,21.53,100.0,2,On,1378.24,677.91
1791985140000000000,2026-10-14T13:39:00Z,controller 2,2.337,7.06,29.52,135.7,324.42,10.17,21.08,100.0,2,On,1416.15,689.89
1791985200000000000,2026-10-14T13:40:00Z,controller 1,2.42,6.711,3.07,378.27,476.32,10.15,20.24,100.0,3,On,1420.53,699.3
1791985260000000000,2026-10-14T13:41:00Z,controller 2,2.28,7.279,137.67,119.65,246.81,10.13,20.66,100.0,2,On,1376.63,710.87
1791985320000000000,2026-10-14T13:42:00Z,free response,2.296,6.933,116.85,350.39,466.43,10.12,18.4,100.0,2,On,1415.82,720.81
1791985380000000000,2026-10-14T13:43:00Z,controller 1,2.262,6.773,135.01,184.18,552.01,10.09,18.98,100.0,2,On,1450.37,741.7
1791985440000000000,2026-10-14T13:44:00Z,controller 1,2.372,6.84,43.2,170.45,9.29,10.07,20.6,45.1,2,On,1437.8,770.42
1791985500000000000,2026-10-14T13:45:00Z,controller 1,2.391,7.179,-23.98,12.59,369.16,10.05,19.83,100.0,1,On,1472.27,781.06
1791985560000000000,2026-10-14T13:46:00Z,controller 2,2.33,7.41,143.77,127.13,548.65,10.03,19.04,100.0,3,On,1425.81,792.0
1791985620000000000,2026-10-14T13:47:00Z,controller 1,2.331,7.123,191.52,329.08,127.02,10.0,18.01,100.0,3,On,1467.36,816.13
1791985680000000000,2026-10-14T13:48:00Z,controller 2,2.413,6.877,177.53,151.87,426.79,9.98,18.46,100.0,1,On,1426.16,836.08
1791985740000000000,2026-10-14T13:49:00Z,controller 2,2.42,6.894,146.58,128.58,241.19,9.95,19.62,100.0,2,On,1382.41,834.08
1791985800000000000,2026-10-14T13:50:00Z,controller 1,2.248,7.136,84.48,143.2,353.66,9.92,18.81,100.0,1,On,1420.59,851.09
1791985860000000000,2026-10-14T13:51:00Z,controller 1,2.336,7.372,53.51,36.21,373.74,9.9,21.83,100.0,3,On,1422.06,879.1
1791985920000000000,2026-10-14T13:52:00Z,controller 1,2.29,7.225,137.26,240.37,428.15,9.9,20.48,100.0,3,On,1434.73,866.35
1791985980000000000,2026-10-14T13:53:00Z,controller 2,2.387,7.304,37.11,438.53,352.59,9.89,19.35,100.0,3,On,1424.93,866.51
1791986040000000000,2026-10-14T13:54:00Z,free response,2.415,6.718,53.74,424.28,599.07,9.88,18.02,100.0,1,On,1396.63,894.72
1791986100000000000,2026-10-14T13:55:00Z,controller 2,2.303,6.741,164.75,397.69,483.96,9.86,17.12,100.0,1,On,1361.12,897.27
1791986160000000000,2026-10-14T13:56:00Z,controller 2,2.346,6.899,174.92,67.65,216.09,9.82,19.18,100.0,1,On,1376.86,893.57
1791986220000000000,2026-10-14T13:57:00Z,controller 2,2.275,6.835,149.21,227.78,537.57,9.81,16.8,100.0,1,On,1379.88,895.4
1791986280000000000,2026-10-14T13:58:00Z,controller 2,2.387,6.864,58.64,422.11,112.7,9.81,20.36,100.0,1,On,1429.85,904.67
1791986340000000000,2026-10-14T13:59:00Z,free response,2.273,7.074,48.52,371.93,534.42,9.79,20.05,100.0,1,On,1394.54,921.71
1791986400000000000,2026-10-14T14:00:00Z,controller 2,0.219,6.884,63.11,362.75,107.93,9.76,0.16,100.0,2,On,1432.05,943.17
1791986460000000000,2026-10-14T14:01:00Z,controller 2,0.123,6.644,84.45,153.04,289.18,9.74,0.05,100.0,2,On,1389.45,935.8
1791986520000000000,2026-10-14T14:02:00Z,controller 1,0.182,6.701,100.65,249.07,17.14,9.7,0.12,100.0,2,On,1400.34,907.75
1791986580000000000,2026-10-14T14:03:00Z,controller 2,0.103,6.906,138.7,444.94,70.04,9.69,0.04,100.0,3,On,1448.26,916.15
1791986640000000000,2026-10-14T14:04:00Z,controller 1,0.176,6.985,195.22,358.56,409.9,9.67,0.11,100.0,3,On,1427.76,889.62
1791986700000000000,2026-10-14T14:05:00Z,free response,0.076,6.969,91.08,314.46,181.78,9.66,0.02,100.0,1,On,1413.61,897.26
1791986760000000000,2026-10-14T14:06:00Z,controller 2,0.064,7.03,92.2,59.39,126.82,9.63,0.01,100.0,2,On,1392.15,883.99
1791986820000000000,2026-10-14T14:07:00Z,free response,0.11,6.63,98.86,254.22,242.97,9.62,0.04,100.0,1,On,1368.17,870.8
1791986880000000000,2026-10-14T14:08:00Z,controller 2,0.132,6.879,-14.87,339.12,445.71,9.59,0.06,100.0,3,On,1364.74,849.43
1791986940000000000,2026-10-14T14:09:00Z,controller 1,0.125,6.647,39.69,70.92,325.76,9.58,0.05,100.0,1,On,662.49,405.14
1791987000000000000,2026-10-14T14:10:00Z,free response,0.09,6.924,91.93,422.96,250.12,9.55,0.03,100.0,2,On,710.92,412.68
1791987060000000000,2026-10-14T14:11:00Z,free response,0.114,6.325,33.53,82.79,323.71,9.54,0.04,100.0,3,On,715.51,413.6
1791987120000000000,2026-10-14T14:12:00Z,controller 2,0.186,6.877,18.49,294.15,416.73,9.51,0.11,100.0,1,On,706.1,399.66
1791987180000000000,2026-10-14T14:13:00Z,free response,0.139,6.311,9.0,285.58,344.32,9.5,0.06,100.0,3,On,658.89,396.79
1791987240000000000,2026-10-14T14:14:00Z,controller 1,0.061,7.001,-6.1,15.59,198.08,9.47,0.01,100.0,1,On,691.99,382.81
1791987300000000000,2026-10-14T14:15:00Z,controller 2,0.163,6.526,3.47,244.72,75.87,9.47,0.08,100.0,3,On,734.14,409.29
1791987360000000000,2026-10-14T14:16:00Z,controller 2,0.209,6.279,45.92,302.14,128.7,9.45,0.14,100.0,2,On,735.26,417.43
1791987420000000000,2026-10-14T14:17:00Z,free response,0.176,6.455,83.17,381.79,76.13,9.44,0.09,100.0,1,On,697.66,405.96
1791987480000000000,2026-10-14T14:18:00Z,free response,0.167,6.408,31.13,405.96,91.44,9.4,0.1,100.0,1,On,741.38,415.23
1791987540000000000,2026-10-14T14:19:00Z,free response,0.171,6.984,152.94,167.11,424.37,9.39,0.1,100.0,2,On,714.26,399.78
1791987600000000000,2026-10-14T14:20:00Z,free response,0.092,6.745,34.52,321.8,446.68,9.37,0.03,100.0,1,On,679.88,392.38
1791987660000000000,2026-10-14T14:21:00Z,controller 1,0.069,6.858,142.5,73.11,505.02,9.36,0.02,100.0,2,On,640.17,363.92
1791987720000000000,2026-10-14T14:22:00Z,controller 1,0.104,6.817,40.95,119.98,510.99,9.35,0.04,100.0,3,On,619.29,351.99
1791987780000000000,2026-10-14T14:23:00Z,controller 1,0.161,6.649,75.36,401.67,161.78,9.33,0.09,100.0,2,On,661.97,350.55
1791987840000000000,2026-10-14T14:24:00Z,controller 1,0.159,6.605,149.43,428.35,459.26,9.3,0.08,100.0,3,On,681.67,379.88
1791987900000000000,2026-10-14T14:25:00Z,controller 1,0.202,6.465,186.94,70.36,506.07,9.28,0.14,100.0,1,On,723.41,399.87
1791987960000000000,2026-10-14T14:26:00Z,controller 1,0.16,6.652,29.11,380.07,218.97,9.27,0.08,100.0,3,On,734.15,383.58
1791988020000000000,2026-10-14T14:27:00Z,controller 2,0.135,6.551,160.3,238.8,359.2,9.24,0.06,100.0,3,On,726.36,353.73
1791988080000000000,2026-10-14T14:28:00Z,controller 1,0.049,6.726,134.0,110.99,448.34,9.21,0.01,100.0,1,On,758.77,333.5
1791988140000000000,2026-10-14T14:29:00Z,controller 1,0.206,6.949,88.12,152.27,178.45,9.18,0.14,100.0,2,On,774.12,329.56
1791988200000000000,2026-10-14T14:30:00Z,free response,1.555,6.852,167.63,363.2,361.05,9.15,7.66,100.0,2,On,773.74,334.84
1791988260000000000,2026-10-14T14:31:00Z,controller 2,1.473,7.19,103.25,156.84,416.29,9.13,7.13,100.0,2,On,737.66,346.57
1791988320000000000,2026-10-14T14:32:00Z,controller 1,1.475,7.226,118.15,210.08,98.34,9.1,7.58,100.0,3,On,707.87,342.4
1791988380000000000,2026-10-14T14:33:00Z,free response,1.581,6.867,79.96,15.45,290.21,9.07,8.57,100.0,1,On,756.45,314.93
1791988440000000000,2026-10-14T14:34:00Z,controller 1,1.607,7.052,163.41,416.98,122.98,9.04,9.83,100.0,2,On,789.04,292.99
1791988500000000000,2026-10-14T14:35:00Z,controller 2,1.543,6.838,198.61,145.08,327.6,9.01,8.23,100.0,3,On,832.84,299.67
1791988560000000000,2026-10-14T14:36:00Z,controller 2,1.534,7.022,116.17,376.37,419.62,8.99,8.72,100.0,1,On,854.41,321.62
1791988620000000000,2026-10-14T14:37:00Z,free response,1.565,7.113,51.37,365.67,230.41,8.98,9.47,100.0,3,On,877.41,312.98
1791988680000000000,2026-10-14T14:38:00Z,controller 2,1.474,6.878,191.17,398.03,456.92,8.96,6.98,100.0,3,On,1388.16,376.54
1791988740000000000,2026-10-14T14:39:00Z,controller 2,1.607,7.156,140.9,242.95,538.83,8.95,9.28,100.0,2,On,900.83,890.56
1791988800000000000,2026-10-14T14:40:00Z,controller 1,1.465,6.74,61.12,308.54,506.55,8.92,7.88,100.0,1,On,929.11,873.68
1791988860000000000,2026-10-14T14:41:00Z,controller 2,1.515,6.68,187.19,16.55,564.17,8.91,7.81,100.0,2,On,910.22,900.31
1791988920000000000,2026-10-14T14:42:00Z,controller 2,1.611,6.938,94.17,22.01,467.54,8.88,9.87,100.0,3,On,948.88,902.98
1791988980000000000,2026-10-14T14:43:00Z,controller 1,1.583,6.537,166.98,195.3,146.72,8.88,8.57,100.0,3,On,989.45,897.29
1791989040000000000,2026-10-14T14:44:00Z,controller 2,1.487,6.985,182.29,81.68,14.57,8.86,8.04,100.0,2,On,1001.15,881.9
1791989100000000000,2026-10-14T14:45:00Z,controller 2,1.531,7.186,126.88,422.91,389.18,8.84,8.56,100.0,2,On,1001.99,901.25
1791989160000000000,2026-10-14T14:46:00Z,controller 2,1.517,6.708,175.05,110.57,38.21,8.82,7.18,100.0,2,On,984.57,924.52
1791989220000000000,2026-10-14T14:47:00Z,free response,1.608,6.653,147.42,84.6,419.96,8.81,8.22,100.0,3,On,1025.08,954.21
1791989280000000000,2026-10-14T14:48:00Z,controller 2,1.587,6.979,80.5,386.68,305.44,8.78,8.65,100.0,2,On,1024.65,925.72
1791989340000000000,2026-10-14T14:49:00Z,free response,1.49,6.853,150.13,338.4,422.92,8.77,7.88,100.0,1,On,1034.43,945.29
1791989400000000000,2026-10-14T14:50:00Z,free response,1.598,6.578,55.89,172.52,512.63,8.75,7.98,100.0,3,On,992.71,931.55
1791989460000000000,2026-10-14T14:51:00Z,controller 2,1.497,7.152,48.17,313.01,591.7,8.74,7.5,100.0,1,On,952.14,939.58
1791989520000000000,2026-10-14T14:52:00Z,controller 1,1.515,7.09,160.12,305.84,214.21,8.72,8.66,100.0,3,On,999.83,946.09
1791989580000000000,2026-10-14T14:53:00Z,free response,1.472,6.842,111.09,23.27,489.76,8.69,6.84,100.0,1,On,1026.43,971.0
1791989640000000000,2026-10-14T14:54:00Z,controller 2,1.526,6.914,198.07,19.54,276.98,8.68,7.64,100.0,1,On,1070.84,958.38
1791989700000000000,2026-10-14T14:55:00Z,free response,1.467,6.913,-19.43,14.13,257.65,8.67,7.5,100.0,1,Off,1076.5,971.7
1791989760000000000,2026-10-14T14:56:00Z,free response,1.503,6.91,181.01,378.0,19.8,8.65,8.32,100.0,1,Off,1085.13,977.25
1791989820000000000,2026-10-14T14:57:00Z,controller 2,1.551,6.567,13.79,339.98,575.68,8.62,7.15,100.0,3,Off,783.25,477.14
1791989880000000000,2026-10-14T14:58:00Z,controller 1,1.491,6.789,144.35,206.31,281.06,8.62,7.0,100.0,3,Off,747.24,466.11
1791989940000000000,2026-10-14T14:59:00Z,free response,1.445,6.658,28.68,274.66,205.05,8.61,7.42,100.0,2,Off,780.62,477.43
1791990000000000000,2026-10-14T15:00:00Z,free response,0.584,11.698,175.54,380.44,197.83,8.58,2.13,100.0,3,Off,824.04,450.77
1791990060000000000,2026-10-14T15:01:00Z,free response,0.51,11.464,136.55,63.27,442.91,8.56,1.34,100.0,1,Off,852.73,476.63
1791990120000000000,2026-10-14T15:02:00Z,free response,0.555,12.039,29.93,83.39,167.09,8.54,2.02,100.0,2,Off,871.36,492.41
1791990180000000000,2026-10-14T15:03:00Z,free response,0.472,11.514,11.14,355.53,64.42,8.51,1.38,100.0,1,Off,866.18,501.57
1791990240000000000,2026-10-14T15:04:00Z,free response,0.57,11.998,196.59,414.89,569.63,8.49,2.03,100.0,2,Off,895.72,519.09
1791990300000000000,2026-10-14T15:05:00Z,controller 1,0.574,11.415,154.74,329.27,102.04,8.49,1.92,100.0,2,Off,893.86,518.32
1791990360000000000,2026-10-14T15:06:00Z,free response,0.547,11.67,107.1,348.05,116.81,8.47,1.89,100.0,2,Off,889.16,546.96
1791990420000000000,2026-10-14T15:07:00Z,controller 1,0.538,11.654,35.31,439.94,152.17,8.46,1.78,100.0,3,Off,880.72,576.26
1791990480000000000,2026-10-14T15:08:00Z,controller 2,0.52,11.98,27.58,205.1,594.45,8.44,1.46,100.0,2,Off,843.54,599.36
1791990540000000000,2026-10-14T15:09:00Z,free response,0.466,12.147,83.47,397.87,188.16,8.41,1.41,100.0,1,Off,825.78,606.48
1791990600000000000,2026-10-14T15:10:00Z,controller 2,0.583,11.867,12.97,285.09,457.82,8.39,1.91,100.0,3,Off,817.59,636.28
1791990660000000000,2026-10-14T15:11:00Z,free response,0.463,11.926,113.03,229.35,142.43,8.36,1.16,100.0,3,Off,834.78,666.25
1791990720000000000,2026-10-14T15:12:00Z,controller 2,0.557,11.479,-8.28,146.06,229.8,8.35,1.65,100.0,1,Off,857.06,670.95
1791990780000000000,2026-10-14T15:13:00Z,controller 2,0.578,11.77,70.07,119.41,376.21,8.34,2.04,100.0,2,Off,819.42,697.24
1791990840000000000,2026-10-14T15:14:00Z,controller 1,0.593,11.92,146.18,219.87,406.5,8.31,2.22,100.0,1,Off,859.29,707.05
1791990900000000000,2026-10-14T15:15:00Z,controller 1,0.587,12.046,-22.28,244.84,335.05,8.3,2.07,100.0,2,Off,884.58,680.77
1791990960000000000,2026-10-14T15:16:00Z,free response,0.496,11.47,187.92,408.96,180.55,8.28,1.38,100.0,2,Off,864.64,674.3
1791991020000000000,2026-10-14T15:17:00Z,controller 1,0.524,12.002,-17.84,7.7,0.72,8.27,1.71,42.11,1,Off,853.5,701.32
1791991080000000000,2026-10-14T15:18:00Z,controller 2,0.438,12.089,89.96,394.23,400.85,8.24,1.2,100.0,3,Off,809.86,699.47
1791991140000000000,2026-10-14T15:19:00Z,controller 2,0.602,11.522,94.37,189.7,595.98,8.22,1.99,100.0,3,Off,801.18,673.0
1791991200000000000,2026-10-14T15:20:00Z,free response,0.579,11.491,130.45,239.5,354.09,8.18,1.88,100.0,3,Off,830.64,695.21
1791991260000000000,2026-10-14T15:21:00Z,controller 1,0.536,11.559,34.24,282.05,207.5,8.15,1.51,100.0,3,Off,835.23,696.63
1791991320000000000,2026-10-14T15:22:00Z,controller 2,0.606,12.039,172.46,368.35,287.12,8.12,2.06,100.0,3,Off,808.16,671.77
1791991380000000000,2026-10-14T15:23:00Z,controller 2,0.475,12.112,156.9,48.54,288.92,8.1,1.48,100.0,3,Off,765.72,674.24
1791991440000000000,2026-10-14T15:24:00Z,free response,0.582,11.614,92.02,154.93,209.8,8.08,2.1,100.0,2,Off,812.83,667.78
1791991500000000000,2026-10-14T15:25:00Z,free response,0.566,11.739,160.37,226.25,191.55,8.05,1.89,100.0,2,Off,809.74,659.98
1791991560000000000,2026-10-14T15:26:00Z,controller 2,0.517,11.879,182.07,182.16,479.8,8.04,1.46,100.0,1,Off,812.91,689.3
1791991620000000000,2026-10-14T15:27:00Z,controller 1,0.585,11.693,2.18,430.63,583.96,8.01,2.0,100.0,2,Off,843.93,661.47
1791991680000000000,2026-10-14T15:28:00Z,free response,0.454,12.012,22.44,413.9,289.58,7.99,1.15,100.0,2,Off,874.55,639.53
1791991740000000000,2026-10-14T15:29:00Z,controller 1,0.591,12.127,0.47,2.32,394.4,7.96,2.14,100.0,1,Off,839.55,623.88
1791991800000000000,2026-10-14T15:30:00Z,free response,0.289,10.598,50.48,53.52,539.99,7.95,0.41,100.0,3,Off,840.51,608.34
1791991860000000000,2026-10-14T15:31:00Z,controller 1,0.345,10.213,84.23,438.64,563.0,7.94,0.63,100.0,2,Off,1093.95,575.33
1791991920000000000,2026-10-14T15:32:00Z,controller 2,0.312,10.3,95.01,186.45,83.69,7.93,0.45,100.0,3,Off,1110.09,594.98
1791991980000000000,2026-10-14T15:33:00Z,controller 2,0.342,10.469,128.09,138.54,457.12,7.91,0.59,100.0,1,Off,1091.85,579.48
1791992040000000000,2026-10-14T15:34:00Z,controller 1,0.392,10.501,-21.49,380.26,377.97,7.9,0.83,100.0,1,Off,1053.85,564.54
1791992100000000000,2026-10-14T15:35:00Z,free response,0.437,10.165,97.52,388.67,550.57,7.87,1.0,100.0,2,Off,1077.1,558.32
1791992160000000000,2026-10-14T15:36:00Z,controller 2,0.322,10.545,197.87,295.75,502.97,7.84,0.51,100.0,1,Off,1113.56,534.56
1791992220000000000,2026-10-14T15:37:00Z,controller 1,0.32,10.003,141.72,221.6,505.73,7.81,0.5,100.0,1,Off,1111.09,526.95
1791992280000000000,2026-10-14T15:38:00Z,controller 2,0.383,10.213,35.93,200.26,176.5,7.79,0.72,100.0,2,Off,1123.44,552.06
1791992340000000000,2026-10-14T15:39:00Z,controller 1,0.328,9.996,-8.76,310.13,87.19,7.75,0.57,100.0,2,Off,1170.85,554.84
1791992400000000000,2026-10-14T15:40:00Z,controller 1,0.319,10.37,126.55,325.89,483.61,7.73,0.57,100.0,1,Off,1171.02,570.52
1791992460000000000,2026-10-14T15:41:00Z,controller 2,0.302,9.998,82.4,304.84,152.37,7.72,0.41,100.0,2,Off,1172.45,581.4
1791992520000000000,2026-10-14T15:42:00Z,controller 1,0.351,10.183,153.39,249.53,324.85,7.69,0.57,100.0,2,Off,1139.85,553.89
1791992580000000000,2026-10-14T15:43:00Z,controller 1,0.37,10.292,95.56,56.17,123.89,7.68,0.72,100.0,1,Off,1165.55,548.3
1791992640000000000,2026-10-14T15:44:00Z,controller 1,0.376,10.572,168.73,114.6,443.91,7.66,0.75,100.0,3,Off,1201.03,563.64
1791992700000000000,2026-10-14T15:45:00Z,controller 2,0.444,10.311,197.78,332.22,126.09,7.63,0.96,100.0,3,Off,1249.59,584.1
1791992760000000000,2026-10-14T15:46:00Z,free response,0.33,9.909,19.7,347.81,281.43,7.61,0.53,100.0,3,Off,1220.85,590.49
1791992820000000000,2026-10-14T15:47:00Z,controller 2,0.452,10.514,-28.08,154.25,163.97,7.58,1.08,100.0,2,Off,1176.0,566.35
1791992880000000000,2026-10-14T15:48:00Z,controller 2,0.441,9.946,129.13,43.57,587.77,7.55,0.97,100.0,3,Off,1133.4,573.17
1791992940000000000,2026-10-14T15:49:00Z,controller 1,0.384,10.273,-16.5,359.66,346.69,7.54,0.72,100.0,2,Off,1176.93,569.05
1791993000000000000,2026-10-14T15:50:00Z,free response,0.299,9.925,14.41,133.6,394.41,7.54,0.49,100.0,2,Off,1170.3,580.46
1791993060000000000,2026-10-14T15:51:00Z,controller 1,0.321,10.156,113.35,243.0,39.95,7.51,0.56,100.0,1,Off,1216.66,566.34
1791993120000000000,2026-10-14T15:52:00Z,free response,0.324,10.124,29.73,195.72,435.2,7.5,0.53,100.0,1,Off,1252.27,549.18
1791993180000000000,2026-10-14T15:53:00Z,free response,0.302,10.061,167.72,50.56,273.84,7.48,0.48,100.0,2,Off,1237.06,574.44
1791993240000000000,2026-10-14T15:54:00Z,free response,0.347,10.272,-22.6,71.18,577.41,7.45,0.61,100.0,2,Off,1200.06,545.67
1791993300000000000,2026-10-14T15:55:00Z,controller 2,0.416,10.392,101.83,111.45,382.94,7.42,0.92,100.0,3,Off,1196.09,548.27
1791993360000000000,2026-10-14T15:56:00Z,controller 1,0.285,9.931,175.31,182.19,198.88,7.41,0.44,100.0,2,Off,1203.98,520.78
1791993420000000000,2026-10-14T15:57:00Z,free response,0.302,10.273,-15.71,286.31,364.85,7.39,0.45,100.0,1,Off,1203.9,548.92
1791993480000000000,2026-10-14T15:58:00Z,controller 1,0.391,10.352,8.54,157.69,577.41,7.38,0.82,100.0,3,Off,1222.13,535.76
1791993540000000000,2026-10-14T15:59:00Z,controller 1,0.396,10.37,143.22,197.23,148.41,7.37,0.79,100.0,2,Off,1195.63,516.43
1791993600000000000,2026-10-14T16:00:00Z,controller 1,2.917,1.56,124.02,216.96,242.13,7.35,6.84,100.0,2,Off,1242.6,499.6
1791993660000000000,2026-10-14T16:01:00Z,free response,2.807,1.359,34.67,137.57,314.68,7.31,5.63,100.0,1,Off,1198.82,480.44
1791993720000000000,2026-10-14T16:02:00Z,free response,2.911,1.326,38.73,448.77,427.6,7.29,5.06,100.0,3,Off,1156.72,502.53
1791993780000000000,2026-10-14T16:03:00Z,controller 1,2.775,1.935,95.47,62.1,304.59,7.27,7.6,100.0,2,Off,1111.49,476.5
1791993840000000000,2026-10-14T16:04:00Z,free response,2.763,1.45,117.71,126.74,512.87,7.25,5.8,100.0,2,Off,1106.85,503.1
1791993900000000000,2026-10-14T16:05:00Z,controller 2,2.917,1.515,120.79,297.59,222.91,7.22,6.58,100.0,3,Off,1146.99,474.37
1791993960000000000,2026-10-14T16:06:00Z,controller 1,2.932,1.481,41.98,89.7,7.23,7.2,6.58,100.0,1,Off,1124.48,444.93
1791994020000000000,2026-10-14T16:07:00Z,free response,2.767,1.736,141.24,243.96,486.33,7.17,6.24,100.0,1,Off,1139.29,473.01
1791994080000000000,2026-10-14T16:08:00Z,controller 2,2.767,1.954,184.68,429.23,238.13,7.14,8.16,100.0,2,Off,1185.23,471.37
1791994140000000000,2026-10-14T16:09:00Z,controller 2,2.937,1.484,34.77,145.95,331.26,7.13,5.94,100.0,2,Off,1193.33,479.32
1791994200000000000,2026-10-14T16:10:00Z,controller 1,2.766,1.632,4.26,124.28,57.64,7.1,6.4,100.0,2,Off,1240.17,502.79
1791994260000000000,2026-10-14T16:11:00Z,controller 2,2.786,1.304,146.11,359.93,263.53,7.09,4.64,100.0,3,On,1248.04,520.96
1791994320000000000,2026-10-14T16:12:00Z,free response,2.842,1.994,185.35,413.34,214.11,7.06,8.61,100.0,3,On,1271.78,491.02
1791994380000000000,2026-10-14T16:13:00Z,free response,2.859,1.539,7.94,422.0,403.19,7.04,6.32,100.0,3,On,1238.47,477.77
1791994440000000000,2026-10-14T16:14:00Z,controller 2,2.815,1.492,157.96,276.5,252.37,7.03,5.89,100.0,1,On,1266.06,495.79
1791994500000000000,2026-10-14T16:15:00Z,controller 1,2.824,1.832,29.84,111.1,359.1,7.01,6.94,100.0,1,On,1265.45,491.93
1791994560000000000,2026-10-14T16:16:00Z,controller 1,2.912,1.414,4.36,7.21,3.11,7.01,5.67,54.85,2,On,1230.04,462.42
1791994620000000000,2026-10-14T16:17:00Z,controller 1,2.92,1.583,48.91,122.41,348.32,6.98,6.77,100.0,1,On,1278.05,487.4
1791994680000000000,2026-10-14T16:18:00Z,free response,2.817,1.504,166.97,75.35,119.5,6.96,6.08,100.0,1,On,1251.23,499.6
1791994740000000000,2026-10-14T16:19:00Z,free response,2.765,1.5,72.22,316.31,210.62,6.94,5.95,100.0,3,On,1257.78,494.52
1791994800000000000,2026-10-14T16:20:00Z,free response,2.927,1.419,-7.63,149.13,235.82,6.9,5.6,100.0,2,On,1247.32,464.76
1791994860000000000,2026-10-14T16:21:00Z,controller 2,2.887,1.925,113.84,221.74,165.67,6.87,8.58,100.0,2,On,1214.08,494.0
1791994920000000000,2026-10-14T16:22:00Z,controller 1,2.836,1.274,26.92,398.99,266.1,6.85,5.5,100.0,3,On,1251.78,511.2
1791994980000000000,2026-10-14T16:23:00Z,controller 1,2.912,1.322,117.1,199.58,172.4,6.83,5.32,100.0,2,On,1251.43,489.54
1791995040000000000,2026-10-14T16:24:00Z,controller 1,2.796,2.028,152.31,117.85,167.97,6.81,8.43,100.0,3,On,1269.61,492.53
1791995100000000000,2026-10-14T16:25:00Z,controller 1,2.933,1.714,35.83,85.91,275.37,6.78,7.38,100.0,1,On,1262.48,490.51
1791995160000000000,2026-10-14T16:26:00Z,free response,2.759,1.453,190.95,134.08,97.78,6.75,6.01,100.0,2,On,1233.68,482.43
1791995220000000000,2026-10-14T16:27:00Z,controller 2,2.889,1.726,-28.42,164.24,91.6,6.74,7.85,100.0,1,On,1227.77,490.97
1791995280000000000,2026-10-14T16:28:00Z,controller 2,2.835,1.75,147.11,141.08,106.47,6.71,6.67,100.0,1,On,1272.7,497.38
1791995340000000000,2026-10-14T16:29:00Z,controller 1,2.923,1.506,24.95,254.55,87.53,6.7,6.2,100.0,2,On,1230.73,497.38
1791995400000000000,2026-10-14T16:30:00Z,controller 1,0.451,7.379,170.14,409.22,261.68,6.69,0.72,100.0,3,On,1229.38,485.91
1791995460000000000,2026-10-14T16:31:00Z,free response,0.408,6.935,71.97,357.84,105.77,6.68,0.58,100.0,2,On,1242.24,484.25
1791995520000000000,2026-10-14T16:32:00Z,controller 2,0.422,6.765,50.13,141.33,218.84,6.66,0.65,100.0,1,On,1220.46,473.2
1791995580000000000,2026-10-14T16:33:00Z,controller 1,0.507,7.209,112.21,296.21,596.98,6.63,0.85,100.0,1,On,1247.26,479.67
1791995640000000000,2026-10-14T16:34:00Z,controller 2,0.539,7.138,64.47,102.04,539.71,6.59,1.12,100.0,3,On,1273.18,476.72
1791995700000000000,2026-10-14T16:35:00Z,free response,0.422,7.213,169.71,155.13,193.4,6.57,0.68,100.0,3,On,1251.76,499.67
1791995760000000000,2026-10-14T16:36:00Z,free response,0.476,6.792,53.03,311.96,79.97,6.55,0.69,100.0,1,On,1268.64,506.7
1791995820000000000,2026-10-14T16:37:00Z,controller 2,0.52,6.891,22.37,349.24,54.63,6.54,1.0,100.0,1,On,1283.82,494.01
1791995880000000000,2026-10-14T16:38:00Z,free response,0.45,7.085,185.24,37.26,195.86,6.53,0.74,100.0,2,On,1308.79,509.69
1791995940000000000,2026-10-14T16:39:00Z,controller 2,0.483,6.901,144.5,347.9,291.06,6.51,0.81,100.0,2,On,1349.77,480.33
1791996000000000000,2026-10-14T16:40:00Z,free response,0.532,7.323,187.23,252.18,318.39,6.5,1.07,100.0,3,On,1308.97,474.3
1791996060000000000,2026-10-14T16:41:00Z,controller 2,0.482,6.822,9.63,370.85,128.7,6.47,0.83,100.0,1,On,994.25,745.29
1791996120000000000,2026-10-14T16:42:00Z,controller 1,0.497,6.813,56.01,187.13,136.55,6.46,0.9,100.0,3,On,1028.29,738.78
1791996180000000000,2026-10-14T16:43:00Z,controller 2,0.537,7.448,21.96,402.73,51.88,6.44,0.98,100.0,2,On,1008.65,746.97
1791996240000000000,2026-10-14T16:44:00Z,controller 1,0.517,7.183,74.5,258.16,66.15,6.4,0.91,100.0,1,On,1042.36,765.21
1791996300000000000,2026-10-14T16:45:00Z,free response,0.381,7.455,158.35,244.72,349.83,6.38,0.5,100.0,1,On,1070.08,769.13
1791996360000000000,2026-10-14T16:46:00Z,free response,0.461,6.971,17.71,413.22,224.65,6.38,0.79,100.0,3,On,1054.67,779.44
1791996420000000000,2026-10-14T16:47:00Z,free response,0.467,6.804,-0.7,152.51,251.43,6.35,0.77,100.0,3,On,1010.07,808.72
1791996480000000000,2026-10-14T16:48:00Z,controller 2,0.439,6.828,133.11,18.27,406.22,6.33,0.68,100.0,1,On,961.41,806.9
1791996540000000000,2026-10-14T16:49:00Z,controller 1,0.459,7.187,-4.52,134.12,499.15,6.33,0.77,100.0,2,On,945.02,781.38
1791996600000000000,2026-10-14T16:50:00Z,controller 1,0.503,6.778,179.53,55.14,83.61,6.31,0.89,100.0,3,On,904.69,793.47
1791996660000000000,2026-10-14T16:51:00Z,controller 1,0.491,6.791,180.61,74.2,350.15,6.3,0.76,100.0,2,On,917.31,798.8
1791996720000000000,2026-10-14T16:52:00Z,controller 2,0.401,7.108,184.28,270.79,378.06,6.29,0.57,100.0,1,On,868.48,774.0
1791996780000000000,2026-10-14T16:53:00Z,free response,0.553,6.976,128.7,33.96,466.83,6.27,1.09,100.0,3,On,890.97,748.94
1791996840000000000,2026-10-14T16:54:00Z,free response,0.428,6.803,17.75,271.67,540.12,6.24,0.6,100.0,1,On,913.19,751.41
1791996900000000000,2026-10-14T16:55:00Z,controller 2,0.464,6.774,82.85,8.45,238.12,6.22,0.76,100.0,2,On,940.25,764.4
1791996960000000000,2026-10-14T16:56:00Z,free response,0.555,7.365,131.76,409.09,435.81,6.22,1.15,100.0,1,On,915.73,768.94
1791997020000000000,2026-10-14T16:57:00Z,free response,0.548,7.337,99.95,30.39,321.75,6.18,1.01,100.0,2,On,933.24,782.87
1791997080000000000,2026-10-14T16:58:00Z,free response,0.38,6.695,154.66,424.12,476.17,6.17,0.5,100.0,1,On,885.9,778.33
1791997140000000000,2026-10-14T16:59:00Z,free response,0.408,6.745,12.83,188.79,505.96,6.16,0.58,100.0,2,On,935.48,781.72
1791997200000000000,2026-10-14T17:00:00Z,controller 1,1.457,8.916,165.33,332.21,244.58,6.14,9.5,100.0,2,On,938.34,757.33
1791997260000000000,2026-10-14T17:01:00Z,free response,1.351,9.085,111.98,317.99,382.36,6.12,8.16,100.0,2,On,906.07,756.9
1791997320000000000,2026-10-14T17:02:00Z,controller 2,1.413,9.404,-6.44,83.03,169.52,6.09,9.54,100.0,3,On,913.89,750.42
1791997380000000000,2026-10-14T17:03:00Z,free response,1.442,8.867,96.41,95.89,126.65,6.08,9.44,100.0,3,On,916.56,732.82
1791997440000000000,2026-10-14T17:04:00Z,controller 1,1.401,9.003,35.75,393.43,261.3,6.06,8.72,100.0,2,On,874.62,706.98
1791997500000000000,2026-10-14T17:05:00Z,controller 1,1.388,9.282,56.91,327.09,358.0,6.04,9.01,100.0,1,On,831.7,685.63
1791997560000000000,2026-10-14T17:06:00Z,free response,1.429,9.098,125.33,248.19,584.87,6.02,8.91,100.0,2,On,851.76,704.87
1791997620000000000,2026-10-14T17:07:00Z,controller 1,1.45,9.534,75.21,364.88,286.48,6.0,10.02,100.0,3,On,815.84,712.98
1791997680000000000,2026-10-14T17:08:00Z,free response,1.358,9.507,65.05,62.88,158.01,5.99,8.03,100.0,2,On,832.66,684.22
1791997740000000000,2026-10-14T17:09:00Z,controller 2,1.353,9.206,68.3,107.79,497.85,5.98,8.3,100.0,2,On,812.79,700.38
1791997800000000000,2026-10-14T17:10:00Z,controller 2,1.4,9.364,-27.45,22.24,584.73,5.95,9.57,100.0,3,On,826.27,728.36
1791997860000000000,2026-10-14T17:11:00Z,free response,1.474,8.808,-13.43,34.47,557.03,5.91,9.36,100.0,2,On,844.91,728.17
1791997920000000000,2026-10-14T17:12:00Z,controller 2,1.305,9.271,193.37,341.8,220.87,5.9,8.45,100.0,1,On,802.05,703.09
1791997980000000000,2026-10-14T17:13:00Z,controller 1,1.342,8.96,199.81,177.35,287.7,5.88,7.84,100.0,2,On,777.24,682.86
1791998040000000000,2026-10-14T17:14:00Z,controller 2,1.357,9.19,84.3,387.08,132.72,5.85,7.96,100.0,2,On,754.63,661.56
1791998100000000000,2026-10-14T17:15:00Z,free response,1.341,9.218,-8.29,393.73,218.28,5.83,8.63,100.0,1,On,711.57,642.97
1791998160000000000,2026-10-14T17:16:00Z,controller 1,1.355,9.317,103.23,383.69,599.74,5.8,8.96,100.0,2,On,699.59,635.42
1791998220000000000,2026-10-14T17:17:00Z,controller 1,1.317,9.42,10.95,272.53,526.7,5.79,7.52,100.0,1,On,708.73,606.74
1791998280000000000,2026-10-14T17:18:00Z,controller 1,1.38,8.858,-14.74,428.5,578.33,5.77,9.25,100.0,1,On,714.2,578.66
1791998340000000000,2026-10-14T17:19:00Z,free response,1.373,8.839,38.02,175.16,99.9,5.76,8.88,100.0,1,On,707.05,606.93
1791998400000000000,2026-10-14T17:20:00Z,controller 1,1.364,8.959,-14.73,36.8,52.62,5.74,8.62,100.0,2,On,675.84,619.94
1791998460000000000,2026-10-14T17:21:00Z,controller 2,1.416,9.336,47.59,171.39,125.09,5.7,8.94,100.0,2,On,672.45,608.22
1791998520000000000,2026-10-14T17:22:00Z,controller 2,1.311,9.033,87.03,113.44,591.12,5.7,7.42,100.0,3,On,634.85,587.63
1791998580000000000,2026-10-14T17:23:00Z,controller 2,1.388,9.179,-18.68,87.74,325.65,5.69,7.99,100.0,1,On,677.0,574.39
1791998640000000000,2026-10-14T17:24:00Z,controller 1,1.442,8.792,39.08,315.9,271.25,5.68,9.8,100.0,1,On,711.07,588.5
1791998700000000000,2026-10-14T17:25:00Z,controller 1,1.47,9.101,102.75,301.37,390.03,5.67,8.98,100.0,1,On,756.85,565.58
1791998760000000000,2026-10-14T17:26:00Z,controller 1,1.4,9.366,79.25,406.68,570.8,5.66,9.62,100.0,1,On,786.01,579.73
1791998820000000000,2026-10-14T17:27:00Z,controller 2,1.378,8.968,143.75,408.83,269.68,5.63,9.06,100.0,2,On,784.4,603.63
1791998880000000000,2026-10-14T17:28:00Z,controller 1,1.423,9.177,41.69,167.49,393.19,5.6,9.68,100.0,3,On,737.99,610.32
1791998940000000000,2026-10-14T17:29:00Z,free response,1.373,9.271,193.73,267.71,4.14,5.57,9.01,45.95,1,On,718.06,604.09
1791999000000000000,2026-10-14T17:30:00Z,controller 1,0.5,5.595,82.61,34.86,221.15,5.56,0.64,100.0,3,On,710.54,590.11
1791999060000000000,2026-10-14T17:31:00Z,controller 2,0.451,4.856,3.22,207.29,501.02,5.55,0.45,100.0,3,On,685.66,578.93
1791999120000000000,2026-10-14T17:32:00Z,controller 2,0.562,5.056,141.6,259.68,49.46,5.52,0.84,100.0,1,On,653.71,592.49
1791999180000000000,2026-10-14T17:33:00Z,controller 1,0.483,5.447,43.78,293.35,12.58,5.51,0.61,100.0,1,On,626.14,609.63
1791999240000000000,2026-10-14T17:34:00Z,free response,0.56,5.104,55.54,126.45,225.16,5.49,0.86,100.0,3,On,672.66,592.11
1791999300000000000,2026-10-14T17:35:00Z,free response,0.49,5.414,113.56,195.25,589.54,5.46,0.6,100.0,3,On,648.85,575.12
1791999360000000000,2026-10-14T17:36:00Z,free response,0.538,5.408,-12.29,44.23,195.56,5.44,0.72,100.0,3,On,639.18,591.82
1791999420000000000,2026-10-14T17:37:00Z,free response,0.45,4.934,7.57,17.4,537.96,5.43,0.49,100.0,2,On,662.11,595.82
1791999480000000000,2026-10-14T17:38:00Z,free response,0.544,5.347,175.38,389.26,589.84,5.4,0.79,100.0,1,On,626.37,572.37
1791999540000000000,2026-10-14T17:39:00Z,free response,0.471,4.868,179.11,20.37,218.59,5.39,0.59,100.0,3,On,662.2,543.76
1791999600000000000,2026-10-14T17:40:00Z,free response,0.457,5.47,125.44,183.41,118.71,5.38,0.56,100.0,1,On,672.69,552.91
1791999660000000000,2026-10-14T17:41:00Z,controller 1,0.468,5.45,49.93,414.19,555.39,5.37,0.62,100.0,2,On,713.11,578.25
1791999720000000000,2026-10-14T17:42:00Z,controller 2,0.427,5.02,189.3,192.75,20.26,5.35,0.45,100.0,3,On,679.0,580.77
1791999780000000000,2026-10-14T17:43:00Z,controller 1,0.529,5.201,108.62,225.75,54.94,5.33,0.7,100.0,1,On,685.17,597.64
1791999840000000000,2026-10-14T17:44:00Z,controller 2,0.539,5.154,185.44,127.08,511.94,5.3,0.73,100.0,2,On,730.26,615.88
1791999900000000000,2026-10-14T17:45:00Z,free response,0.524,5.345,98.14,209.34,159.14,5.27,0.78,100.0,1,On,741.52,631.74
1791999960000000000,2026-10-14T17:46:00Z,free response,0.481,5.398,90.57,246.53,432.92,5.24,0.58,100.0,3,On,777.91,661.59
1792000020000000000,2026-10-14T17:47:00Z,controller 1,0.441,5.354,-6.34,168.79,426.64,5.22,0.47,100.0,3,On,758.18,687.93
1792000080000000000,2026-10-14T17:48:00Z,controller 1,0.473,5.413,150.52,404.26,308.33,5.21,0.59,100.0,2,On,751.69,699.56
1792000140000000000,2026-10-14T17:49:00Z,free response,0.421,5.214,30.18,123.32,32.24,5.18,0.5,100.0,2,On,757.29,692.61
1792000200000000000,2026-10-14T17:50:00Z,controller 2,0.491,4.862,42.76,370.33,50.11,5.17,0.61,100.0,1,On,758.45,692.67
1792000260000000000,2026-10-14T17:51:00Z,controller 1,0.542,5.621,99.12,221.37,540.19,5.15,0.86,100.0,2,On,797.17,715.56
1792000320000000000,2026-10-14T17:52:00Z,controller 2,0.492,5.279,114.85,394.33,70.14,5.12,0.66,100.0,1,On,786.64,734.71
1792000380000000000,2026-10-14T17:53:00Z,free response,0.58,5.547,-14.36,224.31,60.74,5.11,0.98,100.0,2,On,746.82,713.57
1792000440000000000,2026-10-14T17:54:00Z,controller 2,0.474,5.137,56.65,67.19,394.62,5.08,0.6,100.0,3,On,1364.24,376.31
1792000500000000000,2026-10-14T17:55:00Z,controller 1,0.512,4.966,195.01,438.17,172.0,5.06,0.6,100.0,1,On,1401.88,381.45
1792000560000000000,2026-10-14T17:56:00Z,controller 2,0.505,5.55,-21.6,12.53,248.43,5.05,0.7,100.0,3,On,1375.63,355.01
1792000620000000000,2026-10-14T17:57:00Z,controller 1,0.597,5.184,71.16,423.39,221.66,5.02,0.95,100.0,1,On,1407.66,337.76
1792000680000000000,2026-10-14T17:58:00Z,free response,0.59,5.625,148.35,289.97,454.65,5.01,1.07,100.0,2,On,1436.11,313.6
1792000740000000000,2026-10-14T17:59:00Z,free response,0.418,5.382,-23.54,400.07,461.11,4.98,0.5,100.0,2,On,1464.65,327.74
1792000800000000000,2026-10-14T18:00:00Z,controller 2,2.679,3.92,-5.29,323.01,529.87,4.95,14.7,100.0,1,On,1448.48,302.27
1792000860000000000,2026-10-14T18:01:00Z,controller 1,2.627,3.66,191.65,10.55,525.69,4.93,12.55,100.0,3,On,1457.27,323.42
1792000920000000000,2026-10-14T18:02:00Z,free response,2.631,3.792,79.25,75.11,310.9,4.92,13.03,100.0,2,On,1440.5,330.29
1792000980000000000,2026-10-14T18:03:00Z,controller 2,2.606,4.066,158.43,313.94,397.17,4.9,14.67,100.0,3,On,1477.04,332.98
1792001040000000000,2026-10-14T18:04:00Z,controller 1,2.724,3.981,141.73,145.02,531.48,4.88,15.6,100.0,1,On,537.67,992.94
1792001100000000000,2026-10-14T18:05:00Z,controller 1,2.66,3.673,-25.34,359.73,436.11,4.85,12.84,100.0,1,On,496.95,1000.0
1792001160000000000,2026-10-14T18:06:00Z,controller 1,2.656,4.155,16.14,176.32,268.36,4.84,15.04,100.0,1,On,513.66,1000.0
1792001220000000000,2026-10-14T18:07:00Z,controller 2,2.65,4.031,-10.75,270.77,204.58,4.82,14.57,100.0,3,On,580.68,952.23
1792001280000000000,2026-10-14T18:08:00Z,controller 1,2.618,4.107,-28.07,108.67,193.69,4.81,14.17,100.0,2,On,584.98,946.06
1792001340000000000,2026-10-14T18:09:00Z,controller 1,2.657,4.094,163.83,401.34,184.23,4.79,14.87,100.0,1,On,549.55,957.67
1792001400000000000,2026-10-14T18:10:00Z,controller 2,2.704,4.124,-16.87,271.41,485.71,4.76,15.08,100.0,1,On,593.98,931.74
1792001460000000000,2026-10-14T18:11:00Z,controller 2,2.743,3.796,157.38,154.22,13.27,4.74,13.75,96.51,1,Off,595.15,932.47
1792001520000000000,2026-10-14T18:12:00Z,controller 1,2.725,3.665,162.12,414.46,322.4,4.73,14.5,100.0,2,Off,642.6,909.81
1792001580000000000,2026-10-14T18:13:00Z,controller 2,2.751,4.145,-27.09,132.36,27.62,4.72,16.74,100.0,2,Off,594.02,886.79
1792001640000000000,2026-10-14T18:14:00Z,controller 1,2.618,4.248,151.5,182.76,159.4,4.71,14.22,100.0,3,Off,583.83,876.45
1792001700000000000,2026-10-14T18:15:00Z,controller 1,2.631,3.671,146.25,168.23,478.66,4.68,13.77,100.0,3,Off,556.18,892.45
1792001760000000000,2026-10-14T18:16:00Z,controller 1,2.716,3.935,171.78,197.72,362.98,4.66,13.42,100.0,2,Off,578.65,913.54
1792001820000000000,2026-10-14T18:17:00Z,controller 1,2.749,3.665,103.46,71.71,462.0,4.66,14.72,100.0,2,Off,566.64,912.63
1792001880000000000,2026-10-14T18:18:00Z,controller 1,2.642,4.113,188.33,118.83,240.29,4.64,13.58,100.0,3,Off,610.54,885.08
1792001940000000000,2026-10-14T18:19:00Z,free response,2.622,4.15,28.1,178.17,317.95,4.6,15.11,100.0,1,Off,563.56,870.47
1792002000000000000,2026-10-14T18:20:00Z,controller 1,2.734,4.234,179.77,330.16,16.36,4.58,16.36,100.0,3,Off,595.28,896.73
1792002060000000000,2026-10-14T18:21:00Z,controller 1,2.623,4.352,100.16,167.6,588.19,4.55,14.58,100.0,3,Off,642.99,898.77
1792002120000000000,2026-10-14T18:22:00Z,free response,2.606,3.676,73.02,294.98,571.56,4.54,11.29,100.0,3,Off,604.76,922.45
1792002180000000000,2026-10-14T18:23:00Z,free response,2.733,4.221,129.22,216.59,510.42,4.52,15.66,100.0,3,Off,559.88,928.58
1792002240000000000,2026-10-14T18:24:00Z,controller 1,2.751,3.683,140.19,129.45,217.1,4.51,13.42,100.0,2,Off,523.78,901.75
1792002300000000000,2026-10-14T18:25:00Z,controller 1,2.685,3.93,-14.46,341.6,528.54,4.51,13.15,100.0,1,Off,565.88,919.45
1792002360000000000,2026-10-14T18:26:00Z,free response,2.642,4.13,41.71,409.54,117.05,4.49,15.58,100.0,1,Off,517.2,938.85
1792002420000000000,2026-10-14T18:27:00Z,controller 1,2.627,3.672,126.7,336.36,356.37,4.48,12.4,100.0,1,Off,550.18,957.5
1792002480000000000,2026-10-14T18:28:00Z,controller 1,2.691,4.064,106.12,360.1,572.42,4.46,13.27,100.0,1,Off,509.8,974.0
1792002540000000000,2026-10-14T18:29:00Z,controller 2,2.645,4.18,187.93,234.38,397.57,4.43,14.67,100.0,1,Off,469.17,969.7
1792002600000000000,2026-10-14T18:30:00Z,controller 1,1.641,4.901,12.82,349.64,120.78,4.4,6.28,100.0,3,Off,433.28,987.8
1792002660000000000,2026-10-14T18:31:00Z,free response,1.598,5.169,157.76,212.14,309.28,4.38,6.27,100.0,1,Off,432.7,1000.0
1792002720000000000,2026-10-14T18:32:00Z,controller 1,1.616,5.252,-3.2,309.61,330.78,4.36,7.01,100.0,3,Off,402.72,975.24
1792002780000000000,2026-10-14T18:33:00Z,free response,1.669,4.925,28.92,93.19,439.26,4.35,6.78,100.0,3,Off,595.56,830.78
1792002840000000000,2026-10-14T18:34:00Z,controller 2,1.573,4.936,126.46,35.95,554.13,4.32,5.5,100.0,2,Off,628.49,843.72
1792002900000000000,2026-10-14T18:35:00Z,free response,1.641,5.249,146.93,368.5,332.03,4.31,7.67,100.0,2,Off,592.31,832.0
1792002960000000000,2026-10-14T18:36:00Z,controller 2,1.603,4.942,191.66,267.31,547.48,4.29,6.59,100.0,2,Off,558.93,846.94
1792003020000000000,2026-10-14T18:37:00Z,free response,1.554,5.327,116.01,353.2,348.09,4.26,7.05,100.0,3,Off,586.87,830.32
1792003080000000000,2026-10-14T18:38:00Z,controller 2,1.581,5.053,168.32,442.76,507.16,4.23,5.96,100.0,2,Off,601.67,819.16
1792003140000000000,2026-10-14T18:39:00Z,free response,1.611,5.44,153.64,392.14,17.71,4.22,7.21,100.0,3,Off,632.79,813.56
1792003200000000000,2026-10-14T18:40:00Z,free response,1.561,5.464,8.67,12.24,245.34,4.19,6.88,100.0,2,Off,1233.91,467.15
1792003260000000000,2026-10-14T18:41:00Z,free response,1.665,4.938,86.92,150.18,526.1,4.16,6.79,100.0,1,Off,1266.73,488.38
1792003320000000000,2026-10-14T18:42:00Z,free response,1.625,4.822,121.74,72.13,429.0,4.15,6.51,100.0,1,Off,1255.38,497.73
1792003380000000000,2026-10-14T18:43:00Z,free response,1.586,5.266,177.48,250.44,342.1,4.12,7.19,100.0,3,Off,1289.76,492.9
1792003440000000000,2026-10-14T18:44:00Z,controller 2,1.628,5.012,25.49,396.85,161.35,4.1,6.23,100.0,3,Off,1308.22,491.65
1792003500000000000,2026-10-14T18:45:00Z,controller 1,1.549,5.015,105.5,280.75,458.65,4.09,6.2,100.0,1,Off,1286.36,467.72
1792003560000000000,2026-10-14T18:46:00Z,controller 2,1.585,4.888,65.44,309.48,558.03,4.08,5.76,100.0,3,Off,1330.88,484.34
1792003620000000000,2026-10-14T18:47:00Z,controller 1,1.684,5.311,-5.58,237.94,535.38,4.05,7.91,100.0,3,Off,1379.02,461.75
1792003680000000000,2026-10-14T18:48:00Z,controller 2,1.596,5.384,154.54,106.93,341.62,4.04,6.19,100.0,3,Off,999.62,503.85
1792003740000000000,2026-10-14T18:49:00Z,controller 1,1.613,5.505,-21.67,47.94,12.28,4.0,6.46,100.0,3,Off,1046.58,490.42
1792003800000000000,2026-10-14T18:50:00Z,controller 1,1.648,5.26,193.78,9.61,241.6,3.97,6.85,100.0,1,Off,1072.95,506.1
1792003860000000000,2026-10-14T18:51:00Z,free response,1.568,4.902,116.85,261.05,251.62,3.95,5.74,100.0,2,Off,1096.38,490.72
1792003920000000000,2026-10-14T18:52:00Z,controller 1,1.596,5.318,133.03,227.05,120.6,3.92,6.56,100.0,3,Off,1115.17,511.81
1792003980000000000,2026-10-14T18:53:00Z,controller 2,1.568,5.026,75.09,7.74,47.78,3.91,6.34,100.0,2,Off,1103.25,518.96
1792004040000000000,2026-10-14T18:54:00Z,free response,1.593,5.14,85.99,426.18,546.18,3.88,5.95,100.0,1,Off,1118.78,497.39
1792004100000000000,2026-10-14T18:55:00Z,controller 2,1.613,5.489,99.76,374.23,91.07,3.87,7.67,100.0,2,Off,1106.07,518.46
1792004160000000000,2026-10-14T18:56:00Z,controller 2,1.67,5.067,6.65,189.92,259.38,3.85,6.77,100.0,3,Off,1106.73,506.66
1792004220000000000,2026-10-14T18:57:00Z,controller 1,1.709,5.444,-13.61,234.81,589.99,3.83,8.56,100.0,1,Off,1130.92,533.22
1792004280000000000,2026-10-14T18:58:00Z,free response,1.554,5.125,112.58,336.2,419.12,3.81,5.73,100.0,1,Off,1121.33,535.66
1792004340000000000,2026-10-14T18:59:00Z,controller 2,1.555,5.49,95.1,207.95,133.06,3.8,7.14,100.0,3,Off,1145.03,515.01
1792004400000000000,2026-10-14T19:00:00Z,controller 2,1.768,6.094,-16.56,207.44,309.72,3.79,10.24,100.0,1,Off,1150.23,530.24
1792004460000000000,2026-10-14T19:01:00Z,controller 1,1.611,6.538,35.25,27.36,119.95,3.78,7.84,100.0,3,Off,1107.81,521.43
1792004520000000000,2026-10-14T19:02:00Z,controller 1,1.638,6.079,65.96,43.66,286.82,3.75,7.83,100.0,1,Off,1086.84,549.13
1792004580000000000,2026-10-14T19:03:00Z,controller 1,1.628,5.795,172.16,104.43,72.99,3.74,8.44,100.0,1,Off,1074.12,577.45
1792004640000000000,2026-10-14T19:04:00Z,controller 2,1.619,6.289,122.34,225.27,599.39,3.73,8.68,100.0,2,Off,1037.56,571.5
1792004700000000000,2026-10-14T19:05:00Z,free response,1.738,5.991,182.6,189.37,111.79,3.72,9.92,100.0,3,Off,1037.61,587.56
1792004760000000000,2026-10-14T19:06:00Z,free response,1.614,6.57,190.81,279.71,579.31,3.69,8.94,100.0,1,Off,1002.34,598.88
1792004820000000000,2026-10-14T19:07:00Z,free response,1.706,6.493,6.21,321.33,225.65,3.67,9.43,100.0,3,Off,959.25,573.4
1792004880000000000,2026-10-14T19:08:00Z,free response,1.729,6.052,149.23,171.73,455.02,3.65,9.75,100.0,2,Off,980.8,549.16
1792004940000000000,2026-10-14T19:09:00Z,controller 2,1.703,5.988,47.19,283.42,165.31,3.63,7.91,100.0,3,Off,961.03,546.54
1792005000000000000,2026-10-14T19:10:00Z,controller 2,1.743,6.063,175.18,380.68,266.36,3.61,8.69,100.0,3,Off,933.29,548.99
1792005060000000000,2026-10-14T19:11:00Z,controller 1,1.628,5.885,17.06,340.59,325.12,3.58,7.23,100.0,3,Off,971.27,574.48
1792005120000000000,2026-10-14T19:12:00Z,free response,1.619,5.927,14.46,104.41,578.97,3.55,7.23,100.0,3,Off,973.36,585.68
1792005180000000000,2026-10-14T19:13:00Z,controller 2,1.644,6.551,168.87,262.89,469.78,3.53,9.21,100.0,3,Off,945.79,609.98
1792005240000000000,2026-10-14T19:14:00Z,controller 2,1.711,6.07,32.3,449.84,235.79,3.51,9.0,100.0,3,Off,917.47,638.2
1792005300000000000,2026-10-14T19:15:00Z,controller 1,1.633,6.018,7.29,261.59,313.83,3.48,8.41,100.0,3,Off,777.85,741.16
1792005360000000000,2026-10-14T19:16:00Z,controller 2,1.712,6.335,98.47,281.77,156.24,3.46,8.93,100.0,1,Off,807.21,721.7
1792005420000000000,2026-10-14T19:17:00Z,controller 2,1.69,6.435,-11.91,138.73,517.87,3.44,8.38,100.0,1,Off,765.05,715.6
1792005480000000000,2026-10-14T19:18:00Z,controller 1,1.747,6.001,186.96,47.67,430.07,3.41,8.27,100.0,2,Off,726.04,689.83
1792005540000000000,2026-10-14T19:19:00Z,free response,1.775,6.328,128.36,58.84,331.93,3.37,9.57,100.0,1,Off,761.43,668.35
1792005600000000000,2026-10-14T19:20:00Z,free response,1.607,6.007,96.37,356.0,107.65,3.37,7.4,100.0,2,Off,716.87,679.88
1792005660000000000,2026-10-14T19:21:00Z,controller 2,1.677,6.203,95.18,91.71,521.89,3.34,7.95,100.0,3,Off,678.62,674.39
1792005720000000000,2026-10-14T19:22:00Z,free response,1.727,6.008,-11.14,310.42,206.25,3.33,9.36,100.0,1,Off,698.61,672.17
1792005780000000000,2026-10-14T19:23:00Z,free response,1.67,6.198,155.3,185.75,18.36,3.32,8.84,100.0,2,Off,709.27,669.14
1792005840000000000,2026-10-14T19:24:00Z,controller 2,1.63,6.083,133.81,226.84,370.3,3.29,7.33,100.0,1,Off,683.84,647.21
1792005900000000000,2026-10-14T19:25:00Z,free response,1.729,6.056,160.69,3.27,330.72,3.27,8.27,100.0,3,Off,652.53,621.47
1792005960000000000,2026-10-14T19:26:00Z,controller 2,1.64,6.316,189.68,196.92,130.92,3.25,8.48,100.0,3,Off,657.91,638.36
1792006020000000000,2026-10-14T19:27:00Z,controller 1,1.658,6.262,167.62,69.29,530.99,3.22,9.07,100.0,2,Off,686.88,630.15
1792006080000000000,2026-10-14T19:28:00Z,controller 1,1.65,6.465,143.93,437.06,213.77,3.21,9.24,100.0,2,Off,693.84,640.71
1792006140000000000,2026-10-14T19:29:00Z,free response,1.723,5.81,142.99,88.32,420.78,3.2,8.53,100.0,3,Off,712.22,648.93
1792006200000000000,2026-10-14T19:30:00Z,controller 1,2.36,12.03,-10.12,198.22,406.62,3.18,32.39,100.0,2,Off,708.97,670.34
1792006260000000000,2026-10-14T19:31:00Z,controller 1,2.497,12.459,29.6,321.18,7.76,3.17,39.37,19.71,3,Off,737.36,693.41
1792006320000000000,2026-10-14T19:32:00Z,free response,2.498,12.592,27.22,35.75,138.64,3.15,42.51,100.0,1,Off,776.96,672.64
1792006380000000000,2026-10-14T19:33:00Z,controller 1,2.471,12.024,34.08,117.65,392.82,3.13,36.26,100.0,3,Off,728.06,697.83
1792006440000000000,2026-10-14T19:34:00Z,controller 1,2.407,12.021,94.74,149.86,357.03,3.11,36.22,100.0,3,Off,679.41,720.0
1792006500000000000,2026-10-14T19:35:00Z,controller 1,2.482,12.626,110.97,91.94,195.97,3.11,39.18,100.0,1,Off,634.42,715.56
1792006560000000000,2026-10-14T19:36:00Z,free response,2.508,12.111,182.73,187.15,502.61,3.09,35.14,100.0,1,Off,648.05,714.74
1792006620000000000,2026-10-14T19:37:00Z,free response,2.384,12.437,59.94,109.87,204.88,3.08,33.83,100.0,2,Off,640.79,700.77
1792006680000000000,2026-10-14T19:38:00Z,free response,2.462,11.996,-15.03,3.8,104.07,3.06,38.77,100.0,2,Off,666.81,679.72
1792006740000000000,2026-10-14T19:39:00Z,controller 2,2.345,12.178,82.77,14.12,206.4,3.04,34.83,100.0,2,Off,632.54,689.01
1792006800000000000,2026-10-14T19:40:00Z,free response,2.46,12.057,27.78,126.17,518.73,3.03,34.75,100.0,3,Off,650.08,695.85
1792006860000000000,2026-10-14T19:41:00Z,free response,2.503,12.083,93.95,254.2,48.13,3.02,34.77,100.0,1,Off,643.95,687.72
1792006920000000000,2026-10-14T19:42:00Z,free response,2.443,12.483,159.1,69.03,184.81,2.99,35.49,100.0,3,Off,684.29,673.43
1792006980000000000,2026-10-14T19:43:00Z,free response,2.476,12.615,162.87,380.4,206.6,2.97,38.19,100.0,3,Off,650.97,663.28
1792007040000000000,2026-10-14T19:44:00Z,free response,2.517,12.547,25.84,129.32,229.19,2.95,40.06,100.0,2,Off,628.71,671.38
1792007100000000000,2026-10-14T19:45:00Z,controller 1,2.387,12.049,102.54,438.24,590.25,2.93,31.12,100.0,2,Off,625.77,646.72
1792007160000000000,2026-10-14T19:46:00Z,free response,2.479,12.45,134.64,430.22,58.29,2.92,35.69,100.0,2,Off,582.28,660.57
1792007220000000000,2026-10-14T19:47:00Z,controller 2,2.424,11.966,78.6,175.67,134.14,2.9,34.54,100.0,2,Off,587.69,658.43
1792007280000000000,2026-10-14T19:48:00Z,controller 2,2.41,12.368,63.85,97.18,156.85,2.88,35.71,100.0,1,Off,622.29,653.91
1792007340000000000,2026-10-14T19:49:00Z,free response,2.362,12.441,-11.4,144.58,7.93,2.86,37.28,21.27,3,Off,595.65,657.96
1792007400000000000,2026-10-14T19:50:00Z,controller 1,2.38,12.062,57.57,289.07,427.66,2.85,35.21,100.0,1,Off,565.69,653.8
1792007460000000000,2026-10-14T19:51:00Z,controller 1,2.435,12.569,4.3,254.17,382.86,2.83,36.38,100.0,1,Off,537.24,627.06
1792007520000000000,2026-10-14T19:52:00Z,controller 1,2.419,12.567,131.03,372.75,292.79,2.82,38.93,100.0,1,Off,509.94,612.25
1792007580000000000,2026-10-14T19:53:00Z,controller 1,2.355,12.45,21.24,364.44,151.77,2.78,33.53,100.0,3,Off,522.86,614.17
1792007640000000000,2026-10-14T19:54:00Z,free response,2.513,12.674,190.96,261.89,219.55,2.76,41.07,100.0,3,Off,529.03,605.2
1792007700000000000,2026-10-14T19:55:00Z,controller 2,2.439,12.695,193.32,331.51,182.34,2.74,40.78,100.0,2,Off,578.33,608.65
1792007760000000000,2026-10-14T19:56:00Z,controller 2,2.469,12.626,181.12,335.05,343.22,2.74,40.69,100.0,1,Off,604.54,580.09
1792007820000000000,2026-10-14T19:57:00Z,free response,2.507,12.675,190.1,226.18,209.83,2.72,39.3,100.0,1,Off,613.04,603.55
1792007880000000000,2026-10-14T19:58:00Z,free response,2.467,12.232,66.06,41.08,58.78,2.69,36.91,100.0,3,Off,594.47,628.97
1792007940000000000,2026-10-14T19:59:00Z,controller 1,2.503,12.205,72.67,301.52,346.89,2.67,36.81,100.0,1,Off,581.52,651.37
1792008000000000000,2026-10-14T20:00:00Z,controller 1,2.146,3.348,87.52,159.78,311.9,2.64,7.94,100.0,2,Starting,629.27,676.4
1792008060000000000,2026-10-14T20:01:00Z,controller 1,2.066,3.48,34.63,105.89,368.16,2.62,8.07,100.0,2,Starting,602.77,683.18
1792008120000000000,2026-10-14T20:02:00Z,controller 1,2.062,3.201,172.55,85.59,335.5,2.59,7.38,100.0,2,Starting,625.4,710.07
1792008180000000000,2026-10-14T20:03:00Z,controller 1,2.069,3.409,14.15,318.39,225.84,2.57,6.73,100.0,2,Starting,591.12,733.16
1792008240000000000,2026-10-14T20:04:00Z,controller 2,2.085,3.11,91.41,251.39,269.31,2.56,7.29,100.0,2,Starting,572.59,708.22
1792008300000000000,2026-10-14T20:05:00Z,controller 2,2.117,3.296,149.51,345.86,398.15,2.53,8.09,100.0,1,Starting,575.73,703.6
1792008360000000000,2026-10-14T20:06:00Z,controller 1,2.017,3.683,40.34,288.54,18.56,2.52,7.13,100.0,2,Starting,562.68,714.44
1792008420000000000,2026-10-14T20:07:00Z,controller 2,2.023,3.729,-5.57,101.94,454.49,2.52,7.02,100.0,2,Starting,683.96,827.12
1792008480000000000,2026-10-14T20:08:00Z,controller 2,2.058,3.462,4.32,238.81,70.53,2.5,6.64,100.0,3,Starting,665.67,850.96
1792008540000000000,2026-10-14T20:09:00Z,controller 1,2.061,3.489,169.99,271.65,340.47,2.5,6.99,100.0,2,Starting,653.11,875.7
1792008600000000000,2026-10-14T20:10:00Z,controller 2,2.059,3.554,22.17,296.82,552.6,2.48,6.83,100.0,2,Starting,646.74,892.84
1792008660000000000,2026-10-14T20:11:00Z,controller 2,2.003,3.796,123.55,118.27,355.72,2.45,8.21,100.0,3,Starting,615.14,877.04
1792008720000000000,2026-10-14T20:12:00Z,controller 2,2.13,3.494,190.25,236.96,542.62,2.42,8.53,100.0,2,Starting,620.35,879.6
1792008780000000000,2026-10-14T20:13:00Z,controller 2,2.138,3.256,46.98,221.9,130.91,2.39,7.78,100.0,1,Starting,584.25,895.99
1792008840000000000,2026-10-14T20:14:00Z,controller 2,2.045,3.18,189.64,82.48,579.1,2.38,6.95,100.0,1,Starting,1054.62,418.3
1792008900000000000,2026-10-14T20:15:00Z,controller 1,2.067,3.031,-15.08,431.26,350.09,2.36,6.67,100.0,3,Starting,1057.02,418.62
1792008960000000000,2026-10-14T20:16:00Z,controller 2,2.04,3.771,167.8,297.69,138.59,2.33,8.38,100.0,3,Starting,1007.96,398.27
1792009020000000000,2026-10-14T20:17:00Z,controller 1,2.042,3.452,23.46,402.0,237.15,2.32,6.78,100.0,3,Starting,1031.03,418.51
1792009080000000000,2026-10-14T20:18:00Z,free response,2.134,3.123,136.34,395.54,462.53,2.31,6.95,100.0,3,Starting,993.53,389.94
1792009140000000000,2026-10-14T20:19:00Z,free response,2.005,3.461,127.42,401.37,290.35,2.28,6.8,100.0,2,Starting,1009.18,387.76
1792009200000000000,2026-10-14T20:20:00Z,free response,2.06,3.291,120.51,6.44,309.29,2.26,7.09,100.0,2,Starting,1051.23,406.13
1792009260000000000,2026-10-14T20:21:00Z,controller 1,1.972,3.437,144.41,321.16,38.46,2.25,6.52,100.0,2,Starting,1012.0,413.98
1792009320000000000,2026-10-14T20:22:00Z,controller 1,2.064,3.279,131.77,117.34,297.1,2.23,6.58,100.0,1,Starting,971.46,424.01
1792009380000000000,2026-10-14T20:23:00Z,controller 2,2.122,3.532,145.09,282.82,207.98,2.22,7.97,100.0,2,Starting,939.31,452.85
1792009440000000000,2026-10-14T20:24:00Z,controller 2,2.051,3.385,-27.33,12.75,576.25,2.19,7.11,100.0,1,Starting,962.84,456.72
1792009500000000000,2026-10-14T20:25:00Z,controller 2,2.101,3.253,70.66,230.63,533.15,2.18,6.68,100.0,1,Starting,951.8,478.95
1792009560000000000,2026-10-14T20:26:00Z,free response,2.139,3.173,-8.34,201.86,285.01,2.15,6.79,100.0,1,Starting,968.18,485.29
1792009620000000000,2026-10-14T20:27:00Z,controller 2,2.004,3.154,95.86,43.91,319.75,2.14,6.67,100.0,3,Starting,985.73,472.18
1792009680000000000,2026-10-14T20:28:00Z,controller 2,1.981,3.205,11.59,325.96,569.11,2.11,5.85,100.0,2,Starting,977.06,496.08
1792009740000000000,2026-10-14T20:29:00Z,controller 2,2.08,3.408,165.67,269.09,377.08,2.08,6.89,100.0,2,Starting,954.22,493.77
1792009800000000000,2026-10-14T20:30:00Z,free response,0.96,5.726,79.26,245.42,528.7,2.06,2.82,100.0,1,Starting,941.07,479.8
1792009860000000000,2026-10-14T20:31:00Z,free response,0.973,5.707,40.95,348.98,472.22,2.04,2.53,100.0,1,Starting,902.91,486.74
1792009920000000000,2026-10-14T20:32:00Z,free response,0.92,6.161,116.4,314.44,318.37,2.02,2.47,100.0,1,Starting,892.79,503.48
1792009980000000000,2026-10-14T20:33:00Z,controller 1,0.928,5.598,105.16,377.02,140.23,2.01,2.4,100.0,3,Starting,911.37,511.84
1792010040000000000,2026-10-14T20:34:00Z,controller 1,0.916,6.066,105.1,240.17,148.16,1.97,2.74,100.0,2,Starting,707.89,648.15
1792010100000000000,2026-10-14T20:35:00Z,free response,0.911,6.217,58.53,371.68,248.77,1.96,2.73,100.0,2,Starting,692.69,627.14
1792010160000000000,2026-10-14T20:36:00Z,free response,1.024,5.799,187.08,188.9,21.8,1.95,2.88,100.0,3,Starting,717.14,639.71
1792010220000000000,2026-10-14T20:37:00Z,free response,0.873,5.73,174.97,143.88,488.5,1.92,2.32,100.0,1,Starting,762.65,631.1
1792010280000000000,2026-10-14T20:38:00Z,free response,0.948,5.867,155.1,438.44,270.66,1.91,2.64,100.0,2,Starting,724.56,602.42
1792010340000000000,2026-10-14T20:39:00Z,free response,0.859,6.25,171.98,18.22,365.92,1.91,2.27,100.0,2,Starting,720.75,590.78
1792010400000000000,2026-10-14T20:40:00Z,free response,0.965,5.647,131.91,396.38,487.1,1.89,2.37,100.0,1,Starting,714.34,597.49
1792010460000000000,2026-10-14T20:41:00Z,free response,1.012,5.701,139.18,182.77,420.24,1.88,3.11,100.0,3,Starting,760.66,627.34
1792010520000000000,2026-10-14T20:42:00Z,free response,0.884,6.047,0.24,188.87,296.82,1.84,2.4,100.0,2,Starting,807.32,622.72
1792010580000000000,2026-10-14T20:43:00Z,controller 1,0.911,5.845,134.98,323.0,365.73,1.84,2.64,100.0,3,Starting,856.39,600.65
1792010640000000000,2026-10-14T20:44:00Z,free response,0.982,5.847,78.34,96.38,328.0,1.83,3.05,100.0,2,Starting,811.05,600.38
1792010700000000000,2026-10-14T20:45:00Z,controller 2,0.881,5.596,195.46,141.04,432.46,1.8,2.28,100.0,2,Starting,784.82,614.43
1792010760000000000,2026-10-14T20:46:00Z,controller 1,1.009,5.737,8.71,12.54,400.48,1.78,2.93,100.0,2,Starting,793.57,613.38
1792010820000000000,2026-10-14T20:47:00Z,free response,0.88,6.087,162.55,408.21,578.57,1.75,2.32,100.0,2,Starting,760.29,627.79
1792010880000000000,2026-10-14T20:48:00Z,free response,0.934,5.804,148.89,101.46,10.08,1.72,2.59,100.0,2,Starting,731.46,651.7
1792010940000000000,2026-10-14T20:49:00Z,controller 1,0.975,5.631,-14.11,12.56,154.06,1.7,2.79,100.0,1,Starting,696.19,635.83
1792011000000000000,2026-10-14T20:50:00Z,controller 2,0.924,6.11,191.78,246.16,385.05,1.68,2.46,100.0,1,Starting,680.59,611.52
1792011060000000000,2026-10-14T20:51:00Z,controller 2,1.025,6.268,88.51,310.82,41.06,1.66,3.59,100.0,2,Starting,690.54,630.72
1792011120000000000,2026-10-14T20:52:00Z,controller 2,0.964,5.539,-18.99,98.53,136.29,1.64,2.44,100.0,1,Starting,701.83,625.24
1792011180000000000,2026-10-14T20:53:00Z,controller 2,0.875,5.694,151.39,364.14,380.93,1.61,2.1,100.0,1,Starting,725.49,629.65
1792011240000000000,2026-10-14T20:54:00Z,free response,0.848,6.26,-15.42,208.74,599.08,1.59,2.41,100.0,2,Starting,742.07,643.6
1792011300000000000,2026-10-14T20:55:00Z,controller 2,0.878,5.852,42.74,263.08,138.4,1.58,2.41,100.0,3,Starting,855.92,758.63
1792011360000000000,2026-10-14T20:56:00Z,controller 2,0.85,6.054,106.19,308.09,112.66,1.57,2.35,100.0,3,Starting,844.24,767.67
1792011420000000000,2026-10-14T20:57:00Z,controller 2,0.955,5.55,-6.95,261.26,20.71,1.55,2.75,100.0,1,Starting,872.12,791.21
1792011480000000000,2026-10-14T20:58:00Z,controller 1,0.879,6.266,-8.97,427.33,567.72,1.51,2.51,100.0,1,Starting,848.65,813.14
1792011540000000000,2026-10-14T20:59:00Z,controller 2,0.991,5.666,-0.84,61.08,592.11,1.5,2.54,100.0,1,Starting,798.86,824.9
1792011600000000000,2026-10-14T21:00:00Z,free response,2.515,4.586,101.0,286.34,178.3,1.48,13.44,100.0,3,Starting,805.27,801.61
1792011660000000000,2026-10-14T21:01:00Z,controller 1,2.562,4.628,85.02,249.37,72.48,1.47,13.69,100.0,1,Starting,827.5,800.34
1792011720000000000,2026-10-14T21:02:00Z,controller 2,2.524,4.776,130.6,261.01,426.13,1.44,15.31,100.0,2,Starting,839.54,773.12
1792011780000000000,2026-10-14T21:03:00Z,controller 2,2.492,4.544,195.86,410.1,252.94,1.41,13.29,100.0,2,Starting,851.0,802.24
1792011840000000000,2026-10-14T21:04:00Z,free response,2.451,4.865,7.15,68.6,47.56,1.4,15.7,100.0,2,Starting,835.05,829.16
1792011900000000000,2026-10-14T21:05:00Z,controller 1,2.434,5.108,186.91,243.25,260.67,1.39,14.86,100.0,3,Starting,800.68,829.19
1792011960000000000,2026-10-14T21:06:00Z,free response,2.606,4.68,158.49,390.17,152.99,1.35,16.78,100.0,1,Starting,830.43,815.62
1792012020000000000,2026-10-14T21:07:00Z,controller 2,2.469,5.114,173.37,172.96,178.44,1.33,14.85,100.0,3,Starting,877.52,821.2
1792012080000000000,2026-10-14T21:08:00Z,free response,2.57,4.527,124.78,101.03,150.78,1.32,14.08,100.0,1,Starting,906.98,791.89
1792012140000000000,2026-10-14T21:09:00Z,controller 1,2.51,5.155,11.02,157.54,387.0,1.31,16.3,100.0,1,Starting,885.96,817.63
1792012200000000000,2026-10-14T21:10:00Z,free response,2.503,5.221,148.35,19.54,566.68,1.29,17.5,100.0,2,Starting,846.46,789.7
1792012260000000000,2026-10-14T21:11:00Z,free response,2.579,4.464,113.38,2.61,168.25,1.25,15.11,100.0,2,Starting,871.71,778.86
1792012320000000000,2026-10-14T21:12:00Z,controller 2,2.51,5.055,165.25,172.75,397.4,1.24,17.15,100.0,2,Starting,921.49,805.56
1792012380000000000,2026-10-14T21:13:00Z,controller 2,2.469,4.715,12.23,447.74,334.4,1.21,15.63,100.0,2,Starting,948.58,786.53
1792012440000000000,2026-10-14T21:14:00Z,controller 1,2.577,5.146,119.89,349.52,118.02,1.21,17.19,100.0,1,Starting,961.98,781.37
1792012500000000000,2026-10-14T21:15:00Z,controller 1,2.607,5.018,108.82,264.24,568.71,1.17,17.28,100.0,1,Starting,970.11,757.1
1792012560000000000,2026-10-14T21:16:00Z,free response,2.445,5.113,-25.8,387.38,234.78,1.17,14.44,100.0,3,Starting,953.93,743.63
1792012620000000000,2026-10-14T21:17:00Z,free response,2.547,4.889,-18.74,259.92,443.66,1.15,16.29,100.0,3,Starting,988.25,739.89
1792012680000000000,2026-10-14T21:18:00Z,controller 2,2.487,4.972,-9.17,436.87,343.74,1.14,14.36,100.0,2,Starting,1015.49,768.59
1792012740000000000,2026-10-14T21:19:00Z,free response,2.609,5.17,34.6,177.91,456.83,1.11,16.98,100.0,3,Starting,1036.23,772.32
1792012800000000000,2026-10-14T21:20:00Z,controller 2,2.457,4.571,187.95,262.81,489.47,1.09,12.7,100.0,3,Starting,1030.38,746.17
1792012860000000000,2026-10-14T21:21:00Z,controller 1,2.441,5.204,159.64,435.8,183.24,1.06,15.0,100.0,2,Starting,1343.96,839.36
1792012920000000000,2026-10-14T21:22:00Z,free response,2.441,4.666,82.6,56.07,578.16,1.02,13.75,100.0,3,Starting,1366.28,831.18
1792012980000000000,2026-10-14T21:23:00Z,free response,2.445,4.763,-10.23,21.27,64.53,0.99,13.93,100.0,2,Starting,1359.1,820.77
1792013040000000000,2026-10-14T21:24:00Z,controller 1,2.556,5.228,190.16,68.37,334.88,0.98,16.97,100.0,2,Starting,1358.95,791.98
1792013100000000000,2026-10-14T21:25:00Z,controller 1,2.444,5.117,57.01,87.35,88.05,0.96,13.76,100.0,3,Starting,1367.26,795.43
1792013160000000000,2026-10-14T21:26:00Z,controller 1,2.546,4.709,76.65,119.82,580.93,0.93,16.72,100.0,1,Starting,1404.36,788.84
1792013220000000000,2026-10-14T21:27:00Z,controller 2,2.538,5.043,39.43,56.64,121.59,0.91,16.98,100.0,1,Starting,1404.57,775.78
1792013280000000000,2026-10-14T21:28:00Z,controller 1,2.553,4.726,114.12,274.34,19.3,0.89,16.12,100.0,3,Starting,1453.32,765.63
1792013340000000000,2026-10-14T21:29:00Z,controller 1,2.481,4.999,169.56,330.93,117.1,0.87,14.81,100.0,1,Starting,1464.02,773.32
1792013400000000000,2026-10-14T21:30:00Z,free response,1.389,1.291,160.04,330.63,100.61,0.84,1.24,100.0,3,Starting,1482.14,755.34
1792013460000000000,2026-10-14T21:31:00Z,controller 1,1.431,1.189,106.9,249.9,546.72,0.82,1.29,100.0,3,Starting,1500.0,773.02
1792013520000000000,2026-10-14T21:32:00Z,controller 1,1.268,1.47,75.88,405.19,137.49,0.8,1.18,100.0,3,Starting,1485.92,792.16
1792013580000000000,2026-10-14T21:33:00Z,free response,1.367,1.371,72.95,346.47,515.12,0.77,1.33,100.0,3,Starting,1480.23,773.52
1792013640000000000,2026-10-14T21:34:00Z,free response,1.383,1.376,198.46,196.85,306.41,0.75,1.34,100.0,1,Starting,1434.79,747.59
1792013700000000000,2026-10-14T21:35:00Z,controller 2,1.281,1.534,-3.31,64.6,385.79,0.74,1.35,100.0,1,Starting,1397.57,718.9
1792013760000000000,2026-10-14T21:36:00Z,controller 1,1.309,1.232,103.1,86.43,232.87,0.71,1.06,100.0,2,Starting,1353.6,707.4
1792013820000000000,2026-10-14T21:37:00Z,free response,1.402,1.42,120.68,139.7,591.3,0.67,1.47,100.0,3,Starting,1401.36,682.54
1792013880000000000,2026-10-14T21:38:00Z,free response,1.398,1.69,192.14,332.48,198.69,0.64,1.67,100.0,1,Starting,1366.81,682.98
1792013940000000000,2026-10-14T21:39:00Z,controller 2,1.306,1.82,-11.65,395.38,63.11,0.64,1.54,100.0,3,Starting,1383.23,711.59
1792014000000000000,2026-10-14T21:40:00Z,controller 1,1.422,1.187,14.38,125.88,189.0,0.63,1.16,100.0,2,Starting,1365.32,685.82
1792014060000000000,2026-10-14T21:41:00Z,controller 1,1.389,1.772,100.06,106.33,568.58,0.6,1.86,100.0,2,Starting,1321.86,671.17
1792014120000000000,2026-10-14T21:42:00Z,controller 1,1.296,1.181,161.1,157.41,165.06,0.57,1.08,100.0,3,Starting,1314.9,642.77
1792014180000000000,2026-10-14T21:43:00Z,controller 2,1.382,1.699,120.12,60.14,317.33,0.55,1.65,100.0,3,Starting,1311.56,668.51
1792014240000000000,2026-10-14T21:44:00Z,free response,1.307,1.897,62.25,388.12,54.81,0.52,1.73,100.0,3,Starting,1280.18,664.19
1792014300000000000,2026-10-14T21:45:00Z,free response,1.401,1.255,22.19,174.76,568.05,0.49,1.19,100.0,2,Starting,1283.17,678.22
1792014360000000000,2026-10-14T21:46:00Z,controller 1,1.313,1.49,41.67,11.01,197.27,0.48,1.32,100.0,3,Starting,1312.26,682.17
1792014420000000000,2026-10-14T21:47:00Z,free response,1.317,1.598,171.09,427.69,590.7,0.47,1.25,100.0,3,Starting,1345.64,664.08
1792014480000000000,2026-10-14T21:48:00Z,free response,1.322,1.856,111.46,82.66,390.09,0.46,1.69,100.0,2,Starting,1340.71,667.68
1792014540000000000,2026-10-14T21:49:00Z,controller 1,1.349,1.744,33.91,328.9,479.87,0.45,1.67,100.0,2,Starting,659.14,558.58
1792014600000000000,2026-10-14T21:50:00Z,free response,1.309,1.209,-9.56,44.89,188.56,0.42,1.09,100.0,3,Starting,684.7,545.59
1792014660000000000,2026-10-14T21:51:00Z,controller 2,1.428,1.556,156.47,60.43,415.71,0.39,1.72,100.0,1,Starting,717.65,527.41
1792014720000000000,2026-10-14T21:52:00Z,free response,1.351,1.824,27.8,239.6,521.88,0.36,1.72,100.0,3,Starting,683.43,552.59
1792014780000000000,2026-10-14T21:53:00Z,controller 1,1.425,1.853,25.39,184.06,542.07,0.33,1.72,100.0,1,Starting,706.3,530.2
1792014840000000000,2026-10-14T21:54:00Z,controller 2,1.26,1.86,-21.47,439.29,466.18,0.3,1.38,100.0,1,Starting,664.64,523.72
1792014900000000000,2026-10-14T21:55:00Z,controller 1,1.358,1.603,94.74,307.8,437.21,0.27,1.33,100.0,3,Starting,617.82,494.13
1792014960000000000,2026-10-14T21:56:00Z,controller 2,1.324,1.895,190.05,275.03,536.52,0.24,1.54,100.0,1,Starting,595.0,473.92
1792015020000000000,2026-10-14T21:57:00Z,controller 1,1.279,1.675,74.09,356.28,483.79,0.22,1.33,100.0,2,Starting,598.0,475.56
1792015080000000000,2026-10-14T21:58:00Z,free response,1.377,1.221,112.15,203.74,355.59,0.22,1.09,100.0,3,Starting,563.72,505.37
1792015140000000000,2026-10-14T21:59:00Z,controller 1,1.386,1.813,4.68,355.23,234.19,0.19,1.71,100.0,2,Starting,532.66,506.53
1792015200000000000,2026-10-14T22:00:00Z,free response,1.766,11.159,176.81,289.38,270.07,0.17,16.18,100.0,2,Starting,516.55,515.8
1792015260000000000,2026-10-14T22:01:00Z,controller 2,1.825,11.77,-25.29,374.31,70.36,0.14,19.9,100.0,1,Starting,493.84,538.76
1792015320000000000,2026-10-14T22:02:00Z,controller 1,1.847,11.491,9.76,297.58,305.16,0.12,20.59,100.0,2,Starting,503.44,551.24
1792015380000000000,2026-10-14T22:03:00Z,controller 1,1.69,11.231,-21.72,182.77,357.99,0.09,15.64,100.0,3,Starting,551.93,573.57
1792015440000000000,2026-10-14T22:04:00Z,controller 2,1.803,11.533,4.38,232.18,499.25,0.09,19.18,100.0,1,Starting,599.26,562.96
1792015500000000000,2026-10-14T22:05:00Z,free response,1.716,11.681,20.79,175.25,222.64,0.05,17.25,100.0,2,Starting,554.38,589.09
1792015560000000000,2026-10-14T22:06:00Z,free response,1.754,11.617,194.92,336.47,265.35,0.03,18.52,100.0,2,Starting,585.06,569.16
1792015620000000000,2026-10-14T22:07:00Z,free response,1.821,11.268,165.54,220.07,318.02,0.01,18.37,100.0,2,Starting,550.79,593.36
1792015680000000000,2026-10-14T22:08:00Z,controller 2,1.694,11.583,78.24,393.02,367.47,0.0,17.97,100.0,2,Starting,566.03,609.61
1792015740000000000,2026-10-14T22:09:00Z,controller 1,1.82,11.503,116.39,88.2,343.42,0.0,20.86,100.0,1,Starting,564.28,584.07
1792015800000000000,2026-10-14T22:10:00Z,free response,1.738,11.684,74.86,179.26,350.87,0.0,18.53,100.0,2,Starting,535.85,589.16
1792015860000000000,2026-10-14T22:11:00Z,free response,1.696,11.143,37.05,339.8,545.95,0.0,16.28,100.0,2,Starting,549.51,590.62
1792015920000000000,2026-10-14T22:12:00Z,free response,1.821,11.393,139.07,295.7,373.2,0.0,19.09,100.0,3,Starting,550.86,613.4
1792015980000000000,2026-10-14T22:13:00Z,controller 2,1.734,11.902,2.96,267.12,538.67,0.0,16.56,100.0,2,Starting,514.76,628.46
1792016040000000000,2026-10-14T22:14:00Z,controller 1,1.799,11.521,11.92,301.58,493.98,0.0,18.84,100.0,2,Starting,559.6,621.84
1792016100000000000,2026-10-14T22:15:00Z,free response,1.726,11.638,143.56,28.39,556.96,0.0,16.08,100.0,3,Starting,604.6,633.58
1792016160000000000,2026-10-14T22:16:00Z,free response,1.714,11.218,153.67,146.07,521.82,0.0,15.57,100.0,2,Starting,591.72,634.13
1792016220000000000,2026-10-14T22:17:00Z,free response,1.744,11.335,114.18,267.67,291.01,0.0,15.73,100.0,1,Starting,582.75,648.81
1792016280000000000,2026-10-14T22:18:00Z,controller 1,1.684,11.361,117.13,341.93,433.43,0.0,15.21,100.0,2,Starting,625.48,625.76
1792016340000000000,2026-10-14T22:19:00Z,free response,1.686,11.845,82.11,367.51,185.84,0.0,15.74,100.0,3,Starting,627.65,645.53
1792016400000000000,2026-10-14T22:20:00Z,free response,1.718,11.156,195.56,31.37,190.51,0.0,15.85,100.0,3,Starting,604.14,650.66
1792016460000000000,2026-10-14T22:21:00Z,controller 2,1.73,11.142,145.04,344.77,236.84,0.0,18.15,100.0,1,Starting,570.98,648.91
1792016520000000000,2026-10-14T22:22:00Z,controller 2,1.707,11.208,98.01,383.69,139.23,0.0,16.25,100.0,3,Starting,572.42,646.16
1792016580000000000,2026-10-14T22:23:00Z,controller 2,1.782,11.391,41.82,304.43,523.3,0.0,19.24,100.0,1,Starting,562.1,659.44
1792016640000000000,2026-10-14T22:24:00Z,free response,1.719,11.832,59.31,112.15,248.02,0.0,18.93,100.0,2,Starting,685.72,840.24
1792016700000000000,2026-10-14T22:25:00Z,free response,1.677,11.479,27.07,396.99,212.08,0.0,16.97,100.0,3,Starting,1483.48,650.99
1792016760000000000,2026-10-14T22:26:00Z,free response,1.699,11.649,98.41,282.91,209.94,0.0,16.12,100.0,2,Starting,1500.0,670.61
1792016820000000000,2026-10-14T22:27:00Z,controller 1,1.743,11.261,-7.96,328.99,206.75,0.0,16.83,100.0,1,Starting,1470.93,680.14
1792016880000000000,2026-10-14T22:28:00Z,free response,1.768,11.43,182.66,97.73,277.17,0.0,17.02,100.0,2,Starting,1452.97,675.89
1792016940000000000,2026-10-14T22:29:00Z,controller 2,1.848,11.453,102.3,112.48,76.69,0.0,17.88,100.0,1,Starting,1407.72,654.78
1792017000000000000,2026-10-14T22:30:00Z,controller 1,0.693,6.759,-12.1,278.1,342.03,0.0,1.76,100.0,2,Starting,1393.77,670.47
1792017060000000000,2026-10-14T22:31:00Z,controller 1,0.653,6.805,17.65,23.7,276.1,0.0,1.52,100.0,1,Starting,1403.94,677.35
1792017120000000000,2026-10-14T22:32:00Z,controller 1,0.594,6.267,95.22,441.43,536.07,0.0,1.04,100.0,2,Starting,1453.18,704.58
1792017180000000000,2026-10-14T22:33:00Z,controller 1,0.594,6.33,121.68,408.43,279.76,0.0,1.12,100.0,3,Starting,1485.82,727.55
1792017240000000000,2026-10-14T22:34:00Z,controller 2,0.562,6.426,-14.5,150.85,473.61,0.0,1.06,100.0,2,Starting,1471.4,714.74
1792017300000000000,2026-10-14T22:35:00Z,free response,0.589,6.132,12.99,442.51,139.99,0.0,1.15,100.0,3,Starting,1484.53,733.35
1792017360000000000,2026-10-14T22:36:00Z,controller 2,0.604,6.788,-17.75,407.59,458.26,0.0,1.17,100.0,1,Starting,1460.92,727.94
1792017420000000000,2026-10-14T22:37:00Z,free response,0.578,6.862,124.98,443.1,151.89,0.0,1.06,100.0,3,Starting,1434.51,726.97
1792017480000000000,2026-10-14T22:38:00Z,free response,0.656,6.522,181.98,405.44,310.84,0.0,1.38,100.0,1,Starting,1445.49,699.09
1792017540000000000,2026-10-14T22:39:00Z,free response,0.701,6.093,-27.15,183.09,246.3,0.0,1.38,100.0,1,Starting,1495.24,683.28
1792017600000000000,2026-10-14T22:40:00Z,controller 2,0.656,6.315,-7.28,163.59,152.92,0.0,1.28,100.0,3,Starting,1480.45,677.2
1792017660000000000,2026-10-14T22:41:00Z,controller 2,0.738,6.632,168.72,74.8,340.6,0.0,1.67,100.0,1,Starting,1437.87,648.45
1792017720000000000,2026-10-14T22:42:00Z,controller 1,0.603,6.697,50.5,422.19,536.76,0.0,1.25,100.0,3,Starting,1453.22,660.61
1792017780000000000,2026-10-14T22:43:00Z,controller 2,0.577,6.342,135.48,219.84,311.21,0.0,1.0,100.0,1,Starting,1481.48,638.49
1792017840000000000,2026-10-14T22:44:00Z,controller 2,0.59,6.648,149.86,94.03,577.95,0.0,1.18,100.0,1,Starting,1457.22,626.76
1792017900000000000,2026-10-14T22:45:00Z,controller 2,0.717,6.47,145.89,266.63,143.32,0.0,1.51,100.0,3,Starting,1453.1,644.82
1792017960000000000,2026-10-14T22:46:00Z,free response,0.687,6.129,28.86,367.67,339.84,0.0,1.39,100.0,3,Starting,1438.14,646.69
1792018020000000000,2026-10-14T22:47:00Z,controller 2,0.733,6.359,107.07,432.92,373.73,0.0,1.72,100.0,1,Starting,1487.06,625.81
1792018080000000000,2026-10-14T22:48:00Z,controller 1,0.564,6.15,-4.43,63.63,525.26,0.0,1.02,100.0,2,Starting,1424.11,655.09
1792018140000000000,2026-10-14T22:49:00Z,controller 1,0.615,6.542,-18.56,77.03,259.39,0.0,1.12,100.0,1,Starting,1463.47,682.03
1792018200000000000,2026-10-14T22:50:00Z,controller 2,0.605,6.4,57.2,306.71,511.25,0.0,1.14,100.0,1,Starting,1488.81,652.14
1792018260000000000,2026-10-14T22:51:00Z,free response,0.671,6.499,163.52,148.72,53.83,0.0,1.58,100.0,3,Starting,1500.0,645.93
1792018320000000000,2026-10-14T22:52:00Z,free response,0.584,6.435,133.69,164.08,298.98,0.0,1.17,100.0,2,Starting,1474.5,669.32
1792018380000000000,2026-10-14T22:53:00Z,controller 1,0.63,6.602,51.62,31.98,465.99,0.0,1.34,100.0,3,Starting,1471.98,681.39
1792018440000000000,2026-10-14T22:54:00Z,controller 2,0.699,6.138,-28.59,26.82,191.48,0.0,1.61,100.0,3,Starting,1489.74,692.08
1792018500000000000,2026-10-14T22:55:00Z,controller 2,0.68,6.1,38.6,147.26,315.5,0.0,1.47,100.0,1,Starting,1500.0,673.29
1792018560000000000,2026-10-14T22:56:00Z,free response,0.568,6.331,197.16,272.99,460.89,0.0,1.05,100.0,2,Starting,1095.58,838.88
1792018620000000000,2026-10-14T22:57:00Z,free response,0.683,6.371,145.68,24.95,319.91,0.0,1.41,100.0,1,Starting,1118.44,830.71
1792018680000000000,2026-10-14T22:58:00Z,controller 2,0.703,6.547,33.71,351.95,510.01,0.0,1.71,100.0,1,Starting,1103.15,821.55
1792018740000000000,2026-10-14T22:59:00Z,controller 1,0.566,6.58,28.48,13.01,187.74,0.0,0.99,100.0,1,Starting,1129.49,814.01
1792018800000000000,2026-10-14T23:00:00Z,free response,2.572,8.105,0.06,97.83,310.37,0.0,25.11,100.0,1,Starting,1147.07,829.69
1792018860000000000,2026-10-14T23:01:00Z,controller 1,2.627,8.013,183.62,100.11,252.98,0.0,29.16,100.0,1,Starting,1151.36,819.38
1792018920000000000,2026-10-14T23:02:00Z,free response,2.615,7.698,98.84,237.76,547.52,0.0,24.75,100.0,3,Starting,1123.24,843.35
1792018980000000000,2026-10-14T23:03:00Z,controller 1,2.619,7.501,164.01,300.34,247.5,0.0,28.11,100.0,3,Starting,1157.91,860.42
1792019040000000000,2026-10-14T23:04:00Z,controller 2,2.568,7.816,84.41,212.61,228.19,0.0,27.51,100.0,1,Starting,1206.17,872.44
1792019100000000000,2026-10-14T23:05:00Z,controller 1,2.681,7.666,35.73,368.49,416.16,0.0,29.44,100.0,3,Starting,1212.72,878.91
1792019160000000000,2026-10-14T23:06:00Z,controller 1,2.567,7.774,-14.03,25.43,207.01,0.0,27.79,100.0,3,Starting,1165.04,904.4
1792019220000000000,2026-10-14T23:07:00Z,controller 2,2.675,7.911,104.62,45.89,335.84,0.0,25.54,100.0,2,Starting,1175.92,916.33
1792019280000000000,2026-10-14T23:08:00Z,controller 2,2.633,7.89,16.16,367.49,401.25,0.0,27.27,100.0,3,Starting,1128.12,910.77
1792019340000000000,2026-10-14T23:09:00Z,controller 2,2.675,7.484,174.65,44.44,79.39,0.0,25.86,100.0,3,Starting,1173.66,886.42
1792019400000000000,2026-10-14T23:10:00Z,free response,2.585,8.162,28.45,94.38,439.56,0.0,25.58,100.0,3,Starting,1177.69,898.48
1792019460000000000,2026-10-14T23:11:00Z,controller 1,2.719,8.129,45.43,12.41,270.89,0.0,29.69,100.0,2,Starting,1200.14,897.71
1792019520000000000,2026-10-14T23:12:00Z,controller 2,2.546,7.461,-2.83,56.41,386.7,0.0,24.65,100.0,3,Starting,1167.78,879.84
1792019580000000000,2026-10-14T23:13:00Z,controller 1,2.569,7.386,-18.16,371.5,113.15,0.0,24.42,100.0,3,Starting,1181.51,875.5
1792019640000000000,2026-10-14T23:14:00Z,free response,2.642,7.676,17.24,2.35,22.37,0.0,26.87,83.25,1,Starting,1177.95,871.54
1792019700000000000,2026-10-14T23:15:00Z,controller 2,2.678,7.861,52.2,214.98,515.7,0.0,28.54,100.0,2,Starting,1192.77,844.2
1792019760000000000,2026-10-14T23:16:00Z,controller 2,2.64,7.489,190.27,424.89,462.13,0.0,25.28,100.0,2,Starting,1238.98,847.31
1792019820000000000,2026-10-14T23:17:00Z,controller 2,2.625,7.928,104.91,446.17,328.08,0.0,29.89,100.0,1,Starting,1287.89,840.5
1792019880000000000,2026-10-14T23:18:00Z,free response,2.583,7.659,142.27,43.13,351.43,0.0,23.8,100.0,3,Starting,1306.75,841.57
1792019940000000000,2026-10-14T23:19:00Z,free response,2.546,7.974,16.68,77.91,87.22,0.0,27.19,100.0,2,Starting,1280.14,844.34
1792020000000000000,2026-10-14T23:20:00Z,free response,2.56,7.734,-22.79,231.11,183.68,0.0,23.02,100.0,2,Starting,1260.58,825.51
1792020060000000000,2026-10-14T23:21:00Z,controller 2,2.637,8.157,19.13,64.31,284.85,0.0,29.28,100.0,1,Starting,1213.16,835.64
1792020120000000000,2026-10-14T23:22:00Z,controller 1,2.648,7.641,-29.76,231.77,489.05,0.0,25.34,100.0,2,Starting,1204.11,864.14
1792020180000000000,2026-10-14T23:23:00Z,controller 1,2.662,7.648,153.86,418.31,49.58,0.0,25.79,100.0,1,Starting,1215.31,847.35
1792020240000000000,2026-10-14T23:24:00Z,controller 2,2.56,7.731,176.13,372.5,319.88,0.0,27.22,100.0,1,Starting,1214.03,862.61
1792020300000000000,2026-10-14T23:25:00Z,controller 1,2.549,7.518,66.27,143.21,162.94,0.0,25.48,100.0,1,Starting,1184.53,854.22
1792020360000000000,2026-10-14T23:26:00Z,controller 2,2.611,8.018,102.56,444.94,589.48,0.0,25.84,100.0,2,Starting,1190.05,829.83
1792020420000000000,2026-10-14T23:27:00Z,free response,2.561,8.121,95.39,237.7,531.93,0.0,25.88,100.0,3,Starting,1203.68,806.31
1792020480000000000,2026-10-14T23:28:00Z,free response,2.628,7.694,127.29,197.23,536.24,0.0,29.0,100.0,1,Starting,1232.46,823.6
1792020540000000000,2026-10-14T23:29:00Z,controller 1,2.67,7.669,91.21,381.2,157.15,0.0,24.83,100.0,1,Starting,1190.01,827.38
1792020600000000000,2026-10-14T23:30:00Z,controller 2,1.856,8.986,145.46,247.2,189.6,0.0,14.37,100.0,2,Starting,1203.63,800.75
1792020660000000000,2026-10-14T23:31:00Z,free response,1.898,8.854,-22.11,322.79,539.48,0.0,14.53,100.0,1,Starting,1167.52,823.41
1792020720000000000,2026-10-14T23:32:00Z,free response,1.94,8.612,19.07,290.28,63.12,0.0,16.25,100.0,2,Starting,1160.5,817.78
1792020780000000000,2026-10-14T23:33:00Z,free response,1.858,9.127,42.38,244.91,240.58,0.0,16.43,100.0,1,Starting,1204.46,808.77
1792020840000000000,2026-10-14T23:34:00Z,controller 1,1.906,8.943,148.0,162.7,78.46,0.0,17.73,100.0,3,Starting,1245.56,816.96
1792020900000000000,2026-10-14T23:35:00Z,controller 1,1.929,8.972,4.8,102.28,135.64,0.0,15.88,100.0,2,Starting,1221.16,816.8
1792020960000000000,2026-10-14T23:36:00Z,controller 2,1.868,8.883,18.54,402.87,239.56,0.0,15.29,100.0,2,Starting,1192.62,846.01
1792021020000000000,2026-10-14T23:37:00Z,controller 1,1.941,8.816,83.41,27.64,87.7,0.0,16.65,100.0,2,Starting,1196.62,858.47
1792021080000000000,2026-10-14T23:38:00Z,controller 2,1.982,9.054,120.74,68.88,461.64,0.0,16.59,100.0,3,Starting,1244.98,844.68
1792021140000000000,2026-10-14T23:39:00Z,controller 1,1.986,8.543,127.31,282.03,256.16,0.0,15.94,100.0,2,Starting,1225.61,815.85
1792021200000000000,2026-10-14T23:40:00Z,controller 1,1.99,9.015,68.16,169.93,390.34,0.0,19.01,100.0,1,Starting,1268.92,838.32
1792021260000000000,2026-10-14T23:41:00Z,free response,1.9,8.817,-26.68,406.66,145.36,0.0,16.71,100.0,2,Starting,1261.85,821.67
1792021320000000000,2026-10-14T23:42:00Z,controller 1,2.009,8.803,31.63,211.04,544.92,0.0,18.92,100.0,1,Starting,1218.01,797.95
1792021380000000000,2026-10-14T23:43:00Z,free response,1.966,9.038,59.03,427.31,127.96,0.0,17.51,100.0,1,Starting,1176.07,793.48
1792021440000000000,2026-10-14T23:44:00Z,free response,1.884,8.631,191.5,77.06,105.28,0.0,15.15,100.0,3,Starting,1151.49,817.91
1792021500000000000,2026-10-14T23:45:00Z,controller 1,1.997,8.819,182.4,254.31,428.38,0.0,18.85,100.0,1,Starting,1159.48,835.49
1792021560000000000,2026-10-14T23:46:00Z,controller 1,1.979,8.464,37.51,175.39,75.5,0.0,15.13,100.0,2,Starting,1168.53,848.39
1792021620000000000,2026-10-14T23:47:00Z,free response,1.943,8.416,22.39,375.01,92.48,0.0,17.09,100.0,3,Starting,1132.63,860.93
1792021680000000000,2026-10-14T23:48:00Z,controller 1,1.978,8.456,174.74,90.91,344.41,0.0,16.31,100.0,2,Starting,1137.1,887.44
1792021740000000000,2026-10-14T23:49:00Z,controller 1,1.864,8.94,39.01,271.93,409.41,0.0,15.05,100.0,3,Starting,1182.84,872.57
1792021800000000000,2026-10-14T23:50:00Z,controller 1,1.966,8.538,79.73,160.71,463.23,0.0,17.78,100.0,1,Starting,1223.57,871.87
1792021860000000000,2026-10-14T23:51:00Z,controller 1,1.943,8.822,118.66,434.4,247.02,0.0,17.1,100.0,2,Starting,1232.55,853.34
1792021920000000000,2026-10-14T23:52:00Z,controller 2,2.001,8.456,53.78,70.34,213.03,0.0,15.76,100.0,2,Starting,1263.79,827.23
1792021980000000000,2026-10-14T23:53:00Z,controller 2,1.987,8.787,31.97,121.16,337.64,0.0,18.24,100.0,2,Starting,1294.53,808.28
1792022040000000000,2026-10-14T23:54:00Z,controller 1,1.997,9.139,-25.56,328.56,9.13,0.0,17.71,51.55,2,Starting,1303.19,804.71
1792022100000000000,2026-10-14T23:55:00Z,free response,1.885,8.841,129.45,25.03,478.57,0.0,14.48,100.0,1,Starting,1313.84,803.59
1792022160000000000,2026-10-14T23:56:00Z,controller 1,2.03,8.472,186.65,288.2,362.56,0.0,17.79,100.0,1,Starting,1309.46,814.47
1792022220000000000,2026-10-14T23:57:00Z,free response,1.858,8.788,45.97,46.97,384.59,0.0,13.92,100.0,3,Starting,1300.45,796.31
1792022280000000000,2026-10-14T23:58:00Z,controller 2,1.898,8.98,-13.85,440.78,262.26,0.0,16.09,100.0,3,Starting,1311.53,782.69
1792022340000000000,2026-10-14T23:59:00Z,controller 1,1.902,8.764,76.64,432.62,87.1,0.0,16.08,100.0,1,Starting,1345.66,765.96
